Date,IndexClose,Bond_Yield_10Y,PE,ERP,IndexCode,IndexName,Currency,BondCode
2005-04-08,1000.0,,,,931637,港股通互联网,CNY,CN10Y
2006-03-01,,0.0289999999999999,,,931637,港股通互联网,CNY,CN10Y
2006-03-02,,0.0289999999999999,,,931637,港股通互联网,CNY,CN10Y
2006-03-03,,0.0287,,,931637,港股通互联网,CNY,CN10Y
2006-03-06,,0.0293,,,931637,港股通互联网,CNY,CN10Y
2006-03-07,,0.0289999999999999,,,931637,港股通互联网,CNY,CN10Y
2006-03-08,,0.0288,,,931637,港股通互联网,CNY,CN10Y
2006-03-09,,0.0288,,,931637,港股通互联网,CNY,CN10Y
2006-03-10,,0.0289,,,931637,港股通互联网,CNY,CN10Y
2006-03-13,,0.0289999999999999,,,931637,港股通互联网,CNY,CN10Y
2006-03-14,,0.0289999999999999,,,931637,港股通互联网,CNY,CN10Y
2006-03-15,,0.0291,,,931637,港股通互联网,CNY,CN10Y
2006-03-16,,0.0291,,,931637,港股通互联网,CNY,CN10Y
2006-03-17,,0.0292,,,931637,港股通互联网,CNY,CN10Y
2006-03-20,,0.0293,,,931637,港股通互联网,CNY,CN10Y
2006-03-21,,0.0292,,,931637,港股通互联网,CNY,CN10Y
2006-03-22,,0.0293,,,931637,港股通互联网,CNY,CN10Y
2006-03-23,,0.02912,,,931637,港股通互联网,CNY,CN10Y
2006-03-24,,0.0289999999999999,,,931637,港股通互联网,CNY,CN10Y
2006-03-27,,0.0292,,,931637,港股通互联网,CNY,CN10Y
2006-03-28,,0.0292,,,931637,港股通互联网,CNY,CN10Y
2006-03-29,,0.0294,,,931637,港股通互联网,CNY,CN10Y
2006-03-30,,0.0294,,,931637,港股通互联网,CNY,CN10Y
2006-03-31,,0.0294,,,931637,港股通互联网,CNY,CN10Y
2006-04-03,,0.0292,,,931637,港股通互联网,CNY,CN10Y
2006-04-04,,0.0292,,,931637,港股通互联网,CNY,CN10Y
2006-04-05,,0.0291,,,931637,港股通互联网,CNY,CN10Y
2006-04-06,,0.0294,,,931637,港股通互联网,CNY,CN10Y
2006-04-07,,0.029291,,,931637,港股通互联网,CNY,CN10Y
2006-04-10,,0.0293,,,931637,港股通互联网,CNY,CN10Y
2006-04-11,,0.0297,,,931637,港股通互联网,CNY,CN10Y
2006-04-12,,0.0298,,,931637,港股通互联网,CNY,CN10Y
2006-04-13,,0.029405,,,931637,港股通互联网,CNY,CN10Y
2006-04-14,,0.0295,,,931637,港股通互联网,CNY,CN10Y
2006-04-17,,0.0294,,,931637,港股通互联网,CNY,CN10Y
2006-04-18,,0.0301,,,931637,港股通互联网,CNY,CN10Y
2006-04-19,,0.0301,,,931637,港股通互联网,CNY,CN10Y
2006-04-20,,0.03,,,931637,港股通互联网,CNY,CN10Y
2006-04-21,,0.03048,,,931637,港股通互联网,CNY,CN10Y
2006-04-24,,0.0305,,,931637,港股通互联网,CNY,CN10Y
2006-04-25,,0.0306,,,931637,港股通互联网,CNY,CN10Y
2006-04-26,,0.0305,,,931637,港股通互联网,CNY,CN10Y
2006-04-27,,0.0301,,,931637,港股通互联网,CNY,CN10Y
2006-04-28,,0.0301,,,931637,港股通互联网,CNY,CN10Y
2006-04-29,,0.03,,,931637,港股通互联网,CNY,CN10Y
2006-04-30,,0.03,,,931637,港股通互联网,CNY,CN10Y
2006-05-08,,0.0302,,,931637,港股通互联网,CNY,CN10Y
2006-05-09,,0.03,,,931637,港股通互联网,CNY,CN10Y
2006-05-10,,0.03,,,931637,港股通互联网,CNY,CN10Y
2006-05-11,,0.03,,,931637,港股通互联网,CNY,CN10Y
2006-05-12,,0.0302,,,931637,港股通互联网,CNY,CN10Y
2006-05-15,,0.0302999999999999,,,931637,港股通互联网,CNY,CN10Y
2006-05-16,,0.0302,,,931637,港股通互联网,CNY,CN10Y
2006-05-17,,0.03,,,931637,港股通互联网,CNY,CN10Y
2006-05-18,,0.03,,,931637,港股通互联网,CNY,CN10Y
2006-05-19,,0.0299,,,931637,港股通互联网,CNY,CN10Y
2006-05-22,,0.03,,,931637,港股通互联网,CNY,CN10Y
2006-05-23,,0.0302,,,931637,港股通互联网,CNY,CN10Y
2006-05-24,,0.03,,,931637,港股通互联网,CNY,CN10Y
2006-05-25,,0.03,,,931637,港股通互联网,CNY,CN10Y
2006-05-26,,0.03,,,931637,港股通互联网,CNY,CN10Y
2006-05-29,,0.0302999999999999,,,931637,港股通互联网,CNY,CN10Y
2006-05-30,,0.0302,,,931637,港股通互联网,CNY,CN10Y
2006-05-31,,0.0302,,,931637,港股通互联网,CNY,CN10Y
2006-06-01,,0.0302999999999999,,,931637,港股通互联网,CNY,CN10Y
2006-06-02,,0.0305,,,931637,港股通互联网,CNY,CN10Y
2006-06-05,,0.0302999999999999,,,931637,港股通互联网,CNY,CN10Y
2006-06-06,,0.0302,,,931637,港股通互联网,CNY,CN10Y
2006-06-07,,0.0305,,,931637,港股通互联网,CNY,CN10Y
2006-06-08,,0.0305,,,931637,港股通互联网,CNY,CN10Y
2006-06-09,,0.0302999999999999,,,931637,港股通互联网,CNY,CN10Y
2006-06-12,,0.0305,,,931637,港股通互联网,CNY,CN10Y
2006-06-13,,0.0308,,,931637,港股通互联网,CNY,CN10Y
2006-06-14,,0.0308999999999999,,,931637,港股通互联网,CNY,CN10Y
2006-06-15,,0.031,,,931637,港股通互联网,CNY,CN10Y
2006-06-16,,0.031,,,931637,港股通互联网,CNY,CN10Y
2006-06-19,,0.0312,,,931637,港股通互联网,CNY,CN10Y
2006-06-20,,0.031,,,931637,港股通互联网,CNY,CN10Y
2006-06-21,,0.0315,,,931637,港股通互联网,CNY,CN10Y
2006-06-22,,0.0312,,,931637,港股通互联网,CNY,CN10Y
2006-06-23,,0.0313,,,931637,港股通互联网,CNY,CN10Y
2006-06-26,,0.0315,,,931637,港股通互联网,CNY,CN10Y
2006-06-27,,0.0315,,,931637,港股通互联网,CNY,CN10Y
2006-06-28,,0.0315,,,931637,港股通互联网,CNY,CN10Y
2006-06-29,,0.0315,,,931637,港股通互联网,CNY,CN10Y
2006-06-30,,0.03165,,,931637,港股通互联网,CNY,CN10Y
2006-07-03,,0.03159,,,931637,港股通互联网,CNY,CN10Y
2006-07-04,,0.0315,,,931637,港股通互联网,CNY,CN10Y
2006-07-05,,0.0318,,,931637,港股通互联网,CNY,CN10Y
2006-07-06,,0.03172,,,931637,港股通互联网,CNY,CN10Y
2006-07-07,,0.0318,,,931637,港股通互联网,CNY,CN10Y
2006-07-10,,0.031729,,,931637,港股通互联网,CNY,CN10Y
2006-07-11,,0.0316889999999999,,,931637,港股通互联网,CNY,CN10Y
2006-07-12,,0.032,,,931637,港股通互联网,CNY,CN10Y
2006-07-13,,0.0323,,,931637,港股通互联网,CNY,CN10Y
2006-07-14,,0.03235,,,931637,港股通互联网,CNY,CN10Y
2006-07-17,,0.032,,,931637,港股通互联网,CNY,CN10Y
2006-07-18,,0.032,,,931637,港股通互联网,CNY,CN10Y
2006-07-19,,0.0319,,,931637,港股通互联网,CNY,CN10Y
2006-07-20,,0.032,,,931637,港股通互联网,CNY,CN10Y
2006-07-21,,0.032,,,931637,港股通互联网,CNY,CN10Y
2006-07-24,,0.0325,,,931637,港股通互联网,CNY,CN10Y
2006-07-25,,0.0324,,,931637,港股通互联网,CNY,CN10Y
2006-07-26,,0.0325,,,931637,港股通互联网,CNY,CN10Y
2006-07-27,,0.03275,,,931637,港股通互联网,CNY,CN10Y
2006-07-28,,0.0325,,,931637,港股通互联网,CNY,CN10Y
2006-07-31,,0.0326,,,931637,港股通互联网,CNY,CN10Y
2006-08-01,,0.0325,,,931637,港股通互联网,CNY,CN10Y
2006-08-02,,0.0325,,,931637,港股通互联网,CNY,CN10Y
2006-08-03,,0.0324,,,931637,港股通互联网,CNY,CN10Y
2006-08-04,,0.0325,,,931637,港股通互联网,CNY,CN10Y
2006-08-07,,0.0325,,,931637,港股通互联网,CNY,CN10Y
2006-08-08,,0.0325,,,931637,港股通互联网,CNY,CN10Y
2006-08-09,,0.0326,,,931637,港股通互联网,CNY,CN10Y
2006-08-10,,0.0326,,,931637,港股通互联网,CNY,CN10Y
2006-08-11,,0.0325499999999999,,,931637,港股通互联网,CNY,CN10Y
2006-08-14,,0.03245,,,931637,港股通互联网,CNY,CN10Y
2006-08-15,,0.03245,,,931637,港股通互联网,CNY,CN10Y
2006-08-16,,0.0324,,,931637,港股通互联网,CNY,CN10Y
2006-08-17,,0.0324,,,931637,港股通互联网,CNY,CN10Y
2006-08-18,,0.032,,,931637,港股通互联网,CNY,CN10Y
2006-08-21,,0.0326,,,931637,港股通互联网,CNY,CN10Y
2006-08-22,,0.03254,,,931637,港股通互联网,CNY,CN10Y
2006-08-23,,0.03251,,,931637,港股通互联网,CNY,CN10Y
2006-08-24,,0.03248,,,931637,港股通互联网,CNY,CN10Y
2006-08-25,,0.032389,,,931637,港股通互联网,CNY,CN10Y
2006-08-28,,0.03256,,,931637,港股通互联网,CNY,CN10Y
2006-08-29,,0.0325,,,931637,港股通互联网,CNY,CN10Y
2006-08-30,,0.0324,,,931637,港股通互联网,CNY,CN10Y
2006-08-31,,0.03238,,,931637,港股通互联网,CNY,CN10Y
2006-09-01,,0.0323,,,931637,港股通互联网,CNY,CN10Y
2006-09-04,,0.0323,,,931637,港股通互联网,CNY,CN10Y
2006-09-05,,0.03225,,,931637,港股通互联网,CNY,CN10Y
2006-09-06,,0.0321,,,931637,港股通互联网,CNY,CN10Y
2006-09-07,,0.03201,,,931637,港股通互联网,CNY,CN10Y
2006-09-08,,0.032,,,931637,港股通互联网,CNY,CN10Y
2006-09-11,,0.032,,,931637,港股通互联网,CNY,CN10Y
2006-09-12,,0.0318,,,931637,港股通互联网,CNY,CN10Y
2006-09-13,,0.0318,,,931637,港股通互联网,CNY,CN10Y
2006-09-14,,0.03172,,,931637,港股通互联网,CNY,CN10Y
2006-09-15,,0.0317,,,931637,港股通互联网,CNY,CN10Y
2006-09-18,,0.0315499999999999,,,931637,港股通互联网,CNY,CN10Y
2006-09-19,,0.0315,,,931637,港股通互联网,CNY,CN10Y
2006-09-20,,0.0313,,,931637,港股通互联网,CNY,CN10Y
2006-09-21,,0.0311,,,931637,港股通互联网,CNY,CN10Y
2006-09-22,,0.0305,,,931637,港股通互联网,CNY,CN10Y
2006-09-25,,0.03,,,931637,港股通互联网,CNY,CN10Y
2006-09-26,,0.03,,,931637,港股通互联网,CNY,CN10Y
2006-09-27,,0.03,,,931637,港股通互联网,CNY,CN10Y
2006-09-28,,0.03,,,931637,港股通互联网,CNY,CN10Y
2006-09-29,,0.03,,,931637,港股通互联网,CNY,CN10Y
2006-09-30,,0.02999,,,931637,港股通互联网,CNY,CN10Y
2006-10-08,,0.03,,,931637,港股通互联网,CNY,CN10Y
2006-10-09,,0.03,,,931637,港股通互联网,CNY,CN10Y
2006-10-10,,0.0299,,,931637,港股通互联网,CNY,CN10Y
2006-10-11,,0.0297,,,931637,港股通互联网,CNY,CN10Y
2006-10-12,,0.029552,,,931637,港股通互联网,CNY,CN10Y
2006-10-13,,0.0295409999999999,,,931637,港股通互联网,CNY,CN10Y
2006-10-16,,0.029567,,,931637,港股通互联网,CNY,CN10Y
2006-10-17,,0.029533,,,931637,港股通互联网,CNY,CN10Y
2006-10-18,,0.029535,,,931637,港股通互联网,CNY,CN10Y
2006-10-19,,0.02954,,,931637,港股通互联网,CNY,CN10Y
2006-10-20,,0.029523,,,931637,港股通互联网,CNY,CN10Y
2006-10-23,,0.0294919999999999,,,931637,港股通互联网,CNY,CN10Y
2006-10-24,,0.0293849999999999,,,931637,港股通互联网,CNY,CN10Y
2006-10-25,,0.029498,,,931637,港股通互联网,CNY,CN10Y
2006-10-26,,0.0293739999999999,,,931637,港股通互联网,CNY,CN10Y
2006-10-27,,0.029397,,,931637,港股通互联网,CNY,CN10Y
2006-10-30,,0.0294059999999999,,,931637,港股通互联网,CNY,CN10Y
2006-10-31,,0.029512,,,931637,港股通互联网,CNY,CN10Y
2006-11-01,,0.029545,,,931637,港股通互联网,CNY,CN10Y
2006-11-02,,0.029557,,,931637,港股通互联网,CNY,CN10Y
2006-11-03,,0.029561,,,931637,港股通互联网,CNY,CN10Y
2006-11-06,,0.029844,,,931637,港股通互联网,CNY,CN10Y
2006-11-07,,0.02989,,,931637,港股通互联网,CNY,CN10Y
2006-11-08,,0.029781,,,931637,港股通互联网,CNY,CN10Y
2006-11-09,,0.02972,,,931637,港股通互联网,CNY,CN10Y
2006-11-10,,0.0295949999999999,,,931637,港股通互联网,CNY,CN10Y
2006-11-13,,0.029494,,,931637,港股通互联网,CNY,CN10Y
2006-11-14,,0.029682,,,931637,港股通互联网,CNY,CN10Y
2006-11-15,,0.029688,,,931637,港股通互联网,CNY,CN10Y
2006-11-16,,0.029725,,,931637,港股通互联网,CNY,CN10Y
2006-11-17,,0.029632,,,931637,港股通互联网,CNY,CN10Y
2006-11-20,,0.029806,,,931637,港股通互联网,CNY,CN10Y
2006-11-21,,0.029785,,,931637,港股通互联网,CNY,CN10Y
2006-11-22,,0.030518,,,931637,港股通互联网,CNY,CN10Y
2006-11-23,,0.030609,,,931637,港股通互联网,CNY,CN10Y
2006-11-24,,0.030655,,,931637,港股通互联网,CNY,CN10Y
2006-11-27,,0.0302,,,931637,港股通互联网,CNY,CN10Y
2006-11-28,,0.029886,,,931637,港股通互联网,CNY,CN10Y
2006-11-29,,0.029811,,,931637,港股通互联网,CNY,CN10Y
2006-11-30,,0.029781,,,931637,港股通互联网,CNY,CN10Y
2006-12-01,,0.0299359999999999,,,931637,港股通互联网,CNY,CN10Y
2006-12-04,,0.029895,,,931637,港股通互联网,CNY,CN10Y
2006-12-05,,0.029912,,,931637,港股通互联网,CNY,CN10Y
2006-12-06,,0.029851,,,931637,港股通互联网,CNY,CN10Y
2006-12-07,,0.0299469999999999,,,931637,港股通互联网,CNY,CN10Y
2006-12-08,,0.030351,,,931637,港股通互联网,CNY,CN10Y
2006-12-11,,0.030527,,,931637,港股通互联网,CNY,CN10Y
2006-12-12,,0.030393,,,931637,港股通互联网,CNY,CN10Y
2006-12-13,,0.030461,,,931637,港股通互联网,CNY,CN10Y
2006-12-14,,0.030335,,,931637,港股通互联网,CNY,CN10Y
2006-12-15,,0.030402,,,931637,港股通互联网,CNY,CN10Y
2006-12-18,,0.030307,,,931637,港股通互联网,CNY,CN10Y
2006-12-19,,0.030232,,,931637,港股通互联网,CNY,CN10Y
2006-12-20,,0.030267,,,931637,港股通互联网,CNY,CN10Y
2006-12-21,,0.0301989999999999,,,931637,港股通互联网,CNY,CN10Y
2006-12-22,,0.030364,,,931637,港股通互联网,CNY,CN10Y
2006-12-25,,0.030408,,,931637,港股通互联网,CNY,CN10Y
2006-12-26,,0.030419,,,931637,港股通互联网,CNY,CN10Y
2006-12-27,,0.030408,,,931637,港股通互联网,CNY,CN10Y
2006-12-28,,0.03026,,,931637,港股通互联网,CNY,CN10Y
2006-12-29,,0.030202,,,931637,港股通互联网,CNY,CN10Y
2006-12-30,,0.0302039999999999,,,931637,港股通互联网,CNY,CN10Y
2006-12-31,,0.030269,,,931637,港股通互联网,CNY,CN10Y
2007-01-04,,0.030239,,,931637,港股通互联网,CNY,CN10Y
2007-01-05,,0.030211,,,931637,港股通互联网,CNY,CN10Y
2007-01-08,,0.030356,,,931637,港股通互联网,CNY,CN10Y
2007-01-09,,0.0302309999999999,,,931637,港股通互联网,CNY,CN10Y
2007-01-10,,0.030102,,,931637,港股通互联网,CNY,CN10Y
2007-01-11,,0.030047,,,931637,港股通互联网,CNY,CN10Y
2007-01-12,,0.030202,,,931637,港股通互联网,CNY,CN10Y
2007-01-15,,0.030167,,,931637,港股通互联网,CNY,CN10Y
2007-01-16,,0.030175,,,931637,港股通互联网,CNY,CN10Y
2007-01-17,,0.0301759999999999,,,931637,港股通互联网,CNY,CN10Y
2007-01-18,,0.0302729999999999,,,931637,港股通互联网,CNY,CN10Y
2007-01-19,,0.03032,,,931637,港股通互联网,CNY,CN10Y
2007-01-22,,0.030277,,,931637,港股通互联网,CNY,CN10Y
2007-01-23,,0.030373,,,931637,港股通互联网,CNY,CN10Y
2007-01-24,,0.030267,,,931637,港股通互联网,CNY,CN10Y
2007-01-25,,0.03032,,,931637,港股通互联网,CNY,CN10Y
2007-01-26,,0.0303739999999999,,,931637,港股通互联网,CNY,CN10Y
2007-01-29,,0.030427,,,931637,港股通互联网,CNY,CN10Y
2007-01-30,,0.030559,,,931637,港股通互联网,CNY,CN10Y
2007-01-31,,0.030671,,,931637,港股通互联网,CNY,CN10Y
2007-02-01,,0.030676,,,931637,港股通互联网,CNY,CN10Y
2007-02-02,,0.030598,,,931637,港股通互联网,CNY,CN10Y
2007-02-05,,0.0307649999999999,,,931637,港股通互联网,CNY,CN10Y
2007-02-06,,0.030705,,,931637,港股通互联网,CNY,CN10Y
2007-02-07,,0.030704,,,931637,港股通互联网,CNY,CN10Y
2007-02-08,,0.0308139999999999,,,931637,港股通互联网,CNY,CN10Y
2007-02-09,,0.031171,,,931637,港股通互联网,CNY,CN10Y
2007-02-12,,0.031355,,,931637,港股通互联网,CNY,CN10Y
2007-02-13,,0.031367,,,931637,港股通互联网,CNY,CN10Y
2007-02-14,,0.03137,,,931637,港股通互联网,CNY,CN10Y
2007-02-15,,0.031365,,,931637,港股通互联网,CNY,CN10Y
2007-02-16,,0.031361,,,931637,港股通互联网,CNY,CN10Y
2007-02-17,,0.0311,,,931637,港股通互联网,CNY,CN10Y
2007-02-25,,0.0311,,,931637,港股通互联网,CNY,CN10Y
2007-02-26,,0.0312,,,931637,港股通互联网,CNY,CN10Y
2007-02-27,,0.0314679999999999,,,931637,港股通互联网,CNY,CN10Y
2007-02-28,,0.031466,,,931637,港股通互联网,CNY,CN10Y
2007-03-01,,0.031553,,,931637,港股通互联网,CNY,CN10Y
2007-03-02,,0.0316829999999999,,,931637,港股通互联网,CNY,CN10Y
2007-03-05,,0.031726,,,931637,港股通互联网,CNY,CN10Y
2007-03-06,,0.03179,,,931637,港股通互联网,CNY,CN10Y
2007-03-07,,0.0319,,,931637,港股通互联网,CNY,CN10Y
2007-03-08,,0.032192,,,931637,港股通互联网,CNY,CN10Y
2007-03-09,,0.03223,,,931637,港股通互联网,CNY,CN10Y
2007-03-12,,0.032278,,,931637,港股通互联网,CNY,CN10Y
2007-03-13,,0.0320509999999999,,,931637,港股通互联网,CNY,CN10Y
2007-03-14,,0.032332,,,931637,港股通互联网,CNY,CN10Y
2007-03-15,,0.0328759999999999,,,931637,港股通互联网,CNY,CN10Y
2007-03-16,,0.0330419999999999,,,931637,港股通互联网,CNY,CN10Y
2007-03-19,,0.03337,,,931637,港股通互联网,CNY,CN10Y
2007-03-20,,0.0336,,,931637,港股通互联网,CNY,CN10Y
2007-03-21,,0.034,,,931637,港股通互联网,CNY,CN10Y
2007-03-22,,0.03395,,,931637,港股通互联网,CNY,CN10Y
2007-03-23,,0.034235,,,931637,港股通互联网,CNY,CN10Y
2007-03-26,,0.0342,,,931637,港股通互联网,CNY,CN10Y
2007-03-27,,0.0342,,,931637,港股通互联网,CNY,CN10Y
2007-03-28,,0.034245,,,931637,港股通互联网,CNY,CN10Y
2007-03-29,,0.034386,,,931637,港股通互联网,CNY,CN10Y
2007-03-30,,0.034338,,,931637,港股通互联网,CNY,CN10Y
2007-04-02,,0.0343,,,931637,港股通互联网,CNY,CN10Y
2007-04-03,,0.034277,,,931637,港股通互联网,CNY,CN10Y
2007-04-04,,0.0344,,,931637,港股通互联网,CNY,CN10Y
2007-04-05,,0.034441,,,931637,港股通互联网,CNY,CN10Y
2007-04-06,,0.034615,,,931637,港股通互联网,CNY,CN10Y
2007-04-09,,0.03488,,,931637,港股通互联网,CNY,CN10Y
2007-04-10,,0.034829,,,931637,港股通互联网,CNY,CN10Y
2007-04-11,,0.0349299999999999,,,931637,港股通互联网,CNY,CN10Y
2007-04-12,,0.0349359999999999,,,931637,港股通互联网,CNY,CN10Y
2007-04-13,,0.035202,,,931637,港股通互联网,CNY,CN10Y
2007-04-16,,0.035327,,,931637,港股通互联网,CNY,CN10Y
2007-04-17,,0.035391,,,931637,港股通互联网,CNY,CN10Y
2007-04-18,,0.0356,,,931637,港股通互联网,CNY,CN10Y
2007-04-19,,0.0356999999999999,,,931637,港股通互联网,CNY,CN10Y
2007-04-20,,0.0358,,,931637,港股通互联网,CNY,CN10Y
2007-04-23,,0.0359,,,931637,港股通互联网,CNY,CN10Y
2007-04-24,,0.036139,,,931637,港股通互联网,CNY,CN10Y
2007-04-25,,0.036349,,,931637,港股通互联网,CNY,CN10Y
2007-04-26,,0.035931,,,931637,港股通互联网,CNY,CN10Y
2007-04-27,,0.035914,,,931637,港股通互联网,CNY,CN10Y
2007-04-28,,0.035883,,,931637,港股通互联网,CNY,CN10Y
2007-04-29,,0.0358,,,931637,港股通互联网,CNY,CN10Y
2007-04-30,,0.035916,,,931637,港股通互联网,CNY,CN10Y
2007-05-08,,0.035933,,,931637,港股通互联网,CNY,CN10Y
2007-05-09,,0.035906,,,931637,港股通互联网,CNY,CN10Y
2007-05-10,,0.0363,,,931637,港股通互联网,CNY,CN10Y
2007-05-11,,0.0368,,,931637,港股通互联网,CNY,CN10Y
2007-05-14,,0.037,,,931637,港股通互联网,CNY,CN10Y
2007-05-15,,0.037992,,,931637,港股通互联网,CNY,CN10Y
2007-05-16,,0.0383,,,931637,港股通互联网,CNY,CN10Y
2007-05-17,,0.0383,,,931637,港股通互联网,CNY,CN10Y
2007-05-18,,0.0383,,,931637,港股通互联网,CNY,CN10Y
2007-05-21,,0.03966,,,931637,港股通互联网,CNY,CN10Y
2007-05-22,,0.0405,,,931637,港股通互联网,CNY,CN10Y
2007-05-23,,0.04064,,,931637,港股通互联网,CNY,CN10Y
2007-05-24,,0.0403,,,931637,港股通互联网,CNY,CN10Y
2007-05-25,,0.0405,,,931637,港股通互联网,CNY,CN10Y
2007-05-28,,0.0407,,,931637,港股通互联网,CNY,CN10Y
2007-05-29,,0.0408,,,931637,港股通互联网,CNY,CN10Y
2007-05-30,,0.0407,,,931637,港股通互联网,CNY,CN10Y
2007-05-31,,0.0406,,,931637,港股通互联网,CNY,CN10Y
2007-06-01,,0.0408,,,931637,港股通互联网,CNY,CN10Y
2007-06-04,,0.041393,,,931637,港股通互联网,CNY,CN10Y
2007-06-05,,0.041309,,,931637,港股通互联网,CNY,CN10Y
2007-06-06,,0.041442,,,931637,港股通互联网,CNY,CN10Y
2007-06-07,,0.041427,,,931637,港股通互联网,CNY,CN10Y
2007-06-08,,0.041624,,,931637,港股通互联网,CNY,CN10Y
2007-06-11,,0.0413759999999999,,,931637,港股通互联网,CNY,CN10Y
2007-06-12,,0.042199,,,931637,港股通互联网,CNY,CN10Y
2007-06-13,,0.04232,,,931637,港股通互联网,CNY,CN10Y
2007-06-14,,0.042669,,,931637,港股通互联网,CNY,CN10Y
2007-06-15,,0.043483,,,931637,港股通互联网,CNY,CN10Y
2007-06-18,,0.043496,,,931637,港股通互联网,CNY,CN10Y
2007-06-19,,0.0439689999999999,,,931637,港股通互联网,CNY,CN10Y
2007-06-20,,0.044408,,,931637,港股通互联网,CNY,CN10Y
2007-06-21,,0.0447,,,931637,港股通互联网,CNY,CN10Y
2007-06-22,,0.0444,,,931637,港股通互联网,CNY,CN10Y
2007-06-25,,0.0441999999999999,,,931637,港股通互联网,CNY,CN10Y
2007-06-26,,0.044,,,931637,港股通互联网,CNY,CN10Y
2007-06-27,,0.043985,,,931637,港股通互联网,CNY,CN10Y
2007-06-28,,0.044538,,,931637,港股通互联网,CNY,CN10Y
2007-06-29,,0.0445,,,931637,港股通互联网,CNY,CN10Y
2007-07-02,,0.0445,,,931637,港股通互联网,CNY,CN10Y
2007-07-03,,0.044726,,,931637,港股通互联网,CNY,CN10Y
2007-07-04,,0.044745,,,931637,港股通互联网,CNY,CN10Y
2007-07-05,,0.04475,,,931637,港股通互联网,CNY,CN10Y
2007-07-06,,0.044261,,,931637,港股通互联网,CNY,CN10Y
2007-07-09,,0.044172,,,931637,港股通互联网,CNY,CN10Y
2007-07-10,,0.044896,,,931637,港股通互联网,CNY,CN10Y
2007-07-11,,0.0447729999999999,,,931637,港股通互联网,CNY,CN10Y
2007-07-12,,0.044777,,,931637,港股通互联网,CNY,CN10Y
2007-07-13,,0.044634,,,931637,港股通互联网,CNY,CN10Y
2007-07-16,,0.0445399999999999,,,931637,港股通互联网,CNY,CN10Y
2007-07-17,,0.044542,,,931637,港股通互联网,CNY,CN10Y
2007-07-18,,0.0445469999999999,,,931637,港股通互联网,CNY,CN10Y
2007-07-19,,0.04455,,,931637,港股通互联网,CNY,CN10Y
2007-07-20,,0.044551,,,931637,港股通互联网,CNY,CN10Y
2007-07-23,,0.04477,,,931637,港股通互联网,CNY,CN10Y
2007-07-24,,0.0446509999999999,,,931637,港股通互联网,CNY,CN10Y
2007-07-25,,0.0433,,,931637,港股通互联网,CNY,CN10Y
2007-07-26,,0.043086,,,931637,港股通互联网,CNY,CN10Y
2007-07-27,,0.043399,,,931637,港股通互联网,CNY,CN10Y
2007-07-30,,0.042848,,,931637,港股通互联网,CNY,CN10Y
2007-07-31,,0.0434009999999999,,,931637,港股通互联网,CNY,CN10Y
2007-08-01,,0.042857,,,931637,港股通互联网,CNY,CN10Y
2007-08-02,,0.042594,,,931637,港股通互联网,CNY,CN10Y
2007-08-03,,0.042855,,,931637,港股通互联网,CNY,CN10Y
2007-08-06,,0.043861,,,931637,港股通互联网,CNY,CN10Y
2007-08-07,,0.043775,,,931637,港股通互联网,CNY,CN10Y
2007-08-08,,0.043166,,,931637,港股通互联网,CNY,CN10Y
2007-08-09,,0.043178,,,931637,港股通互联网,CNY,CN10Y
2007-08-10,,0.043378,,,931637,港股通互联网,CNY,CN10Y
2007-08-13,,0.04357,,,931637,港股通互联网,CNY,CN10Y
2007-08-14,,0.0435679999999999,,,931637,港股通互联网,CNY,CN10Y
2007-08-15,,0.0435409999999999,,,931637,港股通互联网,CNY,CN10Y
2007-08-16,,0.043529,,,931637,港股通互联网,CNY,CN10Y
2007-08-17,,0.043038,,,931637,港股通互联网,CNY,CN10Y
2007-08-20,,0.042636,,,931637,港股通互联网,CNY,CN10Y
2007-08-21,,0.042445,,,931637,港股通互联网,CNY,CN10Y
2007-08-22,,0.04227,,,931637,港股通互联网,CNY,CN10Y
2007-08-23,,0.042064,,,931637,港股通互联网,CNY,CN10Y
2007-08-24,,0.042164,,,931637,港股通互联网,CNY,CN10Y
2007-08-27,,0.04136,,,931637,港股通互联网,CNY,CN10Y
2007-08-28,,0.042049,,,931637,港股通互联网,CNY,CN10Y
2007-08-29,,0.042766,,,931637,港股通互联网,CNY,CN10Y
2007-08-30,,0.042739,,,931637,港股通互联网,CNY,CN10Y
2007-08-31,,0.042743,,,931637,港股通互联网,CNY,CN10Y
2007-09-03,,0.04235,,,931637,港股通互联网,CNY,CN10Y
2007-09-04,,0.042328,,,931637,港股通互联网,CNY,CN10Y
2007-09-05,,0.04244,,,931637,港股通互联网,CNY,CN10Y
2007-09-06,,0.0426769999999999,,,931637,港股通互联网,CNY,CN10Y
2007-09-07,,0.042872,,,931637,港股通互联网,CNY,CN10Y
2007-09-10,,0.042946,,,931637,港股通互联网,CNY,CN10Y
2007-09-11,,0.043615,,,931637,港股通互联网,CNY,CN10Y
2007-09-12,,0.043788,,,931637,港股通互联网,CNY,CN10Y
2007-09-13,,0.043892,,,931637,港股通互联网,CNY,CN10Y
2007-09-14,,0.044893,,,931637,港股通互联网,CNY,CN10Y
2007-09-17,,0.0454209999999999,,,931637,港股通互联网,CNY,CN10Y
2007-09-18,,0.045436,,,931637,港股通互联网,CNY,CN10Y
2007-09-19,,0.0454739999999999,,,931637,港股通互联网,CNY,CN10Y
2007-09-20,,0.045477,,,931637,港股通互联网,CNY,CN10Y
2007-09-21,,0.04495,,,931637,港股通互联网,CNY,CN10Y
2007-09-24,,0.04493,,,931637,港股通互联网,CNY,CN10Y
2007-09-25,,0.044859,,,931637,港股通互联网,CNY,CN10Y
2007-09-26,,0.04445,,,931637,港股通互联网,CNY,CN10Y
2007-09-27,,0.0441999999999999,,,931637,港股通互联网,CNY,CN10Y
2007-09-28,,0.0438999999999999,,,931637,港股通互联网,CNY,CN10Y
2007-09-29,,0.04396,,,931637,港股通互联网,CNY,CN10Y
2007-09-30,,0.043877,,,931637,港股通互联网,CNY,CN10Y
2007-10-08,,0.0436639999999999,,,931637,港股通互联网,CNY,CN10Y
2007-10-09,,0.0437,,,931637,港股通互联网,CNY,CN10Y
2007-10-10,,0.043737,,,931637,港股通互联网,CNY,CN10Y
2007-10-11,,0.043732,,,931637,港股通互联网,CNY,CN10Y
2007-10-12,,0.043723,,,931637,港股通互联网,CNY,CN10Y
2007-10-15,,0.043746,,,931637,港股通互联网,CNY,CN10Y
2007-10-16,,0.043743,,,931637,港股通互联网,CNY,CN10Y
2007-10-17,,0.0445,,,931637,港股通互联网,CNY,CN10Y
2007-10-18,,0.0446,,,931637,港股通互联网,CNY,CN10Y
2007-10-19,,0.0447,,,931637,港股通互联网,CNY,CN10Y
2007-10-22,,0.0448,,,931637,港股通互联网,CNY,CN10Y
2007-10-23,,0.04485,,,931637,港股通互联网,CNY,CN10Y
2007-10-24,,0.04485,,,931637,港股通互联网,CNY,CN10Y
2007-10-25,,0.04485,,,931637,港股通互联网,CNY,CN10Y
2007-10-26,,0.04485,,,931637,港股通互联网,CNY,CN10Y
2007-10-29,,0.0448,,,931637,港股通互联网,CNY,CN10Y
2007-10-30,,0.04484,,,931637,港股通互联网,CNY,CN10Y
2007-10-31,,0.044937,,,931637,港股通互联网,CNY,CN10Y
2007-11-01,,0.045,,,931637,港股通互联网,CNY,CN10Y
2007-11-02,,0.045,,,931637,港股通互联网,CNY,CN10Y
2007-11-05,,0.045263,,,931637,港股通互联网,CNY,CN10Y
2007-11-06,,0.045248,,,931637,港股通互联网,CNY,CN10Y
2007-11-07,,0.045441,,,931637,港股通互联网,CNY,CN10Y
2007-11-08,,0.045441,,,931637,港股通互联网,CNY,CN10Y
2007-11-09,,0.045743,,,931637,港股通互联网,CNY,CN10Y
2007-11-12,,0.0458629999999999,,,931637,港股通互联网,CNY,CN10Y
2007-11-13,,0.045861,,,931637,港股通互联网,CNY,CN10Y
2007-11-14,,0.045922,,,931637,港股通互联网,CNY,CN10Y
2007-11-15,,0.045973,,,931637,港股通互联网,CNY,CN10Y
2007-11-16,,0.045974,,,931637,港股通互联网,CNY,CN10Y
2007-11-19,,0.045822,,,931637,港股通互联网,CNY,CN10Y
2007-11-20,,0.045569,,,931637,港股通互联网,CNY,CN10Y
2007-11-21,,0.04545,,,931637,港股通互联网,CNY,CN10Y
2007-11-22,,0.0455,,,931637,港股通互联网,CNY,CN10Y
2007-11-23,,0.0454,,,931637,港股通互联网,CNY,CN10Y
2007-11-26,,0.04535,,,931637,港股通互联网,CNY,CN10Y
2007-11-27,,0.045247,,,931637,港股通互联网,CNY,CN10Y
2007-11-28,,0.045089,,,931637,港股通互联网,CNY,CN10Y
2007-11-29,,0.045084,,,931637,港股通互联网,CNY,CN10Y
2007-11-30,,0.045086,,,931637,港股通互联网,CNY,CN10Y
2007-12-03,,0.045085,,,931637,港股通互联网,CNY,CN10Y
2007-12-04,,0.045085,,,931637,港股通互联网,CNY,CN10Y
2007-12-05,,0.045096,,,931637,港股通互联网,CNY,CN10Y
2007-12-06,,0.045038,,,931637,港股通互联网,CNY,CN10Y
2007-12-07,,0.045043,,,931637,港股通互联网,CNY,CN10Y
2007-12-10,,0.044996,,,931637,港股通互联网,CNY,CN10Y
2007-12-11,,0.0451159999999999,,,931637,港股通互联网,CNY,CN10Y
2007-12-12,,0.045118,,,931637,港股通互联网,CNY,CN10Y
2007-12-13,,0.045067,,,931637,港股通互联网,CNY,CN10Y
2007-12-14,,0.044251,,,931637,港股通互联网,CNY,CN10Y
2007-12-17,,0.044282,,,931637,港股通互联网,CNY,CN10Y
2007-12-18,,0.044279,,,931637,港股通互联网,CNY,CN10Y
2007-12-19,,0.04428,,,931637,港股通互联网,CNY,CN10Y
2007-12-20,,0.044282,,,931637,港股通互联网,CNY,CN10Y
2007-12-21,,0.044526,,,931637,港股通互联网,CNY,CN10Y
2007-12-24,,0.044517,,,931637,港股通互联网,CNY,CN10Y
2007-12-25,,0.044528,,,931637,港股通互联网,CNY,CN10Y
2007-12-26,,0.044541,,,931637,港股通互联网,CNY,CN10Y
2007-12-27,,0.044005,,,931637,港股通互联网,CNY,CN10Y
2007-12-28,,0.044357,,,931637,港股通互联网,CNY,CN10Y
2007-12-29,,0.044253,,,931637,港股通互联网,CNY,CN10Y
2008-01-02,,0.044363,,,931637,港股通互联网,CNY,CN10Y
2008-01-03,,0.044263,,,931637,港股通互联网,CNY,CN10Y
2008-01-04,,0.044013,,,931637,港股通互联网,CNY,CN10Y
2008-01-07,,0.043948,,,931637,港股通互联网,CNY,CN10Y
2008-01-08,,0.044024,,,931637,港股通互联网,CNY,CN10Y
2008-01-09,,0.044022,,,931637,港股通互联网,CNY,CN10Y
2008-01-10,,0.0440669999999999,,,931637,港股通互联网,CNY,CN10Y
2008-01-11,,0.043893,,,931637,港股通互联网,CNY,CN10Y
2008-01-14,,0.04402,,,931637,港股通互联网,CNY,CN10Y
2008-01-15,,0.044022,,,931637,港股通互联网,CNY,CN10Y
2008-01-16,,0.044028,,,931637,港股通互联网,CNY,CN10Y
2008-01-17,,0.043978,,,931637,港股通互联网,CNY,CN10Y
2008-01-18,,0.0440299999999999,,,931637,港股通互联网,CNY,CN10Y
2008-01-21,,0.0437769999999999,,,931637,港股通互联网,CNY,CN10Y
2008-01-22,,0.0436789999999999,,,931637,港股通互联网,CNY,CN10Y
2008-01-23,,0.042883,,,931637,港股通互联网,CNY,CN10Y
2008-01-24,,0.042433,,,931637,港股通互联网,CNY,CN10Y
2008-01-25,,0.04244,,,931637,港股通互联网,CNY,CN10Y
2008-01-28,,0.042226,,,931637,港股通互联网,CNY,CN10Y
2008-01-29,,0.042539,,,931637,港股通互联网,CNY,CN10Y
2008-01-30,,0.042502,,,931637,港股通互联网,CNY,CN10Y
2008-01-31,,0.0419369999999999,,,931637,港股通互联网,CNY,CN10Y
2008-02-01,,0.041308,,,931637,港股通互联网,CNY,CN10Y
2008-02-02,,0.041307,,,931637,港股通互联网,CNY,CN10Y
2008-02-03,,0.041309,,,931637,港股通互联网,CNY,CN10Y
2008-02-04,,0.041311,,,931637,港股通互联网,CNY,CN10Y
2008-02-05,,0.041458,,,931637,港股通互联网,CNY,CN10Y
2008-02-13,,0.041559,,,931637,港股通互联网,CNY,CN10Y
2008-02-14,,0.041561,,,931637,港股通互联网,CNY,CN10Y
2008-02-15,,0.041791,,,931637,港股通互联网,CNY,CN10Y
2008-02-18,,0.041924,,,931637,港股通互联网,CNY,CN10Y
2008-02-19,,0.042176,,,931637,港股通互联网,CNY,CN10Y
2008-02-20,,0.041744,,,931637,港股通互联网,CNY,CN10Y
2008-02-21,,0.041818,,,931637,港股通互联网,CNY,CN10Y
2008-02-22,,0.0416,,,931637,港股通互联网,CNY,CN10Y
2008-02-25,,0.041439,,,931637,港股通互联网,CNY,CN10Y
2008-02-26,,0.041413,,,931637,港股通互联网,CNY,CN10Y
2008-02-27,,0.041436,,,931637,港股通互联网,CNY,CN10Y
2008-02-28,,0.041283,,,931637,港股通互联网,CNY,CN10Y
2008-02-29,,0.041283,,,931637,港股通互联网,CNY,CN10Y
2008-03-03,,0.0412849999999999,,,931637,港股通互联网,CNY,CN10Y
2008-03-04,,0.041521,,,931637,港股通互联网,CNY,CN10Y
2008-03-05,,0.041635,,,931637,港股通互联网,CNY,CN10Y
2008-03-06,,0.041768,,,931637,港股通互联网,CNY,CN10Y
2008-03-07,,0.04176,,,931637,港股通互联网,CNY,CN10Y
2008-03-10,,0.041768,,,931637,港股通互联网,CNY,CN10Y
2008-03-11,,0.041953,,,931637,港股通互联网,CNY,CN10Y
2008-03-12,,0.041954,,,931637,港股通互联网,CNY,CN10Y
2008-03-13,,0.0417,,,931637,港股通互联网,CNY,CN10Y
2008-03-14,,0.0415,,,931637,港股通互联网,CNY,CN10Y
2008-03-17,,0.0412479999999999,,,931637,港股通互联网,CNY,CN10Y
2008-03-18,,0.041151,,,931637,港股通互联网,CNY,CN10Y
2008-03-19,,0.04075,,,931637,港股通互联网,CNY,CN10Y
2008-03-20,,0.0408,,,931637,港股通互联网,CNY,CN10Y
2008-03-21,,0.0408,,,931637,港股通互联网,CNY,CN10Y
2008-03-24,,0.04077,,,931637,港股通互联网,CNY,CN10Y
2008-03-25,,0.040511,,,931637,港股通互联网,CNY,CN10Y
2008-03-26,,0.040404,,,931637,港股通互联网,CNY,CN10Y
2008-03-27,,0.040008,,,931637,港股通互联网,CNY,CN10Y
2008-03-28,,0.040116,,,931637,港股通互联网,CNY,CN10Y
2008-03-31,,0.04046,,,931637,港股通互联网,CNY,CN10Y
2008-04-01,,0.040563,,,931637,港股通互联网,CNY,CN10Y
2008-04-02,,0.040517,,,931637,港股通互联网,CNY,CN10Y
2008-04-03,,0.040444,,,931637,港股通互联网,CNY,CN10Y
2008-04-07,,0.04045,,,931637,港股通互联网,CNY,CN10Y
2008-04-08,,0.0404509999999999,,,931637,港股通互联网,CNY,CN10Y
2008-04-09,,0.0404509999999999,,,931637,港股通互联网,CNY,CN10Y
2008-04-10,,0.0404049999999999,,,931637,港股通互联网,CNY,CN10Y
2008-04-11,,0.040457,,,931637,港股通互联网,CNY,CN10Y
2008-04-14,,0.040436,,,931637,港股通互联网,CNY,CN10Y
2008-04-15,,0.040244,,,931637,港股通互联网,CNY,CN10Y
2008-04-16,,0.040184,,,931637,港股通互联网,CNY,CN10Y
2008-04-17,,0.040185,,,931637,港股通互联网,CNY,CN10Y
2008-04-18,,0.0400849999999999,,,931637,港股通互联网,CNY,CN10Y
2008-04-21,,0.040087,,,931637,港股通互联网,CNY,CN10Y
2008-04-22,,0.04009,,,931637,港股通互联网,CNY,CN10Y
2008-04-23,,0.040244,,,931637,港股通互联网,CNY,CN10Y
2008-04-24,,0.040601,,,931637,港股通互联网,CNY,CN10Y
2008-04-25,,0.040654,,,931637,港股通互联网,CNY,CN10Y
2008-04-28,,0.040707,,,931637,港股通互联网,CNY,CN10Y
2008-04-29,,0.040736,,,931637,港股通互联网,CNY,CN10Y
2008-04-30,,0.040725,,,931637,港股通互联网,CNY,CN10Y
2008-05-04,,0.040704,,,931637,港股通互联网,CNY,CN10Y
2008-05-05,,0.040631,,,931637,港股通互联网,CNY,CN10Y
2008-05-06,,0.040632,,,931637,港股通互联网,CNY,CN10Y
2008-05-07,,0.04135,,,931637,港股通互联网,CNY,CN10Y
2008-05-08,,0.041253,,,931637,港股通互联网,CNY,CN10Y
2008-05-09,,0.04121,,,931637,港股通互联网,CNY,CN10Y
2008-05-12,,0.041517,,,931637,港股通互联网,CNY,CN10Y
2008-05-13,,0.041486,,,931637,港股通互联网,CNY,CN10Y
2008-05-14,,0.041653,,,931637,港股通互联网,CNY,CN10Y
2008-05-15,,0.041691,,,931637,港股通互联网,CNY,CN10Y
2008-05-16,,0.041493,,,931637,港股通互联网,CNY,CN10Y
2008-05-19,,0.041669,,,931637,港股通互联网,CNY,CN10Y
2008-05-20,,0.041676,,,931637,港股通互联网,CNY,CN10Y
2008-05-21,,0.041677,,,931637,港股通互联网,CNY,CN10Y
2008-05-22,,0.041631,,,931637,港股通互联网,CNY,CN10Y
2008-05-23,,0.0416319999999999,,,931637,港股通互联网,CNY,CN10Y
2008-05-26,,0.041636,,,931637,港股通互联网,CNY,CN10Y
2008-05-27,,0.041618,,,931637,港股通互联网,CNY,CN10Y
2008-05-28,,0.041676,,,931637,港股通互联网,CNY,CN10Y
2008-05-29,,0.041636,,,931637,港股通互联网,CNY,CN10Y
2008-05-30,,0.041589,,,931637,港股通互联网,CNY,CN10Y
2008-06-02,,0.041626,,,931637,港股通互联网,CNY,CN10Y
2008-06-03,,0.041588,,,931637,港股通互联网,CNY,CN10Y
2008-06-04,,0.041589,,,931637,港股通互联网,CNY,CN10Y
2008-06-05,,0.0415909999999999,,,931637,港股通互联网,CNY,CN10Y
2008-06-06,,0.0416169999999999,,,931637,港股通互联网,CNY,CN10Y
2008-06-10,,0.042069,,,931637,港股通互联网,CNY,CN10Y
2008-06-11,,0.043193,,,931637,港股通互联网,CNY,CN10Y
2008-06-12,,0.043009,,,931637,港股通互联网,CNY,CN10Y
2008-06-13,,0.043128,,,931637,港股通互联网,CNY,CN10Y
2008-06-16,,0.0431789999999999,,,931637,港股通互联网,CNY,CN10Y
2008-06-17,,0.043354,,,931637,港股通互联网,CNY,CN10Y
2008-06-18,,0.043356,,,931637,港股通互联网,CNY,CN10Y
2008-06-19,,0.043358,,,931637,港股通互联网,CNY,CN10Y
2008-06-20,,0.0442129999999999,,,931637,港股通互联网,CNY,CN10Y
2008-06-23,,0.044716,,,931637,港股通互联网,CNY,CN10Y
2008-06-24,,0.044626,,,931637,港股通互联网,CNY,CN10Y
2008-06-25,,0.044582,,,931637,港股通互联网,CNY,CN10Y
2008-06-26,,0.045182,,,931637,港股通互联网,CNY,CN10Y
2008-06-27,,0.0455799999999999,,,931637,港股通互联网,CNY,CN10Y
2008-06-30,,0.045285,,,931637,港股通互联网,CNY,CN10Y
2008-07-01,,0.045309,,,931637,港股通互联网,CNY,CN10Y
2008-07-02,,0.04536,,,931637,港股通互联网,CNY,CN10Y
2008-07-03,,0.045311,,,931637,港股通互联网,CNY,CN10Y
2008-07-04,,0.045313,,,931637,港股通互联网,CNY,CN10Y
2008-07-07,,0.045529,,,931637,港股通互联网,CNY,CN10Y
2008-07-08,,0.045331,,,931637,港股通互联网,CNY,CN10Y
2008-07-09,,0.0450589999999999,,,931637,港股通互联网,CNY,CN10Y
2008-07-10,,0.044725,,,931637,港股通互联网,CNY,CN10Y
2008-07-11,,0.044562,,,931637,港股通互联网,CNY,CN10Y
2008-07-14,,0.044328,,,931637,港股通互联网,CNY,CN10Y
2008-07-15,,0.044332,,,931637,港股通互联网,CNY,CN10Y
2008-07-16,,0.0443379999999999,,,931637,港股通互联网,CNY,CN10Y
2008-07-17,,0.04434,,,931637,港股通互联网,CNY,CN10Y
2008-07-18,,0.044236,,,931637,港股通互联网,CNY,CN10Y
2008-07-21,,0.0441899999999999,,,931637,港股通互联网,CNY,CN10Y
2008-07-22,,0.044135,,,931637,港股通互联网,CNY,CN10Y
2008-07-23,,0.0441359999999999,,,931637,港股通互联网,CNY,CN10Y
2008-07-24,,0.044137,,,931637,港股通互联网,CNY,CN10Y
2008-07-25,,0.044342,,,931637,港股通互联网,CNY,CN10Y
2008-07-28,,0.044374,,,931637,港股通互联网,CNY,CN10Y
2008-07-29,,0.0444,,,931637,港股通互联网,CNY,CN10Y
2008-07-30,,0.044351,,,931637,港股通互联网,CNY,CN10Y
2008-07-31,,0.044401,,,931637,港股通互联网,CNY,CN10Y
2008-08-01,,0.0446009999999999,,,931637,港股通互联网,CNY,CN10Y
2008-08-04,,0.044612,,,931637,港股通互联网,CNY,CN10Y
2008-08-05,,0.044565,,,931637,港股通互联网,CNY,CN10Y
2008-08-06,,0.044411,,,931637,港股通互联网,CNY,CN10Y
2008-08-07,,0.0452379999999999,,,931637,港股通互联网,CNY,CN10Y
2008-08-08,,0.044988,,,931637,港股通互联网,CNY,CN10Y
2008-08-11,,0.045596,,,931637,港股通互联网,CNY,CN10Y
2008-08-12,,0.045139,,,931637,港股通互联网,CNY,CN10Y
2008-08-13,,0.045038,,,931637,港股通互联网,CNY,CN10Y
2008-08-14,,0.044736,,,931637,港股通互联网,CNY,CN10Y
2008-08-15,,0.044133,,,931637,港股通互联网,CNY,CN10Y
2008-08-18,,0.044141,,,931637,港股通互联网,CNY,CN10Y
2008-08-19,,0.044042,,,931637,港股通互联网,CNY,CN10Y
2008-08-20,,0.043944,,,931637,港股通互联网,CNY,CN10Y
2008-08-21,,0.043689,,,931637,港股通互联网,CNY,CN10Y
2008-08-22,,0.043554,,,931637,港股通互联网,CNY,CN10Y
2008-08-25,,0.043431,,,931637,港股通互联网,CNY,CN10Y
2008-08-26,,0.043292,,,931637,港股通互联网,CNY,CN10Y
2008-08-27,,0.0430959999999999,,,931637,港股通互联网,CNY,CN10Y
2008-08-28,,0.042753,,,931637,港股通互联网,CNY,CN10Y
2008-08-29,,0.042234,,,931637,港股通互联网,CNY,CN10Y
2008-09-01,,0.041363,,,931637,港股通互联网,CNY,CN10Y
2008-09-02,,0.041714,,,931637,港股通互联网,CNY,CN10Y
2008-09-03,,0.0414109999999999,,,931637,港股通互联网,CNY,CN10Y
2008-09-04,,0.041643,,,931637,港股通互联网,CNY,CN10Y
2008-09-05,,0.041703,,,931637,港股通互联网,CNY,CN10Y
2008-09-08,,0.041705,,,931637,港股通互联网,CNY,CN10Y
2008-09-09,,0.041429,,,931637,港股通互联网,CNY,CN10Y
2008-09-10,,0.0410149999999999,,,931637,港股通互联网,CNY,CN10Y
2008-09-11,,0.040631,,,931637,港股通互联网,CNY,CN10Y
2008-09-12,,0.039712,,,931637,港股通互联网,CNY,CN10Y
2008-09-16,,0.038,,,931637,港股通互联网,CNY,CN10Y
2008-09-17,,0.037119,,,931637,港股通互联网,CNY,CN10Y
2008-09-18,,0.03712,,,931637,港股通互联网,CNY,CN10Y
2008-09-19,,0.0369,,,931637,港股通互联网,CNY,CN10Y
2008-09-22,,0.0375939999999999,,,931637,港股通互联网,CNY,CN10Y
2008-09-23,,0.037612,,,931637,港股通互联网,CNY,CN10Y
2008-09-24,,0.037601,,,931637,港股通互联网,CNY,CN10Y
2008-09-25,,0.037276,,,931637,港股通互联网,CNY,CN10Y
2008-09-26,,0.037282,,,931637,港股通互联网,CNY,CN10Y
2008-09-27,,0.037143,,,931637,港股通互联网,CNY,CN10Y
2008-09-28,,0.037155,,,931637,港股通互联网,CNY,CN10Y
2008-10-06,,0.036809,,,931637,港股通互联网,CNY,CN10Y
2008-10-07,,0.035309,,,931637,港股通互联网,CNY,CN10Y
2008-10-08,,0.033499,,,931637,港股通互联网,CNY,CN10Y
2008-10-09,,0.0315,,,931637,港股通互联网,CNY,CN10Y
2008-10-10,,0.03051,,,931637,港股通互联网,CNY,CN10Y
2008-10-13,,0.0312599999999999,,,931637,港股通互联网,CNY,CN10Y
2008-10-14,,0.031593,,,931637,港股通互联网,CNY,CN10Y
2008-10-15,,0.031062,,,931637,港股通互联网,CNY,CN10Y
2008-10-16,,0.031267,,,931637,港股通互联网,CNY,CN10Y
2008-10-17,,0.031768,,,931637,港股通互联网,CNY,CN10Y
2008-10-20,,0.03182,,,931637,港股通互联网,CNY,CN10Y
2008-10-21,,0.031826,,,931637,港股通互联网,CNY,CN10Y
2008-10-22,,0.031922,,,931637,港股通互联网,CNY,CN10Y
2008-10-23,,0.031978,,,931637,港股通互联网,CNY,CN10Y
2008-10-24,,0.031931,,,931637,港股通互联网,CNY,CN10Y
2008-10-27,,0.031522,,,931637,港股通互联网,CNY,CN10Y
2008-10-28,,0.031042,,,931637,港股通互联网,CNY,CN10Y
2008-10-29,,0.030694,,,931637,港股通互联网,CNY,CN10Y
2008-10-30,,0.030703,,,931637,港股通互联网,CNY,CN10Y
2008-10-31,,0.030751,,,931637,港股通互联网,CNY,CN10Y
2008-11-03,,0.030549,,,931637,港股通互联网,CNY,CN10Y
2008-11-04,,0.030569,,,931637,港股通互联网,CNY,CN10Y
2008-11-05,,0.030676,,,931637,港股通互联网,CNY,CN10Y
2008-11-06,,0.030424,,,931637,港股通互联网,CNY,CN10Y
2008-11-07,,0.029767,,,931637,港股通互联网,CNY,CN10Y
2008-11-10,,0.029005,,,931637,港股通互联网,CNY,CN10Y
2008-11-11,,0.029221,,,931637,港股通互联网,CNY,CN10Y
2008-11-12,,0.028969,,,931637,港股通互联网,CNY,CN10Y
2008-11-13,,0.028639,,,931637,港股通互联网,CNY,CN10Y
2008-11-14,,0.0294819999999999,,,931637,港股通互联网,CNY,CN10Y
2008-11-17,,0.029984,,,931637,港股通互联网,CNY,CN10Y
2008-11-18,,0.0299739999999999,,,931637,港股通互联网,CNY,CN10Y
2008-11-19,,0.030885,,,931637,港股通互联网,CNY,CN10Y
2008-11-20,,0.030531,,,931637,港股通互联网,CNY,CN10Y
2008-11-21,,0.030049,,,931637,港股通互联网,CNY,CN10Y
2008-11-24,,0.030638,,,931637,港股通互联网,CNY,CN10Y
2008-11-25,,0.031728,,,931637,港股通互联网,CNY,CN10Y
2008-11-26,,0.031034,,,931637,港股通互联网,CNY,CN10Y
2008-11-27,,0.029064,,,931637,港股通互联网,CNY,CN10Y
2008-11-28,,0.029905,,,931637,港股通互联网,CNY,CN10Y
2008-12-01,,0.030378,,,931637,港股通互联网,CNY,CN10Y
2008-12-02,,0.030306,,,931637,港股通互联网,CNY,CN10Y
2008-12-03,,0.029467,,,931637,港股通互联网,CNY,CN10Y
2008-12-04,,0.0293429999999999,,,931637,港股通互联网,CNY,CN10Y
2008-12-05,,0.029061,,,931637,港股通互联网,CNY,CN10Y
2008-12-08,,0.029053,,,931637,港股通互联网,CNY,CN10Y
2008-12-09,,0.030072,,,931637,港股通互联网,CNY,CN10Y
2008-12-10,,0.03013,,,931637,港股通互联网,CNY,CN10Y
2008-12-11,,0.03004,,,931637,港股通互联网,CNY,CN10Y
2008-12-12,,0.029237,,,931637,港股通互联网,CNY,CN10Y
2008-12-15,,0.029186,,,931637,港股通互联网,CNY,CN10Y
2008-12-16,,0.029243,,,931637,港股通互联网,CNY,CN10Y
2008-12-17,,0.0281,,,931637,港股通互联网,CNY,CN10Y
2008-12-18,,0.0270429999999999,,,931637,港股通互联网,CNY,CN10Y
2008-12-19,,0.027384,,,931637,港股通互联网,CNY,CN10Y
2008-12-22,,0.0273899999999999,,,931637,港股通互联网,CNY,CN10Y
2008-12-23,,0.0268869999999999,,,931637,港股通互联网,CNY,CN10Y
2008-12-24,,0.027045,,,931637,港股通互联网,CNY,CN10Y
2008-12-25,,0.0270469999999999,,,931637,港股通互联网,CNY,CN10Y
2008-12-26,,0.027301,,,931637,港股通互联网,CNY,CN10Y
2008-12-29,,0.027559,,,931637,港股通互联网,CNY,CN10Y
2008-12-30,,0.027566,,,931637,港股通互联网,CNY,CN10Y
2008-12-31,,0.027521,,,931637,港股通互联网,CNY,CN10Y
2009-01-04,,0.027102,,,931637,港股通互联网,CNY,CN10Y
2009-01-05,,0.0273,,,931637,港股通互联网,CNY,CN10Y
2009-01-06,,0.026909,,,931637,港股通互联网,CNY,CN10Y
2009-01-07,,0.026711,,,931637,港股通互联网,CNY,CN10Y
2009-01-08,,0.026716,,,931637,港股通互联网,CNY,CN10Y
2009-01-09,,0.026722,,,931637,港股通互联网,CNY,CN10Y
2009-01-12,,0.027,,,931637,港股通互联网,CNY,CN10Y
2009-01-13,,0.0282569999999999,,,931637,港股通互联网,CNY,CN10Y
2009-01-14,,0.028818,,,931637,港股通互联网,CNY,CN10Y
2009-01-15,,0.029897,,,931637,港股通互联网,CNY,CN10Y
2009-01-16,,0.02994,,,931637,港股通互联网,CNY,CN10Y
2009-01-19,,0.030123,,,931637,港股通互联网,CNY,CN10Y
2009-01-20,,0.0309949999999999,,,931637,港股通互联网,CNY,CN10Y
2009-01-21,,0.031398,,,931637,港股通互联网,CNY,CN10Y
2009-01-22,,0.030619,,,931637,港股通互联网,CNY,CN10Y
2009-01-23,,0.030367,,,931637,港股通互联网,CNY,CN10Y
2009-01-24,,0.030368,,,931637,港股通互联网,CNY,CN10Y
2009-02-01,,0.0305019999999999,,,931637,港股通互联网,CNY,CN10Y
2009-02-02,,0.031433,,,931637,港股通互联网,CNY,CN10Y
2009-02-03,,0.031766,,,931637,港股通互联网,CNY,CN10Y
2009-02-04,,0.032946,,,931637,港股通互联网,CNY,CN10Y
2009-02-05,,0.034013,,,931637,港股通互联网,CNY,CN10Y
2009-02-06,,0.0329669999999999,,,931637,港股通互联网,CNY,CN10Y
2009-02-09,,0.03269,,,931637,港股通互联网,CNY,CN10Y
2009-02-10,,0.033001,,,931637,港股通互联网,CNY,CN10Y
2009-02-11,,0.032323,,,931637,港股通互联网,CNY,CN10Y
2009-02-12,,0.031271,,,931637,港股通互联网,CNY,CN10Y
2009-02-13,,0.031321,,,931637,港股通互联网,CNY,CN10Y
2009-02-16,,0.031547,,,931637,港股通互联网,CNY,CN10Y
2009-02-17,,0.031897,,,931637,港股通互联网,CNY,CN10Y
2009-02-18,,0.031703,,,931637,港股通互联网,CNY,CN10Y
2009-02-19,,0.031385,,,931637,港股通互联网,CNY,CN10Y
2009-02-20,,0.031583,,,931637,港股通互联网,CNY,CN10Y
2009-02-23,,0.031555,,,931637,港股通互联网,CNY,CN10Y
2009-02-24,,0.031508,,,931637,港股通互联网,CNY,CN10Y
2009-02-25,,0.031412,,,931637,港股通互联网,CNY,CN10Y
2009-02-26,,0.0314469999999999,,,931637,港股通互联网,CNY,CN10Y
2009-02-27,,0.031508,,,931637,港股通互联网,CNY,CN10Y
2009-03-02,,0.031582,,,931637,港股通互联网,CNY,CN10Y
2009-03-03,,0.031755,,,931637,港股通互联网,CNY,CN10Y
2009-03-04,,0.032075,,,931637,港股通互联网,CNY,CN10Y
2009-03-05,,0.03231,,,931637,港股通互联网,CNY,CN10Y
2009-03-06,,0.032291,,,931637,港股通互联网,CNY,CN10Y
2009-03-09,,0.0320359999999999,,,931637,港股通互联网,CNY,CN10Y
2009-03-10,,0.03178,,,931637,港股通互联网,CNY,CN10Y
2009-03-11,,0.031331,,,931637,港股通互联网,CNY,CN10Y
2009-03-12,,0.031524,,,931637,港股通互联网,CNY,CN10Y
2009-03-13,,0.03148,,,931637,港股通互联网,CNY,CN10Y
2009-03-16,,0.031534,,,931637,港股通互联网,CNY,CN10Y
2009-03-17,,0.031249,,,931637,港股通互联网,CNY,CN10Y
2009-03-18,,0.031,,,931637,港股通互联网,CNY,CN10Y
2009-03-19,,0.030768,,,931637,港股通互联网,CNY,CN10Y
2009-03-20,,0.030772,,,931637,港股通互联网,CNY,CN10Y
2009-03-23,,0.030831,,,931637,港股通互联网,CNY,CN10Y
2009-03-24,,0.031295,,,931637,港股通互联网,CNY,CN10Y
2009-03-25,,0.031297,,,931637,港股通互联网,CNY,CN10Y
2009-03-26,,0.031606,,,931637,港股通互联网,CNY,CN10Y
2009-03-27,,0.031594,,,931637,港股通互联网,CNY,CN10Y
2009-03-30,,0.031608,,,931637,港股通互联网,CNY,CN10Y
2009-03-31,,0.031612,,,931637,港股通互联网,CNY,CN10Y
2009-04-01,,0.031618,,,931637,港股通互联网,CNY,CN10Y
2009-04-02,,0.031714,,,931637,港股通互联网,CNY,CN10Y
2009-04-03,,0.031805,,,931637,港股通互联网,CNY,CN10Y
2009-04-07,,0.031805,,,931637,港股通互联网,CNY,CN10Y
2009-04-08,,0.031869,,,931637,港股通互联网,CNY,CN10Y
2009-04-09,,0.031949,,,931637,港股通互联网,CNY,CN10Y
2009-04-10,,0.0319539999999999,,,931637,港股通互联网,CNY,CN10Y
2009-04-13,,0.031953,,,931637,港股通互联网,CNY,CN10Y
2009-04-14,,0.032044,,,931637,港股通互联网,CNY,CN10Y
2009-04-15,,0.032114,,,931637,港股通互联网,CNY,CN10Y
2009-04-16,,0.031841,,,931637,港股通互联网,CNY,CN10Y
2009-04-17,,0.031634,,,931637,港股通互联网,CNY,CN10Y
2009-04-20,,0.031412,,,931637,港股通互联网,CNY,CN10Y
2009-04-21,,0.031616,,,931637,港股通互联网,CNY,CN10Y
2009-04-22,,0.031609,,,931637,港股通互联网,CNY,CN10Y
2009-04-23,,0.031618,,,931637,港股通互联网,CNY,CN10Y
2009-04-24,,0.0315709999999999,,,931637,港股通互联网,CNY,CN10Y
2009-04-27,,0.031579,,,931637,港股通互联网,CNY,CN10Y
2009-04-28,,0.031532,,,931637,港股通互联网,CNY,CN10Y
2009-04-29,,0.031286,,,931637,港股通互联网,CNY,CN10Y
2009-04-30,,0.031072,,,931637,港股通互联网,CNY,CN10Y
2009-05-04,,0.0310919999999999,,,931637,港股通互联网,CNY,CN10Y
2009-05-05,,0.031036,,,931637,港股通互联网,CNY,CN10Y
2009-05-06,,0.030795,,,931637,港股通互联网,CNY,CN10Y
2009-05-07,,0.030739,,,931637,港股通互联网,CNY,CN10Y
2009-05-08,,0.030701,,,931637,港股通互联网,CNY,CN10Y
2009-05-11,,0.030698,,,931637,港股通互联网,CNY,CN10Y
2009-05-12,,0.030662,,,931637,港股通互联网,CNY,CN10Y
2009-05-13,,0.030365,,,931637,港股通互联网,CNY,CN10Y
2009-05-14,,0.030318,,,931637,港股通互联网,CNY,CN10Y
2009-05-15,,0.0303209999999999,,,931637,港股通互联网,CNY,CN10Y
2009-05-18,,0.030277,,,931637,港股通互联网,CNY,CN10Y
2009-05-19,,0.030384,,,931637,港股通互联网,CNY,CN10Y
2009-05-20,,0.030386,,,931637,港股通互联网,CNY,CN10Y
2009-05-21,,0.030388,,,931637,港股通互联网,CNY,CN10Y
2009-05-22,,0.030434,,,931637,港股通互联网,CNY,CN10Y
2009-05-25,,0.030441,,,931637,港股通互联网,CNY,CN10Y
2009-05-26,,0.030546,,,931637,港股通互联网,CNY,CN10Y
2009-05-27,,0.03039,,,931637,港股通互联网,CNY,CN10Y
2009-05-31,,0.030409,,,931637,港股通互联网,CNY,CN10Y
2009-06-01,,0.030615,,,931637,港股通互联网,CNY,CN10Y
2009-06-02,,0.030515,,,931637,港股通互联网,CNY,CN10Y
2009-06-03,,0.03065,,,931637,港股通互联网,CNY,CN10Y
2009-06-04,,0.031349,,,931637,港股通互联网,CNY,CN10Y
2009-06-05,,0.031474,,,931637,港股通互联网,CNY,CN10Y
2009-06-08,,0.031543,,,931637,港股通互联网,CNY,CN10Y
2009-06-09,,0.031481,,,931637,港股通互联网,CNY,CN10Y
2009-06-10,,0.03166,,,931637,港股通互联网,CNY,CN10Y
2009-06-11,,0.0317,,,931637,港股通互联网,CNY,CN10Y
2009-06-12,,0.031868,,,931637,港股通互联网,CNY,CN10Y
2009-06-15,,0.031947,,,931637,港股通互联网,CNY,CN10Y
2009-06-16,,0.031476,,,931637,港股通互联网,CNY,CN10Y
2009-06-17,,0.031332,,,931637,港股通互联网,CNY,CN10Y
2009-06-18,,0.031536,,,931637,港股通互联网,CNY,CN10Y
2009-06-19,,0.031543,,,931637,港股通互联网,CNY,CN10Y
2009-06-22,,0.031876,,,931637,港股通互联网,CNY,CN10Y
2009-06-23,,0.032325,,,931637,港股通互联网,CNY,CN10Y
2009-06-24,,0.032397,,,931637,港股通互联网,CNY,CN10Y
2009-06-25,,0.032525,,,931637,港股通互联网,CNY,CN10Y
2009-06-26,,0.032628,,,931637,港股通互联网,CNY,CN10Y
2009-06-29,,0.032456,,,931637,港股通互联网,CNY,CN10Y
2009-06-30,,0.032403,,,931637,港股通互联网,CNY,CN10Y
2009-07-01,,0.0323,,,931637,港股通互联网,CNY,CN10Y
2009-07-02,,0.032277,,,931637,港股通互联网,CNY,CN10Y
2009-07-03,,0.032534,,,931637,港股通互联网,CNY,CN10Y
2009-07-06,,0.032702,,,931637,港股通互联网,CNY,CN10Y
2009-07-07,,0.032706,,,931637,港股通互联网,CNY,CN10Y
2009-07-08,,0.032709,,,931637,港股通互联网,CNY,CN10Y
2009-07-09,,0.033068,,,931637,港股通互联网,CNY,CN10Y
2009-07-10,,0.033056,,,931637,港股通互联网,CNY,CN10Y
2009-07-13,,0.03306,,,931637,港股通互联网,CNY,CN10Y
2009-07-14,,0.033322,,,931637,港股通互联网,CNY,CN10Y
2009-07-15,,0.033816,,,931637,港股通互联网,CNY,CN10Y
2009-07-16,,0.034421,,,931637,港股通互联网,CNY,CN10Y
2009-07-17,,0.03451,,,931637,港股通互联网,CNY,CN10Y
2009-07-20,,0.03478,,,931637,港股通互联网,CNY,CN10Y
2009-07-21,,0.034697,,,931637,港股通互联网,CNY,CN10Y
2009-07-22,,0.034522,,,931637,港股通互联网,CNY,CN10Y
2009-07-23,,0.034511,,,931637,港股通互联网,CNY,CN10Y
2009-07-24,,0.034588,,,931637,港股通互联网,CNY,CN10Y
2009-07-27,,0.035091,,,931637,港股通互联网,CNY,CN10Y
2009-07-28,,0.034866,,,931637,港股通互联网,CNY,CN10Y
2009-07-29,,0.0350199999999999,,,931637,港股通互联网,CNY,CN10Y
2009-07-30,,0.034905,,,931637,港股通互联网,CNY,CN10Y
2009-07-31,,0.03503,,,931637,港股通互联网,CNY,CN10Y
2009-08-03,,0.035034,,,931637,港股通互联网,CNY,CN10Y
2009-08-04,,0.03515,,,931637,港股通互联网,CNY,CN10Y
2009-08-05,,0.035165,,,931637,港股通互联网,CNY,CN10Y
2009-08-06,,0.035167,,,931637,港股通互联网,CNY,CN10Y
2009-08-07,,0.035168,,,931637,港股通互联网,CNY,CN10Y
2009-08-10,,0.035177,,,931637,港股通互联网,CNY,CN10Y
2009-08-11,,0.0351799999999999,,,931637,港股通互联网,CNY,CN10Y
2009-08-12,,0.035209,,,931637,港股通互联网,CNY,CN10Y
2009-08-13,,0.0351869999999999,,,931637,港股通互联网,CNY,CN10Y
2009-08-14,,0.0351799999999999,,,931637,港股通互联网,CNY,CN10Y
2009-08-17,,0.035231,,,931637,港股通互联网,CNY,CN10Y
2009-08-18,,0.035242,,,931637,港股通互联网,CNY,CN10Y
2009-08-19,,0.035255,,,931637,港股通互联网,CNY,CN10Y
2009-08-20,,0.035162,,,931637,港股通互联网,CNY,CN10Y
2009-08-21,,0.035276,,,931637,港股通互联网,CNY,CN10Y
2009-08-24,,0.034886,,,931637,港股通互联网,CNY,CN10Y
2009-08-25,,0.034966,,,931637,港股通互联网,CNY,CN10Y
2009-08-26,,0.03485,,,931637,港股通互联网,CNY,CN10Y
2009-08-27,,0.034847,,,931637,港股通互联网,CNY,CN10Y
2009-08-28,,0.0348,,,931637,港股通互联网,CNY,CN10Y
2009-08-31,,0.034805,,,931637,港股通互联网,CNY,CN10Y
2009-09-01,,0.03481,,,931637,港股通互联网,CNY,CN10Y
2009-09-02,,0.034982,,,931637,港股通互联网,CNY,CN10Y
2009-09-03,,0.034862,,,931637,港股通互联网,CNY,CN10Y
2009-09-04,,0.034698,,,931637,港股通互联网,CNY,CN10Y
2009-09-07,,0.034317,,,931637,港股通互联网,CNY,CN10Y
2009-09-08,,0.034268,,,931637,港股通互联网,CNY,CN10Y
2009-09-09,,0.034323,,,931637,港股通互联网,CNY,CN10Y
2009-09-10,,0.03451,,,931637,港股通互联网,CNY,CN10Y
2009-09-11,,0.0346519999999999,,,931637,港股通互联网,CNY,CN10Y
2009-09-14,,0.0346309999999999,,,931637,港股通互联网,CNY,CN10Y
2009-09-15,,0.034581,,,931637,港股通互联网,CNY,CN10Y
2009-09-16,,0.034535,,,931637,港股通互联网,CNY,CN10Y
2009-09-17,,0.034636,,,931637,港股通互联网,CNY,CN10Y
2009-09-18,,0.034741,,,931637,港股通互联网,CNY,CN10Y
2009-09-21,,0.035132,,,931637,港股通互联网,CNY,CN10Y
2009-09-22,,0.035212,,,931637,港股通互联网,CNY,CN10Y
2009-09-23,,0.035126,,,931637,港股通互联网,CNY,CN10Y
2009-09-24,,0.0350959999999999,,,931637,港股通互联网,CNY,CN10Y
2009-09-25,,0.035101,,,931637,港股通互联网,CNY,CN10Y
2009-09-27,,0.035103,,,931637,港股通互联网,CNY,CN10Y
2009-09-28,,0.034917,,,931637,港股通互联网,CNY,CN10Y
2009-09-29,,0.035,,,931637,港股通互联网,CNY,CN10Y
2009-09-30,,0.035132,,,931637,港股通互联网,CNY,CN10Y
2009-10-09,,0.035542,,,931637,港股通互联网,CNY,CN10Y
2009-10-10,,0.035541,,,931637,港股通互联网,CNY,CN10Y
2009-10-12,,0.036043,,,931637,港股通互联网,CNY,CN10Y
2009-10-13,,0.036305,,,931637,港股通互联网,CNY,CN10Y
2009-10-14,,0.036787,,,931637,港股通互联网,CNY,CN10Y
2009-10-15,,0.037,,,931637,港股通互联网,CNY,CN10Y
2009-10-16,,0.037058,,,931637,港股通互联网,CNY,CN10Y
2009-10-19,,0.036789,,,931637,港股通互联网,CNY,CN10Y
2009-10-20,,0.036773,,,931637,港股通互联网,CNY,CN10Y
2009-10-21,,0.036933,,,931637,港股通互联网,CNY,CN10Y
2009-10-22,,0.036587,,,931637,港股通互联网,CNY,CN10Y
2009-10-23,,0.03692,,,931637,港股通互联网,CNY,CN10Y
2009-10-26,,0.036925,,,931637,港股通互联网,CNY,CN10Y
2009-10-27,,0.036905,,,931637,港股通互联网,CNY,CN10Y
2009-10-28,,0.036855,,,931637,港股通互联网,CNY,CN10Y
2009-10-29,,0.036818,,,931637,港股通互联网,CNY,CN10Y
2009-10-30,,0.036886,,,931637,港股通互联网,CNY,CN10Y
2009-11-02,,0.03692,,,931637,港股通互联网,CNY,CN10Y
2009-11-03,,0.036944,,,931637,港股通互联网,CNY,CN10Y
2009-11-04,,0.037038,,,931637,港股通互联网,CNY,CN10Y
2009-11-05,,0.037247,,,931637,港股通互联网,CNY,CN10Y
2009-11-06,,0.037303,,,931637,港股通互联网,CNY,CN10Y
2009-11-09,,0.037313,,,931637,港股通互联网,CNY,CN10Y
2009-11-10,,0.037281,,,931637,港股通互联网,CNY,CN10Y
2009-11-11,,0.036988,,,931637,港股通互联网,CNY,CN10Y
2009-11-12,,0.036918,,,931637,港股通互联网,CNY,CN10Y
2009-11-13,,0.036921,,,931637,港股通互联网,CNY,CN10Y
2009-11-16,,0.036927,,,931637,港股通互联网,CNY,CN10Y
2009-11-17,,0.036956,,,931637,港股通互联网,CNY,CN10Y
2009-11-18,,0.036885,,,931637,港股通互联网,CNY,CN10Y
2009-11-19,,0.0368659999999999,,,931637,港股通互联网,CNY,CN10Y
2009-11-20,,0.036648,,,931637,港股通互联网,CNY,CN10Y
2009-11-23,,0.036703,,,931637,港股通互联网,CNY,CN10Y
2009-11-24,,0.036504,,,931637,港股通互联网,CNY,CN10Y
2009-11-25,,0.03651,,,931637,港股通互联网,CNY,CN10Y
2009-11-26,,0.036459,,,931637,港股通互联网,CNY,CN10Y
2009-11-27,,0.035759,,,931637,港股通互联网,CNY,CN10Y
2009-11-30,,0.035569,,,931637,港股通互联网,CNY,CN10Y
2009-12-01,,0.035723,,,931637,港股通互联网,CNY,CN10Y
2009-12-02,,0.035725,,,931637,港股通互联网,CNY,CN10Y
2009-12-03,,0.035929,,,931637,港股通互联网,CNY,CN10Y
2009-12-04,,0.035983,,,931637,港股通互联网,CNY,CN10Y
2009-12-07,,0.0362,,,931637,港股通互联网,CNY,CN10Y
2009-12-08,,0.036292,,,931637,港股通互联网,CNY,CN10Y
2009-12-09,,0.036251,,,931637,港股通互联网,CNY,CN10Y
2009-12-10,,0.036258,,,931637,港股通互联网,CNY,CN10Y
2009-12-11,,0.036257,,,931637,港股通互联网,CNY,CN10Y
2009-12-14,,0.036348,,,931637,港股通互联网,CNY,CN10Y
2009-12-15,,0.036314,,,931637,港股通互联网,CNY,CN10Y
2009-12-16,,0.036339,,,931637,港股通互联网,CNY,CN10Y
2009-12-17,,0.036365,,,931637,港股通互联网,CNY,CN10Y
2009-12-18,,0.036393,,,931637,港股通互联网,CNY,CN10Y
2009-12-21,,0.036508,,,931637,港股通互联网,CNY,CN10Y
2009-12-22,,0.036507,,,931637,港股通互联网,CNY,CN10Y
2009-12-23,,0.036589,,,931637,港股通互联网,CNY,CN10Y
2009-12-24,,0.036565,,,931637,港股通互联网,CNY,CN10Y
2009-12-25,,0.036543,,,931637,港股通互联网,CNY,CN10Y
2009-12-28,,0.0365,,,931637,港股通互联网,CNY,CN10Y
2009-12-29,,0.036426,,,931637,港股通互联网,CNY,CN10Y
2009-12-30,,0.036429,,,931637,港股通互联网,CNY,CN10Y
2009-12-31,,0.0364219999999999,,,931637,港股通互联网,CNY,CN10Y
2010-01-04,,0.036603,,,931637,港股通互联网,CNY,CN10Y
2010-01-05,,0.036606,,,931637,港股通互联网,CNY,CN10Y
2010-01-06,,0.036425,,,931637,港股通互联网,CNY,CN10Y
2010-01-07,,0.036543,,,931637,港股通互联网,CNY,CN10Y
2010-01-08,,0.036614,,,931637,港股通互联网,CNY,CN10Y
2010-01-11,,0.036696,,,931637,港股通互联网,CNY,CN10Y
2010-01-12,,0.036694,,,931637,港股通互联网,CNY,CN10Y
2010-01-13,,0.0370529999999999,,,931637,港股通互联网,CNY,CN10Y
2010-01-14,,0.036868,,,931637,港股通互联网,CNY,CN10Y
2010-01-15,,0.036871,,,931637,港股通互联网,CNY,CN10Y
2010-01-18,,0.036852,,,931637,港股通互联网,CNY,CN10Y
2010-01-19,,0.036559,,,931637,港股通互联网,CNY,CN10Y
2010-01-20,,0.0364,,,931637,港股通互联网,CNY,CN10Y
2010-01-21,,0.036558,,,931637,港股通互联网,CNY,CN10Y
2010-01-22,,0.0363,,,931637,港股通互联网,CNY,CN10Y
2010-01-25,,0.036,,,931637,港股通互联网,CNY,CN10Y
2010-01-26,,0.035838,,,931637,港股通互联网,CNY,CN10Y
2010-01-27,,0.035648,,,931637,港股通互联网,CNY,CN10Y
2010-01-28,,0.035879,,,931637,港股通互联网,CNY,CN10Y
2010-01-29,,0.0358,,,931637,港股通互联网,CNY,CN10Y
2010-02-01,,0.035406,,,931637,港股通互联网,CNY,CN10Y
2010-02-02,,0.034956,,,931637,港股通互联网,CNY,CN10Y
2010-02-03,,0.034648,,,931637,港股通互联网,CNY,CN10Y
2010-02-04,,0.035006,,,931637,港股通互联网,CNY,CN10Y
2010-02-05,,0.034733,,,931637,港股通互联网,CNY,CN10Y
2010-02-08,,0.034706,,,931637,港股通互联网,CNY,CN10Y
2010-02-09,,0.0347429999999999,,,931637,港股通互联网,CNY,CN10Y
2010-02-10,,0.034615,,,931637,港股通互联网,CNY,CN10Y
2010-02-11,,0.034516,,,931637,港股通互联网,CNY,CN10Y
2010-02-12,,0.03457,,,931637,港股通互联网,CNY,CN10Y
2010-02-20,,0.034889,,,931637,港股通互联网,CNY,CN10Y
2010-02-21,,0.034841,,,931637,港股通互联网,CNY,CN10Y
2010-02-22,,0.035149,,,931637,港股通互联网,CNY,CN10Y
2010-02-23,,0.0351,,,931637,港股通互联网,CNY,CN10Y
2010-02-24,,0.0346459999999999,,,931637,港股通互联网,CNY,CN10Y
2010-02-25,,0.034448,,,931637,港股通互联网,CNY,CN10Y
2010-02-26,,0.033753,,,931637,港股通互联网,CNY,CN10Y
2010-03-01,,0.033613,,,931637,港股通互联网,CNY,CN10Y
2010-03-02,,0.033414,,,931637,港股通互联网,CNY,CN10Y
2010-03-03,,0.033169,,,931637,港股通互联网,CNY,CN10Y
2010-03-04,,0.033518,,,931637,港股通互联网,CNY,CN10Y
2010-03-05,,0.033537,,,931637,港股通互联网,CNY,CN10Y
2010-03-08,,0.033602,,,931637,港股通互联网,CNY,CN10Y
2010-03-09,,0.033817,,,931637,港股通互联网,CNY,CN10Y
2010-03-10,,0.03403,,,931637,港股通互联网,CNY,CN10Y
2010-03-11,,0.034559,,,931637,港股通互联网,CNY,CN10Y
2010-03-12,,0.034526,,,931637,港股通互联网,CNY,CN10Y
2010-03-15,,0.034484,,,931637,港股通互联网,CNY,CN10Y
2010-03-16,,0.034331,,,931637,港股通互联网,CNY,CN10Y
2010-03-17,,0.033829,,,931637,港股通互联网,CNY,CN10Y
2010-03-18,,0.033639,,,931637,港股通互联网,CNY,CN10Y
2010-03-19,,0.033805,,,931637,港股通互联网,CNY,CN10Y
2010-03-22,,0.034216,,,931637,港股通互联网,CNY,CN10Y
2010-03-23,,0.034062,,,931637,港股通互联网,CNY,CN10Y
2010-03-24,,0.033961,,,931637,港股通互联网,CNY,CN10Y
2010-03-25,,0.034168,,,931637,港股通互联网,CNY,CN10Y
2010-03-26,,0.034582,,,931637,港股通互联网,CNY,CN10Y
2010-03-29,,0.034784,,,931637,港股通互联网,CNY,CN10Y
2010-03-30,,0.034959,,,931637,港股通互联网,CNY,CN10Y
2010-03-31,,0.0348179999999999,,,931637,港股通互联网,CNY,CN10Y
2010-04-01,,0.034742,,,931637,港股通互联网,CNY,CN10Y
2010-04-02,,0.0348,,,931637,港股通互联网,CNY,CN10Y
2010-04-06,,0.035021,,,931637,港股通互联网,CNY,CN10Y
2010-04-07,,0.035182,,,931637,港股通互联网,CNY,CN10Y
2010-04-08,,0.035549,,,931637,港股通互联网,CNY,CN10Y
2010-04-09,,0.035468,,,931637,港股通互联网,CNY,CN10Y
2010-04-12,,0.035343,,,931637,港股通互联网,CNY,CN10Y
2010-04-13,,0.035031,,,931637,港股通互联网,CNY,CN10Y
2010-04-14,,0.035043,,,931637,港股通互联网,CNY,CN10Y
2010-04-15,,0.035071,,,931637,港股通互联网,CNY,CN10Y
2010-04-16,,0.034813,,,931637,港股通互联网,CNY,CN10Y
2010-04-19,,0.034116,,,931637,港股通互联网,CNY,CN10Y
2010-04-20,,0.034086,,,931637,港股通互联网,CNY,CN10Y
2010-04-21,,0.034354,,,931637,港股通互联网,CNY,CN10Y
2010-04-22,,0.034093,,,931637,港股通互联网,CNY,CN10Y
2010-04-23,,0.034106,,,931637,港股通互联网,CNY,CN10Y
2010-04-26,,0.033715,,,931637,港股通互联网,CNY,CN10Y
2010-04-27,,0.033768,,,931637,港股通互联网,CNY,CN10Y
2010-04-28,,0.033456,,,931637,港股通互联网,CNY,CN10Y
2010-04-29,,0.033607,,,931637,港股通互联网,CNY,CN10Y
2010-04-30,,0.033565,,,931637,港股通互联网,CNY,CN10Y
2010-05-04,,0.033826,,,931637,港股通互联网,CNY,CN10Y
2010-05-05,,0.033636,,,931637,港股通互联网,CNY,CN10Y
2010-05-06,,0.033485,,,931637,港股通互联网,CNY,CN10Y
2010-05-07,,0.032721,,,931637,港股通互联网,CNY,CN10Y
2010-05-10,,0.033027,,,931637,港股通互联网,CNY,CN10Y
2010-05-11,,0.032983,,,931637,港股通互联网,CNY,CN10Y
2010-05-12,,0.032781,,,931637,港股通互联网,CNY,CN10Y
2010-05-13,,0.032686,,,931637,港股通互联网,CNY,CN10Y
2010-05-14,,0.032687,,,931637,港股通互联网,CNY,CN10Y
2010-05-17,,0.032257,,,931637,港股通互联网,CNY,CN10Y
2010-05-18,,0.032118,,,931637,港股通互联网,CNY,CN10Y
2010-05-19,,0.031865,,,931637,港股通互联网,CNY,CN10Y
2010-05-20,,0.032078,,,931637,港股通互联网,CNY,CN10Y
2010-05-21,,0.031972,,,931637,港股通互联网,CNY,CN10Y
2010-05-24,,0.032277,,,931637,港股通互联网,CNY,CN10Y
2010-05-25,,0.0320299999999999,,,931637,港股通互联网,CNY,CN10Y
2010-05-26,,0.0322719999999999,,,931637,港股通互联网,CNY,CN10Y
2010-05-27,,0.032416,,,931637,港股通互联网,CNY,CN10Y
2010-05-28,,0.032529,,,931637,港股通互联网,CNY,CN10Y
2010-05-31,,0.03243,,,931637,港股通互联网,CNY,CN10Y
2010-06-01,,0.032726,,,931637,港股通互联网,CNY,CN10Y
2010-06-02,,0.032748,,,931637,港股通互联网,CNY,CN10Y
2010-06-03,,0.032478,,,931637,港股通互联网,CNY,CN10Y
2010-06-04,,0.032512,,,931637,港股通互联网,CNY,CN10Y
2010-06-07,,0.03226,,,931637,港股通互联网,CNY,CN10Y
2010-06-08,,0.0324319999999999,,,931637,港股通互联网,CNY,CN10Y
2010-06-09,,0.032845,,,931637,港股通互联网,CNY,CN10Y
2010-06-10,,0.032891,,,931637,港股通互联网,CNY,CN10Y
2010-06-11,,0.0333199999999999,,,931637,港股通互联网,CNY,CN10Y
2010-06-12,,0.033282,,,931637,港股通互联网,CNY,CN10Y
2010-06-13,,0.033282,,,931637,港股通互联网,CNY,CN10Y
2010-06-17,,0.033296,,,931637,港股通互联网,CNY,CN10Y
2010-06-18,,0.033836,,,931637,港股通互联网,CNY,CN10Y
2010-06-21,,0.033925,,,931637,港股通互联网,CNY,CN10Y
2010-06-22,,0.033807,,,931637,港股通互联网,CNY,CN10Y
2010-06-23,,0.034129,,,931637,港股通互联网,CNY,CN10Y
2010-06-24,,0.034179,,,931637,港股通互联网,CNY,CN10Y
2010-06-25,,0.033822,,,931637,港股通互联网,CNY,CN10Y
2010-06-28,,0.033435,,,931637,港股通互联网,CNY,CN10Y
2010-06-29,,0.032909,,,931637,港股通互联网,CNY,CN10Y
2010-06-30,,0.03279,,,931637,港股通互联网,CNY,CN10Y
2010-07-01,,0.032848,,,931637,港股通互联网,CNY,CN10Y
2010-07-02,,0.032665,,,931637,港股通互联网,CNY,CN10Y
2010-07-05,,0.032517,,,931637,港股通互联网,CNY,CN10Y
2010-07-06,,0.032168,,,931637,港股通互联网,CNY,CN10Y
2010-07-07,,0.032233,,,931637,港股通互联网,CNY,CN10Y
2010-07-08,,0.032382,,,931637,港股通互联网,CNY,CN10Y
2010-07-09,,0.032347,,,931637,港股通互联网,CNY,CN10Y
2010-07-12,,0.032146,,,931637,港股通互联网,CNY,CN10Y
2010-07-13,,0.031767,,,931637,港股通互联网,CNY,CN10Y
2010-07-14,,0.031744,,,931637,港股通互联网,CNY,CN10Y
2010-07-15,,0.031817,,,931637,港股通互联网,CNY,CN10Y
2010-07-16,,0.031976,,,931637,港股通互联网,CNY,CN10Y
2010-07-19,,0.031901,,,931637,港股通互联网,CNY,CN10Y
2010-07-20,,0.032086,,,931637,港股通互联网,CNY,CN10Y
2010-07-21,,0.032144,,,931637,港股通互联网,CNY,CN10Y
2010-07-22,,0.032161,,,931637,港股通互联网,CNY,CN10Y
2010-07-23,,0.032528,,,931637,港股通互联网,CNY,CN10Y
2010-07-26,,0.032813,,,931637,港股通互联网,CNY,CN10Y
2010-07-27,,0.032816,,,931637,港股通互联网,CNY,CN10Y
2010-07-28,,0.032982,,,931637,港股通互联网,CNY,CN10Y
2010-07-29,,0.032993,,,931637,港股通互联网,CNY,CN10Y
2010-07-30,,0.032996,,,931637,港股通互联网,CNY,CN10Y
2010-08-02,,0.033131,,,931637,港股通互联网,CNY,CN10Y
2010-08-03,,0.033105,,,931637,港股通互联网,CNY,CN10Y
2010-08-04,,0.032971,,,931637,港股通互联网,CNY,CN10Y
2010-08-05,,0.0329669999999999,,,931637,港股通互联网,CNY,CN10Y
2010-08-06,,0.032922,,,931637,港股通互联网,CNY,CN10Y
2010-08-09,,0.032975,,,931637,港股通互联网,CNY,CN10Y
2010-08-10,,0.032972,,,931637,港股通互联网,CNY,CN10Y
2010-08-11,,0.032685,,,931637,港股通互联网,CNY,CN10Y
2010-08-12,,0.03223,,,931637,港股通互联网,CNY,CN10Y
2010-08-13,,0.032374,,,931637,港股通互联网,CNY,CN10Y
2010-08-16,,0.032504,,,931637,港股通互联网,CNY,CN10Y
2010-08-17,,0.032461,,,931637,港股通互联网,CNY,CN10Y
2010-08-18,,0.03245,,,931637,港股通互联网,CNY,CN10Y
2010-08-19,,0.032501,,,931637,港股通互联网,CNY,CN10Y
2010-08-20,,0.032389,,,931637,港股通互联网,CNY,CN10Y
2010-08-23,,0.032346,,,931637,港股通互联网,CNY,CN10Y
2010-08-24,,0.032229,,,931637,港股通互联网,CNY,CN10Y
2010-08-25,,0.0321539999999999,,,931637,港股通互联网,CNY,CN10Y
2010-08-26,,0.032322,,,931637,港股通互联网,CNY,CN10Y
2010-08-27,,0.032379,,,931637,港股通互联网,CNY,CN10Y
2010-08-30,,0.032304,,,931637,港股通互联网,CNY,CN10Y
2010-08-31,,0.032301,,,931637,港股通互联网,CNY,CN10Y
2010-09-01,,0.032358,,,931637,港股通互联网,CNY,CN10Y
2010-09-02,,0.032418,,,931637,港股通互联网,CNY,CN10Y
2010-09-03,,0.032406,,,931637,港股通互联网,CNY,CN10Y
2010-09-06,,0.03258,,,931637,港股通互联网,CNY,CN10Y
2010-09-07,,0.032739,,,931637,港股通互联网,CNY,CN10Y
2010-09-08,,0.032632,,,931637,港股通互联网,CNY,CN10Y
2010-09-09,,0.032681,,,931637,港股通互联网,CNY,CN10Y
2010-09-10,,0.032989,,,931637,港股通互联网,CNY,CN10Y
2010-09-13,,0.033251,,,931637,港股通互联网,CNY,CN10Y
2010-09-14,,0.033205,,,931637,港股通互联网,CNY,CN10Y
2010-09-15,,0.033443,,,931637,港股通互联网,CNY,CN10Y
2010-09-16,,0.033401,,,931637,港股通互联网,CNY,CN10Y
2010-09-17,,0.033504,,,931637,港股通互联网,CNY,CN10Y
2010-09-19,,0.0335,,,931637,港股通互联网,CNY,CN10Y
2010-09-20,,0.033388,,,931637,港股通互联网,CNY,CN10Y
2010-09-21,,0.033391,,,931637,港股通互联网,CNY,CN10Y
2010-09-25,,0.033387,,,931637,港股通互联网,CNY,CN10Y
2010-09-26,,0.033428,,,931637,港股通互联网,CNY,CN10Y
2010-09-27,,0.033378,,,931637,港股通互联网,CNY,CN10Y
2010-09-28,,0.033371,,,931637,港股通互联网,CNY,CN10Y
2010-09-29,,0.03331,,,931637,港股通互联网,CNY,CN10Y
2010-09-30,,0.033183,,,931637,港股通互联网,CNY,CN10Y
2010-10-08,,0.033342,,,931637,港股通互联网,CNY,CN10Y
2010-10-09,,0.033584,,,931637,港股通互联网,CNY,CN10Y
2010-10-11,,0.03404,,,931637,港股通互联网,CNY,CN10Y
2010-10-12,,0.034179,,,931637,港股通互联网,CNY,CN10Y
2010-10-13,,0.0342709999999999,,,931637,港股通互联网,CNY,CN10Y
2010-10-14,,0.034275,,,931637,港股通互联网,CNY,CN10Y
2010-10-15,,0.034247,,,931637,港股通互联网,CNY,CN10Y
2010-10-18,,0.034182,,,931637,港股通互联网,CNY,CN10Y
2010-10-19,,0.034205,,,931637,港股通互联网,CNY,CN10Y
2010-10-20,,0.036201,,,931637,港股通互联网,CNY,CN10Y
2010-10-21,,0.03637,,,931637,港股通互联网,CNY,CN10Y
2010-10-22,,0.036358,,,931637,港股通互联网,CNY,CN10Y
2010-10-25,,0.0364069999999999,,,931637,港股通互联网,CNY,CN10Y
2010-10-26,,0.036944,,,931637,港股通互联网,CNY,CN10Y
2010-10-27,,0.036975,,,931637,港股通互联网,CNY,CN10Y
2010-10-28,,0.036863,,,931637,港股通互联网,CNY,CN10Y
2010-10-29,,0.036821,,,931637,港股通互联网,CNY,CN10Y
2010-11-01,,0.036941,,,931637,港股通互联网,CNY,CN10Y
2010-11-02,,0.0374969999999999,,,931637,港股通互联网,CNY,CN10Y
2010-11-03,,0.038113,,,931637,港股通互联网,CNY,CN10Y
2010-11-04,,0.0384339999999999,,,931637,港股通互联网,CNY,CN10Y
2010-11-05,,0.038458,,,931637,港股通互联网,CNY,CN10Y
2010-11-08,,0.038392,,,931637,港股通互联网,CNY,CN10Y
2010-11-09,,0.038445,,,931637,港股通互联网,CNY,CN10Y
2010-11-10,,0.0392039999999999,,,931637,港股通互联网,CNY,CN10Y
2010-11-11,,0.0395299999999999,,,931637,港股通互联网,CNY,CN10Y
2010-11-12,,0.039534,,,931637,港股通互联网,CNY,CN10Y
2010-11-15,,0.03945,,,931637,港股通互联网,CNY,CN10Y
2010-11-16,,0.0390649999999999,,,931637,港股通互联网,CNY,CN10Y
2010-11-17,,0.0385999999999999,,,931637,港股通互联网,CNY,CN10Y
2010-11-18,,0.038336,,,931637,港股通互联网,CNY,CN10Y
2010-11-19,,0.0387,,,931637,港股通互联网,CNY,CN10Y
2010-11-22,,0.039161,,,931637,港股通互联网,CNY,CN10Y
2010-11-23,,0.039317,,,931637,港股通互联网,CNY,CN10Y
2010-11-24,,0.039533,,,931637,港股通互联网,CNY,CN10Y
2010-11-25,,0.039674,,,931637,港股通互联网,CNY,CN10Y
2010-11-26,,0.040123,,,931637,港股通互联网,CNY,CN10Y
2010-11-29,,0.0399589999999999,,,931637,港股通互联网,CNY,CN10Y
2010-11-30,,0.03971,,,931637,港股通互联网,CNY,CN10Y
2010-12-01,,0.038919,,,931637,港股通互联网,CNY,CN10Y
2010-12-02,,0.038609,,,931637,港股通互联网,CNY,CN10Y
2010-12-03,,0.038699,,,931637,港股通互联网,CNY,CN10Y
2010-12-06,,0.038696,,,931637,港股通互联网,CNY,CN10Y
2010-12-07,,0.038435,,,931637,港股通互联网,CNY,CN10Y
2010-12-08,,0.038609,,,931637,港股通互联网,CNY,CN10Y
2010-12-09,,0.039024,,,931637,港股通互联网,CNY,CN10Y
2010-12-10,,0.038888,,,931637,港股通互联网,CNY,CN10Y
2010-12-13,,0.038509,,,931637,港股通互联网,CNY,CN10Y
2010-12-14,,0.038521,,,931637,港股通互联网,CNY,CN10Y
2010-12-15,,0.0381499999999999,,,931637,港股通互联网,CNY,CN10Y
2010-12-16,,0.0380439999999999,,,931637,港股通互联网,CNY,CN10Y
2010-12-17,,0.038058,,,931637,港股通互联网,CNY,CN10Y
2010-12-20,,0.03785,,,931637,港股通互联网,CNY,CN10Y
2010-12-21,,0.037956,,,931637,港股通互联网,CNY,CN10Y
2010-12-22,,0.0380039999999999,,,931637,港股通互联网,CNY,CN10Y
2010-12-23,,0.038108,,,931637,港股通互联网,CNY,CN10Y
2010-12-24,,0.038136,,,931637,港股通互联网,CNY,CN10Y
2010-12-27,,0.038913,,,931637,港股通互联网,CNY,CN10Y
2010-12-28,,0.039118,,,931637,港股通互联网,CNY,CN10Y
2010-12-29,,0.039019,,,931637,港股通互联网,CNY,CN10Y
2010-12-30,,0.0388,,,931637,港股通互联网,CNY,CN10Y
2010-12-31,,0.038799,,,931637,港股通互联网,CNY,CN10Y
2011-01-04,,0.038606,,,931637,港股通互联网,CNY,CN10Y
2011-01-05,,0.038132,,,931637,港股通互联网,CNY,CN10Y
2011-01-06,,0.038339,,,931637,港股通互联网,CNY,CN10Y
2011-01-07,,0.038237,,,931637,港股通互联网,CNY,CN10Y
2011-01-10,,0.038449,,,931637,港股通互联网,CNY,CN10Y
2011-01-11,,0.038703,,,931637,港股通互联网,CNY,CN10Y
2011-01-12,,0.03855,,,931637,港股通互联网,CNY,CN10Y
2011-01-13,,0.038831,,,931637,港股通互联网,CNY,CN10Y
2011-01-14,,0.0391559999999999,,,931637,港股通互联网,CNY,CN10Y
2011-01-17,,0.039651,,,931637,港股通互联网,CNY,CN10Y
2011-01-18,,0.039954,,,931637,港股通互联网,CNY,CN10Y
2011-01-19,,0.039752,,,931637,港股通互联网,CNY,CN10Y
2011-01-20,,0.039749,,,931637,港股通互联网,CNY,CN10Y
2011-01-21,,0.039837,,,931637,港股通互联网,CNY,CN10Y
2011-01-24,,0.039918,,,931637,港股通互联网,CNY,CN10Y
2011-01-25,,0.040152,,,931637,港股通互联网,CNY,CN10Y
2011-01-26,,0.039991,,,931637,港股通互联网,CNY,CN10Y
2011-01-27,,0.0400579999999999,,,931637,港股通互联网,CNY,CN10Y
2011-01-28,,0.040096,,,931637,港股通互联网,CNY,CN10Y
2011-01-30,,0.0401,,,931637,港股通互联网,CNY,CN10Y
2011-01-31,,0.040187,,,931637,港股通互联网,CNY,CN10Y
2011-02-01,,0.040186,,,931637,港股通互联网,CNY,CN10Y
2011-02-09,,0.041006,,,931637,港股通互联网,CNY,CN10Y
2011-02-10,,0.041158,,,931637,港股通互联网,CNY,CN10Y
2011-02-11,,0.041062,,,931637,港股通互联网,CNY,CN10Y
2011-02-12,,0.041087,,,931637,港股通互联网,CNY,CN10Y
2011-02-14,,0.040552,,,931637,港股通互联网,CNY,CN10Y
2011-02-15,,0.040454,,,931637,港股通互联网,CNY,CN10Y
2011-02-16,,0.04045,,,931637,港股通互联网,CNY,CN10Y
2011-02-17,,0.040449,,,931637,港股通互联网,CNY,CN10Y
2011-02-18,,0.04045,,,931637,港股通互联网,CNY,CN10Y
2011-02-21,,0.0407019999999999,,,931637,港股通互联网,CNY,CN10Y
2011-02-22,,0.0404,,,931637,港股通互联网,CNY,CN10Y
2011-02-23,,0.039946,,,931637,港股通互联网,CNY,CN10Y
2011-02-24,,0.039132,,,931637,港股通互联网,CNY,CN10Y
2011-02-25,,0.039566,,,931637,港股通互联网,CNY,CN10Y
2011-02-28,,0.039314,,,931637,港股通互联网,CNY,CN10Y
2011-03-01,,0.039259,,,931637,港股通互联网,CNY,CN10Y
2011-03-02,,0.039233,,,931637,港股通互联网,CNY,CN10Y
2011-03-03,,0.039279,,,931637,港股通互联网,CNY,CN10Y
2011-03-04,,0.039388,,,931637,港股通互联网,CNY,CN10Y
2011-03-07,,0.039351,,,931637,港股通互联网,CNY,CN10Y
2011-03-08,,0.039078,,,931637,港股通互联网,CNY,CN10Y
2011-03-09,,0.038879,,,931637,港股通互联网,CNY,CN10Y
2011-03-10,,0.039321,,,931637,港股通互联网,CNY,CN10Y
2011-03-11,,0.039328,,,931637,港股通互联网,CNY,CN10Y
2011-03-14,,0.039074,,,931637,港股通互联网,CNY,CN10Y
2011-03-15,,0.038659,,,931637,港股通互联网,CNY,CN10Y
2011-03-16,,0.0385999999999999,,,931637,港股通互联网,CNY,CN10Y
2011-03-17,,0.038326,,,931637,港股通互联网,CNY,CN10Y
2011-03-18,,0.038489,,,931637,港股通互联网,CNY,CN10Y
2011-03-21,,0.038774,,,931637,港股通互联网,CNY,CN10Y
2011-03-22,,0.038987,,,931637,港股通互联网,CNY,CN10Y
2011-03-23,,0.039037,,,931637,港股通互联网,CNY,CN10Y
2011-03-24,,0.038762,,,931637,港股通互联网,CNY,CN10Y
2011-03-25,,0.038714,,,931637,港股通互联网,CNY,CN10Y
2011-03-28,,0.038807,,,931637,港股通互联网,CNY,CN10Y
2011-03-29,,0.0390439999999999,,,931637,港股通互联网,CNY,CN10Y
2011-03-30,,0.039069,,,931637,港股通互联网,CNY,CN10Y
2011-03-31,,0.03912,,,931637,港股通互联网,CNY,CN10Y
2011-04-01,,0.039126,,,931637,港股通互联网,CNY,CN10Y
2011-04-02,,0.039078,,,931637,港股通互联网,CNY,CN10Y
2011-04-06,,0.039203,,,931637,港股通互联网,CNY,CN10Y
2011-04-07,,0.039167,,,931637,港股通互联网,CNY,CN10Y
2011-04-08,,0.039081,,,931637,港股通互联网,CNY,CN10Y
2011-04-11,,0.038928,,,931637,港股通互联网,CNY,CN10Y
2011-04-12,,0.0387,,,931637,港股通互联网,CNY,CN10Y
2011-04-13,,0.038703,,,931637,港股通互联网,CNY,CN10Y
2011-04-14,,0.038707,,,931637,港股通互联网,CNY,CN10Y
2011-04-15,,0.038709,,,931637,港股通互联网,CNY,CN10Y
2011-04-18,,0.03896,,,931637,港股通互联网,CNY,CN10Y
2011-04-19,,0.038911,,,931637,港股通互联网,CNY,CN10Y
2011-04-20,,0.038913,,,931637,港股通互联网,CNY,CN10Y
2011-04-21,,0.038912,,,931637,港股通互联网,CNY,CN10Y
2011-04-22,,0.038966,,,931637,港股通互联网,CNY,CN10Y
2011-04-25,,0.038961,,,931637,港股通互联网,CNY,CN10Y
2011-04-26,,0.03896,,,931637,港股通互联网,CNY,CN10Y
2011-04-27,,0.038812,,,931637,港股通互联网,CNY,CN10Y
2011-04-28,,0.0387,,,931637,港股通互联网,CNY,CN10Y
2011-04-29,,0.038713,,,931637,港股通互联网,CNY,CN10Y
2011-05-03,,0.038752,,,931637,港股通互联网,CNY,CN10Y
2011-05-04,,0.038772,,,931637,港股通互联网,CNY,CN10Y
2011-05-05,,0.038715,,,931637,港股通互联网,CNY,CN10Y
2011-05-06,,0.038308,,,931637,港股通互联网,CNY,CN10Y
2011-05-09,,0.038378,,,931637,港股通互联网,CNY,CN10Y
2011-05-10,,0.038326,,,931637,港股通互联网,CNY,CN10Y
2011-05-11,,0.038334,,,931637,港股通互联网,CNY,CN10Y
2011-05-12,,0.038211,,,931637,港股通互联网,CNY,CN10Y
2011-05-13,,0.038363,,,931637,港股通互联网,CNY,CN10Y
2011-05-16,,0.038432,,,931637,港股通互联网,CNY,CN10Y
2011-05-17,,0.038318,,,931637,港股通互联网,CNY,CN10Y
2011-05-18,,0.038338,,,931637,港股通互联网,CNY,CN10Y
2011-05-19,,0.038309,,,931637,港股通互联网,CNY,CN10Y
2011-05-20,,0.038429,,,931637,港股通互联网,CNY,CN10Y
2011-05-23,,0.0384,,,931637,港股通互联网,CNY,CN10Y
2011-05-24,,0.038414,,,931637,港股通互联网,CNY,CN10Y
2011-05-25,,0.038382,,,931637,港股通互联网,CNY,CN10Y
2011-05-26,,0.038352,,,931637,港股通互联网,CNY,CN10Y
2011-05-27,,0.038217,,,931637,港股通互联网,CNY,CN10Y
2011-05-30,,0.038256,,,931637,港股通互联网,CNY,CN10Y
2011-05-31,,0.038311,,,931637,港股通互联网,CNY,CN10Y
2011-06-01,,0.038311,,,931637,港股通互联网,CNY,CN10Y
2011-06-02,,0.0383369999999999,,,931637,港股通互联网,CNY,CN10Y
2011-06-03,,0.0383369999999999,,,931637,港股通互联网,CNY,CN10Y
2011-06-07,,0.038341,,,931637,港股通互联网,CNY,CN10Y
2011-06-08,,0.038572,,,931637,港股通互联网,CNY,CN10Y
2011-06-09,,0.038726,,,931637,港股通互联网,CNY,CN10Y
2011-06-10,,0.03894,,,931637,港股通互联网,CNY,CN10Y
2011-06-13,,0.039036,,,931637,港股通互联网,CNY,CN10Y
2011-06-14,,0.039406,,,931637,港股通互联网,CNY,CN10Y
2011-06-15,,0.039986,,,931637,港股通互联网,CNY,CN10Y
2011-06-16,,0.039839,,,931637,港股通互联网,CNY,CN10Y
2011-06-17,,0.039803,,,931637,港股通互联网,CNY,CN10Y
2011-06-20,,0.039413,,,931637,港股通互联网,CNY,CN10Y
2011-06-21,,0.039003,,,931637,港股通互联网,CNY,CN10Y
2011-06-22,,0.039555,,,931637,港股通互联网,CNY,CN10Y
2011-06-23,,0.039691,,,931637,港股通互联网,CNY,CN10Y
2011-06-24,,0.038963,,,931637,港股通互联网,CNY,CN10Y
2011-06-27,,0.038703,,,931637,港股通互联网,CNY,CN10Y
2011-06-28,,0.038801,,,931637,港股通互联网,CNY,CN10Y
2011-06-29,,0.038833,,,931637,港股通互联网,CNY,CN10Y
2011-06-30,,0.038857,,,931637,港股通互联网,CNY,CN10Y
2011-07-01,,0.038775,,,931637,港股通互联网,CNY,CN10Y
2011-07-04,,0.038842,,,931637,港股通互联网,CNY,CN10Y
2011-07-05,,0.038909,,,931637,港股通互联网,CNY,CN10Y
2011-07-06,,0.039116,,,931637,港股通互联网,CNY,CN10Y
2011-07-07,,0.039021,,,931637,港股通互联网,CNY,CN10Y
2011-07-08,,0.038881,,,931637,港股通互联网,CNY,CN10Y
2011-07-11,,0.038923,,,931637,港股通互联网,CNY,CN10Y
2011-07-12,,0.0388989999999999,,,931637,港股通互联网,CNY,CN10Y
2011-07-13,,0.038913,,,931637,港股通互联网,CNY,CN10Y
2011-07-14,,0.0392039999999999,,,931637,港股通互联网,CNY,CN10Y
2011-07-15,,0.039278,,,931637,港股通互联网,CNY,CN10Y
2011-07-18,,0.039558,,,931637,港股通互联网,CNY,CN10Y
2011-07-19,,0.040088,,,931637,港股通互联网,CNY,CN10Y
2011-07-20,,0.040715,,,931637,港股通互联网,CNY,CN10Y
2011-07-21,,0.0408889999999999,,,931637,港股通互联网,CNY,CN10Y
2011-07-22,,0.040671,,,931637,港股通互联网,CNY,CN10Y
2011-07-25,,0.040663,,,931637,港股通互联网,CNY,CN10Y
2011-07-26,,0.040753,,,931637,港股通互联网,CNY,CN10Y
2011-07-27,,0.0408549999999999,,,931637,港股通互联网,CNY,CN10Y
2011-07-28,,0.040627,,,931637,港股通互联网,CNY,CN10Y
2011-07-29,,0.040477,,,931637,港股通互联网,CNY,CN10Y
2011-08-01,,0.040502,,,931637,港股通互联网,CNY,CN10Y
2011-08-02,,0.040615,,,931637,港股通互联网,CNY,CN10Y
2011-08-03,,0.041201,,,931637,港股通互联网,CNY,CN10Y
2011-08-04,,0.040911,,,931637,港股通互联网,CNY,CN10Y
2011-08-05,,0.040423,,,931637,港股通互联网,CNY,CN10Y
2011-08-08,,0.040007,,,931637,港股通互联网,CNY,CN10Y
2011-08-09,,0.039554,,,931637,港股通互联网,CNY,CN10Y
2011-08-10,,0.039639,,,931637,港股通互联网,CNY,CN10Y
2011-08-11,,0.039291,,,931637,港股通互联网,CNY,CN10Y
2011-08-12,,0.039268,,,931637,港股通互联网,CNY,CN10Y
2011-08-15,,0.0392309999999999,,,931637,港股通互联网,CNY,CN10Y
2011-08-16,,0.039492,,,931637,港股通互联网,CNY,CN10Y
2011-08-17,,0.039432,,,931637,港股通互联网,CNY,CN10Y
2011-08-18,,0.03956,,,931637,港股通互联网,CNY,CN10Y
2011-08-19,,0.039331,,,931637,港股通互联网,CNY,CN10Y
2011-08-22,,0.039325,,,931637,港股通互联网,CNY,CN10Y
2011-08-23,,0.039356,,,931637,港股通互联网,CNY,CN10Y
2011-08-24,,0.039501,,,931637,港股通互联网,CNY,CN10Y
2011-08-25,,0.03975,,,931637,港股通互联网,CNY,CN10Y
2011-08-26,,0.039886,,,931637,港股通互联网,CNY,CN10Y
2011-08-29,,0.040994,,,931637,港股通互联网,CNY,CN10Y
2011-08-30,,0.041303,,,931637,港股通互联网,CNY,CN10Y
2011-08-31,,0.04105,,,931637,港股通互联网,CNY,CN10Y
2011-09-01,,0.040708,,,931637,港股通互联网,CNY,CN10Y
2011-09-02,,0.0407,,,931637,港股通互联网,CNY,CN10Y
2011-09-05,,0.0405009999999999,,,931637,港股通互联网,CNY,CN10Y
2011-09-06,,0.040107,,,931637,港股通互联网,CNY,CN10Y
2011-09-07,,0.0405,,,931637,港股通互联网,CNY,CN10Y
2011-09-08,,0.04065,,,931637,港股通互联网,CNY,CN10Y
2011-09-09,,0.040452,,,931637,港股通互联网,CNY,CN10Y
2011-09-13,,0.040208,,,931637,港股通互联网,CNY,CN10Y
2011-09-14,,0.0402099999999999,,,931637,港股通互联网,CNY,CN10Y
2011-09-15,,0.040495,,,931637,港股通互联网,CNY,CN10Y
2011-09-16,,0.040752,,,931637,港股通互联网,CNY,CN10Y
2011-09-19,,0.040801,,,931637,港股通互联网,CNY,CN10Y
2011-09-20,,0.040801,,,931637,港股通互联网,CNY,CN10Y
2011-09-21,,0.040908,,,931637,港股通互联网,CNY,CN10Y
2011-09-22,,0.040676,,,931637,港股通互联网,CNY,CN10Y
2011-09-23,,0.039662,,,931637,港股通互联网,CNY,CN10Y
2011-09-26,,0.0388779999999999,,,931637,港股通互联网,CNY,CN10Y
2011-09-27,,0.039158,,,931637,港股通互联网,CNY,CN10Y
2011-09-28,,0.039203,,,931637,港股通互联网,CNY,CN10Y
2011-09-29,,0.03884,,,931637,港股通互联网,CNY,CN10Y
2011-09-30,,0.038605,,,931637,港股通互联网,CNY,CN10Y
2011-10-08,,0.038605,,,931637,港股通互联网,CNY,CN10Y
2011-10-09,,0.038056,,,931637,港股通互联网,CNY,CN10Y
2011-10-10,,0.0377059999999999,,,931637,港股通互联网,CNY,CN10Y
2011-10-11,,0.037593,,,931637,港股通互联网,CNY,CN10Y
2011-10-12,,0.038005,,,931637,港股通互联网,CNY,CN10Y
2011-10-13,,0.038205,,,931637,港股通互联网,CNY,CN10Y
2011-10-14,,0.037707,,,931637,港股通互联网,CNY,CN10Y
2011-10-17,,0.037906,,,931637,港股通互联网,CNY,CN10Y
2011-10-18,,0.0374069999999999,,,931637,港股通互联网,CNY,CN10Y
2011-10-19,,0.037311,,,931637,港股通互联网,CNY,CN10Y
2011-10-20,,0.037266,,,931637,港股通互联网,CNY,CN10Y
2011-10-21,,0.037385,,,931637,港股通互联网,CNY,CN10Y
2011-10-24,,0.037533,,,931637,港股通互联网,CNY,CN10Y
2011-10-25,,0.03796,,,931637,港股通互联网,CNY,CN10Y
2011-10-26,,0.037918,,,931637,港股通互联网,CNY,CN10Y
2011-10-27,,0.0380319999999999,,,931637,港股通互联网,CNY,CN10Y
2011-10-28,,0.03787,,,931637,港股通互联网,CNY,CN10Y
2011-10-31,,0.037607,,,931637,港股通互联网,CNY,CN10Y
2011-11-01,,0.037395,,,931637,港股通互联网,CNY,CN10Y
2011-11-02,,0.037208,,,931637,港股通互联网,CNY,CN10Y
2011-11-03,,0.037233,,,931637,港股通互联网,CNY,CN10Y
2011-11-04,,0.037158,,,931637,港股通互联网,CNY,CN10Y
2011-11-07,,0.037333,,,931637,港股通互联网,CNY,CN10Y
2011-11-08,,0.036988,,,931637,港股通互联网,CNY,CN10Y
2011-11-09,,0.036436,,,931637,港股通互联网,CNY,CN10Y
2011-11-10,,0.035563,,,931637,港股通互联网,CNY,CN10Y
2011-11-11,,0.035916,,,931637,港股通互联网,CNY,CN10Y
2011-11-14,,0.035807,,,931637,港股通互联网,CNY,CN10Y
2011-11-15,,0.036563,,,931637,港股通互联网,CNY,CN10Y
2011-11-16,,0.03626,,,931637,港股通互联网,CNY,CN10Y
2011-11-17,,0.03636,,,931637,港股通互联网,CNY,CN10Y
2011-11-18,,0.036412,,,931637,港股通互联网,CNY,CN10Y
2011-11-21,,0.036598,,,931637,港股通互联网,CNY,CN10Y
2011-11-22,,0.036412,,,931637,港股通互联网,CNY,CN10Y
2011-11-23,,0.035914,,,931637,港股通互联网,CNY,CN10Y
2011-11-24,,0.036103,,,931637,港股通互联网,CNY,CN10Y
2011-11-25,,0.036115,,,931637,港股通互联网,CNY,CN10Y
2011-11-28,,0.036402,,,931637,港股通互联网,CNY,CN10Y
2011-11-29,,0.036315,,,931637,港股通互联网,CNY,CN10Y
2011-11-30,,0.036091,,,931637,港股通互联网,CNY,CN10Y
2011-12-01,,0.035005,,,931637,港股通互联网,CNY,CN10Y
2011-12-02,,0.03472,,,931637,港股通互联网,CNY,CN10Y
2011-12-05,,0.03442,,,931637,港股通互联网,CNY,CN10Y
2011-12-06,,0.03479,,,931637,港股通互联网,CNY,CN10Y
2011-12-07,,0.03489,,,931637,港股通互联网,CNY,CN10Y
2011-12-08,,0.034953,,,931637,港股通互联网,CNY,CN10Y
2011-12-09,,0.034817,,,931637,港股通互联网,CNY,CN10Y
2011-12-12,,0.034927,,,931637,港股通互联网,CNY,CN10Y
2011-12-13,,0.034982,,,931637,港股通互联网,CNY,CN10Y
2011-12-14,,0.034807,,,931637,港股通互联网,CNY,CN10Y
2011-12-15,,0.03489,,,931637,港股通互联网,CNY,CN10Y
2011-12-16,,0.034637,,,931637,港股通互联网,CNY,CN10Y
2011-12-19,,0.034702,,,931637,港股通互联网,CNY,CN10Y
2011-12-20,,0.034655,,,931637,港股通互联网,CNY,CN10Y
2011-12-21,,0.034709,,,931637,港股通互联网,CNY,CN10Y
2011-12-22,,0.034752,,,931637,港股通互联网,CNY,CN10Y
2011-12-23,,0.034803,,,931637,港股通互联网,CNY,CN10Y
2011-12-26,,0.0346519999999999,,,931637,港股通互联网,CNY,CN10Y
2011-12-27,,0.034603,,,931637,港股通互联网,CNY,CN10Y
2011-12-28,,0.034603,,,931637,港股通互联网,CNY,CN10Y
2011-12-29,,0.034453,,,931637,港股通互联网,CNY,CN10Y
2011-12-30,,0.034303,,,931637,港股通互联网,CNY,CN10Y
2011-12-31,,0.034211,,,931637,港股通互联网,CNY,CN10Y
2012-01-04,,0.0343949999999999,,,931637,港股通互联网,CNY,CN10Y
2012-01-05,,0.034304,,,931637,港股通互联网,CNY,CN10Y
2012-01-06,,0.03397,,,931637,港股通互联网,CNY,CN10Y
2012-01-09,,0.0338059999999999,,,931637,港股通互联网,CNY,CN10Y
2012-01-10,,0.03403,,,931637,港股通互联网,CNY,CN10Y
2012-01-11,,0.0342079999999999,,,931637,港股通互联网,CNY,CN10Y
2012-01-12,,0.03402,,,931637,港股通互联网,CNY,CN10Y
2012-01-13,,0.034108,,,931637,港股通互联网,CNY,CN10Y
2012-01-16,,0.034233,,,931637,港股通互联网,CNY,CN10Y
2012-01-17,,0.034045,,,931637,港股通互联网,CNY,CN10Y
2012-01-18,,0.033957,,,931637,港股通互联网,CNY,CN10Y
2012-01-19,,0.0337579999999999,,,931637,港股通互联网,CNY,CN10Y
2012-01-20,,0.033808,,,931637,港股通互联网,CNY,CN10Y
2012-01-21,,0.033811,,,931637,港股通互联网,CNY,CN10Y
2012-01-29,,0.033812,,,931637,港股通互联网,CNY,CN10Y
2012-01-30,,0.034005,,,931637,港股通互联网,CNY,CN10Y
2012-01-31,,0.034064,,,931637,港股通互联网,CNY,CN10Y
2012-02-01,,0.034318,,,931637,港股通互联网,CNY,CN10Y
2012-02-02,,0.0344099999999999,,,931637,港股通互联网,CNY,CN10Y
2012-02-03,,0.03436,,,931637,港股通互联网,CNY,CN10Y
2012-02-06,,0.0347849999999999,,,931637,港股通互联网,CNY,CN10Y
2012-02-07,,0.03481,,,931637,港股通互联网,CNY,CN10Y
2012-02-08,,0.035098,,,931637,港股通互联网,CNY,CN10Y
2012-02-09,,0.035409,,,931637,港股通互联网,CNY,CN10Y
2012-02-10,,0.03521,,,931637,港股通互联网,CNY,CN10Y
2012-02-13,,0.035148,,,931637,港股通互联网,CNY,CN10Y
2012-02-14,,0.03516,,,931637,港股通互联网,CNY,CN10Y
2012-02-15,,0.035335,,,931637,港股通互联网,CNY,CN10Y
2012-02-16,,0.035361,,,931637,港股通互联网,CNY,CN10Y
2012-02-17,,0.035361,,,931637,港股通互联网,CNY,CN10Y
2012-02-20,,0.035116,,,931637,港股通互联网,CNY,CN10Y
2012-02-21,,0.035164,,,931637,港股通互联网,CNY,CN10Y
2012-02-22,,0.035276,,,931637,港股通互联网,CNY,CN10Y
2012-02-23,,0.035254,,,931637,港股通互联网,CNY,CN10Y
2012-02-24,,0.035164,,,931637,港股通互联网,CNY,CN10Y
2012-02-27,,0.035501,,,931637,港股通互联网,CNY,CN10Y
2012-02-28,,0.035464,,,931637,港股通互联网,CNY,CN10Y
2012-02-29,,0.0353399999999999,,,931637,港股通互联网,CNY,CN10Y
2012-03-01,,0.0355,,,931637,港股通互联网,CNY,CN10Y
2012-03-02,,0.035616,,,931637,港股通互联网,CNY,CN10Y
2012-03-05,,0.035614,,,931637,港股通互联网,CNY,CN10Y
2012-03-06,,0.0354649999999999,,,931637,港股通互联网,CNY,CN10Y
2012-03-07,,0.035316,,,931637,港股通互联网,CNY,CN10Y
2012-03-08,,0.035316,,,931637,港股通互联网,CNY,CN10Y
2012-03-09,,0.035367,,,931637,港股通互联网,CNY,CN10Y
2012-03-12,,0.035242,,,931637,港股通互联网,CNY,CN10Y
2012-03-13,,0.0354009999999999,,,931637,港股通互联网,CNY,CN10Y
2012-03-14,,0.035451,,,931637,港股通互联网,CNY,CN10Y
2012-03-15,,0.035589,,,931637,港股通互联网,CNY,CN10Y
2012-03-16,,0.035483,,,931637,港股通互联网,CNY,CN10Y
2012-03-19,,0.03559,,,931637,港股通互联网,CNY,CN10Y
2012-03-20,,0.035601,,,931637,港股通互联网,CNY,CN10Y
2012-03-21,,0.035608,,,931637,港股通互联网,CNY,CN10Y
2012-03-22,,0.035502,,,931637,港股通互联网,CNY,CN10Y
2012-03-23,,0.035267,,,931637,港股通互联网,CNY,CN10Y
2012-03-26,,0.035247,,,931637,港股通互联网,CNY,CN10Y
2012-03-27,,0.035403,,,931637,港股通互联网,CNY,CN10Y
2012-03-28,,0.035223,,,931637,港股通互联网,CNY,CN10Y
2012-03-29,,0.035143,,,931637,港股通互联网,CNY,CN10Y
2012-03-30,,0.035054,,,931637,港股通互联网,CNY,CN10Y
2012-03-31,,0.035004,,,931637,港股通互联网,CNY,CN10Y
2012-04-01,,0.035204,,,931637,港股通互联网,CNY,CN10Y
2012-04-05,,0.035191,,,931637,港股通互联网,CNY,CN10Y
2012-04-06,,0.035203,,,931637,港股通互联网,CNY,CN10Y
2012-04-09,,0.035352,,,931637,港股通互联网,CNY,CN10Y
2012-04-10,,0.035366,,,931637,港股通互联网,CNY,CN10Y
2012-04-11,,0.035308,,,931637,港股通互联网,CNY,CN10Y
2012-04-12,,0.035407,,,931637,港股通互联网,CNY,CN10Y
2012-04-13,,0.0352769999999999,,,931637,港股通互联网,CNY,CN10Y
2012-04-16,,0.035318,,,931637,港股通互联网,CNY,CN10Y
2012-04-17,,0.035291,,,931637,港股通互联网,CNY,CN10Y
2012-04-18,,0.035366,,,931637,港股通互联网,CNY,CN10Y
2012-04-19,,0.035518,,,931637,港股通互联网,CNY,CN10Y
2012-04-20,,0.035414,,,931637,港股通互联网,CNY,CN10Y
2012-04-23,,0.035407,,,931637,港股通互联网,CNY,CN10Y
2012-04-24,,0.035302,,,931637,港股通互联网,CNY,CN10Y
2012-04-25,,0.035369,,,931637,港股通互联网,CNY,CN10Y
2012-04-26,,0.035357,,,931637,港股通互联网,CNY,CN10Y
2012-04-27,,0.035389,,,931637,港股通互联网,CNY,CN10Y
2012-04-28,,0.035391,,,931637,港股通互联网,CNY,CN10Y
2012-05-02,,0.035449,,,931637,港股通互联网,CNY,CN10Y
2012-05-03,,0.035454,,,931637,港股通互联网,CNY,CN10Y
2012-05-04,,0.035512,,,931637,港股通互联网,CNY,CN10Y
2012-05-07,,0.035518,,,931637,港股通互联网,CNY,CN10Y
2012-05-08,,0.03552,,,931637,港股通互联网,CNY,CN10Y
2012-05-09,,0.035414,,,931637,港股通互联网,CNY,CN10Y
2012-05-10,,0.035287,,,931637,港股通互联网,CNY,CN10Y
2012-05-11,,0.034907,,,931637,港股通互联网,CNY,CN10Y
2012-05-14,,0.034461,,,931637,港股通互联网,CNY,CN10Y
2012-05-15,,0.03405,,,931637,港股通互联网,CNY,CN10Y
2012-05-16,,0.033618,,,931637,港股通互联网,CNY,CN10Y
2012-05-17,,0.034116,,,931637,港股通互联网,CNY,CN10Y
2012-05-18,,0.033614,,,931637,港股通互联网,CNY,CN10Y
2012-05-21,,0.033866,,,931637,港股通互联网,CNY,CN10Y
2012-05-22,,0.033948,,,931637,港股通互联网,CNY,CN10Y
2012-05-23,,0.033825,,,931637,港股通互联网,CNY,CN10Y
2012-05-24,,0.0336189999999999,,,931637,港股通互联网,CNY,CN10Y
2012-05-25,,0.033019,,,931637,港股通互联网,CNY,CN10Y
2012-05-28,,0.033418,,,931637,港股通互联网,CNY,CN10Y
2012-05-29,,0.033718,,,931637,港股通互联网,CNY,CN10Y
2012-05-30,,0.033766,,,931637,港股通互联网,CNY,CN10Y
2012-05-31,,0.033443,,,931637,港股通互联网,CNY,CN10Y
2012-06-01,,0.033416,,,931637,港股通互联网,CNY,CN10Y
2012-06-04,,0.033469,,,931637,港股通互联网,CNY,CN10Y
2012-06-05,,0.033568,,,931637,港股通互联网,CNY,CN10Y
2012-06-06,,0.0336,,,931637,港股通互联网,CNY,CN10Y
2012-06-07,,0.033751,,,931637,港股通互联网,CNY,CN10Y
2012-06-08,,0.033101,,,931637,港股通互联网,CNY,CN10Y
2012-06-11,,0.033491,,,931637,港股通互联网,CNY,CN10Y
2012-06-12,,0.033747,,,931637,港股通互联网,CNY,CN10Y
2012-06-13,,0.0339089999999999,,,931637,港股通互联网,CNY,CN10Y
2012-06-14,,0.034009,,,931637,港股通互联网,CNY,CN10Y
2012-06-15,,0.033932,,,931637,港股通互联网,CNY,CN10Y
2012-06-18,,0.034107,,,931637,港股通互联网,CNY,CN10Y
2012-06-19,,0.034093,,,931637,港股通互联网,CNY,CN10Y
2012-06-20,,0.034101,,,931637,港股通互联网,CNY,CN10Y
2012-06-21,,0.034001,,,931637,港股通互联网,CNY,CN10Y
2012-06-25,,0.033677,,,931637,港股通互联网,CNY,CN10Y
2012-06-26,,0.033653,,,931637,港股通互联网,CNY,CN10Y
2012-06-27,,0.033252,,,931637,港股通互联网,CNY,CN10Y
2012-06-28,,0.033253,,,931637,港股通互联网,CNY,CN10Y
2012-06-29,,0.033253,,,931637,港股通互联网,CNY,CN10Y
2012-07-02,,0.033353,,,931637,港股通互联网,CNY,CN10Y
2012-07-03,,0.033204,,,931637,港股通互联网,CNY,CN10Y
2012-07-04,,0.033195,,,931637,港股通互联网,CNY,CN10Y
2012-07-05,,0.033193,,,931637,港股通互联网,CNY,CN10Y
2012-07-06,,0.0329599999999999,,,931637,港股通互联网,CNY,CN10Y
2012-07-09,,0.032709,,,931637,港股通互联网,CNY,CN10Y
2012-07-10,,0.032549,,,931637,港股通互联网,CNY,CN10Y
2012-07-11,,0.0323979999999999,,,931637,港股通互联网,CNY,CN10Y
2012-07-12,,0.032502,,,931637,港股通互联网,CNY,CN10Y
2012-07-13,,0.032591,,,931637,港股通互联网,CNY,CN10Y
2012-07-16,,0.0327519999999999,,,931637,港股通互联网,CNY,CN10Y
2012-07-17,,0.03285,,,931637,港股通互联网,CNY,CN10Y
2012-07-18,,0.032858,,,931637,港股通互联网,CNY,CN10Y
2012-07-19,,0.03286,,,931637,港股通互联网,CNY,CN10Y
2012-07-20,,0.03281,,,931637,港股通互联网,CNY,CN10Y
2012-07-23,,0.03276,,,931637,港股通互联网,CNY,CN10Y
2012-07-24,,0.032759,,,931637,港股通互联网,CNY,CN10Y
2012-07-25,,0.03276,,,931637,港股通互联网,CNY,CN10Y
2012-07-26,,0.032763,,,931637,港股通互联网,CNY,CN10Y
2012-07-27,,0.032764,,,931637,港股通互联网,CNY,CN10Y
2012-07-30,,0.032755,,,931637,港股通互联网,CNY,CN10Y
2012-07-31,,0.032915,,,931637,港股通互联网,CNY,CN10Y
2012-08-01,,0.032921,,,931637,港股通互联网,CNY,CN10Y
2012-08-02,,0.032861,,,931637,港股通互联网,CNY,CN10Y
2012-08-03,,0.032902,,,931637,港股通互联网,CNY,CN10Y
2012-08-06,,0.0331,,,931637,港股通互联网,CNY,CN10Y
2012-08-07,,0.0333,,,931637,港股通互联网,CNY,CN10Y
2012-08-08,,0.033545,,,931637,港股通互联网,CNY,CN10Y
2012-08-09,,0.033023,,,931637,港股通互联网,CNY,CN10Y
2012-08-10,,0.032825,,,931637,港股通互联网,CNY,CN10Y
2012-08-13,,0.033029,,,931637,港股通互联网,CNY,CN10Y
2012-08-14,,0.033105,,,931637,港股通互联网,CNY,CN10Y
2012-08-15,,0.033402,,,931637,港股通互联网,CNY,CN10Y
2012-08-16,,0.033467,,,931637,港股通互联网,CNY,CN10Y
2012-08-17,,0.033342,,,931637,港股通互联网,CNY,CN10Y
2012-08-20,,0.033564,,,931637,港股通互联网,CNY,CN10Y
2012-08-21,,0.033578,,,931637,港股通互联网,CNY,CN10Y
2012-08-22,,0.033935,,,931637,港股通互联网,CNY,CN10Y
2012-08-23,,0.033702,,,931637,港股通互联网,CNY,CN10Y
2012-08-24,,0.033364,,,931637,港股通互联网,CNY,CN10Y
2012-08-27,,0.033498,,,931637,港股通互联网,CNY,CN10Y
2012-08-28,,0.033634,,,931637,港股通互联网,CNY,CN10Y
2012-08-29,,0.033943,,,931637,港股通互联网,CNY,CN10Y
2012-08-30,,0.033904,,,931637,港股通互联网,CNY,CN10Y
2012-08-31,,0.033928,,,931637,港股通互联网,CNY,CN10Y
2012-09-03,,0.034001,,,931637,港股通互联网,CNY,CN10Y
2012-09-04,,0.033836,,,931637,港股通互联网,CNY,CN10Y
2012-09-05,,0.033887,,,931637,港股通互联网,CNY,CN10Y
2012-09-06,,0.033963,,,931637,港股通互联网,CNY,CN10Y
2012-09-07,,0.034162,,,931637,港股通互联网,CNY,CN10Y
2012-09-10,,0.034611,,,931637,港股通互联网,CNY,CN10Y
2012-09-11,,0.034714,,,931637,港股通互联网,CNY,CN10Y
2012-09-12,,0.0349089999999999,,,931637,港股通互联网,CNY,CN10Y
2012-09-13,,0.034834,,,931637,港股通互联网,CNY,CN10Y
2012-09-14,,0.035485,,,931637,港股通互联网,CNY,CN10Y
2012-09-17,,0.035717,,,931637,港股通互联网,CNY,CN10Y
2012-09-18,,0.035216,,,931637,港股通互联网,CNY,CN10Y
2012-09-19,,0.035166,,,931637,港股通互联网,CNY,CN10Y
2012-09-20,,0.035171,,,931637,港股通互联网,CNY,CN10Y
2012-09-21,,0.034998,,,931637,港股通互联网,CNY,CN10Y
2012-09-24,,0.034956,,,931637,港股通互联网,CNY,CN10Y
2012-09-25,,0.034676,,,931637,港股通互联网,CNY,CN10Y
2012-09-26,,0.034444,,,931637,港股通互联网,CNY,CN10Y
2012-09-27,,0.034525,,,931637,港股通互联网,CNY,CN10Y
2012-09-28,,0.034575,,,931637,港股通互联网,CNY,CN10Y
2012-09-29,,0.034574,,,931637,港股通互联网,CNY,CN10Y
2012-10-08,,0.034814,,,931637,港股通互联网,CNY,CN10Y
2012-10-09,,0.034921,,,931637,港股通互联网,CNY,CN10Y
2012-10-10,,0.035036,,,931637,港股通互联网,CNY,CN10Y
2012-10-11,,0.03499,,,931637,港股通互联网,CNY,CN10Y
2012-10-12,,0.034807,,,931637,港股通互联网,CNY,CN10Y
2012-10-15,,0.03473,,,931637,港股通互联网,CNY,CN10Y
2012-10-16,,0.0349029999999999,,,931637,港股通互联网,CNY,CN10Y
2012-10-17,,0.035036,,,931637,港股通互联网,CNY,CN10Y
2012-10-18,,0.03519,,,931637,港股通互联网,CNY,CN10Y
2012-10-19,,0.03535,,,931637,港股通互联网,CNY,CN10Y
2012-10-22,,0.035293,,,931637,港股通互联网,CNY,CN10Y
2012-10-23,,0.035454,,,931637,港股通互联网,CNY,CN10Y
2012-10-24,,0.035478,,,931637,港股通互联网,CNY,CN10Y
2012-10-25,,0.035672,,,931637,港股通互联网,CNY,CN10Y
2012-10-26,,0.035727,,,931637,港股通互联网,CNY,CN10Y
2012-10-29,,0.035668,,,931637,港股通互联网,CNY,CN10Y
2012-10-30,,0.035648,,,931637,港股通互联网,CNY,CN10Y
2012-10-31,,0.035739,,,931637,港股通互联网,CNY,CN10Y
2012-11-01,,0.0359839999999999,,,931637,港股通互联网,CNY,CN10Y
2012-11-02,,0.035852,,,931637,港股通互联网,CNY,CN10Y
2012-11-05,,0.035872,,,931637,港股通互联网,CNY,CN10Y
2012-11-06,,0.035771,,,931637,港股通互联网,CNY,CN10Y
2012-11-07,,0.035644,,,931637,港股通互联网,CNY,CN10Y
2012-11-08,,0.035609,,,931637,港股通互联网,CNY,CN10Y
2012-11-09,,0.035594,,,931637,港股通互联网,CNY,CN10Y
2012-11-12,,0.035585,,,931637,港股通互联网,CNY,CN10Y
2012-11-13,,0.03547,,,931637,港股通互联网,CNY,CN10Y
2012-11-14,,0.035356,,,931637,港股通互联网,CNY,CN10Y
2012-11-15,,0.035279,,,931637,港股通互联网,CNY,CN10Y
2012-11-16,,0.035133,,,931637,港股通互联网,CNY,CN10Y
2012-11-19,,0.03501,,,931637,港股通互联网,CNY,CN10Y
2012-11-20,,0.0351109999999999,,,931637,港股通互联网,CNY,CN10Y
2012-11-21,,0.035205,,,931637,港股通互联网,CNY,CN10Y
2012-11-22,,0.035357,,,931637,港股通互联网,CNY,CN10Y
2012-11-23,,0.035428,,,931637,港股通互联网,CNY,CN10Y
2012-11-26,,0.035511,,,931637,港股通互联网,CNY,CN10Y
2012-11-27,,0.03557,,,931637,港股通互联网,CNY,CN10Y
2012-11-28,,0.035535,,,931637,港股通互联网,CNY,CN10Y
2012-11-29,,0.035311,,,931637,港股通互联网,CNY,CN10Y
2012-11-30,,0.035332,,,931637,港股通互联网,CNY,CN10Y
2012-12-03,,0.035397,,,931637,港股通互联网,CNY,CN10Y
2012-12-04,,0.035498,,,931637,港股通互联网,CNY,CN10Y
2012-12-05,,0.035622,,,931637,港股通互联网,CNY,CN10Y
2012-12-06,,0.03558,,,931637,港股通互联网,CNY,CN10Y
2012-12-07,,0.035689,,,931637,港股通互联网,CNY,CN10Y
2012-12-10,,0.035707,,,931637,港股通互联网,CNY,CN10Y
2012-12-11,,0.0356579999999999,,,931637,港股通互联网,CNY,CN10Y
2012-12-12,,0.035666,,,931637,港股通互联网,CNY,CN10Y
2012-12-13,,0.035649,,,931637,港股通互联网,CNY,CN10Y
2012-12-14,,0.035781,,,931637,港股通互联网,CNY,CN10Y
2012-12-17,,0.035814,,,931637,港股通互联网,CNY,CN10Y
2012-12-18,,0.035843,,,931637,港股通互联网,CNY,CN10Y
2012-12-19,,0.035942,,,931637,港股通互联网,CNY,CN10Y
2012-12-20,,0.036086,,,931637,港股通互联网,CNY,CN10Y
2012-12-21,,0.03606,,,931637,港股通互联网,CNY,CN10Y
2012-12-24,,0.036009,,,931637,港股通互联网,CNY,CN10Y
2012-12-25,,0.035955,,,931637,港股通互联网,CNY,CN10Y
2012-12-26,,0.035925,,,931637,港股通互联网,CNY,CN10Y
2012-12-27,,0.035803,,,931637,港股通互联网,CNY,CN10Y
2012-12-28,,0.035752,,,931637,港股通互联网,CNY,CN10Y
2012-12-31,,0.035738,,,931637,港股通互联网,CNY,CN10Y
2013-01-04,,0.036062,,,931637,港股通互联网,CNY,CN10Y
2013-01-05,,0.036003,,,931637,港股通互联网,CNY,CN10Y
2013-01-06,,0.03595,,,931637,港股通互联网,CNY,CN10Y
2013-01-07,,0.035965,,,931637,港股通互联网,CNY,CN10Y
2013-01-08,,0.035943,,,931637,港股通互联网,CNY,CN10Y
2013-01-09,,0.03575,,,931637,港股通互联网,CNY,CN10Y
2013-01-10,,0.03595,,,931637,港股通互联网,CNY,CN10Y
2013-01-11,,0.0359989999999999,,,931637,港股通互联网,CNY,CN10Y
2013-01-14,,0.036023,,,931637,港股通互联网,CNY,CN10Y
2013-01-15,,0.036008,,,931637,港股通互联网,CNY,CN10Y
2013-01-16,,0.0360469999999999,,,931637,港股通互联网,CNY,CN10Y
2013-01-17,,0.035986,,,931637,港股通互联网,CNY,CN10Y
2013-01-18,,0.035834,,,931637,港股通互联网,CNY,CN10Y
2013-01-21,,0.035743,,,931637,港股通互联网,CNY,CN10Y
2013-01-22,,0.035705,,,931637,港股通互联网,CNY,CN10Y
2013-01-23,,0.035682,,,931637,港股通互联网,CNY,CN10Y
2013-01-24,,0.035816,,,931637,港股通互联网,CNY,CN10Y
2013-01-25,,0.035837,,,931637,港股通互联网,CNY,CN10Y
2013-01-28,,0.036042,,,931637,港股通互联网,CNY,CN10Y
2013-01-29,,0.036116,,,931637,港股通互联网,CNY,CN10Y
2013-01-30,,0.036053,,,931637,港股通互联网,CNY,CN10Y
2013-01-31,,0.036054,,,931637,港股通互联网,CNY,CN10Y
2013-02-01,,0.036004,,,931637,港股通互联网,CNY,CN10Y
2013-02-04,,0.036016,,,931637,港股通互联网,CNY,CN10Y
2013-02-05,,0.03591,,,931637,港股通互联网,CNY,CN10Y
2013-02-06,,0.035922,,,931637,港股通互联网,CNY,CN10Y
2013-02-07,,0.035928,,,931637,港股通互联网,CNY,CN10Y
2013-02-08,,0.035859,,,931637,港股通互联网,CNY,CN10Y
2013-02-16,,0.035922,,,931637,港股通互联网,CNY,CN10Y
2013-02-17,,0.035847,,,931637,港股通互联网,CNY,CN10Y
2013-02-18,,0.035929,,,931637,港股通互联网,CNY,CN10Y
2013-02-19,,0.035931,,,931637,港股通互联网,CNY,CN10Y
2013-02-20,,0.035632,,,931637,港股通互联网,CNY,CN10Y
2013-02-21,,0.035623,,,931637,港股通互联网,CNY,CN10Y
2013-02-22,,0.035708,,,931637,港股通互联网,CNY,CN10Y
2013-02-25,,0.035821,,,931637,港股通互联网,CNY,CN10Y
2013-02-26,,0.035948,,,931637,港股通互联网,CNY,CN10Y
2013-02-27,,0.035904,,,931637,港股通互联网,CNY,CN10Y
2013-02-28,,0.0359569999999999,,,931637,港股通互联网,CNY,CN10Y
2013-03-01,,0.035878,,,931637,港股通互联网,CNY,CN10Y
2013-03-04,,0.035785,,,931637,港股通互联网,CNY,CN10Y
2013-03-05,,0.03576,,,931637,港股通互联网,CNY,CN10Y
2013-03-06,,0.035802,,,931637,港股通互联网,CNY,CN10Y
2013-03-07,,0.035813,,,931637,港股通互联网,CNY,CN10Y
2013-03-08,,0.035816,,,931637,港股通互联网,CNY,CN10Y
2013-03-11,,0.03583,,,931637,港股通互联网,CNY,CN10Y
2013-03-12,,0.035897,,,931637,港股通互联网,CNY,CN10Y
2013-03-13,,0.035898,,,931637,港股通互联网,CNY,CN10Y
2013-03-14,,0.035919,,,931637,港股通互联网,CNY,CN10Y
2013-03-15,,0.035919,,,931637,港股通互联网,CNY,CN10Y
2013-03-18,,0.035971,,,931637,港股通互联网,CNY,CN10Y
2013-03-19,,0.035922,,,931637,港股通互联网,CNY,CN10Y
2013-03-20,,0.035722,,,931637,港股通互联网,CNY,CN10Y
2013-03-21,,0.035819,,,931637,港股通互联网,CNY,CN10Y
2013-03-22,,0.035816,,,931637,港股通互联网,CNY,CN10Y
2013-03-25,,0.0357699999999999,,,931637,港股通互联网,CNY,CN10Y
2013-03-26,,0.035717,,,931637,港股通互联网,CNY,CN10Y
2013-03-27,,0.035611,,,931637,港股通互联网,CNY,CN10Y
2013-03-28,,0.035505,,,931637,港股通互联网,CNY,CN10Y
2013-03-29,,0.035392,,,931637,港股通互联网,CNY,CN10Y
2013-04-01,,0.035303,,,931637,港股通互联网,CNY,CN10Y
2013-04-02,,0.035106,,,931637,港股通互联网,CNY,CN10Y
2013-04-03,,0.035005,,,931637,港股通互联网,CNY,CN10Y
2013-04-07,,0.034907,,,931637,港股通互联网,CNY,CN10Y
2013-04-08,,0.034905,,,931637,港股通互联网,CNY,CN10Y
2013-04-09,,0.034705,,,931637,港股通互联网,CNY,CN10Y
2013-04-10,,0.034624,,,931637,港股通互联网,CNY,CN10Y
2013-04-11,,0.034705,,,931637,港股通互联网,CNY,CN10Y
2013-04-12,,0.034655,,,931637,港股通互联网,CNY,CN10Y
2013-04-15,,0.034405,,,931637,港股通互联网,CNY,CN10Y
2013-04-16,,0.034005,,,931637,港股通互联网,CNY,CN10Y
2013-04-17,,0.034131,,,931637,港股通互联网,CNY,CN10Y
2013-04-18,,0.0344309999999999,,,931637,港股通互联网,CNY,CN10Y
2013-04-19,,0.034503,,,931637,港股通互联网,CNY,CN10Y
2013-04-22,,0.034867,,,931637,港股通互联网,CNY,CN10Y
2013-04-23,,0.034629,,,931637,港股通互联网,CNY,CN10Y
2013-04-24,,0.034498,,,931637,港股通互联网,CNY,CN10Y
2013-04-25,,0.034314,,,931637,港股通互联网,CNY,CN10Y
2013-04-26,,0.0343129999999999,,,931637,港股通互联网,CNY,CN10Y
2013-04-27,,0.034311,,,931637,港股通互联网,CNY,CN10Y
2013-04-28,,0.034314,,,931637,港股通互联网,CNY,CN10Y
2013-05-02,,0.034119,,,931637,港股通互联网,CNY,CN10Y
2013-05-03,,0.034212,,,931637,港股通互联网,CNY,CN10Y
2013-05-06,,0.034354,,,931637,港股通互联网,CNY,CN10Y
2013-05-07,,0.034261,,,931637,港股通互联网,CNY,CN10Y
2013-05-08,,0.034345,,,931637,港股通互联网,CNY,CN10Y
2013-05-09,,0.034317,,,931637,港股通互联网,CNY,CN10Y
2013-05-10,,0.034212,,,931637,港股通互联网,CNY,CN10Y
2013-05-13,,0.034238,,,931637,港股通互联网,CNY,CN10Y
2013-05-14,,0.034248,,,931637,港股通互联网,CNY,CN10Y
2013-05-15,,0.034218,,,931637,港股通互联网,CNY,CN10Y
2013-05-16,,0.034219,,,931637,港股通互联网,CNY,CN10Y
2013-05-17,,0.034213,,,931637,港股通互联网,CNY,CN10Y
2013-05-20,,0.034253,,,931637,港股通互联网,CNY,CN10Y
2013-05-21,,0.034253,,,931637,港股通互联网,CNY,CN10Y
2013-05-22,,0.0341529999999999,,,931637,港股通互联网,CNY,CN10Y
2013-05-23,,0.03413,,,931637,港股通互联网,CNY,CN10Y
2013-05-24,,0.0341809999999999,,,931637,港股通互联网,CNY,CN10Y
2013-05-27,,0.034166,,,931637,港股通互联网,CNY,CN10Y
2013-05-28,,0.034206,,,931637,港股通互联网,CNY,CN10Y
2013-05-29,,0.03434,,,931637,港股通互联网,CNY,CN10Y
2013-05-30,,0.03434,,,931637,港股通互联网,CNY,CN10Y
2013-05-31,,0.034399,,,931637,港股通互联网,CNY,CN10Y
2013-06-03,,0.034478,,,931637,港股通互联网,CNY,CN10Y
2013-06-04,,0.034603,,,931637,港股通互联网,CNY,CN10Y
2013-06-05,,0.034615,,,931637,港股通互联网,CNY,CN10Y
2013-06-06,,0.034651,,,931637,港股通互联网,CNY,CN10Y
2013-06-07,,0.034822,,,931637,港股通互联网,CNY,CN10Y
2013-06-08,,0.034822,,,931637,港股通互联网,CNY,CN10Y
2013-06-09,,0.034491,,,931637,港股通互联网,CNY,CN10Y
2013-06-13,,0.034591,,,931637,港股通互联网,CNY,CN10Y
2013-06-14,,0.034689,,,931637,港股通互联网,CNY,CN10Y
2013-06-17,,0.0347849999999999,,,931637,港股通互联网,CNY,CN10Y
2013-06-18,,0.0348179999999999,,,931637,港股通互联网,CNY,CN10Y
2013-06-19,,0.035516,,,931637,港股通互联网,CNY,CN10Y
2013-06-20,,0.037016,,,931637,港股通互联网,CNY,CN10Y
2013-06-21,,0.036014,,,931637,港股通互联网,CNY,CN10Y
2013-06-24,,0.0359989999999999,,,931637,港股通互联网,CNY,CN10Y
2013-06-25,,0.0359989999999999,,,931637,港股通互联网,CNY,CN10Y
2013-06-26,,0.0355,,,931637,港股通互联网,CNY,CN10Y
2013-06-27,,0.035231,,,931637,港股通互联网,CNY,CN10Y
2013-06-28,,0.035125,,,931637,港股通互联网,CNY,CN10Y
2013-07-01,,0.035245,,,931637,港股通互联网,CNY,CN10Y
2013-07-02,,0.035243,,,931637,港股通互联网,CNY,CN10Y
2013-07-03,,0.035302,,,931637,港股通互联网,CNY,CN10Y
2013-07-04,,0.035102,,,931637,港股通互联网,CNY,CN10Y
2013-07-05,,0.035127,,,931637,港股通互联网,CNY,CN10Y
2013-07-08,,0.035177,,,931637,港股通互联网,CNY,CN10Y
2013-07-09,,0.035202,,,931637,港股通互联网,CNY,CN10Y
2013-07-10,,0.035802,,,931637,港股通互联网,CNY,CN10Y
2013-07-11,,0.0359019999999999,,,931637,港股通互联网,CNY,CN10Y
2013-07-12,,0.036001,,,931637,港股通互联网,CNY,CN10Y
2013-07-15,,0.0361019999999999,,,931637,港股通互联网,CNY,CN10Y
2013-07-16,,0.03619,,,931637,港股通互联网,CNY,CN10Y
2013-07-17,,0.03669,,,931637,港股通互联网,CNY,CN10Y
2013-07-18,,0.036903,,,931637,港股通互联网,CNY,CN10Y
2013-07-19,,0.037051,,,931637,港股通互联网,CNY,CN10Y
2013-07-22,,0.037401,,,931637,港股通互联网,CNY,CN10Y
2013-07-23,,0.037602,,,931637,港股通互联网,CNY,CN10Y
2013-07-24,,0.037952,,,931637,港股通互联网,CNY,CN10Y
2013-07-25,,0.0371019999999999,,,931637,港股通互联网,CNY,CN10Y
2013-07-26,,0.037152,,,931637,港股通互联网,CNY,CN10Y
2013-07-29,,0.037228,,,931637,港股通互联网,CNY,CN10Y
2013-07-30,,0.037227,,,931637,港股通互联网,CNY,CN10Y
2013-07-31,,0.037214,,,931637,港股通互联网,CNY,CN10Y
2013-08-01,,0.0370529999999999,,,931637,港股通互联网,CNY,CN10Y
2013-08-02,,0.037034,,,931637,港股通互联网,CNY,CN10Y
2013-08-05,,0.037104,,,931637,港股通互联网,CNY,CN10Y
2013-08-06,,0.037153,,,931637,港股通互联网,CNY,CN10Y
2013-08-07,,0.037703,,,931637,港股通互联网,CNY,CN10Y
2013-08-08,,0.0384549999999999,,,931637,港股通互联网,CNY,CN10Y
2013-08-09,,0.038407,,,931637,港股通互联网,CNY,CN10Y
2013-08-12,,0.038513,,,931637,港股通互联网,CNY,CN10Y
2013-08-13,,0.0392519999999999,,,931637,港股通互联网,CNY,CN10Y
2013-08-14,,0.039516,,,931637,港股通互联网,CNY,CN10Y
2013-08-15,,0.039602,,,931637,港股通互联网,CNY,CN10Y
2013-08-16,,0.039401,,,931637,港股通互联网,CNY,CN10Y
2013-08-19,,0.040103,,,931637,港股通互联网,CNY,CN10Y
2013-08-20,,0.040881,,,931637,港股通互联网,CNY,CN10Y
2013-08-21,,0.040382,,,931637,港股通互联网,CNY,CN10Y
2013-08-22,,0.040302,,,931637,港股通互联网,CNY,CN10Y
2013-08-23,,0.039916,,,931637,港股通互联网,CNY,CN10Y
2013-08-26,,0.039555,,,931637,港股通互联网,CNY,CN10Y
2013-08-27,,0.0396539999999999,,,931637,港股通互联网,CNY,CN10Y
2013-08-28,,0.040222,,,931637,港股通互联网,CNY,CN10Y
2013-08-29,,0.0403,,,931637,港股通互联网,CNY,CN10Y
2013-08-30,,0.040354,,,931637,港股通互联网,CNY,CN10Y
2013-09-02,,0.0403559999999999,,,931637,港股通互联网,CNY,CN10Y
2013-09-03,,0.040404,,,931637,港股通互联网,CNY,CN10Y
2013-09-04,,0.0405499999999999,,,931637,港股通互联网,CNY,CN10Y
2013-09-05,,0.0405499999999999,,,931637,港股通互联网,CNY,CN10Y
2013-09-06,,0.040455,,,931637,港股通互联网,CNY,CN10Y
2013-09-09,,0.0405499999999999,,,931637,港股通互联网,CNY,CN10Y
2013-09-10,,0.04065,,,931637,港股通互联网,CNY,CN10Y
2013-09-11,,0.041341,,,931637,港股通互联网,CNY,CN10Y
2013-09-12,,0.041291,,,931637,港股通互联网,CNY,CN10Y
2013-09-13,,0.041406,,,931637,港股通互联网,CNY,CN10Y
2013-09-16,,0.041201,,,931637,港股通互联网,CNY,CN10Y
2013-09-17,,0.040721,,,931637,港股通互联网,CNY,CN10Y
2013-09-18,,0.040502,,,931637,港股通互联网,CNY,CN10Y
2013-09-22,,0.039851,,,931637,港股通互联网,CNY,CN10Y
2013-09-23,,0.040095,,,931637,港股通互联网,CNY,CN10Y
2013-09-24,,0.040201,,,931637,港股通互联网,CNY,CN10Y
2013-09-25,,0.040202,,,931637,港股通互联网,CNY,CN10Y
2013-09-26,,0.039901,,,931637,港股通互联网,CNY,CN10Y
2013-09-27,,0.040002,,,931637,港股通互联网,CNY,CN10Y
2013-09-29,,0.040002,,,931637,港股通互联网,CNY,CN10Y
2013-09-30,,0.039954,,,931637,港股通互联网,CNY,CN10Y
2013-10-08,,0.039903,,,931637,港股通互联网,CNY,CN10Y
2013-10-09,,0.040316,,,931637,港股通互联网,CNY,CN10Y
2013-10-10,,0.040166,,,931637,港股通互联网,CNY,CN10Y
2013-10-11,,0.040265,,,931637,港股通互联网,CNY,CN10Y
2013-10-12,,0.040263,,,931637,港股通互联网,CNY,CN10Y
2013-10-14,,0.040663,,,931637,港股通互联网,CNY,CN10Y
2013-10-15,,0.040791,,,931637,港股通互联网,CNY,CN10Y
2013-10-16,,0.0409659999999999,,,931637,港股通互联网,CNY,CN10Y
2013-10-17,,0.0409659999999999,,,931637,港股通互联网,CNY,CN10Y
2013-10-18,,0.041055,,,931637,港股通互联网,CNY,CN10Y
2013-10-21,,0.041105,,,931637,港股通互联网,CNY,CN10Y
2013-10-22,,0.0413049999999999,,,931637,港股通互联网,CNY,CN10Y
2013-10-23,,0.041491,,,931637,港股通互联网,CNY,CN10Y
2013-10-24,,0.04194,,,931637,港股通互联网,CNY,CN10Y
2013-10-25,,0.04214,,,931637,港股通互联网,CNY,CN10Y
2013-10-28,,0.0420399999999999,,,931637,港股通互联网,CNY,CN10Y
2013-10-29,,0.0421729999999999,,,931637,港股通互联网,CNY,CN10Y
2013-10-30,,0.0421729999999999,,,931637,港股通互联网,CNY,CN10Y
2013-10-31,,0.041806,,,931637,港股通互联网,CNY,CN10Y
2013-11-01,,0.0415559999999999,,,931637,港股通互联网,CNY,CN10Y
2013-11-04,,0.041731,,,931637,港股通互联网,CNY,CN10Y
2013-11-05,,0.042106,,,931637,港股通互联网,CNY,CN10Y
2013-11-06,,0.042206,,,931637,港股通互联网,CNY,CN10Y
2013-11-07,,0.042945,,,931637,港股通互联网,CNY,CN10Y
2013-11-08,,0.043186,,,931637,港股通互联网,CNY,CN10Y
2013-11-11,,0.044034,,,931637,港股通互联网,CNY,CN10Y
2013-11-12,,0.044146,,,931637,港股通互联网,CNY,CN10Y
2013-11-13,,0.0446279999999999,,,931637,港股通互联网,CNY,CN10Y
2013-11-14,,0.045006,,,931637,港股通互联网,CNY,CN10Y
2013-11-15,,0.046006,,,931637,港股通互联网,CNY,CN10Y
2013-11-18,,0.046619,,,931637,港股通互联网,CNY,CN10Y
2013-11-19,,0.046722,,,931637,港股通互联网,CNY,CN10Y
2013-11-20,,0.047222,,,931637,港股通互联网,CNY,CN10Y
2013-11-21,,0.0470089999999999,,,931637,港股通互联网,CNY,CN10Y
2013-11-22,,0.046509,,,931637,港股通互联网,CNY,CN10Y
2013-11-25,,0.046159,,,931637,港股通互联网,CNY,CN10Y
2013-11-26,,0.046059,,,931637,港股通互联网,CNY,CN10Y
2013-11-27,,0.0455109999999999,,,931637,港股通互联网,CNY,CN10Y
2013-11-28,,0.044313,,,931637,港股通互联网,CNY,CN10Y
2013-11-29,,0.043612,,,931637,港股通互联网,CNY,CN10Y
2013-12-02,,0.044812,,,931637,港股通互联网,CNY,CN10Y
2013-12-03,,0.044412,,,931637,港股通互联网,CNY,CN10Y
2013-12-04,,0.0442619999999999,,,931637,港股通互联网,CNY,CN10Y
2013-12-05,,0.044962,,,931637,港股通互联网,CNY,CN10Y
2013-12-06,,0.045162,,,931637,港股通互联网,CNY,CN10Y
2013-12-09,,0.0454129999999999,,,931637,港股通互联网,CNY,CN10Y
2013-12-10,,0.046012,,,931637,港股通互联网,CNY,CN10Y
2013-12-11,,0.046213,,,931637,港股通互联网,CNY,CN10Y
2013-12-12,,0.045913,,,931637,港股通互联网,CNY,CN10Y
2013-12-13,,0.045411,,,931637,港股通互联网,CNY,CN10Y
2013-12-16,,0.0455389999999999,,,931637,港股通互联网,CNY,CN10Y
2013-12-17,,0.045639,,,931637,港股通互联网,CNY,CN10Y
2013-12-18,,0.045814,,,931637,港股通互联网,CNY,CN10Y
2013-12-19,,0.046016,,,931637,港股通互联网,CNY,CN10Y
2013-12-20,,0.046016,,,931637,港股通互联网,CNY,CN10Y
2013-12-23,,0.046017,,,931637,港股通互联网,CNY,CN10Y
2013-12-24,,0.045566,,,931637,港股通互联网,CNY,CN10Y
2013-12-25,,0.045666,,,931637,港股通互联网,CNY,CN10Y
2013-12-26,,0.045579,,,931637,港股通互联网,CNY,CN10Y
2013-12-27,,0.045437,,,931637,港股通互联网,CNY,CN10Y
2013-12-30,,0.045437,,,931637,港股通互联网,CNY,CN10Y
2013-12-31,,0.045518,,,931637,港股通互联网,CNY,CN10Y
2014-01-02,,0.0460179999999999,,,931637,港股通互联网,CNY,CN10Y
2014-01-03,,0.046415,,,931637,港股通互联网,CNY,CN10Y
2014-01-06,,0.046569,,,931637,港股通互联网,CNY,CN10Y
2014-01-07,,0.04642,,,931637,港股通互联网,CNY,CN10Y
2014-01-08,,0.045919,,,931637,港股通互联网,CNY,CN10Y
2014-01-09,,0.0459689999999999,,,931637,港股通互联网,CNY,CN10Y
2014-01-10,,0.046016,,,931637,港股通互联网,CNY,CN10Y
2014-01-13,,0.04597,,,931637,港股通互联网,CNY,CN10Y
2014-01-14,,0.04602,,,931637,港股通互联网,CNY,CN10Y
2014-01-15,,0.045523,,,931637,港股通互联网,CNY,CN10Y
2014-01-16,,0.045871,,,931637,港股通互联网,CNY,CN10Y
2014-01-17,,0.0459689999999999,,,931637,港股通互联网,CNY,CN10Y
2014-01-20,,0.045923,,,931637,港股通互联网,CNY,CN10Y
2014-01-21,,0.045423,,,931637,港股通互联网,CNY,CN10Y
2014-01-22,,0.045023,,,931637,港股通互联网,CNY,CN10Y
2014-01-23,,0.044825,,,931637,港股通互联网,CNY,CN10Y
2014-01-24,,0.0451229999999999,,,931637,港股通互联网,CNY,CN10Y
2014-01-26,,0.044777,,,931637,港股通互联网,CNY,CN10Y
2014-01-27,,0.044802,,,931637,港股通互联网,CNY,CN10Y
2014-01-28,,0.045027,,,931637,港股通互联网,CNY,CN10Y
2014-01-29,,0.045102,,,931637,港股通互联网,CNY,CN10Y
2014-01-30,,0.045019,,,931637,港股通互联网,CNY,CN10Y
2014-02-07,,0.044781,,,931637,港股通互联网,CNY,CN10Y
2014-02-08,,0.04468,,,931637,港股通互联网,CNY,CN10Y
2014-02-10,,0.044831,,,931637,港股通互联网,CNY,CN10Y
2014-02-11,,0.044881,,,931637,港股通互联网,CNY,CN10Y
2014-02-12,,0.0447829999999999,,,931637,港股通互联网,CNY,CN10Y
2014-02-13,,0.0447829999999999,,,931637,港股通互联网,CNY,CN10Y
2014-02-14,,0.044781,,,931637,港股通互联网,CNY,CN10Y
2014-02-17,,0.0451349999999999,,,931637,港股通互联网,CNY,CN10Y
2014-02-18,,0.045385,,,931637,港股通互联网,CNY,CN10Y
2014-02-19,,0.045535,,,931637,港股通互联网,CNY,CN10Y
2014-02-20,,0.045336,,,931637,港股通互联网,CNY,CN10Y
2014-02-21,,0.0452339999999999,,,931637,港股通互联网,CNY,CN10Y
2014-02-24,,0.044836,,,931637,港股通互联网,CNY,CN10Y
2014-02-25,,0.044336,,,931637,港股通互联网,CNY,CN10Y
2014-02-26,,0.044496,,,931637,港股通互联网,CNY,CN10Y
2014-02-27,,0.043896,,,931637,港股通互联网,CNY,CN10Y
2014-02-28,,0.044276,,,931637,港股通互联网,CNY,CN10Y
2014-03-03,,0.044576,,,931637,港股通互联网,CNY,CN10Y
2014-03-04,,0.045026,,,931637,港股通互联网,CNY,CN10Y
2014-03-05,,0.045176,,,931637,港股通互联网,CNY,CN10Y
2014-03-06,,0.045145,,,931637,港股通互联网,CNY,CN10Y
2014-03-07,,0.0451419999999999,,,931637,港股通互联网,CNY,CN10Y
2014-03-10,,0.045043,,,931637,港股通互联网,CNY,CN10Y
2014-03-11,,0.045125,,,931637,港股通互联网,CNY,CN10Y
2014-03-12,,0.0450239999999999,,,931637,港股通互联网,CNY,CN10Y
2014-03-13,,0.0450239999999999,,,931637,港股通互联网,CNY,CN10Y
2014-03-14,,0.044924,,,931637,港股通互联网,CNY,CN10Y
2014-03-17,,0.04482,,,931637,港股通互联网,CNY,CN10Y
2014-03-18,,0.045095,,,931637,港股通互联网,CNY,CN10Y
2014-03-19,,0.045095,,,931637,港股通互联网,CNY,CN10Y
2014-03-20,,0.045195,,,931637,港股通互联网,CNY,CN10Y
2014-03-21,,0.045044,,,931637,港股通互联网,CNY,CN10Y
2014-03-24,,0.045148,,,931637,港股通互联网,CNY,CN10Y
2014-03-25,,0.0451919999999999,,,931637,港股通互联网,CNY,CN10Y
2014-03-26,,0.044992,,,931637,港股通互联网,CNY,CN10Y
2014-03-27,,0.045109,,,931637,港股通互联网,CNY,CN10Y
2014-03-28,,0.045104,,,931637,港股通互联网,CNY,CN10Y
2014-03-31,,0.045004,,,931637,港股通互联网,CNY,CN10Y
2014-04-01,,0.044954,,,931637,港股通互联网,CNY,CN10Y
2014-04-02,,0.044904,,,931637,港股通互联网,CNY,CN10Y
2014-04-03,,0.044904,,,931637,港股通互联网,CNY,CN10Y
2014-04-04,,0.044904,,,931637,港股通互联网,CNY,CN10Y
2014-04-08,,0.044499,,,931637,港股通互联网,CNY,CN10Y
2014-04-09,,0.044771,,,931637,港股通互联网,CNY,CN10Y
2014-04-10,,0.044571,,,931637,港股通互联网,CNY,CN10Y
2014-04-11,,0.044521,,,931637,港股通互联网,CNY,CN10Y
2014-04-14,,0.044248,,,931637,港股通互联网,CNY,CN10Y
2014-04-15,,0.044001,,,931637,港股通互联网,CNY,CN10Y
2014-04-16,,0.043601,,,931637,港股通互联网,CNY,CN10Y
2014-04-17,,0.0427489999999999,,,931637,港股通互联网,CNY,CN10Y
2014-04-18,,0.0429969999999999,,,931637,港股通互联网,CNY,CN10Y
2014-04-21,,0.0429969999999999,,,931637,港股通互联网,CNY,CN10Y
2014-04-22,,0.0429969999999999,,,931637,港股通互联网,CNY,CN10Y
2014-04-23,,0.043297,,,931637,港股通互联网,CNY,CN10Y
2014-04-24,,0.043394,,,931637,港股通互联网,CNY,CN10Y
2014-04-25,,0.043294,,,931637,港股通互联网,CNY,CN10Y
2014-04-28,,0.043301,,,931637,港股通互联网,CNY,CN10Y
2014-04-29,,0.043202,,,931637,港股通互联网,CNY,CN10Y
2014-04-30,,0.043002,,,931637,港股通互联网,CNY,CN10Y
2014-05-04,,0.0429019999999999,,,931637,港股通互联网,CNY,CN10Y
2014-05-05,,0.043002,,,931637,港股通互联网,CNY,CN10Y
2014-05-06,,0.042803,,,931637,港股通互联网,CNY,CN10Y
2014-05-07,,0.042803,,,931637,港股通互联网,CNY,CN10Y
2014-05-08,,0.042303,,,931637,港股通互联网,CNY,CN10Y
2014-05-09,,0.041205,,,931637,港股通互联网,CNY,CN10Y
2014-05-12,,0.041205,,,931637,港股通互联网,CNY,CN10Y
2014-05-13,,0.041505,,,931637,港股通互联网,CNY,CN10Y
2014-05-14,,0.041704,,,931637,港股通互联网,CNY,CN10Y
2014-05-15,,0.0419149999999999,,,931637,港股通互联网,CNY,CN10Y
2014-05-16,,0.041919,,,931637,港股通互联网,CNY,CN10Y
2014-05-19,,0.0417079999999999,,,931637,港股通互联网,CNY,CN10Y
2014-05-20,,0.0417699999999999,,,931637,港股通互联网,CNY,CN10Y
2014-05-21,,0.0417699999999999,,,931637,港股通互联网,CNY,CN10Y
2014-05-22,,0.0417699999999999,,,931637,港股通互联网,CNY,CN10Y
2014-05-23,,0.041574,,,931637,港股通互联网,CNY,CN10Y
2014-05-26,,0.0416739999999999,,,931637,港股通互联网,CNY,CN10Y
2014-05-27,,0.041574,,,931637,港股通互联网,CNY,CN10Y
2014-05-28,,0.0414569999999999,,,931637,港股通互联网,CNY,CN10Y
2014-05-29,,0.041159,,,931637,港股通互联网,CNY,CN10Y
2014-05-30,,0.040714,,,931637,港股通互联网,CNY,CN10Y
2014-06-03,,0.040214,,,931637,港股通互联网,CNY,CN10Y
2014-06-04,,0.040114,,,931637,港股通互联网,CNY,CN10Y
2014-06-05,,0.0403139999999999,,,931637,港股通互联网,CNY,CN10Y
2014-06-06,,0.040614,,,931637,港股通互联网,CNY,CN10Y
2014-06-09,,0.040714,,,931637,港股通互联网,CNY,CN10Y
2014-06-10,,0.040614,,,931637,港股通互联网,CNY,CN10Y
2014-06-11,,0.040614,,,931637,港股通互联网,CNY,CN10Y
2014-06-12,,0.04064,,,931637,港股通互联网,CNY,CN10Y
2014-06-13,,0.0408399999999999,,,931637,港股通互联网,CNY,CN10Y
2014-06-16,,0.04064,,,931637,港股通互联网,CNY,CN10Y
2014-06-17,,0.04054,,,931637,港股通互联网,CNY,CN10Y
2014-06-18,,0.04054,,,931637,港股通互联网,CNY,CN10Y
2014-06-19,,0.040408,,,931637,港股通互联网,CNY,CN10Y
2014-06-20,,0.0405149999999999,,,931637,港股通互联网,CNY,CN10Y
2014-06-23,,0.0405149999999999,,,931637,港股通互联网,CNY,CN10Y
2014-06-24,,0.0405149999999999,,,931637,港股通互联网,CNY,CN10Y
2014-06-25,,0.0405569999999999,,,931637,港股通互联网,CNY,CN10Y
2014-06-26,,0.040472,,,931637,港股通互联网,CNY,CN10Y
2014-06-27,,0.040485,,,931637,港股通互联网,CNY,CN10Y
2014-06-30,,0.040612,,,931637,港股通互联网,CNY,CN10Y
2014-07-01,,0.040812,,,931637,港股通互联网,CNY,CN10Y
2014-07-02,,0.041212,,,931637,港股通互联网,CNY,CN10Y
2014-07-03,,0.041503,,,931637,港股通互联网,CNY,CN10Y
2014-07-04,,0.041747,,,931637,港股通互联网,CNY,CN10Y
2014-07-07,,0.041212,,,931637,港股通互联网,CNY,CN10Y
2014-07-08,,0.041162,,,931637,港股通互联网,CNY,CN10Y
2014-07-09,,0.041276,,,931637,港股通互联网,CNY,CN10Y
2014-07-10,,0.041298,,,931637,港股通互联网,CNY,CN10Y
2014-07-11,,0.041198,,,931637,港股通互联网,CNY,CN10Y
2014-07-14,,0.041298,,,931637,港股通互联网,CNY,CN10Y
2014-07-15,,0.041571,,,931637,港股通互联网,CNY,CN10Y
2014-07-16,,0.042171,,,931637,港股通互联网,CNY,CN10Y
2014-07-17,,0.04267,,,931637,港股通互联网,CNY,CN10Y
2014-07-18,,0.043019,,,931637,港股通互联网,CNY,CN10Y
2014-07-21,,0.043017,,,931637,港股通互联网,CNY,CN10Y
2014-07-22,,0.042717,,,931637,港股通互联网,CNY,CN10Y
2014-07-23,,0.042967,,,931637,港股通互联网,CNY,CN10Y
2014-07-24,,0.042967,,,931637,港股通互联网,CNY,CN10Y
2014-07-25,,0.042711,,,931637,港股通互联网,CNY,CN10Y
2014-07-28,,0.042713,,,931637,港股通互联网,CNY,CN10Y
2014-07-29,,0.042805,,,931637,港股通互联网,CNY,CN10Y
2014-07-30,,0.042905,,,931637,港股通互联网,CNY,CN10Y
2014-07-31,,0.042655,,,931637,港股通互联网,CNY,CN10Y
2014-08-01,,0.0425689999999999,,,931637,港股通互联网,CNY,CN10Y
2014-08-04,,0.04253,,,931637,港股通互联网,CNY,CN10Y
2014-08-05,,0.042576,,,931637,港股通互联网,CNY,CN10Y
2014-08-06,,0.042463,,,931637,港股通互联网,CNY,CN10Y
2014-08-07,,0.042563,,,931637,港股通互联网,CNY,CN10Y
2014-08-08,,0.042712,,,931637,港股通互联网,CNY,CN10Y
2014-08-11,,0.042815,,,931637,港股通互联网,CNY,CN10Y
2014-08-12,,0.042815,,,931637,港股通互联网,CNY,CN10Y
2014-08-13,,0.04255,,,931637,港股通互联网,CNY,CN10Y
2014-08-14,,0.0421,,,931637,港股通互联网,CNY,CN10Y
2014-08-15,,0.042002,,,931637,港股通互联网,CNY,CN10Y
2014-08-18,,0.042153,,,931637,港股通互联网,CNY,CN10Y
2014-08-19,,0.042422,,,931637,港股通互联网,CNY,CN10Y
2014-08-20,,0.042523,,,931637,港股通互联网,CNY,CN10Y
2014-08-21,,0.042512,,,931637,港股通互联网,CNY,CN10Y
2014-08-22,,0.04256,,,931637,港股通互联网,CNY,CN10Y
2014-08-25,,0.042524,,,931637,港股通互联网,CNY,CN10Y
2014-08-26,,0.042462,,,931637,港股通互联网,CNY,CN10Y
2014-08-27,,0.04231,,,931637,港股通互联网,CNY,CN10Y
2014-08-28,,0.0422539999999999,,,931637,港股通互联网,CNY,CN10Y
2014-08-29,,0.042361,,,931637,港股通互联网,CNY,CN10Y
2014-09-01,,0.042405,,,931637,港股通互联网,CNY,CN10Y
2014-09-02,,0.04249,,,931637,港股通互联网,CNY,CN10Y
2014-09-03,,0.04264,,,931637,港股通互联网,CNY,CN10Y
2014-09-04,,0.042814,,,931637,港股通互联网,CNY,CN10Y
2014-09-05,,0.0429279999999999,,,931637,港股通互联网,CNY,CN10Y
2014-09-09,,0.042868,,,931637,港股通互联网,CNY,CN10Y
2014-09-10,,0.042934,,,931637,港股通互联网,CNY,CN10Y
2014-09-11,,0.042937,,,931637,港股通互联网,CNY,CN10Y
2014-09-12,,0.042793,,,931637,港股通互联网,CNY,CN10Y
2014-09-15,,0.0425969999999999,,,931637,港股通互联网,CNY,CN10Y
2014-09-16,,0.042634,,,931637,港股通互联网,CNY,CN10Y
2014-09-17,,0.042008,,,931637,港股通互联网,CNY,CN10Y
2014-09-18,,0.0414379999999999,,,931637,港股通互联网,CNY,CN10Y
2014-09-19,,0.04031,,,931637,港股通互联网,CNY,CN10Y
2014-09-22,,0.04011,,,931637,港股通互联网,CNY,CN10Y
2014-09-23,,0.039911,,,931637,港股通互联网,CNY,CN10Y
2014-09-24,,0.040425,,,931637,港股通互联网,CNY,CN10Y
2014-09-25,,0.040025,,,931637,港股通互联网,CNY,CN10Y
2014-09-26,,0.0400919999999999,,,931637,港股通互联网,CNY,CN10Y
2014-09-28,,0.040227,,,931637,港股通互联网,CNY,CN10Y
2014-09-29,,0.039925,,,931637,港股通互联网,CNY,CN10Y
2014-09-30,,0.039824,,,931637,港股通互联网,CNY,CN10Y
2014-10-08,,0.03993,,,931637,港股通互联网,CNY,CN10Y
2014-10-09,,0.040014,,,931637,港股通互联网,CNY,CN10Y
2014-10-10,,0.040131,,,931637,港股通互联网,CNY,CN10Y
2014-10-11,,0.039965,,,931637,港股通互联网,CNY,CN10Y
2014-10-13,,0.0399529999999999,,,931637,港股通互联网,CNY,CN10Y
2014-10-14,,0.039015,,,931637,港股通互联网,CNY,CN10Y
2014-10-15,,0.038215,,,931637,港股通互联网,CNY,CN10Y
2014-10-16,,0.038116,,,931637,港股通互联网,CNY,CN10Y
2014-10-17,,0.03811,,,931637,港股通互联网,CNY,CN10Y
2014-10-20,,0.037441,,,931637,港股通互联网,CNY,CN10Y
2014-10-21,,0.037323,,,931637,港股通互联网,CNY,CN10Y
2014-10-22,,0.037929,,,931637,港股通互联网,CNY,CN10Y
2014-10-23,,0.038108,,,931637,港股通互联网,CNY,CN10Y
2014-10-24,,0.038013,,,931637,港股通互联网,CNY,CN10Y
2014-10-27,,0.037756,,,931637,港股通互联网,CNY,CN10Y
2014-10-28,,0.037424,,,931637,港股通互联网,CNY,CN10Y
2014-10-29,,0.037176,,,931637,港股通互联网,CNY,CN10Y
2014-10-30,,0.037688,,,931637,港股通互联网,CNY,CN10Y
2014-10-31,,0.037559,,,931637,港股通互联网,CNY,CN10Y
2014-11-03,,0.037007,,,931637,港股通互联网,CNY,CN10Y
2014-11-04,,0.036412,,,931637,港股通互联网,CNY,CN10Y
2014-11-05,,0.0361169999999999,,,931637,港股通互联网,CNY,CN10Y
2014-11-06,,0.036223,,,931637,港股通互联网,CNY,CN10Y
2014-11-07,,0.0356309999999999,,,931637,港股通互联网,CNY,CN10Y
2014-11-10,,0.035132,,,931637,港股通互联网,CNY,CN10Y
2014-11-11,,0.034981,,,931637,港股通互联网,CNY,CN10Y
2014-11-12,,0.03556,,,931637,港股通互联网,CNY,CN10Y
2014-11-13,,0.035924,,,931637,港股通互联网,CNY,CN10Y
2014-11-14,,0.036466,,,931637,港股通互联网,CNY,CN10Y
2014-11-17,,0.0366089999999999,,,931637,港股通互联网,CNY,CN10Y
2014-11-18,,0.03607,,,931637,港股通互联网,CNY,CN10Y
2014-11-19,,0.036154,,,931637,港股通互联网,CNY,CN10Y
2014-11-20,,0.036521,,,931637,港股通互联网,CNY,CN10Y
2014-11-21,,0.036514,,,931637,港股通互联网,CNY,CN10Y
2014-11-24,,0.034767,,,931637,港股通互联网,CNY,CN10Y
2014-11-25,,0.035216,,,931637,港股通互联网,CNY,CN10Y
2014-11-26,,0.035228,,,931637,港股通互联网,CNY,CN10Y
2014-11-27,,0.035243,,,931637,港股通互联网,CNY,CN10Y
2014-11-28,,0.035249,,,931637,港股通互联网,CNY,CN10Y
2014-12-01,,0.035145,,,931637,港股通互联网,CNY,CN10Y
2014-12-02,,0.035553,,,931637,港股通互联网,CNY,CN10Y
2014-12-03,,0.036238,,,931637,港股通互联网,CNY,CN10Y
2014-12-04,,0.036633,,,931637,港股通互联网,CNY,CN10Y
2014-12-05,,0.037759,,,931637,港股通互联网,CNY,CN10Y
2014-12-08,,0.037918,,,931637,港股通互联网,CNY,CN10Y
2014-12-09,,0.037532,,,931637,港股通互联网,CNY,CN10Y
2014-12-10,,0.037111,,,931637,港股通互联网,CNY,CN10Y
2014-12-11,,0.037282,,,931637,港股通互联网,CNY,CN10Y
2014-12-12,,0.037513,,,931637,港股通互联网,CNY,CN10Y
2014-12-15,,0.037815,,,931637,港股通互联网,CNY,CN10Y
2014-12-16,,0.037522,,,931637,港股通互联网,CNY,CN10Y
2014-12-17,,0.037377,,,931637,港股通互联网,CNY,CN10Y
2014-12-18,,0.037614,,,931637,港股通互联网,CNY,CN10Y
2014-12-19,,0.037106,,,931637,港股通互联网,CNY,CN10Y
2014-12-22,,0.03703,,,931637,港股通互联网,CNY,CN10Y
2014-12-23,,0.036604,,,931637,港股通互联网,CNY,CN10Y
2014-12-24,,0.035975,,,931637,港股通互联网,CNY,CN10Y
2014-12-25,,0.036305,,,931637,港股通互联网,CNY,CN10Y
2014-12-26,,0.036339,,,931637,港股通互联网,CNY,CN10Y
2014-12-29,,0.036213,,,931637,港股通互联网,CNY,CN10Y
2014-12-30,,0.036213,,,931637,港股通互联网,CNY,CN10Y
2014-12-31,,0.036219,,,931637,港股通互联网,CNY,CN10Y
2015-01-04,,0.036285,,,931637,港股通互联网,CNY,CN10Y
2015-01-05,,0.036251,,,931637,港股通互联网,CNY,CN10Y
2015-01-06,,0.0363529999999999,,,931637,港股通互联网,CNY,CN10Y
2015-01-07,,0.036408,,,931637,港股通互联网,CNY,CN10Y
2015-01-08,,0.036415,,,931637,港股通互联网,CNY,CN10Y
2015-01-09,,0.036348,,,931637,港股通互联网,CNY,CN10Y
2015-01-12,,0.036371,,,931637,港股通互联网,CNY,CN10Y
2015-01-13,,0.035836,,,931637,港股通互联网,CNY,CN10Y
2015-01-14,,0.035411,,,931637,港股通互联网,CNY,CN10Y
2015-01-15,,0.035464,,,931637,港股通互联网,CNY,CN10Y
2015-01-16,,0.035017,,,931637,港股通互联网,CNY,CN10Y
2015-01-19,,0.03475,,,931637,港股通互联网,CNY,CN10Y
2015-01-20,,0.034711,,,931637,港股通互联网,CNY,CN10Y
2015-01-21,,0.034672,,,931637,港股通互联网,CNY,CN10Y
2015-01-22,,0.034521,,,931637,港股通互联网,CNY,CN10Y
2015-01-23,,0.03452,,,931637,港股通互联网,CNY,CN10Y
2015-01-26,,0.0343409999999999,,,931637,港股通互联网,CNY,CN10Y
2015-01-27,,0.034309,,,931637,港股通互联网,CNY,CN10Y
2015-01-28,,0.034767,,,931637,港股通互联网,CNY,CN10Y
2015-01-29,,0.034966,,,931637,港股通互联网,CNY,CN10Y
2015-01-30,,0.035019,,,931637,港股通互联网,CNY,CN10Y
2015-02-02,,0.034729,,,931637,港股通互联网,CNY,CN10Y
2015-02-03,,0.034533,,,931637,港股通互联网,CNY,CN10Y
2015-02-04,,0.034589,,,931637,港股通互联网,CNY,CN10Y
2015-02-05,,0.034018,,,931637,港股通互联网,CNY,CN10Y
2015-02-06,,0.034325,,,931637,港股通互联网,CNY,CN10Y
2015-02-09,,0.034236,,,931637,港股通互联网,CNY,CN10Y
2015-02-10,,0.0342989999999999,,,931637,港股通互联网,CNY,CN10Y
2015-02-11,,0.033955,,,931637,港股通互联网,CNY,CN10Y
2015-02-12,,0.033865,,,931637,港股通互联网,CNY,CN10Y
2015-02-13,,0.033552,,,931637,港股通互联网,CNY,CN10Y
2015-02-15,,0.0336249999999999,,,931637,港股通互联网,CNY,CN10Y
2015-02-16,,0.033374,,,931637,港股通互联网,CNY,CN10Y
2015-02-17,,0.033373,,,931637,港股通互联网,CNY,CN10Y
2015-02-25,,0.03349,,,931637,港股通互联网,CNY,CN10Y
2015-02-26,,0.033594,,,931637,港股通互联网,CNY,CN10Y
2015-02-27,,0.033745,,,931637,港股通互联网,CNY,CN10Y
2015-02-28,,0.033602,,,931637,港股通互联网,CNY,CN10Y
2015-03-02,,0.033883,,,931637,港股通互联网,CNY,CN10Y
2015-03-03,,0.034022,,,931637,港股通互联网,CNY,CN10Y
2015-03-04,,0.0338689999999999,,,931637,港股通互联网,CNY,CN10Y
2015-03-05,,0.034369,,,931637,港股通互联网,CNY,CN10Y
2015-03-06,,0.034753,,,931637,港股通互联网,CNY,CN10Y
2015-03-09,,0.034922,,,931637,港股通互联网,CNY,CN10Y
2015-03-10,,0.035228,,,931637,港股通互联网,CNY,CN10Y
2015-03-11,,0.034466,,,931637,港股通互联网,CNY,CN10Y
2015-03-12,,0.034412,,,931637,港股通互联网,CNY,CN10Y
2015-03-13,,0.034879,,,931637,港股通互联网,CNY,CN10Y
2015-03-16,,0.035301,,,931637,港股通互联网,CNY,CN10Y
2015-03-17,,0.035428,,,931637,港股通互联网,CNY,CN10Y
2015-03-18,,0.0355189999999999,,,931637,港股通互联网,CNY,CN10Y
2015-03-19,,0.035348,,,931637,港股通互联网,CNY,CN10Y
2015-03-20,,0.034958,,,931637,港股通互联网,CNY,CN10Y
2015-03-23,,0.034933,,,931637,港股通互联网,CNY,CN10Y
2015-03-24,,0.034841,,,931637,港股通互联网,CNY,CN10Y
2015-03-25,,0.035037,,,931637,港股通互联网,CNY,CN10Y
2015-03-26,,0.03544,,,931637,港股通互联网,CNY,CN10Y
2015-03-27,,0.035678,,,931637,港股通互联网,CNY,CN10Y
2015-03-30,,0.035849,,,931637,港股通互联网,CNY,CN10Y
2015-03-31,,0.036483,,,931637,港股通互联网,CNY,CN10Y
2015-04-01,,0.035997,,,931637,港股通互联网,CNY,CN10Y
2015-04-02,,0.035438,,,931637,港股通互联网,CNY,CN10Y
2015-04-03,,0.03572,,,931637,港股通互联网,CNY,CN10Y
2015-04-07,,0.035987,,,931637,港股通互联网,CNY,CN10Y
2015-04-08,,0.036938,,,931637,港股通互联网,CNY,CN10Y
2015-04-09,,0.03704,,,931637,港股通互联网,CNY,CN10Y
2015-04-10,,0.036947,,,931637,港股通互联网,CNY,CN10Y
2015-04-13,,0.0366849999999999,,,931637,港股通互联网,CNY,CN10Y
2015-04-14,,0.036211,,,931637,港股通互联网,CNY,CN10Y
2015-04-15,,0.035954,,,931637,港股通互联网,CNY,CN10Y
2015-04-16,,0.0356,,,931637,港股通互联网,CNY,CN10Y
2015-04-17,,0.035627,,,931637,港股通互联网,CNY,CN10Y
2015-04-20,,0.034554,,,931637,港股通互联网,CNY,CN10Y
2015-04-21,,0.034055,,,931637,港股通互联网,CNY,CN10Y
2015-04-22,,0.034052,,,931637,港股通互联网,CNY,CN10Y
2015-04-23,,0.034151,,,931637,港股通互联网,CNY,CN10Y
2015-04-24,,0.034454,,,931637,港股通互联网,CNY,CN10Y
2015-04-27,,0.033952,,,931637,港股通互联网,CNY,CN10Y
2015-04-28,,0.033804,,,931637,港股通互联网,CNY,CN10Y
2015-04-29,,0.034,,,931637,港股通互联网,CNY,CN10Y
2015-04-30,,0.033503,,,931637,港股通互联网,CNY,CN10Y
2015-05-04,,0.033804,,,931637,港股通互联网,CNY,CN10Y
2015-05-05,,0.034006,,,931637,港股通互联网,CNY,CN10Y
2015-05-06,,0.03456,,,931637,港股通互联网,CNY,CN10Y
2015-05-07,,0.034401,,,931637,港股通互联网,CNY,CN10Y
2015-05-08,,0.033703,,,931637,港股通互联网,CNY,CN10Y
2015-05-11,,0.033752,,,931637,港股通互联网,CNY,CN10Y
2015-05-12,,0.034002,,,931637,港股通互联网,CNY,CN10Y
2015-05-13,,0.034002,,,931637,港股通互联网,CNY,CN10Y
2015-05-14,,0.033803,,,931637,港股通互联网,CNY,CN10Y
2015-05-15,,0.033907,,,931637,港股通互联网,CNY,CN10Y
2015-05-18,,0.034109,,,931637,港股通互联网,CNY,CN10Y
2015-05-19,,0.034311,,,931637,港股通互联网,CNY,CN10Y
2015-05-20,,0.034282,,,931637,港股通互联网,CNY,CN10Y
2015-05-21,,0.034257,,,931637,港股通互联网,CNY,CN10Y
2015-05-22,,0.0341599999999999,,,931637,港股通互联网,CNY,CN10Y
2015-05-25,,0.03431,,,931637,港股通互联网,CNY,CN10Y
2015-05-26,,0.0352139999999999,,,931637,港股通互联网,CNY,CN10Y
2015-05-27,,0.035055,,,931637,港股通互联网,CNY,CN10Y
2015-05-28,,0.0356519999999999,,,931637,港股通互联网,CNY,CN10Y
2015-05-29,,0.035954,,,931637,港股通互联网,CNY,CN10Y
2015-06-01,,0.036404,,,931637,港股通互联网,CNY,CN10Y
2015-06-02,,0.03588,,,931637,港股通互联网,CNY,CN10Y
2015-06-03,,0.036111,,,931637,港股通互联网,CNY,CN10Y
2015-06-04,,0.035912,,,931637,港股通互联网,CNY,CN10Y
2015-06-05,,0.035814,,,931637,港股通互联网,CNY,CN10Y
2015-06-08,,0.035613,,,931637,港股通互联网,CNY,CN10Y
2015-06-09,,0.035565,,,931637,港股通互联网,CNY,CN10Y
2015-06-10,,0.035912,,,931637,港股通互联网,CNY,CN10Y
2015-06-11,,0.036197,,,931637,港股通互联网,CNY,CN10Y
2015-06-12,,0.036226,,,931637,港股通互联网,CNY,CN10Y
2015-06-15,,0.036681,,,931637,港股通互联网,CNY,CN10Y
2015-06-16,,0.036099,,,931637,港股通互联网,CNY,CN10Y
2015-06-17,,0.036052,,,931637,港股通互联网,CNY,CN10Y
2015-06-18,,0.03573,,,931637,港股通互联网,CNY,CN10Y
2015-06-19,,0.035825,,,931637,港股通互联网,CNY,CN10Y
2015-06-23,,0.036054,,,931637,港股通互联网,CNY,CN10Y
2015-06-24,,0.036079,,,931637,港股通互联网,CNY,CN10Y
2015-06-25,,0.036028,,,931637,港股通互联网,CNY,CN10Y
2015-06-26,,0.03608,,,931637,港股通互联网,CNY,CN10Y
2015-06-29,,0.03603,,,931637,港股通互联网,CNY,CN10Y
2015-06-30,,0.035976,,,931637,港股通互联网,CNY,CN10Y
2015-07-01,,0.036127,,,931637,港股通互联网,CNY,CN10Y
2015-07-02,,0.036223,,,931637,港股通互联网,CNY,CN10Y
2015-07-03,,0.035719,,,931637,港股通互联网,CNY,CN10Y
2015-07-06,,0.034917,,,931637,港股通互联网,CNY,CN10Y
2015-07-07,,0.034361,,,931637,港股通互联网,CNY,CN10Y
2015-07-08,,0.034307,,,931637,港股通互联网,CNY,CN10Y
2015-07-09,,0.034358,,,931637,港股通互联网,CNY,CN10Y
2015-07-10,,0.034885,,,931637,港股通互联网,CNY,CN10Y
2015-07-13,,0.0350139999999999,,,931637,港股通互联网,CNY,CN10Y
2015-07-14,,0.035341,,,931637,港股通互联网,CNY,CN10Y
2015-07-15,,0.035495,,,931637,港股通互联网,CNY,CN10Y
2015-07-16,,0.0352079999999999,,,931637,港股通互联网,CNY,CN10Y
2015-07-17,,0.035123,,,931637,港股通互联网,CNY,CN10Y
2015-07-20,,0.035009,,,931637,港股通互联网,CNY,CN10Y
2015-07-21,,0.0352139999999999,,,931637,港股通互联网,CNY,CN10Y
2015-07-22,,0.035145,,,931637,港股通互联网,CNY,CN10Y
2015-07-23,,0.034751,,,931637,港股通互联网,CNY,CN10Y
2015-07-24,,0.034602,,,931637,港股通互联网,CNY,CN10Y
2015-07-27,,0.034602,,,931637,港股通互联网,CNY,CN10Y
2015-07-28,,0.034401,,,931637,港股通互联网,CNY,CN10Y
2015-07-29,,0.034302,,,931637,港股通互联网,CNY,CN10Y
2015-07-30,,0.034402,,,931637,港股通互联网,CNY,CN10Y
2015-07-31,,0.034752,,,931637,港股通互联网,CNY,CN10Y
2015-08-03,,0.0347,,,931637,港股通互联网,CNY,CN10Y
2015-08-04,,0.0347,,,931637,港股通互联网,CNY,CN10Y
2015-08-05,,0.034701,,,931637,港股通互联网,CNY,CN10Y
2015-08-06,,0.0346,,,931637,港股通互联网,CNY,CN10Y
2015-08-07,,0.034553,,,931637,港股通互联网,CNY,CN10Y
2015-08-10,,0.034755,,,931637,港股通互联网,CNY,CN10Y
2015-08-11,,0.0352559999999999,,,931637,港股通互联网,CNY,CN10Y
2015-08-12,,0.035402,,,931637,港股通互联网,CNY,CN10Y
2015-08-13,,0.035153,,,931637,港股通互联网,CNY,CN10Y
2015-08-14,,0.035052,,,931637,港股通互联网,CNY,CN10Y
2015-08-17,,0.035176,,,931637,港股通互联网,CNY,CN10Y
2015-08-18,,0.035126,,,931637,港股通互联网,CNY,CN10Y
2015-08-19,,0.0352009999999999,,,931637,港股通互联网,CNY,CN10Y
2015-08-20,,0.035051,,,931637,港股通互联网,CNY,CN10Y
2015-08-21,,0.0349509999999999,,,931637,港股通互联网,CNY,CN10Y
2015-08-24,,0.034701,,,931637,港股通互联网,CNY,CN10Y
2015-08-25,,0.034577,,,931637,港股通互联网,CNY,CN10Y
2015-08-26,,0.03429,,,931637,港股通互联网,CNY,CN10Y
2015-08-27,,0.033902,,,931637,港股通互联网,CNY,CN10Y
2015-08-28,,0.033803,,,931637,港股通互联网,CNY,CN10Y
2015-08-31,,0.033252,,,931637,港股通互联网,CNY,CN10Y
2015-09-01,,0.033002,,,931637,港股通互联网,CNY,CN10Y
2015-09-02,,0.033002,,,931637,港股通互联网,CNY,CN10Y
2015-09-06,,0.033203,,,931637,港股通互联网,CNY,CN10Y
2015-09-07,,0.033353,,,931637,港股通互联网,CNY,CN10Y
2015-09-08,,0.033603,,,931637,港股通互联网,CNY,CN10Y
2015-09-09,,0.033478,,,931637,港股通互联网,CNY,CN10Y
2015-09-10,,0.033453,,,931637,港股通互联网,CNY,CN10Y
2015-09-11,,0.0334039999999999,,,931637,港股通互联网,CNY,CN10Y
2015-09-14,,0.033303,,,931637,港股通互联网,CNY,CN10Y
2015-09-15,,0.033104,,,931637,港股通互联网,CNY,CN10Y
2015-09-16,,0.033103,,,931637,港股通互联网,CNY,CN10Y
2015-09-17,,0.033204,,,931637,港股通互联网,CNY,CN10Y
2015-09-18,,0.033105,,,931637,港股通互联网,CNY,CN10Y
2015-09-21,,0.033204,,,931637,港股通互联网,CNY,CN10Y
2015-09-22,,0.033255,,,931637,港股通互联网,CNY,CN10Y
2015-09-23,,0.033354,,,931637,港股通互联网,CNY,CN10Y
2015-09-24,,0.03318,,,931637,港股通互联网,CNY,CN10Y
2015-09-25,,0.033101,,,931637,港股通互联网,CNY,CN10Y
2015-09-28,,0.032906,,,931637,港股通互联网,CNY,CN10Y
2015-09-29,,0.032457,,,931637,港股通互联网,CNY,CN10Y
2015-09-30,,0.032362,,,931637,港股通互联网,CNY,CN10Y
2015-10-08,,0.032409,,,931637,港股通互联网,CNY,CN10Y
2015-10-09,,0.031486,,,931637,港股通互联网,CNY,CN10Y
2015-10-10,,0.031612,,,931637,港股通互联网,CNY,CN10Y
2015-10-12,,0.031488,,,931637,港股通互联网,CNY,CN10Y
2015-10-13,,0.0310639999999999,,,931637,港股通互联网,CNY,CN10Y
2015-10-14,,0.030414,,,931637,港股通互联网,CNY,CN10Y
2015-10-15,,0.0308139999999999,,,931637,港股通互联网,CNY,CN10Y
2015-10-16,,0.031216,,,931637,港股通互联网,CNY,CN10Y
2015-10-19,,0.031214,,,931637,港股通互联网,CNY,CN10Y
2015-10-20,,0.030615,,,931637,港股通互联网,CNY,CN10Y
2015-10-21,,0.0306159999999999,,,931637,港股通互联网,CNY,CN10Y
2015-10-22,,0.030516,,,931637,港股通互联网,CNY,CN10Y
2015-10-23,,0.0304,,,931637,港股通互联网,CNY,CN10Y
2015-10-26,,0.0302,,,931637,港股通互联网,CNY,CN10Y
2015-10-27,,0.0298,,,931637,港股通互联网,CNY,CN10Y
2015-10-28,,0.02987,,,931637,港股通互联网,CNY,CN10Y
2015-10-29,,0.0305,,,931637,港股通互联网,CNY,CN10Y
2015-10-30,,0.0306,,,931637,港股通互联网,CNY,CN10Y
2015-11-02,,0.030525,,,931637,港股通互联网,CNY,CN10Y
2015-11-03,,0.0308,,,931637,港股通互联网,CNY,CN10Y
2015-11-04,,0.031351,,,931637,港股通互联网,CNY,CN10Y
2015-11-05,,0.03115,,,931637,港股通互联网,CNY,CN10Y
2015-11-06,,0.03125,,,931637,港股通互联网,CNY,CN10Y
2015-11-09,,0.032099,,,931637,港股通互联网,CNY,CN10Y
2015-11-10,,0.032001,,,931637,港股通互联网,CNY,CN10Y
2015-11-11,,0.0312259999999999,,,931637,港股通互联网,CNY,CN10Y
2015-11-12,,0.031351,,,931637,港股通互联网,CNY,CN10Y
2015-11-13,,0.031251,,,931637,港股通互联网,CNY,CN10Y
2015-11-16,,0.031352,,,931637,港股通互联网,CNY,CN10Y
2015-11-17,,0.031252,,,931637,港股通互联网,CNY,CN10Y
2015-11-18,,0.031402,,,931637,港股通互联网,CNY,CN10Y
2015-11-19,,0.031402,,,931637,港股通互联网,CNY,CN10Y
2015-11-20,,0.031251,,,931637,港股通互联网,CNY,CN10Y
2015-11-23,,0.0313019999999999,,,931637,港股通互联网,CNY,CN10Y
2015-11-24,,0.031077,,,931637,港股通互联网,CNY,CN10Y
2015-11-25,,0.030853,,,931637,港股通互联网,CNY,CN10Y
2015-11-26,,0.030503,,,931637,港股通互联网,CNY,CN10Y
2015-11-27,,0.0306029999999999,,,931637,港股通互联网,CNY,CN10Y
2015-11-30,,0.030404,,,931637,港股通互联网,CNY,CN10Y
2015-12-01,,0.0305039999999999,,,931637,港股通互联网,CNY,CN10Y
2015-12-02,,0.030454,,,931637,港股通互联网,CNY,CN10Y
2015-12-03,,0.030304,,,931637,港股通互联网,CNY,CN10Y
2015-12-04,,0.030254,,,931637,港股通互联网,CNY,CN10Y
2015-12-07,,0.03028,,,931637,港股通互联网,CNY,CN10Y
2015-12-08,,0.030005,,,931637,港股通互联网,CNY,CN10Y
2015-12-09,,0.0299679999999999,,,931637,港股通互联网,CNY,CN10Y
2015-12-10,,0.030018,,,931637,港股通互联网,CNY,CN10Y
2015-12-11,,0.029931,,,931637,港股通互联网,CNY,CN10Y
2015-12-14,,0.030306,,,931637,港股通互联网,CNY,CN10Y
2015-12-15,,0.030157,,,931637,港股通互联网,CNY,CN10Y
2015-12-16,,0.030007,,,931637,港股通互联网,CNY,CN10Y
2015-12-17,,0.029857,,,931637,港股通互联网,CNY,CN10Y
2015-12-18,,0.029408,,,931637,港股通互联网,CNY,CN10Y
2015-12-21,,0.028811,,,931637,港股通互联网,CNY,CN10Y
2015-12-22,,0.02861,,,931637,港股通互联网,CNY,CN10Y
2015-12-23,,0.02846,,,931637,港股通互联网,CNY,CN10Y
2015-12-24,,0.02801,,,931637,港股通互联网,CNY,CN10Y
2015-12-25,,0.028061,,,931637,港股通互联网,CNY,CN10Y
2015-12-28,,0.027961,,,931637,港股通互联网,CNY,CN10Y
2015-12-29,,0.028061,,,931637,港股通互联网,CNY,CN10Y
2015-12-30,,0.0282609999999999,,,931637,港股通互联网,CNY,CN10Y
2015-12-31,,0.028212,,,931637,港股通互联网,CNY,CN10Y
2016-01-04,,0.02871,,,931637,港股通互联网,CNY,CN10Y
2016-01-05,,0.028911,,,931637,港股通互联网,CNY,CN10Y
2016-01-06,,0.0288609999999999,,,931637,港股通互联网,CNY,CN10Y
2016-01-07,,0.028511,,,931637,港股通互联网,CNY,CN10Y
2016-01-08,,0.028362,,,931637,港股通互联网,CNY,CN10Y
2016-01-11,,0.028187,,,931637,港股通互联网,CNY,CN10Y
2016-01-12,,0.027887,,,931637,港股通互联网,CNY,CN10Y
2016-01-13,,0.027237,,,931637,港股通互联网,CNY,CN10Y
2016-01-14,,0.027513,,,931637,港股通互联网,CNY,CN10Y
2016-01-15,,0.027464,,,931637,港股通互联网,CNY,CN10Y
2016-01-18,,0.027764,,,931637,港股通互联网,CNY,CN10Y
2016-01-19,,0.027964,,,931637,港股通互联网,CNY,CN10Y
2016-01-20,,0.028114,,,931637,港股通互联网,CNY,CN10Y
2016-01-21,,0.0279139999999999,,,931637,港股通互联网,CNY,CN10Y
2016-01-22,,0.027741,,,931637,港股通互联网,CNY,CN10Y
2016-01-25,,0.02859,,,931637,港股通互联网,CNY,CN10Y
2016-01-26,,0.028616,,,931637,港股通互联网,CNY,CN10Y
2016-01-27,,0.029016,,,931637,港股通互联网,CNY,CN10Y
2016-01-28,,0.028866,,,931637,港股通互联网,CNY,CN10Y
2016-01-29,,0.028419,,,931637,港股通互联网,CNY,CN10Y
2016-02-01,,0.028368,,,931637,港股通互联网,CNY,CN10Y
2016-02-02,,0.028818,,,931637,港股通互联网,CNY,CN10Y
2016-02-03,,0.028918,,,931637,港股通互联网,CNY,CN10Y
2016-02-04,,0.02855,,,931637,港股通互联网,CNY,CN10Y
2016-02-05,,0.0285349999999999,,,931637,港股通互联网,CNY,CN10Y
2016-02-06,,0.0285349999999999,,,931637,港股通互联网,CNY,CN10Y
2016-02-14,,0.028221,,,931637,港股通互联网,CNY,CN10Y
2016-02-15,,0.028371,,,931637,港股通互联网,CNY,CN10Y
2016-02-16,,0.028376,,,931637,港股通互联网,CNY,CN10Y
2016-02-17,,0.028351,,,931637,港股通互联网,CNY,CN10Y
2016-02-18,,0.028351,,,931637,港股通互联网,CNY,CN10Y
2016-02-19,,0.028251,,,931637,港股通互联网,CNY,CN10Y
2016-02-22,,0.028426,,,931637,港股通互联网,CNY,CN10Y
2016-02-23,,0.028451,,,931637,港股通互联网,CNY,CN10Y
2016-02-24,,0.028676,,,931637,港股通互联网,CNY,CN10Y
2016-02-25,,0.028651,,,931637,港股通互联网,CNY,CN10Y
2016-02-26,,0.028551,,,931637,港股通互联网,CNY,CN10Y
2016-02-29,,0.028502,,,931637,港股通互联网,CNY,CN10Y
2016-03-01,,0.028527,,,931637,港股通互联网,CNY,CN10Y
2016-03-02,,0.028752,,,931637,港股通互联网,CNY,CN10Y
2016-03-03,,0.029002,,,931637,港股通互联网,CNY,CN10Y
2016-03-04,,0.028952,,,931637,港股通互联网,CNY,CN10Y
2016-03-07,,0.029303,,,931637,港股通互联网,CNY,CN10Y
2016-03-08,,0.029352,,,931637,港股通互联网,CNY,CN10Y
2016-03-09,,0.028928,,,931637,港股通互联网,CNY,CN10Y
2016-03-10,,0.0286529999999999,,,931637,港股通互联网,CNY,CN10Y
2016-03-11,,0.028453,,,931637,港股通互联网,CNY,CN10Y
2016-03-14,,0.028504,,,931637,港股通互联网,CNY,CN10Y
2016-03-15,,0.028404,,,931637,港股通互联网,CNY,CN10Y
2016-03-16,,0.028054,,,931637,港股通互联网,CNY,CN10Y
2016-03-17,,0.028154,,,931637,港股通互联网,CNY,CN10Y
2016-03-18,,0.028229,,,931637,港股通互联网,CNY,CN10Y
2016-03-21,,0.0283049999999999,,,931637,港股通互联网,CNY,CN10Y
2016-03-22,,0.028304,,,931637,港股通互联网,CNY,CN10Y
2016-03-23,,0.028307,,,931637,港股通互联网,CNY,CN10Y
2016-03-24,,0.028309,,,931637,港股通互联网,CNY,CN10Y
2016-03-25,,0.028311,,,931637,港股通互联网,CNY,CN10Y
2016-03-28,,0.028665,,,931637,港股通互联网,CNY,CN10Y
2016-03-29,,0.02851,,,931637,港股通互联网,CNY,CN10Y
2016-03-30,,0.028362,,,931637,港股通互联网,CNY,CN10Y
2016-03-31,,0.028419,,,931637,港股通互联网,CNY,CN10Y
2016-04-01,,0.028422,,,931637,港股通互联网,CNY,CN10Y
2016-04-05,,0.028637,,,931637,港股通互联网,CNY,CN10Y
2016-04-06,,0.028689,,,931637,港股通互联网,CNY,CN10Y
2016-04-07,,0.029049,,,931637,港股通互联网,CNY,CN10Y
2016-04-08,,0.029158,,,931637,港股通互联网,CNY,CN10Y
2016-04-11,,0.029091,,,931637,港股通互联网,CNY,CN10Y
2016-04-12,,0.0291,,,931637,港股通互联网,CNY,CN10Y
2016-04-13,,0.029271,,,931637,港股通互联网,CNY,CN10Y
2016-04-14,,0.029352,,,931637,港股通互联网,CNY,CN10Y
2016-04-15,,0.0291509999999999,,,931637,港股通互联网,CNY,CN10Y
2016-04-18,,0.029047,,,931637,港股通互联网,CNY,CN10Y
2016-04-19,,0.02906,,,931637,港股通互联网,CNY,CN10Y
2016-04-20,,0.029258,,,931637,港股通互联网,CNY,CN10Y
2016-04-21,,0.0292079999999999,,,931637,港股通互联网,CNY,CN10Y
2016-04-22,,0.0293089999999999,,,931637,港股通互联网,CNY,CN10Y
2016-04-25,,0.029362,,,931637,港股通互联网,CNY,CN10Y
2016-04-26,,0.029212,,,931637,港股通互联网,CNY,CN10Y
2016-04-27,,0.029108,,,931637,港股通互联网,CNY,CN10Y
2016-04-28,,0.028863,,,931637,港股通互联网,CNY,CN10Y
2016-04-29,,0.028913,,,931637,港股通互联网,CNY,CN10Y
2016-05-03,,0.02889,,,931637,港股通互联网,CNY,CN10Y
2016-05-04,,0.028965,,,931637,港股通互联网,CNY,CN10Y
2016-05-05,,0.029017,,,931637,港股通互联网,CNY,CN10Y
2016-05-06,,0.029016,,,931637,港股通互联网,CNY,CN10Y
2016-05-09,,0.028818,,,931637,港股通互联网,CNY,CN10Y
2016-05-10,,0.0289999999999999,,,931637,港股通互联网,CNY,CN10Y
2016-05-11,,0.029075,,,931637,港股通互联网,CNY,CN10Y
2016-05-12,,0.028975,,,931637,港股通互联网,CNY,CN10Y
2016-05-13,,0.02905,,,931637,港股通互联网,CNY,CN10Y
2016-05-16,,0.029275,,,931637,港股通互联网,CNY,CN10Y
2016-05-17,,0.0293,,,931637,港股通互联网,CNY,CN10Y
2016-05-18,,0.02955,,,931637,港股通互联网,CNY,CN10Y
2016-05-19,,0.0296,,,931637,港股通互联网,CNY,CN10Y
2016-05-20,,0.0295,,,931637,港股通互联网,CNY,CN10Y
2016-05-23,,0.02955,,,931637,港股通互联网,CNY,CN10Y
2016-05-24,,0.02935,,,931637,港股通互联网,CNY,CN10Y
2016-05-25,,0.029401,,,931637,港股通互联网,CNY,CN10Y
2016-05-26,,0.029401,,,931637,港股通互联网,CNY,CN10Y
2016-05-27,,0.029451,,,931637,港股通互联网,CNY,CN10Y
2016-05-30,,0.0297759999999999,,,931637,港股通互联网,CNY,CN10Y
2016-05-31,,0.029851,,,931637,港股通互联网,CNY,CN10Y
2016-06-01,,0.029952,,,931637,港股通互联网,CNY,CN10Y
2016-06-02,,0.030127,,,931637,港股通互联网,CNY,CN10Y
2016-06-03,,0.030152,,,931637,港股通互联网,CNY,CN10Y
2016-06-06,,0.030041,,,931637,港股通互联网,CNY,CN10Y
2016-06-07,,0.030071,,,931637,港股通互联网,CNY,CN10Y
2016-06-08,,0.030077,,,931637,港股通互联网,CNY,CN10Y
2016-06-12,,0.030053,,,931637,港股通互联网,CNY,CN10Y
2016-06-13,,0.029979,,,931637,港股通互联网,CNY,CN10Y
2016-06-14,,0.029654,,,931637,港股通互联网,CNY,CN10Y
2016-06-15,,0.029604,,,931637,港股通互联网,CNY,CN10Y
2016-06-16,,0.029455,,,931637,港股通互联网,CNY,CN10Y
2016-06-17,,0.029379,,,931637,港股通互联网,CNY,CN10Y
2016-06-20,,0.029481,,,931637,港股通互联网,CNY,CN10Y
2016-06-21,,0.029405,,,931637,港股通互联网,CNY,CN10Y
2016-06-22,,0.029307,,,931637,港股通互联网,CNY,CN10Y
2016-06-23,,0.029307,,,931637,港股通互联网,CNY,CN10Y
2016-06-24,,0.0288079999999999,,,931637,港股通互联网,CNY,CN10Y
2016-06-27,,0.02831,,,931637,港股通互联网,CNY,CN10Y
2016-06-28,,0.02861,,,931637,港股通互联网,CNY,CN10Y
2016-06-29,,0.028586,,,931637,港股通互联网,CNY,CN10Y
2016-06-30,,0.028411,,,931637,港股通互联网,CNY,CN10Y
2016-07-01,,0.0280379999999999,,,931637,港股通互联网,CNY,CN10Y
2016-07-04,,0.028314,,,931637,港股通互联网,CNY,CN10Y
2016-07-05,,0.0285139999999999,,,931637,港股通互联网,CNY,CN10Y
2016-07-06,,0.028365,,,931637,港股通互联网,CNY,CN10Y
2016-07-07,,0.028066,,,931637,港股通互联网,CNY,CN10Y
2016-07-08,,0.028016,,,931637,港股通互联网,CNY,CN10Y
2016-07-11,,0.028268,,,931637,港股通互联网,CNY,CN10Y
2016-07-12,,0.028368,,,931637,港股通互联网,CNY,CN10Y
2016-07-13,,0.028493,,,931637,港股通互联网,CNY,CN10Y
2016-07-14,,0.028395,,,931637,港股通互联网,CNY,CN10Y
2016-07-15,,0.028271,,,931637,港股通互联网,CNY,CN10Y
2016-07-18,,0.028271,,,931637,港股通互联网,CNY,CN10Y
2016-07-19,,0.028197,,,931637,港股通互联网,CNY,CN10Y
2016-07-20,,0.027996,,,931637,港股通互联网,CNY,CN10Y
2016-07-21,,0.027806,,,931637,港股通互联网,CNY,CN10Y
2016-07-22,,0.027907,,,931637,港股通互联网,CNY,CN10Y
2016-07-25,,0.028068,,,931637,港股通互联网,CNY,CN10Y
2016-07-26,,0.0279139999999999,,,931637,港股通互联网,CNY,CN10Y
2016-07-27,,0.027967,,,931637,港股通互联网,CNY,CN10Y
2016-07-28,,0.027867,,,931637,港股通互联网,CNY,CN10Y
2016-07-29,,0.027768,,,931637,港股通互联网,CNY,CN10Y
2016-08-01,,0.02783,,,931637,港股通互联网,CNY,CN10Y
2016-08-02,,0.0277919999999999,,,931637,港股通互联网,CNY,CN10Y
2016-08-03,,0.027718,,,931637,港股通互联网,CNY,CN10Y
2016-08-04,,0.027694,,,931637,港股通互联网,CNY,CN10Y
2016-08-05,,0.027534,,,931637,港股通互联网,CNY,CN10Y
2016-08-08,,0.027472,,,931637,港股通互联网,CNY,CN10Y
2016-08-09,,0.027125,,,931637,港股通互联网,CNY,CN10Y
2016-08-10,,0.0269499999999999,,,931637,港股通互联网,CNY,CN10Y
2016-08-11,,0.026875,,,931637,港股通互联网,CNY,CN10Y
2016-08-12,,0.026701,,,931637,港股通互联网,CNY,CN10Y
2016-08-15,,0.0264009999999999,,,931637,港股通互联网,CNY,CN10Y
2016-08-16,,0.0266509999999999,,,931637,港股通互联网,CNY,CN10Y
2016-08-17,,0.026901,,,931637,港股通互联网,CNY,CN10Y
2016-08-18,,0.026801,,,931637,港股通互联网,CNY,CN10Y
2016-08-19,,0.027001,,,931637,港股通互联网,CNY,CN10Y
2016-08-22,,0.026801,,,931637,港股通互联网,CNY,CN10Y
2016-08-23,,0.027201,,,931637,港股通互联网,CNY,CN10Y
2016-08-24,,0.027301,,,931637,港股通互联网,CNY,CN10Y
2016-08-25,,0.027201,,,931637,港股通互联网,CNY,CN10Y
2016-08-26,,0.026927,,,931637,港股通互联网,CNY,CN10Y
2016-08-29,,0.0270639999999999,,,931637,港股通互联网,CNY,CN10Y
2016-08-30,,0.027527,,,931637,港股通互联网,CNY,CN10Y
2016-08-31,,0.027425,,,931637,港股通互联网,CNY,CN10Y
2016-09-01,,0.027452,,,931637,港股通互联网,CNY,CN10Y
2016-09-02,,0.027452,,,931637,港股通互联网,CNY,CN10Y
2016-09-05,,0.027503,,,931637,港股通互联网,CNY,CN10Y
2016-09-06,,0.027628,,,931637,港股通互联网,CNY,CN10Y
2016-09-07,,0.027853,,,931637,港股通互联网,CNY,CN10Y
2016-09-08,,0.027753,,,931637,港股通互联网,CNY,CN10Y
2016-09-09,,0.0276779999999999,,,931637,港股通互联网,CNY,CN10Y
2016-09-12,,0.027916,,,931637,港股通互联网,CNY,CN10Y
2016-09-13,,0.027654,,,931637,港股通互联网,CNY,CN10Y
2016-09-14,,0.027579,,,931637,港股通互联网,CNY,CN10Y
2016-09-18,,0.027655,,,931637,港股通互联网,CNY,CN10Y
2016-09-19,,0.027605,,,931637,港股通互联网,CNY,CN10Y
2016-09-20,,0.027431,,,931637,港股通互联网,CNY,CN10Y
2016-09-21,,0.0275179999999999,,,931637,港股通互联网,CNY,CN10Y
2016-09-22,,0.027456,,,931637,港股通互联网,CNY,CN10Y
2016-09-23,,0.027318,,,931637,港股通互联网,CNY,CN10Y
2016-09-26,,0.027157,,,931637,港股通互联网,CNY,CN10Y
2016-09-27,,0.0271439999999999,,,931637,港股通互联网,CNY,CN10Y
2016-09-28,,0.027244,,,931637,港股通互联网,CNY,CN10Y
2016-09-29,,0.027282,,,931637,港股通互联网,CNY,CN10Y
2016-09-30,,0.027258,,,931637,港股通互联网,CNY,CN10Y
2016-10-08,,0.0270469999999999,,,931637,港股通互联网,CNY,CN10Y
2016-10-09,,0.02676,,,931637,港股通互联网,CNY,CN10Y
2016-10-10,,0.026735,,,931637,港股通互联网,CNY,CN10Y
2016-10-11,,0.026835,,,931637,港股通互联网,CNY,CN10Y
2016-10-12,,0.027098,,,931637,港股通互联网,CNY,CN10Y
2016-10-13,,0.02701,,,931637,港股通互联网,CNY,CN10Y
2016-10-14,,0.0269519999999999,,,931637,港股通互联网,CNY,CN10Y
2016-10-17,,0.0269039999999999,,,931637,港股通互联网,CNY,CN10Y
2016-10-18,,0.026965,,,931637,港股通互联网,CNY,CN10Y
2016-10-19,,0.026664,,,931637,港股通互联网,CNY,CN10Y
2016-10-20,,0.026518,,,931637,港股通互联网,CNY,CN10Y
2016-10-21,,0.026451,,,931637,港股通互联网,CNY,CN10Y
2016-10-24,,0.026595,,,931637,港股通互联网,CNY,CN10Y
2016-10-25,,0.026859,,,931637,港股通互联网,CNY,CN10Y
2016-10-26,,0.0272,,,931637,港股通互联网,CNY,CN10Y
2016-10-27,,0.027068,,,931637,港股通互联网,CNY,CN10Y
2016-10-28,,0.027027,,,931637,港股通互联网,CNY,CN10Y
2016-10-31,,0.027425,,,931637,港股通互联网,CNY,CN10Y
2016-11-01,,0.0273749999999999,,,931637,港股通互联网,CNY,CN10Y
2016-11-02,,0.027372,,,931637,港股通互联网,CNY,CN10Y
2016-11-03,,0.027301,,,931637,港股通互联网,CNY,CN10Y
2016-11-04,,0.027339,,,931637,港股通互联网,CNY,CN10Y
2016-11-07,,0.027475,,,931637,港股通互联网,CNY,CN10Y
2016-11-08,,0.027634,,,931637,港股通互联网,CNY,CN10Y
2016-11-09,,0.027651,,,931637,港股通互联网,CNY,CN10Y
2016-11-10,,0.027926,,,931637,港股通互联网,CNY,CN10Y
2016-11-11,,0.0281499999999999,,,931637,港股通互联网,CNY,CN10Y
2016-11-14,,0.0285769999999999,,,931637,港股通互联网,CNY,CN10Y
2016-11-15,,0.028501,,,931637,港股通互联网,CNY,CN10Y
2016-11-16,,0.028652,,,931637,港股通互联网,CNY,CN10Y
2016-11-17,,0.029055,,,931637,港股通互联网,CNY,CN10Y
2016-11-18,,0.028901,,,931637,港股通互联网,CNY,CN10Y
2016-11-21,,0.028851,,,931637,港股通互联网,CNY,CN10Y
2016-11-22,,0.028689,,,931637,港股通互联网,CNY,CN10Y
2016-11-23,,0.028451,,,931637,港股通互联网,CNY,CN10Y
2016-11-24,,0.028502,,,931637,港股通互联网,CNY,CN10Y
2016-11-25,,0.02865,,,931637,港股通互联网,CNY,CN10Y
2016-11-28,,0.028502,,,931637,港股通互联网,CNY,CN10Y
2016-11-29,,0.028906,,,931637,港股通互联网,CNY,CN10Y
2016-11-30,,0.029502,,,931637,港股通互联网,CNY,CN10Y
2016-12-01,,0.029893,,,931637,港股通互联网,CNY,CN10Y
2016-12-02,,0.029895,,,931637,港股通互联网,CNY,CN10Y
2016-12-05,,0.030302,,,931637,港股通互联网,CNY,CN10Y
2016-12-06,,0.0311509999999999,,,931637,港股通互联网,CNY,CN10Y
2016-12-07,,0.0308769999999999,,,931637,港股通互联网,CNY,CN10Y
2016-12-08,,0.030753,,,931637,港股通互联网,CNY,CN10Y
2016-12-09,,0.030853,,,931637,港股通互联网,CNY,CN10Y
2016-12-12,,0.031458,,,931637,港股通互联网,CNY,CN10Y
2016-12-13,,0.031863,,,931637,港股通互联网,CNY,CN10Y
2016-12-14,,0.032186,,,931637,港股通互联网,CNY,CN10Y
2016-12-15,,0.033315,,,931637,港股通互联网,CNY,CN10Y
2016-12-16,,0.032803,,,931637,港股通互联网,CNY,CN10Y
2016-12-19,,0.033316,,,931637,港股通互联网,CNY,CN10Y
2016-12-20,,0.033739,,,931637,港股通互联网,CNY,CN10Y
2016-12-21,,0.032815,,,931637,港股通互联网,CNY,CN10Y
2016-12-22,,0.031908,,,931637,港股通互联网,CNY,CN10Y
2016-12-23,,0.031769,,,931637,港股通互联网,CNY,CN10Y
2016-12-26,,0.031551,,,931637,港股通互联网,CNY,CN10Y
2016-12-27,,0.0316279999999999,,,931637,港股通互联网,CNY,CN10Y
2016-12-28,,0.031223,,,931637,港股通互联网,CNY,CN10Y
2016-12-29,,0.0304709999999999,,,931637,港股通互联网,CNY,CN10Y
2016-12-30,1000.0,0.030115,,,931637,港股通互联网,CNY,CN10Y
2016-12-31,,0.030115,,,931637,港股通互联网,CNY,CN10Y
2017-01-02,1000.0,0.030115,,,931637,港股通互联网,CNY,CN10Y
2017-01-03,998.9,0.031054,,,931637,港股通互联网,CNY,CN10Y
2017-01-04,1004.69,0.031823,,,931637,港股通互联网,CNY,CN10Y
2017-01-05,1021.9,0.032086,,,931637,港股通互联网,CNY,CN10Y
2017-01-06,1014.33,0.031953,,,931637,港股通互联网,CNY,CN10Y
2017-01-09,1010.21,0.031692,,,931637,港股通互联网,CNY,CN10Y
2017-01-10,1017.42,0.031792,,,931637,港股通互联网,CNY,CN10Y
2017-01-11,1026.73,0.032055,,,931637,港股通互联网,CNY,CN10Y
2017-01-12,1023.74,0.031888,,,931637,港股通互联网,CNY,CN10Y
2017-01-13,993.74,0.032022,,,931637,港股通互联网,CNY,CN10Y
2017-01-16,981.79,0.032496,,,931637,港股通互联网,CNY,CN10Y
2017-01-17,985.7,0.032692,,,931637,港股通互联网,CNY,CN10Y
2017-01-18,994.9,0.032682,,,931637,港股通互联网,CNY,CN10Y
2017-01-19,985.17,0.032584,,,931637,港股通互联网,CNY,CN10Y
2017-01-20,961.87,0.03244,,,931637,港股通互联网,CNY,CN10Y
2017-01-22,,0.0325499999999999,,,931637,港股通互联网,CNY,CN10Y
2017-01-23,955.72,0.032429,,,931637,港股通互联网,CNY,CN10Y
2017-01-24,970.7,0.032837,,,931637,港股通互联网,CNY,CN10Y
2017-01-25,975.64,0.033463,,,931637,港股通互联网,CNY,CN10Y
2017-01-26,986.8,0.0334649999999999,,,931637,港股通互联网,CNY,CN10Y
2017-01-27,980.55,0.0334649999999999,,,931637,港股通互联网,CNY,CN10Y
2017-01-30,980.55,0.0334649999999999,,,931637,港股通互联网,CNY,CN10Y
2017-01-31,980.55,0.0334649999999999,,,931637,港股通互联网,CNY,CN10Y
2017-02-01,979.26,0.0334649999999999,,,931637,港股通互联网,CNY,CN10Y
2017-02-02,983.53,0.0334649999999999,,,931637,港股通互联网,CNY,CN10Y
2017-02-03,990.63,0.034214,,,931637,港股通互联网,CNY,CN10Y
2017-02-04,,0.034099,,,931637,港股通互联网,CNY,CN10Y
2017-02-06,1002.23,0.034905,,,931637,港股通互联网,CNY,CN10Y
2017-02-07,1001.48,0.034866,,,931637,港股通互联网,CNY,CN10Y
2017-02-08,1003.66,0.034591,,,931637,港股通互联网,CNY,CN10Y
2017-02-09,1012.01,0.034148,,,931637,港股通互联网,CNY,CN10Y
2017-02-10,1006.75,0.0343679999999999,,,931637,港股通互联网,CNY,CN10Y
2017-02-13,1009.44,0.034192,,,931637,港股通互联网,CNY,CN10Y
2017-02-14,1006.3,0.034107,,,931637,港股通互联网,CNY,CN10Y
2017-02-15,1004.56,0.034058,,,931637,港股通互联网,CNY,CN10Y
2017-02-16,1013.14,0.033559,,,931637,港股通互联网,CNY,CN10Y
2017-02-17,1001.24,0.033311,,,931637,港股通互联网,CNY,CN10Y
2017-02-20,1003.26,0.032812,,,931637,港股通互联网,CNY,CN10Y
2017-02-21,998.49,0.033013,,,931637,港股通互联网,CNY,CN10Y
2017-02-22,1006.2,0.032839,,,931637,港股通互联网,CNY,CN10Y
2017-02-23,1008.48,0.032714,,,931637,港股通互联网,CNY,CN10Y
2017-02-24,994.24,0.032916,,,931637,港股通互联网,CNY,CN10Y
2017-02-27,990.09,0.032871,,,931637,港股通互联网,CNY,CN10Y
2017-02-28,980.62,0.03292,,,931637,港股通互联网,CNY,CN10Y
2017-03-01,982.01,0.033252,,,931637,港股通互联网,CNY,CN10Y
2017-03-02,970.63,0.033483,,,931637,港股通互联网,CNY,CN10Y
2017-03-03,967.94,0.033573,,,931637,港股通互联网,CNY,CN10Y
2017-03-06,973.35,0.033615,,,931637,港股通互联网,CNY,CN10Y
2017-03-07,973.32,0.033643,,,931637,港股通互联网,CNY,CN10Y
2017-03-08,973.86,0.034088,,,931637,港股通互联网,CNY,CN10Y
2017-03-09,963.59,0.034151,,,931637,港股通互联网,CNY,CN10Y
2017-03-10,965.47,0.034156,,,931637,港股通互联网,CNY,CN10Y
2017-03-13,980.57,0.033851,,,931637,港股通互联网,CNY,CN10Y
2017-03-14,990.08,0.033653,,,931637,港股通互联网,CNY,CN10Y
2017-03-15,1002.03,0.033524,,,931637,港股通互联网,CNY,CN10Y
2017-03-16,1019.21,0.033097,,,931637,港股通互联网,CNY,CN10Y
2017-03-17,1023.95,0.033124,,,931637,港股通互联网,CNY,CN10Y
2017-03-20,1053.72,0.033141,,,931637,港股通互联网,CNY,CN10Y
2017-03-21,1064.77,0.033141,,,931637,港股通互联网,CNY,CN10Y
2017-03-22,1067.95,0.033068,,,931637,港股通互联网,CNY,CN10Y
2017-03-23,1061.84,0.033034,,,931637,港股通互联网,CNY,CN10Y
2017-03-24,1060.76,0.032529,,,931637,港股通互联网,CNY,CN10Y
2017-03-27,1040.95,0.032451,,,931637,港股通互联网,CNY,CN10Y
2017-03-28,1043.27,0.032626,,,931637,港股通互联网,CNY,CN10Y
2017-03-29,1048.44,0.032695,,,931637,港股通互联网,CNY,CN10Y
2017-03-30,1037.89,0.03289,,,931637,港股通互联网,CNY,CN10Y
2017-03-31,1047.3,0.0328279999999999,,,931637,港股通互联网,CNY,CN10Y
2017-04-01,,0.03273,,,931637,港股通互联网,CNY,CN10Y
2017-04-03,1044.7,0.03273,,,931637,港股通互联网,CNY,CN10Y
2017-04-04,1044.7,0.03273,,,931637,港股通互联网,CNY,CN10Y
2017-04-05,1067.46,0.033102,,,931637,港股通互联网,CNY,CN10Y
2017-04-06,1064.4,0.033109,,,931637,港股通互联网,CNY,CN10Y
2017-04-07,1065.81,0.032966,,,931637,港股通互联网,CNY,CN10Y
2017-04-10,1053.48,0.033166,,,931637,港股通互联网,CNY,CN10Y
2017-04-11,1041.36,0.033209,,,931637,港股通互联网,CNY,CN10Y
2017-04-12,1044.11,0.033283,,,931637,港股通互联网,CNY,CN10Y
2017-04-13,1034.8,0.03322,,,931637,港股通互联网,CNY,CN10Y
2017-04-14,1034.8,0.033599,,,931637,港股通互联网,CNY,CN10Y
2017-04-17,1034.8,0.0341599999999999,,,931637,港股通互联网,CNY,CN10Y
2017-04-18,1014.86,0.034064,,,931637,港股通互联网,CNY,CN10Y
2017-04-19,1020.77,0.034065,,,931637,港股通互联网,CNY,CN10Y
2017-04-20,1039.53,0.03424,,,931637,港股通互联网,CNY,CN10Y
2017-04-21,1030.53,0.034614,,,931637,港股通互联网,CNY,CN10Y
2017-04-24,1046.31,0.034991,,,931637,港股通互联网,CNY,CN10Y
2017-04-25,1060.69,0.034568,,,931637,港股通互联网,CNY,CN10Y
2017-04-26,1061.76,0.034519,,,931637,港股通互联网,CNY,CN10Y
2017-04-27,1060.11,0.034494,,,931637,港股通互联网,CNY,CN10Y
2017-04-28,1062.29,0.034668,,,931637,港股通互联网,CNY,CN10Y
2017-05-01,1062.29,0.034668,,,931637,港股通互联网,CNY,CN10Y
2017-05-02,1073.72,0.03487,,,931637,港股通互联网,CNY,CN10Y
2017-05-03,1073.72,0.035219,,,931637,港股通互联网,CNY,CN10Y
2017-05-04,1052.92,0.035517,,,931637,港股通互联网,CNY,CN10Y
2017-05-05,1042.67,0.035592,,,931637,港股通互联网,CNY,CN10Y
2017-05-08,1050.0,0.036042,,,931637,港股通互联网,CNY,CN10Y
2017-05-09,1069.33,0.0363249999999999,,,931637,港股通互联网,CNY,CN10Y
2017-05-10,1071.98,0.0369,,,931637,港股通互联网,CNY,CN10Y
2017-05-11,1069.38,0.0364,,,931637,港股通互联网,CNY,CN10Y
2017-05-12,1068.04,0.036525,,,931637,港股通互联网,CNY,CN10Y
2017-05-15,1070.85,0.0361,,,931637,港股通互联网,CNY,CN10Y
2017-05-16,1072.26,0.036225,,,931637,港股通互联网,CNY,CN10Y
2017-05-17,1079.4,0.036275,,,931637,港股通互联网,CNY,CN10Y
2017-05-18,1065.34,0.0360749999999999,,,931637,港股通互联网,CNY,CN10Y
2017-05-19,1077.36,0.03625,,,931637,港股通互联网,CNY,CN10Y
2017-05-22,1087.69,0.036601,,,931637,港股通互联网,CNY,CN10Y
2017-05-23,1084.99,0.036725,,,931637,港股通互联网,CNY,CN10Y
2017-05-24,1090.17,0.036601,,,931637,港股通互联网,CNY,CN10Y
2017-05-25,1087.88,0.036476,,,931637,港股通互联网,CNY,CN10Y
2017-05-26,1088.83,0.036501,,,931637,港股通互联网,CNY,CN10Y
2017-05-27,,0.036499,,,931637,港股通互联网,CNY,CN10Y
2017-05-29,1084.84,0.036499,,,931637,港股通互联网,CNY,CN10Y
2017-05-30,1084.84,0.036499,,,931637,港股通互联网,CNY,CN10Y
2017-05-31,1066.94,0.0361019999999999,,,931637,港股通互联网,CNY,CN10Y
2017-06-01,1065.11,0.036152,,,931637,港股通互联网,CNY,CN10Y
2017-06-02,1065.61,0.036277,,,931637,港股通互联网,CNY,CN10Y
2017-06-05,1060.7,0.036152,,,931637,港股通互联网,CNY,CN10Y
2017-06-06,1056.54,0.036328,,,931637,港股通互联网,CNY,CN10Y
2017-06-07,1058.55,0.036427,,,931637,港股通互联网,CNY,CN10Y
2017-06-08,1064.73,0.036478,,,931637,港股通互联网,CNY,CN10Y
2017-06-09,1064.75,0.036303,,,931637,港股通互联网,CNY,CN10Y
2017-06-12,1050.34,0.035841,,,931637,港股通互联网,CNY,CN10Y
2017-06-13,1055.07,0.035754,,,931637,港股通互联网,CNY,CN10Y
2017-06-14,1058.54,0.035354,,,931637,港股通互联网,CNY,CN10Y
2017-06-15,1039.37,0.035554,,,931637,港股通互联网,CNY,CN10Y
2017-06-16,1032.82,0.03568,,,931637,港股通互联网,CNY,CN10Y
2017-06-19,1048.2,0.035006,,,931637,港股通互联网,CNY,CN10Y
2017-06-20,1047.74,0.034881,,,931637,港股通互联网,CNY,CN10Y
2017-06-21,1049.24,0.035406,,,931637,港股通互联网,CNY,CN10Y
2017-06-22,1048.23,0.035607,,,931637,港股通互联网,CNY,CN10Y
2017-06-23,1053.92,0.035457,,,931637,港股通互联网,CNY,CN10Y
2017-06-26,1064.84,0.035134,,,931637,港股通互联网,CNY,CN10Y
2017-06-27,1061.72,0.035084,,,931637,港股通互联网,CNY,CN10Y
2017-06-28,1049.37,0.035333,,,931637,港股通互联网,CNY,CN10Y
2017-06-29,1051.36,0.035483,,,931637,港股通互联网,CNY,CN10Y
2017-06-30,1042.19,0.035683,,,931637,港股通互联网,CNY,CN10Y
2017-07-03,1048.39,0.036033,,,931637,港股通互联网,CNY,CN10Y
2017-07-04,1028.71,0.036009,,,931637,港股通互联网,CNY,CN10Y
2017-07-05,1039.17,0.03576,,,931637,港股通互联网,CNY,CN10Y
2017-07-06,1046.36,0.03566,,,931637,港股通互联网,CNY,CN10Y
2017-07-07,1061.75,0.035897,,,931637,港股通互联网,CNY,CN10Y
2017-07-10,1054.45,0.035911,,,931637,港股通互联网,CNY,CN10Y
2017-07-11,1051.25,0.035836,,,931637,港股通互联网,CNY,CN10Y
2017-07-12,1059.66,0.035749,,,931637,港股通互联网,CNY,CN10Y
2017-07-13,1078.02,0.035643,,,931637,港股通互联网,CNY,CN10Y
2017-07-14,1082.38,0.035637,,,931637,港股通互联网,CNY,CN10Y
2017-07-17,1083.06,0.035626,,,931637,港股通互联网,CNY,CN10Y
2017-07-18,1086.75,0.035851,,,931637,港股通互联网,CNY,CN10Y
2017-07-19,1127.62,0.035901,,,931637,港股通互联网,CNY,CN10Y
2017-07-20,1130.26,0.03574,,,931637,港股通互联网,CNY,CN10Y
2017-07-21,1126.06,0.035829,,,931637,港股通互联网,CNY,CN10Y
2017-07-24,1123.43,0.035769,,,931637,港股通互联网,CNY,CN10Y
2017-07-25,1112.51,0.03592,,,931637,港股通互联网,CNY,CN10Y
2017-07-26,1101.72,0.03617,,,931637,港股通互联网,CNY,CN10Y
2017-07-27,1106.68,0.036021,,,931637,港股通互联网,CNY,CN10Y
2017-07-28,1093.68,0.036034,,,931637,港股通互联网,CNY,CN10Y
2017-07-31,1099.77,0.03626,,,931637,港股通互联网,CNY,CN10Y
2017-08-01,1097.74,0.036373,,,931637,港股通互联网,CNY,CN10Y
2017-08-02,1104.3,0.036311,,,931637,港股通互联网,CNY,CN10Y
2017-08-03,1085.03,0.0362619999999999,,,931637,港股通互联网,CNY,CN10Y
2017-08-04,1103.5,0.0362619999999999,,,931637,港股通互联网,CNY,CN10Y
2017-08-07,1127.16,0.036626,,,931637,港股通互联网,CNY,CN10Y
2017-08-08,1155.15,0.036538,,,931637,港股通互联网,CNY,CN10Y
2017-08-09,1158.37,0.0366,,,931637,港股通互联网,CNY,CN10Y
2017-08-10,1143.09,0.036375,,,931637,港股通互联网,CNY,CN10Y
2017-08-11,1102.74,0.036163,,,931637,港股通互联网,CNY,CN10Y
2017-08-14,1134.11,0.035925,,,931637,港股通互联网,CNY,CN10Y
2017-08-15,1127.25,0.035801,,,931637,港股通互联网,CNY,CN10Y
2017-08-16,1128.16,0.035988,,,931637,港股通互联网,CNY,CN10Y
2017-08-17,1127.0,0.035926,,,931637,港股通互联网,CNY,CN10Y
2017-08-18,1124.83,0.035951,,,931637,港股通互联网,CNY,CN10Y
2017-08-21,1130.18,0.036181,,,931637,港股通互联网,CNY,CN10Y
2017-08-22,1141.15,0.036201,,,931637,港股通互联网,CNY,CN10Y
2017-08-23,1141.15,0.036152,,,931637,港股通互联网,CNY,CN10Y
2017-08-24,1130.67,0.036252,,,931637,港股通互联网,CNY,CN10Y
2017-08-25,1130.46,0.036327,,,931637,港股通互联网,CNY,CN10Y
2017-08-28,1110.73,0.036502,,,931637,港股通互联网,CNY,CN10Y
2017-08-29,1095.94,0.036303,,,931637,港股通互联网,CNY,CN10Y
2017-08-30,1100.18,0.036303,,,931637,港股通互联网,CNY,CN10Y
2017-08-31,1113.2,0.036265,,,931637,港股通互联网,CNY,CN10Y
2017-09-01,1110.78,0.0363529999999999,,,931637,港股通互联网,CNY,CN10Y
2017-09-04,1109.97,0.036454,,,931637,港股通互联网,CNY,CN10Y
2017-09-05,1106.21,0.036641,,,931637,港股通互联网,CNY,CN10Y
2017-09-06,1117.94,0.036554,,,931637,港股通互联网,CNY,CN10Y
2017-09-07,1108.85,0.036155,,,931637,港股通互联网,CNY,CN10Y
2017-09-08,1109.16,0.0360049999999999,,,931637,港股通互联网,CNY,CN10Y
2017-09-11,1104.92,0.036156,,,931637,港股通互联网,CNY,CN10Y
2017-09-12,1112.99,0.036181,,,931637,港股通互联网,CNY,CN10Y
2017-09-13,1117.0,0.036356,,,931637,港股通互联网,CNY,CN10Y
2017-09-14,1110.38,0.035982,,,931637,港股通互联网,CNY,CN10Y
2017-09-15,1102.48,0.035982,,,931637,港股通互联网,CNY,CN10Y
2017-09-18,1110.51,0.03622,,,931637,港股通互联网,CNY,CN10Y
2017-09-19,1111.52,0.036158,,,931637,港股通互联网,CNY,CN10Y
2017-09-20,1113.1,0.036209,,,931637,港股通互联网,CNY,CN10Y
2017-09-21,1109.66,0.036334,,,931637,港股通互联网,CNY,CN10Y
2017-09-22,1098.78,0.036209,,,931637,港股通互联网,CNY,CN10Y
2017-09-25,1075.65,0.035985,,,931637,港股通互联网,CNY,CN10Y
2017-09-26,1069.36,0.036172,,,931637,港股通互联网,CNY,CN10Y
2017-09-27,1078.46,0.0362349999999999,,,931637,港股通互联网,CNY,CN10Y
2017-09-28,1071.9,0.036136,,,931637,港股通互联网,CNY,CN10Y
2017-09-29,1078.96,0.036136,,,931637,港股通互联网,CNY,CN10Y
2017-09-30,,0.036136,,,931637,港股通互联网,CNY,CN10Y
2017-10-02,1078.96,0.036136,,,931637,港股通互联网,CNY,CN10Y
2017-10-03,1097.55,0.036136,,,931637,港股通互联网,CNY,CN10Y
2017-10-04,1094.08,0.036136,,,931637,港股通互联网,CNY,CN10Y
2017-10-05,1094.08,0.036136,,,931637,港股通互联网,CNY,CN10Y
2017-10-06,1116.04,0.036136,,,931637,港股通互联网,CNY,CN10Y
2017-10-09,1112.1,0.036477,,,931637,港股通互联网,CNY,CN10Y
2017-10-10,1143.23,0.0364699999999999,,,931637,港股通互联网,CNY,CN10Y
2017-10-11,1123.44,0.0365399999999999,,,931637,港股通互联网,CNY,CN10Y
2017-10-12,1125.63,0.036765,,,931637,港股通互联网,CNY,CN10Y
2017-10-13,1126.5,0.03674,,,931637,港股通互联网,CNY,CN10Y
2017-10-16,1130.32,0.037054,,,931637,港股通互联网,CNY,CN10Y
2017-10-17,1132.79,0.037409,,,931637,港股通互联网,CNY,CN10Y
2017-10-18,1123.62,0.037366,,,931637,港股通互联网,CNY,CN10Y
2017-10-19,1107.8,0.037167,,,931637,港股通互联网,CNY,CN10Y
2017-10-20,1125.04,0.037217,,,931637,港股通互联网,CNY,CN10Y
2017-10-23,1131.51,0.037231,,,931637,港股通互联网,CNY,CN10Y
2017-10-24,1119.65,0.03722,,,931637,港股通互联网,CNY,CN10Y
2017-10-25,1126.75,0.037768,,,931637,港股通互联网,CNY,CN10Y
2017-10-26,1119.19,0.037769,,,931637,港股通互联网,CNY,CN10Y
2017-10-27,1118.74,0.038266,,,931637,港股通互联网,CNY,CN10Y
2017-10-30,1124.33,0.039115,,,931637,港股通互联网,CNY,CN10Y
2017-10-31,1125.28,0.038917,,,931637,港股通互联网,CNY,CN10Y
2017-11-01,1146.69,0.03863,,,931637,港股通互联网,CNY,CN10Y
2017-11-02,1142.49,0.038718,,,931637,港股通互联网,CNY,CN10Y
2017-11-03,1141.87,0.038816,,,931637,港股通互联网,CNY,CN10Y
2017-11-06,1153.44,0.038694,,,931637,港股通互联网,CNY,CN10Y
2017-11-07,1164.88,0.038813,,,931637,港股通互联网,CNY,CN10Y
2017-11-08,1157.12,0.038725,,,931637,港股通互联网,CNY,CN10Y
2017-11-09,1175.18,0.038863,,,931637,港股通互联网,CNY,CN10Y
2017-11-10,1165.77,0.039,,,931637,港股通互联网,CNY,CN10Y
2017-11-13,1175.89,0.0395,,,931637,港股通互联网,CNY,CN10Y
2017-11-14,1173.26,0.039525,,,931637,港股通互联网,CNY,CN10Y
2017-11-15,1156.62,0.0395,,,931637,港股通互联网,CNY,CN10Y
2017-11-16,1142.44,0.0392249999999999,,,931637,港股通互联网,CNY,CN10Y
2017-11-17,1133.99,0.0392,,,931637,港股通互联网,CNY,CN10Y
2017-11-20,1143.68,0.0394,,,931637,港股通互联网,CNY,CN10Y
2017-11-21,1149.04,0.0395,,,931637,港股通互联网,CNY,CN10Y
2017-11-22,1160.06,0.03985,,,931637,港股通互联网,CNY,CN10Y
2017-11-23,1140.16,0.039851,,,931637,港股通互联网,CNY,CN10Y
2017-11-24,1142.65,0.039463,,,931637,港股通互联网,CNY,CN10Y
2017-11-27,1133.62,0.039501,,,931637,港股通互联网,CNY,CN10Y
2017-11-28,1133.97,0.039601,,,931637,港股通互联网,CNY,CN10Y
2017-11-29,1125.74,0.039101,,,931637,港股通互联网,CNY,CN10Y
2017-11-30,1115.86,0.038901,,,931637,港股通互联网,CNY,CN10Y
2017-12-01,1106.67,0.038852,,,931637,港股通互联网,CNY,CN10Y
2017-12-04,1112.1,0.038902,,,931637,港股通互联网,CNY,CN10Y
2017-12-05,1089.29,0.038752,,,931637,港股通互联网,CNY,CN10Y
2017-12-06,1058.47,0.038752,,,931637,港股通互联网,CNY,CN10Y
2017-12-07,1056.16,0.038927,,,931637,港股通互联网,CNY,CN10Y
2017-12-08,1081.99,0.039102,,,931637,港股通互联网,CNY,CN10Y
2017-12-11,1103.46,0.039303,,,931637,港股通互联网,CNY,CN10Y
2017-12-12,1086.6,0.039378,,,931637,港股通互联网,CNY,CN10Y
2017-12-13,1092.72,0.039303,,,931637,港股通互联网,CNY,CN10Y
2017-12-14,1101.24,0.039104,,,931637,港股通互联网,CNY,CN10Y
2017-12-15,1091.13,0.038904,,,931637,港股通互联网,CNY,CN10Y
2017-12-18,1090.87,0.038904,,,931637,港股通互联网,CNY,CN10Y
2017-12-19,1107.96,0.039005,,,931637,港股通互联网,CNY,CN10Y
2017-12-20,1104.37,0.039005,,,931637,港股通互联网,CNY,CN10Y
2017-12-21,1118.63,0.039005,,,931637,港股通互联网,CNY,CN10Y
2017-12-22,1131.39,0.03878,,,931637,港股通互联网,CNY,CN10Y
2017-12-25,1131.39,0.038731,,,931637,港股通互联网,CNY,CN10Y
2017-12-26,1131.39,0.038881,,,931637,港股通互联网,CNY,CN10Y
2017-12-27,1129.9,0.038956,,,931637,港股通互联网,CNY,CN10Y
2017-12-28,1158.03,0.038857,,,931637,港股通互联网,CNY,CN10Y
2017-12-29,1166.55,0.038807,,,931637,港股通互联网,CNY,CN10Y
2017-12-30,,0.038807,,,931637,港股通互联网,CNY,CN10Y
2017-12-31,,0.038807,,,931637,港股通互联网,CNY,CN10Y
2018-01-01,1166.55,0.038807,,,931637,港股通互联网,CNY,CN10Y
2018-01-02,1177.44,0.039008,,,931637,港股通互联网,CNY,CN10Y
2018-01-03,1194.92,0.039162,,,931637,港股通互联网,CNY,CN10Y
2018-01-04,1213.87,0.039319,,,931637,港股通互联网,CNY,CN10Y
2018-01-05,1229.63,0.039212,,,931637,港股通互联网,CNY,CN10Y
2018-01-08,1243.96,0.03911,,,931637,港股通互联网,CNY,CN10Y
2018-01-09,1247.37,0.038909,,,931637,港股通互联网,CNY,CN10Y
2018-01-10,1232.63,0.039201,,,931637,港股通互联网,CNY,CN10Y
2018-01-11,1241.09,0.039546,,,931637,港股通互联网,CNY,CN10Y
2018-01-12,1248.67,0.039337,,,931637,港股通互联网,CNY,CN10Y
2018-01-15,1208.71,0.03965,,,931637,港股通互联网,CNY,CN10Y
2018-01-16,1226.2,0.039596,,,931637,港股通互联网,CNY,CN10Y
2018-01-17,1217.07,0.039597,,,931637,港股通互联网,CNY,CN10Y
2018-01-18,1218.51,0.039797,,,931637,港股通互联网,CNY,CN10Y
2018-01-19,1229.67,0.039754,,,931637,港股通互联网,CNY,CN10Y
2018-01-22,1256.28,0.039522,,,931637,港股通互联网,CNY,CN10Y
2018-01-23,1256.12,0.039414,,,931637,港股通互联网,CNY,CN10Y
2018-01-24,1247.09,0.039507,,,931637,港股通互联网,CNY,CN10Y
2018-01-25,1243.69,0.039435,,,931637,港股通互联网,CNY,CN10Y
2018-01-26,1254.73,0.039365,,,931637,港股通互联网,CNY,CN10Y
2018-01-29,1237.16,0.039368,,,931637,港股通互联网,CNY,CN10Y
2018-01-30,1216.86,0.039292,,,931637,港股通互联网,CNY,CN10Y
2018-01-31,1217.79,0.03914,,,931637,港股通互联网,CNY,CN10Y
2018-02-01,1206.47,0.039066,,,931637,港股通互联网,CNY,CN10Y
2018-02-02,1207.46,0.0390919999999999,,,931637,港股通互联网,CNY,CN10Y
2018-02-05,1180.14,0.039167,,,931637,港股通互联网,CNY,CN10Y
2018-02-06,1108.47,0.038825,,,931637,港股通互联网,CNY,CN10Y
2018-02-07,1113.33,0.0387,,,931637,港股通互联网,CNY,CN10Y
2018-02-08,1121.38,0.038801,,,931637,港股通互联网,CNY,CN10Y
2018-02-09,1074.25,0.0388,,,931637,港股通互联网,CNY,CN10Y
2018-02-11,,0.038775,,,931637,港股通互联网,CNY,CN10Y
2018-02-12,1090.71,0.03875,,,931637,港股通互联网,CNY,CN10Y
2018-02-13,1119.67,0.0387,,,931637,港股通互联网,CNY,CN10Y
2018-02-14,1138.78,0.038702,,,931637,港股通互联网,CNY,CN10Y
2018-02-15,1157.65,0.038702,,,931637,港股通互联网,CNY,CN10Y
2018-02-16,1157.65,0.038702,,,931637,港股通互联网,CNY,CN10Y
2018-02-19,1157.65,0.038702,,,931637,港股通互联网,CNY,CN10Y
2018-02-20,1178.38,0.038702,,,931637,港股通互联网,CNY,CN10Y
2018-02-21,1200.12,0.038702,,,931637,港股通互联网,CNY,CN10Y
2018-02-22,1187.03,0.038752,,,931637,港股通互联网,CNY,CN10Y
2018-02-23,1197.28,0.038702,,,931637,港股通互联网,CNY,CN10Y
2018-02-24,,0.038652,,,931637,港股通互联网,CNY,CN10Y
2018-02-26,1205.88,0.038452,,,931637,港股通互联网,CNY,CN10Y
2018-02-27,1195.58,0.038201,,,931637,港股通互联网,CNY,CN10Y
2018-02-28,1193.63,0.038202,,,931637,港股通互联网,CNY,CN10Y
2018-03-01,1218.77,0.038201,,,931637,港股通互联网,CNY,CN10Y
2018-03-02,1203.86,0.038352,,,931637,港股通互联网,CNY,CN10Y
2018-03-05,1175.26,0.038453,,,931637,港股通互联网,CNY,CN10Y
2018-03-06,1199.74,0.038253,,,931637,港股通互联网,CNY,CN10Y
2018-03-07,1201.24,0.038203,,,931637,港股通互联网,CNY,CN10Y
2018-03-08,1217.35,0.038203,,,931637,港股通互联网,CNY,CN10Y
2018-03-09,1221.68,0.038278,,,931637,港股通互联网,CNY,CN10Y
2018-03-12,1243.45,0.038243,,,931637,港股通互联网,CNY,CN10Y
2018-03-13,1258.92,0.038362,,,931637,港股通互联网,CNY,CN10Y
2018-03-14,1272.02,0.038413,,,931637,港股通互联网,CNY,CN10Y
2018-03-15,1267.51,0.038257,,,931637,港股通互联网,CNY,CN10Y
2018-03-16,1269.37,0.038154,,,931637,港股通互联网,CNY,CN10Y
2018-03-19,1265.75,0.038104,,,931637,港股通互联网,CNY,CN10Y
2018-03-20,1270.76,0.037906,,,931637,港股通互联网,CNY,CN10Y
2018-03-21,1256.51,0.03763,,,931637,港股通互联网,CNY,CN10Y
2018-03-22,1215.16,0.03748,,,931637,港股通互联网,CNY,CN10Y
2018-03-23,1177.4,0.0370049999999999,,,931637,港股通互联网,CNY,CN10Y
2018-03-26,1201.16,0.037307,,,931637,港股通互联网,CNY,CN10Y
2018-03-27,1211.02,0.037432,,,931637,港股通互联网,CNY,CN10Y
2018-03-28,1167.98,0.037406,,,931637,港股通互联网,CNY,CN10Y
2018-03-29,1164.76,0.037456,,,931637,港股通互联网,CNY,CN10Y
2018-03-30,1164.76,0.0374069999999999,,,931637,港股通互联网,CNY,CN10Y
2018-04-02,1164.76,0.037357,,,931637,港股通互联网,CNY,CN10Y
2018-04-03,1163.12,0.037507,,,931637,港股通互联网,CNY,CN10Y
2018-04-04,1132.52,0.0372339999999999,,,931637,港股通互联网,CNY,CN10Y
2018-04-05,1132.52,0.0372339999999999,,,931637,港股通互联网,CNY,CN10Y
2018-04-06,1147.73,0.0372339999999999,,,931637,港股通互联网,CNY,CN10Y
2018-04-08,,0.037008,,,931637,港股通互联网,CNY,CN10Y
2018-04-09,1174.55,0.036959,,,931637,港股通互联网,CNY,CN10Y
2018-04-10,1188.64,0.037159,,,931637,港股通互联网,CNY,CN10Y
2018-04-11,1182.79,0.037109,,,931637,港股通互联网,CNY,CN10Y
2018-04-12,1173.11,0.037109,,,931637,港股通互联网,CNY,CN10Y
2018-04-13,1164.82,0.037062,,,931637,港股通互联网,CNY,CN10Y
2018-04-16,1163.77,0.0365609999999999,,,931637,港股通互联网,CNY,CN10Y
2018-04-17,1140.11,0.0365119999999999,,,931637,港股通互联网,CNY,CN10Y
2018-04-18,1140.43,0.035013,,,931637,港股通互联网,CNY,CN10Y
2018-04-19,1151.42,0.035064,,,931637,港股通互联网,CNY,CN10Y
2018-04-20,1130.4,0.035215,,,931637,港股通互联网,CNY,CN10Y
2018-04-23,1117.19,0.036019,,,931637,港股通互联网,CNY,CN10Y
2018-04-24,1134.8,0.035855,,,931637,港股通互联网,CNY,CN10Y
2018-04-25,1127.65,0.036118,,,931637,港股通互联网,CNY,CN10Y
2018-04-26,1090.16,0.036344,,,931637,港股通互联网,CNY,CN10Y
2018-04-27,1099.81,0.036364,,,931637,港股通互联网,CNY,CN10Y
2018-04-28,,0.036217,,,931637,港股通互联网,CNY,CN10Y
2018-04-30,1120.64,0.036217,,,931637,港股通互联网,CNY,CN10Y
2018-05-01,1120.64,0.036217,,,931637,港股通互联网,CNY,CN10Y
2018-05-02,1129.43,0.036665,,,931637,港股通互联网,CNY,CN10Y
2018-05-03,1125.07,0.036467,,,931637,港股通互联网,CNY,CN10Y
2018-05-04,1113.92,0.036319,,,931637,港股通互联网,CNY,CN10Y
2018-05-07,1112.23,0.036518,,,931637,港股通互联网,CNY,CN10Y
2018-05-08,1132.62,0.036922,,,931637,港股通互联网,CNY,CN10Y
2018-05-09,1145.7,0.0370739999999999,,,931637,港股通互联网,CNY,CN10Y
2018-05-10,1154.16,0.036924,,,931637,港股通互联网,CNY,CN10Y
2018-05-11,1156.03,0.036882,,,931637,港股通互联网,CNY,CN10Y
2018-05-14,1169.55,0.036937,,,931637,港股通互联网,CNY,CN10Y
2018-05-15,1159.62,0.037151,,,931637,港股通互联网,CNY,CN10Y
2018-05-16,1162.8,0.037076,,,931637,港股通互联网,CNY,CN10Y
2018-05-17,1180.94,0.03712,,,931637,港股通互联网,CNY,CN10Y
2018-05-18,1183.23,0.037099,,,931637,港股通互联网,CNY,CN10Y
2018-05-21,1195.6,0.036939,,,931637,港股通互联网,CNY,CN10Y
2018-05-22,1195.6,0.0366999999999999,,,931637,港股通互联网,CNY,CN10Y
2018-05-23,1194.04,0.0364,,,931637,港股通互联网,CNY,CN10Y
2018-05-24,1222.81,0.036501,,,931637,港股通互联网,CNY,CN10Y
2018-05-25,1204.64,0.036126,,,931637,港股通互联网,CNY,CN10Y
2018-05-28,1217.18,0.036101,,,931637,港股通互联网,CNY,CN10Y
2018-05-29,1199.95,0.036001,,,931637,港股通互联网,CNY,CN10Y
2018-05-30,1194.41,0.035976,,,931637,港股通互联网,CNY,CN10Y
2018-05-31,1207.59,0.0361289999999999,,,931637,港股通互联网,CNY,CN10Y
2018-06-01,1203.32,0.036202,,,931637,港股通互联网,CNY,CN10Y
2018-06-04,1212.65,0.036532,,,931637,港股通互联网,CNY,CN10Y
2018-06-05,1224.12,0.036602,,,931637,港股通互联网,CNY,CN10Y
2018-06-06,1241.02,0.036602,,,931637,港股通互联网,CNY,CN10Y
2018-06-07,1240.58,0.036702,,,931637,港股通互联网,CNY,CN10Y
2018-06-08,1212.29,0.036453,,,931637,港股通互联网,CNY,CN10Y
2018-06-11,1227.63,0.036502,,,931637,港股通互联网,CNY,CN10Y
2018-06-12,1230.38,0.036853,,,931637,港股通互联网,CNY,CN10Y
2018-06-13,1224.63,0.036627,,,931637,港股通互联网,CNY,CN10Y
2018-06-14,1187.49,0.036227,,,931637,港股通互联网,CNY,CN10Y
2018-06-15,1181.38,0.036028,,,931637,港股通互联网,CNY,CN10Y
2018-06-18,1181.38,0.036028,,,931637,港股通互联网,CNY,CN10Y
2018-06-19,1127.19,0.0356029999999999,,,931637,港股通互联网,CNY,CN10Y
2018-06-20,1133.92,0.036054,,,931637,港股通互联网,CNY,CN10Y
2018-06-21,1111.92,0.035753,,,931637,港股通互联网,CNY,CN10Y
2018-06-22,1119.05,0.035604,,,931637,港股通互联网,CNY,CN10Y
2018-06-25,1103.21,0.035803,,,931637,港股通互联网,CNY,CN10Y
2018-06-26,1084.11,0.035804,,,931637,港股通互联网,CNY,CN10Y
2018-06-27,1057.56,0.035529,,,931637,港股通互联网,CNY,CN10Y
2018-06-28,1065.12,0.035304,,,931637,港股通互联网,CNY,CN10Y
2018-06-29,1109.83,0.034756,,,931637,港股通互联网,CNY,CN10Y
2018-07-02,1109.83,0.034668,,,931637,港股通互联网,CNY,CN10Y
2018-07-03,1089.3,0.034955,,,931637,港股通互联网,CNY,CN10Y
2018-07-04,1063.83,0.035107,,,931637,港股通互联网,CNY,CN10Y
2018-07-05,1057.28,0.035005,,,931637,港股通互联网,CNY,CN10Y
2018-07-06,1066.63,0.035259,,,931637,港股通互联网,CNY,CN10Y
2018-07-09,1101.3,0.035432,,,931637,港股通互联网,CNY,CN10Y
2018-07-10,1092.28,0.035431,,,931637,港股通互联网,CNY,CN10Y
2018-07-11,1074.07,0.035107,,,931637,港股通互联网,CNY,CN10Y
2018-07-12,1106.11,0.035158,,,931637,港股通互联网,CNY,CN10Y
2018-07-13,1120.26,0.034858,,,931637,港股通互联网,CNY,CN10Y
2018-07-16,1118.17,0.034808,,,931637,港股通互联网,CNY,CN10Y
2018-07-17,1100.54,0.034808,,,931637,港股通互联网,CNY,CN10Y
2018-07-18,1100.99,0.034708,,,931637,港股通互联网,CNY,CN10Y
2018-07-19,1084.87,0.034409,,,931637,港股通互联网,CNY,CN10Y
2018-07-20,1085.54,0.035135,,,931637,港股通互联网,CNY,CN10Y
2018-07-23,1082.58,0.035186,,,931637,港股通互联网,CNY,CN10Y
2018-07-24,1095.75,0.035615,,,931637,港股通互联网,CNY,CN10Y
2018-07-25,1100.08,0.035614,,,931637,港股通互联网,CNY,CN10Y
2018-07-26,1085.96,0.035361,,,931637,港股通互联网,CNY,CN10Y
2018-07-27,1096.39,0.035212,,,931637,港股通互联网,CNY,CN10Y
2018-07-30,1077.88,0.035213,,,931637,港股通互联网,CNY,CN10Y
2018-07-31,1040.72,0.0348119999999999,,,931637,港股通互联网,CNY,CN10Y
2018-08-01,1040.33,0.034638,,,931637,港股通互联网,CNY,CN10Y
2018-08-02,1015.17,0.034713,,,931637,港股通互联网,CNY,CN10Y
2018-08-03,994.42,0.034567,,,931637,港股通互联网,CNY,CN10Y
2018-08-06,985.51,0.034568,,,931637,港股通互联网,CNY,CN10Y
2018-08-07,1008.51,0.034876,,,931637,港股通互联网,CNY,CN10Y
2018-08-08,1010.43,0.035222,,,931637,港股通互联网,CNY,CN10Y
2018-08-09,1046.96,0.035476,,,931637,港股通互联网,CNY,CN10Y
2018-08-10,1045.95,0.035525,,,931637,港股通互联网,CNY,CN10Y
2018-08-13,1025.02,0.035826,,,931637,港股通互联网,CNY,CN10Y
2018-08-14,968.42,0.0355189999999999,,,931637,港股通互联网,CNY,CN10Y
2018-08-15,919.25,0.035829,,,931637,港股通互联网,CNY,CN10Y
2018-08-16,903.41,0.036141,,,931637,港股通互联网,CNY,CN10Y
2018-08-17,901.45,0.036524,,,931637,港股通互联网,CNY,CN10Y
2018-08-20,921.65,0.036326,,,931637,港股通互联网,CNY,CN10Y
2018-08-21,961.5,0.0363,,,931637,港股通互联网,CNY,CN10Y
2018-08-22,961.3,0.0360749999999999,,,931637,港股通互联网,CNY,CN10Y
2018-08-23,974.25,0.036101,,,931637,港股通互联网,CNY,CN10Y
2018-08-24,961.54,0.036278,,,931637,港股通互联网,CNY,CN10Y
2018-08-27,978.78,0.036303,,,931637,港股通互联网,CNY,CN10Y
2018-08-28,978.08,0.036101,,,931637,港股通互联网,CNY,CN10Y
2018-08-29,979.02,0.036101,,,931637,港股通互联网,CNY,CN10Y
2018-08-30,968.92,0.035801,,,931637,港股通互联网,CNY,CN10Y
2018-08-31,954.75,0.035751,,,931637,港股通互联网,CNY,CN10Y
2018-09-03,932.58,0.035951,,,931637,港股通互联网,CNY,CN10Y
2018-09-04,955.35,0.036101,,,931637,港股通互联网,CNY,CN10Y
2018-09-05,935.82,0.036101,,,931637,港股通互联网,CNY,CN10Y
2018-09-06,918.82,0.036101,,,931637,港股通互联网,CNY,CN10Y
2018-09-07,918.84,0.036301,,,931637,港股通互联网,CNY,CN10Y
2018-09-10,891.01,0.036551,,,931637,港股通互联网,CNY,CN10Y
2018-09-11,877.14,0.036751,,,931637,港股通互联网,CNY,CN10Y
2018-09-12,869.25,0.036551,,,931637,港股通互联网,CNY,CN10Y
2018-09-13,910.47,0.036526,,,931637,港股通互联网,CNY,CN10Y
2018-09-14,918.79,0.036351,,,931637,港股通互联网,CNY,CN10Y
2018-09-17,907.61,0.036327,,,931637,港股通互联网,CNY,CN10Y
2018-09-18,913.84,0.036452,,,931637,港股通互联网,CNY,CN10Y
2018-09-19,931.74,0.0367269999999999,,,931637,港股通互联网,CNY,CN10Y
2018-09-20,930.01,0.037003,,,931637,港股通互联网,CNY,CN10Y
2018-09-21,963.78,0.036752,,,931637,港股通互联网,CNY,CN10Y
2018-09-24,950.1,0.036752,,,931637,港股通互联网,CNY,CN10Y
2018-09-25,950.1,0.0367539999999999,,,931637,港股通互联网,CNY,CN10Y
2018-09-26,956.61,0.036503,,,931637,港股通互联网,CNY,CN10Y
2018-09-27,950.23,0.036253,,,931637,港股通互联网,CNY,CN10Y
2018-09-28,949.23,0.036154,,,931637,港股通互联网,CNY,CN10Y
2018-09-29,,0.036104,,,931637,港股通互联网,CNY,CN10Y
2018-09-30,,0.036103,,,931637,港股通互联网,CNY,CN10Y
2018-10-01,949.23,0.036103,,,931637,港股通互联网,CNY,CN10Y
2018-10-02,930.89,0.036103,,,931637,港股通互联网,CNY,CN10Y
2018-10-03,926.59,0.036103,,,931637,港股通互联网,CNY,CN10Y
2018-10-04,905.03,0.036103,,,931637,港股通互联网,CNY,CN10Y
2018-10-05,883.47,0.036103,,,931637,港股通互联网,CNY,CN10Y
2018-10-08,857.68,0.036155,,,931637,港股通互联网,CNY,CN10Y
2018-10-09,852.61,0.036156,,,931637,港股通互联网,CNY,CN10Y
2018-10-10,850.14,0.036156,,,931637,港股通互联网,CNY,CN10Y
2018-10-11,789.98,0.035806,,,931637,港股通互联网,CNY,CN10Y
2018-10-12,821.17,0.035831,,,931637,港股通互联网,CNY,CN10Y
2018-10-15,812.99,0.035857,,,931637,港股通互联网,CNY,CN10Y
2018-10-16,818.69,0.035757,,,931637,港股通互联网,CNY,CN10Y
2018-10-17,818.69,0.035807,,,931637,港股通互联网,CNY,CN10Y
2018-10-18,814.09,0.035508,,,931637,港股通互联网,CNY,CN10Y
2018-10-19,828.33,0.0356579999999999,,,931637,港股通互联网,CNY,CN10Y
2018-10-22,856.74,0.03591,,,931637,港股通互联网,CNY,CN10Y
2018-10-23,824.53,0.035709,,,931637,港股通互联网,CNY,CN10Y
2018-10-24,810.92,0.035409,,,931637,港股通互联网,CNY,CN10Y
2018-10-25,799.39,0.035409,,,931637,港股通互联网,CNY,CN10Y
2018-10-26,784.67,0.03541,,,931637,港股通互联网,CNY,CN10Y
2018-10-29,780.82,0.0351109999999999,,,931637,港股通互联网,CNY,CN10Y
2018-10-30,775.77,0.035161,,,931637,港股通互联网,CNY,CN10Y
2018-10-31,805.43,0.035086,,,931637,港股通互联网,CNY,CN10Y
2018-11-01,831.11,0.0349359999999999,,,931637,港股通互联网,CNY,CN10Y
2018-11-02,883.95,0.035461,,,931637,港股通互联网,CNY,CN10Y
2018-11-05,864.3,0.035312,,,931637,港股通互联网,CNY,CN10Y
2018-11-06,871.68,0.035113,,,931637,港股通互联网,CNY,CN10Y
2018-11-07,873.52,0.034813,,,931637,港股通互联网,CNY,CN10Y
2018-11-08,865.72,0.034813,,,931637,港股通互联网,CNY,CN10Y
2018-11-09,839.29,0.034763,,,931637,港股通互联网,CNY,CN10Y
2018-11-12,835.27,0.034865,,,931637,港股通互联网,CNY,CN10Y
2018-11-13,849.39,0.03474,,,931637,港股通互联网,CNY,CN10Y
2018-11-14,848.12,0.034218,,,931637,港股通互联网,CNY,CN10Y
2018-11-15,880.08,0.033915,,,931637,港股通互联网,CNY,CN10Y
2018-11-16,884.39,0.033515,,,931637,港股通互联网,CNY,CN10Y
2018-11-19,892.14,0.033772,,,931637,港股通互联网,CNY,CN10Y
2018-11-20,855.94,0.033771,,,931637,港股通互联网,CNY,CN10Y
2018-11-21,873.13,0.0337159999999999,,,931637,港股通互联网,CNY,CN10Y
2018-11-22,872.67,0.033917,,,931637,港股通互联网,CNY,CN10Y
2018-11-23,854.64,0.033917,,,931637,港股通互联网,CNY,CN10Y
2018-11-26,865.92,0.034151,,,931637,港股通互联网,CNY,CN10Y
2018-11-27,872.42,0.034,,,931637,港股通互联网,CNY,CN10Y
2018-11-28,881.4,0.0337,,,931637,港股通互联网,CNY,CN10Y
2018-11-29,873.2,0.0336,,,931637,港股通互联网,CNY,CN10Y
2018-11-30,869.62,0.0335499999999999,,,931637,港股通互联网,CNY,CN10Y
2018-12-03,883.93,0.0335,,,931637,港股通互联网,CNY,CN10Y
2018-12-04,897.38,0.03305,,,931637,港股通互联网,CNY,CN10Y
2018-12-05,886.16,0.03275,,,931637,港股通互联网,CNY,CN10Y
2018-12-06,854.92,0.032751,,,931637,港股通互联网,CNY,CN10Y
2018-12-07,850.48,0.032853,,,931637,港股通互联网,CNY,CN10Y
2018-12-10,841.84,0.032678,,,931637,港股通互联网,CNY,CN10Y
2018-12-11,848.89,0.032652,,,931637,港股通互联网,CNY,CN10Y
2018-12-12,857.63,0.032703,,,931637,港股通互联网,CNY,CN10Y
2018-12-13,870.71,0.033311,,,931637,港股通互联网,CNY,CN10Y
2018-12-14,840.78,0.033468,,,931637,港股通互联网,CNY,CN10Y
2018-12-17,833.7,0.033713,,,931637,港股通互联网,CNY,CN10Y
2018-12-18,815.97,0.033714,,,931637,港股通互联网,CNY,CN10Y
2018-12-19,812.18,0.033412,,,931637,港股通互联网,CNY,CN10Y
2018-12-20,801.18,0.033003,,,931637,港股通互联网,CNY,CN10Y
2018-12-21,796.52,0.033168,,,931637,港股通互联网,CNY,CN10Y
2018-12-24,787.59,0.033483,,,931637,港股通互联网,CNY,CN10Y
2018-12-25,787.59,0.033113,,,931637,港股通互联网,CNY,CN10Y
2018-12-26,787.59,0.033011,,,931637,港股通互联网,CNY,CN10Y
2018-12-27,778.56,0.032709,,,931637,港股通互联网,CNY,CN10Y
2018-12-28,789.53,0.032315,,,931637,港股通互联网,CNY,CN10Y
2018-12-29,,0.032265,,,931637,港股通互联网,CNY,CN10Y
2018-12-30,,0.032265,,,931637,港股通互联网,CNY,CN10Y
2018-12-31,808.08,0.032265,,,931637,港股通互联网,CNY,CN10Y
2019-01-01,808.08,0.032265,,,931637,港股通互联网,CNY,CN10Y
2019-01-02,790.19,0.031734,,,931637,港股通互联网,CNY,CN10Y
2019-01-03,777.4,0.03141,,,931637,港股通互联网,CNY,CN10Y
2019-01-04,782.55,0.031513,,,931637,港股通互联网,CNY,CN10Y
2019-01-07,795.73,0.031507,,,931637,港股通互联网,CNY,CN10Y
2019-01-08,807.87,0.031211,,,931637,港股通互联网,CNY,CN10Y
2019-01-09,813.91,0.0311059999999999,,,931637,港股通互联网,CNY,CN10Y
2019-01-10,826.35,0.031006,,,931637,港股通互联网,CNY,CN10Y
2019-01-11,825.56,0.031058,,,931637,港股通互联网,CNY,CN10Y
2019-01-14,807.65,0.031297,,,931637,港股通互联网,CNY,CN10Y
2019-01-15,825.29,0.031383,,,931637,港股通互联网,CNY,CN10Y
2019-01-16,831.96,0.030745,,,931637,港股通互联网,CNY,CN10Y
2019-01-17,837.14,0.03076,,,931637,港股通互联网,CNY,CN10Y
2019-01-18,853.01,0.03091,,,931637,港股通互联网,CNY,CN10Y
2019-01-21,856.09,0.031037,,,931637,港股通互联网,CNY,CN10Y
2019-01-22,845.83,0.031071,,,931637,港股通互联网,CNY,CN10Y
2019-01-23,844.95,0.03119,,,931637,港股通互联网,CNY,CN10Y
2019-01-24,851.38,0.031338,,,931637,港股通互联网,CNY,CN10Y
2019-01-25,861.96,0.031398,,,931637,港股通互联网,CNY,CN10Y
2019-01-28,863.88,0.031397,,,931637,港股通互联网,CNY,CN10Y
2019-01-29,863.31,0.031246,,,931637,港股通互联网,CNY,CN10Y
2019-01-30,861.49,0.0311509999999999,,,931637,港股通互联网,CNY,CN10Y
2019-01-31,873.81,0.031037,,,931637,港股通互联网,CNY,CN10Y
2019-02-01,888.65,0.031032,,,931637,港股通互联网,CNY,CN10Y
2019-02-02,,0.030978,,,931637,港股通互联网,CNY,CN10Y
2019-02-03,,0.0309669999999999,,,931637,港股通互联网,CNY,CN10Y
2019-02-04,890.2,0.0309669999999999,,,931637,港股通互联网,CNY,CN10Y
2019-02-05,890.2,0.0309669999999999,,,931637,港股通互联网,CNY,CN10Y
2019-02-06,890.2,0.0309669999999999,,,931637,港股通互联网,CNY,CN10Y
2019-02-07,890.2,0.0309669999999999,,,931637,港股通互联网,CNY,CN10Y
2019-02-08,899.78,0.0309669999999999,,,931637,港股通互联网,CNY,CN10Y
2019-02-11,909.13,0.03067,,,931637,港股通互联网,CNY,CN10Y
2019-02-12,916.25,0.030748,,,931637,港股通互联网,CNY,CN10Y
2019-02-13,928.55,0.030719,,,931637,港股通互联网,CNY,CN10Y
2019-02-14,934.57,0.030726,,,931637,港股通互联网,CNY,CN10Y
2019-02-15,906.36,0.030794,,,931637,港股通互联网,CNY,CN10Y
2019-02-18,923.45,0.031094,,,931637,港股通互联网,CNY,CN10Y
2019-02-19,907.4,0.031279,,,931637,港股通互联网,CNY,CN10Y
2019-02-20,918.63,0.031196,,,931637,港股通互联网,CNY,CN10Y
2019-02-21,925.25,0.031361,,,931637,港股通互联网,CNY,CN10Y
2019-02-22,940.37,0.031451,,,931637,港股通互联网,CNY,CN10Y
2019-02-25,942.1,0.031787,,,931637,港股通互联网,CNY,CN10Y
2019-02-26,936.16,0.031878,,,931637,港股通互联网,CNY,CN10Y
2019-02-27,925.57,0.0316889999999999,,,931637,港股通互联网,CNY,CN10Y
2019-02-28,924.88,0.0317309999999999,,,931637,港股通互联网,CNY,CN10Y
2019-03-01,948.71,0.0318699999999999,,,931637,港股通互联网,CNY,CN10Y
2019-03-04,973.49,0.032023,,,931637,港股通互联网,CNY,CN10Y
2019-03-05,988.67,0.032149,,,931637,港股通互联网,CNY,CN10Y
2019-03-06,999.09,0.032021,,,931637,港股通互联网,CNY,CN10Y
2019-03-07,981.89,0.031572,,,931637,港股通互联网,CNY,CN10Y
2019-03-08,950.93,0.031423,,,931637,港股通互联网,CNY,CN10Y
2019-03-11,970.84,0.031374,,,931637,港股通互联网,CNY,CN10Y
2019-03-12,979.79,0.031424,,,931637,港股通互联网,CNY,CN10Y
2019-03-13,975.15,0.031375,,,931637,港股通互联网,CNY,CN10Y
2019-03-14,965.25,0.031475,,,931637,港股通互联网,CNY,CN10Y
2019-03-15,970.15,0.031376,,,931637,港股通互联网,CNY,CN10Y
2019-03-18,970.78,0.031377,,,931637,港股通互联网,CNY,CN10Y
2019-03-19,977.11,0.031377,,,931637,港股通互联网,CNY,CN10Y
2019-03-20,977.97,0.031453,,,931637,港股通互联网,CNY,CN10Y
2019-03-21,969.36,0.031291,,,931637,港股通互联网,CNY,CN10Y
2019-03-22,972.77,0.03108,,,931637,港股通互联网,CNY,CN10Y
2019-03-25,949.73,0.030831,,,931637,港股通互联网,CNY,CN10Y
2019-03-26,948.4,0.030633,,,931637,港股通互联网,CNY,CN10Y
2019-03-27,955.35,0.030882,,,931637,港股通互联网,CNY,CN10Y
2019-03-28,957.87,0.030634,,,931637,港股通互联网,CNY,CN10Y
2019-03-29,960.85,0.030683,,,931637,港股通互联网,CNY,CN10Y
2019-04-01,963.9,0.031332,,,931637,港股通互联网,CNY,CN10Y
2019-04-02,971.38,0.031681,,,931637,港股通互联网,CNY,CN10Y
2019-04-03,984.6,0.032331,,,931637,港股通互联网,CNY,CN10Y
2019-04-04,990.09,0.032679,,,931637,港股通互联网,CNY,CN10Y
2019-04-05,990.09,0.032679,,,931637,港股通互联网,CNY,CN10Y
2019-04-08,986.85,0.032482,,,931637,港股通互联网,CNY,CN10Y
2019-04-09,1003.94,0.0328819999999999,,,931637,港股通互联网,CNY,CN10Y
2019-04-10,1005.86,0.032932,,,931637,港股通互联网,CNY,CN10Y
2019-04-11,994.93,0.032784,,,931637,港股通互联网,CNY,CN10Y
2019-04-12,1005.08,0.033334,,,931637,港股通互联网,CNY,CN10Y
2019-04-15,1001.96,0.033736,,,931637,港股通互联网,CNY,CN10Y
2019-04-16,1004.52,0.033937,,,931637,港股通互联网,CNY,CN10Y
2019-04-17,1010.15,0.033938,,,931637,港股通互联网,CNY,CN10Y
2019-04-18,1003.59,0.033589,,,931637,港股通互联网,CNY,CN10Y
2019-04-19,1003.59,0.033741,,,931637,港股通互联网,CNY,CN10Y
2019-04-22,1003.59,0.034091,,,931637,港股通互联网,CNY,CN10Y
2019-04-23,987.05,0.033993,,,931637,港股通互联网,CNY,CN10Y
2019-04-24,994.3,0.034343,,,931637,港股通互联网,CNY,CN10Y
2019-04-25,962.65,0.034193,,,931637,港股通互联网,CNY,CN10Y
2019-04-26,972.23,0.034043,,,931637,港股通互联网,CNY,CN10Y
2019-04-28,,0.034043,,,931637,港股通互联网,CNY,CN10Y
2019-04-29,977.94,0.034268,,,931637,港股通互联网,CNY,CN10Y
2019-04-30,984.22,0.0338689999999999,,,931637,港股通互联网,CNY,CN10Y
2019-05-01,984.22,0.0338689999999999,,,931637,港股通互联网,CNY,CN10Y
2019-05-02,986.73,0.0338689999999999,,,931637,港股通互联网,CNY,CN10Y
2019-05-03,985.22,0.0338689999999999,,,931637,港股通互联网,CNY,CN10Y
2019-05-05,,0.033849,,,931637,港股通互联网,CNY,CN10Y
2019-05-06,937.71,0.0335499999999999,,,931637,港股通互联网,CNY,CN10Y
2019-05-07,944.41,0.033551,,,931637,港股通互联网,CNY,CN10Y
2019-05-08,933.43,0.033426,,,931637,港股通互联网,CNY,CN10Y
2019-05-09,901.67,0.033116,,,931637,港股通互联网,CNY,CN10Y
2019-05-10,919.01,0.033017,,,931637,港股通互联网,CNY,CN10Y
2019-05-13,919.01,0.032709,,,931637,港股通互联网,CNY,CN10Y
2019-05-14,899.6,0.032859,,,931637,港股通互联网,CNY,CN10Y
2019-05-15,923.62,0.032762,,,931637,港股通互联网,CNY,CN10Y
2019-05-16,909.11,0.032662,,,931637,港股通互联网,CNY,CN10Y
2019-05-17,888.59,0.032665,,,931637,港股通互联网,CNY,CN10Y
2019-05-20,858.36,0.032717,,,931637,港股通互联网,CNY,CN10Y
2019-05-21,863.5,0.03299,,,931637,港股通互联网,CNY,CN10Y
2019-05-22,878.33,0.033264,,,931637,港股通互联网,CNY,CN10Y
2019-05-23,856.13,0.0331,,,931637,港股通互联网,CNY,CN10Y
2019-05-24,857.68,0.033125,,,931637,港股通互联网,CNY,CN10Y
2019-05-27,856.09,0.0335,,,931637,港股通互联网,CNY,CN10Y
2019-05-28,868.44,0.0331,,,931637,港股通互联网,CNY,CN10Y
2019-05-29,863.78,0.032875,,,931637,港股通互联网,CNY,CN10Y
2019-05-30,865.98,0.03275,,,931637,港股通互联网,CNY,CN10Y
2019-05-31,873.7,0.032751,,,931637,港股通互联网,CNY,CN10Y
2019-06-03,866.82,0.032401,,,931637,港股通互联网,CNY,CN10Y
2019-06-04,848.38,0.032101,,,931637,港股通互联网,CNY,CN10Y
2019-06-05,855.77,0.0321,,,931637,港股通互联网,CNY,CN10Y
2019-06-06,848.06,0.032136,,,931637,港股通互联网,CNY,CN10Y
2019-06-07,848.06,0.032136,,,931637,港股通互联网,CNY,CN10Y
2019-06-10,870.48,0.032251,,,931637,港股通互联网,CNY,CN10Y
2019-06-11,892.88,0.032651,,,931637,港股通互联网,CNY,CN10Y
2019-06-12,865.3,0.032601,,,931637,港股通互联网,CNY,CN10Y
2019-06-13,861.02,0.032451,,,931637,港股通互联网,CNY,CN10Y
2019-06-14,845.99,0.032302,,,931637,港股通互联网,CNY,CN10Y
2019-06-17,841.37,0.032252,,,931637,港股通互联网,CNY,CN10Y
2019-06-18,846.99,0.032302,,,931637,港股通互联网,CNY,CN10Y
2019-06-19,871.43,0.032427,,,931637,港股通互联网,CNY,CN10Y
2019-06-20,880.22,0.032352,,,931637,港股通互联网,CNY,CN10Y
2019-06-21,877.46,0.032303,,,931637,港股通互联网,CNY,CN10Y
2019-06-24,876.32,0.0324529999999999,,,931637,港股通互联网,CNY,CN10Y
2019-06-25,861.18,0.032353,,,931637,港股通互联网,CNY,CN10Y
2019-06-26,858.32,0.0324529999999999,,,931637,港股通互联网,CNY,CN10Y
2019-06-27,868.65,0.032553,,,931637,港股通互联网,CNY,CN10Y
2019-06-28,869.45,0.032254,,,931637,港股通互联网,CNY,CN10Y
2019-07-01,869.45,0.032254,,,931637,港股通互联网,CNY,CN10Y
2019-07-02,892.78,0.0317039999999999,,,931637,港股通互联网,CNY,CN10Y
2019-07-03,884.77,0.031554,,,931637,港股通互联网,CNY,CN10Y
2019-07-04,875.38,0.031479,,,931637,港股通互联网,CNY,CN10Y
2019-07-05,872.11,0.031705,,,931637,港股通互联网,CNY,CN10Y
2019-07-08,845.11,0.031805,,,931637,港股通互联网,CNY,CN10Y
2019-07-09,842.61,0.03168,,,931637,港股通互联网,CNY,CN10Y
2019-07-10,853.72,0.031706,,,931637,港股通互联网,CNY,CN10Y
2019-07-11,848.66,0.03168,,,931637,港股通互联网,CNY,CN10Y
2019-07-12,841.34,0.0315309999999999,,,931637,港股通互联网,CNY,CN10Y
2019-07-15,847.54,0.031782,,,931637,港股通互联网,CNY,CN10Y
2019-07-16,849.77,0.031732,,,931637,港股通互联网,CNY,CN10Y
2019-07-17,846.29,0.031757,,,931637,港股通互联网,CNY,CN10Y
2019-07-18,838.89,0.031608,,,931637,港股通互联网,CNY,CN10Y
2019-07-19,848.24,0.031559,,,931637,港股通互联网,CNY,CN10Y
2019-07-22,840.83,0.031484,,,931637,港股通互联网,CNY,CN10Y
2019-07-23,845.16,0.031484,,,931637,港股通互联网,CNY,CN10Y
2019-07-24,854.33,0.0317099999999999,,,931637,港股通互联网,CNY,CN10Y
2019-07-25,859.57,0.0316349999999999,,,931637,港股通互联网,CNY,CN10Y
2019-07-26,844.45,0.031661,,,931637,港股通互联网,CNY,CN10Y
2019-07-29,839.95,0.031836,,,931637,港股通互联网,CNY,CN10Y
2019-07-30,840.55,0.031761,,,931637,港股通互联网,CNY,CN10Y
2019-07-31,826.17,0.031552,,,931637,港股通互联网,CNY,CN10Y
2019-08-01,824.78,0.031487,,,931637,港股通互联网,CNY,CN10Y
2019-08-02,791.4,0.030914,,,931637,港股通互联网,CNY,CN10Y
2019-08-05,757.26,0.0305629999999999,,,931637,港股通互联网,CNY,CN10Y
2019-08-06,743.2,0.030613,,,931637,港股通互联网,CNY,CN10Y
2019-08-07,749.93,0.030514,,,931637,港股通互联网,CNY,CN10Y
2019-08-08,759.12,0.030465,,,931637,港股通互联网,CNY,CN10Y
2019-08-09,746.76,0.030216,,,931637,港股通互联网,CNY,CN10Y
2019-08-12,751.59,0.0303909999999999,,,931637,港股通互联网,CNY,CN10Y
2019-08-13,720.9,0.030041,,,931637,港股通互联网,CNY,CN10Y
2019-08-14,725.52,0.030105,,,931637,港股通互联网,CNY,CN10Y
2019-08-15,725.97,0.030115,,,931637,港股通互联网,CNY,CN10Y
2019-08-16,735.25,0.030217,,,931637,港股通互联网,CNY,CN10Y
2019-08-19,754.41,0.030191,,,931637,港股通互联网,CNY,CN10Y
2019-08-20,755.18,0.0303169999999999,,,931637,港股通互联网,CNY,CN10Y
2019-08-21,751.9,0.030567,,,931637,港股通互联网,CNY,CN10Y
2019-08-22,748.61,0.030543,,,931637,港股通互联网,CNY,CN10Y
2019-08-23,757.9,0.030644,,,931637,港股通互联网,CNY,CN10Y
2019-08-26,743.16,0.030494,,,931637,港股通互联网,CNY,CN10Y
2019-08-27,743.65,0.03052,,,931637,港股通互联网,CNY,CN10Y
2019-08-28,739.84,0.03052,,,931637,港股通互联网,CNY,CN10Y
2019-08-29,739.46,0.0303209999999999,,,931637,港股通互联网,CNY,CN10Y
2019-08-30,742.88,0.030573,,,931637,港股通互联网,CNY,CN10Y
2019-09-02,751.45,0.0307229999999999,,,931637,港股通互联网,CNY,CN10Y
2019-09-03,752.22,0.030624,,,931637,港股通互联网,CNY,CN10Y
2019-09-04,767.3,0.030473,,,931637,港股通互联网,CNY,CN10Y
2019-09-05,775.61,0.030173,,,931637,港股通互联网,CNY,CN10Y
2019-09-06,781.87,0.030173,,,931637,港股通互联网,CNY,CN10Y
2019-09-09,782.66,0.03025,,,931637,港股通互联网,CNY,CN10Y
2019-09-10,779.68,0.030425,,,931637,港股通互联网,CNY,CN10Y
2019-09-11,785.27,0.030525,,,931637,港股通互联网,CNY,CN10Y
2019-09-12,793.32,0.030876,,,931637,港股通互联网,CNY,CN10Y
2019-09-13,797.86,0.030876,,,931637,港股通互联网,CNY,CN10Y
2019-09-16,799.37,0.030926,,,931637,港股通互联网,CNY,CN10Y
2019-09-17,781.78,0.031076,,,931637,港股通互联网,CNY,CN10Y
2019-09-18,793.61,0.031277,,,931637,港股通互联网,CNY,CN10Y
2019-09-19,792.14,0.031053,,,931637,港股通互联网,CNY,CN10Y
2019-09-20,795.49,0.0309799999999999,,,931637,港股通互联网,CNY,CN10Y
2019-09-23,792.94,0.0310049999999999,,,931637,港股通互联网,CNY,CN10Y
2019-09-24,786.9,0.0312049999999999,,,931637,港股通互联网,CNY,CN10Y
2019-09-25,771.63,0.031157,,,931637,港股通互联网,CNY,CN10Y
2019-09-26,771.35,0.031381,,,931637,港股通互联网,CNY,CN10Y
2019-09-27,769.86,0.031482,,,931637,港股通互联网,CNY,CN10Y
2019-09-29,,0.031434,,,931637,港股通互联网,CNY,CN10Y
2019-09-30,761.03,0.0314109999999999,,,931637,港股通互联网,CNY,CN10Y
2019-10-01,761.03,0.0314109999999999,,,931637,港股通互联网,CNY,CN10Y
2019-10-02,765.68,0.0314109999999999,,,931637,港股通互联网,CNY,CN10Y
2019-10-03,765.28,0.0314109999999999,,,931637,港股通互联网,CNY,CN10Y
2019-10-04,764.02,0.0314109999999999,,,931637,港股通互联网,CNY,CN10Y
2019-10-07,764.02,0.0314109999999999,,,931637,港股通互联网,CNY,CN10Y
2019-10-08,762.42,0.031063,,,931637,港股通互联网,CNY,CN10Y
2019-10-09,749.98,0.031089,,,931637,港股通互联网,CNY,CN10Y
2019-10-10,767.17,0.031289,,,931637,港股通互联网,CNY,CN10Y
2019-10-11,774.15,0.031564,,,931637,港股通互联网,CNY,CN10Y
2019-10-12,,0.031716,,,931637,港股通互联网,CNY,CN10Y
2019-10-14,782.75,0.031641,,,931637,港股通互联网,CNY,CN10Y
2019-10-15,780.38,0.031668,,,931637,港股通互联网,CNY,CN10Y
2019-10-16,783.77,0.031693,,,931637,港股通互联网,CNY,CN10Y
2019-10-17,792.69,0.031569,,,931637,港股通互联网,CNY,CN10Y
2019-10-18,795.41,0.0318699999999999,,,931637,港股通互联网,CNY,CN10Y
2019-10-21,796.46,0.0321959999999999,,,931637,港股通互联网,CNY,CN10Y
2019-10-22,791.83,0.0321959999999999,,,931637,港股通互联网,CNY,CN10Y
2019-10-23,775.69,0.032122,,,931637,港股通互联网,CNY,CN10Y
2019-10-24,788.04,0.0321959999999999,,,931637,港股通互联网,CNY,CN10Y
2019-10-25,787.81,0.032372,,,931637,港股通互联网,CNY,CN10Y
2019-10-28,809.36,0.032924,,,931637,港股通互联网,CNY,CN10Y
2019-10-29,804.17,0.033029,,,931637,港股通互联网,CNY,CN10Y
2019-10-30,803.04,0.033125,,,931637,港股通互联网,CNY,CN10Y
2019-10-31,800.91,0.03288,,,931637,港股通互联网,CNY,CN10Y
2019-11-01,798.95,0.032757,,,931637,港股通互联网,CNY,CN10Y
2019-11-04,815.45,0.032954,,,931637,港股通互联网,CNY,CN10Y
2019-11-05,814.91,0.032454,,,931637,港股通互联网,CNY,CN10Y
2019-11-06,819.75,0.032555,,,931637,港股通互联网,CNY,CN10Y
2019-11-07,826.54,0.032736,,,931637,港股通互联网,CNY,CN10Y
2019-11-08,816.83,0.032765,,,931637,港股通互联网,CNY,CN10Y
2019-11-11,796.85,0.032463,,,931637,港股通互联网,CNY,CN10Y
2019-11-12,805.13,0.0325499999999999,,,931637,港股通互联网,CNY,CN10Y
2019-11-13,792.78,0.03237,,,931637,港股通互联网,CNY,CN10Y
2019-11-14,793.14,0.032555,,,931637,港股通互联网,CNY,CN10Y
2019-11-15,789.06,0.032355,,,931637,港股通互联网,CNY,CN10Y
2019-11-18,791.56,0.031993,,,931637,港股通互联网,CNY,CN10Y
2019-11-19,805.47,0.031743,,,931637,港股通互联网,CNY,CN10Y
2019-11-20,799.92,0.031747,,,931637,港股通互联网,CNY,CN10Y
2019-11-21,792.72,0.031749,,,931637,港股通互联网,CNY,CN10Y
2019-11-22,801.95,0.031747,,,931637,港股通互联网,CNY,CN10Y
2019-11-25,802.28,0.031875,,,931637,港股通互联网,CNY,CN10Y
2019-11-26,801.77,0.031675,,,931637,港股通互联网,CNY,CN10Y
2019-11-27,806.24,0.0317,,,931637,港股通互联网,CNY,CN10Y
2019-11-28,812.99,0.03165,,,931637,港股通互联网,CNY,CN10Y
2019-11-29,805.72,0.03165,,,931637,港股通互联网,CNY,CN10Y
2019-12-02,799.72,0.032062,,,931637,港股通互联网,CNY,CN10Y
2019-12-03,807.44,0.0317459999999999,,,931637,港股通互联网,CNY,CN10Y
2019-12-04,800.39,0.031751,,,931637,港股通互联网,CNY,CN10Y
2019-12-05,808.63,0.031776,,,931637,港股通互联网,CNY,CN10Y
2019-12-06,816.71,0.031751,,,931637,港股通互联网,CNY,CN10Y
2019-12-09,815.12,0.031903,,,931637,港股通互联网,CNY,CN10Y
2019-12-10,811.17,0.031776,,,931637,港股通互联网,CNY,CN10Y
2019-12-11,813.12,0.031702,,,931637,港股通互联网,CNY,CN10Y
2019-12-12,821.78,0.031652,,,931637,港股通互联网,CNY,CN10Y
2019-12-13,829.51,0.0318279999999999,,,931637,港股通互联网,CNY,CN10Y
2019-12-16,834.97,0.031854,,,931637,港股通互联网,CNY,CN10Y
2019-12-17,844.11,0.0321329999999999,,,931637,港股通互联网,CNY,CN10Y
2019-12-18,838.85,0.032139,,,931637,港股通互联网,CNY,CN10Y
2019-12-19,835.71,0.032139,,,931637,港股通互联网,CNY,CN10Y
2019-12-20,832.36,0.031808,,,931637,港股通互联网,CNY,CN10Y
2019-12-23,833.58,0.031661,,,931637,港股通互联网,CNY,CN10Y
2019-12-24,841.83,0.031535,,,931637,港股通互联网,CNY,CN10Y
2019-12-25,841.83,0.031463,,,931637,港股通互联网,CNY,CN10Y
2019-12-26,841.83,0.031137,,,931637,港股通互联网,CNY,CN10Y
2019-12-27,848.36,0.031292,,,931637,港股通互联网,CNY,CN10Y
2019-12-30,846.83,0.031322,,,931637,港股通互联网,CNY,CN10Y
2019-12-31,843.85,0.031365,,,931637,港股通互联网,CNY,CN10Y
2020-01-01,843.85,0.031365,,,931637,港股通互联网,CNY,CN10Y
2020-01-02,860.91,0.031485,,,931637,港股通互联网,CNY,CN10Y
2020-01-03,859.07,0.031428,,,931637,港股通互联网,CNY,CN10Y
2020-01-06,859.53,0.031352,,,931637,港股通互联网,CNY,CN10Y
2020-01-07,874.61,0.031379,,,931637,港股通互联网,CNY,CN10Y
2020-01-08,865.73,0.031337,,,931637,港股通互联网,CNY,CN10Y
2020-01-09,883.47,0.031184,,,931637,港股通互联网,CNY,CN10Y
2020-01-10,893.65,0.030819,,,931637,港股通互联网,CNY,CN10Y
2020-01-13,922.11,0.03084,,,931637,港股通互联网,CNY,CN10Y
2020-01-14,911.08,0.030994,,,931637,港股通互联网,CNY,CN10Y
2020-01-15,931.48,0.030897,,,931637,港股通互联网,CNY,CN10Y
2020-01-16,937.68,0.030918,,,931637,港股通互联网,CNY,CN10Y
2020-01-17,956.7,0.030832,,,931637,港股通互联网,CNY,CN10Y
2020-01-19,,0.03078,,,931637,港股通互联网,CNY,CN10Y
2020-01-20,947.03,0.0307759999999999,,,931637,港股通互联网,CNY,CN10Y
2020-01-21,914.57,0.030337,,,931637,港股通互联网,CNY,CN10Y
2020-01-22,940.61,0.030282,,,931637,港股通互联网,CNY,CN10Y
2020-01-23,907.77,0.029932,,,931637,港股通互联网,CNY,CN10Y
2020-01-24,916.67,0.029932,,,931637,港股通互联网,CNY,CN10Y
2020-01-27,916.67,0.029932,,,931637,港股通互联网,CNY,CN10Y
2020-01-28,916.67,0.029932,,,931637,港股通互联网,CNY,CN10Y
2020-01-29,899.43,0.029932,,,931637,港股通互联网,CNY,CN10Y
2020-01-30,860.69,0.029932,,,931637,港股通互联网,CNY,CN10Y
2020-01-31,862.05,0.029932,,,931637,港股通互联网,CNY,CN10Y
2020-02-03,868.07,0.028231,,,931637,港股通互联网,CNY,CN10Y
2020-02-04,908.11,0.028551,,,931637,港股通互联网,CNY,CN10Y
2020-02-05,906.69,0.02844,,,931637,港股通互联网,CNY,CN10Y
2020-02-06,932.27,0.028392,,,931637,港股通互联网,CNY,CN10Y
2020-02-07,954.61,0.028024,,,931637,港股通互联网,CNY,CN10Y
2020-02-10,957.32,0.0278719999999999,,,931637,港股通互联网,CNY,CN10Y
2020-02-11,955.32,0.02834,,,931637,港股通互联网,CNY,CN10Y
2020-02-12,969.41,0.028333,,,931637,港股通互联网,CNY,CN10Y
2020-02-13,976.46,0.028201,,,931637,港股通互联网,CNY,CN10Y
2020-02-14,966.83,0.028631,,,931637,港股通互联网,CNY,CN10Y
2020-02-17,984.97,0.028928,,,931637,港股通互联网,CNY,CN10Y
2020-02-18,973.49,0.028664,,,931637,港股通互联网,CNY,CN10Y
2020-02-19,978.21,0.028776,,,931637,港股通互联网,CNY,CN10Y
2020-02-20,990.03,0.028857,,,931637,港股通互联网,CNY,CN10Y
2020-02-21,978.44,0.02847,,,931637,港股通互联网,CNY,CN10Y
2020-02-24,951.87,0.02812,,,931637,港股通互联网,CNY,CN10Y
2020-02-25,963.29,0.02822,,,931637,港股通互联网,CNY,CN10Y
2020-02-26,947.19,0.0279729999999999,,,931637,港股通互联网,CNY,CN10Y
2020-02-27,974.39,0.027702,,,931637,港股通互联网,CNY,CN10Y
2020-02-28,935.09,0.027376,,,931637,港股通互联网,CNY,CN10Y
2020-03-02,947.99,0.0274279999999999,,,931637,港股通互联网,CNY,CN10Y
2020-03-03,961.19,0.027478,,,931637,港股通互联网,CNY,CN10Y
2020-03-04,956.03,0.02673,,,931637,港股通互联网,CNY,CN10Y
2020-03-05,976.77,0.026829,,,931637,港股通互联网,CNY,CN10Y
2020-03-06,963.52,0.02628,,,931637,港股通互联网,CNY,CN10Y
2020-03-09,900.59,0.025205,,,931637,港股通互联网,CNY,CN10Y
2020-03-10,912.85,0.02613,,,931637,港股通互联网,CNY,CN10Y
2020-03-11,896.2,0.0260789999999999,,,931637,港股通互联网,CNY,CN10Y
2020-03-12,851.8,0.026379,,,931637,港股通互联网,CNY,CN10Y
2020-03-13,840.05,0.0267589999999999,,,931637,港股通互联网,CNY,CN10Y
2020-03-16,782.57,0.026758,,,931637,港股通互联网,CNY,CN10Y
2020-03-17,787.3,0.027135,,,931637,港股通互联网,CNY,CN10Y
2020-03-18,753.18,0.027136,,,931637,港股通互联网,CNY,CN10Y
2020-03-19,747.03,0.027299,,,931637,港股通互联网,CNY,CN10Y
2020-03-20,804.31,0.026815,,,931637,港股通互联网,CNY,CN10Y
2020-03-23,769.07,0.0263149999999999,,,931637,港股通互联网,CNY,CN10Y
2020-03-24,802.31,0.0262889999999999,,,931637,港股通互联网,CNY,CN10Y
2020-03-25,840.54,0.0262889999999999,,,931637,港股通互联网,CNY,CN10Y
2020-03-26,845.18,0.0259399999999999,,,931637,港股通互联网,CNY,CN10Y
2020-03-27,845.18,0.02609,,,931637,港股通互联网,CNY,CN10Y
2020-03-30,830.04,0.026142,,,931637,港股通互联网,CNY,CN10Y
2020-03-31,850.74,0.025899,,,931637,港股通互联网,CNY,CN10Y
2020-04-01,840.46,0.02555,,,931637,港股通互联网,CNY,CN10Y
2020-04-02,863.4,0.025854,,,931637,港股通互联网,CNY,CN10Y
2020-04-03,851.22,0.025965,,,931637,港股通互联网,CNY,CN10Y
2020-04-06,871.67,0.025965,,,931637,港股通互联网,CNY,CN10Y
2020-04-07,885.89,0.025112,,,931637,港股通互联网,CNY,CN10Y
2020-04-08,875.17,0.024824,,,931637,港股通互联网,CNY,CN10Y
2020-04-09,882.55,0.025226,,,931637,港股通互联网,CNY,CN10Y
2020-04-10,882.55,0.025403,,,931637,港股通互联网,CNY,CN10Y
2020-04-13,882.55,0.025658,,,931637,港股通互联网,CNY,CN10Y
2020-04-14,896.98,0.025591,,,931637,港股通互联网,CNY,CN10Y
2020-04-15,903.98,0.025455,,,931637,港股通互联网,CNY,CN10Y
2020-04-16,921.2,0.025276,,,931637,港股通互联网,CNY,CN10Y
2020-04-17,922.39,0.02559,,,931637,港股通互联网,CNY,CN10Y
2020-04-20,939.67,0.02592,,,931637,港股通互联网,CNY,CN10Y
2020-04-21,921.11,0.0257909999999999,,,931637,港股通互联网,CNY,CN10Y
2020-04-22,954.07,0.025567,,,931637,港股通互联网,CNY,CN10Y
2020-04-23,963.15,0.025227,,,931637,港股通互联网,CNY,CN10Y
2020-04-24,934.85,0.0250999999999999,,,931637,港股通互联网,CNY,CN10Y
2020-04-26,,0.025205,,,931637,港股通互联网,CNY,CN10Y
2020-04-27,952.79,0.025345,,,931637,港股通互联网,CNY,CN10Y
2020-04-28,968.43,0.025254,,,931637,港股通互联网,CNY,CN10Y
2020-04-29,963.46,0.025009,,,931637,港股通互联网,CNY,CN10Y
2020-04-30,963.46,0.02538,,,931637,港股通互联网,CNY,CN10Y
2020-05-01,963.46,0.02538,,,931637,港股通互联网,CNY,CN10Y
2020-05-04,925.36,0.02538,,,931637,港股通互联网,CNY,CN10Y
2020-05-05,937.73,0.02538,,,931637,港股通互联网,CNY,CN10Y
2020-05-06,960.38,0.025809,,,931637,港股通互联网,CNY,CN10Y
2020-05-07,961.33,0.026298,,,931637,港股通互联网,CNY,CN10Y
2020-05-08,988.0,0.0262069999999999,,,931637,港股通互联网,CNY,CN10Y
2020-05-09,,0.0264,,,931637,港股通互联网,CNY,CN10Y
2020-05-11,1000.15,0.026698,,,931637,港股通互联网,CNY,CN10Y
2020-05-12,1021.56,0.0266029999999999,,,931637,港股通互联网,CNY,CN10Y
2020-05-13,1028.99,0.027076,,,931637,港股通互联网,CNY,CN10Y
2020-05-14,1039.73,0.026989,,,931637,港股通互联网,CNY,CN10Y
2020-05-15,1048.61,0.02682,,,931637,港股通互联网,CNY,CN10Y
2020-05-18,1041.87,0.027253,,,931637,港股通互联网,CNY,CN10Y
2020-05-19,1063.61,0.0272719999999999,,,931637,港股通互联网,CNY,CN10Y
2020-05-20,1085.06,0.0269,,,931637,港股通互联网,CNY,CN10Y
2020-05-21,1068.81,0.02685,,,931637,港股通互联网,CNY,CN10Y
2020-05-22,1001.45,0.0261759999999999,,,931637,港股通互联网,CNY,CN10Y
2020-05-25,1030.26,0.026852,,,931637,港股通互联网,CNY,CN10Y
2020-05-26,1061.22,0.027402,,,931637,港股通互联网,CNY,CN10Y
2020-05-27,1031.58,0.027527,,,931637,港股通互联网,CNY,CN10Y
2020-05-28,1015.85,0.027201,,,931637,港股通互联网,CNY,CN10Y
2020-05-29,1047.7,0.0270529999999999,,,931637,港股通互联网,CNY,CN10Y
2020-06-01,1087.48,0.027253,,,931637,港股通互联网,CNY,CN10Y
2020-06-02,1096.73,0.027852,,,931637,港股通互联网,CNY,CN10Y
2020-06-03,1127.42,0.027901,,,931637,港股通互联网,CNY,CN10Y
2020-06-04,1130.56,0.028301,,,931637,港股通互联网,CNY,CN10Y
2020-06-05,1128.19,0.028475,,,931637,港股通互联网,CNY,CN10Y
2020-06-08,1110.72,0.0281009999999999,,,931637,港股通互联网,CNY,CN10Y
2020-06-09,1117.2,0.028031,,,931637,港股通互联网,CNY,CN10Y
2020-06-10,1138.72,0.028201,,,931637,港股通互联网,CNY,CN10Y
2020-06-11,1135.89,0.0277009999999999,,,931637,港股通互联网,CNY,CN10Y
2020-06-12,1147.47,0.027451,,,931637,港股通互联网,CNY,CN10Y
2020-06-15,1118.99,0.027878,,,931637,港股通互联网,CNY,CN10Y
2020-06-16,1165.19,0.0284019999999999,,,931637,港股通互联网,CNY,CN10Y
2020-06-17,1169.58,0.0288019999999999,,,931637,港股通互联网,CNY,CN10Y
2020-06-18,1183.76,0.028527,,,931637,港股通互联网,CNY,CN10Y
2020-06-19,1204.26,0.028752,,,931637,港股通互联网,CNY,CN10Y
2020-06-22,1196.8,0.029153,,,931637,港股通互联网,CNY,CN10Y
2020-06-23,1241.42,0.029127,,,931637,港股通互联网,CNY,CN10Y
2020-06-24,1262.74,0.028614,,,931637,港股通互联网,CNY,CN10Y
2020-06-25,1262.74,0.028614,,,931637,港股通互联网,CNY,CN10Y
2020-06-26,1250.17,0.028614,,,931637,港股通互联网,CNY,CN10Y
2020-06-28,,0.028404,,,931637,港股通互联网,CNY,CN10Y
2020-06-29,1231.61,0.028504,,,931637,港股通互联网,CNY,CN10Y
2020-06-30,1237.34,0.0282299999999999,,,931637,港股通互联网,CNY,CN10Y
2020-07-01,1237.34,0.028456,,,931637,港股通互联网,CNY,CN10Y
2020-07-02,1282.12,0.028584,,,931637,港股通互联网,CNY,CN10Y
2020-07-03,1319.31,0.028974,,,931637,港股通互联网,CNY,CN10Y
2020-07-06,1335.58,0.029959,,,931637,港股通互联网,CNY,CN10Y
2020-07-07,1320.14,0.030158,,,931637,港股通互联网,CNY,CN10Y
2020-07-08,1395.43,0.030632,,,931637,港股通互联网,CNY,CN10Y
2020-07-09,1455.08,0.030809,,,931637,港股通互联网,CNY,CN10Y
2020-07-10,1430.04,0.030305,,,931637,港股通互联网,CNY,CN10Y
2020-07-13,1432.47,0.0305569999999999,,,931637,港股通互联网,CNY,CN10Y
2020-07-14,1379.3,0.030057,,,931637,港股通互联网,CNY,CN10Y
2020-07-15,1390.21,0.029559,,,931637,港股通互联网,CNY,CN10Y
2020-07-16,1288.02,0.029459,,,931637,港股通互联网,CNY,CN10Y
2020-07-17,1323.42,0.029507,,,931637,港股通互联网,CNY,CN10Y
2020-07-20,1330.0,0.0293109999999999,,,931637,港股通互联网,CNY,CN10Y
2020-07-21,1427.13,0.029011,,,931637,港股通互联网,CNY,CN10Y
2020-07-22,1357.38,0.0288609999999999,,,931637,港股通互联网,CNY,CN10Y
2020-07-23,1389.5,0.029064,,,931637,港股通互联网,CNY,CN10Y
2020-07-24,1312.94,0.028612,,,931637,港股通互联网,CNY,CN10Y
2020-07-27,1286.59,0.028791,,,931637,港股通互联网,CNY,CN10Y
2020-07-28,1331.86,0.029214,,,931637,港股通互联网,CNY,CN10Y
2020-07-29,1345.29,0.029415,,,931637,港股通互联网,CNY,CN10Y
2020-07-30,1352.9,0.0293639999999999,,,931637,港股通互联网,CNY,CN10Y
2020-07-31,1354.45,0.029664,,,931637,港股通互联网,CNY,CN10Y
2020-08-03,1381.44,0.029466,,,931637,港股通互联网,CNY,CN10Y
2020-08-04,1419.33,0.029365,,,931637,港股通互联网,CNY,CN10Y
2020-08-05,1431.48,0.029592,,,931637,港股通互联网,CNY,CN10Y
2020-08-06,1440.95,0.029816,,,931637,港股通互联网,CNY,CN10Y
2020-08-07,1410.62,0.029918,,,931637,港股通互联网,CNY,CN10Y
2020-08-10,1380.42,0.029543,,,931637,港股通互联网,CNY,CN10Y
2020-08-11,1364.84,0.029544,,,931637,港股通互联网,CNY,CN10Y
2020-08-12,1341.85,0.02962,,,931637,港股通互联网,CNY,CN10Y
2020-08-13,1340.22,0.0295549999999999,,,931637,港股通互联网,CNY,CN10Y
2020-08-14,1348.22,0.029369,,,931637,港股通互联网,CNY,CN10Y
2020-08-17,1353.08,0.029421,,,931637,港股通互联网,CNY,CN10Y
2020-08-18,1402.66,0.029771,,,931637,港股通互联网,CNY,CN10Y
2020-08-19,1396.27,0.029921,,,931637,港股通互联网,CNY,CN10Y
2020-08-20,1400.38,0.029973,,,931637,港股通互联网,CNY,CN10Y
2020-08-21,1410.96,0.029823,,,931637,港股通互联网,CNY,CN10Y
2020-08-24,1460.85,0.029998,,,931637,港股通互联网,CNY,CN10Y
2020-08-25,1433.3,0.030424,,,931637,港股通互联网,CNY,CN10Y
2020-08-26,1446.57,0.030511,,,931637,港股通互联网,CNY,CN10Y
2020-08-27,1520.25,0.0305989999999999,,,931637,港股通互联网,CNY,CN10Y
2020-08-28,1532.34,0.030672,,,931637,港股通互联网,CNY,CN10Y
2020-08-31,1521.31,0.030177,,,931637,港股通互联网,CNY,CN10Y
2020-09-01,1571.21,0.030478,,,931637,港股通互联网,CNY,CN10Y
2020-09-02,1610.04,0.031027,,,931637,港股通互联网,CNY,CN10Y
2020-09-03,1557.74,0.031051,,,931637,港股通互联网,CNY,CN10Y
2020-09-04,1541.52,0.031228,,,931637,港股通互联网,CNY,CN10Y
2020-09-07,1499.63,0.031454,,,931637,港股通互联网,CNY,CN10Y
2020-09-08,1446.15,0.03123,,,931637,港股通互联网,CNY,CN10Y
2020-09-09,1421.69,0.030805,,,931637,港股通互联网,CNY,CN10Y
2020-09-10,1425.42,0.030833,,,931637,港股通互联网,CNY,CN10Y
2020-09-11,1467.78,0.031346,,,931637,港股通互联网,CNY,CN10Y
2020-09-14,1496.36,0.031532,,,931637,港股通互联网,CNY,CN10Y
2020-09-15,1488.3,0.031083,,,931637,港股通互联网,CNY,CN10Y
2020-09-16,1508.71,0.0312599999999999,,,931637,港股通互联网,CNY,CN10Y
2020-09-17,1472.5,0.031334,,,931637,港股通互联网,CNY,CN10Y
2020-09-18,1491.52,0.031162,,,931637,港股通互联网,CNY,CN10Y
2020-09-21,1446.03,0.030999,,,931637,港股通互联网,CNY,CN10Y
2020-09-22,1445.85,0.030863,,,931637,港股通互联网,CNY,CN10Y
2020-09-23,1465.48,0.03089,,,931637,港股通互联网,CNY,CN10Y
2020-09-24,1412.68,0.03084,,,931637,港股通互联网,CNY,CN10Y
2020-09-25,1390.45,0.031295,,,931637,港股通互联网,CNY,CN10Y
2020-09-27,,0.031324,,,931637,港股通互联网,CNY,CN10Y
2020-09-28,1412.08,0.0310919999999999,,,931637,港股通互联网,CNY,CN10Y
2020-09-29,1410.76,0.031292,,,931637,港股通互联网,CNY,CN10Y
2020-09-30,1431.04,0.031482,,,931637,港股通互联网,CNY,CN10Y
2020-10-01,1431.04,0.031482,,,931637,港股通互联网,CNY,CN10Y
2020-10-02,1431.04,0.031482,,,931637,港股通互联网,CNY,CN10Y
2020-10-05,1447.78,0.031482,,,931637,港股通互联网,CNY,CN10Y
2020-10-06,1500.09,0.031482,,,931637,港股通互联网,CNY,CN10Y
2020-10-07,1524.53,0.031482,,,931637,港股通互联网,CNY,CN10Y
2020-10-08,1518.99,0.031482,,,931637,港股通互联网,CNY,CN10Y
2020-10-09,1525.18,0.031873,,,931637,港股通互联网,CNY,CN10Y
2020-10-10,,0.031898,,,931637,港股通互联网,CNY,CN10Y
2020-10-12,1579.27,0.031861,,,931637,港股通互联网,CNY,CN10Y
2020-10-13,1579.27,0.03195,,,931637,港股通互联网,CNY,CN10Y
2020-10-14,1598.03,0.03215,,,931637,港股通互联网,CNY,CN10Y
2020-10-15,1533.81,0.0323,,,931637,港股通互联网,CNY,CN10Y
2020-10-16,1548.26,0.032202,,,931637,港股通互联网,CNY,CN10Y
2020-10-19,1516.4,0.032005,,,931637,港股通互联网,CNY,CN10Y
2020-10-20,1530.82,0.031955,,,931637,港股通互联网,CNY,CN10Y
2020-10-21,1534.22,0.031855,,,931637,港股通互联网,CNY,CN10Y
2020-10-22,1533.88,0.031707,,,931637,港股通互联网,CNY,CN10Y
2020-10-23,1504.14,0.031957,,,931637,港股通互联网,CNY,CN10Y
2020-10-26,1504.14,0.031934,,,931637,港股通互联网,CNY,CN10Y
2020-10-27,1510.22,0.031609,,,931637,港股通互联网,CNY,CN10Y
2020-10-28,1536.84,0.03181,,,931637,港股通互联网,CNY,CN10Y
2020-10-29,1558.27,0.03186,,,931637,港股通互联网,CNY,CN10Y
2020-10-30,1530.14,0.03181,,,931637,港股通互联网,CNY,CN10Y
2020-11-02,1542.58,0.031785,,,931637,港股通互联网,CNY,CN10Y
2020-11-03,1549.51,0.031762,,,931637,港股通互联网,CNY,CN10Y
2020-11-04,1603.19,0.031687,,,931637,港股通互联网,CNY,CN10Y
2020-11-05,1669.7,0.0319119999999999,,,931637,港股通互联网,CNY,CN10Y
2020-11-06,1669.32,0.032063,,,931637,港股通互联网,CNY,CN10Y
2020-11-09,1706.13,0.032363,,,931637,港股通互联网,CNY,CN10Y
2020-11-10,1620.39,0.032241,,,931637,港股通互联网,CNY,CN10Y
2020-11-11,1509.72,0.032391,,,931637,港股通互联网,CNY,CN10Y
2020-11-12,1564.52,0.032614,,,931637,港股通互联网,CNY,CN10Y
2020-11-13,1625.65,0.032715,,,931637,港股通互联网,CNY,CN10Y
2020-11-16,1665.64,0.032741,,,931637,港股通互联网,CNY,CN10Y
2020-11-17,1621.69,0.032866,,,931637,港股通互联网,CNY,CN10Y
2020-11-18,1622.91,0.03324,,,931637,港股通互联网,CNY,CN10Y
2020-11-19,1620.85,0.033487,,,931637,港股通互联网,CNY,CN10Y
2020-11-20,1646.0,0.0331,,,931637,港股通互联网,CNY,CN10Y
2020-11-23,1669.0,0.03265,,,931637,港股通互联网,CNY,CN10Y
2020-11-24,1651.87,0.0329,,,931637,港股通互联网,CNY,CN10Y
2020-11-25,1608.92,0.032675,,,931637,港股通互联网,CNY,CN10Y
2020-11-26,1650.78,0.03285,,,931637,港股通互联网,CNY,CN10Y
2020-11-27,1651.63,0.033,,,931637,港股通互联网,CNY,CN10Y
2020-11-30,1638.38,0.0325,,,931637,港股通互联网,CNY,CN10Y
2020-12-01,1632.68,0.032725,,,931637,港股通互联网,CNY,CN10Y
2020-12-02,1581.37,0.032925,,,931637,港股通互联网,CNY,CN10Y
2020-12-03,1608.57,0.032851,,,931637,港股通互联网,CNY,CN10Y
2020-12-04,1618.15,0.032651,,,931637,港股通互联网,CNY,CN10Y
2020-12-07,1608.73,0.032701,,,931637,港股通互联网,CNY,CN10Y
2020-12-08,1641.71,0.032551,,,931637,港股通互联网,CNY,CN10Y
2020-12-09,1659.57,0.032726,,,931637,港股通互联网,CNY,CN10Y
2020-12-10,1654.85,0.032601,,,931637,港股通互联网,CNY,CN10Y
2020-12-11,1671.23,0.032951,,,931637,港股通互联网,CNY,CN10Y
2020-12-14,1685.39,0.032851,,,931637,港股通互联网,CNY,CN10Y
2020-12-15,1678.38,0.032777,,,931637,港股通互联网,CNY,CN10Y
2020-12-16,1686.13,0.0327519999999999,,,931637,港股通互联网,CNY,CN10Y
2020-12-17,1719.96,0.032802,,,931637,港股通互联网,CNY,CN10Y
2020-12-18,1702.5,0.032902,,,931637,港股通互联网,CNY,CN10Y
2020-12-21,1696.25,0.032652,,,931637,港股通互联网,CNY,CN10Y
2020-12-22,1674.29,0.032278,,,931637,港股通互联网,CNY,CN10Y
2020-12-23,1724.9,0.032153,,,931637,港股通互联网,CNY,CN10Y
2020-12-24,1698.26,0.032303,58.77,-0.015287515909477623,931637,港股通互联网,CNY,CN10Y
2020-12-25,,0.031878,58.77,-0.014862515909477621,931637,港股通互联网,CNY,CN10Y
2020-12-28,1624.01,0.031629,55.05,-0.013463695731153493,931637,港股通互联网,CNY,CN10Y
2020-12-29,1675.57,0.031554,56.27,-0.013782540963213078,931637,港股通互联网,CNY,CN10Y
2020-12-30,1734.25,0.031204,59.32,-0.014346279163857046,931637,港股通互联网,CNY,CN10Y
2020-12-31,1766.24,0.031429,59.89,-0.01473172165637001,931637,港股通互联网,CNY,CN10Y
2021-01-04,1796.14,0.03178,60.14,-0.015152131692716998,931637,港股通互联网,CNY,CN10Y
2021-01-05,1800.76,0.031305,61.09,-0.01493570879030938,931637,港股通互联网,CNY,CN10Y
2021-01-06,1812.78,0.031256,62.33,-0.01521236130274346,931637,港股通互联网,CNY,CN10Y
2021-01-07,1752.94,0.031256,59.51,-0.014452101495546966,931637,港股通互联网,CNY,CN10Y
2021-01-08,1790.54,0.031456,60.16,-0.014833659574468083,931637,港股通互联网,CNY,CN10Y
2021-01-11,1786.13,0.031632,61.86,-0.015466464920788878,931637,港股通互联网,CNY,CN10Y
2021-01-12,1797.61,0.031457,61.7,-0.01524954457050243,931637,港股通互联网,CNY,CN10Y
2021-01-13,1784.89,0.031157,62.22,-0.015084997428479588,931637,港股通互联网,CNY,CN10Y
2021-01-14,1829.39,0.031059,65.63,-0.015822065671186956,931637,港股通互联网,CNY,CN10Y
2021-01-15,1795.13,0.031508,67.19,-0.01662483286203304,931637,港股通互联网,CNY,CN10Y
2021-01-18,1862.04,0.031658,68.79,-0.01712100334350923,931637,港股通互联网,CNY,CN10Y
2021-01-19,1906.34,0.031609,68.6,-0.01703174052478134,931637,港股通互联网,CNY,CN10Y
2021-01-20,2035.31,0.03161,70.79,-0.01748371097612657,931637,港股通互联网,CNY,CN10Y
2021-01-21,2019.27,0.031335,71.05,-0.017260404644616468,931637,港股通互联网,CNY,CN10Y
2021-01-22,2029.03,0.031185,72.05,-0.017305749479528107,931637,港股通互联网,CNY,CN10Y
2021-01-25,2128.74,0.031323,79.72,-0.018779096337180126,931637,港股通互联网,CNY,CN10Y
2021-01-26,2059.64,0.031585,74.88,-0.018230299145299146,931637,港股通互联网,CNY,CN10Y
2021-01-27,2012.62,0.031636,73.08,-0.017952365626710452,931637,港股通互联网,CNY,CN10Y
2021-01-28,1953.82,0.0319609999999999,71.13,-0.017902234359623126,931637,港股通互联网,CNY,CN10Y
2021-01-29,1962.78,0.031786,71.01,-0.017703476411772993,931637,港股通互联网,CNY,CN10Y
2021-02-01,2063.04,0.031712,74.28,-0.018249425955842755,931637,港股通互联网,CNY,CN10Y
2021-02-02,2105.14,0.031862,75.56,-0.018627484383271574,931637,港股通互联网,CNY,CN10Y
2021-02-03,2137.68,0.032112,77.11,-0.019143513422383608,931637,港股通互联网,CNY,CN10Y
2021-02-04,2095.64,0.032347,77.07,-0.019371782665109638,931637,港股通互联网,CNY,CN10Y
2021-02-05,2091.92,0.032164,77.15,-0.019202237200259237,931637,港股通互联网,CNY,CN10Y
2021-02-07,,0.032168,77.15,-0.01920623720025924,931637,港股通互联网,CNY,CN10Y
2021-02-08,2103.59,0.03237,77.55,-0.019475093488072213,931637,港股通互联网,CNY,CN10Y
2021-02-09,2140.53,0.032303,77.95,-0.019474263630532392,931637,港股通互联网,CNY,CN10Y
2021-02-10,2208.99,0.032449,80.16,-0.019973950099800398,931637,港股通互联网,CNY,CN10Y
2021-02-11,2271.63,0.032449,80.1,-0.01996460549313358,931637,港股通互联网,CNY,CN10Y
2021-02-16,2366.7,0.032449,79.42,-0.01985771317048602,931637,港股通互联网,CNY,CN10Y
2021-02-17,2436.93,0.032449,80.81,-0.02007429389926989,931637,港股通互联网,CNY,CN10Y
2021-02-18,2331.59,0.032831,79.68,-0.02028079919678715,931637,港股通互联网,CNY,CN10Y
2021-02-19,2321.7,0.032578,78.79,-0.019886034014468847,931637,港股通互联网,CNY,CN10Y
2021-02-20,,0.032605,78.79,-0.019913034014468846,931637,港股通互联网,CNY,CN10Y
2021-02-22,2178.9,0.032736,75.67,-0.019520723139949785,931637,港股通互联网,CNY,CN10Y
2021-02-23,2166.9,0.032635,75.02,-0.019305221274326843,931637,港股通互联网,CNY,CN10Y
2021-02-24,2038.54,0.032627,72.6,-0.01885289531680441,931637,港股通互联网,CNY,CN10Y
2021-02-25,2069.32,0.032723,73.08,-0.019039365626710457,931637,港股通互联网,CNY,CN10Y
2021-02-26,1951.01,0.032798,70.18,-0.018548926189797664,931637,港股通互联网,CNY,CN10Y
2021-03-01,2032.98,0.032475,73.61,-0.01888988928134764,931637,港股通互联网,CNY,CN10Y
2021-03-02,1995.83,0.0324739999999999,73.46,-0.018861149469098726,931637,港股通互联网,CNY,CN10Y
2021-03-03,2033.02,0.032553,75.98,-0.019391641747828377,931637,港股通互联网,CNY,CN10Y
2021-03-04,1892.11,0.0326549999999999,72.47,-0.018856186697943877,931637,港股通互联网,CNY,CN10Y
2021-03-05,1844.29,0.032457,71.43,-0.01845727999440011,931637,港股通互联网,CNY,CN10Y
2021-03-08,1704.55,0.032404,67.94,-0.017685130409184575,931637,港股通互联网,CNY,CN10Y
2021-03-09,1704.27,0.032478,68.08,-0.017789398354876616,931637,港股通互联网,CNY,CN10Y
2021-03-10,1728.34,0.032353,69.58,-0.017981054038516815,931637,港股通互联网,CNY,CN10Y
2021-03-11,1824.87,0.032506,71.88,-0.01859392431830829,931637,港股通互联网,CNY,CN10Y
2021-03-12,1792.37,0.0326129999999999,68.85,-0.018088671750181452,931637,港股通互联网,CNY,CN10Y
2021-03-15,1769.97,0.03274,66.56,-0.017715961538461538,931637,港股通互联网,CNY,CN10Y
2021-03-16,1840.75,0.032614,73.19,-0.01895093127476431,931637,港股通互联网,CNY,CN10Y
2021-03-17,1846.88,0.032564,72.57,-0.0187842011850627,931637,港股通互联网,CNY,CN10Y
2021-03-18,1852.5,0.0325919999999999,74.34,-0.019140291633037293,931637,港股通互联网,CNY,CN10Y
2021-03-19,1823.78,0.032364,73.2,-0.018702797814207646,931637,港股通互联网,CNY,CN10Y
2021-03-22,1806.85,0.032309,73.15,-0.01863846001367054,931637,港股通互联网,CNY,CN10Y
2021-03-23,1753.58,0.032105,71.6,-0.018138519553072628,931637,港股通互联网,CNY,CN10Y
2021-03-24,1711.79,0.03193,70.72,-0.017789728506787332,931637,港股通互联网,CNY,CN10Y
2021-03-25,1690.76,0.031882,69.0,-0.017389246376811593,931637,港股通互联网,CNY,CN10Y
2021-03-26,1737.09,0.031985,71.26,-0.0179518818411451,931637,港股通互联网,CNY,CN10Y
2021-03-29,1691.01,0.031962,69.58,-0.017590054038516812,931637,港股通互联网,CNY,CN10Y
2021-03-30,1737.91,0.03206,70.35,-0.017845358919687276,931637,港股通互联网,CNY,CN10Y
2021-03-31,1727.54,0.031887,70.37,-0.017676398891573113,931637,港股通互联网,CNY,CN10Y
2021-04-01,1829.34,0.03196,75.54,-0.018721980407731008,931637,港股通互联网,CNY,CN10Y
2021-04-02,,0.032013,75.54,-0.018774980407731005,931637,港股通互联网,CNY,CN10Y
2021-04-06,,0.032087,75.54,-0.018848980407731003,931637,港股通互联网,CNY,CN10Y
2021-04-07,1800.47,0.032215,72.84,-0.01848627951674904,931637,港股通互联网,CNY,CN10Y
2021-04-08,1803.65,0.032221,72.33,-0.01839547808654777,931637,港股通互联网,CNY,CN10Y
2021-04-09,1773.19,0.032121,72.05,-0.0182417494795281,931637,港股通互联网,CNY,CN10Y
2021-04-12,1722.6,0.031948,70.44,-0.017751520726859735,931637,港股通互联网,CNY,CN10Y
2021-04-13,1687.62,0.031626,68.88,-0.01710799767711963,931637,港股通互联网,CNY,CN10Y
2021-04-14,1731.9,0.031651,70.66,-0.017498721483158786,931637,港股通互联网,CNY,CN10Y
2021-04-15,1723.88,0.031728,70.38,-0.017519418016481953,931637,港股通互联网,CNY,CN10Y
2021-04-16,1743.56,0.031631,71.59,-0.01766256865484006,931637,港股通互联网,CNY,CN10Y
2021-04-19,1769.0,0.031559,71.27,-0.01752785084888452,931637,港股通互联网,CNY,CN10Y
2021-04-20,1775.21,0.031554,71.02,-0.017473459307237395,931637,港股通互联网,CNY,CN10Y
2021-04-21,1744.86,0.03153,69.35,-0.017110389329488107,931637,港股通互联网,CNY,CN10Y
2021-04-22,1764.52,0.031614,70.68,-0.017465726089417096,931637,港股通互联网,CNY,CN10Y
2021-04-23,1808.51,0.031719,72.44,-0.01791447211485367,931637,港股通互联网,CNY,CN10Y
2021-04-25,,0.031841,72.44,-0.018036472114853673,931637,港股通互联网,CNY,CN10Y
2021-04-26,1800.4,0.032024,71.88,-0.018111924318308287,931637,港股通互联网,CNY,CN10Y
2021-04-27,1820.72,0.032078,71.97,-0.01818332166180353,931637,港股通互联网,CNY,CN10Y
2021-04-28,1808.71,0.031979,71.81,-0.01805336290210277,931637,港股通互联网,CNY,CN10Y
2021-04-29,1802.98,0.031872,71.79,-0.017942483354227608,931637,港股通互联网,CNY,CN10Y
2021-04-30,1766.24,0.03164,70.54,-0.017463646158208113,931637,港股通互联网,CNY,CN10Y
2021-05-03,1750.57,0.03164,70.31,-0.0174172720807851,931637,港股通互联网,CNY,CN10Y
2021-05-04,1751.01,0.03164,70.12,-0.017378733599543644,931637,港股通互联网,CNY,CN10Y
2021-05-05,1714.47,0.03164,68.88,-0.01712199767711963,931637,港股通互联网,CNY,CN10Y
2021-05-06,1711.3,0.031507,68.95,-0.017003736765772298,931637,港股通互联网,CNY,CN10Y
2021-05-07,1681.41,0.031589,67.74,-0.016826673457336874,931637,港股通互联网,CNY,CN10Y
2021-05-08,,0.031582,67.74,-0.016819673457336873,931637,港股通互联网,CNY,CN10Y
2021-05-10,1668.28,0.03146,66.01,-0.016310780184820482,931637,港股通互联网,CNY,CN10Y
2021-05-11,1624.28,0.03138,64.31,-0.015830318768465246,931637,港股通互联网,CNY,CN10Y
2021-05-12,1668.56,0.03131,66.35,-0.01623840994724943,931637,港股通互联网,CNY,CN10Y
2021-05-13,1621.87,0.031366,64.57,-0.015878931702028802,931637,港股通互联网,CNY,CN10Y
2021-05-14,1622.72,0.031422,64.37,-0.01588681280099425,931637,港股通互联网,CNY,CN10Y
2021-05-17,1668.86,0.031524,66.43,-0.01647056028902605,931637,港股通互联网,CNY,CN10Y
2021-05-18,1697.1,0.031457,67.31,-0.01660036651314812,931637,港股通互联网,CNY,CN10Y
2021-05-19,,0.031298,67.31,-0.01644136651314812,931637,港股通互联网,CNY,CN10Y
2021-05-20,1719.41,0.0310009999999999,68.34,-0.016368281240854453,931637,港股通互联网,CNY,CN10Y
2021-05-21,1723.6,0.030876,66.88,-0.015923846889952152,931637,港股通互联网,CNY,CN10Y
2021-05-24,1694.2,0.03085,66.27,-0.01576021578391429,931637,港股通互联网,CNY,CN10Y
2021-05-25,1748.95,0.03085,68.54,-0.016259979573971406,931637,港股通互联网,CNY,CN10Y
2021-05-26,1756.3,0.0306,69.35,-0.0161803893294881,931637,港股通互联网,CNY,CN10Y
2021-05-27,1754.63,0.030725,68.04,-0.01602776308054086,931637,港股通互联网,CNY,CN10Y
2021-05-28,1706.48,0.030825,67.06,-0.01591298091261557,931637,港股通互联网,CNY,CN10Y
2021-05-31,1753.88,0.0304499999999999,69.83,-0.0161295073750536,931637,港股通互联网,CNY,CN10Y
2021-06-01,1789.75,0.0304,71.53,-0.016419851810429188,931637,港股通互联网,CNY,CN10Y
2021-06-02,1770.7,0.03065,71.62,-0.01668741971516336,931637,港股通互联网,CNY,CN10Y
2021-06-03,1765.15,0.03055,70.64,-0.016393714609286524,931637,港股通互联网,CNY,CN10Y
2021-06-04,1743.67,0.0309249999999999,70.14,-0.0166678001140575,931637,港股通互联网,CNY,CN10Y
2021-06-07,1720.03,0.0311,68.82,-0.016569340308049983,931637,港股通互联网,CNY,CN10Y
2021-06-08,1724.32,0.0311,68.69,-0.016541840151404863,931637,港股通互联网,CNY,CN10Y
2021-06-09,1722.19,0.031051,68.54,-0.016460979573971406,931637,港股通互联网,CNY,CN10Y
2021-06-10,1731.06,0.031,68.56,-0.01641423570595099,931637,港股通互联网,CNY,CN10Y
2021-06-11,1741.11,0.031276,68.66,-0.016711479172735216,931637,港股通互联网,CNY,CN10Y
2021-06-15,1729.77,0.031176,69.08,-0.016700030110017368,931637,港股通互联网,CNY,CN10Y
2021-06-16,1694.5,0.031301,67.94,-0.016582130409184576,931637,港股通互联网,CNY,CN10Y
2021-06-17,1702.56,0.031401,68.57,-0.016817362840892518,931637,港股通互联网,CNY,CN10Y
2021-06-18,1734.11,0.031202,69.74,-0.016863026670490392,931637,港股通互联网,CNY,CN10Y
2021-06-21,1718.14,0.0309529999999999,69.01,-0.016462346471525766,931637,港股通互联网,CNY,CN10Y
2021-06-22,1676.28,0.0308769999999999,67.04,-0.015960532219570306,931637,港股通互联网,CNY,CN10Y
2021-06-23,1710.78,0.030853,68.68,-0.016292720442632497,931637,港股通互联网,CNY,CN10Y
2021-06-24,1724.9,0.030828,68.98,-0.016331044360684256,931637,港股通互联网,CNY,CN10Y
2021-06-25,1764.2,0.030827,70.78,-0.016698715173777905,931637,港股通互联网,CNY,CN10Y
2021-06-28,1765.1,0.030903,70.53,-0.01672463618318446,931637,港股通互联网,CNY,CN10Y
2021-06-29,1740.11,0.030853,69.79,-0.01652429961312509,931637,港股通互联网,CNY,CN10Y
2021-06-30,1725.95,0.030778,69.03,-0.016291544835578736,931637,港股通互联网,CNY,CN10Y
2021-07-01,,0.030878,69.03,-0.016391544835578732,931637,港股通互联网,CNY,CN10Y
2021-07-02,1663.0,0.0308029999999999,67.45,-0.015977203113417247,931637,港股通互联网,CNY,CN10Y
2021-07-05,1627.63,0.030754,64.77,-0.01531475343523236,931637,港股通互联网,CNY,CN10Y
2021-07-06,1613.27,0.030854,65.2,-0.015516576687116564,931637,港股通互联网,CNY,CN10Y
2021-07-07,1604.18,0.030554,64.21,-0.01498010185329388,931637,港股通互联网,CNY,CN10Y
2021-07-08,1540.16,0.02983,61.73,-0.013630421189049082,931637,港股通互联网,CNY,CN10Y
2021-07-09,1585.19,0.030105,63.51,-0.014359448118406549,931637,港股通互联网,CNY,CN10Y
2021-07-12,1615.41,0.029431,63.44,-0.013668074401008826,931637,港股通互联网,CNY,CN10Y
2021-07-13,1640.96,0.029256,65.51,-0.01399115493817738,931637,港股通互联网,CNY,CN10Y
2021-07-14,1640.92,0.029356,65.39,-0.01406314176479584,931637,港股通互联网,CNY,CN10Y
2021-07-15,1635.52,0.029557,65.82,-0.014364049529018534,931637,港股通互联网,CNY,CN10Y
2021-07-16,1630.36,0.029432,66.11,-0.014305695356224474,931637,港股通互联网,CNY,CN10Y
2021-07-19,1603.17,0.029483,64.3,-0.013930900466562984,931637,港股通互联网,CNY,CN10Y
2021-07-20,1566.56,0.029258,63.53,-0.013517405005509207,931637,港股通互联网,CNY,CN10Y
2021-07-21,1544.38,0.029184,62.62,-0.013214661130629194,931637,港股通互联网,CNY,CN10Y
2021-07-22,1578.44,0.0292839999999999,63.65,-0.013573080911233208,931637,港股通互联网,CNY,CN10Y
2021-07-23,1537.73,0.029134,62.2,-0.01305682958199357,931637,港股通互联网,CNY,CN10Y
2021-07-26,1406.99,0.028711,57.0,-0.011167140350877194,931637,港股通互联网,CNY,CN10Y
2021-07-27,1241.84,0.02911,51.16,-0.009563479280688035,931637,港股通互联网,CNY,CN10Y
2021-07-28,1303.98,0.029312,52.28,-0.010184226472838565,931637,港股通互联网,CNY,CN10Y
2021-07-29,1422.66,0.0288399999999999,56.72,-0.011209534555712171,931637,港股通互联网,CNY,CN10Y
2021-07-30,1379.44,0.028363,54.83,-0.010124809228524528,931637,港股通互联网,CNY,CN10Y
2021-08-02,1378.69,0.028212,54.79,-0.009960494250775689,931637,港股通互联网,CNY,CN10Y
2021-08-03,1356.4,0.0283369999999999,52.44,-0.009267587337909892,931637,港股通互联网,CNY,CN10Y
2021-08-04,1391.48,0.028338,53.5,-0.009646411214953271,931637,港股通互联网,CNY,CN10Y
2021-08-05,1350.37,0.027988,51.84,-0.008697876543209877,931637,港股通互联网,CNY,CN10Y
2021-08-06,1355.42,0.0281389999999999,53.09,-0.00930306102844217,931637,港股通互联网,CNY,CN10Y
2021-08-09,1371.43,0.0286149999999999,54.17,-0.010154597563226779,931637,港股通互联网,CNY,CN10Y
2021-08-10,1435.97,0.028766,57.22,-0.011289593149248513,931637,港股通互联网,CNY,CN10Y
2021-08-11,1435.35,0.028841,56.92,-0.011272482782853126,931637,港股通互联网,CNY,CN10Y
2021-08-12,1406.91,0.0285659999999999,56.55,-0.010882534040671871,931637,港股通互联网,CNY,CN10Y
2021-08-13,1383.55,0.0287919999999999,55.33,-0.010718622085667713,931637,港股通互联网,CNY,CN10Y
2021-08-16,1344.17,0.028943,53.27,-0.010170707903134974,931637,港股通互联网,CNY,CN10Y
2021-08-17,1300.8,0.0288189999999999,51.24,-0.0093029968774394,931637,港股通互联网,CNY,CN10Y
2021-08-18,1299.44,0.028494,51.52,-0.009084062111801242,931637,港股通互联网,CNY,CN10Y
2021-08-19,1272.16,0.028395,49.62,-0.00824183595324466,931637,港股通互联网,CNY,CN10Y
2021-08-20,1226.41,0.02852,49.39,-0.00827298643450091,931637,港股通互联网,CNY,CN10Y
2021-08-23,1269.94,0.028672,50.31,-0.008795235937189425,931637,港股通互联网,CNY,CN10Y
2021-08-24,1359.59,0.028522,54.69,-0.010237121594441394,931637,港股通互联网,CNY,CN10Y
2021-08-25,1357.19,0.028547,55.18,-0.01042449184487133,931637,港股通互联网,CNY,CN10Y
2021-08-26,1326.42,0.028848,54.79,-0.010596494250775686,931637,港股通互联网,CNY,CN10Y
2021-08-27,1317.47,0.028698,54.3,-0.01028179373848987,931637,港股通互联网,CNY,CN10Y
2021-08-30,1326.7,0.028505,54.34,-0.01010235001840265,931637,港股通互联网,CNY,CN10Y
2021-08-31,1375.64,0.02845,56.6,-0.010782155477031801,931637,港股通互联网,CNY,CN10Y
2021-09-01,1399.3,0.028226,57.5,-0.010834695652173914,931637,港股通互联网,CNY,CN10Y
2021-09-02,1419.75,0.028301,58.15,-0.011104095442820292,931637,港股通互联网,CNY,CN10Y
2021-09-03,1408.32,0.028327,57.13,-0.010823061613863122,931637,港股通互联网,CNY,CN10Y
2021-09-06,1414.14,0.028354,58.42,-0.011236574460801098,931637,港股通互联网,CNY,CN10Y
2021-09-07,1434.21,0.0286039999999999,59.75,-0.011867598326359734,931637,港股通互联网,CNY,CN10Y
2021-09-08,1437.63,0.0287049999999999,60.49,-0.012173341874689932,931637,港股通互联网,CNY,CN10Y
2021-09-09,1368.32,0.02873,56.22,-0.010942735681252223,931637,港股通互联网,CNY,CN10Y
2021-09-10,1402.38,0.028656,57.51,-0.01126771970092158,931637,港股通互联网,CNY,CN10Y
2021-09-13,1359.03,0.028908,55.89,-0.011015711576310611,931637,港股通互联网,CNY,CN10Y
2021-09-14,1342.22,0.028858,55.18,-0.010735491844871332,931637,港股通互联网,CNY,CN10Y
2021-09-15,1296.65,0.029009,53.06,-0.010162411232566906,931637,港股通互联网,CNY,CN10Y
2021-09-16,1280.59,0.028885,52.65,-0.009891647673314342,931637,港股通互联网,CNY,CN10Y
2021-09-17,1326.81,0.0287849999999999,54.05,-0.010283612395929596,931637,港股通互联网,CNY,CN10Y
2021-09-18,,0.028717,54.05,-0.010215612395929694,931637,港股通互联网,CNY,CN10Y
2021-09-20,1296.24,0.028717,53.15,-0.009902324553151456,931637,港股通互联网,CNY,CN10Y
2021-09-21,1294.05,0.028717,52.72,-0.009748866464339909,931637,港股通互联网,CNY,CN10Y
2021-09-22,,0.028639,52.72,-0.00967086646433991,931637,港股通互联网,CNY,CN10Y
2021-09-23,1313.62,0.028565,54.18,-0.010108004798818751,931637,港股通互联网,CNY,CN10Y
2021-09-24,1288.16,0.028719,53.94,-0.010179882461994808,931637,港股通互联网,CNY,CN10Y
2021-09-26,,0.028797,53.94,-0.010257882461994806,931637,港股通互联网,CNY,CN10Y
2021-09-27,1280.45,0.028825,54.38,-0.010435886355277677,931637,港股通互联网,CNY,CN10Y
2021-09-28,1299.94,0.028769,54.98,-0.010580567842851944,931637,港股通互联网,CNY,CN10Y
2021-09-29,1292.46,0.0286459999999999,54.63,-0.010341039355665285,931637,港股通互联网,CNY,CN10Y
2021-09-30,1284.72,0.028776,54.01,-0.010260910201814476,931637,港股通互联网,CNY,CN10Y
2021-10-04,1257.5,0.028776,52.92,-0.00987955253212396,931637,港股通互联网,CNY,CN10Y
2021-10-05,1240.08,0.028776,52.22,-0.009626248946763692,931637,港股通互联网,CNY,CN10Y
2021-10-06,1220.11,0.028776,51.6,-0.00939615503875969,931637,港股通互联网,CNY,CN10Y
2021-10-07,1288.46,0.028776,54.8,-0.010527824817518246,931637,港股通互联网,CNY,CN10Y
2021-10-08,1298.73,0.029131,55.85,-0.011225897045658014,931637,港股通互联网,CNY,CN10Y
2021-10-09,,0.029186,55.85,-0.011280897045658014,931637,港股通互联网,CNY,CN10Y
2021-10-11,1349.73,0.02958,58.04,-0.012350503101309439,931637,港股通互联网,CNY,CN10Y
2021-10-12,1309.59,0.029657,56.67,-0.01201097917769543,931637,港股通互联网,CNY,CN10Y
2021-10-13,1309.59,0.029578,56.59,-0.01190703339812688,931637,港股通互联网,CNY,CN10Y
2021-10-14,,0.029581,56.59,-0.011910033398126879,931637,港股通互联网,CNY,CN10Y
2021-10-15,1335.13,0.029683,58.01,-0.012444592828822616,931637,港股通互联网,CNY,CN10Y
2021-10-18,1332.78,0.030426,58.21,-0.013246821164748328,931637,港股通互联网,CNY,CN10Y
2021-10-19,1370.29,0.030102,58.58,-0.013031327415500171,931637,港股通互联网,CNY,CN10Y
2021-10-20,1409.3,0.0299779999999999,59.8,-0.013255591973244048,931637,港股通互联网,CNY,CN10Y
2021-10-21,1399.15,0.029702,59.22,-0.012815812901046941,931637,港股通互联网,CNY,CN10Y
2021-10-22,1417.9,0.0299529999999999,59.52,-0.013151924731182697,931637,港股通互联网,CNY,CN10Y
2021-10-25,1409.6,0.029879,58.95,-0.012915471586089907,931637,港股通互联网,CNY,CN10Y
2021-10-26,1386.86,0.02978,58.47,-0.012677212245596033,931637,港股通互联网,CNY,CN10Y
2021-10-27,1334.86,0.029781,56.46,-0.012069345731491321,931637,港股通互联网,CNY,CN10Y
2021-10-28,1330.86,0.029682,56.82,-0.012082563181978177,931637,港股通互联网,CNY,CN10Y
2021-10-29,1308.95,0.0297319999999999,55.99,-0.01187166779782094,931637,港股通互联网,CNY,CN10Y
2021-11-01,1284.41,0.029435,55.06,-0.011272994914638575,931637,港股通互联网,CNY,CN10Y
2021-11-02,1280.78,0.029259,54.69,-0.010974121594441395,931637,港股通互联网,CNY,CN10Y
2021-11-03,1269.09,0.0293849999999999,55.18,-0.011262491844871231,931637,港股通互联网,CNY,CN10Y
2021-11-04,1287.56,0.029261,56.52,-0.011568147912243452,931637,港股通互联网,CNY,CN10Y
2021-11-05,1263.49,0.028911,55.03,-0.010739093767036162,931637,港股通互联网,CNY,CN10Y
2021-11-08,1253.0,0.029013,54.41,-0.010634025546774489,931637,港股通互联网,CNY,CN10Y
2021-11-09,1262.05,0.028988,54.4,-0.010605647058823529,931637,港股通互联网,CNY,CN10Y
2021-11-10,1290.9,0.0291389999999999,56.24,-0.011358061166429491,931637,港股通互联网,CNY,CN10Y
2021-11-11,1311.94,0.029365,56.22,-0.011577735681252223,931637,港股通互联网,CNY,CN10Y
2021-11-12,1331.39,0.0293909999999999,57.06,-0.011865588152821491,931637,港股通互联网,CNY,CN10Y
2021-11-15,1338.97,0.029269,57.53,-0.011886764644533289,931637,港股通互联网,CNY,CN10Y
2021-11-16,1371.35,0.029244,58.9,-0.012266071307300508,931637,港股通互联网,CNY,CN10Y
2021-11-17,1369.11,0.029295,59.2,-0.012403108108108112,931637,港股通互联网,CNY,CN10Y
2021-11-18,1328.62,0.029146,57.68,-0.011808968099861303,931637,港股通互联网,CNY,CN10Y
2021-11-19,1317.96,0.029302,57.46,-0.011898588931430563,931637,港股通互联网,CNY,CN10Y
2021-11-22,1294.58,0.028876,56.92,-0.011307482782853127,931637,港股通互联网,CNY,CN10Y
2021-11-23,1272.44,0.028875,55.52,-0.010863472622478387,931637,港股通互联网,CNY,CN10Y
2021-11-24,1261.63,0.0286,54.94,-0.010398325445941027,931637,港股通互联网,CNY,CN10Y
2021-11-25,1273.23,0.02855,55.44,-0.01051248196248196,931637,港股通互联网,CNY,CN10Y
2021-11-26,1230.4,0.0282,53.74,-0.009591886862672126,931637,港股通互联网,CNY,CN10Y
2021-11-29,1205.16,0.02825,52.7,-0.009274667931688806,931637,港股通互联网,CNY,CN10Y
2021-11-30,1192.87,0.02825,52.04,-0.009034012298232131,931637,港股通互联网,CNY,CN10Y
2021-12-01,1197.39,0.028401,53.1,-0.009568608286252354,931637,港股通互联网,CNY,CN10Y
2021-12-02,1187.85,0.028601,53.62,-0.009951242446848193,931637,港股通互联网,CNY,CN10Y
2021-12-03,1174.27,0.0287009999999999,52.46,-0.009638857415173365,931637,港股通互联网,CNY,CN10Y
2021-12-06,1135.8,0.028176,50.7,-0.008452134122287968,931637,港股通互联网,CNY,CN10Y
2021-12-07,1190.42,0.028451,52.66,-0.009461254462590201,931637,港股通互联网,CNY,CN10Y
2021-12-08,1196.62,0.028551,52.81,-0.009615192387805341,931637,港股通互联网,CNY,CN10Y
2021-12-09,1222.67,0.028526,53.3,-0.009764273921200748,931637,港股通互联网,CNY,CN10Y
2021-12-10,1204.86,0.028426,52.55,-0.009396504281636537,931637,港股通互联网,CNY,CN10Y
2021-12-13,1208.72,0.028552,53.85,-0.009981897864438257,931637,港股通互联网,CNY,CN10Y
2021-12-14,1176.56,0.028477,53.01,-0.009612634785889453,931637,港股通互联网,CNY,CN10Y
2021-12-15,1158.9,0.028502,52.38,-0.009410743795341733,931637,港股通互联网,CNY,CN10Y
2021-12-16,1169.82,0.0285769999999999,52.03,-0.009357319046703727,931637,港股通互联网,CNY,CN10Y
2021-12-17,1135.13,0.028512,50.32,-0.00863918600953895,931637,港股通互联网,CNY,CN10Y
2021-12-20,1097.57,0.028533,49.22,-0.008216055668427466,931637,港股通互联网,CNY,CN10Y
2021-12-21,1128.61,0.028508,30.88,0.0038754196891191764,931637,港股通互联网,CNY,CN10Y
2021-12-22,1138.33,0.028303,31.06,0.003892750160978755,931637,港股通互联网,CNY,CN10Y
2021-12-23,1129.81,0.0281429999999999,31.8,0.003303540880503244,931637,港股通互联网,CNY,CN10Y
2021-12-24,1122.87,0.028203,31.68,0.003362656565656569,931637,港股通互联网,CNY,CN10Y
2021-12-27,,0.028128,31.68,0.0034376565656565675,931637,港股通互联网,CNY,CN10Y
2021-12-28,1112.05,0.0280039999999999,31.17,0.004078130253448924,931637,港股通互联网,CNY,CN10Y
2021-12-29,1081.59,0.027854,30.68,0.00474052411994785,931637,港股通互联网,CNY,CN10Y
2021-12-30,1084.31,0.027654,30.68,0.0049405241199478485,931637,港股通互联网,CNY,CN10Y
2021-12-31,1119.64,0.0277539999999999,31.61,0.00388155836760529,931637,港股通互联网,CNY,CN10Y
2022-01-03,1113.15,0.0277539999999999,31.27,0.0042255330988168575,931637,港股通互联网,CNY,CN10Y
2022-01-04,1099.93,0.0278549999999999,31.06,0.004340750160978853,931637,港股通互联网,CNY,CN10Y
2022-01-05,1041.41,0.028045,29.29,0.0060963451689996576,931637,港股通互联网,CNY,CN10Y
2022-01-06,1050.37,0.028205,29.81,0.0053407900033545785,931637,港股通互联网,CNY,CN10Y
2022-01-07,1069.06,0.0281809999999999,30.18,0.0049535261762757785,931637,港股通互联网,CNY,CN10Y
2022-01-10,1110.99,0.028056,30.83,0.004379939020434643,931637,港股通互联网,CNY,CN10Y
2022-01-11,1108.02,0.027957,31.11,0.004187005143040826,931637,港股通互联网,CNY,CN10Y
2022-01-12,1159.09,0.027957,32.73,0.002596009471432941,931637,港股通互联网,CNY,CN10Y
2022-01-13,1141.07,0.027858,32.36,0.003044348578491965,931637,港股通互联网,CNY,CN10Y
2022-01-14,1140.56,0.0279349999999999,32.06,0.003256515907673209,931637,港股通互联网,CNY,CN10Y
2022-01-17,1133.4,0.02786,31.59,0.0037955872111427695,931637,港股通互联网,CNY,CN10Y
2022-01-18,1130.75,0.027415,30.97,0.00487431223764934,931637,港股通互联网,CNY,CN10Y
2022-01-19,1118.81,0.0273139999999999,31.03,0.004912877215597904,931637,港股通互联网,CNY,CN10Y
2022-01-20,1175.05,0.027271,32.55,0.003450966205837177,931637,港股通互联网,CNY,CN10Y
2022-01-21,1176.6,0.0271,32.7,0.0034810397553516788,931637,港股通互联网,CNY,CN10Y
2022-01-24,1153.38,0.026751,32.16,0.004343527363184083,931637,港股通互联网,CNY,CN10Y
2022-01-25,1117.28,0.026979,31.67,0.0045966236185664665,931637,港股通互联网,CNY,CN10Y
2022-01-26,1121.89,0.027146,31.92,0.004182320802005011,931637,港股通互联网,CNY,CN10Y
2022-01-27,1071.11,0.0273479999999999,30.99,0.004920473701194035,931637,港股通互联网,CNY,CN10Y
2022-01-28,1049.44,0.027021,30.75,0.005499325203252036,931637,港股通互联网,CNY,CN10Y
2022-01-29,,0.027013,30.75,0.005507325203252037,931637,港股通互联网,CNY,CN10Y
2022-01-30,,0.026997,30.75,0.005523325203252036,931637,港股通互联网,CNY,CN10Y
2022-01-31,1069.84,0.026997,31.64,0.004608562579013903,931637,港股通互联网,CNY,CN10Y
2022-02-04,1099.06,0.026997,32.28,0.0039819343246592295,931637,港股通互联网,CNY,CN10Y
2022-02-07,1095.86,0.027256,32.14,0.003857876789047917,931637,港股通互联网,CNY,CN10Y
2022-02-08,1080.46,0.027227,31.6,0.0044185696202531585,931637,港股通互联网,CNY,CN10Y
2022-02-09,1114.47,0.027328,32.52,0.0034223075030750255,931637,港股通互联网,CNY,CN10Y
2022-02-10,1119.03,0.027328,32.72,0.003234347188264059,931637,港股通互联网,CNY,CN10Y
2022-02-11,1105.22,0.027891,32.17,0.0031938616723655583,931637,港股通互联网,CNY,CN10Y
2022-02-14,1084.78,0.028018,31.64,0.003587562579013902,931637,港股通互联网,CNY,CN10Y
2022-02-15,1080.88,0.027968,31.33,0.003950289179699973,931637,港股通互联网,CNY,CN10Y
2022-02-16,1102.29,0.027892,31.77,0.00358423544224111,931637,港股通互联网,CNY,CN10Y
2022-02-17,1114.98,0.027799,31.92,0.00352932080200501,931637,港股通互联网,CNY,CN10Y
2022-02-18,1070.49,0.027975,30.45,0.004865722495894911,931637,港股通互联网,CNY,CN10Y
2022-02-21,1033.36,0.0283,29.09,0.0060760742523203876,931637,港股通互联网,CNY,CN10Y
2022-02-22,1010.93,0.0282,28.7,0.006643205574912891,931637,港股通互联网,CNY,CN10Y
2022-02-23,1021.52,0.0279,28.82,0.0067981263011797355,931637,港股通互联网,CNY,CN10Y
2022-02-24,974.2,0.027875,27.66,0.008278289949385394,931637,港股通互联网,CNY,CN10Y
2022-02-25,981.47,0.02775,27.46,0.008666605972323379,931637,港股通互联网,CNY,CN10Y
2022-02-28,978.15,0.02775,27.33,0.008839828027808274,931637,港股通互联网,CNY,CN10Y
2022-03-01,990.08,0.028025,27.84,0.007894540229885054,931637,港股通互联网,CNY,CN10Y
2022-03-02,966.11,0.028175,27.53,0.00814901017072285,931637,港股通互联网,CNY,CN10Y
2022-03-03,949.23,0.0283,27.26,0.008383785766691125,931637,港股通互联网,CNY,CN10Y
2022-03-04,913.18,0.028125,26.15,0.010115917782026768,931637,港股通互联网,CNY,CN10Y
2022-03-07,868.04,0.028126,24.82,0.012164088638195004,931637,港股通互联网,CNY,CN10Y
2022-03-08,841.09,0.028276,24.42,0.01267404095004095,931637,港股通互联网,CNY,CN10Y
2022-03-09,837.32,0.028426,24.62,0.012191384240454912,931637,港股通互联网,CNY,CN10Y
2022-03-10,840.94,0.028502,24.56,0.012214612377850168,931637,港股通互联网,CNY,CN10Y
2022-03-11,808.4,0.027902,23.48,0.014687437819420782,931637,港股通互联网,CNY,CN10Y
2022-03-14,714.52,0.027677,21.08,0.01976133017077799,931637,港股通互联网,CNY,CN10Y
2022-03-15,651.6,0.0281769999999999,19.19,0.02393347420531536,931637,港股通互联网,CNY,CN10Y
2022-03-16,804.64,0.0279519999999999,23.68,0.014277729729729828,931637,港股通互联网,CNY,CN10Y
2022-03-17,872.12,0.0278759999999999,25.43,0.011447633503735843,931637,港股通互联网,CNY,CN10Y
2022-03-18,855.59,0.027927,24.89,0.012249777822418643,931637,港股通互联网,CNY,CN10Y
2022-03-21,835.7,0.028127,24.19,0.013212396444811904,931637,港股通互联网,CNY,CN10Y
2022-03-22,874.0,0.028302,25.32,0.011192470774091627,931637,港股通互联网,CNY,CN10Y
2022-03-23,897.6,0.028302,25.61,0.01074524716907458,931637,港股通互联网,CNY,CN10Y
2022-03-24,871.07,0.028052,24.21,0.013253245766212306,931637,港股通互联网,CNY,CN10Y
2022-03-25,826.02,0.027972,23.32,0.014909646655231559,931637,港股通互联网,CNY,CN10Y
2022-03-28,851.13,0.0279029999999999,24.29,0.013266205434335217,931637,港股通互联网,CNY,CN10Y
2022-03-29,881.56,0.027853,25.04,0.012083102236421724,931637,港股通互联网,CNY,CN10Y
2022-03-30,883.46,0.027703,25.18,0.012011058776806992,931637,港股通互联网,CNY,CN10Y
2022-03-31,868.67,0.027878,24.65,0.012689951318458417,931637,港股通互联网,CNY,CN10Y
2022-04-01,864.0,0.027743,24.87,0.012466087253719341,931637,港股通互联网,CNY,CN10Y
2022-04-02,,0.027714,24.87,0.012495087253719343,931637,港股通互联网,CNY,CN10Y
2022-04-04,914.0,0.027714,25.83,0.011000672861014329,931637,港股通互联网,CNY,CN10Y
2022-04-06,885.84,0.027604,25.14,0.012173247414478918,931637,港股通互联网,CNY,CN10Y
2022-04-07,860.48,0.0273939999999999,24.72,0.013059074433657062,931637,港股通互联网,CNY,CN10Y
2022-04-08,849.19,0.0275289999999999,24.38,0.013488227235438986,931637,港股通互联网,CNY,CN10Y
2022-04-11,804.19,0.0276799999999999,23.25,0.015330752688172147,931637,港股通互联网,CNY,CN10Y
2022-04-12,814.29,0.027705,24.06,0.013857759767248547,931637,港股通互联网,CNY,CN10Y
2022-04-13,821.84,0.027631,24.37,0.01340305826836274,931637,港股通互联网,CNY,CN10Y
2022-04-14,834.12,0.027656,24.49,0.013176993058391186,931637,港股通互联网,CNY,CN10Y
2022-04-15,,0.027578,24.49,0.013254993058391187,931637,港股通互联网,CNY,CN10Y
2022-04-18,,0.028107,24.49,0.012725993058391186,931637,港股通互联网,CNY,CN10Y
2022-04-19,800.04,0.028208,23.65,0.014075298097251585,931637,港股通互联网,CNY,CN10Y
2022-04-20,795.17,0.02833,23.67,0.013917570764681024,931637,港股通互联网,CNY,CN10Y
2022-04-21,761.91,0.028259,22.82,0.015562209465381248,931637,港股通互联网,CNY,CN10Y
2022-04-22,764.8,0.028409,22.69,0.015663278536800346,931637,港股通互联网,CNY,CN10Y
2022-04-24,,0.028335,22.69,0.015737278536800348,931637,港股通互联网,CNY,CN10Y
2022-04-25,727.12,0.0281599999999999,22.1,0.01708886877828064,931637,港股通互联网,CNY,CN10Y
2022-04-26,743.5,0.02826,22.72,0.015754084507042257,931637,港股通互联网,CNY,CN10Y
2022-04-27,756.43,0.028411,22.81,0.01542942086804034,931637,港股通互联网,CNY,CN10Y
2022-04-28,769.07,0.0284859999999999,23.31,0.014414042900043,931637,港股通互联网,CNY,CN10Y
2022-04-29,842.07,0.028386,25.91,0.010209137012736395,931637,港股通互联网,CNY,CN10Y
2022-05-03,836.77,0.028386,26.04,0.010016457757296468,931637,港股通互联网,CNY,CN10Y
2022-05-04,806.59,0.028386,25.18,0.011328058776806989,931637,港股通互联网,CNY,CN10Y
2022-05-05,804.19,0.0282819999999999,25.17,0.011447837107667957,931637,港股通互联网,CNY,CN10Y
2022-05-06,767.43,0.028273,24.19,0.013066396444811904,931637,港股通互联网,CNY,CN10Y
2022-05-07,,0.0282629999999999,24.19,0.013076396444812004,931637,港股通互联网,CNY,CN10Y
2022-05-09,,0.028154,24.19,0.013185396444811905,931637,港股通互联网,CNY,CN10Y
2022-05-10,744.72,0.028089,23.73,0.014051750105351878,931637,港股通互联网,CNY,CN10Y
2022-05-11,771.95,0.0282399999999999,24.55,0.012493197556008247,931637,港股通互联网,CNY,CN10Y
2022-05-12,751.66,0.028055,24.21,0.013250245766212306,931637,港股通互联网,CNY,CN10Y
2022-05-13,791.09,0.02814,25.18,0.011574058776806992,931637,港股通互联网,CNY,CN10Y
2022-05-16,791.78,0.028216,24.93,0.011896314480545529,931637,港股通互联网,CNY,CN10Y
2022-05-17,832.82,0.028178,26.09,0.010150861632809503,931637,港股通互联网,CNY,CN10Y
2022-05-18,829.13,0.027801,25.9,0.01080903861003861,931637,港股通互联网,CNY,CN10Y
2022-05-19,798.43,0.027774,24.49,0.013058993058391186,931637,港股通互联网,CNY,CN10Y
2022-05-20,829.71,0.0279,25.04,0.012036102236421722,931637,港股通互联网,CNY,CN10Y
2022-05-23,809.41,0.027675,24.48,0.013174673202614378,931637,港股通互联网,CNY,CN10Y
2022-05-24,781.71,0.02765,23.75,0.014455263157894735,931637,港股通互联网,CNY,CN10Y
2022-05-25,780.21,0.027575,23.56,0.014869821731748733,931637,港股通互联网,CNY,CN10Y
2022-05-26,779.56,0.0271,23.77,0.014969835927639882,931637,港股通互联网,CNY,CN10Y
2022-05-27,797.79,0.026974,24.3,0.014178263374485595,931637,港股通互联网,CNY,CN10Y
2022-05-30,829.49,0.027225,24.92,0.01290341091492777,931637,港股通互联网,CNY,CN10Y
2022-05-31,859.78,0.027426,25.92,0.011154246913580246,931637,港股通互联网,CNY,CN10Y
2022-06-01,856.13,0.027551,25.82,0.011178666924864446,931637,港股通互联网,CNY,CN10Y
2022-06-02,849.07,0.027601,25.58,0.01149204143862393,931637,港股通互联网,CNY,CN10Y
2022-06-06,887.64,0.027776,26.5,0.009959849056603774,931637,港股通互联网,CNY,CN10Y
2022-06-07,892.07,0.027576,26.6,0.010017984962406013,931637,港股通互联网,CNY,CN10Y
2022-06-08,936.45,0.0276609999999999,28.21,0.007787422545196834,931637,港股通互联网,CNY,CN10Y
2022-06-09,922.42,0.027576,28.15,0.007947978685612794,931637,港股通互联网,CNY,CN10Y
2022-06-10,939.79,0.027526,28.28,0.007834678925035362,931637,港股通互联网,CNY,CN10Y
2022-06-13,899.25,0.027652,26.94,0.009467524870081661,931637,港股通互联网,CNY,CN10Y
2022-06-14,902.05,0.027702,27.06,0.009252915003695492,931637,港股通互联网,CNY,CN10Y
2022-06-15,920.49,0.027827,17.3,0.029976468208092483,931637,港股通互联网,CNY,CN10Y
2022-06-16,891.89,0.027728,16.77,0.03190229218843173,931637,港股通互联网,CNY,CN10Y
2022-06-17,909.74,0.027752,16.84,0.03163042280285036,931637,港股通互联网,CNY,CN10Y
2022-06-20,916.55,0.027853,16.87,0.031423822762299936,931637,港股通互联网,CNY,CN10Y
2022-06-21,944.19,0.027853,17.35,0.029783887608069163,931637,港股通互联网,CNY,CN10Y
2022-06-22,900.22,0.027773,16.9,0.0313985976331361,931637,港股通互联网,CNY,CN10Y
2022-06-23,914.98,0.027803,17.1,0.030676532163742685,931637,港股通互联网,CNY,CN10Y
2022-06-24,948.32,0.027978,17.5,0.02916485714285714,931637,港股通互联网,CNY,CN10Y
2022-06-27,989.69,0.028329,17.45,0.02897759025787966,931637,港股通互联网,CNY,CN10Y
2022-06-28,992.82,0.028414,17.03,0.03030590604815032,931637,港股通互联网,CNY,CN10Y
2022-06-29,969.21,0.028294,16.97,0.03063351915144373,931637,港股通互联网,CNY,CN10Y
2022-06-30,950.98,0.028205,16.5,0.03240106060606061,931637,港股通互联网,CNY,CN10Y
2022-07-01,,0.028255,16.5,0.032351060606060605,931637,港股通互联网,CNY,CN10Y
2022-07-04,956.46,0.028445,16.23,0.03316929451632779,931637,港股通互联网,CNY,CN10Y
2022-07-05,950.85,0.028333,16.23,0.03328129451632779,931637,港股通互联网,CNY,CN10Y
2022-07-06,937.0,0.028356,16.16,0.03352518811881188,931637,港股通互联网,CNY,CN10Y
2022-07-07,935.68,0.028356,16.35,0.032806079510703356,931637,港股通互联网,CNY,CN10Y
2022-07-08,934.57,0.028384,16.38,0.032666061050061056,931637,港股通互联网,CNY,CN10Y
2022-07-11,898.02,0.028266,15.9,0.03462708176100629,931637,港股通互联网,CNY,CN10Y
2022-07-12,879.16,0.028117,15.73,0.035455790845518115,931637,港股通互联网,CNY,CN10Y
2022-07-13,884.25,0.028067,15.62,0.03595348655569782,931637,港股通互联网,CNY,CN10Y
2022-07-14,887.36,0.027907,15.64,0.036031618925831205,931637,港股通互联网,CNY,CN10Y
2022-07-15,859.09,0.027857,15.23,0.03780288181221273,931637,港股通互联网,CNY,CN10Y
2022-07-18,887.59,0.027837,15.57,0.03638907578676942,931637,港股通互联网,CNY,CN10Y
2022-07-19,880.41,0.027859,15.57,0.036367075786769426,931637,港股通互联网,CNY,CN10Y
2022-07-20,894.76,0.02771,15.83,0.03546119393556538,931637,港股通互联网,CNY,CN10Y
2022-07-21,887.43,0.027635,15.67,0.036181209317166556,931637,港股通互联网,CNY,CN10Y
2022-07-22,890.29,0.02787,15.58,0.036314852374839536,931637,港股通互联网,CNY,CN10Y
2022-07-25,879.11,0.02779,15.31,0.037526786414108435,931637,港股通互联网,CNY,CN10Y
2022-07-26,886.79,0.0277,15.45,0.03702491909385114,931637,港股通互联网,CNY,CN10Y
2022-07-27,875.22,0.0277009999999999,15.04,0.03878836170212776,931637,港股通互联网,CNY,CN10Y
2022-07-28,881.0,0.02785,15.08,0.03846299734748011,931637,港股通互联网,CNY,CN10Y
2022-07-29,833.23,0.0275599999999999,14.39,0.041932703266157154,931637,港股通互联网,CNY,CN10Y
2022-08-01,829.42,0.027292,14.11,0.04357972218284904,931637,港股通互联网,CNY,CN10Y
2022-08-02,807.37,0.0273139999999999,13.87,0.04478405335255959,931637,港股通互联网,CNY,CN10Y
2022-08-03,815.03,0.027218,14.17,0.04335363020465773,931637,港股通互联网,CNY,CN10Y
2022-08-04,841.49,0.0271919999999999,14.62,0.04120745280437767,931637,港股通互联网,CNY,CN10Y
2022-08-05,844.64,0.027339,14.46,0.04181729322268325,931637,港股通互联网,CNY,CN10Y
2022-08-08,828.88,0.027409,14.11,0.04346272218284904,931637,港股通互联网,CNY,CN10Y
2022-08-09,825.16,0.0274,14.05,0.04377437722419928,931637,港股通互联网,CNY,CN10Y
2022-08-10,802.86,0.027366,13.91,0.04452472609633357,931637,港股通互联网,CNY,CN10Y
2022-08-11,827.38,0.027317,14.27,0.0427600847932726,931637,港股通互联网,CNY,CN10Y
2022-08-12,833.57,0.027347,14.32,0.04248540223463687,931637,港股通互联网,CNY,CN10Y
2022-08-15,833.55,0.0265819999999999,14.24,0.0436427191011237,931637,港股通互联网,CNY,CN10Y
2022-08-16,807.11,0.0263459999999999,14.32,0.04348640223463697,931637,港股通互联网,CNY,CN10Y
2022-08-17,807.31,0.026124,14.3,0.04380606993006992,931637,港股通互联网,CNY,CN10Y
2022-08-18,803.13,0.0258,14.66,0.04241282401091405,931637,港股通互联网,CNY,CN10Y
2022-08-19,809.88,0.025875,14.83,0.04155588334457182,931637,港股通互联网,CNY,CN10Y
2022-08-22,802.64,0.0259249999999999,14.66,0.04228782401091415,931637,港股通互联网,CNY,CN10Y
2022-08-23,800.47,0.026075,14.78,0.041583998646820025,931637,港股通互联网,CNY,CN10Y
2022-08-24,773.19,0.0260999999999999,14.64,0.04220601092896184,931637,港股通互联网,CNY,CN10Y
2022-08-25,812.11,0.0263899999999999,15.29,0.03901222367560507,931637,港股通互联网,CNY,CN10Y
2022-08-26,814.92,0.02643,15.31,0.038886786414108435,931637,港股通互联网,CNY,CN10Y
2022-08-29,810.04,0.026225,15.33,0.03900657208088715,931637,港股通互联网,CNY,CN10Y
2022-08-30,800.55,0.02613,15.33,0.039101572080887145,931637,港股通互联网,CNY,CN10Y
2022-08-31,816.13,0.026225,15.47,0.03841624111182934,931637,港股通互联网,CNY,CN10Y
2022-09-01,796.68,0.026125,15.36,0.038979166666666676,931637,港股通互联网,CNY,CN10Y
2022-09-02,789.94,0.026226,15.49,0.0383317792123951,931637,港股通互联网,CNY,CN10Y
2022-09-05,777.43,0.02618,15.15,0.039826600660066006,931637,港股通互联网,CNY,CN10Y
2022-09-06,775.21,0.02614,14.97,0.0406602672010688,931637,港股通互联网,CNY,CN10Y
2022-09-07,761.17,0.026215,14.88,0.04098930107526881,931637,港股通互联网,CNY,CN10Y
2022-09-08,751.09,0.0262559999999999,14.44,0.04299607756232697,931637,港股通互联网,CNY,CN10Y
2022-09-09,773.92,0.02635,14.61,0.04209626967830253,931637,港股通互联网,CNY,CN10Y
2022-09-13,770.98,0.026427,14.54,0.04234879092159561,931637,港股通互联网,CNY,CN10Y
2022-09-14,749.76,0.026625,14.34,0.0431100069735007,931637,港股通互联网,CNY,CN10Y
2022-09-15,752.08,0.026625,14.38,0.04291602920723227,931637,港股通互联网,CNY,CN10Y
2022-09-16,731.79,0.02673,14.17,0.04384163020465773,931637,港股通互联网,CNY,CN10Y
2022-09-19,716.34,0.02675,13.94,0.044986011477761836,931637,港股通互联网,CNY,CN10Y
2022-09-20,725.03,0.02664,14.11,0.04423172218284904,931637,港股通互联网,CNY,CN10Y
2022-09-21,705.92,0.026451,13.84,0.04580333526011561,931637,港股通互联网,CNY,CN10Y
2022-09-22,696.39,0.026501,13.76,0.04617341860465117,931637,港股通互联网,CNY,CN10Y
2022-09-23,679.28,0.026802,13.42,0.04771364828614009,931637,港股通互联网,CNY,CN10Y
2022-09-26,692.25,0.0271539999999999,13.86,0.04499607215007226,931637,港股通互联网,CNY,CN10Y
2022-09-27,699.76,0.027051,13.8,0.04541276811594203,931637,港股通互联网,CNY,CN10Y
2022-09-28,673.46,0.027401,13.6,0.04612841176470589,931637,港股通互联网,CNY,CN10Y
2022-09-29,658.73,0.027501,13.29,0.047743544770504145,931637,港股通互联网,CNY,CN10Y
2022-09-30,649.94,0.027601,12.92,0.049798380804953565,931637,港股通互联网,CNY,CN10Y
2022-10-03,644.54,0.027601,12.82,0.050402120124804994,931637,港股通互联网,CNY,CN10Y
2022-10-05,690.26,0.027601,13.58,0.04603670250368189,931637,港股通互联网,CNY,CN10Y
2022-10-06,688.11,0.027601,13.52,0.04636349704142012,931637,港股通互联网,CNY,CN10Y
2022-10-07,662.29,0.027601,13.14,0.048502500761035,931637,港股通互联网,CNY,CN10Y
2022-10-08,,0.0276259999999999,13.14,0.0484775007610351,931637,港股通互联网,CNY,CN10Y
2022-10-09,,0.027452,13.14,0.048651500761035,931637,港股通互联网,CNY,CN10Y
2022-10-10,639.42,0.027402,12.87,0.050298077700077715,931637,港股通互联网,CNY,CN10Y
2022-10-11,619.91,0.027426,12.51,0.05251005115907275,931637,港股通互联网,CNY,CN10Y
2022-10-12,614.66,0.0273519999999999,12.43,0.05309852292839913,931637,港股通互联网,CNY,CN10Y
2022-10-13,595.36,0.027252,12.11,0.055324383154417844,931637,港股通互联网,CNY,CN10Y
2022-10-14,609.67,0.026977,12.27,0.05452259250203749,931637,港股通互联网,CNY,CN10Y
2022-10-17,612.64,0.027002,12.23,0.054764148814390845,931637,港股通互联网,CNY,CN10Y
2022-10-18,642.43,0.027002,12.61,0.05230014115781127,931637,港股通互联网,CNY,CN10Y
2022-10-19,617.11,0.027052,12.17,0.05511726869350863,931637,港股通互联网,CNY,CN10Y
2022-10-20,606.54,0.0271749999999999,11.71,0.05822209649871914,931637,港股通互联网,CNY,CN10Y
2022-10-21,604.94,0.0272779999999999,11.77,0.05768376720475796,931637,港股通互联网,CNY,CN10Y
2022-10-24,542.3,0.027153,10.5,0.06808509523809524,931637,港股通互联网,CNY,CN10Y
2022-10-25,559.05,0.0272779999999999,10.64,0.06670696240601513,931637,港股通互联网,CNY,CN10Y
2022-10-26,584.57,0.027025,10.77,0.06582551067780873,931637,港股通互联网,CNY,CN10Y
2022-10-27,587.24,0.026953,10.91,0.0647060284142988,931637,港股通互联网,CNY,CN10Y
2022-10-28,553.64,0.0266529999999999,10.31,0.07034021047526683,931637,港股通互联网,CNY,CN10Y
2022-10-31,560.07,0.0264329999999999,10.59,0.06799570632672343,931637,港股通互联网,CNY,CN10Y
2022-11-01,609.52,0.026629,11.58,0.05972678583765112,931637,港股通互联网,CNY,CN10Y
2022-11-02,632.3,0.026854,11.8,0.0578917627118644,931637,港股通互联网,CNY,CN10Y
2022-11-03,616.73,0.026776,11.41,0.06086641893076249,931637,港股通互联网,CNY,CN10Y
2022-11-04,656.77,0.027023,12.16,0.055213842105263165,931637,港股通互联网,CNY,CN10Y
2022-11-07,685.43,0.027003,12.51,0.05293305115907275,931637,港股通互联网,CNY,CN10Y
2022-11-08,676.22,0.026853,12.52,0.053019204472843445,931637,港股通互联网,CNY,CN10Y
2022-11-09,663.0,0.026953,12.09,0.05575998593879239,931637,港股通互联网,CNY,CN10Y
2022-11-10,640.07,0.027028,11.8,0.05771776271186441,931637,港股通互联网,CNY,CN10Y
2022-11-11,704.36,0.027354,12.87,0.05034607770007771,931637,港股通互联网,CNY,CN10Y
2022-11-14,721.2,0.028354,12.85,0.04946701167315175,931637,港股通互联网,CNY,CN10Y
2022-11-15,770.14,0.028155,14.1,0.04276698581560284,931637,港股通互联网,CNY,CN10Y
2022-11-16,770.36,0.028329,14.41,0.04106725260235947,931637,港股通互联网,CNY,CN10Y
2022-11-17,751.31,0.028026,14.36,0.041611883008356554,931637,港股通互联网,CNY,CN10Y
2022-11-18,756.19,0.02825,14.18,0.04227186177715092,931637,港股通互联网,CNY,CN10Y
2022-11-21,734.6,0.02818,14.02,0.043146676176890164,931637,港股通互联网,CNY,CN10Y
2022-11-22,704.44,0.028276,13.72,0.04461029737609329,931637,港股通互联网,CNY,CN10Y
2022-11-23,706.67,0.027975,13.88,0.044071109510086456,931637,港股通互联网,CNY,CN10Y
2022-11-24,706.91,0.02795,13.8,0.04451376811594203,931637,港股通互联网,CNY,CN10Y
2022-11-25,691.78,0.0283,13.48,0.04588397626112759,931637,港股通互联网,CNY,CN10Y
2022-11-28,686.75,0.0286,13.39,0.04608259895444361,931637,港股通互联网,CNY,CN10Y
2022-11-29,735.74,0.0288,14.12,0.042021529745042495,931637,港股通互联网,CNY,CN10Y
2022-11-30,762.5,0.0288499999999999,14.24,0.0413747191011237,931637,港股通互联网,CNY,CN10Y
2022-12-01,774.21,0.0286,14.46,0.040556293222683254,931637,港股通互联网,CNY,CN10Y
2022-12-02,788.91,0.028676,14.45,0.040528152249134954,931637,港股通互联网,CNY,CN10Y
2022-12-05,865.95,0.028902,15.26,0.03662879947575361,931637,港股通互联网,CNY,CN10Y
2022-12-06,852.22,0.029152,15.18,0.03672415283267458,931637,港股通互联网,CNY,CN10Y
2022-12-07,820.46,0.028702,14.54,0.04007379092159561,931637,港股通互联网,CNY,CN10Y
2022-12-08,883.99,0.028853,15.36,0.03625116666666667,931637,港股通互联网,CNY,CN10Y
2022-12-09,898.39,0.0289029999999999,15.7,0.034791267515923666,931637,港股通互联网,CNY,CN10Y
2022-12-12,868.11,0.028902,15.37,0.03615980871828238,931637,港股通互联网,CNY,CN10Y
2022-12-13,878.59,0.028952,15.44,0.03581483937823835,931637,港股通互联网,CNY,CN10Y
2022-12-14,880.11,0.028655,15.64,0.035283618925831206,931637,港股通互联网,CNY,CN10Y
2022-12-15,853.79,0.0288289999999999,15.31,0.03648778641410853,931637,港股通互联网,CNY,CN10Y
2022-12-16,851.27,0.028856,15.28,0.03658902617801047,931637,港股通互联网,CNY,CN10Y
2022-12-19,848.04,0.028632,15.4,0.036303064935064924,931637,港股通互联网,CNY,CN10Y
2022-12-20,824.49,0.028732,14.88,0.03847230107526881,931637,港股通互联网,CNY,CN10Y
2022-12-21,831.07,0.028606,14.93,0.03837323643670463,931637,港股通互联网,CNY,CN10Y
2022-12-22,869.22,0.0285029999999999,15.58,0.03568185237483963,931637,港股通互联网,CNY,CN10Y
2022-12-23,855.43,0.028251,15.39,0.0367262579597141,931637,港股通互联网,CNY,CN10Y
2022-12-26,,0.028378,15.39,0.036599257959714096,931637,港股通互联网,CNY,CN10Y
2022-12-27,,0.028657,15.39,0.036320257959714095,931637,港股通互联网,CNY,CN10Y
2022-12-28,876.32,0.0285029999999999,15.7,0.03519126751592366,931637,港股通互联网,CNY,CN10Y
2022-12-29,862.83,0.028376,16.01,0.034084961898813236,931637,港股通互联网,CNY,CN10Y
2022-12-30,862.01,0.028353,14.57,0.04028117982155113,931637,港股通互联网,CNY,CN10Y
2022-12-31,,0.028353,14.57,0.04028117982155113,931637,港股通互联网,CNY,CN10Y
2023-01-03,884.71,0.028228,14.92,0.03879612868632708,931637,港股通互联网,CNY,CN10Y
2023-01-04,925.94,0.028103,15.55,0.036205681672025716,931637,港股通互联网,CNY,CN10Y
2023-01-05,925.74,0.028304,15.05,0.03814118272425249,931637,港股通互联网,CNY,CN10Y
2023-01-06,906.75,0.028328,15.04,0.03816136170212766,931637,港股通互联网,CNY,CN10Y
2023-01-09,937.8,0.028428,15.44,0.036338839378238355,931637,港股通互联网,CNY,CN10Y
2023-01-10,933.08,0.028602,15.44,0.03616483937823835,931637,港股通互联网,CNY,CN10Y
2023-01-11,923.44,0.028603,15.8,0.034688139240506316,931637,港股通互联网,CNY,CN10Y
2023-01-12,905.09,0.028778,15.4,0.03615706493506493,931637,港股通互联网,CNY,CN10Y
2023-01-13,924.49,0.0290099999999999,15.62,0.035010486555697926,931637,港股通互联网,CNY,CN10Y
2023-01-16,903.71,0.029167,15.56,0.03510035218508997,931637,港股通互联网,CNY,CN10Y
2023-01-17,902.07,0.029017,15.77,0.03439454090044389,931637,港股通互联网,CNY,CN10Y
2023-01-18,906.72,0.029222,16.0,0.033278,931637,港股通互联网,CNY,CN10Y
2023-01-19,894.94,0.0291449999999999,16.09,0.033005403977625955,931637,港股通互联网,CNY,CN10Y
2023-01-20,922.69,0.029331,16.45,0.031459273556231,931637,港股通互联网,CNY,CN10Y
2023-01-26,958.96,0.029331,17.19,0.028842356602675968,931637,港股通互联网,CNY,CN10Y
2023-01-27,976.14,0.029331,17.5,0.02781185714285714,931637,港股通互联网,CNY,CN10Y
2023-01-28,,0.029341,17.5,0.027801857142857142,931637,港股通互联网,CNY,CN10Y
2023-01-29,,0.029219,17.5,0.027923857142857143,931637,港股通互联网,CNY,CN10Y
2023-01-30,929.0,0.029133,16.29,0.03225435420503377,931637,港股通互联网,CNY,CN10Y
2023-01-31,925.98,0.028977,16.11,0.03309624643078833,931637,港股通互联网,CNY,CN10Y
2023-02-01,951.66,0.029101,16.26,0.03239961500615006,931637,港股通互联网,CNY,CN10Y
2023-02-02,946.0,0.02897,16.16,0.032911188118811885,931637,港股通互联网,CNY,CN10Y
2023-02-03,941.17,0.028943,16.26,0.03255761500615005,931637,港股通互联网,CNY,CN10Y
2023-02-06,905.65,0.029017,15.94,0.033718257214554584,931637,港股通互联网,CNY,CN10Y
2023-02-07,906.18,0.028964,16.08,0.033225054726368164,931637,港股通互联网,CNY,CN10Y
2023-02-08,880.98,0.028973,16.1,0.03313880124223602,931637,港股通互联网,CNY,CN10Y
2023-02-09,915.84,0.028912,16.72,0.030896612440191394,931637,港股通互联网,CNY,CN10Y
2023-02-10,879.41,0.029003,16.23,0.032611294516327785,931637,港股通互联网,CNY,CN10Y
2023-02-13,880.11,0.028943,16.42,0.03195833982947624,931637,港股通互联网,CNY,CN10Y
2023-02-14,866.85,0.028914,16.08,0.03327505472636817,931637,港股通互联网,CNY,CN10Y
2023-02-15,855.08,0.028918,16.08,0.03327105472636817,931637,港股通互联网,CNY,CN10Y
2023-02-16,868.69,0.028907,16.32,0.03236750980392157,931637,港股通互联网,CNY,CN10Y
2023-02-17,844.99,0.0289199999999999,15.98,0.03365822277847319,931637,港股通互联网,CNY,CN10Y
2023-02-20,854.6,0.0291699999999999,16.1,0.03294180124223611,931637,港股通互联网,CNY,CN10Y
2023-02-21,825.42,0.02919,15.52,0.035242989690721656,931637,港股通互联网,CNY,CN10Y
2023-02-22,813.66,0.029175,15.3,0.03618447712418301,931637,港股通互联网,CNY,CN10Y
2023-02-23,816.36,0.02922,15.3,0.036139477124183014,931637,港股通互联网,CNY,CN10Y
2023-02-24,801.34,0.029126,15.11,0.037055336863004634,931637,港股通互联网,CNY,CN10Y
2023-02-27,797.46,0.029117,15.15,0.036889600660065996,931637,港股通互联网,CNY,CN10Y
2023-02-28,787.92,0.029017,14.89,0.03814216722632639,931637,港股通互联网,CNY,CN10Y
2023-03-01,841.49,0.028977,15.84,0.03415431313131313,931637,港股通互联网,CNY,CN10Y
2023-03-02,835.8,0.0291109999999999,15.65,0.03478676357827486,931637,港股通互联网,CNY,CN10Y
2023-03-03,847.39,0.029026,15.82,0.03418512515802781,931637,港股通互联网,CNY,CN10Y
2023-03-06,835.85,0.028826,15.68,0.03494951020408163,931637,港股通互联网,CNY,CN10Y
2023-03-07,819.03,0.0287259999999999,15.46,0.03595705304010359,931637,港股通互联网,CNY,CN10Y
2023-03-08,795.63,0.028828,15.21,0.03691821959237344,931637,港股通互联网,CNY,CN10Y
2023-03-09,780.63,0.028752,14.83,0.03867888334457181,931637,港股通互联网,CNY,CN10Y
2023-03-10,759.16,0.028627,14.43,0.040673069300069295,931637,港股通互联网,CNY,CN10Y
2023-03-13,778.89,0.028703,14.83,0.03872788334457181,931637,港股通互联网,CNY,CN10Y
2023-03-14,758.25,0.028652,14.56,0.040029318681318676,931637,港股通互联网,CNY,CN10Y
2023-03-15,770.46,0.028652,14.72,0.03928278260869565,931637,港股通互联网,CNY,CN10Y
2023-03-16,764.11,0.028552,14.41,0.04084425260235947,931637,港股通互联网,CNY,CN10Y
2023-03-17,797.49,0.028602,14.56,0.04007931868131867,931637,港股通互联网,CNY,CN10Y
2023-03-20,770.28,0.028504,14.38,0.04103702920723226,931637,港股通互联网,CNY,CN10Y
2023-03-21,789.04,0.0286039999999999,14.72,0.03933078260869575,931637,港股通互联网,CNY,CN10Y
2023-03-22,797.9,0.0285769999999999,14.93,0.03840223643670473,931637,港股通互联网,CNY,CN10Y
2023-03-23,842.38,0.028652,15.95,0.03404392476489029,931637,港股通互联网,CNY,CN10Y
2023-03-24,853.56,0.028676,16.11,0.033397246430788334,931637,港股通互联网,CNY,CN10Y
2023-03-27,823.64,0.028551,15.6,0.03555156410256411,931637,港股通互联网,CNY,CN10Y
2023-03-28,829.32,0.0285559999999999,16.19,0.033210522544780824,931637,港股通互联网,CNY,CN10Y
2023-03-29,842.86,0.028532,16.45,0.03225827355623101,931637,港股通互联网,CNY,CN10Y
2023-03-30,837.35,0.028603,16.4,0.03237260975609757,931637,港股通互联网,CNY,CN10Y
2023-03-31,836.27,0.0285279999999999,16.4,0.032447609756097666,931637,港股通互联网,CNY,CN10Y
2023-04-03,846.8,0.0286039999999999,16.58,0.03170963088057912,931637,港股通互联网,CNY,CN10Y
2023-04-04,838.0,0.028584,16.41,0.032354452163315055,931637,港股通互联网,CNY,CN10Y
2023-04-06,837.25,0.028605,16.4,0.03237060975609757,931637,港股通互联网,CNY,CN10Y
2023-04-07,,0.028464,16.4,0.03251160975609757,931637,港股通互联网,CNY,CN10Y
2023-04-10,,0.0284549999999999,16.4,0.03252060975609766,931637,港股通互联网,CNY,CN10Y
2023-04-11,837.56,0.028203,16.13,0.03379328022318662,931637,港股通互联网,CNY,CN10Y
2023-04-12,816.72,0.028158,15.4,0.036777064935064926,931637,港股通互联网,CNY,CN10Y
2023-04-13,816.68,0.028277,15.59,0.035866681847338044,931637,港股通互联网,CNY,CN10Y
2023-04-14,815.27,0.028281,15.62,0.03573948655569782,931637,港股通互联网,CNY,CN10Y
2023-04-17,828.59,0.028432,15.92,0.03438207035175879,931637,港股通互联网,CNY,CN10Y
2023-04-18,818.32,0.028319,15.7,0.03537526751592357,931637,港股通互联网,CNY,CN10Y
2023-04-19,802.25,0.028333,15.39,0.0366442579597141,931637,港股通互联网,CNY,CN10Y
2023-04-20,800.67,0.028332,15.36,0.036772166666666675,931637,港股通互联网,CNY,CN10Y
2023-04-21,776.49,0.028258,15.02,0.03831989613848203,931637,港股通互联网,CNY,CN10Y
2023-04-23,,0.02822,15.02,0.038357896138482034,931637,港股通互联网,CNY,CN10Y
2023-04-24,776.26,0.028176,14.85,0.03916406734006734,931637,港股通互联网,CNY,CN10Y
2023-04-25,751.95,0.028157,14.58,0.04043010562414266,931637,港股通互联网,CNY,CN10Y
2023-04-26,766.44,0.028058,14.97,0.0387422672010688,931637,港股通互联网,CNY,CN10Y
2023-04-27,765.89,0.027852,14.85,0.03948806734006734,931637,港股通互联网,CNY,CN10Y
2023-04-28,770.62,0.027788,14.85,0.03955206734006734,931637,港股通互联网,CNY,CN10Y
2023-05-02,764.78,0.027788,14.86,0.03950675100942127,931637,港股通互联网,CNY,CN10Y
2023-05-03,751.75,0.027788,14.58,0.04079910562414266,931637,港股通互联网,CNY,CN10Y
2023-05-04,755.62,0.027613,14.55,0.04111552233676975,931637,港股通互联网,CNY,CN10Y
2023-05-05,769.78,0.027338,14.77,0.040366807041299926,931637,港股通互联网,CNY,CN10Y
2023-05-06,,0.027311,14.77,0.040393807041299926,931637,港股通互联网,CNY,CN10Y
2023-05-08,766.43,0.027484,14.73,0.040404662593346914,931637,港股通互联网,CNY,CN10Y
2023-05-09,744.23,0.027383,14.25,0.04279243859649122,931637,港股通互联网,CNY,CN10Y
2023-05-10,743.83,0.02721,14.32,0.04262240223463687,931637,港股通互联网,CNY,CN10Y
2023-05-11,740.55,0.02701,14.22,0.04331348804500703,931637,港股通互联网,CNY,CN10Y
2023-05-12,738.45,0.027058,14.25,0.043117438596491225,931637,港股通互联网,CNY,CN10Y
2023-05-15,753.96,0.02719,14.76,0.04056067750677508,931637,港股通互联网,CNY,CN10Y
2023-05-16,754.05,0.027129,14.93,0.03985023643670463,931637,港股通互联网,CNY,CN10Y
2023-05-17,736.21,0.02721,14.88,0.039994301075268815,931637,港股通互联网,CNY,CN10Y
2023-05-18,740.25,0.027184,14.86,0.04011075100942127,931637,港股通互联网,CNY,CN10Y
2023-05-19,723.9,0.027151,14.62,0.04124845280437756,931637,港股通互联网,CNY,CN10Y
2023-05-22,742.23,0.027132,14.89,0.04002716722632639,931637,港股通互联网,CNY,CN10Y
2023-05-23,736.54,0.026962,14.71,0.04101896532970768,931637,港股通互联网,CNY,CN10Y
2023-05-24,721.57,0.027037,14.5,0.04192851724137931,931637,港股通互联网,CNY,CN10Y
2023-05-25,710.45,0.027065,14.18,0.04345686177715092,931637,港股通互联网,CNY,CN10Y
2023-05-26,,0.027205,14.18,0.04331686177715092,931637,港股通互联网,CNY,CN10Y
2023-05-29,692.91,0.0269499999999999,13.85,0.045252166064982044,931637,港股通互联网,CNY,CN10Y
2023-05-30,704.81,0.027,14.0,0.04442857142857143,931637,港股通互联网,CNY,CN10Y
2023-05-31,688.85,0.02685,13.78,0.04571894049346879,931637,港股通互联网,CNY,CN10Y
2023-06-01,698.49,0.026825,14.0,0.04460357142857142,931637,港股通互联网,CNY,CN10Y
2023-06-02,735.4,0.026951,14.7,0.041076210884353745,931637,港股通互联网,CNY,CN10Y
2023-06-05,738.67,0.026926,14.96,0.03991891978609625,931637,港股通互联网,CNY,CN10Y
2023-06-06,730.02,0.026826,14.67,0.041340325835037495,931637,港股通互联网,CNY,CN10Y
2023-06-07,742.43,0.026827,14.89,0.04033216722632639,931637,港股通互联网,CNY,CN10Y
2023-06-08,735.29,0.026822,14.85,0.04051806734006734,931637,港股通互联网,CNY,CN10Y
2023-06-09,742.68,0.026703,14.89,0.04045616722632639,931637,港股通互联网,CNY,CN10Y
2023-06-12,741.91,0.026704,14.98,0.04005167423230974,931637,港股通互联网,CNY,CN10Y
2023-06-13,759.47,0.026227,15.32,0.039047151436031324,931637,港股通互联网,CNY,CN10Y
2023-06-14,754.88,0.026178,15.36,0.03892616666666667,931637,港股通互联网,CNY,CN10Y
2023-06-15,782.04,0.026482,15.75,0.03701006349206349,931637,港股通互联网,CNY,CN10Y
2023-06-16,788.28,0.0266259999999999,16.01,0.035834961898813335,931637,港股通互联网,CNY,CN10Y
2023-06-19,774.31,0.026876,15.87,0.03613597227473221,931637,港股通互联网,CNY,CN10Y
2023-06-20,755.11,0.026751,15.56,0.037516352185089974,931637,港股通互联网,CNY,CN10Y
2023-06-21,726.68,0.026701,15.16,0.03926206068601583,931637,港股通互联网,CNY,CN10Y
2023-06-23,711.94,0.026701,14.94,0.04023340428380187,931637,港股通互联网,CNY,CN10Y
2023-06-25,,0.026576,14.94,0.04035840428380187,931637,港股通互联网,CNY,CN10Y
2023-06-26,714.96,0.026677,14.95,0.04021263210702341,931637,港股通互联网,CNY,CN10Y
2023-06-27,731.81,0.026676,15.26,0.038854799475753606,931637,港股通互联网,CNY,CN10Y
2023-06-28,734.88,0.0266509999999999,15.13,0.03944285327164583,931637,港股通互联网,CNY,CN10Y
2023-06-29,722.6,0.026526,20.02,0.02342404995004995,931637,港股通互联网,CNY,CN10Y
2023-06-30,711.92,0.026351,19.96,0.0237492004008016,931637,港股通互联网,CNY,CN10Y
2023-07-03,732.99,0.026402,20.34,0.022762208456243858,931637,港股通互联网,CNY,CN10Y
2023-07-04,739.15,0.026477,20.35,0.022663049140049137,931637,港股通互联网,CNY,CN10Y
2023-07-05,729.19,0.026402,20.23,0.023029537320810676,931637,港股通互联网,CNY,CN10Y
2023-07-06,713.71,0.026392,19.79,0.024138570995452253,931637,港股通互联网,CNY,CN10Y
2023-07-07,702.61,0.026403,19.69,0.024384201625190453,931637,港股通互联网,CNY,CN10Y
2023-07-10,710.14,0.026403,19.79,0.024127570995452253,931637,港股通互联网,CNY,CN10Y
2023-07-11,715.76,0.026353,19.99,0.02367201250625313,931637,港股通互联网,CNY,CN10Y
2023-07-12,732.1,0.026378,20.31,0.022858829148202857,931637,港股通互联网,CNY,CN10Y
2023-07-13,769.92,0.026413,20.91,0.021411007651841223,931637,港股通互联网,CNY,CN10Y
2023-07-14,767.94,0.026444,20.97,0.021243172150691467,931637,港股通互联网,CNY,CN10Y
2023-07-17,767.94,0.026364,21.09,0.0210518368895211,931637,港股通互联网,CNY,CN10Y
2023-07-18,741.97,0.026234,20.16,0.0233691746031746,931637,港股通互联网,CNY,CN10Y
2023-07-19,741.8,0.026233,20.15,0.02339479156327544,931637,港股通互联网,CNY,CN10Y
2023-07-20,732.06,0.026214,20.01,0.02376101249375312,931637,港股通互联网,CNY,CN10Y
2023-07-21,741.64,0.0260789999999999,20.03,0.02384611233150284,931637,港股通互联网,CNY,CN10Y
2023-07-24,727.16,0.025934,19.65,0.024956585241730285,931637,港股通互联网,CNY,CN10Y
2023-07-25,769.9,0.0266299999999999,20.62,0.021866605237633462,931637,港股通互联网,CNY,CN10Y
2023-07-26,767.79,0.02643,20.46,0.02244585532746823,931637,港股通互联网,CNY,CN10Y
2023-07-27,780.5,0.026395,20.69,0.02193752779120348,931637,港股通互联网,CNY,CN10Y
2023-07-28,805.45,0.026533,21.18,0.020681353163361664,931637,港股通互联网,CNY,CN10Y
2023-07-31,817.04,0.026597,21.31,0.020329325668700143,931637,港股通互联网,CNY,CN10Y
2023-08-01,816.46,0.026607,21.36,0.02020947940074907,931637,港股通互联网,CNY,CN10Y
2023-08-02,789.68,0.026525,20.76,0.021644556840077066,931637,港股通互联网,CNY,CN10Y
2023-08-03,793.3,0.026435,20.7,0.021874178743961352,931637,港股通互联网,CNY,CN10Y
2023-08-04,810.15,0.026469,20.77,0.021677364949446318,931637,港股通互联网,CNY,CN10Y
2023-08-07,806.82,0.026462,20.71,0.021823852245292125,931637,港股通互联网,CNY,CN10Y
2023-08-08,785.64,0.026454,20.36,0.022661913555992147,931637,港股通互联网,CNY,CN10Y
2023-08-09,793.52,0.026461,20.44,0.02246267906066536,931637,港股通互联网,CNY,CN10Y
2023-08-10,791.66,0.026475,20.59,0.02209226566294318,931637,港股通互联网,CNY,CN10Y
2023-08-11,773.41,0.026381,20.39,0.02266264884747425,931637,港股通互联网,CNY,CN10Y
2023-08-14,767.98,0.026212,20.27,0.0231219911198816,931637,港股通互联网,CNY,CN10Y
2023-08-15,762.2,0.0257589999999999,20.32,0.023453598425196946,931637,港股通互联网,CNY,CN10Y
2023-08-16,752.19,0.025649,20.12,0.024052789264413513,931637,港股通互联网,CNY,CN10Y
2023-08-17,758.55,0.025678,20.31,0.023558829148202856,931637,港股通互联网,CNY,CN10Y
2023-08-18,735.01,0.025639,19.67,0.025199840874428062,931637,港股通互联网,CNY,CN10Y
2023-08-21,717.95,0.025403,19.3,0.026410471502590672,931637,港股通互联网,CNY,CN10Y
2023-08-22,730.33,0.025564,19.35,0.02611558656330749,931637,港股通互联网,CNY,CN10Y
2023-08-23,736.65,0.025535,19.32,0.026224834368530018,931637,港股通互联网,CNY,CN10Y
2023-08-24,769.9,0.025543,19.75,0.025089911392405063,931637,港股通互联网,CNY,CN10Y
2023-08-25,751.97,0.025702,19.52,0.025527508196721314,931637,港股通互联网,CNY,CN10Y
2023-08-28,760.5,0.025837,19.81,0.02464255577990914,931637,港股通互联网,CNY,CN10Y
2023-08-29,774.5,0.0256999999999999,20.07,0.024125610363727058,931637,港股通互联网,CNY,CN10Y
2023-08-30,761.59,0.0256,19.86,0.024752467270896274,931637,港股通互联网,CNY,CN10Y
2023-08-31,751.54,0.025575,19.8,0.024930050505050504,931637,港股通互联网,CNY,CN10Y
2023-09-01,751.54,0.0258499999999999,19.73,0.024834237202230207,931637,港股通互联网,CNY,CN10Y
2023-09-04,768.41,0.026124,20.25,0.023258716049382712,931637,港股通互联网,CNY,CN10Y
2023-09-05,748.26,0.02615,19.98,0.023900050050050047,931637,港股通互联网,CNY,CN10Y
2023-09-06,748.16,0.026375,19.93,0.023800614651279483,931637,港股通互联网,CNY,CN10Y
2023-09-07,735.08,0.02635,19.65,0.024540585241730285,931637,港股通互联网,CNY,CN10Y
2023-09-08,735.08,0.026375,19.71,0.024360667174023336,931637,港股通互联网,CNY,CN10Y
2023-09-11,739.16,0.0263,19.71,0.024435667174023335,931637,港股通互联网,CNY,CN10Y
2023-09-12,734.12,0.02623,19.63,0.024712435048395317,931637,港股通互联网,CNY,CN10Y
2023-09-13,729.31,0.02615,19.51,0.02510576627370579,931637,港股通互联网,CNY,CN10Y
2023-09-14,733.44,0.026075,19.51,0.025180766273705787,931637,港股通互联网,CNY,CN10Y
2023-09-15,734.85,0.0264,19.37,0.025226226122870413,931637,港股通互联网,CNY,CN10Y
2023-09-18,721.68,0.0265,19.13,0.025773915316257192,931637,港股通互联网,CNY,CN10Y
2023-09-19,721.16,0.026625,19.18,0.02551264337851929,931637,港股通互联网,CNY,CN10Y
2023-09-20,710.15,0.02665,18.98,0.026037038988408853,931637,港股通互联网,CNY,CN10Y
2023-09-21,696.14,0.026576,18.62,0.027129692803437164,931637,港股通互联网,CNY,CN10Y
2023-09-22,720.54,0.026776,19.26,0.02514507995846313,931637,港股通互联网,CNY,CN10Y
2023-09-25,702.86,0.026976,18.77,0.02630050506126798,931637,港股通互联网,CNY,CN10Y
2023-09-26,694.61,0.026951,18.48,0.027161554112554113,931637,港股通互联网,CNY,CN10Y
2023-09-27,697.2,0.0268769999999999,18.58,0.026944313240043163,931637,港股通互联网,CNY,CN10Y
2023-09-28,686.39,0.026751,18.27,0.02798353749315818,931637,港股通互联网,CNY,CN10Y
2023-09-29,710.32,0.026751,18.88,0.02621510169491526,931637,港股通互联网,CNY,CN10Y
2023-10-03,692.01,0.026751,18.49,0.02733228826392645,931637,港股通互联网,CNY,CN10Y
2023-10-04,679.63,0.026751,18.31,0.02786396450027308,931637,港股通互联网,CNY,CN10Y
2023-10-05,676.17,0.026751,18.39,0.027626379010331697,931637,港股通互联网,CNY,CN10Y
2023-10-06,689.52,0.026751,18.71,0.026696354355959375,931637,港股通互联网,CNY,CN10Y
2023-10-07,,0.0266509999999999,18.71,0.026796354355959475,931637,港股通互联网,CNY,CN10Y
2023-10-08,,0.0266259999999999,18.71,0.026821354355959476,931637,港股通互联网,CNY,CN10Y
2023-10-09,689.75,0.026702,18.78,0.026546136315228962,931637,港股通互联网,CNY,CN10Y
2023-10-10,703.59,0.0268109999999999,18.93,0.026015201796090962,931637,港股通互联网,CNY,CN10Y
2023-10-11,715.79,0.026976,19.13,0.02529791531625719,931637,港股通互联网,CNY,CN10Y
2023-10-12,727.98,0.026911,19.48,0.024423702258726896,931637,港股通互联网,CNY,CN10Y
2023-10-13,709.75,0.026702,18.94,0.026096310454065467,931637,港股通互联网,CNY,CN10Y
2023-10-16,699.31,0.026777,18.62,0.026928692803437165,931637,港股通互联网,CNY,CN10Y
2023-10-17,704.55,0.026882,18.76,0.026422904051172705,931637,港股通互联网,CNY,CN10Y
2023-10-18,690.9,0.027052,18.61,0.02668255131649651,931637,港股通互联网,CNY,CN10Y
2023-10-19,682.37,0.0271769999999999,18.2,0.027768054945055045,931637,港股通互联网,CNY,CN10Y
2023-10-20,672.95,0.027052,18.04,0.02838037250554324,931637,港股通互联网,CNY,CN10Y
2023-10-23,,0.0270469999999999,18.04,0.02838537250554334,931637,港股通互联网,CNY,CN10Y
2023-10-24,662.74,0.0271769999999999,17.63,0.02954449744753272,931637,港股通互联网,CNY,CN10Y
2023-10-25,668.44,0.027052,17.92,0.028751571428571425,931637,港股通互联网,CNY,CN10Y
2023-10-26,668.82,0.027152,17.95,0.028558306406685243,931637,港股通互联网,CNY,CN10Y
2023-10-27,679.54,0.0271329999999999,18.28,0.027571595185995723,931637,港股通互联网,CNY,CN10Y
2023-10-30,689.34,0.027141,18.53,0.02682554074473826,931637,港股通互联网,CNY,CN10Y
2023-10-31,677.8,0.026938,18.15,0.02815841873278237,931637,港股通互联网,CNY,CN10Y
2023-11-01,676.75,0.026853,18.06,0.02851798560354375,931637,港股通互联网,CNY,CN10Y
2023-11-02,684.87,0.026553,18.26,0.028211512595837894,931637,港股通互联网,CNY,CN10Y
2023-11-03,710.19,0.026613,19.04,0.025908008403361344,931637,港股通互联网,CNY,CN10Y
2023-11-06,742.55,0.026554,19.57,0.02454462033725089,931637,港股通互联网,CNY,CN10Y
2023-11-07,737.91,0.026632,19.41,0.02488783513652756,931637,港股通互联网,CNY,CN10Y
2023-11-08,741.19,0.0264639999999999,19.45,0.02494988174807208,931637,港股通互联网,CNY,CN10Y
2023-11-09,739.04,0.026494,19.42,0.024999305870236865,931637,港股通互联网,CNY,CN10Y
2023-11-10,717.66,0.026444,19.15,0.02577532114882507,931637,港股通互联网,CNY,CN10Y
2023-11-13,736.42,0.026454,19.57,0.024644620337250893,931637,港股通互联网,CNY,CN10Y
2023-11-14,726.27,0.026573,19.42,0.024920305870236865,931637,港股通互联网,CNY,CN10Y
2023-11-15,754.33,0.026633,20.18,0.022921013875123884,931637,港股通互联网,CNY,CN10Y
2023-11-16,741.69,0.026558,20.17,0.023020582052553293,931637,港股通互联网,CNY,CN10Y
2023-11-17,726.1,0.026524,19.67,0.024314840874428062,931637,港股通互联网,CNY,CN10Y
2023-11-20,745.16,0.026584,20.15,0.023043791563275438,931637,港股通互联网,CNY,CN10Y
2023-11-21,734.73,0.026684,19.82,0.023770086781029265,931637,港股通互联网,CNY,CN10Y
2023-11-22,732.55,0.026823,19.79,0.023707570995452253,931637,港股通互联网,CNY,CN10Y
2023-11-23,743.29,0.027023,20.09,0.022753007964161277,931637,港股通互联网,CNY,CN10Y
2023-11-24,723.82,0.0270529999999999,19.64,0.02386349694501028,931637,港股通互联网,CNY,CN10Y
2023-11-27,724.25,0.027108,19.76,0.02349928744939271,931637,港股通互联网,CNY,CN10Y
2023-11-28,712.92,0.026898,19.62,0.0240703995922528,931637,港股通互联网,CNY,CN10Y
2023-11-29,695.63,0.026826,19.34,0.02488030816959669,931637,港股通互联网,CNY,CN10Y
2023-11-30,695.35,0.02668,19.85,0.02369783375314861,931637,港股通互联网,CNY,CN10Y
2023-12-01,685.01,0.026625,19.4,0.024921391752577324,931637,港股通互联网,CNY,CN10Y
2023-12-04,675.81,0.026725,19.27,0.025169135962636223,931637,港股通互联网,CNY,CN10Y
2023-12-05,662.44,0.02665,18.83,0.026456744556558685,931637,港股通互联网,CNY,CN10Y
2023-12-06,670.74,0.026725,19.02,0.025851235541535227,931637,港股通互联网,CNY,CN10Y
2023-12-07,665.98,0.02664,18.8,0.026551489361702128,931637,港股通互联网,CNY,CN10Y
2023-12-08,665.05,0.026636,18.7,0.026839935828877004,931637,港股通互联网,CNY,CN10Y
2023-12-11,660.51,0.02644,18.95,0.026330448548812665,931637,港股通互联网,CNY,CN10Y
2023-12-12,671.37,0.026375,19.26,0.02554607995846313,931637,港股通互联网,CNY,CN10Y
2023-12-13,657.19,0.026226,19.07,0.026212384897745147,931637,港股通互联网,CNY,CN10Y
2023-12-14,660.82,0.026376,19.0,0.026255578947368418,931637,港股通互联网,CNY,CN10Y
2023-12-15,672.61,0.026227,19.38,0.025372587203302377,931637,港股通互联网,CNY,CN10Y
2023-12-18,661.26,0.026126,19.28,0.025741219917012444,931637,港股通互联网,CNY,CN10Y
2023-12-19,652.07,0.026191,19.33,0.025542057423693747,931637,港股通互联网,CNY,CN10Y
2023-12-20,651.81,0.026222,19.39,0.025350975760701392,931637,港股通互联网,CNY,CN10Y
2023-12-21,651.14,0.025901,19.32,0.025858834368530016,931637,港股通互联网,CNY,CN10Y
2023-12-22,616.54,0.0258769999999999,17.27,0.03202687955993062,931637,港股通互联网,CNY,CN10Y
2023-12-25,,0.025678,17.27,0.03222587955993052,931637,港股通互联网,CNY,CN10Y
2023-12-26,,0.025804,17.27,0.032099879559930516,931637,港股通互联网,CNY,CN10Y
2023-12-27,628.57,0.025577,17.93,0.030195448410485225,931637,港股通互联网,CNY,CN10Y
2023-12-28,649.96,0.0256939999999999,18.29,0.02898068562055778,931637,港股通互联网,CNY,CN10Y
2023-12-29,648.77,0.025553,18.22,0.029331742041712405,931637,港股通互联网,CNY,CN10Y
2023-12-31,,0.025553,18.22,0.029331742041712405,931637,港股通互联网,CNY,CN10Y
2024-01-02,640.98,0.025601,18.42,0.028687816503800215,931637,港股通互联网,CNY,CN10Y
2024-01-03,632.11,0.025531,18.54,0.028406432578209278,931637,港股通互联网,CNY,CN10Y
2024-01-04,627.53,0.0253679999999999,18.46,0.028803180931744412,931637,港股通互联网,CNY,CN10Y
2024-01-05,619.62,0.025175,18.11,0.030043111540585313,931637,港股通互联网,CNY,CN10Y
2024-01-08,600.29,0.025136,17.77,0.031138620146314015,931637,港股通互联网,CNY,CN10Y
2024-01-09,592.08,0.024862,17.52,0.03221562557077626,931637,港股通互联网,CNY,CN10Y
2024-01-10,590.45,0.024982,17.32,0.03275472055427252,931637,港股通互联网,CNY,CN10Y
2024-01-11,606.08,0.024992,17.74,0.031377785794813984,931637,港股通互联网,CNY,CN10Y
2024-01-12,602.1,0.025172,17.76,0.0311343063063063,931637,港股通互联网,CNY,CN10Y
2024-01-15,600.23,0.025212,17.81,0.03093623133071309,931637,港股通互联网,CNY,CN10Y
2024-01-16,586.97,0.025252,17.39,0.03225231282346176,931637,港股通互联网,CNY,CN10Y
2024-01-17,551.44,0.025077,16.83,0.03434070647653001,931637,港股通互联网,CNY,CN10Y
2024-01-18,554.18,0.025092,16.77,0.03453829218843173,931637,港股通互联网,CNY,CN10Y
2024-01-19,544.15,0.025027,16.43,0.03583727267194157,931637,港股通互联网,CNY,CN10Y
2024-01-22,521.72,0.024922,15.9,0.03797108176100629,931637,港股通互联网,CNY,CN10Y
2024-01-23,539.35,0.025042,16.44,0.035785250608272506,931637,港股通互联网,CNY,CN10Y
2024-01-24,563.65,0.025042,17.02,0.03371240658049354,931637,港股通互联网,CNY,CN10Y
2024-01-25,563.62,0.024984,17.45,0.03232259025787966,931637,港股通互联网,CNY,CN10Y
2024-01-26,540.83,0.024994,16.97,0.03393351915144373,931637,港股通互联网,CNY,CN10Y
2024-01-29,539.69,0.02494,16.92,0.034161654846335696,931637,港股通互联网,CNY,CN10Y
2024-01-30,520.7,0.024557,16.41,0.03638145216331505,931637,港股通互联网,CNY,CN10Y
2024-01-31,502.81,0.0243299999999999,16.13,0.037666280223186716,931637,港股通互联网,CNY,CN10Y
2024-02-01,514.69,0.024354,16.25,0.03718446153846154,931637,港股通互联网,CNY,CN10Y
2024-02-02,510.07,0.0242439999999999,16.58,0.036069630880579115,931637,港股通互联网,CNY,CN10Y
2024-02-04,,0.024053,16.58,0.036260630880579015,931637,港股通互联网,CNY,CN10Y
2024-02-05,509.49,0.024002,16.6,0.03623896385542168,931637,港股通互联网,CNY,CN10Y
2024-02-06,540.68,0.024525,17.31,0.03324507510109763,931637,港股通互联网,CNY,CN10Y
2024-02-07,536.71,0.0241529999999999,17.36,0.033450686635944804,931637,港股通互联网,CNY,CN10Y
2024-02-08,537.68,0.0243789999999999,17.13,0.03399811617046128,931637,港股通互联网,CNY,CN10Y
2024-02-09,529.75,0.024302,17.08,0.034246009367681504,931637,港股通互联网,CNY,CN10Y
2024-02-14,539.81,0.024302,17.26,0.03363542757821553,931637,港股通互联网,CNY,CN10Y
2024-02-15,541.66,0.024302,17.06,0.0343146471277843,931637,港股通互联网,CNY,CN10Y
2024-02-16,565.81,0.024302,17.53,0.03274306560182544,931637,港股通互联网,CNY,CN10Y
2024-02-18,,0.0243929999999999,17.53,0.032652065601825535,931637,港股通互联网,CNY,CN10Y
2024-02-19,549.63,0.024344,17.07,0.034238308142940835,931637,港股通互联网,CNY,CN10Y
2024-02-20,554.99,0.024134,17.09,0.03437975073142188,931637,港股通互联网,CNY,CN10Y
2024-02-21,571.98,0.024119,17.37,0.03345152389176741,931637,港股通互联网,CNY,CN10Y
2024-02-22,580.71,0.024033,17.52,0.03304462557077626,931637,港股通互联网,CNY,CN10Y
2024-02-23,582.12,0.024009,17.49,0.03316652887364209,931637,港股通互联网,CNY,CN10Y
2024-02-26,578.82,0.0237889999999999,17.28,0.03408137037037046,931637,港股通互联网,CNY,CN10Y
2024-02-27,582.7,0.023809,17.21,0.03429675246949447,931637,港股通互联网,CNY,CN10Y
2024-02-28,563.57,0.023376,16.73,0.03639686312014345,931637,港股通互联网,CNY,CN10Y
2024-02-29,570.31,0.023375,16.76,0.036290871121718374,931637,港股通互联网,CNY,CN10Y
2024-03-01,582.04,0.023675,16.8,0.03584880952380952,931637,港股通互联网,CNY,CN10Y
2024-03-04,587.98,0.023475,16.77,0.03615529218843172,931637,港股通互联网,CNY,CN10Y
2024-03-05,562.0,0.023169,16.22,0.038483281134401984,931637,港股通互联网,CNY,CN10Y
2024-03-06,577.21,0.02265,16.61,0.03755469596628537,931637,港股通互联网,CNY,CN10Y
2024-03-07,566.09,0.022776,16.38,0.03827406105006105,931637,港股通互联网,CNY,CN10Y
2024-03-08,571.29,0.022825,16.36,0.03829969437652812,931637,港股通互联网,CNY,CN10Y
2024-03-11,594.61,0.02305,16.85,0.03629718100890207,931637,港股通互联网,CNY,CN10Y
2024-03-12,627.75,0.023476,17.7,0.033021175141242934,931637,港股通互联网,CNY,CN10Y
2024-03-13,629.32,0.023326,17.73,0.03307557924421884,931637,港股通互联网,CNY,CN10Y
2024-03-14,619.06,0.0234249999999999,17.62,0.03332868898978443,931637,港股通互联网,CNY,CN10Y
2024-03-15,608.68,0.0232,17.32,0.03453672055427252,931637,港股通互联网,CNY,CN10Y
2024-03-18,624.6,0.022926,17.76,0.0333803063063063,931637,港股通互联网,CNY,CN10Y
2024-03-19,613.96,0.022801,17.46,0.0344727686139748,931637,港股通互联网,CNY,CN10Y
2024-03-20,619.44,0.022951,17.62,0.033802688989784335,931637,港股通互联网,CNY,CN10Y
2024-03-21,628.61,0.022851,17.79,0.03336035469364812,931637,港股通互联网,CNY,CN10Y
2024-03-22,611.25,0.023051,17.67,0.033542095642331626,931637,港股通互联网,CNY,CN10Y
2024-03-25,611.86,0.023151,17.58,0.03373182138794084,931637,港股通互联网,CNY,CN10Y
2024-03-26,616.68,0.0231749999999999,18.2,0.03177005494505504,931637,港股通互联网,CNY,CN10Y
2024-03-27,604.05,0.0228759999999999,18.24,0.03194856140350888,931637,港股通互联网,CNY,CN10Y
2024-03-28,618.78,0.023026,18.36,0.03144023093681918,931637,港股通互联网,CNY,CN10Y
2024-03-29,,0.0229009999999999,18.36,0.031565230936819275,931637,港股通互联网,CNY,CN10Y
2024-04-01,,0.023082,18.36,0.03138423093681918,931637,港股通互联网,CNY,CN10Y
2024-04-02,636.87,0.022927,18.8,0.03026448936170213,931637,港股通互联网,CNY,CN10Y
2024-04-03,621.34,0.022837,18.62,0.030868692803437164,931637,港股通互联网,CNY,CN10Y
2024-04-05,619.75,0.022837,18.65,0.030782302949061664,931637,港股通互联网,CNY,CN10Y
2024-04-07,,0.022937,18.65,0.030682302949061664,931637,港股通互联网,CNY,CN10Y
2024-04-08,617.1,0.022822,18.42,0.03146681650380022,931637,港股通互联网,CNY,CN10Y
2024-04-09,624.75,0.022802,18.48,0.03131055411255411,931637,港股通互联网,CNY,CN10Y
2024-04-10,633.83,0.022972,18.93,0.029854201796090864,931637,港股通互联网,CNY,CN10Y
2024-04-11,634.51,0.022928,18.98,0.029759038988408853,931637,港股通互联网,CNY,CN10Y
2024-04-12,628.07,0.022837,18.72,0.030581803418803424,931637,港股通互联网,CNY,CN10Y
2024-04-15,622.27,0.022798,18.46,0.031373180931744314,931637,港股通互联网,CNY,CN10Y
2024-04-16,604.2,0.022723,18.22,0.032161742041712404,931637,港股通互联网,CNY,CN10Y
2024-04-17,604.42,0.022608,18.21,0.032306881933003836,931637,港股通互联网,CNY,CN10Y
2024-04-18,605.59,0.0225369999999999,18.41,0.03178130526887571,931637,港股通互联网,CNY,CN10Y
2024-04-19,590.24,0.02254,18.29,0.032134685620557685,931637,港股通互联网,CNY,CN10Y
2024-04-22,607.96,0.022435,19.13,0.02983891531625719,931637,港股通互联网,CNY,CN10Y
2024-04-23,633.68,0.02226,19.81,0.02821955577990914,931637,港股通互联网,CNY,CN10Y
2024-04-24,663.46,0.022727,20.5,0.02605348780487805,931637,港股通互联网,CNY,CN10Y
2024-04-25,656.29,0.022612,20.25,0.026770716049382713,931637,港股通互联网,CNY,CN10Y
2024-04-26,690.93,0.0230839999999999,20.87,0.024831668423574604,931637,港股通互联网,CNY,CN10Y
2024-04-28,,0.0232439999999999,20.87,0.024671668423574603,931637,港股通互联网,CNY,CN10Y
2024-04-29,686.49,0.02353,20.87,0.024385668423574505,931637,港股通互联网,CNY,CN10Y
2024-04-30,680.71,0.023028,20.82,0.02500273967339097,931637,港股通互联网,CNY,CN10Y
2024-05-02,723.3,0.023028,21.63,0.02320408506703653,931637,港股通互联网,CNY,CN10Y
2024-05-03,735.32,0.023028,21.92,0.02259243795620438,931637,港股通互联网,CNY,CN10Y
2024-05-06,738.63,0.023081,22.09,0.022188352648257127,931637,港股通互联网,CNY,CN10Y
2024-05-07,720.93,0.022896,21.82,0.022933514207149404,931637,港股通互联网,CNY,CN10Y
2024-05-08,712.84,0.022955,21.77,0.02297977262287552,931637,港股通互联网,CNY,CN10Y
2024-05-09,729.3,0.023186,22.23,0.021798255510571303,931637,港股通互联网,CNY,CN10Y
2024-05-10,731.1,0.0231219999999999,22.33,0.021660803403493162,931637,港股通互联网,CNY,CN10Y
2024-05-11,,0.023361,22.33,0.02142180340349306,931637,港股通互联网,CNY,CN10Y
2024-05-13,743.69,0.0229,22.74,0.021075373790677223,931637,港股通互联网,CNY,CN10Y
2024-05-14,749.61,0.022938,23.01,0.020521365493263798,931637,港股通互联网,CNY,CN10Y
2024-05-15,,0.02302,23.01,0.0204393654932638,931637,港股通互联网,CNY,CN10Y
2024-05-16,757.85,0.023147,23.73,0.018993750105351877,931637,港股通互联网,CNY,CN10Y
2024-05-17,759.78,0.023077,23.64,0.019224184433164128,931637,港股通互联网,CNY,CN10Y
2024-05-20,764.75,0.023105,23.69,0.01910690375685943,931637,港股通互联网,CNY,CN10Y
2024-05-21,738.42,0.023141,22.99,0.02035617268377556,931637,港股通互联网,CNY,CN10Y
2024-05-22,737.97,0.023123,23.04,0.020279777777777775,931637,港股通互联网,CNY,CN10Y
2024-05-23,728.12,0.0230629999999999,22.83,0.020739014892685165,931637,港股通互联网,CNY,CN10Y
2024-05-24,704.93,0.023134,22.45,0.021409429844097997,931637,港股通互联网,CNY,CN10Y
2024-05-27,714.54,0.0230839999999999,22.54,0.021281572315882975,931637,港股通互联网,CNY,CN10Y
2024-05-28,712.83,0.022994,22.68,0.021097710758377422,931637,港股通互联网,CNY,CN10Y
2024-05-29,695.78,0.022776,22.15,0.022370726862302483,931637,港股通互联网,CNY,CN10Y
2024-05-30,691.47,0.022826,21.97,0.022690613563950843,931637,港股通互联网,CNY,CN10Y
2024-05-31,677.75,0.022926,21.47,0.023650618537494183,931637,港股通互联网,CNY,CN10Y
2024-06-03,693.33,0.022853,22.29,0.02201016733961418,931637,港股通互联网,CNY,CN10Y
2024-06-04,699.78,0.022854,22.41,0.021768936189201248,931637,港股通互联网,CNY,CN10Y
2024-06-05,698.98,0.022808,22.59,0.021459374944665783,931637,港股通互联网,CNY,CN10Y
2024-06-06,702.41,0.022828,22.69,0.021244278536800346,931637,港股通互联网,CNY,CN10Y
2024-06-07,688.82,0.022833,22.28,0.02205030341113106,931637,港股通互联网,CNY,CN10Y
2024-06-11,688.02,0.022791,22.2,0.02225404504504505,931637,港股通互联网,CNY,CN10Y
2024-06-12,679.68,0.02276,21.99,0.02271521600727604,931637,港股通互联网,CNY,CN10Y
2024-06-13,693.92,0.0226779999999999,22.51,0.021746700133274198,931637,港股通互联网,CNY,CN10Y
2024-06-14,692.09,0.0225579999999999,22.49,0.0219062063139174,931637,港股通互联网,CNY,CN10Y
2024-06-17,689.09,0.022609,21.98,0.02288690536851683,931637,港股通互联网,CNY,CN10Y
2024-06-18,686.12,0.0225369999999999,21.78,0.023376682277318737,931637,港股通互联网,CNY,CN10Y
2024-06-19,712.45,0.022429,22.53,0.021956264092321345,931637,港股通互联网,CNY,CN10Y
2024-06-20,697.85,0.022445,22.44,0.022118279857397505,931637,港股通互联网,CNY,CN10Y
2024-06-21,687.4,0.0225709999999999,22.1,0.02267786877828064,931637,港股通互联网,CNY,CN10Y
2024-06-24,679.64,0.022451,22.0,0.023003545454545457,931637,港股通互联网,CNY,CN10Y
2024-06-25,676.08,0.02235,22.02,0.023063260672116257,931637,港股通互联网,CNY,CN10Y
2024-06-26,678.91,0.022225,22.04,0.023147050816696914,931637,港股通互联网,CNY,CN10Y
2024-06-27,656.07,0.022081,31.6,0.00956456962025316,931637,港股通互联网,CNY,CN10Y
2024-06-28,651.86,0.022058,31.35,0.009839926634768736,931637,港股通互联网,CNY,CN10Y
2024-07-01,,0.022486,31.35,0.009411926634768739,931637,港股通互联网,CNY,CN10Y
2024-07-02,646.78,0.022369,31.18,0.00970284092366902,931637,港股通互联网,CNY,CN10Y
2024-07-03,664.98,0.0224259999999999,32.07,0.008755789834736613,931637,港股通互联网,CNY,CN10Y
2024-07-04,664.29,0.022502,32.28,0.008476934324659229,931637,港股通互联网,CNY,CN10Y
2024-07-05,655.94,0.022754,32.03,0.008466730565095223,931637,港股通互联网,CNY,CN10Y
2024-07-08,648.29,0.022904,31.84,0.008503035175879393,931637,港股通互联网,CNY,CN10Y
2024-07-09,653.1,0.022698,31.94,0.008610703819661867,931637,港股通互联网,CNY,CN10Y
2024-07-10,651.14,0.022707,31.73,0.008808915537346359,931637,港股通互联网,CNY,CN10Y
2024-07-11,664.46,0.022648,32.33,0.008283023816888339,931637,港股通互联网,CNY,CN10Y
2024-07-12,681.18,0.022604,33.32,0.007408004801920769,931637,港股通互联网,CNY,CN10Y
2024-07-15,663.13,0.022541,32.7,0.00804003975535168,931637,港股通互联网,CNY,CN10Y
2024-07-16,654.45,0.0226129999999999,31.89,0.008744792411414338,931637,港股通互联网,CNY,CN10Y
2024-07-17,658.9,0.0225979999999999,31.69,0.008957695803092556,931637,港股通互联网,CNY,CN10Y
2024-07-18,654.72,0.022673,31.5,0.009073031746031746,931637,港股通互联网,CNY,CN10Y
2024-07-19,642.56,0.022614,31.03,0.009612877215597806,931637,港股通互联网,CNY,CN10Y
2024-07-22,656.25,0.022461,31.88,0.008906628607277294,931637,港股通互联网,CNY,CN10Y
2024-07-23,640.95,0.022322,31.25,0.009677999999999999,931637,港股通互联网,CNY,CN10Y
2024-07-24,628.69,0.022381,30.79,0.010097077297823966,931637,港股通互联网,CNY,CN10Y
2024-07-25,613.76,0.022168,29.56,0.011661499323410013,931637,港股通互联网,CNY,CN10Y
2024-07-26,617.31,0.0219439999999999,29.92,0.011478459893048222,931637,港股通互联网,CNY,CN10Y
2024-07-29,624.66,0.021574,30.27,0.011462009250082592,931637,港股通互联网,CNY,CN10Y
2024-07-30,610.88,0.02148,29.75,0.01213344537815126,931637,港股通互联网,CNY,CN10Y
2024-07-31,632.74,0.021494,30.43,0.011368306933946762,931637,港股通互联网,CNY,CN10Y
2024-08-01,628.96,0.021297,30.62,0.011361393207054215,931637,港股通互联网,CNY,CN10Y
2024-08-02,613.67,0.021277,29.77,0.012313863285186428,931637,港股通互联网,CNY,CN10Y
2024-08-05,611.41,0.021376,29.55,0.012464947546531303,931637,港股通互联网,CNY,CN10Y
2024-08-06,612.97,0.0214909999999999,29.38,0.012545759700476618,931637,港股通互联网,CNY,CN10Y
2024-08-07,617.4,0.021414,30.09,0.011819632436025258,931637,港股通互联网,CNY,CN10Y
2024-08-08,613.38,0.02181,30.2,0.011302582781456957,931637,港股通互联网,CNY,CN10Y
2024-08-09,622.51,0.021986,30.53,0.010768667540124469,931637,港股通互联网,CNY,CN10Y
2024-08-12,618.27,0.022508,30.74,0.010022904359141188,931637,港股通互联网,CNY,CN10Y
2024-08-13,620.12,0.0222549999999999,30.96,0.01004474160206728,931637,港股通互联网,CNY,CN10Y
2024-08-14,612.7,0.021966,30.48,0.010842398950131234,931637,港股通互联网,CNY,CN10Y
2024-08-15,613.06,0.02205,30.27,0.010986009250082591,931637,港股通互联网,CNY,CN10Y
2024-08-16,622.53,0.021978,30.79,0.010500077297823967,931637,港股通互联网,CNY,CN10Y
2024-08-19,630.67,0.021816,30.8,0.010651532467532466,931637,港股通互联网,CNY,CN10Y
2024-08-20,626.32,0.0217099999999999,30.65,0.010916427406199126,931637,港股通互联网,CNY,CN10Y
2024-08-21,616.54,0.02167,30.52,0.011095399737876804,931637,港股通互联网,CNY,CN10Y
2024-08-22,627.54,0.021582,31.15,0.010520728731942219,931637,港股通互联网,CNY,CN10Y
2024-08-23,625.64,0.021547,30.93,0.010784070158422244,931637,港股通互联网,CNY,CN10Y
2024-08-26,634.05,0.0216279999999999,31.29,0.010331092361777029,931637,港股通互联网,CNY,CN10Y
2024-08-27,630.09,0.021903,31.22,0.010127749519538758,931637,港股通互联网,CNY,CN10Y
2024-08-28,616.87,0.021673,30.6,0.011006738562091504,931637,港股通互联网,CNY,CN10Y
2024-08-29,633.6,0.021703,31.21,0.01033801249599487,931637,港股通互联网,CNY,CN10Y
2024-08-30,648.17,0.0217039999999999,31.62,0.009921553447185424,931637,港股通互联网,CNY,CN10Y
2024-09-02,635.95,0.021457,31.29,0.010502092361776929,931637,港股通互联网,CNY,CN10Y
2024-09-03,639.12,0.021432,31.45,0.010364502384737677,931637,港股通互联网,CNY,CN10Y
2024-09-04,633.86,0.021336,31.07,0.010849387833923398,931637,港股通互联网,CNY,CN10Y
2024-09-05,637.8,0.021338,31.09,0.010826683177870697,931637,港股通互联网,CNY,CN10Y
2024-09-06,637.8,0.0213879999999999,31.03,0.010838877215597904,931637,港股通互联网,CNY,CN10Y
2024-09-09,633.3,0.021267,30.97,0.011022312237649337,931637,港股通互联网,CNY,CN10Y
2024-09-10,629.63,0.021143,30.84,0.0112824215304799,931637,港股通互联网,CNY,CN10Y
2024-09-11,628.97,0.021044,30.92,0.011297526520051747,931637,港股通互联网,CNY,CN10Y
2024-09-12,632.52,0.020998,31.2,0.011053282051282056,931637,港股通互联网,CNY,CN10Y
2024-09-13,633.12,0.020724,31.25,0.011276000000000001,931637,港股通互联网,CNY,CN10Y
2024-09-14,,0.020425,31.25,0.011575000000000002,931637,港股通互联网,CNY,CN10Y
2024-09-16,639.73,0.020425,31.6,0.011220569620253161,931637,港股通互联网,CNY,CN10Y
2024-09-17,645.89,0.020425,31.88,0.010942628607277294,931637,港股通互联网,CNY,CN10Y
2024-09-18,,0.0204029999999999,31.88,0.010964628607277392,931637,港股通互联网,CNY,CN10Y
2024-09-19,663.07,0.02045,32.59,0.010234258975145748,931637,港股通互联网,CNY,CN10Y
2024-09-20,671.03,0.0204309999999999,32.63,0.010215644192461022,931637,港股通互联网,CNY,CN10Y
2024-09-23,666.79,0.020381,32.57,0.010322101013202332,931637,港股通互联网,CNY,CN10Y
2024-09-24,697.26,0.020728,33.81,0.008849048210588583,931637,港股通互联网,CNY,CN10Y
2024-09-25,702.43,0.0204369999999999,33.92,0.009044132075471795,931637,港股通互联网,CNY,CN10Y
2024-09-26,754.48,0.020787,36.13,0.006890830058123441,931637,港股通互联网,CNY,CN10Y
2024-09-27,799.63,0.021714,33.44,0.008190306220095697,931637,港股通互联网,CNY,CN10Y
2024-09-29,,0.022534,33.44,0.007370306220095699,931637,港股通互联网,CNY,CN10Y
2024-09-30,863.6,0.021518,34.89,0.007143507595299515,931637,港股通互联网,CNY,CN10Y
2024-10-02,945.02,0.021518,37.58,0.00509189888238425,931637,港股通互联网,CNY,CN10Y
2024-10-03,916.36,0.021518,37.03,0.005487130974885228,931637,港股通互联网,CNY,CN10Y
2024-10-04,959.9,0.021518,38.16,0.004687450733752624,931637,港股通互联网,CNY,CN10Y
2024-10-07,989.72,0.021518,38.53,0.004435802232026994,931637,港股通互联网,CNY,CN10Y
2024-10-08,851.93,0.021928,34.77,0.00683242565429968,931637,港股通互联网,CNY,CN10Y
2024-10-09,836.0,0.02176,34.49,0.007233911278631485,931637,港股通互联网,CNY,CN10Y
2024-10-10,849.22,0.0214409999999999,35.26,0.006919748723766408,931637,港股通互联网,CNY,CN10Y
2024-10-11,,0.021392,35.26,0.006968748723766308,931637,港股通互联网,CNY,CN10Y
2024-10-12,,0.0214409999999999,35.26,0.006919748723766408,931637,港股通互联网,CNY,CN10Y
2024-10-14,826.22,0.021368,34.78,0.007384156411730878,931637,港股通互联网,CNY,CN10Y
2024-10-15,785.45,0.021254,33.3,0.008776030030030035,931637,港股通互联网,CNY,CN10Y
2024-10-16,780.86,0.021331,33.18,0.008807637733574444,931637,港股通互联网,CNY,CN10Y
2024-10-17,773.48,0.021084,32.95,0.009265013657056145,931637,港股通互联网,CNY,CN10Y
2024-10-18,820.43,0.021209,34.43,0.007835437990124892,931637,港股通互联网,CNY,CN10Y
2024-10-21,802.35,0.021211,33.67,0.0084890297000297,931637,港股通互联网,CNY,CN10Y
2024-10-22,808.3,0.0214579999999999,33.8,0.008127798816568148,931637,港股通互联网,CNY,CN10Y
2024-10-23,824.71,0.021559,34.5,0.007426507246376814,931637,港股通互联网,CNY,CN10Y
2024-10-24,799.49,0.021661,33.63,0.008074355337496283,931637,港股通互联网,CNY,CN10Y
2024-10-25,806.87,0.021539,33.8,0.00804679881656805,931637,港股通互联网,CNY,CN10Y
2024-10-28,812.41,0.021617,33.79,0.007977554601953242,931637,港股通互联网,CNY,CN10Y
2024-10-29,820.36,0.021598,34.11,0.007718915860451481,931637,港股通互联网,CNY,CN10Y
2024-10-30,807.2,0.0215969999999999,33.47,0.008280502240812768,931637,港股通互联网,CNY,CN10Y
2024-10-31,802.87,0.021476,33.07,0.008762887208950711,931637,港股通互联网,CNY,CN10Y
2024-11-01,811.17,0.021406,33.87,0.00811865308532625,931637,港股通互联网,CNY,CN10Y
2024-11-04,816.9,0.021275,33.88,0.008240938606847697,931637,港股通互联网,CNY,CN10Y
2024-11-05,850.38,0.021106,34.89,0.007555507595299514,931637,港股通互联网,CNY,CN10Y
2024-11-06,836.17,0.021234,34.29,0.007929021289005543,931637,港股通互联网,CNY,CN10Y
2024-11-07,863.97,0.021115,35.16,0.007326410693970425,931637,港股通互联网,CNY,CN10Y
2024-11-08,851.51,0.021067,34.54,0.00788493977996526,931637,港股通互联网,CNY,CN10Y
2024-11-11,847.7,0.02092,34.26,0.008268558085230589,931637,港股通互联网,CNY,CN10Y
2024-11-12,813.93,0.020729,33.35,0.009256007496251873,931637,港股通互联网,CNY,CN10Y
2024-11-13,817.47,0.020876,33.38,0.009082058717795084,931637,港股通互联网,CNY,CN10Y
2024-11-14,797.88,0.020808,32.86,0.009624136335970784,931637,港股通互联网,CNY,CN10Y
2024-11-15,794.01,0.020948,32.7,0.009633039755351677,931637,港股通互联网,CNY,CN10Y
2024-11-18,791.82,0.021117,32.86,0.009315136335970784,931637,港股通互联网,CNY,CN10Y
2024-11-19,796.48,0.020947,32.92,0.009429670716889427,931637,港股通互联网,CNY,CN10Y
2024-11-20,811.54,0.021025,33.17,0.009122723846849562,931637,港股通互联网,CNY,CN10Y
2024-11-21,803.41,0.0208429999999999,32.83,0.009616945172098792,931637,港股通互联网,CNY,CN10Y
2024-11-22,780.34,0.020832,32.09,0.01033035587410408,931637,港股通互联网,CNY,CN10Y
2024-11-25,777.56,0.020682,31.87,0.010695470975839345,931637,港股通互联网,CNY,CN10Y
2024-11-26,773.31,0.020657,31.92,0.010671320802005013,931637,港股通互联网,CNY,CN10Y
2024-11-27,803.0,0.020553,32.86,0.009879136335970786,931637,港股通互联网,CNY,CN10Y
2024-11-28,787.73,0.020304,32.45,0.01051264098613251,931637,港股通互联网,CNY,CN10Y
2024-11-29,792.64,0.020206,32.23,0.010820993484331375,931637,港股通互联网,CNY,CN10Y
2024-12-02,799.5,0.01981,32.58,0.010883677102516882,931637,港股通互联网,CNY,CN10Y
2024-12-03,801.39,0.019886,32.86,0.010546136335970784,931637,港股通互联网,CNY,CN10Y
2024-12-04,799.27,0.019612,32.69,0.010978394616090549,931637,港股通互联网,CNY,CN10Y
2024-12-05,794.84,0.019462,32.43,0.011373646006783842,931637,港股通互联网,CNY,CN10Y
2024-12-06,809.77,0.019539,33.04,0.010727343825665859,931637,港股通互联网,CNY,CN10Y
2024-12-09,844.97,0.019168,34.08,0.010174723004694835,931637,港股通互联网,CNY,CN10Y
2024-12-10,828.3,0.018468,33.59,0.011302765108663293,931637,港股通互联网,CNY,CN10Y
2024-12-11,817.69,0.018218,33.36,0.011758019184652278,931637,港股通互联网,CNY,CN10Y
2024-12-12,832.45,0.018172,33.96,0.011274407538280327,931637,港股通互联网,CNY,CN10Y
2024-12-13,814.26,0.017771,33.36,0.01220501918465228,931637,港股通互联网,CNY,CN10Y
2024-12-16,801.07,0.017215,31.83,0.01420190229343387,931637,港股通互联网,CNY,CN10Y
2024-12-17,791.34,0.017237,31.57,0.01443864143173899,931637,港股通互联网,CNY,CN10Y
2024-12-18,803.33,0.017564,31.92,0.013764320802005011,931637,港股通互联网,CNY,CN10Y
2024-12-19,799.47,0.017417,32.18,0.013658201988812929,931637,港股通互联网,CNY,CN10Y
2024-12-20,799.3,0.017018,32.42,0.013827157310302284,931637,港股通互联网,CNY,CN10Y
2024-12-23,797.79,0.017019,32.21,0.014027258925799441,931637,港股通互联网,CNY,CN10Y
2024-12-24,804.14,0.017166,32.48,0.013622177339901481,931637,港股通互联网,CNY,CN10Y
2024-12-25,,0.017365,32.48,0.013423177339901483,931637,港股通互联网,CNY,CN10Y
2024-12-26,,0.017122,32.48,0.013666177339901484,931637,港股通互联网,CNY,CN10Y
2024-12-27,808.6,0.016929,32.44,0.01389714056720099,931637,港股通互联网,CNY,CN10Y
2024-12-30,803.26,0.017128,32.43,0.013707646006783841,931637,港股通互联网,CNY,CN10Y
2024-12-31,798.28,0.016752,32.33,0.01417902381688834,931637,港股通互联网,CNY,CN10Y
2025-01-02,780.88,0.0160769999999999,32.01,0.015163237425804537,931637,港股通互联网,CNY,CN10Y
2025-01-03,789.4,0.016041,32.38,0.014842261272390363,931637,港股通互联网,CNY,CN10Y
2025-01-06,784.3,0.015966,32.2,0.015089900621118008,931637,港股通互联网,CNY,CN10Y
2025-01-07,767.08,0.016093,30.74,0.01643790435914119,931637,港股通互联网,CNY,CN10Y
2025-01-08,753.29,0.016069,30.09,0.017164632436025257,931637,港股通互联网,CNY,CN10Y
2025-01-09,758.25,0.016368,30.27,0.01666800925008259,931637,港股通互联网,CNY,CN10Y
2025-01-10,741.74,0.016338,29.83,0.017185298692591354,931637,港股通互联网,CNY,CN10Y
2025-01-13,736.7,0.016592,29.45,0.017363857385398983,931637,港股通互联网,CNY,CN10Y
2025-01-14,759.61,0.016446,30.29,0.016568196104324865,931637,港股通互联网,CNY,CN10Y
2025-01-15,758.15,0.01633,30.44,0.016521511169513798,931637,港股通互联网,CNY,CN10Y
2025-01-16,767.88,0.016394,30.75,0.016126325203252037,931637,港股通互联网,CNY,CN10Y
2025-01-17,771.05,0.016593,30.74,0.01593790435914119,931637,港股通互联网,CNY,CN10Y
2025-01-20,787.26,0.016747,31.59,0.014908587211142767,931637,港股通互联网,CNY,CN10Y
2025-01-21,797.82,0.016496,31.58,0.015169611146295125,931637,港股通互联网,CNY,CN10Y
2025-01-22,780.23,0.016602,30.95,0.015708177705977384,931637,港股通互联网,CNY,CN10Y
2025-01-23,776.51,0.016645,30.81,0.015811994482310937,931637,港股通互联网,CNY,CN10Y
2025-01-24,800.6,0.016565,31.42,0.015261861871419476,931637,港股通互联网,CNY,CN10Y
2025-01-26,,0.016537,31.42,0.015289861871419477,931637,港股通互联网,CNY,CN10Y
2025-01-27,815.29,0.0162989999999999,31.96,0.014990111389236647,931637,港股通互联网,CNY,CN10Y
2025-01-28,830.06,0.0162989999999999,32.35,0.014612901081916638,931637,港股通互联网,CNY,CN10Y
2025-02-03,838.07,0.0162989999999999,32.65,0.014328871362940376,931637,港股通互联网,CNY,CN10Y
2025-02-04,872.11,0.0162989999999999,34.05,0.013069575624082334,931637,港股通互联网,CNY,CN10Y
2025-02-05,867.17,0.016207,34.03,0.013178836027034967,931637,港股通互联网,CNY,CN10Y
2025-02-06,880.91,0.015958,34.43,0.013086437990124891,931637,港股通互联网,CNY,CN10Y
2025-02-07,899.95,0.016032,35.14,0.012425598178713713,931637,港股通互联网,CNY,CN10Y
2025-02-08,,0.016057,35.14,0.012400598178713716,931637,港股通互联网,CNY,CN10Y
2025-02-10,932.96,0.016342,36.47,0.011077797093501509,931637,港股通互联网,CNY,CN10Y
2025-02-11,913.13,0.016274,35.79,0.01166676557697681,931637,港股通互联网,CNY,CN10Y
2025-02-12,941.04,0.016336,37.21,0.010538496103198066,931637,港股通互联网,CNY,CN10Y
2025-02-13,941.21,0.016346,37.21,0.010528496103198066,931637,港股通互联网,CNY,CN10Y
2025-02-14,1018.31,0.016546,39.77,0.008598581342720641,931637,港股通互联网,CNY,CN10Y
2025-02-17,1017.85,0.016934,40.27,0.00789838142537869,931637,港股通互联网,CNY,CN10Y
2025-02-18,1046.29,0.017006,41.7,0.006974815347721822,931637,港股通互联网,CNY,CN10Y
2025-02-19,1039.47,0.016626,41.3,0.007587075060532692,931637,港股通互联网,CNY,CN10Y
2025-02-20,1008.55,0.01685,40.09,0.008093876278373657,931637,港股通互联网,CNY,CN10Y
2025-02-21,1083.29,0.0172,43.14,0.005980343069077423,931637,港股通互联网,CNY,CN10Y
2025-02-24,1064.04,0.017625,42.14,0.006105422401518748,931637,港股通互联网,CNY,CN10Y
2025-02-25,1034.88,0.017275,41.21,0.006990954865323952,931637,港股通互联网,CNY,CN10Y
2025-02-26,1072.89,0.017251,43.05,0.005977803716608596,931637,港股通互联网,CNY,CN10Y
2025-02-27,1044.98,0.017576,42.34,0.00604232782239017,931637,港股通互联网,CNY,CN10Y
2025-02-28,994.37,0.017152,40.57,0.0074967552378604856,931637,港股通互联网,CNY,CN10Y
2025-03-03,1001.98,0.016955,40.99,0.007441194193705779,931637,港股通互联网,CNY,CN10Y
2025-03-04,1003.63,0.017079,41.0,0.007311243902439025,931637,港股通互联网,CNY,CN10Y
2025-03-05,1049.46,0.017083,42.37,0.006518604909133821,931637,港股通互联网,CNY,CN10Y
2025-03-06,1116.29,0.017455,45.14,0.004698300841825435,931637,港股通互联网,CNY,CN10Y
2025-03-07,1106.39,0.018002,44.64,0.0043994336917562715,931637,港股通互联网,CNY,CN10Y
2025-03-10,1074.89,0.018128,43.33,0.004950698361412417,931637,港股通互联网,CNY,CN10Y
2025-03-11,1081.07,0.0188529999999999,43.19,0.004300507756425199,931637,港股通互联网,CNY,CN10Y
2025-03-12,1060.48,0.018334,42.81,0.005025028264424199,931637,港股通互联网,CNY,CN10Y
2025-03-13,1042.64,0.018565,42.25,0.005103639053254436,931637,港股通互联网,CNY,CN10Y
2025-03-14,1070.32,0.018317,43.44,0.004703257826887661,931637,港股通互联网,CNY,CN10Y
2025-03-17,1077.98,0.0189569999999999,43.81,0.0038688388495778207,931637,港股通互联网,CNY,CN10Y
2025-03-18,1112.4,0.018885,45.31,0.003185183182520413,931637,港股通互联网,CNY,CN10Y
2025-03-19,1107.15,0.018708,45.16,0.0034354898139946875,931637,港股通互联网,CNY,CN10Y
2025-03-20,1062.48,0.018309,43.44,0.0047112578268876625,931637,港股通互联网,CNY,CN10Y
2025-03-21,1035.86,0.018458,42.52,0.005060344308560678,931637,港股通互联网,CNY,CN10Y
2025-03-24,1047.29,0.018413,42.97,0.004859050267628579,931637,港股通互联网,CNY,CN10Y
2025-03-25,1007.15,0.018183,41.56,0.005878597690086619,931637,港股通互联网,CNY,CN10Y
2025-03-26,1017.64,0.017943,41.96,0.005889221163012392,931637,港股通互联网,CNY,CN10Y
2025-03-27,1015.49,0.018062,41.98,0.005758867079561695,931637,港股通互联网,CNY,CN10Y
2025-03-28,1007.99,0.018126,41.89,0.005746045834328001,931637,港股通互联网,CNY,CN10Y
2025-03-31,986.94,0.018129,40.77,0.006398839097375521,931637,港股通互联网,CNY,CN10Y
2025-04-01,984.85,0.018104,41.06,0.0062506030199707754,931637,港股通互联网,CNY,CN10Y
2025-04-02,984.12,0.017887,40.94,0.0065389892525647315,931637,港股通互联网,CNY,CN10Y
2025-04-03,974.21,0.01718,40.47,0.007529661477637756,931637,港股通互联网,CNY,CN10Y
2025-04-07,812.3,0.016318,34.38,0.012768678301337984,931637,港股通互联网,CNY,CN10Y
2025-04-08,841.78,0.016633,35.28,0.011711671201814058,931637,港股通互联网,CNY,CN10Y
2025-04-09,868.03,0.016508,36.03,0.01124664890369137,931637,港股通互联网,CNY,CN10Y
2025-04-10,884.91,0.016444,36.42,0.01101344096650192,931637,港股通互联网,CNY,CN10Y
2025-04-11,891.31,0.016568,36.29,0.01098780049600441,931637,港股通互联网,CNY,CN10Y
2025-04-14,907.73,0.016584,37.03,0.010421130974885225,931637,港股通互联网,CNY,CN10Y
2025-04-15,906.36,0.016583,37.28,0.010241034334763949,931637,港股通互联网,CNY,CN10Y
2025-04-16,870.04,0.01643,36.09,0.011278506511499028,931637,港股通互联网,CNY,CN10Y
2025-04-17,885.4,0.016522,36.75,0.010688884353741497,931637,港股通互联网,CNY,CN10Y
2025-04-18,,0.016493,36.75,0.010717884353741495,931637,港股通互联网,CNY,CN10Y
2025-04-21,,0.016664,36.75,0.010546884353741494,931637,港股通互联网,CNY,CN10Y
2025-04-22,894.63,0.016509,37.17,0.010394416733925209,931637,港股通互联网,CNY,CN10Y
2025-04-23,925.21,0.016611,38.51,0.009356281225655676,931637,港股通互联网,CNY,CN10Y
2025-04-24,917.38,0.01664,38.1,0.009606719160104988,931637,港股通互联网,CNY,CN10Y
2025-04-25,917.48,0.016606,38.43,0.009415337496747334,931637,港股通互联网,CNY,CN10Y
2025-04-27,,0.016607,38.43,0.009414337496747333,931637,港股通互联网,CNY,CN10Y
2025-04-28,918.45,0.016483,38.47,0.009511281258123214,931637,港股通互联网,CNY,CN10Y
2025-04-29,924.23,0.016241,38.19,0.00994386514794449,931637,港股通互联网,CNY,CN10Y
2025-04-30,948.64,0.016243,38.83,0.009510283543651816,931637,港股通互联网,CNY,CN10Y
2025-05-02,979.97,0.016243,40.09,0.008700876278373657,931637,港股通互联网,CNY,CN10Y
2025-05-06,984.89,0.016298,40.23,0.008559071836937611,931637,港股通互联网,CNY,CN10Y
2025-05-07,972.92,0.016418,39.71,0.008764573659027955,931637,港股通互联网,CNY,CN10Y
2025-05-08,977.98,0.016331,40.14,0.00858180518186348,931637,港股通互联网,CNY,CN10Y
2025-05-09,975.26,0.016351,40.18,0.008537003982080637,931637,港股通互联网,CNY,CN10Y
2025-05-12,1007.33,0.01688,41.49,0.007222193299590264,931637,港股通互联网,CNY,CN10Y
2025-05-13,976.44,0.016704,40.14,0.008208805181863479,931637,港股通互联网,CNY,CN10Y
2025-05-14,1000.62,0.016736,41.35,0.007447796856106408,931637,港股通互联网,CNY,CN10Y
2025-05-15,989.8,0.016798,41.01,0.007586296513045598,931637,港股通互联网,CNY,CN10Y
2025-05-16,982.0,0.016793,40.06,0.008169556165751372,931637,港股通互联网,CNY,CN10Y
2025-05-19,978.39,0.016893,40.13,0.008026013207077,931637,港股通互联网,CNY,CN10Y
2025-05-20,993.14,0.017004,40.76,0.007529856722276743,931637,港股通互联网,CNY,CN10Y
2025-05-21,1002.16,0.0171,40.95,0.007320024420024419,931637,港股通互联网,CNY,CN10Y
2025-05-22,983.13,0.017186,40.27,0.007646381425378691,931637,港股通互联网,CNY,CN10Y
2025-05-23,984.72,0.017208,40.22,0.007655252113376428,931637,港股通互联网,CNY,CN10Y
2025-05-26,968.63,0.017201,39.36,0.008205504065040649,931637,港股通互联网,CNY,CN10Y
2025-05-27,979.06,0.017261,39.72,0.00791523363544814,931637,港股通互联网,CNY,CN10Y
2025-05-28,973.54,0.016832,39.34,0.00858742043721403,931637,港股通互联网,CNY,CN10Y
2025-05-29,995.67,0.016877,40.0,0.008123000000000002,931637,港股通互联网,CNY,CN10Y
2025-05-30,968.8,0.016712,39.0,0.008929025641025639,931637,港股通互联网,CNY,CN10Y
2025-06-02,965.99,0.016712,38.97,0.008948764690787786,931637,港股通互联网,CNY,CN10Y
2025-06-03,973.35,0.0167639999999999,39.37,0.008636050800101703,931637,港股通互联网,CNY,CN10Y
2025-06-04,981.59,0.016704,39.83,0.008402703489831787,931637,港股通互联网,CNY,CN10Y
2025-06-05,1004.21,0.016741,40.43,0.00799310833539451,931637,港股通互联网,CNY,CN10Y
2025-06-06,994.3,0.016547,40.18,0.008341003982080639,931637,港股通互联网,CNY,CN10Y
2025-06-09,1024.37,0.016559,40.88,0.007902839530332679,931637,港股通互联网,CNY,CN10Y
2025-06-10,1017.71,0.016569,40.52,0.008110170779861793,931637,港股通互联网,CNY,CN10Y
2025-06-11,1027.12,0.01642,40.73,0.008131927326295117,931637,港股通互联网,CNY,CN10Y
2025-06-12,1017.5,0.016475,39.87,0.008606514923501382,931637,港股通互联网,CNY,CN10Y
2025-06-13,1002.12,0.01644,39.5,0.008876455696202531,931637,港股通互联网,CNY,CN10Y
2025-06-16,1025.64,0.016432,40.04,0.008543024975024977,931637,港股通互联网,CNY,CN10Y
2025-06-17,1023.31,0.016364,40.27,0.008468381425378691,931637,港股通互联网,CNY,CN10Y
2025-06-18,1010.99,0.016384,39.69,0.008811263290501387,931637,港股通互联网,CNY,CN10Y
2025-06-19,982.78,0.016425,38.85,0.00931502574002574,931637,港股通互联网,CNY,CN10Y
2025-06-20,991.33,0.016396,39.33,0.009029883549453343,931637,港股通互联网,CNY,CN10Y
2025-06-23,997.68,0.016418,39.4,0.008962710659898478,931637,港股通互联网,CNY,CN10Y
2025-06-24,1020.62,0.0164799999999999,39.98,0.008532506253126664,931637,港股通互联网,CNY,CN10Y
2025-06-25,1029.58,0.016544,40.33,0.008251437639474338,931637,港股通互联网,CNY,CN10Y
2025-06-26,1025.0,0.016462,40.08,0.0084880998003992,931637,港股通互联网,CNY,CN10Y
2025-06-27,1033.87,0.016462,40.32,0.0083395873015873,931637,港股通互联网,CNY,CN10Y
2025-06-30,1028.35,0.016469,39.77,0.008675581342720642,931637,港股通互联网,CNY,CN10Y
2025-07-01,,0.016433,39.77,0.008711581342720643,931637,港股通互联网,CNY,CN10Y
2025-07-02,1018.47,0.016396,39.63,0.008837409033560433,931637,港股通互联网,CNY,CN10Y
2025-07-03,1004.42,0.016407,39.03,0.009214316935690494,931637,港股通互联网,CNY,CN10Y
2025-07-04,1000.97,0.016433,38.71,0.009400118057349523,931637,港股通互联网,CNY,CN10Y
2025-07-07,1001.7,0.016406,38.93,0.009281130747495505,931637,港股通互联网,CNY,CN10Y
2025-07-08,1022.68,0.016444,39.49,0.008878866548493288,931637,港股通互联网,CNY,CN10Y
2025-07-09,1009.56,0.016446,38.78,0.009340487880350697,931637,港股通互联网,CNY,CN10Y
2025-07-10,1010.49,0.016616,38.64,0.00926391718426501,931637,港股通互联网,CNY,CN10Y
2025-07-11,1016.98,0.016653,38.8,0.00912019587628866,931637,港股通互联网,CNY,CN10Y
2025-07-14,1028.46,0.016726,39.09,0.008855990278843689,931637,港股通互联网,CNY,CN10Y
2025-07-15,1064.4,0.016557,40.58,0.008085681123706261,931637,港股通互联网,CNY,CN10Y
2025-07-16,1059.36,0.016617,40.51,0.008068262898049867,931637,港股通互联网,CNY,CN10Y
2025-07-17,1061.01,0.01663,40.4,0.008122475247524755,931637,港股通互联网,CNY,CN10Y
2025-07-18,1087.42,0.016652,40.96,0.0077620625,931637,港股通互联网,CNY,CN10Y
2025-07-21,1090.69,0.016774,41.33,0.0074214996370675045,931637,港股通互联网,CNY,CN10Y
2025-07-22,1082.1,0.016907,41.46,0.0072126333815725995,931637,港股通互联网,CNY,CN10Y
2025-07-23,1108.72,0.017041,42.82,0.006312573096683791,931637,港股通互联网,CNY,CN10Y
2025-07-24,1117.69,0.017376,42.96,0.0059014674115456245,931637,港股通互联网,CNY,CN10Y
2025-07-25,1100.96,0.017324,42.32,0.006305489603024576,931637,港股通互联网,CNY,CN10Y
2025-07-28,1095.94,0.0171459999999999,42.65,0.0063006588511138155,931637,港股通互联网,CNY,CN10Y
2025-07-29,1093.29,0.017466,42.49,0.006068949399858789,931637,港股通互联网,CNY,CN10Y
2025-07-30,1083.13,0.01718,41.93,0.006669272597185784,931637,港股通互联网,CNY,CN10Y
2025-07-31,1079.6,0.017044,41.68,0.006948322456813819,931637,港股通互联网,CNY,CN10Y
2025-08-01,1063.93,0.017059,41.26,0.007177548715462917,931637,港股通互联网,CNY,CN10Y
2025-08-04,1082.37,0.017083,41.79,0.006846169657812873,931637,港股通互联网,CNY,CN10Y
2025-08-05,1091.5,0.017061,42.2,0.006635682464454975,931637,港股通互联网,CNY,CN10Y
2025-08-06,1095.25,0.016999,42.55,0.006502762632197415,931637,港股通互联网,CNY,CN10Y
2025-08-07,1092.04,0.016894,42.4,0.006690905660377361,931637,港股通互联网,CNY,CN10Y
2025-08-08,1079.91,0.016891,41.9,0.00697534844868735,931637,港股通互联网,CNY,CN10Y
2025-08-11,1081.03,0.017203,41.98,0.006617867079561697,931637,港股通互联网,CNY,CN10Y
2025-08-12,1070.92,0.017271,41.8,0.006652444976076553,931637,港股通互联网,CNY,CN10Y
2025-08-13,1113.63,0.017262,43.66,0.0056422601923957864,931637,港股通互联网,CNY,CN10Y
2025-08-14,1113.45,0.017341,43.67,0.005558015342340281,931637,港股通互联网,CNY,CN10Y
2025-08-15,1118.19,0.0174649999999999,43.73,0.005402596615595803,931637,港股通互联网,CNY,CN10Y
2025-08-18,1132.26,0.017872,43.64,0.005042757103574703,931637,港股通互联网,CNY,CN10Y
2025-08-19,1125.14,0.017725,43.83,0.005090423226100843,931637,港股通互联网,CNY,CN10Y
2025-08-20,1116.24,0.01782,43.56,0.00513684113865932,931637,港股通互联网,CNY,CN10Y
2025-08-21,1109.32,0.017667,43.27,0.005443700254217702,931637,港股通互联网,CNY,CN10Y
2025-08-22,1127.3,0.017818,43.95,0.004935128555176336,931637,港股通互联网,CNY,CN10Y
2025-08-25,1158.0,0.017643,45.13,0.004515209616662973,931637,港股通互联网,CNY,CN10Y
2025-08-26,1150.97,0.017598,44.76,0.004743376228775693,931637,港股通互联网,CNY,CN10Y
2025-08-27,1136.24,0.017988,44.24,0.004615978300180831,931637,港股通互联网,CNY,CN10Y
2025-08-28,1112.5,0.018478,43.01,0.004772406882120436,931637,港股通互联网,CNY,CN10Y
2025-08-29,1116.99,0.018379,43.03,0.004860600278875204,931637,港股通互联网,CNY,CN10Y
2025-09-01,1150.5,0.018257,45.11,0.0039110336954112195,931637,港股通互联网,CNY,CN10Y
2025-09-02,1135.31,0.018167,44.87,0.004119605749944286,931637,港股通互联网,CNY,CN10Y
2025-09-03,1135.52,0.017984,44.64,0.004417433691756272,931637,港股通互联网,CNY,CN10Y
2025-09-04,1117.58,0.01806,43.96,0.004687952684258416,931637,港股通互联网,CNY,CN10Y
2025-09-05,1133.07,0.01826,44.69,0.004116370552696355,931637,港股通互联网,CNY,CN10Y
2025-09-08,1140.67,0.018514,45.58,0.0034254471259324293,931637,港股通互联网,CNY,CN10Y
2025-09-09,1163.55,0.018641,46.51,0.002859752526338421,931637,港股通互联网,CNY,CN10Y
2025-09-10,1176.49,0.018992,46.78,0.002384656690893546,931637,港股通互联网,CNY,CN10Y
2025-09-11,1173.04,0.018743,46.53,0.002748510853212982,931637,港股通互联网,CNY,CN10Y
2025-09-12,1197.36,0.01867,47.74,0.0022767951403435266,931637,港股通互联网,CNY,CN10Y
2025-09-15,1201.47,0.018724,48.15,0.0020444319833852545,931637,港股通互联网,CNY,CN10Y
2025-09-16,1195.97,0.018527,48.05,0.0022846545265348614,931637,港股通互联网,CNY,CN10Y
2025-09-17,1242.51,0.018349,49.62,0.0018041640467553396,931637,港股通互联网,CNY,CN10Y
2025-09-18,1227.7,0.018546,48.55,0.0020513223480947487,931637,港股通互联网,CNY,CN10Y
2025-09-19,1230.46,0.018789,48.66,0.001761760378133994,931637,港股通互联网,CNY,CN10Y
2025-09-22,1221.44,0.018647,48.48,0.0019800627062706265,931637,港股通互联网,CNY,CN10Y
2025-09-23,1207.56,0.01877,48.08,0.0020286688851913516,931637,港股通互联网,CNY,CN10Y
2025-09-24,1239.71,0.0190219999999999,49.91,0.001014064916850431,931637,港股通互联网,CNY,CN10Y
2025-09-25,1244.84,0.01884,50.14,0.0011041563621858805,931637,港股通互联网,CNY,CN10Y
2025-09-26,1199.58,0.018768,48.85,0.0017028290685772753,931637,港股通互联网,CNY,CN10Y
2025-09-28,,0.018781,48.85,0.0016898290685772761,931637,港股通互联网,CNY,CN10Y
2025-09-29,1226.71,0.01887,49.94,0.0011540288346015212,931637,港股通互联网,CNY,CN10Y
2025-09-30,1250.32,0.018605,50.54,0.0011813078749505351,931637,港股通互联网,CNY,CN10Y
2025-10-02,1268.1,0.018605,51.77,0.0007112062970832528,931637,港股通互联网,CNY,CN10Y
2025-10-03,1262.08,0.018605,51.64,0.0007598334624322224,931637,港股通互联网,CNY,CN10Y
2025-10-06,1249.45,0.018605,51.26,0.000903388607101055,931637,港股通互联网,CNY,CN10Y
2025-10-08,1238.24,0.018605,50.87,0.0010529516414389643,931637,港股通互联网,CNY,CN10Y
2025-10-09,1229.07,0.018466,50.58,0.001304660340055358,931637,港股通互联网,CNY,CN10Y
2025-10-10,1188.37,0.01846,48.74,0.0020570291341813693,931637,港股通互联网,CNY,CN10Y
2025-10-11,,0.018206,48.74,0.00231102913418137,931637,港股通互联网,CNY,CN10Y
2025-10-13,1165.86,0.018383,47.72,0.002572574182732608,931637,港股通互联网,CNY,CN10Y
2025-10-14,1124.81,0.018368,46.36,0.003202319240724765,931637,港股通互联网,CNY,CN10Y
2025-10-15,1154.43,0.018449,47.19,0.002741930281839375,931637,港股通互联网,CNY,CN10Y
2025-10-16,1143.07,0.018407,46.7,0.003006276231263382,931637,港股通互联网,CNY,CN10Y
2025-10-17,1098.29,0.018246,45.3,0.0038290551876379725,931637,港股通互联网,CNY,CN10Y
2025-10-20,1128.24,0.018498,46.83,0.0028558330130258394,931637,港股通互联网,CNY,CN10Y
2025-10-21,1140.25,0.018357,47.14,0.002856406873143827,931637,港股通互联网,CNY,CN10Y
2025-10-22,1124.17,0.018293,46.55,0.003189277121374866,931637,港股通互联网,CNY,CN10Y
2025-10-23,1130.33,0.018391,47.18,0.0028044217888935977,931637,港股通互联网,CNY,CN10Y
2025-10-24,1142.19,0.018486,47.63,0.00250917111064455,931637,港股通互联网,CNY,CN10Y
2025-10-27,1163.53,0.018423,48.72,0.0021024515599343194,931637,港股通互联网,CNY,CN10Y
2025-10-28,1149.85,0.018179,47.87,0.0027109101733862537,931637,港股通互联网,CNY,CN10Y
2025-10-29,,0.018208,47.87,0.002681910173386256,931637,港股通互联网,CNY,CN10Y
2025-10-30,1144.72,0.018098,48.13,0.0026790621234157493,931637,港股通互联网,CNY,CN10Y
2025-10-31,1124.08,0.017954,46.67,0.003473040925648166,931637,港股通互联网,CNY,CN10Y
2025-11-03,1136.33,0.017944,46.75,0.0034463743315507993,931637,港股通互联网,CNY,CN10Y
2025-11-04,1110.74,0.017984,46.21,0.0036563375892663917,931637,港股通互联网,CNY,CN10Y
2025-11-05,1101.6,0.017964,46.12,0.0037185672159583683,931637,港股通互联网,CNY,CN10Y
2025-11-06,1120.34,0.0181,47.24,0.0030685012701100745,931637,港股通互联网,CNY,CN10Y
2025-11-07,1090.93,0.018142,46.17,0.003517085986571366,931637,港股通互联网,CNY,CN10Y
2025-11-10,1114.41,0.018139,47.15,0.003069907741251328,931637,港股通互联网,CNY,CN10Y
2025-11-11,1111.33,0.018119,47.02,0.0031485457252233076,931637,港股通互联网,CNY,CN10Y
2025-11-12,1111.48,0.018071,47.1,0.003160422505307854,931637,港股通互联网,CNY,CN10Y
2025-11-13,1119.66,0.018126,47.29,0.0030201196870374286,931637,港股通互联网,CNY,CN10Y
2025-11-14,1096.29,0.01814,46.05,0.0035755266015200897,931637,港股通互联网,CNY,CN10Y
2025-11-17,1088.84,0.018109,45.84,0.00370600872600349,931637,港股通互联网,CNY,CN10Y
2025-11-18,1069.26,0.018121,45.05,0.004076558268590456,931637,港股通互联网,CNY,CN10Y
2025-11-19,1060.62,0.018179,44.85,0.004117544035674468,931637,港股通互联网,CNY,CN10Y
2025-11-20,1056.19,0.018135,44.72,0.004226359570661899,931637,港股通互联网,CNY,CN10Y
2025-11-21,1029.06,0.018166,43.57,0.004785572182694514,931637,港股通互联网,CNY,CN10Y
2025-11-24,1059.5,0.01821,44.83,0.004096491188935982,931637,港股通互联网,CNY,CN10Y
2025-11-25,1075.78,0.018301,45.29,0.0037789293442260993,931637,港股通互联网,CNY,CN10Y
2025-11-26,1072.41,0.018462,44.84,0.0038395165031222117,931637,港股通互联网,CNY,CN10Y
2025-11-27,1064.21,0.0185369999999999,44.32,0.00402617689530696,931637,港股通互联网,CNY,CN10Y
2025-11-28,1063.39,0.0184119999999999,44.28,0.004171559168925122,931637,港股通互联网,CNY,CN10Y
2025-12-01,1069.74,0.018366,44.66,0.00402540170174653,931637,港股通互联网,CNY,CN10Y
2025-12-02,1059.99,0.018442,44.61,0.003974498542927595,931637,港股通互联网,CNY,CN10Y
2025-12-03,1040.5,0.018519,43.99,0.004213439190725164,931637,港股通互联网,CNY,CN10Y
2025-12-04,1053.21,0.018718,44.36,0.003824831379621283,931637,港股通互联网,CNY,CN10Y
2025-12-05,1061.35,0.01848,44.5,0.00399191011235955,931637,港股通互联网,CNY,CN10Y
2025-12-08,1054.87,0.018499,44.18,0.004135676324128562,931637,港股通互联网,CNY,CN10Y
2025-12-09,1038.73,0.018425,43.65,0.004484507445589921,931637,港股通互联网,CNY,CN10Y
2025-12-10,1041.48,0.018447,43.9,0.004332043280182232,931637,港股通互联网,CNY,CN10Y
2025-12-11,1032.15,0.018404,43.68,0.004489772893772892,931637,港股通互联网,CNY,CN10Y
2025-12-12,1055.39,0.018396,44.59,0.004030553038797936,931637,港股通互联网,CNY,CN10Y
2025-12-15,1033.26,0.018488,43.54,0.004479386311437759,931637,港股通互联网,CNY,CN10Y
2025-12-16,1013.48,0.018458,42.78,0.004917409069658721,931637,港股通互联网,CNY,CN10Y
2025-12-17,1025.28,0.01834,43.36,0.004722730627306274,931637,港股通互联网,CNY,CN10Y
2025-12-18,1014.26,0.0183559999999999,43.05,0.0048728037166086945,931637,港股通互联网,CNY,CN10Y
2025-12-19,1023.21,0.018308,43.55,0.00465411251435132,931637,港股通互联网,CNY,CN10Y
2025-12-22,1028.42,0.018415,43.61,0.004515520522815869,931637,港股通互联网,CNY,CN10Y
2025-12-23,1022.26,0.018352,43.06,0.004871409196470042,931637,港股通互联网,CNY,CN10Y
2025-12-24,1019.31,0.0183559999999999,43.0,0.004899813953488472,931637,港股通互联网,CNY,CN10Y
2025-12-25,,0.018386,43.0,0.004869813953488372,931637,港股通互联网,CNY,CN10Y
2025-12-26,,0.018376,43.0,0.004879813953488372,931637,港股通互联网,CNY,CN10Y
2025-12-29,1010.18,0.018584,42.38,0.005012035865974516,931637,港股通互联网,CNY,CN10Y
2025-12-30,1018.3,0.018582,42.55,0.004919762632197414,931637,港股通互联网,CNY,CN10Y
2025-12-31,1014.01,0.018473,42.3,0.005167661938534282,931637,港股通互联网,CNY,CN10Y
2026-01-02,1043.26,0.018473,43.83,0.004342423226100844,931637,港股通互联网,CNY,CN10Y
2026-01-04,,0.018427,43.83,0.004388423226100845,931637,港股通互联网,CNY,CN10Y
2026-01-05,1057.14,0.018584,44.22,0.004030201718679332,931637,港股通互联网,CNY,CN10Y
2026-01-06,1069.68,0.018829,44.44,0.0036732502250225035,931637,港股通互联网,CNY,CN10Y
2026-01-07,1053.85,0.0190189999999999,43.69,0.003869532845044734,931637,港股通互联网,CNY,CN10Y
2026-01-08,1043.57,0.018905,42.94,0.004383309268747089,931637,港股通互联网,CNY,CN10Y
2026-01-09,1057.68,0.018782,43.08,0.004430627669452184,931637,港股通互联网,CNY,CN10Y
2026-01-12,1114.02,0.018585,44.55,0.003861689113355781,931637,港股通互联网,CNY,CN10Y
2026-01-13,1118.15,0.018519,45.01,0.0036982850477671643,931637,港股通互联网,CNY,CN10Y
2026-01-14,1138.27,0.018494,45.96,0.0032640504786771093,931637,港股通互联网,CNY,CN10Y
2026-01-15,1116.94,0.018544,45.08,0.0036387861579414357,931637,港股通互联网,CNY,CN10Y
2026-01-16,1108.58,0.018424,44.84,0.0038775165031222115,931637,港股通互联网,CNY,CN10Y
2026-01-19,1082.86,0.018393,43.97,0.004349779167614285,931637,港股通互联网,CNY,CN10Y
2026-01-20,1072.54,0.018326,43.44,0.004694257826887663,931637,港股通互联网,CNY,CN10Y
2026-01-21,1084.77,0.018312,43.87,0.004482620469569185,931637,港股通互联网,CNY,CN10Y
2026-01-22,1082.22,0.018425,43.74,0.004437368541380885,931637,港股通互联网,CNY,CN10Y
2026-01-23,1090.81,0.018298,44.06,0.004398323195642307,931637,港股通互联网,CNY,CN10Y
2026-01-26,1081.41,0.018242,43.79,0.004594263987211692,931637,港股通互联网,CNY,CN10Y
2026-01-27,1090.51,0.018311,44.4,0.004211522522522524,931637,港股通互联网,CNY,CN10Y
2026-01-28,1113.91,0.018164,45.28,0.0039208056537102486,931637,港股通互联网,CNY,CN10Y
2026-01-29,1116.14,0.018174,45.37,0.003866996253030639,931637,港股通互联网,CNY,CN10Y
2026-01-30,1088.41,0.018112,44.26,0.0044817641211025785,931637,港股通互联网,CNY,CN10Y
2026-02-02,1058.85,0.0182,43.3,0.0048946882217090065,931637,港股通互联网,CNY,CN10Y
2026-02-03,1045.51,0.018172,42.26,0.005491038334122102,931637,港股通互联网,CNY,CN10Y
2026-02-04,1020.28,0.018193,41.22,0.006067067928190197,931637,港股通互联网,CNY,CN10Y
2026-02-05,1028.96,0.018169,41.43,0.005968098720733766,931637,港股通互联网,CNY,CN10Y
2026-02-06,1009.94,0.018102,40.57,0.006546755237860486,931637,港股通互联网,CNY,CN10Y
2026-02-09,1027.28,0.0181139999999999,41.2,0.006157844660194273,931637,港股通互联网,CNY,CN10Y
2026-02-10,1028.54,0.018094,40.97,0.0063141034903588,931637,港股通互联网,CNY,CN10Y
2026-02-11,1039.42,0.017994,41.01,0.006390296513045599,931637,港股通互联网,CNY,CN10Y
2026-02-12,1022.08,0.017893,40.16,0.007007398406374505,931637,港股通互联网,CNY,CN10Y
2026-02-13,1009.41,0.017928,39.77,0.007216581342720643,931637,港股通互联网,CNY,CN10Y
2026-02-14,,0.017899,39.77,0.007245581342720641,931637,港股通互联网,CNY,CN10Y
2026-02-16,1008.24,0.017899,39.73,0.007270896803423105,931637,港股通互联网,CNY,CN10Y
2026-02-20,977.39,0.017899,38.48,0.008088525987525987,931637,港股通互联网,CNY,CN10Y
2026-02-23,1005.9,0.017899,39.71,0.007283573659027952,931637,港股通互联网,CNY,CN10Y
2026-02-24,972.33,0.018023,38.36,0.008045821689259644,931637,港股通互联网,CNY,CN10Y
2026-02-25,970.1,0.018158,38.37,0.007904027625749283,931637,港股通互联网,CNY,CN10Y
2026-02-26,944.96,0.018288,37.24,0.008564846401718583,931637,港股通互联网,CNY,CN10Y
2026-02-27,950.4,0.017877,37.49,0.008796779674579886,931637,港股通互联网,CNY,CN10Y
2026-02-28,,0.017753,37.49,0.008920779674579885,931637,港股通互联网,CNY,CN10Y
2026-03-02,911.67,0.017761,36.65,0.009524129604365623,931637,港股通互联网,CNY,CN10Y
2026-03-03,892.11,0.017807,36.27,0.009763995312930793,931637,港股通互联网,CNY,CN10Y
2026-03-04,883.24,0.017768,35.78,0.010180574622694241,931637,港股通互联网,CNY,CN10Y
2026-03-05,875.48,0.017779,35.24,0.010597844494892168,931637,港股通互联网,CNY,CN10Y
2026-03-06,898.07,0.01781,36.41,0.009654982147761608,931637,港股通互联网,CNY,CN10Y
2026-03-09,899.74,0.018054,36.35,0.009456316368638237,931637,港股通互联网,CNY,CN10Y
2026-03-10,922.97,0.018055,37.81,0.008393029621793172,931637,港股通互联网,CNY,CN10Y
2026-03-11,916.69,0.018075,37.6,0.008520744680851063,931637,港股通互联网,CNY,CN10Y
2026-03-12,904.9,0.018052,37.29,0.008764840976133014,931637,港股通互联网,CNY,CN10Y
2026-03-13,898.58,0.018143,37.46,0.008552141484249865,931637,港股通互联网,CNY,CN10Y
2026-03-16,919.44,0.018312,38.24,0.007838627615062762,931637,港股通互联网,CNY,CN10Y
2026-03-17,920.37,0.018314,37.94,0.00804340643120717,931637,港股通互联网,CNY,CN10Y
2026-03-18,928.89,0.018175,38.08,0.008085504201680672,931637,港股通互联网,CNY,CN10Y
2026-03-19,903.74,0.018252,36.51,0.009137756231169542,931637,港股通互联网,CNY,CN10Y
2026-03-20,871.19,0.018299,35.2,0.010110090909090909,931637,港股通互联网,CNY,CN10Y
2026-03-23,840.39,0.018316,34.4,0.010753767441860466,931637,港股通互联网,CNY,CN10Y
2026-03-24,860.85,0.018272,35.27,0.010080707683583781,931637,港股通互联网,CNY,CN10Y
2026-03-25,880.22,0.018233,35.8,0.009699960893854751,931637,港股通互联网,CNY,CN10Y
2026-03-26,853.68,0.018194,34.76,0.010574699654775609,931637,港股通互联网,CNY,CN10Y
2026-03-27,856.18,0.018172,34.73,0.01062155024474518,931637,港股通互联网,CNY,CN10Y
2026-03-30,837.96,0.018063,33.98,0.011366075927015894,931637,港股通互联网,CNY,CN10Y
2026-03-31,828.15,0.018171,33.78,0.011432315571343991,931637,港股通互联网,CNY,CN10Y
2026-04-01,847.24,0.018244,34.43,0.010800437990124891,931637,港股通互联网,CNY,CN10Y
2026-04-02,828.14,0.018209,33.76,0.011411853080568721,931637,港股通互联网,CNY,CN10Y
2026-04-03,,0.018199,33.76,0.011421853080568721,931637,港股通互联网,CNY,CN10Y
2026-04-07,,0.018171,33.76,0.011449853080568721,931637,港股通互联网,CNY,CN10Y
2026-04-08,880.67,0.018136,35.2,0.010273090909090909,931637,港股通互联网,CNY,CN10Y
2026-04-09,860.21,0.018192,34.78,0.01056015641173088,931637,港股通互联网,CNY,CN10Y
2026-04-10,860.95,0.018128,34.77,0.010632425654299681,931637,港股通互联网,CNY,CN10Y
2026-04-13,844.81,0.0179329999999999,33.96,0.011513407538280427,931637,港股通互联网,CNY,CN10Y
2026-04-14,853.81,0.0178289999999999,34.1,0.011496513196481036,931637,港股通互联网,CNY,CN10Y
2026-04-15,865.54,0.017809,34.67,0.011034380444188058,931637,港股通互联网,CNY,CN10Y
2026-04-16,896.59,0.0178119999999999,36.09,0.009896506511499127,931637,港股通互联网,CNY,CN10Y
2026-04-17,886.39,0.017623,35.84,0.010278785714285713,931637,港股通互联网,CNY,CN10Y
2026-04-20,894.32,0.017627,36.27,0.009943995312930793,931637,港股通互联网,CNY,CN10Y
2026-04-21,890.58,0.0175099999999999,36.12,0.010175492801771973,931637,港股通互联网,CNY,CN10Y
2026-04-22,866.98,0.0173889999999999,35.09,0.011109147620404769,931637,港股通互联网,CNY,CN10Y
2026-04-23,854.44,0.0175479999999999,34.61,0.011345383415198019,931637,港股通互联网,CNY,CN10Y
2026-04-24,852.67,0.017601,34.63,0.011275696505919721,931637,港股通互联网,CNY,CN10Y
2026-04-27,842.36,0.017697,33.89,0.011810229271171434,931637,港股通互联网,CNY,CN10Y
2026-04-28,822.28,0.017654,33.32,0.012358004801920768,931637,港股通互联网,CNY,CN10Y
2026-04-29,840.73,0.017444,33.95,0.012011081001472749,931637,港股通互联网,CNY,CN10Y
2026-04-30,823.84,0.017473,33.08,0.012756746070133013,931637,港股通互联网,CNY,CN10Y
2026-05-04,847.88,0.017473,33.97,0.011964739181630851,931637,港股通互联网,CNY,CN10Y
2026-05-05,843.73,0.017473,33.83,0.01208656251847473,931637,港股通互联网,CNY,CN10Y
2026-05-06,846.13,0.017654,33.7,0.012019590504451037,931637,港股通互联网,CNY,CN10Y
2026-05-07,872.66,0.0176309999999999,34.8,0.011104632183908149,931637,港股通互联网,CNY,CN10Y
2026-05-08,878.17,0.017648,34.63,0.011228696505919719,931637,港股通互联网,CNY,CN10Y
2026-05-09,,0.0176699999999999,34.63,0.011206696505919819,931637,港股通互联网,CNY,CN10Y
2026-05-11,866.11,0.017622,33.96,0.011824407538280329,931637,港股通互联网,CNY,CN10Y
2026-05-12,856.25,0.017592,33.63,0.012143355337496282,931637,港股通互联网,CNY,CN10Y
2026-05-13,860.57,0.017514,33.86,0.012019372711163618,931637,港股通互联网,CNY,CN10Y
2026-05-14,862.41,0.017588,34.07,0.011763335485764602,931637,港股通互联网,CNY,CN10Y
2026-05-15,834.57,0.017658,33.35,0.012327007496251874,931637,港股通互联网,CNY,CN10Y
2026-05-18,822.24,0.017585,32.94,0.012773227079538558,931637,港股通互联网,CNY,CN10Y
2026-05-19,826.2,0.017345,33.4,0.012595119760479043,931637,港股通互联网,CNY,CN10Y
2026-05-20,813.21,0.0173819999999999,33.04,0.012884343825665959,931637,港股通互联网,CNY,CN10Y
2026-05-21,789.77,0.0174479999999999,31.88,0.013919628607277391,931637,港股通互联网,CNY,CN10Y
2026-05-22,792.21,0.017519,32.0,0.013731,931637,港股通互联网,CNY,CN10Y
2026-05-25,,0.017484,32.0,0.013766,931637,港股通互联网,CNY,CN10Y
2026-05-26,785.38,0.017405,31.82,0.014021775612822123,931637,港股通互联网,CNY,CN10Y
2026-05-27,772.09,0.017216,31.25,0.014784000000000002,931637,港股通互联网,CNY,CN10Y
2026-05-28,755.06,0.017193,30.61,0.015476062397909184,931637,港股通互联网,CNY,CN10Y
2026-05-29,755.59,0.01709,30.54,0.01565394237066143,931637,港股通互联网,CNY,CN10Y
2026-06-01,785.23,0.017009,31.22,0.015021749519538757,931637,港股通互联网,CNY,CN10Y
2026-06-02,827.92,0.017036,33.68,0.01265521140142518,931637,港股通互联网,CNY,CN10Y
2026-06-03,792.61,0.017128,32.56,0.013584530712530709,931637,港股通互联网,CNY,CN10Y
2026-06-04,775.85,0.017081,32.01,0.014159237425804438,931637,港股通互联网,CNY,CN10Y
2026-06-05,771.84,0.017207,31.67,0.014368623618566466,931637,港股通互联网,CNY,CN10Y
2026-06-08,750.63,0.017275,31.02,0.014962266279819475,931637,港股通互联网,CNY,CN10Y
2026-06-09,751.32,0.017376,31.09,0.014788683177870698,931637,港股通互联网,CNY,CN10Y
2026-06-10,751.04,0.017476,31.28,0.014493309462915605,931637,港股通互联网,CNY,CN10Y
2026-06-11,736.94,0.017475,30.48,0.015333398950131232,931637,港股通互联网,CNY,CN10Y
2026-06-12,747.49,0.0174269999999999,30.91,0.014924989647363412,931637,港股通互联网,CNY,CN10Y
2026-06-15,748.75,0.017446,30.67,0.015159151613955004,931637,港股通互联网,CNY,CN10Y
2026-06-16,727.52,0.017324,29.89,0.01613200535296086,931637,港股通互联网,CNY,CN10Y
2026-06-17,722.46,0.01727,29.76,0.016332150537634406,931637,港股通互联网,CNY,CN10Y
2026-06-18,707.13,0.017299,29.26,0.016877349965823647,931637,港股通互联网,CNY,CN10Y
2026-06-22,693.02,0.017375,28.78,0.017371351633078527,931637,港股通互联网,CNY,CN10Y
2026-06-23,669.27,0.017437,27.68,0.018690167630057805,931637,港股通互联网,CNY,CN10Y
2026-06-24,669.29,0.017454,28.23,0.017969308537017354,931637,港股通互联网,CNY,CN10Y
2026-06-25,654.52,0.017351,27.51,0.01899941802980734,931637,港股通互联网,CNY,CN10Y
2026-06-26,631.51,0.017314,26.57,0.020322432066240122,931637,港股通互联网,CNY,CN10Y
2026-06-29,654.54,0.01717,27.27,0.019500333700036673,931637,港股通互联网,CNY,CN10Y
2026-06-30,653.73,0.01733,27.54,0.018980820624546115,931637,港股通互联网,CNY,CN10Y
2026-07-01,,0.0174479999999999,27.54,0.018862820624546216,931637,港股通互联网,CNY,CN10Y
2026-07-02,668.57,0.01741,27.89,0.018445145213338118,931637,港股通互联网,CNY,CN10Y
2026-07-03,679.12,0.017463,27.99,0.01826404537334763,931637,港股通互联网,CNY,CN10Y
2026-07-04,,0.017463,29.08,0.016924895460797805,931637,港股通互联网,CNY,CN10Y
2026-07-05,,0.017463,29.08,0.016924895460797805,931637,港股通互联网,CNY,CN10Y
2026-07-06,696.3,0.017379,29.08,0.017008895460797806,931637,港股通互联网,CNY,CN10Y
2026-07-07,692.99,0.0174059999999999,29.32,0.016700412005457126,931637,港股通互联网,CNY,CN10Y
2026-07-08,740.09,0.0173849999999999,31.2,0.014666282051282155,931637,港股通互联网,CNY,CN10Y
2026-07-09,726.44,0.017376,30.77,0.015123187520311995,931637,港股通互联网,CNY,CN10Y
2026-07-10,733.05,0.017398,30.65,0.015228427406199025,931637,港股通互联网,CNY,CN10Y
2026-07-11,,0.017398,30.56,0.015324513089005235,931637,港股通互联网,CNY,CN10Y
2026-07-12,,0.017398,30.56,0.015324513089005235,931637,港股通互联网,CNY,CN10Y
2026-07-13,721.77,0.017442,30.56,0.015280513089005236,931637,港股通互联网,CNY,CN10Y
2026-07-14,725.01,0.017402,30.58,0.015299111837802484,931637,港股通互联网,CNY,CN10Y
2026-07-15,740.88,0.0174059999999999,30.34,0.01555378905735013,931637,港股通互联网,CNY,CN10Y
2026-07-16,769.82,0.017437,31.21,0.01460401249599487,931637,港股通互联网,CNY,CN10Y
2026-07-17,737.54,0.017404,30.01,0.015918225924691765,931637,港股通互联网,CNY,CN10Y
2026-07-18,,0.017404,31.01,0.014843662044501774,931637,港股通互联网,CNY,CN10Y
2026-07-19,,0.017404,31.01,0.014843662044501774,931637,港股通互联网,CNY,CN10Y
2026-07-20,762.06,0.017453,31.01,0.014794662044501774,931637,港股通互联网,CNY,CN10Y
2026-07-21,760.93,0.01745,30.83,0.014985939020434644,931637,港股通互联网,CNY,CN10Y
2026-07-22,731.87,0.017297,29.29,0.016844345168999658,931637,港股通互联网,CNY,CN10Y
2026-07-23,738.96,0.017325,29.59,0.016470201081446437,931637,港股通互联网,CNY,CN10Y
2026-07-24,721.1,0.017282,28.83,0.0174040908775581,931637,港股通互联网,CNY,CN10Y
2026-07-25,,0.017282,29.42,0.016708482664853842,931637,港股通互联网,CNY,CN10Y
2026-07-26,,0.017282,29.42,0.016708482664853842,931637,港股通互联网,CNY,CN10Y
2026-07-27,738.98,0.017337,29.42,0.01665348266485384,931637,港股通互联网,CNY,CN10Y
2026-07-28,747.93,0.017351,29.78,0.0162285836131632,931637,港股通互联网,CNY,CN10Y
2026-07-29,775.05,0.017329,30.84,0.015096421530479898,931637,港股通互联网,CNY,CN10Y
2026-07-30,771.24,0.017196,30.79,0.015282077297823968,931637,港股通互联网,CNY,CN10Y
2026-07-31,776.72,0.017141,31.05,0.015065119162640899,931637,港股通互联网,CNY,CN10Y
2026-08-01,,0.017141,32.05,0.014060248049921998,931637,港股通互联网,CNY,CN10Y
2026-08-02,,0.017141,32.05,0.014060248049921998,931637,港股通互联网,CNY,CN10Y
2026-08-03,793.56,0.017169,32.05,0.014032248049921998,931637,港股通互联网,CNY,CN10Y
2026-08-04,794.89,0.017126,31.97,0.014153324366593684,931637,港股通互联网,CNY,CN10Y
2026-08-05,798.14,0.017137,32.18,0.013938201988812928,931637,港股通互联网,CNY,CN10Y
2026-08-06,779.3,0.017143,31.42,0.014683861871419478,931637,港股通互联网,CNY,CN10Y
2026-08-07,779.4,0.017114,31.4,0.014733133757961783,931637,港股通互联网,CNY,CN10Y
2026-08-10,792.26,0.017074,31.8,0.014372540880503146,931637,港股通互联网,CNY,CN10Y
2026-08-11,778.56,0.017161,31.28,0.014808309462915604,931637,港股通互联网,CNY,CN10Y
2026-08-12,762.12,0.017141,30.55,0.015592224222585927,931637,港股通互联网,CNY,CN10Y
2026-08-13,749.45,0.017032000000000002,29.79,0.01653631151393085,931637,港股通互联网,CNY,CN10Y
2026-08-14,740.15,0.016964,29.51,0.01692281802778719,931637,港股通互联网,CNY,CN10Y
2026-08-17,748.5,0.016923999999999998,29.88,0.01654320214190094,931637,港股通互联网,CNY,CN10Y
2026-08-18,745.04,0.016864,30.01,0.016458225924691764,931637,港股通互联网,CNY,CN10Y
2026-08-19,745.94,0.016831,30.1,0.016391591362126243,931637,港股通互联网,CNY,CN10Y
2026-08-20,741.29,0.016832,30.2,0.016280582781456956,931637,港股通互联网,CNY,CN10Y
2026-08-21,748.53,0.016839,30.37,0.01608823081988805,931637,港股通互联网,CNY,CN10Y
2026-08-24,721.06,0.016794,28.96,0.017736386740331494,931637,港股通互联网,CNY,CN10Y
2026-08-25,721.8,0.016815,29.06,0.017596562284927734,931637,港股通互联网,CNY,CN10Y
2026-08-26,728.44,0.016887,29.38,0.017149759700476518,931637,港股通互联网,CNY,CN10Y
2026-08-27,722.0,0.016988,29.24,0.017211726402188782,931637,港股通互联网,CNY,CN10Y
2026-08-28,726.3,0.016949000000000002,29.39,0.017076178632187817,931637,港股通互联网,CNY,CN10Y
2026-08-31,723.7,0.016883,29.33,0.01721178349812479,931637,港股通互联网,CNY,CN10Y
2026-09-01,713.55,0.016834000000000002,28.63,0.018094396786587495,931637,港股通互联网,CNY,CN10Y
2026-09-02,710.17,0.016861,28.54,0.018177542396636298,931637,港股通互联网,CNY,CN10Y
2026-09-03,698.84,0.016798,28.07,0.018827222657641612,931637,港股通互联网,CNY,CN10Y
