Date,IndexClose,Bond_Yield_10Y,PE,ERP,IndexCode,IndexName,Currency,BondCode
2005-04-08,1071.01,,,,399986,中证银行,CNY,CN10Y
2005-04-11,1066.09,,,,399986,中证银行,CNY,CN10Y
2005-04-12,1044.18,,,,399986,中证银行,CNY,CN10Y
2005-04-13,1066.0,,,,399986,中证银行,CNY,CN10Y
2005-04-14,1041.46,,,,399986,中证银行,CNY,CN10Y
2005-04-15,1036.58,,,,399986,中证银行,CNY,CN10Y
2005-04-18,1026.59,,,,399986,中证银行,CNY,CN10Y
2005-04-19,1044.02,,,,399986,中证银行,CNY,CN10Y
2005-04-20,1023.41,,,,399986,中证银行,CNY,CN10Y
2005-04-21,1027.08,,,,399986,中证银行,CNY,CN10Y
2005-04-22,1016.54,,,,399986,中证银行,CNY,CN10Y
2005-04-25,1013.24,,,,399986,中证银行,CNY,CN10Y
2005-04-26,1019.12,,,,399986,中证银行,CNY,CN10Y
2005-04-27,1015.91,,,,399986,中证银行,CNY,CN10Y
2005-04-28,1022.73,,,,399986,中证银行,CNY,CN10Y
2005-04-29,1043.1,,,,399986,中证银行,CNY,CN10Y
2005-05-09,1022.99,,,,399986,中证银行,CNY,CN10Y
2005-05-10,1043.74,,,,399986,中证银行,CNY,CN10Y
2005-05-11,1033.76,,,,399986,中证银行,CNY,CN10Y
2005-05-12,999.54,,,,399986,中证银行,CNY,CN10Y
2005-05-13,1006.0,,,,399986,中证银行,CNY,CN10Y
2005-05-16,1000.47,,,,399986,中证银行,CNY,CN10Y
2005-05-17,1009.49,,,,399986,中证银行,CNY,CN10Y
2005-05-18,1015.35,,,,399986,中证银行,CNY,CN10Y
2005-05-19,1021.1,,,,399986,中证银行,CNY,CN10Y
2005-05-20,1013.78,,,,399986,中证银行,CNY,CN10Y
2005-05-23,982.74,,,,399986,中证银行,CNY,CN10Y
2005-05-24,994.89,,,,399986,中证银行,CNY,CN10Y
2005-05-25,996.08,,,,399986,中证银行,CNY,CN10Y
2005-05-26,986.6,,,,399986,中证银行,CNY,CN10Y
2005-05-27,981.4,,,,399986,中证银行,CNY,CN10Y
2005-05-30,981.57,,,,399986,中证银行,CNY,CN10Y
2005-05-31,980.31,,,,399986,中证银行,CNY,CN10Y
2005-06-01,967.39,,,,399986,中证银行,CNY,CN10Y
2005-06-02,940.81,,,,399986,中证银行,CNY,CN10Y
2005-06-03,963.41,,,,399986,中证银行,CNY,CN10Y
2005-06-06,982.57,,,,399986,中证银行,CNY,CN10Y
2005-06-07,976.53,,,,399986,中证银行,CNY,CN10Y
2005-06-08,1050.78,,,,399986,中证银行,CNY,CN10Y
2005-06-09,1040.95,,,,399986,中证银行,CNY,CN10Y
2005-06-10,1047.28,,,,399986,中证银行,CNY,CN10Y
2005-06-13,1038.67,,,,399986,中证银行,CNY,CN10Y
2005-06-14,1024.22,,,,399986,中证银行,CNY,CN10Y
2005-06-15,1005.16,,,,399986,中证银行,CNY,CN10Y
2005-06-16,1034.24,,,,399986,中证银行,CNY,CN10Y
2005-06-17,1040.11,,,,399986,中证银行,CNY,CN10Y
2005-06-20,1070.82,,,,399986,中证银行,CNY,CN10Y
2005-06-21,1054.14,,,,399986,中证银行,CNY,CN10Y
2005-06-22,1075.1,,,,399986,中证银行,CNY,CN10Y
2005-06-23,1055.03,,,,399986,中证银行,CNY,CN10Y
2005-06-24,1059.44,,,,399986,中证银行,CNY,CN10Y
2005-06-27,1075.63,,,,399986,中证银行,CNY,CN10Y
2005-06-28,1060.69,,,,399986,中证银行,CNY,CN10Y
2005-06-29,1047.27,,,,399986,中证银行,CNY,CN10Y
2005-06-30,1031.52,,,,399986,中证银行,CNY,CN10Y
2005-07-01,1006.12,,,,399986,中证银行,CNY,CN10Y
2005-07-04,1016.62,,,,399986,中证银行,CNY,CN10Y
2005-07-05,1010.29,,,,399986,中证银行,CNY,CN10Y
2005-07-06,1006.99,,,,399986,中证银行,CNY,CN10Y
2005-07-07,1004.75,,,,399986,中证银行,CNY,CN10Y
2005-07-08,986.76,,,,399986,中证银行,CNY,CN10Y
2005-07-11,994.1,,,,399986,中证银行,CNY,CN10Y
2005-07-12,1052.94,,,,399986,中证银行,CNY,CN10Y
2005-07-13,1038.37,,,,399986,中证银行,CNY,CN10Y
2005-07-14,1044.71,,,,399986,中证银行,CNY,CN10Y
2005-07-15,1039.15,,,,399986,中证银行,CNY,CN10Y
2005-07-18,1042.3,,,,399986,中证银行,CNY,CN10Y
2005-07-19,1047.02,,,,399986,中证银行,CNY,CN10Y
2005-07-20,1052.39,,,,399986,中证银行,CNY,CN10Y
2005-07-21,1052.19,,,,399986,中证银行,CNY,CN10Y
2005-07-22,1085.8,,,,399986,中证银行,CNY,CN10Y
2005-07-25,1086.7,,,,399986,中证银行,CNY,CN10Y
2005-07-26,1101.56,,,,399986,中证银行,CNY,CN10Y
2005-07-27,1108.89,,,,399986,中证银行,CNY,CN10Y
2005-07-28,1108.85,,,,399986,中证银行,CNY,CN10Y
2005-07-29,1111.23,,,,399986,中证银行,CNY,CN10Y
2005-08-01,1101.69,,,,399986,中证银行,CNY,CN10Y
2005-08-02,1121.3,,,,399986,中证银行,CNY,CN10Y
2005-08-03,1120.23,,,,399986,中证银行,CNY,CN10Y
2005-08-04,1110.69,,,,399986,中证银行,CNY,CN10Y
2005-08-05,1146.73,,,,399986,中证银行,CNY,CN10Y
2005-08-08,1149.54,,,,399986,中证银行,CNY,CN10Y
2005-08-09,1151.27,,,,399986,中证银行,CNY,CN10Y
2005-08-10,1164.8,,,,399986,中证银行,CNY,CN10Y
2005-08-11,1189.6,,,,399986,中证银行,CNY,CN10Y
2005-08-12,1151.27,,,,399986,中证银行,CNY,CN10Y
2005-08-15,1171.34,,,,399986,中证银行,CNY,CN10Y
2005-08-16,1143.07,,,,399986,中证银行,CNY,CN10Y
2005-08-17,1153.67,,,,399986,中证银行,CNY,CN10Y
2005-08-18,1111.37,,,,399986,中证银行,CNY,CN10Y
2005-08-19,1124.19,,,,399986,中证银行,CNY,CN10Y
2005-08-22,1138.78,,,,399986,中证银行,CNY,CN10Y
2005-08-23,1130.11,,,,399986,中证银行,CNY,CN10Y
2005-08-24,1144.16,,,,399986,中证银行,CNY,CN10Y
2005-08-25,1146.76,,,,399986,中证银行,CNY,CN10Y
2005-08-26,1156.93,,,,399986,中证银行,CNY,CN10Y
2005-08-29,1142.42,,,,399986,中证银行,CNY,CN10Y
2005-08-30,1141.63,,,,399986,中证银行,CNY,CN10Y
2005-08-31,1146.44,,,,399986,中证银行,CNY,CN10Y
2005-09-01,1170.37,,,,399986,中证银行,CNY,CN10Y
2005-09-02,1170.56,,,,399986,中证银行,CNY,CN10Y
2005-09-05,1166.3,,,,399986,中证银行,CNY,CN10Y
2005-09-06,1144.79,,,,399986,中证银行,CNY,CN10Y
2005-09-07,1159.51,,,,399986,中证银行,CNY,CN10Y
2005-09-08,1177.41,,,,399986,中证银行,CNY,CN10Y
2005-09-09,1170.59,,,,399986,中证银行,CNY,CN10Y
2005-09-12,1174.86,,,,399986,中证银行,CNY,CN10Y
2005-09-13,1179.68,,,,399986,中证银行,CNY,CN10Y
2005-09-14,1190.7,,,,399986,中证银行,CNY,CN10Y
2005-09-15,1182.3,,,,399986,中证银行,CNY,CN10Y
2005-09-16,1186.21,,,,399986,中证银行,CNY,CN10Y
2005-09-19,1181.02,,,,399986,中证银行,CNY,CN10Y
2005-09-20,1171.44,,,,399986,中证银行,CNY,CN10Y
2005-09-21,1141.56,,,,399986,中证银行,CNY,CN10Y
2005-09-22,1112.75,,,,399986,中证银行,CNY,CN10Y
2005-09-23,1095.89,,,,399986,中证银行,CNY,CN10Y
2005-09-26,1103.11,,,,399986,中证银行,CNY,CN10Y
2005-09-27,1084.27,,,,399986,中证银行,CNY,CN10Y
2005-09-28,1086.94,,,,399986,中证银行,CNY,CN10Y
2005-09-29,1101.89,,,,399986,中证银行,CNY,CN10Y
2005-09-30,1106.17,,,,399986,中证银行,CNY,CN10Y
2005-10-10,1110.57,,,,399986,中证银行,CNY,CN10Y
2005-10-11,1119.06,,,,399986,中证银行,CNY,CN10Y
2005-10-12,1122.5,,,,399986,中证银行,CNY,CN10Y
2005-10-13,1114.83,,,,399986,中证银行,CNY,CN10Y
2005-10-14,1102.53,,,,399986,中证银行,CNY,CN10Y
2005-10-17,1105.33,,,,399986,中证银行,CNY,CN10Y
2005-10-18,1101.12,,,,399986,中证银行,CNY,CN10Y
2005-10-19,1106.07,,,,399986,中证银行,CNY,CN10Y
2005-10-20,1127.44,,,,399986,中证银行,CNY,CN10Y
2005-10-21,1146.94,,,,399986,中证银行,CNY,CN10Y
2005-10-24,1140.17,,,,399986,中证银行,CNY,CN10Y
2005-10-25,1127.45,,,,399986,中证银行,CNY,CN10Y
2005-10-26,1090.67,,,,399986,中证银行,CNY,CN10Y
2005-10-27,1093.97,,,,399986,中证银行,CNY,CN10Y
2005-10-28,1088.65,,,,399986,中证银行,CNY,CN10Y
2005-10-31,1108.49,,,,399986,中证银行,CNY,CN10Y
2005-11-01,1110.44,,,,399986,中证银行,CNY,CN10Y
2005-11-02,1111.27,,,,399986,中证银行,CNY,CN10Y
2005-11-03,1087.09,,,,399986,中证银行,CNY,CN10Y
2005-11-04,1094.09,,,,399986,中证银行,CNY,CN10Y
2005-11-07,1074.14,,,,399986,中证银行,CNY,CN10Y
2005-11-08,1087.13,,,,399986,中证银行,CNY,CN10Y
2005-11-09,1086.84,,,,399986,中证银行,CNY,CN10Y
2005-11-10,1079.54,,,,399986,中证银行,CNY,CN10Y
2005-11-11,1082.1,,,,399986,中证银行,CNY,CN10Y
2005-11-14,1077.65,,,,399986,中证银行,CNY,CN10Y
2005-11-15,1072.31,,,,399986,中证银行,CNY,CN10Y
2005-11-16,1082.68,,,,399986,中证银行,CNY,CN10Y
2005-11-17,1082.58,,,,399986,中证银行,CNY,CN10Y
2005-11-18,1111.75,,,,399986,中证银行,CNY,CN10Y
2005-11-21,1104.09,,,,399986,中证银行,CNY,CN10Y
2005-11-22,1083.43,,,,399986,中证银行,CNY,CN10Y
2005-11-23,1098.47,,,,399986,中证银行,CNY,CN10Y
2005-11-24,1115.59,,,,399986,中证银行,CNY,CN10Y
2005-11-25,1132.06,,,,399986,中证银行,CNY,CN10Y
2005-11-28,1123.38,,,,399986,中证银行,CNY,CN10Y
2005-11-29,1119.71,,,,399986,中证银行,CNY,CN10Y
2005-11-30,1142.31,,,,399986,中证银行,CNY,CN10Y
2005-12-01,1141.8,,,,399986,中证银行,CNY,CN10Y
2005-12-02,1144.54,,,,399986,中证银行,CNY,CN10Y
2005-12-05,1132.31,,,,399986,中证银行,CNY,CN10Y
2005-12-06,1153.14,,,,399986,中证银行,CNY,CN10Y
2005-12-07,1161.0,,,,399986,中证银行,CNY,CN10Y
2005-12-08,1154.44,,,,399986,中证银行,CNY,CN10Y
2005-12-09,1184.47,,,,399986,中证银行,CNY,CN10Y
2005-12-12,1181.2,,,,399986,中证银行,CNY,CN10Y
2005-12-13,1180.88,,,,399986,中证银行,CNY,CN10Y
2005-12-14,1202.76,,,,399986,中证银行,CNY,CN10Y
2005-12-15,1196.33,,,,399986,中证银行,CNY,CN10Y
2005-12-16,1189.85,,,,399986,中证银行,CNY,CN10Y
2005-12-19,1186.85,,,,399986,中证银行,CNY,CN10Y
2005-12-20,1205.55,,,,399986,中证银行,CNY,CN10Y
2005-12-21,1204.88,,,,399986,中证银行,CNY,CN10Y
2005-12-22,1209.3,,,,399986,中证银行,CNY,CN10Y
2005-12-23,1213.99,,,,399986,中证银行,CNY,CN10Y
2005-12-26,1223.04,,,,399986,中证银行,CNY,CN10Y
2005-12-27,1209.56,,,,399986,中证银行,CNY,CN10Y
2005-12-28,1204.88,,,,399986,中证银行,CNY,CN10Y
2005-12-29,1213.49,,,,399986,中证银行,CNY,CN10Y
2005-12-30,1205.6,,,,399986,中证银行,CNY,CN10Y
2006-01-04,1279.17,,,,399986,中证银行,CNY,CN10Y
2006-01-05,1301.74,,,,399986,中证银行,CNY,CN10Y
2006-01-06,1318.62,,,,399986,中证银行,CNY,CN10Y
2006-01-09,1307.91,,,,399986,中证银行,CNY,CN10Y
2006-01-10,1322.92,,,,399986,中证银行,CNY,CN10Y
2006-01-11,1310.6,,,,399986,中证银行,CNY,CN10Y
2006-01-12,1315.37,,,,399986,中证银行,CNY,CN10Y
2006-01-13,1297.66,,,,399986,中证银行,CNY,CN10Y
2006-01-16,1268.99,,,,399986,中证银行,CNY,CN10Y
2006-01-17,1279.28,,,,399986,中证银行,CNY,CN10Y
2006-01-18,1313.2,,,,399986,中证银行,CNY,CN10Y
2006-01-19,1320.25,,,,399986,中证银行,CNY,CN10Y
2006-01-20,1315.93,,,,399986,中证银行,CNY,CN10Y
2006-01-23,1323.49,,,,399986,中证银行,CNY,CN10Y
2006-01-24,1325.94,,,,399986,中证银行,CNY,CN10Y
2006-01-25,1352.48,,,,399986,中证银行,CNY,CN10Y
2006-02-06,1374.59,,,,399986,中证银行,CNY,CN10Y
2006-02-07,1351.72,,,,399986,中证银行,CNY,CN10Y
2006-02-08,1354.22,,,,399986,中证银行,CNY,CN10Y
2006-02-09,1338.8,,,,399986,中证银行,CNY,CN10Y
2006-02-10,1344.62,,,,399986,中证银行,CNY,CN10Y
2006-02-13,1345.89,,,,399986,中证银行,CNY,CN10Y
2006-02-14,1352.29,,,,399986,中证银行,CNY,CN10Y
2006-02-15,1368.92,,,,399986,中证银行,CNY,CN10Y
2006-02-16,1367.07,,,,399986,中证银行,CNY,CN10Y
2006-02-17,1384.99,,,,399986,中证银行,CNY,CN10Y
2006-02-20,1394.47,,,,399986,中证银行,CNY,CN10Y
2006-02-21,1422.38,,,,399986,中证银行,CNY,CN10Y
2006-02-22,1420.05,,,,399986,中证银行,CNY,CN10Y
2006-02-23,1449.57,,,,399986,中证银行,CNY,CN10Y
2006-02-24,1458.65,,,,399986,中证银行,CNY,CN10Y
2006-02-27,1496.27,,,,399986,中证银行,CNY,CN10Y
2006-02-28,1516.4,,,,399986,中证银行,CNY,CN10Y
2006-03-01,1508.55,0.0289999999999999,,,399986,中证银行,CNY,CN10Y
2006-03-02,1469.97,0.0289999999999999,,,399986,中证银行,CNY,CN10Y
2006-03-03,1456.92,0.0287,,,399986,中证银行,CNY,CN10Y
2006-03-06,1457.52,0.0293,,,399986,中证银行,CNY,CN10Y
2006-03-07,1424.31,0.0289999999999999,,,399986,中证银行,CNY,CN10Y
2006-03-08,1431.24,0.0288,,,399986,中证银行,CNY,CN10Y
2006-03-09,1390.67,0.0288,,,399986,中证银行,CNY,CN10Y
2006-03-10,1395.07,0.0289,,,399986,中证银行,CNY,CN10Y
2006-03-13,1419.32,0.0289999999999999,,,399986,中证银行,CNY,CN10Y
2006-03-14,1394.9,0.0289999999999999,,,399986,中证银行,CNY,CN10Y
2006-03-15,1410.63,0.0291,,,399986,中证银行,CNY,CN10Y
2006-03-16,1416.94,0.0291,,,399986,中证银行,CNY,CN10Y
2006-03-17,1405.64,0.0292,,,399986,中证银行,CNY,CN10Y
2006-03-20,1428.8,0.0293,,,399986,中证银行,CNY,CN10Y
2006-03-21,1442.4,0.0292,,,399986,中证银行,CNY,CN10Y
2006-03-22,1448.76,0.0293,,,399986,中证银行,CNY,CN10Y
2006-03-23,1440.74,0.02912,,,399986,中证银行,CNY,CN10Y
2006-03-24,1423.74,0.0289999999999999,,,399986,中证银行,CNY,CN10Y
2006-03-27,1444.82,0.0292,,,399986,中证银行,CNY,CN10Y
2006-03-28,1452.29,0.0292,,,399986,中证银行,CNY,CN10Y
2006-03-29,1465.4,0.0294,,,399986,中证银行,CNY,CN10Y
2006-03-30,1460.01,0.0294,,,399986,中证银行,CNY,CN10Y
2006-03-31,1453.11,0.0294,,,399986,中证银行,CNY,CN10Y
2006-04-03,1493.41,0.0292,,,399986,中证银行,CNY,CN10Y
2006-04-04,1520.52,0.0292,,,399986,中证银行,CNY,CN10Y
2006-04-05,1523.08,0.0291,,,399986,中证银行,CNY,CN10Y
2006-04-06,1499.71,0.0294,,,399986,中证银行,CNY,CN10Y
2006-04-07,1476.94,0.029291,,,399986,中证银行,CNY,CN10Y
2006-04-10,1511.65,0.0293,,,399986,中证银行,CNY,CN10Y
2006-04-11,1512.07,0.0297,,,399986,中证银行,CNY,CN10Y
2006-04-12,1501.44,0.0298,,,399986,中证银行,CNY,CN10Y
2006-04-13,1465.38,0.029405,,,399986,中证银行,CNY,CN10Y
2006-04-14,1510.63,0.0295,,,399986,中证银行,CNY,CN10Y
2006-04-17,1512.07,0.0294,,,399986,中证银行,CNY,CN10Y
2006-04-18,1500.85,0.0301,,,399986,中证银行,CNY,CN10Y
2006-04-19,1491.25,0.0301,,,399986,中证银行,CNY,CN10Y
2006-04-20,1478.84,0.03,,,399986,中证银行,CNY,CN10Y
2006-04-21,1505.29,0.03048,,,399986,中证银行,CNY,CN10Y
2006-04-24,1475.51,0.0305,,,399986,中证银行,CNY,CN10Y
2006-04-25,1451.54,0.0306,,,399986,中证银行,CNY,CN10Y
2006-04-26,1505.28,0.0305,,,399986,中证银行,CNY,CN10Y
2006-04-27,1499.9,0.0301,,,399986,中证银行,CNY,CN10Y
2006-04-28,1601.34,0.0301,,,399986,中证银行,CNY,CN10Y
2006-04-29,,0.03,,,399986,中证银行,CNY,CN10Y
2006-04-30,,0.03,,,399986,中证银行,CNY,CN10Y
2006-05-08,1639.93,0.0302,,,399986,中证银行,CNY,CN10Y
2006-05-09,1672.66,0.03,,,399986,中证银行,CNY,CN10Y
2006-05-10,1651.99,0.03,,,399986,中证银行,CNY,CN10Y
2006-05-11,1628.81,0.03,,,399986,中证银行,CNY,CN10Y
2006-05-12,1684.98,0.0302,,,399986,中证银行,CNY,CN10Y
2006-05-15,1693.15,0.0302999999999999,,,399986,中证银行,CNY,CN10Y
2006-05-16,1691.17,0.0302,,,399986,中证银行,CNY,CN10Y
2006-05-17,1690.88,0.03,,,399986,中证银行,CNY,CN10Y
2006-05-18,1656.2,0.03,,,399986,中证银行,CNY,CN10Y
2006-05-19,1690.82,0.0299,,,399986,中证银行,CNY,CN10Y
2006-05-22,1661.91,0.03,,,399986,中证银行,CNY,CN10Y
2006-05-23,1614.07,0.0302,,,399986,中证银行,CNY,CN10Y
2006-05-24,1653.06,0.03,,,399986,中证银行,CNY,CN10Y
2006-05-25,1669.63,0.03,,,399986,中证银行,CNY,CN10Y
2006-05-26,1706.27,0.03,,,399986,中证银行,CNY,CN10Y
2006-05-29,1711.99,0.0302999999999999,,,399986,中证银行,CNY,CN10Y
2006-05-30,1694.47,0.0302,,,399986,中证银行,CNY,CN10Y
2006-05-31,1676.77,0.0302,,,399986,中证银行,CNY,CN10Y
2006-06-01,1691.27,0.0302999999999999,,,399986,中证银行,CNY,CN10Y
2006-06-02,1665.34,0.0305,,,399986,中证银行,CNY,CN10Y
2006-06-05,1667.31,0.0302999999999999,,,399986,中证银行,CNY,CN10Y
2006-06-06,1661.59,0.0302,,,399986,中证银行,CNY,CN10Y
2006-06-07,1582.29,0.0305,,,399986,中证银行,CNY,CN10Y
2006-06-08,1593.07,0.0305,,,399986,中证银行,CNY,CN10Y
2006-06-09,1562.15,0.0302999999999999,,,399986,中证银行,CNY,CN10Y
2006-06-12,1571.6,0.0305,,,399986,中证银行,CNY,CN10Y
2006-06-13,1538.02,0.0308,,,399986,中证银行,CNY,CN10Y
2006-06-14,1523.38,0.0308999999999999,,,399986,中证银行,CNY,CN10Y
2006-06-15,1530.73,0.031,,,399986,中证银行,CNY,CN10Y
2006-06-16,1570.58,0.031,,,399986,中证银行,CNY,CN10Y
2006-06-19,1566.16,0.0312,,,399986,中证银行,CNY,CN10Y
2006-06-20,1582.78,0.031,,,399986,中证银行,CNY,CN10Y
2006-06-21,1579.44,0.0315,,,399986,中证银行,CNY,CN10Y
2006-06-22,1618.58,0.0312,,,399986,中证银行,CNY,CN10Y
2006-06-23,1619.16,0.0313,,,399986,中证银行,CNY,CN10Y
2006-06-26,1655.54,0.0315,,,399986,中证银行,CNY,CN10Y
2006-06-27,1642.62,0.0315,,,399986,中证银行,CNY,CN10Y
2006-06-28,1635.11,0.0315,,,399986,中证银行,CNY,CN10Y
2006-06-29,1679.11,0.0315,,,399986,中证银行,CNY,CN10Y
2006-06-30,1688.31,0.03165,,,399986,中证银行,CNY,CN10Y
2006-07-03,1762.08,0.03159,,,399986,中证银行,CNY,CN10Y
2006-07-04,1743.66,0.0315,,,399986,中证银行,CNY,CN10Y
2006-07-05,1673.52,0.0318,,,399986,中证银行,CNY,CN10Y
2006-07-06,1679.31,0.03172,,,399986,中证银行,CNY,CN10Y
2006-07-07,1639.26,0.0318,,,399986,中证银行,CNY,CN10Y
2006-07-10,1664.44,0.031729,,,399986,中证银行,CNY,CN10Y
2006-07-11,1681.34,0.0316889999999999,,,399986,中证银行,CNY,CN10Y
2006-07-12,1673.23,0.032,,,399986,中证银行,CNY,CN10Y
2006-07-13,1609.67,0.0323,,,399986,中证银行,CNY,CN10Y
2006-07-14,1635.55,0.03235,,,399986,中证银行,CNY,CN10Y
2006-07-17,1642.21,0.032,,,399986,中证银行,CNY,CN10Y
2006-07-18,1632.26,0.032,,,399986,中证银行,CNY,CN10Y
2006-07-19,1591.18,0.0319,,,399986,中证银行,CNY,CN10Y
2006-07-20,1606.96,0.032,,,399986,中证银行,CNY,CN10Y
2006-07-21,1636.12,0.032,,,399986,中证银行,CNY,CN10Y
2006-07-24,1638.76,0.0325,,,399986,中证银行,CNY,CN10Y
2006-07-25,1637.42,0.0324,,,399986,中证银行,CNY,CN10Y
2006-07-26,1641.83,0.0325,,,399986,中证银行,CNY,CN10Y
2006-07-27,1614.02,0.03275,,,399986,中证银行,CNY,CN10Y
2006-07-28,1600.99,0.0325,,,399986,中证银行,CNY,CN10Y
2006-07-31,1566.4,0.0326,,,399986,中证银行,CNY,CN10Y
2006-08-01,1554.47,0.0325,,,399986,中证银行,CNY,CN10Y
2006-08-02,1554.68,0.0325,,,399986,中证银行,CNY,CN10Y
2006-08-03,1578.51,0.0324,,,399986,中证银行,CNY,CN10Y
2006-08-04,1558.28,0.0325,,,399986,中证银行,CNY,CN10Y
2006-08-07,1543.11,0.0325,,,399986,中证银行,CNY,CN10Y
2006-08-08,1572.73,0.0325,,,399986,中证银行,CNY,CN10Y
2006-08-09,1574.81,0.0326,,,399986,中证银行,CNY,CN10Y
2006-08-10,1603.4,0.0326,,,399986,中证银行,CNY,CN10Y
2006-08-11,1603.81,0.0325499999999999,,,399986,中证银行,CNY,CN10Y
2006-08-14,1601.12,0.03245,,,399986,中证银行,CNY,CN10Y
2006-08-15,1628.07,0.03245,,,399986,中证银行,CNY,CN10Y
2006-08-16,1654.17,0.0324,,,399986,中证银行,CNY,CN10Y
2006-08-17,1640.21,0.0324,,,399986,中证银行,CNY,CN10Y
2006-08-18,1628.36,0.032,,,399986,中证银行,CNY,CN10Y
2006-08-21,1635.71,0.0326,,,399986,中证银行,CNY,CN10Y
2006-08-22,1666.3,0.03254,,,399986,中证银行,CNY,CN10Y
2006-08-23,1693.34,0.03251,,,399986,中证银行,CNY,CN10Y
2006-08-24,1717.1,0.03248,,,399986,中证银行,CNY,CN10Y
2006-08-25,1695.3,0.032389,,,399986,中证银行,CNY,CN10Y
2006-08-28,1727.41,0.03256,,,399986,中证银行,CNY,CN10Y
2006-08-29,1715.1,0.0325,,,399986,中证银行,CNY,CN10Y
2006-08-30,1715.93,0.0324,,,399986,中证银行,CNY,CN10Y
2006-08-31,1731.96,0.03238,,,399986,中证银行,CNY,CN10Y
2006-09-01,1697.64,0.0323,,,399986,中证银行,CNY,CN10Y
2006-09-04,1722.09,0.0323,,,399986,中证银行,CNY,CN10Y
2006-09-05,1772.04,0.03225,,,399986,中证银行,CNY,CN10Y
2006-09-06,1777.49,0.0321,,,399986,中证银行,CNY,CN10Y
2006-09-07,1772.65,0.03201,,,399986,中证银行,CNY,CN10Y
2006-09-08,1798.46,0.032,,,399986,中证银行,CNY,CN10Y
2006-09-11,1854.14,0.032,,,399986,中证银行,CNY,CN10Y
2006-09-12,1849.9,0.0318,,,399986,中证银行,CNY,CN10Y
2006-09-13,1877.81,0.0318,,,399986,中证银行,CNY,CN10Y
2006-09-14,1895.43,0.03172,,,399986,中证银行,CNY,CN10Y
2006-09-15,1898.76,0.0317,,,399986,中证银行,CNY,CN10Y
2006-09-18,1868.09,0.0315499999999999,,,399986,中证银行,CNY,CN10Y
2006-09-19,1912.36,0.0315,,,399986,中证银行,CNY,CN10Y
2006-09-20,1928.69,0.0313,,,399986,中证银行,CNY,CN10Y
2006-09-21,1963.11,0.0311,,,399986,中证银行,CNY,CN10Y
2006-09-22,1913.76,0.0305,,,399986,中证银行,CNY,CN10Y
2006-09-25,1920.35,0.03,,,399986,中证银行,CNY,CN10Y
2006-09-26,1869.96,0.03,,,399986,中证银行,CNY,CN10Y
2006-09-27,1938.46,0.03,,,399986,中证银行,CNY,CN10Y
2006-09-28,1972.21,0.03,,,399986,中证银行,CNY,CN10Y
2006-09-29,2015.03,0.03,,,399986,中证银行,CNY,CN10Y
2006-09-30,,0.02999,,,399986,中证银行,CNY,CN10Y
2006-10-08,,0.03,,,399986,中证银行,CNY,CN10Y
2006-10-09,2154.74,0.03,,,399986,中证银行,CNY,CN10Y
2006-10-10,2144.76,0.0299,,,399986,中证银行,CNY,CN10Y
2006-10-11,2133.61,0.0297,,,399986,中证银行,CNY,CN10Y
2006-10-12,2126.95,0.029552,,,399986,中证银行,CNY,CN10Y
2006-10-13,2152.66,0.0295409999999999,,,399986,中证银行,CNY,CN10Y
2006-10-16,2134.97,0.029567,,,399986,中证银行,CNY,CN10Y
2006-10-17,2083.1,0.029533,,,399986,中证银行,CNY,CN10Y
2006-10-18,2158.46,0.029535,,,399986,中证银行,CNY,CN10Y
2006-10-19,2142.05,0.02954,,,399986,中证银行,CNY,CN10Y
2006-10-20,2202.91,0.029523,,,399986,中证银行,CNY,CN10Y
2006-10-23,2143.63,0.0294919999999999,,,399986,中证银行,CNY,CN10Y
2006-10-24,2207.39,0.0293849999999999,,,399986,中证银行,CNY,CN10Y
2006-10-25,2233.81,0.029498,,,399986,中证银行,CNY,CN10Y
2006-10-26,2284.49,0.0293739999999999,,,399986,中证银行,CNY,CN10Y
2006-10-27,2236.04,0.029397,,,399986,中证银行,CNY,CN10Y
2006-10-30,2204.65,0.0294059999999999,,,399986,中证银行,CNY,CN10Y
2006-10-31,2246.23,0.029512,,,399986,中证银行,CNY,CN10Y
2006-11-01,2250.14,0.029545,,,399986,中证银行,CNY,CN10Y
2006-11-02,2197.57,0.029557,,,399986,中证银行,CNY,CN10Y
2006-11-03,2244.18,0.029561,,,399986,中证银行,CNY,CN10Y
2006-11-06,2285.4,0.029844,,,399986,中证银行,CNY,CN10Y
2006-11-07,2376.79,0.02989,,,399986,中证银行,CNY,CN10Y
2006-11-08,2338.54,0.029781,,,399986,中证银行,CNY,CN10Y
2006-11-09,2465.59,0.02972,,,399986,中证银行,CNY,CN10Y
2006-11-10,2522.27,0.0295949999999999,,,399986,中证银行,CNY,CN10Y
2006-11-13,2495.64,0.029494,,,399986,中证银行,CNY,CN10Y
2006-11-14,2540.62,0.029682,,,399986,中证银行,CNY,CN10Y
2006-11-15,2586.94,0.029688,,,399986,中证银行,CNY,CN10Y
2006-11-16,2597.33,0.029725,,,399986,中证银行,CNY,CN10Y
2006-11-17,2596.59,0.029632,,,399986,中证银行,CNY,CN10Y
2006-11-20,2716.94,0.029806,,,399986,中证银行,CNY,CN10Y
2006-11-21,2750.18,0.029785,,,399986,中证银行,CNY,CN10Y
2006-11-22,2799.81,0.030518,,,399986,中证银行,CNY,CN10Y
2006-11-23,2831.47,0.030609,,,399986,中证银行,CNY,CN10Y
2006-11-24,2764.89,0.030655,,,399986,中证银行,CNY,CN10Y
2006-11-27,2690.69,0.0302,,,399986,中证银行,CNY,CN10Y
2006-11-28,2675.06,0.029886,,,399986,中证银行,CNY,CN10Y
2006-11-29,2697.0,0.029811,,,399986,中证银行,CNY,CN10Y
2006-11-30,2784.25,0.029781,,,399986,中证银行,CNY,CN10Y
2006-12-01,2745.82,0.0299359999999999,,,399986,中证银行,CNY,CN10Y
2006-12-04,2919.75,0.029895,,,399986,中证银行,CNY,CN10Y
2006-12-05,2915.84,0.029912,,,399986,中证银行,CNY,CN10Y
2006-12-06,2901.34,0.029851,,,399986,中证银行,CNY,CN10Y
2006-12-07,2914.84,0.0299469999999999,,,399986,中证银行,CNY,CN10Y
2006-12-08,2869.78,0.030351,,,399986,中证银行,CNY,CN10Y
2006-12-11,3001.52,0.030527,,,399986,中证银行,CNY,CN10Y
2006-12-12,3086.83,0.030393,,,399986,中证银行,CNY,CN10Y
2006-12-13,3029.98,0.030461,,,399986,中证银行,CNY,CN10Y
2006-12-14,3043.32,0.030335,,,399986,中证银行,CNY,CN10Y
2006-12-15,3097.34,0.030402,,,399986,中证银行,CNY,CN10Y
2006-12-18,3214.0,0.030307,,,399986,中证银行,CNY,CN10Y
2006-12-19,3179.88,0.030232,,,399986,中证银行,CNY,CN10Y
2006-12-20,3170.4,0.030267,,,399986,中证银行,CNY,CN10Y
2006-12-21,3135.72,0.0301989999999999,,,399986,中证银行,CNY,CN10Y
2006-12-22,3179.14,0.030364,,,399986,中证银行,CNY,CN10Y
2006-12-25,3309.75,0.030408,,,399986,中证银行,CNY,CN10Y
2006-12-26,3290.36,0.030419,,,399986,中证银行,CNY,CN10Y
2006-12-27,3441.78,0.030408,,,399986,中证银行,CNY,CN10Y
2006-12-28,3441.02,0.03026,,,399986,中证银行,CNY,CN10Y
2006-12-29,3596.1,0.030202,,,399986,中证银行,CNY,CN10Y
2006-12-30,,0.0302039999999999,,,399986,中证银行,CNY,CN10Y
2006-12-31,,0.030269,,,399986,中证银行,CNY,CN10Y
2007-01-04,3569.03,0.030239,,,399986,中证银行,CNY,CN10Y
2007-01-05,3342.85,0.030211,,,399986,中证银行,CNY,CN10Y
2007-01-08,3417.52,0.030356,,,399986,中证银行,CNY,CN10Y
2007-01-09,3558.77,0.0302309999999999,,,399986,中证银行,CNY,CN10Y
2007-01-10,3595.76,0.030102,,,399986,中证银行,CNY,CN10Y
2007-01-11,3502.47,0.030047,,,399986,中证银行,CNY,CN10Y
2007-01-12,3446.62,0.030202,,,399986,中证银行,CNY,CN10Y
2007-01-15,3583.07,0.030167,,,399986,中证银行,CNY,CN10Y
2007-01-16,3659.86,0.030175,,,399986,中证银行,CNY,CN10Y
2007-01-17,3605.61,0.0301759999999999,,,399986,中证银行,CNY,CN10Y
2007-01-18,3438.93,0.0302729999999999,,,399986,中证银行,CNY,CN10Y
2007-01-19,3548.34,0.03032,,,399986,中证银行,CNY,CN10Y
2007-01-22,3695.36,0.030277,,,399986,中证银行,CNY,CN10Y
2007-01-23,3951.22,0.030373,,,399986,中证银行,CNY,CN10Y
2007-01-24,3902.9,0.030267,,,399986,中证银行,CNY,CN10Y
2007-01-25,3860.49,0.03032,,,399986,中证银行,CNY,CN10Y
2007-01-26,4116.9,0.0303739999999999,,,399986,中证银行,CNY,CN10Y
2007-01-29,4263.83,0.030427,,,399986,中证银行,CNY,CN10Y
2007-01-30,4158.38,0.030559,,,399986,中证银行,CNY,CN10Y
2007-01-31,3896.6,0.030671,,,399986,中证银行,CNY,CN10Y
2007-02-01,3870.6,0.030676,,,399986,中证银行,CNY,CN10Y
2007-02-02,3669.08,0.030598,,,399986,中证银行,CNY,CN10Y
2007-02-05,3498.6,0.0307649999999999,,,399986,中证银行,CNY,CN10Y
2007-02-06,3732.26,0.030705,,,399986,中证银行,CNY,CN10Y
2007-02-07,3814.82,0.030704,,,399986,中证银行,CNY,CN10Y
2007-02-08,3782.29,0.0308139999999999,,,399986,中证银行,CNY,CN10Y
2007-02-09,3673.08,0.031171,,,399986,中证银行,CNY,CN10Y
2007-02-12,3863.14,0.031355,,,399986,中证银行,CNY,CN10Y
2007-02-13,3899.82,0.031367,,,399986,中证银行,CNY,CN10Y
2007-02-14,4020.25,0.03137,,,399986,中证银行,CNY,CN10Y
2007-02-15,4113.89,0.031365,,,399986,中证银行,CNY,CN10Y
2007-02-16,4096.93,0.031361,,,399986,中证银行,CNY,CN10Y
2007-02-17,,0.0311,,,399986,中证银行,CNY,CN10Y
2007-02-25,,0.0311,,,399986,中证银行,CNY,CN10Y
2007-02-26,3952.72,0.0312,,,399986,中证银行,CNY,CN10Y
2007-02-27,3605.83,0.0314679999999999,,,399986,中证银行,CNY,CN10Y
2007-02-28,3700.15,0.031466,,,399986,中证银行,CNY,CN10Y
2007-03-01,3619.94,0.031553,,,399986,中证银行,CNY,CN10Y
2007-03-02,3637.09,0.0316829999999999,,,399986,中证银行,CNY,CN10Y
2007-03-05,3526.68,0.031726,,,399986,中证银行,CNY,CN10Y
2007-03-06,3713.79,0.03179,,,399986,中证银行,CNY,CN10Y
2007-03-07,3748.58,0.0319,,,399986,中证银行,CNY,CN10Y
2007-03-08,3758.37,0.032192,,,399986,中证银行,CNY,CN10Y
2007-03-09,3813.9,0.03223,,,399986,中证银行,CNY,CN10Y
2007-03-12,3761.85,0.032278,,,399986,中证银行,CNY,CN10Y
2007-03-13,3731.74,0.0320509999999999,,,399986,中证银行,CNY,CN10Y
2007-03-14,3631.61,0.032332,,,399986,中证银行,CNY,CN10Y
2007-03-15,3703.0,0.0328759999999999,,,399986,中证银行,CNY,CN10Y
2007-03-16,3642.77,0.0330419999999999,,,399986,中证银行,CNY,CN10Y
2007-03-19,3881.32,0.03337,,,399986,中证银行,CNY,CN10Y
2007-03-20,3855.31,0.0336,,,399986,中证银行,CNY,CN10Y
2007-03-21,3916.8,0.034,,,399986,中证银行,CNY,CN10Y
2007-03-22,3924.95,0.03395,,,399986,中证银行,CNY,CN10Y
2007-03-23,3868.72,0.034235,,,399986,中证银行,CNY,CN10Y
2007-03-26,3903.46,0.0342,,,399986,中证银行,CNY,CN10Y
2007-03-27,3878.2,0.0342,,,399986,中证银行,CNY,CN10Y
2007-03-28,4024.05,0.034245,,,399986,中证银行,CNY,CN10Y
2007-03-29,4130.56,0.034386,,,399986,中证银行,CNY,CN10Y
2007-03-30,4082.25,0.034338,,,399986,中证银行,CNY,CN10Y
2007-04-02,4171.1,0.0343,,,399986,中证银行,CNY,CN10Y
2007-04-03,4190.58,0.034277,,,399986,中证银行,CNY,CN10Y
2007-04-04,4178.2,0.0344,,,399986,中证银行,CNY,CN10Y
2007-04-05,4174.09,0.034441,,,399986,中证银行,CNY,CN10Y
2007-04-06,4102.47,0.034615,,,399986,中证银行,CNY,CN10Y
2007-04-09,4132.1,0.03488,,,399986,中证银行,CNY,CN10Y
2007-04-10,4238.4,0.034829,,,399986,中证银行,CNY,CN10Y
2007-04-11,4374.89,0.0349299999999999,,,399986,中证银行,CNY,CN10Y
2007-04-12,4388.91,0.0349359999999999,,,399986,中证银行,CNY,CN10Y
2007-04-13,4330.25,0.035202,,,399986,中证银行,CNY,CN10Y
2007-04-16,4479.76,0.035327,,,399986,中证银行,CNY,CN10Y
2007-04-17,4407.92,0.035391,,,399986,中证银行,CNY,CN10Y
2007-04-18,4327.87,0.0356,,,399986,中证银行,CNY,CN10Y
2007-04-19,4160.43,0.0356999999999999,,,399986,中证银行,CNY,CN10Y
2007-04-20,4271.9,0.0358,,,399986,中证银行,CNY,CN10Y
2007-04-23,4388.55,0.0359,,,399986,中证银行,CNY,CN10Y
2007-04-24,4337.31,0.036139,,,399986,中证银行,CNY,CN10Y
2007-04-25,4523.42,0.036349,,,399986,中证银行,CNY,CN10Y
2007-04-26,4532.07,0.035931,,,399986,中证银行,CNY,CN10Y
2007-04-27,4440.35,0.035914,,,399986,中证银行,CNY,CN10Y
2007-04-28,,0.035883,,,399986,中证银行,CNY,CN10Y
2007-04-29,,0.0358,,,399986,中证银行,CNY,CN10Y
2007-04-30,4420.64,0.035916,,,399986,中证银行,CNY,CN10Y
2007-05-08,4531.69,0.035933,,,399986,中证银行,CNY,CN10Y
2007-05-09,4750.1,0.035906,,,399986,中证银行,CNY,CN10Y
2007-05-10,4723.1,0.0363,,,399986,中证银行,CNY,CN10Y
2007-05-11,4770.69,0.0368,,,399986,中证银行,CNY,CN10Y
2007-05-14,4838.11,0.037,,,399986,中证银行,CNY,CN10Y
2007-05-15,4568.43,0.037992,,,399986,中证银行,CNY,CN10Y
2007-05-16,4616.99,0.0383,,,399986,中证银行,CNY,CN10Y
2007-05-17,4648.71,0.0383,,,399986,中证银行,CNY,CN10Y
2007-05-18,4578.51,0.0383,,,399986,中证银行,CNY,CN10Y
2007-05-21,4530.1,0.03966,,,399986,中证银行,CNY,CN10Y
2007-05-22,4550.36,0.0405,,,399986,中证银行,CNY,CN10Y
2007-05-23,4598.2,0.04064,,,399986,中证银行,CNY,CN10Y
2007-05-24,4667.44,0.0403,,,399986,中证银行,CNY,CN10Y
2007-05-25,4669.55,0.0405,,,399986,中证银行,CNY,CN10Y
2007-05-28,4704.75,0.0407,,,399986,中证银行,CNY,CN10Y
2007-05-29,4740.89,0.0408,,,399986,中证银行,CNY,CN10Y
2007-05-30,4527.02,0.0407,,,399986,中证银行,CNY,CN10Y
2007-05-31,4859.61,0.0406,,,399986,中证银行,CNY,CN10Y
2007-06-01,4842.08,0.0408,,,399986,中证银行,CNY,CN10Y
2007-06-04,4573.07,0.041393,,,399986,中证银行,CNY,CN10Y
2007-06-05,4655.52,0.041309,,,399986,中证银行,CNY,CN10Y
2007-06-06,4619.42,0.041442,,,399986,中证银行,CNY,CN10Y
2007-06-07,4685.92,0.041427,,,399986,中证银行,CNY,CN10Y
2007-06-08,4612.54,0.041624,,,399986,中证银行,CNY,CN10Y
2007-06-11,4728.95,0.0413759999999999,,,399986,中证银行,CNY,CN10Y
2007-06-12,4730.6,0.042199,,,399986,中证银行,CNY,CN10Y
2007-06-13,4895.15,0.04232,,,399986,中证银行,CNY,CN10Y
2007-06-14,4840.68,0.042669,,,399986,中证银行,CNY,CN10Y
2007-06-15,4933.67,0.043483,,,399986,中证银行,CNY,CN10Y
2007-06-18,5155.39,0.043496,,,399986,中证银行,CNY,CN10Y
2007-06-19,5156.23,0.0439689999999999,,,399986,中证银行,CNY,CN10Y
2007-06-20,5014.34,0.044408,,,399986,中证银行,CNY,CN10Y
2007-06-21,5156.88,0.0447,,,399986,中证银行,CNY,CN10Y
2007-06-22,5181.46,0.0444,,,399986,中证银行,CNY,CN10Y
2007-06-25,5214.56,0.0441999999999999,,,399986,中证银行,CNY,CN10Y
2007-06-26,5171.53,0.044,,,399986,中证银行,CNY,CN10Y
2007-06-27,5289.9,0.043985,,,399986,中证银行,CNY,CN10Y
2007-06-28,5140.99,0.044538,,,399986,中证银行,CNY,CN10Y
2007-06-29,5043.72,0.0445,,,399986,中证银行,CNY,CN10Y
2007-07-02,5000.79,0.0445,,,399986,中证银行,CNY,CN10Y
2007-07-03,5059.16,0.044726,,,399986,中证银行,CNY,CN10Y
2007-07-04,4915.19,0.044745,,,399986,中证银行,CNY,CN10Y
2007-07-05,4768.53,0.04475,,,399986,中证银行,CNY,CN10Y
2007-07-06,4943.65,0.044261,,,399986,中证银行,CNY,CN10Y
2007-07-09,5106.23,0.044172,,,399986,中证银行,CNY,CN10Y
2007-07-10,5222.82,0.044896,,,399986,中证银行,CNY,CN10Y
2007-07-11,5239.85,0.0447729999999999,,,399986,中证银行,CNY,CN10Y
2007-07-12,5315.1,0.044777,,,399986,中证银行,CNY,CN10Y
2007-07-13,5256.91,0.044634,,,399986,中证银行,CNY,CN10Y
2007-07-16,5070.51,0.0445399999999999,,,399986,中证银行,CNY,CN10Y
2007-07-17,5347.34,0.044542,,,399986,中证银行,CNY,CN10Y
2007-07-18,5390.69,0.0445469999999999,,,399986,中证银行,CNY,CN10Y
2007-07-19,5402.36,0.04455,,,399986,中证银行,CNY,CN10Y
2007-07-20,5684.35,0.044551,,,399986,中证银行,CNY,CN10Y
2007-07-23,5832.13,0.04477,,,399986,中证银行,CNY,CN10Y
2007-07-24,5855.09,0.0446509999999999,,,399986,中证银行,CNY,CN10Y
2007-07-25,6043.99,0.0433,,,399986,中证银行,CNY,CN10Y
2007-07-26,5977.58,0.043086,,,399986,中证银行,CNY,CN10Y
2007-07-27,5850.76,0.043399,,,399986,中证银行,CNY,CN10Y
2007-07-30,5913.99,0.042848,,,399986,中证银行,CNY,CN10Y
2007-07-31,5948.3,0.0434009999999999,,,399986,中证银行,CNY,CN10Y
2007-08-01,5796.34,0.042857,,,399986,中证银行,CNY,CN10Y
2007-08-02,5980.8,0.042594,,,399986,中证银行,CNY,CN10Y
2007-08-03,6358.44,0.042855,,,399986,中证银行,CNY,CN10Y
2007-08-06,6407.98,0.043861,,,399986,中证银行,CNY,CN10Y
2007-08-07,6347.25,0.043775,,,399986,中证银行,CNY,CN10Y
2007-08-08,6489.68,0.043166,,,399986,中证银行,CNY,CN10Y
2007-08-09,6672.2,0.043178,,,399986,中证银行,CNY,CN10Y
2007-08-10,6638.41,0.043378,,,399986,中证银行,CNY,CN10Y
2007-08-13,6782.05,0.04357,,,399986,中证银行,CNY,CN10Y
2007-08-14,6759.96,0.0435679999999999,,,399986,中证银行,CNY,CN10Y
2007-08-15,6873.85,0.0435409999999999,,,399986,中证银行,CNY,CN10Y
2007-08-16,6652.01,0.043529,,,399986,中证银行,CNY,CN10Y
2007-08-17,6366.91,0.043038,,,399986,中证银行,CNY,CN10Y
2007-08-20,6854.62,0.042636,,,399986,中证银行,CNY,CN10Y
2007-08-21,7003.23,0.042445,,,399986,中证银行,CNY,CN10Y
2007-08-22,7047.55,0.04227,,,399986,中证银行,CNY,CN10Y
2007-08-23,7101.87,0.042064,,,399986,中证银行,CNY,CN10Y
2007-08-24,7387.59,0.042164,,,399986,中证银行,CNY,CN10Y
2007-08-27,7412.08,0.04136,,,399986,中证银行,CNY,CN10Y
2007-08-28,7319.04,0.042049,,,399986,中证银行,CNY,CN10Y
2007-08-29,7186.69,0.042766,,,399986,中证银行,CNY,CN10Y
2007-08-30,7281.56,0.042739,,,399986,中证银行,CNY,CN10Y
2007-08-31,7346.67,0.042743,,,399986,中证银行,CNY,CN10Y
2007-09-03,7405.06,0.04235,,,399986,中证银行,CNY,CN10Y
2007-09-04,7248.06,0.042328,,,399986,中证银行,CNY,CN10Y
2007-09-05,7176.02,0.04244,,,399986,中证银行,CNY,CN10Y
2007-09-06,7332.25,0.0426769999999999,,,399986,中证银行,CNY,CN10Y
2007-09-07,7216.17,0.042872,,,399986,中证银行,CNY,CN10Y
2007-09-10,7355.71,0.042946,,,399986,中证银行,CNY,CN10Y
2007-09-11,6970.93,0.043615,,,399986,中证银行,CNY,CN10Y
2007-09-12,6937.18,0.043788,,,399986,中证银行,CNY,CN10Y
2007-09-13,7132.11,0.043892,,,399986,中证银行,CNY,CN10Y
2007-09-14,7072.57,0.044893,,,399986,中证银行,CNY,CN10Y
2007-09-17,7140.98,0.0454209999999999,,,399986,中证银行,CNY,CN10Y
2007-09-18,7022.85,0.045436,,,399986,中证银行,CNY,CN10Y
2007-09-19,6989.41,0.0454739999999999,,,399986,中证银行,CNY,CN10Y
2007-09-20,6987.89,0.045477,,,399986,中证银行,CNY,CN10Y
2007-09-21,6921.66,0.04495,,,399986,中证银行,CNY,CN10Y
2007-09-24,7067.75,0.04493,,,399986,中证银行,CNY,CN10Y
2007-09-25,6916.86,0.044859,,,399986,中证银行,CNY,CN10Y
2007-09-26,6873.58,0.04445,,,399986,中证银行,CNY,CN10Y
2007-09-27,6999.44,0.0441999999999999,,,399986,中证银行,CNY,CN10Y
2007-09-28,7173.43,0.0438999999999999,,,399986,中证银行,CNY,CN10Y
2007-09-29,,0.04396,,,399986,中证银行,CNY,CN10Y
2007-09-30,,0.043877,,,399986,中证银行,CNY,CN10Y
2007-10-08,7554.69,0.0436639999999999,,,399986,中证银行,CNY,CN10Y
2007-10-09,7610.04,0.0437,,,399986,中证银行,CNY,CN10Y
2007-10-10,7629.49,0.043737,,,399986,中证银行,CNY,CN10Y
2007-10-11,7946.24,0.043732,,,399986,中证银行,CNY,CN10Y
2007-10-12,7793.38,0.043723,,,399986,中证银行,CNY,CN10Y
2007-10-15,7751.69,0.043746,,,399986,中证银行,CNY,CN10Y
2007-10-16,7984.5,0.043743,,,399986,中证银行,CNY,CN10Y
2007-10-17,7824.66,0.0445,,,399986,中证银行,CNY,CN10Y
2007-10-18,7494.38,0.0446,,,399986,中证银行,CNY,CN10Y
2007-10-19,7480.07,0.0447,,,399986,中证银行,CNY,CN10Y
2007-10-22,7428.36,0.0448,,,399986,中证银行,CNY,CN10Y
2007-10-23,7706.21,0.04485,,,399986,中证银行,CNY,CN10Y
2007-10-24,7833.97,0.04485,,,399986,中证银行,CNY,CN10Y
2007-10-25,7630.48,0.04485,,,399986,中证银行,CNY,CN10Y
2007-10-26,7957.67,0.04485,,,399986,中证银行,CNY,CN10Y
2007-10-29,8165.49,0.0448,,,399986,中证银行,CNY,CN10Y
2007-10-30,8267.4,0.04484,,,399986,中证银行,CNY,CN10Y
2007-10-31,8412.19,0.044937,,,399986,中证银行,CNY,CN10Y
2007-11-01,8411.2,0.045,,,399986,中证银行,CNY,CN10Y
2007-11-02,8149.87,0.045,,,399986,中证银行,CNY,CN10Y
2007-11-05,7923.29,0.045263,,,399986,中证银行,CNY,CN10Y
2007-11-06,7908.47,0.045248,,,399986,中证银行,CNY,CN10Y
2007-11-07,8165.99,0.045441,,,399986,中证银行,CNY,CN10Y
2007-11-08,7822.59,0.045441,,,399986,中证银行,CNY,CN10Y
2007-11-09,7920.82,0.045743,,,399986,中证银行,CNY,CN10Y
2007-11-12,7887.9,0.0458629999999999,,,399986,中证银行,CNY,CN10Y
2007-11-13,7563.28,0.045861,,,399986,中证银行,CNY,CN10Y
2007-11-14,7801.38,0.045922,,,399986,中证银行,CNY,CN10Y
2007-11-15,7755.88,0.045973,,,399986,中证银行,CNY,CN10Y
2007-11-16,7576.76,0.045974,,,399986,中证银行,CNY,CN10Y
2007-11-19,7399.62,0.045822,,,399986,中证银行,CNY,CN10Y
2007-11-20,7499.15,0.045569,,,399986,中证银行,CNY,CN10Y
2007-11-21,7352.84,0.04545,,,399986,中证银行,CNY,CN10Y
2007-11-22,7116.81,0.0455,,,399986,中证银行,CNY,CN10Y
2007-11-23,7309.48,0.0454,,,399986,中证银行,CNY,CN10Y
2007-11-26,7232.81,0.04535,,,399986,中证银行,CNY,CN10Y
2007-11-27,7117.89,0.045247,,,399986,中证银行,CNY,CN10Y
2007-11-28,7050.98,0.045089,,,399986,中证银行,CNY,CN10Y
2007-11-29,7458.41,0.045084,,,399986,中证银行,CNY,CN10Y
2007-11-30,7328.93,0.045086,,,399986,中证银行,CNY,CN10Y
2007-12-03,7467.28,0.045085,,,399986,中证银行,CNY,CN10Y
2007-12-04,7500.36,0.045085,,,399986,中证银行,CNY,CN10Y
2007-12-05,7655.66,0.045096,,,399986,中证银行,CNY,CN10Y
2007-12-06,7698.22,0.045038,,,399986,中证银行,CNY,CN10Y
2007-12-07,7728.07,0.045043,,,399986,中证银行,CNY,CN10Y
2007-12-10,7642.62,0.044996,,,399986,中证银行,CNY,CN10Y
2007-12-11,7502.24,0.0451159999999999,,,399986,中证银行,CNY,CN10Y
2007-12-12,7242.24,0.045118,,,399986,中证银行,CNY,CN10Y
2007-12-13,7106.25,0.045067,,,399986,中证银行,CNY,CN10Y
2007-12-14,7194.31,0.044251,,,399986,中证银行,CNY,CN10Y
2007-12-17,6821.21,0.044282,,,399986,中证银行,CNY,CN10Y
2007-12-18,6841.35,0.044279,,,399986,中证银行,CNY,CN10Y
2007-12-19,6971.78,0.04428,,,399986,中证银行,CNY,CN10Y
2007-12-20,7112.2,0.044282,,,399986,中证银行,CNY,CN10Y
2007-12-21,7117.49,0.044526,,,399986,中证银行,CNY,CN10Y
2007-12-24,7274.21,0.044517,,,399986,中证银行,CNY,CN10Y
2007-12-25,7208.53,0.044528,,,399986,中证银行,CNY,CN10Y
2007-12-26,7147.46,0.044541,,,399986,中证银行,CNY,CN10Y
2007-12-27,7364.06,0.044005,,,399986,中证银行,CNY,CN10Y
2007-12-28,7378.93,0.044357,,,399986,中证银行,CNY,CN10Y
2007-12-29,,0.044253,,,399986,中证银行,CNY,CN10Y
2008-01-02,7374.67,0.044363,,,399986,中证银行,CNY,CN10Y
2008-01-03,7237.16,0.044263,,,399986,中证银行,CNY,CN10Y
2008-01-04,7352.43,0.044013,,,399986,中证银行,CNY,CN10Y
2008-01-07,7501.41,0.043948,,,399986,中证银行,CNY,CN10Y
2008-01-08,7616.55,0.044024,,,399986,中证银行,CNY,CN10Y
2008-01-09,7690.44,0.044022,,,399986,中证银行,CNY,CN10Y
2008-01-10,7732.55,0.0440669999999999,,,399986,中证银行,CNY,CN10Y
2008-01-11,8120.76,0.043893,,,399986,中证银行,CNY,CN10Y
2008-01-14,8063.0,0.04402,,,399986,中证银行,CNY,CN10Y
2008-01-15,7896.87,0.044022,,,399986,中证银行,CNY,CN10Y
2008-01-16,7508.19,0.044028,,,399986,中证银行,CNY,CN10Y
2008-01-17,7478.13,0.043978,,,399986,中证银行,CNY,CN10Y
2008-01-18,7512.66,0.0440299999999999,,,399986,中证银行,CNY,CN10Y
2008-01-21,7102.44,0.0437769999999999,,,399986,中证银行,CNY,CN10Y
2008-01-22,6642.57,0.0436789999999999,,,399986,中证银行,CNY,CN10Y
2008-01-23,6865.48,0.042883,,,399986,中证银行,CNY,CN10Y
2008-01-24,6813.43,0.042433,,,399986,中证银行,CNY,CN10Y
2008-01-25,6999.96,0.04244,,,399986,中证银行,CNY,CN10Y
2008-01-28,6540.71,0.042226,,,399986,中证银行,CNY,CN10Y
2008-01-29,6544.51,0.042539,,,399986,中证银行,CNY,CN10Y
2008-01-30,6262.31,0.042502,,,399986,中证银行,CNY,CN10Y
2008-01-31,6159.88,0.0419369999999999,,,399986,中证银行,CNY,CN10Y
2008-02-01,6275.86,0.041308,,,399986,中证银行,CNY,CN10Y
2008-02-02,,0.041307,,,399986,中证银行,CNY,CN10Y
2008-02-03,,0.041309,,,399986,中证银行,CNY,CN10Y
2008-02-04,6829.07,0.041311,,,399986,中证银行,CNY,CN10Y
2008-02-05,6771.15,0.041458,,,399986,中证银行,CNY,CN10Y
2008-02-13,6539.46,0.041559,,,399986,中证银行,CNY,CN10Y
2008-02-14,6616.98,0.041561,,,399986,中证银行,CNY,CN10Y
2008-02-15,6437.92,0.041791,,,399986,中证银行,CNY,CN10Y
2008-02-18,6548.0,0.041924,,,399986,中证银行,CNY,CN10Y
2008-02-19,6695.79,0.042176,,,399986,中证银行,CNY,CN10Y
2008-02-20,6343.36,0.041744,,,399986,中证银行,CNY,CN10Y
2008-02-21,6173.55,0.041818,,,399986,中证银行,CNY,CN10Y
2008-02-22,5893.25,0.0416,,,399986,中证银行,CNY,CN10Y
2008-02-25,5780.14,0.041439,,,399986,中证银行,CNY,CN10Y
2008-02-26,5936.24,0.041413,,,399986,中证银行,CNY,CN10Y
2008-02-27,6110.59,0.041436,,,399986,中证银行,CNY,CN10Y
2008-02-28,6083.96,0.041283,,,399986,中证银行,CNY,CN10Y
2008-02-29,6148.06,0.041283,,,399986,中证银行,CNY,CN10Y
2008-03-03,6228.05,0.0412849999999999,,,399986,中证银行,CNY,CN10Y
2008-03-04,5907.99,0.041521,,,399986,中证银行,CNY,CN10Y
2008-03-05,5910.87,0.041635,,,399986,中证银行,CNY,CN10Y
2008-03-06,6023.48,0.041768,,,399986,中证银行,CNY,CN10Y
2008-03-07,5943.14,0.04176,,,399986,中证银行,CNY,CN10Y
2008-03-10,5629.27,0.041768,,,399986,中证银行,CNY,CN10Y
2008-03-11,5609.96,0.041953,,,399986,中证银行,CNY,CN10Y
2008-03-12,5396.36,0.041954,,,399986,中证银行,CNY,CN10Y
2008-03-13,5381.68,0.0417,,,399986,中证银行,CNY,CN10Y
2008-03-14,5255.73,0.0415,,,399986,中证银行,CNY,CN10Y
2008-03-17,5174.97,0.0412479999999999,,,399986,中证银行,CNY,CN10Y
2008-03-18,5070.47,0.041151,,,399986,中证银行,CNY,CN10Y
2008-03-19,5228.08,0.04075,,,399986,中证银行,CNY,CN10Y
2008-03-20,5386.73,0.0408,,,399986,中证银行,CNY,CN10Y
2008-03-21,5330.67,0.0408,,,399986,中证银行,CNY,CN10Y
2008-03-24,5052.11,0.04077,,,399986,中证银行,CNY,CN10Y
2008-03-25,5139.72,0.040511,,,399986,中证银行,CNY,CN10Y
2008-03-26,5212.8,0.040404,,,399986,中证银行,CNY,CN10Y
2008-03-27,5118.91,0.040008,,,399986,中证银行,CNY,CN10Y
2008-03-28,5464.02,0.040116,,,399986,中证银行,CNY,CN10Y
2008-03-31,5389.01,0.04046,,,399986,中证银行,CNY,CN10Y
2008-04-01,5307.82,0.040563,,,399986,中证银行,CNY,CN10Y
2008-04-02,5472.83,0.040517,,,399986,中证银行,CNY,CN10Y
2008-04-03,5595.61,0.040444,,,399986,中证银行,CNY,CN10Y
2008-04-07,5711.52,0.04045,,,399986,中证银行,CNY,CN10Y
2008-04-08,5673.07,0.0404509999999999,,,399986,中证银行,CNY,CN10Y
2008-04-09,5332.82,0.0404509999999999,,,399986,中证银行,CNY,CN10Y
2008-04-10,5416.1,0.0404049999999999,,,399986,中证银行,CNY,CN10Y
2008-04-11,5471.84,0.040457,,,399986,中证银行,CNY,CN10Y
2008-04-14,5068.87,0.040436,,,399986,中证银行,CNY,CN10Y
2008-04-15,5068.65,0.040244,,,399986,中证银行,CNY,CN10Y
2008-04-16,4979.22,0.040184,,,399986,中证银行,CNY,CN10Y
2008-04-17,4846.69,0.040185,,,399986,中证银行,CNY,CN10Y
2008-04-18,4775.19,0.0400849999999999,,,399986,中证银行,CNY,CN10Y
2008-04-21,4858.98,0.040087,,,399986,中证银行,CNY,CN10Y
2008-04-22,5063.68,0.04009,,,399986,中证银行,CNY,CN10Y
2008-04-23,5302.04,0.040244,,,399986,中证银行,CNY,CN10Y
2008-04-24,5798.12,0.040601,,,399986,中证银行,CNY,CN10Y
2008-04-25,5657.95,0.040654,,,399986,中证银行,CNY,CN10Y
2008-04-28,5570.98,0.040707,,,399986,中证银行,CNY,CN10Y
2008-04-29,5601.18,0.040736,,,399986,中证银行,CNY,CN10Y
2008-04-30,5893.24,0.040725,,,399986,中证银行,CNY,CN10Y
2008-05-04,,0.040704,,,399986,中证银行,CNY,CN10Y
2008-05-05,5895.11,0.040631,,,399986,中证银行,CNY,CN10Y
2008-05-06,5733.1,0.040632,,,399986,中证银行,CNY,CN10Y
2008-05-07,5457.93,0.04135,,,399986,中证银行,CNY,CN10Y
2008-05-08,5511.5,0.041253,,,399986,中证银行,CNY,CN10Y
2008-05-09,5290.58,0.04121,,,399986,中证银行,CNY,CN10Y
2008-05-12,5386.19,0.041517,,,399986,中证银行,CNY,CN10Y
2008-05-13,5260.24,0.041486,,,399986,中证银行,CNY,CN10Y
2008-05-14,5538.0,0.041653,,,399986,中证银行,CNY,CN10Y
2008-05-15,5432.92,0.041691,,,399986,中证银行,CNY,CN10Y
2008-05-16,5465.63,0.041493,,,399986,中证银行,CNY,CN10Y
2008-05-19,5433.57,0.041669,,,399986,中证银行,CNY,CN10Y
2008-05-20,5176.02,0.041676,,,399986,中证银行,CNY,CN10Y
2008-05-21,5213.83,0.041677,,,399986,中证银行,CNY,CN10Y
2008-05-22,5090.28,0.041631,,,399986,中证银行,CNY,CN10Y
2008-05-23,5103.41,0.0416319999999999,,,399986,中证银行,CNY,CN10Y
2008-05-26,4949.52,0.041636,,,399986,中证银行,CNY,CN10Y
2008-05-27,4975.9,0.041618,,,399986,中证银行,CNY,CN10Y
2008-05-28,5143.39,0.041676,,,399986,中证银行,CNY,CN10Y
2008-05-29,4991.27,0.041636,,,399986,中证银行,CNY,CN10Y
2008-05-30,5052.46,0.041589,,,399986,中证银行,CNY,CN10Y
2008-06-02,5085.25,0.041626,,,399986,中证银行,CNY,CN10Y
2008-06-03,5055.67,0.041588,,,399986,中证银行,CNY,CN10Y
2008-06-04,4985.99,0.041589,,,399986,中证银行,CNY,CN10Y
2008-06-05,4969.05,0.0415909999999999,,,399986,中证银行,CNY,CN10Y
2008-06-06,4968.19,0.0416169999999999,,,399986,中证银行,CNY,CN10Y
2008-06-10,4494.12,0.042069,,,399986,中证银行,CNY,CN10Y
2008-06-11,4321.64,0.043193,,,399986,中证银行,CNY,CN10Y
2008-06-12,4244.31,0.043009,,,399986,中证银行,CNY,CN10Y
2008-06-13,4213.84,0.043128,,,399986,中证银行,CNY,CN10Y
2008-06-16,4289.82,0.0431789999999999,,,399986,中证银行,CNY,CN10Y
2008-06-17,4225.94,0.043354,,,399986,中证银行,CNY,CN10Y
2008-06-18,4409.04,0.043356,,,399986,中证银行,CNY,CN10Y
2008-06-19,4089.18,0.043358,,,399986,中证银行,CNY,CN10Y
2008-06-20,4262.5,0.0442129999999999,,,399986,中证银行,CNY,CN10Y
2008-06-23,4209.1,0.044716,,,399986,中证银行,CNY,CN10Y
2008-06-24,4301.92,0.044626,,,399986,中证银行,CNY,CN10Y
2008-06-25,4400.69,0.044582,,,399986,中证银行,CNY,CN10Y
2008-06-26,4349.66,0.045182,,,399986,中证银行,CNY,CN10Y
2008-06-27,4141.01,0.0455799999999999,,,399986,中证银行,CNY,CN10Y
2008-06-30,4055.5,0.045285,,,399986,中证银行,CNY,CN10Y
2008-07-01,3843.74,0.045309,,,399986,中证银行,CNY,CN10Y
2008-07-02,3847.11,0.04536,,,399986,中证银行,CNY,CN10Y
2008-07-03,3881.04,0.045311,,,399986,中证银行,CNY,CN10Y
2008-07-04,3910.83,0.045313,,,399986,中证银行,CNY,CN10Y
2008-07-07,4141.7,0.045529,,,399986,中证银行,CNY,CN10Y
2008-07-08,4138.56,0.045331,,,399986,中证银行,CNY,CN10Y
2008-07-09,4336.16,0.0450589999999999,,,399986,中证银行,CNY,CN10Y
2008-07-10,4306.72,0.044725,,,399986,中证银行,CNY,CN10Y
2008-07-11,4294.17,0.044562,,,399986,中证银行,CNY,CN10Y
2008-07-14,4321.6,0.044328,,,399986,中证银行,CNY,CN10Y
2008-07-15,4081.16,0.044332,,,399986,中证银行,CNY,CN10Y
2008-07-16,3916.45,0.0443379999999999,,,399986,中证银行,CNY,CN10Y
2008-07-17,3891.42,0.04434,,,399986,中证银行,CNY,CN10Y
2008-07-18,4045.59,0.044236,,,399986,中证银行,CNY,CN10Y
2008-07-21,4166.53,0.0441899999999999,,,399986,中证银行,CNY,CN10Y
2008-07-22,4149.88,0.044135,,,399986,中证银行,CNY,CN10Y
2008-07-23,4144.11,0.0441359999999999,,,399986,中证银行,CNY,CN10Y
2008-07-24,4333.56,0.044137,,,399986,中证银行,CNY,CN10Y
2008-07-25,4312.92,0.044342,,,399986,中证银行,CNY,CN10Y
2008-07-28,4349.9,0.044374,,,399986,中证银行,CNY,CN10Y
2008-07-29,4263.28,0.0444,,,399986,中证银行,CNY,CN10Y
2008-07-30,4251.62,0.044351,,,399986,中证银行,CNY,CN10Y
2008-07-31,4138.9,0.044401,,,399986,中证银行,CNY,CN10Y
2008-08-01,4283.88,0.0446009999999999,,,399986,中证银行,CNY,CN10Y
2008-08-04,4202.19,0.044612,,,399986,中证银行,CNY,CN10Y
2008-08-05,4158.89,0.044565,,,399986,中证银行,CNY,CN10Y
2008-08-06,4232.88,0.044411,,,399986,中证银行,CNY,CN10Y
2008-08-07,4199.56,0.0452379999999999,,,399986,中证银行,CNY,CN10Y
2008-08-08,4025.71,0.044988,,,399986,中证银行,CNY,CN10Y
2008-08-11,3928.75,0.045596,,,399986,中证银行,CNY,CN10Y
2008-08-12,3888.73,0.045139,,,399986,中证银行,CNY,CN10Y
2008-08-13,3817.45,0.045038,,,399986,中证银行,CNY,CN10Y
2008-08-14,3794.33,0.044736,,,399986,中证银行,CNY,CN10Y
2008-08-15,3837.93,0.044133,,,399986,中证银行,CNY,CN10Y
2008-08-18,3679.06,0.044141,,,399986,中证银行,CNY,CN10Y
2008-08-19,3762.16,0.044042,,,399986,中证银行,CNY,CN10Y
2008-08-20,4083.6,0.043944,,,399986,中证银行,CNY,CN10Y
2008-08-21,3931.58,0.043689,,,399986,中证银行,CNY,CN10Y
2008-08-22,3864.01,0.043554,,,399986,中证银行,CNY,CN10Y
2008-08-25,3886.89,0.043431,,,399986,中证银行,CNY,CN10Y
2008-08-26,3844.07,0.043292,,,399986,中证银行,CNY,CN10Y
2008-08-27,3858.8,0.0430959999999999,,,399986,中证银行,CNY,CN10Y
2008-08-28,3888.35,0.042753,,,399986,中证银行,CNY,CN10Y
2008-08-29,3957.48,0.042234,,,399986,中证银行,CNY,CN10Y
2008-09-01,3765.32,0.041363,,,399986,中证银行,CNY,CN10Y
2008-09-02,3683.65,0.041714,,,399986,中证银行,CNY,CN10Y
2008-09-03,3586.69,0.0414109999999999,,,399986,中证银行,CNY,CN10Y
2008-09-04,3587.69,0.041643,,,399986,中证银行,CNY,CN10Y
2008-09-05,3480.83,0.041703,,,399986,中证银行,CNY,CN10Y
2008-09-08,3444.15,0.041705,,,399986,中证银行,CNY,CN10Y
2008-09-09,3452.14,0.041429,,,399986,中证银行,CNY,CN10Y
2008-09-10,3420.5,0.0410149999999999,,,399986,中证银行,CNY,CN10Y
2008-09-11,3231.73,0.040631,,,399986,中证银行,CNY,CN10Y
2008-09-12,3204.85,0.039712,,,399986,中证银行,CNY,CN10Y
2008-09-16,2888.44,0.038,,,399986,中证银行,CNY,CN10Y
2008-09-17,2638.53,0.037119,,,399986,中证银行,CNY,CN10Y
2008-09-18,2715.74,0.03712,,,399986,中证银行,CNY,CN10Y
2008-09-19,2987.39,0.0369,,,399986,中证银行,CNY,CN10Y
2008-09-22,3287.02,0.0375939999999999,,,399986,中证银行,CNY,CN10Y
2008-09-23,3141.27,0.037612,,,399986,中证银行,CNY,CN10Y
2008-09-24,3100.84,0.037601,,,399986,中证银行,CNY,CN10Y
2008-09-25,3182.06,0.037276,,,399986,中证银行,CNY,CN10Y
2008-09-26,3174.22,0.037282,,,399986,中证银行,CNY,CN10Y
2008-09-27,,0.037143,,,399986,中证银行,CNY,CN10Y
2008-09-28,,0.037155,,,399986,中证银行,CNY,CN10Y
2008-10-06,2905.72,0.036809,,,399986,中证银行,CNY,CN10Y
2008-10-07,2917.77,0.035309,,,399986,中证银行,CNY,CN10Y
2008-10-08,2753.82,0.033499,,,399986,中证银行,CNY,CN10Y
2008-10-09,2747.59,0.0315,,,399986,中证银行,CNY,CN10Y
2008-10-10,2650.8,0.03051,,,399986,中证银行,CNY,CN10Y
2008-10-13,2888.0,0.0312599999999999,,,399986,中证银行,CNY,CN10Y
2008-10-14,2806.62,0.031593,,,399986,中证银行,CNY,CN10Y
2008-10-15,2849.46,0.031062,,,399986,中证银行,CNY,CN10Y
2008-10-16,2719.81,0.031267,,,399986,中证银行,CNY,CN10Y
2008-10-17,2737.76,0.031768,,,399986,中证银行,CNY,CN10Y
2008-10-20,2840.48,0.03182,,,399986,中证银行,CNY,CN10Y
2008-10-21,2797.35,0.031826,,,399986,中证银行,CNY,CN10Y
2008-10-22,2740.42,0.031922,,,399986,中证银行,CNY,CN10Y
2008-10-23,2654.17,0.031978,,,399986,中证银行,CNY,CN10Y
2008-10-24,2528.55,0.031931,,,399986,中证银行,CNY,CN10Y
2008-10-27,2357.24,0.031522,,,399986,中证银行,CNY,CN10Y
2008-10-28,2509.51,0.031042,,,399986,中证银行,CNY,CN10Y
2008-10-29,2431.19,0.030694,,,399986,中证银行,CNY,CN10Y
2008-10-30,2499.76,0.030703,,,399986,中证银行,CNY,CN10Y
2008-10-31,2451.33,0.030751,,,399986,中证银行,CNY,CN10Y
2008-11-03,2477.09,0.030549,,,399986,中证银行,CNY,CN10Y
2008-11-04,2483.21,0.030569,,,399986,中证银行,CNY,CN10Y
2008-11-05,2604.27,0.030676,,,399986,中证银行,CNY,CN10Y
2008-11-06,2511.55,0.030424,,,399986,中证银行,CNY,CN10Y
2008-11-07,2600.28,0.029767,,,399986,中证银行,CNY,CN10Y
2008-11-10,2812.3,0.029005,,,399986,中证银行,CNY,CN10Y
2008-11-11,2749.25,0.029221,,,399986,中证银行,CNY,CN10Y
2008-11-12,2792.63,0.028969,,,399986,中证银行,CNY,CN10Y
2008-11-13,2894.14,0.028639,,,399986,中证银行,CNY,CN10Y
2008-11-14,2941.05,0.0294819999999999,,,399986,中证银行,CNY,CN10Y
2008-11-17,2984.54,0.029984,,,399986,中证银行,CNY,CN10Y
2008-11-18,2754.92,0.0299739999999999,,,399986,中证银行,CNY,CN10Y
2008-11-19,2931.51,0.030885,,,399986,中证银行,CNY,CN10Y
2008-11-20,2882.42,0.030531,,,399986,中证银行,CNY,CN10Y
2008-11-21,2825.74,0.030049,,,399986,中证银行,CNY,CN10Y
2008-11-24,2691.73,0.030638,,,399986,中证银行,CNY,CN10Y
2008-11-25,2673.4,0.031728,,,399986,中证银行,CNY,CN10Y
2008-11-26,2664.73,0.031034,,,399986,中证银行,CNY,CN10Y
2008-11-27,2667.07,0.029064,,,399986,中证银行,CNY,CN10Y
2008-11-28,2537.85,0.029905,,,399986,中证银行,CNY,CN10Y
2008-12-01,2564.46,0.030378,,,399986,中证银行,CNY,CN10Y
2008-12-02,2549.19,0.030306,,,399986,中证银行,CNY,CN10Y
2008-12-03,2683.07,0.029467,,,399986,中证银行,CNY,CN10Y
2008-12-04,2749.24,0.0293429999999999,,,399986,中证银行,CNY,CN10Y
2008-12-05,2785.01,0.029061,,,399986,中证银行,CNY,CN10Y
2008-12-08,2934.04,0.029053,,,399986,中证银行,CNY,CN10Y
2008-12-09,2831.92,0.030072,,,399986,中证银行,CNY,CN10Y
2008-12-10,3004.93,0.03013,,,399986,中证银行,CNY,CN10Y
2008-12-11,2908.3,0.03004,,,399986,中证银行,CNY,CN10Y
2008-12-12,2758.3,0.029237,,,399986,中证银行,CNY,CN10Y
2008-12-15,2769.91,0.029186,,,399986,中证银行,CNY,CN10Y
2008-12-16,2757.27,0.029243,,,399986,中证银行,CNY,CN10Y
2008-12-17,2738.75,0.0281,,,399986,中证银行,CNY,CN10Y
2008-12-18,2862.6,0.0270429999999999,,,399986,中证银行,CNY,CN10Y
2008-12-19,2837.16,0.027384,,,399986,中证银行,CNY,CN10Y
2008-12-22,2782.53,0.0273899999999999,,,399986,中证银行,CNY,CN10Y
2008-12-23,2687.89,0.0268869999999999,,,399986,中证银行,CNY,CN10Y
2008-12-24,2670.73,0.027045,,,399986,中证银行,CNY,CN10Y
2008-12-25,2637.01,0.0270469999999999,,,399986,中证银行,CNY,CN10Y
2008-12-26,2640.89,0.027301,,,399986,中证银行,CNY,CN10Y
2008-12-29,2616.14,0.027559,,,399986,中证银行,CNY,CN10Y
2008-12-30,2593.56,0.027566,,,399986,中证银行,CNY,CN10Y
2008-12-31,2582.81,0.027521,,,399986,中证银行,CNY,CN10Y
2009-01-04,,0.027102,,,399986,中证银行,CNY,CN10Y
2009-01-05,2666.16,0.0273,,,399986,中证银行,CNY,CN10Y
2009-01-06,2754.07,0.026909,,,399986,中证银行,CNY,CN10Y
2009-01-07,2713.57,0.026711,,,399986,中证银行,CNY,CN10Y
2009-01-08,2618.42,0.026716,,,399986,中证银行,CNY,CN10Y
2009-01-09,2664.37,0.026722,,,399986,中证银行,CNY,CN10Y
2009-01-12,2674.23,0.027,,,399986,中证银行,CNY,CN10Y
2009-01-13,2620.7,0.0282569999999999,,,399986,中证银行,CNY,CN10Y
2009-01-14,2751.96,0.028818,,,399986,中证银行,CNY,CN10Y
2009-01-15,2749.8,0.029897,,,399986,中证银行,CNY,CN10Y
2009-01-16,2825.43,0.02994,,,399986,中证银行,CNY,CN10Y
2009-01-19,2900.85,0.030123,,,399986,中证银行,CNY,CN10Y
2009-01-20,2936.81,0.0309949999999999,,,399986,中证银行,CNY,CN10Y
2009-01-21,2969.26,0.031398,,,399986,中证银行,CNY,CN10Y
2009-01-22,2974.09,0.030619,,,399986,中证银行,CNY,CN10Y
2009-01-23,2950.13,0.030367,,,399986,中证银行,CNY,CN10Y
2009-01-24,,0.030368,,,399986,中证银行,CNY,CN10Y
2009-02-01,,0.0305019999999999,,,399986,中证银行,CNY,CN10Y
2009-02-02,2935.67,0.031433,,,399986,中证银行,CNY,CN10Y
2009-02-03,3009.21,0.031766,,,399986,中证银行,CNY,CN10Y
2009-02-04,3151.0,0.032946,,,399986,中证银行,CNY,CN10Y
2009-02-05,3108.65,0.034013,,,399986,中证银行,CNY,CN10Y
2009-02-06,3209.35,0.0329669999999999,,,399986,中证银行,CNY,CN10Y
2009-02-09,3238.25,0.03269,,,399986,中证银行,CNY,CN10Y
2009-02-10,3214.41,0.033001,,,399986,中证银行,CNY,CN10Y
2009-02-11,3237.77,0.032323,,,399986,中证银行,CNY,CN10Y
2009-02-12,3146.69,0.031271,,,399986,中证银行,CNY,CN10Y
2009-02-13,3227.78,0.031321,,,399986,中证银行,CNY,CN10Y
2009-02-16,3375.9,0.031547,,,399986,中证银行,CNY,CN10Y
2009-02-17,3292.23,0.031897,,,399986,中证银行,CNY,CN10Y
2009-02-18,3142.25,0.031703,,,399986,中证银行,CNY,CN10Y
2009-02-19,3096.44,0.031385,,,399986,中证银行,CNY,CN10Y
2009-02-20,3123.88,0.031583,,,399986,中证银行,CNY,CN10Y
2009-02-23,3223.98,0.031555,,,399986,中证银行,CNY,CN10Y
2009-02-24,3045.43,0.031508,,,399986,中证银行,CNY,CN10Y
2009-02-25,3146.5,0.031412,,,399986,中证银行,CNY,CN10Y
2009-02-26,3044.0,0.0314469999999999,,,399986,中证银行,CNY,CN10Y
2009-02-27,3075.18,0.031508,,,399986,中证银行,CNY,CN10Y
2009-03-02,3066.87,0.031582,,,399986,中证银行,CNY,CN10Y
2009-03-03,2994.32,0.031755,,,399986,中证银行,CNY,CN10Y
2009-03-04,3220.08,0.032075,,,399986,中证银行,CNY,CN10Y
2009-03-05,3298.09,0.03231,,,399986,中证银行,CNY,CN10Y
2009-03-06,3270.98,0.032291,,,399986,中证银行,CNY,CN10Y
2009-03-09,3172.45,0.0320359999999999,,,399986,中证银行,CNY,CN10Y
2009-03-10,3196.74,0.03178,,,399986,中证银行,CNY,CN10Y
2009-03-11,3165.27,0.031331,,,399986,中证银行,CNY,CN10Y
2009-03-12,3136.62,0.031524,,,399986,中证银行,CNY,CN10Y
2009-03-13,3134.84,0.03148,,,399986,中证银行,CNY,CN10Y
2009-03-16,3223.76,0.031534,,,399986,中证银行,CNY,CN10Y
2009-03-17,3325.57,0.031249,,,399986,中证银行,CNY,CN10Y
2009-03-18,3293.59,0.031,,,399986,中证银行,CNY,CN10Y
2009-03-19,3329.62,0.030768,,,399986,中证银行,CNY,CN10Y
2009-03-20,3285.95,0.030772,,,399986,中证银行,CNY,CN10Y
2009-03-23,3355.26,0.030831,,,399986,中证银行,CNY,CN10Y
2009-03-24,3369.86,0.031295,,,399986,中证银行,CNY,CN10Y
2009-03-25,3351.92,0.031297,,,399986,中证银行,CNY,CN10Y
2009-03-26,3507.02,0.031606,,,399986,中证银行,CNY,CN10Y
2009-03-27,3523.95,0.031594,,,399986,中证银行,CNY,CN10Y
2009-03-30,3506.29,0.031608,,,399986,中证银行,CNY,CN10Y
2009-03-31,3514.18,0.031612,,,399986,中证银行,CNY,CN10Y
2009-04-01,3536.13,0.031618,,,399986,中证银行,CNY,CN10Y
2009-04-02,3599.75,0.031714,,,399986,中证银行,CNY,CN10Y
2009-04-03,3708.45,0.031805,,,399986,中证银行,CNY,CN10Y
2009-04-07,3683.6,0.031805,,,399986,中证银行,CNY,CN10Y
2009-04-08,3521.27,0.031869,,,399986,中证银行,CNY,CN10Y
2009-04-09,3575.5,0.031949,,,399986,中证银行,CNY,CN10Y
2009-04-10,3645.61,0.0319539999999999,,,399986,中证银行,CNY,CN10Y
2009-04-13,3675.4,0.031953,,,399986,中证银行,CNY,CN10Y
2009-04-14,3692.11,0.032044,,,399986,中证银行,CNY,CN10Y
2009-04-15,3660.8,0.032114,,,399986,中证银行,CNY,CN10Y
2009-04-16,3687.23,0.031841,,,399986,中证银行,CNY,CN10Y
2009-04-17,3627.56,0.031634,,,399986,中证银行,CNY,CN10Y
2009-04-20,3704.47,0.031412,,,399986,中证银行,CNY,CN10Y
2009-04-21,3639.36,0.031616,,,399986,中证银行,CNY,CN10Y
2009-04-22,3543.55,0.031609,,,399986,中证银行,CNY,CN10Y
2009-04-23,3527.45,0.031618,,,399986,中证银行,CNY,CN10Y
2009-04-24,3491.74,0.0315709999999999,,,399986,中证银行,CNY,CN10Y
2009-04-27,3433.78,0.031579,,,399986,中证银行,CNY,CN10Y
2009-04-28,3453.24,0.031532,,,399986,中证银行,CNY,CN10Y
2009-04-29,3662.41,0.031286,,,399986,中证银行,CNY,CN10Y
2009-04-30,3633.94,0.031072,,,399986,中证银行,CNY,CN10Y
2009-05-04,3728.02,0.0310919999999999,,,399986,中证银行,CNY,CN10Y
2009-05-05,3748.73,0.031036,,,399986,中证银行,CNY,CN10Y
2009-05-06,3810.44,0.030795,,,399986,中证银行,CNY,CN10Y
2009-05-07,3889.07,0.030739,,,399986,中证银行,CNY,CN10Y
2009-05-08,3988.98,0.030701,,,399986,中证银行,CNY,CN10Y
2009-05-11,3964.96,0.030698,,,399986,中证银行,CNY,CN10Y
2009-05-12,4042.37,0.030662,,,399986,中证银行,CNY,CN10Y
2009-05-13,4038.64,0.030365,,,399986,中证银行,CNY,CN10Y
2009-05-14,3942.94,0.030318,,,399986,中证银行,CNY,CN10Y
2009-05-15,3961.27,0.0303209999999999,,,399986,中证银行,CNY,CN10Y
2009-05-18,3964.24,0.030277,,,399986,中证银行,CNY,CN10Y
2009-05-19,4029.44,0.030384,,,399986,中证银行,CNY,CN10Y
2009-05-20,3969.53,0.030386,,,399986,中证银行,CNY,CN10Y
2009-05-21,3875.26,0.030388,,,399986,中证银行,CNY,CN10Y
2009-05-22,3873.11,0.030434,,,399986,中证银行,CNY,CN10Y
2009-05-25,3888.84,0.030441,,,399986,中证银行,CNY,CN10Y
2009-05-26,3828.17,0.030546,,,399986,中证银行,CNY,CN10Y
2009-05-27,3974.94,0.03039,,,399986,中证银行,CNY,CN10Y
2009-05-31,,0.030409,,,399986,中证银行,CNY,CN10Y
2009-06-01,4130.43,0.030615,,,399986,中证银行,CNY,CN10Y
2009-06-02,4103.84,0.030515,,,399986,中证银行,CNY,CN10Y
2009-06-03,4362.6,0.03065,,,399986,中证银行,CNY,CN10Y
2009-06-04,4427.82,0.031349,,,399986,中证银行,CNY,CN10Y
2009-06-05,4390.67,0.031474,,,399986,中证银行,CNY,CN10Y
2009-06-08,4503.66,0.031543,,,399986,中证银行,CNY,CN10Y
2009-06-09,4488.13,0.031481,,,399986,中证银行,CNY,CN10Y
2009-06-10,4489.3,0.03166,,,399986,中证银行,CNY,CN10Y
2009-06-11,4518.96,0.0317,,,399986,中证银行,CNY,CN10Y
2009-06-12,4430.53,0.031868,,,399986,中证银行,CNY,CN10Y
2009-06-15,4681.49,0.031947,,,399986,中证银行,CNY,CN10Y
2009-06-16,4663.26,0.031476,,,399986,中证银行,CNY,CN10Y
2009-06-17,4717.95,0.031332,,,399986,中证银行,CNY,CN10Y
2009-06-18,4835.29,0.031536,,,399986,中证银行,CNY,CN10Y
2009-06-19,4878.29,0.031543,,,399986,中证银行,CNY,CN10Y
2009-06-22,4938.2,0.031876,,,399986,中证银行,CNY,CN10Y
2009-06-23,5028.46,0.032325,,,399986,中证银行,CNY,CN10Y
2009-06-24,4947.73,0.032397,,,399986,中证银行,CNY,CN10Y
2009-06-25,4951.47,0.032525,,,399986,中证银行,CNY,CN10Y
2009-06-26,5022.15,0.032628,,,399986,中证银行,CNY,CN10Y
2009-06-29,5093.25,0.032456,,,399986,中证银行,CNY,CN10Y
2009-06-30,5038.73,0.032403,,,399986,中证银行,CNY,CN10Y
2009-07-01,5223.95,0.0323,,,399986,中证银行,CNY,CN10Y
2009-07-02,5274.61,0.032277,,,399986,中证银行,CNY,CN10Y
2009-07-03,5328.56,0.032534,,,399986,中证银行,CNY,CN10Y
2009-07-06,5391.45,0.032702,,,399986,中证银行,CNY,CN10Y
2009-07-07,5265.38,0.032706,,,399986,中证银行,CNY,CN10Y
2009-07-08,5162.65,0.032709,,,399986,中证银行,CNY,CN10Y
2009-07-09,5172.12,0.033068,,,399986,中证银行,CNY,CN10Y
2009-07-10,5145.09,0.033056,,,399986,中证银行,CNY,CN10Y
2009-07-13,5020.5,0.03306,,,399986,中证银行,CNY,CN10Y
2009-07-14,5180.52,0.033322,,,399986,中证银行,CNY,CN10Y
2009-07-15,5200.51,0.033816,,,399986,中证银行,CNY,CN10Y
2009-07-16,5355.17,0.034421,,,399986,中证银行,CNY,CN10Y
2009-07-17,5316.41,0.03451,,,399986,中证银行,CNY,CN10Y
2009-07-20,5346.82,0.03478,,,399986,中证银行,CNY,CN10Y
2009-07-21,5283.15,0.034697,,,399986,中证银行,CNY,CN10Y
2009-07-22,5369.52,0.034522,,,399986,中证银行,CNY,CN10Y
2009-07-23,5495.24,0.034511,,,399986,中证银行,CNY,CN10Y
2009-07-24,5506.29,0.034588,,,399986,中证银行,CNY,CN10Y
2009-07-27,5604.17,0.035091,,,399986,中证银行,CNY,CN10Y
2009-07-28,5561.83,0.034866,,,399986,中证银行,CNY,CN10Y
2009-07-29,5406.35,0.0350199999999999,,,399986,中证银行,CNY,CN10Y
2009-07-30,5692.73,0.034905,,,399986,中证银行,CNY,CN10Y
2009-07-31,5751.85,0.03503,,,399986,中证银行,CNY,CN10Y
2009-08-03,5716.06,0.035034,,,399986,中证银行,CNY,CN10Y
2009-08-04,5576.74,0.03515,,,399986,中证银行,CNY,CN10Y
2009-08-05,5462.18,0.035165,,,399986,中证银行,CNY,CN10Y
2009-08-06,5359.34,0.035167,,,399986,中证银行,CNY,CN10Y
2009-08-07,5278.49,0.035168,,,399986,中证银行,CNY,CN10Y
2009-08-10,5194.71,0.035177,,,399986,中证银行,CNY,CN10Y
2009-08-11,5198.09,0.0351799999999999,,,399986,中证银行,CNY,CN10Y
2009-08-12,4998.94,0.035209,,,399986,中证银行,CNY,CN10Y
2009-08-13,5119.37,0.0351869999999999,,,399986,中证银行,CNY,CN10Y
2009-08-14,4986.23,0.0351799999999999,,,399986,中证银行,CNY,CN10Y
2009-08-17,4748.34,0.035231,,,399986,中证银行,CNY,CN10Y
2009-08-18,4779.36,0.035242,,,399986,中证银行,CNY,CN10Y
2009-08-19,4601.12,0.035255,,,399986,中证银行,CNY,CN10Y
2009-08-20,4794.19,0.035162,,,399986,中证银行,CNY,CN10Y
2009-08-21,4880.42,0.035276,,,399986,中证银行,CNY,CN10Y
2009-08-24,4815.42,0.034886,,,399986,中证银行,CNY,CN10Y
2009-08-25,4536.83,0.034966,,,399986,中证银行,CNY,CN10Y
2009-08-26,4557.36,0.03485,,,399986,中证银行,CNY,CN10Y
2009-08-27,4518.26,0.034847,,,399986,中证银行,CNY,CN10Y
2009-08-28,4333.74,0.0348,,,399986,中证银行,CNY,CN10Y
2009-08-31,4066.08,0.034805,,,399986,中证银行,CNY,CN10Y
2009-09-01,4185.59,0.03481,,,399986,中证银行,CNY,CN10Y
2009-09-02,4356.26,0.034982,,,399986,中证银行,CNY,CN10Y
2009-09-03,4541.08,0.034862,,,399986,中证银行,CNY,CN10Y
2009-09-04,4560.38,0.034698,,,399986,中证银行,CNY,CN10Y
2009-09-07,4582.91,0.034317,,,399986,中证银行,CNY,CN10Y
2009-09-08,4658.01,0.034268,,,399986,中证银行,CNY,CN10Y
2009-09-09,4641.06,0.034323,,,399986,中证银行,CNY,CN10Y
2009-09-10,4606.01,0.03451,,,399986,中证银行,CNY,CN10Y
2009-09-11,4841.08,0.0346519999999999,,,399986,中证银行,CNY,CN10Y
2009-09-14,4876.93,0.0346309999999999,,,399986,中证银行,CNY,CN10Y
2009-09-15,4870.43,0.034581,,,399986,中证银行,CNY,CN10Y
2009-09-16,4747.74,0.034535,,,399986,中证银行,CNY,CN10Y
2009-09-17,4816.08,0.034636,,,399986,中证银行,CNY,CN10Y
2009-09-18,4632.34,0.034741,,,399986,中证银行,CNY,CN10Y
2009-09-21,4586.14,0.035132,,,399986,中证银行,CNY,CN10Y
2009-09-22,4466.77,0.035212,,,399986,中证银行,CNY,CN10Y
2009-09-23,4422.27,0.035126,,,399986,中证银行,CNY,CN10Y
2009-09-24,4592.35,0.0350959999999999,,,399986,中证银行,CNY,CN10Y
2009-09-25,4542.12,0.035101,,,399986,中证银行,CNY,CN10Y
2009-09-27,,0.035103,,,399986,中证银行,CNY,CN10Y
2009-09-28,4411.51,0.034917,,,399986,中证银行,CNY,CN10Y
2009-09-29,4500.64,0.035,,,399986,中证银行,CNY,CN10Y
2009-09-30,4532.78,0.035132,,,399986,中证银行,CNY,CN10Y
2009-10-09,4749.6,0.035542,,,399986,中证银行,CNY,CN10Y
2009-10-10,,0.035541,,,399986,中证银行,CNY,CN10Y
2009-10-12,4742.27,0.036043,,,399986,中证银行,CNY,CN10Y
2009-10-13,4823.88,0.036305,,,399986,中证银行,CNY,CN10Y
2009-10-14,4838.76,0.036787,,,399986,中证银行,CNY,CN10Y
2009-10-15,4864.65,0.037,,,399986,中证银行,CNY,CN10Y
2009-10-16,4848.49,0.037058,,,399986,中证银行,CNY,CN10Y
2009-10-19,4935.96,0.036789,,,399986,中证银行,CNY,CN10Y
2009-10-20,5051.11,0.036773,,,399986,中证银行,CNY,CN10Y
2009-10-21,5067.76,0.036933,,,399986,中证银行,CNY,CN10Y
2009-10-22,5010.07,0.036587,,,399986,中证银行,CNY,CN10Y
2009-10-23,5147.66,0.03692,,,399986,中证银行,CNY,CN10Y
2009-10-26,5159.63,0.036925,,,399986,中证银行,CNY,CN10Y
2009-10-27,5016.41,0.036905,,,399986,中证银行,CNY,CN10Y
2009-10-28,4992.07,0.036855,,,399986,中证银行,CNY,CN10Y
2009-10-29,4886.13,0.036818,,,399986,中证银行,CNY,CN10Y
2009-10-30,4959.72,0.036886,,,399986,中证银行,CNY,CN10Y
2009-11-02,5204.12,0.03692,,,399986,中证银行,CNY,CN10Y
2009-11-03,5241.77,0.036944,,,399986,中证银行,CNY,CN10Y
2009-11-04,5279.53,0.037038,,,399986,中证银行,CNY,CN10Y
2009-11-05,5260.43,0.037247,,,399986,中证银行,CNY,CN10Y
2009-11-06,5258.74,0.037303,,,399986,中证银行,CNY,CN10Y
2009-11-09,5237.63,0.037313,,,399986,中证银行,CNY,CN10Y
2009-11-10,5268.4,0.037281,,,399986,中证银行,CNY,CN10Y
2009-11-11,5197.39,0.036988,,,399986,中证银行,CNY,CN10Y
2009-11-12,5181.31,0.036918,,,399986,中证银行,CNY,CN10Y
2009-11-13,5249.53,0.036921,,,399986,中证银行,CNY,CN10Y
2009-11-16,5393.17,0.036927,,,399986,中证银行,CNY,CN10Y
2009-11-17,5425.96,0.036956,,,399986,中证银行,CNY,CN10Y
2009-11-18,5420.73,0.036885,,,399986,中证银行,CNY,CN10Y
2009-11-19,5390.22,0.0368659999999999,,,399986,中证银行,CNY,CN10Y
2009-11-20,5342.23,0.036648,,,399986,中证银行,CNY,CN10Y
2009-11-23,5353.89,0.036703,,,399986,中证银行,CNY,CN10Y
2009-11-24,5215.49,0.036504,,,399986,中证银行,CNY,CN10Y
2009-11-25,5262.05,0.03651,,,399986,中证银行,CNY,CN10Y
2009-11-26,5011.82,0.036459,,,399986,中证银行,CNY,CN10Y
2009-11-27,4893.46,0.035759,,,399986,中证银行,CNY,CN10Y
2009-11-30,5009.12,0.035569,,,399986,中证银行,CNY,CN10Y
2009-12-01,5022.96,0.035723,,,399986,中证银行,CNY,CN10Y
2009-12-02,5061.79,0.035725,,,399986,中证银行,CNY,CN10Y
2009-12-03,5000.19,0.035929,,,399986,中证银行,CNY,CN10Y
2009-12-04,5246.56,0.035983,,,399986,中证银行,CNY,CN10Y
2009-12-07,5257.44,0.0362,,,399986,中证银行,CNY,CN10Y
2009-12-08,5170.97,0.036292,,,399986,中证银行,CNY,CN10Y
2009-12-09,5055.47,0.036251,,,399986,中证银行,CNY,CN10Y
2009-12-10,5097.69,0.036258,,,399986,中证银行,CNY,CN10Y
2009-12-11,5103.88,0.036257,,,399986,中证银行,CNY,CN10Y
2009-12-14,5243.04,0.036348,,,399986,中证银行,CNY,CN10Y
2009-12-15,5195.05,0.036314,,,399986,中证银行,CNY,CN10Y
2009-12-16,5181.79,0.036339,,,399986,中证银行,CNY,CN10Y
2009-12-17,5110.8,0.036365,,,399986,中证银行,CNY,CN10Y
2009-12-18,5026.84,0.036393,,,399986,中证银行,CNY,CN10Y
2009-12-21,4962.66,0.036508,,,399986,中证银行,CNY,CN10Y
2009-12-22,4847.81,0.036507,,,399986,中证银行,CNY,CN10Y
2009-12-23,4844.76,0.036589,,,399986,中证银行,CNY,CN10Y
2009-12-24,4954.66,0.036565,,,399986,中证银行,CNY,CN10Y
2009-12-25,4898.06,0.036543,,,399986,中证银行,CNY,CN10Y
2009-12-28,4984.71,0.0365,,,399986,中证银行,CNY,CN10Y
2009-12-29,5062.97,0.036426,,,399986,中证银行,CNY,CN10Y
2009-12-30,5257.65,0.036429,,,399986,中证银行,CNY,CN10Y
2009-12-31,5279.09,0.0364219999999999,,,399986,中证银行,CNY,CN10Y
2010-01-04,5177.07,0.036603,,,399986,中证银行,CNY,CN10Y
2010-01-05,5207.51,0.036606,,,399986,中证银行,CNY,CN10Y
2010-01-06,5117.02,0.036425,,,399986,中证银行,CNY,CN10Y
2010-01-07,5010.72,0.036543,,,399986,中证银行,CNY,CN10Y
2010-01-08,5037.19,0.036614,,,399986,中证银行,CNY,CN10Y
2010-01-11,5028.85,0.036696,,,399986,中证银行,CNY,CN10Y
2010-01-12,5047.38,0.036694,,,399986,中证银行,CNY,CN10Y
2010-01-13,4767.64,0.0370529999999999,,,399986,中证银行,CNY,CN10Y
2010-01-14,4791.03,0.036868,,,399986,中证银行,CNY,CN10Y
2010-01-15,4812.98,0.036871,,,399986,中证银行,CNY,CN10Y
2010-01-18,4807.89,0.036852,,,399986,中证银行,CNY,CN10Y
2010-01-19,4856.99,0.036559,,,399986,中证银行,CNY,CN10Y
2010-01-20,4718.92,0.0364,,,399986,中证银行,CNY,CN10Y
2010-01-21,4831.64,0.036558,,,399986,中证银行,CNY,CN10Y
2010-01-22,4955.75,0.0363,,,399986,中证银行,CNY,CN10Y
2010-01-25,4841.23,0.036,,,399986,中证银行,CNY,CN10Y
2010-01-26,4819.19,0.035838,,,399986,中证银行,CNY,CN10Y
2010-01-27,4664.44,0.035648,,,399986,中证银行,CNY,CN10Y
2010-01-28,4591.23,0.035879,,,399986,中证银行,CNY,CN10Y
2010-01-29,4576.79,0.0358,,,399986,中证银行,CNY,CN10Y
2010-02-01,4514.01,0.035406,,,399986,中证银行,CNY,CN10Y
2010-02-02,4547.63,0.034956,,,399986,中证银行,CNY,CN10Y
2010-02-03,4691.84,0.034648,,,399986,中证银行,CNY,CN10Y
2010-02-04,4655.61,0.035006,,,399986,中证银行,CNY,CN10Y
2010-02-05,4594.07,0.034733,,,399986,中证银行,CNY,CN10Y
2010-02-08,4540.55,0.034706,,,399986,中证银行,CNY,CN10Y
2010-02-09,4585.12,0.0347429999999999,,,399986,中证银行,CNY,CN10Y
2010-02-10,4636.28,0.034615,,,399986,中证银行,CNY,CN10Y
2010-02-11,4627.25,0.034516,,,399986,中证银行,CNY,CN10Y
2010-02-12,4678.54,0.03457,,,399986,中证银行,CNY,CN10Y
2010-02-20,,0.034889,,,399986,中证银行,CNY,CN10Y
2010-02-21,,0.034841,,,399986,中证银行,CNY,CN10Y
2010-02-22,4635.68,0.035149,,,399986,中证银行,CNY,CN10Y
2010-02-23,4568.78,0.0351,,,399986,中证银行,CNY,CN10Y
2010-02-24,4609.88,0.0346459999999999,,,399986,中证银行,CNY,CN10Y
2010-02-25,4703.76,0.034448,,,399986,中证银行,CNY,CN10Y
2010-02-26,4712.33,0.033753,,,399986,中证银行,CNY,CN10Y
2010-03-01,4786.59,0.033613,,,399986,中证银行,CNY,CN10Y
2010-03-02,4800.2,0.033414,,,399986,中证银行,CNY,CN10Y
2010-03-03,4813.43,0.033169,,,399986,中证银行,CNY,CN10Y
2010-03-04,4721.22,0.033518,,,399986,中证银行,CNY,CN10Y
2010-03-05,4721.09,0.033537,,,399986,中证银行,CNY,CN10Y
2010-03-08,4770.52,0.033602,,,399986,中证银行,CNY,CN10Y
2010-03-09,4812.25,0.033817,,,399986,中证银行,CNY,CN10Y
2010-03-10,4782.21,0.03403,,,399986,中证银行,CNY,CN10Y
2010-03-11,4819.72,0.034559,,,399986,中证银行,CNY,CN10Y
2010-03-12,4755.91,0.034526,,,399986,中证银行,CNY,CN10Y
2010-03-15,4669.36,0.034484,,,399986,中证银行,CNY,CN10Y
2010-03-16,4742.4,0.034331,,,399986,中证银行,CNY,CN10Y
2010-03-17,4825.45,0.033829,,,399986,中证银行,CNY,CN10Y
2010-03-18,4797.38,0.033639,,,399986,中证银行,CNY,CN10Y
2010-03-19,4812.53,0.033805,,,399986,中证银行,CNY,CN10Y
2010-03-22,4849.3,0.034216,,,399986,中证银行,CNY,CN10Y
2010-03-23,4798.05,0.034062,,,399986,中证银行,CNY,CN10Y
2010-03-24,4803.09,0.033961,,,399986,中证银行,CNY,CN10Y
2010-03-25,4734.8,0.034168,,,399986,中证银行,CNY,CN10Y
2010-03-26,4823.28,0.034582,,,399986,中证银行,CNY,CN10Y
2010-03-29,5001.98,0.034784,,,399986,中证银行,CNY,CN10Y
2010-03-30,5017.42,0.034959,,,399986,中证银行,CNY,CN10Y
2010-03-31,4966.69,0.0348179999999999,,,399986,中证银行,CNY,CN10Y
2010-04-01,5001.53,0.034742,,,399986,中证银行,CNY,CN10Y
2010-04-02,4993.86,0.0348,,,399986,中证银行,CNY,CN10Y
2010-04-06,5013.39,0.035021,,,399986,中证银行,CNY,CN10Y
2010-04-07,4962.41,0.035182,,,399986,中证银行,CNY,CN10Y
2010-04-08,4883.2,0.035549,,,399986,中证银行,CNY,CN10Y
2010-04-09,4917.0,0.035468,,,399986,中证银行,CNY,CN10Y
2010-04-12,4809.37,0.035343,,,399986,中证银行,CNY,CN10Y
2010-04-13,4911.44,0.035031,,,399986,中证银行,CNY,CN10Y
2010-04-14,4893.67,0.035043,,,399986,中证银行,CNY,CN10Y
2010-04-15,4891.05,0.035071,,,399986,中证银行,CNY,CN10Y
2010-04-16,4791.86,0.034813,,,399986,中证银行,CNY,CN10Y
2010-04-19,4485.55,0.034116,,,399986,中证银行,CNY,CN10Y
2010-04-20,4442.65,0.034086,,,399986,中证银行,CNY,CN10Y
2010-04-21,4490.77,0.034354,,,399986,中证银行,CNY,CN10Y
2010-04-22,4348.42,0.034093,,,399986,中证银行,CNY,CN10Y
2010-04-23,4346.71,0.034106,,,399986,中证银行,CNY,CN10Y
2010-04-26,4315.04,0.033715,,,399986,中证银行,CNY,CN10Y
2010-04-27,4244.98,0.033768,,,399986,中证银行,CNY,CN10Y
2010-04-28,4258.74,0.033456,,,399986,中证银行,CNY,CN10Y
2010-04-29,4295.64,0.033607,,,399986,中证银行,CNY,CN10Y
2010-04-30,4380.94,0.033565,,,399986,中证银行,CNY,CN10Y
2010-05-04,4286.75,0.033826,,,399986,中证银行,CNY,CN10Y
2010-05-05,4324.51,0.033636,,,399986,中证银行,CNY,CN10Y
2010-05-06,4096.85,0.033485,,,399986,中证银行,CNY,CN10Y
2010-05-07,4053.74,0.032721,,,399986,中证银行,CNY,CN10Y
2010-05-10,4127.92,0.033027,,,399986,中证银行,CNY,CN10Y
2010-05-11,4028.66,0.032983,,,399986,中证银行,CNY,CN10Y
2010-05-12,4140.06,0.032781,,,399986,中证银行,CNY,CN10Y
2010-05-13,4227.61,0.032686,,,399986,中证银行,CNY,CN10Y
2010-05-14,4176.6,0.032687,,,399986,中证银行,CNY,CN10Y
2010-05-17,4024.1,0.032257,,,399986,中证银行,CNY,CN10Y
2010-05-18,4136.2,0.032118,,,399986,中证银行,CNY,CN10Y
2010-05-19,4104.04,0.031865,,,399986,中证银行,CNY,CN10Y
2010-05-20,4052.44,0.032078,,,399986,中证银行,CNY,CN10Y
2010-05-21,4097.19,0.031972,,,399986,中证银行,CNY,CN10Y
2010-05-24,4207.32,0.032277,,,399986,中证银行,CNY,CN10Y
2010-05-25,4103.26,0.0320299999999999,,,399986,中证银行,CNY,CN10Y
2010-05-26,4096.28,0.0322719999999999,,,399986,中证银行,CNY,CN10Y
2010-05-27,4127.46,0.032416,,,399986,中证银行,CNY,CN10Y
2010-05-28,4102.07,0.032529,,,399986,中证银行,CNY,CN10Y
2010-05-31,4010.49,0.03243,,,399986,中证银行,CNY,CN10Y
2010-06-01,3973.31,0.032726,,,399986,中证银行,CNY,CN10Y
2010-06-02,3930.89,0.032748,,,399986,中证银行,CNY,CN10Y
2010-06-03,3908.06,0.032478,,,399986,中证银行,CNY,CN10Y
2010-06-04,3886.97,0.032512,,,399986,中证银行,CNY,CN10Y
2010-06-07,3774.22,0.03226,,,399986,中证银行,CNY,CN10Y
2010-06-08,3729.99,0.0324319999999999,,,399986,中证银行,CNY,CN10Y
2010-06-09,3913.12,0.032845,,,399986,中证银行,CNY,CN10Y
2010-06-10,3815.52,0.032891,,,399986,中证银行,CNY,CN10Y
2010-06-11,3831.86,0.0333199999999999,,,399986,中证银行,CNY,CN10Y
2010-06-12,,0.033282,,,399986,中证银行,CNY,CN10Y
2010-06-13,,0.033282,,,399986,中证银行,CNY,CN10Y
2010-06-17,3850.27,0.033296,,,399986,中证银行,CNY,CN10Y
2010-06-18,3854.03,0.033836,,,399986,中证银行,CNY,CN10Y
2010-06-21,3989.53,0.033925,,,399986,中证银行,CNY,CN10Y
2010-06-22,3986.8,0.033807,,,399986,中证银行,CNY,CN10Y
2010-06-23,3959.67,0.034129,,,399986,中证银行,CNY,CN10Y
2010-06-24,3977.05,0.034179,,,399986,中证银行,CNY,CN10Y
2010-06-25,3986.18,0.033822,,,399986,中证银行,CNY,CN10Y
2010-06-28,4009.48,0.033435,,,399986,中证银行,CNY,CN10Y
2010-06-29,3831.59,0.032909,,,399986,中证银行,CNY,CN10Y
2010-06-30,3806.43,0.03279,,,399986,中证银行,CNY,CN10Y
2010-07-01,3774.96,0.032848,,,399986,中证银行,CNY,CN10Y
2010-07-02,3808.6,0.032665,,,399986,中证银行,CNY,CN10Y
2010-07-05,3783.47,0.032517,,,399986,中证银行,CNY,CN10Y
2010-07-06,3859.73,0.032168,,,399986,中证银行,CNY,CN10Y
2010-07-07,3853.6,0.032233,,,399986,中证银行,CNY,CN10Y
2010-07-08,3865.44,0.032382,,,399986,中证银行,CNY,CN10Y
2010-07-09,3971.43,0.032347,,,399986,中证银行,CNY,CN10Y
2010-07-12,4041.52,0.032146,,,399986,中证银行,CNY,CN10Y
2010-07-13,3993.5,0.031767,,,399986,中证银行,CNY,CN10Y
2010-07-14,4032.28,0.031744,,,399986,中证银行,CNY,CN10Y
2010-07-15,3950.77,0.031817,,,399986,中证银行,CNY,CN10Y
2010-07-16,3946.68,0.031976,,,399986,中证银行,CNY,CN10Y
2010-07-19,4035.24,0.031901,,,399986,中证银行,CNY,CN10Y
2010-07-20,4073.62,0.032086,,,399986,中证银行,CNY,CN10Y
2010-07-21,4067.41,0.032144,,,399986,中证银行,CNY,CN10Y
2010-07-22,4116.74,0.032161,,,399986,中证银行,CNY,CN10Y
2010-07-23,4153.7,0.032528,,,399986,中证银行,CNY,CN10Y
2010-07-26,4149.3,0.032813,,,399986,中证银行,CNY,CN10Y
2010-07-27,4102.29,0.032816,,,399986,中证银行,CNY,CN10Y
2010-07-28,4205.99,0.032982,,,399986,中证银行,CNY,CN10Y
2010-07-29,4215.44,0.032993,,,399986,中证银行,CNY,CN10Y
2010-07-30,4203.49,0.032996,,,399986,中证银行,CNY,CN10Y
2010-08-02,4280.19,0.033131,,,399986,中证银行,CNY,CN10Y
2010-08-03,4181.56,0.033105,,,399986,中证银行,CNY,CN10Y
2010-08-04,4175.86,0.032971,,,399986,中证银行,CNY,CN10Y
2010-08-05,4092.66,0.0329669999999999,,,399986,中证银行,CNY,CN10Y
2010-08-06,4143.14,0.032922,,,399986,中证银行,CNY,CN10Y
2010-08-09,4147.21,0.032975,,,399986,中证银行,CNY,CN10Y
2010-08-10,4033.88,0.032972,,,399986,中证银行,CNY,CN10Y
2010-08-11,4042.3,0.032685,,,399986,中证银行,CNY,CN10Y
2010-08-12,3994.41,0.03223,,,399986,中证银行,CNY,CN10Y
2010-08-13,4016.73,0.032374,,,399986,中证银行,CNY,CN10Y
2010-08-16,4090.74,0.032504,,,399986,中证银行,CNY,CN10Y
2010-08-17,4102.99,0.032461,,,399986,中证银行,CNY,CN10Y
2010-08-18,4088.4,0.03245,,,399986,中证银行,CNY,CN10Y
2010-08-19,4128.91,0.032501,,,399986,中证银行,CNY,CN10Y
2010-08-20,4094.93,0.032389,,,399986,中证银行,CNY,CN10Y
2010-08-23,4095.62,0.032346,,,399986,中证银行,CNY,CN10Y
2010-08-24,4080.05,0.032229,,,399986,中证银行,CNY,CN10Y
2010-08-25,3972.4,0.0321539999999999,,,399986,中证银行,CNY,CN10Y
2010-08-26,3968.87,0.032322,,,399986,中证银行,CNY,CN10Y
2010-08-27,3978.48,0.032379,,,399986,中证银行,CNY,CN10Y
2010-08-30,4010.1,0.032304,,,399986,中证银行,CNY,CN10Y
2010-08-31,3964.24,0.032301,,,399986,中证银行,CNY,CN10Y
2010-09-01,3977.27,0.032358,,,399986,中证银行,CNY,CN10Y
2010-09-02,3999.38,0.032418,,,399986,中证银行,CNY,CN10Y
2010-09-03,3968.99,0.032406,,,399986,中证银行,CNY,CN10Y
2010-09-06,4047.13,0.03258,,,399986,中证银行,CNY,CN10Y
2010-09-07,4030.5,0.032739,,,399986,中证银行,CNY,CN10Y
2010-09-08,3953.54,0.032632,,,399986,中证银行,CNY,CN10Y
2010-09-09,3878.99,0.032681,,,399986,中证银行,CNY,CN10Y
2010-09-10,3868.7,0.032989,,,399986,中证银行,CNY,CN10Y
2010-09-13,3850.2,0.033251,,,399986,中证银行,CNY,CN10Y
2010-09-14,3858.32,0.033205,,,399986,中证银行,CNY,CN10Y
2010-09-15,3791.63,0.033443,,,399986,中证银行,CNY,CN10Y
2010-09-16,3704.25,0.033401,,,399986,中证银行,CNY,CN10Y
2010-09-17,3700.03,0.033504,,,399986,中证银行,CNY,CN10Y
2010-09-19,,0.0335,,,399986,中证银行,CNY,CN10Y
2010-09-20,3716.92,0.033388,,,399986,中证银行,CNY,CN10Y
2010-09-21,3720.39,0.033391,,,399986,中证银行,CNY,CN10Y
2010-09-25,,0.033387,,,399986,中证银行,CNY,CN10Y
2010-09-26,,0.033428,,,399986,中证银行,CNY,CN10Y
2010-09-27,3717.2,0.033378,,,399986,中证银行,CNY,CN10Y
2010-09-28,3659.06,0.033371,,,399986,中证银行,CNY,CN10Y
2010-09-29,3675.97,0.03331,,,399986,中证银行,CNY,CN10Y
2010-09-30,3751.74,0.033183,,,399986,中证银行,CNY,CN10Y
2010-10-08,3878.0,0.033342,,,399986,中证银行,CNY,CN10Y
2010-10-09,,0.033584,,,399986,中证银行,CNY,CN10Y
2010-10-11,3998.31,0.03404,,,399986,中证银行,CNY,CN10Y
2010-10-12,3987.53,0.034179,,,399986,中证银行,CNY,CN10Y
2010-10-13,4118.45,0.0342709999999999,,,399986,中证银行,CNY,CN10Y
2010-10-14,4144.97,0.034275,,,399986,中证银行,CNY,CN10Y
2010-10-15,4377.27,0.034247,,,399986,中证银行,CNY,CN10Y
2010-10-18,4417.5,0.034182,,,399986,中证银行,CNY,CN10Y
2010-10-19,4463.47,0.034205,,,399986,中证银行,CNY,CN10Y
2010-10-20,4441.98,0.036201,,,399986,中证银行,CNY,CN10Y
2010-10-21,4301.19,0.03637,,,399986,中证银行,CNY,CN10Y
2010-10-22,4275.53,0.036358,,,399986,中证银行,CNY,CN10Y
2010-10-25,4336.29,0.0364069999999999,,,399986,中证银行,CNY,CN10Y
2010-10-26,4286.86,0.036944,,,399986,中证银行,CNY,CN10Y
2010-10-27,4246.16,0.036975,,,399986,中证银行,CNY,CN10Y
2010-10-28,4276.57,0.036863,,,399986,中证银行,CNY,CN10Y
2010-10-29,4180.86,0.036821,,,399986,中证银行,CNY,CN10Y
2010-11-01,4236.82,0.036941,,,399986,中证银行,CNY,CN10Y
2010-11-02,4219.13,0.0374969999999999,,,399986,中证银行,CNY,CN10Y
2010-11-03,4308.88,0.038113,,,399986,中证银行,CNY,CN10Y
2010-11-04,4326.87,0.0384339999999999,,,399986,中证银行,CNY,CN10Y
2010-11-05,4361.04,0.038458,,,399986,中证银行,CNY,CN10Y
2010-11-08,4393.37,0.038392,,,399986,中证银行,CNY,CN10Y
2010-11-09,4306.86,0.038445,,,399986,中证银行,CNY,CN10Y
2010-11-10,4192.34,0.0392039999999999,,,399986,中证银行,CNY,CN10Y
2010-11-11,4234.17,0.0395299999999999,,,399986,中证银行,CNY,CN10Y
2010-11-12,4012.72,0.039534,,,399986,中证银行,CNY,CN10Y
2010-11-15,4068.36,0.03945,,,399986,中证银行,CNY,CN10Y
2010-11-16,3918.96,0.0390649999999999,,,399986,中证银行,CNY,CN10Y
2010-11-17,3926.23,0.0385999999999999,,,399986,中证银行,CNY,CN10Y
2010-11-18,3953.91,0.038336,,,399986,中证银行,CNY,CN10Y
2010-11-19,3938.05,0.0387,,,399986,中证银行,CNY,CN10Y
2010-11-22,3865.69,0.039161,,,399986,中证银行,CNY,CN10Y
2010-11-23,3834.13,0.039317,,,399986,中证银行,CNY,CN10Y
2010-11-24,3838.35,0.039533,,,399986,中证银行,CNY,CN10Y
2010-11-25,3889.17,0.039674,,,399986,中证银行,CNY,CN10Y
2010-11-26,3836.88,0.040123,,,399986,中证银行,CNY,CN10Y
2010-11-29,3822.72,0.0399589999999999,,,399986,中证银行,CNY,CN10Y
2010-11-30,3765.52,0.03971,,,399986,中证银行,CNY,CN10Y
2010-12-01,3788.86,0.038919,,,399986,中证银行,CNY,CN10Y
2010-12-02,3818.33,0.038609,,,399986,中证银行,CNY,CN10Y
2010-12-03,3820.13,0.038699,,,399986,中证银行,CNY,CN10Y
2010-12-06,3862.26,0.038696,,,399986,中证银行,CNY,CN10Y
2010-12-07,3859.65,0.038435,,,399986,中证银行,CNY,CN10Y
2010-12-08,3800.16,0.038609,,,399986,中证银行,CNY,CN10Y
2010-12-09,3746.22,0.039024,,,399986,中证银行,CNY,CN10Y
2010-12-10,3783.07,0.038888,,,399986,中证银行,CNY,CN10Y
2010-12-13,3844.5,0.038509,,,399986,中证银行,CNY,CN10Y
2010-12-14,3828.13,0.038521,,,399986,中证银行,CNY,CN10Y
2010-12-15,3823.04,0.0381499999999999,,,399986,中证银行,CNY,CN10Y
2010-12-16,3795.37,0.0380439999999999,,,399986,中证银行,CNY,CN10Y
2010-12-17,3779.0,0.038058,,,399986,中证银行,CNY,CN10Y
2010-12-20,3724.78,0.03785,,,399986,中证银行,CNY,CN10Y
2010-12-21,3813.2,0.037956,,,399986,中证银行,CNY,CN10Y
2010-12-22,3754.36,0.0380039999999999,,,399986,中证银行,CNY,CN10Y
2010-12-23,3788.73,0.038108,,,399986,中证银行,CNY,CN10Y
2010-12-24,3815.75,0.038136,,,399986,中证银行,CNY,CN10Y
2010-12-27,3747.12,0.038913,,,399986,中证银行,CNY,CN10Y
2010-12-28,3716.38,0.039118,,,399986,中证银行,CNY,CN10Y
2010-12-29,3710.13,0.039019,,,399986,中证银行,CNY,CN10Y
2010-12-30,3699.84,0.0388,,,399986,中证银行,CNY,CN10Y
2010-12-31,3715.21,0.038799,,,399986,中证银行,CNY,CN10Y
2011-01-04,3769.61,0.038606,,,399986,中证银行,CNY,CN10Y
2011-01-05,3764.0,0.038132,,,399986,中证银行,CNY,CN10Y
2011-01-06,3751.13,0.038339,,,399986,中证银行,CNY,CN10Y
2011-01-07,3872.04,0.038237,,,399986,中证银行,CNY,CN10Y
2011-01-10,3813.01,0.038449,,,399986,中证银行,CNY,CN10Y
2011-01-11,3871.35,0.038703,,,399986,中证银行,CNY,CN10Y
2011-01-12,3914.53,0.03855,,,399986,中证银行,CNY,CN10Y
2011-01-13,3899.38,0.038831,,,399986,中证银行,CNY,CN10Y
2011-01-14,3854.47,0.0391559999999999,,,399986,中证银行,CNY,CN10Y
2011-01-17,3730.93,0.039651,,,399986,中证银行,CNY,CN10Y
2011-01-18,3740.2,0.039954,,,399986,中证银行,CNY,CN10Y
2011-01-19,3770.74,0.039752,,,399986,中证银行,CNY,CN10Y
2011-01-20,3686.68,0.039749,,,399986,中证银行,CNY,CN10Y
2011-01-21,3754.96,0.039837,,,399986,中证银行,CNY,CN10Y
2011-01-24,3740.17,0.039918,,,399986,中证银行,CNY,CN10Y
2011-01-25,3761.7,0.040152,,,399986,中证银行,CNY,CN10Y
2011-01-26,3776.07,0.039991,,,399986,中证银行,CNY,CN10Y
2011-01-27,3785.33,0.0400579999999999,,,399986,中证银行,CNY,CN10Y
2011-01-28,3747.01,0.040096,,,399986,中证银行,CNY,CN10Y
2011-01-30,,0.0401,,,399986,中证银行,CNY,CN10Y
2011-01-31,3767.03,0.040187,,,399986,中证银行,CNY,CN10Y
2011-02-01,3789.5,0.040186,,,399986,中证银行,CNY,CN10Y
2011-02-09,3742.11,0.041006,,,399986,中证银行,CNY,CN10Y
2011-02-10,3791.05,0.041158,,,399986,中证银行,CNY,CN10Y
2011-02-11,3793.96,0.041062,,,399986,中证银行,CNY,CN10Y
2011-02-12,,0.041087,,,399986,中证银行,CNY,CN10Y
2011-02-14,3905.88,0.040552,,,399986,中证银行,CNY,CN10Y
2011-02-15,3880.28,0.040454,,,399986,中证银行,CNY,CN10Y
2011-02-16,3870.85,0.04045,,,399986,中证银行,CNY,CN10Y
2011-02-17,3887.52,0.040449,,,399986,中证银行,CNY,CN10Y
2011-02-18,3872.95,0.04045,,,399986,中证银行,CNY,CN10Y
2011-02-21,3868.39,0.0407019999999999,,,399986,中证银行,CNY,CN10Y
2011-02-22,3767.99,0.0404,,,399986,中证银行,CNY,CN10Y
2011-02-23,3766.85,0.039946,,,399986,中证银行,CNY,CN10Y
2011-02-24,3767.58,0.039132,,,399986,中证银行,CNY,CN10Y
2011-02-25,3788.67,0.039566,,,399986,中证银行,CNY,CN10Y
2011-02-28,3801.63,0.039314,,,399986,中证银行,CNY,CN10Y
2011-03-01,3843.61,0.039259,,,399986,中证银行,CNY,CN10Y
2011-03-02,3891.9,0.039233,,,399986,中证银行,CNY,CN10Y
2011-03-03,3966.95,0.039279,,,399986,中证银行,CNY,CN10Y
2011-03-04,4009.67,0.039388,,,399986,中证银行,CNY,CN10Y
2011-03-07,4035.94,0.039351,,,399986,中证银行,CNY,CN10Y
2011-03-08,4039.82,0.039078,,,399986,中证银行,CNY,CN10Y
2011-03-09,4043.98,0.038879,,,399986,中证银行,CNY,CN10Y
2011-03-10,3951.73,0.039321,,,399986,中证银行,CNY,CN10Y
2011-03-11,3907.94,0.039328,,,399986,中证银行,CNY,CN10Y
2011-03-14,3918.04,0.039074,,,399986,中证银行,CNY,CN10Y
2011-03-15,3866.2,0.038659,,,399986,中证银行,CNY,CN10Y
2011-03-16,3899.35,0.0385999999999999,,,399986,中证银行,CNY,CN10Y
2011-03-17,3852.12,0.038326,,,399986,中证银行,CNY,CN10Y
2011-03-18,3854.47,0.038489,,,399986,中证银行,CNY,CN10Y
2011-03-21,3868.05,0.038774,,,399986,中证银行,CNY,CN10Y
2011-03-22,3933.52,0.038987,,,399986,中证银行,CNY,CN10Y
2011-03-23,3967.38,0.039037,,,399986,中证银行,CNY,CN10Y
2011-03-24,3953.83,0.038762,,,399986,中证银行,CNY,CN10Y
2011-03-25,4027.22,0.038714,,,399986,中证银行,CNY,CN10Y
2011-03-28,4045.76,0.038807,,,399986,中证银行,CNY,CN10Y
2011-03-29,4093.94,0.0390439999999999,,,399986,中证银行,CNY,CN10Y
2011-03-30,4103.92,0.039069,,,399986,中证银行,CNY,CN10Y
2011-03-31,4047.82,0.03912,,,399986,中证银行,CNY,CN10Y
2011-04-01,4160.78,0.039126,,,399986,中证银行,CNY,CN10Y
2011-04-02,,0.039078,,,399986,中证银行,CNY,CN10Y
2011-04-06,4276.09,0.039203,,,399986,中证银行,CNY,CN10Y
2011-04-07,4274.58,0.039167,,,399986,中证银行,CNY,CN10Y
2011-04-08,4272.11,0.039081,,,399986,中证银行,CNY,CN10Y
2011-04-11,4253.91,0.038928,,,399986,中证银行,CNY,CN10Y
2011-04-12,4234.29,0.0387,,,399986,中证银行,CNY,CN10Y
2011-04-13,4337.74,0.038703,,,399986,中证银行,CNY,CN10Y
2011-04-14,4336.99,0.038707,,,399986,中证银行,CNY,CN10Y
2011-04-15,4373.67,0.038709,,,399986,中证银行,CNY,CN10Y
2011-04-18,4358.64,0.03896,,,399986,中证银行,CNY,CN10Y
2011-04-19,4270.83,0.038911,,,399986,中证银行,CNY,CN10Y
2011-04-20,4235.65,0.038913,,,399986,中证银行,CNY,CN10Y
2011-04-21,4247.03,0.038912,,,399986,中证银行,CNY,CN10Y
2011-04-22,4218.95,0.038966,,,399986,中证银行,CNY,CN10Y
2011-04-25,4220.17,0.038961,,,399986,中证银行,CNY,CN10Y
2011-04-26,4252.54,0.03896,,,399986,中证银行,CNY,CN10Y
2011-04-27,4244.87,0.038812,,,399986,中证银行,CNY,CN10Y
2011-04-28,4280.58,0.0387,,,399986,中证银行,CNY,CN10Y
2011-04-29,4211.06,0.038713,,,399986,中证银行,CNY,CN10Y
2011-05-03,4205.58,0.038752,,,399986,中证银行,CNY,CN10Y
2011-05-04,4120.8,0.038772,,,399986,中证银行,CNY,CN10Y
2011-05-05,4120.77,0.038715,,,399986,中证银行,CNY,CN10Y
2011-05-06,4078.4,0.038308,,,399986,中证银行,CNY,CN10Y
2011-05-09,4058.93,0.038378,,,399986,中证银行,CNY,CN10Y
2011-05-10,4102.1,0.038326,,,399986,中证银行,CNY,CN10Y
2011-05-11,4079.42,0.038334,,,399986,中证银行,CNY,CN10Y
2011-05-12,4041.14,0.038211,,,399986,中证银行,CNY,CN10Y
2011-05-13,4076.05,0.038363,,,399986,中证银行,CNY,CN10Y
2011-05-16,4013.95,0.038432,,,399986,中证银行,CNY,CN10Y
2011-05-17,4053.9,0.038318,,,399986,中证银行,CNY,CN10Y
2011-05-18,4114.78,0.038338,,,399986,中证银行,CNY,CN10Y
2011-05-19,4108.42,0.038309,,,399986,中证银行,CNY,CN10Y
2011-05-20,4131.53,0.038429,,,399986,中证银行,CNY,CN10Y
2011-05-23,4026.74,0.0384,,,399986,中证银行,CNY,CN10Y
2011-05-24,4016.05,0.038414,,,399986,中证银行,CNY,CN10Y
2011-05-25,3946.67,0.038382,,,399986,中证银行,CNY,CN10Y
2011-05-26,3951.56,0.038352,,,399986,中证银行,CNY,CN10Y
2011-05-27,3971.68,0.038217,,,399986,中证银行,CNY,CN10Y
2011-05-30,3998.24,0.038256,,,399986,中证银行,CNY,CN10Y
2011-05-31,4035.7,0.038311,,,399986,中证银行,CNY,CN10Y
2011-06-01,3995.75,0.038311,,,399986,中证银行,CNY,CN10Y
2011-06-02,3857.31,0.0383369999999999,,,399986,中证银行,CNY,CN10Y
2011-06-03,3868.41,0.0383369999999999,,,399986,中证银行,CNY,CN10Y
2011-06-07,3877.96,0.038341,,,399986,中证银行,CNY,CN10Y
2011-06-08,3845.96,0.038572,,,399986,中证银行,CNY,CN10Y
2011-06-09,3780.87,0.038726,,,399986,中证银行,CNY,CN10Y
2011-06-10,3789.49,0.03894,,,399986,中证银行,CNY,CN10Y
2011-06-13,3797.68,0.039036,,,399986,中证银行,CNY,CN10Y
2011-06-14,3819.96,0.039406,,,399986,中证银行,CNY,CN10Y
2011-06-15,3766.7,0.039986,,,399986,中证银行,CNY,CN10Y
2011-06-16,3732.57,0.039839,,,399986,中证银行,CNY,CN10Y
2011-06-17,3722.98,0.039803,,,399986,中证银行,CNY,CN10Y
2011-06-20,3733.72,0.039413,,,399986,中证银行,CNY,CN10Y
2011-06-21,3758.62,0.039003,,,399986,中证银行,CNY,CN10Y
2011-06-22,3764.38,0.039555,,,399986,中证银行,CNY,CN10Y
2011-06-23,3811.83,0.039691,,,399986,中证银行,CNY,CN10Y
2011-06-24,3899.31,0.038963,,,399986,中证银行,CNY,CN10Y
2011-06-27,3889.87,0.038703,,,399986,中证银行,CNY,CN10Y
2011-06-28,3866.21,0.038801,,,399986,中证银行,CNY,CN10Y
2011-06-29,3786.28,0.038833,,,399986,中证银行,CNY,CN10Y
2011-06-30,3812.25,0.038857,,,399986,中证银行,CNY,CN10Y
2011-07-01,3784.43,0.038775,,,399986,中证银行,CNY,CN10Y
2011-07-04,3887.3,0.038842,,,399986,中证银行,CNY,CN10Y
2011-07-05,3868.12,0.038909,,,399986,中证银行,CNY,CN10Y
2011-07-06,3825.8,0.039116,,,399986,中证银行,CNY,CN10Y
2011-07-07,3822.3,0.039021,,,399986,中证银行,CNY,CN10Y
2011-07-08,3870.45,0.038881,,,399986,中证银行,CNY,CN10Y
2011-07-11,3846.96,0.038923,,,399986,中证银行,CNY,CN10Y
2011-07-12,3785.87,0.0388989999999999,,,399986,中证银行,CNY,CN10Y
2011-07-13,3843.66,0.038913,,,399986,中证银行,CNY,CN10Y
2011-07-14,3847.19,0.0392039999999999,,,399986,中证银行,CNY,CN10Y
2011-07-15,3862.12,0.039278,,,399986,中证银行,CNY,CN10Y
2011-07-18,3843.76,0.039558,,,399986,中证银行,CNY,CN10Y
2011-07-19,3798.04,0.040088,,,399986,中证银行,CNY,CN10Y
2011-07-20,3794.53,0.040715,,,399986,中证银行,CNY,CN10Y
2011-07-21,3762.19,0.0408889999999999,,,399986,中证银行,CNY,CN10Y
2011-07-22,3750.87,0.040671,,,399986,中证银行,CNY,CN10Y
2011-07-25,3653.28,0.040663,,,399986,中证银行,CNY,CN10Y
2011-07-26,3660.09,0.040753,,,399986,中证银行,CNY,CN10Y
2011-07-27,3649.89,0.0408549999999999,,,399986,中证银行,CNY,CN10Y
2011-07-28,3591.68,0.040627,,,399986,中证银行,CNY,CN10Y
2011-07-29,3674.0,0.040477,,,399986,中证银行,CNY,CN10Y
2011-08-01,3645.2,0.040502,,,399986,中证银行,CNY,CN10Y
2011-08-02,3618.55,0.040615,,,399986,中证银行,CNY,CN10Y
2011-08-03,3615.66,0.041201,,,399986,中证银行,CNY,CN10Y
2011-08-04,3611.89,0.040911,,,399986,中证银行,CNY,CN10Y
2011-08-05,3527.89,0.040423,,,399986,中证银行,CNY,CN10Y
2011-08-08,3434.78,0.040007,,,399986,中证银行,CNY,CN10Y
2011-08-09,3466.2,0.039554,,,399986,中证银行,CNY,CN10Y
2011-08-10,3482.4,0.039639,,,399986,中证银行,CNY,CN10Y
2011-08-11,3540.2,0.039291,,,399986,中证银行,CNY,CN10Y
2011-08-12,3536.91,0.039268,,,399986,中证银行,CNY,CN10Y
2011-08-15,3641.1,0.0392309999999999,,,399986,中证银行,CNY,CN10Y
2011-08-16,3635.63,0.039492,,,399986,中证银行,CNY,CN10Y
2011-08-17,3633.29,0.039432,,,399986,中证银行,CNY,CN10Y
2011-08-18,3575.97,0.03956,,,399986,中证银行,CNY,CN10Y
2011-08-19,3548.93,0.039331,,,399986,中证银行,CNY,CN10Y
2011-08-22,3525.26,0.039325,,,399986,中证银行,CNY,CN10Y
2011-08-23,3599.28,0.039356,,,399986,中证银行,CNY,CN10Y
2011-08-24,3576.18,0.039501,,,399986,中证银行,CNY,CN10Y
2011-08-25,3739.06,0.03975,,,399986,中证银行,CNY,CN10Y
2011-08-26,3729.36,0.039886,,,399986,中证银行,CNY,CN10Y
2011-08-29,3621.45,0.040994,,,399986,中证银行,CNY,CN10Y
2011-08-30,3632.58,0.041303,,,399986,中证银行,CNY,CN10Y
2011-08-31,3658.37,0.04105,,,399986,中证银行,CNY,CN10Y
2011-09-01,3672.85,0.040708,,,399986,中证银行,CNY,CN10Y
2011-09-02,3630.24,0.0407,,,399986,中证银行,CNY,CN10Y
2011-09-05,3582.41,0.0405009999999999,,,399986,中证银行,CNY,CN10Y
2011-09-06,3575.31,0.040107,,,399986,中证银行,CNY,CN10Y
2011-09-07,3646.06,0.0405,,,399986,中证银行,CNY,CN10Y
2011-09-08,3627.56,0.04065,,,399986,中证银行,CNY,CN10Y
2011-09-09,3630.18,0.040452,,,399986,中证银行,CNY,CN10Y
2011-09-13,3605.21,0.040208,,,399986,中证银行,CNY,CN10Y
2011-09-14,3597.75,0.0402099999999999,,,399986,中证银行,CNY,CN10Y
2011-09-15,3566.32,0.040495,,,399986,中证银行,CNY,CN10Y
2011-09-16,3589.96,0.040752,,,399986,中证银行,CNY,CN10Y
2011-09-19,3520.07,0.040801,,,399986,中证银行,CNY,CN10Y
2011-09-20,3543.72,0.040801,,,399986,中证银行,CNY,CN10Y
2011-09-21,3620.53,0.040908,,,399986,中证银行,CNY,CN10Y
2011-09-22,3523.87,0.040676,,,399986,中证银行,CNY,CN10Y
2011-09-23,3505.96,0.039662,,,399986,中证银行,CNY,CN10Y
2011-09-26,3415.33,0.0388779999999999,,,399986,中证银行,CNY,CN10Y
2011-09-27,3449.8,0.039158,,,399986,中证银行,CNY,CN10Y
2011-09-28,3420.72,0.039203,,,399986,中证银行,CNY,CN10Y
2011-09-29,3431.85,0.03884,,,399986,中证银行,CNY,CN10Y
2011-09-30,3432.2,0.038605,,,399986,中证银行,CNY,CN10Y
2011-10-08,,0.038605,,,399986,中证银行,CNY,CN10Y
2011-10-09,,0.038056,,,399986,中证银行,CNY,CN10Y
2011-10-10,3394.72,0.0377059999999999,,,399986,中证银行,CNY,CN10Y
2011-10-11,3448.85,0.037593,,,399986,中证银行,CNY,CN10Y
2011-10-12,3566.35,0.038005,,,399986,中证银行,CNY,CN10Y
2011-10-13,3571.74,0.038205,,,399986,中证银行,CNY,CN10Y
2011-10-14,3577.5,0.037707,,,399986,中证银行,CNY,CN10Y
2011-10-17,3607.42,0.037906,,,399986,中证银行,CNY,CN10Y
2011-10-18,3548.14,0.0374069999999999,,,399986,中证银行,CNY,CN10Y
2011-10-19,3562.91,0.037311,,,399986,中证银行,CNY,CN10Y
2011-10-20,3514.59,0.037266,,,399986,中证银行,CNY,CN10Y
2011-10-21,3558.84,0.037385,,,399986,中证银行,CNY,CN10Y
2011-10-24,3655.54,0.037533,,,399986,中证银行,CNY,CN10Y
2011-10-25,3682.62,0.03796,,,399986,中证银行,CNY,CN10Y
2011-10-26,3681.51,0.037918,,,399986,中证银行,CNY,CN10Y
2011-10-27,3714.93,0.0380319999999999,,,399986,中证银行,CNY,CN10Y
2011-10-28,3754.5,0.03787,,,399986,中证银行,CNY,CN10Y
2011-10-31,3711.98,0.037607,,,399986,中证银行,CNY,CN10Y
2011-11-01,3713.27,0.037395,,,399986,中证银行,CNY,CN10Y
2011-11-02,3779.44,0.037208,,,399986,中证银行,CNY,CN10Y
2011-11-03,3739.18,0.037233,,,399986,中证银行,CNY,CN10Y
2011-11-04,3758.94,0.037158,,,399986,中证银行,CNY,CN10Y
2011-11-07,3709.31,0.037333,,,399986,中证银行,CNY,CN10Y
2011-11-08,3721.53,0.036988,,,399986,中证银行,CNY,CN10Y
2011-11-09,3747.36,0.036436,,,399986,中证银行,CNY,CN10Y
2011-11-10,3671.2,0.035563,,,399986,中证银行,CNY,CN10Y
2011-11-11,3671.93,0.035916,,,399986,中证银行,CNY,CN10Y
2011-11-14,3721.01,0.035807,,,399986,中证银行,CNY,CN10Y
2011-11-15,3691.66,0.036563,,,399986,中证银行,CNY,CN10Y
2011-11-16,3603.92,0.03626,,,399986,中证银行,CNY,CN10Y
2011-11-17,3596.06,0.03636,,,399986,中证银行,CNY,CN10Y
2011-11-18,3568.34,0.036412,,,399986,中证银行,CNY,CN10Y
2011-11-21,3558.12,0.036598,,,399986,中证银行,CNY,CN10Y
2011-11-22,3569.83,0.036412,,,399986,中证银行,CNY,CN10Y
2011-11-23,3540.89,0.035914,,,399986,中证银行,CNY,CN10Y
2011-11-24,3559.71,0.036103,,,399986,中证银行,CNY,CN10Y
2011-11-25,3530.67,0.036115,,,399986,中证银行,CNY,CN10Y
2011-11-28,3531.27,0.036402,,,399986,中证银行,CNY,CN10Y
2011-11-29,3569.35,0.036315,,,399986,中证银行,CNY,CN10Y
2011-11-30,3487.06,0.036091,,,399986,中证银行,CNY,CN10Y
2011-12-01,3586.32,0.035005,,,399986,中证银行,CNY,CN10Y
2011-12-02,3594.14,0.03472,,,399986,中证银行,CNY,CN10Y
2011-12-05,3614.84,0.03442,,,399986,中证银行,CNY,CN10Y
2011-12-06,3592.12,0.03479,,,399986,中证银行,CNY,CN10Y
2011-12-07,3613.19,0.03489,,,399986,中证银行,CNY,CN10Y
2011-12-08,3616.47,0.034953,,,399986,中证银行,CNY,CN10Y
2011-12-09,3595.66,0.034817,,,399986,中证银行,CNY,CN10Y
2011-12-12,3590.5,0.034927,,,399986,中证银行,CNY,CN10Y
2011-12-13,3543.21,0.034982,,,399986,中证银行,CNY,CN10Y
2011-12-14,3537.76,0.034807,,,399986,中证银行,CNY,CN10Y
2011-12-15,3485.36,0.03489,,,399986,中证银行,CNY,CN10Y
2011-12-16,3546.69,0.034637,,,399986,中证银行,CNY,CN10Y
2011-12-19,3552.67,0.034702,,,399986,中证银行,CNY,CN10Y
2011-12-20,3545.21,0.034655,,,399986,中证银行,CNY,CN10Y
2011-12-21,3529.08,0.034709,,,399986,中证银行,CNY,CN10Y
2011-12-22,3552.02,0.034752,,,399986,中证银行,CNY,CN10Y
2011-12-23,3550.71,0.034803,,,399986,中证银行,CNY,CN10Y
2011-12-26,3527.11,0.0346519999999999,,,399986,中证银行,CNY,CN10Y
2011-12-27,3515.15,0.034603,,,399986,中证银行,CNY,CN10Y
2011-12-28,3502.53,0.034603,,,399986,中证银行,CNY,CN10Y
2011-12-29,3503.68,0.034453,,,399986,中证银行,CNY,CN10Y
2011-12-30,3549.55,0.034303,,,399986,中证银行,CNY,CN10Y
2011-12-31,,0.034211,,,399986,中证银行,CNY,CN10Y
2012-01-04,3517.27,0.0343949999999999,,,399986,中证银行,CNY,CN10Y
2012-01-05,3585.1,0.034304,,,399986,中证银行,CNY,CN10Y
2012-01-06,3608.99,0.03397,,,399986,中证银行,CNY,CN10Y
2012-01-09,3686.89,0.0338059999999999,,,399986,中证银行,CNY,CN10Y
2012-01-10,3723.03,0.03403,,,399986,中证银行,CNY,CN10Y
2012-01-11,3697.55,0.0342079999999999,,,399986,中证银行,CNY,CN10Y
2012-01-12,3723.71,0.03402,,,399986,中证银行,CNY,CN10Y
2012-01-13,3711.49,0.034108,,,399986,中证银行,CNY,CN10Y
2012-01-16,3694.02,0.034233,,,399986,中证银行,CNY,CN10Y
2012-01-17,3778.45,0.034045,,,399986,中证银行,CNY,CN10Y
2012-01-18,3725.3,0.033957,,,399986,中证银行,CNY,CN10Y
2012-01-19,3786.28,0.0337579999999999,,,399986,中证银行,CNY,CN10Y
2012-01-20,3860.72,0.033808,,,399986,中证银行,CNY,CN10Y
2012-01-21,,0.033811,,,399986,中证银行,CNY,CN10Y
2012-01-29,,0.033812,,,399986,中证银行,CNY,CN10Y
2012-01-30,3787.92,0.034005,,,399986,中证银行,CNY,CN10Y
2012-01-31,3794.11,0.034064,,,399986,中证银行,CNY,CN10Y
2012-02-01,3738.84,0.034318,,,399986,中证银行,CNY,CN10Y
2012-02-02,3854.28,0.0344099999999999,,,399986,中证银行,CNY,CN10Y
2012-02-03,3883.11,0.03436,,,399986,中证银行,CNY,CN10Y
2012-02-06,3871.3,0.0347849999999999,,,399986,中证银行,CNY,CN10Y
2012-02-07,3812.91,0.03481,,,399986,中证银行,CNY,CN10Y
2012-02-08,3897.75,0.035098,,,399986,中证银行,CNY,CN10Y
2012-02-09,3885.31,0.035409,,,399986,中证银行,CNY,CN10Y
2012-02-10,3854.83,0.03521,,,399986,中证银行,CNY,CN10Y
2012-02-13,3816.91,0.035148,,,399986,中证银行,CNY,CN10Y
2012-02-14,3801.37,0.03516,,,399986,中证银行,CNY,CN10Y
2012-02-15,3809.15,0.035335,,,399986,中证银行,CNY,CN10Y
2012-02-16,3799.16,0.035361,,,399986,中证银行,CNY,CN10Y
2012-02-17,3817.18,0.035361,,,399986,中证银行,CNY,CN10Y
2012-02-20,3820.23,0.035116,,,399986,中证银行,CNY,CN10Y
2012-02-21,3835.57,0.035164,,,399986,中证银行,CNY,CN10Y
2012-02-22,3841.17,0.035276,,,399986,中证银行,CNY,CN10Y
2012-02-23,3835.8,0.035254,,,399986,中证银行,CNY,CN10Y
2012-02-24,3882.22,0.035164,,,399986,中证银行,CNY,CN10Y
2012-02-27,3874.12,0.035501,,,399986,中证银行,CNY,CN10Y
2012-02-28,3917.54,0.035464,,,399986,中证银行,CNY,CN10Y
2012-02-29,3895.65,0.0353399999999999,,,399986,中证银行,CNY,CN10Y
2012-03-01,3894.36,0.0355,,,399986,中证银行,CNY,CN10Y
2012-03-02,3928.79,0.035616,,,399986,中证银行,CNY,CN10Y
2012-03-05,3889.97,0.035614,,,399986,中证银行,CNY,CN10Y
2012-03-06,3828.16,0.0354649999999999,,,399986,中证银行,CNY,CN10Y
2012-03-07,3783.9,0.035316,,,399986,中证银行,CNY,CN10Y
2012-03-08,3804.8,0.035316,,,399986,中证银行,CNY,CN10Y
2012-03-09,3810.41,0.035367,,,399986,中证银行,CNY,CN10Y
2012-03-12,3772.58,0.035242,,,399986,中证银行,CNY,CN10Y
2012-03-13,3809.97,0.0354009999999999,,,399986,中证银行,CNY,CN10Y
2012-03-14,3763.86,0.035451,,,399986,中证银行,CNY,CN10Y
2012-03-15,3741.87,0.035589,,,399986,中证银行,CNY,CN10Y
2012-03-16,3750.85,0.035483,,,399986,中证银行,CNY,CN10Y
2012-03-19,3733.96,0.03559,,,399986,中证银行,CNY,CN10Y
2012-03-20,3687.38,0.035601,,,399986,中证银行,CNY,CN10Y
2012-03-21,3684.07,0.035608,,,399986,中证银行,CNY,CN10Y
2012-03-22,3709.2,0.035502,,,399986,中证银行,CNY,CN10Y
2012-03-23,3695.46,0.035267,,,399986,中证银行,CNY,CN10Y
2012-03-26,3712.41,0.035247,,,399986,中证银行,CNY,CN10Y
2012-03-27,3711.06,0.035403,,,399986,中证银行,CNY,CN10Y
2012-03-28,3651.49,0.035223,,,399986,中证银行,CNY,CN10Y
2012-03-29,3618.94,0.035143,,,399986,中证银行,CNY,CN10Y
2012-03-30,3666.74,0.035054,,,399986,中证银行,CNY,CN10Y
2012-03-31,,0.035004,,,399986,中证银行,CNY,CN10Y
2012-04-01,,0.035204,,,399986,中证银行,CNY,CN10Y
2012-04-05,3655.75,0.035191,,,399986,中证银行,CNY,CN10Y
2012-04-06,3654.98,0.035203,,,399986,中证银行,CNY,CN10Y
2012-04-09,3615.26,0.035352,,,399986,中证银行,CNY,CN10Y
2012-04-10,3643.17,0.035366,,,399986,中证银行,CNY,CN10Y
2012-04-11,3638.05,0.035308,,,399986,中证银行,CNY,CN10Y
2012-04-12,3714.51,0.035407,,,399986,中证银行,CNY,CN10Y
2012-04-13,3710.87,0.0352769999999999,,,399986,中证银行,CNY,CN10Y
2012-04-16,3692.56,0.035318,,,399986,中证银行,CNY,CN10Y
2012-04-17,3671.9,0.035291,,,399986,中证银行,CNY,CN10Y
2012-04-18,3729.67,0.035366,,,399986,中证银行,CNY,CN10Y
2012-04-19,3730.39,0.035518,,,399986,中证银行,CNY,CN10Y
2012-04-20,3789.9,0.035414,,,399986,中证银行,CNY,CN10Y
2012-04-23,3765.46,0.035407,,,399986,中证银行,CNY,CN10Y
2012-04-24,3825.03,0.035302,,,399986,中证银行,CNY,CN10Y
2012-04-25,3827.89,0.035369,,,399986,中证银行,CNY,CN10Y
2012-04-26,3818.19,0.035357,,,399986,中证银行,CNY,CN10Y
2012-04-27,3827.51,0.035389,,,399986,中证银行,CNY,CN10Y
2012-04-28,,0.035391,,,399986,中证银行,CNY,CN10Y
2012-05-02,3875.32,0.035449,,,399986,中证银行,CNY,CN10Y
2012-05-03,3851.22,0.035454,,,399986,中证银行,CNY,CN10Y
2012-05-04,3873.26,0.035512,,,399986,中证银行,CNY,CN10Y
2012-05-07,3860.96,0.035518,,,399986,中证银行,CNY,CN10Y
2012-05-08,3851.65,0.03552,,,399986,中证银行,CNY,CN10Y
2012-05-09,3796.5,0.035414,,,399986,中证银行,CNY,CN10Y
2012-05-10,3788.42,0.035287,,,399986,中证银行,CNY,CN10Y
2012-05-11,3768.82,0.034907,,,399986,中证银行,CNY,CN10Y
2012-05-14,3740.07,0.034461,,,399986,中证银行,CNY,CN10Y
2012-05-15,3723.39,0.03405,,,399986,中证银行,CNY,CN10Y
2012-05-16,3665.13,0.033618,,,399986,中证银行,CNY,CN10Y
2012-05-17,3702.52,0.034116,,,399986,中证银行,CNY,CN10Y
2012-05-18,3649.32,0.033614,,,399986,中证银行,CNY,CN10Y
2012-05-21,3660.06,0.033866,,,399986,中证银行,CNY,CN10Y
2012-05-22,3694.76,0.033948,,,399986,中证银行,CNY,CN10Y
2012-05-23,3665.48,0.033825,,,399986,中证银行,CNY,CN10Y
2012-05-24,3637.81,0.0336189999999999,,,399986,中证银行,CNY,CN10Y
2012-05-25,3626.23,0.033019,,,399986,中证银行,CNY,CN10Y
2012-05-28,3656.01,0.033418,,,399986,中证银行,CNY,CN10Y
2012-05-29,3691.98,0.033718,,,399986,中证银行,CNY,CN10Y
2012-05-30,3669.5,0.033766,,,399986,中证银行,CNY,CN10Y
2012-05-31,3624.7,0.033443,,,399986,中证银行,CNY,CN10Y
2012-06-01,3624.89,0.033416,,,399986,中证银行,CNY,CN10Y
2012-06-04,3546.35,0.033469,,,399986,中证银行,CNY,CN10Y
2012-06-05,3562.87,0.033568,,,399986,中证银行,CNY,CN10Y
2012-06-06,3589.56,0.0336,,,399986,中证银行,CNY,CN10Y
2012-06-07,3555.99,0.033751,,,399986,中证银行,CNY,CN10Y
2012-06-08,3475.11,0.033101,,,399986,中证银行,CNY,CN10Y
2012-06-11,3475.79,0.033491,,,399986,中证银行,CNY,CN10Y
2012-06-12,3451.31,0.033747,,,399986,中证银行,CNY,CN10Y
2012-06-13,3472.18,0.0339089999999999,,,399986,中证银行,CNY,CN10Y
2012-06-14,3430.0,0.034009,,,399986,中证银行,CNY,CN10Y
2012-06-15,3499.99,0.033932,,,399986,中证银行,CNY,CN10Y
2012-06-18,3503.03,0.034107,,,399986,中证银行,CNY,CN10Y
2012-06-19,3509.2,0.034093,,,399986,中证银行,CNY,CN10Y
2012-06-20,3513.06,0.034101,,,399986,中证银行,CNY,CN10Y
2012-06-21,3482.52,0.034001,,,399986,中证银行,CNY,CN10Y
2012-06-25,3471.41,0.033677,,,399986,中证银行,CNY,CN10Y
2012-06-26,3442.45,0.033653,,,399986,中证银行,CNY,CN10Y
2012-06-27,3426.59,0.033252,,,399986,中证银行,CNY,CN10Y
2012-06-28,3408.64,0.033253,,,399986,中证银行,CNY,CN10Y
2012-06-29,3461.2,0.033253,,,399986,中证银行,CNY,CN10Y
2012-07-02,3448.4,0.033353,,,399986,中证银行,CNY,CN10Y
2012-07-03,3457.0,0.033204,,,399986,中证银行,CNY,CN10Y
2012-07-04,3474.83,0.033195,,,399986,中证银行,CNY,CN10Y
2012-07-05,3459.81,0.033193,,,399986,中证银行,CNY,CN10Y
2012-07-06,3424.18,0.0329599999999999,,,399986,中证银行,CNY,CN10Y
2012-07-09,3320.31,0.032709,,,399986,中证银行,CNY,CN10Y
2012-07-10,3322.69,0.032549,,,399986,中证银行,CNY,CN10Y
2012-07-11,3310.47,0.0323979999999999,,,399986,中证银行,CNY,CN10Y
2012-07-12,3296.45,0.032502,,,399986,中证银行,CNY,CN10Y
2012-07-13,3316.57,0.032591,,,399986,中证银行,CNY,CN10Y
2012-07-16,3292.96,0.0327519999999999,,,399986,中证银行,CNY,CN10Y
2012-07-17,3318.51,0.03285,,,399986,中证银行,CNY,CN10Y
2012-07-18,3311.11,0.032858,,,399986,中证银行,CNY,CN10Y
2012-07-19,3310.91,0.03286,,,399986,中证银行,CNY,CN10Y
2012-07-20,3282.44,0.03281,,,399986,中证银行,CNY,CN10Y
2012-07-23,3223.0,0.03276,,,399986,中证银行,CNY,CN10Y
2012-07-24,3204.3,0.032759,,,399986,中证银行,CNY,CN10Y
2012-07-25,3200.62,0.03276,,,399986,中证银行,CNY,CN10Y
2012-07-26,3199.99,0.032763,,,399986,中证银行,CNY,CN10Y
2012-07-27,3245.35,0.032764,,,399986,中证银行,CNY,CN10Y
2012-07-30,3270.96,0.032755,,,399986,中证银行,CNY,CN10Y
2012-07-31,3316.72,0.032915,,,399986,中证银行,CNY,CN10Y
2012-08-01,3316.73,0.032921,,,399986,中证银行,CNY,CN10Y
2012-08-02,3334.02,0.032861,,,399986,中证银行,CNY,CN10Y
2012-08-03,3332.99,0.032902,,,399986,中证银行,CNY,CN10Y
2012-08-06,3326.7,0.0331,,,399986,中证银行,CNY,CN10Y
2012-08-07,3315.2,0.0333,,,399986,中证银行,CNY,CN10Y
2012-08-08,3340.42,0.033545,,,399986,中证银行,CNY,CN10Y
2012-08-09,3346.2,0.033023,,,399986,中证银行,CNY,CN10Y
2012-08-10,3360.14,0.032825,,,399986,中证银行,CNY,CN10Y
2012-08-13,3355.04,0.033029,,,399986,中证银行,CNY,CN10Y
2012-08-14,3370.56,0.033105,,,399986,中证银行,CNY,CN10Y
2012-08-15,3311.57,0.033402,,,399986,中证银行,CNY,CN10Y
2012-08-16,3301.03,0.033467,,,399986,中证银行,CNY,CN10Y
2012-08-17,3317.69,0.033342,,,399986,中证银行,CNY,CN10Y
2012-08-20,3293.63,0.033564,,,399986,中证银行,CNY,CN10Y
2012-08-21,3282.12,0.033578,,,399986,中证银行,CNY,CN10Y
2012-08-22,3279.09,0.033935,,,399986,中证银行,CNY,CN10Y
2012-08-23,3280.35,0.033702,,,399986,中证银行,CNY,CN10Y
2012-08-24,3265.72,0.033364,,,399986,中证银行,CNY,CN10Y
2012-08-27,3252.02,0.033498,,,399986,中证银行,CNY,CN10Y
2012-08-28,3299.0,0.033634,,,399986,中证银行,CNY,CN10Y
2012-08-29,3290.93,0.033943,,,399986,中证银行,CNY,CN10Y
2012-08-30,3312.55,0.033904,,,399986,中证银行,CNY,CN10Y
2012-08-31,3292.31,0.033928,,,399986,中证银行,CNY,CN10Y
2012-09-03,3257.64,0.034001,,,399986,中证银行,CNY,CN10Y
2012-09-04,3209.43,0.033836,,,399986,中证银行,CNY,CN10Y
2012-09-05,3158.51,0.033887,,,399986,中证银行,CNY,CN10Y
2012-09-06,3186.87,0.033963,,,399986,中证银行,CNY,CN10Y
2012-09-07,3282.18,0.034162,,,399986,中证银行,CNY,CN10Y
2012-09-10,3261.79,0.034611,,,399986,中证银行,CNY,CN10Y
2012-09-11,3246.0,0.034714,,,399986,中证银行,CNY,CN10Y
2012-09-12,3234.24,0.0349089999999999,,,399986,中证银行,CNY,CN10Y
2012-09-13,3222.09,0.034834,,,399986,中证银行,CNY,CN10Y
2012-09-14,3252.63,0.035485,,,399986,中证银行,CNY,CN10Y
2012-09-17,3210.86,0.035717,,,399986,中证银行,CNY,CN10Y
2012-09-18,3175.63,0.035216,,,399986,中证银行,CNY,CN10Y
2012-09-19,3166.46,0.035166,,,399986,中证银行,CNY,CN10Y
2012-09-20,3125.03,0.035171,,,399986,中证银行,CNY,CN10Y
2012-09-21,3118.82,0.034998,,,399986,中证银行,CNY,CN10Y
2012-09-24,3118.85,0.034956,,,399986,中证银行,CNY,CN10Y
2012-09-25,3104.76,0.034676,,,399986,中证银行,CNY,CN10Y
2012-09-26,3088.63,0.034444,,,399986,中证银行,CNY,CN10Y
2012-09-27,3170.91,0.034525,,,399986,中证银行,CNY,CN10Y
2012-09-28,3197.17,0.034575,,,399986,中证银行,CNY,CN10Y
2012-09-29,,0.034574,,,399986,中证银行,CNY,CN10Y
2012-10-08,3183.23,0.034814,,,399986,中证银行,CNY,CN10Y
2012-10-09,3238.33,0.034921,,,399986,中证银行,CNY,CN10Y
2012-10-10,3229.22,0.035036,,,399986,中证银行,CNY,CN10Y
2012-10-11,3229.53,0.03499,,,399986,中证银行,CNY,CN10Y
2012-10-12,3255.08,0.034807,,,399986,中证银行,CNY,CN10Y
2012-10-15,3244.46,0.03473,,,399986,中证银行,CNY,CN10Y
2012-10-16,3260.82,0.0349029999999999,,,399986,中证银行,CNY,CN10Y
2012-10-17,3276.58,0.035036,,,399986,中证银行,CNY,CN10Y
2012-10-18,3308.03,0.03519,,,399986,中证银行,CNY,CN10Y
2012-10-19,3305.9,0.03535,,,399986,中证银行,CNY,CN10Y
2012-10-22,3330.54,0.035293,,,399986,中证银行,CNY,CN10Y
2012-10-23,3301.05,0.035454,,,399986,中证银行,CNY,CN10Y
2012-10-24,3297.98,0.035478,,,399986,中证银行,CNY,CN10Y
2012-10-25,3285.12,0.035672,,,399986,中证银行,CNY,CN10Y
2012-10-26,3250.11,0.035727,,,399986,中证银行,CNY,CN10Y
2012-10-29,3239.9,0.035668,,,399986,中证银行,CNY,CN10Y
2012-10-30,3239.85,0.035648,,,399986,中证银行,CNY,CN10Y
2012-10-31,3254.3,0.035739,,,399986,中证银行,CNY,CN10Y
2012-11-01,3301.61,0.0359839999999999,,,399986,中证银行,CNY,CN10Y
2012-11-02,3336.19,0.035852,,,399986,中证银行,CNY,CN10Y
2012-11-05,3346.92,0.035872,,,399986,中证银行,CNY,CN10Y
2012-11-06,3337.92,0.035771,,,399986,中证银行,CNY,CN10Y
2012-11-07,3335.22,0.035644,,,399986,中证银行,CNY,CN10Y
2012-11-08,3296.0,0.035609,,,399986,中证银行,CNY,CN10Y
2012-11-09,3301.15,0.035594,,,399986,中证银行,CNY,CN10Y
2012-11-12,3335.68,0.035585,,,399986,中证银行,CNY,CN10Y
2012-11-13,3290.27,0.03547,,,399986,中证银行,CNY,CN10Y
2012-11-14,3296.25,0.035356,,,399986,中证银行,CNY,CN10Y
2012-11-15,3265.53,0.035279,,,399986,中证银行,CNY,CN10Y
2012-11-16,3249.36,0.035133,,,399986,中证银行,CNY,CN10Y
2012-11-19,3251.94,0.03501,,,399986,中证银行,CNY,CN10Y
2012-11-20,3238.42,0.0351109999999999,,,399986,中证银行,CNY,CN10Y
2012-11-21,3273.84,0.035205,,,399986,中证银行,CNY,CN10Y
2012-11-22,3265.2,0.035357,,,399986,中证银行,CNY,CN10Y
2012-11-23,3284.94,0.035428,,,399986,中证银行,CNY,CN10Y
2012-11-26,3279.57,0.035511,,,399986,中证银行,CNY,CN10Y
2012-11-27,3287.66,0.03557,,,399986,中证银行,CNY,CN10Y
2012-11-28,3293.55,0.035535,,,399986,中证银行,CNY,CN10Y
2012-11-29,3287.55,0.035311,,,399986,中证银行,CNY,CN10Y
2012-11-30,3294.65,0.035332,,,399986,中证银行,CNY,CN10Y
2012-12-03,3255.14,0.035397,,,399986,中证银行,CNY,CN10Y
2012-12-04,3279.03,0.035498,,,399986,中证银行,CNY,CN10Y
2012-12-05,3409.19,0.035622,,,399986,中证银行,CNY,CN10Y
2012-12-06,3432.97,0.03558,,,399986,中证银行,CNY,CN10Y
2012-12-07,3526.13,0.035689,,,399986,中证银行,CNY,CN10Y
2012-12-10,3572.12,0.035707,,,399986,中证银行,CNY,CN10Y
2012-12-11,3553.76,0.0356579999999999,,,399986,中证银行,CNY,CN10Y
2012-12-12,3586.06,0.035666,,,399986,中证银行,CNY,CN10Y
2012-12-13,3538.03,0.035649,,,399986,中证银行,CNY,CN10Y
2012-12-14,3785.98,0.035781,,,399986,中证银行,CNY,CN10Y
2012-12-17,3795.72,0.035814,,,399986,中证银行,CNY,CN10Y
2012-12-18,3824.46,0.035843,,,399986,中证银行,CNY,CN10Y
2012-12-19,3813.81,0.035942,,,399986,中证银行,CNY,CN10Y
2012-12-20,3799.63,0.036086,,,399986,中证银行,CNY,CN10Y
2012-12-21,3760.39,0.03606,,,399986,中证银行,CNY,CN10Y
2012-12-24,3803.87,0.036009,,,399986,中证银行,CNY,CN10Y
2012-12-25,3955.07,0.035955,,,399986,中证银行,CNY,CN10Y
2012-12-26,3940.2,0.035925,,,399986,中证银行,CNY,CN10Y
2012-12-27,3896.82,0.035803,,,399986,中证银行,CNY,CN10Y
2012-12-28,3955.37,0.035752,,,399986,中证银行,CNY,CN10Y
2012-12-31,4065.93,0.035738,,,399986,中证银行,CNY,CN10Y
2013-01-04,4098.75,0.036062,,,399986,中证银行,CNY,CN10Y
2013-01-05,,0.036003,,,399986,中证银行,CNY,CN10Y
2013-01-06,,0.03595,,,399986,中证银行,CNY,CN10Y
2013-01-07,4166.96,0.035965,,,399986,中证银行,CNY,CN10Y
2013-01-08,4103.6,0.035943,,,399986,中证银行,CNY,CN10Y
2013-01-09,4078.45,0.03575,,,399986,中证银行,CNY,CN10Y
2013-01-10,4076.61,0.03595,,,399986,中证银行,CNY,CN10Y
2013-01-11,4004.94,0.0359989999999999,,,399986,中证银行,CNY,CN10Y
2013-01-14,4199.44,0.036023,,,399986,中证银行,CNY,CN10Y
2013-01-15,4203.54,0.036008,,,399986,中证银行,CNY,CN10Y
2013-01-16,4144.6,0.0360469999999999,,,399986,中证银行,CNY,CN10Y
2013-01-17,4106.92,0.035986,,,399986,中证银行,CNY,CN10Y
2013-01-18,4183.67,0.035834,,,399986,中证银行,CNY,CN10Y
2013-01-21,4261.11,0.035743,,,399986,中证银行,CNY,CN10Y
2013-01-22,4317.33,0.035705,,,399986,中证银行,CNY,CN10Y
2013-01-23,4367.65,0.035682,,,399986,中证银行,CNY,CN10Y
2013-01-24,4363.72,0.035816,,,399986,中证银行,CNY,CN10Y
2013-01-25,4351.35,0.035837,,,399986,中证银行,CNY,CN10Y
2013-01-28,4575.23,0.036042,,,399986,中证银行,CNY,CN10Y
2013-01-29,4636.15,0.036116,,,399986,中证银行,CNY,CN10Y
2013-01-30,4643.31,0.036053,,,399986,中证银行,CNY,CN10Y
2013-01-31,4665.55,0.036054,,,399986,中证银行,CNY,CN10Y
2013-02-01,4858.89,0.036004,,,399986,中证银行,CNY,CN10Y
2013-02-04,4887.46,0.036016,,,399986,中证银行,CNY,CN10Y
2013-02-05,4838.07,0.03591,,,399986,中证银行,CNY,CN10Y
2013-02-06,4865.63,0.035922,,,399986,中证银行,CNY,CN10Y
2013-02-07,4688.44,0.035928,,,399986,中证银行,CNY,CN10Y
2013-02-08,4633.59,0.035859,,,399986,中证银行,CNY,CN10Y
2013-02-16,,0.035922,,,399986,中证银行,CNY,CN10Y
2013-02-17,,0.035847,,,399986,中证银行,CNY,CN10Y
2013-02-18,4611.4,0.035929,,,399986,中证银行,CNY,CN10Y
2013-02-19,4586.99,0.035931,,,399986,中证银行,CNY,CN10Y
2013-02-20,4527.6,0.035632,,,399986,中证银行,CNY,CN10Y
2013-02-21,4328.57,0.035623,,,399986,中证银行,CNY,CN10Y
2013-02-22,4266.58,0.035708,,,399986,中证银行,CNY,CN10Y
2013-02-25,4307.8,0.035821,,,399986,中证银行,CNY,CN10Y
2013-02-26,4296.98,0.035948,,,399986,中证银行,CNY,CN10Y
2013-02-27,4355.94,0.035904,,,399986,中证银行,CNY,CN10Y
2013-02-28,4541.13,0.0359569999999999,,,399986,中证银行,CNY,CN10Y
2013-03-01,4512.48,0.035878,,,399986,中证银行,CNY,CN10Y
2013-03-04,4243.17,0.035785,,,399986,中证银行,CNY,CN10Y
2013-03-05,4522.46,0.03576,,,399986,中证银行,CNY,CN10Y
2013-03-06,4568.26,0.035802,,,399986,中证银行,CNY,CN10Y
2013-03-07,4455.74,0.035813,,,399986,中证银行,CNY,CN10Y
2013-03-08,4465.31,0.035816,,,399986,中证银行,CNY,CN10Y
2013-03-11,4388.24,0.03583,,,399986,中证银行,CNY,CN10Y
2013-03-12,4291.31,0.035897,,,399986,中证银行,CNY,CN10Y
2013-03-13,4277.01,0.035898,,,399986,中证银行,CNY,CN10Y
2013-03-14,4298.97,0.035919,,,399986,中证银行,CNY,CN10Y
2013-03-15,4333.57,0.035919,,,399986,中证银行,CNY,CN10Y
2013-03-18,4283.53,0.035971,,,399986,中证银行,CNY,CN10Y
2013-03-19,4343.4,0.035922,,,399986,中证银行,CNY,CN10Y
2013-03-20,4563.77,0.035722,,,399986,中证银行,CNY,CN10Y
2013-03-21,4549.63,0.035819,,,399986,中证银行,CNY,CN10Y
2013-03-22,4555.8,0.035816,,,399986,中证银行,CNY,CN10Y
2013-03-25,4552.74,0.0357699999999999,,,399986,中证银行,CNY,CN10Y
2013-03-26,4430.89,0.035717,,,399986,中证银行,CNY,CN10Y
2013-03-27,4453.55,0.035611,,,399986,中证银行,CNY,CN10Y
2013-03-28,4162.87,0.035505,,,399986,中证银行,CNY,CN10Y
2013-03-29,4189.59,0.035392,,,399986,中证银行,CNY,CN10Y
2013-04-01,4168.01,0.035303,,,399986,中证银行,CNY,CN10Y
2013-04-02,4163.51,0.035106,,,399986,中证银行,CNY,CN10Y
2013-04-03,4197.74,0.035005,,,399986,中证银行,CNY,CN10Y
2013-04-07,,0.034907,,,399986,中证银行,CNY,CN10Y
2013-04-08,4160.99,0.034905,,,399986,中证银行,CNY,CN10Y
2013-04-09,4177.51,0.034705,,,399986,中证银行,CNY,CN10Y
2013-04-10,4148.76,0.034624,,,399986,中证银行,CNY,CN10Y
2013-04-11,4159.36,0.034705,,,399986,中证银行,CNY,CN10Y
2013-04-12,4141.45,0.034655,,,399986,中证银行,CNY,CN10Y
2013-04-15,4132.86,0.034405,,,399986,中证银行,CNY,CN10Y
2013-04-16,4113.17,0.034005,,,399986,中证银行,CNY,CN10Y
2013-04-17,4048.13,0.034131,,,399986,中证银行,CNY,CN10Y
2013-04-18,4076.34,0.0344309999999999,,,399986,中证银行,CNY,CN10Y
2013-04-19,4263.16,0.034503,,,399986,中证银行,CNY,CN10Y
2013-04-22,4282.28,0.034867,,,399986,中证银行,CNY,CN10Y
2013-04-23,4145.42,0.034629,,,399986,中证银行,CNY,CN10Y
2013-04-24,4225.96,0.034498,,,399986,中证银行,CNY,CN10Y
2013-04-25,4176.28,0.034314,,,399986,中证银行,CNY,CN10Y
2013-04-26,4160.55,0.0343129999999999,,,399986,中证银行,CNY,CN10Y
2013-04-27,,0.034311,,,399986,中证银行,CNY,CN10Y
2013-04-28,,0.034314,,,399986,中证银行,CNY,CN10Y
2013-05-02,4183.23,0.034119,,,399986,中证银行,CNY,CN10Y
2013-05-03,4262.35,0.034212,,,399986,中证银行,CNY,CN10Y
2013-05-06,4299.05,0.034354,,,399986,中证银行,CNY,CN10Y
2013-05-07,4282.18,0.034261,,,399986,中证银行,CNY,CN10Y
2013-05-08,4293.99,0.034345,,,399986,中证银行,CNY,CN10Y
2013-05-09,4263.65,0.034317,,,399986,中证银行,CNY,CN10Y
2013-05-10,4295.24,0.034212,,,399986,中证银行,CNY,CN10Y
2013-05-13,4286.12,0.034238,,,399986,中证银行,CNY,CN10Y
2013-05-14,4250.14,0.034248,,,399986,中证银行,CNY,CN10Y
2013-05-15,4266.91,0.034218,,,399986,中证银行,CNY,CN10Y
2013-05-16,4347.18,0.034219,,,399986,中证银行,CNY,CN10Y
2013-05-17,4373.4,0.034213,,,399986,中证银行,CNY,CN10Y
2013-05-20,4434.66,0.034253,,,399986,中证银行,CNY,CN10Y
2013-05-21,4407.27,0.034253,,,399986,中证银行,CNY,CN10Y
2013-05-22,4434.57,0.0341529999999999,,,399986,中证银行,CNY,CN10Y
2013-05-23,4345.8,0.03413,,,399986,中证银行,CNY,CN10Y
2013-05-24,4357.48,0.0341809999999999,,,399986,中证银行,CNY,CN10Y
2013-05-27,4343.54,0.034166,,,399986,中证银行,CNY,CN10Y
2013-05-28,4447.74,0.034206,,,399986,中证银行,CNY,CN10Y
2013-05-29,4420.92,0.03434,,,399986,中证银行,CNY,CN10Y
2013-05-30,4400.91,0.03434,,,399986,中证银行,CNY,CN10Y
2013-05-31,4380.19,0.034399,,,399986,中证银行,CNY,CN10Y
2013-06-03,4355.16,0.034478,,,399986,中证银行,CNY,CN10Y
2013-06-04,4334.54,0.034603,,,399986,中证银行,CNY,CN10Y
2013-06-05,4274.7,0.034615,,,399986,中证银行,CNY,CN10Y
2013-06-06,4204.35,0.034651,,,399986,中证银行,CNY,CN10Y
2013-06-07,4173.18,0.034822,,,399986,中证银行,CNY,CN10Y
2013-06-08,,0.034822,,,399986,中证银行,CNY,CN10Y
2013-06-09,,0.034491,,,399986,中证银行,CNY,CN10Y
2013-06-13,4058.94,0.034591,,,399986,中证银行,CNY,CN10Y
2013-06-14,4068.33,0.034689,,,399986,中证银行,CNY,CN10Y
2013-06-17,4048.97,0.0347849999999999,,,399986,中证银行,CNY,CN10Y
2013-06-18,4076.18,0.0348179999999999,,,399986,中证银行,CNY,CN10Y
2013-06-19,4009.01,0.035516,,,399986,中证银行,CNY,CN10Y
2013-06-20,3852.61,0.037016,,,399986,中证银行,CNY,CN10Y
2013-06-21,3841.54,0.036014,,,399986,中证银行,CNY,CN10Y
2013-06-24,3558.58,0.0359989999999999,,,399986,中证银行,CNY,CN10Y
2013-06-25,3577.52,0.0359989999999999,,,399986,中证银行,CNY,CN10Y
2013-06-26,3527.09,0.0355,,,399986,中证银行,CNY,CN10Y
2013-06-27,3562.13,0.035231,,,399986,中证银行,CNY,CN10Y
2013-06-28,3695.64,0.035125,,,399986,中证银行,CNY,CN10Y
2013-07-01,3678.17,0.035245,,,399986,中证银行,CNY,CN10Y
2013-07-02,3643.6,0.035243,,,399986,中证银行,CNY,CN10Y
2013-07-03,3590.67,0.035302,,,399986,中证银行,CNY,CN10Y
2013-07-04,3604.45,0.035102,,,399986,中证银行,CNY,CN10Y
2013-07-05,3619.51,0.035127,,,399986,中证银行,CNY,CN10Y
2013-07-08,3560.74,0.035177,,,399986,中证银行,CNY,CN10Y
2013-07-09,3575.57,0.035202,,,399986,中证银行,CNY,CN10Y
2013-07-10,3642.03,0.035802,,,399986,中证银行,CNY,CN10Y
2013-07-11,3884.48,0.0359019999999999,,,399986,中证银行,CNY,CN10Y
2013-07-12,3764.1,0.036001,,,399986,中证银行,CNY,CN10Y
2013-07-15,3793.83,0.0361019999999999,,,399986,中证银行,CNY,CN10Y
2013-07-16,3798.75,0.03619,,,399986,中证银行,CNY,CN10Y
2013-07-17,3748.53,0.03669,,,399986,中证银行,CNY,CN10Y
2013-07-18,3660.23,0.036903,,,399986,中证银行,CNY,CN10Y
2013-07-19,3584.28,0.037051,,,399986,中证银行,CNY,CN10Y
2013-07-22,3557.63,0.037401,,,399986,中证银行,CNY,CN10Y
2013-07-23,3632.03,0.037602,,,399986,中证银行,CNY,CN10Y
2013-07-24,3567.77,0.037952,,,399986,中证银行,CNY,CN10Y
2013-07-25,3557.0,0.0371019999999999,,,399986,中证银行,CNY,CN10Y
2013-07-26,3537.22,0.037152,,,399986,中证银行,CNY,CN10Y
2013-07-29,3456.12,0.037228,,,399986,中证银行,CNY,CN10Y
2013-07-30,3499.98,0.037227,,,399986,中证银行,CNY,CN10Y
2013-07-31,3494.87,0.037214,,,399986,中证银行,CNY,CN10Y
2013-08-01,3559.99,0.0370529999999999,,,399986,中证银行,CNY,CN10Y
2013-08-02,3548.07,0.037034,,,399986,中证银行,CNY,CN10Y
2013-08-05,3578.1,0.037104,,,399986,中证银行,CNY,CN10Y
2013-08-06,3565.96,0.037153,,,399986,中证银行,CNY,CN10Y
2013-08-07,3559.96,0.037703,,,399986,中证银行,CNY,CN10Y
2013-08-08,3554.3,0.0384549999999999,,,399986,中证银行,CNY,CN10Y
2013-08-09,3551.96,0.038407,,,399986,中证银行,CNY,CN10Y
2013-08-12,3678.63,0.038513,,,399986,中证银行,CNY,CN10Y
2013-08-13,3723.73,0.0392519999999999,,,399986,中证银行,CNY,CN10Y
2013-08-14,3707.36,0.039516,,,399986,中证银行,CNY,CN10Y
2013-08-15,3667.99,0.039602,,,399986,中证银行,CNY,CN10Y
2013-08-16,3699.03,0.039401,,,399986,中证银行,CNY,CN10Y
2013-08-19,3759.09,0.040103,,,399986,中证银行,CNY,CN10Y
2013-08-20,3765.81,0.040881,,,399986,中证银行,CNY,CN10Y
2013-08-21,3734.76,0.040382,,,399986,中证银行,CNY,CN10Y
2013-08-22,3730.03,0.040302,,,399986,中证银行,CNY,CN10Y
2013-08-23,3675.76,0.039916,,,399986,中证银行,CNY,CN10Y
2013-08-26,3743.89,0.039555,,,399986,中证银行,CNY,CN10Y
2013-08-27,3745.72,0.0396539999999999,,,399986,中证银行,CNY,CN10Y
2013-08-28,3723.1,0.040222,,,399986,中证银行,CNY,CN10Y
2013-08-29,3722.01,0.0403,,,399986,中证银行,CNY,CN10Y
2013-08-30,3728.69,0.040354,,,399986,中证银行,CNY,CN10Y
2013-09-02,3737.78,0.0403559999999999,,,399986,中证银行,CNY,CN10Y
2013-09-03,3810.54,0.040404,,,399986,中证银行,CNY,CN10Y
2013-09-04,3810.68,0.0405499999999999,,,399986,中证银行,CNY,CN10Y
2013-09-05,3812.42,0.0405499999999999,,,399986,中证银行,CNY,CN10Y
2013-09-06,3871.32,0.040455,,,399986,中证银行,CNY,CN10Y
2013-09-09,4187.56,0.0405499999999999,,,399986,中证银行,CNY,CN10Y
2013-09-10,4204.36,0.04065,,,399986,中证银行,CNY,CN10Y
2013-09-11,4185.34,0.041341,,,399986,中证银行,CNY,CN10Y
2013-09-12,4333.6,0.041291,,,399986,中证银行,CNY,CN10Y
2013-09-13,4250.99,0.041406,,,399986,中证银行,CNY,CN10Y
2013-09-16,4225.08,0.041201,,,399986,中证银行,CNY,CN10Y
2013-09-17,4111.8,0.040721,,,399986,中证银行,CNY,CN10Y
2013-09-18,4114.37,0.040502,,,399986,中证银行,CNY,CN10Y
2013-09-22,,0.039851,,,399986,中证银行,CNY,CN10Y
2013-09-23,4132.66,0.040095,,,399986,中证银行,CNY,CN10Y
2013-09-24,4011.88,0.040201,,,399986,中证银行,CNY,CN10Y
2013-09-25,3988.29,0.040202,,,399986,中证银行,CNY,CN10Y
2013-09-26,3905.44,0.039901,,,399986,中证银行,CNY,CN10Y
2013-09-27,3923.23,0.040002,,,399986,中证银行,CNY,CN10Y
2013-09-29,,0.040002,,,399986,中证银行,CNY,CN10Y
2013-09-30,3933.97,0.039954,,,399986,中证银行,CNY,CN10Y
2013-10-08,3959.55,0.039903,,,399986,中证银行,CNY,CN10Y
2013-10-09,3996.52,0.040316,,,399986,中证银行,CNY,CN10Y
2013-10-10,3919.6,0.040166,,,399986,中证银行,CNY,CN10Y
2013-10-11,4016.53,0.040265,,,399986,中证银行,CNY,CN10Y
2013-10-12,,0.040263,,,399986,中证银行,CNY,CN10Y
2013-10-14,3962.15,0.040663,,,399986,中证银行,CNY,CN10Y
2013-10-15,3910.25,0.040791,,,399986,中证银行,CNY,CN10Y
2013-10-16,3877.87,0.0409659999999999,,,399986,中证银行,CNY,CN10Y
2013-10-17,3858.86,0.0409659999999999,,,399986,中证银行,CNY,CN10Y
2013-10-18,3877.6,0.041055,,,399986,中证银行,CNY,CN10Y
2013-10-21,3923.18,0.041105,,,399986,中证银行,CNY,CN10Y
2013-10-22,3870.89,0.0413049999999999,,,399986,中证银行,CNY,CN10Y
2013-10-23,3902.38,0.041491,,,399986,中证银行,CNY,CN10Y
2013-10-24,3882.47,0.04194,,,399986,中证银行,CNY,CN10Y
2013-10-25,3910.11,0.04214,,,399986,中证银行,CNY,CN10Y
2013-10-28,3901.79,0.0420399999999999,,,399986,中证银行,CNY,CN10Y
2013-10-29,4015.46,0.0421729999999999,,,399986,中证银行,CNY,CN10Y
2013-10-30,4043.81,0.0421729999999999,,,399986,中证银行,CNY,CN10Y
2013-10-31,3962.17,0.041806,,,399986,中证银行,CNY,CN10Y
2013-11-01,4006.89,0.0415559999999999,,,399986,中证银行,CNY,CN10Y
2013-11-04,3974.29,0.041731,,,399986,中证银行,CNY,CN10Y
2013-11-05,3948.92,0.042106,,,399986,中证银行,CNY,CN10Y
2013-11-06,3883.39,0.042206,,,399986,中证银行,CNY,CN10Y
2013-11-07,3902.58,0.042945,,,399986,中证银行,CNY,CN10Y
2013-11-08,3873.22,0.043186,,,399986,中证银行,CNY,CN10Y
2013-11-11,3878.51,0.044034,,,399986,中证银行,CNY,CN10Y
2013-11-12,3926.91,0.044146,,,399986,中证银行,CNY,CN10Y
2013-11-13,3803.28,0.0446279999999999,,,399986,中证银行,CNY,CN10Y
2013-11-14,3771.55,0.045006,,,399986,中证银行,CNY,CN10Y
2013-11-15,3820.99,0.046006,,,399986,中证银行,CNY,CN10Y
2013-11-18,3984.14,0.046619,,,399986,中证银行,CNY,CN10Y
2013-11-19,3924.4,0.046722,,,399986,中证银行,CNY,CN10Y
2013-11-20,3933.69,0.047222,,,399986,中证银行,CNY,CN10Y
2013-11-21,3921.9,0.0470089999999999,,,399986,中证银行,CNY,CN10Y
2013-11-22,3900.21,0.046509,,,399986,中证银行,CNY,CN10Y
2013-11-25,3868.11,0.046159,,,399986,中证银行,CNY,CN10Y
2013-11-26,3860.28,0.046059,,,399986,中证银行,CNY,CN10Y
2013-11-27,3877.59,0.0455109999999999,,,399986,中证银行,CNY,CN10Y
2013-11-28,3901.62,0.044313,,,399986,中证银行,CNY,CN10Y
2013-11-29,3892.87,0.043612,,,399986,中证银行,CNY,CN10Y
2013-12-02,3959.57,0.044812,,,399986,中证银行,CNY,CN10Y
2013-12-03,3943.46,0.044412,,,399986,中证银行,CNY,CN10Y
2013-12-04,3971.02,0.0442619999999999,,,399986,中证银行,CNY,CN10Y
2013-12-05,3943.51,0.044962,,,399986,中证银行,CNY,CN10Y
2013-12-06,3924.42,0.045162,,,399986,中证银行,CNY,CN10Y
2013-12-09,3895.42,0.0454129999999999,,,399986,中证银行,CNY,CN10Y
2013-12-10,3911.76,0.046012,,,399986,中证银行,CNY,CN10Y
2013-12-11,3848.44,0.046213,,,399986,中证银行,CNY,CN10Y
2013-12-12,3826.61,0.045913,,,399986,中证银行,CNY,CN10Y
2013-12-13,3798.1,0.045411,,,399986,中证银行,CNY,CN10Y
2013-12-16,3774.88,0.0455389999999999,,,399986,中证银行,CNY,CN10Y
2013-12-17,3763.6,0.045639,,,399986,中证银行,CNY,CN10Y
2013-12-18,3774.02,0.045814,,,399986,中证银行,CNY,CN10Y
2013-12-19,3720.92,0.046016,,,399986,中证银行,CNY,CN10Y
2013-12-20,3603.72,0.046016,,,399986,中证银行,CNY,CN10Y
2013-12-23,3615.33,0.046017,,,399986,中证银行,CNY,CN10Y
2013-12-24,3602.52,0.045566,,,399986,中证银行,CNY,CN10Y
2013-12-25,3609.15,0.045666,,,399986,中证银行,CNY,CN10Y
2013-12-26,3559.04,0.045579,,,399986,中证银行,CNY,CN10Y
2013-12-27,3618.15,0.045437,,,399986,中证银行,CNY,CN10Y
2013-12-30,3614.3,0.045437,,,399986,中证银行,CNY,CN10Y
2013-12-31,3687.67,0.045518,,,399986,中证银行,CNY,CN10Y
2014-01-02,3655.97,0.0460179999999999,,,399986,中证银行,CNY,CN10Y
2014-01-03,3595.36,0.046415,,,399986,中证银行,CNY,CN10Y
2014-01-06,3558.77,0.046569,,,399986,中证银行,CNY,CN10Y
2014-01-07,3548.21,0.04642,,,399986,中证银行,CNY,CN10Y
2014-01-08,3567.87,0.045919,,,399986,中证银行,CNY,CN10Y
2014-01-09,3569.03,0.0459689999999999,,,399986,中证银行,CNY,CN10Y
2014-01-10,3583.49,0.046016,,,399986,中证银行,CNY,CN10Y
2014-01-13,3586.77,0.04597,,,399986,中证银行,CNY,CN10Y
2014-01-14,3582.53,0.04602,,,399986,中证银行,CNY,CN10Y
2014-01-15,3538.94,0.045523,,,399986,中证银行,CNY,CN10Y
2014-01-16,3523.02,0.045871,,,399986,中证银行,CNY,CN10Y
2014-01-17,3482.6,0.0459689999999999,,,399986,中证银行,CNY,CN10Y
2014-01-20,3455.33,0.045923,,,399986,中证银行,CNY,CN10Y
2014-01-21,3476.92,0.045423,,,399986,中证银行,CNY,CN10Y
2014-01-22,3541.91,0.045023,,,399986,中证银行,CNY,CN10Y
2014-01-23,3496.39,0.044825,,,399986,中证银行,CNY,CN10Y
2014-01-24,3495.53,0.0451229999999999,,,399986,中证银行,CNY,CN10Y
2014-01-26,,0.044777,,,399986,中证银行,CNY,CN10Y
2014-01-27,3466.22,0.044802,,,399986,中证银行,CNY,CN10Y
2014-01-28,3509.81,0.045027,,,399986,中证银行,CNY,CN10Y
2014-01-29,3547.69,0.045102,,,399986,中证银行,CNY,CN10Y
2014-01-30,3507.89,0.045019,,,399986,中证银行,CNY,CN10Y
2014-02-07,3495.75,0.044781,,,399986,中证银行,CNY,CN10Y
2014-02-08,,0.04468,,,399986,中证银行,CNY,CN10Y
2014-02-10,3537.16,0.044831,,,399986,中证银行,CNY,CN10Y
2014-02-11,3620.75,0.044881,,,399986,中证银行,CNY,CN10Y
2014-02-12,3622.22,0.0447829999999999,,,399986,中证银行,CNY,CN10Y
2014-02-13,3677.68,0.0447829999999999,,,399986,中证银行,CNY,CN10Y
2014-02-14,3659.71,0.044781,,,399986,中证银行,CNY,CN10Y
2014-02-17,3637.44,0.0451349999999999,,,399986,中证银行,CNY,CN10Y
2014-02-18,3568.58,0.045385,,,399986,中证银行,CNY,CN10Y
2014-02-19,3675.0,0.045535,,,399986,中证银行,CNY,CN10Y
2014-02-20,3621.7,0.045336,,,399986,中证银行,CNY,CN10Y
2014-02-21,3586.9,0.0452339999999999,,,399986,中证银行,CNY,CN10Y
2014-02-24,3491.74,0.044836,,,399986,中证银行,CNY,CN10Y
2014-02-25,3449.01,0.044336,,,399986,中证银行,CNY,CN10Y
2014-02-26,3461.56,0.044496,,,399986,中证银行,CNY,CN10Y
2014-02-27,3508.16,0.043896,,,399986,中证银行,CNY,CN10Y
2014-02-28,3487.81,0.044276,,,399986,中证银行,CNY,CN10Y
2014-03-03,3462.51,0.044576,,,399986,中证银行,CNY,CN10Y
2014-03-04,3480.05,0.045026,,,399986,中证银行,CNY,CN10Y
2014-03-05,3432.14,0.045176,,,399986,中证银行,CNY,CN10Y
2014-03-06,3462.72,0.045145,,,399986,中证银行,CNY,CN10Y
2014-03-07,3449.88,0.0451419999999999,,,399986,中证银行,CNY,CN10Y
2014-03-10,3347.44,0.045043,,,399986,中证银行,CNY,CN10Y
2014-03-11,3348.39,0.045125,,,399986,中证银行,CNY,CN10Y
2014-03-12,3391.13,0.0450239999999999,,,399986,中证银行,CNY,CN10Y
2014-03-13,3439.98,0.0450239999999999,,,399986,中证银行,CNY,CN10Y
2014-03-14,3411.25,0.044924,,,399986,中证银行,CNY,CN10Y
2014-03-17,3414.0,0.04482,,,399986,中证银行,CNY,CN10Y
2014-03-18,3393.27,0.045095,,,399986,中证银行,CNY,CN10Y
2014-03-19,3378.0,0.045095,,,399986,中证银行,CNY,CN10Y
2014-03-20,3362.42,0.045195,,,399986,中证银行,CNY,CN10Y
2014-03-21,3530.81,0.045044,,,399986,中证银行,CNY,CN10Y
2014-03-24,3549.19,0.045148,,,399986,中证银行,CNY,CN10Y
2014-03-25,3515.07,0.0451919999999999,,,399986,中证银行,CNY,CN10Y
2014-03-26,3513.18,0.044992,,,399986,中证银行,CNY,CN10Y
2014-03-27,3545.49,0.045109,,,399986,中证银行,CNY,CN10Y
2014-03-28,3570.06,0.045104,,,399986,中证银行,CNY,CN10Y
2014-03-31,3554.6,0.045004,,,399986,中证银行,CNY,CN10Y
2014-04-01,3552.26,0.044954,,,399986,中证银行,CNY,CN10Y
2014-04-02,3591.43,0.044904,,,399986,中证银行,CNY,CN10Y
2014-04-03,3539.53,0.044904,,,399986,中证银行,CNY,CN10Y
2014-04-04,3570.72,0.044904,,,399986,中证银行,CNY,CN10Y
2014-04-08,3706.25,0.044499,,,399986,中证银行,CNY,CN10Y
2014-04-09,3688.29,0.044771,,,399986,中证银行,CNY,CN10Y
2014-04-10,3728.29,0.044571,,,399986,中证银行,CNY,CN10Y
2014-04-11,3735.37,0.044521,,,399986,中证银行,CNY,CN10Y
2014-04-14,3705.79,0.044248,,,399986,中证银行,CNY,CN10Y
2014-04-15,3620.02,0.044001,,,399986,中证银行,CNY,CN10Y
2014-04-16,3631.87,0.043601,,,399986,中证银行,CNY,CN10Y
2014-04-17,3616.01,0.0427489999999999,,,399986,中证银行,CNY,CN10Y
2014-04-18,3611.91,0.0429969999999999,,,399986,中证银行,CNY,CN10Y
2014-04-21,3560.37,0.0429969999999999,,,399986,中证银行,CNY,CN10Y
2014-04-22,3624.43,0.0429969999999999,,,399986,中证银行,CNY,CN10Y
2014-04-23,3622.38,0.043297,,,399986,中证银行,CNY,CN10Y
2014-04-24,3617.54,0.043394,,,399986,中证银行,CNY,CN10Y
2014-04-25,3622.03,0.043294,,,399986,中证银行,CNY,CN10Y
2014-04-28,3605.86,0.043301,,,399986,中证银行,CNY,CN10Y
2014-04-29,3627.52,0.043202,,,399986,中证银行,CNY,CN10Y
2014-04-30,3614.33,0.043002,,,399986,中证银行,CNY,CN10Y
2014-05-04,,0.0429019999999999,,,399986,中证银行,CNY,CN10Y
2014-05-05,3580.66,0.043002,,,399986,中证银行,CNY,CN10Y
2014-05-06,3568.72,0.042803,,,399986,中证银行,CNY,CN10Y
2014-05-07,3550.79,0.042803,,,399986,中证银行,CNY,CN10Y
2014-05-08,3559.78,0.042303,,,399986,中证银行,CNY,CN10Y
2014-05-09,3566.64,0.041205,,,399986,中证银行,CNY,CN10Y
2014-05-12,3614.66,0.041205,,,399986,中证银行,CNY,CN10Y
2014-05-13,3602.76,0.041505,,,399986,中证银行,CNY,CN10Y
2014-05-14,3600.42,0.041704,,,399986,中证银行,CNY,CN10Y
2014-05-15,3591.05,0.0419149999999999,,,399986,中证银行,CNY,CN10Y
2014-05-16,3602.17,0.041919,,,399986,中证银行,CNY,CN10Y
2014-05-19,3540.91,0.0417079999999999,,,399986,中证银行,CNY,CN10Y
2014-05-20,3542.27,0.0417699999999999,,,399986,中证银行,CNY,CN10Y
2014-05-21,3565.06,0.0417699999999999,,,399986,中证银行,CNY,CN10Y
2014-05-22,3569.64,0.0417699999999999,,,399986,中证银行,CNY,CN10Y
2014-05-23,3598.75,0.041574,,,399986,中证银行,CNY,CN10Y
2014-05-26,3602.7,0.0416739999999999,,,399986,中证银行,CNY,CN10Y
2014-05-27,3595.3,0.041574,,,399986,中证银行,CNY,CN10Y
2014-05-28,3616.32,0.0414569999999999,,,399986,中证银行,CNY,CN10Y
2014-05-29,3600.71,0.041159,,,399986,中证银行,CNY,CN10Y
2014-05-30,3595.89,0.040714,,,399986,中证银行,CNY,CN10Y
2014-06-03,3599.41,0.040214,,,399986,中证银行,CNY,CN10Y
2014-06-04,3571.45,0.040114,,,399986,中证银行,CNY,CN10Y
2014-06-05,3612.01,0.0403139999999999,,,399986,中证银行,CNY,CN10Y
2014-06-06,3579.65,0.040614,,,399986,中证银行,CNY,CN10Y
2014-06-09,3591.54,0.040714,,,399986,中证银行,CNY,CN10Y
2014-06-10,3636.17,0.040614,,,399986,中证银行,CNY,CN10Y
2014-06-11,3624.91,0.040614,,,399986,中证银行,CNY,CN10Y
2014-06-12,3613.63,0.04064,,,399986,中证银行,CNY,CN10Y
2014-06-13,3674.33,0.0408399999999999,,,399986,中证银行,CNY,CN10Y
2014-06-16,3722.44,0.04064,,,399986,中证银行,CNY,CN10Y
2014-06-17,3687.2,0.04054,,,399986,中证银行,CNY,CN10Y
2014-06-18,3665.28,0.04054,,,399986,中证银行,CNY,CN10Y
2014-06-19,3633.68,0.040408,,,399986,中证银行,CNY,CN10Y
2014-06-20,3642.45,0.0405149999999999,,,399986,中证银行,CNY,CN10Y
2014-06-23,3620.06,0.0405149999999999,,,399986,中证银行,CNY,CN10Y
2014-06-24,3603.14,0.0405149999999999,,,399986,中证银行,CNY,CN10Y
2014-06-25,3584.76,0.0405569999999999,,,399986,中证银行,CNY,CN10Y
2014-06-26,3599.53,0.040472,,,399986,中证银行,CNY,CN10Y
2014-06-27,3583.68,0.040485,,,399986,中证银行,CNY,CN10Y
2014-06-30,3602.55,0.040612,,,399986,中证银行,CNY,CN10Y
2014-07-01,3602.17,0.040812,,,399986,中证银行,CNY,CN10Y
2014-07-02,3609.77,0.041212,,,399986,中证银行,CNY,CN10Y
2014-07-03,3608.81,0.041503,,,399986,中证银行,CNY,CN10Y
2014-07-04,3607.61,0.041747,,,399986,中证银行,CNY,CN10Y
2014-07-07,3607.97,0.041212,,,399986,中证银行,CNY,CN10Y
2014-07-08,3612.14,0.041162,,,399986,中证银行,CNY,CN10Y
2014-07-09,3560.93,0.041276,,,399986,中证银行,CNY,CN10Y
2014-07-10,3540.59,0.041298,,,399986,中证银行,CNY,CN10Y
2014-07-11,3498.24,0.041198,,,399986,中证银行,CNY,CN10Y
2014-07-14,3512.59,0.041298,,,399986,中证银行,CNY,CN10Y
2014-07-15,3520.63,0.041571,,,399986,中证银行,CNY,CN10Y
2014-07-16,3522.1,0.042171,,,399986,中证银行,CNY,CN10Y
2014-07-17,3493.36,0.04267,,,399986,中证银行,CNY,CN10Y
2014-07-18,3482.02,0.043019,,,399986,中证银行,CNY,CN10Y
2014-07-21,3470.62,0.043017,,,399986,中证银行,CNY,CN10Y
2014-07-22,3505.38,0.042717,,,399986,中证银行,CNY,CN10Y
2014-07-23,3517.57,0.042967,,,399986,中证银行,CNY,CN10Y
2014-07-24,3620.21,0.042967,,,399986,中证银行,CNY,CN10Y
2014-07-25,3652.44,0.042711,,,399986,中证银行,CNY,CN10Y
2014-07-28,3834.02,0.042713,,,399986,中证银行,CNY,CN10Y
2014-07-29,3860.21,0.042805,,,399986,中证银行,CNY,CN10Y
2014-07-30,3828.79,0.042905,,,399986,中证银行,CNY,CN10Y
2014-07-31,3880.68,0.042655,,,399986,中证银行,CNY,CN10Y
2014-08-01,3849.7,0.0425689999999999,,,399986,中证银行,CNY,CN10Y
2014-08-04,3912.28,0.04253,,,399986,中证银行,CNY,CN10Y
2014-08-05,3876.37,0.042576,,,399986,中证银行,CNY,CN10Y
2014-08-06,3831.96,0.042463,,,399986,中证银行,CNY,CN10Y
2014-08-07,3769.4,0.042563,,,399986,中证银行,CNY,CN10Y
2014-08-08,3781.23,0.042712,,,399986,中证银行,CNY,CN10Y
2014-08-11,3833.98,0.042815,,,399986,中证银行,CNY,CN10Y
2014-08-12,3796.29,0.042815,,,399986,中证银行,CNY,CN10Y
2014-08-13,3782.87,0.04255,,,399986,中证银行,CNY,CN10Y
2014-08-14,3756.37,0.0421,,,399986,中证银行,CNY,CN10Y
2014-08-15,3774.57,0.042002,,,399986,中证银行,CNY,CN10Y
2014-08-18,3777.33,0.042153,,,399986,中证银行,CNY,CN10Y
2014-08-19,3777.28,0.042422,,,399986,中证银行,CNY,CN10Y
2014-08-20,3755.66,0.042523,,,399986,中证银行,CNY,CN10Y
2014-08-21,3720.05,0.042512,,,399986,中证银行,CNY,CN10Y
2014-08-22,3740.53,0.04256,,,399986,中证银行,CNY,CN10Y
2014-08-25,3704.11,0.042524,,,399986,中证银行,CNY,CN10Y
2014-08-26,3712.94,0.042462,,,399986,中证银行,CNY,CN10Y
2014-08-27,3708.16,0.04231,,,399986,中证银行,CNY,CN10Y
2014-08-28,3662.03,0.0422539999999999,,,399986,中证银行,CNY,CN10Y
2014-08-29,3704.03,0.042361,,,399986,中证银行,CNY,CN10Y
2014-09-01,3705.44,0.042405,,,399986,中证银行,CNY,CN10Y
2014-09-02,3761.87,0.04249,,,399986,中证银行,CNY,CN10Y
2014-09-03,3793.55,0.04264,,,399986,中证银行,CNY,CN10Y
2014-09-04,3814.77,0.042814,,,399986,中证银行,CNY,CN10Y
2014-09-05,3835.94,0.0429279999999999,,,399986,中证银行,CNY,CN10Y
2014-09-09,3802.06,0.042868,,,399986,中证银行,CNY,CN10Y
2014-09-10,3767.01,0.042934,,,399986,中证银行,CNY,CN10Y
2014-09-11,3762.45,0.042937,,,399986,中证银行,CNY,CN10Y
2014-09-12,3773.77,0.042793,,,399986,中证银行,CNY,CN10Y
2014-09-15,3760.04,0.0425969999999999,,,399986,中证银行,CNY,CN10Y
2014-09-16,3751.48,0.042634,,,399986,中证银行,CNY,CN10Y
2014-09-17,3751.19,0.042008,,,399986,中证银行,CNY,CN10Y
2014-09-18,3776.14,0.0414379999999999,,,399986,中证银行,CNY,CN10Y
2014-09-19,3791.63,0.04031,,,399986,中证银行,CNY,CN10Y
2014-09-22,3703.19,0.04011,,,399986,中证银行,CNY,CN10Y
2014-09-23,3721.98,0.039911,,,399986,中证银行,CNY,CN10Y
2014-09-24,3774.78,0.040425,,,399986,中证银行,CNY,CN10Y
2014-09-25,3756.6,0.040025,,,399986,中证银行,CNY,CN10Y
2014-09-26,3749.22,0.0400919999999999,,,399986,中证银行,CNY,CN10Y
2014-09-28,,0.040227,,,399986,中证银行,CNY,CN10Y
2014-09-29,3752.65,0.039925,,,399986,中证银行,CNY,CN10Y
2014-09-30,3753.2,0.039824,,,399986,中证银行,CNY,CN10Y
2014-10-08,3786.86,0.03993,,,399986,中证银行,CNY,CN10Y
2014-10-09,3783.12,0.040014,,,399986,中证银行,CNY,CN10Y
2014-10-10,3765.08,0.040131,,,399986,中证银行,CNY,CN10Y
2014-10-11,,0.039965,,,399986,中证银行,CNY,CN10Y
2014-10-13,3731.56,0.0399529999999999,,,399986,中证银行,CNY,CN10Y
2014-10-14,3722.47,0.039015,,,399986,中证银行,CNY,CN10Y
2014-10-15,3740.77,0.038215,,,399986,中证银行,CNY,CN10Y
2014-10-16,3754.85,0.038116,,,399986,中证银行,CNY,CN10Y
2014-10-17,3738.39,0.03811,,,399986,中证银行,CNY,CN10Y
2014-10-20,3753.29,0.037441,,,399986,中证银行,CNY,CN10Y
2014-10-21,3724.98,0.037323,,,399986,中证银行,CNY,CN10Y
2014-10-22,3727.87,0.037929,,,399986,中证银行,CNY,CN10Y
2014-10-23,3728.49,0.038108,,,399986,中证银行,CNY,CN10Y
2014-10-24,3720.59,0.038013,,,399986,中证银行,CNY,CN10Y
2014-10-27,3656.8,0.037756,,,399986,中证银行,CNY,CN10Y
2014-10-28,3700.26,0.037424,,,399986,中证银行,CNY,CN10Y
2014-10-29,3744.61,0.037176,,,399986,中证银行,CNY,CN10Y
2014-10-30,3794.2,0.037688,,,399986,中证银行,CNY,CN10Y
2014-10-31,3936.79,0.037559,,,399986,中证银行,CNY,CN10Y
2014-11-03,3904.89,0.037007,,,399986,中证银行,CNY,CN10Y
2014-11-04,3874.08,0.036412,,,399986,中证银行,CNY,CN10Y
2014-11-05,3841.96,0.0361169999999999,,,399986,中证银行,CNY,CN10Y
2014-11-06,3844.45,0.036223,,,399986,中证银行,CNY,CN10Y
2014-11-07,3867.63,0.0356309999999999,,,399986,中证银行,CNY,CN10Y
2014-11-10,3977.55,0.035132,,,399986,中证银行,CNY,CN10Y
2014-11-11,4096.69,0.034981,,,399986,中证银行,CNY,CN10Y
2014-11-12,4086.93,0.03556,,,399986,中证银行,CNY,CN10Y
2014-11-13,4066.68,0.035924,,,399986,中证银行,CNY,CN10Y
2014-11-14,4044.62,0.036466,,,399986,中证银行,CNY,CN10Y
2014-11-17,3978.37,0.0366089999999999,,,399986,中证银行,CNY,CN10Y
2014-11-18,3901.81,0.03607,,,399986,中证银行,CNY,CN10Y
2014-11-19,3895.86,0.036154,,,399986,中证银行,CNY,CN10Y
2014-11-20,3898.84,0.036521,,,399986,中证银行,CNY,CN10Y
2014-11-21,3965.91,0.036514,,,399986,中证银行,CNY,CN10Y
2014-11-24,3972.01,0.034767,,,399986,中证银行,CNY,CN10Y
2014-11-25,4029.54,0.035216,,,399986,中证银行,CNY,CN10Y
2014-11-26,4129.47,0.035228,,,399986,中证银行,CNY,CN10Y
2014-11-27,4196.96,0.035243,,,399986,中证银行,CNY,CN10Y
2014-11-28,4540.03,0.035249,,,399986,中证银行,CNY,CN10Y
2014-12-01,4505.94,0.035145,,,399986,中证银行,CNY,CN10Y
2014-12-02,4803.8,0.035553,,,399986,中证银行,CNY,CN10Y
2014-12-03,4755.05,0.036238,,,399986,中证银行,CNY,CN10Y
2014-12-04,5065.31,0.036633,,,399986,中证银行,CNY,CN10Y
2014-12-05,5206.66,0.037759,,,399986,中证银行,CNY,CN10Y
2014-12-08,5290.52,0.037918,,,399986,中证银行,CNY,CN10Y
2014-12-09,4833.87,0.037532,,,399986,中证银行,CNY,CN10Y
2014-12-10,5021.24,0.037111,,,399986,中证银行,CNY,CN10Y
2014-12-11,4973.66,0.037282,,,399986,中证银行,CNY,CN10Y
2014-12-12,4923.9,0.037513,,,399986,中证银行,CNY,CN10Y
2014-12-15,4826.52,0.037815,,,399986,中证银行,CNY,CN10Y
2014-12-16,5047.83,0.037522,,,399986,中证银行,CNY,CN10Y
2014-12-17,5396.09,0.037377,,,399986,中证银行,CNY,CN10Y
2014-12-18,5307.03,0.037614,,,399986,中证银行,CNY,CN10Y
2014-12-19,5389.34,0.037106,,,399986,中证银行,CNY,CN10Y
2014-12-22,5669.57,0.03703,,,399986,中证银行,CNY,CN10Y
2014-12-23,5464.29,0.036604,,,399986,中证银行,CNY,CN10Y
2014-12-24,5240.7,0.035975,,,399986,中证银行,CNY,CN10Y
2014-12-25,5484.44,0.036305,,,399986,中证银行,CNY,CN10Y
2014-12-26,5669.41,0.036339,,,399986,中证银行,CNY,CN10Y
2014-12-29,5670.2,0.036213,,,399986,中证银行,CNY,CN10Y
2014-12-30,5847.23,0.036213,,,399986,中证银行,CNY,CN10Y
2014-12-31,6002.38,0.036219,,,399986,中证银行,CNY,CN10Y
2015-01-04,,0.036285,,,399986,中证银行,CNY,CN10Y
2015-01-05,6097.69,0.036251,,,399986,中证银行,CNY,CN10Y
2015-01-06,6033.11,0.0363529999999999,,,399986,中证银行,CNY,CN10Y
2015-01-07,5951.21,0.036408,,,399986,中证银行,CNY,CN10Y
2015-01-08,5730.49,0.036415,,,399986,中证银行,CNY,CN10Y
2015-01-09,5788.88,0.036348,,,399986,中证银行,CNY,CN10Y
2015-01-12,5713.66,0.036371,,,399986,中证银行,CNY,CN10Y
2015-01-13,5676.38,0.035836,,,399986,中证银行,CNY,CN10Y
2015-01-14,5771.87,0.035411,,,399986,中证银行,CNY,CN10Y
2015-01-15,5984.42,0.035464,,,399986,中证银行,CNY,CN10Y
2015-01-16,6041.2,0.035017,,,399986,中证银行,CNY,CN10Y
2015-01-19,5438.94,0.03475,,,399986,中证银行,CNY,CN10Y
2015-01-20,5453.54,0.034711,,,399986,中证银行,CNY,CN10Y
2015-01-21,5740.67,0.034672,,,399986,中证银行,CNY,CN10Y
2015-01-22,5712.78,0.034521,,,399986,中证银行,CNY,CN10Y
2015-01-23,5748.04,0.03452,,,399986,中证银行,CNY,CN10Y
2015-01-26,5711.82,0.0343409999999999,,,399986,中证银行,CNY,CN10Y
2015-01-27,5565.34,0.034309,,,399986,中证银行,CNY,CN10Y
2015-01-28,5490.93,0.034767,,,399986,中证银行,CNY,CN10Y
2015-01-29,5378.09,0.034966,,,399986,中证银行,CNY,CN10Y
2015-01-30,5358.74,0.035019,,,399986,中证银行,CNY,CN10Y
2015-02-02,5198.1,0.034729,,,399986,中证银行,CNY,CN10Y
2015-02-03,5334.35,0.034533,,,399986,中证银行,CNY,CN10Y
2015-02-04,5228.8,0.034589,,,399986,中证银行,CNY,CN10Y
2015-02-05,5220.22,0.034018,,,399986,中证银行,CNY,CN10Y
2015-02-06,5147.67,0.034325,,,399986,中证银行,CNY,CN10Y
2015-02-09,5193.05,0.034236,,,399986,中证银行,CNY,CN10Y
2015-02-10,5283.37,0.0342989999999999,,,399986,中证银行,CNY,CN10Y
2015-02-11,5270.91,0.033955,,,399986,中证银行,CNY,CN10Y
2015-02-12,5255.24,0.033865,,,399986,中证银行,CNY,CN10Y
2015-02-13,5292.02,0.033552,,,399986,中证银行,CNY,CN10Y
2015-02-15,,0.0336249999999999,,,399986,中证银行,CNY,CN10Y
2015-02-16,5261.88,0.033374,,,399986,中证银行,CNY,CN10Y
2015-02-17,5285.67,0.033373,,,399986,中证银行,CNY,CN10Y
2015-02-25,5220.57,0.03349,,,399986,中证银行,CNY,CN10Y
2015-02-26,5340.09,0.033594,,,399986,中证银行,CNY,CN10Y
2015-02-27,5319.88,0.033745,,,399986,中证银行,CNY,CN10Y
2015-02-28,,0.033602,,,399986,中证银行,CNY,CN10Y
2015-03-02,5321.46,0.033883,,,399986,中证银行,CNY,CN10Y
2015-03-03,5155.08,0.034022,,,399986,中证银行,CNY,CN10Y
2015-03-04,5134.54,0.0338689999999999,,,399986,中证银行,CNY,CN10Y
2015-03-05,5019.56,0.034369,,,399986,中证银行,CNY,CN10Y
2015-03-06,5051.8,0.034753,,,399986,中证银行,CNY,CN10Y
2015-03-09,5350.12,0.034922,,,399986,中证银行,CNY,CN10Y
2015-03-10,5218.39,0.035228,,,399986,中证银行,CNY,CN10Y
2015-03-11,5271.05,0.034466,,,399986,中证银行,CNY,CN10Y
2015-03-12,5538.86,0.034412,,,399986,中证银行,CNY,CN10Y
2015-03-13,5560.46,0.034879,,,399986,中证银行,CNY,CN10Y
2015-03-16,5637.75,0.035301,,,399986,中证银行,CNY,CN10Y
2015-03-17,5679.54,0.035428,,,399986,中证银行,CNY,CN10Y
2015-03-18,5809.28,0.0355189999999999,,,399986,中证银行,CNY,CN10Y
2015-03-19,5741.53,0.035348,,,399986,中证银行,CNY,CN10Y
2015-03-20,5785.46,0.034958,,,399986,中证银行,CNY,CN10Y
2015-03-23,5857.98,0.034933,,,399986,中证银行,CNY,CN10Y
2015-03-24,5811.0,0.034841,,,399986,中证银行,CNY,CN10Y
2015-03-25,5650.83,0.035037,,,399986,中证银行,CNY,CN10Y
2015-03-26,5689.51,0.03544,,,399986,中证银行,CNY,CN10Y
2015-03-27,5700.44,0.035678,,,399986,中证银行,CNY,CN10Y
2015-03-30,5931.73,0.035849,,,399986,中证银行,CNY,CN10Y
2015-03-31,5856.19,0.036483,,,399986,中证银行,CNY,CN10Y
2015-04-01,5901.32,0.035997,,,399986,中证银行,CNY,CN10Y
2015-04-02,5868.69,0.035438,,,399986,中证银行,CNY,CN10Y
2015-04-03,5910.44,0.03572,,,399986,中证银行,CNY,CN10Y
2015-04-07,6087.38,0.035987,,,399986,中证银行,CNY,CN10Y
2015-04-08,6221.33,0.036938,,,399986,中证银行,CNY,CN10Y
2015-04-09,6162.65,0.03704,,,399986,中证银行,CNY,CN10Y
2015-04-10,6327.68,0.036947,,,399986,中证银行,CNY,CN10Y
2015-04-13,6538.0,0.0366849999999999,,,399986,中证银行,CNY,CN10Y
2015-04-14,6483.48,0.036211,,,399986,中证银行,CNY,CN10Y
2015-04-15,6606.95,0.035954,,,399986,中证银行,CNY,CN10Y
2015-04-16,6809.65,0.0356,,,399986,中证银行,CNY,CN10Y
2015-04-17,6794.12,0.035627,,,399986,中证银行,CNY,CN10Y
2015-04-20,6521.72,0.034554,,,399986,中证银行,CNY,CN10Y
2015-04-21,6623.81,0.034055,,,399986,中证银行,CNY,CN10Y
2015-04-22,6752.4,0.034052,,,399986,中证银行,CNY,CN10Y
2015-04-23,6651.78,0.034151,,,399986,中证银行,CNY,CN10Y
2015-04-24,6459.08,0.034454,,,399986,中证银行,CNY,CN10Y
2015-04-27,6656.32,0.033952,,,399986,中证银行,CNY,CN10Y
2015-04-28,6792.16,0.033804,,,399986,中证银行,CNY,CN10Y
2015-04-29,6736.82,0.034,,,399986,中证银行,CNY,CN10Y
2015-04-30,6626.27,0.033503,,,399986,中证银行,CNY,CN10Y
2015-05-04,6625.72,0.033804,,,399986,中证银行,CNY,CN10Y
2015-05-05,6336.09,0.034006,,,399986,中证银行,CNY,CN10Y
2015-05-06,6338.27,0.03456,,,399986,中证银行,CNY,CN10Y
2015-05-07,6317.61,0.034401,,,399986,中证银行,CNY,CN10Y
2015-05-08,6339.54,0.033703,,,399986,中证银行,CNY,CN10Y
2015-05-11,6443.64,0.033752,,,399986,中证银行,CNY,CN10Y
2015-05-12,6442.73,0.034002,,,399986,中证银行,CNY,CN10Y
2015-05-13,6367.27,0.034002,,,399986,中证银行,CNY,CN10Y
2015-05-14,6346.8,0.033803,,,399986,中证银行,CNY,CN10Y
2015-05-15,6219.57,0.033907,,,399986,中证银行,CNY,CN10Y
2015-05-18,6103.98,0.034109,7.11,0.10653797609001406,399986,中证银行,CNY,CN10Y
2015-05-19,6323.72,0.034311,7.33,0.1021146480218281,399986,中证银行,CNY,CN10Y
2015-05-20,6358.64,0.034282,7.34,0.10195778201634878,399986,中证银行,CNY,CN10Y
2015-05-21,6383.11,0.034257,7.37,0.10142821031207597,399986,中证银行,CNY,CN10Y
2015-05-22,6584.23,0.0341599999999999,7.59,0.09759230566534925,399986,中证银行,CNY,CN10Y
2015-05-25,6736.93,0.03431,7.76,0.0945559793814433,399986,中证银行,CNY,CN10Y
2015-05-26,6748.39,0.0352139999999999,7.78,0.09332070437018004,399986,中证银行,CNY,CN10Y
2015-05-27,6654.35,0.035055,7.69,0.09498401170351103,399986,中证银行,CNY,CN10Y
2015-05-28,6280.71,0.0356519999999999,7.27,0.10189958184319131,399986,中证银行,CNY,CN10Y
2015-05-29,6276.18,0.035954,7.24,0.10216754696132598,399986,中证银行,CNY,CN10Y
2015-06-01,6568.85,0.036404,7.54,0.09622199469496023,399986,中证银行,CNY,CN10Y
2015-06-02,6586.03,0.03588,7.54,0.09674599469496023,399986,中证银行,CNY,CN10Y
2015-06-03,6618.49,0.036111,7.56,0.09616413227513229,399986,中证银行,CNY,CN10Y
2015-06-04,6921.35,0.035912,7.87,0.09115280304955528,399986,中证银行,CNY,CN10Y
2015-06-05,6851.72,0.035814,7.82,0.09206323785166241,399986,中证银行,CNY,CN10Y
2015-06-08,7269.56,0.035613,8.35,0.08414747904191616,399986,中证银行,CNY,CN10Y
2015-06-09,7197.95,0.035565,8.28,0.08520794685990339,399986,中证银行,CNY,CN10Y
2015-06-10,7111.6,0.035912,8.15,0.08678738650306748,399986,中证银行,CNY,CN10Y
2015-06-11,7037.87,0.036197,8.06,0.08787247890818858,399986,中证银行,CNY,CN10Y
2015-06-12,7084.29,0.036226,8.13,0.08677523001230011,399986,中证银行,CNY,CN10Y
2015-06-15,6866.16,0.036681,7.9,0.08990127848101265,399986,中证银行,CNY,CN10Y
2015-06-16,6785.48,0.036099,7.79,0.09227070474967908,399986,中证银行,CNY,CN10Y
2015-06-17,6834.39,0.036052,7.88,0.09085155329949238,399986,中证银行,CNY,CN10Y
2015-06-18,6531.95,0.03573,7.55,0.09672033112582783,399986,中证银行,CNY,CN10Y
2015-06-19,6228.9,0.035825,7.22,0.10267915512465375,399986,中证银行,CNY,CN10Y
2015-06-23,6418.47,0.036054,7.48,0.09763583957219249,399986,中证银行,CNY,CN10Y
2015-06-24,6527.84,0.036079,7.59,0.09567330566534915,399986,中证银行,CNY,CN10Y
2015-06-25,6369.85,0.036028,7.44,0.09838060215053762,399986,中证银行,CNY,CN10Y
2015-06-26,6037.67,0.03608,7.09,0.10496372355430184,399986,中证银行,CNY,CN10Y
2015-06-29,6095.79,0.03603,7.16,0.10363480446927373,399986,中证银行,CNY,CN10Y
2015-06-30,6502.15,0.035976,7.59,0.09577630566534914,399986,中证银行,CNY,CN10Y
2015-07-01,6269.48,0.036127,7.35,0.0999274217687075,399986,中证银行,CNY,CN10Y
2015-07-02,6333.72,0.036223,7.55,0.09622733112582782,399986,中证银行,CNY,CN10Y
2015-07-03,6014.77,0.035719,7.16,0.10394580446927373,399986,中证银行,CNY,CN10Y
2015-07-06,6486.78,0.034917,7.79,0.09345270474967907,399986,中证银行,CNY,CN10Y
2015-07-07,6819.61,0.034361,8.16,0.08818801960784313,399986,中证银行,CNY,CN10Y
2015-07-08,6358.62,0.034307,7.78,0.09422770437017994,399986,中证银行,CNY,CN10Y
2015-07-09,6669.65,0.034358,8.07,0.08955773729863692,399986,中证银行,CNY,CN10Y
2015-07-10,6726.3,0.034885,8.03,0.08964800124533003,399986,中证银行,CNY,CN10Y
2015-07-13,6515.6,0.0350139999999999,7.7,0.09485612987012995,399986,中证银行,CNY,CN10Y
2015-07-14,6379.86,0.035341,7.6,0.09623794736842105,399986,中证银行,CNY,CN10Y
2015-07-15,6502.9,0.035495,7.75,0.09353725806451613,399986,中证银行,CNY,CN10Y
2015-07-16,6395.57,0.0352079999999999,7.62,0.09602559580052503,399986,中证银行,CNY,CN10Y
2015-07-17,6425.69,0.035123,7.59,0.09662930566534915,399986,中证银行,CNY,CN10Y
2015-07-20,6360.2,0.035009,7.54,0.09761699469496023,399986,中证银行,CNY,CN10Y
2015-07-21,6266.92,0.0352139999999999,7.44,0.09919460215053773,399986,中证银行,CNY,CN10Y
2015-07-22,6202.03,0.035145,7.37,0.10054021031207597,399986,中证银行,CNY,CN10Y
2015-07-23,6270.59,0.034751,7.43,0.09983850201884253,399986,中证银行,CNY,CN10Y
2015-07-24,6181.58,0.034602,7.34,0.1016377820163488,399986,中证银行,CNY,CN10Y
2015-07-27,5694.14,0.034602,6.8,0.11245682352941178,399986,中证银行,CNY,CN10Y
2015-07-28,5796.32,0.034401,6.87,0.11115940756914118,399986,中证银行,CNY,CN10Y
2015-07-29,5809.13,0.034302,6.88,0.11104683720930233,399986,中证银行,CNY,CN10Y
2015-07-30,5702.31,0.034402,6.75,0.11374614814814814,399986,中证银行,CNY,CN10Y
2015-07-31,5736.94,0.034752,6.76,0.11317699408284024,399986,中证银行,CNY,CN10Y
2015-08-03,5887.11,0.0347,6.88,0.11064883720930233,399986,中证银行,CNY,CN10Y
2015-08-04,5919.92,0.0347,6.91,0.11001780028943559,399986,中证银行,CNY,CN10Y
2015-08-05,5815.84,0.034701,6.79,0.11257440500736376,399986,中证银行,CNY,CN10Y
2015-08-06,5819.4,0.0346,6.78,0.11289262536873157,399986,中证银行,CNY,CN10Y
2015-08-07,5855.16,0.034553,6.82,0.11207456598240467,399986,中证银行,CNY,CN10Y
2015-08-10,5980.92,0.034755,6.96,0.10892316091954021,399986,中证银行,CNY,CN10Y
2015-08-11,5886.0,0.0352559999999999,6.88,0.11009283720930244,399986,中证银行,CNY,CN10Y
2015-08-12,5793.78,0.035402,6.77,0.11230848744460857,399986,中证银行,CNY,CN10Y
2015-08-13,5793.18,0.035153,6.78,0.11233962536873157,399986,中证银行,CNY,CN10Y
2015-08-14,5774.57,0.035052,6.75,0.11309614814814814,399986,中证银行,CNY,CN10Y
2015-08-17,5697.1,0.035176,6.67,0.11474903748125938,399986,中证银行,CNY,CN10Y
2015-08-18,5523.66,0.035126,6.53,0.11801335681470138,399986,中证银行,CNY,CN10Y
2015-08-19,5555.19,0.0352009999999999,6.5,0.11864515384615396,399986,中证银行,CNY,CN10Y
2015-08-20,5458.19,0.035051,6.42,0.1207122398753894,399986,中证银行,CNY,CN10Y
2015-08-21,5336.53,0.0349509999999999,6.33,0.12302688309636661,399986,中证银行,CNY,CN10Y
2015-08-24,4856.35,0.034701,5.75,0.13921204347826086,399986,中证银行,CNY,CN10Y
2015-08-25,4573.81,0.034577,5.36,0.15199016417910446,399986,中证银行,CNY,CN10Y
2015-08-26,4829.89,0.03429,5.61,0.14396311942959,399986,中证银行,CNY,CN10Y
2015-08-27,5201.1,0.033902,5.98,0.13332208026755854,399986,中证银行,CNY,CN10Y
2015-08-28,5222.18,0.033803,6.01,0.1325863510815308,399986,中证银行,CNY,CN10Y
2015-08-31,5388.19,0.033252,6.09,0.13095161247947454,399986,中证银行,CNY,CN10Y
2015-09-01,5530.87,0.033002,6.37,0.12398387127158556,399986,中证银行,CNY,CN10Y
2015-09-02,5637.68,0.033002,6.64,0.11760040963855423,399986,中证银行,CNY,CN10Y
2015-09-06,,0.033203,6.64,0.11739940963855422,399986,中证银行,CNY,CN10Y
2015-09-07,5263.6,0.033353,6.17,0.1287215542949757,399986,中证银行,CNY,CN10Y
2015-09-08,5362.08,0.033603,6.24,0.12665341025641025,399986,中证银行,CNY,CN10Y
2015-09-09,5393.62,0.033478,6.28,0.1257576687898089,399986,中证银行,CNY,CN10Y
2015-09-10,5441.05,0.033453,6.29,0.12552951192368839,399986,中证银行,CNY,CN10Y
2015-09-11,5415.86,0.0334039999999999,6.24,0.12685241025641034,399986,中证银行,CNY,CN10Y
2015-09-14,5566.93,0.033303,6.33,0.12467488309636651,399986,中证银行,CNY,CN10Y
2015-09-15,5515.46,0.033104,6.31,0.1253746053882726,399986,中证银行,CNY,CN10Y
2015-09-16,5532.27,0.033103,6.33,0.12487488309636652,399986,中证银行,CNY,CN10Y
2015-09-17,5437.39,0.033204,6.26,0.1265404089456869,399986,中证银行,CNY,CN10Y
2015-09-18,5418.87,0.033105,6.22,0.12766670418006432,399986,中证银行,CNY,CN10Y
2015-09-21,5400.8,0.033204,6.19,0.1283468885298869,399986,中证银行,CNY,CN10Y
2015-09-22,5452.88,0.033255,6.24,0.12700141025641024,399986,中证银行,CNY,CN10Y
2015-09-23,5359.88,0.033354,6.14,0.12951244951140067,399986,中证银行,CNY,CN10Y
2015-09-24,5357.86,0.03318,6.13,0.12995213703099512,399986,中证银行,CNY,CN10Y
2015-09-25,5425.65,0.033101,6.2,0.12818932258064517,399986,中证银行,CNY,CN10Y
2015-09-28,5378.8,0.032906,6.14,0.12996044951140068,399986,中证银行,CNY,CN10Y
2015-09-29,5316.42,0.032457,6.06,0.132559501650165,399986,中证银行,CNY,CN10Y
2015-09-30,5374.03,0.032362,6.09,0.13184161247947454,399986,中证银行,CNY,CN10Y
2015-10-08,5399.48,0.032409,6.15,0.13019262601626017,399986,中证银行,CNY,CN10Y
2015-10-09,5440.47,0.031486,6.2,0.12980432258064517,399986,中证银行,CNY,CN10Y
2015-10-10,,0.031612,6.2,0.12967832258064516,399986,中证银行,CNY,CN10Y
2015-10-12,5534.26,0.031488,6.32,0.12673984810126582,399986,中证银行,CNY,CN10Y
2015-10-13,5494.63,0.0310639999999999,6.26,0.128680408945687,399986,中证银行,CNY,CN10Y
2015-10-14,5455.01,0.030414,6.23,0.13009964365971108,399986,中证银行,CNY,CN10Y
2015-10-15,5522.5,0.0308139999999999,6.3,0.12791615873015882,399986,中证银行,CNY,CN10Y
2015-10-16,5553.08,0.031216,6.34,0.12651270662460568,399986,中证银行,CNY,CN10Y
2015-10-19,5530.49,0.031214,6.32,0.1270138481012658,399986,中证银行,CNY,CN10Y
2015-10-20,5533.52,0.030615,6.33,0.1273628830963665,399986,中证银行,CNY,CN10Y
2015-10-21,5679.39,0.0306159999999999,6.53,0.12252335681470147,399986,中证银行,CNY,CN10Y
2015-10-22,5592.57,0.030516,6.41,0.12549024024960997,399986,中证银行,CNY,CN10Y
2015-10-23,5589.39,0.0304,6.41,0.12560624024960998,399986,中证银行,CNY,CN10Y
2015-10-26,5603.94,0.0302,6.42,0.1255632398753894,399986,中证银行,CNY,CN10Y
2015-10-27,5586.13,0.0298,6.4,0.12645,399986,中证银行,CNY,CN10Y
2015-10-28,5553.84,0.02987,6.38,0.1268698119122257,399986,中证银行,CNY,CN10Y
2015-10-29,5545.64,0.0305,6.35,0.12698031496062992,399986,中证银行,CNY,CN10Y
2015-10-30,5557.36,0.0306,6.36,0.12663270440251573,399986,中证银行,CNY,CN10Y
2015-11-02,5508.06,0.030525,6.26,0.1292194089456869,399986,中证银行,CNY,CN10Y
2015-11-03,5484.39,0.0308,6.21,0.1302305958132045,399986,中证银行,CNY,CN10Y
2015-11-04,5648.02,0.031351,6.39,0.1251435226917058,399986,中证银行,CNY,CN10Y
2015-11-05,5784.05,0.03115,6.53,0.12198935681470137,399986,中证银行,CNY,CN10Y
2015-11-06,5826.28,0.03125,6.57,0.12095700152207,399986,中证银行,CNY,CN10Y
2015-11-09,6026.12,0.032099,6.83,0.11431388433382138,399986,中证银行,CNY,CN10Y
2015-11-10,5967.96,0.032001,6.76,0.11592799408284024,399986,中证银行,CNY,CN10Y
2015-11-11,5884.01,0.0312259999999999,6.69,0.11825083109118095,399986,中证银行,CNY,CN10Y
2015-11-12,5815.4,0.031351,6.61,0.119934930408472,399986,中证银行,CNY,CN10Y
2015-11-13,5771.06,0.031251,6.55,0.12142075572519084,399986,中证银行,CNY,CN10Y
2015-11-16,5781.95,0.031352,6.58,0.12062368389057751,399986,中证银行,CNY,CN10Y
2015-11-17,5801.3,0.031252,6.6,0.12026315151515152,399986,中证银行,CNY,CN10Y
2015-11-18,5818.4,0.031402,6.64,0.11920040963855423,399986,中证银行,CNY,CN10Y
2015-11-19,5883.84,0.031402,6.67,0.11852303748125938,399986,中证银行,CNY,CN10Y
2015-11-20,5901.65,0.031251,6.66,0.11889915015015015,399986,中证银行,CNY,CN10Y
2015-11-23,5895.74,0.0313019999999999,6.64,0.11930040963855433,399986,中证银行,CNY,CN10Y
2015-11-24,5847.96,0.031077,6.61,0.120208930408472,399986,中证银行,CNY,CN10Y
2015-11-25,5878.57,0.030853,6.65,0.11952293984962406,399986,中证银行,CNY,CN10Y
2015-11-26,5845.06,0.030503,6.63,0.12032656259426847,399986,中证银行,CNY,CN10Y
2015-11-27,5632.49,0.0306029999999999,6.41,0.12540324024961008,399986,中证银行,CNY,CN10Y
2015-11-30,5716.89,0.030404,6.52,0.12297023312883436,399986,中证银行,CNY,CN10Y
2015-12-01,5679.21,0.0305039999999999,6.44,0.12477550310559016,399986,中证银行,CNY,CN10Y
2015-12-02,5999.54,0.030454,6.77,0.11725648744460858,399986,中证银行,CNY,CN10Y
2015-12-03,6019.09,0.030304,6.88,0.11504483720930234,399986,中证银行,CNY,CN10Y
2015-12-04,5844.51,0.030254,6.68,0.11944659880239522,399986,中证银行,CNY,CN10Y
2015-12-07,5870.4,0.03028,6.67,0.11964503748125938,399986,中证银行,CNY,CN10Y
2015-12-08,5844.72,0.030005,6.6,0.12151015151515152,399986,中证银行,CNY,CN10Y
2015-12-09,5839.05,0.0299679999999999,6.63,0.12086156259426857,399986,中证银行,CNY,CN10Y
2015-12-10,5808.4,0.030018,6.58,0.1219576838905775,399986,中证银行,CNY,CN10Y
2015-12-11,5749.26,0.029931,6.53,0.12320835681470137,399986,中证银行,CNY,CN10Y
2015-12-14,5840.51,0.030306,6.64,0.12029640963855423,399986,中证银行,CNY,CN10Y
2015-12-15,5767.5,0.030157,6.55,0.12251475572519084,399986,中证银行,CNY,CN10Y
2015-12-16,5749.38,0.030007,6.54,0.1228981987767584,399986,中证银行,CNY,CN10Y
2015-12-17,5806.15,0.029857,6.6,0.12165815151515152,399986,中证银行,CNY,CN10Y
2015-12-18,5893.49,0.029408,6.65,0.12096793984962405,399986,中证银行,CNY,CN10Y
2015-12-21,6098.37,0.028811,6.8,0.11824782352941177,399986,中证银行,CNY,CN10Y
2015-12-22,6047.76,0.02861,6.76,0.11931899408284025,399986,中证银行,CNY,CN10Y
2015-12-23,6052.6,0.02846,6.76,0.11946899408284024,399986,中证银行,CNY,CN10Y
2015-12-24,6059.12,0.02801,6.75,0.12013814814814813,399986,中证银行,CNY,CN10Y
2015-12-25,6083.23,0.028061,6.76,0.11986799408284024,399986,中证银行,CNY,CN10Y
2015-12-28,5903.04,0.027961,6.6,0.12355415151515152,399986,中证银行,CNY,CN10Y
2015-12-29,5961.55,0.028061,6.66,0.12208915015015015,399986,中证银行,CNY,CN10Y
2015-12-30,5979.95,0.0282609999999999,6.66,0.12188915015015026,399986,中证银行,CNY,CN10Y
2015-12-31,5962.16,0.028212,6.63,0.12261756259426847,399986,中证银行,CNY,CN10Y
2016-01-04,5692.13,0.02871,6.37,0.12827587127158557,399986,中证银行,CNY,CN10Y
2016-01-05,5734.88,0.028911,6.4,0.127339,399986,中证银行,CNY,CN10Y
2016-01-06,5778.78,0.0288609999999999,6.46,0.12593776160990722,399986,中证银行,CNY,CN10Y
2016-01-07,5548.55,0.028511,6.25,0.131489,399986,中证银行,CNY,CN10Y
2016-01-08,5614.65,0.028362,6.31,0.1301166053882726,399986,中证银行,CNY,CN10Y
2016-01-11,5427.46,0.028187,6.11,0.13547912111292962,399986,中证银行,CNY,CN10Y
2016-01-12,5440.72,0.027887,6.13,0.1352451370309951,399986,中证银行,CNY,CN10Y
2016-01-13,5399.98,0.027237,6.08,0.13723668421052632,399986,中证银行,CNY,CN10Y
2016-01-14,5431.11,0.027513,6.11,0.1361531211129296,399986,中证银行,CNY,CN10Y
2016-01-15,5330.28,0.027464,5.97,0.14004018760469014,399986,中证银行,CNY,CN10Y
2016-01-18,5317.16,0.027764,5.95,0.14030322689075628,399986,中证银行,CNY,CN10Y
2016-01-19,5397.55,0.027964,6.05,0.13732525619834712,399986,中证银行,CNY,CN10Y
2016-01-20,5323.94,0.028114,5.98,0.13911008026755853,399986,中证银行,CNY,CN10Y
2016-01-21,5247.09,0.0279139999999999,5.91,0.1412907377326566,399986,中证银行,CNY,CN10Y
2016-01-22,5284.84,0.027741,5.95,0.1403262268907563,399986,中证银行,CNY,CN10Y
2016-01-25,5293.26,0.02859,5.95,0.13947722689075628,399986,中证银行,CNY,CN10Y
2016-01-26,5088.29,0.028616,5.69,0.14713092442882247,399986,中证银行,CNY,CN10Y
2016-01-27,5103.78,0.029016,5.7,0.14642259649122807,399986,中证银行,CNY,CN10Y
2016-01-28,5035.36,0.028866,5.62,0.14906994306049823,399986,中证银行,CNY,CN10Y
2016-01-29,5136.12,0.028419,5.73,0.14610106980802792,399986,中证银行,CNY,CN10Y
2016-02-01,5051.16,0.028368,5.63,0.14925189342806394,399986,中证银行,CNY,CN10Y
2016-02-02,5095.07,0.028818,5.68,0.14723833802816902,399986,中证银行,CNY,CN10Y
2016-02-03,5047.05,0.028918,5.62,0.14901794306049823,399986,中证银行,CNY,CN10Y
2016-02-04,5105.62,0.02855,5.67,0.1478168430335097,399986,中证银行,CNY,CN10Y
2016-02-05,5127.72,0.0285349999999999,5.68,0.14752133802816914,399986,中证银行,CNY,CN10Y
2016-02-06,,0.0285349999999999,5.68,0.14752133802816914,399986,中证银行,CNY,CN10Y
2016-02-14,,0.028221,5.68,0.14783533802816903,399986,中证银行,CNY,CN10Y
2016-02-15,5084.76,0.028371,5.62,0.14956494306049822,399986,中证银行,CNY,CN10Y
2016-02-16,5179.02,0.028376,5.74,0.14584002787456446,399986,中证银行,CNY,CN10Y
2016-02-17,5195.0,0.028351,5.76,0.1452601111111111,399986,中证银行,CNY,CN10Y
2016-02-18,5187.38,0.028351,5.75,0.14556204347826085,399986,中证银行,CNY,CN10Y
2016-02-19,5151.39,0.028251,5.71,0.14688034851138354,399986,中证银行,CNY,CN10Y
2016-02-22,5240.25,0.028426,5.82,0.1433953058419244,399986,中证银行,CNY,CN10Y
2016-02-23,5179.24,0.028451,5.75,0.14546204347826086,399986,中证银行,CNY,CN10Y
2016-02-24,5189.33,0.028676,5.76,0.1449351111111111,399986,中证银行,CNY,CN10Y
2016-02-25,5029.66,0.028651,5.61,0.14960211942959,399986,中证银行,CNY,CN10Y
2016-02-26,5081.86,0.028551,5.66,0.148127445229682,399986,中证银行,CNY,CN10Y
2016-02-29,5098.81,0.028502,5.67,0.1478648430335097,399986,中证银行,CNY,CN10Y
2016-03-01,5113.68,0.028527,5.69,0.14721992442882248,399986,中证银行,CNY,CN10Y
2016-03-02,5222.43,0.028752,5.81,0.14336503958691912,399986,中证银行,CNY,CN10Y
2016-03-03,5268.78,0.029002,5.86,0.1416464641638225,399986,中证银行,CNY,CN10Y
2016-03-04,5492.91,0.028952,6.09,0.13525161247947454,399986,中证银行,CNY,CN10Y
2016-03-07,5438.64,0.029303,6.05,0.13598625619834712,399986,中证银行,CNY,CN10Y
2016-03-08,5477.21,0.029352,6.08,0.13512168421052634,399986,中证银行,CNY,CN10Y
2016-03-09,5503.21,0.028928,6.13,0.1342041370309951,399986,中证银行,CNY,CN10Y
2016-03-10,5386.78,0.0286529999999999,6.01,0.1377363510815309,399986,中证银行,CNY,CN10Y
2016-03-11,5383.08,0.028453,6.03,0.13738447927031508,399986,中证银行,CNY,CN10Y
2016-03-14,5353.2,0.028504,6.0,0.13816266666666666,399986,中证银行,CNY,CN10Y
2016-03-15,5417.29,0.028404,6.02,0.13770895681063122,399986,中证银行,CNY,CN10Y
2016-03-16,5552.27,0.028054,6.15,0.13454762601626016,399986,中证银行,CNY,CN10Y
2016-03-17,5478.28,0.028154,6.09,0.13604961247947456,399986,中证银行,CNY,CN10Y
2016-03-18,5476.01,0.028229,6.1,0.1357054262295082,399986,中证银行,CNY,CN10Y
2016-03-21,5512.07,0.0283049999999999,6.12,0.13509369281045763,399986,中证银行,CNY,CN10Y
2016-03-22,5496.81,0.028304,6.1,0.13563042622950822,399986,中证银行,CNY,CN10Y
2016-03-23,5484.71,0.028307,6.11,0.1353591211129296,399986,中证银行,CNY,CN10Y
2016-03-24,5422.11,0.028309,6.04,0.13725391390728478,399986,中证银行,CNY,CN10Y
2016-03-25,5433.07,0.028311,6.06,0.136705501650165,399986,中证银行,CNY,CN10Y
2016-03-28,5379.2,0.028665,6.03,0.1371724792703151,399986,中证银行,CNY,CN10Y
2016-03-29,5365.63,0.02851,6.0,0.13815666666666665,399986,中证银行,CNY,CN10Y
2016-03-30,5479.55,0.028362,6.12,0.13503669281045752,399986,中证银行,CNY,CN10Y
2016-03-31,5463.05,0.028419,6.1,0.1355154262295082,399986,中证银行,CNY,CN10Y
2016-04-01,5501.87,0.028422,6.13,0.1347101370309951,399986,中证银行,CNY,CN10Y
2016-04-05,5514.11,0.028637,6.15,0.13396462601626016,399986,中证银行,CNY,CN10Y
2016-04-06,5466.5,0.028689,6.1,0.13524542622950822,399986,中证银行,CNY,CN10Y
2016-04-07,5413.59,0.029049,6.05,0.13624025619834712,399986,中证银行,CNY,CN10Y
2016-04-08,5411.06,0.029158,6.04,0.1364049139072848,399986,中证银行,CNY,CN10Y
2016-04-11,5449.4,0.029091,6.08,0.13538268421052632,399986,中证银行,CNY,CN10Y
2016-04-12,5439.74,0.0291,6.07,0.13564464579901153,399986,中证银行,CNY,CN10Y
2016-04-13,5486.06,0.029271,6.13,0.13386113703099511,399986,中证银行,CNY,CN10Y
2016-04-14,5496.35,0.029352,6.13,0.13378013703099512,399986,中证银行,CNY,CN10Y
2016-04-15,5536.66,0.0291509999999999,6.15,0.13345062601626026,399986,中证银行,CNY,CN10Y
2016-04-18,5508.04,0.029047,6.11,0.13461912111292962,399986,中证银行,CNY,CN10Y
2016-04-19,5516.31,0.02906,6.12,0.13433869281045752,399986,中证银行,CNY,CN10Y
2016-04-20,5525.9,0.029258,6.1,0.1346764262295082,399986,中证银行,CNY,CN10Y
2016-04-21,5531.15,0.0292079999999999,6.1,0.1347264262295083,399986,中证银行,CNY,CN10Y
2016-04-22,5560.68,0.0293089999999999,6.12,0.13408969281045763,399986,中证银行,CNY,CN10Y
2016-04-25,5552.02,0.029362,6.1,0.1345724262295082,399986,中证银行,CNY,CN10Y
2016-04-26,5566.76,0.029212,6.12,0.13418669281045753,399986,中证银行,CNY,CN10Y
2016-04-27,5554.47,0.029108,6.11,0.1345581211129296,399986,中证银行,CNY,CN10Y
2016-04-28,5572.75,0.028863,6.13,0.1342691370309951,399986,中证银行,CNY,CN10Y
2016-04-29,5535.39,0.028913,6.09,0.13529061247947455,399986,中证银行,CNY,CN10Y
2016-05-03,5575.12,0.02889,6.07,0.13585464579901152,399986,中证银行,CNY,CN10Y
2016-05-04,5573.98,0.028965,6.07,0.13577964579901153,399986,中证银行,CNY,CN10Y
2016-05-05,5570.23,0.029017,6.07,0.13572764579901153,399986,中证银行,CNY,CN10Y
2016-05-06,5496.93,0.029016,5.99,0.1379289081803005,399986,中证银行,CNY,CN10Y
2016-05-09,5446.6,0.028818,5.92,0.1401009189189189,399986,中证银行,CNY,CN10Y
2016-05-10,5426.51,0.0289999999999999,5.9,0.1404915254237289,399986,中证银行,CNY,CN10Y
2016-05-11,5448.9,0.029075,5.92,0.13984391891891892,399986,中证银行,CNY,CN10Y
2016-05-12,5459.98,0.028975,5.91,0.1402297377326565,399986,中证银行,CNY,CN10Y
2016-05-13,5447.97,0.02905,5.91,0.14015473773265652,399986,中证银行,CNY,CN10Y
2016-05-16,5455.08,0.029275,5.93,0.13935906408094437,399986,中证银行,CNY,CN10Y
2016-05-17,5432.54,0.0293,5.92,0.13961891891891892,399986,中证银行,CNY,CN10Y
2016-05-18,5472.87,0.02955,5.94,0.13880016835016834,399986,中证银行,CNY,CN10Y
2016-05-19,5442.07,0.0296,5.92,0.1393189189189189,399986,中证银行,CNY,CN10Y
2016-05-20,5455.4,0.0295,5.94,0.13885016835016833,399986,中证银行,CNY,CN10Y
2016-05-23,5433.33,0.02955,5.94,0.13880016835016834,399986,中证银行,CNY,CN10Y
2016-05-24,5391.3,0.02935,5.91,0.1398547377326565,399986,中证银行,CNY,CN10Y
2016-05-25,5429.85,0.029401,5.93,0.13923306408094435,399986,中证银行,CNY,CN10Y
2016-05-26,5442.28,0.029401,5.94,0.13894916835016832,399986,中证银行,CNY,CN10Y
2016-05-27,5446.24,0.029451,5.95,0.13861622689075628,399986,中证银行,CNY,CN10Y
2016-05-30,5494.19,0.0297759999999999,6.0,0.13689066666666677,399986,中证银行,CNY,CN10Y
2016-05-31,5606.66,0.029851,6.12,0.13354769281045753,399986,中证银行,CNY,CN10Y
2016-06-01,5565.82,0.029952,6.08,0.13452168421052632,399986,中证银行,CNY,CN10Y
2016-06-02,5549.62,0.030127,6.07,0.13461764579901153,399986,中证银行,CNY,CN10Y
2016-06-03,5574.78,0.030152,6.1,0.1337824262295082,399986,中证银行,CNY,CN10Y
2016-06-06,5531.44,0.030041,6.08,0.13443268421052632,399986,中证银行,CNY,CN10Y
2016-06-07,5536.74,0.030071,6.05,0.1352182561983471,399986,中证银行,CNY,CN10Y
2016-06-08,5531.87,0.030077,6.04,0.1354859139072848,399986,中证银行,CNY,CN10Y
2016-06-12,,0.030053,6.04,0.13550991390728478,399986,中证银行,CNY,CN10Y
2016-06-13,5453.57,0.029979,5.97,0.13752518760469012,399986,中证银行,CNY,CN10Y
2016-06-14,5481.34,0.029654,6.0,0.13701266666666667,399986,中证银行,CNY,CN10Y
2016-06-15,5486.21,0.029604,6.0,0.13706266666666667,399986,中证银行,CNY,CN10Y
2016-06-16,5468.66,0.029455,5.95,0.13861222689075628,399986,中证银行,CNY,CN10Y
2016-06-17,5488.23,0.029379,5.96,0.13840623489932888,399986,中证银行,CNY,CN10Y
2016-06-20,5495.29,0.029481,5.97,0.13802318760469012,399986,中证银行,CNY,CN10Y
2016-06-21,5501.59,0.029405,5.99,0.13753990818030049,399986,中证银行,CNY,CN10Y
2016-06-22,5518.99,0.029307,6.01,0.1370823510815308,399986,中证银行,CNY,CN10Y
2016-06-23,5491.74,0.029307,5.96,0.13847823489932887,399986,中证银行,CNY,CN10Y
2016-06-24,5417.43,0.0288079999999999,5.86,0.14184046416382262,399986,中证银行,CNY,CN10Y
2016-06-27,5435.13,0.02831,5.88,0.14175802721088435,399986,中证银行,CNY,CN10Y
2016-06-28,5433.57,0.02861,5.88,0.14145802721088435,399986,中证银行,CNY,CN10Y
2016-06-29,5489.03,0.028586,5.92,0.14033291891891891,399986,中证银行,CNY,CN10Y
2016-06-30,5472.67,0.028411,5.93,0.14022306408094437,399986,中证银行,CNY,CN10Y
2016-07-01,5509.42,0.0280379999999999,5.96,0.13974723489932897,399986,中证银行,CNY,CN10Y
2016-07-04,5565.79,0.028314,6.03,0.13752347927031508,399986,中证银行,CNY,CN10Y
2016-07-05,5551.1,0.0285139999999999,6.03,0.13732347927031519,399986,中证银行,CNY,CN10Y
2016-07-06,5533.64,0.028365,6.02,0.13774795681063123,399986,中证银行,CNY,CN10Y
2016-07-07,5527.51,0.028066,5.98,0.13915808026755852,399986,中证银行,CNY,CN10Y
2016-07-08,5464.93,0.028016,5.85,0.14292417094017096,399986,中证银行,CNY,CN10Y
2016-07-11,5466.47,0.028268,5.83,0.14325858662092622,399986,中证银行,CNY,CN10Y
2016-07-12,5540.82,0.028368,5.92,0.1405509189189189,399986,中证银行,CNY,CN10Y
2016-07-13,5521.58,0.028493,5.93,0.14014106408094437,399986,中证银行,CNY,CN10Y
2016-07-14,5512.03,0.028395,5.9,0.1410965254237288,399986,中证银行,CNY,CN10Y
2016-07-15,5527.52,0.028271,5.91,0.14093373773265652,399986,中证银行,CNY,CN10Y
2016-07-18,5586.11,0.028271,5.96,0.13951423489932888,399986,中证银行,CNY,CN10Y
2016-07-19,5543.98,0.028197,5.91,0.1410077377326565,399986,中证银行,CNY,CN10Y
2016-07-20,5510.15,0.027996,5.88,0.14207202721088436,399986,中证银行,CNY,CN10Y
2016-07-21,5535.06,0.027806,5.9,0.1416855254237288,399986,中证银行,CNY,CN10Y
2016-07-22,5494.93,0.027907,5.88,0.14216102721088436,399986,中证银行,CNY,CN10Y
2016-07-25,5503.11,0.028068,5.88,0.14200002721088434,399986,中证银行,CNY,CN10Y
2016-07-26,5532.53,0.0279139999999999,5.92,0.141004918918919,399986,中证银行,CNY,CN10Y
2016-07-27,5540.91,0.027967,5.92,0.14095191891891892,399986,中证银行,CNY,CN10Y
2016-07-28,5496.06,0.027867,5.88,0.14220102721088435,399986,中证银行,CNY,CN10Y
2016-07-29,5512.77,0.027768,5.9,0.1417235254237288,399986,中证银行,CNY,CN10Y
2016-08-01,5541.33,0.02783,5.93,0.14080406408094437,399986,中证银行,CNY,CN10Y
2016-08-02,5526.28,0.0277919999999999,5.93,0.14084206408094446,399986,中证银行,CNY,CN10Y
2016-08-03,5499.99,0.027718,5.9,0.1417735254237288,399986,中证银行,CNY,CN10Y
2016-08-04,5486.41,0.027694,5.89,0.14208528692699493,399986,中证银行,CNY,CN10Y
2016-08-05,5530.59,0.027534,5.92,0.1413849189189189,399986,中证银行,CNY,CN10Y
2016-08-08,5533.26,0.027472,5.93,0.14116206408094437,399986,中证银行,CNY,CN10Y
2016-08-09,5551.39,0.027125,5.95,0.14094222689075628,399986,中证银行,CNY,CN10Y
2016-08-10,5563.57,0.0269499999999999,5.96,0.14083523489932898,399986,中证银行,CNY,CN10Y
2016-08-11,5628.41,0.026875,6.03,0.13896247927031508,399986,中证银行,CNY,CN10Y
2016-08-12,5768.11,0.026701,6.17,0.1353735542949757,399986,中证银行,CNY,CN10Y
2016-08-15,5894.15,0.0264009999999999,6.3,0.13232915873015882,399986,中证银行,CNY,CN10Y
2016-08-16,5777.57,0.0266509999999999,6.16,0.13568666233766244,399986,中证银行,CNY,CN10Y
2016-08-17,5763.54,0.026901,6.14,0.13596544951140066,399986,中证银行,CNY,CN10Y
2016-08-18,5734.04,0.026801,6.12,0.13659769281045753,399986,中证银行,CNY,CN10Y
2016-08-19,5744.67,0.027001,6.13,0.1361311370309951,399986,中证银行,CNY,CN10Y
2016-08-22,5742.29,0.026801,6.14,0.13606544951140068,399986,中证银行,CNY,CN10Y
2016-08-23,5757.25,0.027201,6.17,0.1348735542949757,399986,中证银行,CNY,CN10Y
2016-08-24,5746.1,0.027301,6.16,0.13503666233766234,399986,中证银行,CNY,CN10Y
2016-08-25,5738.71,0.027201,6.16,0.13513666233766233,399986,中证银行,CNY,CN10Y
2016-08-26,5732.43,0.026927,6.14,0.13593944951140066,399986,中证银行,CNY,CN10Y
2016-08-29,5696.9,0.0270639999999999,6.1,0.13687042622950832,399986,中证银行,CNY,CN10Y
2016-08-30,5743.99,0.027527,6.15,0.13507462601626016,399986,中证银行,CNY,CN10Y
2016-08-31,5761.2,0.027425,6.17,0.1346495542949757,399986,中证银行,CNY,CN10Y
2016-09-01,5746.65,0.027452,6.11,0.1362141211129296,399986,中证银行,CNY,CN10Y
2016-09-02,5754.35,0.027452,6.25,0.132548,399986,中证银行,CNY,CN10Y
2016-09-05,5759.11,0.027503,6.25,0.132497,399986,中证银行,CNY,CN10Y
2016-09-06,5729.28,0.027628,6.22,0.13314370418006433,399986,中证银行,CNY,CN10Y
2016-09-07,5738.91,0.027853,6.23,0.13266064365971109,399986,中证银行,CNY,CN10Y
2016-09-08,5740.77,0.027753,6.23,0.13276064365971108,399986,中证银行,CNY,CN10Y
2016-09-09,5716.23,0.0276779999999999,6.2,0.13361232258064526,399986,中证银行,CNY,CN10Y
2016-09-12,5636.4,0.027916,6.12,0.13548269281045752,399986,中证银行,CNY,CN10Y
2016-09-13,5637.28,0.027654,6.11,0.1360121211129296,399986,中证银行,CNY,CN10Y
2016-09-14,5585.75,0.027579,6.04,0.1379839139072848,399986,中证银行,CNY,CN10Y
2016-09-18,,0.027655,6.04,0.1379079139072848,399986,中证银行,CNY,CN10Y
2016-09-19,5619.84,0.027605,6.08,0.13686868421052634,399986,中证银行,CNY,CN10Y
2016-09-20,5612.55,0.027431,6.07,0.1373136457990115,399986,中证银行,CNY,CN10Y
2016-09-21,5627.26,0.0275179999999999,6.1,0.1364164262295083,399986,中证银行,CNY,CN10Y
2016-09-22,5658.11,0.027456,6.13,0.1356761370309951,399986,中证银行,CNY,CN10Y
2016-09-23,5661.29,0.027318,6.13,0.1358141370309951,399986,中证银行,CNY,CN10Y
2016-09-26,5619.74,0.027157,6.08,0.13731668421052634,399986,中证银行,CNY,CN10Y
2016-09-27,5642.96,0.0271439999999999,6.12,0.13625469281045763,399986,中证银行,CNY,CN10Y
2016-09-28,5614.17,0.027244,6.09,0.13695961247947455,399986,中证银行,CNY,CN10Y
2016-09-29,5636.24,0.027282,6.11,0.1363841211129296,399986,中证银行,CNY,CN10Y
2016-09-30,5635.48,0.027258,6.11,0.1364081211129296,399986,中证银行,CNY,CN10Y
2016-10-08,,0.0270469999999999,6.11,0.1366191211129297,399986,中证银行,CNY,CN10Y
2016-10-09,,0.02676,6.11,0.1369061211129296,399986,中证银行,CNY,CN10Y
2016-10-10,5677.91,0.026735,6.15,0.13586662601626015,399986,中证银行,CNY,CN10Y
2016-10-11,5672.42,0.026835,6.14,0.13603144951140067,399986,中证银行,CNY,CN10Y
2016-10-12,5649.35,0.027098,6.12,0.1363006928104575,399986,中证银行,CNY,CN10Y
2016-10-13,5639.85,0.02701,6.11,0.1366561211129296,399986,中证银行,CNY,CN10Y
2016-10-14,5649.19,0.0269519999999999,6.12,0.13644669281045763,399986,中证银行,CNY,CN10Y
2016-10-17,5615.6,0.0269039999999999,6.08,0.13756968421052643,399986,中证银行,CNY,CN10Y
2016-10-18,5646.09,0.026965,6.11,0.13670112111292962,399986,中证银行,CNY,CN10Y
2016-10-19,5641.27,0.026664,6.11,0.13700212111292961,399986,中证银行,CNY,CN10Y
2016-10-20,5652.31,0.026518,6.11,0.13714812111292962,399986,中证银行,CNY,CN10Y
2016-10-21,5678.14,0.026451,6.13,0.1366811370309951,399986,中证银行,CNY,CN10Y
2016-10-24,5740.27,0.026595,6.19,0.1349558885298869,399986,中证银行,CNY,CN10Y
2016-10-25,5727.6,0.026859,6.2,0.13443132258064516,399986,中证银行,CNY,CN10Y
2016-10-26,5685.32,0.0272,6.15,0.13540162601626016,399986,中证银行,CNY,CN10Y
2016-10-27,5674.13,0.027068,6.13,0.1360641370309951,399986,中证银行,CNY,CN10Y
2016-10-28,5701.23,0.027027,6.17,0.1350475542949757,399986,中证银行,CNY,CN10Y
2016-10-31,5681.4,0.027425,6.14,0.13544144951140066,399986,中证银行,CNY,CN10Y
2016-11-01,5709.33,0.0273749999999999,6.12,0.13602369281045762,399986,中证银行,CNY,CN10Y
2016-11-02,5677.71,0.027372,6.09,0.13683161247947453,399986,中证银行,CNY,CN10Y
2016-11-03,5707.06,0.027301,6.11,0.13636512111292962,399986,中证银行,CNY,CN10Y
2016-11-04,5699.49,0.027339,6.1,0.1365954262295082,399986,中证银行,CNY,CN10Y
2016-11-07,5694.85,0.027475,6.1,0.1364594262295082,399986,中证银行,CNY,CN10Y
2016-11-08,5726.14,0.027634,6.14,0.13523244951140068,399986,中证银行,CNY,CN10Y
2016-11-09,5680.19,0.027651,6.09,0.13655261247947453,399986,中证银行,CNY,CN10Y
2016-11-10,5729.75,0.027926,6.14,0.13494044951140066,399986,中证银行,CNY,CN10Y
2016-11-11,5736.21,0.0281499999999999,6.14,0.13471644951140077,399986,中证银行,CNY,CN10Y
2016-11-14,5746.33,0.0285769999999999,6.15,0.13402462601626025,399986,中证银行,CNY,CN10Y
2016-11-15,5746.47,0.028501,6.14,0.13436544951140067,399986,中证银行,CNY,CN10Y
2016-11-16,5743.52,0.028652,6.14,0.13421444951140066,399986,中证银行,CNY,CN10Y
2016-11-17,5740.25,0.029055,6.14,0.13381144951140067,399986,中证银行,CNY,CN10Y
2016-11-18,5732.92,0.028901,6.13,0.1342311370309951,399986,中证银行,CNY,CN10Y
2016-11-21,5783.03,0.028851,6.18,0.13296129773462784,399986,中证银行,CNY,CN10Y
2016-11-22,5825.88,0.028689,6.22,0.13208270418006432,399986,中证银行,CNY,CN10Y
2016-11-23,5908.12,0.028451,6.29,0.1305315119236884,399986,中证银行,CNY,CN10Y
2016-11-24,5895.45,0.028502,6.28,0.1307336687898089,399986,中证银行,CNY,CN10Y
2016-11-25,5981.4,0.02865,6.36,0.1285827044025157,399986,中证银行,CNY,CN10Y
2016-11-28,5971.79,0.028502,6.38,0.12823781191222572,399986,中证银行,CNY,CN10Y
2016-11-29,5991.3,0.028906,6.4,0.127344,399986,中证银行,CNY,CN10Y
2016-11-30,5941.02,0.029502,6.33,0.1284758830963665,399986,中证银行,CNY,CN10Y
2016-12-01,5954.05,0.029893,6.35,0.12758731496062992,399986,中证银行,CNY,CN10Y
2016-12-02,5947.59,0.029895,6.34,0.12783370662460566,399986,中证银行,CNY,CN10Y
2016-12-05,5965.61,0.030302,6.37,0.12668387127158556,399986,中证银行,CNY,CN10Y
2016-12-06,5935.25,0.0311509999999999,6.34,0.12657770662460577,399986,中证银行,CNY,CN10Y
2016-12-07,5919.77,0.0308769999999999,6.33,0.1271008830963666,399986,中证银行,CNY,CN10Y
2016-12-08,5981.21,0.030753,6.38,0.12598681191222572,399986,中证银行,CNY,CN10Y
2016-12-09,6083.33,0.030853,6.48,0.12346798765432099,399986,中证银行,CNY,CN10Y
2016-12-12,6100.41,0.031458,6.5,0.12238815384615385,399986,中证银行,CNY,CN10Y
2016-12-13,6014.57,0.031863,6.41,0.12414324024960999,399986,中证银行,CNY,CN10Y
2016-12-14,6036.8,0.032186,6.42,0.1235772398753894,399986,中证银行,CNY,CN10Y
2016-12-15,5844.71,0.033315,6.24,0.12694141025641026,399986,中证银行,CNY,CN10Y
2016-12-16,5808.05,0.032803,6.2,0.12848732258064516,399986,中证银行,CNY,CN10Y
2016-12-19,5780.74,0.033316,6.19,0.1282348885298869,399986,中证银行,CNY,CN10Y
2016-12-20,5726.24,0.033739,6.13,0.12939313703099511,399986,中证银行,CNY,CN10Y
2016-12-21,5750.13,0.032815,6.16,0.12952266233766235,399986,中证银行,CNY,CN10Y
2016-12-22,5719.76,0.031908,6.13,0.1312241370309951,399986,中证银行,CNY,CN10Y
2016-12-23,5693.21,0.031769,6.11,0.13189712111292962,399986,中证银行,CNY,CN10Y
2016-12-26,5710.88,0.031551,6.13,0.1315811370309951,399986,中证银行,CNY,CN10Y
2016-12-27,5687.93,0.0316279999999999,6.09,0.13257561247947464,399986,中证银行,CNY,CN10Y
2016-12-28,5670.38,0.031223,6.08,0.13325068421052633,399986,中证银行,CNY,CN10Y
2016-12-29,5665.71,0.0304709999999999,6.07,0.13427364579901163,399986,中证银行,CNY,CN10Y
2016-12-30,5702.88,0.030115,6.11,0.1335511211129296,399986,中证银行,CNY,CN10Y
2016-12-31,,0.030115,6.11,0.1335511211129296,399986,中证银行,CNY,CN10Y
2017-01-03,5765.32,0.031054,6.18,0.13075829773462785,399986,中证银行,CNY,CN10Y
2017-01-04,5776.67,0.031823,6.18,0.12998929773462786,399986,中证银行,CNY,CN10Y
2017-01-05,5773.59,0.032086,6.19,0.1294648885298869,399986,中证银行,CNY,CN10Y
2017-01-06,5738.4,0.031953,6.16,0.13038466233766233,399986,中证银行,CNY,CN10Y
2017-01-09,5751.82,0.031692,6.18,0.13012029773462785,399986,中证银行,CNY,CN10Y
2017-01-10,5746.55,0.031792,6.17,0.1302825542949757,399986,中证银行,CNY,CN10Y
2017-01-11,5728.29,0.032055,6.16,0.13028266233766234,399986,中证银行,CNY,CN10Y
2017-01-12,5725.34,0.031888,6.15,0.13071362601626016,399986,中证银行,CNY,CN10Y
2017-01-13,5771.42,0.032022,6.19,0.12952888852988692,399986,中证银行,CNY,CN10Y
2017-01-16,5855.19,0.032496,6.28,0.1267396687898089,399986,中证银行,CNY,CN10Y
2017-01-17,5828.05,0.032692,6.25,0.127308,399986,中证银行,CNY,CN10Y
2017-01-18,5864.67,0.032682,6.28,0.1265536687898089,399986,中证银行,CNY,CN10Y
2017-01-19,5864.11,0.032584,6.28,0.1266516687898089,399986,中证银行,CNY,CN10Y
2017-01-20,5887.48,0.03244,6.3,0.12629015873015872,399986,中证银行,CNY,CN10Y
2017-01-22,,0.0325499999999999,6.3,0.1261801587301588,399986,中证银行,CNY,CN10Y
2017-01-23,5875.48,0.032429,6.29,0.1265535119236884,399986,中证银行,CNY,CN10Y
2017-01-24,5930.04,0.032837,6.34,0.12489170662460566,399986,中证银行,CNY,CN10Y
2017-01-25,5928.46,0.033463,6.34,0.12426570662460568,399986,中证银行,CNY,CN10Y
2017-01-26,5961.97,0.0334649999999999,6.39,0.1230295226917059,399986,中证银行,CNY,CN10Y
2017-02-03,5897.06,0.034214,6.32,0.12401384810126581,399986,中证银行,CNY,CN10Y
2017-02-04,,0.034099,6.32,0.12412884810126582,399986,中证银行,CNY,CN10Y
2017-02-06,5890.52,0.034905,6.32,0.12332284810126581,399986,中证银行,CNY,CN10Y
2017-02-07,5881.48,0.034866,6.31,0.1236126053882726,399986,中证银行,CNY,CN10Y
2017-02-08,5886.78,0.034591,6.32,0.12363684810126581,399986,中证银行,CNY,CN10Y
2017-02-09,5899.33,0.034148,6.33,0.12382988309636651,399986,中证银行,CNY,CN10Y
2017-02-10,5928.79,0.0343679999999999,6.37,0.12261787127158566,399986,中证银行,CNY,CN10Y
2017-02-13,5969.61,0.034192,6.41,0.12181424024960999,399986,中证银行,CNY,CN10Y
2017-02-14,5945.92,0.034107,6.4,0.122143,399986,中证银行,CNY,CN10Y
2017-02-15,6006.16,0.034058,6.48,0.12026298765432097,399986,中证银行,CNY,CN10Y
2017-02-16,6013.29,0.033559,6.49,0.12052420493066254,399986,中证银行,CNY,CN10Y
2017-02-17,5958.47,0.033311,6.42,0.12245223987538939,399986,中证银行,CNY,CN10Y
2017-02-20,6054.81,0.032812,6.5,0.12103415384615385,399986,中证银行,CNY,CN10Y
2017-02-21,6058.15,0.033013,6.51,0.12059683102918588,399986,中证银行,CNY,CN10Y
2017-02-22,6057.29,0.032839,6.52,0.12053523312883435,399986,中证银行,CNY,CN10Y
2017-02-23,6051.77,0.032714,6.52,0.12066023312883437,399986,中证银行,CNY,CN10Y
2017-02-24,6037.64,0.032916,6.5,0.12093015384615385,399986,中证银行,CNY,CN10Y
2017-02-27,6008.25,0.032871,6.47,0.12168850540958269,399986,中证银行,CNY,CN10Y
2017-02-28,6007.68,0.03292,6.47,0.12163950540958268,399986,中证银行,CNY,CN10Y
2017-03-01,6003.5,0.033252,6.47,0.12130750540958268,399986,中证银行,CNY,CN10Y
2017-03-02,5959.78,0.033483,6.44,0.12179650310559005,399986,中证银行,CNY,CN10Y
2017-03-03,5937.48,0.033573,6.41,0.12243324024961,399986,中证银行,CNY,CN10Y
2017-03-06,5938.56,0.033615,6.4,0.122635,399986,中证银行,CNY,CN10Y
2017-03-07,5962.6,0.033643,6.43,0.12187799533437013,399986,中证银行,CNY,CN10Y
2017-03-08,5954.21,0.034088,6.43,0.12143299533437013,399986,中证银行,CNY,CN10Y
2017-03-09,5910.92,0.034151,6.4,0.122099,399986,中证银行,CNY,CN10Y
2017-03-10,5904.65,0.034156,6.4,0.12209400000000001,399986,中证银行,CNY,CN10Y
2017-03-13,5946.24,0.033851,6.44,0.12142850310559006,399986,中证银行,CNY,CN10Y
2017-03-14,5946.19,0.033653,6.45,0.12138575968992248,399986,中证银行,CNY,CN10Y
2017-03-15,5939.83,0.033524,6.44,0.12175550310559005,399986,中证银行,CNY,CN10Y
2017-03-16,5954.94,0.033097,6.45,0.12194175968992248,399986,中证银行,CNY,CN10Y
2017-03-17,5893.03,0.033124,6.4,0.123126,399986,中证银行,CNY,CN10Y
2017-03-20,5868.17,0.033141,6.39,0.1233535226917058,399986,中证银行,CNY,CN10Y
2017-03-21,5854.81,0.033141,6.38,0.12359881191222571,399986,中证银行,CNY,CN10Y
2017-03-22,5779.27,0.033068,6.3,0.12566215873015874,399986,中证银行,CNY,CN10Y
2017-03-23,5807.97,0.033034,6.33,0.1249438830963665,399986,中证银行,CNY,CN10Y
2017-03-24,5831.99,0.032529,6.36,0.12470370440251571,399986,中证银行,CNY,CN10Y
2017-03-27,5873.09,0.032451,6.41,0.12355524024960998,399986,中证银行,CNY,CN10Y
2017-03-28,5852.27,0.032626,6.39,0.1238685226917058,399986,中证银行,CNY,CN10Y
2017-03-29,5839.81,0.032695,6.4,0.123555,399986,中证银行,CNY,CN10Y
2017-03-30,5836.13,0.03289,6.41,0.12311624024960999,399986,中证银行,CNY,CN10Y
2017-03-31,5890.94,0.0328279999999999,6.47,0.12173150540958279,399986,中证银行,CNY,CN10Y
2017-04-01,,0.03273,6.47,0.12182950540958268,399986,中证银行,CNY,CN10Y
2017-04-05,5919.87,0.033102,6.49,0.12098120493066256,399986,中证银行,CNY,CN10Y
2017-04-06,5898.26,0.033109,6.46,0.12168976160990713,399986,中证银行,CNY,CN10Y
2017-04-07,5897.72,0.032966,6.47,0.12159350540958269,399986,中证银行,CNY,CN10Y
2017-04-10,5863.72,0.033166,6.43,0.12235499533437014,399986,中证银行,CNY,CN10Y
2017-04-11,5845.61,0.033209,6.42,0.1225542398753894,399986,中证银行,CNY,CN10Y
2017-04-12,5825.99,0.033283,6.41,0.12272324024960998,399986,中证银行,CNY,CN10Y
2017-04-13,5795.39,0.03322,6.38,0.12351981191222572,399986,中证银行,CNY,CN10Y
2017-04-14,5757.18,0.033599,6.35,0.12388131496062993,399986,中证银行,CNY,CN10Y
2017-04-17,5759.86,0.0341599999999999,6.35,0.12332031496063002,399986,中证银行,CNY,CN10Y
2017-04-18,5680.83,0.034064,6.27,0.1254256331738437,399986,中证银行,CNY,CN10Y
2017-04-19,5627.28,0.034065,6.21,0.1269655958132045,399986,中证银行,CNY,CN10Y
2017-04-20,5598.29,0.03424,6.19,0.12731088852988692,399986,中证银行,CNY,CN10Y
2017-04-21,5662.02,0.034614,6.27,0.1248756331738437,399986,中证银行,CNY,CN10Y
2017-04-24,5661.52,0.034991,6.28,0.12424466878980892,399986,中证银行,CNY,CN10Y
2017-04-25,5674.68,0.034568,6.29,0.1244145119236884,399986,中证银行,CNY,CN10Y
2017-04-26,5650.59,0.034519,6.3,0.12421115873015873,399986,中证银行,CNY,CN10Y
2017-04-27,5672.85,0.034494,6.32,0.12373384810126581,399986,中证银行,CNY,CN10Y
2017-04-28,5673.57,0.034668,6.32,0.1235598481012658,399986,中证银行,CNY,CN10Y
2017-05-02,5628.85,0.03487,6.27,0.12461963317384371,399986,中证银行,CNY,CN10Y
2017-05-03,5594.9,0.035219,6.24,0.12503741025641024,399986,中证银行,CNY,CN10Y
2017-05-04,5566.82,0.035517,6.22,0.12525470418006432,399986,中证银行,CNY,CN10Y
2017-05-05,5567.53,0.035592,6.24,0.12466441025641024,399986,中证银行,CNY,CN10Y
2017-05-08,5578.42,0.036042,6.27,0.12344763317384372,399986,中证银行,CNY,CN10Y
2017-05-09,5576.28,0.0363249999999999,6.26,0.123419408945687,399986,中证银行,CNY,CN10Y
2017-05-10,5590.59,0.0369,6.29,0.1220825119236884,399986,中证银行,CNY,CN10Y
2017-05-11,5636.73,0.0364,6.34,0.12132870662460567,399986,中证银行,CNY,CN10Y
2017-05-12,5790.36,0.036525,6.49,0.11755820493066255,399986,中证银行,CNY,CN10Y
2017-05-15,5789.74,0.0361,6.5,0.11774615384615386,399986,中证银行,CNY,CN10Y
2017-05-16,5755.55,0.036225,6.44,0.11905450310559004,399986,中证银行,CNY,CN10Y
2017-05-17,5709.98,0.036275,6.4,0.119975,399986,中证银行,CNY,CN10Y
2017-05-18,5687.33,0.0360749999999999,6.39,0.1204195226917059,399986,中证银行,CNY,CN10Y
2017-05-19,5692.0,0.03625,6.39,0.1202445226917058,399986,中证银行,CNY,CN10Y
2017-05-22,5712.48,0.036601,6.43,0.11891999533437014,399986,中证银行,CNY,CN10Y
2017-05-23,5825.28,0.036725,6.54,0.11618019877675839,399986,中证银行,CNY,CN10Y
2017-05-24,5821.34,0.036601,6.54,0.1163041987767584,399986,中证银行,CNY,CN10Y
2017-05-25,6013.63,0.036476,6.56,0.11596302439024389,399986,中证银行,CNY,CN10Y
2017-05-26,5998.56,0.036501,6.57,0.11570600152207,399986,中证银行,CNY,CN10Y
2017-05-27,,0.036499,6.57,0.11570800152207,399986,中证银行,CNY,CN10Y
2017-05-31,6011.71,0.0361019999999999,6.6,0.11541315151515162,399986,中证银行,CNY,CN10Y
2017-06-01,6042.34,0.036152,6.64,0.11445040963855424,399986,中证银行,CNY,CN10Y
2017-06-02,6001.4,0.036277,6.61,0.11500893040847199,399986,中证银行,CNY,CN10Y
2017-06-05,5910.85,0.036152,6.47,0.1184075054095827,399986,中证银行,CNY,CN10Y
2017-06-06,5916.89,0.036328,6.48,0.11799298765432098,399986,中证银行,CNY,CN10Y
2017-06-07,5975.15,0.036427,6.53,0.11671235681470137,399986,中证银行,CNY,CN10Y
2017-06-08,5984.79,0.036478,6.54,0.1164271987767584,399986,中证银行,CNY,CN10Y
2017-06-09,6013.04,0.036303,6.55,0.11636875572519084,399986,中证银行,CNY,CN10Y
2017-06-12,5982.9,0.035841,6.7,0.11341273134328357,399986,中证银行,CNY,CN10Y
2017-06-13,5964.12,0.035754,6.69,0.11372283109118084,399986,中证银行,CNY,CN10Y
2017-06-14,5874.41,0.035354,6.62,0.11570340181268882,399986,中证银行,CNY,CN10Y
2017-06-15,5829.16,0.035554,6.56,0.1168850243902439,399986,中证银行,CNY,CN10Y
2017-06-16,5824.96,0.03568,6.56,0.1167590243902439,399986,中证银行,CNY,CN10Y
2017-06-19,5855.41,0.035006,6.56,0.11743302439024389,399986,中证银行,CNY,CN10Y
2017-06-20,5853.2,0.034881,6.58,0.1170946838905775,399986,中证银行,CNY,CN10Y
2017-06-21,5874.14,0.035406,6.6,0.11610915151515153,399986,中证银行,CNY,CN10Y
2017-06-22,5978.43,0.035607,6.69,0.11386983109118085,399986,中证银行,CNY,CN10Y
2017-06-23,6007.52,0.035457,6.72,0.1133525238095238,399986,中证银行,CNY,CN10Y
2017-06-26,6007.25,0.035134,6.71,0.11389729657228018,399986,中证银行,CNY,CN10Y
2017-06-27,6076.76,0.035084,6.75,0.11306414814814814,399986,中证银行,CNY,CN10Y
2017-06-28,6103.04,0.035333,6.76,0.11259599408284024,399986,中证银行,CNY,CN10Y
2017-06-29,6128.23,0.035483,6.78,0.11200962536873156,399986,中证银行,CNY,CN10Y
2017-06-30,6104.36,0.035683,6.79,0.11159240500736378,399986,中证银行,CNY,CN10Y
2017-07-03,6087.62,0.036033,6.77,0.11167748744460856,399986,中证银行,CNY,CN10Y
2017-07-04,6044.73,0.036009,6.74,0.11235895252225518,399986,中证银行,CNY,CN10Y
2017-07-05,6099.31,0.03576,6.77,0.11195048744460857,399986,中证银行,CNY,CN10Y
2017-07-06,6102.33,0.03566,6.78,0.11183262536873156,399986,中证银行,CNY,CN10Y
2017-07-07,6046.09,0.035897,6.75,0.11225114814814814,399986,中证银行,CNY,CN10Y
2017-07-10,6042.98,0.035911,6.74,0.11245695252225518,399986,中证银行,CNY,CN10Y
2017-07-11,6153.11,0.035836,6.77,0.11187448744460857,399986,中证银行,CNY,CN10Y
2017-07-12,6192.19,0.035749,6.79,0.11152640500736377,399986,中证银行,CNY,CN10Y
2017-07-13,6301.08,0.035643,6.86,0.11012959475218656,399986,中证银行,CNY,CN10Y
2017-07-14,6357.88,0.035637,6.88,0.10971183720930233,399986,中证银行,CNY,CN10Y
2017-07-17,6455.44,0.035626,7.04,0.10641945454545457,399986,中证银行,CNY,CN10Y
2017-07-18,6396.36,0.035851,6.95,0.10803389208633093,399986,中证银行,CNY,CN10Y
2017-07-19,6460.07,0.035901,6.99,0.10716051645207438,399986,中证银行,CNY,CN10Y
2017-07-20,6448.12,0.03574,6.96,0.10793816091954023,399986,中证银行,CNY,CN10Y
2017-07-21,6387.35,0.035829,6.93,0.10847114430014432,399986,中证银行,CNY,CN10Y
2017-07-24,6465.25,0.035769,6.99,0.10729251645207438,399986,中证银行,CNY,CN10Y
2017-07-25,6472.28,0.03592,7.04,0.10612545454545455,399986,中证银行,CNY,CN10Y
2017-07-26,6461.07,0.03617,7.08,0.10507293785310734,399986,中证银行,CNY,CN10Y
2017-07-27,6441.97,0.036021,7.04,0.10602445454545456,399986,中证银行,CNY,CN10Y
2017-07-28,6455.85,0.036034,7.05,0.10580997163120569,399986,中证银行,CNY,CN10Y
2017-07-31,6433.72,0.03626,7.03,0.10598751066856328,399986,中证银行,CNY,CN10Y
2017-08-01,6519.45,0.036373,7.11,0.10427397609001406,399986,中证银行,CNY,CN10Y
2017-08-02,6579.23,0.036311,7.21,0.10238525520110955,399986,中证银行,CNY,CN10Y
2017-08-03,6477.19,0.0362619999999999,7.12,0.1041874382022473,399986,中证银行,CNY,CN10Y
2017-08-04,6434.21,0.0362619999999999,7.09,0.10478172355430193,399986,中证银行,CNY,CN10Y
2017-08-07,6436.99,0.036626,7.08,0.10461693785310736,399986,中证银行,CNY,CN10Y
2017-08-08,6422.09,0.036538,7.08,0.10470493785310735,399986,中证银行,CNY,CN10Y
2017-08-09,6321.27,0.0366,6.96,0.10707816091954023,399986,中证银行,CNY,CN10Y
2017-08-10,6299.66,0.036375,6.94,0.10771721902017292,399986,中证银行,CNY,CN10Y
2017-08-11,6207.16,0.036163,6.88,0.10918583720930233,399986,中证银行,CNY,CN10Y
2017-08-14,6197.34,0.035925,6.85,0.11006040145985403,399986,中证银行,CNY,CN10Y
2017-08-15,6282.0,0.035801,6.96,0.10787716091954022,399986,中证银行,CNY,CN10Y
2017-08-16,6239.9,0.035988,6.93,0.10831214430014433,399986,中证银行,CNY,CN10Y
2017-08-17,6258.14,0.035926,6.94,0.10816621902017291,399986,中证银行,CNY,CN10Y
2017-08-18,6264.89,0.035951,6.94,0.10814121902017292,399986,中证银行,CNY,CN10Y
2017-08-21,6257.18,0.036181,6.94,0.10791121902017292,399986,中证银行,CNY,CN10Y
2017-08-22,6300.85,0.036201,6.99,0.10686051645207438,399986,中证银行,CNY,CN10Y
2017-08-23,6396.45,0.036152,7.12,0.10429743820224721,399986,中证银行,CNY,CN10Y
2017-08-24,6392.84,0.036252,7.13,0.1040004544179523,399986,中证银行,CNY,CN10Y
2017-08-25,6595.43,0.036327,7.37,0.09935821031207598,399986,中证银行,CNY,CN10Y
2017-08-28,6605.7,0.036502,7.35,0.09955242176870749,399986,中证银行,CNY,CN10Y
2017-08-29,6636.14,0.036303,7.4,0.09883213513513511,399986,中证银行,CNY,CN10Y
2017-08-30,6579.65,0.036303,7.31,0.10049590560875513,399986,中证银行,CNY,CN10Y
2017-08-31,6508.53,0.036265,7.23,0.10204758644536652,399986,中证银行,CNY,CN10Y
2017-09-01,6467.09,0.0363529999999999,7.29,0.10082121124828543,399986,中证银行,CNY,CN10Y
2017-09-04,6527.17,0.036454,7.36,0.0994155652173913,399986,中证银行,CNY,CN10Y
2017-09-05,6582.85,0.036641,7.45,0.09758718791946308,399986,中证银行,CNY,CN10Y
2017-09-06,6538.29,0.036554,7.41,0.0983987665317139,399986,中证银行,CNY,CN10Y
2017-09-07,6479.85,0.036155,7.35,0.0998994217687075,399986,中证银行,CNY,CN10Y
2017-09-08,6480.21,0.0360049999999999,7.35,0.1000494217687076,399986,中证银行,CNY,CN10Y
2017-09-11,6474.02,0.036156,7.34,0.1000837820163488,399986,中证银行,CNY,CN10Y
2017-09-12,6497.0,0.036181,7.37,0.09950421031207599,399986,中证银行,CNY,CN10Y
2017-09-13,6455.18,0.036356,7.34,0.09988378201634879,399986,中证银行,CNY,CN10Y
2017-09-14,6410.52,0.035982,7.28,0.10138063736263735,399986,中证银行,CNY,CN10Y
2017-09-15,6390.84,0.035982,7.22,0.10252215512465375,399986,中证银行,CNY,CN10Y
2017-09-18,6376.24,0.03622,7.2,0.10266888888888889,399986,中证银行,CNY,CN10Y
2017-09-19,6392.04,0.036158,7.22,0.10234615512465375,399986,中证银行,CNY,CN10Y
2017-09-20,6385.86,0.036209,7.23,0.10210358644536652,399986,中证银行,CNY,CN10Y
2017-09-21,6428.99,0.036334,7.31,0.10046490560875512,399986,中证银行,CNY,CN10Y
2017-09-22,6430.0,0.036209,7.33,0.10021664802182811,399986,中证银行,CNY,CN10Y
2017-09-25,6444.92,0.035985,7.38,0.09951635501355015,399986,中证银行,CNY,CN10Y
2017-09-26,6410.56,0.036172,7.35,0.09988242176870749,399986,中证银行,CNY,CN10Y
2017-09-27,6359.93,0.0362349999999999,7.29,0.10093921124828542,399986,中证银行,CNY,CN10Y
2017-09-28,6345.67,0.036136,7.28,0.10122663736263735,399986,中证银行,CNY,CN10Y
2017-09-29,6362.29,0.036136,7.27,0.10141558184319122,399986,中证银行,CNY,CN10Y
2017-09-30,,0.036136,7.27,0.10141558184319122,399986,中证银行,CNY,CN10Y
2017-10-09,6427.99,0.036477,7.34,0.09976278201634878,399986,中证银行,CNY,CN10Y
2017-10-10,6469.03,0.0364699999999999,7.37,0.09921521031207609,399986,中证银行,CNY,CN10Y
2017-10-11,6478.62,0.0365399999999999,7.41,0.09841276653171399,399986,中证银行,CNY,CN10Y
2017-10-12,6475.02,0.036765,7.4,0.09837013513513512,399986,中证银行,CNY,CN10Y
2017-10-13,6447.66,0.03674,7.35,0.0993144217687075,399986,中证银行,CNY,CN10Y
2017-10-16,6512.89,0.037054,7.42,0.0977168894878706,399986,中证银行,CNY,CN10Y
2017-10-17,6489.06,0.037409,7.38,0.09809235501355015,399986,中证银行,CNY,CN10Y
2017-10-18,6532.01,0.037366,7.46,0.09668225737265415,399986,中证银行,CNY,CN10Y
2017-10-19,6533.26,0.037167,7.48,0.09652283957219249,399986,中证银行,CNY,CN10Y
2017-10-20,6489.27,0.037217,7.42,0.09755388948787061,399986,中证银行,CNY,CN10Y
2017-10-23,6425.71,0.037231,7.34,0.09900878201634879,399986,中证银行,CNY,CN10Y
2017-10-24,6459.42,0.03722,7.38,0.09828135501355015,399986,中证银行,CNY,CN10Y
2017-10-25,6446.56,0.037768,7.34,0.09847178201634879,399986,中证银行,CNY,CN10Y
2017-10-26,6388.98,0.037769,7.25,0.10016203448275862,399986,中证银行,CNY,CN10Y
2017-10-27,6504.2,0.038266,7.36,0.0976035652173913,399986,中证银行,CNY,CN10Y
2017-10-30,6487.83,0.039115,7.37,0.09657021031207598,399986,中证银行,CNY,CN10Y
2017-10-31,6424.05,0.038917,7.27,0.09863458184319121,399986,中证银行,CNY,CN10Y
2017-11-01,6381.49,0.03863,7.18,0.1006457660167131,399986,中证银行,CNY,CN10Y
2017-11-02,6386.11,0.038718,7.17,0.1007520139470014,399986,中证银行,CNY,CN10Y
2017-11-03,6384.98,0.038816,7.17,0.1006540139470014,399986,中证银行,CNY,CN10Y
2017-11-06,6318.88,0.038694,7.1,0.10215107042253521,399986,中证银行,CNY,CN10Y
2017-11-07,6399.8,0.038813,7.18,0.1004627660167131,399986,中证银行,CNY,CN10Y
2017-11-08,6419.31,0.038725,7.19,0.10035705841446452,399986,中证银行,CNY,CN10Y
2017-11-09,6393.34,0.038863,7.14,0.10119302240896358,399986,中证银行,CNY,CN10Y
2017-11-10,6359.06,0.039,7.06,0.10264305949008498,399986,中证银行,CNY,CN10Y
2017-11-13,6449.68,0.0395,7.17,0.09997001394700139,399986,中证银行,CNY,CN10Y
2017-11-14,6427.85,0.039525,7.13,0.1007274544179523,399986,中证银行,CNY,CN10Y
2017-11-15,6413.86,0.0395,7.11,0.10114697609001405,399986,中证银行,CNY,CN10Y
2017-11-16,6377.34,0.0392249999999999,7.05,0.10261897163120579,399986,中证银行,CNY,CN10Y
2017-11-17,6559.86,0.0392,7.23,0.09911258644536651,399986,中证银行,CNY,CN10Y
2017-11-20,6667.6,0.0394,7.32,0.09721202185792349,399986,中证银行,CNY,CN10Y
2017-11-21,6693.55,0.0395,7.34,0.09673978201634878,399986,中证银行,CNY,CN10Y
2017-11-22,6856.48,0.03985,7.52,0.09312872340425532,399986,中证银行,CNY,CN10Y
2017-11-23,6757.5,0.039851,7.41,0.0951017665317139,399986,中证银行,CNY,CN10Y
2017-11-24,6778.11,0.039463,7.41,0.0954897665317139,399986,中证银行,CNY,CN10Y
2017-11-27,6734.46,0.039501,7.35,0.09655342176870749,399986,中证银行,CNY,CN10Y
2017-11-28,6635.3,0.039601,7.26,0.09814004683195593,399986,中证银行,CNY,CN10Y
2017-11-29,6646.13,0.039101,7.28,0.09826163736263735,399986,中证银行,CNY,CN10Y
2017-11-30,6615.97,0.038901,7.26,0.09884004683195594,399986,中证银行,CNY,CN10Y
2017-12-01,6573.04,0.038852,7.22,0.09965215512465375,399986,中证银行,CNY,CN10Y
2017-12-04,6590.52,0.038902,7.24,0.09921954696132598,399986,中证银行,CNY,CN10Y
2017-12-05,6709.52,0.038752,7.36,0.09711756521739129,399986,中证银行,CNY,CN10Y
2017-12-06,6634.9,0.038752,7.3,0.098234301369863,399986,中证银行,CNY,CN10Y
2017-12-07,6574.49,0.038927,7.24,0.09919454696132597,399986,中证银行,CNY,CN10Y
2017-12-08,6561.61,0.039102,7.21,0.09959425520110957,399986,中证银行,CNY,CN10Y
2017-12-11,6585.0,0.039303,7.26,0.09843804683195592,399986,中证银行,CNY,CN10Y
2017-12-12,6491.02,0.039378,7.16,0.10028680446927374,399986,中证银行,CNY,CN10Y
2017-12-13,6521.09,0.039303,7.2,0.09958588888888889,399986,中证银行,CNY,CN10Y
2017-12-14,6492.31,0.039104,7.18,0.1001717660167131,399986,中证银行,CNY,CN10Y
2017-12-15,6414.57,0.038904,7.11,0.10174297609001406,399986,中证银行,CNY,CN10Y
2017-12-18,6434.06,0.038904,7.13,0.10134845441795232,399986,中证银行,CNY,CN10Y
2017-12-19,6537.21,0.039005,7.23,0.09930758644536651,399986,中证银行,CNY,CN10Y
2017-12-20,6534.64,0.039005,7.23,0.09930758644536651,399986,中证银行,CNY,CN10Y
2017-12-21,6545.72,0.039005,7.23,0.09930758644536651,399986,中证银行,CNY,CN10Y
2017-12-22,6502.05,0.03878,7.19,0.10030205841446452,399986,中证银行,CNY,CN10Y
2017-12-25,6498.6,0.038731,7.21,0.09996525520110956,399986,中证银行,CNY,CN10Y
2017-12-26,6571.49,0.038881,7.3,0.09810530136986301,399986,中证银行,CNY,CN10Y
2017-12-27,6493.2,0.038956,7.24,0.09916554696132598,399986,中证银行,CNY,CN10Y
2017-12-28,6476.01,0.038857,7.26,0.09888404683195592,399986,中证银行,CNY,CN10Y
2017-12-29,6522.55,0.038807,7.32,0.09780502185792347,399986,中证银行,CNY,CN10Y
2017-12-30,,0.038807,7.32,0.09780502185792347,399986,中证银行,CNY,CN10Y
2017-12-31,,0.038807,7.32,0.09780502185792347,399986,中证银行,CNY,CN10Y
2018-01-02,6607.08,0.039008,7.38,0.09649335501355015,399986,中证银行,CNY,CN10Y
2018-01-03,6623.29,0.039162,7.39,0.09615599729364005,399986,中证银行,CNY,CN10Y
2018-01-04,6603.16,0.039319,7.36,0.0965505652173913,399986,中证银行,CNY,CN10Y
2018-01-05,6623.67,0.039212,7.37,0.09647321031207598,399986,中证银行,CNY,CN10Y
2018-01-08,6601.13,0.03911,7.36,0.09675956521739129,399986,中证银行,CNY,CN10Y
2018-01-09,6602.01,0.038909,7.35,0.0971454217687075,399986,中证银行,CNY,CN10Y
2018-01-10,6744.71,0.039201,7.49,0.09431034846461948,399986,中证银行,CNY,CN10Y
2018-01-11,6772.17,0.039546,7.55,0.09290433112582783,399986,中证银行,CNY,CN10Y
2018-01-12,6803.15,0.039337,7.59,0.09241530566534915,399986,中证银行,CNY,CN10Y
2018-01-15,6909.95,0.03965,7.74,0.08954896640826873,399986,中证银行,CNY,CN10Y
2018-01-16,6934.73,0.039596,7.81,0.08844497311139565,399986,中证银行,CNY,CN10Y
2018-01-17,7007.51,0.039597,7.91,0.08682525031605562,399986,中证银行,CNY,CN10Y
2018-01-18,7155.63,0.039797,8.16,0.08275201960784313,399986,中证银行,CNY,CN10Y
2018-01-19,7227.44,0.039754,8.24,0.08160522330097088,399986,中证银行,CNY,CN10Y
2018-01-22,7156.2,0.039522,8.18,0.08272738875305624,399986,中证银行,CNY,CN10Y
2018-01-23,7390.08,0.039414,8.49,0.07837163015312132,399986,中证银行,CNY,CN10Y
2018-01-24,7434.19,0.039507,8.5,0.07814005882352941,399986,中证银行,CNY,CN10Y
2018-01-25,7374.09,0.039435,8.44,0.07904841232227489,399986,中证银行,CNY,CN10Y
2018-01-26,7388.14,0.039365,8.44,0.07911841232227489,399986,中证银行,CNY,CN10Y
2018-01-29,7346.5,0.039368,8.43,0.07925596204033215,399986,中证银行,CNY,CN10Y
2018-01-30,7210.68,0.039292,8.26,0.08177337530266343,399986,中证银行,CNY,CN10Y
2018-01-31,7335.82,0.03914,8.41,0.07976606420927468,399986,中证银行,CNY,CN10Y
2018-02-01,7411.64,0.039066,8.53,0.07816729425556859,399986,中证银行,CNY,CN10Y
2018-02-02,7381.72,0.0390919999999999,8.49,0.07869363015312142,399986,中证银行,CNY,CN10Y
2018-02-05,7636.04,0.039167,8.79,0.07459864277588169,399986,中证银行,CNY,CN10Y
2018-02-06,7508.57,0.038825,8.66,0.07664844110854503,399986,中证银行,CNY,CN10Y
2018-02-07,7265.41,0.0387,8.3,0.08178192771084336,399986,中证银行,CNY,CN10Y
2018-02-08,7020.24,0.038801,8.0,0.086199,399986,中证银行,CNY,CN10Y
2018-02-09,6788.0,0.0388,7.75,0.09023225806451612,399986,中证银行,CNY,CN10Y
2018-02-11,,0.038775,7.75,0.09025725806451612,399986,中证银行,CNY,CN10Y
2018-02-12,6715.55,0.03875,7.65,0.09196895424836601,399986,中证银行,CNY,CN10Y
2018-02-13,6815.9,0.0387,7.79,0.08966970474967907,399986,中证银行,CNY,CN10Y
2018-02-14,6832.21,0.038702,7.82,0.08917523785166241,399986,中证银行,CNY,CN10Y
2018-02-22,6965.22,0.038752,7.99,0.08640444555694618,399986,中证银行,CNY,CN10Y
2018-02-23,7023.91,0.038702,8.04,0.08567610945273633,399986,中证银行,CNY,CN10Y
2018-02-24,,0.038652,8.04,0.08572610945273634,399986,中证银行,CNY,CN10Y
2018-02-26,7025.31,0.038452,8.04,0.08592610945273634,399986,中证银行,CNY,CN10Y
2018-02-27,6881.48,0.038201,7.85,0.08918753503184713,399986,中证银行,CNY,CN10Y
2018-02-28,6786.47,0.038202,7.73,0.09116410608020699,399986,中证银行,CNY,CN10Y
2018-03-01,6802.84,0.038201,7.74,0.09099796640826872,399986,中证银行,CNY,CN10Y
2018-03-02,6752.24,0.038352,7.69,0.09168701170351104,399986,中证银行,CNY,CN10Y
2018-03-05,6737.42,0.038453,7.65,0.09226595424836602,399986,中证银行,CNY,CN10Y
2018-03-06,6756.23,0.038253,7.65,0.09246595424836601,399986,中证银行,CNY,CN10Y
2018-03-07,6792.91,0.038203,7.7,0.09166712987012986,399986,中证银行,CNY,CN10Y
2018-03-08,6791.89,0.038203,7.67,0.0921750964797914,399986,中证银行,CNY,CN10Y
2018-03-09,6800.52,0.038278,7.67,0.0921000964797914,399986,中证银行,CNY,CN10Y
2018-03-12,6770.65,0.038243,7.64,0.09264705235602094,399986,中证银行,CNY,CN10Y
2018-03-13,6771.96,0.038362,7.67,0.09201609647979139,399986,中证银行,CNY,CN10Y
2018-03-14,6709.72,0.038413,7.6,0.09316594736842104,399986,中证银行,CNY,CN10Y
2018-03-15,6708.19,0.038257,7.61,0.0931490446780552,399986,中证银行,CNY,CN10Y
2018-03-16,6640.25,0.038154,7.52,0.09482472340425532,399986,中证银行,CNY,CN10Y
2018-03-19,6672.03,0.038104,7.56,0.0941711322751323,399986,中证银行,CNY,CN10Y
2018-03-20,6705.38,0.037906,7.62,0.09332759580052494,399986,中证银行,CNY,CN10Y
2018-03-21,6711.4,0.03763,7.62,0.09360359580052494,399986,中证银行,CNY,CN10Y
2018-03-22,6678.58,0.03748,7.59,0.09427230566534915,399986,中证银行,CNY,CN10Y
2018-03-23,6511.84,0.0370049999999999,7.4,0.09813013513513522,399986,中证银行,CNY,CN10Y
2018-03-26,6353.99,0.037307,7.17,0.10216301394700139,399986,中证银行,CNY,CN10Y
2018-03-27,6341.83,0.037432,7.16,0.10223280446927374,399986,中证银行,CNY,CN10Y
2018-03-28,6337.71,0.037406,7.16,0.10225880446927374,399986,中证银行,CNY,CN10Y
2018-03-29,6433.31,0.037456,7.28,0.09990663736263734,399986,中证银行,CNY,CN10Y
2018-03-30,6380.73,0.0374069999999999,7.22,0.10109715512465385,399986,中证银行,CNY,CN10Y
2018-04-02,6334.56,0.037357,7.14,0.10269902240896359,399986,中证银行,CNY,CN10Y
2018-04-03,6283.91,0.037507,7.08,0.10373593785310735,399986,中证银行,CNY,CN10Y
2018-04-04,6280.88,0.0372339999999999,7.06,0.10440905949008508,399986,中证银行,CNY,CN10Y
2018-04-08,,0.037008,7.06,0.10463505949008499,399986,中证银行,CNY,CN10Y
2018-04-09,6282.01,0.036959,7.06,0.104684059490085,399986,中证银行,CNY,CN10Y
2018-04-10,6469.41,0.037159,7.29,0.10001521124828533,399986,中证银行,CNY,CN10Y
2018-04-11,6539.18,0.037109,7.39,0.09820899729364005,399986,中证银行,CNY,CN10Y
2018-04-12,6441.51,0.037109,7.25,0.10082203448275862,399986,中证银行,CNY,CN10Y
2018-04-13,6394.69,0.037062,7.2,0.1018268888888889,399986,中证银行,CNY,CN10Y
2018-04-16,6213.97,0.0365609999999999,6.98,0.10670547564469923,399986,中证银行,CNY,CN10Y
2018-04-17,6185.09,0.0365119999999999,6.95,0.10737289208633102,399986,中证银行,CNY,CN10Y
2018-04-18,6253.0,0.035013,7.03,0.10723451066856328,399986,中证银行,CNY,CN10Y
2018-04-19,6272.57,0.035064,7.06,0.10657905949008499,399986,中证银行,CNY,CN10Y
2018-04-20,6223.0,0.035215,7.02,0.10723514245014246,399986,中证银行,CNY,CN10Y
2018-04-23,6243.04,0.036019,7.06,0.10562405949008499,399986,中证银行,CNY,CN10Y
2018-04-24,6352.86,0.035855,7.17,0.1036150139470014,399986,中证银行,CNY,CN10Y
2018-04-25,6287.64,0.036118,7.1,0.10472707042253522,399986,中证银行,CNY,CN10Y
2018-04-26,6256.71,0.036344,7.06,0.10529905949008499,399986,中证银行,CNY,CN10Y
2018-04-27,6290.39,0.036364,7.11,0.10428297609001405,399986,中证银行,CNY,CN10Y
2018-04-28,,0.036217,7.11,0.10442997609001406,399986,中证银行,CNY,CN10Y
2018-05-02,6272.45,0.036665,6.96,0.10701316091954022,399986,中证银行,CNY,CN10Y
2018-05-03,6250.58,0.036467,6.94,0.10762521902017291,399986,中证银行,CNY,CN10Y
2018-05-04,6203.46,0.036319,6.89,0.1088188809869376,399986,中证银行,CNY,CN10Y
2018-05-07,6241.59,0.036518,6.94,0.10757421902017292,399986,中证银行,CNY,CN10Y
2018-05-08,6321.63,0.036922,7.02,0.10552814245014244,399986,中证银行,CNY,CN10Y
2018-05-09,6322.34,0.0370739999999999,7.02,0.10537614245014255,399986,中证银行,CNY,CN10Y
2018-05-10,6331.21,0.036924,7.02,0.10552614245014245,399986,中证银行,CNY,CN10Y
2018-05-11,6359.35,0.036882,7.07,0.10456071570014144,399986,中证银行,CNY,CN10Y
2018-05-14,6410.48,0.036937,7.11,0.10370997609001406,399986,中证银行,CNY,CN10Y
2018-05-15,6389.72,0.037151,7.1,0.10369407042253521,399986,中证银行,CNY,CN10Y
2018-05-16,6301.42,0.037076,6.99,0.10598551645207438,399986,中证银行,CNY,CN10Y
2018-05-17,6288.24,0.03712,6.98,0.10614647564469913,399986,中证银行,CNY,CN10Y
2018-05-18,6369.05,0.037099,7.07,0.10434371570014145,399986,中证银行,CNY,CN10Y
2018-05-21,6371.9,0.036939,7.07,0.10450371570014144,399986,中证银行,CNY,CN10Y
2018-05-22,6318.41,0.0366999999999999,7.02,0.10575014245014255,399986,中证银行,CNY,CN10Y
2018-05-23,6242.49,0.0364,6.92,0.10810867052023122,399986,中证银行,CNY,CN10Y
2018-05-24,6202.9,0.036501,6.86,0.10927159475218656,399986,中证银行,CNY,CN10Y
2018-05-25,6185.32,0.036126,6.82,0.11050156598240468,399986,中证银行,CNY,CN10Y
2018-05-28,6163.32,0.036101,6.79,0.11117440500736378,399986,中证银行,CNY,CN10Y
2018-05-29,6150.11,0.036001,6.78,0.11149162536873156,399986,中证银行,CNY,CN10Y
2018-05-30,6024.7,0.035976,6.65,0.11439993984962404,399986,中证银行,CNY,CN10Y
2018-05-31,6083.04,0.0361289999999999,6.7,0.11312473134328367,399986,中证银行,CNY,CN10Y
2018-06-01,6081.09,0.036202,6.69,0.11327483109118085,399986,中证银行,CNY,CN10Y
2018-06-04,6139.62,0.036532,6.77,0.11117848744460856,399986,中证银行,CNY,CN10Y
2018-06-05,6124.81,0.036602,6.76,0.11132699408284025,399986,中证银行,CNY,CN10Y
2018-06-06,6075.57,0.036602,6.71,0.11242929657228018,399986,中证银行,CNY,CN10Y
2018-06-07,6099.27,0.036702,6.74,0.11166595252225518,399986,中证银行,CNY,CN10Y
2018-06-08,5989.48,0.036453,6.62,0.11460440181268881,399986,中证银行,CNY,CN10Y
2018-06-11,6002.32,0.036502,6.64,0.11410040963855422,399986,中证银行,CNY,CN10Y
2018-06-12,6001.85,0.036853,6.65,0.11352293984962405,399986,中证银行,CNY,CN10Y
2018-06-13,5970.25,0.036627,6.62,0.11443040181268882,399986,中证银行,CNY,CN10Y
2018-06-14,5979.65,0.036227,6.64,0.11437540963855422,399986,中证银行,CNY,CN10Y
2018-06-15,6005.43,0.036028,6.68,0.11367259880239522,399986,中证银行,CNY,CN10Y
2018-06-18,6005.43,0.036028,6.68,0.11367259880239522,399986,中证银行,CNY,CN10Y
2018-06-19,5941.59,0.0356029999999999,6.65,0.11477293984962415,399986,中证银行,CNY,CN10Y
2018-06-20,5899.72,0.036054,6.59,0.11569106828528072,399986,中证银行,CNY,CN10Y
2018-06-21,5892.02,0.035753,6.59,0.11599206828528072,399986,中证银行,CNY,CN10Y
2018-06-22,5888.75,0.035604,6.58,0.1163716838905775,399986,中证银行,CNY,CN10Y
2018-06-25,5772.19,0.035803,6.46,0.11899576160990713,399986,中证银行,CNY,CN10Y
2018-06-26,5675.42,0.035804,6.35,0.12167631496062992,399986,中证银行,CNY,CN10Y
2018-06-27,5593.3,0.035529,6.26,0.12421540894568689,399986,中证银行,CNY,CN10Y
2018-06-28,5554.64,0.035304,6.19,0.1262468885298869,399986,中证银行,CNY,CN10Y
2018-06-29,5632.33,0.034756,6.29,0.12422651192368839,399986,中证银行,CNY,CN10Y
2018-07-02,5445.92,0.034668,6.06,0.130348501650165,399986,中证银行,CNY,CN10Y
2018-07-03,5471.26,0.034955,6.08,0.1295186842105263,399986,中证银行,CNY,CN10Y
2018-07-04,5454.07,0.035107,6.07,0.12963764579901152,399986,中证银行,CNY,CN10Y
2018-07-05,5481.67,0.035005,6.07,0.1297396457990115,399986,中证银行,CNY,CN10Y
2018-07-06,5518.79,0.035259,6.11,0.12840712111292962,399986,中证银行,CNY,CN10Y
2018-07-09,5703.56,0.035432,6.34,0.12229670662460568,399986,中证银行,CNY,CN10Y
2018-07-10,5682.72,0.035431,6.32,0.12279684810126582,399986,中证银行,CNY,CN10Y
2018-07-11,5612.88,0.035107,6.25,0.124893,399986,中证银行,CNY,CN10Y
2018-07-12,5670.91,0.035158,6.36,0.12207470440251572,399986,中证银行,CNY,CN10Y
2018-07-13,5625.24,0.034858,6.21,0.1261725958132045,399986,中证银行,CNY,CN10Y
2018-07-16,5510.29,0.034808,6.09,0.12939561247947454,399986,中证银行,CNY,CN10Y
2018-07-17,5473.98,0.034808,6.02,0.13130495681063123,399986,中证银行,CNY,CN10Y
2018-07-18,5463.76,0.034708,6.01,0.13168135108153078,399986,中证银行,CNY,CN10Y
2018-07-19,5460.13,0.034409,5.99,0.1325359081803005,399986,中证银行,CNY,CN10Y
2018-07-20,5696.92,0.035135,6.26,0.1246094089456869,399986,中证银行,CNY,CN10Y
2018-07-23,5797.69,0.035186,6.38,0.12155381191222572,399986,中证银行,CNY,CN10Y
2018-07-24,5823.16,0.035615,6.4,0.12063499999999999,399986,中证银行,CNY,CN10Y
2018-07-25,5833.07,0.035614,6.42,0.12014923987538939,399986,中证银行,CNY,CN10Y
2018-07-26,5798.19,0.035361,6.36,0.12187170440251571,399986,中证银行,CNY,CN10Y
2018-07-27,5783.0,0.035212,6.35,0.12226831496062993,399986,中证银行,CNY,CN10Y
2018-07-30,5848.52,0.035213,6.41,0.12079324024961,399986,中证银行,CNY,CN10Y
2018-07-31,5862.32,0.0348119999999999,6.45,0.12022675968992258,399986,中证银行,CNY,CN10Y
2018-08-01,5752.59,0.034638,6.33,0.12333988309636651,399986,中证银行,CNY,CN10Y
2018-08-02,5639.19,0.034713,6.2,0.12657732258064516,399986,中证银行,CNY,CN10Y
2018-08-03,5646.72,0.034567,6.22,0.1262047041800643,399986,中证银行,CNY,CN10Y
2018-08-06,5678.81,0.034568,6.26,0.12517640894568688,399986,中证银行,CNY,CN10Y
2018-08-07,5795.54,0.034876,6.38,0.12186381191222573,399986,中证银行,CNY,CN10Y
2018-08-08,5727.08,0.035222,6.3,0.12350815873015872,399986,中证银行,CNY,CN10Y
2018-08-09,5810.46,0.035476,6.38,0.12126381191222571,399986,中证银行,CNY,CN10Y
2018-08-10,5773.69,0.035525,6.33,0.12245288309636651,399986,中证银行,CNY,CN10Y
2018-08-13,5687.24,0.035826,6.24,0.12443041025641025,399986,中证银行,CNY,CN10Y
2018-08-14,5672.16,0.0355189999999999,6.22,0.1252527041800644,399986,中证银行,CNY,CN10Y
2018-08-15,5567.78,0.035829,6.11,0.1278371211129296,399986,中证银行,CNY,CN10Y
2018-08-16,5582.17,0.036141,6.12,0.1272576928104575,399986,中证银行,CNY,CN10Y
2018-08-17,5543.9,0.036524,6.09,0.12767961247947454,399986,中证银行,CNY,CN10Y
2018-08-20,5628.44,0.036326,6.19,0.12522488852988692,399986,中证银行,CNY,CN10Y
2018-08-21,5667.83,0.0363,6.23,0.12421364365971108,399986,中证银行,CNY,CN10Y
2018-08-22,5648.29,0.0360749999999999,6.21,0.1249555958132046,399986,中证银行,CNY,CN10Y
2018-08-23,5665.47,0.036101,6.22,0.12467070418006432,399986,中证银行,CNY,CN10Y
2018-08-24,5782.09,0.036278,6.33,0.1216998830963665,399986,中证银行,CNY,CN10Y
2018-08-27,5856.87,0.036303,6.4,0.119947,399986,中证银行,CNY,CN10Y
2018-08-28,5839.48,0.036101,6.38,0.12063881191222572,399986,中证银行,CNY,CN10Y
2018-08-29,5829.89,0.036101,6.38,0.12063881191222572,399986,中证银行,CNY,CN10Y
2018-08-30,5758.12,0.035801,6.3,0.12292915873015872,399986,中证银行,CNY,CN10Y
2018-08-31,5808.11,0.035751,6.35,0.12172931496062991,399986,中证银行,CNY,CN10Y
2018-09-03,5799.85,0.035951,6.41,0.12005524024960999,399986,中证银行,CNY,CN10Y
2018-09-04,5866.7,0.036101,6.46,0.11869776160990714,399986,中证银行,CNY,CN10Y
2018-09-05,5740.0,0.036101,6.34,0.12162770662460567,399986,中证银行,CNY,CN10Y
2018-09-06,5718.41,0.036101,6.31,0.12237760538827261,399986,中证银行,CNY,CN10Y
2018-09-07,5743.49,0.036301,6.33,0.12167688309636651,399986,中证银行,CNY,CN10Y
2018-09-10,5718.17,0.036551,6.32,0.1216768481012658,399986,中证银行,CNY,CN10Y
2018-09-11,5674.19,0.036751,6.29,0.12223151192368839,399986,中证银行,CNY,CN10Y
2018-09-12,5680.61,0.036551,6.27,0.12293863317384371,399986,中证银行,CNY,CN10Y
2018-09-13,5754.24,0.036526,6.36,0.12070670440251571,399986,中证银行,CNY,CN10Y
2018-09-14,5745.66,0.036351,6.35,0.12112931496062992,399986,中证银行,CNY,CN10Y
2018-09-17,5692.74,0.036327,6.3,0.12240315873015872,399986,中证银行,CNY,CN10Y
2018-09-18,5784.69,0.036452,6.39,0.1200425226917058,399986,中证银行,CNY,CN10Y
2018-09-19,5814.2,0.0367269999999999,6.42,0.1190362398753895,399986,中证银行,CNY,CN10Y
2018-09-20,5838.67,0.037003,6.45,0.11803575968992247,399986,中证银行,CNY,CN10Y
2018-09-21,6072.04,0.036752,6.75,0.11139614814814813,399986,中证银行,CNY,CN10Y
2018-09-25,5992.79,0.0367539999999999,6.65,0.11362193984962415,399986,中证银行,CNY,CN10Y
2018-09-26,6058.34,0.036503,6.7,0.11275073134328356,399986,中证银行,CNY,CN10Y
2018-09-27,6059.08,0.036253,6.7,0.11300073134328356,399986,中证银行,CNY,CN10Y
2018-09-28,6136.32,0.036154,6.78,0.11133862536873157,399986,中证银行,CNY,CN10Y
2018-09-29,,0.036104,6.78,0.11138862536873156,399986,中证银行,CNY,CN10Y
2018-09-30,,0.036103,6.78,0.11138962536873157,399986,中证银行,CNY,CN10Y
2018-10-08,5918.65,0.036155,6.56,0.1162840243902439,399986,中证银行,CNY,CN10Y
2018-10-09,5909.32,0.036156,6.53,0.11698335681470137,399986,中证银行,CNY,CN10Y
2018-10-10,5940.91,0.036156,6.55,0.11651575572519085,399986,中证银行,CNY,CN10Y
2018-10-11,5718.46,0.035806,6.34,0.12192270662460566,399986,中证银行,CNY,CN10Y
2018-10-12,5834.14,0.035831,6.47,0.11872850540958269,399986,中证银行,CNY,CN10Y
2018-10-15,5764.13,0.035857,6.38,0.12088281191222572,399986,中证银行,CNY,CN10Y
2018-10-16,5801.63,0.035757,6.42,0.1200062398753894,399986,中证银行,CNY,CN10Y
2018-10-17,5844.29,0.035807,6.46,0.11899176160990713,399986,中证银行,CNY,CN10Y
2018-10-18,5731.82,0.035508,6.34,0.12222070662460567,399986,中证银行,CNY,CN10Y
2018-10-19,5911.42,0.0356579999999999,6.53,0.11748135681470147,399986,中证银行,CNY,CN10Y
2018-10-22,6072.5,0.03591,6.7,0.11334373134328357,399986,中证银行,CNY,CN10Y
2018-10-23,5933.92,0.035709,6.55,0.11696275572519085,399986,中证银行,CNY,CN10Y
2018-10-24,6051.67,0.035409,6.68,0.11429159880239523,399986,中证银行,CNY,CN10Y
2018-10-25,6115.87,0.035409,6.74,0.11295895252225518,399986,中证银行,CNY,CN10Y
2018-10-26,6102.54,0.03541,6.74,0.11295795252225518,399986,中证银行,CNY,CN10Y
2018-10-29,5985.79,0.0351109999999999,6.62,0.11594640181268892,399986,中证银行,CNY,CN10Y
2018-10-30,6080.92,0.035161,6.7,0.11409273134328357,399986,中证银行,CNY,CN10Y
2018-10-31,6093.05,0.035086,6.71,0.11394529657228017,399986,中证银行,CNY,CN10Y
2018-11-01,6043.08,0.0349359999999999,6.52,0.11843823312883446,399986,中证银行,CNY,CN10Y
2018-11-02,6177.53,0.035461,6.64,0.11514140963855424,399986,中证银行,CNY,CN10Y
2018-11-05,6112.74,0.035312,6.56,0.11712702439024389,399986,中证银行,CNY,CN10Y
2018-11-06,6070.54,0.035113,6.52,0.11826123312883435,399986,中证银行,CNY,CN10Y
2018-11-07,6045.09,0.034813,6.5,0.11903315384615386,399986,中证银行,CNY,CN10Y
2018-11-08,6084.97,0.034813,6.53,0.11832635681470137,399986,中证银行,CNY,CN10Y
2018-11-09,5900.2,0.034763,6.32,0.1234648481012658,399986,中证银行,CNY,CN10Y
2018-11-12,5920.08,0.034865,6.34,0.12286370662460566,399986,中证银行,CNY,CN10Y
2018-11-13,5940.98,0.03474,6.36,0.12249270440251572,399986,中证银行,CNY,CN10Y
2018-11-14,5871.72,0.034218,6.28,0.1250176687898089,399986,中证银行,CNY,CN10Y
2018-11-15,5921.54,0.033915,6.33,0.12406288309636651,399986,中证银行,CNY,CN10Y
2018-11-16,5923.61,0.033515,6.33,0.12446288309636651,399986,中证银行,CNY,CN10Y
2018-11-19,6005.07,0.033772,6.41,0.12223424024961,399986,中证银行,CNY,CN10Y
2018-11-20,5917.09,0.033771,6.32,0.12445684810126581,399986,中证银行,CNY,CN10Y
2018-11-21,5922.64,0.0337159999999999,6.33,0.12426188309636661,399986,中证银行,CNY,CN10Y
2018-11-22,5900.6,0.033917,6.32,0.1243108481012658,399986,中证银行,CNY,CN10Y
2018-11-23,5825.72,0.033917,6.25,0.126083,399986,中证银行,CNY,CN10Y
2018-11-26,5851.94,0.034151,6.28,0.1250846687898089,399986,中证银行,CNY,CN10Y
2018-11-27,5821.67,0.034,6.25,0.126,399986,中证银行,CNY,CN10Y
2018-11-28,5863.28,0.0337,6.28,0.1255356687898089,399986,中证银行,CNY,CN10Y
2018-11-29,5831.72,0.0336,6.25,0.1264,399986,中证银行,CNY,CN10Y
2018-11-30,5881.3,0.0335499999999999,6.29,0.12543251192368848,399986,中证银行,CNY,CN10Y
2018-12-03,5987.69,0.0335,6.39,0.1229945226917058,399986,中证银行,CNY,CN10Y
2018-12-04,6007.75,0.03305,6.41,0.12295624024961,399986,中证银行,CNY,CN10Y
2018-12-05,5965.87,0.03275,6.37,0.12423587127158556,399986,中证银行,CNY,CN10Y
2018-12-06,5896.33,0.032751,6.3,0.12597915873015872,399986,中证银行,CNY,CN10Y
2018-12-07,5888.44,0.032853,6.3,0.12587715873015873,399986,中证银行,CNY,CN10Y
2018-12-10,5834.78,0.032678,6.25,0.127322,399986,中证银行,CNY,CN10Y
2018-12-11,5835.3,0.032652,6.25,0.12734800000000002,399986,中证银行,CNY,CN10Y
2018-12-12,5843.33,0.032703,6.27,0.1267866331738437,399986,中证银行,CNY,CN10Y
2018-12-13,5883.95,0.033311,6.31,0.1251676053882726,399986,中证银行,CNY,CN10Y
2018-12-14,5817.96,0.033468,6.25,0.126532,399986,中证银行,CNY,CN10Y
2018-12-17,5837.49,0.033713,6.28,0.12552266878980892,399986,中证银行,CNY,CN10Y
2018-12-18,5778.3,0.033714,6.23,0.12679964365971108,399986,中证银行,CNY,CN10Y
2018-12-19,5716.03,0.033412,6.17,0.1286625542949757,399986,中证银行,CNY,CN10Y
2018-12-20,5612.47,0.033003,6.08,0.13147068421052632,399986,中证银行,CNY,CN10Y
2018-12-21,5553.21,0.033168,6.03,0.13266947927031508,399986,中证银行,CNY,CN10Y
2018-12-24,5540.99,0.033483,6.04,0.1320799139072848,399986,中证银行,CNY,CN10Y
2018-12-25,5521.67,0.033113,6.04,0.13244991390728478,399986,中证银行,CNY,CN10Y
2018-12-26,5503.87,0.033011,6.05,0.1322782561983471,399986,中证银行,CNY,CN10Y
2018-12-27,5513.08,0.032709,6.06,0.13230750165016503,399986,中证银行,CNY,CN10Y
2018-12-28,5564.16,0.032315,6.09,0.13188861247947453,399986,中证银行,CNY,CN10Y
2018-12-29,,0.032265,6.09,0.13193861247947453,399986,中证银行,CNY,CN10Y
2018-12-30,,0.032265,6.09,0.13193861247947453,399986,中证银行,CNY,CN10Y
2018-12-31,,0.032265,6.09,0.13193861247947453,399986,中证银行,CNY,CN10Y
2019-01-02,5470.49,0.031734,5.98,0.13549008026755854,399986,中证银行,CNY,CN10Y
2019-01-03,5520.86,0.03141,6.02,0.13470295681063124,399986,中证银行,CNY,CN10Y
2019-01-04,5633.23,0.031513,6.12,0.13188569281045753,399986,中证银行,CNY,CN10Y
2019-01-07,5620.26,0.031507,6.1,0.1324274262295082,399986,中证银行,CNY,CN10Y
2019-01-08,5595.59,0.031211,6.06,0.13380550165016503,399986,中证银行,CNY,CN10Y
2019-01-09,5642.91,0.0311059999999999,6.11,0.1325601211129297,399986,中证银行,CNY,CN10Y
2019-01-10,5627.93,0.031006,6.08,0.13346768421052632,399986,中证银行,CNY,CN10Y
2019-01-11,5676.72,0.031058,6.11,0.1326081211129296,399986,中证银行,CNY,CN10Y
2019-01-14,5639.24,0.031297,6.07,0.13344764579901153,399986,中证银行,CNY,CN10Y
2019-01-15,5698.96,0.031383,6.12,0.13201569281045752,399986,中证银行,CNY,CN10Y
2019-01-16,5710.31,0.030745,6.13,0.1323871370309951,399986,中证银行,CNY,CN10Y
2019-01-17,5680.69,0.03076,6.12,0.1326386928104575,399986,中证银行,CNY,CN10Y
2019-01-18,5783.56,0.03091,6.23,0.12960364365971108,399986,中证银行,CNY,CN10Y
2019-01-21,5796.09,0.031037,6.25,0.128963,399986,中证银行,CNY,CN10Y
2019-01-22,5750.64,0.031071,6.2,0.13021932258064517,399986,中证银行,CNY,CN10Y
2019-01-23,5766.12,0.03119,6.23,0.12932364365971108,399986,中证银行,CNY,CN10Y
2019-01-24,5813.43,0.031338,6.27,0.1281516331738437,399986,中证银行,CNY,CN10Y
2019-01-25,5906.67,0.031398,6.36,0.1258347044025157,399986,中证银行,CNY,CN10Y
2019-01-28,5901.24,0.031397,6.36,0.1258357044025157,399986,中证银行,CNY,CN10Y
2019-01-29,5943.39,0.031246,6.4,0.125004,399986,中证银行,CNY,CN10Y
2019-01-30,5921.93,0.0311509999999999,6.38,0.12558881191222582,399986,中证银行,CNY,CN10Y
2019-01-31,6027.95,0.031037,6.49,0.12304620493066255,399986,中证银行,CNY,CN10Y
2019-02-01,6034.2,0.031032,6.49,0.12305120493066254,399986,中证银行,CNY,CN10Y
2019-02-02,,0.030978,6.49,0.12310520493066254,399986,中证银行,CNY,CN10Y
2019-02-03,,0.0309669999999999,6.49,0.12311620493066265,399986,中证银行,CNY,CN10Y
2019-02-11,6029.65,0.03067,6.48,0.12365098765432098,399986,中证银行,CNY,CN10Y
2019-02-12,6034.29,0.030748,6.5,0.12309815384615386,399986,中证银行,CNY,CN10Y
2019-02-13,6118.74,0.030719,6.58,0.1212566838905775,399986,中证银行,CNY,CN10Y
2019-02-14,6085.57,0.030726,6.53,0.12241335681470136,399986,中证银行,CNY,CN10Y
2019-02-15,5968.45,0.030794,6.4,0.125456,399986,中证银行,CNY,CN10Y
2019-02-18,6081.81,0.031094,6.51,0.12251583102918588,399986,中证银行,CNY,CN10Y
2019-02-19,6072.75,0.031279,6.5,0.12256715384615385,399986,中证银行,CNY,CN10Y
2019-02-20,6082.44,0.031196,6.51,0.12241383102918588,399986,中证银行,CNY,CN10Y
2019-02-21,6053.99,0.031361,6.48,0.12295998765432098,399986,中证银行,CNY,CN10Y
2019-02-22,6135.56,0.031451,6.53,0.12168835681470136,399986,中证银行,CNY,CN10Y
2019-02-25,6545.43,0.031787,6.95,0.11209789208633092,399986,中证银行,CNY,CN10Y
2019-02-26,6393.69,0.031878,6.8,0.11518082352941178,399986,中证银行,CNY,CN10Y
2019-02-27,6495.65,0.0316889999999999,6.89,0.11344888098693769,399986,中证银行,CNY,CN10Y
2019-02-28,6468.11,0.0317309999999999,6.85,0.11425440145985413,399986,中证银行,CNY,CN10Y
2019-03-01,6676.74,0.0318699999999999,7.02,0.11058014245014255,399986,中证银行,CNY,CN10Y
2019-03-04,6713.26,0.032023,7.05,0.10982097163120569,399986,中证银行,CNY,CN10Y
2019-03-05,6685.69,0.032149,7.01,0.11050435235378032,399986,中证银行,CNY,CN10Y
2019-03-06,6711.47,0.032021,7.04,0.11002445454545456,399986,中证银行,CNY,CN10Y
2019-03-07,6605.75,0.031572,6.94,0.11252021902017291,399986,中证银行,CNY,CN10Y
2019-03-08,6357.68,0.031423,6.69,0.11805383109118084,399986,中证银行,CNY,CN10Y
2019-03-11,6378.96,0.031374,6.72,0.11743552380952381,399986,中证银行,CNY,CN10Y
2019-03-12,6401.37,0.031424,6.75,0.11672414814814813,399986,中证银行,CNY,CN10Y
2019-03-13,6405.39,0.031375,6.73,0.11721341010401189,399986,中证银行,CNY,CN10Y
2019-03-14,6401.89,0.031475,6.73,0.11711341010401188,399986,中证银行,CNY,CN10Y
2019-03-15,6427.26,0.031376,6.75,0.11677214814814814,399986,中证银行,CNY,CN10Y
2019-03-18,6538.84,0.031377,6.85,0.11460840145985403,399986,中证银行,CNY,CN10Y
2019-03-19,6506.93,0.031377,6.82,0.11525056598240467,399986,中证银行,CNY,CN10Y
2019-03-20,6515.58,0.031453,6.81,0.11538987812041115,399986,中证银行,CNY,CN10Y
2019-03-21,6468.66,0.031291,6.77,0.11641948744460857,399986,中证银行,CNY,CN10Y
2019-03-22,6454.0,0.03108,6.77,0.11663048744460858,399986,中证银行,CNY,CN10Y
2019-03-25,6281.65,0.030831,6.61,0.120454930408472,399986,中证银行,CNY,CN10Y
2019-03-26,6269.85,0.030633,6.6,0.12088215151515153,399986,中证银行,CNY,CN10Y
2019-03-27,6327.01,0.030882,6.66,0.11926815015015016,399986,中证银行,CNY,CN10Y
2019-03-28,6291.41,0.030634,6.61,0.120651930408472,399986,中证银行,CNY,CN10Y
2019-03-29,6478.53,0.030683,6.78,0.11680962536873156,399986,中证银行,CNY,CN10Y
2019-04-01,6590.1,0.031332,6.88,0.11401683720930234,399986,中证银行,CNY,CN10Y
2019-04-02,6607.03,0.031681,6.89,0.11345688098693758,399986,中证银行,CNY,CN10Y
2019-04-03,6653.17,0.032331,6.93,0.11196914430014432,399986,中证银行,CNY,CN10Y
2019-04-04,6763.0,0.032679,7.05,0.10916497163120568,399986,中证银行,CNY,CN10Y
2019-04-08,6813.24,0.032482,7.08,0.10876093785310735,399986,中证银行,CNY,CN10Y
2019-04-09,6737.51,0.0328819999999999,7.01,0.10977135235378042,399986,中证银行,CNY,CN10Y
2019-04-10,6716.56,0.032932,6.99,0.11012951645207437,399986,中证银行,CNY,CN10Y
2019-04-11,6667.12,0.032784,6.94,0.1113082190201729,399986,中证银行,CNY,CN10Y
2019-04-12,6667.77,0.033334,6.95,0.11055089208633093,399986,中证银行,CNY,CN10Y
2019-04-15,6701.79,0.033736,7.0,0.10912114285714285,399986,中证银行,CNY,CN10Y
2019-04-16,6973.71,0.033937,7.25,0.10399403448275862,399986,中证银行,CNY,CN10Y
2019-04-17,6933.4,0.033938,7.23,0.10437458644536651,399986,中证银行,CNY,CN10Y
2019-04-18,6878.53,0.033589,7.17,0.10588101394700139,399986,中证银行,CNY,CN10Y
2019-04-19,6930.0,0.033741,7.22,0.10476315512465376,399986,中证银行,CNY,CN10Y
2019-04-22,6734.58,0.034091,7.03,0.10815651066856327,399986,中证银行,CNY,CN10Y
2019-04-23,6745.91,0.033993,7.04,0.10805245454545456,399986,中证银行,CNY,CN10Y
2019-04-24,6762.94,0.034343,7.04,0.10770245454545456,399986,中证银行,CNY,CN10Y
2019-04-25,6692.56,0.034193,6.97,0.10927902295552366,399986,中证银行,CNY,CN10Y
2019-04-26,6584.07,0.034043,6.89,0.1110948809869376,399986,中证银行,CNY,CN10Y
2019-04-28,,0.034043,6.89,0.1110948809869376,399986,中证银行,CNY,CN10Y
2019-04-29,6698.5,0.034268,6.99,0.10879351645207438,399986,中证银行,CNY,CN10Y
2019-04-30,6720.37,0.0338689999999999,7.0,0.10898814285714295,399986,中证银行,CNY,CN10Y
2019-05-05,,0.033849,7.0,0.10900814285714286,399986,中证银行,CNY,CN10Y
2019-05-06,6538.69,0.0335499999999999,7.14,0.10650602240896369,399986,中证银行,CNY,CN10Y
2019-05-07,6526.48,0.033551,7.12,0.1068984382022472,399986,中证银行,CNY,CN10Y
2019-05-08,6420.39,0.033426,7.01,0.10922735235378032,399986,中证银行,CNY,CN10Y
2019-05-09,6295.92,0.033116,6.91,0.11160180028943559,399986,中证银行,CNY,CN10Y
2019-05-10,6431.16,0.033017,7.04,0.10902845454545457,399986,中证银行,CNY,CN10Y
2019-05-13,6336.57,0.032709,6.94,0.11138321902017291,399986,中证银行,CNY,CN10Y
2019-05-14,6312.64,0.032859,6.91,0.1118588002894356,399986,中证银行,CNY,CN10Y
2019-05-15,6415.18,0.032762,7.01,0.10989135235378032,399986,中证银行,CNY,CN10Y
2019-05-16,6417.26,0.032662,7.03,0.10958551066856329,399986,中证银行,CNY,CN10Y
2019-05-17,6339.28,0.032665,6.96,0.11101316091954022,399986,中证银行,CNY,CN10Y
2019-05-20,6344.84,0.032717,7.0,0.11014014285714285,399986,中证银行,CNY,CN10Y
2019-05-21,6389.83,0.03299,7.04,0.10905545454545457,399986,中证银行,CNY,CN10Y
2019-05-22,6372.31,0.033264,7.03,0.10898351066856328,399986,中证银行,CNY,CN10Y
2019-05-23,6335.41,0.0331,7.0,0.10975714285714286,399986,中证银行,CNY,CN10Y
2019-05-24,6373.52,0.033125,7.04,0.10892045454545456,399986,中证银行,CNY,CN10Y
2019-05-27,6387.88,0.0335,7.05,0.10834397163120568,399986,中证银行,CNY,CN10Y
2019-05-28,6426.61,0.0331,7.09,0.10794372355430185,399986,中证银行,CNY,CN10Y
2019-05-29,6372.21,0.032875,7.04,0.10917045454545456,399986,中证银行,CNY,CN10Y
2019-05-30,6369.7,0.03275,7.06,0.10889305949008499,399986,中证银行,CNY,CN10Y
2019-05-31,6347.59,0.032751,7.02,0.10969914245014245,399986,中证银行,CNY,CN10Y
2019-06-03,6364.12,0.032401,7.03,0.10984651066856328,399986,中证银行,CNY,CN10Y
2019-06-04,6358.73,0.032101,7.04,0.10994445454545457,399986,中证银行,CNY,CN10Y
2019-06-05,6379.86,0.0321,7.07,0.10934271570014145,399986,中证银行,CNY,CN10Y
2019-06-06,6378.06,0.032136,7.06,0.10950705949008499,399986,中证银行,CNY,CN10Y
2019-06-10,6463.4,0.032251,7.14,0.10780502240896359,399986,中证银行,CNY,CN10Y
2019-06-11,6531.11,0.032651,7.19,0.10643105841446453,399986,中证银行,CNY,CN10Y
2019-06-12,6519.88,0.032601,7.17,0.1068690139470014,399986,中证银行,CNY,CN10Y
2019-06-13,6508.13,0.032451,7.15,0.10740913986013984,399986,中证银行,CNY,CN10Y
2019-06-14,6500.21,0.032302,7.14,0.10775402240896359,399986,中证银行,CNY,CN10Y
2019-06-17,6526.17,0.032252,7.19,0.10683005841446452,399986,中证银行,CNY,CN10Y
2019-06-18,6555.09,0.032302,7.22,0.10620215512465375,399986,中证银行,CNY,CN10Y
2019-06-19,6575.19,0.032427,7.2,0.1064618888888889,399986,中证银行,CNY,CN10Y
2019-06-20,6738.75,0.032352,7.34,0.1038877820163488,399986,中证银行,CNY,CN10Y
2019-06-21,6681.66,0.032303,7.29,0.10487121124828533,399986,中证银行,CNY,CN10Y
2019-06-24,6696.27,0.0324529999999999,7.31,0.10434590560875523,399986,中证银行,CNY,CN10Y
2019-06-25,6554.49,0.032353,7.2,0.1065358888888889,399986,中证银行,CNY,CN10Y
2019-06-26,6522.79,0.0324529999999999,7.17,0.1070170139470015,399986,中证银行,CNY,CN10Y
2019-06-27,6584.95,0.032553,7.23,0.10575958644536651,399986,中证银行,CNY,CN10Y
2019-06-28,6564.18,0.032254,7.2,0.10663488888888889,399986,中证银行,CNY,CN10Y
2019-07-01,6649.64,0.032254,7.28,0.10510863736263734,399986,中证银行,CNY,CN10Y
2019-07-02,6646.9,0.0317039999999999,7.28,0.10565863736263745,399986,中证银行,CNY,CN10Y
2019-07-03,6605.41,0.031554,7.16,0.10811080446927374,399986,中证银行,CNY,CN10Y
2019-07-04,6596.76,0.031479,7.15,0.10838113986013984,399986,中证银行,CNY,CN10Y
2019-07-05,6568.87,0.031705,7.13,0.10854745441795231,399986,中证银行,CNY,CN10Y
2019-07-08,6448.61,0.031805,7.01,0.11084835235378032,399986,中证银行,CNY,CN10Y
2019-07-09,6403.93,0.03168,6.98,0.11158647564469913,399986,中证银行,CNY,CN10Y
2019-07-10,6364.24,0.031706,6.95,0.11217889208633093,399986,中证银行,CNY,CN10Y
2019-07-11,6374.94,0.03168,6.97,0.11179202295552366,399986,中证银行,CNY,CN10Y
2019-07-12,6426.27,0.0315309999999999,7.01,0.11112235235378043,399986,中证银行,CNY,CN10Y
2019-07-15,6417.49,0.031782,7.0,0.11107514285714284,399986,中证银行,CNY,CN10Y
2019-07-16,6406.43,0.031732,6.99,0.11132951645207437,399986,中证银行,CNY,CN10Y
2019-07-17,6381.21,0.031757,6.95,0.11212789208633092,399986,中证银行,CNY,CN10Y
2019-07-18,6375.74,0.031608,6.94,0.11248421902017292,399986,中证银行,CNY,CN10Y
2019-07-19,6455.58,0.031559,7.01,0.11109435235378032,399986,中证银行,CNY,CN10Y
2019-07-22,6437.59,0.031484,7.0,0.11137314285714285,399986,中证银行,CNY,CN10Y
2019-07-23,6448.85,0.031484,7.02,0.11096614245014245,399986,中证银行,CNY,CN10Y
2019-07-24,6486.34,0.0317099999999999,7.05,0.11013397163120578,399986,中证银行,CNY,CN10Y
2019-07-25,6582.66,0.0316349999999999,7.12,0.1088144382022473,399986,中证银行,CNY,CN10Y
2019-07-26,6577.65,0.031661,7.11,0.10898597609001406,399986,中证银行,CNY,CN10Y
2019-07-29,6570.89,0.031836,7.1,0.10900907042253521,399986,中证银行,CNY,CN10Y
2019-07-30,6601.46,0.031761,7.13,0.10849145441795231,399986,中证银行,CNY,CN10Y
2019-07-31,6550.09,0.031552,7.09,0.10949172355430184,399986,中证银行,CNY,CN10Y
2019-08-01,6491.59,0.031487,7.04,0.11055845454545456,399986,中证银行,CNY,CN10Y
2019-08-02,6416.65,0.030914,6.96,0.11276416091954022,399986,中证银行,CNY,CN10Y
2019-08-05,6297.86,0.0305629999999999,6.84,0.11563583040935682,399986,中证银行,CNY,CN10Y
2019-08-06,6231.56,0.030613,6.76,0.11731599408284024,399986,中证银行,CNY,CN10Y
2019-08-07,6214.5,0.030514,6.74,0.11785395252225518,399986,中证银行,CNY,CN10Y
2019-08-08,6320.45,0.030465,6.83,0.11594788433382139,399986,中证银行,CNY,CN10Y
2019-08-09,6313.1,0.030216,6.83,0.11619688433382139,399986,中证银行,CNY,CN10Y
2019-08-12,6384.09,0.0303909999999999,6.9,0.11453653623188416,399986,中证银行,CNY,CN10Y
2019-08-13,6314.41,0.030041,6.84,0.11615783040935672,399986,中证银行,CNY,CN10Y
2019-08-14,6297.98,0.030105,6.84,0.11609383040935672,399986,中证银行,CNY,CN10Y
2019-08-15,6292.16,0.030115,6.84,0.11608383040935671,399986,中证银行,CNY,CN10Y
2019-08-16,6275.44,0.030217,6.81,0.11662587812041117,399986,中证银行,CNY,CN10Y
2019-08-19,6305.01,0.030191,6.83,0.11622188433382138,399986,中证银行,CNY,CN10Y
2019-08-20,6293.85,0.0303169999999999,6.81,0.11652587812041126,399986,中证银行,CNY,CN10Y
2019-08-21,6273.17,0.030567,6.8,0.11649182352941177,399986,中证银行,CNY,CN10Y
2019-08-22,6263.69,0.030543,6.78,0.11694962536873156,399986,中证银行,CNY,CN10Y
2019-08-23,6331.29,0.030644,6.83,0.11576888433382138,399986,中证银行,CNY,CN10Y
2019-08-26,6226.61,0.030494,6.74,0.11787395252225519,399986,中证银行,CNY,CN10Y
2019-08-27,6254.62,0.03052,6.78,0.11697262536873157,399986,中证银行,CNY,CN10Y
2019-08-28,6201.44,0.03052,6.74,0.11784795252225519,399986,中证银行,CNY,CN10Y
2019-08-29,6162.71,0.0303209999999999,6.71,0.11871029657228027,399986,中证银行,CNY,CN10Y
2019-08-30,6175.5,0.030573,6.72,0.1182365238095238,399986,中证银行,CNY,CN10Y
2019-09-02,6210.76,0.0307229999999999,6.28,0.12851266878980902,399986,中证银行,CNY,CN10Y
2019-09-03,6207.12,0.030624,6.28,0.1286116687898089,399986,中证银行,CNY,CN10Y
2019-09-04,6304.59,0.030473,6.37,0.12651287127158556,399986,中证银行,CNY,CN10Y
2019-09-05,6382.66,0.030173,6.43,0.12534799533437013,399986,中证银行,CNY,CN10Y
2019-09-06,6424.19,0.030173,6.47,0.12438650540958268,399986,中证银行,CNY,CN10Y
2019-09-09,6403.9,0.03025,6.45,0.12478875968992248,399986,中证银行,CNY,CN10Y
2019-09-10,6379.13,0.030425,6.43,0.12509599533437013,399986,中证银行,CNY,CN10Y
2019-09-11,6426.48,0.030525,6.48,0.12379598765432098,399986,中证银行,CNY,CN10Y
2019-09-12,6451.9,0.030876,6.51,0.12273383102918588,399986,中证银行,CNY,CN10Y
2019-09-16,6417.49,0.030926,6.48,0.12339498765432098,399986,中证银行,CNY,CN10Y
2019-09-17,6336.49,0.031076,6.41,0.12493024024961,399986,中证银行,CNY,CN10Y
2019-09-18,6340.84,0.031277,6.41,0.12472924024960999,399986,中证银行,CNY,CN10Y
2019-09-19,6351.46,0.031053,6.42,0.1247102398753894,399986,中证银行,CNY,CN10Y
2019-09-20,6382.78,0.0309799999999999,6.44,0.12429950310559015,399986,中证银行,CNY,CN10Y
2019-09-23,6324.5,0.0310049999999999,6.39,0.1254895226917059,399986,中证银行,CNY,CN10Y
2019-09-24,6313.74,0.0312049999999999,6.39,0.1252895226917059,399986,中证银行,CNY,CN10Y
2019-09-25,6343.55,0.031157,6.4,0.125093,399986,中证银行,CNY,CN10Y
2019-09-26,6433.23,0.031381,6.49,0.12270220493066256,399986,中证银行,CNY,CN10Y
2019-09-27,6437.89,0.031482,6.48,0.12283898765432097,399986,中证银行,CNY,CN10Y
2019-09-29,,0.031434,6.48,0.12288698765432099,399986,中证银行,CNY,CN10Y
2019-09-30,6374.46,0.0314109999999999,6.43,0.12410999533437024,399986,中证银行,CNY,CN10Y
2019-10-08,6461.2,0.031063,6.49,0.12302020493066254,399986,中证银行,CNY,CN10Y
2019-10-09,6534.27,0.031089,6.55,0.12158275572519084,399986,中证银行,CNY,CN10Y
2019-10-10,6530.38,0.031289,6.54,0.1216161987767584,399986,中证银行,CNY,CN10Y
2019-10-11,6661.11,0.031564,6.66,0.11858615015015014,399986,中证银行,CNY,CN10Y
2019-10-12,,0.031716,6.66,0.11843415015015016,399986,中证银行,CNY,CN10Y
2019-10-14,6792.52,0.031641,6.77,0.11606948744460857,399986,中证银行,CNY,CN10Y
2019-10-15,6804.73,0.031668,6.78,0.11582462536873156,399986,中证银行,CNY,CN10Y
2019-10-16,6778.1,0.031693,6.77,0.11601748744460857,399986,中证银行,CNY,CN10Y
2019-10-17,6764.79,0.031569,6.76,0.11635999408284024,399986,中证银行,CNY,CN10Y
2019-10-18,6660.38,0.0318699999999999,6.68,0.11783059880239533,399986,中证银行,CNY,CN10Y
2019-10-21,6740.43,0.0321959999999999,6.77,0.11551448744460868,399986,中证银行,CNY,CN10Y
2019-10-22,6715.39,0.0321959999999999,6.76,0.11573299408284035,399986,中证银行,CNY,CN10Y
2019-10-23,6714.26,0.032122,6.78,0.11537062536873156,399986,中证银行,CNY,CN10Y
2019-10-24,6788.71,0.0321959999999999,6.84,0.11400283040935683,399986,中证银行,CNY,CN10Y
2019-10-25,6770.86,0.032372,6.85,0.11361340145985403,399986,中证银行,CNY,CN10Y
2019-10-28,6728.69,0.032924,6.8,0.11413482352941176,399986,中证银行,CNY,CN10Y
2019-10-29,6711.02,0.033029,6.78,0.11446362536873156,399986,中证银行,CNY,CN10Y
2019-10-30,6689.09,0.033125,6.77,0.11458548744460857,399986,中证银行,CNY,CN10Y
2019-10-31,6654.02,0.03288,6.74,0.11548795252225519,399986,中证银行,CNY,CN10Y
2019-11-01,6793.98,0.032757,6.72,0.1160525238095238,399986,中证银行,CNY,CN10Y
2019-11-04,6831.86,0.032954,6.73,0.11563441010401189,399986,中证银行,CNY,CN10Y
2019-11-05,6910.08,0.032454,6.79,0.11482140500736378,399986,中证银行,CNY,CN10Y
2019-11-06,6932.2,0.032555,6.82,0.11407256598240467,399986,中证银行,CNY,CN10Y
2019-11-07,6914.32,0.032736,6.79,0.11453940500736377,399986,中证银行,CNY,CN10Y
2019-11-08,6827.8,0.032765,6.71,0.11626629657228017,399986,中证银行,CNY,CN10Y
2019-11-11,6724.28,0.032463,6.6,0.11905215151515153,399986,中证银行,CNY,CN10Y
2019-11-12,6737.12,0.0325499999999999,6.62,0.11850740181268891,399986,中证银行,CNY,CN10Y
2019-11-13,6707.98,0.03237,6.6,0.11914515151515151,399986,中证银行,CNY,CN10Y
2019-11-14,6672.68,0.032555,6.56,0.1198840243902439,399986,中证银行,CNY,CN10Y
2019-11-15,6673.03,0.032355,6.57,0.11985200152207001,399986,中证银行,CNY,CN10Y
2019-11-18,6752.59,0.031993,6.63,0.11883656259426847,399986,中证银行,CNY,CN10Y
2019-11-19,6749.47,0.031743,6.64,0.11885940963855424,399986,中证银行,CNY,CN10Y
2019-11-20,6628.39,0.031747,6.55,0.12092475572519085,399986,中证银行,CNY,CN10Y
2019-11-21,6611.1,0.031749,6.53,0.12139035681470137,399986,中证银行,CNY,CN10Y
2019-11-22,6586.63,0.031747,6.51,0.12186283102918588,399986,中证银行,CNY,CN10Y
2019-11-25,6665.31,0.031875,6.6,0.11964015151515152,399986,中证银行,CNY,CN10Y
2019-11-26,6624.7,0.031675,6.58,0.12030068389057749,399986,中证银行,CNY,CN10Y
2019-11-27,6630.41,0.0317,6.59,0.12004506828528072,399986,中证银行,CNY,CN10Y
2019-11-28,6604.51,0.03165,6.56,0.1207890243902439,399986,中证银行,CNY,CN10Y
2019-11-29,6564.22,0.03165,6.52,0.12172423312883436,399986,中证银行,CNY,CN10Y
2019-12-02,6569.36,0.032062,6.52,0.12131223312883435,399986,中证银行,CNY,CN10Y
2019-12-03,6593.44,0.0317459999999999,6.53,0.12139335681470147,399986,中证银行,CNY,CN10Y
2019-12-04,6558.07,0.031751,6.5,0.12209515384615385,399986,中证银行,CNY,CN10Y
2019-12-05,6590.96,0.031776,6.53,0.12136335681470137,399986,中证银行,CNY,CN10Y
2019-12-06,6597.85,0.031751,6.53,0.12138835681470136,399986,中证银行,CNY,CN10Y
2019-12-09,6586.64,0.031903,6.52,0.12147123312883436,399986,中证银行,CNY,CN10Y
2019-12-10,6562.25,0.031776,6.49,0.12230720493066255,399986,中证银行,CNY,CN10Y
2019-12-11,6634.24,0.031702,6.54,0.12120319877675839,399986,中证银行,CNY,CN10Y
2019-12-12,6617.26,0.031652,6.53,0.12148735681470137,399986,中证银行,CNY,CN10Y
2019-12-13,6747.0,0.0318279999999999,6.65,0.11854793984962415,399986,中证银行,CNY,CN10Y
2019-12-16,6730.24,0.031854,6.65,0.11852193984962406,399986,中证银行,CNY,CN10Y
2019-12-17,6824.45,0.0321329999999999,6.73,0.11645541010401199,399986,中证银行,CNY,CN10Y
2019-12-18,6831.31,0.032139,6.75,0.11600914814814814,399986,中证银行,CNY,CN10Y
2019-12-19,6842.12,0.032139,6.77,0.11557148744460857,399986,中证银行,CNY,CN10Y
2019-12-20,6842.82,0.031808,6.78,0.11568462536873156,399986,中证银行,CNY,CN10Y
2019-12-23,6766.43,0.031661,6.71,0.11737029657228018,399986,中证银行,CNY,CN10Y
2019-12-24,6806.54,0.031535,6.73,0.11705341010401188,399986,中证银行,CNY,CN10Y
2019-12-25,6775.5,0.031463,6.7,0.11779073134328358,399986,中证银行,CNY,CN10Y
2019-12-26,6825.87,0.031137,6.75,0.11701114814814814,399986,中证银行,CNY,CN10Y
2019-12-27,6834.07,0.031292,6.77,0.11641848744460857,399986,中证银行,CNY,CN10Y
2019-12-30,6828.27,0.031322,6.77,0.11638848744460857,399986,中证银行,CNY,CN10Y
2019-12-31,6824.51,0.031365,6.75,0.11678314814814814,399986,中证银行,CNY,CN10Y
2020-01-02,6934.35,0.031485,6.85,0.11450040145985403,399986,中证银行,CNY,CN10Y
2020-01-03,6951.82,0.031428,6.86,0.11434459475218657,399986,中证银行,CNY,CN10Y
2020-01-06,6904.02,0.031352,6.82,0.11527556598240468,399986,中证银行,CNY,CN10Y
2020-01-07,6936.36,0.031379,6.86,0.11439359475218658,399986,中证银行,CNY,CN10Y
2020-01-08,6824.86,0.031337,6.76,0.11659199408284024,399986,中证银行,CNY,CN10Y
2020-01-09,6860.45,0.031184,6.78,0.11630862536873156,399986,中证银行,CNY,CN10Y
2020-01-10,6859.47,0.030819,6.78,0.11667362536873156,399986,中证银行,CNY,CN10Y
2020-01-13,6878.16,0.03084,6.79,0.11643540500736377,399986,中证银行,CNY,CN10Y
2020-01-14,6860.72,0.030994,6.78,0.11649862536873157,399986,中证银行,CNY,CN10Y
2020-01-15,6786.25,0.030897,6.71,0.11813429657228017,399986,中证银行,CNY,CN10Y
2020-01-16,6740.83,0.030918,6.66,0.11923215015015015,399986,中证银行,CNY,CN10Y
2020-01-17,6741.02,0.030832,6.66,0.11931815015015015,399986,中证银行,CNY,CN10Y
2020-01-19,,0.03078,6.66,0.11937015015015015,399986,中证银行,CNY,CN10Y
2020-01-20,6775.33,0.0307759999999999,6.69,0.11870083109118094,399986,中证银行,CNY,CN10Y
2020-01-21,6679.5,0.030337,6.61,0.12094893040847199,399986,中证银行,CNY,CN10Y
2020-01-22,6675.8,0.030282,6.6,0.12123315151515152,399986,中证银行,CNY,CN10Y
2020-01-23,6514.41,0.029932,6.48,0.12438898765432098,399986,中证银行,CNY,CN10Y
2020-02-03,6082.72,0.028231,6.09,0.13597261247947454,399986,中证银行,CNY,CN10Y
2020-02-04,6210.2,0.028551,6.2,0.13273932258064516,399986,中证银行,CNY,CN10Y
2020-02-05,6206.73,0.02844,6.2,0.13285032258064516,399986,中证银行,CNY,CN10Y
2020-02-06,6248.94,0.028392,6.23,0.13212164365971107,399986,中证银行,CNY,CN10Y
2020-02-07,6222.84,0.028024,6.2,0.13326632258064516,399986,中证银行,CNY,CN10Y
2020-02-10,6196.45,0.0278719999999999,6.17,0.1342025542949758,399986,中证银行,CNY,CN10Y
2020-02-11,6260.94,0.02834,6.23,0.13217364365971107,399986,中证银行,CNY,CN10Y
2020-02-12,6272.4,0.028333,6.24,0.13192341025641025,399986,中证银行,CNY,CN10Y
2020-02-13,6221.77,0.028201,6.19,0.1333498885298869,399986,中证银行,CNY,CN10Y
2020-02-14,6277.27,0.028631,6.24,0.13162541025641025,399986,中证银行,CNY,CN10Y
2020-02-17,6389.02,0.028928,6.34,0.12880070662460566,399986,中证银行,CNY,CN10Y
2020-02-18,6324.64,0.028664,6.29,0.1303185119236884,399986,中证银行,CNY,CN10Y
2020-02-19,6323.15,0.028776,6.3,0.12995415873015873,399986,中证银行,CNY,CN10Y
2020-02-20,6403.19,0.028857,6.37,0.12812887127158556,399986,中证银行,CNY,CN10Y
2020-02-21,6382.3,0.02847,6.34,0.12925870662460567,399986,中证银行,CNY,CN10Y
2020-02-24,6307.2,0.02812,6.28,0.1311156687898089,399986,中证银行,CNY,CN10Y
2020-02-25,6244.77,0.02822,6.22,0.13255170418006432,399986,中证银行,CNY,CN10Y
2020-02-26,6267.25,0.0279729999999999,6.24,0.13228341025641033,399986,中证银行,CNY,CN10Y
2020-02-27,6297.07,0.027702,6.27,0.1317876331738437,399986,中证银行,CNY,CN10Y
2020-02-28,6129.83,0.027376,6.12,0.1360226928104575,399986,中证银行,CNY,CN10Y
2020-03-02,6243.43,0.0274279999999999,6.22,0.13334370418006442,399986,中证银行,CNY,CN10Y
2020-03-03,6256.12,0.027478,6.24,0.13277841025641024,399986,中证银行,CNY,CN10Y
2020-03-04,6268.29,0.02673,6.25,0.13327,399986,中证银行,CNY,CN10Y
2020-03-05,6432.44,0.026829,6.38,0.12991081191222573,399986,中证银行,CNY,CN10Y
2020-03-06,6332.72,0.02628,6.3,0.13245015873015872,399986,中证银行,CNY,CN10Y
2020-03-09,6172.01,0.025205,6.15,0.13739662601626015,399986,中证银行,CNY,CN10Y
2020-03-10,6240.1,0.02613,6.21,0.13490059581320452,399986,中证银行,CNY,CN10Y
2020-03-11,6185.32,0.0260789999999999,6.17,0.13599555429497578,399986,中证银行,CNY,CN10Y
2020-03-12,6151.92,0.026379,6.14,0.13648744951140068,399986,中证银行,CNY,CN10Y
2020-03-13,6091.88,0.0267589999999999,6.08,0.13771468421052643,399986,中证银行,CNY,CN10Y
2020-03-16,5913.86,0.026758,5.95,0.14130922689075628,399986,中证银行,CNY,CN10Y
2020-03-17,5901.23,0.027135,5.95,0.1409322268907563,399986,中证银行,CNY,CN10Y
2020-03-18,5764.46,0.027136,5.84,0.14409687671232876,399986,中证银行,CNY,CN10Y
2020-03-19,5601.71,0.027299,5.7,0.14813959649122807,399986,中证银行,CNY,CN10Y
2020-03-20,5726.65,0.026815,5.81,0.14530203958691912,399986,中证银行,CNY,CN10Y
2020-03-23,5596.61,0.0263149999999999,5.69,0.14943192442882258,399986,中证银行,CNY,CN10Y
2020-03-24,5741.57,0.0262889999999999,5.82,0.1455323058419245,399986,中证银行,CNY,CN10Y
2020-03-25,5838.98,0.0262889999999999,5.9,0.1432025254237289,399986,中证银行,CNY,CN10Y
2020-03-26,5874.61,0.0259399999999999,5.92,0.142978918918919,399986,中证银行,CNY,CN10Y
2020-03-27,5893.78,0.02609,5.94,0.14226016835016833,399986,中证银行,CNY,CN10Y
2020-03-30,5873.11,0.026142,5.94,0.14220816835016833,399986,中证银行,CNY,CN10Y
2020-03-31,5808.18,0.025899,5.87,0.14445875127768312,399986,中证银行,CNY,CN10Y
2020-04-01,5804.83,0.02555,5.87,0.14480775127768314,399986,中证银行,CNY,CN10Y
2020-04-02,5842.66,0.025854,5.91,0.14335073773265652,399986,中证银行,CNY,CN10Y
2020-04-03,5804.11,0.025965,5.87,0.14439275127768314,399986,中证银行,CNY,CN10Y
2020-04-07,5871.71,0.025112,5.92,0.14380691891891892,399986,中证银行,CNY,CN10Y
2020-04-08,5837.96,0.024824,5.89,0.14495528692699494,399986,中证银行,CNY,CN10Y
2020-04-09,5836.89,0.025226,5.89,0.14455328692699493,399986,中证银行,CNY,CN10Y
2020-04-10,5835.17,0.025403,5.88,0.14466502721088434,399986,中证银行,CNY,CN10Y
2020-04-13,5792.88,0.025658,5.86,0.1449904641638225,399986,中证银行,CNY,CN10Y
2020-04-14,5860.56,0.025591,5.91,0.1436137377326565,399986,中证银行,CNY,CN10Y
2020-04-15,5829.02,0.025455,5.89,0.14432428692699492,399986,中证银行,CNY,CN10Y
2020-04-16,5813.45,0.025276,5.89,0.14450328692699493,399986,中证银行,CNY,CN10Y
2020-04-17,5859.9,0.02559,5.93,0.14304406408094436,399986,中证银行,CNY,CN10Y
2020-04-20,5841.27,0.02592,5.9,0.1435715254237288,399986,中证银行,CNY,CN10Y
2020-04-21,5818.97,0.0257909999999999,5.88,0.14427702721088445,399986,中证银行,CNY,CN10Y
2020-04-22,5814.6,0.025567,5.88,0.14450102721088434,399986,中证银行,CNY,CN10Y
2020-04-23,5794.1,0.025227,5.85,0.14571317094017094,399986,中证银行,CNY,CN10Y
2020-04-24,5775.38,0.0250999999999999,5.83,0.14642658662092634,399986,中证银行,CNY,CN10Y
2020-04-26,,0.025205,5.83,0.14632158662092623,399986,中证银行,CNY,CN10Y
2020-04-27,5881.55,0.025345,5.91,0.1438597377326565,399986,中证银行,CNY,CN10Y
2020-04-28,5895.19,0.025254,5.91,0.14395073773265651,399986,中证银行,CNY,CN10Y
2020-04-29,6035.57,0.025009,6.02,0.14110395681063123,399986,中证银行,CNY,CN10Y
2020-04-30,6051.15,0.02538,6.04,0.14018291390728477,399986,中证银行,CNY,CN10Y
2020-05-06,5986.85,0.025809,5.86,0.1448394641638225,399986,中证银行,CNY,CN10Y
2020-05-07,5954.33,0.026298,5.83,0.14522858662092625,399986,中证银行,CNY,CN10Y
2020-05-08,6012.67,0.0262069999999999,5.87,0.14415075127768323,399986,中证银行,CNY,CN10Y
2020-05-09,,0.0264,5.87,0.14395775127768312,399986,中证银行,CNY,CN10Y
2020-05-11,6010.04,0.026698,5.88,0.14337002721088435,399986,中证银行,CNY,CN10Y
2020-05-12,5964.57,0.0266029999999999,5.85,0.14433717094017104,399986,中证银行,CNY,CN10Y
2020-05-13,5960.32,0.027076,5.85,0.14386417094017095,399986,中证银行,CNY,CN10Y
2020-05-14,5897.35,0.026989,5.8,0.1454247931034483,399986,中证银行,CNY,CN10Y
2020-05-15,5892.5,0.02682,5.79,0.14589157167530223,399986,中证银行,CNY,CN10Y
2020-05-18,5898.86,0.027253,5.8,0.1451607931034483,399986,中证银行,CNY,CN10Y
2020-05-19,5937.53,0.0272719999999999,5.83,0.14425458662092633,399986,中证银行,CNY,CN10Y
2020-05-20,5966.13,0.0269,5.85,0.14404017094017094,399986,中证银行,CNY,CN10Y
2020-05-21,5948.75,0.02685,5.83,0.14467658662092625,399986,中证银行,CNY,CN10Y
2020-05-22,5842.52,0.0261759999999999,5.75,0.14773704347826097,399986,中证银行,CNY,CN10Y
2020-05-25,5841.64,0.026852,5.76,0.14675911111111112,399986,中证银行,CNY,CN10Y
2020-05-26,5856.3,0.027402,5.77,0.1459082253032929,399986,中证银行,CNY,CN10Y
2020-05-27,5884.71,0.027527,5.8,0.1448867931034483,399986,中证银行,CNY,CN10Y
2020-05-28,5961.2,0.027201,5.86,0.1434474641638225,399986,中证银行,CNY,CN10Y
2020-05-29,5923.93,0.0270529999999999,5.82,0.1447683058419245,399986,中证银行,CNY,CN10Y
2020-06-01,6006.06,0.027253,5.89,0.14252628692699493,399986,中证银行,CNY,CN10Y
2020-06-02,6040.68,0.027852,5.92,0.14106691891891893,399986,中证银行,CNY,CN10Y
2020-06-03,6047.2,0.027901,5.92,0.1410179189189189,399986,中证银行,CNY,CN10Y
2020-06-04,6027.6,0.028301,5.91,0.14090373773265652,399986,中证银行,CNY,CN10Y
2020-06-05,6036.74,0.028475,5.92,0.14044391891891891,399986,中证银行,CNY,CN10Y
2020-06-08,6040.41,0.0281009999999999,5.93,0.14053306408094446,399986,中证银行,CNY,CN10Y
2020-06-09,6050.22,0.028031,5.94,0.14031916835016833,399986,中证银行,CNY,CN10Y
2020-06-10,6008.12,0.028201,5.91,0.1410037377326565,399986,中证银行,CNY,CN10Y
2020-06-11,5935.44,0.0277009999999999,5.86,0.14294746416382262,399986,中证银行,CNY,CN10Y
2020-06-12,5942.09,0.027451,5.86,0.1431974641638225,399986,中证银行,CNY,CN10Y
2020-06-15,5869.15,0.027878,5.84,0.14335487671232877,399986,中证银行,CNY,CN10Y
2020-06-16,5916.09,0.0284019999999999,5.89,0.14137728692699503,399986,中证银行,CNY,CN10Y
2020-06-17,5911.53,0.0288019999999999,5.88,0.14126602721088444,399986,中证银行,CNY,CN10Y
2020-06-18,5891.69,0.028527,5.85,0.14241317094017095,399986,中证银行,CNY,CN10Y
2020-06-19,5901.3,0.028752,5.86,0.1418964641638225,399986,中证银行,CNY,CN10Y
2020-06-22,5869.12,0.029153,5.84,0.14207987671232875,399986,中证银行,CNY,CN10Y
2020-06-23,5840.76,0.029127,5.81,0.14299003958691914,399986,中证银行,CNY,CN10Y
2020-06-24,5894.62,0.028614,5.86,0.1420344641638225,399986,中证银行,CNY,CN10Y
2020-06-28,,0.028404,5.86,0.14224446416382253,399986,中证银行,CNY,CN10Y
2020-06-29,5882.45,0.028504,5.86,0.1421444641638225,399986,中证银行,CNY,CN10Y
2020-06-30,5864.1,0.0282299999999999,5.81,0.14388703958691923,399986,中证银行,CNY,CN10Y
2020-07-01,5970.72,0.028456,5.88,0.14161202721088434,399986,中证银行,CNY,CN10Y
2020-07-02,6108.22,0.028584,6.01,0.1378053510815308,399986,中证银行,CNY,CN10Y
2020-07-03,6268.92,0.028974,6.15,0.13362762601626016,399986,中证银行,CNY,CN10Y
2020-07-06,6835.22,0.029959,6.68,0.11974159880239522,399986,中证银行,CNY,CN10Y
2020-07-07,6800.29,0.030158,6.64,0.12044440963855423,399986,中证银行,CNY,CN10Y
2020-07-08,6819.6,0.030632,6.63,0.12019756259426848,399986,中证银行,CNY,CN10Y
2020-07-09,6738.52,0.030809,6.54,0.1220961987767584,399986,中证银行,CNY,CN10Y
2020-07-10,6447.0,0.030305,6.24,0.12995141025641024,399986,中证银行,CNY,CN10Y
2020-07-13,6415.94,0.0305569999999999,6.23,0.12995664365971119,399986,中证银行,CNY,CN10Y
2020-07-14,6290.08,0.030057,6.13,0.1330751370309951,399986,中证银行,CNY,CN10Y
2020-07-15,6125.62,0.029559,5.98,0.13766508026755853,399986,中证银行,CNY,CN10Y
2020-07-16,6091.82,0.029459,5.95,0.1386082268907563,399986,中证银行,CNY,CN10Y
2020-07-17,6094.94,0.029507,5.95,0.13856022689075628,399986,中证银行,CNY,CN10Y
2020-07-20,6255.65,0.0293109999999999,6.08,0.13516268421052643,399986,中证银行,CNY,CN10Y
2020-07-21,6197.91,0.029011,6.03,0.13682647927031508,399986,中证银行,CNY,CN10Y
2020-07-22,6179.38,0.0288609999999999,6.02,0.13725195681063135,399986,中证银行,CNY,CN10Y
2020-07-23,6071.64,0.029064,5.93,0.13957006408094436,399986,中证银行,CNY,CN10Y
2020-07-24,5917.07,0.028612,5.8,0.1438017931034483,399986,中证银行,CNY,CN10Y
2020-07-27,5871.61,0.028791,5.77,0.1445192253032929,399986,中证银行,CNY,CN10Y
2020-07-28,5898.73,0.029214,5.79,0.14349757167530225,399986,中证银行,CNY,CN10Y
2020-07-29,5976.55,0.029415,5.85,0.14152517094017095,399986,中证银行,CNY,CN10Y
2020-07-30,5915.37,0.0293639999999999,5.8,0.1430497931034484,399986,中证银行,CNY,CN10Y
2020-07-31,5915.35,0.029664,5.8,0.1427497931034483,399986,中证银行,CNY,CN10Y
2020-08-03,5961.22,0.029466,5.83,0.14206058662092624,399986,中证银行,CNY,CN10Y
2020-08-04,6113.39,0.029365,5.95,0.13870222689075629,399986,中证银行,CNY,CN10Y
2020-08-05,6034.94,0.029592,5.88,0.14047602721088434,399986,中证银行,CNY,CN10Y
2020-08-06,6083.49,0.029816,5.92,0.1391029189189189,399986,中证银行,CNY,CN10Y
2020-08-07,6029.87,0.029918,5.87,0.14043975127768313,399986,中证银行,CNY,CN10Y
2020-08-10,6089.46,0.029543,5.91,0.1396617377326565,399986,中证银行,CNY,CN10Y
2020-08-11,6104.98,0.029544,5.92,0.1393749189189189,399986,中证银行,CNY,CN10Y
2020-08-12,6141.24,0.02962,5.94,0.13873016835016833,399986,中证银行,CNY,CN10Y
2020-08-13,6109.08,0.0295549999999999,5.92,0.13936391891891903,399986,中证银行,CNY,CN10Y
2020-08-14,6202.2,0.029369,5.99,0.1375759081803005,399986,中证银行,CNY,CN10Y
2020-08-17,6376.11,0.029421,6.13,0.1337111370309951,399986,中证银行,CNY,CN10Y
2020-08-18,6316.86,0.029771,6.07,0.13497364579901153,399986,中证银行,CNY,CN10Y
2020-08-19,6263.46,0.029921,6.03,0.13591647927031508,399986,中证银行,CNY,CN10Y
2020-08-20,6171.61,0.029973,5.96,0.13781223489932887,399986,中证银行,CNY,CN10Y
2020-08-21,6185.02,0.029823,5.97,0.13768118760469014,399986,中证银行,CNY,CN10Y
2020-08-24,6146.57,0.029998,5.94,0.13835216835016834,399986,中证银行,CNY,CN10Y
2020-08-25,6158.5,0.030424,5.95,0.13764322689075628,399986,中证银行,CNY,CN10Y
2020-08-26,6108.88,0.030511,5.91,0.1386937377326565,399986,中证银行,CNY,CN10Y
2020-08-27,6102.88,0.0305989999999999,5.9,0.1388925254237289,399986,中证银行,CNY,CN10Y
2020-08-28,6239.56,0.030672,5.99,0.1362729081803005,399986,中证银行,CNY,CN10Y
2020-08-31,6194.34,0.030177,5.95,0.13789022689075628,399986,中证银行,CNY,CN10Y
2020-09-01,6180.77,0.030478,6.35,0.12700231496062991,399986,中证银行,CNY,CN10Y
2020-09-02,6142.86,0.031027,6.31,0.1274516053882726,399986,中证银行,CNY,CN10Y
2020-09-03,6115.18,0.031051,6.28,0.12818466878980891,399986,中证银行,CNY,CN10Y
2020-09-04,6090.62,0.031228,6.26,0.1285164089456869,399986,中证银行,CNY,CN10Y
2020-09-07,6067.59,0.031454,6.24,0.12880241025641023,399986,中证银行,CNY,CN10Y
2020-09-08,6163.85,0.03123,6.32,0.1269978481012658,399986,中证银行,CNY,CN10Y
2020-09-09,6130.16,0.030805,6.3,0.12792515873015872,399986,中证银行,CNY,CN10Y
2020-09-10,6114.76,0.030833,6.28,0.1284026687898089,399986,中证银行,CNY,CN10Y
2020-09-11,6067.66,0.031346,6.25,0.128654,399986,中证银行,CNY,CN10Y
2020-09-14,6091.86,0.031532,6.27,0.1279576331738437,399986,中证银行,CNY,CN10Y
2020-09-15,6108.21,0.031083,6.28,0.1281526687898089,399986,中证银行,CNY,CN10Y
2020-09-16,6129.08,0.0312599999999999,6.3,0.12747015873015882,399986,中证银行,CNY,CN10Y
2020-09-17,6112.33,0.031334,6.28,0.1279016687898089,399986,中证银行,CNY,CN10Y
2020-09-18,6238.27,0.031162,6.39,0.1253325226917058,399986,中证银行,CNY,CN10Y
2020-09-21,6191.57,0.030999,6.35,0.12648131496062992,399986,中证银行,CNY,CN10Y
2020-09-22,6122.11,0.030863,6.29,0.1281195119236884,399986,中证银行,CNY,CN10Y
2020-09-23,6092.53,0.03089,6.27,0.1285996331738437,399986,中证银行,CNY,CN10Y
2020-09-24,6016.46,0.03084,6.2,0.13045032258064515,399986,中证银行,CNY,CN10Y
2020-09-25,6009.73,0.031295,6.2,0.12999532258064517,399986,中证银行,CNY,CN10Y
2020-09-27,,0.031324,6.2,0.12996632258064517,399986,中证银行,CNY,CN10Y
2020-09-28,6035.78,0.0310919999999999,6.24,0.12916441025641034,399986,中证银行,CNY,CN10Y
2020-09-29,5964.88,0.031292,6.18,0.13052029773462787,399986,中证银行,CNY,CN10Y
2020-09-30,5953.38,0.031482,6.17,0.13059255429497568,399986,中证银行,CNY,CN10Y
2020-10-09,5967.8,0.031873,6.18,0.12993929773462787,399986,中证银行,CNY,CN10Y
2020-10-10,,0.031898,6.18,0.12991429773462784,399986,中证银行,CNY,CN10Y
2020-10-12,6126.34,0.031861,6.31,0.1266176053882726,399986,中证银行,CNY,CN10Y
2020-10-13,6128.1,0.03195,6.29,0.1270325119236884,399986,中证银行,CNY,CN10Y
2020-10-14,6127.95,0.03215,6.29,0.12683251192368838,399986,中证银行,CNY,CN10Y
2020-10-15,6216.33,0.0323,6.36,0.12493270440251572,399986,中证银行,CNY,CN10Y
2020-10-16,6319.41,0.032202,6.44,0.12307750310559004,399986,中证银行,CNY,CN10Y
2020-10-19,6345.34,0.032005,6.47,0.12255450540958268,399986,中证银行,CNY,CN10Y
2020-10-20,6313.63,0.031955,6.43,0.12356599533437014,399986,中证银行,CNY,CN10Y
2020-10-21,6428.83,0.031855,6.53,0.12128435681470137,399986,中证银行,CNY,CN10Y
2020-10-22,6411.08,0.031707,6.52,0.12166723312883436,399986,中证银行,CNY,CN10Y
2020-10-23,6453.99,0.031957,6.55,0.12071475572519084,399986,中证银行,CNY,CN10Y
2020-10-26,6332.09,0.031934,6.46,0.12286476160990714,399986,中证银行,CNY,CN10Y
2020-10-27,6308.45,0.031609,6.44,0.12367050310559005,399986,中证银行,CNY,CN10Y
2020-10-28,6243.59,0.03181,6.38,0.12492981191222571,399986,中证银行,CNY,CN10Y
2020-10-29,6243.02,0.03186,6.36,0.12537270440251572,399986,中证银行,CNY,CN10Y
2020-10-30,6191.6,0.03181,6.32,0.1264178481012658,399986,中证银行,CNY,CN10Y
2020-11-02,6187.25,0.031785,6.41,0.12422124024960998,399986,中证银行,CNY,CN10Y
2020-11-03,6253.24,0.031762,6.46,0.12303676160990713,399986,中证银行,CNY,CN10Y
2020-11-04,6348.33,0.031687,6.53,0.12145235681470137,399986,中证银行,CNY,CN10Y
2020-11-05,6321.38,0.0319119999999999,6.51,0.12169783102918598,399986,中证银行,CNY,CN10Y
2020-11-06,6301.01,0.032063,6.51,0.12154683102918587,399986,中证银行,CNY,CN10Y
2020-11-09,6356.47,0.032363,6.55,0.12030875572519084,399986,中证银行,CNY,CN10Y
2020-11-10,6400.43,0.032241,6.59,0.11950406828528073,399986,中证银行,CNY,CN10Y
2020-11-11,6445.33,0.032391,6.64,0.11821140963855423,399986,中证银行,CNY,CN10Y
2020-11-12,6374.4,0.032614,6.57,0.11959300152207,399986,中证银行,CNY,CN10Y
2020-11-13,6256.08,0.032715,6.47,0.12184450540958269,399986,中证银行,CNY,CN10Y
2020-11-16,6284.49,0.032741,6.5,0.12110515384615386,399986,中证银行,CNY,CN10Y
2020-11-17,6362.82,0.032866,6.56,0.11957302439024389,399986,中证银行,CNY,CN10Y
2020-11-18,6504.7,0.03324,6.66,0.11691015015015016,399986,中证银行,CNY,CN10Y
2020-11-19,6553.85,0.033487,6.7,0.11576673134328357,399986,中证银行,CNY,CN10Y
2020-11-20,6514.79,0.0331,6.67,0.11682503748125939,399986,中证银行,CNY,CN10Y
2020-11-23,6649.43,0.03265,6.77,0.11506048744460858,399986,中证银行,CNY,CN10Y
2020-11-24,6614.05,0.0329,6.75,0.11524814814814814,399986,中证银行,CNY,CN10Y
2020-11-25,6560.4,0.032675,6.71,0.11635629657228017,399986,中证银行,CNY,CN10Y
2020-11-26,6651.26,0.03285,6.79,0.11442540500736378,399986,中证银行,CNY,CN10Y
2020-11-27,6807.26,0.033,6.99,0.11006151645207438,399986,中证银行,CNY,CN10Y
2020-11-30,6746.23,0.0325,6.91,0.11221780028943559,399986,中证银行,CNY,CN10Y
2020-12-01,6932.35,0.032725,7.09,0.10831872355430183,399986,中证银行,CNY,CN10Y
2020-12-02,6896.11,0.032925,7.05,0.10891897163120567,399986,中证银行,CNY,CN10Y
2020-12-03,6883.69,0.032851,7.02,0.10959914245014246,399986,中证银行,CNY,CN10Y
2020-12-04,6794.62,0.032651,6.93,0.11164914430014432,399986,中证银行,CNY,CN10Y
2020-12-07,6644.52,0.032701,6.79,0.11457440500736377,399986,中证银行,CNY,CN10Y
2020-12-08,6601.98,0.032551,6.74,0.11581695252225518,399986,中证银行,CNY,CN10Y
2020-12-09,6598.36,0.032726,6.74,0.11564195252225518,399986,中证银行,CNY,CN10Y
2020-12-10,6558.06,0.032601,6.7,0.11665273134328358,399986,中证银行,CNY,CN10Y
2020-12-11,6483.3,0.032951,6.66,0.11719915015015014,399986,中证银行,CNY,CN10Y
2020-12-14,6550.11,0.032851,6.69,0.11662583109118085,399986,中证银行,CNY,CN10Y
2020-12-15,6496.14,0.032777,6.64,0.11782540963855423,399986,中证银行,CNY,CN10Y
2020-12-16,6508.56,0.0327519999999999,6.64,0.11785040963855434,399986,中证银行,CNY,CN10Y
2020-12-17,6545.92,0.032802,6.66,0.11734815015015015,399986,中证银行,CNY,CN10Y
2020-12-18,6461.27,0.032902,6.6,0.11861315151515152,399986,中证银行,CNY,CN10Y
2020-12-21,6440.57,0.032652,6.59,0.11909306828528073,399986,中证银行,CNY,CN10Y
2020-12-22,6334.29,0.032278,6.49,0.12180520493066255,399986,中证银行,CNY,CN10Y
2020-12-23,6347.0,0.032153,6.5,0.12169315384615385,399986,中证银行,CNY,CN10Y
2020-12-24,6382.28,0.032303,6.53,0.12083635681470137,399986,中证银行,CNY,CN10Y
2020-12-25,6391.67,0.031878,6.54,0.12102719877675841,399986,中证银行,CNY,CN10Y
2020-12-28,6435.77,0.031629,6.56,0.12081002439024391,399986,中证银行,CNY,CN10Y
2020-12-29,6454.62,0.031554,6.57,0.12065300152207001,399986,中证银行,CNY,CN10Y
2020-12-30,6472.09,0.031204,6.58,0.1207716838905775,399986,中证银行,CNY,CN10Y
2020-12-31,6535.99,0.031429,6.64,0.11917340963855423,399986,中证银行,CNY,CN10Y
2021-01-04,6410.63,0.03178,6.55,0.12089175572519084,399986,中证银行,CNY,CN10Y
2021-01-05,6333.52,0.031305,6.5,0.12254115384615386,399986,中证银行,CNY,CN10Y
2021-01-06,6484.12,0.031256,6.6,0.12025915151515151,399986,中证银行,CNY,CN10Y
2021-01-07,6546.5,0.031256,6.65,0.11911993984962405,399986,中证银行,CNY,CN10Y
2021-01-08,6574.85,0.031456,6.68,0.11824459880239523,399986,中证银行,CNY,CN10Y
2021-01-11,6640.66,0.031632,6.73,0.1169564101040119,399986,中证银行,CNY,CN10Y
2021-01-12,6731.7,0.031457,6.79,0.11581840500736378,399986,中证银行,CNY,CN10Y
2021-01-13,6727.08,0.031157,6.81,0.11568587812041116,399986,中证银行,CNY,CN10Y
2021-01-14,6721.51,0.031059,6.82,0.11556856598240467,399986,中证银行,CNY,CN10Y
2021-01-15,6907.99,0.031508,6.98,0.11175847564469912,399986,中证银行,CNY,CN10Y
2021-01-18,7069.28,0.031658,7.05,0.11018597163120569,399986,中证银行,CNY,CN10Y
2021-01-19,7068.51,0.031609,7.07,0.10983371570014144,399986,中证银行,CNY,CN10Y
2021-01-20,6990.14,0.03161,7.01,0.11104335235378032,399986,中证银行,CNY,CN10Y
2021-01-21,7013.06,0.031335,7.03,0.11091251066856328,399986,中证银行,CNY,CN10Y
2021-01-22,6890.95,0.031185,6.92,0.11332367052023122,399986,中证银行,CNY,CN10Y
2021-01-25,6904.16,0.031323,6.93,0.11297714430014433,399986,中证银行,CNY,CN10Y
2021-01-26,6878.91,0.031585,6.91,0.11313280028943559,399986,中证银行,CNY,CN10Y
2021-01-27,6976.71,0.031636,6.99,0.11142551645207438,399986,中证银行,CNY,CN10Y
2021-01-28,6908.85,0.0319609999999999,6.93,0.11233914430014441,399986,中证银行,CNY,CN10Y
2021-01-29,6928.14,0.031786,6.96,0.11189216091954021,399986,中证银行,CNY,CN10Y
2021-02-01,7095.43,0.031712,7.09,0.10933172355430185,399986,中证银行,CNY,CN10Y
2021-02-02,7004.03,0.031862,7.01,0.11079135235378032,399986,中证银行,CNY,CN10Y
2021-02-03,7132.35,0.032112,7.08,0.10913093785310735,399986,中证银行,CNY,CN10Y
2021-02-04,7157.05,0.032347,7.12,0.1081024382022472,399986,中证银行,CNY,CN10Y
2021-02-05,7370.7,0.032164,7.31,0.10463490560875513,399986,中证银行,CNY,CN10Y
2021-02-07,,0.032168,7.31,0.10463090560875513,399986,中证银行,CNY,CN10Y
2021-02-08,7403.79,0.03237,7.32,0.10424202185792347,399986,中证银行,CNY,CN10Y
2021-02-09,7391.78,0.032303,7.3,0.10468330136986301,399986,中证银行,CNY,CN10Y
2021-02-10,7353.65,0.032449,7.3,0.104537301369863,399986,中证银行,CNY,CN10Y
2021-02-18,7477.15,0.032831,7.38,0.10267035501355015,399986,中证银行,CNY,CN10Y
2021-02-19,7440.67,0.032578,7.36,0.1032915652173913,399986,中证银行,CNY,CN10Y
2021-02-20,,0.032605,7.36,0.1032645652173913,399986,中证银行,CNY,CN10Y
2021-02-22,7316.29,0.032736,7.32,0.10387602185792348,399986,中证银行,CNY,CN10Y
2021-02-23,7379.1,0.032635,7.36,0.1032345652173913,399986,中证银行,CNY,CN10Y
2021-02-24,7260.86,0.032627,7.24,0.10549454696132597,399986,中证银行,CNY,CN10Y
2021-02-25,7369.96,0.032723,7.37,0.10296221031207597,399986,中证银行,CNY,CN10Y
2021-02-26,7114.92,0.032798,7.18,0.1064777660167131,399986,中证银行,CNY,CN10Y
2021-03-01,7115.55,0.032475,7.16,0.10718980446927373,399986,中证银行,CNY,CN10Y
2021-03-02,7063.54,0.0324739999999999,7.1,0.10837107042253533,399986,中证银行,CNY,CN10Y
2021-03-03,7383.39,0.032553,7.38,0.10294835501355015,399986,中证银行,CNY,CN10Y
2021-03-04,7326.13,0.0326549999999999,7.34,0.10358478201634888,399986,中证银行,CNY,CN10Y
2021-03-05,7267.48,0.032457,7.35,0.1035974217687075,399986,中证银行,CNY,CN10Y
2021-03-08,7146.98,0.032404,7.26,0.10533704683195592,399986,中证银行,CNY,CN10Y
2021-03-09,7011.61,0.032478,7.14,0.10757802240896358,399986,中证银行,CNY,CN10Y
2021-03-10,6979.92,0.032353,7.11,0.10829397609001407,399986,中证银行,CNY,CN10Y
2021-03-11,7197.76,0.032506,7.28,0.10485663736263734,399986,中证银行,CNY,CN10Y
2021-03-12,7271.94,0.0326129999999999,7.33,0.10381264802182821,399986,中证银行,CNY,CN10Y
2021-03-15,7334.61,0.03274,7.4,0.10239513513513512,399986,中证银行,CNY,CN10Y
2021-03-16,7419.72,0.032614,7.48,0.10107583957219249,399986,中证银行,CNY,CN10Y
2021-03-17,7303.6,0.032564,7.38,0.10293735501355014,399986,中证银行,CNY,CN10Y
2021-03-18,7324.47,0.0325919999999999,7.38,0.10290935501355025,399986,中证银行,CNY,CN10Y
2021-03-19,7106.8,0.032364,7.19,0.10671805841446452,399986,中证银行,CNY,CN10Y
2021-03-22,7252.97,0.032309,7.32,0.10430302185792348,399986,中证银行,CNY,CN10Y
2021-03-23,7219.54,0.032105,7.3,0.10488130136986301,399986,中证银行,CNY,CN10Y
2021-03-24,7104.7,0.03193,7.22,0.10657415512465375,399986,中证银行,CNY,CN10Y
2021-03-25,7058.81,0.031882,7.16,0.10778280446927374,399986,中证银行,CNY,CN10Y
2021-03-26,7128.4,0.031985,7.2,0.1069038888888889,399986,中证银行,CNY,CN10Y
2021-03-29,7161.91,0.031962,7.25,0.10596903448275863,399986,中证银行,CNY,CN10Y
2021-03-30,7215.17,0.03206,7.3,0.104926301369863,399986,中证银行,CNY,CN10Y
2021-03-31,7238.44,0.031887,7.33,0.1045386480218281,399986,中证银行,CNY,CN10Y
2021-04-01,7214.71,0.03196,7.29,0.10521421124828532,399986,中证银行,CNY,CN10Y
2021-04-02,7126.51,0.032013,7.21,0.10668325520110956,399986,中证银行,CNY,CN10Y
2021-04-06,7144.9,0.032087,7.22,0.10641715512465375,399986,中证银行,CNY,CN10Y
2021-04-07,7123.99,0.032215,7.22,0.10628915512465376,399986,中证银行,CNY,CN10Y
2021-04-08,7106.14,0.032221,7.2,0.1066678888888889,399986,中证银行,CNY,CN10Y
2021-04-09,7069.75,0.032121,7.17,0.1073490139470014,399986,中证银行,CNY,CN10Y
2021-04-12,7048.43,0.031948,7.19,0.10713405841446452,399986,中证银行,CNY,CN10Y
2021-04-13,7018.61,0.031626,7.18,0.1076497660167131,399986,中证银行,CNY,CN10Y
2021-04-14,6931.96,0.031651,7.1,0.10919407042253522,399986,中证银行,CNY,CN10Y
2021-04-15,6867.14,0.031728,7.05,0.11011597163120568,399986,中证银行,CNY,CN10Y
2021-04-16,6882.42,0.031631,7.07,0.10981171570014145,399986,中证银行,CNY,CN10Y
2021-04-19,6987.63,0.031559,7.14,0.10849702240896358,399986,中证银行,CNY,CN10Y
2021-04-20,7012.11,0.031554,7.14,0.10850202240896359,399986,中证银行,CNY,CN10Y
2021-04-21,7134.29,0.03153,7.22,0.10697415512465375,399986,中证银行,CNY,CN10Y
2021-04-22,7065.29,0.031614,7.15,0.10824613986013984,399986,中证银行,CNY,CN10Y
2021-04-23,7098.11,0.031719,7.15,0.10814113986013985,399986,中证银行,CNY,CN10Y
2021-04-25,,0.031841,7.15,0.10801913986013983,399986,中证银行,CNY,CN10Y
2021-04-26,7032.06,0.032024,7.09,0.10901972355430184,399986,中证银行,CNY,CN10Y
2021-04-27,7030.68,0.032078,7.08,0.10916493785310735,399986,中证银行,CNY,CN10Y
2021-04-28,7022.01,0.031979,7.06,0.10966405949008498,399986,中证银行,CNY,CN10Y
2021-04-29,7154.54,0.031872,7.16,0.10779280446927374,399986,中证银行,CNY,CN10Y
2021-04-30,7037.27,0.03164,7.03,0.11060751066856328,399986,中证银行,CNY,CN10Y
2021-05-06,7107.41,0.031507,6.58,0.1204686838905775,399986,中证银行,CNY,CN10Y
2021-05-07,7185.25,0.031589,6.65,0.11878693984962405,399986,中证银行,CNY,CN10Y
2021-05-08,,0.031582,6.65,0.11879393984962405,399986,中证银行,CNY,CN10Y
2021-05-10,7138.03,0.03146,6.64,0.11914240963855423,399986,中证银行,CNY,CN10Y
2021-05-11,7161.36,0.03138,6.65,0.11899593984962406,399986,中证银行,CNY,CN10Y
2021-05-12,7194.19,0.03131,6.68,0.11839059880239522,399986,中证银行,CNY,CN10Y
2021-05-13,7158.65,0.031366,6.65,0.11900993984962405,399986,中证银行,CNY,CN10Y
2021-05-14,7250.56,0.031422,6.72,0.1173875238095238,399986,中证银行,CNY,CN10Y
2021-05-17,7268.49,0.031524,6.73,0.11706441010401189,399986,中证银行,CNY,CN10Y
2021-05-18,7254.52,0.031457,6.71,0.11757429657228018,399986,中证银行,CNY,CN10Y
2021-05-19,7145.16,0.031298,6.63,0.11953156259426848,399986,中证银行,CNY,CN10Y
2021-05-20,7215.53,0.0310009999999999,6.69,0.11847583109118094,399986,中证银行,CNY,CN10Y
2021-05-21,7120.67,0.030876,6.61,0.12040993040847199,399986,中证银行,CNY,CN10Y
2021-05-24,7128.15,0.03085,6.61,0.12043593040847199,399986,中证银行,CNY,CN10Y
2021-05-25,7387.62,0.03085,6.8,0.11620882352941177,399986,中证银行,CNY,CN10Y
2021-05-26,7447.75,0.0306,6.85,0.11538540145985403,399986,中证银行,CNY,CN10Y
2021-05-27,7387.27,0.030725,6.81,0.11611787812041116,399986,中证银行,CNY,CN10Y
2021-05-28,7404.1,0.030825,6.84,0.11537383040935671,399986,中证银行,CNY,CN10Y
2021-05-31,7365.93,0.0304499999999999,6.8,0.11660882352941188,399986,中证银行,CNY,CN10Y
2021-06-01,7304.73,0.0304,6.75,0.11774814814814814,399986,中证银行,CNY,CN10Y
2021-06-02,7308.68,0.03065,6.77,0.11706048744460858,399986,中证银行,CNY,CN10Y
2021-06-03,7256.72,0.03055,6.72,0.11825952380952381,399986,中证银行,CNY,CN10Y
2021-06-04,7329.79,0.0309249999999999,6.76,0.11700399408284035,399986,中证银行,CNY,CN10Y
2021-06-07,7287.84,0.0311,6.73,0.11748841010401188,399986,中证银行,CNY,CN10Y
2021-06-08,7283.72,0.0311,6.73,0.11748841010401188,399986,中证银行,CNY,CN10Y
2021-06-09,7256.43,0.031051,6.71,0.11798029657228018,399986,中证银行,CNY,CN10Y
2021-06-10,7236.44,0.031,6.69,0.11847683109118085,399986,中证银行,CNY,CN10Y
2021-06-11,7167.14,0.031276,6.64,0.11932640963855423,399986,中证银行,CNY,CN10Y
2021-06-15,7060.96,0.031176,6.57,0.12103100152207001,399986,中证银行,CNY,CN10Y
2021-06-16,7101.54,0.031301,6.6,0.12021415151515152,399986,中证银行,CNY,CN10Y
2021-06-17,7054.29,0.031401,6.53,0.12173835681470137,399986,中证银行,CNY,CN10Y
2021-06-18,6975.48,0.031202,6.47,0.12335750540958268,399986,中证银行,CNY,CN10Y
2021-06-21,6900.54,0.0309529999999999,6.41,0.1250532402496101,399986,中证银行,CNY,CN10Y
2021-06-22,6989.7,0.0308769999999999,6.47,0.12368250540958278,399986,中证银行,CNY,CN10Y
2021-06-23,6966.3,0.030853,6.45,0.12418575968992249,399986,中证银行,CNY,CN10Y
2021-06-24,6995.97,0.030828,6.49,0.12325520493066255,399986,中证银行,CNY,CN10Y
2021-06-25,7076.89,0.030827,6.55,0.12184475572519085,399986,中证银行,CNY,CN10Y
2021-06-28,6951.82,0.030903,6.46,0.12389576160990713,399986,中证银行,CNY,CN10Y
2021-06-29,6876.06,0.030853,6.4,0.125397,399986,中证银行,CNY,CN10Y
2021-06-30,6938.28,0.030778,6.44,0.12450150310559005,399986,中证银行,CNY,CN10Y
2021-07-01,7058.88,0.030878,6.53,0.12226135681470136,399986,中证银行,CNY,CN10Y
2021-07-02,6896.63,0.0308029999999999,6.42,0.1249602398753895,399986,中证银行,CNY,CN10Y
2021-07-05,6901.82,0.030754,6.41,0.12525224024961,399986,中证银行,CNY,CN10Y
2021-07-06,6938.38,0.030854,6.39,0.1256405226917058,399986,中证银行,CNY,CN10Y
2021-07-07,6917.61,0.030554,6.37,0.12643187127158556,399986,中证银行,CNY,CN10Y
2021-07-08,6738.57,0.02983,6.24,0.13042641025641025,399986,中证银行,CNY,CN10Y
2021-07-09,6662.8,0.030105,6.19,0.13144588852988692,399986,中证银行,CNY,CN10Y
2021-07-12,6635.28,0.029431,6.16,0.13290666233766235,399986,中证银行,CNY,CN10Y
2021-07-13,6619.09,0.029256,6.15,0.13334562601626015,399986,中证银行,CNY,CN10Y
2021-07-14,6508.23,0.029356,6.06,0.13566050165016502,399986,中证银行,CNY,CN10Y
2021-07-15,6674.54,0.029557,6.19,0.13199388852988692,399986,中证银行,CNY,CN10Y
2021-07-16,6633.9,0.029432,6.17,0.13264255429497568,399986,中证银行,CNY,CN10Y
2021-07-19,6630.49,0.029483,6.17,0.13259155429497568,399986,中证银行,CNY,CN10Y
2021-07-20,6543.41,0.029258,6.1,0.1346764262295082,399986,中证银行,CNY,CN10Y
2021-07-21,6486.0,0.029184,6.06,0.13583250165016503,399986,中证银行,CNY,CN10Y
2021-07-22,6522.22,0.0292839999999999,6.08,0.13518968421052643,399986,中证银行,CNY,CN10Y
2021-07-23,6494.24,0.029134,6.06,0.13588250165016502,399986,中证银行,CNY,CN10Y
2021-07-26,6289.18,0.028711,5.93,0.13992306408094435,399986,中证银行,CNY,CN10Y
2021-07-27,6121.48,0.02911,5.82,0.1427113058419244,399986,中证银行,CNY,CN10Y
2021-07-28,6189.32,0.029312,5.88,0.14075602721088434,399986,中证银行,CNY,CN10Y
2021-07-29,6147.87,0.0288399999999999,5.83,0.14268658662092634,399986,中证银行,CNY,CN10Y
2021-07-30,6055.71,0.028363,5.75,0.14555004347826087,399986,中证银行,CNY,CN10Y
2021-08-02,6141.49,0.028212,5.82,0.14360930584192438,399986,中证银行,CNY,CN10Y
2021-08-03,6109.72,0.0283369999999999,5.79,0.14437457167530235,399986,中证银行,CNY,CN10Y
2021-08-04,6058.58,0.028338,5.75,0.14557504347826086,399986,中证银行,CNY,CN10Y
2021-08-05,6047.03,0.027988,5.74,0.14622802787456446,399986,中证银行,CNY,CN10Y
2021-08-06,6067.37,0.0281389999999999,5.76,0.1454721111111112,399986,中证银行,CNY,CN10Y
2021-08-09,6222.96,0.0286149999999999,5.87,0.14174275127768324,399986,中证银行,CNY,CN10Y
2021-08-10,6342.28,0.028766,5.94,0.13958416835016835,399986,中证银行,CNY,CN10Y
2021-08-11,6399.73,0.028841,6.01,0.1375483510815308,399986,中证银行,CNY,CN10Y
2021-08-12,6370.83,0.0285659999999999,5.99,0.1383789081803006,399986,中证银行,CNY,CN10Y
2021-08-13,6376.16,0.0287919999999999,5.99,0.1381529081803006,399986,中证银行,CNY,CN10Y
2021-08-16,6368.27,0.028943,5.98,0.13828108026755853,399986,中证银行,CNY,CN10Y
2021-08-17,6308.22,0.0288189999999999,5.94,0.13953116835016843,399986,中证银行,CNY,CN10Y
2021-08-18,6515.15,0.028494,6.1,0.13544042622950822,399986,中证银行,CNY,CN10Y
2021-08-19,6387.8,0.028395,6.0,0.13827166666666665,399986,中证银行,CNY,CN10Y
2021-08-20,6343.91,0.02852,5.98,0.13870408026755854,399986,中证银行,CNY,CN10Y
2021-08-23,6346.69,0.028672,5.98,0.13855208026755853,399986,中证银行,CNY,CN10Y
2021-08-24,6368.41,0.028522,5.99,0.1384229081803005,399986,中证银行,CNY,CN10Y
2021-08-25,6309.88,0.028547,5.95,0.1395202268907563,399986,中证银行,CNY,CN10Y
2021-08-26,6219.17,0.028848,5.88,0.14122002721088434,399986,中证银行,CNY,CN10Y
2021-08-27,6237.04,0.028698,5.9,0.1407935254237288,399986,中证银行,CNY,CN10Y
2021-08-30,6134.41,0.028505,5.81,0.14361203958691912,399986,中证银行,CNY,CN10Y
2021-08-31,6222.87,0.02845,5.89,0.14132928692699492,399986,中证银行,CNY,CN10Y
2021-09-01,6365.62,0.028226,5.72,0.14659917482517484,399986,中证银行,CNY,CN10Y
2021-09-02,6424.52,0.028301,5.75,0.14561204347826087,399986,中证银行,CNY,CN10Y
2021-09-03,6436.66,0.028327,5.77,0.1449832253032929,399986,中证银行,CNY,CN10Y
2021-09-06,6428.57,0.028354,5.76,0.14525711111111111,399986,中证银行,CNY,CN10Y
2021-09-07,6543.97,0.0286039999999999,5.85,0.14233617094017104,399986,中证银行,CNY,CN10Y
2021-09-08,6535.77,0.0287049999999999,5.85,0.14223517094017105,399986,中证银行,CNY,CN10Y
2021-09-09,6512.14,0.02873,5.83,0.14279658662092623,399986,中证银行,CNY,CN10Y
2021-09-10,6655.7,0.028656,5.93,0.13997806408094438,399986,中证银行,CNY,CN10Y
2021-09-13,6645.85,0.028908,5.92,0.14001091891891893,399986,中证银行,CNY,CN10Y
2021-09-14,6466.96,0.028858,5.78,0.14415238062283736,399986,中证银行,CNY,CN10Y
2021-09-15,6416.74,0.029009,5.74,0.14520702787456444,399986,中证银行,CNY,CN10Y
2021-09-16,6355.55,0.028885,5.7,0.14655359649122807,399986,中证银行,CNY,CN10Y
2021-09-17,6366.29,0.0287849999999999,5.71,0.14634634851138364,399986,中证银行,CNY,CN10Y
2021-09-18,,0.028717,5.71,0.14641434851138355,399986,中证银行,CNY,CN10Y
2021-09-22,6229.38,0.028639,5.61,0.14961411942959002,399986,中证银行,CNY,CN10Y
2021-09-23,6230.04,0.028565,5.61,0.14968811942959,399986,中证银行,CNY,CN10Y
2021-09-24,6180.9,0.028719,5.57,0.15081421364452424,399986,中证银行,CNY,CN10Y
2021-09-26,,0.028797,5.57,0.15073621364452425,399986,中证银行,CNY,CN10Y
2021-09-27,6180.97,0.028825,5.57,0.15070821364452425,399986,中证银行,CNY,CN10Y
2021-09-28,6285.3,0.028769,5.65,0.14822215044247788,399986,中证银行,CNY,CN10Y
2021-09-29,6341.55,0.0286459999999999,5.69,0.14710092442882258,399986,中证银行,CNY,CN10Y
2021-09-30,6274.27,0.028776,5.64,0.1485289645390071,399986,中证银行,CNY,CN10Y
2021-10-08,6375.91,0.029131,5.71,0.14600034851138355,399986,中证银行,CNY,CN10Y
2021-10-09,,0.029186,5.71,0.14594534851138355,399986,中证银行,CNY,CN10Y
2021-10-11,6518.37,0.02958,5.82,0.1422413058419244,399986,中证银行,CNY,CN10Y
2021-10-12,6519.98,0.029657,5.81,0.14246003958691913,399986,中证银行,CNY,CN10Y
2021-10-13,6508.49,0.029578,5.8,0.1428357931034483,399986,中证银行,CNY,CN10Y
2021-10-14,6441.83,0.029581,5.75,0.14433204347826087,399986,中证银行,CNY,CN10Y
2021-10-15,6498.37,0.029683,5.79,0.14302857167530225,399986,中证银行,CNY,CN10Y
2021-10-18,6453.36,0.030426,5.76,0.1431851111111111,399986,中证银行,CNY,CN10Y
2021-10-19,6497.18,0.030102,5.79,0.14260957167530225,399986,中证银行,CNY,CN10Y
2021-10-20,6452.3,0.0299779999999999,5.76,0.1436331111111112,399986,中证银行,CNY,CN10Y
2021-10-21,6590.54,0.029702,5.86,0.1409464641638225,399986,中证银行,CNY,CN10Y
2021-10-22,6601.09,0.0299529999999999,5.86,0.14069546416382261,399986,中证银行,CNY,CN10Y
2021-10-25,6602.21,0.029879,5.86,0.14076946416382252,399986,中证银行,CNY,CN10Y
2021-10-26,6599.33,0.02978,5.85,0.14116017094017094,399986,中证银行,CNY,CN10Y
2021-10-27,6543.65,0.029781,5.82,0.1420403058419244,399986,中证银行,CNY,CN10Y
2021-10-28,6500.58,0.029682,5.78,0.14332838062283737,399986,中证银行,CNY,CN10Y
2021-10-29,6471.67,0.0297319999999999,5.77,0.143578225303293,399986,中证银行,CNY,CN10Y
2021-11-01,6546.61,0.029435,5.64,0.1478699645390071,399986,中证银行,CNY,CN10Y
2021-11-02,6356.59,0.029259,5.51,0.15222920326678765,399986,中证银行,CNY,CN10Y
2021-11-03,6354.03,0.0293849999999999,5.49,0.1527643624772314,399986,中证银行,CNY,CN10Y
2021-11-04,6327.85,0.029261,5.48,0.1532207518248175,399986,中证银行,CNY,CN10Y
2021-11-05,6302.31,0.028911,5.47,0.15390435648994516,399986,中证银行,CNY,CN10Y
2021-11-08,6274.57,0.029013,5.45,0.15447323853211006,399986,中证银行,CNY,CN10Y
2021-11-09,6277.9,0.028988,5.45,0.1544982385321101,399986,中证银行,CNY,CN10Y
2021-11-10,6257.49,0.0291389999999999,5.43,0.1550230626151014,399986,中证银行,CNY,CN10Y
2021-11-11,6423.16,0.029365,5.54,0.15114041516245488,399986,中证银行,CNY,CN10Y
2021-11-12,6399.95,0.0293909999999999,5.52,0.1517684202898552,399986,中证银行,CNY,CN10Y
2021-11-15,6436.13,0.029269,5.55,0.1509111801801802,399986,中证银行,CNY,CN10Y
2021-11-16,6395.85,0.029244,5.52,0.1519154202898551,399986,中证银行,CNY,CN10Y
2021-11-17,6346.79,0.029295,5.49,0.15285436247723133,399986,中证银行,CNY,CN10Y
2021-11-18,6302.36,0.029146,5.46,0.15400418315018313,399986,中证银行,CNY,CN10Y
2021-11-19,6373.33,0.029302,5.51,0.15218620326678767,399986,中证银行,CNY,CN10Y
2021-11-22,6312.2,0.028876,5.47,0.15393935648994517,399986,中证银行,CNY,CN10Y
2021-11-23,6323.1,0.028875,5.48,0.1536067518248175,399986,中证银行,CNY,CN10Y
2021-11-24,6329.8,0.0286,5.48,0.1538817518248175,399986,中证银行,CNY,CN10Y
2021-11-25,6309.6,0.02855,5.47,0.15426535648994516,399986,中证银行,CNY,CN10Y
2021-11-26,6259.06,0.0282,5.43,0.1559620626151013,399986,中证银行,CNY,CN10Y
2021-11-29,6232.19,0.02825,5.41,0.15659288354898337,399986,中证银行,CNY,CN10Y
2021-11-30,6215.98,0.02825,5.39,0.1572787569573284,399986,中证银行,CNY,CN10Y
2021-12-01,6259.19,0.028401,5.43,0.15576106261510128,399986,中证银行,CNY,CN10Y
2021-12-02,6282.13,0.028601,5.45,0.15488523853211006,399986,中证银行,CNY,CN10Y
2021-12-03,6323.22,0.0287009999999999,5.47,0.15411435648994526,399986,中证银行,CNY,CN10Y
2021-12-06,6354.77,0.028176,5.5,0.15364218181818182,399986,中证银行,CNY,CN10Y
2021-12-07,6417.97,0.028451,5.54,0.15205441516245488,399986,中证银行,CNY,CN10Y
2021-12-08,6420.63,0.028551,5.53,0.15228082640144666,399986,中证银行,CNY,CN10Y
2021-12-09,6482.1,0.028526,5.58,0.15068546953405018,399986,中证银行,CNY,CN10Y
2021-12-10,6466.72,0.028426,5.57,0.15110721364452423,399986,中证银行,CNY,CN10Y
2021-12-13,6416.49,0.028552,5.55,0.1516281801801802,399986,中证银行,CNY,CN10Y
2021-12-14,6329.58,0.028477,5.49,0.15367236247723132,399986,中证银行,CNY,CN10Y
2021-12-15,6321.57,0.028502,5.48,0.15397975182481752,399986,中证银行,CNY,CN10Y
2021-12-16,6366.85,0.0285769999999999,5.51,0.15291120326678775,399986,中证银行,CNY,CN10Y
2021-12-17,6341.44,0.028512,5.49,0.1536373624772313,399986,中证银行,CNY,CN10Y
2021-12-20,6335.07,0.028533,5.49,0.15361636247723132,399986,中证银行,CNY,CN10Y
2021-12-21,6362.32,0.028508,5.51,0.15298020326678766,399986,中证银行,CNY,CN10Y
2021-12-22,6313.39,0.028303,5.48,0.15417875182481752,399986,中证银行,CNY,CN10Y
2021-12-23,6318.68,0.0281429999999999,5.49,0.15400636247723143,399986,中证银行,CNY,CN10Y
2021-12-24,6296.69,0.028203,5.47,0.15461235648994515,399986,中证银行,CNY,CN10Y
2021-12-27,6265.65,0.028128,5.45,0.15535823853211006,399986,中证银行,CNY,CN10Y
2021-12-28,6290.69,0.0280039999999999,5.47,0.15481135648994526,399986,中证银行,CNY,CN10Y
2021-12-29,6221.52,0.027854,5.42,0.1566478450184502,399986,中证银行,CNY,CN10Y
2021-12-30,6251.93,0.027654,5.43,0.15650806261510128,399986,中证银行,CNY,CN10Y
2021-12-31,6248.01,0.0277539999999999,5.43,0.1564080626151014,399986,中证银行,CNY,CN10Y
2022-01-04,6266.65,0.0278549999999999,5.45,0.15563123853211017,399986,中证银行,CNY,CN10Y
2022-01-05,6380.03,0.028045,5.53,0.15278682640144664,399986,中证银行,CNY,CN10Y
2022-01-06,6345.19,0.028205,5.5,0.15361318181818182,399986,中证银行,CNY,CN10Y
2022-01-07,6444.17,0.0281809999999999,5.58,0.15103046953405028,399986,中证银行,CNY,CN10Y
2022-01-10,6469.51,0.028056,5.6,0.15051542857142858,399986,中证银行,CNY,CN10Y
2022-01-11,6542.43,0.027957,5.64,0.1493479645390071,399986,中证银行,CNY,CN10Y
2022-01-12,6526.5,0.027957,5.62,0.14997894306049822,399986,中证银行,CNY,CN10Y
2022-01-13,6527.29,0.027858,5.63,0.14976189342806395,399986,中证银行,CNY,CN10Y
2022-01-14,6383.54,0.0279349999999999,5.52,0.1532244202898552,399986,中证银行,CNY,CN10Y
2022-01-17,6375.43,0.02786,5.51,0.15362820326678767,399986,中证银行,CNY,CN10Y
2022-01-18,6507.73,0.027415,5.6,0.15115642857142858,399986,中证银行,CNY,CN10Y
2022-01-19,6544.73,0.0273139999999999,5.62,0.15062194306049834,399986,中证银行,CNY,CN10Y
2022-01-20,6675.32,0.027271,5.72,0.14755417482517486,399986,中证银行,CNY,CN10Y
2022-01-21,6640.46,0.0271,5.69,0.1486469244288225,399986,中证银行,CNY,CN10Y
2022-01-24,6633.1,0.026751,5.68,0.14930533802816903,399986,中证银行,CNY,CN10Y
2022-01-25,6525.96,0.026979,5.6,0.15159242857142857,399986,中证银行,CNY,CN10Y
2022-01-26,6537.79,0.027146,5.61,0.15110711942959001,399986,中证银行,CNY,CN10Y
2022-01-27,6508.54,0.0273479999999999,5.59,0.15154287656529528,399986,中证银行,CNY,CN10Y
2022-01-28,6414.84,0.027021,5.53,0.15381082640144667,399986,中证银行,CNY,CN10Y
2022-01-29,,0.027013,5.53,0.15381882640144665,399986,中证银行,CNY,CN10Y
2022-01-30,,0.026997,5.53,0.15383482640144666,399986,中证银行,CNY,CN10Y
2022-02-07,6611.99,0.027256,5.68,0.14880033802816903,399986,中证银行,CNY,CN10Y
2022-02-08,6707.84,0.027227,5.77,0.1460832253032929,399986,中证银行,CNY,CN10Y
2022-02-09,6678.21,0.027328,5.75,0.14658504347826087,399986,中证银行,CNY,CN10Y
2022-02-10,6735.44,0.027328,5.79,0.14538357167530225,399986,中证银行,CNY,CN10Y
2022-02-11,6805.84,0.027891,5.84,0.14334187671232876,399986,中证银行,CNY,CN10Y
2022-02-14,6649.2,0.028018,5.72,0.14680717482517486,399986,中证银行,CNY,CN10Y
2022-02-15,6565.22,0.027968,5.65,0.14902315044247788,399986,中证银行,CNY,CN10Y
2022-02-16,6627.72,0.027892,5.7,0.14754659649122806,399986,中证银行,CNY,CN10Y
2022-02-17,6645.55,0.027799,5.71,0.14733234851138355,399986,中证银行,CNY,CN10Y
2022-02-18,6731.88,0.027975,5.77,0.1453352253032929,399986,中证银行,CNY,CN10Y
2022-02-21,6699.47,0.0283,5.74,0.14591602787456445,399986,中证银行,CNY,CN10Y
2022-02-22,6666.5,0.0282,5.71,0.14693134851138354,399986,中证银行,CNY,CN10Y
2022-02-23,6608.38,0.0279,5.67,0.14846684303350968,399986,中证银行,CNY,CN10Y
2022-02-24,6514.6,0.027875,5.59,0.15101587656529517,399986,中证银行,CNY,CN10Y
2022-02-25,6483.7,0.02775,5.57,0.15178321364452424,399986,中证银行,CNY,CN10Y
2022-02-28,6476.78,0.02775,5.56,0.1521061151079137,399986,中证银行,CNY,CN10Y
2022-03-01,6536.84,0.028025,5.61,0.15022811942959002,399986,中证银行,CNY,CN10Y
2022-03-02,6513.39,0.028175,5.6,0.15039642857142857,399986,中证银行,CNY,CN10Y
2022-03-03,6566.78,0.0283,5.64,0.1490049645390071,399986,中证银行,CNY,CN10Y
2022-03-04,6503.32,0.028125,5.6,0.15044642857142856,399986,中证银行,CNY,CN10Y
2022-03-07,6375.9,0.028126,5.5,0.1536921818181818,399986,中证银行,CNY,CN10Y
2022-03-08,6238.48,0.028276,5.41,0.15656688354898338,399986,中证银行,CNY,CN10Y
2022-03-09,6137.3,0.028426,5.33,0.15919126078799248,399986,中证银行,CNY,CN10Y
2022-03-10,6186.11,0.028502,5.35,0.1584138878504673,399986,中证银行,CNY,CN10Y
2022-03-11,6224.57,0.027902,5.38,0.1579716059479554,399986,中证银行,CNY,CN10Y
2022-03-14,6073.72,0.027677,5.28,0.16171693939393939,399986,中证银行,CNY,CN10Y
2022-03-15,5799.05,0.0281769999999999,5.09,0.16828665422396868,399986,中证银行,CNY,CN10Y
2022-03-16,6005.82,0.0279519999999999,5.23,0.16325258891013394,399986,中证银行,CNY,CN10Y
2022-03-17,6055.91,0.0278759999999999,5.26,0.16223806844106475,399986,中证银行,CNY,CN10Y
2022-03-18,6187.77,0.027927,5.35,0.1589888878504673,399986,中证银行,CNY,CN10Y
2022-03-21,6108.84,0.028127,5.3,0.16055224528301887,399986,中证银行,CNY,CN10Y
2022-03-22,6223.33,0.028302,5.39,0.1572267569573284,399986,中证银行,CNY,CN10Y
2022-03-23,6175.03,0.028302,5.37,0.157917739292365,399986,中证银行,CNY,CN10Y
2022-03-24,6197.56,0.028052,5.38,0.1578216059479554,399986,中证银行,CNY,CN10Y
2022-03-25,6193.21,0.027972,5.38,0.1579016059479554,399986,中证银行,CNY,CN10Y
2022-03-28,6217.45,0.0279029999999999,5.42,0.15659884501845028,399986,中证银行,CNY,CN10Y
2022-03-29,6229.81,0.027853,5.44,0.1559705294117647,399986,中证银行,CNY,CN10Y
2022-03-30,6311.6,0.027703,5.5,0.15411518181818182,399986,中证银行,CNY,CN10Y
2022-03-31,6400.74,0.027878,5.57,0.15165521364452422,399986,中证银行,CNY,CN10Y
2022-04-01,6521.02,0.027743,5.65,0.14924815044247788,399986,中证银行,CNY,CN10Y
2022-04-02,,0.027714,5.65,0.14927715044247789,399986,中证银行,CNY,CN10Y
2022-04-06,6625.24,0.027604,5.71,0.14752734851138355,399986,中证银行,CNY,CN10Y
2022-04-07,6553.42,0.0273939999999999,5.67,0.1489728430335098,399986,中证银行,CNY,CN10Y
2022-04-08,6606.92,0.0275289999999999,5.7,0.14790959649122815,399986,中证银行,CNY,CN10Y
2022-04-11,6512.0,0.0276799999999999,5.62,0.15025594306049833,399986,中证银行,CNY,CN10Y
2022-04-12,6519.14,0.027705,5.63,0.14991489342806394,399986,中证银行,CNY,CN10Y
2022-04-13,6515.68,0.027631,5.63,0.14998889342806396,399986,中证银行,CNY,CN10Y
2022-04-14,6496.96,0.027656,5.61,0.15059711942959003,399986,中证银行,CNY,CN10Y
2022-04-15,6598.21,0.027578,5.67,0.1487888430335097,399986,中证银行,CNY,CN10Y
2022-04-18,6430.73,0.028107,5.54,0.1523984151624549,399986,中证银行,CNY,CN10Y
2022-04-19,6420.05,0.028208,5.54,0.15229741516245487,399986,中证银行,CNY,CN10Y
2022-04-20,6353.37,0.02833,5.5,0.15348818181818183,399986,中证银行,CNY,CN10Y
2022-04-21,6332.12,0.028259,5.5,0.15355918181818182,399986,中证银行,CNY,CN10Y
2022-04-22,6439.45,0.028409,5.58,0.1508024695340502,399986,中证银行,CNY,CN10Y
2022-04-24,,0.028335,5.58,0.15087646953405018,399986,中证银行,CNY,CN10Y
2022-04-25,6165.96,0.0281599999999999,5.39,0.1573687569573285,399986,中证银行,CNY,CN10Y
2022-04-26,6149.7,0.02826,5.39,0.1572687569573284,399986,中证银行,CNY,CN10Y
2022-04-27,6157.83,0.028411,5.36,0.15815616417910447,399986,中证银行,CNY,CN10Y
2022-04-28,6269.9,0.0284859999999999,5.44,0.1553375294117648,399986,中证银行,CNY,CN10Y
2022-04-29,6251.86,0.028386,5.44,0.1554375294117647,399986,中证银行,CNY,CN10Y
2022-05-05,6234.14,0.0282819999999999,5.19,0.16439622736030837,399986,中证银行,CNY,CN10Y
2022-05-06,6103.3,0.028273,5.1,0.16780543137254905,399986,中证银行,CNY,CN10Y
2022-05-07,,0.0282629999999999,5.1,0.16781543137254915,399986,中证银行,CNY,CN10Y
2022-05-09,6018.05,0.028154,5.05,0.16986580198019802,399986,中证银行,CNY,CN10Y
2022-05-10,6066.12,0.028089,5.08,0.16876139370078738,399986,中证银行,CNY,CN10Y
2022-05-11,6036.66,0.0282399999999999,5.05,0.16977980198019813,399986,中证银行,CNY,CN10Y
2022-05-12,5998.79,0.028055,5.02,0.17114818725099604,399986,中证银行,CNY,CN10Y
2022-05-13,6069.7,0.02814,5.07,0.1690986587771203,399986,中证银行,CNY,CN10Y
2022-05-16,6015.65,0.028216,5.03,0.17059115705765407,399986,中证银行,CNY,CN10Y
2022-05-17,6074.4,0.028178,5.07,0.1690606587771203,399986,中证银行,CNY,CN10Y
2022-05-18,6028.47,0.027801,5.03,0.17100615705765407,399986,中证银行,CNY,CN10Y
2022-05-19,5997.14,0.027774,5.01,0.17182679840319362,399986,中证银行,CNY,CN10Y
2022-05-20,6087.14,0.0279,5.08,0.16895039370078738,399986,中证银行,CNY,CN10Y
2022-05-23,6055.79,0.027675,5.05,0.17034480198019802,399986,中证银行,CNY,CN10Y
2022-05-24,5999.48,0.02765,5.03,0.17115715705765405,399986,中证银行,CNY,CN10Y
2022-05-25,6017.74,0.027575,5.04,0.1708376984126984,399986,中证银行,CNY,CN10Y
2022-05-26,6005.09,0.0271,5.04,0.17131269841269842,399986,中证银行,CNY,CN10Y
2022-05-27,6036.98,0.026974,5.06,0.17065445849802374,399986,中证银行,CNY,CN10Y
2022-05-30,5988.85,0.027225,5.03,0.17158215705765406,399986,中证银行,CNY,CN10Y
2022-05-31,6018.2,0.027426,5.05,0.17059380198019802,399986,中证银行,CNY,CN10Y
2022-06-01,5999.73,0.027551,5.03,0.17125615705765407,399986,中证银行,CNY,CN10Y
2022-06-02,5966.15,0.027601,5.01,0.17199979840319363,399986,中证银行,CNY,CN10Y
2022-06-06,5959.89,0.027776,4.99,0.1726248016032064,399986,中证银行,CNY,CN10Y
2022-06-07,6024.22,0.027576,5.03,0.17123115705765407,399986,中证银行,CNY,CN10Y
2022-06-08,6035.69,0.0276609999999999,5.04,0.1707516984126985,399986,中证银行,CNY,CN10Y
2022-06-09,6112.12,0.027576,5.09,0.1688876542239686,399986,中证银行,CNY,CN10Y
2022-06-10,6140.17,0.027526,5.11,0.16816871624266144,399986,中证银行,CNY,CN10Y
2022-06-13,6018.79,0.027652,5.06,0.16997645849802373,399986,中证银行,CNY,CN10Y
2022-06-14,6112.49,0.027702,5.12,0.1676105,399986,中证银行,CNY,CN10Y
2022-06-15,6219.55,0.027827,5.19,0.16485122736030827,399986,中证银行,CNY,CN10Y
2022-06-16,6101.25,0.027728,5.12,0.1675845,399986,中证银行,CNY,CN10Y
2022-06-17,6095.27,0.027752,5.12,0.1675605,399986,中证银行,CNY,CN10Y
2022-06-20,6049.16,0.027853,5.09,0.1686106542239686,399986,中证银行,CNY,CN10Y
2022-06-21,6106.64,0.027853,5.14,0.1666995291828794,399986,中证银行,CNY,CN10Y
2022-06-22,6029.65,0.027773,5.09,0.1686906542239686,399986,中证银行,CNY,CN10Y
2022-06-23,6081.44,0.027803,5.12,0.1675095,399986,中证银行,CNY,CN10Y
2022-06-24,6047.87,0.027978,5.1,0.16810043137254904,399986,中证银行,CNY,CN10Y
2022-06-27,6112.29,0.028329,5.13,0.16660277387914232,399986,中证银行,CNY,CN10Y
2022-06-28,6143.71,0.028414,5.15,0.1657607572815534,399986,中证银行,CNY,CN10Y
2022-06-29,6153.55,0.028294,5.17,0.16512959767891683,399986,中证银行,CNY,CN10Y
2022-06-30,6203.34,0.028205,5.19,0.16447322736030826,399986,中证银行,CNY,CN10Y
2022-07-01,6178.18,0.028255,5.17,0.16516859767891684,399986,中证银行,CNY,CN10Y
2022-07-04,6150.83,0.028445,5.16,0.1653534496124031,399986,中证银行,CNY,CN10Y
2022-07-05,6154.3,0.028333,5.18,0.16471719305019306,399986,中证银行,CNY,CN10Y
2022-07-06,6069.77,0.028356,5.12,0.1669565,399986,中证银行,CNY,CN10Y
2022-07-07,6059.89,0.028356,5.11,0.16733871624266144,399986,中证银行,CNY,CN10Y
2022-07-08,6048.75,0.028384,5.11,0.16731071624266144,399986,中证银行,CNY,CN10Y
2022-07-11,6044.43,0.028266,5.12,0.1670465,399986,中证银行,CNY,CN10Y
2022-07-12,6013.34,0.028117,5.05,0.16990280198019803,399986,中证银行,CNY,CN10Y
2022-07-13,5871.1,0.028067,4.95,0.173953202020202,399986,中证银行,CNY,CN10Y
2022-07-14,5751.44,0.027907,4.85,0.1782785670103093,399986,中证银行,CNY,CN10Y
2022-07-15,5623.76,0.027857,4.71,0.18445722505307857,399986,中证银行,CNY,CN10Y
2022-07-18,5699.84,0.027837,4.77,0.18180660587002098,399986,中证银行,CNY,CN10Y
2022-07-19,5725.11,0.027859,4.8,0.18047433333333335,399986,中证银行,CNY,CN10Y
2022-07-20,5752.39,0.02771,4.83,0.17932933747412005,399986,中证银行,CNY,CN10Y
2022-07-21,5649.31,0.027635,4.75,0.18289131578947368,399986,中证银行,CNY,CN10Y
2022-07-22,5669.71,0.02787,4.77,0.18177360587002098,399986,中证银行,CNY,CN10Y
2022-07-25,5691.01,0.02779,4.8,0.18054333333333333,399986,中证银行,CNY,CN10Y
2022-07-26,5741.72,0.0277,4.82,0.17976887966804977,399986,中证银行,CNY,CN10Y
2022-07-27,5711.65,0.0277009999999999,4.79,0.18106726722338215,399986,中证银行,CNY,CN10Y
2022-07-28,5698.01,0.02785,4.78,0.1813550209205021,399986,中证银行,CNY,CN10Y
2022-07-29,5649.56,0.0275599999999999,4.74,0.18341046413502118,399986,中证银行,CNY,CN10Y
2022-08-01,5591.19,0.027292,4.71,0.18502222505307855,399986,中证银行,CNY,CN10Y
2022-08-02,5513.22,0.0273139999999999,4.65,0.1877397634408603,399986,中证银行,CNY,CN10Y
2022-08-03,5449.63,0.027218,4.6,0.19017330434782612,399986,中证银行,CNY,CN10Y
2022-08-04,5504.04,0.0271919999999999,4.65,0.18786176344086028,399986,中证银行,CNY,CN10Y
2022-08-05,5558.08,0.027339,4.69,0.18588061620469082,399986,中证银行,CNY,CN10Y
2022-08-08,5528.21,0.027409,4.66,0.1871832746781116,399986,中证银行,CNY,CN10Y
2022-08-09,5501.41,0.0274,4.64,0.18811724137931035,399986,中证银行,CNY,CN10Y
2022-08-10,5469.69,0.027366,4.63,0.1886167213822894,399986,中证银行,CNY,CN10Y
2022-08-11,5568.18,0.027317,4.69,0.1859026162046908,399986,中证银行,CNY,CN10Y
2022-08-12,5578.43,0.027347,4.69,0.1858726162046908,399986,中证银行,CNY,CN10Y
2022-08-15,5507.92,0.0265819999999999,4.65,0.18847176344086028,399986,中证银行,CNY,CN10Y
2022-08-16,5508.69,0.0263459999999999,4.65,0.1887077634408603,399986,中证银行,CNY,CN10Y
2022-08-17,5567.39,0.026124,4.68,0.18755121367521368,399986,中证银行,CNY,CN10Y
2022-08-18,5503.32,0.0258,4.64,0.18971724137931037,399986,中证银行,CNY,CN10Y
2022-08-19,5528.5,0.025875,4.66,0.18871727467811159,399986,中证银行,CNY,CN10Y
2022-08-22,5521.1,0.0259249999999999,4.65,0.1891287634408603,399986,中证银行,CNY,CN10Y
2022-08-23,5473.06,0.026075,4.62,0.19037521645021643,399986,中证银行,CNY,CN10Y
2022-08-24,5457.95,0.0260999999999999,4.61,0.19081973969631244,399986,中证银行,CNY,CN10Y
2022-08-25,5534.1,0.0263899999999999,4.66,0.18820227467811168,399986,中证银行,CNY,CN10Y
2022-08-26,5544.24,0.02643,4.66,0.18816227467811159,399986,中证银行,CNY,CN10Y
2022-08-29,5480.08,0.026225,4.63,0.1897577213822894,399986,中证银行,CNY,CN10Y
2022-08-30,5506.82,0.02613,4.65,0.1889237634408602,399986,中证银行,CNY,CN10Y
2022-08-31,5592.93,0.026225,4.71,0.18608922505307857,399986,中证银行,CNY,CN10Y
2022-09-01,5569.75,0.026125,4.62,0.19032521645021644,399986,中证银行,CNY,CN10Y
2022-09-02,5558.95,0.026226,4.61,0.19069373969631234,399986,中证银行,CNY,CN10Y
2022-09-05,5579.06,0.02618,4.62,0.19027021645021644,399986,中证银行,CNY,CN10Y
2022-09-06,5558.33,0.02614,4.61,0.19077973969631234,399986,中证银行,CNY,CN10Y
2022-09-07,5532.55,0.026215,4.59,0.1916499237472767,399986,中证银行,CNY,CN10Y
2022-09-08,5556.81,0.0262559999999999,4.6,0.19113530434782622,399986,中证银行,CNY,CN10Y
2022-09-09,5648.81,0.02635,4.66,0.1882422746781116,399986,中证银行,CNY,CN10Y
2022-09-13,5695.17,0.026427,4.69,0.18679261620469081,399986,中证银行,CNY,CN10Y
2022-09-14,5647.91,0.026625,4.66,0.18796727467811158,399986,中证银行,CNY,CN10Y
2022-09-15,5711.34,0.026625,4.71,0.18568922505307855,399986,中证银行,CNY,CN10Y
2022-09-16,5596.59,0.02673,4.63,0.1892527213822894,399986,中证银行,CNY,CN10Y
2022-09-19,5618.7,0.02675,4.66,0.1878422746781116,399986,中证银行,CNY,CN10Y
2022-09-20,5564.69,0.02664,4.62,0.18981021645021645,399986,中证银行,CNY,CN10Y
2022-09-21,5587.51,0.026451,4.64,0.18906624137931036,399986,中证银行,CNY,CN10Y
2022-09-22,5572.96,0.026501,4.63,0.18948172138228941,399986,中证银行,CNY,CN10Y
2022-09-23,5596.93,0.026802,4.65,0.1882517634408602,399986,中证银行,CNY,CN10Y
2022-09-26,5507.79,0.0271539999999999,4.58,0.1911866113537119,399986,中证银行,CNY,CN10Y
2022-09-27,5527.58,0.027051,4.59,0.1908139237472767,399986,中证银行,CNY,CN10Y
2022-09-28,5533.89,0.027401,4.6,0.1899903043478261,399986,中证银行,CNY,CN10Y
2022-09-29,5468.99,0.027501,4.55,0.19227921978021978,399986,中证银行,CNY,CN10Y
2022-09-30,5503.63,0.027601,4.58,0.1907396113537118,399986,中证银行,CNY,CN10Y
2022-10-08,,0.0276259999999999,4.58,0.1907146113537119,399986,中证银行,CNY,CN10Y
2022-10-09,,0.027452,4.58,0.1908886113537118,399986,中证银行,CNY,CN10Y
2022-10-10,5431.09,0.027402,4.54,0.19286231718061672,399986,中证银行,CNY,CN10Y
2022-10-11,5414.74,0.027426,4.52,0.19381293805309735,399986,中证银行,CNY,CN10Y
2022-10-12,5438.87,0.0273519999999999,4.54,0.19291231718061683,399986,中证银行,CNY,CN10Y
2022-10-13,5353.53,0.027252,4.48,0.1959622857142857,399986,中证银行,CNY,CN10Y
2022-10-14,5408.2,0.026977,4.51,0.19475249002217296,399986,中证银行,CNY,CN10Y
2022-10-17,5400.23,0.027002,4.51,0.19472749002217296,399986,中证银行,CNY,CN10Y
2022-10-18,5392.1,0.027002,4.5,0.1952202222222222,399986,中证银行,CNY,CN10Y
2022-10-19,5330.57,0.027052,4.47,0.1966616465324385,399986,中证银行,CNY,CN10Y
2022-10-20,5315.15,0.0271749999999999,4.46,0.19704024663677142,399986,中证银行,CNY,CN10Y
2022-10-21,5293.13,0.0272779999999999,4.45,0.19744110112359559,399986,中证银行,CNY,CN10Y
2022-10-24,5148.19,0.027153,4.37,0.20167995194508007,399986,中证银行,CNY,CN10Y
2022-10-25,5139.33,0.0272779999999999,4.36,0.20207979816513771,399986,中证银行,CNY,CN10Y
2022-10-26,5091.16,0.027025,4.33,0.20392188221709007,399986,中证银行,CNY,CN10Y
2022-10-27,5079.58,0.026953,4.31,0.2050655614849188,399986,中证银行,CNY,CN10Y
2022-10-28,5045.24,0.0266529999999999,4.29,0.2064472331002332,399986,中证银行,CNY,CN10Y
2022-10-31,4981.53,0.0264329999999999,4.23,0.20997361938534287,399986,中证银行,CNY,CN10Y
2022-11-01,5065.0,0.026629,4.17,0.21317915347721822,399986,中证银行,CNY,CN10Y
2022-11-02,5061.54,0.026854,4.16,0.21353061538461537,399986,中证银行,CNY,CN10Y
2022-11-03,5018.24,0.026776,4.14,0.2147698937198068,399986,中证银行,CNY,CN10Y
2022-11-04,5116.05,0.027023,4.21,0.21050669121140145,399986,中证银行,CNY,CN10Y
2022-11-07,5112.72,0.027003,4.21,0.21052669121140144,399986,中证银行,CNY,CN10Y
2022-11-08,5108.93,0.026853,4.2,0.2112422380952381,399986,中证银行,CNY,CN10Y
2022-11-09,5111.11,0.026953,4.21,0.21057669121140143,399986,中证银行,CNY,CN10Y
2022-11-10,5120.38,0.027028,4.22,0.20993882464454977,399986,中证银行,CNY,CN10Y
2022-11-11,5293.03,0.027354,4.33,0.20359288221709007,399986,中证银行,CNY,CN10Y
2022-11-14,5402.08,0.028354,4.39,0.19943643280182236,399986,中证银行,CNY,CN10Y
2022-11-15,5416.61,0.028155,4.4,0.19911772727272725,399986,中证银行,CNY,CN10Y
2022-11-16,5380.05,0.028329,4.38,0.19998150228310504,399986,中证银行,CNY,CN10Y
2022-11-17,5343.26,0.028026,4.36,0.2013317981651376,399986,中证银行,CNY,CN10Y
2022-11-18,5312.41,0.02825,4.34,0.2021647465437788,399986,中证银行,CNY,CN10Y
2022-11-21,5296.31,0.02818,4.33,0.20276688221709005,399986,中证银行,CNY,CN10Y
2022-11-22,5392.76,0.028276,4.4,0.19899672727272727,399986,中证银行,CNY,CN10Y
2022-11-23,5413.01,0.027975,4.43,0.19775863431151244,399986,中证银行,CNY,CN10Y
2022-11-24,5402.13,0.02795,4.42,0.1982943438914027,399986,中证银行,CNY,CN10Y
2022-11-25,5529.56,0.0283,4.51,0.19342949002217297,399986,中证银行,CNY,CN10Y
2022-11-28,5429.71,0.0286,4.44,0.1966252252252252,399986,中证银行,CNY,CN10Y
2022-11-29,5678.1,0.0288,4.59,0.1890649237472767,399986,中证银行,CNY,CN10Y
2022-11-30,5650.02,0.0288499999999999,4.58,0.1894906113537119,399986,中证银行,CNY,CN10Y
2022-12-01,5618.5,0.0286,4.54,0.19166431718061672,399986,中证银行,CNY,CN10Y
2022-12-02,5576.15,0.028676,4.52,0.19256293805309735,399986,中证银行,CNY,CN10Y
2022-12-05,5730.64,0.028902,4.62,0.18754821645021644,399986,中证银行,CNY,CN10Y
2022-12-06,5722.6,0.029152,4.62,0.18729821645021644,399986,中证银行,CNY,CN10Y
2022-12-07,5660.0,0.028702,4.58,0.1896386113537118,399986,中证银行,CNY,CN10Y
2022-12-08,5706.17,0.028853,4.61,0.18806673969631235,399986,中证银行,CNY,CN10Y
2022-12-09,5767.0,0.0289029999999999,4.65,0.1861507634408603,399986,中证银行,CNY,CN10Y
2022-12-12,5652.31,0.028902,4.57,0.18991638074398248,399986,中证银行,CNY,CN10Y
2022-12-13,5697.72,0.028952,4.61,0.18796773969631234,399986,中证银行,CNY,CN10Y
2022-12-14,5719.11,0.028655,4.63,0.18732772138228942,399986,中证银行,CNY,CN10Y
2022-12-15,5649.88,0.0288289999999999,4.58,0.1895116113537119,399986,中证银行,CNY,CN10Y
2022-12-16,5718.19,0.028856,4.63,0.18712672138228942,399986,中证银行,CNY,CN10Y
2022-12-19,5624.83,0.028632,4.57,0.1901863807439825,399986,中证银行,CNY,CN10Y
2022-12-20,5544.71,0.028732,4.51,0.19299749002217295,399986,中证银行,CNY,CN10Y
2022-12-21,5572.91,0.028606,4.53,0.1921445518763797,399986,中证银行,CNY,CN10Y
2022-12-22,5593.09,0.0285029999999999,4.55,0.1912772197802199,399986,中证银行,CNY,CN10Y
2022-12-23,5570.43,0.028251,4.53,0.19249955187637968,399986,中证银行,CNY,CN10Y
2022-12-26,5543.33,0.028378,4.51,0.19335149002217294,399986,中证银行,CNY,CN10Y
2022-12-27,5639.83,0.028657,4.58,0.1896836113537118,399986,中证银行,CNY,CN10Y
2022-12-28,5695.67,0.0285029999999999,4.62,0.18794721645021656,399986,中证银行,CNY,CN10Y
2022-12-29,5664.45,0.028376,4.59,0.18948892374727672,399986,中证银行,CNY,CN10Y
2022-12-30,5699.58,0.028353,4.63,0.18762972138228942,399986,中证银行,CNY,CN10Y
2022-12-31,,0.028353,4.63,0.18762972138228942,399986,中证银行,CNY,CN10Y
2023-01-03,5725.93,0.028228,4.63,0.1877547213822894,399986,中证银行,CNY,CN10Y
2023-01-04,5839.84,0.028103,4.72,0.18376140677966105,399986,中证银行,CNY,CN10Y
2023-01-05,5832.94,0.028304,4.71,0.18401022505307857,399986,中证银行,CNY,CN10Y
2023-01-06,5822.45,0.028328,4.7,0.18443795744680852,399986,中证银行,CNY,CN10Y
2023-01-09,5832.91,0.028428,4.71,0.18388622505307856,399986,中证银行,CNY,CN10Y
2023-01-10,5768.23,0.028602,4.67,0.18553076231263385,399986,中证银行,CNY,CN10Y
2023-01-11,5822.6,0.028603,4.7,0.18416295744680852,399986,中证银行,CNY,CN10Y
2023-01-12,5824.07,0.028778,4.7,0.18398795744680851,399986,中证银行,CNY,CN10Y
2023-01-13,5885.78,0.0290099999999999,4.75,0.18151631578947378,399986,中证银行,CNY,CN10Y
2023-01-16,5897.79,0.029167,4.75,0.18135931578947367,399986,中证银行,CNY,CN10Y
2023-01-17,5895.5,0.029017,4.74,0.18195346413502106,399986,中证银行,CNY,CN10Y
2023-01-18,5898.75,0.029222,4.75,0.18130431578947367,399986,中证银行,CNY,CN10Y
2023-01-19,5900.97,0.0291449999999999,4.75,0.18138131578947378,399986,中证银行,CNY,CN10Y
2023-01-20,5912.67,0.029331,4.76,0.18075303361344539,399986,中证银行,CNY,CN10Y
2023-01-28,,0.029341,4.76,0.18074303361344538,399986,中证银行,CNY,CN10Y
2023-01-29,,0.029219,4.76,0.1808650336134454,399986,中证银行,CNY,CN10Y
2023-01-30,5930.27,0.029133,4.77,0.180510605870021,399986,中证银行,CNY,CN10Y
2023-01-31,5872.9,0.028977,4.74,0.18199346413502107,399986,中证银行,CNY,CN10Y
2023-02-01,5843.75,0.029101,4.72,0.18276340677966105,399986,中证银行,CNY,CN10Y
2023-02-02,5812.19,0.02897,4.7,0.18379595744680852,399986,中证银行,CNY,CN10Y
2023-02-03,5756.99,0.028943,4.66,0.1856492746781116,399986,中证银行,CNY,CN10Y
2023-02-06,5704.48,0.029017,4.63,0.1869657213822894,399986,中证银行,CNY,CN10Y
2023-02-07,5723.7,0.028964,4.64,0.18655324137931037,399986,中证银行,CNY,CN10Y
2023-02-08,5713.11,0.028973,4.64,0.18654424137931036,399986,中证银行,CNY,CN10Y
2023-02-09,5731.85,0.028912,4.65,0.1861417634408602,399986,中证银行,CNY,CN10Y
2023-02-10,5725.7,0.029003,4.65,0.1860507634408602,399986,中证银行,CNY,CN10Y
2023-02-13,5681.0,0.028943,4.62,0.18750721645021645,399986,中证银行,CNY,CN10Y
2023-02-14,5704.4,0.028914,4.63,0.18706872138228942,399986,中证银行,CNY,CN10Y
2023-02-15,5650.85,0.028918,4.6,0.1884733043478261,399986,中证银行,CNY,CN10Y
2023-02-16,5643.55,0.028907,4.59,0.1889579237472767,399986,中证银行,CNY,CN10Y
2023-02-17,5598.16,0.0289199999999999,4.57,0.1898983807439826,399986,中证银行,CNY,CN10Y
2023-02-20,5746.06,0.0291699999999999,4.66,0.1854222746781117,399986,中证银行,CNY,CN10Y
2023-02-21,5751.97,0.02919,4.67,0.18494276231263385,399986,中证银行,CNY,CN10Y
2023-02-22,5709.37,0.029175,4.64,0.18634224137931035,399986,中证银行,CNY,CN10Y
2023-02-23,5714.74,0.02922,4.64,0.18629724137931036,399986,中证银行,CNY,CN10Y
2023-02-24,5668.45,0.029126,4.61,0.18779373969631236,399986,中证银行,CNY,CN10Y
2023-02-27,5640.86,0.029117,4.59,0.1887479237472767,399986,中证银行,CNY,CN10Y
2023-02-28,5662.08,0.029017,4.61,0.18790273969631233,399986,中证银行,CNY,CN10Y
2023-03-01,5728.37,0.028977,4.65,0.1860767634408602,399986,中证银行,CNY,CN10Y
2023-03-02,5745.45,0.0291109999999999,4.67,0.18502176231263395,399986,中证银行,CNY,CN10Y
2023-03-03,5793.16,0.029026,4.72,0.18283840677966104,399986,中证银行,CNY,CN10Y
2023-03-06,5704.64,0.028826,4.66,0.1857662746781116,399986,中证银行,CNY,CN10Y
2023-03-07,5709.14,0.0287259999999999,4.69,0.18449361620469093,399986,中证银行,CNY,CN10Y
2023-03-08,5675.25,0.028828,4.67,0.18530476231263385,399986,中证银行,CNY,CN10Y
2023-03-09,5640.32,0.028752,4.65,0.1863017634408602,399986,中证银行,CNY,CN10Y
2023-03-10,5563.84,0.028627,4.59,0.18923792374727672,399986,中证银行,CNY,CN10Y
2023-03-13,5578.13,0.028703,4.62,0.18774721645021644,399986,中证银行,CNY,CN10Y
2023-03-14,5536.12,0.028652,4.6,0.1887393043478261,399986,中证银行,CNY,CN10Y
2023-03-15,5588.79,0.028652,4.65,0.18640176344086018,399986,中证银行,CNY,CN10Y
2023-03-16,5598.36,0.028552,4.68,0.1851232136752137,399986,中证银行,CNY,CN10Y
2023-03-17,5588.22,0.028602,4.68,0.1850732136752137,399986,中证银行,CNY,CN10Y
2023-03-20,5575.05,0.028504,4.68,0.1851712136752137,399986,中证银行,CNY,CN10Y
2023-03-21,5559.65,0.0286039999999999,4.64,0.18691324137931045,399986,中证银行,CNY,CN10Y
2023-03-22,5613.37,0.0285769999999999,4.69,0.1846426162046909,399986,中证银行,CNY,CN10Y
2023-03-23,5652.24,0.028652,4.71,0.18366222505307855,399986,中证银行,CNY,CN10Y
2023-03-24,5592.48,0.028676,4.65,0.18637776344086018,399986,中证银行,CNY,CN10Y
2023-03-27,5538.83,0.028551,4.61,0.18836873969631235,399986,中证银行,CNY,CN10Y
2023-03-28,5564.0,0.0285559999999999,4.64,0.18696124137931047,399986,中证银行,CNY,CN10Y
2023-03-29,5544.86,0.028532,4.64,0.18698524137931036,399986,中证银行,CNY,CN10Y
2023-03-30,5584.95,0.028603,4.66,0.1859892746781116,399986,中证银行,CNY,CN10Y
2023-03-31,5558.11,0.0285279999999999,4.64,0.18698924137931044,399986,中证银行,CNY,CN10Y
2023-04-03,5565.94,0.0286039999999999,4.63,0.1873787213822895,399986,中证银行,CNY,CN10Y
2023-04-04,5598.18,0.028584,4.68,0.1850912136752137,399986,中证银行,CNY,CN10Y
2023-04-06,5576.7,0.028605,4.68,0.1850702136752137,399986,中证银行,CNY,CN10Y
2023-04-07,5591.11,0.028464,4.68,0.1852112136752137,399986,中证银行,CNY,CN10Y
2023-04-10,5601.78,0.0284549999999999,4.69,0.18476461620469092,399986,中证银行,CNY,CN10Y
2023-04-11,5587.06,0.028203,4.69,0.18501661620469081,399986,中证银行,CNY,CN10Y
2023-04-12,5609.2,0.028158,4.73,0.18325849048625792,399986,中证银行,CNY,CN10Y
2023-04-13,5656.63,0.028277,4.77,0.18136660587002099,399986,中证银行,CNY,CN10Y
2023-04-14,5679.11,0.028281,4.78,0.18092402092050208,399986,中证银行,CNY,CN10Y
2023-04-17,5784.18,0.028432,4.88,0.17648603278688524,399986,中证银行,CNY,CN10Y
2023-04-18,5845.63,0.028319,4.93,0.1745207565922921,399986,中证银行,CNY,CN10Y
2023-04-19,5837.3,0.028333,4.93,0.17450675659229212,399986,中证银行,CNY,CN10Y
2023-04-20,5825.98,0.028332,4.92,0.1749200325203252,399986,中证银行,CNY,CN10Y
2023-04-21,5755.05,0.028258,4.87,0.17708080903490758,399986,中证银行,CNY,CN10Y
2023-04-23,,0.02822,4.87,0.1771188090349076,399986,中证银行,CNY,CN10Y
2023-04-24,5709.45,0.028176,4.86,0.17758531687242796,399986,中证银行,CNY,CN10Y
2023-04-25,5806.58,0.028157,4.94,0.17427214979757083,399986,中证银行,CNY,CN10Y
2023-04-26,5759.63,0.028058,4.91,0.17560798778004072,399986,中证银行,CNY,CN10Y
2023-04-27,5752.59,0.027852,4.91,0.17581398778004073,399986,中证银行,CNY,CN10Y
2023-04-28,5811.54,0.027788,4.94,0.17464114979757084,399986,中证银行,CNY,CN10Y
2023-05-04,5965.19,0.027613,5.06,0.17001545849802374,399986,中证银行,CNY,CN10Y
2023-05-05,6032.87,0.027338,5.12,0.1679745,399986,中证银行,CNY,CN10Y
2023-05-06,,0.027311,5.12,0.1680015,399986,中证银行,CNY,CN10Y
2023-05-08,6285.31,0.027484,5.4,0.15770118518518517,399986,中证银行,CNY,CN10Y
2023-05-09,6219.22,0.027383,5.36,0.15918416417910447,399986,中证银行,CNY,CN10Y
2023-05-10,6025.59,0.02721,5.14,0.16734252918287937,399986,中证银行,CNY,CN10Y
2023-05-11,6007.84,0.02701,5.1,0.16906843137254904,399986,中证银行,CNY,CN10Y
2023-05-12,5953.37,0.027058,5.06,0.17057045849802374,399986,中证银行,CNY,CN10Y
2023-05-15,6014.65,0.02719,5.11,0.16850471624266145,399986,中证银行,CNY,CN10Y
2023-05-16,6002.78,0.027129,5.1,0.16894943137254903,399986,中证银行,CNY,CN10Y
2023-05-17,5957.71,0.02721,5.07,0.17002865877712028,399986,中证银行,CNY,CN10Y
2023-05-18,6014.25,0.027184,5.15,0.16699075728155338,399986,中证银行,CNY,CN10Y
2023-05-19,5928.07,0.027151,5.07,0.1700876587771203,399986,中证银行,CNY,CN10Y
2023-05-22,5943.53,0.027132,5.09,0.1693316542239686,399986,中证银行,CNY,CN10Y
2023-05-23,5839.34,0.026962,4.97,0.1742452434607646,399986,中证银行,CNY,CN10Y
2023-05-24,5712.09,0.027037,4.84,0.17957457024793388,399986,中证银行,CNY,CN10Y
2023-05-25,5692.92,0.027065,4.83,0.17997433747412006,399986,中证银行,CNY,CN10Y
2023-05-26,5743.89,0.027205,4.87,0.17813380903490758,399986,中证银行,CNY,CN10Y
2023-05-29,5763.69,0.0269499999999999,4.91,0.17671598778004083,399986,中证银行,CNY,CN10Y
2023-05-30,5732.27,0.027,4.88,0.17791803278688526,399986,中证银行,CNY,CN10Y
2023-05-31,5696.49,0.02685,4.86,0.17891131687242795,399986,中证银行,CNY,CN10Y
2023-06-01,5675.38,0.026825,4.84,0.17978657024793387,399986,中证银行,CNY,CN10Y
2023-06-02,5744.86,0.026951,4.88,0.17796703278688525,399986,中证银行,CNY,CN10Y
2023-06-05,5784.81,0.026926,4.95,0.175094202020202,399986,中证银行,CNY,CN10Y
2023-06-06,5776.83,0.026826,4.94,0.17560314979757086,399986,中证银行,CNY,CN10Y
2023-06-07,5823.12,0.026827,4.99,0.1735738016032064,399986,中证银行,CNY,CN10Y
2023-06-08,5931.51,0.026822,5.09,0.1696416542239686,399986,中证银行,CNY,CN10Y
2023-06-09,5900.7,0.026703,5.07,0.1705356587771203,399986,中证银行,CNY,CN10Y
2023-06-12,5828.62,0.026704,4.99,0.17369680160320639,399986,中证银行,CNY,CN10Y
2023-06-13,5842.89,0.026227,5.01,0.1733737984031936,399986,中证银行,CNY,CN10Y
2023-06-14,5751.22,0.026178,4.91,0.1774879877800407,399986,中证银行,CNY,CN10Y
2023-06-15,5784.83,0.026482,4.94,0.17594714979757084,399986,中证银行,CNY,CN10Y
2023-06-16,5767.56,0.0266259999999999,4.91,0.17703998778004082,399986,中证银行,CNY,CN10Y
2023-06-19,5661.63,0.026876,4.84,0.17973557024793388,399986,中证银行,CNY,CN10Y
2023-06-20,5630.66,0.026751,4.81,0.18114920790020791,399986,中证银行,CNY,CN10Y
2023-06-21,5615.24,0.026701,4.81,0.1811992079002079,399986,中证银行,CNY,CN10Y
2023-06-25,,0.026576,4.81,0.18132420790020792,399986,中证银行,CNY,CN10Y
2023-06-26,5522.61,0.026677,4.72,0.18518740677966103,399986,中证银行,CNY,CN10Y
2023-06-27,5577.37,0.026676,4.77,0.18296760587002098,399986,中证银行,CNY,CN10Y
2023-06-28,5574.87,0.0266509999999999,4.77,0.18299260587002109,399986,中证银行,CNY,CN10Y
2023-06-29,5538.29,0.026526,4.74,0.18444446413502108,399986,中证银行,CNY,CN10Y
2023-06-30,5577.88,0.026351,4.78,0.18285402092050207,399986,中证银行,CNY,CN10Y
2023-07-03,5672.84,0.026402,4.86,0.17935931687242795,399986,中证银行,CNY,CN10Y
2023-07-04,5621.05,0.026477,4.81,0.1814232079002079,399986,中证银行,CNY,CN10Y
2023-07-05,5591.32,0.026402,4.79,0.18236626722338203,399986,中证银行,CNY,CN10Y
2023-07-06,5533.96,0.026392,4.74,0.18457846413502108,399986,中证银行,CNY,CN10Y
2023-07-07,5532.6,0.026403,4.74,0.18456746413502106,399986,中证银行,CNY,CN10Y
2023-07-10,5533.42,0.026403,4.74,0.18456746413502106,399986,中证银行,CNY,CN10Y
2023-07-11,5571.1,0.026353,4.78,0.18285202092050207,399986,中证银行,CNY,CN10Y
2023-07-12,5562.81,0.026378,4.78,0.18282702092050207,399986,中证银行,CNY,CN10Y
2023-07-13,5584.18,0.026413,4.81,0.18148720790020792,399986,中证银行,CNY,CN10Y
2023-07-14,5587.83,0.026444,4.82,0.18102487966804978,399986,中证银行,CNY,CN10Y
2023-07-17,5509.93,0.026364,4.71,0.18595022505307857,399986,中证银行,CNY,CN10Y
2023-07-18,5470.65,0.026234,4.64,0.18928324137931035,399986,中证银行,CNY,CN10Y
2023-07-19,5487.66,0.026233,4.65,0.18882076344086018,399986,中证银行,CNY,CN10Y
2023-07-20,5497.36,0.026214,4.65,0.18883976344086018,399986,中证银行,CNY,CN10Y
2023-07-21,5493.68,0.0260789999999999,4.65,0.18897476344086028,399986,中证银行,CNY,CN10Y
2023-07-24,5470.77,0.025934,4.64,0.18958324137931037,399986,中证银行,CNY,CN10Y
2023-07-25,5621.77,0.0266299999999999,4.75,0.18389631578947377,399986,中证银行,CNY,CN10Y
2023-07-26,5615.53,0.02643,4.75,0.18409631578947366,399986,中证银行,CNY,CN10Y
2023-07-27,5662.07,0.026395,4.8,0.18193833333333334,399986,中证银行,CNY,CN10Y
2023-07-28,5833.95,0.026533,4.93,0.1763067565922921,399986,中证银行,CNY,CN10Y
2023-07-31,5881.48,0.026597,4.95,0.175423202020202,399986,中证银行,CNY,CN10Y
2023-08-01,5846.51,0.026607,4.94,0.17582214979757085,399986,中证银行,CNY,CN10Y
2023-08-02,5734.62,0.026525,4.82,0.18094387966804978,399986,中证银行,CNY,CN10Y
2023-08-03,5809.76,0.026435,4.88,0.17848303278688527,399986,中证银行,CNY,CN10Y
2023-08-04,5828.92,0.026469,4.9,0.1776126326530612,399986,中证银行,CNY,CN10Y
2023-08-07,5775.24,0.026462,4.86,0.17929931687242795,399986,中证银行,CNY,CN10Y
2023-08-08,5749.59,0.026454,4.83,0.18058533747412006,399986,中证银行,CNY,CN10Y
2023-08-09,5762.56,0.026461,4.84,0.1801505702479339,399986,中证银行,CNY,CN10Y
2023-08-10,5756.71,0.026475,4.84,0.1801365702479339,399986,中证银行,CNY,CN10Y
2023-08-11,5646.66,0.026381,4.75,0.18414531578947368,399986,中证银行,CNY,CN10Y
2023-08-14,5572.9,0.026212,4.69,0.1870076162046908,399986,中证银行,CNY,CN10Y
2023-08-15,5634.39,0.0257589999999999,4.75,0.18476731578947378,399986,中证银行,CNY,CN10Y
2023-08-16,5625.07,0.025649,4.75,0.18487731578947367,399986,中证银行,CNY,CN10Y
2023-08-17,5578.96,0.025678,4.71,0.18663622505307856,399986,中证银行,CNY,CN10Y
2023-08-18,5604.33,0.025639,4.73,0.1857774904862579,399986,中证银行,CNY,CN10Y
2023-08-21,5515.26,0.025403,4.66,0.18918927467811159,399986,中证银行,CNY,CN10Y
2023-08-22,5575.9,0.025564,4.71,0.18675022505307856,399986,中证银行,CNY,CN10Y
2023-08-23,5560.51,0.025535,4.71,0.18677922505307856,399986,中证银行,CNY,CN10Y
2023-08-24,5536.68,0.025543,4.68,0.18813221367521368,399986,中证银行,CNY,CN10Y
2023-08-25,5583.72,0.025702,4.72,0.18616240677966103,399986,中证银行,CNY,CN10Y
2023-08-28,5669.67,0.025837,4.8,0.18249633333333334,399986,中证银行,CNY,CN10Y
2023-08-29,5593.05,0.0256999999999999,4.73,0.18571649048625802,399986,中证银行,CNY,CN10Y
2023-08-30,5527.76,0.0256,4.68,0.18807521367521368,399986,中证银行,CNY,CN10Y
2023-08-31,5509.3,0.025575,4.67,0.18855776231263383,399986,中证银行,CNY,CN10Y
2023-09-01,5561.97,0.0258499999999999,4.68,0.1878252136752138,399986,中证银行,CNY,CN10Y
2023-09-04,5670.86,0.026124,4.76,0.18396003361344537,399986,中证银行,CNY,CN10Y
2023-09-05,5604.58,0.02615,4.71,0.18616422505307856,399986,中证银行,CNY,CN10Y
2023-09-06,5622.24,0.026375,4.73,0.1850414904862579,399986,中证银行,CNY,CN10Y
2023-09-07,5604.47,0.02635,4.72,0.18551440677966102,399986,中证银行,CNY,CN10Y
2023-09-08,5587.84,0.026375,4.7,0.1863909574468085,399986,中证银行,CNY,CN10Y
2023-09-11,5599.85,0.0263,4.7,0.18646595744680852,399986,中证银行,CNY,CN10Y
2023-09-12,5590.38,0.02623,4.7,0.1865359574468085,399986,中证银行,CNY,CN10Y
2023-09-13,5591.81,0.02615,4.71,0.18616422505307856,399986,中证银行,CNY,CN10Y
2023-09-14,5645.46,0.026075,4.76,0.1840090336134454,399986,中证银行,CNY,CN10Y
2023-09-15,5619.37,0.0264,4.73,0.1850164904862579,399986,中证银行,CNY,CN10Y
2023-09-18,5626.29,0.0265,4.74,0.18447046413502108,399986,中证银行,CNY,CN10Y
2023-09-19,5658.96,0.026625,4.77,0.18301860587002097,399986,中证银行,CNY,CN10Y
2023-09-20,5678.77,0.02665,4.8,0.18168333333333334,399986,中证银行,CNY,CN10Y
2023-09-21,5644.99,0.026576,4.78,0.1826290209205021,399986,中证银行,CNY,CN10Y
2023-09-22,5703.31,0.026776,4.82,0.18069287966804978,399986,中证银行,CNY,CN10Y
2023-09-25,5703.37,0.026976,4.83,0.18006333747412007,399986,中证银行,CNY,CN10Y
2023-09-26,5679.31,0.026951,4.81,0.1809492079002079,399986,中证银行,CNY,CN10Y
2023-09-27,5646.64,0.0268769999999999,4.77,0.18276660587002108,399986,中证银行,CNY,CN10Y
2023-09-28,5658.2,0.026751,4.79,0.18201726722338205,399986,中证银行,CNY,CN10Y
2023-10-07,,0.0266509999999999,4.79,0.18211726722338215,399986,中证银行,CNY,CN10Y
2023-10-08,,0.0266259999999999,4.79,0.18214226722338214,399986,中证银行,CNY,CN10Y
2023-10-09,5623.67,0.026702,4.77,0.18294160587002098,399986,中证银行,CNY,CN10Y
2023-10-10,5606.86,0.0268109999999999,4.76,0.1832730336134455,399986,中证银行,CNY,CN10Y
2023-10-11,5600.61,0.026976,4.77,0.18266760587002098,399986,中证银行,CNY,CN10Y
2023-10-12,5677.5,0.026911,4.85,0.1792745670103093,399986,中证银行,CNY,CN10Y
2023-10-13,5678.55,0.026702,4.88,0.17821603278688525,399986,中证银行,CNY,CN10Y
2023-10-16,5674.04,0.026777,4.88,0.17814103278688526,399986,中证银行,CNY,CN10Y
2023-10-17,5691.42,0.026882,4.89,0.1776169775051125,399986,中证银行,CNY,CN10Y
2023-10-18,5677.02,0.027052,4.89,0.17744697750511249,399986,中证银行,CNY,CN10Y
2023-10-19,5547.62,0.0271769999999999,4.79,0.18159126722338215,399986,中证银行,CNY,CN10Y
2023-10-20,5536.75,0.027052,4.77,0.182591605870021,399986,中证银行,CNY,CN10Y
2023-10-23,5499.1,0.0270469999999999,4.75,0.18347931578947377,399986,中证银行,CNY,CN10Y
2023-10-24,5462.7,0.0271769999999999,4.7,0.18558895744680862,399986,中证银行,CNY,CN10Y
2023-10-25,5476.24,0.027052,4.69,0.18616761620469083,399986,中证银行,CNY,CN10Y
2023-10-26,5525.34,0.027152,4.74,0.18381846413502106,399986,中证银行,CNY,CN10Y
2023-10-27,5517.25,0.0271329999999999,4.74,0.18383746413502117,399986,中证银行,CNY,CN10Y
2023-10-30,5425.43,0.027141,4.65,0.1879127634408602,399986,中证银行,CNY,CN10Y
2023-10-31,5438.45,0.026938,4.68,0.1867372136752137,399986,中证银行,CNY,CN10Y
2023-11-01,5437.58,0.026853,4.69,0.18636661620469083,399986,中证银行,CNY,CN10Y
2023-11-02,5470.17,0.026553,4.72,0.18531140677966104,399986,中证银行,CNY,CN10Y
2023-11-03,5455.98,0.026613,4.69,0.18660661620469082,399986,中证银行,CNY,CN10Y
2023-11-06,5457.91,0.026554,4.68,0.1871212136752137,399986,中证银行,CNY,CN10Y
2023-11-07,5453.2,0.026632,4.69,0.18658761620469083,399986,中证银行,CNY,CN10Y
2023-11-08,5429.45,0.0264639999999999,4.67,0.18766876231263394,399986,中证银行,CNY,CN10Y
2023-11-09,5454.82,0.026494,4.71,0.18582022505307857,399986,中证银行,CNY,CN10Y
2023-11-10,5413.95,0.026444,4.68,0.1872312136752137,399986,中证银行,CNY,CN10Y
2023-11-13,5388.83,0.026454,4.66,0.1881382746781116,399986,中证银行,CNY,CN10Y
2023-11-14,5403.58,0.026573,4.68,0.18710221367521368,399986,中证银行,CNY,CN10Y
2023-11-15,5427.62,0.026633,4.69,0.18658661620469083,399986,中证银行,CNY,CN10Y
2023-11-16,5421.04,0.026558,4.7,0.18620795744680851,399986,中证银行,CNY,CN10Y
2023-11-17,5389.61,0.026524,4.67,0.18760876231263385,399986,中证银行,CNY,CN10Y
2023-11-20,5419.87,0.026584,4.7,0.18618195744680852,399986,中证银行,CNY,CN10Y
2023-11-21,5430.8,0.026684,4.71,0.18563022505307858,399986,中证银行,CNY,CN10Y
2023-11-22,5412.61,0.026823,4.69,0.18639661620469083,399986,中证银行,CNY,CN10Y
2023-11-23,5411.58,0.027023,4.69,0.18619661620469083,399986,中证银行,CNY,CN10Y
2023-11-24,5412.53,0.0270529999999999,4.69,0.1861666162046909,399986,中证银行,CNY,CN10Y
2023-11-27,5373.21,0.027108,4.66,0.1874842746781116,399986,中证银行,CNY,CN10Y
2023-11-28,5351.39,0.026898,4.65,0.18815576344086019,399986,中证银行,CNY,CN10Y
2023-11-29,5288.31,0.026826,4.61,0.19009373969631235,399986,中证银行,CNY,CN10Y
2023-11-30,5313.22,0.02668,4.64,0.18883724137931035,399986,中证银行,CNY,CN10Y
2023-12-01,5303.39,0.026625,4.64,0.18889224137931035,399986,中证银行,CNY,CN10Y
2023-12-04,5285.87,0.026725,4.63,0.1892577213822894,399986,中证银行,CNY,CN10Y
2023-12-05,5208.89,0.02665,4.57,0.1921683807439825,399986,中证银行,CNY,CN10Y
2023-12-06,5187.74,0.026725,4.53,0.19402555187637968,399986,中证银行,CNY,CN10Y
2023-12-07,5199.89,0.02664,4.55,0.19314021978021978,399986,中证银行,CNY,CN10Y
2023-12-08,5189.1,0.026636,4.54,0.19362831718061674,399986,中证银行,CNY,CN10Y
2023-12-11,5215.11,0.02644,4.55,0.19334021978021979,399986,中证银行,CNY,CN10Y
2023-12-12,5272.85,0.026375,4.61,0.19054473969631233,399986,中证银行,CNY,CN10Y
2023-12-13,5209.57,0.026226,4.57,0.1925923807439825,399986,中证银行,CNY,CN10Y
2023-12-14,5189.22,0.026376,4.56,0.1929222456140351,399986,中证银行,CNY,CN10Y
2023-12-15,5168.37,0.026227,4.53,0.19452355187637968,399986,中证银行,CNY,CN10Y
2023-12-18,5181.85,0.026126,4.55,0.19365421978021977,399986,中证银行,CNY,CN10Y
2023-12-19,5177.89,0.026191,4.56,0.1931072456140351,399986,中证银行,CNY,CN10Y
2023-12-20,5162.98,0.026222,4.55,0.19355821978021978,399986,中证银行,CNY,CN10Y
2023-12-21,5186.64,0.025901,4.56,0.1933972456140351,399986,中证银行,CNY,CN10Y
2023-12-22,5190.14,0.0258769999999999,4.56,0.1934212456140352,399986,中证银行,CNY,CN10Y
2023-12-25,5195.07,0.025678,4.58,0.1926626113537118,399986,中证银行,CNY,CN10Y
2023-12-26,5182.56,0.025804,4.57,0.1930143807439825,399986,中证银行,CNY,CN10Y
2023-12-27,5202.37,0.025577,4.59,0.1922879237472767,399986,中证银行,CNY,CN10Y
2023-12-28,5244.58,0.0256939999999999,4.59,0.1921709237472768,399986,中证银行,CNY,CN10Y
2023-12-29,5285.17,0.025553,4.61,0.19136673969631235,399986,中证银行,CNY,CN10Y
2023-12-31,,0.025553,4.61,0.19136673969631235,399986,中证银行,CNY,CN10Y
2024-01-02,5231.82,0.025601,4.59,0.1922639237472767,399986,中证银行,CNY,CN10Y
2024-01-03,5256.9,0.025531,4.63,0.1904517213822894,399986,中证银行,CNY,CN10Y
2024-01-04,5268.84,0.0253679999999999,4.66,0.1892242746781117,399986,中证银行,CNY,CN10Y
2024-01-05,5325.8,0.025175,4.69,0.18804461620469082,399986,中证银行,CNY,CN10Y
2024-01-08,5289.0,0.025136,4.66,0.1894562746781116,399986,中证银行,CNY,CN10Y
2024-01-09,5307.18,0.024862,4.67,0.18927076231263384,399986,中证银行,CNY,CN10Y
2024-01-10,5281.71,0.024982,4.64,0.19053524137931035,399986,中证银行,CNY,CN10Y
2024-01-11,5273.61,0.024992,4.61,0.19192773969631233,399986,中证银行,CNY,CN10Y
2024-01-12,5310.29,0.025172,4.65,0.1898817634408602,399986,中证银行,CNY,CN10Y
2024-01-15,5342.58,0.025212,4.68,0.18846321367521368,399986,中证银行,CNY,CN10Y
2024-01-16,5408.49,0.025252,4.72,0.18661240677966104,399986,中证银行,CNY,CN10Y
2024-01-17,5372.74,0.025077,4.68,0.1885982136752137,399986,中证银行,CNY,CN10Y
2024-01-18,5384.63,0.025092,4.69,0.18812761620469082,399986,中证银行,CNY,CN10Y
2024-01-19,5385.54,0.025027,4.68,0.1886482136752137,399986,中证银行,CNY,CN10Y
2024-01-22,5375.07,0.024922,4.68,0.1887532136752137,399986,中证银行,CNY,CN10Y
2024-01-23,5370.51,0.025042,4.68,0.18863321367521368,399986,中证银行,CNY,CN10Y
2024-01-24,5450.98,0.025042,4.76,0.18504203361344537,399986,中证银行,CNY,CN10Y
2024-01-25,5535.65,0.024984,4.83,0.18205533747412006,399986,中证银行,CNY,CN10Y
2024-01-26,5621.05,0.024994,4.92,0.1782580325203252,399986,中证银行,CNY,CN10Y
2024-01-29,5670.06,0.02494,4.97,0.1762672434607646,399986,中证银行,CNY,CN10Y
2024-01-30,5614.92,0.024557,4.93,0.17828275659229212,399986,中证银行,CNY,CN10Y
2024-01-31,5619.89,0.0243299999999999,4.94,0.17809914979757094,399986,中证银行,CNY,CN10Y
2024-02-01,5583.18,0.024354,4.91,0.1793119877800407,399986,中证银行,CNY,CN10Y
2024-02-02,5588.88,0.0242439999999999,4.93,0.1785957565922922,399986,中证银行,CNY,CN10Y
2024-02-04,,0.024053,4.93,0.17878675659229212,399986,中证银行,CNY,CN10Y
2024-02-05,5652.74,0.024002,5.02,0.17520118725099604,399986,中证银行,CNY,CN10Y
2024-02-06,5721.95,0.024525,5.07,0.1727136587771203,399986,中证银行,CNY,CN10Y
2024-02-07,5682.44,0.0241529999999999,5.01,0.17544779840319372,399986,中证银行,CNY,CN10Y
2024-02-08,5653.62,0.0243789999999999,4.96,0.17723390322580657,399986,中证银行,CNY,CN10Y
2024-02-09,,0.024302,4.96,0.17731090322580648,399986,中证银行,CNY,CN10Y
2024-02-18,,0.0243929999999999,4.96,0.17721990322580655,399986,中证银行,CNY,CN10Y
2024-02-19,5761.22,0.024344,5.09,0.17211965422396858,399986,中证银行,CNY,CN10Y
2024-02-20,5805.09,0.024134,5.13,0.17079777387914233,399986,中证银行,CNY,CN10Y
2024-02-21,5960.92,0.024119,5.24,0.16672069465648853,399986,中证银行,CNY,CN10Y
2024-02-22,5966.85,0.024033,5.24,0.16680669465648854,399986,中证银行,CNY,CN10Y
2024-02-23,5999.76,0.024009,5.29,0.1650269168241966,399986,中证银行,CNY,CN10Y
2024-02-26,5849.49,0.0237889999999999,5.14,0.1707635291828795,399986,中证银行,CNY,CN10Y
2024-02-27,5853.49,0.023809,5.15,0.1703657572815534,399986,中证银行,CNY,CN10Y
2024-02-28,5839.14,0.023376,5.14,0.17117652918287937,399986,中证银行,CNY,CN10Y
2024-02-29,5865.27,0.023375,5.16,0.17042344961240308,399986,中证银行,CNY,CN10Y
2024-03-01,5858.11,0.023675,5.17,0.16974859767891684,399986,中证银行,CNY,CN10Y
2024-03-04,5807.53,0.023475,5.14,0.17107752918287938,399986,中证银行,CNY,CN10Y
2024-03-05,5912.81,0.023169,5.25,0.16730719047619047,399986,中证银行,CNY,CN10Y
2024-03-06,5863.72,0.02265,5.19,0.17002822736030826,399986,中证银行,CNY,CN10Y
2024-03-07,5887.61,0.022776,5.21,0.16916257965451056,399986,中证银行,CNY,CN10Y
2024-03-08,5879.08,0.022825,5.2,0.16948269230769228,399986,中证银行,CNY,CN10Y
2024-03-11,5864.04,0.02305,5.18,0.17000019305019304,399986,中证银行,CNY,CN10Y
2024-03-12,5813.62,0.023476,5.1,0.17260243137254905,399986,中证银行,CNY,CN10Y
2024-03-13,5766.23,0.023326,5.06,0.17430245849802373,399986,中证银行,CNY,CN10Y
2024-03-14,5757.88,0.0234249999999999,5.07,0.1738136587771204,399986,中证银行,CNY,CN10Y
2024-03-15,5796.84,0.0232,5.09,0.17326365422396858,399986,中证银行,CNY,CN10Y
2024-03-18,5783.66,0.022926,5.07,0.1743126587771203,399986,中证银行,CNY,CN10Y
2024-03-19,5733.8,0.022801,5.03,0.17600615705765407,399986,中证银行,CNY,CN10Y
2024-03-20,5777.25,0.022951,5.07,0.1742876587771203,399986,中证银行,CNY,CN10Y
2024-03-21,5819.35,0.022851,5.1,0.17322743137254903,399986,中证银行,CNY,CN10Y
2024-03-22,5798.53,0.023051,5.1,0.17302743137254906,399986,中证银行,CNY,CN10Y
2024-03-25,5823.47,0.023151,5.12,0.1721615,399986,中证银行,CNY,CN10Y
2024-03-26,5907.32,0.0231749999999999,5.18,0.16987519305019316,399986,中证银行,CNY,CN10Y
2024-03-27,5932.54,0.0228759999999999,5.22,0.16869488122605375,399986,中证银行,CNY,CN10Y
2024-03-28,5852.31,0.023026,5.12,0.1722865,399986,中证银行,CNY,CN10Y
2024-03-29,5856.72,0.0229009999999999,5.14,0.1716515291828795,399986,中证银行,CNY,CN10Y
2024-04-01,5912.81,0.023082,5.18,0.16996819305019306,399986,中证银行,CNY,CN10Y
2024-04-02,5922.61,0.022927,5.2,0.1693806923076923,399986,中证银行,CNY,CN10Y
2024-04-03,5889.15,0.022837,5.18,0.17021319305019306,399986,中证银行,CNY,CN10Y
2024-04-07,,0.022937,5.18,0.17011319305019307,399986,中证银行,CNY,CN10Y
2024-04-08,5922.6,0.022822,5.23,0.16838258891013383,399986,中证银行,CNY,CN10Y
2024-04-09,5894.33,0.022802,5.19,0.16987622736030827,399986,中证银行,CNY,CN10Y
2024-04-10,5901.2,0.022972,5.2,0.1693356923076923,399986,中证银行,CNY,CN10Y
2024-04-11,5888.48,0.022928,5.18,0.17012219305019305,399986,中证银行,CNY,CN10Y
2024-04-12,5856.3,0.022837,5.16,0.1709614496124031,399986,中证银行,CNY,CN10Y
2024-04-15,5964.66,0.022798,5.27,0.16695532068311197,399986,中证银行,CNY,CN10Y
2024-04-16,5966.49,0.022723,5.29,0.1663129168241966,399986,中证银行,CNY,CN10Y
2024-04-17,6072.62,0.022608,5.37,0.163611739292365,399986,中证银行,CNY,CN10Y
2024-04-18,6139.56,0.0225369999999999,5.43,0.1616250626151014,399986,中证银行,CNY,CN10Y
2024-04-19,6124.02,0.02254,5.42,0.16196184501845018,399986,中证银行,CNY,CN10Y
2024-04-22,6078.65,0.022435,5.37,0.16378473929236498,399986,中证银行,CNY,CN10Y
2024-04-23,6074.61,0.02226,5.37,0.163959739292365,399986,中证银行,CNY,CN10Y
2024-04-24,6056.25,0.022727,5.35,0.1641888878504673,399986,中证银行,CNY,CN10Y
2024-04-25,6144.11,0.022612,5.41,0.16223088354898338,399986,中证银行,CNY,CN10Y
2024-04-26,6053.15,0.0230839999999999,5.33,0.16453326078799257,399986,中证银行,CNY,CN10Y
2024-04-28,,0.0232439999999999,5.33,0.16437326078799258,399986,中证银行,CNY,CN10Y
2024-04-29,6115.51,0.02353,5.35,0.16338588785046732,399986,中证银行,CNY,CN10Y
2024-04-30,6144.06,0.023028,5.37,0.163191739292365,399986,中证银行,CNY,CN10Y
2024-05-06,6143.68,0.023081,5.38,0.16279260594795542,399986,中证银行,CNY,CN10Y
2024-05-07,6141.11,0.022896,5.39,0.1626327569573284,399986,中证银行,CNY,CN10Y
2024-05-08,6145.79,0.022955,5.41,0.16188788354898337,399986,中证银行,CNY,CN10Y
2024-05-09,6158.52,0.023186,5.39,0.16234275695732842,399986,中证银行,CNY,CN10Y
2024-05-10,6230.04,0.0231219999999999,5.44,0.1607015294117648,399986,中证银行,CNY,CN10Y
2024-05-11,,0.023361,5.44,0.1604625294117647,399986,中证银行,CNY,CN10Y
2024-05-13,6271.48,0.0229,5.46,0.16025018315018313,399986,中证银行,CNY,CN10Y
2024-05-14,6232.2,0.022938,5.42,0.16156384501845017,399986,中证银行,CNY,CN10Y
2024-05-15,6227.82,0.02302,5.42,0.1614818450184502,399986,中证银行,CNY,CN10Y
2024-05-16,6337.95,0.023147,5.49,0.15900236247723132,399986,中证银行,CNY,CN10Y
2024-05-17,6411.61,0.023077,5.54,0.15742841516245487,399986,中证银行,CNY,CN10Y
2024-05-20,6381.51,0.023105,5.52,0.1580544202898551,399986,中证银行,CNY,CN10Y
2024-05-21,6429.8,0.023141,5.56,0.1567151151079137,399986,中证银行,CNY,CN10Y
2024-05-22,6458.07,0.023123,5.59,0.15576787656529517,399986,中证银行,CNY,CN10Y
2024-05-23,6418.77,0.0230629999999999,5.56,0.1567931151079138,399986,中证银行,CNY,CN10Y
2024-05-24,6364.39,0.023134,5.52,0.1580254202898551,399986,中证银行,CNY,CN10Y
2024-05-27,6443.92,0.0230839999999999,5.58,0.15612746953405027,399986,中证银行,CNY,CN10Y
2024-05-28,6420.11,0.022994,5.57,0.15653921364452422,399986,中证银行,CNY,CN10Y
2024-05-29,6365.68,0.022776,5.53,0.15805582640144666,399986,中证银行,CNY,CN10Y
2024-05-30,6315.43,0.022826,5.48,0.1596557518248175,399986,中证银行,CNY,CN10Y
2024-05-31,6327.71,0.022926,5.49,0.15922336247723132,399986,中证银行,CNY,CN10Y
2024-06-03,6265.37,0.022853,5.46,0.16029718315018315,399986,中证银行,CNY,CN10Y
2024-06-04,6291.01,0.022854,5.48,0.15962775182481753,399986,中证银行,CNY,CN10Y
2024-06-05,6228.2,0.022808,5.46,0.16034218315018314,399986,中证银行,CNY,CN10Y
2024-06-06,6216.43,0.022828,5.45,0.1606582385321101,399986,中证银行,CNY,CN10Y
2024-06-07,6250.8,0.022833,5.45,0.16065323853211008,399986,中证银行,CNY,CN10Y
2024-06-11,6138.08,0.022791,5.35,0.1641248878504673,399986,中证银行,CNY,CN10Y
2024-06-12,6111.78,0.02276,5.32,0.16520992481203006,399986,中证银行,CNY,CN10Y
2024-06-13,6067.71,0.0226779999999999,5.32,0.16529192481203017,399986,中证银行,CNY,CN10Y
2024-06-14,6084.15,0.0225579999999999,5.34,0.16470791760299636,399986,中证银行,CNY,CN10Y
2024-06-17,6033.04,0.022609,5.29,0.1664269168241966,399986,中证银行,CNY,CN10Y
2024-06-18,6052.95,0.0225369999999999,5.3,0.166142245283019,399986,中证银行,CNY,CN10Y
2024-06-19,6120.77,0.022429,5.36,0.16413816417910446,399986,中证银行,CNY,CN10Y
2024-06-20,6090.1,0.022445,5.35,0.16447088785046732,399986,中证银行,CNY,CN10Y
2024-06-21,6073.47,0.0225709999999999,5.33,0.1650462607879926,399986,中证银行,CNY,CN10Y
2024-06-24,6086.46,0.022451,5.36,0.16411616417910446,399986,中证银行,CNY,CN10Y
2024-06-25,6113.17,0.02235,5.38,0.1635236059479554,399986,中证银行,CNY,CN10Y
2024-06-26,6116.01,0.022225,5.4,0.16296018518518518,399986,中证银行,CNY,CN10Y
2024-06-27,6166.92,0.022081,5.45,0.16140523853211008,399986,中证银行,CNY,CN10Y
2024-06-28,6196.65,0.022058,5.48,0.16042375182481752,399986,中证银行,CNY,CN10Y
2024-07-01,6272.79,0.022486,5.55,0.1576941801801802,399986,中证银行,CNY,CN10Y
2024-07-02,6373.76,0.022369,5.66,0.15430944522968199,399986,中证银行,CNY,CN10Y
2024-07-03,6314.4,0.0224259999999999,5.6,0.15614542857142868,399986,中证银行,CNY,CN10Y
2024-07-04,6327.2,0.022502,5.63,0.15511789342806395,399986,中证银行,CNY,CN10Y
2024-07-05,6191.0,0.022754,5.51,0.15873420326678767,399986,中证银行,CNY,CN10Y
2024-07-08,6222.51,0.022904,5.55,0.1572761801801802,399986,中证银行,CNY,CN10Y
2024-07-09,6255.65,0.022698,5.59,0.15619287656529518,399986,中证银行,CNY,CN10Y
2024-07-10,6236.2,0.022707,5.59,0.15618387656529517,399986,中证银行,CNY,CN10Y
2024-07-11,6135.14,0.022648,5.5,0.15917018181818182,399986,中证银行,CNY,CN10Y
2024-07-12,6248.19,0.022604,5.61,0.15564911942959003,399986,中证银行,CNY,CN10Y
2024-07-15,6303.74,0.022541,5.69,0.15320592442882247,399986,中证银行,CNY,CN10Y
2024-07-16,6261.76,0.0226129999999999,5.63,0.15500689342806404,399986,中证银行,CNY,CN10Y
2024-07-17,6291.47,0.0225979999999999,5.62,0.15533794306049833,399986,中证银行,CNY,CN10Y
2024-07-18,6276.29,0.022673,5.61,0.15558011942959002,399986,中证银行,CNY,CN10Y
2024-07-19,6265.65,0.022614,5.6,0.15595742857142858,399986,中证银行,CNY,CN10Y
2024-07-22,6169.61,0.022461,5.53,0.15837082640144665,399986,中证银行,CNY,CN10Y
2024-07-23,6225.65,0.022322,5.61,0.15593111942959,399986,中证银行,CNY,CN10Y
2024-07-24,6217.43,0.022381,5.62,0.15555494306049822,399986,中证银行,CNY,CN10Y
2024-07-25,6162.84,0.022168,5.58,0.15704346953405018,399986,中证银行,CNY,CN10Y
2024-07-26,6070.89,0.0219439999999999,5.48,0.1605377518248176,399986,中证银行,CNY,CN10Y
2024-07-29,6154.38,0.021574,5.56,0.15828211510791368,399986,中证银行,CNY,CN10Y
2024-07-30,6129.8,0.02148,5.55,0.1587001801801802,399986,中证银行,CNY,CN10Y
2024-07-31,6112.77,0.021494,5.49,0.16065536247723133,399986,中证银行,CNY,CN10Y
2024-08-01,6124.81,0.021297,5.51,0.16019120326678765,399986,中证银行,CNY,CN10Y
2024-08-02,6099.35,0.021277,5.5,0.16054118181818183,399986,中证银行,CNY,CN10Y
2024-08-05,6049.29,0.021376,5.46,0.16177418315018313,399986,中证银行,CNY,CN10Y
2024-08-06,5985.63,0.0214909999999999,5.4,0.16369418518518528,399986,中证银行,CNY,CN10Y
2024-08-07,5995.65,0.021414,5.41,0.16342888354898338,399986,中证银行,CNY,CN10Y
2024-08-08,6008.73,0.02181,5.42,0.1626918450184502,399986,中证银行,CNY,CN10Y
2024-08-09,6036.1,0.021986,5.45,0.16150023853211007,399986,中证银行,CNY,CN10Y
2024-08-12,6026.43,0.022508,5.47,0.16030735648994515,399986,中证银行,CNY,CN10Y
2024-08-13,6052.48,0.0222549999999999,5.49,0.15989436247723143,399986,中证银行,CNY,CN10Y
2024-08-14,6048.98,0.021966,5.5,0.15985218181818184,399986,中证银行,CNY,CN10Y
2024-08-15,6128.17,0.02205,5.55,0.1581301801801802,399986,中证银行,CNY,CN10Y
2024-08-16,6200.65,0.021978,5.63,0.15564189342806395,399986,中证银行,CNY,CN10Y
2024-08-19,6319.48,0.021816,5.75,0.15209704347826086,399986,中证银行,CNY,CN10Y
2024-08-20,6338.22,0.0217099999999999,5.78,0.15130038062283746,399986,中证银行,CNY,CN10Y
2024-08-21,6292.02,0.02167,5.74,0.15254602787456445,399986,中证银行,CNY,CN10Y
2024-08-22,6345.7,0.021582,5.81,0.15053503958691913,399986,中证银行,CNY,CN10Y
2024-08-23,6380.1,0.021547,5.83,0.14997958662092623,399986,中证银行,CNY,CN10Y
2024-08-26,6387.3,0.0216279999999999,5.83,0.14989858662092634,399986,中证银行,CNY,CN10Y
2024-08-27,6404.86,0.021903,5.88,0.14816502721088434,399986,中证银行,CNY,CN10Y
2024-08-28,6355.51,0.021673,5.83,0.14985358662092624,399986,中证银行,CNY,CN10Y
2024-08-29,6147.99,0.021703,5.61,0.15655011942959002,399986,中证银行,CNY,CN10Y
2024-08-30,6007.22,0.0217039999999999,5.45,0.16178223853211018,399986,中证银行,CNY,CN10Y
2024-09-02,6029.62,0.021457,5.47,0.16135835648994515,399986,中证银行,CNY,CN10Y
2024-09-03,5923.15,0.021432,5.33,0.16618526078799248,399986,中证银行,CNY,CN10Y
2024-09-04,5902.29,0.021336,5.32,0.16663392481203007,399986,中证银行,CNY,CN10Y
2024-09-05,5892.65,0.021338,5.29,0.1676979168241966,399986,中证银行,CNY,CN10Y
2024-09-06,5904.32,0.0213879999999999,5.31,0.16693591713747657,399986,中证银行,CNY,CN10Y
2024-09-09,5799.63,0.021267,5.25,0.16920919047619046,399986,中证银行,CNY,CN10Y
2024-09-10,5842.62,0.021143,5.31,0.1671809171374765,399986,中证银行,CNY,CN10Y
2024-09-11,5707.02,0.021044,5.17,0.17237959767891683,399986,中证银行,CNY,CN10Y
2024-09-12,5747.84,0.020998,5.2,0.1713096923076923,399986,中证银行,CNY,CN10Y
2024-09-13,5730.85,0.020724,5.18,0.17232619305019306,399986,中证银行,CNY,CN10Y
2024-09-14,,0.020425,5.18,0.17262519305019305,399986,中证银行,CNY,CN10Y
2024-09-18,5789.25,0.0204029999999999,5.25,0.17007319047619057,399986,中证银行,CNY,CN10Y
2024-09-19,5789.03,0.02045,5.24,0.17038969465648854,399986,中证银行,CNY,CN10Y
2024-09-20,5832.24,0.0204309999999999,5.28,0.1689629393939395,399986,中证银行,CNY,CN10Y
2024-09-23,5924.36,0.020381,5.35,0.1665348878504673,399986,中证银行,CNY,CN10Y
2024-09-24,6177.19,0.020728,5.59,0.15816287656529518,399986,中证银行,CNY,CN10Y
2024-09-25,6298.1,0.0204369999999999,5.66,0.15624144522968209,399986,中证银行,CNY,CN10Y
2024-09-26,6524.92,0.020787,5.83,0.15073958662092624,399986,中证银行,CNY,CN10Y
2024-09-27,6464.73,0.021714,5.72,0.15311117482517483,399986,中证银行,CNY,CN10Y
2024-09-29,,0.022534,5.72,0.15229117482517485,399986,中证银行,CNY,CN10Y
2024-09-30,6764.97,0.021518,5.94,0.14683216835016832,399986,中证银行,CNY,CN10Y
2024-10-08,6957.16,0.021928,6.03,0.14390947927031508,399986,中证银行,CNY,CN10Y
2024-10-09,6531.67,0.02176,5.75,0.15215304347826086,399986,中证银行,CNY,CN10Y
2024-10-10,6790.8,0.0214409999999999,5.97,0.14606318760469023,399986,中证银行,CNY,CN10Y
2024-10-11,6717.97,0.021392,5.94,0.14695816835016834,399986,中证银行,CNY,CN10Y
2024-10-12,,0.0214409999999999,5.94,0.14690916835016843,399986,中证银行,CNY,CN10Y
2024-10-14,6939.6,0.021368,6.13,0.1417641370309951,399986,中证银行,CNY,CN10Y
2024-10-15,6794.34,0.021254,5.99,0.1456909081803005,399986,中证银行,CNY,CN10Y
2024-10-16,6963.85,0.021331,6.12,0.14206769281045753,399986,中证银行,CNY,CN10Y
2024-10-17,6860.22,0.021084,6.04,0.1444789139072848,399986,中证银行,CNY,CN10Y
2024-10-18,6891.56,0.021209,6.06,0.143807501650165,399986,中证银行,CNY,CN10Y
2024-10-21,6805.06,0.021211,5.96,0.14657423489932886,399986,中证银行,CNY,CN10Y
2024-10-22,6804.61,0.0214579999999999,5.96,0.14632723489932897,399986,中证银行,CNY,CN10Y
2024-10-23,6829.11,0.021559,5.97,0.14594518760469014,399986,中证银行,CNY,CN10Y
2024-10-24,6813.73,0.021661,5.97,0.14584318760469012,399986,中证银行,CNY,CN10Y
2024-10-25,6772.43,0.021539,5.93,0.14709506408094436,399986,中证银行,CNY,CN10Y
2024-10-28,6716.52,0.021617,5.88,0.14845102721088435,399986,中证银行,CNY,CN10Y
2024-10-29,6718.6,0.021598,5.88,0.14847002721088434,399986,中证银行,CNY,CN10Y
2024-10-30,6637.8,0.0215969999999999,5.8,0.1508167931034484,399986,中证银行,CNY,CN10Y
2024-10-31,6596.37,0.021476,5.79,0.15123557167530224,399986,中证银行,CNY,CN10Y
2024-11-01,6663.11,0.021406,5.8,0.15100779310344828,399986,中证银行,CNY,CN10Y
2024-11-04,6717.16,0.021275,5.83,0.15025158662092625,399986,中证银行,CNY,CN10Y
2024-11-05,6767.98,0.021106,5.86,0.1495424641638225,399986,中证银行,CNY,CN10Y
2024-11-06,6707.07,0.021234,5.81,0.15088303958691912,399986,中证银行,CNY,CN10Y
2024-11-07,6846.27,0.021115,5.91,0.14808973773265652,399986,中证银行,CNY,CN10Y
2024-11-08,6751.51,0.021067,5.83,0.15045958662092623,399986,中证银行,CNY,CN10Y
2024-11-11,6656.63,0.02092,5.76,0.1526911111111111,399986,中证银行,CNY,CN10Y
2024-11-12,6591.38,0.020729,5.71,0.15440234851138354,399986,中证银行,CNY,CN10Y
2024-11-13,6628.01,0.020876,5.74,0.15334002787456444,399986,中证银行,CNY,CN10Y
2024-11-14,6642.37,0.020808,5.75,0.15310504347826087,399986,中证银行,CNY,CN10Y
2024-11-15,6618.97,0.020948,5.75,0.15296504347826087,399986,中证银行,CNY,CN10Y
2024-11-18,6752.12,0.021117,5.87,0.14924075127768313,399986,中证银行,CNY,CN10Y
2024-11-19,6733.76,0.020947,5.84,0.15028587671232876,399986,中证银行,CNY,CN10Y
2024-11-20,6700.8,0.021025,5.83,0.15050158662092625,399986,中证银行,CNY,CN10Y
2024-11-21,6692.64,0.0208429999999999,5.82,0.1509783058419245,399986,中证银行,CNY,CN10Y
2024-11-22,6544.12,0.020832,5.71,0.15429934851138355,399986,中证银行,CNY,CN10Y
2024-11-25,6554.98,0.020682,5.73,0.15383806980802792,399986,中证银行,CNY,CN10Y
2024-11-26,6617.23,0.020657,5.8,0.15175679310344828,399986,中证银行,CNY,CN10Y
2024-11-27,6686.27,0.020553,5.85,0.15038717094017096,399986,中证银行,CNY,CN10Y
2024-11-28,6668.28,0.020304,5.84,0.15092887671232877,399986,中证银行,CNY,CN10Y
2024-11-29,6668.64,0.020206,5.83,0.15132058662092623,399986,中证银行,CNY,CN10Y
2024-12-02,6644.21,0.01981,5.82,0.1520113058419244,399986,中证银行,CNY,CN10Y
2024-12-03,6749.13,0.019886,5.91,0.14931873773265653,399986,中证银行,CNY,CN10Y
2024-12-04,6757.83,0.019612,5.93,0.14902206408094437,399986,中证银行,CNY,CN10Y
2024-12-05,6744.8,0.019462,5.92,0.1494569189189189,399986,中证银行,CNY,CN10Y
2024-12-06,6823.98,0.019539,5.98,0.14768508026755853,399986,中证银行,CNY,CN10Y
2024-12-09,6845.22,0.019168,6.01,0.1472213510815308,399986,中证银行,CNY,CN10Y
2024-12-10,6922.31,0.018468,6.07,0.1462766457990115,399986,中证银行,CNY,CN10Y
2024-12-11,6838.77,0.018218,5.98,0.14900608026755852,399986,中证银行,CNY,CN10Y
2024-12-12,6926.3,0.018172,6.06,0.14684450165016502,399986,中证银行,CNY,CN10Y
2024-12-13,6787.1,0.017771,5.98,0.14945308026755852,399986,中证银行,CNY,CN10Y
2024-12-16,6853.2,0.017215,6.06,0.147801501650165,399986,中证银行,CNY,CN10Y
2024-12-17,6837.68,0.017237,6.05,0.1480522561983471,399986,中证银行,CNY,CN10Y
2024-12-18,6917.6,0.017564,6.1,0.14637042622950822,399986,中证银行,CNY,CN10Y
2024-12-19,6852.98,0.017417,6.03,0.1484204792703151,399986,中证银行,CNY,CN10Y
2024-12-20,6844.28,0.017018,6.03,0.14881947927031508,399986,中证银行,CNY,CN10Y
2024-12-23,6959.09,0.017019,6.16,0.14531866233766233,399986,中证银行,CNY,CN10Y
2024-12-24,7051.41,0.017166,6.24,0.14309041025641023,399986,中证银行,CNY,CN10Y
2024-12-25,7128.75,0.017365,6.32,0.14086284810126581,399986,中证银行,CNY,CN10Y
2024-12-26,7113.41,0.017122,6.31,0.1413566053882726,399986,中证银行,CNY,CN10Y
2024-12-27,7109.59,0.016929,6.3,0.14180115873015872,399986,中证银行,CNY,CN10Y
2024-12-30,7198.22,0.017128,6.37,0.13985787127158555,399986,中证银行,CNY,CN10Y
2024-12-31,7119.56,0.016752,6.32,0.14147584810126582,399986,中证银行,CNY,CN10Y
2025-01-02,6963.93,0.0160769999999999,6.18,0.14573529773462796,399986,中证银行,CNY,CN10Y
2025-01-03,6914.47,0.016041,6.13,0.1470911370309951,399986,中证银行,CNY,CN10Y
2025-01-06,6970.02,0.015966,6.18,0.14584629773462784,399986,中证银行,CNY,CN10Y
2025-01-07,7003.93,0.016093,6.2,0.14519732258064516,399986,中证银行,CNY,CN10Y
2025-01-08,7050.45,0.016069,6.22,0.1447027041800643,399986,中证银行,CNY,CN10Y
2025-01-09,6991.99,0.016368,6.17,0.1457065542949757,399986,中证银行,CNY,CN10Y
2025-01-10,6945.1,0.016338,6.13,0.14679413703099511,399986,中证银行,CNY,CN10Y
2025-01-13,6866.24,0.016592,6.06,0.14842450165016502,399986,中证银行,CNY,CN10Y
2025-01-14,6959.41,0.016446,6.12,0.14695269281045753,399986,中证银行,CNY,CN10Y
2025-01-15,7015.92,0.01633,6.15,0.14627162601626015,399986,中证银行,CNY,CN10Y
2025-01-16,7081.33,0.016394,6.2,0.14489632258064516,399986,中证银行,CNY,CN10Y
2025-01-17,7035.6,0.016593,6.15,0.14600862601626016,399986,中证银行,CNY,CN10Y
2025-01-20,7006.5,0.016747,6.12,0.1466516928104575,399986,中证银行,CNY,CN10Y
2025-01-21,7005.06,0.016496,6.12,0.1469026928104575,399986,中证银行,CNY,CN10Y
2025-01-22,6876.01,0.016602,6.01,0.1497873510815308,399986,中证银行,CNY,CN10Y
2025-01-23,7035.85,0.016645,6.15,0.14595662601626017,399986,中证银行,CNY,CN10Y
2025-01-24,7041.45,0.016565,6.15,0.14603662601626016,399986,中证银行,CNY,CN10Y
2025-01-26,,0.016537,6.15,0.14606462601626016,399986,中证银行,CNY,CN10Y
2025-01-27,7140.76,0.0162989999999999,6.26,0.143445408945687,399986,中证银行,CNY,CN10Y
2025-02-05,7024.58,0.016207,6.14,0.14665944951140067,399986,中证银行,CNY,CN10Y
2025-02-06,7026.64,0.015958,6.14,0.14690844951140067,399986,中证银行,CNY,CN10Y
2025-02-07,7004.73,0.016032,6.12,0.14736669281045753,399986,中证银行,CNY,CN10Y
2025-02-08,,0.016057,6.12,0.14734169281045753,399986,中证银行,CNY,CN10Y
2025-02-10,7013.71,0.016342,6.12,0.14705669281045752,399986,中证银行,CNY,CN10Y
2025-02-11,7078.62,0.016274,6.2,0.14501632258064515,399986,中证银行,CNY,CN10Y
2025-02-12,7134.79,0.016336,6.24,0.14392041025641025,399986,中证银行,CNY,CN10Y
2025-02-13,7139.69,0.016346,6.26,0.1433984089456869,399986,中证银行,CNY,CN10Y
2025-02-14,7169.93,0.016546,6.29,0.1424365119236884,399986,中证银行,CNY,CN10Y
2025-02-17,7149.48,0.016934,6.29,0.1420485119236884,399986,中证银行,CNY,CN10Y
2025-02-18,7226.16,0.017006,6.38,0.13973381191222572,399986,中证银行,CNY,CN10Y
2025-02-19,7193.36,0.016626,6.34,0.14110270662460567,399986,中证银行,CNY,CN10Y
2025-02-20,7184.41,0.01685,6.35,0.14063031496062992,399986,中证银行,CNY,CN10Y
2025-02-21,7093.65,0.0172,6.25,0.1428,399986,中证银行,CNY,CN10Y
2025-02-24,7041.12,0.017625,6.21,0.1434055958132045,399986,中证银行,CNY,CN10Y
2025-02-25,6985.94,0.017275,6.16,0.14506266233766235,399986,中证银行,CNY,CN10Y
2025-02-26,7021.85,0.017251,6.19,0.14429988852988693,399986,中证银行,CNY,CN10Y
2025-02-27,7112.33,0.017576,6.26,0.14216840894568689,399986,中证银行,CNY,CN10Y
2025-02-28,7068.32,0.017152,6.22,0.1436197041800643,399986,中证银行,CNY,CN10Y
2025-03-03,7067.16,0.016955,6.21,0.1440755958132045,399986,中证银行,CNY,CN10Y
2025-03-04,7055.5,0.017079,6.18,0.14473329773462784,399986,中证银行,CNY,CN10Y
2025-03-05,7176.59,0.017083,6.29,0.14189951192368838,399986,中证银行,CNY,CN10Y
2025-03-06,7137.03,0.017455,6.25,0.142545,399986,中证银行,CNY,CN10Y
2025-03-07,7146.73,0.018002,6.25,0.141998,399986,中证银行,CNY,CN10Y
2025-03-10,7081.99,0.018128,6.19,0.1434228885298869,399986,中证银行,CNY,CN10Y
2025-03-11,7135.29,0.0188529999999999,6.23,0.14166064365971118,399986,中证银行,CNY,CN10Y
2025-03-12,7114.85,0.018334,6.2,0.14295632258064517,399986,中证银行,CNY,CN10Y
2025-03-13,7154.02,0.018565,6.23,0.14194864365971108,399986,中证银行,CNY,CN10Y
2025-03-14,7243.35,0.018317,6.29,0.1406655119236884,399986,中证银行,CNY,CN10Y
2025-03-17,7266.5,0.0189569999999999,6.32,0.13927084810126591,399986,中证银行,CNY,CN10Y
2025-03-18,7257.87,0.018885,6.31,0.1395936053882726,399986,中证银行,CNY,CN10Y
2025-03-19,7358.03,0.018708,6.39,0.1377865226917058,399986,中证银行,CNY,CN10Y
2025-03-20,7317.13,0.018309,6.35,0.13917131496062993,399986,中证银行,CNY,CN10Y
2025-03-21,7228.92,0.018458,6.28,0.1407776687898089,399986,中证银行,CNY,CN10Y
2025-03-24,7292.92,0.018413,6.34,0.13931570662460568,399986,中证银行,CNY,CN10Y
2025-03-25,7325.26,0.018183,6.37,0.13880287127158555,399986,中证银行,CNY,CN10Y
2025-03-26,7219.57,0.017943,6.31,0.1405356053882726,399986,中证银行,CNY,CN10Y
2025-03-27,7252.34,0.018062,6.34,0.13966670662460567,399986,中证银行,CNY,CN10Y
2025-03-28,7228.54,0.018126,6.31,0.1403526053882726,399986,中证银行,CNY,CN10Y
2025-03-31,7250.62,0.018129,6.34,0.13959970662460566,399986,中证银行,CNY,CN10Y
2025-04-01,7211.24,0.018104,6.29,0.1408785119236884,399986,中证银行,CNY,CN10Y
2025-04-02,7275.8,0.017887,6.34,0.13984170662460566,399986,中证银行,CNY,CN10Y
2025-04-03,7295.35,0.01718,6.38,0.13955981191222572,399986,中证银行,CNY,CN10Y
2025-04-07,6958.91,0.016318,6.12,0.14708069281045752,399986,中证银行,CNY,CN10Y
2025-04-08,7074.71,0.016633,6.21,0.1443975958132045,399986,中证银行,CNY,CN10Y
2025-04-09,7011.29,0.016508,6.16,0.14582966233766234,399986,中证银行,CNY,CN10Y
2025-04-10,7057.2,0.016444,6.17,0.14563055429497568,399986,中证银行,CNY,CN10Y
2025-04-11,7075.79,0.016568,6.21,0.1444625958132045,399986,中证银行,CNY,CN10Y
2025-04-14,7118.92,0.016584,6.26,0.14316040894568688,399986,中证银行,CNY,CN10Y
2025-04-15,7227.29,0.016583,6.36,0.14064970440251573,399986,中证银行,CNY,CN10Y
2025-04-16,7300.6,0.01643,6.43,0.13909099533437014,399986,中证银行,CNY,CN10Y
2025-04-17,7305.72,0.016522,6.44,0.13875750310559004,399986,中证银行,CNY,CN10Y
2025-04-18,7362.47,0.016493,6.49,0.13759020493066254,399986,中证银行,CNY,CN10Y
2025-04-21,7271.16,0.016664,6.41,0.13934224024960998,399986,中证银行,CNY,CN10Y
2025-04-22,7320.32,0.016509,6.49,0.13757420493066255,399986,中证银行,CNY,CN10Y
2025-04-23,7283.99,0.016611,6.46,0.13818776160990714,399986,中证银行,CNY,CN10Y
2025-04-24,7368.93,0.01664,6.55,0.13603175572519086,399986,中证银行,CNY,CN10Y
2025-04-25,7334.48,0.016606,6.5,0.13724015384615385,399986,中证银行,CNY,CN10Y
2025-04-27,,0.016607,6.5,0.13723915384615384,399986,中证银行,CNY,CN10Y
2025-04-28,7405.13,0.016483,6.57,0.13572400152207,399986,中证银行,CNY,CN10Y
2025-04-29,7380.69,0.016241,6.54,0.1366641987767584,399986,中证银行,CNY,CN10Y
2025-04-30,7223.48,0.016243,6.37,0.14074287127158555,399986,中证银行,CNY,CN10Y
2025-05-06,7214.05,0.016298,6.28,0.1429376687898089,399986,中证银行,CNY,CN10Y
2025-05-07,7321.01,0.016418,6.38,0.14032181191222573,399986,中证银行,CNY,CN10Y
2025-05-08,7400.87,0.016331,6.41,0.13967524024960998,399986,中证银行,CNY,CN10Y
2025-05-09,7502.91,0.016351,6.49,0.13773220493066254,399986,中证银行,CNY,CN10Y
2025-05-12,7514.22,0.01688,6.49,0.13720320493066254,399986,中证银行,CNY,CN10Y
2025-05-13,7629.55,0.016704,6.59,0.13504106828528073,399986,中证银行,CNY,CN10Y
2025-05-14,7691.19,0.016736,6.62,0.1343214018126888,399986,中证银行,CNY,CN10Y
2025-05-15,7682.74,0.016798,6.63,0.13403156259426846,399986,中证银行,CNY,CN10Y
2025-05-16,7610.17,0.016793,6.56,0.1356460243902439,399986,中证银行,CNY,CN10Y
2025-05-19,7584.87,0.016893,6.53,0.13624635681470137,399986,中证银行,CNY,CN10Y
2025-05-20,7599.96,0.017004,6.54,0.1359011987767584,399986,中证银行,CNY,CN10Y
2025-05-21,7653.74,0.0171,6.57,0.13510700152207,399986,中证银行,CNY,CN10Y
2025-05-22,7730.22,0.017186,6.62,0.1338714018126888,399986,中证银行,CNY,CN10Y
2025-05-23,7655.18,0.017208,6.56,0.1352310243902439,399986,中证银行,CNY,CN10Y
2025-05-26,7597.63,0.017201,6.51,0.13640883102918588,399986,中证银行,CNY,CN10Y
2025-05-27,7638.58,0.017261,6.54,0.1356441987767584,399986,中证银行,CNY,CN10Y
2025-05-28,7628.72,0.016832,6.53,0.13630735681470135,399986,中证银行,CNY,CN10Y
2025-05-29,7612.16,0.016877,6.51,0.13673283102918588,399986,中证银行,CNY,CN10Y
2025-05-30,7660.8,0.016712,6.55,0.13595975572519084,399986,中证银行,CNY,CN10Y
2025-06-03,7812.32,0.0167639999999999,6.64,0.13383840963855434,399986,中证银行,CNY,CN10Y
2025-06-04,7816.93,0.016704,6.64,0.13389840963855423,399986,中证银行,CNY,CN10Y
2025-06-05,7758.94,0.016741,6.61,0.13454493040847199,399986,中证银行,CNY,CN10Y
2025-06-06,7781.31,0.016547,6.63,0.13428256259426846,399986,中证银行,CNY,CN10Y
2025-06-09,7802.7,0.016559,6.62,0.13449840181268882,399986,中证银行,CNY,CN10Y
2025-06-10,7841.02,0.016569,6.65,0.13380693984962405,399986,中证银行,CNY,CN10Y
2025-06-11,7865.12,0.01642,6.67,0.1335050374812594,399986,中证银行,CNY,CN10Y
2025-06-12,7889.47,0.016475,6.68,0.13322559880239523,399986,中证银行,CNY,CN10Y
2025-06-13,7817.39,0.01644,6.62,0.1346174018126888,399986,中证银行,CNY,CN10Y
2025-06-16,7920.28,0.016432,6.69,0.13304483109118084,399986,中证银行,CNY,CN10Y
2025-06-17,7905.42,0.016364,6.69,0.13311283109118086,399986,中证银行,CNY,CN10Y
2025-06-18,7975.8,0.016384,6.77,0.13132648744460856,399986,中证银行,CNY,CN10Y
2025-06-19,7964.82,0.016425,6.78,0.13106762536873157,399986,中证银行,CNY,CN10Y
2025-06-20,8018.53,0.016396,6.83,0.1300168843338214,399986,中证银行,CNY,CN10Y
2025-06-23,8115.86,0.016418,6.93,0.12788214430014433,399986,中证银行,CNY,CN10Y
2025-06-24,8149.01,0.0164799999999999,6.98,0.12678647564469922,399986,中证银行,CNY,CN10Y
2025-06-25,8232.68,0.016544,7.04,0.12550145454545455,399986,中证银行,CNY,CN10Y
2025-06-26,8315.16,0.016462,7.1,0.12438307042253521,399986,中证银行,CNY,CN10Y
2025-06-27,8070.36,0.016462,6.88,0.12888683720930233,399986,中证银行,CNY,CN10Y
2025-06-30,8043.94,0.016469,6.89,0.12866888098693757,399986,中证银行,CNY,CN10Y
2025-07-01,8167.45,0.016433,6.98,0.12683347564469913,399986,中证银行,CNY,CN10Y
2025-07-02,8228.93,0.016396,7.01,0.12625735235378033,399986,中证银行,CNY,CN10Y
2025-07-03,8225.34,0.016407,6.99,0.12665451645207437,399986,中证银行,CNY,CN10Y
2025-07-04,8377.94,0.016433,7.11,0.12421397609001406,399986,中证银行,CNY,CN10Y
2025-07-07,8412.6,0.016406,7.14,0.12365002240896358,399986,中证银行,CNY,CN10Y
2025-07-08,8391.98,0.016444,7.14,0.12361202240896359,399986,中证银行,CNY,CN10Y
2025-07-09,8418.47,0.016446,7.19,0.12263605841446452,399986,中证银行,CNY,CN10Y
2025-07-10,8497.84,0.016616,7.28,0.12074663736263735,399986,中证银行,CNY,CN10Y
2025-07-11,8297.33,0.016653,7.14,0.12340302240896359,399986,中证银行,CNY,CN10Y
2025-07-14,8335.35,0.016726,7.16,0.12293880446927373,399986,中证银行,CNY,CN10Y
2025-07-15,8254.99,0.016557,7.1,0.12428807042253522,399986,中证银行,CNY,CN10Y
2025-07-16,8196.6,0.016617,7.07,0.12482571570014145,399986,中证银行,CNY,CN10Y
2025-07-17,8164.08,0.01663,7.01,0.12602335235378032,399986,中证银行,CNY,CN10Y
2025-07-18,8215.01,0.016652,7.06,0.12499105949008499,399986,中证银行,CNY,CN10Y
2025-07-21,8148.46,0.016774,7.01,0.1258793523537803,399986,中证银行,CNY,CN10Y
2025-07-22,8066.9,0.016907,6.93,0.1273931443001443,399986,中证银行,CNY,CN10Y
2025-07-23,8097.69,0.017041,6.99,0.12602051645207438,399986,中证银行,CNY,CN10Y
2025-07-24,7980.97,0.017376,6.89,0.12776188098693758,399986,中证银行,CNY,CN10Y
2025-07-25,7966.93,0.017324,6.87,0.12823640756914118,399986,中证银行,CNY,CN10Y
2025-07-28,7967.57,0.0171459999999999,6.88,0.12820283720930242,399986,中证银行,CNY,CN10Y
2025-07-29,7871.96,0.017466,6.81,0.12937687812041115,399986,中证银行,CNY,CN10Y
2025-07-30,7921.85,0.01718,6.86,0.12859259475218657,399986,中证银行,CNY,CN10Y
2025-07-31,7880.1,0.017044,6.87,0.12851640756914118,399986,中证银行,CNY,CN10Y
2025-08-01,7899.63,0.017059,6.89,0.1280788809869376,399986,中证银行,CNY,CN10Y
2025-08-04,7959.97,0.017083,6.95,0.12680189208633091,399986,中证银行,CNY,CN10Y
2025-08-05,8087.4,0.017061,7.06,0.124582059490085,399986,中证银行,CNY,CN10Y
2025-08-06,8075.09,0.016999,7.07,0.12444371570014144,399986,中证银行,CNY,CN10Y
2025-08-07,8108.88,0.016894,7.13,0.12335845441795232,399986,中证银行,CNY,CN10Y
2025-08-08,8085.06,0.016891,7.11,0.12375597609001406,399986,中证银行,CNY,CN10Y
2025-08-11,8003.11,0.017203,7.05,0.12464097163120569,399986,中证银行,CNY,CN10Y
2025-08-12,8028.7,0.017271,7.1,0.12357407042253521,399986,中证银行,CNY,CN10Y
2025-08-13,7943.23,0.017262,7.03,0.12498551066856328,399986,中证银行,CNY,CN10Y
2025-08-14,7941.38,0.017341,7.05,0.12450297163120569,399986,中证银行,CNY,CN10Y
2025-08-15,7825.39,0.0174649999999999,6.94,0.12662721902017302,399986,中证银行,CNY,CN10Y
2025-08-18,7851.46,0.017872,6.96,0.12580616091954022,399986,中证银行,CNY,CN10Y
2025-08-19,7860.36,0.017725,7.01,0.12492835235378032,399986,中证银行,CNY,CN10Y
2025-08-20,7894.91,0.01782,7.05,0.12402397163120568,399986,中证银行,CNY,CN10Y
2025-08-21,7942.59,0.017667,7.11,0.12297997609001406,399986,中证银行,CNY,CN10Y
2025-08-22,7919.43,0.017818,7.11,0.12282897609001406,399986,中证银行,CNY,CN10Y
2025-08-25,7976.33,0.017643,7.13,0.12260945441795232,399986,中证银行,CNY,CN10Y
2025-08-26,7923.15,0.017598,7.1,0.12324707042253522,399986,中证银行,CNY,CN10Y
2025-08-27,7778.48,0.017988,6.95,0.12589689208633092,399986,中证银行,CNY,CN10Y
2025-08-28,7810.25,0.018478,6.95,0.12540689208633093,399986,中证银行,CNY,CN10Y
2025-08-29,7749.17,0.018379,6.92,0.12612967052023122,399986,中证银行,CNY,CN10Y
2025-09-01,7665.36,0.018257,7.16,0.12140780446927374,399986,中证银行,CNY,CN10Y
2025-09-02,7815.8,0.018167,7.31,0.11863190560875513,399986,中证银行,CNY,CN10Y
2025-09-03,7723.88,0.017984,7.23,0.12032858644536651,399986,中证银行,CNY,CN10Y
2025-09-04,7783.91,0.01806,7.36,0.1178095652173913,399986,中证银行,CNY,CN10Y
2025-09-05,7707.77,0.01826,7.24,0.11986154696132598,399986,中证银行,CNY,CN10Y
2025-09-08,7662.21,0.018514,7.2,0.12037488888888889,399986,中证银行,CNY,CN10Y
2025-09-09,7727.13,0.018641,7.25,0.11929003448275861,399986,中证银行,CNY,CN10Y
2025-09-10,7735.86,0.018992,7.26,0.11874904683195593,399986,中证银行,CNY,CN10Y
2025-09-11,7777.62,0.018743,7.29,0.11843121124828533,399986,中证银行,CNY,CN10Y
2025-09-12,7657.89,0.01867,7.21,0.12002625520110957,399986,中证银行,CNY,CN10Y
2025-09-15,7588.46,0.018724,7.15,0.12113613986013984,399986,中证银行,CNY,CN10Y
2025-09-16,7501.6,0.018527,7.08,0.12271593785310735,399986,中证银行,CNY,CN10Y
2025-09-17,7473.93,0.018349,7.06,0.12329405949008498,399986,中证银行,CNY,CN10Y
2025-09-18,7331.62,0.018546,6.91,0.1261718002894356,399986,中证银行,CNY,CN10Y
2025-09-19,7336.37,0.018789,6.87,0.12677140756914118,399986,中证银行,CNY,CN10Y
2025-09-22,7262.53,0.018647,6.79,0.12862840500736378,399986,中证银行,CNY,CN10Y
2025-09-23,7375.45,0.01877,6.92,0.12573867052023122,399986,中证银行,CNY,CN10Y
2025-09-24,7352.55,0.0190219999999999,6.9,0.12590553623188416,399986,中证银行,CNY,CN10Y
2025-09-25,7303.68,0.01884,6.86,0.12693259475218657,399986,中证银行,CNY,CN10Y
2025-09-26,7311.63,0.018768,6.86,0.12700459475218656,399986,中证银行,CNY,CN10Y
2025-09-28,,0.018781,6.86,0.12699159475218658,399986,中证银行,CNY,CN10Y
2025-09-29,7275.93,0.01887,6.82,0.12775756598240467,399986,中证银行,CNY,CN10Y
2025-09-30,7220.51,0.018605,6.79,0.12867040500736376,399986,中证银行,CNY,CN10Y
2025-10-09,7204.99,0.018466,6.8,0.12859282352941176,399986,中证银行,CNY,CN10Y
2025-10-10,7239.9,0.01846,6.83,0.12795288433382138,399986,中证银行,CNY,CN10Y
2025-10-11,,0.018206,6.83,0.12820688433382138,399986,中证银行,CNY,CN10Y
2025-10-13,7294.47,0.018383,6.86,0.12738959475218656,399986,中证银行,CNY,CN10Y
2025-10-14,7478.97,0.018368,7.04,0.12367745454545456,399986,中证银行,CNY,CN10Y
2025-10-15,7519.28,0.018449,7.08,0.12279393785310735,399986,中证银行,CNY,CN10Y
2025-10-16,7620.36,0.018407,7.22,0.12009715512465374,399986,中证银行,CNY,CN10Y
2025-10-17,7596.05,0.018246,7.22,0.12025815512465375,399986,中证银行,CNY,CN10Y
2025-10-20,7587.76,0.018498,7.23,0.11981458644536651,399986,中证银行,CNY,CN10Y
2025-10-21,7611.94,0.018357,7.28,0.11900563736263735,399986,中证银行,CNY,CN10Y
2025-10-22,7685.65,0.018293,7.38,0.11720835501355015,399986,中证银行,CNY,CN10Y
2025-10-23,7735.85,0.018391,7.42,0.1163798894878706,399986,中证银行,CNY,CN10Y
2025-10-24,7701.65,0.018486,7.41,0.1164667665317139,399986,中证银行,CNY,CN10Y
2025-10-27,7703.91,0.018423,7.46,0.11562525737265417,399986,中证银行,CNY,CN10Y
2025-10-28,7691.21,0.018179,7.49,0.11533234846461948,399986,中证银行,CNY,CN10Y
2025-10-29,7532.08,0.018208,7.35,0.1178464217687075,399986,中证银行,CNY,CN10Y
2025-10-30,7535.03,0.018098,7.35,0.11795642176870749,399986,中证银行,CNY,CN10Y
2025-10-31,7526.97,0.017954,7.3,0.11903230136986301,399986,中证银行,CNY,CN10Y
2025-11-03,7625.65,0.017944,7.38,0.11755735501355015,399986,中证银行,CNY,CN10Y
2025-11-04,7783.83,0.017984,7.53,0.11481812483399734,399986,中证银行,CNY,CN10Y
2025-11-05,7783.34,0.017964,7.53,0.11483812483399733,399986,中证银行,CNY,CN10Y
2025-11-06,7750.14,0.0181,7.49,0.11541134846461948,399986,中证银行,CNY,CN10Y
2025-11-07,7739.49,0.018142,7.47,0.11572680856760376,399986,中证银行,CNY,CN10Y
2025-11-10,7789.49,0.018139,7.51,0.11501679227696406,399986,中证银行,CNY,CN10Y
2025-11-11,7816.91,0.018119,7.57,0.11398139630118889,399986,中证银行,CNY,CN10Y
2025-11-12,7854.32,0.018071,7.65,0.11264795424836602,399986,中证银行,CNY,CN10Y
2025-11-13,7850.68,0.018126,7.64,0.11276405235602094,399986,中证银行,CNY,CN10Y
2025-11-14,7870.5,0.01814,7.66,0.11240830287206265,399986,中证银行,CNY,CN10Y
2025-11-17,7766.26,0.018109,7.55,0.11434133112582782,399986,中证银行,CNY,CN10Y
2025-11-18,7739.47,0.018121,7.52,0.11485772340425532,399986,中证银行,CNY,CN10Y
2025-11-19,7804.91,0.018179,7.6,0.11339994736842104,399986,中证银行,CNY,CN10Y
2025-11-20,7867.07,0.018135,7.67,0.1122430964797914,399986,中证银行,CNY,CN10Y
2025-11-21,7785.36,0.018166,7.61,0.1132400446780552,399986,中证银行,CNY,CN10Y
2025-11-24,7725.4,0.01821,7.54,0.11441599469496022,399986,中证银行,CNY,CN10Y
2025-11-25,7827.63,0.018301,7.64,0.11258905235602094,399986,中证银行,CNY,CN10Y
2025-11-26,7767.15,0.018462,7.54,0.11416399469496022,399986,中证银行,CNY,CN10Y
2025-11-27,7808.32,0.0185369999999999,7.59,0.11321530566534925,399986,中证银行,CNY,CN10Y
2025-11-28,7744.45,0.0184119999999999,7.52,0.11456672340425542,399986,中证银行,CNY,CN10Y
2025-12-01,7803.47,0.018366,7.54,0.11425999469496023,399986,中证银行,CNY,CN10Y
2025-12-02,7804.5,0.018442,7.54,0.11418399469496023,399986,中证银行,CNY,CN10Y
2025-12-03,7734.74,0.018519,7.47,0.11534980856760374,399986,中证银行,CNY,CN10Y
2025-12-04,7702.3,0.018718,7.44,0.11569060215053763,399986,中证银行,CNY,CN10Y
2025-12-05,7657.38,0.01848,7.38,0.11702135501355015,399986,中证银行,CNY,CN10Y
2025-12-08,7659.34,0.018499,7.39,0.11681899729364005,399986,中证银行,CNY,CN10Y
2025-12-09,7654.71,0.018425,7.44,0.11598360215053763,399986,中证银行,CNY,CN10Y
2025-12-10,7533.46,0.018447,7.3,0.118539301369863,399986,中证银行,CNY,CN10Y
2025-12-11,7551.36,0.018404,7.33,0.1180216480218281,399986,中证银行,CNY,CN10Y
2025-12-12,7531.87,0.018396,7.26,0.11934504683195593,399986,中证银行,CNY,CN10Y
2025-12-15,7524.0,0.018488,7.19,0.12059405841446452,399986,中证银行,CNY,CN10Y
2025-12-16,7483.32,0.018458,7.14,0.12159802240896359,399986,中证银行,CNY,CN10Y
2025-12-17,7490.95,0.01834,7.17,0.1211300139470014,399986,中证银行,CNY,CN10Y
2025-12-18,7640.33,0.0183559999999999,7.22,0.12014815512465385,399986,中证银行,CNY,CN10Y
2025-12-19,7606.25,0.018308,7.17,0.12116201394700139,399986,中证银行,CNY,CN10Y
2025-12-22,7563.99,0.018415,7.16,0.12124980446927373,399986,中证银行,CNY,CN10Y
2025-12-23,7591.88,0.018352,7.2,0.12053688888888889,399986,中证银行,CNY,CN10Y
2025-12-24,7569.27,0.0183559999999999,7.18,0.1209197660167132,399986,中证银行,CNY,CN10Y
2025-12-25,7555.31,0.018386,7.15,0.12147413986013984,399986,中证银行,CNY,CN10Y
2025-12-26,7528.82,0.018376,7.11,0.12227097609001406,399986,中证银行,CNY,CN10Y
2025-12-29,7606.02,0.018584,7.2,0.12030488888888889,399986,中证银行,CNY,CN10Y
2025-12-30,7595.34,0.018582,7.19,0.12050005841446453,399986,中证银行,CNY,CN10Y
2025-12-31,7603.19,0.018473,7.22,0.12003115512465375,399986,中证银行,CNY,CN10Y
2026-01-04,,0.018427,7.22,0.12007715512465375,399986,中证银行,CNY,CN10Y
2026-01-05,7577.05,0.018584,7.16,0.12108080446927373,399986,中证银行,CNY,CN10Y
2026-01-06,7616.18,0.018829,7.16,0.12083580446927374,399986,中证银行,CNY,CN10Y
2026-01-07,7562.32,0.0190189999999999,7.11,0.12162797609001416,399986,中证银行,CNY,CN10Y
2026-01-08,7492.93,0.018905,7.05,0.12293897163120568,399986,中证银行,CNY,CN10Y
2026-01-09,7460.65,0.018782,7.03,0.12346551066856329,399986,中证银行,CNY,CN10Y
2026-01-12,7483.12,0.018585,7.07,0.12285771570014144,399986,中证银行,CNY,CN10Y
2026-01-13,7530.05,0.018519,7.12,0.1219304382022472,399986,中证银行,CNY,CN10Y
2026-01-14,7385.95,0.018494,7.0,0.12436314285714285,399986,中证银行,CNY,CN10Y
2026-01-15,7334.72,0.018544,6.94,0.1255482190201729,399986,中证银行,CNY,CN10Y
2026-01-16,7228.44,0.018424,6.85,0.12756140145985403,399986,中证银行,CNY,CN10Y
2026-01-19,7186.96,0.018393,6.8,0.12866582352941178,399986,中证银行,CNY,CN10Y
2026-01-20,7241.94,0.018326,6.85,0.12765940145985402,399986,中证银行,CNY,CN10Y
2026-01-21,7127.37,0.018312,6.71,0.13071929657228018,399986,中证银行,CNY,CN10Y
2026-01-22,7097.72,0.018425,6.65,0.13195093984962405,399986,中证银行,CNY,CN10Y
2026-01-23,7032.57,0.018298,6.59,0.13344706828528072,399986,中证银行,CNY,CN10Y
2026-01-26,7059.19,0.018242,6.63,0.13258756259426846,399986,中证银行,CNY,CN10Y
2026-01-27,7051.38,0.018311,6.64,0.13229140963855424,399986,中证银行,CNY,CN10Y
2026-01-28,7007.53,0.018164,6.6,0.13335115151515153,399986,中证银行,CNY,CN10Y
2026-01-29,7116.45,0.018174,6.66,0.13197615015015016,399986,中证银行,CNY,CN10Y
2026-01-30,7088.98,0.018112,6.63,0.13271756259426848,399986,中证银行,CNY,CN10Y
2026-02-02,7099.64,0.0182,6.67,0.13172503748125938,399986,中证银行,CNY,CN10Y
2026-02-03,7041.91,0.018172,6.57,0.13403500152207,399986,中证银行,CNY,CN10Y
2026-02-04,7141.43,0.018193,6.65,0.13218293984962404,399986,中证银行,CNY,CN10Y
2026-02-05,7255.47,0.018169,6.73,0.1304194101040119,399986,中证银行,CNY,CN10Y
2026-02-06,7212.2,0.018102,6.69,0.13137483109118084,399986,中证银行,CNY,CN10Y
2026-02-09,7237.73,0.0181139999999999,6.71,0.13091729657228027,399986,中证银行,CNY,CN10Y
2026-02-10,7256.54,0.018094,6.74,0.13027395252225518,399986,中证银行,CNY,CN10Y
2026-02-11,7270.05,0.017994,6.75,0.13015414814814813,399986,中证银行,CNY,CN10Y
2026-02-12,7169.14,0.017893,6.64,0.13270940963855424,399986,中证银行,CNY,CN10Y
2026-02-13,7119.52,0.017928,6.58,0.1340476838905775,399986,中证银行,CNY,CN10Y
2026-02-14,,0.017899,6.58,0.1340766838905775,399986,中证银行,CNY,CN10Y
2026-02-24,7101.83,0.018023,6.56,0.1344160243902439,399986,中证银行,CNY,CN10Y
2026-02-25,7067.52,0.018158,6.54,0.1347471987767584,399986,中证银行,CNY,CN10Y
2026-02-26,7052.34,0.018288,6.5,0.13555815384615386,399986,中证银行,CNY,CN10Y
2026-02-27,7050.77,0.017877,6.49,0.13620620493066254,399986,中证银行,CNY,CN10Y
2026-02-28,,0.017753,6.49,0.13633020493066256,399986,中证银行,CNY,CN10Y
2026-03-02,7091.33,0.017761,6.53,0.13537835681470137,399986,中证银行,CNY,CN10Y
2026-03-03,7163.76,0.017807,6.65,0.13256893984962406,399986,中证银行,CNY,CN10Y
2026-03-04,7086.51,0.017768,6.59,0.13397706828528072,399986,中证银行,CNY,CN10Y
2026-03-05,7151.39,0.017779,6.64,0.13282340963855424,399986,中证银行,CNY,CN10Y
2026-03-06,7162.79,0.01781,6.64,0.13279240963855424,399986,中证银行,CNY,CN10Y
2026-03-09,7115.85,0.018054,6.61,0.13323193040847198,399986,中证银行,CNY,CN10Y
2026-03-10,7131.41,0.018055,6.59,0.13369006828528074,399986,中证银行,CNY,CN10Y
2026-03-11,7194.93,0.018075,6.65,0.13230093984962404,399986,中证银行,CNY,CN10Y
2026-03-12,7239.73,0.018052,6.68,0.1316485988023952,399986,中证银行,CNY,CN10Y
2026-03-13,7268.72,0.018143,6.7,0.13111073134328358,399986,中证银行,CNY,CN10Y
2026-03-16,7296.87,0.018312,6.73,0.1302764101040119,399986,中证银行,CNY,CN10Y
2026-03-17,7357.55,0.018314,6.82,0.12831356598240468,399986,中证银行,CNY,CN10Y
2026-03-18,7326.59,0.018175,6.8,0.12888382352941177,399986,中证银行,CNY,CN10Y
2026-03-19,7312.18,0.018252,6.83,0.1281608843338214,399986,中证银行,CNY,CN10Y
2026-03-20,7292.02,0.018299,6.8,0.12875982352941176,399986,中证银行,CNY,CN10Y
2026-03-23,7052.91,0.018316,6.58,0.1336596838905775,399986,中证银行,CNY,CN10Y
2026-03-24,7201.71,0.018272,6.69,0.13120483109118083,399986,中证银行,CNY,CN10Y
2026-03-25,7247.07,0.018233,6.73,0.1303554101040119,399986,中证银行,CNY,CN10Y
2026-03-26,7274.38,0.018194,6.76,0.12973499408284025,399986,中证银行,CNY,CN10Y
2026-03-27,7238.13,0.018172,6.73,0.1304164101040119,399986,中证银行,CNY,CN10Y
2026-03-30,7273.61,0.018063,6.79,0.12921240500736378,399986,中证银行,CNY,CN10Y
2026-03-31,7320.87,0.018171,6.89,0.1269668809869376,399986,中证银行,CNY,CN10Y
2026-04-01,7329.5,0.018244,6.88,0.12710483720930232,399986,中证银行,CNY,CN10Y
2026-04-02,7368.01,0.018209,6.96,0.12546916091954022,399986,中证银行,CNY,CN10Y
2026-04-03,7284.16,0.018199,6.87,0.1273614075691412,399986,中证银行,CNY,CN10Y
2026-04-07,7216.29,0.018171,6.79,0.12910440500736378,399986,中证银行,CNY,CN10Y
2026-04-08,7274.59,0.018136,6.79,0.12913940500736376,399986,中证银行,CNY,CN10Y
2026-04-09,7213.12,0.018192,6.74,0.13017595252225517,399986,中证银行,CNY,CN10Y
2026-04-10,7203.27,0.018128,6.73,0.13046041010401188,399986,中证银行,CNY,CN10Y
2026-04-13,7204.45,0.0179329999999999,6.75,0.13021514814814825,399986,中证银行,CNY,CN10Y
2026-04-14,7266.98,0.0178289999999999,6.82,0.12879856598240477,399986,中证银行,CNY,CN10Y
2026-04-15,7344.68,0.017809,6.91,0.1269088002894356,399986,中证银行,CNY,CN10Y
2026-04-16,7317.07,0.0178119999999999,6.9,0.12711553623188415,399986,中证银行,CNY,CN10Y
2026-04-17,7287.01,0.017623,6.88,0.12772583720930233,399986,中证银行,CNY,CN10Y
2026-04-20,7363.2,0.017627,6.99,0.12543451645207437,399986,中证银行,CNY,CN10Y
2026-04-21,7390.44,0.0175099999999999,7.01,0.12514335235378043,399986,中证银行,CNY,CN10Y
2026-04-22,7339.94,0.0173889999999999,6.94,0.126703219020173,399986,中证银行,CNY,CN10Y
2026-04-23,7366.59,0.0175479999999999,6.95,0.12633689208633103,399986,中证银行,CNY,CN10Y
2026-04-24,7345.17,0.017601,6.94,0.1264912190201729,399986,中证银行,CNY,CN10Y
2026-04-27,7319.49,0.017697,6.89,0.1274408809869376,399986,中证银行,CNY,CN10Y
2026-04-28,7348.97,0.017654,6.93,0.12664614430014431,399986,中证银行,CNY,CN10Y
2026-04-29,7322.39,0.017444,6.89,0.12769388098693757,399986,中证银行,CNY,CN10Y
2026-04-30,7268.76,0.017473,6.85,0.12851240145985404,399986,中证银行,CNY,CN10Y
2026-05-06,7206.05,0.017654,6.66,0.13249615015015015,399986,中证银行,CNY,CN10Y
2026-05-07,7183.32,0.0176309999999999,6.65,0.13274493984962416,399986,中证银行,CNY,CN10Y
2026-05-08,7178.43,0.017648,6.66,0.13250215015015016,399986,中证银行,CNY,CN10Y
2026-05-09,,0.0176699999999999,6.66,0.13248015015015024,399986,中证银行,CNY,CN10Y
2026-05-11,7175.37,0.017622,6.65,0.13275393984962405,399986,中证银行,CNY,CN10Y
2026-05-12,7157.74,0.017592,6.64,0.13301040963855423,399986,中证银行,CNY,CN10Y
2026-05-13,7124.33,0.017514,6.57,0.13469300152207,399986,中证银行,CNY,CN10Y
2026-05-14,7142.04,0.017588,6.61,0.133697930408472,399986,中证银行,CNY,CN10Y
2026-05-15,7110.05,0.017658,6.57,0.13454900152207,399986,中证银行,CNY,CN10Y
2026-05-18,7041.88,0.017585,6.52,0.13578923312883437,399986,中证银行,CNY,CN10Y
2026-05-19,7068.67,0.017345,6.55,0.13532675572519084,399986,中证银行,CNY,CN10Y
2026-05-20,7006.21,0.0173819999999999,6.45,0.13765675968992258,399986,中证银行,CNY,CN10Y
2026-05-21,7021.58,0.0174479999999999,6.49,0.13663520493066264,399986,中证银行,CNY,CN10Y
2026-05-22,7007.17,0.017519,6.48,0.13680198765432097,399986,中证银行,CNY,CN10Y
2026-05-25,7007.59,0.017484,6.49,0.13659920493066255,399986,中证银行,CNY,CN10Y
2026-05-26,7023.1,0.017405,6.49,0.13667820493066254,399986,中证银行,CNY,CN10Y
2026-05-27,7000.97,0.017216,6.45,0.13782275968992247,399986,中证银行,CNY,CN10Y
2026-05-28,6955.94,0.017193,6.38,0.13954681191222573,399986,中证银行,CNY,CN10Y
2026-05-29,7081.06,0.01709,6.49,0.13699320493066255,399986,中证银行,CNY,CN10Y
2026-06-01,7164.61,0.017009,6.58,0.1349666838905775,399986,中证银行,CNY,CN10Y
2026-06-02,7208.17,0.017036,6.61,0.134249930408472,399986,中证银行,CNY,CN10Y
2026-06-03,7141.31,0.017128,6.55,0.13554375572519084,399986,中证银行,CNY,CN10Y
2026-06-04,7062.62,0.017081,6.48,0.137239987654321,399986,中证银行,CNY,CN10Y
2026-06-05,7155.5,0.017207,6.57,0.13500000152207,399986,中证银行,CNY,CN10Y
2026-06-08,7195.85,0.017275,6.67,0.13265003748125936,399986,中证银行,CNY,CN10Y
2026-06-09,7231.41,0.017376,6.7,0.13187773134328357,399986,中证银行,CNY,CN10Y
2026-06-10,7343.87,0.017476,6.8,0.12958282352941178,399986,中证银行,CNY,CN10Y
2026-06-11,7322.17,0.017475,6.78,0.13001762536873157,399986,中证银行,CNY,CN10Y
2026-06-12,7401.91,0.0174269999999999,6.88,0.12792183720930245,399986,中证银行,CNY,CN10Y
2026-06-15,7284.37,0.017446,6.74,0.1309219525222552,399986,中证银行,CNY,CN10Y
2026-06-16,7191.64,0.017324,6.65,0.13305193984962405,399986,中证银行,CNY,CN10Y
2026-06-17,7125.36,0.01727,6.58,0.1347056838905775,399986,中证银行,CNY,CN10Y
2026-06-18,6939.85,0.017299,6.41,0.13870724024960998,399986,中证银行,CNY,CN10Y
2026-06-22,6992.98,0.017375,6.47,0.13718450540958269,399986,中证银行,CNY,CN10Y
2026-06-23,7067.5,0.017437,6.6,0.1340781515151515,399986,中证银行,CNY,CN10Y
2026-06-24,6890.02,0.017454,6.43,0.13806699533437014,399986,中证银行,CNY,CN10Y
2026-06-25,6829.27,0.017351,6.35,0.1401293149606299,399986,中证银行,CNY,CN10Y
2026-06-26,6765.91,0.017314,6.3,0.14141615873015873,399986,中证银行,CNY,CN10Y
2026-06-27,,0.017314,6.34,0.14041470662460567,399986,中证银行,CNY,CN10Y
2026-06-28,,0.017314,6.34,0.14041470662460567,399986,中证银行,CNY,CN10Y
2026-06-29,6794.92,0.01717,6.34,0.14055870662460568,399986,中证银行,CNY,CN10Y
2026-06-30,6634.86,0.01733,6.2,0.14396032258064514,399986,中证银行,CNY,CN10Y
2026-07-01,6681.63,0.0174479999999999,6.2,0.14384232258064525,399986,中证银行,CNY,CN10Y
2026-07-02,6759.11,0.01741,6.22,0.1433617041800643,399986,中证银行,CNY,CN10Y
2026-07-03,6756.56,0.017463,6.2,0.14382732258064515,399986,中证银行,CNY,CN10Y
2026-07-04,,0.017463,6.3,0.14126715873015872,399986,中证银行,CNY,CN10Y
2026-07-05,,0.017463,6.3,0.14126715873015872,399986,中证银行,CNY,CN10Y
2026-07-06,6885.45,0.017379,6.3,0.14135115873015872,399986,中证银行,CNY,CN10Y
2026-07-07,6894.94,0.0174059999999999,6.36,0.13982670440251582,399986,中证银行,CNY,CN10Y
2026-07-08,6958.22,0.0173849999999999,6.44,0.13789450310559015,399986,中证银行,CNY,CN10Y
2026-07-09,6895.43,0.017376,6.37,0.13960987127158556,399986,中证银行,CNY,CN10Y
2026-07-10,6879.44,0.017398,6.39,0.1390965226917058,399986,中证银行,CNY,CN10Y
2026-07-11,,0.017398,6.52,0.13597623312883436,399986,中证银行,CNY,CN10Y
2026-07-12,,0.017398,6.52,0.13597623312883436,399986,中证银行,CNY,CN10Y
2026-07-13,6995.21,0.017442,6.52,0.13593223312883435,399986,中证银行,CNY,CN10Y
2026-07-14,7006.03,0.017402,6.51,0.13620783102918588,399986,中证银行,CNY,CN10Y
2026-07-15,7089.01,0.0174059999999999,6.56,0.135033024390244,399986,中证银行,CNY,CN10Y
2026-07-16,7006.46,0.017437,6.47,0.13712250540958268,399986,中证银行,CNY,CN10Y
2026-07-17,7064.65,0.017404,6.56,0.1350350243902439,399986,中证银行,CNY,CN10Y
2026-07-18,,0.017404,6.72,0.1314055238095238,399986,中证银行,CNY,CN10Y
2026-07-19,,0.017404,6.72,0.1314055238095238,399986,中证银行,CNY,CN10Y
2026-07-20,7227.49,0.017453,6.72,0.1313565238095238,399986,中证银行,CNY,CN10Y
2026-07-21,7071.25,0.01745,6.56,0.1349890243902439,399986,中证银行,CNY,CN10Y
2026-07-22,7151.52,0.017297,6.63,0.13353256259426846,399986,中证银行,CNY,CN10Y
2026-07-23,7191.63,0.017325,6.68,0.13237559880239522,399986,中证银行,CNY,CN10Y
2026-07-24,7213.73,0.017282,6.72,0.13152752380952382,399986,中证银行,CNY,CN10Y
2026-07-25,,0.017282,6.72,0.13152752380952382,399986,中证银行,CNY,CN10Y
2026-07-26,,0.017282,6.72,0.13152752380952382,399986,中证银行,CNY,CN10Y
2026-07-27,7214.32,0.017337,6.72,0.13147252380952382,399986,中证银行,CNY,CN10Y
2026-07-28,7322.99,0.017351,6.87,0.12820940756914118,399986,中证银行,CNY,CN10Y
2026-07-29,7336.41,0.017329,6.85,0.12865640145985402,399986,中证银行,CNY,CN10Y
2026-07-30,7517.47,0.017196,7.02,0.12525414245014246,399986,中证银行,CNY,CN10Y
2026-07-31,7414.63,0.017141,6.89,0.1279968809869376,399986,中证银行,CNY,CN10Y
2026-08-01,,0.017141,6.9,0.12778653623188407,399986,中证银行,CNY,CN10Y
2026-08-02,,0.017141,6.9,0.12778653623188407,399986,中证银行,CNY,CN10Y
2026-08-03,7454.05,0.017169,6.9,0.12775853623188407,399986,中证银行,CNY,CN10Y
2026-08-04,7251.73,0.017126,6.68,0.13257459880239522,399986,中证银行,CNY,CN10Y
2026-08-05,7170.6,0.017137,6.58,0.13483868389057752,399986,中证银行,CNY,CN10Y
2026-08-06,7194.74,0.017143,6.61,0.134142930408472,399986,中证银行,CNY,CN10Y
2026-08-07,7147.55,0.017114,6.58,0.1348616838905775,399986,中证银行,CNY,CN10Y
2026-08-10,7177.88,0.017074,6.6,0.1344411515151515,399986,中证银行,CNY,CN10Y
2026-08-11,7173.49,0.017161,6.62,0.1338964018126888,399986,中证银行,CNY,CN10Y
2026-08-12,7147.88,0.017141,6.58,0.1348346838905775,399986,中证银行,CNY,CN10Y
2026-08-13,7182.28,0.017032000000000002,6.65,0.13334393984962406,399986,中证银行,CNY,CN10Y
2026-08-14,7140.89,0.016964,6.6,0.1345511515151515,399986,中证银行,CNY,CN10Y
2026-08-17,7125.31,0.016923999999999998,6.59,0.13482106828528073,399986,中证银行,CNY,CN10Y
2026-08-18,7170.65,0.016864,6.67,0.1330610374812594,399986,中证银行,CNY,CN10Y
2026-08-19,7299.8,0.016831,6.79,0.13044440500736376,399986,中证银行,CNY,CN10Y
2026-08-20,7327.99,0.016832,6.81,0.13001087812041118,399986,中证银行,CNY,CN10Y
2026-08-21,7306.39,0.016839,6.79,0.13043640500736378,399986,中证银行,CNY,CN10Y
2026-08-24,7403.86,0.016794,6.89,0.12834388098693758,399986,中证银行,CNY,CN10Y
2026-08-25,7357.27,0.016815,6.86,0.12895759475218657,399986,中证银行,CNY,CN10Y
2026-08-26,7414.72,0.016887,6.91,0.1278308002894356,399986,中证银行,CNY,CN10Y
2026-08-27,7338.47,0.016988,6.83,0.12942488433382138,399986,中证银行,CNY,CN10Y
2026-08-28,7300.96,0.016949000000000002,6.83,0.1294638843338214,399986,中证银行,CNY,CN10Y
2026-08-31,7423.15,0.016883,7.0,0.12597414285714284,399986,中证银行,CNY,CN10Y
2026-09-01,7562.38,0.016834000000000002,7.16,0.12283080446927373,399986,中证银行,CNY,CN10Y
2026-09-02,7566.25,0.016861,7.18,0.1224147660167131,399986,中证银行,CNY,CN10Y
2026-09-03,7528.36,0.016798,7.09,0.12424572355430183,399986,中证银行,CNY,CN10Y
2026-09-04,7596.3,0.016804,7.14,0.12325202240896359,399986,中证银行,CNY,CN10Y
