Date,IndexClose,Bond_Yield_10Y,PE,ERP,IndexCode,IndexName,Currency,BondCode
2005-04-08,704.75,,,,000069,消费80,CNY,CN10Y
2005-04-11,703.66,,,,000069,消费80,CNY,CN10Y
2005-04-12,690.56,,,,000069,消费80,CNY,CN10Y
2005-04-13,710.64,,,,000069,消费80,CNY,CN10Y
2005-04-14,702.29,,,,000069,消费80,CNY,CN10Y
2005-04-15,687.99,,,,000069,消费80,CNY,CN10Y
2005-04-18,675.26,,,,000069,消费80,CNY,CN10Y
2005-04-19,677.54,,,,000069,消费80,CNY,CN10Y
2005-04-20,666.49,,,,000069,消费80,CNY,CN10Y
2005-04-21,658.45,,,,000069,消费80,CNY,CN10Y
2005-04-22,654.51,,,,000069,消费80,CNY,CN10Y
2005-04-25,653.66,,,,000069,消费80,CNY,CN10Y
2005-04-26,667.83,,,,000069,消费80,CNY,CN10Y
2005-04-27,659.17,,,,000069,消费80,CNY,CN10Y
2005-04-28,672.38,,,,000069,消费80,CNY,CN10Y
2005-04-29,663.19,,,,000069,消费80,CNY,CN10Y
2005-05-09,648.57,,,,000069,消费80,CNY,CN10Y
2005-05-10,651.59,,,,000069,消费80,CNY,CN10Y
2005-05-11,645.86,,,,000069,消费80,CNY,CN10Y
2005-05-12,640.25,,,,000069,消费80,CNY,CN10Y
2005-05-13,642.93,,,,000069,消费80,CNY,CN10Y
2005-05-16,638.11,,,,000069,消费80,CNY,CN10Y
2005-05-17,647.82,,,,000069,消费80,CNY,CN10Y
2005-05-18,650.16,,,,000069,消费80,CNY,CN10Y
2005-05-19,649.21,,,,000069,消费80,CNY,CN10Y
2005-05-20,645.56,,,,000069,消费80,CNY,CN10Y
2005-05-23,630.54,,,,000069,消费80,CNY,CN10Y
2005-05-24,637.37,,,,000069,消费80,CNY,CN10Y
2005-05-25,637.8,,,,000069,消费80,CNY,CN10Y
2005-05-26,627.27,,,,000069,消费80,CNY,CN10Y
2005-05-27,623.11,,,,000069,消费80,CNY,CN10Y
2005-05-30,626.31,,,,000069,消费80,CNY,CN10Y
2005-05-31,626.17,,,,000069,消费80,CNY,CN10Y
2005-06-01,614.79,,,,000069,消费80,CNY,CN10Y
2005-06-02,601.51,,,,000069,消费80,CNY,CN10Y
2005-06-03,598.45,,,,000069,消费80,CNY,CN10Y
2005-06-06,610.41,,,,000069,消费80,CNY,CN10Y
2005-06-07,612.93,,,,000069,消费80,CNY,CN10Y
2005-06-08,660.91,,,,000069,消费80,CNY,CN10Y
2005-06-09,665.54,,,,000069,消费80,CNY,CN10Y
2005-06-10,650.73,,,,000069,消费80,CNY,CN10Y
2005-06-13,653.89,,,,000069,消费80,CNY,CN10Y
2005-06-14,641.46,,,,000069,消费80,CNY,CN10Y
2005-06-15,625.27,,,,000069,消费80,CNY,CN10Y
2005-06-16,633.27,,,,000069,消费80,CNY,CN10Y
2005-06-17,632.17,,,,000069,消费80,CNY,CN10Y
2005-06-20,651.93,,,,000069,消费80,CNY,CN10Y
2005-06-21,644.73,,,,000069,消费80,CNY,CN10Y
2005-06-22,645.82,,,,000069,消费80,CNY,CN10Y
2005-06-23,639.6,,,,000069,消费80,CNY,CN10Y
2005-06-24,641.96,,,,000069,消费80,CNY,CN10Y
2005-06-27,658.38,,,,000069,消费80,CNY,CN10Y
2005-06-28,648.63,,,,000069,消费80,CNY,CN10Y
2005-06-29,647.64,,,,000069,消费80,CNY,CN10Y
2005-06-30,631.92,,,,000069,消费80,CNY,CN10Y
2005-07-01,614.6,,,,000069,消费80,CNY,CN10Y
2005-07-04,607.15,,,,000069,消费80,CNY,CN10Y
2005-07-05,605.21,,,,000069,消费80,CNY,CN10Y
2005-07-06,601.18,,,,000069,消费80,CNY,CN10Y
2005-07-07,602.58,,,,000069,消费80,CNY,CN10Y
2005-07-08,593.22,,,,000069,消费80,CNY,CN10Y
2005-07-11,590.35,,,,000069,消费80,CNY,CN10Y
2005-07-12,610.69,,,,000069,消费80,CNY,CN10Y
2005-07-13,605.25,,,,000069,消费80,CNY,CN10Y
2005-07-14,605.77,,,,000069,消费80,CNY,CN10Y
2005-07-15,596.59,,,,000069,消费80,CNY,CN10Y
2005-07-18,586.9,,,,000069,消费80,CNY,CN10Y
2005-07-19,586.88,,,,000069,消费80,CNY,CN10Y
2005-07-20,588.48,,,,000069,消费80,CNY,CN10Y
2005-07-21,585.72,,,,000069,消费80,CNY,CN10Y
2005-07-22,598.2,,,,000069,消费80,CNY,CN10Y
2005-07-25,594.57,,,,000069,消费80,CNY,CN10Y
2005-07-26,608.0,,,,000069,消费80,CNY,CN10Y
2005-07-27,621.93,,,,000069,消费80,CNY,CN10Y
2005-07-28,620.74,,,,000069,消费80,CNY,CN10Y
2005-07-29,619.48,,,,000069,消费80,CNY,CN10Y
2005-08-01,624.06,,,,000069,消费80,CNY,CN10Y
2005-08-02,630.34,,,,000069,消费80,CNY,CN10Y
2005-08-03,634.91,,,,000069,消费80,CNY,CN10Y
2005-08-04,630.84,,,,000069,消费80,CNY,CN10Y
2005-08-05,649.38,,,,000069,消费80,CNY,CN10Y
2005-08-08,654.02,,,,000069,消费80,CNY,CN10Y
2005-08-09,658.88,,,,000069,消费80,CNY,CN10Y
2005-08-10,664.31,,,,000069,消费80,CNY,CN10Y
2005-08-11,670.34,,,,000069,消费80,CNY,CN10Y
2005-08-12,662.11,,,,000069,消费80,CNY,CN10Y
2005-08-15,675.74,,,,000069,消费80,CNY,CN10Y
2005-08-16,676.7,,,,000069,消费80,CNY,CN10Y
2005-08-17,683.09,,,,000069,消费80,CNY,CN10Y
2005-08-18,661.11,,,,000069,消费80,CNY,CN10Y
2005-08-19,660.42,,,,000069,消费80,CNY,CN10Y
2005-08-22,666.08,,,,000069,消费80,CNY,CN10Y
2005-08-23,660.73,,,,000069,消费80,CNY,CN10Y
2005-08-24,667.21,,,,000069,消费80,CNY,CN10Y
2005-08-25,669.7,,,,000069,消费80,CNY,CN10Y
2005-08-26,669.22,,,,000069,消费80,CNY,CN10Y
2005-08-29,661.92,,,,000069,消费80,CNY,CN10Y
2005-08-30,660.97,,,,000069,消费80,CNY,CN10Y
2005-08-31,674.36,,,,000069,消费80,CNY,CN10Y
2005-09-01,686.01,,,,000069,消费80,CNY,CN10Y
2005-09-02,690.01,,,,000069,消费80,CNY,CN10Y
2005-09-05,697.81,,,,000069,消费80,CNY,CN10Y
2005-09-06,682.44,,,,000069,消费80,CNY,CN10Y
2005-09-07,697.01,,,,000069,消费80,CNY,CN10Y
2005-09-08,697.01,,,,000069,消费80,CNY,CN10Y
2005-09-09,693.5,,,,000069,消费80,CNY,CN10Y
2005-09-12,694.12,,,,000069,消费80,CNY,CN10Y
2005-09-13,705.97,,,,000069,消费80,CNY,CN10Y
2005-09-14,710.46,,,,000069,消费80,CNY,CN10Y
2005-09-15,711.1,,,,000069,消费80,CNY,CN10Y
2005-09-16,710.51,,,,000069,消费80,CNY,CN10Y
2005-09-19,717.92,,,,000069,消费80,CNY,CN10Y
2005-09-20,710.11,,,,000069,消费80,CNY,CN10Y
2005-09-21,696.19,,,,000069,消费80,CNY,CN10Y
2005-09-22,680.47,,,,000069,消费80,CNY,CN10Y
2005-09-23,673.94,,,,000069,消费80,CNY,CN10Y
2005-09-26,674.33,,,,000069,消费80,CNY,CN10Y
2005-09-27,666.58,,,,000069,消费80,CNY,CN10Y
2005-09-28,665.84,,,,000069,消费80,CNY,CN10Y
2005-09-29,677.67,,,,000069,消费80,CNY,CN10Y
2005-09-30,674.99,,,,000069,消费80,CNY,CN10Y
2005-10-10,665.61,,,,000069,消费80,CNY,CN10Y
2005-10-11,678.12,,,,000069,消费80,CNY,CN10Y
2005-10-12,682.15,,,,000069,消费80,CNY,CN10Y
2005-10-13,680.2,,,,000069,消费80,CNY,CN10Y
2005-10-14,671.18,,,,000069,消费80,CNY,CN10Y
2005-10-17,672.07,,,,000069,消费80,CNY,CN10Y
2005-10-18,678.07,,,,000069,消费80,CNY,CN10Y
2005-10-19,674.08,,,,000069,消费80,CNY,CN10Y
2005-10-20,671.3,,,,000069,消费80,CNY,CN10Y
2005-10-21,676.8,,,,000069,消费80,CNY,CN10Y
2005-10-24,678.07,,,,000069,消费80,CNY,CN10Y
2005-10-25,670.97,,,,000069,消费80,CNY,CN10Y
2005-10-26,657.36,,,,000069,消费80,CNY,CN10Y
2005-10-27,651.56,,,,000069,消费80,CNY,CN10Y
2005-10-28,641.3,,,,000069,消费80,CNY,CN10Y
2005-10-31,643.09,,,,000069,消费80,CNY,CN10Y
2005-11-01,642.32,,,,000069,消费80,CNY,CN10Y
2005-11-02,652.98,,,,000069,消费80,CNY,CN10Y
2005-11-03,644.87,,,,000069,消费80,CNY,CN10Y
2005-11-04,647.34,,,,000069,消费80,CNY,CN10Y
2005-11-07,651.3,,,,000069,消费80,CNY,CN10Y
2005-11-08,656.85,,,,000069,消费80,CNY,CN10Y
2005-11-09,655.12,,,,000069,消费80,CNY,CN10Y
2005-11-10,644.25,,,,000069,消费80,CNY,CN10Y
2005-11-11,645.32,,,,000069,消费80,CNY,CN10Y
2005-11-14,643.08,,,,000069,消费80,CNY,CN10Y
2005-11-15,638.45,,,,000069,消费80,CNY,CN10Y
2005-11-16,639.85,,,,000069,消费80,CNY,CN10Y
2005-11-17,638.33,,,,000069,消费80,CNY,CN10Y
2005-11-18,650.11,,,,000069,消费80,CNY,CN10Y
2005-11-21,651.58,,,,000069,消费80,CNY,CN10Y
2005-11-22,643.72,,,,000069,消费80,CNY,CN10Y
2005-11-23,647.53,,,,000069,消费80,CNY,CN10Y
2005-11-24,649.35,,,,000069,消费80,CNY,CN10Y
2005-11-25,648.68,,,,000069,消费80,CNY,CN10Y
2005-11-28,647.25,,,,000069,消费80,CNY,CN10Y
2005-11-29,638.29,,,,000069,消费80,CNY,CN10Y
2005-11-30,637.3,,,,000069,消费80,CNY,CN10Y
2005-12-01,637.7,,,,000069,消费80,CNY,CN10Y
2005-12-02,635.44,,,,000069,消费80,CNY,CN10Y
2005-12-05,620.71,,,,000069,消费80,CNY,CN10Y
2005-12-06,621.0,,,,000069,消费80,CNY,CN10Y
2005-12-07,625.12,,,,000069,消费80,CNY,CN10Y
2005-12-08,623.88,,,,000069,消费80,CNY,CN10Y
2005-12-09,632.02,,,,000069,消费80,CNY,CN10Y
2005-12-12,631.05,,,,000069,消费80,CNY,CN10Y
2005-12-13,631.45,,,,000069,消费80,CNY,CN10Y
2005-12-14,638.42,,,,000069,消费80,CNY,CN10Y
2005-12-15,638.09,,,,000069,消费80,CNY,CN10Y
2005-12-16,643.47,,,,000069,消费80,CNY,CN10Y
2005-12-19,643.65,,,,000069,消费80,CNY,CN10Y
2005-12-20,645.83,,,,000069,消费80,CNY,CN10Y
2005-12-21,641.74,,,,000069,消费80,CNY,CN10Y
2005-12-22,646.7,,,,000069,消费80,CNY,CN10Y
2005-12-23,654.16,,,,000069,消费80,CNY,CN10Y
2005-12-26,659.12,,,,000069,消费80,CNY,CN10Y
2005-12-27,658.13,,,,000069,消费80,CNY,CN10Y
2005-12-28,656.98,,,,000069,消费80,CNY,CN10Y
2005-12-29,665.84,,,,000069,消费80,CNY,CN10Y
2005-12-30,660.32,,,,000069,消费80,CNY,CN10Y
2006-01-04,663.89,,,,000069,消费80,CNY,CN10Y
2006-01-05,672.97,,,,000069,消费80,CNY,CN10Y
2006-01-06,680.04,,,,000069,消费80,CNY,CN10Y
2006-01-09,687.74,,,,000069,消费80,CNY,CN10Y
2006-01-10,686.6,,,,000069,消费80,CNY,CN10Y
2006-01-11,688.49,,,,000069,消费80,CNY,CN10Y
2006-01-12,699.37,,,,000069,消费80,CNY,CN10Y
2006-01-13,701.31,,,,000069,消费80,CNY,CN10Y
2006-01-16,688.75,,,,000069,消费80,CNY,CN10Y
2006-01-17,689.95,,,,000069,消费80,CNY,CN10Y
2006-01-18,703.54,,,,000069,消费80,CNY,CN10Y
2006-01-19,706.28,,,,000069,消费80,CNY,CN10Y
2006-01-20,708.75,,,,000069,消费80,CNY,CN10Y
2006-01-23,709.37,,,,000069,消费80,CNY,CN10Y
2006-01-24,710.97,,,,000069,消费80,CNY,CN10Y
2006-01-25,719.82,,,,000069,消费80,CNY,CN10Y
2006-02-06,733.88,,,,000069,消费80,CNY,CN10Y
2006-02-07,736.97,,,,000069,消费80,CNY,CN10Y
2006-02-08,741.51,,,,000069,消费80,CNY,CN10Y
2006-02-09,731.35,,,,000069,消费80,CNY,CN10Y
2006-02-10,741.34,,,,000069,消费80,CNY,CN10Y
2006-02-13,748.41,,,,000069,消费80,CNY,CN10Y
2006-02-14,755.5,,,,000069,消费80,CNY,CN10Y
2006-02-15,753.51,,,,000069,消费80,CNY,CN10Y
2006-02-16,732.9,,,,000069,消费80,CNY,CN10Y
2006-02-17,726.98,,,,000069,消费80,CNY,CN10Y
2006-02-20,725.18,,,,000069,消费80,CNY,CN10Y
2006-02-21,736.17,,,,000069,消费80,CNY,CN10Y
2006-02-22,734.97,,,,000069,消费80,CNY,CN10Y
2006-02-23,738.03,,,,000069,消费80,CNY,CN10Y
2006-02-24,745.87,,,,000069,消费80,CNY,CN10Y
2006-02-27,743.63,,,,000069,消费80,CNY,CN10Y
2006-02-28,747.0,,,,000069,消费80,CNY,CN10Y
2006-03-01,753.7,0.0289999999999999,,,000069,消费80,CNY,CN10Y
2006-03-02,744.9,0.0289999999999999,,,000069,消费80,CNY,CN10Y
2006-03-03,742.73,0.0287,,,000069,消费80,CNY,CN10Y
2006-03-06,740.67,0.0293,,,000069,消费80,CNY,CN10Y
2006-03-07,725.33,0.0289999999999999,,,000069,消费80,CNY,CN10Y
2006-03-08,725.05,0.0288,,,000069,消费80,CNY,CN10Y
2006-03-09,724.85,0.0288,,,000069,消费80,CNY,CN10Y
2006-03-10,729.0,0.0289,,,000069,消费80,CNY,CN10Y
2006-03-13,732.95,0.0289999999999999,,,000069,消费80,CNY,CN10Y
2006-03-14,734.65,0.0289999999999999,,,000069,消费80,CNY,CN10Y
2006-03-15,742.78,0.0291,,,000069,消费80,CNY,CN10Y
2006-03-16,743.46,0.0291,,,000069,消费80,CNY,CN10Y
2006-03-17,741.44,0.0292,,,000069,消费80,CNY,CN10Y
2006-03-20,746.7,0.0293,,,000069,消费80,CNY,CN10Y
2006-03-21,749.78,0.0292,,,000069,消费80,CNY,CN10Y
2006-03-22,753.24,0.0293,,,000069,消费80,CNY,CN10Y
2006-03-23,757.99,0.02912,,,000069,消费80,CNY,CN10Y
2006-03-24,752.41,0.0289999999999999,,,000069,消费80,CNY,CN10Y
2006-03-27,754.01,0.0292,,,000069,消费80,CNY,CN10Y
2006-03-28,759.93,0.0292,,,000069,消费80,CNY,CN10Y
2006-03-29,764.31,0.0294,,,000069,消费80,CNY,CN10Y
2006-03-30,761.57,0.0294,,,000069,消费80,CNY,CN10Y
2006-03-31,766.16,0.0294,,,000069,消费80,CNY,CN10Y
2006-04-03,778.25,0.0292,,,000069,消费80,CNY,CN10Y
2006-04-04,785.18,0.0292,,,000069,消费80,CNY,CN10Y
2006-04-05,787.83,0.0291,,,000069,消费80,CNY,CN10Y
2006-04-06,791.21,0.0294,,,000069,消费80,CNY,CN10Y
2006-04-07,798.73,0.029291,,,000069,消费80,CNY,CN10Y
2006-04-10,814.32,0.0293,,,000069,消费80,CNY,CN10Y
2006-04-11,819.39,0.0297,,,000069,消费80,CNY,CN10Y
2006-04-12,817.97,0.0298,,,000069,消费80,CNY,CN10Y
2006-04-13,796.44,0.029405,,,000069,消费80,CNY,CN10Y
2006-04-14,810.85,0.0295,,,000069,消费80,CNY,CN10Y
2006-04-17,819.11,0.0294,,,000069,消费80,CNY,CN10Y
2006-04-18,829.97,0.0301,,,000069,消费80,CNY,CN10Y
2006-04-19,837.68,0.0301,,,000069,消费80,CNY,CN10Y
2006-04-20,840.27,0.03,,,000069,消费80,CNY,CN10Y
2006-04-21,851.81,0.03048,,,000069,消费80,CNY,CN10Y
2006-04-24,861.96,0.0305,,,000069,消费80,CNY,CN10Y
2006-04-25,855.97,0.0306,,,000069,消费80,CNY,CN10Y
2006-04-26,875.15,0.0305,,,000069,消费80,CNY,CN10Y
2006-04-27,876.95,0.0301,,,000069,消费80,CNY,CN10Y
2006-04-28,897.64,0.0301,,,000069,消费80,CNY,CN10Y
2006-04-29,,0.03,,,000069,消费80,CNY,CN10Y
2006-04-30,,0.03,,,000069,消费80,CNY,CN10Y
2006-05-08,931.88,0.0302,,,000069,消费80,CNY,CN10Y
2006-05-09,962.87,0.03,,,000069,消费80,CNY,CN10Y
2006-05-10,979.34,0.03,,,000069,消费80,CNY,CN10Y
2006-05-11,973.21,0.03,,,000069,消费80,CNY,CN10Y
2006-05-12,1011.37,0.0302,,,000069,消费80,CNY,CN10Y
2006-05-15,1061.99,0.0302999999999999,,,000069,消费80,CNY,CN10Y
2006-05-16,1034.8,0.0302,,,000069,消费80,CNY,CN10Y
2006-05-17,1036.41,0.03,,,000069,消费80,CNY,CN10Y
2006-05-18,1049.42,0.03,,,000069,消费80,CNY,CN10Y
2006-05-19,1085.68,0.0299,,,000069,消费80,CNY,CN10Y
2006-05-22,1089.83,0.03,,,000069,消费80,CNY,CN10Y
2006-05-23,1037.57,0.0302,,,000069,消费80,CNY,CN10Y
2006-05-24,1015.7,0.03,,,000069,消费80,CNY,CN10Y
2006-05-25,1023.78,0.03,,,000069,消费80,CNY,CN10Y
2006-05-26,1043.66,0.03,,,000069,消费80,CNY,CN10Y
2006-05-29,1079.8,0.0302999999999999,,,000069,消费80,CNY,CN10Y
2006-05-30,1101.85,0.0302,,,000069,消费80,CNY,CN10Y
2006-05-31,1099.86,0.0302,,,000069,消费80,CNY,CN10Y
2006-06-01,1137.84,0.0302999999999999,,,000069,消费80,CNY,CN10Y
2006-06-02,1136.17,0.0305,,,000069,消费80,CNY,CN10Y
2006-06-05,1138.99,0.0302999999999999,,,000069,消费80,CNY,CN10Y
2006-06-06,1127.57,0.0302,,,000069,消费80,CNY,CN10Y
2006-06-07,1053.0,0.0305,,,000069,消费80,CNY,CN10Y
2006-06-08,1059.28,0.0305,,,000069,消费80,CNY,CN10Y
2006-06-09,1036.19,0.0302999999999999,,,000069,消费80,CNY,CN10Y
2006-06-12,1044.26,0.0305,,,000069,消费80,CNY,CN10Y
2006-06-13,1056.24,0.0308,,,000069,消费80,CNY,CN10Y
2006-06-14,1052.03,0.0308999999999999,,,000069,消费80,CNY,CN10Y
2006-06-15,1054.56,0.031,,,000069,消费80,CNY,CN10Y
2006-06-16,1081.58,0.031,,,000069,消费80,CNY,CN10Y
2006-06-19,1105.0,0.0312,,,000069,消费80,CNY,CN10Y
2006-06-20,1108.3,0.031,,,000069,消费80,CNY,CN10Y
2006-06-21,1096.82,0.0315,,,000069,消费80,CNY,CN10Y
2006-06-22,1094.23,0.0312,,,000069,消费80,CNY,CN10Y
2006-06-23,1108.48,0.0313,,,000069,消费80,CNY,CN10Y
2006-06-26,1133.32,0.0315,,,000069,消费80,CNY,CN10Y
2006-06-27,1139.09,0.0315,,,000069,消费80,CNY,CN10Y
2006-06-28,1129.98,0.0315,,,000069,消费80,CNY,CN10Y
2006-06-29,1146.56,0.0315,,,000069,消费80,CNY,CN10Y
2006-06-30,1140.03,0.03165,,,000069,消费80,CNY,CN10Y
2006-07-03,1149.98,0.03159,,,000069,消费80,CNY,CN10Y
2006-07-04,1143.98,0.0315,,,000069,消费80,CNY,CN10Y
2006-07-05,1131.48,0.0318,,,000069,消费80,CNY,CN10Y
2006-07-06,1160.13,0.03172,,,000069,消费80,CNY,CN10Y
2006-07-07,1152.65,0.0318,,,000069,消费80,CNY,CN10Y
2006-07-10,1153.71,0.031729,,,000069,消费80,CNY,CN10Y
2006-07-11,1155.93,0.0316889999999999,,,000069,消费80,CNY,CN10Y
2006-07-12,1152.96,0.032,,,000069,消费80,CNY,CN10Y
2006-07-13,1095.56,0.0323,,,000069,消费80,CNY,CN10Y
2006-07-14,1106.28,0.03235,,,000069,消费80,CNY,CN10Y
2006-07-17,1118.85,0.032,,,000069,消费80,CNY,CN10Y
2006-07-18,1119.48,0.032,,,000069,消费80,CNY,CN10Y
2006-07-19,1094.71,0.0319,,,000069,消费80,CNY,CN10Y
2006-07-20,1101.39,0.032,,,000069,消费80,CNY,CN10Y
2006-07-21,1108.88,0.032,,,000069,消费80,CNY,CN10Y
2006-07-24,1119.7,0.0325,,,000069,消费80,CNY,CN10Y
2006-07-25,1134.9,0.0324,,,000069,消费80,CNY,CN10Y
2006-07-26,1133.69,0.0325,,,000069,消费80,CNY,CN10Y
2006-07-27,1123.44,0.03275,,,000069,消费80,CNY,CN10Y
2006-07-28,1113.74,0.0325,,,000069,消费80,CNY,CN10Y
2006-07-31,1070.71,0.0326,,,000069,消费80,CNY,CN10Y
2006-08-01,1056.38,0.0325,,,000069,消费80,CNY,CN10Y
2006-08-02,1046.97,0.0325,,,000069,消费80,CNY,CN10Y
2006-08-03,1040.34,0.0324,,,000069,消费80,CNY,CN10Y
2006-08-04,1005.61,0.0325,,,000069,消费80,CNY,CN10Y
2006-08-07,987.58,0.0325,,,000069,消费80,CNY,CN10Y
2006-08-08,1013.13,0.0325,,,000069,消费80,CNY,CN10Y
2006-08-09,1014.79,0.0326,,,000069,消费80,CNY,CN10Y
2006-08-10,1029.4,0.0326,,,000069,消费80,CNY,CN10Y
2006-08-11,1031.18,0.0325499999999999,,,000069,消费80,CNY,CN10Y
2006-08-14,998.71,0.03245,,,000069,消费80,CNY,CN10Y
2006-08-15,1012.41,0.03245,,,000069,消费80,CNY,CN10Y
2006-08-16,1028.72,0.0324,,,000069,消费80,CNY,CN10Y
2006-08-17,1018.79,0.0324,,,000069,消费80,CNY,CN10Y
2006-08-18,1018.12,0.032,,,000069,消费80,CNY,CN10Y
2006-08-21,1022.48,0.0326,,,000069,消费80,CNY,CN10Y
2006-08-22,1032.69,0.03254,,,000069,消费80,CNY,CN10Y
2006-08-23,1026.01,0.03251,,,000069,消费80,CNY,CN10Y
2006-08-24,1029.54,0.03248,,,000069,消费80,CNY,CN10Y
2006-08-25,1035.39,0.032389,,,000069,消费80,CNY,CN10Y
2006-08-28,1060.34,0.03256,,,000069,消费80,CNY,CN10Y
2006-08-29,1075.89,0.0325,,,000069,消费80,CNY,CN10Y
2006-08-30,1074.59,0.0324,,,000069,消费80,CNY,CN10Y
2006-08-31,1079.7,0.03238,,,000069,消费80,CNY,CN10Y
2006-09-01,1058.17,0.0323,,,000069,消费80,CNY,CN10Y
2006-09-04,1074.86,0.0323,,,000069,消费80,CNY,CN10Y
2006-09-05,1075.95,0.03225,,,000069,消费80,CNY,CN10Y
2006-09-06,1079.41,0.0321,,,000069,消费80,CNY,CN10Y
2006-09-07,1064.41,0.03201,,,000069,消费80,CNY,CN10Y
2006-09-08,1061.95,0.032,,,000069,消费80,CNY,CN10Y
2006-09-11,1063.63,0.032,,,000069,消费80,CNY,CN10Y
2006-09-12,1066.8,0.0318,,,000069,消费80,CNY,CN10Y
2006-09-13,1053.87,0.0318,,,000069,消费80,CNY,CN10Y
2006-09-14,1058.38,0.03172,,,000069,消费80,CNY,CN10Y
2006-09-15,1072.14,0.0317,,,000069,消费80,CNY,CN10Y
2006-09-18,1079.12,0.0315499999999999,,,000069,消费80,CNY,CN10Y
2006-09-19,1083.18,0.0315,,,000069,消费80,CNY,CN10Y
2006-09-20,1084.7,0.0313,,,000069,消费80,CNY,CN10Y
2006-09-21,1095.22,0.0311,,,000069,消费80,CNY,CN10Y
2006-09-22,1089.14,0.0305,,,000069,消费80,CNY,CN10Y
2006-09-25,1092.63,0.03,,,000069,消费80,CNY,CN10Y
2006-09-26,1084.54,0.03,,,000069,消费80,CNY,CN10Y
2006-09-27,1091.99,0.03,,,000069,消费80,CNY,CN10Y
2006-09-28,1106.14,0.03,,,000069,消费80,CNY,CN10Y
2006-09-29,1116.44,0.03,,,000069,消费80,CNY,CN10Y
2006-09-30,,0.02999,,,000069,消费80,CNY,CN10Y
2006-10-08,,0.03,,,000069,消费80,CNY,CN10Y
2006-10-09,1145.45,0.03,,,000069,消费80,CNY,CN10Y
2006-10-10,1151.43,0.0299,,,000069,消费80,CNY,CN10Y
2006-10-11,1143.3,0.0297,,,000069,消费80,CNY,CN10Y
2006-10-12,1134.45,0.029552,,,000069,消费80,CNY,CN10Y
2006-10-13,1135.6,0.0295409999999999,,,000069,消费80,CNY,CN10Y
2006-10-16,1124.18,0.029567,,,000069,消费80,CNY,CN10Y
2006-10-17,1125.66,0.029533,,,000069,消费80,CNY,CN10Y
2006-10-18,1143.35,0.029535,,,000069,消费80,CNY,CN10Y
2006-10-19,1154.49,0.02954,,,000069,消费80,CNY,CN10Y
2006-10-20,1145.53,0.029523,,,000069,消费80,CNY,CN10Y
2006-10-23,1118.29,0.0294919999999999,,,000069,消费80,CNY,CN10Y
2006-10-24,1142.84,0.0293849999999999,,,000069,消费80,CNY,CN10Y
2006-10-25,1147.21,0.029498,,,000069,消费80,CNY,CN10Y
2006-10-26,1144.66,0.0293739999999999,,,000069,消费80,CNY,CN10Y
2006-10-27,1124.42,0.029397,,,000069,消费80,CNY,CN10Y
2006-10-30,1121.86,0.0294059999999999,,,000069,消费80,CNY,CN10Y
2006-10-31,1132.54,0.029512,,,000069,消费80,CNY,CN10Y
2006-11-01,1138.57,0.029545,,,000069,消费80,CNY,CN10Y
2006-11-02,1146.98,0.029557,,,000069,消费80,CNY,CN10Y
2006-11-03,1155.52,0.029561,,,000069,消费80,CNY,CN10Y
2006-11-06,1154.18,0.029844,,,000069,消费80,CNY,CN10Y
2006-11-07,1146.08,0.02989,,,000069,消费80,CNY,CN10Y
2006-11-08,1141.63,0.029781,,,000069,消费80,CNY,CN10Y
2006-11-09,1151.34,0.02972,,,000069,消费80,CNY,CN10Y
2006-11-10,1132.22,0.0295949999999999,,,000069,消费80,CNY,CN10Y
2006-11-13,1104.92,0.029494,,,000069,消费80,CNY,CN10Y
2006-11-14,1118.28,0.029682,,,000069,消费80,CNY,CN10Y
2006-11-15,1146.97,0.029688,,,000069,消费80,CNY,CN10Y
2006-11-16,1142.2,0.029725,,,000069,消费80,CNY,CN10Y
2006-11-17,1159.76,0.029632,,,000069,消费80,CNY,CN10Y
2006-11-20,1163.92,0.029806,,,000069,消费80,CNY,CN10Y
2006-11-21,1176.18,0.029785,,,000069,消费80,CNY,CN10Y
2006-11-22,1181.95,0.030518,,,000069,消费80,CNY,CN10Y
2006-11-23,1183.1,0.030609,,,000069,消费80,CNY,CN10Y
2006-11-24,1200.09,0.030655,,,000069,消费80,CNY,CN10Y
2006-11-27,1224.39,0.0302,,,000069,消费80,CNY,CN10Y
2006-11-28,1221.48,0.029886,,,000069,消费80,CNY,CN10Y
2006-11-29,1243.37,0.029811,,,000069,消费80,CNY,CN10Y
2006-11-30,1268.61,0.029781,,,000069,消费80,CNY,CN10Y
2006-12-01,1284.58,0.0299359999999999,,,000069,消费80,CNY,CN10Y
2006-12-04,1308.52,0.029895,,,000069,消费80,CNY,CN10Y
2006-12-05,1306.13,0.029912,,,000069,消费80,CNY,CN10Y
2006-12-06,1284.12,0.029851,,,000069,消费80,CNY,CN10Y
2006-12-07,1277.36,0.0299469999999999,,,000069,消费80,CNY,CN10Y
2006-12-08,1232.81,0.030351,,,000069,消费80,CNY,CN10Y
2006-12-11,1277.6,0.030527,,,000069,消费80,CNY,CN10Y
2006-12-12,1287.0,0.030393,,,000069,消费80,CNY,CN10Y
2006-12-13,1293.53,0.030461,,,000069,消费80,CNY,CN10Y
2006-12-14,1334.15,0.030335,,,000069,消费80,CNY,CN10Y
2006-12-15,1355.15,0.030402,,,000069,消费80,CNY,CN10Y
2006-12-18,1399.51,0.030307,,,000069,消费80,CNY,CN10Y
2006-12-19,1409.85,0.030232,,,000069,消费80,CNY,CN10Y
2006-12-20,1436.38,0.030267,,,000069,消费80,CNY,CN10Y
2006-12-21,1409.99,0.0301989999999999,,,000069,消费80,CNY,CN10Y
2006-12-22,1395.65,0.030364,,,000069,消费80,CNY,CN10Y
2006-12-25,1414.02,0.030408,,,000069,消费80,CNY,CN10Y
2006-12-26,1408.27,0.030419,,,000069,消费80,CNY,CN10Y
2006-12-27,1430.03,0.030408,,,000069,消费80,CNY,CN10Y
2006-12-28,1410.22,0.03026,,,000069,消费80,CNY,CN10Y
2006-12-29,1442.95,0.030202,,,000069,消费80,CNY,CN10Y
2006-12-30,,0.0302039999999999,,,000069,消费80,CNY,CN10Y
2006-12-31,,0.030269,,,000069,消费80,CNY,CN10Y
2007-01-04,1444.72,0.030239,,,000069,消费80,CNY,CN10Y
2007-01-05,1469.12,0.030211,,,000069,消费80,CNY,CN10Y
2007-01-08,1525.74,0.030356,,,000069,消费80,CNY,CN10Y
2007-01-09,1564.24,0.0302309999999999,,,000069,消费80,CNY,CN10Y
2007-01-10,1593.41,0.030102,,,000069,消费80,CNY,CN10Y
2007-01-11,1600.74,0.030047,,,000069,消费80,CNY,CN10Y
2007-01-12,1571.61,0.030202,,,000069,消费80,CNY,CN10Y
2007-01-15,1661.36,0.030167,,,000069,消费80,CNY,CN10Y
2007-01-16,1731.58,0.030175,,,000069,消费80,CNY,CN10Y
2007-01-17,1731.89,0.0301759999999999,,,000069,消费80,CNY,CN10Y
2007-01-18,1797.22,0.0302729999999999,,,000069,消费80,CNY,CN10Y
2007-01-19,1877.6,0.03032,,,000069,消费80,CNY,CN10Y
2007-01-22,1945.42,0.030277,,,000069,消费80,CNY,CN10Y
2007-01-23,1892.06,0.030373,,,000069,消费80,CNY,CN10Y
2007-01-24,1908.53,0.030267,,,000069,消费80,CNY,CN10Y
2007-01-25,1828.6,0.03032,,,000069,消费80,CNY,CN10Y
2007-01-26,1843.01,0.0303739999999999,,,000069,消费80,CNY,CN10Y
2007-01-29,1878.1,0.030427,,,000069,消费80,CNY,CN10Y
2007-01-30,1872.71,0.030559,,,000069,消费80,CNY,CN10Y
2007-01-31,1763.26,0.030671,,,000069,消费80,CNY,CN10Y
2007-02-01,1783.43,0.030676,,,000069,消费80,CNY,CN10Y
2007-02-02,1723.72,0.030598,,,000069,消费80,CNY,CN10Y
2007-02-05,1715.49,0.0307649999999999,,,000069,消费80,CNY,CN10Y
2007-02-06,1737.92,0.030705,,,000069,消费80,CNY,CN10Y
2007-02-07,1775.89,0.030704,,,000069,消费80,CNY,CN10Y
2007-02-08,1812.82,0.0308139999999999,,,000069,消费80,CNY,CN10Y
2007-02-09,1803.53,0.031171,,,000069,消费80,CNY,CN10Y
2007-02-12,1858.51,0.031355,,,000069,消费80,CNY,CN10Y
2007-02-13,1891.92,0.031367,,,000069,消费80,CNY,CN10Y
2007-02-14,1927.47,0.03137,,,000069,消费80,CNY,CN10Y
2007-02-15,1996.17,0.031365,,,000069,消费80,CNY,CN10Y
2007-02-16,2012.15,0.031361,,,000069,消费80,CNY,CN10Y
2007-02-17,,0.0311,,,000069,消费80,CNY,CN10Y
2007-02-25,,0.0311,,,000069,消费80,CNY,CN10Y
2007-02-26,2039.32,0.0312,,,000069,消费80,CNY,CN10Y
2007-02-27,1841.82,0.0314679999999999,,,000069,消费80,CNY,CN10Y
2007-02-28,1886.6,0.031466,,,000069,消费80,CNY,CN10Y
2007-03-01,1848.63,0.031553,,,000069,消费80,CNY,CN10Y
2007-03-02,1874.09,0.0316829999999999,,,000069,消费80,CNY,CN10Y
2007-03-05,1872.78,0.031726,,,000069,消费80,CNY,CN10Y
2007-03-06,1889.37,0.03179,,,000069,消费80,CNY,CN10Y
2007-03-07,1936.78,0.0319,,,000069,消费80,CNY,CN10Y
2007-03-08,1957.95,0.032192,,,000069,消费80,CNY,CN10Y
2007-03-09,1933.92,0.03223,,,000069,消费80,CNY,CN10Y
2007-03-12,1957.32,0.032278,,,000069,消费80,CNY,CN10Y
2007-03-13,1970.05,0.0320509999999999,,,000069,消费80,CNY,CN10Y
2007-03-14,1949.55,0.032332,,,000069,消费80,CNY,CN10Y
2007-03-15,1986.4,0.0328759999999999,,,000069,消费80,CNY,CN10Y
2007-03-16,1939.64,0.0330419999999999,,,000069,消费80,CNY,CN10Y
2007-03-19,1946.15,0.03337,,,000069,消费80,CNY,CN10Y
2007-03-20,1952.52,0.0336,,,000069,消费80,CNY,CN10Y
2007-03-21,1989.46,0.034,,,000069,消费80,CNY,CN10Y
2007-03-22,1991.97,0.03395,,,000069,消费80,CNY,CN10Y
2007-03-23,2005.18,0.034235,,,000069,消费80,CNY,CN10Y
2007-03-26,2060.05,0.0342,,,000069,消费80,CNY,CN10Y
2007-03-27,2086.8,0.0342,,,000069,消费80,CNY,CN10Y
2007-03-28,2072.32,0.034245,,,000069,消费80,CNY,CN10Y
2007-03-29,2031.92,0.034386,,,000069,消费80,CNY,CN10Y
2007-03-30,2034.93,0.034338,,,000069,消费80,CNY,CN10Y
2007-04-02,2072.58,0.0343,,,000069,消费80,CNY,CN10Y
2007-04-03,2105.05,0.034277,,,000069,消费80,CNY,CN10Y
2007-04-04,2138.08,0.0344,,,000069,消费80,CNY,CN10Y
2007-04-05,2159.38,0.034441,,,000069,消费80,CNY,CN10Y
2007-04-06,2185.12,0.034615,,,000069,消费80,CNY,CN10Y
2007-04-09,2227.35,0.03488,,,000069,消费80,CNY,CN10Y
2007-04-10,2229.39,0.034829,,,000069,消费80,CNY,CN10Y
2007-04-11,2234.47,0.0349299999999999,,,000069,消费80,CNY,CN10Y
2007-04-12,2290.66,0.0349359999999999,,,000069,消费80,CNY,CN10Y
2007-04-13,2297.48,0.035202,,,000069,消费80,CNY,CN10Y
2007-04-16,2358.92,0.035327,,,000069,消费80,CNY,CN10Y
2007-04-17,2391.66,0.035391,,,000069,消费80,CNY,CN10Y
2007-04-18,2419.85,0.0356,,,000069,消费80,CNY,CN10Y
2007-04-19,2298.8,0.0356999999999999,,,000069,消费80,CNY,CN10Y
2007-04-20,2411.9,0.0358,,,000069,消费80,CNY,CN10Y
2007-04-23,2517.25,0.0359,,,000069,消费80,CNY,CN10Y
2007-04-24,2549.38,0.036139,,,000069,消费80,CNY,CN10Y
2007-04-25,2548.69,0.036349,,,000069,消费80,CNY,CN10Y
2007-04-26,2594.54,0.035931,,,000069,消费80,CNY,CN10Y
2007-04-27,2601.69,0.035914,,,000069,消费80,CNY,CN10Y
2007-04-28,,0.035883,,,000069,消费80,CNY,CN10Y
2007-04-29,,0.0358,,,000069,消费80,CNY,CN10Y
2007-04-30,2697.79,0.035916,,,000069,消费80,CNY,CN10Y
2007-05-08,2804.63,0.035933,,,000069,消费80,CNY,CN10Y
2007-05-09,2769.17,0.035906,,,000069,消费80,CNY,CN10Y
2007-05-10,2758.24,0.0363,,,000069,消费80,CNY,CN10Y
2007-05-11,2740.9,0.0368,,,000069,消费80,CNY,CN10Y
2007-05-14,2747.28,0.037,,,000069,消费80,CNY,CN10Y
2007-05-15,2650.18,0.037992,,,000069,消费80,CNY,CN10Y
2007-05-16,2775.42,0.0383,,,000069,消费80,CNY,CN10Y
2007-05-17,2837.59,0.0383,,,000069,消费80,CNY,CN10Y
2007-05-18,2841.59,0.0383,,,000069,消费80,CNY,CN10Y
2007-05-21,2896.49,0.03966,,,000069,消费80,CNY,CN10Y
2007-05-22,2929.93,0.0405,,,000069,消费80,CNY,CN10Y
2007-05-23,3005.39,0.04064,,,000069,消费80,CNY,CN10Y
2007-05-24,2984.8,0.0403,,,000069,消费80,CNY,CN10Y
2007-05-25,3065.26,0.0405,,,000069,消费80,CNY,CN10Y
2007-05-28,3123.69,0.0407,,,000069,消费80,CNY,CN10Y
2007-05-29,3209.13,0.0408,,,000069,消费80,CNY,CN10Y
2007-05-30,2977.32,0.0407,,,000069,消费80,CNY,CN10Y
2007-05-31,2944.73,0.0406,,,000069,消费80,CNY,CN10Y
2007-06-01,2831.21,0.0408,,,000069,消费80,CNY,CN10Y
2007-06-04,2601.4,0.041393,,,000069,消费80,CNY,CN10Y
2007-06-05,2676.51,0.041309,,,000069,消费80,CNY,CN10Y
2007-06-06,2697.03,0.041442,,,000069,消费80,CNY,CN10Y
2007-06-07,2825.34,0.041427,,,000069,消费80,CNY,CN10Y
2007-06-08,2861.86,0.041624,,,000069,消费80,CNY,CN10Y
2007-06-11,2964.07,0.0413759999999999,,,000069,消费80,CNY,CN10Y
2007-06-12,3074.17,0.042199,,,000069,消费80,CNY,CN10Y
2007-06-13,3125.43,0.04232,,,000069,消费80,CNY,CN10Y
2007-06-14,3130.04,0.042669,,,000069,消费80,CNY,CN10Y
2007-06-15,3154.09,0.043483,,,000069,消费80,CNY,CN10Y
2007-06-18,3233.52,0.043496,,,000069,消费80,CNY,CN10Y
2007-06-19,3277.39,0.0439689999999999,,,000069,消费80,CNY,CN10Y
2007-06-20,3217.12,0.044408,,,000069,消费80,CNY,CN10Y
2007-06-21,3223.35,0.0447,,,000069,消费80,CNY,CN10Y
2007-06-22,3074.23,0.0444,,,000069,消费80,CNY,CN10Y
2007-06-25,2899.63,0.0441999999999999,,,000069,消费80,CNY,CN10Y
2007-06-26,2965.55,0.044,,,000069,消费80,CNY,CN10Y
2007-06-27,3047.95,0.043985,,,000069,消费80,CNY,CN10Y
2007-06-28,2864.13,0.044538,,,000069,消费80,CNY,CN10Y
2007-06-29,2749.83,0.0445,,,000069,消费80,CNY,CN10Y
2007-07-02,2755.86,0.0445,,,000069,消费80,CNY,CN10Y
2007-07-03,2802.88,0.044726,,,000069,消费80,CNY,CN10Y
2007-07-04,2749.35,0.044745,,,000069,消费80,CNY,CN10Y
2007-07-05,2584.87,0.04475,,,000069,消费80,CNY,CN10Y
2007-07-06,2734.89,0.044261,,,000069,消费80,CNY,CN10Y
2007-07-09,2815.87,0.044172,,,000069,消费80,CNY,CN10Y
2007-07-10,2748.68,0.044896,,,000069,消费80,CNY,CN10Y
2007-07-11,2760.5,0.0447729999999999,,,000069,消费80,CNY,CN10Y
2007-07-12,2760.11,0.044777,,,000069,消费80,CNY,CN10Y
2007-07-13,2753.61,0.044634,,,000069,消费80,CNY,CN10Y
2007-07-16,2653.78,0.0445399999999999,,,000069,消费80,CNY,CN10Y
2007-07-17,2696.5,0.044542,,,000069,消费80,CNY,CN10Y
2007-07-18,2710.93,0.0445469999999999,,,000069,消费80,CNY,CN10Y
2007-07-19,2727.67,0.04455,,,000069,消费80,CNY,CN10Y
2007-07-20,2823.65,0.044551,,,000069,消费80,CNY,CN10Y
2007-07-23,2966.32,0.04477,,,000069,消费80,CNY,CN10Y
2007-07-24,2956.05,0.0446509999999999,,,000069,消费80,CNY,CN10Y
2007-07-25,3008.95,0.0433,,,000069,消费80,CNY,CN10Y
2007-07-26,3073.26,0.043086,,,000069,消费80,CNY,CN10Y
2007-07-27,3096.76,0.043399,,,000069,消费80,CNY,CN10Y
2007-07-30,3164.04,0.042848,,,000069,消费80,CNY,CN10Y
2007-07-31,3206.05,0.0434009999999999,,,000069,消费80,CNY,CN10Y
2007-08-01,3058.42,0.042857,,,000069,消费80,CNY,CN10Y
2007-08-02,3144.46,0.042594,,,000069,消费80,CNY,CN10Y
2007-08-03,3207.72,0.042855,,,000069,消费80,CNY,CN10Y
2007-08-06,3275.78,0.043861,,,000069,消费80,CNY,CN10Y
2007-08-07,3276.65,0.043775,,,000069,消费80,CNY,CN10Y
2007-08-08,3241.3,0.043166,,,000069,消费80,CNY,CN10Y
2007-08-09,3272.58,0.043178,,,000069,消费80,CNY,CN10Y
2007-08-10,3193.14,0.043378,,,000069,消费80,CNY,CN10Y
2007-08-13,3158.09,0.04357,,,000069,消费80,CNY,CN10Y
2007-08-14,3233.92,0.0435679999999999,,,000069,消费80,CNY,CN10Y
2007-08-15,3222.32,0.0435409999999999,,,000069,消费80,CNY,CN10Y
2007-08-16,3213.47,0.043529,,,000069,消费80,CNY,CN10Y
2007-08-17,3186.64,0.043038,,,000069,消费80,CNY,CN10Y
2007-08-20,3323.4,0.042636,,,000069,消费80,CNY,CN10Y
2007-08-21,3360.09,0.042445,,,000069,消费80,CNY,CN10Y
2007-08-22,3410.86,0.04227,,,000069,消费80,CNY,CN10Y
2007-08-23,3445.43,0.042064,,,000069,消费80,CNY,CN10Y
2007-08-24,3438.94,0.042164,,,000069,消费80,CNY,CN10Y
2007-08-27,3429.34,0.04136,,,000069,消费80,CNY,CN10Y
2007-08-28,3401.39,0.042049,,,000069,消费80,CNY,CN10Y
2007-08-29,3345.29,0.042766,,,000069,消费80,CNY,CN10Y
2007-08-30,3436.43,0.042739,,,000069,消费80,CNY,CN10Y
2007-08-31,3465.97,0.042743,,,000069,消费80,CNY,CN10Y
2007-09-03,3542.95,0.04235,,,000069,消费80,CNY,CN10Y
2007-09-04,3503.05,0.042328,,,000069,消费80,CNY,CN10Y
2007-09-05,3525.84,0.04244,,,000069,消费80,CNY,CN10Y
2007-09-06,3543.45,0.0426769999999999,,,000069,消费80,CNY,CN10Y
2007-09-07,3485.9,0.042872,,,000069,消费80,CNY,CN10Y
2007-09-10,3545.99,0.042946,,,000069,消费80,CNY,CN10Y
2007-09-11,3371.88,0.043615,,,000069,消费80,CNY,CN10Y
2007-09-12,3414.29,0.043788,,,000069,消费80,CNY,CN10Y
2007-09-13,3434.43,0.043892,,,000069,消费80,CNY,CN10Y
2007-09-14,3475.54,0.044893,,,000069,消费80,CNY,CN10Y
2007-09-17,3531.98,0.0454209999999999,,,000069,消费80,CNY,CN10Y
2007-09-18,3528.87,0.045436,,,000069,消费80,CNY,CN10Y
2007-09-19,3452.78,0.0454739999999999,,,000069,消费80,CNY,CN10Y
2007-09-20,3496.38,0.045477,,,000069,消费80,CNY,CN10Y
2007-09-21,3471.84,0.04495,,,000069,消费80,CNY,CN10Y
2007-09-24,3439.33,0.04493,,,000069,消费80,CNY,CN10Y
2007-09-25,3425.85,0.044859,,,000069,消费80,CNY,CN10Y
2007-09-26,3385.01,0.04445,,,000069,消费80,CNY,CN10Y
2007-09-27,3412.72,0.0441999999999999,,,000069,消费80,CNY,CN10Y
2007-09-28,3482.2,0.0438999999999999,,,000069,消费80,CNY,CN10Y
2007-09-29,,0.04396,,,000069,消费80,CNY,CN10Y
2007-09-30,,0.043877,,,000069,消费80,CNY,CN10Y
2007-10-08,3438.31,0.0436639999999999,,,000069,消费80,CNY,CN10Y
2007-10-09,3502.44,0.0437,,,000069,消费80,CNY,CN10Y
2007-10-10,3490.7,0.043737,,,000069,消费80,CNY,CN10Y
2007-10-11,3440.15,0.043732,,,000069,消费80,CNY,CN10Y
2007-10-12,3407.61,0.043723,,,000069,消费80,CNY,CN10Y
2007-10-15,3461.79,0.043746,,,000069,消费80,CNY,CN10Y
2007-10-16,3467.76,0.043743,,,000069,消费80,CNY,CN10Y
2007-10-17,3431.48,0.0445,,,000069,消费80,CNY,CN10Y
2007-10-18,3351.25,0.0446,,,000069,消费80,CNY,CN10Y
2007-10-19,3330.05,0.0447,,,000069,消费80,CNY,CN10Y
2007-10-22,3241.69,0.0448,,,000069,消费80,CNY,CN10Y
2007-10-23,3270.91,0.04485,,,000069,消费80,CNY,CN10Y
2007-10-24,3226.13,0.04485,,,000069,消费80,CNY,CN10Y
2007-10-25,3041.22,0.04485,,,000069,消费80,CNY,CN10Y
2007-10-26,3014.19,0.04485,,,000069,消费80,CNY,CN10Y
2007-10-29,3035.99,0.0448,,,000069,消费80,CNY,CN10Y
2007-10-30,3072.78,0.04484,,,000069,消费80,CNY,CN10Y
2007-10-31,3184.17,0.044937,,,000069,消费80,CNY,CN10Y
2007-11-01,3066.65,0.045,,,000069,消费80,CNY,CN10Y
2007-11-02,2992.62,0.045,,,000069,消费80,CNY,CN10Y
2007-11-05,3021.06,0.045263,,,000069,消费80,CNY,CN10Y
2007-11-06,3036.84,0.045248,,,000069,消费80,CNY,CN10Y
2007-11-07,3025.06,0.045441,,,000069,消费80,CNY,CN10Y
2007-11-08,2909.28,0.045441,,,000069,消费80,CNY,CN10Y
2007-11-09,2871.07,0.045743,,,000069,消费80,CNY,CN10Y
2007-11-12,2831.64,0.0458629999999999,,,000069,消费80,CNY,CN10Y
2007-11-13,2855.82,0.045861,,,000069,消费80,CNY,CN10Y
2007-11-14,2963.83,0.045922,,,000069,消费80,CNY,CN10Y
2007-11-15,2927.42,0.045973,,,000069,消费80,CNY,CN10Y
2007-11-16,2927.24,0.045974,,,000069,消费80,CNY,CN10Y
2007-11-19,3002.55,0.045822,,,000069,消费80,CNY,CN10Y
2007-11-20,3039.74,0.045569,,,000069,消费80,CNY,CN10Y
2007-11-21,3005.94,0.04545,,,000069,消费80,CNY,CN10Y
2007-11-22,2879.81,0.0455,,,000069,消费80,CNY,CN10Y
2007-11-23,2920.82,0.0454,,,000069,消费80,CNY,CN10Y
2007-11-26,2914.04,0.04535,,,000069,消费80,CNY,CN10Y
2007-11-27,2894.99,0.045247,,,000069,消费80,CNY,CN10Y
2007-11-28,2863.8,0.045089,,,000069,消费80,CNY,CN10Y
2007-11-29,2920.14,0.045084,,,000069,消费80,CNY,CN10Y
2007-11-30,2873.84,0.045086,,,000069,消费80,CNY,CN10Y
2007-12-03,2889.17,0.045085,,,000069,消费80,CNY,CN10Y
2007-12-04,2900.48,0.045085,,,000069,消费80,CNY,CN10Y
2007-12-05,2967.93,0.045096,,,000069,消费80,CNY,CN10Y
2007-12-06,2991.92,0.045038,,,000069,消费80,CNY,CN10Y
2007-12-07,3062.22,0.045043,,,000069,消费80,CNY,CN10Y
2007-12-10,3153.3,0.044996,,,000069,消费80,CNY,CN10Y
2007-12-11,3207.88,0.0451159999999999,,,000069,消费80,CNY,CN10Y
2007-12-12,3224.85,0.045118,,,000069,消费80,CNY,CN10Y
2007-12-13,3120.26,0.045067,,,000069,消费80,CNY,CN10Y
2007-12-14,3246.08,0.044251,,,000069,消费80,CNY,CN10Y
2007-12-17,3272.53,0.044282,,,000069,消费80,CNY,CN10Y
2007-12-18,3205.24,0.044279,,,000069,消费80,CNY,CN10Y
2007-12-19,3253.55,0.04428,,,000069,消费80,CNY,CN10Y
2007-12-20,3292.65,0.044282,,,000069,消费80,CNY,CN10Y
2007-12-21,3347.6,0.044526,,,000069,消费80,CNY,CN10Y
2007-12-24,3388.68,0.044517,,,000069,消费80,CNY,CN10Y
2007-12-25,3431.2,0.044528,,,000069,消费80,CNY,CN10Y
2007-12-26,3493.81,0.044541,,,000069,消费80,CNY,CN10Y
2007-12-27,3515.92,0.044005,,,000069,消费80,CNY,CN10Y
2007-12-28,3504.2,0.044357,,,000069,消费80,CNY,CN10Y
2007-12-29,,0.044253,,,000069,消费80,CNY,CN10Y
2008-01-02,3596.48,0.044363,,,000069,消费80,CNY,CN10Y
2008-01-03,3628.85,0.044263,,,000069,消费80,CNY,CN10Y
2008-01-04,3622.94,0.044013,,,000069,消费80,CNY,CN10Y
2008-01-07,3631.9,0.043948,,,000069,消费80,CNY,CN10Y
2008-01-08,3572.68,0.044024,,,000069,消费80,CNY,CN10Y
2008-01-09,3629.28,0.044022,,,000069,消费80,CNY,CN10Y
2008-01-10,3649.67,0.0440669999999999,,,000069,消费80,CNY,CN10Y
2008-01-11,3632.3,0.043893,,,000069,消费80,CNY,CN10Y
2008-01-14,3698.04,0.04402,,,000069,消费80,CNY,CN10Y
2008-01-15,3723.23,0.044022,,,000069,消费80,CNY,CN10Y
2008-01-16,3671.78,0.044028,,,000069,消费80,CNY,CN10Y
2008-01-17,3582.3,0.043978,,,000069,消费80,CNY,CN10Y
2008-01-18,3592.07,0.0440299999999999,,,000069,消费80,CNY,CN10Y
2008-01-21,3437.02,0.0437769999999999,,,000069,消费80,CNY,CN10Y
2008-01-22,3198.18,0.0436789999999999,,,000069,消费80,CNY,CN10Y
2008-01-23,3377.3,0.042883,,,000069,消费80,CNY,CN10Y
2008-01-24,3458.96,0.042433,,,000069,消费80,CNY,CN10Y
2008-01-25,3458.16,0.04244,,,000069,消费80,CNY,CN10Y
2008-01-28,3244.66,0.042226,,,000069,消费80,CNY,CN10Y
2008-01-29,3288.06,0.042539,,,000069,消费80,CNY,CN10Y
2008-01-30,3283.81,0.042502,,,000069,消费80,CNY,CN10Y
2008-01-31,3179.29,0.0419369999999999,,,000069,消费80,CNY,CN10Y
2008-02-01,3076.8,0.041308,,,000069,消费80,CNY,CN10Y
2008-02-02,,0.041307,,,000069,消费80,CNY,CN10Y
2008-02-03,,0.041309,,,000069,消费80,CNY,CN10Y
2008-02-04,3301.31,0.041311,,,000069,消费80,CNY,CN10Y
2008-02-05,3281.67,0.041458,,,000069,消费80,CNY,CN10Y
2008-02-13,3240.55,0.041559,,,000069,消费80,CNY,CN10Y
2008-02-14,3284.79,0.041561,,,000069,消费80,CNY,CN10Y
2008-02-15,3248.57,0.041791,,,000069,消费80,CNY,CN10Y
2008-02-18,3346.03,0.041924,,,000069,消费80,CNY,CN10Y
2008-02-19,3400.77,0.042176,,,000069,消费80,CNY,CN10Y
2008-02-20,3372.0,0.041744,,,000069,消费80,CNY,CN10Y
2008-02-21,3393.0,0.041818,,,000069,消费80,CNY,CN10Y
2008-02-22,3334.69,0.0416,,,000069,消费80,CNY,CN10Y
2008-02-25,3227.97,0.041439,,,000069,消费80,CNY,CN10Y
2008-02-26,3190.92,0.041413,,,000069,消费80,CNY,CN10Y
2008-02-27,3265.91,0.041436,,,000069,消费80,CNY,CN10Y
2008-02-28,3256.41,0.041283,,,000069,消费80,CNY,CN10Y
2008-02-29,3299.1,0.041283,,,000069,消费80,CNY,CN10Y
2008-03-03,3430.2,0.0412849999999999,,,000069,消费80,CNY,CN10Y
2008-03-04,3431.63,0.041521,,,000069,消费80,CNY,CN10Y
2008-03-05,3447.59,0.041635,,,000069,消费80,CNY,CN10Y
2008-03-06,3460.03,0.041768,,,000069,消费80,CNY,CN10Y
2008-03-07,3399.76,0.04176,,,000069,消费80,CNY,CN10Y
2008-03-10,3277.75,0.041768,,,000069,消费80,CNY,CN10Y
2008-03-11,3314.45,0.041953,,,000069,消费80,CNY,CN10Y
2008-03-12,3229.18,0.041954,,,000069,消费80,CNY,CN10Y
2008-03-13,3130.7,0.0417,,,000069,消费80,CNY,CN10Y
2008-03-14,3091.27,0.0415,,,000069,消费80,CNY,CN10Y
2008-03-17,2900.61,0.0412479999999999,,,000069,消费80,CNY,CN10Y
2008-03-18,2706.06,0.041151,,,000069,消费80,CNY,CN10Y
2008-03-19,2802.33,0.04075,,,000069,消费80,CNY,CN10Y
2008-03-20,2907.56,0.0408,,,000069,消费80,CNY,CN10Y
2008-03-21,2926.03,0.0408,,,000069,消费80,CNY,CN10Y
2008-03-24,2840.43,0.04077,,,000069,消费80,CNY,CN10Y
2008-03-25,2864.1,0.040511,,,000069,消费80,CNY,CN10Y
2008-03-26,2844.16,0.040404,,,000069,消费80,CNY,CN10Y
2008-03-27,2710.01,0.040008,,,000069,消费80,CNY,CN10Y
2008-03-28,2795.08,0.040116,,,000069,消费80,CNY,CN10Y
2008-03-31,2694.32,0.04046,,,000069,消费80,CNY,CN10Y
2008-04-01,2514.56,0.040563,,,000069,消费80,CNY,CN10Y
2008-04-02,2417.08,0.040517,,,000069,消费80,CNY,CN10Y
2008-04-03,2468.08,0.040444,,,000069,消费80,CNY,CN10Y
2008-04-07,2615.02,0.04045,,,000069,消费80,CNY,CN10Y
2008-04-08,2674.77,0.0404509999999999,,,000069,消费80,CNY,CN10Y
2008-04-09,2526.52,0.0404509999999999,,,000069,消费80,CNY,CN10Y
2008-04-10,2578.12,0.0404049999999999,,,000069,消费80,CNY,CN10Y
2008-04-11,2607.26,0.040457,,,000069,消费80,CNY,CN10Y
2008-04-14,2467.29,0.040436,,,000069,消费80,CNY,CN10Y
2008-04-15,2532.92,0.040244,,,000069,消费80,CNY,CN10Y
2008-04-16,2485.89,0.040184,,,000069,消费80,CNY,CN10Y
2008-04-17,2414.55,0.040185,,,000069,消费80,CNY,CN10Y
2008-04-18,2341.85,0.0400849999999999,,,000069,消费80,CNY,CN10Y
2008-04-21,2337.94,0.040087,,,000069,消费80,CNY,CN10Y
2008-04-22,2290.5,0.04009,,,000069,消费80,CNY,CN10Y
2008-04-23,2383.26,0.040244,,,000069,消费80,CNY,CN10Y
2008-04-24,2595.93,0.040601,,,000069,消费80,CNY,CN10Y
2008-04-25,2611.94,0.040654,,,000069,消费80,CNY,CN10Y
2008-04-28,2618.92,0.040707,,,000069,消费80,CNY,CN10Y
2008-04-29,2626.31,0.040736,,,000069,消费80,CNY,CN10Y
2008-04-30,2733.77,0.040725,,,000069,消费80,CNY,CN10Y
2008-05-04,,0.040704,,,000069,消费80,CNY,CN10Y
2008-05-05,2806.47,0.040631,,,000069,消费80,CNY,CN10Y
2008-05-06,2786.4,0.040632,,,000069,消费80,CNY,CN10Y
2008-05-07,2667.32,0.04135,,,000069,消费80,CNY,CN10Y
2008-05-08,2751.47,0.041253,,,000069,消费80,CNY,CN10Y
2008-05-09,2760.7,0.04121,,,000069,消费80,CNY,CN10Y
2008-05-12,2817.79,0.041517,,,000069,消费80,CNY,CN10Y
2008-05-13,2820.57,0.041486,,,000069,消费80,CNY,CN10Y
2008-05-14,2856.07,0.041653,,,000069,消费80,CNY,CN10Y
2008-05-15,2819.99,0.041691,,,000069,消费80,CNY,CN10Y
2008-05-16,2786.69,0.041493,,,000069,消费80,CNY,CN10Y
2008-05-19,2767.15,0.041669,,,000069,消费80,CNY,CN10Y
2008-05-20,2601.27,0.041676,,,000069,消费80,CNY,CN10Y
2008-05-21,2646.61,0.041677,,,000069,消费80,CNY,CN10Y
2008-05-22,2602.37,0.041631,,,000069,消费80,CNY,CN10Y
2008-05-23,2575.24,0.0416319999999999,,,000069,消费80,CNY,CN10Y
2008-05-26,2518.5,0.041636,,,000069,消费80,CNY,CN10Y
2008-05-27,2518.58,0.041618,,,000069,消费80,CNY,CN10Y
2008-05-28,2581.73,0.041676,,,000069,消费80,CNY,CN10Y
2008-05-29,2516.37,0.041636,,,000069,消费80,CNY,CN10Y
2008-05-30,2523.76,0.041589,,,000069,消费80,CNY,CN10Y
2008-06-02,2544.06,0.041626,,,000069,消费80,CNY,CN10Y
2008-06-03,2542.6,0.041588,,,000069,消费80,CNY,CN10Y
2008-06-04,2491.74,0.041589,,,000069,消费80,CNY,CN10Y
2008-06-05,2467.38,0.0415909999999999,,,000069,消费80,CNY,CN10Y
2008-06-06,2452.42,0.0416169999999999,,,000069,消费80,CNY,CN10Y
2008-06-10,2258.26,0.042069,,,000069,消费80,CNY,CN10Y
2008-06-11,2220.87,0.043193,,,000069,消费80,CNY,CN10Y
2008-06-12,2189.56,0.043009,,,000069,消费80,CNY,CN10Y
2008-06-13,2105.5,0.043128,,,000069,消费80,CNY,CN10Y
2008-06-16,2057.05,0.0431789999999999,,,000069,消费80,CNY,CN10Y
2008-06-17,1963.61,0.043354,,,000069,消费80,CNY,CN10Y
2008-06-18,2061.17,0.043356,,,000069,消费80,CNY,CN10Y
2008-06-19,1905.26,0.043358,,,000069,消费80,CNY,CN10Y
2008-06-20,1958.24,0.0442129999999999,,,000069,消费80,CNY,CN10Y
2008-06-23,1915.5,0.044716,,,000069,消费80,CNY,CN10Y
2008-06-24,1972.05,0.044626,,,000069,消费80,CNY,CN10Y
2008-06-25,2078.59,0.044582,,,000069,消费80,CNY,CN10Y
2008-06-26,2100.72,0.045182,,,000069,消费80,CNY,CN10Y
2008-06-27,1986.2,0.0455799999999999,,,000069,消费80,CNY,CN10Y
2008-06-30,1996.26,0.045285,,,000069,消费80,CNY,CN10Y
2008-07-01,1971.84,0.045309,,,000069,消费80,CNY,CN10Y
2008-07-02,2001.13,0.04536,,,000069,消费80,CNY,CN10Y
2008-07-03,2084.92,0.045311,,,000069,消费80,CNY,CN10Y
2008-07-04,2087.3,0.045313,,,000069,消费80,CNY,CN10Y
2008-07-07,2173.45,0.045529,,,000069,消费80,CNY,CN10Y
2008-07-08,2190.29,0.045331,,,000069,消费80,CNY,CN10Y
2008-07-09,2224.68,0.0450589999999999,,,000069,消费80,CNY,CN10Y
2008-07-10,2180.3,0.044725,,,000069,消费80,CNY,CN10Y
2008-07-11,2159.0,0.044562,,,000069,消费80,CNY,CN10Y
2008-07-14,2204.01,0.044328,,,000069,消费80,CNY,CN10Y
2008-07-15,2151.22,0.044332,,,000069,消费80,CNY,CN10Y
2008-07-16,2077.46,0.0443379999999999,,,000069,消费80,CNY,CN10Y
2008-07-17,2072.11,0.04434,,,000069,消费80,CNY,CN10Y
2008-07-18,2126.02,0.044236,,,000069,消费80,CNY,CN10Y
2008-07-21,2204.58,0.0441899999999999,,,000069,消费80,CNY,CN10Y
2008-07-22,2198.13,0.044135,,,000069,消费80,CNY,CN10Y
2008-07-23,2186.14,0.0441359999999999,,,000069,消费80,CNY,CN10Y
2008-07-24,2233.46,0.044137,,,000069,消费80,CNY,CN10Y
2008-07-25,2225.62,0.044342,,,000069,消费80,CNY,CN10Y
2008-07-28,2243.99,0.044374,,,000069,消费80,CNY,CN10Y
2008-07-29,2194.46,0.0444,,,000069,消费80,CNY,CN10Y
2008-07-30,2176.02,0.044351,,,000069,消费80,CNY,CN10Y
2008-07-31,2102.51,0.044401,,,000069,消费80,CNY,CN10Y
2008-08-01,2126.62,0.0446009999999999,,,000069,消费80,CNY,CN10Y
2008-08-04,2093.22,0.044612,,,000069,消费80,CNY,CN10Y
2008-08-05,2038.34,0.044565,,,000069,消费80,CNY,CN10Y
2008-08-06,2037.27,0.044411,,,000069,消费80,CNY,CN10Y
2008-08-07,2042.95,0.0452379999999999,,,000069,消费80,CNY,CN10Y
2008-08-08,1929.18,0.044988,,,000069,消费80,CNY,CN10Y
2008-08-11,1798.7,0.045596,,,000069,消费80,CNY,CN10Y
2008-08-12,1784.72,0.045139,,,000069,消费80,CNY,CN10Y
2008-08-13,1785.0,0.045038,,,000069,消费80,CNY,CN10Y
2008-08-14,1791.6,0.044736,,,000069,消费80,CNY,CN10Y
2008-08-15,1792.79,0.044133,,,000069,消费80,CNY,CN10Y
2008-08-18,1683.74,0.044141,,,000069,消费80,CNY,CN10Y
2008-08-19,1701.15,0.044042,,,000069,消费80,CNY,CN10Y
2008-08-20,1825.66,0.043944,,,000069,消费80,CNY,CN10Y
2008-08-21,1763.48,0.043689,,,000069,消费80,CNY,CN10Y
2008-08-22,1732.77,0.043554,,,000069,消费80,CNY,CN10Y
2008-08-25,1715.9,0.043431,,,000069,消费80,CNY,CN10Y
2008-08-26,1629.8,0.043292,,,000069,消费80,CNY,CN10Y
2008-08-27,1610.84,0.0430959999999999,,,000069,消费80,CNY,CN10Y
2008-08-28,1611.82,0.042753,,,000069,消费80,CNY,CN10Y
2008-08-29,1657.14,0.042234,,,000069,消费80,CNY,CN10Y
2008-09-01,1612.98,0.041363,,,000069,消费80,CNY,CN10Y
2008-09-02,1601.1,0.041714,,,000069,消费80,CNY,CN10Y
2008-09-03,1583.8,0.0414109999999999,,,000069,消费80,CNY,CN10Y
2008-09-04,1587.45,0.041643,,,000069,消费80,CNY,CN10Y
2008-09-05,1538.94,0.041703,,,000069,消费80,CNY,CN10Y
2008-09-08,1483.9,0.041705,,,000069,消费80,CNY,CN10Y
2008-09-09,1499.19,0.041429,,,000069,消费80,CNY,CN10Y
2008-09-10,1512.56,0.0410149999999999,,,000069,消费80,CNY,CN10Y
2008-09-11,1495.28,0.040631,,,000069,消费80,CNY,CN10Y
2008-09-12,1491.55,0.039712,,,000069,消费80,CNY,CN10Y
2008-09-16,1468.95,0.038,,,000069,消费80,CNY,CN10Y
2008-09-17,1443.83,0.037119,,,000069,消费80,CNY,CN10Y
2008-09-18,1400.05,0.03712,,,000069,消费80,CNY,CN10Y
2008-09-19,1530.91,0.0369,,,000069,消费80,CNY,CN10Y
2008-09-22,1583.78,0.0375939999999999,,,000069,消费80,CNY,CN10Y
2008-09-23,1480.15,0.037612,,,000069,消费80,CNY,CN10Y
2008-09-24,1517.76,0.037601,,,000069,消费80,CNY,CN10Y
2008-09-25,1556.63,0.037276,,,000069,消费80,CNY,CN10Y
2008-09-26,1575.13,0.037282,,,000069,消费80,CNY,CN10Y
2008-09-27,,0.037143,,,000069,消费80,CNY,CN10Y
2008-09-28,,0.037155,,,000069,消费80,CNY,CN10Y
2008-10-06,1539.5,0.036809,,,000069,消费80,CNY,CN10Y
2008-10-07,1524.95,0.035309,,,000069,消费80,CNY,CN10Y
2008-10-08,1485.94,0.033499,,,000069,消费80,CNY,CN10Y
2008-10-09,1468.13,0.0315,,,000069,消费80,CNY,CN10Y
2008-10-10,1388.1,0.03051,,,000069,消费80,CNY,CN10Y
2008-10-13,1410.87,0.0312599999999999,,,000069,消费80,CNY,CN10Y
2008-10-14,1375.81,0.031593,,,000069,消费80,CNY,CN10Y
2008-10-15,1358.36,0.031062,,,000069,消费80,CNY,CN10Y
2008-10-16,1288.88,0.031267,,,000069,消费80,CNY,CN10Y
2008-10-17,1288.75,0.031768,,,000069,消费80,CNY,CN10Y
2008-10-20,1321.78,0.03182,,,000069,消费80,CNY,CN10Y
2008-10-21,1317.62,0.031826,,,000069,消费80,CNY,CN10Y
2008-10-22,1304.12,0.031922,,,000069,消费80,CNY,CN10Y
2008-10-23,1315.95,0.031978,,,000069,消费80,CNY,CN10Y
2008-10-24,1298.58,0.031931,,,000069,消费80,CNY,CN10Y
2008-10-27,1201.1,0.031522,,,000069,消费80,CNY,CN10Y
2008-10-28,1227.13,0.031042,,,000069,消费80,CNY,CN10Y
2008-10-29,1187.75,0.030694,,,000069,消费80,CNY,CN10Y
2008-10-30,1193.41,0.030703,,,000069,消费80,CNY,CN10Y
2008-10-31,1169.53,0.030751,,,000069,消费80,CNY,CN10Y
2008-11-03,1153.82,0.030549,,,000069,消费80,CNY,CN10Y
2008-11-04,1143.39,0.030569,,,000069,消费80,CNY,CN10Y
2008-11-05,1175.67,0.030676,,,000069,消费80,CNY,CN10Y
2008-11-06,1145.7,0.030424,,,000069,消费80,CNY,CN10Y
2008-11-07,1148.46,0.029767,,,000069,消费80,CNY,CN10Y
2008-11-10,1226.7,0.029005,,,000069,消费80,CNY,CN10Y
2008-11-11,1206.39,0.029221,,,000069,消费80,CNY,CN10Y
2008-11-12,1223.75,0.028969,,,000069,消费80,CNY,CN10Y
2008-11-13,1273.83,0.028639,,,000069,消费80,CNY,CN10Y
2008-11-14,1346.28,0.0294819999999999,,,000069,消费80,CNY,CN10Y
2008-11-17,1399.6,0.029984,,,000069,消费80,CNY,CN10Y
2008-11-18,1289.83,0.0299739999999999,,,000069,消费80,CNY,CN10Y
2008-11-19,1378.73,0.030885,,,000069,消费80,CNY,CN10Y
2008-11-20,1389.11,0.030531,,,000069,消费80,CNY,CN10Y
2008-11-21,1366.64,0.030049,,,000069,消费80,CNY,CN10Y
2008-11-24,1334.29,0.030638,,,000069,消费80,CNY,CN10Y
2008-11-25,1315.76,0.031728,,,000069,消费80,CNY,CN10Y
2008-11-26,1312.03,0.031034,,,000069,消费80,CNY,CN10Y
2008-11-27,1341.59,0.029064,,,000069,消费80,CNY,CN10Y
2008-11-28,1326.29,0.029905,,,000069,消费80,CNY,CN10Y
2008-12-01,1376.36,0.030378,,,000069,消费80,CNY,CN10Y
2008-12-02,1404.6,0.030306,,,000069,消费80,CNY,CN10Y
2008-12-03,1452.87,0.029467,,,000069,消费80,CNY,CN10Y
2008-12-04,1465.35,0.0293429999999999,,,000069,消费80,CNY,CN10Y
2008-12-05,1503.0,0.029061,,,000069,消费80,CNY,CN10Y
2008-12-08,1563.5,0.029053,,,000069,消费80,CNY,CN10Y
2008-12-09,1514.76,0.030072,,,000069,消费80,CNY,CN10Y
2008-12-10,1557.08,0.03013,,,000069,消费80,CNY,CN10Y
2008-12-11,1522.99,0.03004,,,000069,消费80,CNY,CN10Y
2008-12-12,1451.79,0.029237,,,000069,消费80,CNY,CN10Y
2008-12-15,1477.5,0.029186,,,000069,消费80,CNY,CN10Y
2008-12-16,1503.51,0.029243,,,000069,消费80,CNY,CN10Y
2008-12-17,1520.14,0.0281,,,000069,消费80,CNY,CN10Y
2008-12-18,1543.62,0.0270429999999999,,,000069,消费80,CNY,CN10Y
2008-12-19,1555.87,0.027384,,,000069,消费80,CNY,CN10Y
2008-12-22,1559.63,0.0273899999999999,,,000069,消费80,CNY,CN10Y
2008-12-23,1475.59,0.0268869999999999,,,000069,消费80,CNY,CN10Y
2008-12-24,1460.62,0.027045,,,000069,消费80,CNY,CN10Y
2008-12-25,1455.31,0.0270469999999999,,,000069,消费80,CNY,CN10Y
2008-12-26,1440.29,0.027301,,,000069,消费80,CNY,CN10Y
2008-12-29,1440.42,0.027559,,,000069,消费80,CNY,CN10Y
2008-12-30,1432.9,0.027566,,,000069,消费80,CNY,CN10Y
2008-12-31,1418.8,0.027521,,,000069,消费80,CNY,CN10Y
2009-01-04,,0.027102,,,000069,消费80,CNY,CN10Y
2009-01-05,1461.53,0.0273,,,000069,消费80,CNY,CN10Y
2009-01-06,1492.64,0.026909,,,000069,消费80,CNY,CN10Y
2009-01-07,1495.35,0.026711,,,000069,消费80,CNY,CN10Y
2009-01-08,1471.99,0.026716,,,000069,消费80,CNY,CN10Y
2009-01-09,1496.67,0.026722,,,000069,消费80,CNY,CN10Y
2009-01-12,1509.95,0.027,,,000069,消费80,CNY,CN10Y
2009-01-13,1469.16,0.0282569999999999,,,000069,消费80,CNY,CN10Y
2009-01-14,1506.28,0.028818,,,000069,消费80,CNY,CN10Y
2009-01-15,1510.5,0.029897,,,000069,消费80,CNY,CN10Y
2009-01-16,1533.87,0.02994,,,000069,消费80,CNY,CN10Y
2009-01-19,1526.39,0.030123,,,000069,消费80,CNY,CN10Y
2009-01-20,1535.9,0.0309949999999999,,,000069,消费80,CNY,CN10Y
2009-01-21,1530.36,0.031398,,,000069,消费80,CNY,CN10Y
2009-01-22,1544.86,0.030619,,,000069,消费80,CNY,CN10Y
2009-01-23,1536.6,0.030367,,,000069,消费80,CNY,CN10Y
2009-01-24,,0.030368,,,000069,消费80,CNY,CN10Y
2009-02-01,,0.0305019999999999,,,000069,消费80,CNY,CN10Y
2009-02-02,1576.92,0.031433,,,000069,消费80,CNY,CN10Y
2009-02-03,1615.44,0.031766,,,000069,消费80,CNY,CN10Y
2009-02-04,1650.18,0.032946,,,000069,消费80,CNY,CN10Y
2009-02-05,1629.68,0.034013,,,000069,消费80,CNY,CN10Y
2009-02-06,1700.59,0.0329669999999999,,,000069,消费80,CNY,CN10Y
2009-02-09,1758.54,0.03269,,,000069,消费80,CNY,CN10Y
2009-02-10,1795.35,0.033001,,,000069,消费80,CNY,CN10Y
2009-02-11,1795.94,0.032323,,,000069,消费80,CNY,CN10Y
2009-02-12,1834.77,0.031271,,,000069,消费80,CNY,CN10Y
2009-02-13,1895.72,0.031321,,,000069,消费80,CNY,CN10Y
2009-02-16,1911.97,0.031547,,,000069,消费80,CNY,CN10Y
2009-02-17,1855.49,0.031897,,,000069,消费80,CNY,CN10Y
2009-02-18,1791.62,0.031703,,,000069,消费80,CNY,CN10Y
2009-02-19,1816.57,0.031385,,,000069,消费80,CNY,CN10Y
2009-02-20,1867.82,0.031583,,,000069,消费80,CNY,CN10Y
2009-02-23,1928.06,0.031555,,,000069,消费80,CNY,CN10Y
2009-02-24,1867.29,0.031508,,,000069,消费80,CNY,CN10Y
2009-02-25,1874.76,0.031412,,,000069,消费80,CNY,CN10Y
2009-02-26,1750.32,0.0314469999999999,,,000069,消费80,CNY,CN10Y
2009-02-27,1677.09,0.031508,,,000069,消费80,CNY,CN10Y
2009-03-02,1706.71,0.031582,,,000069,消费80,CNY,CN10Y
2009-03-03,1711.19,0.031755,,,000069,消费80,CNY,CN10Y
2009-03-04,1810.36,0.032075,,,000069,消费80,CNY,CN10Y
2009-03-05,1806.0,0.03231,,,000069,消费80,CNY,CN10Y
2009-03-06,1792.99,0.032291,,,000069,消费80,CNY,CN10Y
2009-03-09,1721.63,0.0320359999999999,,,000069,消费80,CNY,CN10Y
2009-03-10,1755.5,0.03178,,,000069,消费80,CNY,CN10Y
2009-03-11,1742.48,0.031331,,,000069,消费80,CNY,CN10Y
2009-03-12,1730.74,0.031524,,,000069,消费80,CNY,CN10Y
2009-03-13,1711.84,0.03148,,,000069,消费80,CNY,CN10Y
2009-03-16,1732.49,0.031534,,,000069,消费80,CNY,CN10Y
2009-03-17,1790.72,0.031249,,,000069,消费80,CNY,CN10Y
2009-03-18,1801.16,0.031,,,000069,消费80,CNY,CN10Y
2009-03-19,1845.94,0.030768,,,000069,消费80,CNY,CN10Y
2009-03-20,1839.39,0.030772,,,000069,消费80,CNY,CN10Y
2009-03-23,1881.48,0.030831,,,000069,消费80,CNY,CN10Y
2009-03-24,1888.28,0.031295,,,000069,消费80,CNY,CN10Y
2009-03-25,1831.08,0.031297,,,000069,消费80,CNY,CN10Y
2009-03-26,1865.6,0.031606,,,000069,消费80,CNY,CN10Y
2009-03-27,1883.24,0.031594,,,000069,消费80,CNY,CN10Y
2009-03-30,1884.38,0.031608,,,000069,消费80,CNY,CN10Y
2009-03-31,1904.95,0.031612,,,000069,消费80,CNY,CN10Y
2009-04-01,1934.3,0.031618,,,000069,消费80,CNY,CN10Y
2009-04-02,1935.3,0.031714,,,000069,消费80,CNY,CN10Y
2009-04-03,1908.57,0.031805,,,000069,消费80,CNY,CN10Y
2009-04-07,1929.34,0.031805,,,000069,消费80,CNY,CN10Y
2009-04-08,1867.85,0.031869,,,000069,消费80,CNY,CN10Y
2009-04-09,1898.11,0.031949,,,000069,消费80,CNY,CN10Y
2009-04-10,1945.95,0.0319539999999999,,,000069,消费80,CNY,CN10Y
2009-04-13,1979.22,0.031953,,,000069,消费80,CNY,CN10Y
2009-04-14,2001.64,0.032044,,,000069,消费80,CNY,CN10Y
2009-04-15,2028.17,0.032114,,,000069,消费80,CNY,CN10Y
2009-04-16,2030.88,0.031841,,,000069,消费80,CNY,CN10Y
2009-04-17,2040.76,0.031634,,,000069,消费80,CNY,CN10Y
2009-04-20,2096.41,0.031412,,,000069,消费80,CNY,CN10Y
2009-04-21,2091.61,0.031616,,,000069,消费80,CNY,CN10Y
2009-04-22,1999.07,0.031609,,,000069,消费80,CNY,CN10Y
2009-04-23,2014.02,0.031618,,,000069,消费80,CNY,CN10Y
2009-04-24,2003.17,0.0315709999999999,,,000069,消费80,CNY,CN10Y
2009-04-27,1940.7,0.031579,,,000069,消费80,CNY,CN10Y
2009-04-28,1964.12,0.031532,,,000069,消费80,CNY,CN10Y
2009-04-29,2005.2,0.031286,,,000069,消费80,CNY,CN10Y
2009-04-30,2027.27,0.031072,,,000069,消费80,CNY,CN10Y
2009-05-04,2074.62,0.0310919999999999,,,000069,消费80,CNY,CN10Y
2009-05-05,2083.65,0.031036,,,000069,消费80,CNY,CN10Y
2009-05-06,2113.51,0.030795,,,000069,消费80,CNY,CN10Y
2009-05-07,2091.56,0.030739,,,000069,消费80,CNY,CN10Y
2009-05-08,2074.37,0.030701,,,000069,消费80,CNY,CN10Y
2009-05-11,2016.42,0.030698,,,000069,消费80,CNY,CN10Y
2009-05-12,2067.19,0.030662,,,000069,消费80,CNY,CN10Y
2009-05-13,2077.47,0.030365,,,000069,消费80,CNY,CN10Y
2009-05-14,2080.83,0.030318,,,000069,消费80,CNY,CN10Y
2009-05-15,2092.32,0.0303209999999999,,,000069,消费80,CNY,CN10Y
2009-05-18,2105.48,0.030277,,,000069,消费80,CNY,CN10Y
2009-05-19,2112.77,0.030384,,,000069,消费80,CNY,CN10Y
2009-05-20,2081.89,0.030386,,,000069,消费80,CNY,CN10Y
2009-05-21,2047.48,0.030388,,,000069,消费80,CNY,CN10Y
2009-05-22,2047.67,0.030434,,,000069,消费80,CNY,CN10Y
2009-05-25,2048.51,0.030441,,,000069,消费80,CNY,CN10Y
2009-05-26,2057.43,0.030546,,,000069,消费80,CNY,CN10Y
2009-05-27,2062.44,0.03039,,,000069,消费80,CNY,CN10Y
2009-05-31,,0.030409,,,000069,消费80,CNY,CN10Y
2009-06-01,2099.68,0.030615,,,000069,消费80,CNY,CN10Y
2009-06-02,2116.9,0.030515,,,000069,消费80,CNY,CN10Y
2009-06-03,2121.08,0.03065,,,000069,消费80,CNY,CN10Y
2009-06-04,2098.73,0.031349,,,000069,消费80,CNY,CN10Y
2009-06-05,2129.63,0.031474,,,000069,消费80,CNY,CN10Y
2009-06-08,2120.29,0.031543,,,000069,消费80,CNY,CN10Y
2009-06-09,2138.23,0.031481,,,000069,消费80,CNY,CN10Y
2009-06-10,2169.55,0.03166,,,000069,消费80,CNY,CN10Y
2009-06-11,2171.58,0.0317,,,000069,消费80,CNY,CN10Y
2009-06-12,2127.61,0.031868,,,000069,消费80,CNY,CN10Y
2009-06-15,2170.06,0.031947,,,000069,消费80,CNY,CN10Y
2009-06-16,2170.59,0.031476,,,000069,消费80,CNY,CN10Y
2009-06-17,2196.88,0.031332,,,000069,消费80,CNY,CN10Y
2009-06-18,2216.24,0.031536,,,000069,消费80,CNY,CN10Y
2009-06-19,2214.42,0.031543,,,000069,消费80,CNY,CN10Y
2009-06-22,2189.0,0.031876,,,000069,消费80,CNY,CN10Y
2009-06-23,2184.38,0.032325,,,000069,消费80,CNY,CN10Y
2009-06-24,2204.28,0.032397,,,000069,消费80,CNY,CN10Y
2009-06-25,2198.9,0.032525,,,000069,消费80,CNY,CN10Y
2009-06-26,2201.94,0.032628,,,000069,消费80,CNY,CN10Y
2009-06-29,2227.26,0.032456,,,000069,消费80,CNY,CN10Y
2009-06-30,2213.25,0.032403,,,000069,消费80,CNY,CN10Y
2009-07-01,2223.8,0.0323,,,000069,消费80,CNY,CN10Y
2009-07-02,2239.42,0.032277,,,000069,消费80,CNY,CN10Y
2009-07-03,2250.62,0.032534,,,000069,消费80,CNY,CN10Y
2009-07-06,2248.61,0.032702,,,000069,消费80,CNY,CN10Y
2009-07-07,2266.76,0.032706,,,000069,消费80,CNY,CN10Y
2009-07-08,2281.18,0.032709,,,000069,消费80,CNY,CN10Y
2009-07-09,2342.81,0.033068,,,000069,消费80,CNY,CN10Y
2009-07-10,2355.51,0.033056,,,000069,消费80,CNY,CN10Y
2009-07-13,2377.86,0.03306,,,000069,消费80,CNY,CN10Y
2009-07-14,2411.43,0.033322,,,000069,消费80,CNY,CN10Y
2009-07-15,2414.26,0.033816,,,000069,消费80,CNY,CN10Y
2009-07-16,2383.13,0.034421,,,000069,消费80,CNY,CN10Y
2009-07-17,2380.18,0.03451,,,000069,消费80,CNY,CN10Y
2009-07-20,2414.42,0.03478,,,000069,消费80,CNY,CN10Y
2009-07-21,2369.79,0.034697,,,000069,消费80,CNY,CN10Y
2009-07-22,2392.71,0.034522,,,000069,消费80,CNY,CN10Y
2009-07-23,2408.85,0.034511,,,000069,消费80,CNY,CN10Y
2009-07-24,2382.48,0.034588,,,000069,消费80,CNY,CN10Y
2009-07-27,2424.01,0.035091,,,000069,消费80,CNY,CN10Y
2009-07-28,2444.1,0.034866,,,000069,消费80,CNY,CN10Y
2009-07-29,2322.95,0.0350199999999999,,,000069,消费80,CNY,CN10Y
2009-07-30,2334.77,0.034905,,,000069,消费80,CNY,CN10Y
2009-07-31,2388.02,0.03503,,,000069,消费80,CNY,CN10Y
2009-08-03,2430.53,0.035034,,,000069,消费80,CNY,CN10Y
2009-08-04,2463.2,0.03515,,,000069,消费80,CNY,CN10Y
2009-08-05,2496.4,0.035165,,,000069,消费80,CNY,CN10Y
2009-08-06,2474.32,0.035167,,,000069,消费80,CNY,CN10Y
2009-08-07,2422.65,0.035168,,,000069,消费80,CNY,CN10Y
2009-08-10,2450.81,0.035177,,,000069,消费80,CNY,CN10Y
2009-08-11,2473.4,0.0351799999999999,,,000069,消费80,CNY,CN10Y
2009-08-12,2371.91,0.035209,,,000069,消费80,CNY,CN10Y
2009-08-13,2359.07,0.0351869999999999,,,000069,消费80,CNY,CN10Y
2009-08-14,2259.13,0.0351799999999999,,,000069,消费80,CNY,CN10Y
2009-08-17,2127.01,0.035231,,,000069,消费80,CNY,CN10Y
2009-08-18,2160.63,0.035242,,,000069,消费80,CNY,CN10Y
2009-08-19,2094.25,0.035255,,,000069,消费80,CNY,CN10Y
2009-08-20,2162.76,0.035162,,,000069,消费80,CNY,CN10Y
2009-08-21,2218.04,0.035276,,,000069,消费80,CNY,CN10Y
2009-08-24,2274.23,0.034886,,,000069,消费80,CNY,CN10Y
2009-08-25,2268.5,0.034966,,,000069,消费80,CNY,CN10Y
2009-08-26,2340.63,0.03485,,,000069,消费80,CNY,CN10Y
2009-08-27,2361.01,0.034847,,,000069,消费80,CNY,CN10Y
2009-08-28,2304.56,0.0348,,,000069,消费80,CNY,CN10Y
2009-08-31,2163.76,0.034805,,,000069,消费80,CNY,CN10Y
2009-09-01,2153.38,0.03481,,,000069,消费80,CNY,CN10Y
2009-09-02,2165.22,0.034982,,,000069,消费80,CNY,CN10Y
2009-09-03,2253.05,0.034862,,,000069,消费80,CNY,CN10Y
2009-09-04,2299.49,0.034698,,,000069,消费80,CNY,CN10Y
2009-09-07,2344.44,0.034317,,,000069,消费80,CNY,CN10Y
2009-09-08,2385.98,0.034268,,,000069,消费80,CNY,CN10Y
2009-09-09,2380.92,0.034323,,,000069,消费80,CNY,CN10Y
2009-09-10,2352.5,0.03451,,,000069,消费80,CNY,CN10Y
2009-09-11,2388.13,0.0346519999999999,,,000069,消费80,CNY,CN10Y
2009-09-14,2432.22,0.0346309999999999,,,000069,消费80,CNY,CN10Y
2009-09-15,2435.26,0.034581,,,000069,消费80,CNY,CN10Y
2009-09-16,2424.54,0.034535,,,000069,消费80,CNY,CN10Y
2009-09-17,2471.44,0.034636,,,000069,消费80,CNY,CN10Y
2009-09-18,2417.58,0.034741,,,000069,消费80,CNY,CN10Y
2009-09-21,2479.0,0.035132,,,000069,消费80,CNY,CN10Y
2009-09-22,2449.33,0.035212,,,000069,消费80,CNY,CN10Y
2009-09-23,2377.76,0.035126,,,000069,消费80,CNY,CN10Y
2009-09-24,2336.74,0.0350959999999999,,,000069,消费80,CNY,CN10Y
2009-09-25,2333.27,0.035101,,,000069,消费80,CNY,CN10Y
2009-09-27,,0.035103,,,000069,消费80,CNY,CN10Y
2009-09-28,2292.35,0.034917,,,000069,消费80,CNY,CN10Y
2009-09-29,2254.3,0.035,,,000069,消费80,CNY,CN10Y
2009-09-30,2282.29,0.035132,,,000069,消费80,CNY,CN10Y
2009-10-09,2378.84,0.035542,,,000069,消费80,CNY,CN10Y
2009-10-10,,0.035541,,,000069,消费80,CNY,CN10Y
2009-10-12,2391.91,0.036043,,,000069,消费80,CNY,CN10Y
2009-10-13,2411.89,0.036305,,,000069,消费80,CNY,CN10Y
2009-10-14,2409.14,0.036787,,,000069,消费80,CNY,CN10Y
2009-10-15,2409.35,0.037,,,000069,消费80,CNY,CN10Y
2009-10-16,2405.7,0.037058,,,000069,消费80,CNY,CN10Y
2009-10-19,2454.58,0.036789,,,000069,消费80,CNY,CN10Y
2009-10-20,2492.52,0.036773,,,000069,消费80,CNY,CN10Y
2009-10-21,2460.58,0.036933,,,000069,消费80,CNY,CN10Y
2009-10-22,2468.19,0.036587,,,000069,消费80,CNY,CN10Y
2009-10-23,2497.25,0.03692,,,000069,消费80,CNY,CN10Y
2009-10-26,2510.25,0.036925,,,000069,消费80,CNY,CN10Y
2009-10-27,2463.45,0.036905,,,000069,消费80,CNY,CN10Y
2009-10-28,2496.13,0.036855,,,000069,消费80,CNY,CN10Y
2009-10-29,2472.63,0.036818,,,000069,消费80,CNY,CN10Y
2009-10-30,2519.47,0.036886,,,000069,消费80,CNY,CN10Y
2009-11-02,2617.31,0.03692,,,000069,消费80,CNY,CN10Y
2009-11-03,2643.19,0.036944,,,000069,消费80,CNY,CN10Y
2009-11-04,2658.96,0.037038,,,000069,消费80,CNY,CN10Y
2009-11-05,2687.98,0.037247,,,000069,消费80,CNY,CN10Y
2009-11-06,2687.56,0.037303,,,000069,消费80,CNY,CN10Y
2009-11-09,2697.89,0.037313,,,000069,消费80,CNY,CN10Y
2009-11-10,2715.73,0.037281,,,000069,消费80,CNY,CN10Y
2009-11-11,2725.65,0.036988,,,000069,消费80,CNY,CN10Y
2009-11-12,2752.17,0.036918,,,000069,消费80,CNY,CN10Y
2009-11-13,2791.02,0.036921,,,000069,消费80,CNY,CN10Y
2009-11-16,2853.29,0.036927,,,000069,消费80,CNY,CN10Y
2009-11-17,2853.72,0.036956,,,000069,消费80,CNY,CN10Y
2009-11-18,2861.66,0.036885,,,000069,消费80,CNY,CN10Y
2009-11-19,2879.82,0.0368659999999999,,,000069,消费80,CNY,CN10Y
2009-11-20,2874.56,0.036648,,,000069,消费80,CNY,CN10Y
2009-11-23,2941.74,0.036703,,,000069,消费80,CNY,CN10Y
2009-11-24,2804.13,0.036504,,,000069,消费80,CNY,CN10Y
2009-11-25,2888.94,0.03651,,,000069,消费80,CNY,CN10Y
2009-11-26,2757.2,0.036459,,,000069,消费80,CNY,CN10Y
2009-11-27,2714.62,0.035759,,,000069,消费80,CNY,CN10Y
2009-11-30,2846.42,0.035569,,,000069,消费80,CNY,CN10Y
2009-12-01,2909.77,0.035723,,,000069,消费80,CNY,CN10Y
2009-12-02,2923.58,0.035725,,,000069,消费80,CNY,CN10Y
2009-12-03,2928.92,0.035929,,,000069,消费80,CNY,CN10Y
2009-12-04,2867.9,0.035983,,,000069,消费80,CNY,CN10Y
2009-12-07,2909.2,0.0362,,,000069,消费80,CNY,CN10Y
2009-12-08,2892.88,0.036292,,,000069,消费80,CNY,CN10Y
2009-12-09,2858.54,0.036251,,,000069,消费80,CNY,CN10Y
2009-12-10,2882.62,0.036258,,,000069,消费80,CNY,CN10Y
2009-12-11,2879.38,0.036257,,,000069,消费80,CNY,CN10Y
2009-12-14,2862.03,0.036348,,,000069,消费80,CNY,CN10Y
2009-12-15,2873.6,0.036314,,,000069,消费80,CNY,CN10Y
2009-12-16,2866.04,0.036339,,,000069,消费80,CNY,CN10Y
2009-12-17,2780.4,0.036365,,,000069,消费80,CNY,CN10Y
2009-12-18,2710.67,0.036393,,,000069,消费80,CNY,CN10Y
2009-12-21,2745.78,0.036508,,,000069,消费80,CNY,CN10Y
2009-12-22,2689.24,0.036507,,,000069,消费80,CNY,CN10Y
2009-12-23,2732.64,0.036589,,,000069,消费80,CNY,CN10Y
2009-12-24,2811.41,0.036565,,,000069,消费80,CNY,CN10Y
2009-12-25,2818.7,0.036543,,,000069,消费80,CNY,CN10Y
2009-12-28,2853.81,0.0365,,,000069,消费80,CNY,CN10Y
2009-12-29,2870.65,0.036426,,,000069,消费80,CNY,CN10Y
2009-12-30,2859.18,0.036429,,,000069,消费80,CNY,CN10Y
2009-12-31,2879.46,0.0364219999999999,,,000069,消费80,CNY,CN10Y
2010-01-04,2886.59,0.036603,,,000069,消费80,CNY,CN10Y
2010-01-05,2883.82,0.036606,,,000069,消费80,CNY,CN10Y
2010-01-06,2859.9,0.036425,,,000069,消费80,CNY,CN10Y
2010-01-07,2787.73,0.036543,,,000069,消费80,CNY,CN10Y
2010-01-08,2799.41,0.036614,,,000069,消费80,CNY,CN10Y
2010-01-11,2796.29,0.036696,,,000069,消费80,CNY,CN10Y
2010-01-12,2864.3,0.036694,,,000069,消费80,CNY,CN10Y
2010-01-13,2849.08,0.0370529999999999,,,000069,消费80,CNY,CN10Y
2010-01-14,2932.4,0.036868,,,000069,消费80,CNY,CN10Y
2010-01-15,2948.99,0.036871,,,000069,消费80,CNY,CN10Y
2010-01-18,3003.53,0.036852,,,000069,消费80,CNY,CN10Y
2010-01-19,2992.28,0.036559,,,000069,消费80,CNY,CN10Y
2010-01-20,2897.14,0.0364,,,000069,消费80,CNY,CN10Y
2010-01-21,2911.6,0.036558,,,000069,消费80,CNY,CN10Y
2010-01-22,2850.88,0.0363,,,000069,消费80,CNY,CN10Y
2010-01-25,2809.67,0.036,,,000069,消费80,CNY,CN10Y
2010-01-26,2733.04,0.035838,,,000069,消费80,CNY,CN10Y
2010-01-27,2714.67,0.035648,,,000069,消费80,CNY,CN10Y
2010-01-28,2765.8,0.035879,,,000069,消费80,CNY,CN10Y
2010-01-29,2787.31,0.0358,,,000069,消费80,CNY,CN10Y
2010-02-01,2771.4,0.035406,,,000069,消费80,CNY,CN10Y
2010-02-02,2740.08,0.034956,,,000069,消费80,CNY,CN10Y
2010-02-03,2751.64,0.034648,,,000069,消费80,CNY,CN10Y
2010-02-04,2772.35,0.035006,,,000069,消费80,CNY,CN10Y
2010-02-05,2732.08,0.034733,,,000069,消费80,CNY,CN10Y
2010-02-08,2730.71,0.034706,,,000069,消费80,CNY,CN10Y
2010-02-09,2734.01,0.0347429999999999,,,000069,消费80,CNY,CN10Y
2010-02-10,2765.04,0.034615,,,000069,消费80,CNY,CN10Y
2010-02-11,2768.56,0.034516,,,000069,消费80,CNY,CN10Y
2010-02-12,2806.4,0.03457,,,000069,消费80,CNY,CN10Y
2010-02-20,,0.034889,,,000069,消费80,CNY,CN10Y
2010-02-21,,0.034841,,,000069,消费80,CNY,CN10Y
2010-02-22,2794.38,0.035149,,,000069,消费80,CNY,CN10Y
2010-02-23,2817.46,0.0351,,,000069,消费80,CNY,CN10Y
2010-02-24,2865.33,0.0346459999999999,,,000069,消费80,CNY,CN10Y
2010-02-25,2897.56,0.034448,,,000069,消费80,CNY,CN10Y
2010-02-26,2899.42,0.033753,,,000069,消费80,CNY,CN10Y
2010-03-01,2915.61,0.033613,,,000069,消费80,CNY,CN10Y
2010-03-02,2899.9,0.033414,,,000069,消费80,CNY,CN10Y
2010-03-03,2944.98,0.033169,,,000069,消费80,CNY,CN10Y
2010-03-04,2859.56,0.033518,,,000069,消费80,CNY,CN10Y
2010-03-05,2870.48,0.033537,,,000069,消费80,CNY,CN10Y
2010-03-08,2888.04,0.033602,,,000069,消费80,CNY,CN10Y
2010-03-09,2887.88,0.033817,,,000069,消费80,CNY,CN10Y
2010-03-10,2848.69,0.03403,,,000069,消费80,CNY,CN10Y
2010-03-11,2817.59,0.034559,,,000069,消费80,CNY,CN10Y
2010-03-12,2780.01,0.034526,,,000069,消费80,CNY,CN10Y
2010-03-15,2755.46,0.034484,,,000069,消费80,CNY,CN10Y
2010-03-16,2766.16,0.034331,,,000069,消费80,CNY,CN10Y
2010-03-17,2824.96,0.033829,,,000069,消费80,CNY,CN10Y
2010-03-18,2823.49,0.033639,,,000069,消费80,CNY,CN10Y
2010-03-19,2834.49,0.033805,,,000069,消费80,CNY,CN10Y
2010-03-22,2848.18,0.034216,,,000069,消费80,CNY,CN10Y
2010-03-23,2822.93,0.034062,,,000069,消费80,CNY,CN10Y
2010-03-24,2831.22,0.033961,,,000069,消费80,CNY,CN10Y
2010-03-25,2793.52,0.034168,,,000069,消费80,CNY,CN10Y
2010-03-26,2833.52,0.034582,,,000069,消费80,CNY,CN10Y
2010-03-29,2869.58,0.034784,,,000069,消费80,CNY,CN10Y
2010-03-30,2875.75,0.034959,,,000069,消费80,CNY,CN10Y
2010-03-31,2864.68,0.0348179999999999,,,000069,消费80,CNY,CN10Y
2010-04-01,2904.64,0.034742,,,000069,消费80,CNY,CN10Y
2010-04-02,2900.69,0.0348,,,000069,消费80,CNY,CN10Y
2010-04-06,2900.98,0.035021,,,000069,消费80,CNY,CN10Y
2010-04-07,2906.07,0.035182,,,000069,消费80,CNY,CN10Y
2010-04-08,2912.22,0.035549,,,000069,消费80,CNY,CN10Y
2010-04-09,2947.06,0.035468,,,000069,消费80,CNY,CN10Y
2010-04-12,2970.68,0.035343,,,000069,消费80,CNY,CN10Y
2010-04-13,2970.76,0.035031,,,000069,消费80,CNY,CN10Y
2010-04-14,3003.98,0.035043,,,000069,消费80,CNY,CN10Y
2010-04-15,2971.75,0.035071,,,000069,消费80,CNY,CN10Y
2010-04-16,2959.55,0.034813,,,000069,消费80,CNY,CN10Y
2010-04-19,2856.02,0.034116,,,000069,消费80,CNY,CN10Y
2010-04-20,2897.93,0.034086,,,000069,消费80,CNY,CN10Y
2010-04-21,2981.33,0.034354,,,000069,消费80,CNY,CN10Y
2010-04-22,2987.4,0.034093,,,000069,消费80,CNY,CN10Y
2010-04-23,2954.71,0.034106,,,000069,消费80,CNY,CN10Y
2010-04-26,2956.52,0.033715,,,000069,消费80,CNY,CN10Y
2010-04-27,2895.19,0.033768,,,000069,消费80,CNY,CN10Y
2010-04-28,2875.38,0.033456,,,000069,消费80,CNY,CN10Y
2010-04-29,2792.73,0.033607,,,000069,消费80,CNY,CN10Y
2010-04-30,2721.49,0.033565,,,000069,消费80,CNY,CN10Y
2010-05-04,2727.57,0.033826,,,000069,消费80,CNY,CN10Y
2010-05-05,2789.14,0.033636,,,000069,消费80,CNY,CN10Y
2010-05-06,2702.56,0.033485,,,000069,消费80,CNY,CN10Y
2010-05-07,2671.87,0.032721,,,000069,消费80,CNY,CN10Y
2010-05-10,2644.66,0.033027,,,000069,消费80,CNY,CN10Y
2010-05-11,2579.8,0.032983,,,000069,消费80,CNY,CN10Y
2010-05-12,2534.37,0.032781,,,000069,消费80,CNY,CN10Y
2010-05-13,2619.51,0.032686,,,000069,消费80,CNY,CN10Y
2010-05-14,2629.6,0.032687,,,000069,消费80,CNY,CN10Y
2010-05-17,2484.45,0.032257,,,000069,消费80,CNY,CN10Y
2010-05-18,2495.64,0.032118,,,000069,消费80,CNY,CN10Y
2010-05-19,2500.34,0.031865,,,000069,消费80,CNY,CN10Y
2010-05-20,2458.58,0.032078,,,000069,消费80,CNY,CN10Y
2010-05-21,2496.87,0.031972,,,000069,消费80,CNY,CN10Y
2010-05-24,2599.5,0.032277,,,000069,消费80,CNY,CN10Y
2010-05-25,2580.02,0.0320299999999999,,,000069,消费80,CNY,CN10Y
2010-05-26,2573.0,0.0322719999999999,,,000069,消费80,CNY,CN10Y
2010-05-27,2615.04,0.032416,,,000069,消费80,CNY,CN10Y
2010-05-28,2627.16,0.032529,,,000069,消费80,CNY,CN10Y
2010-05-31,2569.3,0.03243,,,000069,消费80,CNY,CN10Y
2010-06-01,2529.45,0.032726,,,000069,消费80,CNY,CN10Y
2010-06-02,2556.52,0.032748,,,000069,消费80,CNY,CN10Y
2010-06-03,2547.13,0.032478,,,000069,消费80,CNY,CN10Y
2010-06-04,2573.39,0.032512,,,000069,消费80,CNY,CN10Y
2010-06-07,2570.04,0.03226,,,000069,消费80,CNY,CN10Y
2010-06-08,2590.74,0.0324319999999999,,,000069,消费80,CNY,CN10Y
2010-06-09,2643.67,0.032845,,,000069,消费80,CNY,CN10Y
2010-06-10,2648.83,0.032891,,,000069,消费80,CNY,CN10Y
2010-06-11,2630.47,0.0333199999999999,,,000069,消费80,CNY,CN10Y
2010-06-12,,0.033282,,,000069,消费80,CNY,CN10Y
2010-06-13,,0.033282,,,000069,消费80,CNY,CN10Y
2010-06-17,2569.59,0.033296,,,000069,消费80,CNY,CN10Y
2010-06-18,2464.27,0.033836,,,000069,消费80,CNY,CN10Y
2010-06-21,2511.85,0.033925,,,000069,消费80,CNY,CN10Y
2010-06-22,2519.74,0.033807,,,000069,消费80,CNY,CN10Y
2010-06-23,2504.06,0.034129,,,000069,消费80,CNY,CN10Y
2010-06-24,2507.48,0.034179,,,000069,消费80,CNY,CN10Y
2010-06-25,2477.73,0.033822,,,000069,消费80,CNY,CN10Y
2010-06-28,2447.05,0.033435,,,000069,消费80,CNY,CN10Y
2010-06-29,2338.47,0.032909,,,000069,消费80,CNY,CN10Y
2010-06-30,2329.35,0.03279,,,000069,消费80,CNY,CN10Y
2010-07-01,2284.11,0.032848,,,000069,消费80,CNY,CN10Y
2010-07-02,2258.34,0.032665,,,000069,消费80,CNY,CN10Y
2010-07-05,2236.32,0.032517,,,000069,消费80,CNY,CN10Y
2010-07-06,2289.96,0.032168,,,000069,消费80,CNY,CN10Y
2010-07-07,2327.61,0.032233,,,000069,消费80,CNY,CN10Y
2010-07-08,2325.43,0.032382,,,000069,消费80,CNY,CN10Y
2010-07-09,2391.38,0.032347,,,000069,消费80,CNY,CN10Y
2010-07-12,2409.96,0.032146,,,000069,消费80,CNY,CN10Y
2010-07-13,2376.62,0.031767,,,000069,消费80,CNY,CN10Y
2010-07-14,2400.4,0.031744,,,000069,消费80,CNY,CN10Y
2010-07-15,2368.63,0.031817,,,000069,消费80,CNY,CN10Y
2010-07-16,2380.8,0.031976,,,000069,消费80,CNY,CN10Y
2010-07-19,2432.52,0.031901,,,000069,消费80,CNY,CN10Y
2010-07-20,2491.84,0.032086,,,000069,消费80,CNY,CN10Y
2010-07-21,2502.78,0.032144,,,000069,消费80,CNY,CN10Y
2010-07-22,2526.23,0.032161,,,000069,消费80,CNY,CN10Y
2010-07-23,2530.98,0.032528,,,000069,消费80,CNY,CN10Y
2010-07-26,2562.58,0.032813,,,000069,消费80,CNY,CN10Y
2010-07-27,2572.33,0.032816,,,000069,消费80,CNY,CN10Y
2010-07-28,2615.63,0.032982,,,000069,消费80,CNY,CN10Y
2010-07-29,2617.76,0.032993,,,000069,消费80,CNY,CN10Y
2010-07-30,2613.11,0.032996,,,000069,消费80,CNY,CN10Y
2010-08-02,2672.76,0.033131,,,000069,消费80,CNY,CN10Y
2010-08-03,2625.8,0.033105,,,000069,消费80,CNY,CN10Y
2010-08-04,2650.29,0.032971,,,000069,消费80,CNY,CN10Y
2010-08-05,2694.43,0.0329669999999999,,,000069,消费80,CNY,CN10Y
2010-08-06,2742.27,0.032922,,,000069,消费80,CNY,CN10Y
2010-08-09,2783.0,0.032975,,,000069,消费80,CNY,CN10Y
2010-08-10,2693.96,0.032972,,,000069,消费80,CNY,CN10Y
2010-08-11,2726.78,0.032685,,,000069,消费80,CNY,CN10Y
2010-08-12,2706.73,0.03223,,,000069,消费80,CNY,CN10Y
2010-08-13,2754.46,0.032374,,,000069,消费80,CNY,CN10Y
2010-08-16,2809.04,0.032504,,,000069,消费80,CNY,CN10Y
2010-08-17,2832.7,0.032461,,,000069,消费80,CNY,CN10Y
2010-08-18,2825.59,0.03245,,,000069,消费80,CNY,CN10Y
2010-08-19,2815.65,0.032501,,,000069,消费80,CNY,CN10Y
2010-08-20,2745.39,0.032389,,,000069,消费80,CNY,CN10Y
2010-08-23,2762.73,0.032346,,,000069,消费80,CNY,CN10Y
2010-08-24,2795.85,0.032229,,,000069,消费80,CNY,CN10Y
2010-08-25,2744.8,0.0321539999999999,,,000069,消费80,CNY,CN10Y
2010-08-26,2761.27,0.032322,,,000069,消费80,CNY,CN10Y
2010-08-27,2786.62,0.032379,,,000069,消费80,CNY,CN10Y
2010-08-30,2874.43,0.032304,,,000069,消费80,CNY,CN10Y
2010-08-31,2879.14,0.032301,,,000069,消费80,CNY,CN10Y
2010-09-01,2840.02,0.032358,,,000069,消费80,CNY,CN10Y
2010-09-02,2914.14,0.032418,,,000069,消费80,CNY,CN10Y
2010-09-03,2941.48,0.032406,,,000069,消费80,CNY,CN10Y
2010-09-06,2948.18,0.03258,,,000069,消费80,CNY,CN10Y
2010-09-07,2952.26,0.032739,,,000069,消费80,CNY,CN10Y
2010-09-08,2981.54,0.032632,,,000069,消费80,CNY,CN10Y
2010-09-09,2949.15,0.032681,,,000069,消费80,CNY,CN10Y
2010-09-10,2991.03,0.032989,,,000069,消费80,CNY,CN10Y
2010-09-13,3030.51,0.033251,,,000069,消费80,CNY,CN10Y
2010-09-14,3039.04,0.033205,,,000069,消费80,CNY,CN10Y
2010-09-15,2989.02,0.033443,,,000069,消费80,CNY,CN10Y
2010-09-16,2919.52,0.033401,,,000069,消费80,CNY,CN10Y
2010-09-17,2944.61,0.033504,,,000069,消费80,CNY,CN10Y
2010-09-19,,0.0335,,,000069,消费80,CNY,CN10Y
2010-09-20,2931.11,0.033388,,,000069,消费80,CNY,CN10Y
2010-09-21,2947.47,0.033391,,,000069,消费80,CNY,CN10Y
2010-09-25,,0.033387,,,000069,消费80,CNY,CN10Y
2010-09-26,,0.033428,,,000069,消费80,CNY,CN10Y
2010-09-27,3024.6,0.033378,,,000069,消费80,CNY,CN10Y
2010-09-28,3017.96,0.033371,,,000069,消费80,CNY,CN10Y
2010-09-29,2969.61,0.03331,,,000069,消费80,CNY,CN10Y
2010-09-30,3008.09,0.033183,,,000069,消费80,CNY,CN10Y
2010-10-08,3069.21,0.033342,,,000069,消费80,CNY,CN10Y
2010-10-09,,0.033584,,,000069,消费80,CNY,CN10Y
2010-10-11,3052.37,0.03404,,,000069,消费80,CNY,CN10Y
2010-10-12,3062.02,0.034179,,,000069,消费80,CNY,CN10Y
2010-10-13,3068.83,0.0342709999999999,,,000069,消费80,CNY,CN10Y
2010-10-14,2985.11,0.034275,,,000069,消费80,CNY,CN10Y
2010-10-15,2993.38,0.034247,,,000069,消费80,CNY,CN10Y
2010-10-18,2970.66,0.034182,,,000069,消费80,CNY,CN10Y
2010-10-19,3064.76,0.034205,,,000069,消费80,CNY,CN10Y
2010-10-20,3137.72,0.036201,,,000069,消费80,CNY,CN10Y
2010-10-21,3140.74,0.03637,,,000069,消费80,CNY,CN10Y
2010-10-22,3166.77,0.036358,,,000069,消费80,CNY,CN10Y
2010-10-25,3231.38,0.0364069999999999,,,000069,消费80,CNY,CN10Y
2010-10-26,3239.71,0.036944,,,000069,消费80,CNY,CN10Y
2010-10-27,3186.5,0.036975,,,000069,消费80,CNY,CN10Y
2010-10-28,3158.26,0.036863,,,000069,消费80,CNY,CN10Y
2010-10-29,3179.43,0.036821,,,000069,消费80,CNY,CN10Y
2010-11-01,3254.36,0.036941,,,000069,消费80,CNY,CN10Y
2010-11-02,3242.86,0.0374969999999999,,,000069,消费80,CNY,CN10Y
2010-11-03,3220.94,0.038113,,,000069,消费80,CNY,CN10Y
2010-11-04,3296.15,0.0384339999999999,,,000069,消费80,CNY,CN10Y
2010-11-05,3328.48,0.038458,,,000069,消费80,CNY,CN10Y
2010-11-08,3420.73,0.038392,,,000069,消费80,CNY,CN10Y
2010-11-09,3447.9,0.038445,,,000069,消费80,CNY,CN10Y
2010-11-10,3486.2,0.0392039999999999,,,000069,消费80,CNY,CN10Y
2010-11-11,3453.09,0.0395299999999999,,,000069,消费80,CNY,CN10Y
2010-11-12,3280.83,0.039534,,,000069,消费80,CNY,CN10Y
2010-11-15,3408.05,0.03945,,,000069,消费80,CNY,CN10Y
2010-11-16,3302.84,0.0390649999999999,,,000069,消费80,CNY,CN10Y
2010-11-17,3145.5,0.0385999999999999,,,000069,消费80,CNY,CN10Y
2010-11-18,3187.51,0.038336,,,000069,消费80,CNY,CN10Y
2010-11-19,3270.46,0.0387,,,000069,消费80,CNY,CN10Y
2010-11-22,3281.58,0.039161,,,000069,消费80,CNY,CN10Y
2010-11-23,3252.35,0.039317,,,000069,消费80,CNY,CN10Y
2010-11-24,3361.77,0.039533,,,000069,消费80,CNY,CN10Y
2010-11-25,3389.67,0.039674,,,000069,消费80,CNY,CN10Y
2010-11-26,3381.65,0.040123,,,000069,消费80,CNY,CN10Y
2010-11-29,3406.99,0.0399589999999999,,,000069,消费80,CNY,CN10Y
2010-11-30,3314.77,0.03971,,,000069,消费80,CNY,CN10Y
2010-12-01,3285.48,0.038919,,,000069,消费80,CNY,CN10Y
2010-12-02,3276.96,0.038609,,,000069,消费80,CNY,CN10Y
2010-12-03,3263.07,0.038699,,,000069,消费80,CNY,CN10Y
2010-12-06,3202.72,0.038696,,,000069,消费80,CNY,CN10Y
2010-12-07,3250.35,0.038435,,,000069,消费80,CNY,CN10Y
2010-12-08,3243.12,0.038609,,,000069,消费80,CNY,CN10Y
2010-12-09,3169.1,0.039024,,,000069,消费80,CNY,CN10Y
2010-12-10,3199.61,0.038888,,,000069,消费80,CNY,CN10Y
2010-12-13,3287.54,0.038509,,,000069,消费80,CNY,CN10Y
2010-12-14,3304.52,0.038521,,,000069,消费80,CNY,CN10Y
2010-12-15,3301.79,0.0381499999999999,,,000069,消费80,CNY,CN10Y
2010-12-16,3301.27,0.0380439999999999,,,000069,消费80,CNY,CN10Y
2010-12-17,3290.93,0.038058,,,000069,消费80,CNY,CN10Y
2010-12-20,3232.88,0.03785,,,000069,消费80,CNY,CN10Y
2010-12-21,3241.24,0.037956,,,000069,消费80,CNY,CN10Y
2010-12-22,3207.0,0.0380039999999999,,,000069,消费80,CNY,CN10Y
2010-12-23,3161.96,0.038108,,,000069,消费80,CNY,CN10Y
2010-12-24,3119.06,0.038136,,,000069,消费80,CNY,CN10Y
2010-12-27,3030.68,0.038913,,,000069,消费80,CNY,CN10Y
2010-12-28,2982.83,0.039118,,,000069,消费80,CNY,CN10Y
2010-12-29,3025.31,0.039019,,,000069,消费80,CNY,CN10Y
2010-12-30,3024.51,0.0388,,,000069,消费80,CNY,CN10Y
2010-12-31,3087.05,0.038799,,,000069,消费80,CNY,CN10Y
2011-01-04,3109.84,0.038606,,,000069,消费80,CNY,CN10Y
2011-01-05,3090.79,0.038132,,,000069,消费80,CNY,CN10Y
2011-01-06,3076.76,0.038339,,,000069,消费80,CNY,CN10Y
2011-01-07,3077.2,0.038237,,,000069,消费80,CNY,CN10Y
2011-01-10,2988.92,0.038449,,,000069,消费80,CNY,CN10Y
2011-01-11,2970.59,0.038703,,,000069,消费80,CNY,CN10Y
2011-01-12,2983.57,0.03855,,,000069,消费80,CNY,CN10Y
2011-01-13,3003.13,0.038831,,,000069,消费80,CNY,CN10Y
2011-01-14,2968.86,0.0391559999999999,,,000069,消费80,CNY,CN10Y
2011-01-17,2851.74,0.039651,,,000069,消费80,CNY,CN10Y
2011-01-18,2870.45,0.039954,,,000069,消费80,CNY,CN10Y
2011-01-19,2921.77,0.039752,,,000069,消费80,CNY,CN10Y
2011-01-20,2822.77,0.039749,,,000069,消费80,CNY,CN10Y
2011-01-21,2823.87,0.039837,,,000069,消费80,CNY,CN10Y
2011-01-24,2764.2,0.039918,,,000069,消费80,CNY,CN10Y
2011-01-25,2749.88,0.040152,,,000069,消费80,CNY,CN10Y
2011-01-26,2786.58,0.039991,,,000069,消费80,CNY,CN10Y
2011-01-27,2838.89,0.0400579999999999,,,000069,消费80,CNY,CN10Y
2011-01-28,2877.39,0.040096,,,000069,消费80,CNY,CN10Y
2011-01-30,,0.0401,,,000069,消费80,CNY,CN10Y
2011-01-31,2923.26,0.040187,,,000069,消费80,CNY,CN10Y
2011-02-01,2926.58,0.040186,,,000069,消费80,CNY,CN10Y
2011-02-09,2909.29,0.041006,,,000069,消费80,CNY,CN10Y
2011-02-10,3017.19,0.041158,,,000069,消费80,CNY,CN10Y
2011-02-11,3037.22,0.041062,,,000069,消费80,CNY,CN10Y
2011-02-12,,0.041087,,,000069,消费80,CNY,CN10Y
2011-02-14,3084.45,0.040552,,,000069,消费80,CNY,CN10Y
2011-02-15,3071.47,0.040454,,,000069,消费80,CNY,CN10Y
2011-02-16,3095.91,0.04045,,,000069,消费80,CNY,CN10Y
2011-02-17,3093.87,0.040449,,,000069,消费80,CNY,CN10Y
2011-02-18,3071.04,0.04045,,,000069,消费80,CNY,CN10Y
2011-02-21,3122.6,0.0407019999999999,,,000069,消费80,CNY,CN10Y
2011-02-22,3051.32,0.0404,,,000069,消费80,CNY,CN10Y
2011-02-23,3081.6,0.039946,,,000069,消费80,CNY,CN10Y
2011-02-24,3091.69,0.039132,,,000069,消费80,CNY,CN10Y
2011-02-25,3078.38,0.039566,,,000069,消费80,CNY,CN10Y
2011-02-28,3118.93,0.039314,,,000069,消费80,CNY,CN10Y
2011-03-01,3142.54,0.039259,,,000069,消费80,CNY,CN10Y
2011-03-02,3139.72,0.039233,,,000069,消费80,CNY,CN10Y
2011-03-03,3081.09,0.039279,,,000069,消费80,CNY,CN10Y
2011-03-04,3107.22,0.039388,,,000069,消费80,CNY,CN10Y
2011-03-07,3132.35,0.039351,,,000069,消费80,CNY,CN10Y
2011-03-08,3143.4,0.039078,,,000069,消费80,CNY,CN10Y
2011-03-09,3136.7,0.038879,,,000069,消费80,CNY,CN10Y
2011-03-10,3127.33,0.039321,,,000069,消费80,CNY,CN10Y
2011-03-11,3117.28,0.039328,,,000069,消费80,CNY,CN10Y
2011-03-14,3155.84,0.039074,,,000069,消费80,CNY,CN10Y
2011-03-15,3108.41,0.038659,,,000069,消费80,CNY,CN10Y
2011-03-16,3131.89,0.0385999999999999,,,000069,消费80,CNY,CN10Y
2011-03-17,3099.03,0.038326,,,000069,消费80,CNY,CN10Y
2011-03-18,3108.52,0.038489,,,000069,消费80,CNY,CN10Y
2011-03-21,3075.92,0.038774,,,000069,消费80,CNY,CN10Y
2011-03-22,3066.42,0.038987,,,000069,消费80,CNY,CN10Y
2011-03-23,3097.17,0.039037,,,000069,消费80,CNY,CN10Y
2011-03-24,3090.2,0.038762,,,000069,消费80,CNY,CN10Y
2011-03-25,3106.98,0.038714,,,000069,消费80,CNY,CN10Y
2011-03-28,3071.09,0.038807,,,000069,消费80,CNY,CN10Y
2011-03-29,3014.78,0.0390439999999999,,,000069,消费80,CNY,CN10Y
2011-03-30,3007.11,0.039069,,,000069,消费80,CNY,CN10Y
2011-03-31,2988.91,0.03912,,,000069,消费80,CNY,CN10Y
2011-04-01,3005.12,0.039126,,,000069,消费80,CNY,CN10Y
2011-04-02,,0.039078,,,000069,消费80,CNY,CN10Y
2011-04-06,2980.65,0.039203,,,000069,消费80,CNY,CN10Y
2011-04-07,2988.66,0.039167,,,000069,消费80,CNY,CN10Y
2011-04-08,3042.13,0.039081,,,000069,消费80,CNY,CN10Y
2011-04-11,3025.24,0.038928,,,000069,消费80,CNY,CN10Y
2011-04-12,3029.89,0.0387,,,000069,消费80,CNY,CN10Y
2011-04-13,3063.89,0.038703,,,000069,消费80,CNY,CN10Y
2011-04-14,3054.1,0.038707,,,000069,消费80,CNY,CN10Y
2011-04-15,3041.14,0.038709,,,000069,消费80,CNY,CN10Y
2011-04-18,3031.87,0.03896,,,000069,消费80,CNY,CN10Y
2011-04-19,3008.08,0.038911,,,000069,消费80,CNY,CN10Y
2011-04-20,3049.32,0.038913,,,000069,消费80,CNY,CN10Y
2011-04-21,3053.94,0.038912,,,000069,消费80,CNY,CN10Y
2011-04-22,3039.93,0.038966,,,000069,消费80,CNY,CN10Y
2011-04-25,3025.13,0.038961,,,000069,消费80,CNY,CN10Y
2011-04-26,2998.78,0.03896,,,000069,消费80,CNY,CN10Y
2011-04-27,2964.52,0.038812,,,000069,消费80,CNY,CN10Y
2011-04-28,2878.72,0.0387,,,000069,消费80,CNY,CN10Y
2011-04-29,2922.91,0.038713,,,000069,消费80,CNY,CN10Y
2011-05-03,2961.69,0.038752,,,000069,消费80,CNY,CN10Y
2011-05-04,2914.2,0.038772,,,000069,消费80,CNY,CN10Y
2011-05-05,2933.65,0.038715,,,000069,消费80,CNY,CN10Y
2011-05-06,2950.99,0.038308,,,000069,消费80,CNY,CN10Y
2011-05-09,2955.19,0.038378,,,000069,消费80,CNY,CN10Y
2011-05-10,2949.93,0.038326,,,000069,消费80,CNY,CN10Y
2011-05-11,2951.73,0.038334,,,000069,消费80,CNY,CN10Y
2011-05-12,2929.43,0.038211,,,000069,消费80,CNY,CN10Y
2011-05-13,2940.68,0.038363,,,000069,消费80,CNY,CN10Y
2011-05-16,2933.54,0.038432,,,000069,消费80,CNY,CN10Y
2011-05-17,2928.52,0.038318,,,000069,消费80,CNY,CN10Y
2011-05-18,2953.61,0.038338,,,000069,消费80,CNY,CN10Y
2011-05-19,2944.71,0.038309,,,000069,消费80,CNY,CN10Y
2011-05-20,2936.59,0.038429,,,000069,消费80,CNY,CN10Y
2011-05-23,2842.67,0.0384,,,000069,消费80,CNY,CN10Y
2011-05-24,2828.14,0.038414,,,000069,消费80,CNY,CN10Y
2011-05-25,2797.36,0.038382,,,000069,消费80,CNY,CN10Y
2011-05-26,2783.07,0.038352,,,000069,消费80,CNY,CN10Y
2011-05-27,2729.13,0.038217,,,000069,消费80,CNY,CN10Y
2011-05-30,2718.02,0.038256,,,000069,消费80,CNY,CN10Y
2011-05-31,2766.63,0.038311,,,000069,消费80,CNY,CN10Y
2011-06-01,2796.71,0.038311,,,000069,消费80,CNY,CN10Y
2011-06-02,2760.78,0.0383369999999999,,,000069,消费80,CNY,CN10Y
2011-06-03,2809.27,0.0383369999999999,,,000069,消费80,CNY,CN10Y
2011-06-07,2813.6,0.038341,,,000069,消费80,CNY,CN10Y
2011-06-08,2827.29,0.038572,,,000069,消费80,CNY,CN10Y
2011-06-09,2761.67,0.038726,,,000069,消费80,CNY,CN10Y
2011-06-10,2771.82,0.03894,,,000069,消费80,CNY,CN10Y
2011-06-13,2740.38,0.039036,,,000069,消费80,CNY,CN10Y
2011-06-14,2774.63,0.039406,,,000069,消费80,CNY,CN10Y
2011-06-15,2748.55,0.039986,,,000069,消费80,CNY,CN10Y
2011-06-16,2697.75,0.039839,,,000069,消费80,CNY,CN10Y
2011-06-17,2670.56,0.039803,,,000069,消费80,CNY,CN10Y
2011-06-20,2638.2,0.039413,,,000069,消费80,CNY,CN10Y
2011-06-21,2673.37,0.039003,,,000069,消费80,CNY,CN10Y
2011-06-22,2679.58,0.039555,,,000069,消费80,CNY,CN10Y
2011-06-23,2731.23,0.039691,,,000069,消费80,CNY,CN10Y
2011-06-24,2790.28,0.038963,,,000069,消费80,CNY,CN10Y
2011-06-27,2805.4,0.038703,,,000069,消费80,CNY,CN10Y
2011-06-28,2813.25,0.038801,23.2,0.00430244827586207,000069,消费80,CNY,CN10Y
2011-06-29,2787.32,0.038833,23.2,0.004270448275862072,000069,消费80,CNY,CN10Y
2011-06-30,2817.84,0.038857,23.2,0.004246448275862069,000069,消费80,CNY,CN10Y
2011-07-01,2829.15,0.038775,23.2,0.004328448275862075,000069,消费80,CNY,CN10Y
2011-07-04,2898.48,0.038842,23.2,0.00426144827586207,000069,消费80,CNY,CN10Y
2011-07-05,2907.26,0.038909,23.2,0.004194448275862073,000069,消费80,CNY,CN10Y
2011-07-06,2917.83,0.039116,23.2,0.003987448275862074,000069,消费80,CNY,CN10Y
2011-07-07,2919.99,0.039021,23.2,0.004082448275862072,000069,消费80,CNY,CN10Y
2011-07-08,2913.15,0.038881,23.2,0.004222448275862073,000069,消费80,CNY,CN10Y
2011-07-11,2948.89,0.038923,23.2,0.004180448275862073,000069,消费80,CNY,CN10Y
2011-07-12,2910.58,0.0388989999999999,23.2,0.004204448275862173,000069,消费80,CNY,CN10Y
2011-07-13,2962.88,0.038913,23.2,0.004190448275862069,000069,消费80,CNY,CN10Y
2011-07-14,2982.53,0.0392039999999999,23.2,0.003899448275862173,000069,消费80,CNY,CN10Y
2011-07-15,3019.51,0.039278,26.11,-0.0009784978935273858,000069,消费80,CNY,CN10Y
2011-07-18,3036.57,0.039558,25.41,-0.00020341519086974208,000069,消费80,CNY,CN10Y
2011-07-19,3005.32,0.040088,30.84,-0.0076625784695201,000069,消费80,CNY,CN10Y
2011-07-20,3008.65,0.040715,30.85,-0.008300089141004864,000069,消费80,CNY,CN10Y
2011-07-21,2989.38,0.0408889999999999,30.74,-0.00835809564085871,000069,消费80,CNY,CN10Y
2011-07-22,3002.44,0.040671,30.86,-0.008266593000648088,000069,消费80,CNY,CN10Y
2011-07-25,2907.29,0.040663,29.88,-0.007195797858099061,000069,消费80,CNY,CN10Y
2011-07-26,2916.04,0.040753,29.95,-0.007364018363939899,000069,消费80,CNY,CN10Y
2011-07-27,2953.21,0.0408549999999999,30.29,-0.007840803895675034,000069,消费80,CNY,CN10Y
2011-07-28,2940.64,0.040627,30.17,-0.007481491216440178,000069,消费80,CNY,CN10Y
2011-07-29,2918.37,0.040477,30.11,-0.007265442377947524,000069,消费80,CNY,CN10Y
2011-08-01,2917.72,0.040502,30.11,-0.007290442377947529,000069,消费80,CNY,CN10Y
2011-08-02,2895.75,0.040615,30.11,-0.007403442377947524,000069,消费80,CNY,CN10Y
2011-08-03,2905.11,0.041201,29.8,-0.0076439530201342296,000069,消费80,CNY,CN10Y
2011-08-04,2920.66,0.040911,29.8,-0.007353953020134231,000069,消费80,CNY,CN10Y
2011-08-05,2876.97,0.040423,29.5,-0.006524694915254238,000069,消费80,CNY,CN10Y
2011-08-08,2782.02,0.040007,28.53,-0.004956176305643184,000069,消费80,CNY,CN10Y
2011-08-09,2783.51,0.039554,28.55,-0.004527730297723291,000069,消费80,CNY,CN10Y
2011-08-10,2816.72,0.039639,28.9,-0.005036923875432524,000069,消费80,CNY,CN10Y
2011-08-11,2887.62,0.039291,29.57,-0.005472941156577614,000069,消费80,CNY,CN10Y
2011-08-12,2907.52,0.039268,29.78,-0.0056884163868368,000069,消费80,CNY,CN10Y
2011-08-15,2927.59,0.0392309999999999,29.96,-0.005853162883845027,000069,消费80,CNY,CN10Y
2011-08-16,2891.4,0.039492,29.58,-0.005685373901284652,000069,消费80,CNY,CN10Y
2011-08-17,2880.15,0.039432,29.45,-0.005476142614601019,000069,消费80,CNY,CN10Y
2011-08-18,2832.87,0.03956,28.94,-0.005005749827228748,000069,消费80,CNY,CN10Y
2011-08-19,2823.01,0.039331,28.8,-0.004608777777777774,000069,消费80,CNY,CN10Y
2011-08-22,2780.68,0.039325,28.4,-0.004113732394366194,000069,消费80,CNY,CN10Y
2011-08-23,2809.2,0.039356,28.82,-0.004657873698820265,000069,消费80,CNY,CN10Y
2011-08-24,2808.69,0.039501,28.82,-0.004802873698820265,000069,消费80,CNY,CN10Y
2011-08-25,2857.58,0.03975,29.62,-0.005989027683997304,000069,消费80,CNY,CN10Y
2011-08-26,2863.86,0.039886,29.75,-0.006272554621848739,000069,消费80,CNY,CN10Y
2011-08-29,2853.34,0.040994,29.59,-0.007198798918553566,000069,消费80,CNY,CN10Y
2011-08-30,2833.63,0.041303,29.41,-0.007300959877592654,000069,消费80,CNY,CN10Y
2011-08-31,2830.88,0.04105,29.37,-0.007001651344909779,000069,消费80,CNY,CN10Y
2011-09-01,2794.26,0.040708,29.01,-0.006237127886935541,000069,消费80,CNY,CN10Y
2011-09-02,2766.12,0.0407,28.76,-0.005929485396383868,000069,消费80,CNY,CN10Y
2011-09-05,2713.49,0.0405009999999999,28.25,-0.0051027699115043235,000069,消费80,CNY,CN10Y
2011-09-06,2674.37,0.040107,27.81,-0.004148711614527144,000069,消费80,CNY,CN10Y
2011-09-07,2727.87,0.0405,28.41,-0.005301126363956354,000069,消费80,CNY,CN10Y
2011-09-08,2707.76,0.04065,28.21,-0.005201577454803263,000069,消费80,CNY,CN10Y
2011-09-09,2688.04,0.040452,28.05,-0.004801376114081997,000069,消费80,CNY,CN10Y
2011-09-13,2643.15,0.040208,27.65,-0.004041634719710668,000069,消费80,CNY,CN10Y
2011-09-14,2652.07,0.0402099999999999,27.73,-0.004147973314100155,000069,消费80,CNY,CN10Y
2011-09-15,2658.22,0.040495,27.81,-0.00453671161452715,000069,消费80,CNY,CN10Y
2011-09-16,2666.75,0.040752,27.94,-0.0049610193271295636,000069,消费80,CNY,CN10Y
2011-09-19,2632.09,0.040801,27.59,-0.004555983689742658,000069,消费80,CNY,CN10Y
2011-09-20,2635.83,0.040801,27.63,-0.004608455664133183,000069,消费80,CNY,CN10Y
2011-09-21,2709.08,0.040908,28.44,-0.005746255977496485,000069,消费80,CNY,CN10Y
2011-09-22,2629.51,0.040676,27.57,-0.004404690605730864,000069,消费80,CNY,CN10Y
2011-09-23,2601.48,0.039662,27.24,-0.002951280469897212,000069,消费80,CNY,CN10Y
2011-09-26,2558.4,0.0388779999999999,26.8,-0.0015645671641790065,000069,消费80,CNY,CN10Y
2011-09-27,2582.56,0.039158,27.11,-0.0022712423459977857,000069,消费80,CNY,CN10Y
2011-09-28,2546.49,0.039203,26.71,-0.0017638386372145279,000069,消费80,CNY,CN10Y
2011-09-29,2504.17,0.03884,26.33,-0.0008605089251804005,000069,消费80,CNY,CN10Y
2011-09-30,2506.6,0.038605,26.33,-0.0006255089251804014,000069,消费80,CNY,CN10Y
2011-10-08,,0.038605,26.33,-0.0006255089251804014,000069,消费80,CNY,CN10Y
2011-10-09,,0.038056,26.33,-7.650892518040048e-05,000069,消费80,CNY,CN10Y
2011-10-10,2486.77,0.0377059999999999,26.07,0.0006522662063675744,000069,消费80,CNY,CN10Y
2011-10-11,2473.45,0.037593,25.92,0.0009872469135802434,000069,消费80,CNY,CN10Y
2011-10-12,2555.39,0.038005,26.79,-0.0006776390444195521,000069,消费80,CNY,CN10Y
2011-10-13,2582.34,0.038205,27.1,-0.0013046309963099662,000069,消费80,CNY,CN10Y
2011-10-14,2562.08,0.037707,26.91,-0.0005460932738758778,000069,消费80,CNY,CN10Y
2011-10-17,2582.04,0.037906,27.12,-0.0010328436578171118,000069,消费80,CNY,CN10Y
2011-10-18,2521.91,0.0374069999999999,26.46,0.0003858949357521818,000069,消费80,CNY,CN10Y
2011-10-19,2516.14,0.037311,26.41,0.0005534452858765651,000069,消费80,CNY,CN10Y
2011-10-20,2446.44,0.037266,25.71,0.0016293714507973553,000069,消费80,CNY,CN10Y
2011-10-21,2435.5,0.037385,25.6,0.0016774999999999984,000069,消费80,CNY,CN10Y
2011-10-24,2494.16,0.037533,26.22,0.0006058253241800204,000069,消费80,CNY,CN10Y
2011-10-25,2542.11,0.03796,26.76,-0.0005907922272047894,000069,消费80,CNY,CN10Y
2011-10-26,2586.14,0.037918,27.2,-0.001153294117647058,000069,消费80,CNY,CN10Y
2011-10-27,2583.11,0.0380319999999999,27.17,-0.001226700036805202,000069,消费80,CNY,CN10Y
2011-10-28,2624.36,0.03787,27.6,-0.001638115942028985,000069,消费80,CNY,CN10Y
2011-10-31,2628.24,0.037607,27.66,-0.0014537100506146067,000069,消费80,CNY,CN10Y
2011-11-01,2645.54,0.037395,27.77,-0.001384917176809504,000069,消费80,CNY,CN10Y
2011-11-02,2699.17,0.037208,28.33,-0.0019097296152488508,000069,消费80,CNY,CN10Y
2011-11-03,2705.17,0.037233,28.4,-0.0020217323943661977,000069,消费80,CNY,CN10Y
2011-11-04,2718.86,0.037158,28.51,-0.002082587863907401,000069,消费80,CNY,CN10Y
2011-11-07,2704.99,0.037333,28.3,-0.001997310954063601,000069,消费80,CNY,CN10Y
2011-11-08,2675.11,0.036988,27.97,-0.001235407937075439,000069,消费80,CNY,CN10Y
2011-11-09,2703.89,0.036436,28.27,-0.001062812875840119,000069,消费80,CNY,CN10Y
2011-11-10,2665.88,0.035563,27.87,0.0003178754933620409,000069,消费80,CNY,CN10Y
2011-11-11,2664.12,0.035916,27.82,2.936304816678753e-05,000069,消费80,CNY,CN10Y
2011-11-14,2715.18,0.035807,28.37,-0.000558498061332395,000069,消费80,CNY,CN10Y
2011-11-15,2711.84,0.036563,28.35,-0.0012896313932980602,000069,消费80,CNY,CN10Y
2011-11-16,2647.94,0.03626,27.7,-0.00015891696750902629,000069,消费80,CNY,CN10Y
2011-11-17,2644.47,0.03636,27.67,-0.00021977593061077438,000069,消费80,CNY,CN10Y
2011-11-18,2591.87,0.036412,27.15,0.000420412523020261,000069,消费80,CNY,CN10Y
2011-11-21,2595.82,0.036598,27.23,0.00012620124862284393,000069,消费80,CNY,CN10Y
2011-11-22,2603.51,0.036412,27.27,0.00025833370003667394,000069,消费80,CNY,CN10Y
2011-11-23,2600.58,0.035914,27.2,0.0008507058823529409,000069,消费80,CNY,CN10Y
2011-11-24,2610.8,0.036103,27.23,0.0006212012486228394,000069,消费80,CNY,CN10Y
2011-11-25,2606.8,0.036115,20.16,0.0134881746031746,000069,消费80,CNY,CN10Y
2011-11-28,2619.12,0.036402,20.24,0.013005114624505938,000069,消费80,CNY,CN10Y
2011-11-29,2644.32,0.036315,20.43,0.012632626040137054,000069,消费80,CNY,CN10Y
2011-11-30,2569.45,0.036091,19.82,0.014363086781029266,000069,消费80,CNY,CN10Y
2011-12-01,2609.2,0.035005,20.15,0.014622791563275436,000069,消费80,CNY,CN10Y
2011-12-02,2576.35,0.03472,19.89,0.01555652086475616,000069,消费80,CNY,CN10Y
2011-12-05,2505.28,0.03442,19.36,0.017232892561983473,000069,消费80,CNY,CN10Y
2011-12-06,2493.33,0.03479,19.27,0.01710413596263622,000069,消费80,CNY,CN10Y
2011-12-07,2502.29,0.03489,19.35,0.016789586563307493,000069,消费80,CNY,CN10Y
2011-12-08,2488.95,0.034953,19.28,0.016914219917012446,000069,消费80,CNY,CN10Y
2011-12-09,2447.93,0.034817,18.97,0.01789781286241434,000069,消费80,CNY,CN10Y
2011-12-12,2413.21,0.034927,18.71,0.018520354355959376,000069,消费80,CNY,CN10Y
2011-12-13,2352.8,0.034982,18.25,0.019812520547945203,000069,消费80,CNY,CN10Y
2011-12-14,2322.64,0.034807,18.06,0.02056398560354375,000069,消费80,CNY,CN10Y
2011-12-15,2281.56,0.03489,17.77,0.021384620146314016,000069,消费80,CNY,CN10Y
2011-12-16,2330.77,0.034637,18.21,0.02027788193300384,000069,消费80,CNY,CN10Y
2011-12-19,2330.25,0.034702,18.22,0.020182742041712408,000069,消费80,CNY,CN10Y
2011-12-20,2317.84,0.034655,18.24,0.020169561403508778,000069,消费80,CNY,CN10Y
2011-12-21,2281.84,0.034709,17.97,0.02093930272676684,000069,消费80,CNY,CN10Y
2011-12-22,2273.18,0.034752,17.94,0.02098936008918617,000069,消费80,CNY,CN10Y
2011-12-23,2291.0,0.034803,18.11,0.020415111540585312,000069,消费80,CNY,CN10Y
2011-12-26,2256.52,0.0346519999999999,17.87,0.021307709009513252,000069,消费80,CNY,CN10Y
2011-12-27,2205.36,0.034603,17.45,0.022703590257879658,000069,消费80,CNY,CN10Y
2011-12-28,2196.07,0.034603,17.38,0.022934399309551212,000069,消费80,CNY,CN10Y
2011-12-29,2209.03,0.034453,17.52,0.022624625570776262,000069,消费80,CNY,CN10Y
2011-12-30,2242.78,0.034303,17.78,0.021939969628796394,000069,消费80,CNY,CN10Y
2011-12-31,,0.034211,17.78,0.022031969628796395,000069,消费80,CNY,CN10Y
2012-01-04,2187.35,0.0343949999999999,17.78,0.021847969628796496,000069,消费80,CNY,CN10Y
2012-01-05,2121.29,0.034304,17.78,0.021938969628796393,000069,消费80,CNY,CN10Y
2012-01-06,2120.53,0.03397,17.78,0.022272969628796394,000069,消费80,CNY,CN10Y
2012-01-09,2188.64,0.0338059999999999,17.78,0.022436969628796495,000069,消费80,CNY,CN10Y
2012-01-10,2268.98,0.03403,17.78,0.022212969628796396,000069,消费80,CNY,CN10Y
2012-01-11,2257.98,0.0342079999999999,17.78,0.022034969628796496,000069,消费80,CNY,CN10Y
2012-01-12,2248.62,0.03402,17.78,0.022222969628796392,000069,消费80,CNY,CN10Y
2012-01-13,2185.67,0.034108,17.78,0.022134969628796394,000069,消费80,CNY,CN10Y
2012-01-16,2106.28,0.034233,17.78,0.022009969628796394,000069,消费80,CNY,CN10Y
2012-01-17,2206.21,0.034045,17.78,0.022197969628796395,000069,消费80,CNY,CN10Y
2012-01-18,2149.49,0.033957,17.78,0.022285969628796393,000069,消费80,CNY,CN10Y
2012-01-19,2183.78,0.0337579999999999,17.78,0.022484969628796495,000069,消费80,CNY,CN10Y
2012-01-20,2230.33,0.033808,17.78,0.022434969628796396,000069,消费80,CNY,CN10Y
2012-01-21,,0.033811,17.78,0.022431969628796393,000069,消费80,CNY,CN10Y
2012-01-29,,0.033812,17.78,0.022430969628796392,000069,消费80,CNY,CN10Y
2012-01-30,2207.91,0.034005,17.78,0.022237969628796393,000069,消费80,CNY,CN10Y
2012-01-31,2208.55,0.034064,17.78,0.022178969628796397,000069,消费80,CNY,CN10Y
2012-02-01,2202.15,0.034318,17.78,0.021924969628796392,000069,消费80,CNY,CN10Y
2012-02-02,2233.19,0.0344099999999999,17.78,0.021832969628796495,000069,消费80,CNY,CN10Y
2012-02-03,2258.69,0.03436,17.78,0.021882969628796392,000069,消费80,CNY,CN10Y
2012-02-06,2277.16,0.0347849999999999,17.78,0.021457969628796494,000069,消费80,CNY,CN10Y
2012-02-07,2244.97,0.03481,17.78,0.021432969628796393,000069,消费80,CNY,CN10Y
2012-02-08,2289.87,0.035098,17.78,0.021144969628796396,000069,消费80,CNY,CN10Y
2012-02-09,2303.47,0.035409,17.78,0.02083396962879639,000069,消费80,CNY,CN10Y
2012-02-10,2311.48,0.03521,17.78,0.021032969628796395,000069,消费80,CNY,CN10Y
2012-02-13,2340.99,0.035148,17.78,0.021094969628796395,000069,消费80,CNY,CN10Y
2012-02-14,2337.05,0.03516,17.78,0.021082969628796397,000069,消费80,CNY,CN10Y
2012-02-15,2360.89,0.035335,17.78,0.020907969628796395,000069,消费80,CNY,CN10Y
2012-02-16,2346.71,0.035361,17.78,0.020881969628796397,000069,消费80,CNY,CN10Y
2012-02-17,2343.54,0.035361,17.78,0.020881969628796397,000069,消费80,CNY,CN10Y
2012-02-20,2343.05,0.035116,17.78,0.021126969628796392,000069,消费80,CNY,CN10Y
2012-02-21,2373.13,0.035164,17.78,0.021078969628796393,000069,消费80,CNY,CN10Y
2012-02-22,2416.7,0.035276,17.78,0.020966969628796392,000069,消费80,CNY,CN10Y
2012-02-23,2430.45,0.035254,17.78,0.020988969628796393,000069,消费80,CNY,CN10Y
2012-02-24,2456.39,0.035164,17.78,0.021078969628796393,000069,消费80,CNY,CN10Y
2012-02-27,2474.09,0.035501,17.78,0.020741969628796396,000069,消费80,CNY,CN10Y
2012-02-28,2475.51,0.035464,17.78,0.02077896962879639,000069,消费80,CNY,CN10Y
2012-02-29,2459.0,0.0353399999999999,17.78,0.020902969628796494,000069,消费80,CNY,CN10Y
2012-03-01,2461.1,0.0355,17.78,0.020742969628796397,000069,消费80,CNY,CN10Y
2012-03-02,2500.86,0.035616,17.78,0.020626969628796392,000069,消费80,CNY,CN10Y
2012-03-05,2487.65,0.035614,17.78,0.020628969628796394,000069,消费80,CNY,CN10Y
2012-03-06,2462.43,0.0354649999999999,17.78,0.020777969628796494,000069,消费80,CNY,CN10Y
2012-03-07,2454.47,0.035316,17.78,0.020926969628796394,000069,消费80,CNY,CN10Y
2012-03-08,2483.79,0.035316,20.46,0.013559855327468229,000069,消费80,CNY,CN10Y
2012-03-09,2520.33,0.035367,20.3,0.013894083743842357,000069,消费80,CNY,CN10Y
2012-03-12,2543.83,0.035242,20.45,0.013657755501222495,000069,消费80,CNY,CN10Y
2012-03-13,2563.35,0.0354009999999999,20.57,0.013213487117161013,000069,消费80,CNY,CN10Y
2012-03-14,2474.8,0.035451,19.85,0.014926833753148606,000069,消费80,CNY,CN10Y
2012-03-15,2465.99,0.035589,19.75,0.01504391139240506,000069,消费80,CNY,CN10Y
2012-03-16,2539.78,0.035483,20.35,0.013657049140049136,000069,消费80,CNY,CN10Y
2012-03-19,2547.36,0.03559,20.39,0.013453648847474256,000069,消费80,CNY,CN10Y
2012-03-20,2486.81,0.035601,19.92,0.014599803212851398,000069,消费80,CNY,CN10Y
2012-03-21,2476.17,0.035608,19.85,0.014769833753148609,000069,消费80,CNY,CN10Y
2012-03-22,2467.38,0.035502,19.79,0.015028570995452253,000069,消费80,CNY,CN10Y
2012-03-23,2433.84,0.035267,19.58,0.015805522982635344,000069,消费80,CNY,CN10Y
2012-03-26,2441.11,0.035247,19.58,0.015825522982635343,000069,消费80,CNY,CN10Y
2012-03-27,2407.01,0.035403,19.58,0.015669522982635346,000069,消费80,CNY,CN10Y
2012-03-28,2330.72,0.035223,19.58,0.015849522982635346,000069,消费80,CNY,CN10Y
2012-03-29,2303.7,0.035143,19.58,0.015929522982635343,000069,消费80,CNY,CN10Y
2012-03-30,2293.93,0.035054,19.58,0.01601852298263534,000069,消费80,CNY,CN10Y
2012-03-31,,0.035004,19.58,0.016068522982635343,000069,消费80,CNY,CN10Y
2012-04-01,,0.035204,19.58,0.015868522982635344,000069,消费80,CNY,CN10Y
2012-04-05,2366.0,0.035191,19.14,0.0170556039707419,000069,消费80,CNY,CN10Y
2012-04-06,2376.39,0.035203,19.23,0.016799080083203327,000069,消费80,CNY,CN10Y
2012-04-09,2355.73,0.035352,19.05,0.01714143832020997,000069,消费80,CNY,CN10Y
2012-04-10,2381.65,0.035366,19.26,0.01655507995846313,000069,消费80,CNY,CN10Y
2012-04-11,2387.87,0.035308,19.7,0.015453421319796955,000069,消费80,CNY,CN10Y
2012-04-12,2430.3,0.035407,19.64,0.015509496945010179,000069,消费80,CNY,CN10Y
2012-04-13,2439.81,0.0352769999999999,19.7,0.015484421319797055,000069,消费80,CNY,CN10Y
2012-04-16,2442.35,0.035318,19.65,0.015572585241730282,000069,消费80,CNY,CN10Y
2012-04-17,2420.44,0.035291,19.56,0.015833744376278117,000069,消费80,CNY,CN10Y
2012-04-18,2461.0,0.035366,19.89,0.014910520864756159,000069,消费80,CNY,CN10Y
2012-04-19,2438.57,0.035518,19.7,0.015243421319796953,000069,消费80,CNY,CN10Y
2012-04-20,2453.44,0.035414,19.83,0.015014643469490677,000069,消费80,CNY,CN10Y
2012-04-23,2424.13,0.035407,18.37,0.019029581382689162,000069,消费80,CNY,CN10Y
2012-04-24,2409.16,0.035302,18.37,0.019134581382689163,000069,消费80,CNY,CN10Y
2012-04-25,2431.43,0.035369,18.37,0.019067581382689165,000069,消费80,CNY,CN10Y
2012-04-26,2433.24,0.035357,18.76,0.017947904051172706,000069,消费80,CNY,CN10Y
2012-04-27,2438.58,0.035389,18.86,0.01763326935312832,000069,消费80,CNY,CN10Y
2012-04-28,,0.035391,18.86,0.017631269353128316,000069,消费80,CNY,CN10Y
2012-05-02,2478.68,0.035449,19.2,0.016634333333333334,000069,消费80,CNY,CN10Y
2012-05-03,2506.59,0.035454,19.38,0.016145587203302378,000069,消费80,CNY,CN10Y
2012-05-04,2538.0,0.035512,19.63,0.015430435048395315,000069,消费80,CNY,CN10Y
2012-05-07,2566.17,0.035518,19.82,0.014936086781029263,000069,消费80,CNY,CN10Y
2012-05-08,2562.86,0.03552,19.78,0.015036117290192108,000069,消费80,CNY,CN10Y
2012-05-09,2511.34,0.035414,19.39,0.01615897576070139,000069,消费80,CNY,CN10Y
2012-05-10,2516.62,0.035287,19.42,0.016206305870236866,000069,消费80,CNY,CN10Y
2012-05-11,2514.56,0.034907,19.4,0.016639391752577323,000069,消费80,CNY,CN10Y
2012-05-14,2500.55,0.034461,19.28,0.017406219917012446,000069,消费80,CNY,CN10Y
2012-05-15,2505.61,0.03405,19.31,0.01773663904712585,000069,消费80,CNY,CN10Y
2012-05-16,2481.72,0.033618,19.28,0.018249219917012442,000069,消费80,CNY,CN10Y
2012-05-17,2503.34,0.034116,19.28,0.017751219917012444,000069,消费80,CNY,CN10Y
2012-05-18,2463.19,0.033614,19.01,0.018989892688058917,000069,消费80,CNY,CN10Y
2012-05-21,2477.69,0.033866,19.08,0.018544901467505245,000069,消费80,CNY,CN10Y
2012-05-22,2514.76,0.033948,19.48,0.017386702258726898,000069,消费80,CNY,CN10Y
2012-05-23,2513.71,0.033825,19.13,0.01844891531625719,000069,消费80,CNY,CN10Y
2012-05-24,2480.72,0.0336189999999999,19.13,0.018654915316257292,000069,消费80,CNY,CN10Y
2012-05-25,2434.26,0.033019,18.7,0.020456935828877004,000069,消费80,CNY,CN10Y
2012-05-28,2470.57,0.033418,19.04,0.019103008403361342,000069,消费80,CNY,CN10Y
2012-05-29,2503.82,0.033718,19.25,0.018230051948051954,000069,消费80,CNY,CN10Y
2012-05-30,2509.82,0.033766,19.32,0.01799383436853002,000069,消费80,CNY,CN10Y
2012-05-31,2523.62,0.033443,19.48,0.017891702258726896,000069,消费80,CNY,CN10Y
2012-06-01,2532.44,0.033416,19.56,0.017708744376278118,000069,消费80,CNY,CN10Y
2012-06-04,2471.91,0.033469,19.08,0.018941901467505247,000069,消费80,CNY,CN10Y
2012-06-05,2486.33,0.033568,19.08,0.018842901467505245,000069,消费80,CNY,CN10Y
2012-06-06,2472.36,0.0336,19.08,0.018810901467505248,000069,消费80,CNY,CN10Y
2012-06-07,2457.18,0.033751,19.08,0.018659901467505242,000069,消费80,CNY,CN10Y
2012-06-08,2447.61,0.033101,15.63,0.03087852655150352,000069,消费80,CNY,CN10Y
2012-06-11,2472.29,0.033491,19.14,0.0187556039707419,000069,消费80,CNY,CN10Y
2012-06-12,2454.6,0.033747,18.89,0.01919106246691371,000069,消费80,CNY,CN10Y
2012-06-13,2515.18,0.0339089999999999,19.33,0.017824057423693848,000069,消费80,CNY,CN10Y
2012-06-14,2525.67,0.034009,19.45,0.017404881748071983,000069,消费80,CNY,CN10Y
2012-06-15,2515.87,0.033932,19.42,0.017561305870236868,000069,消费80,CNY,CN10Y
2012-06-18,2532.51,0.034107,19.58,0.016965522982635345,000069,消费80,CNY,CN10Y
2012-06-19,2512.5,0.034093,19.23,0.017909080083203327,000069,消费80,CNY,CN10Y
2012-06-20,2487.65,0.034101,19.23,0.017901080083203326,000069,消费80,CNY,CN10Y
2012-06-21,2456.09,0.034001,18.97,0.018713812862414338,000069,消费80,CNY,CN10Y
2012-06-25,2420.03,0.033677,18.78,0.019571136315228964,000069,消费80,CNY,CN10Y
2012-06-26,2417.04,0.033653,18.76,0.019651904051172703,000069,消费80,CNY,CN10Y
2012-06-27,2423.06,0.033252,18.82,0.01988296280552604,000069,消费80,CNY,CN10Y
2012-06-28,2401.09,0.033253,18.64,0.0203950686695279,000069,消费80,CNY,CN10Y
2012-06-29,2435.95,0.033253,18.92,0.01960112262156448,000069,消费80,CNY,CN10Y
2012-07-02,2445.43,0.033353,18.89,0.01958506246691371,000069,消费80,CNY,CN10Y
2012-07-03,2462.9,0.033204,19.09,0.019179446830801472,000069,消费80,CNY,CN10Y
2012-07-04,2458.56,0.033195,18.94,0.019603310454065465,000069,消费80,CNY,CN10Y
2012-07-05,2422.42,0.033193,18.75,0.020140333333333336,000069,消费80,CNY,CN10Y
2012-07-06,2488.36,0.0329599999999999,19.27,0.018934135962636323,000069,消费80,CNY,CN10Y
2012-07-09,2454.38,0.032709,18.97,0.02000581286241434,000069,消费80,CNY,CN10Y
2012-07-10,2428.12,0.032549,18.79,0.020670797764768496,000069,消费80,CNY,CN10Y
2012-07-11,2471.42,0.0323979999999999,19.12,0.01990325523012562,000069,消费80,CNY,CN10Y
2012-07-12,2478.58,0.032502,19.15,0.019717321148825066,000069,消费80,CNY,CN10Y
2012-07-13,2484.81,0.032591,19.18,0.019546643378519288,000069,消费80,CNY,CN10Y
2012-07-16,2425.5,0.0327519999999999,18.79,0.0204677977647686,000069,消费80,CNY,CN10Y
2012-07-17,2411.75,0.03285,18.66,0.02074056806002144,000069,消费80,CNY,CN10Y
2012-07-18,2416.71,0.032858,18.65,0.020761302949061665,000069,消费80,CNY,CN10Y
2012-07-19,2435.2,0.03286,18.83,0.020246744556558685,000069,消费80,CNY,CN10Y
2012-07-20,2417.35,0.03281,18.83,0.020296744556558687,000069,消费80,CNY,CN10Y
2012-07-23,2400.61,0.03276,18.51,0.021264851431658564,000069,消费80,CNY,CN10Y
2012-07-24,2421.78,0.032759,18.7,0.020716935828877,000069,消费80,CNY,CN10Y
2012-07-25,2422.23,0.03276,18.7,0.020715935828877007,000069,消费80,CNY,CN10Y
2012-07-26,2395.38,0.032763,18.56,0.02111631034482759,000069,消费80,CNY,CN10Y
2012-07-27,2382.99,0.032764,18.47,0.021377851651326475,000069,消费80,CNY,CN10Y
2012-07-30,2358.66,0.032755,18.32,0.02183015283842795,000069,消费80,CNY,CN10Y
2012-07-31,2331.89,0.032915,18.12,0.02227263796909492,000069,消费80,CNY,CN10Y
2012-08-01,2359.02,0.032921,18.29,0.021753685620557683,000069,消费80,CNY,CN10Y
2012-08-02,2356.65,0.032861,18.26,0.021903512595837893,000069,消费80,CNY,CN10Y
2012-08-03,2379.66,0.032902,18.4,0.021445826086956526,000069,消费80,CNY,CN10Y
2012-08-06,2414.49,0.0331,18.66,0.02049056806002144,000069,消费80,CNY,CN10Y
2012-08-07,2424.46,0.0333,18.75,0.020033333333333334,000069,消费80,CNY,CN10Y
2012-08-08,2408.58,0.033545,18.66,0.02004556806002144,000069,消费80,CNY,CN10Y
2012-08-09,2462.87,0.033023,19.07,0.01941538489774515,000069,消费80,CNY,CN10Y
2012-08-10,2444.51,0.032825,18.84,0.02025355626326964,000069,消费80,CNY,CN10Y
2012-08-13,2429.74,0.033029,18.71,0.020418354355959373,000069,消费80,CNY,CN10Y
2012-08-14,2437.07,0.033105,18.78,0.02014313631522896,000069,消费80,CNY,CN10Y
2012-08-15,2411.21,0.033402,18.59,0.020390361484669176,000069,消费80,CNY,CN10Y
2012-08-16,2382.03,0.033467,18.35,0.021028912806539506,000069,消费80,CNY,CN10Y
2012-08-17,2362.58,0.033342,18.17,0.0216937732526142,000069,消费80,CNY,CN10Y
2012-08-20,2368.56,0.033564,18.21,0.021350881933003843,000069,消费80,CNY,CN10Y
2012-08-21,2411.48,0.033578,18.5,0.02047605405405406,000069,消费80,CNY,CN10Y
2012-08-22,2390.77,0.033935,18.3,0.020709808743169397,000069,消费80,CNY,CN10Y
2012-08-23,2391.73,0.033702,18.28,0.02100259518599562,000069,消费80,CNY,CN10Y
2012-08-24,2368.47,0.033364,18.14,0.021762791620727674,000069,消费80,CNY,CN10Y
2012-08-27,2327.53,0.033498,17.82,0.02261872278338945,000069,消费80,CNY,CN10Y
2012-08-28,2316.95,0.033634,17.75,0.02270402816901409,000069,消费80,CNY,CN10Y
2012-08-29,2298.37,0.033943,17.57,0.022972196357427428,000069,消费80,CNY,CN10Y
2012-08-30,2266.17,0.033904,17.39,0.023600312823461762,000069,消费80,CNY,CN10Y
2012-08-31,2271.66,0.033928,16.63,0.026204291040288638,000069,消费80,CNY,CN10Y
2012-09-03,2315.3,0.034001,16.63,0.026131291040288634,000069,消费80,CNY,CN10Y
2012-09-04,2307.9,0.033836,16.98,0.025056815076560657,000069,消费80,CNY,CN10Y
2012-09-05,2318.86,0.033887,17.05,0.024764026392961873,000069,消费80,CNY,CN10Y
2012-09-06,2327.76,0.033963,17.1,0.024516532163742687,000069,消费80,CNY,CN10Y
2012-09-07,2404.05,0.034162,17.69,0.022367112492933862,000069,消费80,CNY,CN10Y
2012-09-10,2409.89,0.034611,17.74,0.02175878579481398,000069,消费80,CNY,CN10Y
2012-09-11,2408.58,0.034714,17.72,0.02171940857787811,000069,消费80,CNY,CN10Y
2012-09-12,2419.97,0.0349089999999999,17.79,0.021302354693648218,000069,消费80,CNY,CN10Y
2012-09-13,2395.66,0.034834,17.64,0.021855342403628117,000069,消费80,CNY,CN10Y
2012-09-14,2409.41,0.035485,17.77,0.02078962014631401,000069,消费80,CNY,CN10Y
2012-09-17,2353.63,0.035717,17.37,0.02185352389176741,000069,消费80,CNY,CN10Y
2012-09-18,2345.12,0.035216,17.32,0.022520720554272518,000069,消费80,CNY,CN10Y
2012-09-19,2351.6,0.035166,17.33,0.022537404500865554,000069,消费80,CNY,CN10Y
2012-09-20,2294.12,0.035171,16.93,0.02389574542232723,000069,消费80,CNY,CN10Y
2012-09-21,2288.06,0.034998,16.9,0.024173597633136097,000069,消费80,CNY,CN10Y
2012-09-24,2302.33,0.034956,17.0,0.023867529411764704,000069,消费80,CNY,CN10Y
2012-09-25,2300.09,0.034676,17.04,0.024009446009389673,000069,消费80,CNY,CN10Y
2012-09-26,2264.82,0.034444,16.79,0.025115261465157836,000069,消费80,CNY,CN10Y
2012-09-27,2313.93,0.034525,17.16,0.023750058275058272,000069,消费80,CNY,CN10Y
2012-09-28,2363.39,0.034575,17.55,0.02240505698005698,000069,消费80,CNY,CN10Y
2012-09-29,,0.034574,17.55,0.02240605698005698,000069,消费80,CNY,CN10Y
2012-10-08,2350.83,0.034814,17.45,0.022492590257879662,000069,消费80,CNY,CN10Y
2012-10-09,2405.25,0.034921,17.84,0.021132811659192827,000069,消费80,CNY,CN10Y
2012-10-10,2411.75,0.035036,17.87,0.020923709009513153,000069,消费80,CNY,CN10Y
2012-10-11,2382.62,0.03499,17.64,0.021699342403628114,000069,消费80,CNY,CN10Y
2012-10-12,2378.08,0.034807,17.63,0.02191449744753262,000069,消费80,CNY,CN10Y
2012-10-15,2381.11,0.03473,17.64,0.021959342403628117,000069,消费80,CNY,CN10Y
2012-10-16,2402.06,0.0349029999999999,17.77,0.021371620146314114,000069,消费80,CNY,CN10Y
2012-10-17,2400.69,0.035036,17.78,0.021206969628796396,000069,消费80,CNY,CN10Y
2012-10-18,2431.25,0.03519,18.04,0.02024237250554324,000069,消费80,CNY,CN10Y
2012-10-19,2421.8,0.03535,17.97,0.02029830272676684,000069,消费80,CNY,CN10Y
2012-10-22,2425.84,0.035293,18.02,0.020200895671476142,000069,消费80,CNY,CN10Y
2012-10-23,2390.34,0.035454,17.75,0.020884028169014086,000069,消费80,CNY,CN10Y
2012-10-24,2389.65,0.035478,17.76,0.020828306306306298,000069,消费80,CNY,CN10Y
2012-10-25,2368.72,0.035672,17.62,0.021081688989784332,000069,消费80,CNY,CN10Y
2012-10-26,2328.04,0.035727,17.3,0.022076468208092483,000069,消费80,CNY,CN10Y
2012-10-29,2327.92,0.035668,17.31,0.022102075101097636,000069,消费80,CNY,CN10Y
2012-10-30,2329.88,0.035648,17.34,0.022022126874279124,000069,消费80,CNY,CN10Y
2012-10-31,2348.68,0.035739,16.84,0.02364342280285036,000069,消费80,CNY,CN10Y
2012-11-01,2382.63,0.0359839999999999,17.13,0.02239311617046128,000069,消费80,CNY,CN10Y
2012-11-02,2389.63,0.035852,17.16,0.02242305827505827,000069,消费80,CNY,CN10Y
2012-11-05,2371.54,0.035872,17.01,0.022916947677836558,000069,消费80,CNY,CN10Y
2012-11-06,2356.65,0.035771,16.88,0.023470706161137445,000069,消费80,CNY,CN10Y
2012-11-07,2362.5,0.035644,16.95,0.023353050147492622,000069,消费80,CNY,CN10Y
2012-11-08,2325.27,0.035609,16.69,0.024307117435590164,000069,消费80,CNY,CN10Y
2012-11-09,2312.59,0.035594,16.6,0.02464696385542168,000069,消费80,CNY,CN10Y
2012-11-12,2298.85,0.035585,16.52,0.02494768765133172,000069,消费80,CNY,CN10Y
2012-11-13,2261.32,0.03547,16.25,0.02606846153846154,000069,消费80,CNY,CN10Y
2012-11-14,2273.16,0.035356,16.32,0.025918509803921568,000069,消费80,CNY,CN10Y
2012-11-15,2245.94,0.035279,16.09,0.026871403977625857,000069,消费80,CNY,CN10Y
2012-11-16,2227.76,0.035133,15.95,0.027562924764890293,000069,消费80,CNY,CN10Y
2012-11-19,2203.58,0.03501,15.75,0.02848206349206349,000069,消费80,CNY,CN10Y
2012-11-20,2197.04,0.0351109999999999,15.73,0.02846179084551822,000069,消费80,CNY,CN10Y
2012-11-21,2211.68,0.035205,15.85,0.027886482649842267,000069,消费80,CNY,CN10Y
2012-11-22,2186.91,0.035357,15.67,0.028459209317166556,000069,消费80,CNY,CN10Y
2012-11-23,2207.53,0.035428,15.86,0.02762370239596469,000069,消费80,CNY,CN10Y
2012-11-26,2181.69,0.035511,15.66,0.028345960408684548,000069,消费80,CNY,CN10Y
2012-11-27,2138.06,0.03557,15.39,0.0294072579597141,000069,消费80,CNY,CN10Y
2012-11-28,2107.2,0.035535,15.2,0.030254473684210526,000069,消费80,CNY,CN10Y
2012-11-29,2105.45,0.035311,15.21,0.030435219592373434,000069,消费80,CNY,CN10Y
2012-11-30,2123.77,0.035332,15.35,0.02981457980456026,000069,消费80,CNY,CN10Y
2012-12-03,2068.89,0.035397,14.93,0.03158223643670463,000069,消费80,CNY,CN10Y
2012-12-04,2081.04,0.035498,14.99,0.031213140760507005,000069,消费80,CNY,CN10Y
2012-12-05,2130.78,0.035622,15.31,0.02969478641410843,000069,消费80,CNY,CN10Y
2012-12-06,2120.26,0.03558,15.22,0.030123022339027597,000069,消费80,CNY,CN10Y
2012-12-07,2164.43,0.035689,15.53,0.028702500321957508,000069,消费80,CNY,CN10Y
2012-12-10,2184.33,0.035707,15.68,0.02806851020408163,000069,消费80,CNY,CN10Y
2012-12-11,2181.26,0.0356579999999999,15.7,0.02803626751592367,000069,消费80,CNY,CN10Y
2012-12-12,2188.75,0.035666,15.8,0.027625139240506316,000069,消费80,CNY,CN10Y
2012-12-13,2169.52,0.035649,15.64,0.028289618925831206,000069,消费80,CNY,CN10Y
2012-12-14,2244.85,0.035781,16.16,0.02610018811881188,000069,消费80,CNY,CN10Y
2012-12-17,2245.75,0.035814,16.19,0.025952522544780726,000069,消费80,CNY,CN10Y
2012-12-18,2243.32,0.035843,16.23,0.025771294516327786,000069,消费80,CNY,CN10Y
2012-12-19,2255.43,0.035942,16.38,0.025108061050061053,000069,消费80,CNY,CN10Y
2012-12-20,2261.03,0.036086,16.44,0.0247412506082725,000069,消费80,CNY,CN10Y
2012-12-21,2270.13,0.03606,16.49,0.024582813826561557,000069,消费80,CNY,CN10Y
2012-12-24,2271.58,0.036009,16.42,0.024892339829476244,000069,消费80,CNY,CN10Y
2012-12-25,2321.96,0.035955,16.74,0.023782156511350065,000069,消费80,CNY,CN10Y
2012-12-26,2336.54,0.035925,16.79,0.02363426146515784,000069,消费80,CNY,CN10Y
2012-12-27,2331.72,0.035803,16.81,0.0236853997620464,000069,消费80,CNY,CN10Y
2012-12-28,2359.62,0.035752,17.06,0.0228646471277843,000069,消费80,CNY,CN10Y
2012-12-31,2384.43,0.035738,17.24,0.022266640371229704,000069,消费80,CNY,CN10Y
2013-01-04,2354.55,0.036062,17.01,0.022726947677836562,000069,消费80,CNY,CN10Y
2013-01-05,,0.036003,17.01,0.02278594767783656,000069,消费80,CNY,CN10Y
2013-01-06,,0.03595,17.01,0.022838947677836556,000069,消费80,CNY,CN10Y
2013-01-07,2372.48,0.035965,17.08,0.022583009367681504,000069,消费80,CNY,CN10Y
2013-01-08,2398.53,0.035943,17.26,0.02199442757821552,000069,消费80,CNY,CN10Y
2013-01-09,2409.11,0.03575,17.35,0.021886887608069165,000069,消费80,CNY,CN10Y
2013-01-10,2408.57,0.03595,17.34,0.02172012687427912,000069,消费80,CNY,CN10Y
2013-01-11,2374.77,0.0359989999999999,17.11,0.022446353594389346,000069,消费80,CNY,CN10Y
2013-01-14,2449.82,0.036023,17.62,0.020730688989784335,000069,消费80,CNY,CN10Y
2013-01-15,2476.94,0.036008,17.82,0.020108722783389453,000069,消费80,CNY,CN10Y
2013-01-16,2464.63,0.0360469999999999,17.72,0.020386408577878212,000069,消费80,CNY,CN10Y
2013-01-17,2450.69,0.035986,17.58,0.02089682138794085,000069,消费80,CNY,CN10Y
2013-01-18,2489.31,0.035834,17.87,0.020125709009513153,000069,消费80,CNY,CN10Y
2013-01-21,2481.52,0.035743,17.81,0.02040523133071309,000069,消费80,CNY,CN10Y
2013-01-22,2454.37,0.035705,17.62,0.021048688989784334,000069,消费80,CNY,CN10Y
2013-01-23,2466.52,0.035682,17.7,0.02081517514124294,000069,消费80,CNY,CN10Y
2013-01-24,2425.55,0.035816,17.41,0.021622253877082137,000069,消费80,CNY,CN10Y
2013-01-25,2442.2,0.035837,17.5,0.02130585714285714,000069,消费80,CNY,CN10Y
2013-01-28,2477.38,0.036042,17.72,0.020391408577878113,000069,消费80,CNY,CN10Y
2013-01-29,2475.76,0.036116,17.71,0.0203492738565782,000069,消费80,CNY,CN10Y
2013-01-30,2472.7,0.036053,17.68,0.020508085972850677,000069,消费80,CNY,CN10Y
2013-01-31,2461.52,0.036054,17.58,0.020828821387940843,000069,消费80,CNY,CN10Y
2013-02-01,2479.45,0.036004,17.67,0.020589095642331627,000069,消费80,CNY,CN10Y
2013-02-04,2455.47,0.036016,17.5,0.02112685714285714,000069,消费80,CNY,CN10Y
2013-02-05,2509.17,0.03591,17.89,0.019987149245388483,000069,消费80,CNY,CN10Y
2013-02-06,2509.91,0.035922,17.87,0.020037709009513148,000069,消费80,CNY,CN10Y
2013-02-07,2526.01,0.035928,17.99,0.01965843690939411,000069,消费80,CNY,CN10Y
2013-02-08,2586.06,0.035859,18.46,0.01831218093174431,000069,消费80,CNY,CN10Y
2013-02-16,,0.035922,18.46,0.01824918093174431,000069,消费80,CNY,CN10Y
2013-02-17,,0.035847,18.46,0.018324180931744316,000069,消费80,CNY,CN10Y
2013-02-18,2569.17,0.035929,18.34,0.01859662704471101,000069,消费80,CNY,CN10Y
2013-02-19,2529.6,0.035931,18.01,0.019593708495280394,000069,消费80,CNY,CN10Y
2013-02-20,2586.23,0.035632,18.38,0.018774964091403702,000069,消费80,CNY,CN10Y
2013-02-21,2540.9,0.035623,18.03,0.019840117027176925,000069,消费80,CNY,CN10Y
2013-02-22,2538.64,0.035708,18.05,0.019693662049861498,000069,消费80,CNY,CN10Y
2013-02-25,2540.18,0.035821,18.05,0.019580662049861496,000069,消费80,CNY,CN10Y
2013-02-26,2507.48,0.035948,17.79,0.020263354693648115,000069,消费80,CNY,CN10Y
2013-02-27,2493.92,0.035904,17.71,0.020561273856578202,000069,消费80,CNY,CN10Y
2013-02-28,2535.3,0.0359569999999999,18.01,0.019567708495280493,000069,消费80,CNY,CN10Y
2013-03-01,2545.87,0.035878,18.03,0.019585117027176926,000069,消费80,CNY,CN10Y
2013-03-04,2490.85,0.035785,17.6,0.02103318181818182,000069,消费80,CNY,CN10Y
2013-03-05,2547.03,0.03576,17.96,0.01991928730512249,000069,消费80,CNY,CN10Y
2013-03-06,2584.24,0.035802,18.22,0.019082742041712404,000069,消费80,CNY,CN10Y
2013-03-07,2557.16,0.035813,18.09,0.019466159756771698,000069,消费80,CNY,CN10Y
2013-03-08,2543.84,0.035816,18.05,0.019585662049861494,000069,消费80,CNY,CN10Y
2013-03-11,2541.09,0.03583,18.02,0.01966389567147614,000069,消费80,CNY,CN10Y
2013-03-12,2491.71,0.035897,17.66,0.020728141562853908,000069,消费80,CNY,CN10Y
2013-03-13,2463.73,0.035898,17.47,0.021342984544934177,000069,消费80,CNY,CN10Y
2013-03-14,2477.44,0.035919,17.54,0.021093542759407072,000069,消费80,CNY,CN10Y
2013-03-15,2483.09,0.035919,17.55,0.02106105698005698,000069,消费80,CNY,CN10Y
2013-03-18,2458.16,0.035971,17.28,0.02189937037037036,000069,消费80,CNY,CN10Y
2013-03-19,2453.39,0.035922,17.23,0.022116305281485775,000069,消费80,CNY,CN10Y
2013-03-20,2516.67,0.035722,17.75,0.02061602816901409,000069,消费80,CNY,CN10Y
2013-03-21,2541.17,0.035819,17.88,0.020109411633109628,000069,消费80,CNY,CN10Y
2013-03-22,2547.18,0.035816,17.92,0.019987571428571424,000069,消费80,CNY,CN10Y
2013-03-25,2535.63,0.0357699999999999,17.82,0.020346722783389552,000069,消费80,CNY,CN10Y
2013-03-26,2546.27,0.035717,17.83,0.020368249579360634,000069,消费80,CNY,CN10Y
2013-03-27,2545.1,0.035611,17.81,0.020537231330713092,000069,消费80,CNY,CN10Y
2013-03-28,2510.1,0.035505,17.58,0.021377821387940844,000069,消费80,CNY,CN10Y
2013-03-29,2492.01,0.035392,17.48,0.02181623798627002,000069,消费80,CNY,CN10Y
2013-04-01,2487.15,0.035303,17.41,0.022135253877082137,000069,消费80,CNY,CN10Y
2013-04-02,2445.33,0.035106,17.16,0.023169058275058274,000069,消费80,CNY,CN10Y
2013-04-03,2431.03,0.035005,17.04,0.02368044600938967,000069,消费80,CNY,CN10Y
2013-04-07,,0.034907,17.04,0.02377844600938967,000069,消费80,CNY,CN10Y
2013-04-08,2452.47,0.034905,17.19,0.02326835660267597,000069,消费80,CNY,CN10Y
2013-04-09,2453.74,0.034705,17.26,0.023232427578215524,000069,消费80,CNY,CN10Y
2013-04-10,2455.94,0.034624,17.31,0.023146075101097632,000069,消费80,CNY,CN10Y
2013-04-11,2450.46,0.034705,17.27,0.023198879559930517,000069,消费80,CNY,CN10Y
2013-04-12,2446.34,0.034655,17.2,0.02348453488372093,000069,消费80,CNY,CN10Y
2013-04-15,2420.65,0.034405,17.01,0.02438394767783656,000069,消费80,CNY,CN10Y
2013-04-16,2439.24,0.034005,17.19,0.024168356602675967,000069,消费80,CNY,CN10Y
2013-04-17,2479.85,0.034131,17.45,0.023175590257879658,000069,消费80,CNY,CN10Y
2013-04-18,2482.45,0.0344309999999999,17.48,0.02277723798627012,000069,消费80,CNY,CN10Y
2013-04-19,2520.76,0.034503,17.76,0.0218033063063063,000069,消费80,CNY,CN10Y
2013-04-22,2524.12,0.034867,17.78,0.02137596962879639,000069,消费80,CNY,CN10Y
2013-04-23,2456.18,0.034629,17.31,0.023141075101097634,000069,消费80,CNY,CN10Y
2013-04-24,2502.68,0.034498,17.65,0.022159223796034,000069,消费80,CNY,CN10Y
2013-04-25,2482.09,0.034314,17.53,0.02273106560182544,000069,消费80,CNY,CN10Y
2013-04-26,2451.91,0.0343129999999999,17.33,0.023390404500865658,000069,消费80,CNY,CN10Y
2013-04-27,,0.034311,17.33,0.023392404500865556,000069,消费80,CNY,CN10Y
2013-04-28,,0.034314,17.33,0.02338940450086556,000069,消费80,CNY,CN10Y
2013-05-02,2450.15,0.034119,16.69,0.02579711743559017,000069,消费80,CNY,CN10Y
2013-05-03,2499.54,0.034212,17.02,0.024542406580493538,000069,消费80,CNY,CN10Y
2013-05-06,2541.82,0.034354,17.17,0.023887118229469997,000069,消费80,CNY,CN10Y
2013-05-07,2550.28,0.034261,17.29,0.023575899942163102,000069,消费80,CNY,CN10Y
2013-05-08,2582.54,0.034345,17.57,0.02257019635742743,000069,消费80,CNY,CN10Y
2013-05-09,2576.23,0.034317,17.52,0.02276062557077626,000069,消费80,CNY,CN10Y
2013-05-10,2587.22,0.034212,17.49,0.022963528873642086,000069,消费80,CNY,CN10Y
2013-05-13,2576.32,0.034238,17.41,0.02320025387708214,000069,消费80,CNY,CN10Y
2013-05-14,2542.45,0.034248,17.15,0.02406103790087464,000069,消费80,CNY,CN10Y
2013-05-15,2564.32,0.034218,17.07,0.024364308142940834,000069,消费80,CNY,CN10Y
2013-05-16,2583.12,0.034219,17.18,0.02398821769499418,000069,消费80,CNY,CN10Y
2013-05-17,2607.84,0.034213,17.34,0.023457126874279123,000069,消费80,CNY,CN10Y
2013-05-20,2603.48,0.034253,17.32,0.023483720554272516,000069,消费80,CNY,CN10Y
2013-05-21,2610.2,0.034253,17.41,0.02318525387708214,000069,消费80,CNY,CN10Y
2013-05-22,2620.69,0.0341529999999999,17.38,0.023384399309551315,000069,消费80,CNY,CN10Y
2013-05-23,2608.55,0.03413,17.38,0.023407399309551213,000069,消费80,CNY,CN10Y
2013-05-24,2625.13,0.0341809999999999,17.5,0.022961857142857242,000069,消费80,CNY,CN10Y
2013-05-27,2642.13,0.034166,17.57,0.022749196357427427,000069,消费80,CNY,CN10Y
2013-05-28,2664.98,0.034206,17.69,0.02232311249293386,000069,消费80,CNY,CN10Y
2013-05-29,2682.53,0.03434,17.86,0.02165104143337066,000069,消费80,CNY,CN10Y
2013-05-30,2678.02,0.03434,17.79,0.021871354693648114,000069,消费80,CNY,CN10Y
2013-05-31,2646.24,0.034399,17.54,0.022613542759407072,000069,消费80,CNY,CN10Y
2013-06-03,2649.32,0.034478,17.54,0.02253454275940707,000069,消费80,CNY,CN10Y
2013-06-04,2601.54,0.034603,17.22,0.023469009291521487,000069,消费80,CNY,CN10Y
2013-06-05,2608.66,0.034615,17.27,0.023288879559930517,000069,消费80,CNY,CN10Y
2013-06-06,2581.59,0.034651,17.11,0.023794353594389243,000069,消费80,CNY,CN10Y
2013-06-07,2536.19,0.034822,16.81,0.024666399762046404,000069,消费80,CNY,CN10Y
2013-06-08,,0.034822,16.81,0.024666399762046404,000069,消费80,CNY,CN10Y
2013-06-09,,0.034491,16.81,0.0249973997620464,000069,消费80,CNY,CN10Y
2013-06-13,2486.58,0.034591,16.44,0.026236250608272504,000069,消费80,CNY,CN10Y
2013-06-14,2525.92,0.034689,16.7,0.025191239520958086,000069,消费80,CNY,CN10Y
2013-06-17,2529.57,0.0347849999999999,16.65,0.025275060060060167,000069,消费80,CNY,CN10Y
2013-06-18,2553.67,0.0348179999999999,16.81,0.024670399762046505,000069,消费80,CNY,CN10Y
2013-06-19,2550.35,0.035516,16.8,0.02400780952380952,000069,消费80,CNY,CN10Y
2013-06-20,2479.89,0.037016,16.32,0.024258509803921566,000069,消费80,CNY,CN10Y
2013-06-21,2478.52,0.036014,16.32,0.02526050980392157,000069,消费80,CNY,CN10Y
2013-06-24,2368.8,0.0359989999999999,15.58,0.028185852374839636,000069,消费80,CNY,CN10Y
2013-06-25,2376.79,0.0359989999999999,15.69,0.027735862970044718,000069,消费80,CNY,CN10Y
2013-06-26,2416.38,0.0355,15.93,0.027274639045825493,000069,消费80,CNY,CN10Y
2013-06-27,2398.1,0.035231,15.81,0.02802010689437065,000069,消费80,CNY,CN10Y
2013-06-28,2407.06,0.035125,15.92,0.027689070351758785,000069,消费80,CNY,CN10Y
2013-07-01,2461.61,0.035245,17.01,0.02354394767783656,000069,消费80,CNY,CN10Y
2013-07-02,2517.08,0.035243,17.37,0.022327523891767412,000069,消费80,CNY,CN10Y
2013-07-03,2533.69,0.035302,17.44,0.0220374495412844,000069,消费80,CNY,CN10Y
2013-07-04,2525.66,0.035102,17.42,0.022303281285878294,000069,消费80,CNY,CN10Y
2013-07-05,2513.64,0.035127,17.34,0.022543126874279125,000069,消费80,CNY,CN10Y
2013-07-08,2454.58,0.035177,16.93,0.023889745422327233,000069,消费80,CNY,CN10Y
2013-07-09,2456.27,0.035202,16.95,0.023795050147492627,000069,消费80,CNY,CN10Y
2013-07-10,2504.58,0.035802,17.3,0.022001468208092484,000069,消费80,CNY,CN10Y
2013-07-11,2552.53,0.0359019999999999,17.61,0.020883917092561148,000069,消费80,CNY,CN10Y
2013-07-12,2535.83,0.036001,17.44,0.0213384495412844,000069,消费80,CNY,CN10Y
2013-07-15,2591.16,0.0361019999999999,17.81,0.02004623133071319,000069,消费80,CNY,CN10Y
2013-07-16,2615.21,0.03619,17.99,0.01939643690939411,000069,消费80,CNY,CN10Y
2013-07-17,2558.38,0.03669,17.63,0.020031497447532617,000069,消费80,CNY,CN10Y
2013-07-18,2539.23,0.036903,17.49,0.020272528873642087,000069,消费80,CNY,CN10Y
2013-07-19,2476.82,0.037051,17.02,0.021703406580493537,000069,消费80,CNY,CN10Y
2013-07-22,2515.02,0.037401,17.27,0.02050287955993052,000069,消费80,CNY,CN10Y
2013-07-23,2578.94,0.037602,17.71,0.018863273856578204,000069,消费80,CNY,CN10Y
2013-07-24,2600.41,0.037952,17.84,0.018101811659192828,000069,消费80,CNY,CN10Y
2013-07-25,2575.27,0.0371019999999999,17.67,0.01949109564233173,000069,消费80,CNY,CN10Y
2013-07-26,2559.79,0.037152,17.54,0.019860542759407074,000069,消费80,CNY,CN10Y
2013-07-29,2521.58,0.037228,17.26,0.020709427578215527,000069,消费80,CNY,CN10Y
2013-07-30,2498.45,0.037227,17.13,0.021150116170461176,000069,消费80,CNY,CN10Y
2013-07-31,2495.83,0.037214,17.12,0.02119721495327103,000069,消费80,CNY,CN10Y
2013-08-01,2551.28,0.0370529999999999,17.55,0.019927056980057083,000069,消费80,CNY,CN10Y
2013-08-02,2559.47,0.037034,17.62,0.019719688989784337,000069,消费80,CNY,CN10Y
2013-08-05,2612.08,0.037104,17.98,0.01851335261401557,000069,消费80,CNY,CN10Y
2013-08-06,2656.29,0.037153,18.35,0.017342912806539504,000069,消费80,CNY,CN10Y
2013-08-07,2626.8,0.037703,18.18,0.017302500550055007,000069,消费80,CNY,CN10Y
2013-08-08,2637.7,0.0384549999999999,18.27,0.016279537493158282,000069,消费80,CNY,CN10Y
2013-08-09,2643.49,0.038407,18.3,0.0162378087431694,000069,消费80,CNY,CN10Y
2013-08-12,2664.77,0.038513,18.46,0.015658180931744314,000069,消费80,CNY,CN10Y
2013-08-13,2655.57,0.0392519999999999,18.39,0.0151253790103318,000069,消费80,CNY,CN10Y
2013-08-14,2651.27,0.039516,18.39,0.014861379010331695,000069,消费80,CNY,CN10Y
2013-08-15,2602.8,0.039602,18.05,0.015799662049861496,000069,消费80,CNY,CN10Y
2013-08-16,2557.47,0.039401,17.76,0.0169053063063063,000069,消费80,CNY,CN10Y
2013-08-19,2602.7,0.040103,18.05,0.015298662049861494,000069,消费80,CNY,CN10Y
2013-08-20,2581.8,0.040881,17.91,0.014953729201563369,000069,消费80,CNY,CN10Y
2013-08-21,2582.27,0.040382,17.9,0.0154839217877095,000069,消费80,CNY,CN10Y
2013-08-22,2595.22,0.040302,17.97,0.01534630272676684,000069,消费80,CNY,CN10Y
2013-08-23,2601.04,0.039916,18.02,0.01557789567147614,000069,消费80,CNY,CN10Y
2013-08-26,2643.97,0.039555,18.36,0.014911230936819175,000069,消费80,CNY,CN10Y
2013-08-27,2647.03,0.0396539999999999,18.37,0.014782581382689265,000069,消费80,CNY,CN10Y
2013-08-28,2619.09,0.040222,18.19,0.014753261132490376,000069,消费80,CNY,CN10Y
2013-08-29,2608.19,0.0403,18.11,0.01491811154058531,000069,消费80,CNY,CN10Y
2013-08-30,2575.59,0.040354,17.86,0.015637041433370663,000069,消费80,CNY,CN10Y
2013-09-02,2574.46,0.0403559999999999,17.05,0.018295026392961974,000069,消费80,CNY,CN10Y
2013-09-03,2619.11,0.040404,17.3,0.017399468208092482,000069,消费80,CNY,CN10Y
2013-09-04,2608.34,0.0405499999999999,17.27,0.01735387955993062,000069,消费80,CNY,CN10Y
2013-09-05,2622.65,0.0405499999999999,17.37,0.01702052389176751,000069,消费80,CNY,CN10Y
2013-09-06,2630.49,0.040455,17.45,0.01685159025787966,000069,消费80,CNY,CN10Y
2013-09-09,2651.58,0.0405499999999999,17.63,0.01617149744753272,000069,消费80,CNY,CN10Y
2013-09-10,2666.17,0.04065,17.72,0.015783408577878112,000069,消费80,CNY,CN10Y
2013-09-11,2664.18,0.041341,17.67,0.015252095642331626,000069,消费80,CNY,CN10Y
2013-09-12,2671.47,0.041291,17.73,0.015110579244218839,000069,消费80,CNY,CN10Y
2013-09-13,2691.04,0.041406,17.84,0.014647811659192829,000069,消费80,CNY,CN10Y
2013-09-16,2693.88,0.041201,17.87,0.014758709009513149,000069,消费80,CNY,CN10Y
2013-09-17,2650.58,0.040721,17.6,0.016097181818181816,000069,消费80,CNY,CN10Y
2013-09-18,2677.95,0.040502,17.79,0.015709354693648113,000069,消费80,CNY,CN10Y
2013-09-22,,0.039851,17.79,0.01636035469364812,000069,消费80,CNY,CN10Y
2013-09-23,2742.47,0.040095,18.26,0.014669512595837896,000069,消费80,CNY,CN10Y
2013-09-24,2762.55,0.040201,18.35,0.014294912806539502,000069,消费80,CNY,CN10Y
2013-09-25,2757.22,0.040202,18.31,0.01441296450027308,000069,消费80,CNY,CN10Y
2013-09-26,2734.03,0.039901,18.1,0.015347618784530385,000069,消费80,CNY,CN10Y
2013-09-27,2753.76,0.040002,18.24,0.014822561403508773,000069,消费80,CNY,CN10Y
2013-09-29,,0.040002,18.24,0.014822561403508773,000069,消费80,CNY,CN10Y
2013-09-30,2796.69,0.039954,18.55,0.01395435579514824,000069,消费80,CNY,CN10Y
2013-10-08,2809.45,0.039903,18.65,0.013716302949061662,000069,消费80,CNY,CN10Y
2013-10-09,2842.16,0.040316,18.73,0.013074282968499731,000069,消费80,CNY,CN10Y
2013-10-10,2832.44,0.040166,18.65,0.013453302949061663,000069,消费80,CNY,CN10Y
2013-10-11,2873.89,0.040265,18.94,0.012533310454065465,000069,消费80,CNY,CN10Y
2013-10-12,,0.040263,18.94,0.012535310454065467,000069,消费80,CNY,CN10Y
2013-10-14,2895.09,0.040663,19.12,0.011638255230125523,000069,消费80,CNY,CN10Y
2013-10-15,2917.35,0.040791,19.24,0.011184051975051977,000069,消费80,CNY,CN10Y
2013-10-16,2849.42,0.0409659999999999,18.77,0.01231050506126808,000069,消费80,CNY,CN10Y
2013-10-17,2829.32,0.0409659999999999,18.64,0.012682068669528,000069,消费80,CNY,CN10Y
2013-10-18,2846.77,0.041055,18.73,0.012335282968499728,000069,消费80,CNY,CN10Y
2013-10-21,2936.42,0.041105,19.29,0.010735331778123379,000069,消费80,CNY,CN10Y
2013-10-22,2901.56,0.0413049999999999,19.0,0.01132657894736852,000069,消费80,CNY,CN10Y
2013-10-23,2829.52,0.041491,18.54,0.01244643257820928,000069,消费80,CNY,CN10Y
2013-10-24,2818.81,0.04194,18.51,0.012084851431658564,000069,消费80,CNY,CN10Y
2013-10-25,2732.87,0.04214,17.88,0.013788411633109628,000069,消费80,CNY,CN10Y
2013-10-28,2716.46,0.0420399999999999,17.77,0.014234620146314117,000069,消费80,CNY,CN10Y
2013-10-29,2668.96,0.0421729999999999,17.47,0.015067984544934278,000069,消费80,CNY,CN10Y
2013-10-30,2709.66,0.0421729999999999,17.73,0.014228579244218942,000069,消费80,CNY,CN10Y
2013-10-31,2644.68,0.041806,17.4,0.015665264367816095,000069,消费80,CNY,CN10Y
2013-11-01,2646.15,0.0415559999999999,16.96,0.01740626415094349,000069,消费80,CNY,CN10Y
2013-11-04,2649.6,0.041731,17.0,0.017092529411764708,000069,消费80,CNY,CN10Y
2013-11-05,2673.87,0.042106,17.17,0.016135118229470002,000069,消费80,CNY,CN10Y
2013-11-06,2627.24,0.042206,16.82,0.017247032104637336,000069,消费80,CNY,CN10Y
2013-11-07,2582.93,0.042945,16.53,0.017551067755595888,000069,消费80,CNY,CN10Y
2013-11-08,2555.13,0.043186,16.36,0.01793869437652812,000069,消费80,CNY,CN10Y
2013-11-11,2592.68,0.044034,16.62,0.01613447172081829,000069,消费80,CNY,CN10Y
2013-11-12,2626.71,0.044146,16.83,0.015271706476530013,000069,消费80,CNY,CN10Y
2013-11-13,2583.69,0.0446279999999999,16.55,0.015794960725075628,000069,消费80,CNY,CN10Y
2013-11-14,2638.23,0.045006,16.93,0.014060745422327235,000069,消费80,CNY,CN10Y
2013-11-15,2677.8,0.046006,17.17,0.012235118229470002,000069,消费80,CNY,CN10Y
2013-11-18,2734.65,0.046619,17.55,0.01036105698005698,000069,消费80,CNY,CN10Y
2013-11-19,2718.46,0.046722,17.46,0.010551768613974798,000069,消费80,CNY,CN10Y
2013-11-20,2735.72,0.047222,17.57,0.009693196357427429,000069,消费80,CNY,CN10Y
2013-11-21,2722.5,0.0470089999999999,17.41,0.01042925387708224,000069,消费80,CNY,CN10Y
2013-11-22,2698.68,0.046509,17.29,0.0113278999421631,000069,消费80,CNY,CN10Y
2013-11-25,2697.33,0.046159,17.32,0.011577720554272516,000069,消费80,CNY,CN10Y
2013-11-26,2697.53,0.046059,17.32,0.011677720554272512,000069,消费80,CNY,CN10Y
2013-11-27,2720.99,0.0455109999999999,17.48,0.01169723798627012,000069,消费80,CNY,CN10Y
2013-11-28,2751.14,0.044313,17.68,0.01224808597285068,000069,消费80,CNY,CN10Y
2013-11-29,2760.28,0.043612,17.71,0.012853273856578203,000069,消费80,CNY,CN10Y
2013-12-02,2656.3,0.044812,17.08,0.013736009367681504,000069,消费80,CNY,CN10Y
2013-12-03,2708.32,0.044412,17.4,0.013059264367816098,000069,消费80,CNY,CN10Y
2013-12-04,2766.45,0.0442619999999999,17.78,0.011980969628796495,000069,消费80,CNY,CN10Y
2013-12-05,2771.49,0.044962,17.83,0.01112324957936063,000069,消费80,CNY,CN10Y
2013-12-06,2761.7,0.045162,17.79,0.011049354693648115,000069,消费80,CNY,CN10Y
2013-12-09,2776.09,0.0454129999999999,17.89,0.010484149245388583,000069,消费80,CNY,CN10Y
2013-12-10,2783.09,0.046012,17.9,0.009853921787709503,000069,消费80,CNY,CN10Y
2013-12-11,2760.09,0.046213,17.72,0.010220408577878114,000069,消费80,CNY,CN10Y
2013-12-12,2769.35,0.045913,17.79,0.010298354693648114,000069,消费80,CNY,CN10Y
2013-12-13,2769.19,0.045411,17.79,0.010800354693648116,000069,消费80,CNY,CN10Y
2013-12-16,2711.48,0.0455389999999999,17.8,0.010640775280898976,000069,消费80,CNY,CN10Y
2013-12-17,2686.27,0.045639,17.6,0.011179181818181817,000069,消费80,CNY,CN10Y
2013-12-18,2679.98,0.045814,17.55,0.01116605698005698,000069,消费80,CNY,CN10Y
2013-12-19,2647.05,0.046016,17.43,0.011356346528973035,000069,消费80,CNY,CN10Y
2013-12-20,2619.97,0.046016,17.16,0.012259058275058271,000069,消费80,CNY,CN10Y
2013-12-23,2641.57,0.046017,17.32,0.011719720554272513,000069,消费80,CNY,CN10Y
2013-12-24,2637.66,0.045566,17.34,0.012104126874279121,000069,消费80,CNY,CN10Y
2013-12-25,2653.22,0.045666,17.45,0.011640590257879661,000069,消费80,CNY,CN10Y
2013-12-26,2608.98,0.045579,17.14,0.012764057176196032,000069,消费80,CNY,CN10Y
2013-12-27,2639.56,0.045437,17.36,0.012166686635944703,000069,消费80,CNY,CN10Y
2013-12-30,2640.27,0.045437,17.36,0.012166686635944703,000069,消费80,CNY,CN10Y
2013-12-31,2665.86,0.045518,17.53,0.011527065601825433,000069,消费80,CNY,CN10Y
2014-01-02,2664.73,0.0460179999999999,17.53,0.011027065601825536,000069,消费80,CNY,CN10Y
2014-01-03,2627.07,0.046415,17.28,0.011455370370370366,000069,消费80,CNY,CN10Y
2014-01-06,2554.46,0.046569,16.81,0.012919399762046403,000069,消费80,CNY,CN10Y
2014-01-07,2576.49,0.04642,16.93,0.01264674542232723,000069,消费80,CNY,CN10Y
2014-01-08,2598.81,0.045919,17.06,0.012697647127784296,000069,消费80,CNY,CN10Y
2014-01-09,2567.6,0.0459689999999999,16.86,0.013342981020166178,000069,消费80,CNY,CN10Y
2014-01-10,2552.03,0.046016,16.76,0.013649871121718372,000069,消费80,CNY,CN10Y
2014-01-13,2535.89,0.04597,16.66,0.014054009603841539,000069,消费80,CNY,CN10Y
2014-01-14,2581.13,0.04602,16.93,0.013046745422327234,000069,消费80,CNY,CN10Y
2014-01-15,2597.79,0.045523,17.01,0.013265947677836558,000069,消费80,CNY,CN10Y
2014-01-16,2585.7,0.045871,16.92,0.01323065484633569,000069,消费80,CNY,CN10Y
2014-01-17,2535.18,0.0459689999999999,16.59,0.014308275467148988,000069,消费80,CNY,CN10Y
2014-01-20,2514.35,0.045923,16.47,0.014793454159077117,000069,消费80,CNY,CN10Y
2014-01-21,2542.03,0.045423,16.68,0.01452903836930456,000069,消费80,CNY,CN10Y
2014-01-22,2615.16,0.045023,17.2,0.013116534883720929,000069,消费80,CNY,CN10Y
2014-01-23,2629.22,0.044825,17.28,0.013045370370370367,000069,消费80,CNY,CN10Y
2014-01-24,2643.15,0.0451229999999999,17.39,0.01238131282346186,000069,消费80,CNY,CN10Y
2014-01-26,,0.044777,17.39,0.012727312823461762,000069,消费80,CNY,CN10Y
2014-01-27,2624.58,0.044802,17.29,0.0130348999421631,000069,消费80,CNY,CN10Y
2014-01-28,2608.97,0.045027,17.22,0.01304500929152149,000069,消费80,CNY,CN10Y
2014-01-29,2611.41,0.045102,17.26,0.01283542757821552,000069,消费80,CNY,CN10Y
2014-01-30,2585.48,0.045019,17.08,0.013529009367681498,000069,消费80,CNY,CN10Y
2014-02-07,2615.56,0.044781,17.28,0.013089370370370362,000069,消费80,CNY,CN10Y
2014-02-08,,0.04468,17.28,0.013190370370370366,000069,消费80,CNY,CN10Y
2014-02-10,2695.95,0.044831,17.8,0.011348775280898872,000069,消费80,CNY,CN10Y
2014-02-11,2703.14,0.044881,17.85,0.011141408963585432,000069,消费80,CNY,CN10Y
2014-02-12,2715.07,0.0447829999999999,17.9,0.011082921787709601,000069,消费80,CNY,CN10Y
2014-02-13,2678.24,0.0447829999999999,17.67,0.011810095642331729,000069,消费80,CNY,CN10Y
2014-02-14,2731.88,0.044781,18.04,0.010651372505543238,000069,消费80,CNY,CN10Y
2014-02-17,2766.1,0.0451349999999999,18.29,0.009539685620557785,000069,消费80,CNY,CN10Y
2014-02-18,2767.79,0.045385,18.25,0.0094095205479452,000069,消费80,CNY,CN10Y
2014-02-19,2779.83,0.045535,18.31,0.009079964500273083,000069,消费80,CNY,CN10Y
2014-02-20,2763.61,0.045336,18.18,0.009669500550055006,000069,消费80,CNY,CN10Y
2014-02-21,2746.49,0.0452339999999999,18.08,0.01007573451327444,000069,消费80,CNY,CN10Y
2014-02-24,2717.58,0.044836,17.89,0.01106114924538848,000069,消费80,CNY,CN10Y
2014-02-25,2625.69,0.044336,17.28,0.013534370370370363,000069,消费80,CNY,CN10Y
2014-02-26,2618.43,0.044496,17.22,0.013576009291521487,000069,消费80,CNY,CN10Y
2014-02-27,2569.06,0.043896,16.93,0.015170745422327235,000069,消费80,CNY,CN10Y
2014-02-28,2603.03,0.044276,17.17,0.013965118229469997,000069,消费80,CNY,CN10Y
2014-03-03,2649.55,0.044576,17.45,0.012730590257879662,000069,消费80,CNY,CN10Y
2014-03-04,2630.07,0.045026,17.33,0.01267740450086556,000069,消费80,CNY,CN10Y
2014-03-05,2619.12,0.045176,17.29,0.0126608999421631,000069,消费80,CNY,CN10Y
2014-03-06,2606.79,0.045145,17.22,0.01292700929152149,000069,消费80,CNY,CN10Y
2014-03-07,2615.39,0.0451419999999999,17.31,0.012628075101097737,000069,消费80,CNY,CN10Y
2014-03-10,2537.39,0.045043,16.77,0.014587292188431723,000069,消费80,CNY,CN10Y
2014-03-11,2556.07,0.045125,16.89,0.014081631142687984,000069,消费80,CNY,CN10Y
2014-03-12,2553.67,0.0450239999999999,16.86,0.01428798102016618,000069,消费80,CNY,CN10Y
2014-03-13,2596.74,0.0450239999999999,17.14,0.013319057176196136,000069,消费80,CNY,CN10Y
2014-03-14,2580.45,0.044924,17.02,0.013830406580493539,000069,消费80,CNY,CN10Y
2014-03-17,2617.04,0.04482,17.29,0.013016899942163103,000069,消费80,CNY,CN10Y
2014-03-18,2641.36,0.045095,17.44,0.012244449541284397,000069,消费80,CNY,CN10Y
2014-03-19,2611.74,0.045095,17.27,0.012808879559930514,000069,消费80,CNY,CN10Y
2014-03-20,2535.26,0.045195,16.75,0.014506492537313433,000069,消费80,CNY,CN10Y
2014-03-21,2597.7,0.045044,17.16,0.013231058275058272,000069,消费80,CNY,CN10Y
2014-03-24,2600.46,0.045148,17.21,0.012957752469494474,000069,消费80,CNY,CN10Y
2014-03-25,2604.34,0.0451919999999999,17.23,0.012846305281485879,000069,消费80,CNY,CN10Y
2014-03-26,2602.94,0.044992,17.18,0.013215217694994182,000069,消费80,CNY,CN10Y
2014-03-27,2563.46,0.045109,16.91,0.014027605558840917,000069,消费80,CNY,CN10Y
2014-03-28,2540.44,0.045104,16.8,0.014419809523809522,000069,消费80,CNY,CN10Y
2014-03-31,2527.68,0.045004,16.71,0.014840404548174743,000069,消费80,CNY,CN10Y
2014-04-01,2556.46,0.044954,16.92,0.014147654846335692,000069,消费80,CNY,CN10Y
2014-04-02,2548.89,0.044904,16.91,0.01423260555884092,000069,消费80,CNY,CN10Y
2014-04-03,2536.3,0.044904,16.82,0.014549032104637337,000069,消费80,CNY,CN10Y
2014-04-04,2557.7,0.044904,16.96,0.01405826415094339,000069,消费80,CNY,CN10Y
2014-04-08,2619.57,0.044499,17.39,0.013005312823461762,000069,消费80,CNY,CN10Y
2014-04-09,2633.94,0.044771,17.47,0.012469984544934178,000069,消费80,CNY,CN10Y
2014-04-10,2655.12,0.044571,17.65,0.012086223796034003,000069,消费80,CNY,CN10Y
2014-04-11,2678.71,0.044521,17.79,0.011690354693648118,000069,消费80,CNY,CN10Y
2014-04-14,2687.04,0.044248,17.85,0.011774408963585427,000069,消费80,CNY,CN10Y
2014-04-15,2649.21,0.044001,17.61,0.012784917092561049,000069,消费80,CNY,CN10Y
2014-04-16,2644.98,0.043601,17.56,0.013346608200455586,000069,消费80,CNY,CN10Y
2014-04-17,2640.74,0.0427489999999999,17.55,0.014231056980057083,000069,消费80,CNY,CN10Y
2014-04-18,2639.88,0.0429969999999999,17.53,0.014048065601825532,000069,消费80,CNY,CN10Y
2014-04-21,2597.92,0.0429969999999999,17.22,0.015075009291521585,000069,消费80,CNY,CN10Y
2014-04-22,2590.47,0.0429969999999999,17.21,0.015108752469494571,000069,消费80,CNY,CN10Y
2014-04-23,2580.0,0.043297,17.14,0.015046057176196032,000069,消费80,CNY,CN10Y
2014-04-24,2558.8,0.043394,17.0,0.015429529411764703,000069,消费80,CNY,CN10Y
2014-04-25,2502.7,0.043294,16.62,0.01687447172081829,000069,消费80,CNY,CN10Y
2014-04-28,2443.37,0.043301,16.21,0.018389314620604565,000069,消费80,CNY,CN10Y
2014-04-29,2486.87,0.043202,16.51,0.017367351907934585,000069,消费80,CNY,CN10Y
2014-04-30,2515.77,0.043002,16.7,0.016878239520958085,000069,消费80,CNY,CN10Y
2014-05-04,,0.0429019999999999,16.7,0.016978239520958185,000069,消费80,CNY,CN10Y
2014-05-05,2523.41,0.043002,15.7,0.020692267515923568,000069,消费80,CNY,CN10Y
2014-05-06,2524.09,0.042803,15.7,0.020891267515923566,000069,消费80,CNY,CN10Y
2014-05-07,2487.86,0.042803,15.47,0.02183824111182934,000069,消费80,CNY,CN10Y
2014-05-08,2490.88,0.042303,15.5,0.022213129032258062,000069,消费80,CNY,CN10Y
2014-05-09,2479.61,0.041205,15.39,0.023772257959714098,000069,消费80,CNY,CN10Y
2014-05-12,2520.42,0.041205,15.62,0.022815486555697824,000069,消费80,CNY,CN10Y
2014-05-13,2519.94,0.041505,15.61,0.022556499039077513,000069,消费80,CNY,CN10Y
2014-05-14,2504.88,0.041704,15.53,0.02268750032195751,000069,消费80,CNY,CN10Y
2014-05-15,2465.8,0.0419149999999999,15.3,0.023444477124183113,000069,消费80,CNY,CN10Y
2014-05-16,2467.2,0.041919,15.32,0.023355151436031327,000069,消费80,CNY,CN10Y
2014-05-19,2435.92,0.0417079999999999,15.11,0.024473336863004735,000069,消费80,CNY,CN10Y
2014-05-20,2429.59,0.0417699999999999,15.08,0.024542997347480215,000069,消费80,CNY,CN10Y
2014-05-21,2456.22,0.0417699999999999,15.27,0.023717884741322963,000069,消费80,CNY,CN10Y
2014-05-22,2447.3,0.0417699999999999,15.22,0.0239330223390277,000069,消费80,CNY,CN10Y
2014-05-23,2463.37,0.041574,15.33,0.023657572080887146,000069,消费80,CNY,CN10Y
2014-05-26,2490.67,0.0416739999999999,15.5,0.022842129032258164,000069,消费80,CNY,CN10Y
2014-05-27,2476.99,0.041574,15.41,0.023318926670992862,000069,消费80,CNY,CN10Y
2014-05-28,2495.29,0.0414569999999999,15.52,0.02297598969072176,000069,消费80,CNY,CN10Y
2014-05-29,2481.8,0.041159,15.44,0.02360783937823835,000069,消费80,CNY,CN10Y
2014-05-30,2484.41,0.040714,15.46,0.023969053040103494,000069,消费80,CNY,CN10Y
2014-06-03,2465.92,0.040214,15.36,0.02489016666666667,000069,消费80,CNY,CN10Y
2014-06-04,2445.0,0.040114,15.22,0.0255890223390276,000069,消费80,CNY,CN10Y
2014-06-05,2473.84,0.0403139999999999,15.41,0.024578926670992964,000069,消费80,CNY,CN10Y
2014-06-06,2458.17,0.040614,15.32,0.024660151436031327,000069,消费80,CNY,CN10Y
2014-06-09,2457.69,0.040714,15.31,0.02460278641410843,000069,消费80,CNY,CN10Y
2014-06-10,2477.6,0.040614,15.45,0.024110919093851144,000069,消费80,CNY,CN10Y
2014-06-11,2492.89,0.040614,15.52,0.02381898969072166,000069,消费80,CNY,CN10Y
2014-06-12,2488.66,0.04064,15.5,0.02387612903225806,000069,消费80,CNY,CN10Y
2014-06-13,2501.02,0.0408399999999999,15.6,0.023262564102564214,000069,消费80,CNY,CN10Y
2014-06-16,2510.83,0.04064,16.14,0.021317868649318457,000069,消费80,CNY,CN10Y
2014-06-17,2482.45,0.04054,15.95,0.02215592476489029,000069,消费80,CNY,CN10Y
2014-06-18,2473.89,0.04054,15.9,0.02235308176100629,000069,消费80,CNY,CN10Y
2014-06-19,2433.18,0.040408,15.63,0.02357152655150352,000069,消费80,CNY,CN10Y
2014-06-20,2445.65,0.0405149999999999,15.74,0.023017401524777742,000069,消费80,CNY,CN10Y
2014-06-23,2448.98,0.0405149999999999,15.77,0.02289654090044399,000069,消费80,CNY,CN10Y
2014-06-24,2478.75,0.0405149999999999,15.97,0.022102407639323834,000069,消费80,CNY,CN10Y
2014-06-25,2465.14,0.0405569999999999,15.84,0.022574313131313237,000069,消费80,CNY,CN10Y
2014-06-26,2482.91,0.040472,15.94,0.022263257214554584,000069,消费80,CNY,CN10Y
2014-06-27,2491.56,0.040485,15.98,0.022093222778473094,000069,消费80,CNY,CN10Y
2014-06-30,2507.57,0.040612,16.08,0.021577054726368165,000069,消费80,CNY,CN10Y
2014-07-01,2508.41,0.040812,16.1,0.021299801242236016,000069,消费80,CNY,CN10Y
2014-07-02,2514.72,0.041212,16.15,0.020707504643962857,000069,消费80,CNY,CN10Y
2014-07-03,2534.08,0.041503,16.28,0.01992206142506142,000069,消费80,CNY,CN10Y
2014-07-04,2527.62,0.041747,16.25,0.019791461538461542,000069,消费80,CNY,CN10Y
2014-07-07,2513.32,0.041212,16.15,0.020707504643962857,000069,消费80,CNY,CN10Y
2014-07-08,2518.02,0.041162,16.17,0.020680918985776127,000069,消费80,CNY,CN10Y
2014-07-09,2478.81,0.041276,15.93,0.02149863904582549,000069,消费80,CNY,CN10Y
2014-07-10,2466.94,0.041298,15.87,0.021713972274732207,000069,消费80,CNY,CN10Y
2014-07-11,2482.2,0.041198,15.99,0.02134108692933083,000069,消费80,CNY,CN10Y
2014-07-14,2526.37,0.041298,16.31,0.020014078479460455,000069,消费80,CNY,CN10Y
2014-07-15,2539.76,0.041571,16.37,0.01951635491753207,000069,消费80,CNY,CN10Y
2014-07-16,2526.02,0.042171,16.3,0.019178693251533742,000069,消费80,CNY,CN10Y
2014-07-17,2504.02,0.04267,16.16,0.01921118811881188,000069,消费80,CNY,CN10Y
2014-07-18,2526.69,0.043019,16.31,0.018293078479460455,000069,消费80,CNY,CN10Y
2014-07-21,2547.44,0.043017,16.42,0.017884339829476244,000069,消费80,CNY,CN10Y
2014-07-22,2570.48,0.042717,16.61,0.017487695966285376,000069,消费80,CNY,CN10Y
2014-07-23,2554.16,0.042967,16.56,0.017419473429951697,000069,消费80,CNY,CN10Y
2014-07-24,2578.44,0.042967,16.72,0.016841612440191396,000069,消费80,CNY,CN10Y
2014-07-25,2597.52,0.042711,16.86,0.016600981020166078,000069,消费80,CNY,CN10Y
2014-07-28,2632.51,0.042713,17.07,0.01586930814294083,000069,消费80,CNY,CN10Y
2014-07-29,2643.69,0.042805,17.13,0.015572116170461177,000069,消费80,CNY,CN10Y
2014-07-30,2638.66,0.042905,17.0,0.015918529411764706,000069,消费80,CNY,CN10Y
2014-07-31,2672.02,0.042655,17.19,0.015518356602675969,000069,消费80,CNY,CN10Y
2014-08-01,2675.52,0.0425689999999999,17.22,0.01550300929152159,000069,消费80,CNY,CN10Y
2014-08-04,2710.32,0.04253,17.48,0.01467823798627002,000069,消费80,CNY,CN10Y
2014-08-05,2712.96,0.042576,17.5,0.014566857142857138,000069,消费80,CNY,CN10Y
2014-08-06,2702.85,0.042463,17.42,0.014942281285878295,000069,消费80,CNY,CN10Y
2014-08-07,2662.88,0.042563,17.16,0.015712058275058276,000069,消费80,CNY,CN10Y
2014-08-08,2673.58,0.042712,17.25,0.015259014492753624,000069,消费80,CNY,CN10Y
2014-08-11,2708.5,0.042815,17.45,0.01449159025787966,000069,消费80,CNY,CN10Y
2014-08-12,2712.47,0.042815,17.49,0.014360528873642087,000069,消费80,CNY,CN10Y
2014-08-13,2708.08,0.04255,17.46,0.0147237686139748,000069,消费80,CNY,CN10Y
2014-08-14,2689.38,0.0421,17.35,0.015536887608069164,000069,消费80,CNY,CN10Y
2014-08-15,2717.12,0.042002,17.55,0.014978056980056983,000069,消费80,CNY,CN10Y
2014-08-18,2738.8,0.042153,17.71,0.014312273856578198,000069,消费80,CNY,CN10Y
2014-08-19,2747.14,0.042422,17.77,0.013852620146314013,000069,消费80,CNY,CN10Y
2014-08-20,2737.64,0.042523,17.72,0.013910408577878113,000069,消费80,CNY,CN10Y
2014-08-21,2741.94,0.042512,17.78,0.013730969628796393,000069,消费80,CNY,CN10Y
2014-08-22,2743.72,0.04256,17.79,0.013651354693648116,000069,消费80,CNY,CN10Y
2014-08-25,2723.81,0.042524,17.68,0.01403708597285068,000069,消费80,CNY,CN10Y
2014-08-26,2696.47,0.042462,17.5,0.014680857142857141,000069,消费80,CNY,CN10Y
2014-08-27,2695.56,0.04231,17.49,0.014865528873642085,000069,消费80,CNY,CN10Y
2014-08-28,2683.44,0.0422539999999999,17.4,0.015217264367816195,000069,消费80,CNY,CN10Y
2014-08-29,2713.78,0.042361,17.58,0.014521821387940843,000069,消费80,CNY,CN10Y
2014-09-01,2739.81,0.042405,17.19,0.01576835660267597,000069,消费80,CNY,CN10Y
2014-09-02,2768.48,0.04249,17.38,0.015047399309551214,000069,消费80,CNY,CN10Y
2014-09-03,2798.87,0.04264,17.6,0.014178181818181819,000069,消费80,CNY,CN10Y
2014-09-04,2810.67,0.042814,17.69,0.013715112492933862,000069,消费80,CNY,CN10Y
2014-09-05,2840.65,0.0429279999999999,17.89,0.012969149245388584,000069,消费80,CNY,CN10Y
2014-09-09,2857.55,0.042868,17.96,0.012811287305122487,000069,消费80,CNY,CN10Y
2014-09-10,2845.82,0.042934,17.89,0.01296314924538848,000069,消费80,CNY,CN10Y
2014-09-11,2830.55,0.042937,17.82,0.013179722783389448,000069,消费80,CNY,CN10Y
2014-09-12,2845.09,0.042793,17.92,0.013010571428571427,000069,消费80,CNY,CN10Y
2014-09-15,2852.51,0.0425969999999999,17.94,0.01314436008918627,000069,消费80,CNY,CN10Y
2014-09-16,2770.69,0.042634,17.4,0.0148372643678161,000069,消费80,CNY,CN10Y
2014-09-17,2791.6,0.042008,17.54,0.015004542759407075,000069,消费80,CNY,CN10Y
2014-09-18,2814.11,0.0414379999999999,17.67,0.01515509564233173,000069,消费80,CNY,CN10Y
2014-09-19,2842.07,0.04031,17.87,0.015649709009513152,000069,消费80,CNY,CN10Y
2014-09-22,2797.66,0.04011,17.59,0.01674048322910745,000069,消费80,CNY,CN10Y
2014-09-23,2827.1,0.039911,17.76,0.016395306306306298,000069,消费80,CNY,CN10Y
2014-09-24,2858.93,0.040425,17.96,0.015254287305122488,000069,消费80,CNY,CN10Y
2014-09-25,2850.25,0.040025,17.91,0.01580972920156337,000069,消费80,CNY,CN10Y
2014-09-26,2855.2,0.0400919999999999,17.93,0.015680448410485326,000069,消费80,CNY,CN10Y
2014-09-28,,0.040227,17.93,0.015545448410485226,000069,消费80,CNY,CN10Y
2014-09-29,2870.72,0.039925,18.01,0.01559970849528039,000069,消费80,CNY,CN10Y
2014-09-30,2871.74,0.039824,18.03,0.01563911702717693,000069,消费80,CNY,CN10Y
2014-10-08,2912.06,0.03993,18.25,0.014864520547945202,000069,消费80,CNY,CN10Y
2014-10-09,2907.79,0.040014,18.22,0.014870742041712404,000069,消费80,CNY,CN10Y
2014-10-10,2882.9,0.040131,18.04,0.01530137250554324,000069,消费80,CNY,CN10Y
2014-10-11,,0.039965,18.04,0.01546737250554324,000069,消费80,CNY,CN10Y
2014-10-13,2866.52,0.0399529999999999,17.98,0.01566435261401567,000069,消费80,CNY,CN10Y
2014-10-14,2848.94,0.039015,17.85,0.01700740896358543,000069,消费80,CNY,CN10Y
2014-10-15,2877.99,0.038215,18.02,0.01727889567147614,000069,消费80,CNY,CN10Y
2014-10-16,2848.92,0.038116,17.87,0.017843709009513153,000069,消费80,CNY,CN10Y
2014-10-17,2848.75,0.03811,17.89,0.017787149245388482,000069,消费80,CNY,CN10Y
2014-10-20,2863.73,0.037441,17.97,0.018207302726766836,000069,消费80,CNY,CN10Y
2014-10-21,2837.28,0.037323,17.79,0.018888354693648114,000069,消费80,CNY,CN10Y
2014-10-22,2808.39,0.037929,17.63,0.01879249744753262,000069,消费80,CNY,CN10Y
2014-10-23,2772.18,0.038108,17.43,0.019264346528973034,000069,消费80,CNY,CN10Y
2014-10-24,2779.46,0.038013,17.45,0.01929359025787966,000069,消费80,CNY,CN10Y
2014-10-27,2789.99,0.037756,17.49,0.019419528873642088,000069,消费80,CNY,CN10Y
2014-10-28,2822.49,0.037424,17.71,0.0190412738565782,000069,消费80,CNY,CN10Y
2014-10-29,2841.42,0.037176,17.82,0.01894072278338945,000069,消费80,CNY,CN10Y
2014-10-30,2846.56,0.037688,17.85,0.01833440896358543,000069,消费80,CNY,CN10Y
2014-10-31,2848.91,0.037559,17.86,0.018432041433370662,000069,消费80,CNY,CN10Y
2014-11-03,2855.58,0.037007,17.32,0.020729720554272517,000069,消费80,CNY,CN10Y
2014-11-04,2828.32,0.036412,17.13,0.02196511617046118,000069,消费80,CNY,CN10Y
2014-11-05,2812.42,0.0361169999999999,17.04,0.022568446009389773,000069,消费80,CNY,CN10Y
2014-11-06,2829.62,0.036223,17.12,0.02218821495327103,000069,消费80,CNY,CN10Y
2014-11-07,2802.52,0.0356309999999999,16.97,0.02329651915144383,000069,消费80,CNY,CN10Y
2014-11-10,2864.67,0.035132,17.37,0.022438523891767412,000069,消费80,CNY,CN10Y
2014-11-11,2827.86,0.034981,17.16,0.023294058275058274,000069,消费80,CNY,CN10Y
2014-11-12,2868.88,0.03556,17.41,0.021878253877082136,000069,消费80,CNY,CN10Y
2014-11-13,2856.69,0.035924,17.32,0.021812720554272517,000069,消费80,CNY,CN10Y
2014-11-14,2881.69,0.036466,17.47,0.020774984544934177,000069,消费80,CNY,CN10Y
2014-11-17,2906.18,0.0366089999999999,17.64,0.020080342403628215,000069,消费80,CNY,CN10Y
2014-11-18,2887.68,0.03607,17.57,0.02084519635742743,000069,消费80,CNY,CN10Y
2014-11-19,2878.27,0.036154,17.48,0.02105423798627002,000069,消费80,CNY,CN10Y
2014-11-20,2868.98,0.036521,17.43,0.02085134652897304,000069,消费80,CNY,CN10Y
2014-11-21,2901.74,0.036514,17.63,0.02020749744753262,000069,消费80,CNY,CN10Y
2014-11-24,2931.82,0.034767,17.81,0.02138123133071309,000069,消费80,CNY,CN10Y
2014-11-25,2983.67,0.035216,18.13,0.019941198014340876,000069,消费80,CNY,CN10Y
2014-11-26,2994.89,0.035228,18.18,0.019777500550055005,000069,消费80,CNY,CN10Y
2014-11-27,2996.95,0.035243,18.21,0.019671881933003843,000069,消费80,CNY,CN10Y
2014-11-28,2991.46,0.035249,18.21,0.019665881933003837,000069,消费80,CNY,CN10Y
2014-12-01,3006.08,0.035145,18.26,0.01961951259583789,000069,消费80,CNY,CN10Y
2014-12-02,3039.86,0.035553,18.48,0.01855955411255411,000069,消费80,CNY,CN10Y
2014-12-03,3095.1,0.036238,18.83,0.016868744556558686,000069,消费80,CNY,CN10Y
2014-12-04,3159.15,0.036633,19.24,0.015342051975051979,000069,消费80,CNY,CN10Y
2014-12-05,3106.79,0.037759,19.01,0.014844892688058914,000069,消费80,CNY,CN10Y
2014-12-08,3154.17,0.037918,19.29,0.013922331778123381,000069,消费80,CNY,CN10Y
2014-12-09,3100.6,0.037532,18.92,0.015322122621564474,000069,消费80,CNY,CN10Y
2014-12-10,3249.26,0.037111,19.88,0.013190810865191152,000069,消费80,CNY,CN10Y
2014-12-11,3231.71,0.037282,19.74,0.013376561296859171,000069,消费80,CNY,CN10Y
2014-12-12,3226.02,0.037513,19.69,0.013274201625190454,000069,消费80,CNY,CN10Y
2014-12-15,3263.31,0.037815,20.24,0.011592114624505934,000069,消费80,CNY,CN10Y
2014-12-16,3246.77,0.037522,20.14,0.01213043296921549,000069,消费80,CNY,CN10Y
2014-12-17,3194.71,0.037377,19.85,0.01300083375314861,000069,消费80,CNY,CN10Y
2014-12-18,3194.7,0.037614,19.85,0.012763833753148608,000069,消费80,CNY,CN10Y
2014-12-19,3187.41,0.037106,19.86,0.013246467270896276,000069,消费80,CNY,CN10Y
2014-12-22,3145.43,0.03703,19.61,0.013964390617032127,000069,消费80,CNY,CN10Y
2014-12-23,3129.39,0.036604,19.54,0.014573072671443199,000069,消费80,CNY,CN10Y
2014-12-24,3113.45,0.035975,19.37,0.015651226122870412,000069,消费80,CNY,CN10Y
2014-12-25,3143.71,0.036305,19.58,0.014767522982635346,000069,消费80,CNY,CN10Y
2014-12-26,3184.24,0.036339,19.82,0.014115086781029261,000069,消费80,CNY,CN10Y
2014-12-29,3166.46,0.036213,19.68,0.014600008130081298,000069,消费80,CNY,CN10Y
2014-12-30,3124.74,0.036213,19.42,0.015280305870236863,000069,消费80,CNY,CN10Y
2014-12-31,3160.71,0.036219,19.67,0.01461984087442806,000069,消费80,CNY,CN10Y
2015-01-04,,0.036285,19.67,0.014553840874428063,000069,消费80,CNY,CN10Y
2015-01-05,3277.7,0.036251,20.5,0.012529487804878052,000069,消费80,CNY,CN10Y
2015-01-06,3338.74,0.0363529999999999,20.9,0.01149388995215321,000069,消费80,CNY,CN10Y
2015-01-07,3304.46,0.036408,20.69,0.011924527791203475,000069,消费80,CNY,CN10Y
2015-01-08,3279.74,0.036415,20.54,0.012270491723466406,000069,消费80,CNY,CN10Y
2015-01-09,3247.63,0.036348,20.33,0.012840391539596659,000069,消费80,CNY,CN10Y
2015-01-12,3262.19,0.036371,20.47,0.012480978505129463,000069,消费80,CNY,CN10Y
2015-01-13,3301.7,0.035836,20.72,0.012426548262548263,000069,消费80,CNY,CN10Y
2015-01-14,3264.1,0.035411,20.45,0.013488755501222499,000069,消费80,CNY,CN10Y
2015-01-15,3287.86,0.035464,20.6,0.013079689320388346,000069,消费80,CNY,CN10Y
2015-01-16,3320.87,0.035017,20.79,0.013083048100048102,000069,消费80,CNY,CN10Y
2015-01-19,3159.47,0.03475,19.74,0.01590856129685917,000069,消费80,CNY,CN10Y
2015-01-20,3254.31,0.034711,20.37,0.014380801669121257,000069,消费80,CNY,CN10Y
2015-01-21,3333.62,0.034672,20.86,0.013266638542665389,000069,消费80,CNY,CN10Y
2015-01-22,3362.26,0.034521,21.02,0.01305273929590866,000069,消费80,CNY,CN10Y
2015-01-23,3338.84,0.03452,20.87,0.013395668423574501,000069,消费80,CNY,CN10Y
2015-01-26,3397.31,0.0343409999999999,21.19,0.012851071731949132,000069,消费80,CNY,CN10Y
2015-01-27,3405.39,0.034309,21.31,0.012617325668700143,000069,消费80,CNY,CN10Y
2015-01-28,3374.75,0.034767,21.11,0.012603914258645196,000069,消费80,CNY,CN10Y
2015-01-29,3319.27,0.034966,20.78,0.013157195380173244,000069,消费80,CNY,CN10Y
2015-01-30,3299.2,0.035019,20.59,0.013548265662943176,000069,消费80,CNY,CN10Y
2015-02-02,3265.3,0.034729,20.37,0.014362801669121253,000069,消费80,CNY,CN10Y
2015-02-03,3313.65,0.034533,20.71,0.013752852245292123,000069,消费80,CNY,CN10Y
2015-02-04,3277.31,0.034589,20.5,0.014191487804878049,000069,消费80,CNY,CN10Y
2015-02-05,3245.92,0.034018,20.33,0.015170391539596657,000069,消费80,CNY,CN10Y
2015-02-06,3215.73,0.034325,20.22,0.015130984174085066,000069,消费80,CNY,CN10Y
2015-02-09,3235.2,0.034236,20.37,0.014855801669121253,000069,消费80,CNY,CN10Y
2015-02-10,3265.1,0.0342989999999999,20.58,0.014291864917395633,000069,消费80,CNY,CN10Y
2015-02-11,3316.06,0.033955,20.89,0.013914794159885113,000069,消费80,CNY,CN10Y
2015-02-12,3338.28,0.033865,21.0,0.013754047619047617,000069,消费80,CNY,CN10Y
2015-02-13,3371.72,0.033552,21.18,0.013662353163361667,000069,消费80,CNY,CN10Y
2015-02-15,,0.0336249999999999,21.18,0.013589353163361767,000069,消费80,CNY,CN10Y
2015-02-16,3440.67,0.033374,21.6,0.012922296296296293,000069,消费80,CNY,CN10Y
2015-02-17,3463.07,0.033373,21.74,0.012625160073597062,000069,消费80,CNY,CN10Y
2015-02-25,3447.47,0.03349,21.67,0.012656746654360868,000069,消费80,CNY,CN10Y
2015-02-26,3482.14,0.033594,21.9,0.01206810045662101,000069,消费80,CNY,CN10Y
2015-02-27,3494.34,0.033745,21.97,0.011771613563950845,000069,消费80,CNY,CN10Y
2015-02-28,,0.033602,21.97,0.011914613563950842,000069,消费80,CNY,CN10Y
2015-03-02,3534.55,0.033883,22.22,0.011121500450045,000069,消费80,CNY,CN10Y
2015-03-03,3487.04,0.034022,21.86,0.011723654162854535,000069,消费80,CNY,CN10Y
2015-03-04,3570.86,0.0338689999999999,22.39,0.010793795891022875,000069,消费80,CNY,CN10Y
2015-03-05,3562.37,0.034369,22.29,0.010494167339614183,000069,消费80,CNY,CN10Y
2015-03-06,3519.4,0.034753,21.98,0.010742905368516832,000069,消费80,CNY,CN10Y
2015-03-09,3582.4,0.034922,22.36,0.009800719141323792,000069,消费80,CNY,CN10Y
2015-03-10,3605.51,0.035228,22.46,0.009295597506678535,000069,消费80,CNY,CN10Y
2015-03-11,3615.35,0.034466,22.58,0.009820979627989376,000069,消费80,CNY,CN10Y
2015-03-12,3634.06,0.034412,22.75,0.009544043956043961,000069,消费80,CNY,CN10Y
2015-03-13,3662.51,0.034879,22.91,0.008770061545176781,000069,消费80,CNY,CN10Y
2015-03-16,3757.54,0.035301,23.47,0.007306584149978701,000069,消费80,CNY,CN10Y
2015-03-17,3780.71,0.035428,23.6,0.0069448813559322,000069,消费80,CNY,CN10Y
2015-03-18,3856.59,0.0355189999999999,24.03,0.006095648356221492,000069,消费80,CNY,CN10Y
2015-03-19,3826.7,0.035348,23.85,0.006580721174004191,000069,消费80,CNY,CN10Y
2015-03-20,3852.53,0.034958,23.94,0.006813094402673345,000069,消费80,CNY,CN10Y
2015-03-23,3938.76,0.034933,24.55,0.005800197556008149,000069,消费80,CNY,CN10Y
2015-03-24,3965.4,0.034841,24.69,0.005661227622519242,000069,消费80,CNY,CN10Y
2015-03-25,4002.13,0.035037,24.86,0.005188261464199519,000069,消费80,CNY,CN10Y
2015-03-26,3985.34,0.03544,24.77,0.004931417036737988,000069,消费80,CNY,CN10Y
2015-03-27,4001.79,0.035678,24.84,0.004579648953301124,000069,消费80,CNY,CN10Y
2015-03-30,4055.38,0.035849,25.16,0.0038966279809221002,000069,消费80,CNY,CN10Y
2015-03-31,4032.95,0.036483,25.04,0.003453102236421722,000069,消费80,CNY,CN10Y
2015-04-01,4103.66,0.035997,25.49,0.003234071008238526,000069,消费80,CNY,CN10Y
2015-04-02,4147.55,0.035438,25.72,0.003442248833592537,000069,消费80,CNY,CN10Y
2015-04-03,4184.76,0.03572,26.0,0.002741538461538462,000069,消费80,CNY,CN10Y
2015-04-07,4264.01,0.035987,26.49,0.0017630943752359393,000069,消费80,CNY,CN10Y
2015-04-08,4238.17,0.036938,26.36,0.000998267071320183,000069,消费80,CNY,CN10Y
2015-04-09,4189.61,0.03704,26.11,0.001259502106472618,000069,消费80,CNY,CN10Y
2015-04-10,4314.08,0.036947,26.83,0.0003247107715244127,000069,消费80,CNY,CN10Y
2015-04-13,4383.06,0.0366849999999999,27.38,-0.00016199050401742576,000069,消费80,CNY,CN10Y
2015-04-14,4377.79,0.036211,27.32,0.00039222108345534495,000069,消费80,CNY,CN10Y
2015-04-15,4240.84,0.035954,26.24,0.002155756097560975,000069,消费80,CNY,CN10Y
2015-04-16,4385.62,0.0356,27.13,0.0012595650571323308,000069,消费80,CNY,CN10Y
2015-04-17,4417.31,0.035627,27.3,0.0010030366300366328,000069,消费80,CNY,CN10Y
2015-04-20,4356.33,0.034554,26.92,0.0025931025260029703,000069,消费80,CNY,CN10Y
2015-04-21,4555.66,0.034055,28.11,0.0015195286374955486,000069,消费80,CNY,CN10Y
2015-04-22,4654.46,0.034052,29.1,0.00031226116838487666,000069,消费80,CNY,CN10Y
2015-04-23,4680.92,0.034151,29.24,4.8726402188781215e-05,000069,消费80,CNY,CN10Y
2015-04-24,4699.84,0.034454,29.29,-0.00031265483100034047,000069,消费80,CNY,CN10Y
2015-04-27,4727.82,0.033952,29.47,-1.918696979980039e-05,000069,消费80,CNY,CN10Y
2015-04-28,4559.49,0.033804,28.42,0.0013824883884588288,000069,消费80,CNY,CN10Y
2015-04-29,4660.0,0.034,28.93,0.0005661942620117516,000069,消费80,CNY,CN10Y
2015-04-30,4636.23,0.033503,28.79,0.0012312827370614815,000069,消费80,CNY,CN10Y
2015-05-04,4653.4,0.033804,27.73,0.002258026685899743,000069,消费80,CNY,CN10Y
2015-05-05,4488.27,0.034006,26.52,0.0037013906485671155,000069,消费80,CNY,CN10Y
2015-05-06,4452.56,0.03456,26.3,0.0034628136882129262,000069,消费80,CNY,CN10Y
2015-05-07,4396.58,0.034401,25.97,0.0041049684251058954,000069,消费80,CNY,CN10Y
2015-05-08,4494.03,0.033703,26.54,0.003975975131876419,000069,消费80,CNY,CN10Y
2015-05-11,4632.54,0.033752,27.38,0.002771009495982475,000069,消费80,CNY,CN10Y
2015-05-12,4675.09,0.034002,27.55,0.0022956406533575363,000069,消费80,CNY,CN10Y
2015-05-13,4725.46,0.034002,27.9,0.0018402939068100435,000069,消费80,CNY,CN10Y
2015-05-14,4682.91,0.033803,27.65,0.0023633652802893326,000069,消费80,CNY,CN10Y
2015-05-15,4603.24,0.033907,27.17,0.0028982999631946976,000069,消费80,CNY,CN10Y
2015-05-18,4606.06,0.034109,27.18,0.0026827586460632796,000069,消费80,CNY,CN10Y
2015-05-19,4735.04,0.034311,27.94,0.0014799806728704318,000069,消费80,CNY,CN10Y
2015-05-20,4800.48,0.034282,28.0,0.0014322857142857123,000069,消费80,CNY,CN10Y
2015-05-21,4960.62,0.034257,29.35,-0.00018544974446337709,000069,消费80,CNY,CN10Y
2015-05-22,5064.35,0.0341599999999999,29.97,-0.0007932999666331944,000069,消费80,CNY,CN10Y
2015-05-25,5233.69,0.03431,30.91,-0.001958010352636687,000069,消费80,CNY,CN10Y
2015-05-26,5348.9,0.0352139999999999,31.48,-0.003447799237611078,000069,消费80,CNY,CN10Y
2015-05-27,5351.06,0.035055,31.43,-0.0032382643970728653,000069,消费80,CNY,CN10Y
2015-05-28,4994.22,0.0356519999999999,28.36,-0.00039106911142443995,000069,消费80,CNY,CN10Y
2015-05-29,5021.0,0.035954,28.49,-0.0008539648999648999,000069,消费80,CNY,CN10Y
2015-06-01,5263.97,0.036404,29.85,-0.0029031624790619784,000069,消费80,CNY,CN10Y
2015-06-02,5410.46,0.03588,30.59,-0.0031895782935599873,000069,消费80,CNY,CN10Y
2015-06-03,5377.41,0.036111,30.46,-0.003281059093893632,000069,消费80,CNY,CN10Y
2015-06-04,5323.95,0.035912,29.99,-0.00256755185061687,000069,消费80,CNY,CN10Y
2015-06-05,5363.79,0.035814,30.28,-0.0027889009247027766,000069,消费80,CNY,CN10Y
2015-06-08,5419.67,0.035613,30.63,-0.0029652690173032972,000069,消费80,CNY,CN10Y
2015-06-09,5418.57,0.035565,30.45,-0.002724277504105088,000069,消费80,CNY,CN10Y
2015-06-10,5526.03,0.035912,31.06,-0.003716249839021246,000069,消费80,CNY,CN10Y
2015-06-11,5567.74,0.036197,31.32,-0.004268519795657726,000069,消费80,CNY,CN10Y
2015-06-12,5654.73,0.036226,31.84,-0.004818964824120607,000069,消费80,CNY,CN10Y
2015-06-15,5561.68,0.036681,31.69,-0.005125304196907543,000069,消费80,CNY,CN10Y
2015-06-16,5413.44,0.036099,30.25,-0.0030411487603305767,000069,消费80,CNY,CN10Y
2015-06-17,5468.29,0.036052,30.73,-0.0035105095997396696,000069,消费80,CNY,CN10Y
2015-06-18,5281.09,0.03573,29.69,-0.0020486257999326393,000069,消费80,CNY,CN10Y
2015-06-19,4933.54,0.035825,27.79,0.00015916696653472256,000069,消费80,CNY,CN10Y
2015-06-23,5024.52,0.036054,28.29,-0.0007058204312477903,000069,消费80,CNY,CN10Y
2015-06-24,5132.71,0.036079,28.89,-0.0014649466943579131,000069,消费80,CNY,CN10Y
2015-06-25,4898.03,0.036028,27.59,0.00021701631025734108,000069,消费80,CNY,CN10Y
2015-06-26,4502.08,0.03608,25.41,0.00327458480913026,000069,消费80,CNY,CN10Y
2015-06-29,4310.13,0.03603,24.4,0.0049536065573770535,000069,消费80,CNY,CN10Y
2015-06-30,4591.05,0.035976,25.96,0.002544801232665636,000069,消费80,CNY,CN10Y
2015-07-01,4403.61,0.036127,24.9,0.004033642570281125,000069,消费80,CNY,CN10Y
2015-07-02,4199.98,0.036223,23.79,0.005811468263976466,000069,消费80,CNY,CN10Y
2015-07-03,3989.63,0.035719,22.62,0.008489664898320065,000069,消费80,CNY,CN10Y
2015-07-06,4066.25,0.034917,23.05,0.008466947939262476,000069,消费80,CNY,CN10Y
2015-07-07,3840.43,0.034361,21.85,0.011405590389016014,000069,消费80,CNY,CN10Y
2015-07-08,3611.13,0.034307,20.63,0.01416609743092584,000069,消费80,CNY,CN10Y
2015-07-09,3860.39,0.034358,22.05,0.010993473922902494,000069,消费80,CNY,CN10Y
2015-07-10,4118.46,0.034885,23.44,0.007777116040955628,000069,消费80,CNY,CN10Y
2015-07-13,4324.08,0.0350139999999999,24.56,0.005702612377850268,000069,消费80,CNY,CN10Y
2015-07-14,4272.95,0.035341,24.17,0.00603260364087712,000069,消费80,CNY,CN10Y
2015-07-15,4049.68,0.035495,22.9,0.008173122270742364,000069,消费80,CNY,CN10Y
2015-07-16,4112.95,0.0352079999999999,22.32,0.009594867383512645,000069,消费80,CNY,CN10Y
2015-07-17,4289.25,0.035123,23.04,0.008279777777777775,000069,消费80,CNY,CN10Y
2015-07-20,4282.63,0.035009,23.01,0.0084503654932638,000069,消费80,CNY,CN10Y
2015-07-21,4309.6,0.0352139999999999,23.16,0.007963892918825662,000069,消费80,CNY,CN10Y
2015-07-22,4331.5,0.035145,23.1,0.008145043290043286,000069,消费80,CNY,CN10Y
2015-07-23,4452.72,0.034751,23.77,0.007318835927639884,000069,消费80,CNY,CN10Y
2015-07-24,4378.22,0.034602,23.36,0.008206219178082189,000069,消费80,CNY,CN10Y
2015-07-27,4022.1,0.034602,21.41,0.012105146193367583,000069,消费80,CNY,CN10Y
2015-07-28,4022.09,0.034401,21.41,0.012306146193367583,000069,消费80,CNY,CN10Y
2015-07-29,4170.01,0.034302,22.19,0.010763344749887334,000069,消费80,CNY,CN10Y
2015-07-30,4037.23,0.034402,21.49,0.012131271288971616,000069,消费80,CNY,CN10Y
2015-07-31,4031.01,0.034752,21.48,0.011802934823091249,000069,消费80,CNY,CN10Y
2015-08-03,4028.94,0.0347,21.51,0.011790004649000457,000069,消费80,CNY,CN10Y
2015-08-04,4189.56,0.0347,22.37,0.010002726866338844,000069,消费80,CNY,CN10Y
2015-08-05,4099.03,0.034701,21.88,0.011002839122486285,000069,消费80,CNY,CN10Y
2015-08-06,4064.59,0.0346,21.71,0.011461722708429295,000069,消费80,CNY,CN10Y
2015-08-07,4153.74,0.034553,22.18,0.010532662759242563,000069,消费80,CNY,CN10Y
2015-08-10,4348.33,0.034755,23.21,0.008329877208099953,000069,消费80,CNY,CN10Y
2015-08-11,4366.3,0.0352559999999999,23.29,0.007680882782310106,000069,消费80,CNY,CN10Y
2015-08-12,4322.73,0.035402,23.09,0.007906791684711992,000069,消费80,CNY,CN10Y
2015-08-13,4402.77,0.035153,23.51,0.007382091450446618,000069,消费80,CNY,CN10Y
2015-08-14,4424.85,0.035052,23.63,0.007267085907744393,000069,消费80,CNY,CN10Y
2015-08-17,4509.66,0.035176,24.05,0.0064040415800415765,000069,消费80,CNY,CN10Y
2015-08-18,4216.25,0.035126,22.45,0.009417429844097998,000069,消费80,CNY,CN10Y
2015-08-19,4299.2,0.0352009999999999,22.9,0.008467122270742464,000069,消费80,CNY,CN10Y
2015-08-20,4152.5,0.035051,22.12,0.010156956600361665,000069,消费80,CNY,CN10Y
2015-08-21,3944.35,0.0349509999999999,20.96,0.012758923664122235,000069,消费80,CNY,CN10Y
2015-08-24,3587.35,0.034701,19.04,0.017820008403361343,000069,消费80,CNY,CN10Y
2015-08-25,3343.82,0.034577,17.74,0.021792785794813987,000069,消费80,CNY,CN10Y
2015-08-26,3341.38,0.03429,17.8,0.021889775280898874,000069,消费80,CNY,CN10Y
2015-08-27,3532.61,0.033902,18.89,0.01903606246691371,000069,消费80,CNY,CN10Y
2015-08-28,3692.2,0.033803,19.75,0.016829911392405063,000069,消费80,CNY,CN10Y
2015-08-31,3640.04,0.033252,19.54,0.0179250726714432,000069,消费80,CNY,CN10Y
2015-09-01,3522.46,0.033002,20.26,0.01635634155972359,000069,消费80,CNY,CN10Y
2015-09-02,3522.94,0.033002,20.4,0.016017607843137265,000069,消费80,CNY,CN10Y
2015-09-06,,0.033203,20.4,0.015816607843137258,000069,消费80,CNY,CN10Y
2015-09-07,3460.75,0.033353,19.94,0.01679745135406218,000069,消费80,CNY,CN10Y
2015-09-08,3573.81,0.033603,20.57,0.01501148711716091,000069,消费80,CNY,CN10Y
2015-09-09,3633.92,0.033478,20.93,0.014300308647873863,000069,消费80,CNY,CN10Y
2015-09-10,3592.69,0.033453,20.69,0.014879527791203481,000069,消费80,CNY,CN10Y
2015-09-11,3596.14,0.0334039999999999,20.71,0.014881852245292225,000069,消费80,CNY,CN10Y
2015-09-14,3507.58,0.033303,20.25,0.016079716049382714,000069,消费80,CNY,CN10Y
2015-09-15,3348.69,0.033104,19.38,0.018495587203302376,000069,消费80,CNY,CN10Y
2015-09-16,3561.27,0.033103,20.08,0.016697796812749008,000069,消费80,CNY,CN10Y
2015-09-17,3437.79,0.033204,19.35,0.018475586563307493,000069,消费80,CNY,CN10Y
2015-09-18,3459.62,0.033105,19.46,0.018282461459403904,000069,消费80,CNY,CN10Y
2015-09-21,3542.52,0.033204,19.91,0.017022017076845808,000069,消费80,CNY,CN10Y
2015-09-22,3568.2,0.033255,20.03,0.016670112331502743,000069,消费80,CNY,CN10Y
2015-09-23,3499.09,0.033354,19.64,0.017562496945010178,000069,消费80,CNY,CN10Y
2015-09-24,3534.37,0.03318,19.86,0.017172467270896274,000069,消费80,CNY,CN10Y
2015-09-25,3448.19,0.033101,19.3,0.018712471502590672,000069,消费80,CNY,CN10Y
2015-09-28,3484.4,0.032906,19.53,0.01829727700972862,000069,消费80,CNY,CN10Y
2015-09-29,3425.18,0.032457,19.21,0.019599220718375845,000069,消费80,CNY,CN10Y
2015-09-30,3443.94,0.032362,19.35,0.01931758656330749,000069,消费80,CNY,CN10Y
2015-10-08,3582.46,0.032409,20.15,0.017218791563275437,000069,消费80,CNY,CN10Y
2015-10-09,3612.37,0.031486,20.26,0.017872341559723587,000069,消费80,CNY,CN10Y
2015-10-10,,0.031612,20.26,0.017746341559723586,000069,消费80,CNY,CN10Y
2015-10-12,3703.99,0.031488,20.8,0.01658892307692307,000069,消费80,CNY,CN10Y
2015-10-13,3721.83,0.0310639999999999,19.2,0.021019333333333435,000069,消费80,CNY,CN10Y
2015-10-14,3669.07,0.030414,18.91,0.022468072977260705,000069,消费80,CNY,CN10Y
2015-10-15,3767.67,0.0308139999999999,19.4,0.020732391752577423,000069,消费80,CNY,CN10Y
2015-10-16,3822.04,0.031216,19.7,0.019545421319796953,000069,消费80,CNY,CN10Y
2015-10-19,3842.18,0.031214,19.84,0.019189225806451618,000069,消费80,CNY,CN10Y
2015-10-20,3870.42,0.030615,19.99,0.01941001250625313,000069,消费80,CNY,CN10Y
2015-10-21,3698.58,0.0306159999999999,19.09,0.02176744683080157,000069,消费80,CNY,CN10Y
2015-10-22,3806.94,0.030516,19.66,0.0203486998982706,000069,消费80,CNY,CN10Y
2015-10-23,3891.43,0.0304,20.09,0.019376007964161276,000069,消费80,CNY,CN10Y
2015-10-26,3914.09,0.0302,20.2,0.019304950495049506,000069,消费80,CNY,CN10Y
2015-10-27,3915.01,0.0298,20.24,0.019607114624505935,000069,消费80,CNY,CN10Y
2015-10-28,3835.15,0.02987,19.82,0.020584086781029264,000069,消费80,CNY,CN10Y
2015-10-29,3868.08,0.0305,19.99,0.01952501250625313,000069,消费80,CNY,CN10Y
2015-10-30,3863.88,0.0306,20.05,0.01927531172069825,000069,消费80,CNY,CN10Y
2015-11-02,3797.42,0.030525,22.0,0.014929545454545456,000069,消费80,CNY,CN10Y
2015-11-03,3771.55,0.0308,21.85,0.014966590389016016,000069,消费80,CNY,CN10Y
2015-11-04,3922.02,0.031351,22.68,0.012740710758377426,000069,消费80,CNY,CN10Y
2015-11-05,3937.34,0.03115,22.77,0.012767435221783047,000069,消费80,CNY,CN10Y
2015-11-06,4002.67,0.03125,23.21,0.011834877208099955,000069,消费80,CNY,CN10Y
2015-11-09,4049.0,0.032099,23.5,0.010454191489361699,000069,消费80,CNY,CN10Y
2015-11-10,4037.14,0.032001,23.45,0.010642923240938164,000069,消费80,CNY,CN10Y
2015-11-11,4054.16,0.0312259999999999,23.53,0.011272937526561937,000069,消费80,CNY,CN10Y
2015-11-12,4033.32,0.031351,23.4,0.011384042735042739,000069,消费80,CNY,CN10Y
2015-11-13,3979.15,0.031251,23.14,0.011964211754537595,000069,消费80,CNY,CN10Y
2015-11-16,4010.83,0.031352,23.31,0.011548042900042903,000069,消费80,CNY,CN10Y
2015-11-17,3985.76,0.031252,23.13,0.011981895373973192,000069,消费80,CNY,CN10Y
2015-11-18,3936.76,0.031402,22.88,0.012304293706293712,000069,消费80,CNY,CN10Y
2015-11-19,3993.55,0.031402,23.21,0.011682877208099955,000069,消费80,CNY,CN10Y
2015-11-20,4008.63,0.031251,23.3,0.011667454935622316,000069,消费80,CNY,CN10Y
2015-11-23,3995.39,0.0313019999999999,23.25,0.011708752688172147,000069,消费80,CNY,CN10Y
2015-11-24,3988.8,0.031077,23.21,0.012007877208099954,000069,消费80,CNY,CN10Y
2015-11-25,4043.55,0.030853,23.51,0.011682091450446616,000069,消费80,CNY,CN10Y
2015-11-26,4034.36,0.030503,23.41,0.012213787697565145,000069,消费80,CNY,CN10Y
2015-11-27,3833.46,0.0306029999999999,22.25,0.014340820224719199,000069,消费80,CNY,CN10Y
2015-11-30,3842.9,0.030404,22.34,0.014358757385854966,000069,消费80,CNY,CN10Y
2015-12-01,3884.68,0.0305039999999999,22.56,0.013822241134751875,000069,消费80,CNY,CN10Y
2015-12-02,3947.16,0.030454,22.95,0.013118984749455342,000069,消费80,CNY,CN10Y
2015-12-03,3985.14,0.030304,23.2,0.01279944827586207,000069,消费80,CNY,CN10Y
2015-12-04,3945.63,0.030254,22.95,0.01331898474945534,000069,消费80,CNY,CN10Y
2015-12-07,3983.29,0.03028,23.15,0.012916544276457886,000069,消费80,CNY,CN10Y
2015-12-08,3897.2,0.030005,22.67,0.014106160123511246,000069,消费80,CNY,CN10Y
2015-12-09,3914.62,0.0299679999999999,22.81,0.013872420868040438,000069,消费80,CNY,CN10Y
2015-12-10,3906.24,0.030018,22.74,0.013957373790677224,000069,消费80,CNY,CN10Y
2015-12-11,3876.47,0.029931,22.58,0.014355979627989374,000069,消费80,CNY,CN10Y
2015-12-14,3935.34,0.030306,23.25,0.012704752688172047,000069,消费80,CNY,CN10Y
2015-12-15,3940.64,0.030157,23.29,0.012779882782310004,000069,消费80,CNY,CN10Y
2015-12-16,3931.46,0.030007,23.24,0.013022259896729782,000069,消费80,CNY,CN10Y
2015-12-17,4007.9,0.029857,23.68,0.012372729729729727,000069,消费80,CNY,CN10Y
2015-12-18,4029.17,0.029408,23.75,0.012697263157894736,000069,消费80,CNY,CN10Y
2015-12-21,4170.92,0.028811,24.52,0.011972034257748777,000069,消费80,CNY,CN10Y
2015-12-22,4170.48,0.02861,24.49,0.012222993058391186,000069,消费80,CNY,CN10Y
2015-12-23,4157.9,0.02846,24.46,0.012423074407195422,000069,消费80,CNY,CN10Y
2015-12-24,4115.91,0.02801,24.24,0.013244125412541254,000069,消费80,CNY,CN10Y
2015-12-25,4132.45,0.028061,24.32,0.013057421052631583,000069,消费80,CNY,CN10Y
2015-12-28,4031.59,0.027961,23.72,0.014197516020236091,000069,消费80,CNY,CN10Y
2015-12-29,4064.54,0.028061,23.92,0.013745020066889633,000069,消费80,CNY,CN10Y
2015-12-30,4065.77,0.0282609999999999,23.94,0.013510094402673447,000069,消费80,CNY,CN10Y
2015-12-31,4044.78,0.028212,23.81,0.013787160016799666,000069,消费80,CNY,CN10Y
2016-01-04,3744.63,0.02871,22.03,0.01668264639128461,000069,消费80,CNY,CN10Y
2016-01-05,3749.8,0.028911,22.07,0.01639937607612143,000069,消费80,CNY,CN10Y
2016-01-06,3803.06,0.0288609999999999,22.39,0.015801795891022874,000069,消费80,CNY,CN10Y
2016-01-07,3523.21,0.028511,20.74,0.019705007714561233,000069,消费80,CNY,CN10Y
2016-01-08,3590.81,0.028362,21.2,0.018807811320754722,000069,消费80,CNY,CN10Y
2016-01-11,3384.29,0.028187,20.0,0.021813000000000003,000069,消费80,CNY,CN10Y
2016-01-12,3397.66,0.027887,20.09,0.021889007964161277,000069,消费80,CNY,CN10Y
2016-01-13,3325.23,0.027237,19.71,0.023498667174023335,000069,消费80,CNY,CN10Y
2016-01-14,3410.77,0.027513,20.23,0.021918537320810675,000069,消费80,CNY,CN10Y
2016-01-15,3300.9,0.027464,19.58,0.023608522982635344,000069,消费80,CNY,CN10Y
2016-01-18,3320.97,0.027764,19.7,0.022997421319796953,000069,消费80,CNY,CN10Y
2016-01-19,3429.09,0.027964,20.36,0.021151913555992146,000069,消费80,CNY,CN10Y
2016-01-20,3363.21,0.028114,19.85,0.02226383375314861,000069,消费80,CNY,CN10Y
2016-01-21,3265.14,0.0279139999999999,19.29,0.02392633177812348,000069,消费80,CNY,CN10Y
2016-01-22,3292.96,0.027741,19.44,0.023699329218106992,000069,消费80,CNY,CN10Y
2016-01-25,3308.84,0.02859,19.54,0.022587072671443196,000069,消费80,CNY,CN10Y
2016-01-26,3109.27,0.028616,18.4,0.025731826086956528,000069,消费80,CNY,CN10Y
2016-01-27,3087.81,0.029016,18.29,0.025658685620557682,000069,消费80,CNY,CN10Y
2016-01-28,2998.63,0.028866,17.79,0.027345354693648117,000069,消费80,CNY,CN10Y
2016-01-29,3096.35,0.028419,18.39,0.025958379010331697,000069,消费80,CNY,CN10Y
2016-02-01,3061.63,0.028368,18.2,0.026577054945054943,000069,消费80,CNY,CN10Y
2016-02-02,3131.59,0.028818,18.62,0.024887692803437163,000069,消费80,CNY,CN10Y
2016-02-03,3124.74,0.028918,18.56,0.02496131034482759,000069,消费80,CNY,CN10Y
2016-02-04,3171.38,0.02855,18.83,0.024556744556558686,000069,消费80,CNY,CN10Y
2016-02-05,3158.06,0.0285349999999999,18.73,0.02485528296849983,000069,消费80,CNY,CN10Y
2016-02-06,,0.0285349999999999,18.73,0.02485528296849983,000069,消费80,CNY,CN10Y
2016-02-14,,0.028221,18.73,0.02516928296849973,000069,消费80,CNY,CN10Y
2016-02-15,3153.82,0.028371,18.69,0.02513354788657035,000069,消费80,CNY,CN10Y
2016-02-16,3249.94,0.028376,19.24,0.02359905197505198,000069,消费80,CNY,CN10Y
2016-02-17,3274.03,0.028351,19.36,0.02330189256198347,000069,消费80,CNY,CN10Y
2016-02-18,3258.15,0.028351,19.27,0.02354313596263622,000069,消费80,CNY,CN10Y
2016-02-19,3260.11,0.028251,19.29,0.023589331778123383,000069,消费80,CNY,CN10Y
2016-02-22,3321.35,0.028426,19.67,0.02241284087442806,000069,消费80,CNY,CN10Y
2016-02-23,3299.41,0.028451,19.56,0.02267374437627812,000069,消费80,CNY,CN10Y
2016-02-24,3331.07,0.028676,19.72,0.02203393914807303,000069,消费80,CNY,CN10Y
2016-02-25,3113.67,0.028651,18.46,0.025520180931744314,000069,消费80,CNY,CN10Y
2016-02-26,3139.84,0.028551,18.61,0.025183551316496508,000069,消费80,CNY,CN10Y
2016-02-29,3045.82,0.028502,18.05,0.026899662049861495,000069,消费80,CNY,CN10Y
2016-03-01,3093.44,0.028527,18.34,0.025998627044711013,000069,消费80,CNY,CN10Y
2016-03-02,3213.91,0.028752,19.04,0.023769008403361346,000069,消费80,CNY,CN10Y
2016-03-03,3244.14,0.029002,19.16,0.02319006680584551,000069,消费80,CNY,CN10Y
2016-03-04,3263.56,0.028952,19.26,0.02296907995846313,000069,消费80,CNY,CN10Y
2016-03-07,3279.36,0.029303,19.35,0.02237658656330749,000069,消费80,CNY,CN10Y
2016-03-08,3276.66,0.029352,19.36,0.022300892561983473,000069,消费80,CNY,CN10Y
2016-03-09,3243.51,0.028928,19.17,0.023236840897235257,000069,消费80,CNY,CN10Y
2016-03-10,3192.02,0.0286529999999999,18.9,0.024257052910053013,000069,消费80,CNY,CN10Y
2016-03-11,3184.33,0.028453,18.86,0.024569269353128316,000069,消费80,CNY,CN10Y
2016-03-14,3238.13,0.028504,19.17,0.023660840897235254,000069,消费80,CNY,CN10Y
2016-03-15,3271.07,0.028404,19.4,0.023142391752577325,000069,消费80,CNY,CN10Y
2016-03-16,3264.62,0.028054,19.33,0.023679057423693747,000069,消费80,CNY,CN10Y
2016-03-17,3311.62,0.028154,19.59,0.02289245227156713,000069,消费80,CNY,CN10Y
2016-03-18,3360.03,0.028229,19.87,0.022098126321087066,000069,消费80,CNY,CN10Y
2016-03-21,3424.52,0.0283049999999999,20.26,0.021053341559723687,000069,消费80,CNY,CN10Y
2016-03-22,3412.7,0.028304,20.19,0.021225470034670627,000069,消费80,CNY,CN10Y
2016-03-23,3421.62,0.028307,20.27,0.0210269911198816,000069,消费80,CNY,CN10Y
2016-03-24,3392.88,0.028309,20.12,0.021392789264413514,000069,消费80,CNY,CN10Y
2016-03-25,3424.16,0.028311,20.27,0.0210229911198816,000069,消费80,CNY,CN10Y
2016-03-28,3418.99,0.028665,20.25,0.020717716049382714,000069,消费80,CNY,CN10Y
2016-03-29,3359.64,0.02851,19.93,0.02166561465127948,000069,消费80,CNY,CN10Y
2016-03-30,3445.41,0.028362,20.43,0.020585626040137056,000069,消费80,CNY,CN10Y
2016-03-31,3447.68,0.028419,20.45,0.020480755501222497,000069,消费80,CNY,CN10Y
2016-04-01,3438.8,0.028422,20.42,0.020549596474045053,000069,消费80,CNY,CN10Y
2016-04-05,3489.05,0.028637,20.72,0.019625548262548264,000069,消费80,CNY,CN10Y
2016-04-06,3511.25,0.028689,20.83,0.019318681228996645,000069,消费80,CNY,CN10Y
2016-04-07,3458.06,0.029049,20.52,0.01968394346978558,000069,消费80,CNY,CN10Y
2016-04-08,3431.97,0.029158,20.39,0.019885648847474253,000069,消费80,CNY,CN10Y
2016-04-11,3485.26,0.029091,20.7,0.019218178743961353,000069,消费80,CNY,CN10Y
2016-04-12,3463.4,0.0291,20.58,0.01949086491739553,000069,消费80,CNY,CN10Y
2016-04-13,3486.3,0.029271,20.71,0.019014852245292126,000069,消费80,CNY,CN10Y
2016-04-14,3505.38,0.029352,20.85,0.018609630695443646,000069,消费80,CNY,CN10Y
2016-04-15,3494.45,0.0291509999999999,20.69,0.01918152779120358,000069,消费80,CNY,CN10Y
2016-04-18,3446.86,0.029047,20.4,0.01997260784313726,000069,消费80,CNY,CN10Y
2016-04-19,3457.78,0.02906,20.47,0.019791978505129464,000069,消费80,CNY,CN10Y
2016-04-20,3368.07,0.029258,19.95,0.020867313283208025,000069,消费80,CNY,CN10Y
2016-04-21,3333.26,0.0292079999999999,19.74,0.021450561296859273,000069,消费80,CNY,CN10Y
2016-04-22,3362.15,0.0293089999999999,19.94,0.02084145135406228,000069,消费80,CNY,CN10Y
2016-04-25,3342.18,0.029362,19.83,0.02106664346949068,000069,消费80,CNY,CN10Y
2016-04-26,3363.05,0.029212,19.95,0.020913313283208026,000069,消费80,CNY,CN10Y
2016-04-27,3353.02,0.029108,19.88,0.021193810865191152,000069,消费80,CNY,CN10Y
2016-04-28,3350.08,0.028863,19.87,0.021464126321087067,000069,消费80,CNY,CN10Y
2016-04-29,3371.18,0.028913,19.99,0.02111201250625313,000069,消费80,CNY,CN10Y
2016-05-03,3462.32,0.02889,19.7,0.021871421319796955,000069,消费80,CNY,CN10Y
2016-05-04,3458.06,0.028965,19.7,0.021796421319796953,000069,消费80,CNY,CN10Y
2016-05-05,3463.64,0.029017,19.73,0.021667237202230107,000069,消费80,CNY,CN10Y
2016-05-06,3369.71,0.029016,19.22,0.023013136316337154,000069,消费80,CNY,CN10Y
2016-05-09,3307.02,0.028818,18.87,0.02417617064122946,000069,消费80,CNY,CN10Y
2016-05-10,3324.93,0.0289999999999999,18.97,0.02371481286241444,000069,消费80,CNY,CN10Y
2016-05-11,3367.47,0.029075,19.21,0.022981220718375845,000069,消费80,CNY,CN10Y
2016-05-12,3361.26,0.028975,19.2,0.023108333333333335,000069,消费80,CNY,CN10Y
2016-05-13,3331.77,0.02905,19.03,0.023498607461902257,000069,消费80,CNY,CN10Y
2016-05-16,3364.38,0.029275,19.19,0.022835474205315263,000069,消费80,CNY,CN10Y
2016-05-17,3344.55,0.0293,19.09,0.02308344683080147,000069,消费80,CNY,CN10Y
2016-05-18,3297.31,0.02955,18.84,0.02352855626326964,000069,消费80,CNY,CN10Y
2016-05-19,3298.08,0.0296,18.82,0.023534962805526034,000069,消费80,CNY,CN10Y
2016-05-20,3322.62,0.0295,18.95,0.023270448548812668,000069,消费80,CNY,CN10Y
2016-05-23,3339.15,0.02955,19.07,0.022888384897745147,000069,消费80,CNY,CN10Y
2016-05-24,3319.65,0.02935,18.91,0.023532072977260704,000069,消费80,CNY,CN10Y
2016-05-25,3302.63,0.029401,18.81,0.023762211057947905,000069,消费80,CNY,CN10Y
2016-05-26,3298.12,0.029401,18.78,0.023847136315228962,000069,消费80,CNY,CN10Y
2016-05-27,3295.14,0.029451,18.75,0.023882333333333335,000069,消费80,CNY,CN10Y
2016-05-30,3286.18,0.0297759999999999,18.71,0.023671354355959476,000069,消费80,CNY,CN10Y
2016-05-31,3387.94,0.029851,19.3,0.02196247150259067,000069,消费80,CNY,CN10Y
2016-06-01,3384.75,0.029952,19.28,0.021915219917012445,000069,消费80,CNY,CN10Y
2016-06-02,3398.54,0.030127,19.35,0.02155258656330749,000069,消费80,CNY,CN10Y
2016-06-03,3459.06,0.030152,19.62,0.020816399592252798,000069,消费80,CNY,CN10Y
2016-06-06,3440.04,0.030041,19.48,0.021293702258726895,000069,消费80,CNY,CN10Y
2016-06-07,3443.69,0.030071,19.5,0.02121105128205128,000069,消费80,CNY,CN10Y
2016-06-08,3413.83,0.030077,19.33,0.021656057423693746,000069,消费80,CNY,CN10Y
2016-06-12,,0.030053,19.33,0.021680057423693746,000069,消费80,CNY,CN10Y
2016-06-13,3313.23,0.029979,19.01,0.022624892688058916,000069,消费80,CNY,CN10Y
2016-06-14,3323.13,0.029654,19.09,0.02272944683080147,000069,消费80,CNY,CN10Y
2016-06-15,3382.25,0.029604,19.41,0.02191583513652756,000069,消费80,CNY,CN10Y
2016-06-16,3352.37,0.029455,19.16,0.022737066805845512,000069,消费80,CNY,CN10Y
2016-06-17,3374.6,0.029379,19.29,0.022461331778123383,000069,消费80,CNY,CN10Y
2016-06-20,3371.32,0.029481,19.27,0.02241313596263622,000069,消费80,CNY,CN10Y
2016-06-21,3346.09,0.029405,19.12,0.02289625523012552,000069,消费80,CNY,CN10Y
2016-06-22,3378.46,0.029307,19.32,0.022452834368530017,000069,消费80,CNY,CN10Y
2016-06-23,3353.77,0.029307,19.17,0.022857840897235256,000069,消费80,CNY,CN10Y
2016-06-24,3309.58,0.0288079999999999,18.93,0.024018201796090963,000069,消费80,CNY,CN10Y
2016-06-27,3376.93,0.02831,19.33,0.023423057423693747,000069,消费80,CNY,CN10Y
2016-06-28,3411.69,0.02861,19.53,0.02259327700972862,000069,消费80,CNY,CN10Y
2016-06-29,3421.83,0.028586,19.58,0.022486522982635343,000069,消费80,CNY,CN10Y
2016-06-30,3434.06,0.028411,19.66,0.022453699898270604,000069,消费80,CNY,CN10Y
2016-07-01,3425.36,0.0280379999999999,19.59,0.02300845227156723,000069,消费80,CNY,CN10Y
2016-07-04,3487.34,0.028314,19.99,0.02171101250625313,000069,消费80,CNY,CN10Y
2016-07-05,3505.37,0.0285139999999999,20.09,0.021262007964161375,000069,消费80,CNY,CN10Y
2016-07-06,3551.32,0.028365,20.41,0.020630590396864282,000069,消费80,CNY,CN10Y
2016-07-07,3572.54,0.028066,20.42,0.02090559647404505,000069,消费80,CNY,CN10Y
2016-07-08,3527.48,0.028016,20.16,0.0215871746031746,000069,消费80,CNY,CN10Y
2016-07-11,3565.31,0.028268,20.35,0.020872049140049136,000069,消费80,CNY,CN10Y
2016-07-12,3670.21,0.028368,20.94,0.01938749188156638,000069,消费80,CNY,CN10Y
2016-07-13,3662.8,0.028493,20.9,0.01935388995215311,000069,消费80,CNY,CN10Y
2016-07-14,3661.49,0.028395,20.88,0.01949772030651341,000069,消费80,CNY,CN10Y
2016-07-15,3672.41,0.028271,20.97,0.019416172150691465,000069,消费80,CNY,CN10Y
2016-07-18,3658.99,0.028271,20.95,0.0194616968973747,000069,消费80,CNY,CN10Y
2016-07-19,3623.26,0.028197,20.74,0.020019007714561235,000069,消费80,CNY,CN10Y
2016-07-20,3631.53,0.027996,20.8,0.020080923076923073,000069,消费80,CNY,CN10Y
2016-07-21,3655.27,0.027806,20.95,0.0199266968973747,000069,消费80,CNY,CN10Y
2016-07-22,3604.01,0.027907,20.64,0.02054261240310077,000069,消费80,CNY,CN10Y
2016-07-25,3623.43,0.028068,20.72,0.020194548262548264,000069,消费80,CNY,CN10Y
2016-07-26,3695.86,0.0279139999999999,21.14,0.01938968968779575,000069,消费80,CNY,CN10Y
2016-07-27,3634.92,0.027967,20.8,0.020109923076923074,000069,消费80,CNY,CN10Y
2016-07-28,3683.75,0.027867,21.07,0.019593844803037493,000069,消费80,CNY,CN10Y
2016-07-29,3668.33,0.027768,20.99,0.019873734159123392,000069,消费80,CNY,CN10Y
2016-08-01,3603.56,0.02783,20.63,0.020643097430925836,000069,消费80,CNY,CN10Y
2016-08-02,3616.66,0.0277919999999999,20.72,0.020470548262548363,000069,消费80,CNY,CN10Y
2016-08-03,3628.09,0.027718,20.77,0.020428364949446318,000069,消费80,CNY,CN10Y
2016-08-04,3623.82,0.027694,20.74,0.020522007714561235,000069,消费80,CNY,CN10Y
2016-08-05,3612.22,0.027534,20.67,0.02084529366231253,000069,消费80,CNY,CN10Y
2016-08-08,3648.86,0.027472,20.91,0.02035200765184122,000069,消费80,CNY,CN10Y
2016-08-09,3687.08,0.027125,21.12,0.020223484848484848,000069,消费80,CNY,CN10Y
2016-08-10,3656.23,0.0269499999999999,20.95,0.0207826968973748,000069,消费80,CNY,CN10Y
2016-08-11,3631.21,0.026875,20.82,0.02115573967339097,000069,消费80,CNY,CN10Y
2016-08-12,3669.22,0.026701,21.08,0.02073733017077799,000069,消费80,CNY,CN10Y
2016-08-15,3737.55,0.0264009999999999,21.44,0.020240791044776215,000069,消费80,CNY,CN10Y
2016-08-16,3719.42,0.0266509999999999,21.27,0.020363574518100714,000069,消费80,CNY,CN10Y
2016-08-17,3721.87,0.026901,21.28,0.020091481203007515,000069,消费80,CNY,CN10Y
2016-08-18,3702.13,0.026801,21.17,0.020435655644780344,000069,消费80,CNY,CN10Y
2016-08-19,3693.18,0.027001,21.13,0.020325076668244204,000069,消费80,CNY,CN10Y
2016-08-22,3682.47,0.026801,21.05,0.020704938242280285,000069,消费80,CNY,CN10Y
2016-08-23,3688.62,0.027201,21.09,0.0202148368895211,000069,消费80,CNY,CN10Y
2016-08-24,3682.31,0.027301,21.06,0.020182380816714154,000069,消费80,CNY,CN10Y
2016-08-25,3655.56,0.027201,20.89,0.020668794159885113,000069,消费80,CNY,CN10Y
2016-08-26,3657.62,0.026927,20.88,0.020965720306513412,000069,消费80,CNY,CN10Y
2016-08-29,3648.07,0.0270639999999999,20.86,0.02087463854266549,000069,消费80,CNY,CN10Y
2016-08-30,3640.77,0.027527,20.83,0.020480681228996645,000069,消费80,CNY,CN10Y
2016-08-31,3653.14,0.027425,20.9,0.02042188995215311,000069,消费80,CNY,CN10Y
2016-09-01,3634.2,0.027452,20.48,0.021376125,000069,消费80,CNY,CN10Y
2016-09-02,3642.82,0.027452,21.38,0.019320684752104775,000069,消费80,CNY,CN10Y
2016-09-05,3642.11,0.027503,21.38,0.019269684752104776,000069,消费80,CNY,CN10Y
2016-09-06,3678.98,0.027628,21.59,0.018689739694302918,000069,消费80,CNY,CN10Y
2016-09-07,3662.84,0.027853,21.52,0.018615401486988852,000069,消费80,CNY,CN10Y
2016-09-08,3667.4,0.027753,21.57,0.018607686138154847,000069,消费80,CNY,CN10Y
2016-09-09,3644.58,0.0276779999999999,21.43,0.018985555762949236,000069,消费80,CNY,CN10Y
2016-09-12,3585.81,0.027916,21.11,0.019454914258645196,000069,消费80,CNY,CN10Y
2016-09-13,3586.97,0.027654,21.12,0.019694484848484847,000069,消费80,CNY,CN10Y
2016-09-14,3567.95,0.027579,21.02,0.019994739295908663,000069,消费80,CNY,CN10Y
2016-09-18,,0.027655,21.02,0.019918739295908663,000069,消费80,CNY,CN10Y
2016-09-19,3600.9,0.027605,21.21,0.019542571900047146,000069,消费80,CNY,CN10Y
2016-09-20,3591.76,0.027431,21.13,0.019895076668244204,000069,消费80,CNY,CN10Y
2016-09-21,3586.65,0.0275179999999999,21.09,0.0198978368895212,000069,消费80,CNY,CN10Y
2016-09-22,3606.74,0.027456,21.22,0.019669353440150805,000069,消费80,CNY,CN10Y
2016-09-23,3604.24,0.027318,21.18,0.019896353163361667,000069,消费80,CNY,CN10Y
2016-09-26,3533.02,0.027157,20.76,0.021012556840077065,000069,消费80,CNY,CN10Y
2016-09-27,3552.95,0.0271439999999999,20.88,0.02074872030651351,000069,消费80,CNY,CN10Y
2016-09-28,3546.67,0.027244,20.86,0.02069463854266539,000069,消费80,CNY,CN10Y
2016-09-29,3555.16,0.027282,20.89,0.02058779415988511,000069,消费80,CNY,CN10Y
2016-09-30,3575.16,0.027258,21.02,0.02031573929590866,000069,消费80,CNY,CN10Y
2016-10-08,,0.0270469999999999,21.02,0.02052673929590876,000069,消费80,CNY,CN10Y
2016-10-09,,0.02676,21.02,0.020813739295908663,000069,消费80,CNY,CN10Y
2016-10-10,3640.72,0.026735,21.43,0.01992855576294914,000069,消费80,CNY,CN10Y
2016-10-11,3659.0,0.026835,21.53,0.019611818392940083,000069,消费80,CNY,CN10Y
2016-10-12,3646.79,0.027098,21.45,0.019522046620046623,000069,消费80,CNY,CN10Y
2016-10-13,3645.01,0.02701,21.43,0.019653555762949138,000069,消费80,CNY,CN10Y
2016-10-14,3647.16,0.0269519999999999,21.44,0.019689791044776216,000069,消费80,CNY,CN10Y
2016-10-17,3629.48,0.0269039999999999,21.33,0.01997832536333812,000069,消费80,CNY,CN10Y
2016-10-18,3669.59,0.026965,21.59,0.019352739694302918,000069,消费80,CNY,CN10Y
2016-10-19,3664.98,0.026664,21.59,0.019653739694302917,000069,消费80,CNY,CN10Y
2016-10-20,3664.59,0.026518,21.6,0.019778296296296294,000069,消费80,CNY,CN10Y
2016-10-21,3652.26,0.026451,21.54,0.01997425533890437,000069,消费80,CNY,CN10Y
2016-10-24,3691.42,0.026595,21.7,0.01948794930875576,000069,消费80,CNY,CN10Y
2016-10-25,3704.17,0.026859,21.77,0.01907577262287552,000069,消费80,CNY,CN10Y
2016-10-26,3722.64,0.0272,21.81,0.01865052728106374,000069,消费80,CNY,CN10Y
2016-10-27,3715.23,0.027068,21.78,0.01884568227731864,000069,消费80,CNY,CN10Y
2016-10-28,3694.11,0.027027,21.72,0.019013515653775324,000069,消费80,CNY,CN10Y
2016-10-31,3698.41,0.027425,21.74,0.01857316007359706,000069,消费80,CNY,CN10Y
2016-11-01,3723.74,0.0273749999999999,21.41,0.019332146193367684,000069,消费80,CNY,CN10Y
2016-11-02,3699.94,0.027372,21.26,0.019664688617121354,000069,消费80,CNY,CN10Y
2016-11-03,3714.31,0.027301,21.34,0.019559356138706657,000069,消费80,CNY,CN10Y
2016-11-04,3707.47,0.027339,21.33,0.019543325363338023,000069,消费80,CNY,CN10Y
2016-11-07,3702.63,0.027475,21.31,0.019451325668700142,000069,消费80,CNY,CN10Y
2016-11-08,3735.26,0.027634,21.5,0.018877627906976745,000069,消费80,CNY,CN10Y
2016-11-09,3706.78,0.027651,21.32,0.019253315196998123,000069,消费80,CNY,CN10Y
2016-11-10,3738.87,0.027926,21.51,0.01856400464900046,000069,消费80,CNY,CN10Y
2016-11-11,3733.36,0.0281499999999999,21.45,0.018470046620046723,000069,消费80,CNY,CN10Y
2016-11-14,3722.43,0.0285769999999999,21.39,0.018173818139317538,000069,消费80,CNY,CN10Y
2016-11-15,3739.32,0.028501,21.47,0.018075618537494183,000069,消费80,CNY,CN10Y
2016-11-16,3743.86,0.028652,21.48,0.017902934823091247,000069,消费80,CNY,CN10Y
2016-11-17,3737.12,0.029055,21.43,0.017608555762949136,000069,消费80,CNY,CN10Y
2016-11-18,3722.74,0.028901,21.38,0.017871684752104777,000069,消费80,CNY,CN10Y
2016-11-21,3725.98,0.028851,21.4,0.017877971962616826,000069,消费80,CNY,CN10Y
2016-11-22,3743.26,0.028689,21.48,0.017865934823091248,000069,消费80,CNY,CN10Y
2016-11-23,3742.78,0.028451,21.49,0.018082271288971618,000069,消费80,CNY,CN10Y
2016-11-24,3789.38,0.028502,21.73,0.017517328117809476,000069,消费80,CNY,CN10Y
2016-11-25,3798.67,0.02865,21.81,0.01720052728106374,000069,消费80,CNY,CN10Y
2016-11-28,3790.49,0.028502,21.74,0.017496160073597063,000069,消费80,CNY,CN10Y
2016-11-29,3834.64,0.028906,21.98,0.01658990536851683,000069,消费80,CNY,CN10Y
2016-11-30,3810.55,0.029502,21.83,0.01630652038479157,000069,消费80,CNY,CN10Y
2016-12-01,3838.44,0.029893,21.99,0.01558221600727604,000069,消费80,CNY,CN10Y
2016-12-02,3791.25,0.029895,21.74,0.01610316007359706,000069,消费80,CNY,CN10Y
2016-12-05,3744.33,0.030302,21.5,0.016209627906976744,000069,消费80,CNY,CN10Y
2016-12-06,3757.11,0.0311509999999999,21.59,0.015166739694303016,000069,消费80,CNY,CN10Y
2016-12-07,3796.48,0.0308769999999999,21.8,0.014994559633027617,000069,消费80,CNY,CN10Y
2016-12-08,3795.26,0.030753,21.85,0.015013590389016018,000069,消费80,CNY,CN10Y
2016-12-09,3791.91,0.030853,21.82,0.014976514207149405,000069,消费80,CNY,CN10Y
2016-12-12,3701.95,0.031458,20.94,0.01629749188156638,000069,消费80,CNY,CN10Y
2016-12-13,3713.63,0.031863,21.04,0.01566551711026616,000069,消费80,CNY,CN10Y
2016-12-14,3682.16,0.032186,20.88,0.015706720306513412,000069,消费80,CNY,CN10Y
2016-12-15,3658.48,0.033315,20.72,0.014947548262548266,000069,消费80,CNY,CN10Y
2016-12-16,3677.63,0.032803,20.82,0.015227739673390972,000069,消费80,CNY,CN10Y
2016-12-19,3680.73,0.033316,20.81,0.014737820278712163,000069,消费80,CNY,CN10Y
2016-12-20,3665.32,0.033739,20.73,0.014500266763145198,000069,消费80,CNY,CN10Y
2016-12-21,3692.91,0.032815,20.87,0.015100668423574506,000069,消费80,CNY,CN10Y
2016-12-22,3695.93,0.031908,20.88,0.015984720306513413,000069,消费80,CNY,CN10Y
2016-12-23,3667.81,0.031769,20.72,0.016493548262548265,000069,消费80,CNY,CN10Y
2016-12-26,3684.13,0.031551,20.83,0.016456681228996642,000069,消费80,CNY,CN10Y
2016-12-27,3678.26,0.0316279999999999,20.82,0.01640273967339107,000069,消费80,CNY,CN10Y
2016-12-28,3666.18,0.031223,20.75,0.01696977108433735,000069,消费80,CNY,CN10Y
2016-12-29,3663.03,0.0304709999999999,20.72,0.017791548262548362,000069,消费80,CNY,CN10Y
2016-12-30,3694.77,0.030115,20.92,0.01768614722753346,000069,消费80,CNY,CN10Y
2016-12-31,,0.030115,20.92,0.01768614722753346,000069,消费80,CNY,CN10Y
2017-01-03,3714.52,0.031054,21.03,0.016497117451260104,000069,消费80,CNY,CN10Y
2017-01-04,3757.35,0.031823,21.3,0.015125356807511738,000069,消费80,CNY,CN10Y
2017-01-05,3743.44,0.032086,21.21,0.015061571900047144,000069,消费80,CNY,CN10Y
2017-01-06,3726.7,0.031953,21.13,0.015373076668244202,000069,消费80,CNY,CN10Y
2017-01-09,3738.63,0.031692,21.23,0.015411155911446067,000069,消费80,CNY,CN10Y
2017-01-10,3739.94,0.031792,21.23,0.015311155911446064,000069,消费80,CNY,CN10Y
2017-01-11,3709.22,0.032055,21.06,0.015428380816714153,000069,消费80,CNY,CN10Y
2017-01-12,3688.97,0.031888,20.96,0.015821923664122134,000069,消费80,CNY,CN10Y
2017-01-13,3690.02,0.032022,21.02,0.01555173929590866,000069,消费80,CNY,CN10Y
2017-01-16,3701.45,0.032496,21.09,0.014919836889521101,000069,消费80,CNY,CN10Y
2017-01-17,3710.91,0.032692,21.14,0.014611689687795651,000069,消费80,CNY,CN10Y
2017-01-18,3722.67,0.032682,21.2,0.014487811320754718,000069,消费80,CNY,CN10Y
2017-01-19,3723.61,0.032584,21.2,0.014585811320754719,000069,消费80,CNY,CN10Y
2017-01-20,3751.22,0.03244,21.35,0.014398407494145199,000069,消费80,CNY,CN10Y
2017-01-22,,0.0325499999999999,21.35,0.014288407494145297,000069,消费80,CNY,CN10Y
2017-01-23,3751.94,0.032429,21.31,0.014497325668700142,000069,消费80,CNY,CN10Y
2017-01-24,3744.98,0.032837,21.12,0.01451148484848485,000069,消费80,CNY,CN10Y
2017-01-25,3762.01,0.033463,21.2,0.01370681132075472,000069,消费80,CNY,CN10Y
2017-01-26,3768.06,0.0334649999999999,21.22,0.013660353440150909,000069,消费80,CNY,CN10Y
2017-02-03,3759.01,0.034214,21.16,0.013044979206049148,000069,消费80,CNY,CN10Y
2017-02-04,,0.034099,21.16,0.013159979206049152,000069,消费80,CNY,CN10Y
2017-02-06,3767.96,0.034905,21.25,0.012153823529411766,000069,消费80,CNY,CN10Y
2017-02-07,3761.53,0.034866,21.21,0.012281571900047146,000069,消费80,CNY,CN10Y
2017-02-08,3765.6,0.034591,21.23,0.012512155911446068,000069,消费80,CNY,CN10Y
2017-02-09,3773.82,0.034148,21.28,0.012844481203007518,000069,消费80,CNY,CN10Y
2017-02-10,3766.38,0.0343679999999999,21.24,0.012712979284369222,000069,消费80,CNY,CN10Y
2017-02-13,3786.31,0.034192,21.35,0.012646407494145195,000069,消费80,CNY,CN10Y
2017-02-14,3785.34,0.034107,21.45,0.012513046620046625,000069,消费80,CNY,CN10Y
2017-02-15,3757.27,0.034058,21.3,0.012890356807511737,000069,消费80,CNY,CN10Y
2017-02-16,3766.46,0.033559,21.34,0.013301356138706658,000069,消费80,CNY,CN10Y
2017-02-17,3757.21,0.033311,21.29,0.013659408642555194,000069,消费80,CNY,CN10Y
2017-02-20,3825.3,0.032812,21.7,0.013270949308755761,000069,消费80,CNY,CN10Y
2017-02-21,3846.77,0.033013,21.85,0.012753590389016016,000069,消费80,CNY,CN10Y
2017-02-22,3874.05,0.032839,21.98,0.012656905368516831,000069,消费80,CNY,CN10Y
2017-02-23,3870.3,0.032714,21.94,0.01286485141294439,000069,消费80,CNY,CN10Y
2017-02-24,3874.51,0.032916,21.96,0.012621340619307829,000069,消费80,CNY,CN10Y
2017-02-27,3856.63,0.032871,21.86,0.012874654162854535,000069,消费80,CNY,CN10Y
2017-02-28,3861.18,0.03292,21.91,0.012721259698767688,000069,消费80,CNY,CN10Y
2017-03-01,3861.06,0.033252,21.92,0.012368437956204383,000069,消费80,CNY,CN10Y
2017-03-02,3840.57,0.033483,21.81,0.012367527281063738,000069,消费80,CNY,CN10Y
2017-03-03,3846.74,0.033573,21.85,0.012193590389016018,000069,消费80,CNY,CN10Y
2017-03-06,3858.89,0.033615,21.9,0.01204710045662101,000069,消费80,CNY,CN10Y
2017-03-07,3884.03,0.033643,22.06,0.011687915684496827,000069,消费80,CNY,CN10Y
2017-03-08,3871.91,0.034088,21.97,0.011428613563950842,000069,消费80,CNY,CN10Y
2017-03-09,3847.83,0.034151,21.85,0.011615590389016016,000069,消费80,CNY,CN10Y
2017-03-10,3865.57,0.034156,21.96,0.011381340619307831,000069,消费80,CNY,CN10Y
2017-03-13,3886.33,0.033851,22.06,0.011479915684496828,000069,消费80,CNY,CN10Y
2017-03-14,3886.66,0.033653,22.06,0.011677915684496824,000069,消费80,CNY,CN10Y
2017-03-15,3902.05,0.033524,22.13,0.011663528242205158,000069,消费80,CNY,CN10Y
2017-03-16,3905.75,0.033097,22.16,0.01202935379061372,000069,消费80,CNY,CN10Y
2017-03-17,3880.46,0.033124,22.01,0.012309893684688773,000069,消费80,CNY,CN10Y
2017-03-20,3899.22,0.033141,22.11,0.012087403437358667,000069,消费80,CNY,CN10Y
2017-03-21,3946.16,0.033141,22.36,0.011581719141323797,000069,消费80,CNY,CN10Y
2017-03-22,3959.65,0.033068,22.4,0.011574857142857144,000069,消费80,CNY,CN10Y
2017-03-23,3972.59,0.033034,22.5,0.011410444444444445,000069,消费80,CNY,CN10Y
2017-03-24,3988.48,0.032529,22.57,0.011777601683650864,000069,消费80,CNY,CN10Y
2017-03-27,3964.77,0.032451,22.45,0.012092429844097995,000069,消费80,CNY,CN10Y
2017-03-28,3953.68,0.032626,22.41,0.011996936189201245,000069,消费80,CNY,CN10Y
2017-03-29,3948.41,0.032695,22.36,0.012027719141323792,000069,消费80,CNY,CN10Y
2017-03-30,3919.75,0.03289,22.22,0.012114500450045002,000069,消费80,CNY,CN10Y
2017-03-31,3953.42,0.0328279999999999,22.41,0.011794936189201348,000069,消费80,CNY,CN10Y
2017-04-01,,0.03273,22.41,0.011892936189201245,000069,消费80,CNY,CN10Y
2017-04-05,3992.95,0.033102,22.67,0.011009160123511247,000069,消费80,CNY,CN10Y
2017-04-06,3995.79,0.033109,22.69,0.010963278536800347,000069,消费80,CNY,CN10Y
2017-04-07,3996.35,0.032966,22.7,0.011086863436123348,000069,消费80,CNY,CN10Y
2017-04-10,3975.97,0.033166,22.57,0.011140601683650865,000069,消费80,CNY,CN10Y
2017-04-11,3969.44,0.033209,22.56,0.011117241134751772,000069,消费80,CNY,CN10Y
2017-04-12,3968.2,0.033283,22.52,0.011121973357015986,000069,消费80,CNY,CN10Y
2017-04-13,3992.84,0.03322,22.66,0.010910626654898503,000069,消费80,CNY,CN10Y
2017-04-14,3964.58,0.033599,22.48,0.01088498576512456,000069,消费80,CNY,CN10Y
2017-04-17,3958.37,0.0341599999999999,22.46,0.010363597506678639,000069,消费80,CNY,CN10Y
2017-04-18,3983.35,0.034064,22.63,0.010125129474149362,000069,消费80,CNY,CN10Y
2017-04-19,3972.62,0.034065,22.59,0.010202374944665783,000069,消费80,CNY,CN10Y
2017-04-20,4029.13,0.03424,22.94,0.009351979075850045,000069,消费80,CNY,CN10Y
2017-04-21,4009.61,0.034614,22.8,0.009245649122807016,000069,消费80,CNY,CN10Y
2017-04-24,3982.93,0.034991,22.64,0.009178611307420495,000069,消费80,CNY,CN10Y
2017-04-25,3998.71,0.034568,22.78,0.009330156277436344,000069,消费80,CNY,CN10Y
2017-04-26,4002.45,0.034519,22.83,0.009283014892685064,000069,消费80,CNY,CN10Y
2017-04-27,3997.38,0.034494,22.82,0.00932720946538125,000069,消费80,CNY,CN10Y
2017-04-28,3950.97,0.034668,22.56,0.009658241134751777,000069,消费80,CNY,CN10Y
2017-05-02,3945.17,0.03487,21.46,0.011728322460391426,000069,消费80,CNY,CN10Y
2017-05-03,3952.81,0.035219,21.54,0.011206255338904368,000069,消费80,CNY,CN10Y
2017-05-04,3944.05,0.035517,21.51,0.010973004649000459,000069,消费80,CNY,CN10Y
2017-05-05,3933.54,0.035592,21.46,0.011006322460391425,000069,消费80,CNY,CN10Y
2017-05-08,3915.83,0.036042,21.32,0.010862315196998124,000069,消费80,CNY,CN10Y
2017-05-09,3868.09,0.0363249999999999,21.1,0.01106836492891005,000069,消费80,CNY,CN10Y
2017-05-10,3846.76,0.0369,20.99,0.01074173415912339,000069,消费80,CNY,CN10Y
2017-05-11,3862.52,0.0364,21.09,0.011015836889521097,000069,消费80,CNY,CN10Y
2017-05-12,3884.75,0.036525,21.2,0.010644811320754718,000069,消费80,CNY,CN10Y
2017-05-15,3915.89,0.0361,21.37,0.010694571829667758,000069,消费80,CNY,CN10Y
2017-05-16,3984.52,0.036225,21.73,0.009794328117809475,000069,消费80,CNY,CN10Y
2017-05-17,3966.9,0.036275,21.64,0.009935720887245841,000069,消费80,CNY,CN10Y
2017-05-18,3970.36,0.0360749999999999,21.49,0.01045827128897172,000069,消费80,CNY,CN10Y
2017-05-19,3999.48,0.03625,21.65,0.009939376443418017,000069,消费80,CNY,CN10Y
2017-05-22,4008.2,0.036601,21.65,0.009588376443418013,000069,消费80,CNY,CN10Y
2017-05-23,4027.76,0.036725,21.77,0.00920977262287552,000069,消费80,CNY,CN10Y
2017-05-24,4019.85,0.036601,21.77,0.009333772622875519,000069,消费80,CNY,CN10Y
2017-05-25,4028.33,0.036476,21.78,0.009437682277318636,000069,消费80,CNY,CN10Y
2017-05-26,4029.74,0.036501,21.8,0.00937055963302752,000069,消费80,CNY,CN10Y
2017-05-27,,0.036499,21.8,0.009372559633027522,000069,消费80,CNY,CN10Y
2017-05-31,4035.97,0.0361019999999999,21.78,0.00981168227731874,000069,消费80,CNY,CN10Y
2017-06-01,4053.41,0.036152,21.91,0.00948925969876769,000069,消费80,CNY,CN10Y
2017-06-02,4039.61,0.036277,21.85,0.00948959038901602,000069,消费80,CNY,CN10Y
2017-06-05,4012.54,0.036152,21.55,0.01025171229698376,000069,消费80,CNY,CN10Y
2017-06-06,4048.48,0.036328,21.74,0.009670160073597063,000069,消费80,CNY,CN10Y
2017-06-07,4100.3,0.036427,22.01,0.009006893684688773,000069,消费80,CNY,CN10Y
2017-06-08,4165.63,0.036478,22.19,0.008587344749887336,000069,消费80,CNY,CN10Y
2017-06-09,4173.04,0.036303,22.32,0.008499867383512542,000069,消费80,CNY,CN10Y
2017-06-12,4189.31,0.035841,22.52,0.008563973357015989,000069,消费80,CNY,CN10Y
2017-06-13,4222.36,0.035754,22.72,0.008260084507042256,000069,消费80,CNY,CN10Y
2017-06-14,4172.01,0.035354,22.5,0.00909044444444445,000069,消费80,CNY,CN10Y
2017-06-15,4153.0,0.035554,22.37,0.009148726866338844,000069,消费80,CNY,CN10Y
2017-06-16,4118.41,0.03568,21.87,0.010044737082761768,000069,消费80,CNY,CN10Y
2017-06-19,4152.65,0.035006,22.06,0.010324915684496824,000069,消费80,CNY,CN10Y
2017-06-20,4122.79,0.034881,21.91,0.010760259698767684,000069,消费80,CNY,CN10Y
2017-06-21,4199.34,0.035406,22.27,0.009497457566232603,000069,消费80,CNY,CN10Y
2017-06-22,4170.55,0.035607,22.13,0.009580528242205157,000069,消费80,CNY,CN10Y
2017-06-23,4209.01,0.035457,22.31,0.009365949350067237,000069,消费80,CNY,CN10Y
2017-06-26,4269.46,0.035134,22.65,0.009016110375275943,000069,消费80,CNY,CN10Y
2017-06-27,4282.38,0.035084,22.71,0.008949465433729632,000069,消费80,CNY,CN10Y
2017-06-28,4227.77,0.035333,22.4,0.00930985714285714,000069,消费80,CNY,CN10Y
2017-06-29,4251.04,0.035483,22.45,0.009060429844097995,000069,消费80,CNY,CN10Y
2017-06-30,4266.23,0.035683,22.51,0.008741700133274098,000069,消费80,CNY,CN10Y
2017-07-03,4236.88,0.036033,22.33,0.008749803403493059,000069,消费80,CNY,CN10Y
2017-07-04,4194.82,0.036009,22.13,0.009178528242205157,000069,消费80,CNY,CN10Y
2017-07-05,4231.72,0.03576,22.36,0.008962719141323794,000069,消费80,CNY,CN10Y
2017-07-06,4213.88,0.03566,22.32,0.009142867383512547,000069,消费80,CNY,CN10Y
2017-07-07,4180.05,0.035897,22.15,0.009249726862302486,000069,消费80,CNY,CN10Y
2017-07-10,4161.81,0.035911,22.05,0.009440473922902495,000069,消费80,CNY,CN10Y
2017-07-11,4178.87,0.035836,22.14,0.009331118337850046,000069,消费80,CNY,CN10Y
2017-07-12,4138.76,0.035749,21.94,0.009829851412944388,000069,消费80,CNY,CN10Y
2017-07-13,4125.2,0.035643,21.85,0.010123590389016016,000069,消费80,CNY,CN10Y
2017-07-14,4134.91,0.035637,21.9,0.010025100456621007,000069,消费80,CNY,CN10Y
2017-07-17,4056.17,0.035626,21.46,0.010972322460391426,000069,消费80,CNY,CN10Y
2017-07-18,4055.61,0.035851,21.47,0.01072561853749418,000069,消费80,CNY,CN10Y
2017-07-19,4083.42,0.035901,21.62,0.010352469010175759,000069,消费80,CNY,CN10Y
2017-07-20,4118.2,0.03574,21.81,0.010110527281063736,000069,消费80,CNY,CN10Y
2017-07-21,4130.98,0.035829,21.91,0.009812259698767686,000069,消费80,CNY,CN10Y
2017-07-24,4155.93,0.035769,22.03,0.009623646391284608,000069,消费80,CNY,CN10Y
2017-07-25,4142.88,0.03592,21.95,0.009638086560364467,000069,消费80,CNY,CN10Y
2017-07-26,4091.86,0.03617,21.69,0.009934195481788838,000069,消费80,CNY,CN10Y
2017-07-27,4106.84,0.036021,21.8,0.009850559633027521,000069,消费80,CNY,CN10Y
2017-07-28,4120.57,0.036034,21.89,0.009648960255824582,000069,消费80,CNY,CN10Y
2017-07-31,4130.44,0.03626,21.92,0.009360437956204379,000069,消费80,CNY,CN10Y
2017-08-01,4133.12,0.036373,21.93,0.009226635202918373,000069,消费80,CNY,CN10Y
2017-08-02,4113.94,0.036311,21.81,0.009539527281063734,000069,消费80,CNY,CN10Y
2017-08-03,4083.92,0.0362619999999999,21.62,0.009991469010175863,000069,消费80,CNY,CN10Y
2017-08-04,4059.55,0.0362619999999999,21.51,0.01022800464900056,000069,消费80,CNY,CN10Y
2017-08-07,4104.48,0.036626,21.72,0.009414515653775324,000069,消费80,CNY,CN10Y
2017-08-08,4109.57,0.036538,21.74,0.009460160073597061,000069,消费80,CNY,CN10Y
2017-08-09,4179.97,0.0366,22.03,0.00879264639128461,000069,消费80,CNY,CN10Y
2017-08-10,4167.38,0.036375,21.99,0.009100216007276042,000069,消费80,CNY,CN10Y
2017-08-11,4133.03,0.036163,21.83,0.009645520384791571,000069,消费80,CNY,CN10Y
2017-08-14,4196.29,0.035925,22.16,0.009201353790613723,000069,消费80,CNY,CN10Y
2017-08-15,4187.15,0.035801,22.11,0.009427403437358664,000069,消费80,CNY,CN10Y
2017-08-16,4183.15,0.035988,22.11,0.009240403437358664,000069,消费80,CNY,CN10Y
2017-08-17,4191.23,0.035926,22.14,0.009241118337850046,000069,消费80,CNY,CN10Y
2017-08-18,4192.19,0.035951,22.12,0.009256956600361667,000069,消费80,CNY,CN10Y
2017-08-21,4218.96,0.036181,22.25,0.008762820224719102,000069,消费80,CNY,CN10Y
2017-08-22,4214.81,0.036201,22.24,0.008763028776978425,000069,消费80,CNY,CN10Y
2017-08-23,4205.45,0.036152,22.21,0.008872763619990995,000069,消费80,CNY,CN10Y
2017-08-24,4176.97,0.036252,22.08,0.009037855072463775,000069,消费80,CNY,CN10Y
2017-08-25,4203.29,0.036327,22.21,0.008697763619990993,000069,消费80,CNY,CN10Y
2017-08-28,4218.21,0.036502,22.32,0.008300867383512545,000069,消费80,CNY,CN10Y
2017-08-29,4202.1,0.036303,22.24,0.00866102877697842,000069,消费80,CNY,CN10Y
2017-08-30,4199.49,0.036303,22.24,0.00866102877697842,000069,消费80,CNY,CN10Y
2017-08-31,4208.38,0.036265,22.23,0.008719255510571303,000069,消费80,CNY,CN10Y
2017-09-01,4222.03,0.0363529999999999,22.54,0.008012572315882975,000069,消费80,CNY,CN10Y
2017-09-04,4248.28,0.036454,22.65,0.007696110375275941,000069,消费80,CNY,CN10Y
2017-09-05,4255.57,0.036641,22.64,0.007528611307420496,000069,消费80,CNY,CN10Y
2017-09-06,4234.04,0.036554,22.54,0.007811572315882871,000069,消费80,CNY,CN10Y
2017-09-07,4224.38,0.036155,22.49,0.008309206313917301,000069,消费80,CNY,CN10Y
2017-09-08,4230.13,0.0360049999999999,22.46,0.00851859750667864,000069,消费80,CNY,CN10Y
2017-09-11,4231.69,0.036156,22.55,0.008189898004434586,000069,消费80,CNY,CN10Y
2017-09-12,4253.64,0.036181,22.66,0.007949626654898505,000069,消费80,CNY,CN10Y
2017-09-13,4265.92,0.036356,22.74,0.007619373790677224,000069,消费80,CNY,CN10Y
2017-09-14,4264.67,0.035982,22.69,0.008090278536800347,000069,消费80,CNY,CN10Y
2017-09-15,4286.85,0.035982,22.78,0.007916156277436345,000069,消费80,CNY,CN10Y
2017-09-18,4322.85,0.03622,23.03,0.007201623968736429,000069,消费80,CNY,CN10Y
2017-09-19,4306.59,0.036158,22.93,0.007452989969472308,000069,消费80,CNY,CN10Y
2017-09-20,4330.64,0.036209,23.02,0.007231486533449176,000069,消费80,CNY,CN10Y
2017-09-21,4328.05,0.036334,23.01,0.007125365493263799,000069,消费80,CNY,CN10Y
2017-09-22,4340.72,0.036209,23.08,0.007118556325823228,000069,消费80,CNY,CN10Y
2017-09-25,4358.57,0.035985,23.17,0.007174257660768228,000069,消费80,CNY,CN10Y
2017-09-26,4360.36,0.036172,23.19,0.006950035360068989,000069,消费80,CNY,CN10Y
2017-09-27,4364.45,0.0362349999999999,23.22,0.006831322136089682,000069,消费80,CNY,CN10Y
2017-09-28,4408.12,0.036136,23.4,0.006599042735042734,000069,消费80,CNY,CN10Y
2017-09-29,4441.52,0.036136,23.52,0.006381006802721086,000069,消费80,CNY,CN10Y
2017-09-30,,0.036136,23.52,0.006381006802721086,000069,消费80,CNY,CN10Y
2017-10-09,4509.4,0.036477,23.84,0.005469308724832214,000069,消费80,CNY,CN10Y
2017-10-10,4517.3,0.0364699999999999,23.95,0.00528365344467651,000069,消费80,CNY,CN10Y
2017-10-11,4579.99,0.0365399999999999,24.25,0.004697113402061956,000069,消费80,CNY,CN10Y
2017-10-12,4598.31,0.036765,24.35,0.0043027618069815185,000069,消费80,CNY,CN10Y
2017-10-13,4605.38,0.03674,24.45,0.004159795501022495,000069,消费80,CNY,CN10Y
2017-10-16,4588.26,0.037054,24.39,0.003946410004100044,000069,消费80,CNY,CN10Y
2017-10-17,4590.57,0.037409,24.38,0.003608227235438889,000069,消费80,CNY,CN10Y
2017-10-18,4660.24,0.037366,24.67,0.0031690628293473827,000069,消费80,CNY,CN10Y
2017-10-19,4708.3,0.037167,24.97,0.0028810576692030465,000069,消费80,CNY,CN10Y
2017-10-20,4680.24,0.037217,24.82,0.0030730886381950054,000069,消费80,CNY,CN10Y
2017-10-23,4700.87,0.037231,24.9,0.002929642570281124,000069,消费80,CNY,CN10Y
2017-10-24,4714.29,0.03722,24.94,0.002876230954290293,000069,消费80,CNY,CN10Y
2017-10-25,4756.88,0.037768,25.13,0.002025076004775167,000069,消费80,CNY,CN10Y
2017-10-26,4783.8,0.037769,25.39,0.0016165848759354118,000069,消费80,CNY,CN10Y
2017-10-27,4831.64,0.038266,25.76,0.0005538757763975111,000069,消费80,CNY,CN10Y
2017-10-30,4798.57,0.039115,25.47,0.00014687671770711314,000069,消费80,CNY,CN10Y
2017-10-31,4771.41,0.038917,25.31,0.0005930750691426345,000069,消费80,CNY,CN10Y
2017-11-01,4727.47,0.03863,23.65,0.003653298097251588,000069,消费80,CNY,CN10Y
2017-11-02,4728.83,0.038718,23.66,0.0035474268808114925,000069,消费80,CNY,CN10Y
2017-11-03,4764.92,0.038816,23.81,0.003183160016799663,000069,消费80,CNY,CN10Y
2017-11-06,4895.18,0.038694,24.38,0.0023232272354388878,000069,消费80,CNY,CN10Y
2017-11-07,4867.31,0.038813,24.27,0.0023901314379892874,000069,消费80,CNY,CN10Y
2017-11-08,4850.13,0.038725,24.27,0.002478131437989285,000069,消费80,CNY,CN10Y
2017-11-09,4889.65,0.038863,24.44,0.0020535302782324003,000069,消费80,CNY,CN10Y
2017-11-10,4966.39,0.039,24.84,0.0012576489533011256,000069,消费80,CNY,CN10Y
2017-11-13,4956.46,0.0395,24.84,0.0007576489533011252,000069,消费80,CNY,CN10Y
2017-11-14,4871.35,0.039525,24.48,0.001324673202614382,000069,消费80,CNY,CN10Y
2017-11-15,4879.67,0.0395,24.5,0.0013163265306122413,000069,消费80,CNY,CN10Y
2017-11-16,4960.77,0.0392249999999999,24.89,0.0009517778224187451,000069,消费80,CNY,CN10Y
2017-11-17,4916.27,0.0392,24.53,0.001566408479412966,000069,消费80,CNY,CN10Y
2017-11-20,4905.05,0.0394,24.4,0.0015836065573770555,000069,消费80,CNY,CN10Y
2017-11-21,4959.79,0.0395,24.55,0.0012331975560081476,000069,消费80,CNY,CN10Y
2017-11-22,4899.08,0.03985,24.24,0.0014041254125412572,000069,消费80,CNY,CN10Y
2017-11-23,4723.85,0.039851,23.39,0.0029023133817870916,000069,消费80,CNY,CN10Y
2017-11-24,4705.39,0.039463,23.3,0.0034554549356223194,000069,消费80,CNY,CN10Y
2017-11-27,4653.9,0.039501,23.02,0.003939486533449173,000069,消费80,CNY,CN10Y
2017-11-28,4699.68,0.039601,23.34,0.00324390145672665,000069,消费80,CNY,CN10Y
2017-11-29,4632.22,0.039101,23.02,0.004339486533449177,000069,消费80,CNY,CN10Y
2017-11-30,4600.03,0.038901,22.86,0.004843531933508317,000069,消费80,CNY,CN10Y
2017-12-01,4615.21,0.038852,22.89,0.004835199650502407,000069,消费80,CNY,CN10Y
2017-12-04,4653.84,0.038902,23.07,0.004444337234503687,000069,消费80,CNY,CN10Y
2017-12-05,4651.84,0.038752,23.02,0.004688486533449172,000069,消费80,CNY,CN10Y
2017-12-06,4626.21,0.038752,22.92,0.004878017452006979,000069,消费80,CNY,CN10Y
2017-12-07,4590.98,0.038927,22.78,0.004971156277436342,000069,消费80,CNY,CN10Y
2017-12-08,4651.43,0.039102,23.08,0.004225556325823228,000069,消费80,CNY,CN10Y
2017-12-11,4785.2,0.039303,23.98,0.002398417848206838,000069,消费80,CNY,CN10Y
2017-12-12,4739.22,0.039378,23.77,0.002691835927639878,000069,消费80,CNY,CN10Y
2017-12-13,4805.7,0.039303,24.1,0.002190775933609959,000069,消费80,CNY,CN10Y
2017-12-14,4793.62,0.039104,24.03,0.00251064835622139,000069,消费80,CNY,CN10Y
2017-12-15,4742.29,0.038904,23.79,0.003130468263976463,000069,消费80,CNY,CN10Y
2017-12-18,4765.94,0.038904,23.93,0.0028845499373171754,000069,消费80,CNY,CN10Y
2017-12-19,4797.45,0.039005,24.05,0.0025750415800415774,000069,消费80,CNY,CN10Y
2017-12-20,4836.08,0.039005,24.24,0.0022491254125412558,000069,消费80,CNY,CN10Y
2017-12-21,4864.01,0.039005,24.33,0.0020965207562679902,000069,消费80,CNY,CN10Y
2017-12-22,4860.54,0.03878,24.32,0.00233842105263158,000069,消费80,CNY,CN10Y
2017-12-25,4856.32,0.038731,24.33,0.0023705207562679867,000069,消费80,CNY,CN10Y
2017-12-26,4829.82,0.038881,24.19,0.002458396444811904,000069,消费80,CNY,CN10Y
2017-12-27,4752.11,0.038956,23.82,0.0030255281276238485,000069,消费80,CNY,CN10Y
2017-12-28,4828.19,0.038857,24.35,0.002210761806981515,000069,消费80,CNY,CN10Y
2017-12-29,4844.8,0.038807,24.36,0.0022439031198686343,000069,消费80,CNY,CN10Y
2017-12-30,,0.038807,24.36,0.0022439031198686343,000069,消费80,CNY,CN10Y
2017-12-31,,0.038807,24.36,0.0022439031198686343,000069,消费80,CNY,CN10Y
2018-01-02,4858.78,0.039008,24.46,0.0018750744071954206,000069,消费80,CNY,CN10Y
2018-01-03,4893.16,0.039162,24.65,0.001405951318458415,000069,消费80,CNY,CN10Y
2018-01-04,4945.56,0.039319,24.95,0.0007611603206412812,000069,消费80,CNY,CN10Y
2018-01-05,4930.98,0.039212,24.89,0.0009647778224186471,000069,消费80,CNY,CN10Y
2018-01-08,4970.23,0.03911,25.12,0.0006989171974522285,000069,消费80,CNY,CN10Y
2018-01-09,5050.97,0.038909,25.54,0.00024526781519185886,000069,消费80,CNY,CN10Y
2018-01-10,5060.88,0.039201,25.62,-0.00016899375487899881,000069,消费80,CNY,CN10Y
2018-01-11,5038.89,0.039546,25.49,-0.0003149289917614706,000069,消费80,CNY,CN10Y
2018-01-12,5070.31,0.039337,25.67,-0.0003810202571094684,000069,消费80,CNY,CN10Y
2018-01-15,5032.43,0.03965,25.49,-0.0004189289917614705,000069,消费80,CNY,CN10Y
2018-01-16,5056.2,0.039596,25.51,-0.0003956863974911781,000069,消费80,CNY,CN10Y
2018-01-17,5008.0,0.039597,25.23,3.835473642489068e-05,000069,消费80,CNY,CN10Y
2018-01-18,4995.49,0.039797,25.21,-0.0001302011106703721,000069,消费80,CNY,CN10Y
2018-01-19,4977.62,0.039754,25.16,-8.37201907789853e-06,000069,消费80,CNY,CN10Y
2018-01-22,5105.64,0.039522,25.76,-0.0007021242236024891,000069,消费80,CNY,CN10Y
2018-01-23,5114.11,0.039414,25.8,-0.000654310077519378,000069,消费80,CNY,CN10Y
2018-01-24,5109.9,0.039507,25.74,-0.0006569611499611452,000069,消费80,CNY,CN10Y
2018-01-25,5079.28,0.039435,25.69,-0.0005093479953289237,000069,消费80,CNY,CN10Y
2018-01-26,5102.03,0.039365,25.83,-0.0006503271389856694,000069,消费80,CNY,CN10Y
2018-01-29,4957.08,0.039368,25.06,0.0005362298483639269,000069,消费80,CNY,CN10Y
2018-01-30,4952.08,0.039292,25.06,0.0006122298483639266,000069,消费80,CNY,CN10Y
2018-01-31,4985.66,0.03914,25.3,0.0003856916996047427,000069,消费80,CNY,CN10Y
2018-02-01,4911.24,0.039066,24.87,0.0011430872537193451,000069,消费80,CNY,CN10Y
2018-02-02,4915.85,0.0390919999999999,24.79,0.0012468463089956652,000069,消费80,CNY,CN10Y
2018-02-05,4835.76,0.039167,24.43,0.0017662787556283269,000069,消费80,CNY,CN10Y
2018-02-06,4690.87,0.038825,23.71,0.0033512969211303215,000069,消费80,CNY,CN10Y
2018-02-07,4619.24,0.0387,23.36,0.004108219178082191,000069,消费80,CNY,CN10Y
2018-02-08,4655.67,0.038801,23.54,0.0036798836023789264,000069,消费80,CNY,CN10Y
2018-02-09,4530.82,0.0388,22.9,0.004868122270742362,000069,消费80,CNY,CN10Y
2018-02-11,,0.038775,22.9,0.004893122270742366,000069,消费80,CNY,CN10Y
2018-02-12,4644.87,0.03875,23.46,0.0038757459505541353,000069,消费80,CNY,CN10Y
2018-02-13,4694.95,0.0387,23.74,0.0034229991575400187,000069,消费80,CNY,CN10Y
2018-02-14,4734.33,0.038702,23.95,0.003051653444676408,000069,消费80,CNY,CN10Y
2018-02-22,4859.55,0.038752,24.58,0.0019314825061025262,000069,消费80,CNY,CN10Y
2018-02-23,4854.23,0.038702,24.56,0.0020146123778501668,000069,消费80,CNY,CN10Y
2018-02-24,,0.038652,24.56,0.002064612377850168,000069,消费80,CNY,CN10Y
2018-02-26,4904.6,0.038452,24.8,0.0018705806451612891,000069,消费80,CNY,CN10Y
2018-02-27,4861.77,0.038201,24.61,0.0024328886631450677,000069,消费80,CNY,CN10Y
2018-02-28,4799.69,0.038202,24.31,0.002933335252982311,000069,消费80,CNY,CN10Y
2018-03-01,4848.29,0.038201,24.57,0.0024990407000407,000069,消费80,CNY,CN10Y
2018-03-02,4842.92,0.038352,24.56,0.00236461237785017,000069,消费80,CNY,CN10Y
2018-03-05,4838.03,0.038453,24.49,0.0023799930583911846,000069,消费80,CNY,CN10Y
2018-03-06,4885.49,0.038253,24.68,0.002265638573743921,000069,消费80,CNY,CN10Y
2018-03-07,4850.34,0.038203,24.54,0.0025467962510187445,000069,消费80,CNY,CN10Y
2018-03-08,4938.03,0.038203,24.94,0.0018932309542902953,000069,消费80,CNY,CN10Y
2018-03-09,4980.4,0.038278,25.19,0.0014202929734021402,000069,消费80,CNY,CN10Y
2018-03-12,5013.36,0.038243,25.36,0.001189176656151418,000069,消费80,CNY,CN10Y
2018-03-13,4969.16,0.038362,25.1,0.0014786374501992022,000069,消费80,CNY,CN10Y
2018-03-14,4975.81,0.038413,25.19,0.001285292973402137,000069,消费80,CNY,CN10Y
2018-03-15,5033.74,0.038257,25.49,0.0009740710082385279,000069,消费80,CNY,CN10Y
2018-03-16,4987.08,0.038154,25.32,0.0013404707740916275,000069,消费80,CNY,CN10Y
2018-03-19,5039.7,0.038104,25.57,0.00100433007430583,000069,消费80,CNY,CN10Y
2018-03-20,5055.69,0.037906,25.57,0.0012023300743058268,000069,消费80,CNY,CN10Y
2018-03-21,5018.38,0.03763,25.39,0.001755584875935412,000069,消费80,CNY,CN10Y
2018-03-22,4943.29,0.03748,25.05,0.0024401596806387232,000069,消费80,CNY,CN10Y
2018-03-23,4827.46,0.0370049999999999,24.43,0.003928278755628428,000069,消费80,CNY,CN10Y
2018-03-26,4840.8,0.037307,24.47,0.003559366979975484,000069,消费80,CNY,CN10Y
2018-03-27,4878.53,0.037432,24.64,0.003152415584415584,000069,消费80,CNY,CN10Y
2018-03-28,4743.21,0.037406,23.91,0.00441750480970305,000069,消费80,CNY,CN10Y
2018-03-29,4764.01,0.037456,24.04,0.004141337770382697,000069,消费80,CNY,CN10Y
2018-03-30,4837.75,0.0374069999999999,24.33,0.0036945207562680896,000069,消费80,CNY,CN10Y
2018-04-02,4809.11,0.037357,24.21,0.003948245766212305,000069,消费80,CNY,CN10Y
2018-04-03,4793.42,0.037507,24.11,0.003969565740356701,000069,消费80,CNY,CN10Y
2018-04-04,4846.62,0.0372339999999999,24.4,0.003749606557377154,000069,消费80,CNY,CN10Y
2018-04-08,,0.037008,24.4,0.003975606557377054,000069,消费80,CNY,CN10Y
2018-04-09,4814.49,0.036959,24.31,0.004176335252982312,000069,消费80,CNY,CN10Y
2018-04-10,4861.2,0.037159,24.56,0.0035576123778501695,000069,消费80,CNY,CN10Y
2018-04-11,4850.64,0.037109,24.47,0.003757366979975481,000069,消费80,CNY,CN10Y
2018-04-12,4834.54,0.037109,24.35,0.0039587618069815145,000069,消费80,CNY,CN10Y
2018-04-13,4772.62,0.037062,24.09,0.0044490004151100035,000069,消费80,CNY,CN10Y
2018-04-16,4748.69,0.0365609999999999,23.93,0.005227549937317277,000069,消费80,CNY,CN10Y
2018-04-17,4637.1,0.0365119999999999,23.36,0.006296219178082291,000069,消费80,CNY,CN10Y
2018-04-18,4639.21,0.035013,23.28,0.007942326460481097,000069,消费80,CNY,CN10Y
2018-04-19,4713.16,0.035064,23.69,0.007147903756859433,000069,消费80,CNY,CN10Y
2018-04-20,4665.32,0.035215,23.45,0.007428923240938162,000069,消费80,CNY,CN10Y
2018-04-23,4655.38,0.036019,23.41,0.006697787697565141,000069,消费80,CNY,CN10Y
2018-04-24,4745.79,0.035855,23.88,0.0060210469011725345,000069,消费80,CNY,CN10Y
2018-04-25,4786.77,0.036118,24.04,0.005479337770382703,000069,消费80,CNY,CN10Y
2018-04-26,4697.29,0.036344,23.61,0.006010934349851754,000069,消费80,CNY,CN10Y
2018-04-27,4663.54,0.036364,23.49,0.006207306939123032,000069,消费80,CNY,CN10Y
2018-04-28,,0.036217,23.49,0.006354306939123033,000069,消费80,CNY,CN10Y
2018-05-02,4701.79,0.036665,22.52,0.0077399733570159834,000069,消费80,CNY,CN10Y
2018-05-03,4742.78,0.036467,22.71,0.00756646543372963,000069,消费80,CNY,CN10Y
2018-05-04,4742.65,0.036319,22.67,0.007792160123511249,000069,消费80,CNY,CN10Y
2018-05-07,4855.94,0.036518,23.26,0.006474261392949265,000069,消费80,CNY,CN10Y
2018-05-08,4895.87,0.036922,23.51,0.005613091450446611,000069,消费80,CNY,CN10Y
2018-05-09,4897.61,0.0370739999999999,23.49,0.005497306939123134,000069,消费80,CNY,CN10Y
2018-05-10,4984.66,0.036924,23.88,0.004952046901172534,000069,消费80,CNY,CN10Y
2018-05-11,4928.67,0.036882,23.71,0.005294296921130322,000069,消费80,CNY,CN10Y
2018-05-14,5003.3,0.036937,24.09,0.004574000415110004,000069,消费80,CNY,CN10Y
2018-05-15,5066.39,0.037151,24.37,0.0038830582683627365,000069,消费80,CNY,CN10Y
2018-05-16,5080.0,0.037076,24.39,0.003924410004100043,000069,消费80,CNY,CN10Y
2018-05-17,5016.45,0.03712,24.08,0.0044082392026578085,000069,消费80,CNY,CN10Y
2018-05-18,5052.4,0.037099,24.27,0.004104131437989288,000069,消费80,CNY,CN10Y
2018-05-21,5065.69,0.036939,24.33,0.004162520756267989,000069,消费80,CNY,CN10Y
2018-05-22,5118.05,0.0366999999999999,24.55,0.004033197556008249,000069,消费80,CNY,CN10Y
2018-05-23,5068.49,0.0364,24.32,0.00471842105263158,000069,消费80,CNY,CN10Y
2018-05-24,5037.5,0.036501,24.13,0.004941188147534192,000069,消费80,CNY,CN10Y
2018-05-25,5075.71,0.036126,24.25,0.0051111134020618565,000069,消费80,CNY,CN10Y
2018-05-28,5159.67,0.036101,24.64,0.004483415584415583,000069,消费80,CNY,CN10Y
2018-05-29,5091.35,0.036001,24.34,0.005083634346754316,000069,消费80,CNY,CN10Y
2018-05-30,5058.29,0.035976,24.01,0.0056733127863390215,000069,消费80,CNY,CN10Y
2018-05-31,5241.75,0.0361289999999999,24.83,0.004144862263391162,000069,消费80,CNY,CN10Y
2018-06-01,5119.83,0.036202,24.32,0.004916421052631584,000069,消费80,CNY,CN10Y
2018-06-04,5176.69,0.036532,24.71,0.00393744556859571,000069,消费80,CNY,CN10Y
2018-06-05,5269.17,0.036602,25.02,0.003366025579536372,000069,消费80,CNY,CN10Y
2018-06-06,5277.76,0.036602,25.04,0.003334102236421721,000069,消费80,CNY,CN10Y
2018-06-07,5220.86,0.036702,24.81,0.0036043280935106822,000069,消费80,CNY,CN10Y
2018-06-08,5185.22,0.036453,24.65,0.004114951318458418,000069,消费80,CNY,CN10Y
2018-06-11,5114.75,0.036502,24.68,0.004016638573743923,000069,消费80,CNY,CN10Y
2018-06-12,5221.52,0.036853,24.8,0.0034695806451612923,000069,消费80,CNY,CN10Y
2018-06-13,5155.23,0.036627,24.48,0.00422267320261438,000069,消费80,CNY,CN10Y
2018-06-14,5104.48,0.036227,24.29,0.004942205434335115,000069,消费80,CNY,CN10Y
2018-06-15,5041.32,0.036028,23.99,0.005656035014589417,000069,消费80,CNY,CN10Y
2018-06-18,5041.32,0.036028,23.99,0.005656035014589417,000069,消费80,CNY,CN10Y
2018-06-19,4882.7,0.0356029999999999,23.22,0.007463322136089683,000069,消费80,CNY,CN10Y
2018-06-20,4966.85,0.036054,23.6,0.006318881355932199,000069,消费80,CNY,CN10Y
2018-06-21,4927.73,0.035753,23.37,0.007036901583226354,000069,消费80,CNY,CN10Y
2018-06-22,4958.78,0.035604,23.46,0.007021745950554138,000069,消费80,CNY,CN10Y
2018-06-25,4952.67,0.035803,23.44,0.006859116040955626,000069,消费80,CNY,CN10Y
2018-06-26,4927.19,0.035804,23.27,0.007169785990545768,000069,消费80,CNY,CN10Y
2018-06-27,4778.32,0.035529,22.57,0.008777601683650868,000069,消费80,CNY,CN10Y
2018-06-28,4683.51,0.035304,22.12,0.009903956600361662,000069,消费80,CNY,CN10Y
2018-06-29,4821.63,0.034756,22.77,0.009161435221783046,000069,消费80,CNY,CN10Y
2018-07-02,4726.69,0.034668,22.31,0.010154949350067242,000069,消费80,CNY,CN10Y
2018-07-03,4656.12,0.034955,21.96,0.01058234061930783,000069,消费80,CNY,CN10Y
2018-07-04,4598.53,0.035107,21.72,0.010933515653775323,000069,消费80,CNY,CN10Y
2018-07-05,4550.43,0.035005,21.56,0.011377189239332099,000069,消费80,CNY,CN10Y
2018-07-06,4593.91,0.035259,21.76,0.010696882352941174,000069,消费80,CNY,CN10Y
2018-07-09,4714.96,0.035432,22.32,0.009370867383512546,000069,消费80,CNY,CN10Y
2018-07-10,4736.65,0.035431,22.4,0.009211857142857147,000069,消费80,CNY,CN10Y
2018-07-11,4700.73,0.035107,22.22,0.009897500450045005,000069,消费80,CNY,CN10Y
2018-07-12,4791.77,0.035158,22.66,0.008972626654898501,000069,消费80,CNY,CN10Y
2018-07-13,4858.59,0.034858,22.96,0.008696006968641111,000069,消费80,CNY,CN10Y
2018-07-16,4853.89,0.034808,22.97,0.008727045711797998,000069,消费80,CNY,CN10Y
2018-07-17,4774.07,0.034808,22.56,0.009518241134751776,000069,消费80,CNY,CN10Y
2018-07-18,4768.27,0.034708,22.5,0.009736444444444443,000069,消费80,CNY,CN10Y
2018-07-19,4714.79,0.034409,22.3,0.010434049327354256,000069,消费80,CNY,CN10Y
2018-07-20,4743.39,0.035135,22.42,0.009468033006244422,000069,消费80,CNY,CN10Y
2018-07-23,4664.08,0.035186,22.09,0.010083352648257125,000069,消费80,CNY,CN10Y
2018-07-24,4744.51,0.035615,22.47,0.008888782821539834,000069,消费80,CNY,CN10Y
2018-07-25,4756.74,0.035614,22.53,0.008771264092321346,000069,消费80,CNY,CN10Y
2018-07-26,4695.28,0.035361,22.26,0.009562629829290209,000069,消费80,CNY,CN10Y
2018-07-27,4661.96,0.035212,22.15,0.009934726862302484,000069,消费80,CNY,CN10Y
2018-07-30,4587.94,0.035213,21.8,0.010658559633027517,000069,消费80,CNY,CN10Y
2018-07-31,4600.54,0.0348119999999999,21.87,0.010912737082761872,000069,消费80,CNY,CN10Y
2018-08-01,4522.67,0.034638,21.51,0.011852004649000457,000069,消费80,CNY,CN10Y
2018-08-02,4437.67,0.034713,21.06,0.012770380816714152,000069,消费80,CNY,CN10Y
2018-08-03,4324.21,0.034567,20.51,0.014189704046806431,000069,消费80,CNY,CN10Y
2018-08-06,4216.39,0.034568,20.02,0.01538204995004995,000069,消费80,CNY,CN10Y
2018-08-07,4314.77,0.034876,20.49,0.013928294777940463,000069,消费80,CNY,CN10Y
2018-08-08,4228.9,0.035222,20.05,0.014653311720698246,000069,消费80,CNY,CN10Y
2018-08-09,4362.76,0.035476,20.65,0.01295015012106538,000069,消费80,CNY,CN10Y
2018-08-10,4409.83,0.035525,20.81,0.01252882027871216,000069,消费80,CNY,CN10Y
2018-08-13,4406.51,0.035826,20.69,0.012506527791203481,000069,消费80,CNY,CN10Y
2018-08-14,4395.49,0.0355189999999999,20.66,0.012883710551791001,000069,消费80,CNY,CN10Y
2018-08-15,4255.33,0.035829,20.04,0.014071199600798404,000069,消费80,CNY,CN10Y
2018-08-16,4211.48,0.036141,19.77,0.014440689428426912,000069,消费80,CNY,CN10Y
2018-08-17,4109.52,0.036524,19.25,0.01542405194805195,000069,消费80,CNY,CN10Y
2018-08-20,4094.32,0.036326,19.26,0.015595079958463133,000069,消费80,CNY,CN10Y
2018-08-21,4234.71,0.0363,19.89,0.013976520864756162,000069,消费80,CNY,CN10Y
2018-08-22,4195.62,0.0360749999999999,19.71,0.014660667174023437,000069,消费80,CNY,CN10Y
2018-08-23,4212.18,0.036101,19.76,0.01450628744939271,000069,消费80,CNY,CN10Y
2018-08-24,4200.3,0.036278,19.67,0.014560840874428063,000069,消费80,CNY,CN10Y
2018-08-27,4341.3,0.036303,20.34,0.012861208456243854,000069,消费80,CNY,CN10Y
2018-08-28,4330.15,0.036101,20.25,0.013281716049382712,000069,消费80,CNY,CN10Y
2018-08-29,4305.35,0.036101,20.19,0.013428470034670625,000069,消费80,CNY,CN10Y
2018-08-30,4264.75,0.035801,20.0,0.014199000000000003,000069,消费80,CNY,CN10Y
2018-08-31,4170.54,0.035751,19.63,0.015191435048395319,000069,消费80,CNY,CN10Y
2018-09-03,4151.21,0.035951,19.51,0.015304766273705792,000069,消费80,CNY,CN10Y
2018-09-04,4185.37,0.036101,19.69,0.014686201625190451,000069,消费80,CNY,CN10Y
2018-09-05,4114.07,0.036101,19.33,0.015632057423693745,000069,消费80,CNY,CN10Y
2018-09-06,4053.32,0.036101,19.06,0.016364897166841558,000069,消费80,CNY,CN10Y
2018-09-07,4099.77,0.036301,19.27,0.015593135962636222,000069,消费80,CNY,CN10Y
2018-09-10,4044.2,0.036551,19.0,0.016080578947368418,000069,消费80,CNY,CN10Y
2018-09-11,4057.72,0.036751,19.05,0.015742438320209974,000069,消费80,CNY,CN10Y
2018-09-12,3992.36,0.036551,18.76,0.016753904051172705,000069,消费80,CNY,CN10Y
2018-09-13,3996.09,0.036526,18.8,0.016665489361702125,000069,消费80,CNY,CN10Y
2018-09-14,4018.63,0.036351,18.94,0.016447310454065465,000069,消费80,CNY,CN10Y
2018-09-17,3964.65,0.036327,18.73,0.01706328296849973,000069,消费80,CNY,CN10Y
2018-09-18,4037.57,0.036452,19.1,0.01590402094240837,000069,消费80,CNY,CN10Y
2018-09-19,4116.81,0.0367269999999999,19.46,0.014660461459404008,000069,消费80,CNY,CN10Y
2018-09-20,4116.58,0.037003,19.44,0.01443732921810699,000069,消费80,CNY,CN10Y
2018-09-21,4257.21,0.036752,20.15,0.012875791563275438,000069,消费80,CNY,CN10Y
2018-09-25,4245.8,0.0367539999999999,20.11,0.01297250422675296,000069,消费80,CNY,CN10Y
2018-09-26,4327.08,0.036503,20.52,0.012229943469785579,000069,消费80,CNY,CN10Y
2018-09-27,4316.06,0.036253,20.47,0.012598978505129463,000069,消费80,CNY,CN10Y
2018-09-28,4386.39,0.036154,20.81,0.011899820278712163,000069,消费80,CNY,CN10Y
2018-09-29,,0.036104,20.81,0.011949820278712164,000069,消费80,CNY,CN10Y
2018-09-30,,0.036103,20.81,0.011950820278712158,000069,消费80,CNY,CN10Y
2018-10-08,4157.7,0.036155,19.67,0.014683840874428061,000069,消费80,CNY,CN10Y
2018-10-09,4163.99,0.036156,19.72,0.014553939148073028,000069,消费80,CNY,CN10Y
2018-10-10,4117.77,0.036156,19.43,0.0153108039114771,000069,消费80,CNY,CN10Y
2018-10-11,3939.72,0.035806,18.6,0.01795744086021505,000069,消费80,CNY,CN10Y
2018-10-12,3991.6,0.035831,18.86,0.017191269353128313,000069,消费80,CNY,CN10Y
2018-10-15,3917.4,0.035857,18.49,0.01822628826392645,000069,消费80,CNY,CN10Y
2018-10-16,3856.5,0.035757,18.21,0.019157881933003842,000069,消费80,CNY,CN10Y
2018-10-17,3819.39,0.035807,18.08,0.01950273451327434,000069,消费80,CNY,CN10Y
2018-10-18,3715.13,0.035508,17.62,0.021245688989784337,000069,消费80,CNY,CN10Y
2018-10-19,3809.38,0.0356579999999999,18.1,0.019590618784530486,000069,消费80,CNY,CN10Y
2018-10-22,3990.17,0.03591,18.89,0.017028062466913713,000069,消费80,CNY,CN10Y
2018-10-23,3851.89,0.035709,18.13,0.019448198014340876,000069,消费80,CNY,CN10Y
2018-10-24,3782.1,0.035409,17.89,0.020488149245388478,000069,消费80,CNY,CN10Y
2018-10-25,3728.59,0.035409,17.63,0.021312497447532615,000069,消费80,CNY,CN10Y
2018-10-26,3682.74,0.03541,17.41,0.02202825387708214,000069,消费80,CNY,CN10Y
2018-10-29,3495.18,0.0351109999999999,16.43,0.02575327267194167,000069,消费80,CNY,CN10Y
2018-10-30,3520.24,0.035161,16.43,0.02570327267194157,000069,消费80,CNY,CN10Y
2018-10-31,3633.84,0.035086,16.97,0.02384151915144373,000069,消费80,CNY,CN10Y
2018-11-01,3672.5,0.0349359999999999,17.12,0.02347521495327113,000069,消费80,CNY,CN10Y
2018-11-02,3851.35,0.035461,17.95,0.020249306406685243,000069,消费80,CNY,CN10Y
2018-11-05,3806.25,0.035312,17.67,0.021281095642331625,000069,消费80,CNY,CN10Y
2018-11-06,3782.84,0.035113,17.54,0.021899542759407073,000069,消费80,CNY,CN10Y
2018-11-07,3771.39,0.034813,17.49,0.02236252887364209,000069,消费80,CNY,CN10Y
2018-11-08,3765.58,0.034813,17.47,0.02242798454493418,000069,消费80,CNY,CN10Y
2018-11-09,3744.65,0.034763,17.36,0.0228406866359447,000069,消费80,CNY,CN10Y
2018-11-12,3786.97,0.034865,17.5,0.02227785714285714,000069,消费80,CNY,CN10Y
2018-11-13,3840.65,0.03474,17.75,0.021598028169014086,000069,消费80,CNY,CN10Y
2018-11-14,3788.22,0.034218,17.48,0.02299023798627002,000069,消费80,CNY,CN10Y
2018-11-15,3812.2,0.033915,17.59,0.022935483229107448,000069,消费80,CNY,CN10Y
2018-11-16,3806.06,0.033515,17.56,0.023432608200455583,000069,消费80,CNY,CN10Y
2018-11-19,3838.41,0.033772,17.7,0.022725175141242934,000069,消费80,CNY,CN10Y
2018-11-20,3761.67,0.033771,17.36,0.0238326866359447,000069,消费80,CNY,CN10Y
2018-11-21,3792.66,0.0337159999999999,17.47,0.023524984544934277,000069,消费80,CNY,CN10Y
2018-11-22,3798.62,0.033917,17.5,0.02322585714285714,000069,消费80,CNY,CN10Y
2018-11-23,3709.25,0.033917,17.12,0.024494214953271025,000069,消费80,CNY,CN10Y
2018-11-26,3699.05,0.034151,17.04,0.02453444600938967,000069,消费80,CNY,CN10Y
2018-11-27,3692.26,0.034,16.99,0.024858151854031785,000069,消费80,CNY,CN10Y
2018-11-28,3745.36,0.0337,17.26,0.024237427578215523,000069,消费80,CNY,CN10Y
2018-11-29,3710.28,0.0336,17.09,0.024913750731421887,000069,消费80,CNY,CN10Y
2018-11-30,3751.82,0.0335499999999999,17.3,0.024253468208092585,000069,消费80,CNY,CN10Y
2018-12-03,3893.7,0.0335,18.02,0.021993895671476138,000069,消费80,CNY,CN10Y
2018-12-04,3911.4,0.03305,18.1,0.02219861878453038,000069,消费80,CNY,CN10Y
2018-12-05,3918.38,0.03275,18.16,0.02231607929515418,000069,消费80,CNY,CN10Y
2018-12-06,3804.93,0.032751,17.66,0.023874141562853904,000069,消费80,CNY,CN10Y
2018-12-07,3749.36,0.032853,17.45,0.02445359025787966,000069,消费80,CNY,CN10Y
2018-12-10,3713.59,0.032678,17.26,0.025259427578215525,000069,消费80,CNY,CN10Y
2018-12-11,3751.66,0.032652,17.44,0.0246874495412844,000069,消费80,CNY,CN10Y
2018-12-12,3764.8,0.032703,17.53,0.024342065601825433,000069,消费80,CNY,CN10Y
2018-12-13,3828.89,0.033311,17.84,0.022742811659192827,000069,消费80,CNY,CN10Y
2018-12-14,3767.35,0.033468,17.56,0.02347960820045559,000069,消费80,CNY,CN10Y
2018-12-17,3743.07,0.033713,17.85,0.02230940896358543,000069,消费80,CNY,CN10Y
2018-12-18,3716.97,0.033714,17.75,0.022624028169014085,000069,消费80,CNY,CN10Y
2018-12-19,3654.14,0.033412,17.46,0.0238617686139748,000069,消费80,CNY,CN10Y
2018-12-20,3635.84,0.033003,17.38,0.024534399309551216,000069,消费80,CNY,CN10Y
2018-12-21,3593.48,0.033168,17.21,0.02493775246949447,000069,消费80,CNY,CN10Y
2018-12-24,3646.06,0.033483,17.42,0.023922281285878297,000069,消费80,CNY,CN10Y
2018-12-25,3636.66,0.033113,17.37,0.024457523891767412,000069,消费80,CNY,CN10Y
2018-12-26,3620.06,0.033011,17.3,0.024792468208092486,000069,消费80,CNY,CN10Y
2018-12-27,3614.92,0.032709,17.31,0.025061075101097632,000069,消费80,CNY,CN10Y
2018-12-28,3655.26,0.032315,17.54,0.024697542759407068,000069,消费80,CNY,CN10Y
2018-12-29,,0.032265,17.54,0.02474754275940707,000069,消费80,CNY,CN10Y
2018-12-30,,0.032265,17.54,0.02474754275940707,000069,消费80,CNY,CN10Y
2018-12-31,,0.032265,17.54,0.02474754275940707,000069,消费80,CNY,CN10Y
2019-01-02,3585.49,0.031734,17.26,0.026203427578215525,000069,消费80,CNY,CN10Y
2019-01-03,3501.46,0.03141,16.89,0.02779663114268798,000069,消费80,CNY,CN10Y
2019-01-04,3562.37,0.031513,17.17,0.02672811822947,000069,消费80,CNY,CN10Y
2019-01-07,3584.83,0.031507,17.28,0.026363370370370363,000069,消费80,CNY,CN10Y
2019-01-08,3577.0,0.031211,17.22,0.02686100929152149,000069,消费80,CNY,CN10Y
2019-01-09,3646.6,0.0311059999999999,17.59,0.025744483229107547,000069,消费80,CNY,CN10Y
2019-01-10,3640.32,0.031006,17.56,0.025941608200455588,000069,消费80,CNY,CN10Y
2019-01-11,3668.88,0.031058,17.74,0.025311785794813985,000069,消费80,CNY,CN10Y
2019-01-14,3611.24,0.031297,17.46,0.0259767686139748,000069,消费80,CNY,CN10Y
2019-01-15,3729.01,0.031383,18.06,0.023987985603543746,000069,消费80,CNY,CN10Y
2019-01-16,3749.36,0.030745,18.17,0.024290773252614195,000069,消费80,CNY,CN10Y
2019-01-17,3737.45,0.03076,18.1,0.024488618784530385,000069,消费80,CNY,CN10Y
2019-01-18,3809.12,0.03091,18.47,0.023231851651326477,000069,消费80,CNY,CN10Y
2019-01-21,3837.6,0.031037,18.64,0.0226110686695279,000069,消费80,CNY,CN10Y
2019-01-22,3767.87,0.031071,18.29,0.02360368562055768,000069,消费80,CNY,CN10Y
2019-01-23,3760.29,0.03119,18.26,0.023574512595837895,000069,消费80,CNY,CN10Y
2019-01-24,3783.51,0.031338,18.38,0.0230689640914037,000069,消费80,CNY,CN10Y
2019-01-25,3796.97,0.031398,18.48,0.02271455411255411,000069,消费80,CNY,CN10Y
2019-01-28,3765.27,0.031397,18.35,0.0230989128065395,000069,消费80,CNY,CN10Y
2019-01-29,3777.43,0.031246,18.42,0.023042816503800214,000069,消费80,CNY,CN10Y
2019-01-30,3742.36,0.0311509999999999,18.23,0.023703635216675907,000069,消费80,CNY,CN10Y
2019-01-31,3765.7,0.031037,18.35,0.023458912806539504,000069,消费80,CNY,CN10Y
2019-02-01,3838.24,0.031032,18.67,0.02252986395286555,000069,消费80,CNY,CN10Y
2019-02-02,,0.030978,18.67,0.022583863952865553,000069,消费80,CNY,CN10Y
2019-02-03,,0.0309669999999999,18.67,0.02259486395286565,000069,消费80,CNY,CN10Y
2019-02-11,3936.71,0.03067,19.18,0.02146764337851929,000069,消费80,CNY,CN10Y
2019-02-12,3977.85,0.030748,19.33,0.020985057423693745,000069,消费80,CNY,CN10Y
2019-02-13,4050.58,0.030719,19.73,0.019965237202230108,000069,消费80,CNY,CN10Y
2019-02-14,4090.03,0.030726,19.87,0.019601126321087067,000069,消费80,CNY,CN10Y
2019-02-15,4011.03,0.030794,19.47,0.02056706831022086,000069,消费80,CNY,CN10Y
2019-02-18,4138.51,0.031094,20.08,0.018706796812749008,000069,消费80,CNY,CN10Y
2019-02-19,4105.9,0.031279,19.91,0.018947017076845804,000069,消费80,CNY,CN10Y
2019-02-20,4089.15,0.031196,19.83,0.019232643469490676,000069,消费80,CNY,CN10Y
2019-02-21,4083.73,0.031361,19.81,0.01911855577990914,000069,消费80,CNY,CN10Y
2019-02-22,4128.44,0.031451,20.03,0.018474112331502743,000069,消费80,CNY,CN10Y
2019-02-25,4279.7,0.031787,20.72,0.01647554826254826,000069,消费80,CNY,CN10Y
2019-02-26,4241.21,0.031878,20.47,0.016973978505129467,000069,消费80,CNY,CN10Y
2019-02-27,4240.36,0.0316889999999999,20.49,0.017115294777940562,000069,消费80,CNY,CN10Y
2019-02-28,4294.46,0.0317309999999999,20.73,0.016508266763145298,000069,消费80,CNY,CN10Y
2019-03-01,4365.56,0.0318699999999999,21.13,0.015456076668244306,000069,消费80,CNY,CN10Y
2019-03-04,4397.56,0.032023,21.25,0.015035823529411761,000069,消费80,CNY,CN10Y
2019-03-05,4409.16,0.032149,21.32,0.014755315196998124,000069,消费80,CNY,CN10Y
2019-03-06,4402.71,0.032021,21.26,0.015015688617121353,000069,消费80,CNY,CN10Y
2019-03-07,4329.89,0.031572,20.86,0.016366638542665388,000069,消费80,CNY,CN10Y
2019-03-08,4207.11,0.031423,20.3,0.01783808374384236,000069,消费80,CNY,CN10Y
2019-03-11,4313.87,0.031374,20.81,0.016679820278712162,000069,消费80,CNY,CN10Y
2019-03-12,4326.21,0.031424,20.82,0.01660673967339097,000069,消费80,CNY,CN10Y
2019-03-13,4291.55,0.031375,20.67,0.017004293662312528,000069,消费80,CNY,CN10Y
2019-03-14,4273.61,0.031475,20.69,0.016857527791203475,000069,消费80,CNY,CN10Y
2019-03-15,4336.53,0.031376,20.95,0.0163566968973747,000069,消费80,CNY,CN10Y
2019-03-18,4516.85,0.031377,21.8,0.014494559633027516,000069,消费80,CNY,CN10Y
2019-03-19,4475.08,0.031377,21.58,0.014962202965708993,000069,消费80,CNY,CN10Y
2019-03-20,4473.84,0.031453,21.54,0.014972255338904367,000069,消费80,CNY,CN10Y
2019-03-21,4474.82,0.031291,21.5,0.015220627906976744,000069,消费80,CNY,CN10Y
2019-03-22,4508.86,0.03108,21.67,0.015066746654360866,000069,消费80,CNY,CN10Y
2019-03-25,4417.81,0.030831,21.21,0.016316571900047146,000069,消费80,CNY,CN10Y
2019-03-26,4375.54,0.030633,21.05,0.016872938242280283,000069,消费80,CNY,CN10Y
2019-03-27,4481.51,0.030882,21.5,0.015629627906976744,000069,消费80,CNY,CN10Y
2019-03-28,4478.87,0.030634,21.48,0.015920934823091246,000069,消费80,CNY,CN10Y
2019-03-29,4618.56,0.030683,22.25,0.014260820224719101,000069,消费80,CNY,CN10Y
2019-04-01,4721.35,0.031332,22.67,0.012779160123511248,000069,消费80,CNY,CN10Y
2019-04-02,4701.56,0.031681,22.56,0.012645241134751774,000069,消费80,CNY,CN10Y
2019-04-03,4744.73,0.032331,22.75,0.01162504395604396,000069,消费80,CNY,CN10Y
2019-04-04,4797.31,0.032679,23.08,0.010648556325823226,000069,消费80,CNY,CN10Y
2019-04-08,4764.52,0.032482,23.11,0.010789311120726959,000069,消费80,CNY,CN10Y
2019-04-09,4842.0,0.0328819999999999,23.39,0.009871313381787192,000069,消费80,CNY,CN10Y
2019-04-10,4933.07,0.032932,23.96,0.008804227045075122,000069,消费80,CNY,CN10Y
2019-04-11,4805.88,0.032784,23.39,0.009969313381787089,000069,消费80,CNY,CN10Y
2019-04-12,4765.01,0.033334,23.17,0.009825257660768229,000069,消费80,CNY,CN10Y
2019-04-15,4716.3,0.033736,22.92,0.009894017452006978,000069,消费80,CNY,CN10Y
2019-04-16,4815.95,0.033937,23.43,0.00874332437046521,000069,消费80,CNY,CN10Y
2019-04-17,4868.56,0.033938,23.77,0.008131835927639879,000069,消费80,CNY,CN10Y
2019-04-18,4860.67,0.033589,23.7,0.008605092827004217,000069,消费80,CNY,CN10Y
2019-04-19,4888.91,0.033741,23.82,0.008240528127623846,000069,消费80,CNY,CN10Y
2019-04-22,4807.02,0.034091,23.42,0.008607548249359519,000069,消费80,CNY,CN10Y
2019-04-23,4803.27,0.033993,23.5,0.008560191489361699,000069,消费80,CNY,CN10Y
2019-04-24,4811.08,0.034343,23.49,0.008228306939123034,000069,消费80,CNY,CN10Y
2019-04-25,4732.76,0.034193,23.08,0.009134556325823225,000069,消费80,CNY,CN10Y
2019-04-26,4659.53,0.034043,22.73,0.00995172063352398,000069,消费80,CNY,CN10Y
2019-04-28,,0.034043,22.73,0.00995172063352398,000069,消费80,CNY,CN10Y
2019-04-29,4737.64,0.034268,23.11,0.009003311120726956,000069,消费80,CNY,CN10Y
2019-04-30,4772.92,0.0338689999999999,23.24,0.009160259896729882,000069,消费80,CNY,CN10Y
2019-05-05,,0.033849,23.24,0.009180259896729784,000069,消费80,CNY,CN10Y
2019-05-06,4523.44,0.0335499999999999,22.99,0.009947172683775658,000069,消费80,CNY,CN10Y
2019-05-07,4589.64,0.033551,23.21,0.009533877208099957,000069,消费80,CNY,CN10Y
2019-05-08,4516.09,0.033426,22.89,0.010261199650502408,000069,消费80,CNY,CN10Y
2019-05-09,4402.9,0.033116,22.18,0.011969662759242564,000069,消费80,CNY,CN10Y
2019-05-10,4560.85,0.033017,23.05,0.010366947939262475,000069,消费80,CNY,CN10Y
2019-05-13,4511.21,0.032709,22.76,0.011227731107205617,000069,消费80,CNY,CN10Y
2019-05-14,4468.84,0.032859,22.57,0.011447601683650867,000069,消费80,CNY,CN10Y
2019-05-15,4609.39,0.032762,23.31,0.010138042900042901,000069,消费80,CNY,CN10Y
2019-05-16,4641.6,0.032662,23.48,0.009927437819420785,000069,消费80,CNY,CN10Y
2019-05-17,4519.72,0.032665,22.89,0.011022199650502405,000069,消费80,CNY,CN10Y
2019-05-20,4432.5,0.032717,22.43,0.011866147570218456,000069,消费80,CNY,CN10Y
2019-05-21,4481.0,0.03299,22.68,0.011101710758377424,000069,消费80,CNY,CN10Y
2019-05-22,4465.52,0.033264,22.58,0.011022979627989371,000069,消费80,CNY,CN10Y
2019-05-23,4357.22,0.0331,21.96,0.012437340619307832,000069,消费80,CNY,CN10Y
2019-05-24,4375.78,0.033125,22.13,0.012062528242205155,000069,消费80,CNY,CN10Y
2019-05-27,4414.19,0.0335,22.31,0.011322949350067238,000069,消费80,CNY,CN10Y
2019-05-28,4480.14,0.0331,22.66,0.011030626654898505,000069,消费80,CNY,CN10Y
2019-05-29,4456.34,0.032875,22.66,0.011255626654898501,000069,消费80,CNY,CN10Y
2019-05-30,4443.63,0.03275,22.56,0.011576241134751773,000069,消费80,CNY,CN10Y
2019-05-31,4431.48,0.032751,22.45,0.011792429844097993,000069,消费80,CNY,CN10Y
2019-06-03,4444.44,0.032401,22.46,0.012122597506678538,000069,消费80,CNY,CN10Y
2019-06-04,4381.94,0.032101,22.15,0.013045726862302487,000069,消费80,CNY,CN10Y
2019-06-05,4329.14,0.0321,21.91,0.01354125969876769,000069,消费80,CNY,CN10Y
2019-06-06,4278.17,0.032136,21.64,0.014074720887245845,000069,消费80,CNY,CN10Y
2019-06-10,4336.76,0.032251,21.92,0.013369437956204377,000069,消费80,CNY,CN10Y
2019-06-11,4485.69,0.032651,22.67,0.011460160123511247,000069,消费80,CNY,CN10Y
2019-06-12,4450.92,0.032601,22.51,0.0118237001332741,000069,消费80,CNY,CN10Y
2019-06-13,4449.31,0.032451,22.51,0.011973700133274097,000069,消费80,CNY,CN10Y
2019-06-14,4424.96,0.032302,22.38,0.012380752457551387,000069,消费80,CNY,CN10Y
2019-06-17,4425.37,0.032252,22.43,0.012331147570218456,000069,消费80,CNY,CN10Y
2019-06-18,4431.39,0.032302,22.46,0.01222159750667854,000069,消费80,CNY,CN10Y
2019-06-19,4497.66,0.032427,22.78,0.011471156277436348,000069,消费80,CNY,CN10Y
2019-06-20,4617.05,0.032352,23.45,0.010291923240938167,000069,消费80,CNY,CN10Y
2019-06-21,4631.73,0.032303,23.53,0.010195937526561838,000069,消费80,CNY,CN10Y
2019-06-24,4656.34,0.0324529999999999,23.68,0.00977672972972983,000069,消费80,CNY,CN10Y
2019-06-25,4634.11,0.032353,23.54,0.010127883602378929,000069,消费80,CNY,CN10Y
2019-06-26,4661.42,0.0324529999999999,23.63,0.009866085907744494,000069,消费80,CNY,CN10Y
2019-06-27,4705.7,0.032553,23.88,0.009323046901172534,000069,消费80,CNY,CN10Y
2019-06-28,4693.0,0.032254,23.78,0.00979814465937763,000069,消费80,CNY,CN10Y
2019-07-01,4831.04,0.032254,24.56,0.008462612377850169,000069,消费80,CNY,CN10Y
2019-07-02,4873.82,0.0317039999999999,24.64,0.008880415584415685,000069,消费80,CNY,CN10Y
2019-07-03,4792.3,0.031554,24.17,0.009819603640877118,000069,消费80,CNY,CN10Y
2019-07-04,4719.8,0.031479,23.85,0.010449721174004188,000069,消费80,CNY,CN10Y
2019-07-05,4779.44,0.031705,24.18,0.0096514929693962,000069,消费80,CNY,CN10Y
2019-07-08,4679.29,0.031805,23.67,0.010442570764681025,000069,消费80,CNY,CN10Y
2019-07-09,4685.62,0.03168,23.67,0.010567570764681025,000069,消费80,CNY,CN10Y
2019-07-10,4693.4,0.031706,23.71,0.010470296921130322,000069,消费80,CNY,CN10Y
2019-07-11,4681.76,0.03168,23.62,0.010657002540220152,000069,消费80,CNY,CN10Y
2019-07-12,4682.22,0.0315309999999999,23.6,0.010841881355932302,000069,消费80,CNY,CN10Y
2019-07-15,4684.51,0.031782,23.57,0.010644813746287653,000069,消费80,CNY,CN10Y
2019-07-16,4627.18,0.031732,23.32,0.011149646655231556,000069,消费80,CNY,CN10Y
2019-07-17,4611.63,0.031757,23.25,0.011253752688172046,000069,消费80,CNY,CN10Y
2019-07-18,4552.2,0.031608,22.93,0.012002989969472314,000069,消费80,CNY,CN10Y
2019-07-19,4576.05,0.031559,23.07,0.01178733723450369,000069,消费80,CNY,CN10Y
2019-07-22,4546.61,0.031484,22.93,0.012126989969472313,000069,消费80,CNY,CN10Y
2019-07-23,4557.1,0.031484,22.98,0.01203210095735422,000069,消费80,CNY,CN10Y
2019-07-24,4591.21,0.0317099999999999,23.11,0.011561311120727058,000069,消费80,CNY,CN10Y
2019-07-25,4608.41,0.0316349999999999,23.24,0.011394259896729882,000069,消费80,CNY,CN10Y
2019-07-26,4622.84,0.031661,23.31,0.011239042900042899,000069,消费80,CNY,CN10Y
2019-07-29,4628.52,0.031836,23.33,0.011027266180882983,000069,消费80,CNY,CN10Y
2019-07-30,4640.08,0.031761,23.38,0.011010599657827205,000069,消费80,CNY,CN10Y
2019-07-31,4609.65,0.031552,23.24,0.011477259896729784,000069,消费80,CNY,CN10Y
2019-08-01,4567.58,0.031487,22.98,0.012029100957354218,000069,消费80,CNY,CN10Y
2019-08-02,4521.17,0.030914,22.76,0.013022731107205619,000069,消费80,CNY,CN10Y
2019-08-05,4428.73,0.0305629999999999,22.33,0.014219803403493162,000069,消费80,CNY,CN10Y
2019-08-06,4364.87,0.030613,22.16,0.01451335379061372,000069,消费80,CNY,CN10Y
2019-08-07,4371.68,0.030514,22.18,0.014571662759242564,000069,消费80,CNY,CN10Y
2019-08-08,4434.48,0.030465,22.59,0.013802374944665782,000069,消费80,CNY,CN10Y
2019-08-09,4402.39,0.030216,22.45,0.014327429844097996,000069,消费80,CNY,CN10Y
2019-08-12,4469.44,0.0303909999999999,22.94,0.013200979075850144,000069,消费80,CNY,CN10Y
2019-08-13,4461.74,0.030041,22.91,0.01360806154517678,000069,消费80,CNY,CN10Y
2019-08-14,4515.58,0.030105,23.24,0.012924259896729781,000069,消费80,CNY,CN10Y
2019-08-15,4524.53,0.030115,23.28,0.0128403264604811,000069,消费80,CNY,CN10Y
2019-08-16,4584.6,0.030217,23.59,0.012173843577787197,000069,消费80,CNY,CN10Y
2019-08-19,4663.5,0.030191,23.83,0.011772911036508609,000069,消费80,CNY,CN10Y
2019-08-20,4671.91,0.0303169999999999,23.96,0.011419227045075225,000069,消费80,CNY,CN10Y
2019-08-21,4640.47,0.030567,23.83,0.011396911036508608,000069,消费80,CNY,CN10Y
2019-08-22,4699.65,0.030543,24.24,0.010711125412541253,000069,消费80,CNY,CN10Y
2019-08-23,4788.17,0.030644,24.71,0.00982544556859571,000069,消费80,CNY,CN10Y
2019-08-26,4742.55,0.030494,24.39,0.01050641000410004,000069,消费80,CNY,CN10Y
2019-08-27,4812.07,0.03052,24.73,0.009916716538617067,000069,消费80,CNY,CN10Y
2019-08-28,4820.2,0.03052,24.71,0.009949445568595713,000069,消费80,CNY,CN10Y
2019-08-29,4815.91,0.0303209999999999,24.76,0.010066722132471829,000069,消费80,CNY,CN10Y
2019-08-30,4853.61,0.030573,25.08,0.009299408293460928,000069,消费80,CNY,CN10Y
2019-09-02,4873.41,0.0307229999999999,25.2,0.00895953968253978,000069,消费80,CNY,CN10Y
2019-09-03,4843.35,0.030624,25.07,0.00926431272437176,000069,消费80,CNY,CN10Y
2019-09-04,4830.72,0.030473,24.93,0.00963931448054553,000069,消费80,CNY,CN10Y
2019-09-05,4864.55,0.030173,25.15,0.009588431411530818,000069,消费80,CNY,CN10Y
2019-09-06,4901.98,0.030173,25.3,0.009352691699604745,000069,消费80,CNY,CN10Y
2019-09-09,4915.89,0.03025,25.33,0.009228878799842091,000069,消费80,CNY,CN10Y
2019-09-10,4921.45,0.030425,25.27,0.00914761574990107,000069,消费80,CNY,CN10Y
2019-09-11,4826.6,0.030525,24.66,0.010026500405515,000069,消费80,CNY,CN10Y
2019-09-12,4864.57,0.030876,24.95,0.00920416032064128,000069,消费80,CNY,CN10Y
2019-09-16,4861.89,0.030926,24.94,0.009170230954290298,000069,消费80,CNY,CN10Y
2019-09-17,4794.92,0.031076,24.64,0.009508415584415585,000069,消费80,CNY,CN10Y
2019-09-18,4864.05,0.031277,25.18,0.008437058776806991,000069,消费80,CNY,CN10Y
2019-09-19,4876.56,0.031053,25.21,0.008613798889329626,000069,消费80,CNY,CN10Y
2019-09-20,4897.98,0.0309799999999999,25.35,0.008467731755424163,000069,消费80,CNY,CN10Y
2019-09-23,4837.73,0.0310049999999999,25.04,0.008931102236421823,000069,消费80,CNY,CN10Y
2019-09-24,4879.81,0.0312049999999999,25.39,0.00818058487593551,000069,消费80,CNY,CN10Y
2019-09-25,4834.68,0.031157,25.16,0.008588627980922098,000069,消费80,CNY,CN10Y
2019-09-26,4788.78,0.031381,24.93,0.008731314480545531,000069,消费80,CNY,CN10Y
2019-09-27,4798.49,0.031482,25.0,0.008517999999999998,000069,消费80,CNY,CN10Y
2019-09-29,,0.031434,25.0,0.008566000000000004,000069,消费80,CNY,CN10Y
2019-09-30,4773.32,0.0314109999999999,24.79,0.008927846308995666,000069,消费80,CNY,CN10Y
2019-10-08,4796.28,0.031063,24.93,0.00904931448054553,000069,消费80,CNY,CN10Y
2019-10-09,4753.29,0.031089,24.69,0.00941322762251924,000069,消费80,CNY,CN10Y
2019-10-10,4831.81,0.031289,25.05,0.008631159680638725,000069,消费80,CNY,CN10Y
2019-10-11,4844.62,0.031564,25.2,0.008118539682539679,000069,消费80,CNY,CN10Y
2019-10-12,,0.031716,25.2,0.00796653968253968,000069,消费80,CNY,CN10Y
2019-10-14,4884.07,0.031641,25.41,0.007713584809130258,000069,消费80,CNY,CN10Y
2019-10-15,4900.91,0.031668,25.58,0.007425041438623929,000069,消费80,CNY,CN10Y
2019-10-16,4879.14,0.031693,25.32,0.007801470774091629,000069,消费80,CNY,CN10Y
2019-10-17,4869.82,0.031569,25.34,0.00789429913180742,000069,消费80,CNY,CN10Y
2019-10-18,4824.1,0.0318699999999999,25.12,0.007938917197452329,000069,消费80,CNY,CN10Y
2019-10-21,4794.23,0.0321959999999999,24.95,0.007884160320641383,000069,消费80,CNY,CN10Y
2019-10-22,4828.82,0.0321959999999999,25.1,0.007644637450199304,000069,消费80,CNY,CN10Y
2019-10-23,4775.79,0.032122,24.83,0.008151862263391062,000069,消费80,CNY,CN10Y
2019-10-24,4723.12,0.0321959999999999,24.56,0.008520612377850269,000069,消费80,CNY,CN10Y
2019-10-25,4802.67,0.032372,24.94,0.007724230954290298,000069,消费80,CNY,CN10Y
2019-10-28,4876.31,0.032924,25.28,0.0066329620253164495,000069,消费80,CNY,CN10Y
2019-10-29,4885.14,0.033029,25.36,0.0064031766561514145,000069,消费80,CNY,CN10Y
2019-10-30,4832.67,0.033125,25.12,0.006683917197452226,000069,消费80,CNY,CN10Y
2019-10-31,4876.51,0.03288,25.28,0.006676962025316452,000069,消费80,CNY,CN10Y
2019-11-01,4943.16,0.032757,25.45,0.006535730844793711,000069,消费80,CNY,CN10Y
2019-11-04,4978.37,0.032954,25.67,0.006001979742890531,000069,消费80,CNY,CN10Y
2019-11-05,4998.59,0.032454,25.74,0.0063960388500388585,000069,消费80,CNY,CN10Y
2019-11-06,4969.31,0.032555,25.59,0.006522764751856196,000069,消费80,CNY,CN10Y
2019-11-07,5001.62,0.032736,25.76,0.006083875776397511,000069,消费80,CNY,CN10Y
2019-11-08,5002.79,0.032765,25.77,0.0060398117966627834,000069,消费80,CNY,CN10Y
2019-11-11,4912.81,0.032463,25.39,0.00692258487593541,000069,消费80,CNY,CN10Y
2019-11-12,4924.18,0.0325499999999999,25.45,0.006742730844793814,000069,消费80,CNY,CN10Y
2019-11-13,4939.78,0.03237,25.61,0.006677247169074578,000069,消费80,CNY,CN10Y
2019-11-14,4964.64,0.032555,25.72,0.006325248833592534,000069,消费80,CNY,CN10Y
2019-11-15,4924.21,0.032355,25.54,0.006799267815191856,000069,消费80,CNY,CN10Y
2019-11-18,4939.66,0.031993,25.61,0.00705424716907458,000069,消费80,CNY,CN10Y
2019-11-19,5007.85,0.031743,25.89,0.006881951718810349,000069,消费80,CNY,CN10Y
2019-11-20,4986.49,0.031747,25.82,0.006982666924864447,000069,消费80,CNY,CN10Y
2019-11-21,4939.13,0.031749,25.62,0.0072830062451210015,000069,消费80,CNY,CN10Y
2019-11-22,4847.05,0.031747,25.07,0.008141312724371762,000069,消费80,CNY,CN10Y
2019-11-25,4843.14,0.031875,25.01,0.00810900639744102,000069,消费80,CNY,CN10Y
2019-11-26,4871.52,0.031675,25.16,0.008070627980922097,000069,消费80,CNY,CN10Y
2019-11-27,4862.38,0.0317,25.12,0.008108917197452228,000069,消费80,CNY,CN10Y
2019-11-28,4844.94,0.03165,24.99,0.008366006402561028,000069,消费80,CNY,CN10Y
2019-11-29,4764.99,0.03165,24.48,0.009199673202614382,000069,消费80,CNY,CN10Y
2019-12-02,4742.42,0.032062,24.4,0.008921606557377053,000069,消费80,CNY,CN10Y
2019-12-03,4753.78,0.0317459999999999,24.37,0.00928805826836284,000069,消费80,CNY,CN10Y
2019-12-04,4756.95,0.031751,24.39,0.00924941000410004,000069,消费80,CNY,CN10Y
2019-12-05,4782.18,0.031776,24.55,0.00895719755600815,000069,消费80,CNY,CN10Y
2019-12-06,4828.51,0.031751,24.91,0.008393520272982735,000069,消费80,CNY,CN10Y
2019-12-09,4770.8,0.031903,24.6,0.008747406504065039,000069,消费80,CNY,CN10Y
2019-12-10,4794.02,0.031776,24.73,0.008660716538617066,000069,消费80,CNY,CN10Y
2019-12-11,4792.58,0.031702,24.72,0.008751074433656962,000069,消费80,CNY,CN10Y
2019-12-12,4777.47,0.031652,24.56,0.009064612377850167,000069,消费80,CNY,CN10Y
2019-12-13,4860.38,0.0318279999999999,25.0,0.008172000000000103,000069,消费80,CNY,CN10Y
2019-12-16,4850.14,0.031854,25.17,0.007875837107667857,000069,消费80,CNY,CN10Y
2019-12-17,4893.62,0.0321329999999999,25.45,0.007159730844793814,000069,消费80,CNY,CN10Y
2019-12-18,4859.92,0.032139,25.31,0.007371075069142634,000069,消费80,CNY,CN10Y
2019-12-19,4849.43,0.032139,25.21,0.007527798889329626,000069,消费80,CNY,CN10Y
2019-12-20,4836.25,0.031808,25.1,0.0080326374501992,000069,消费80,CNY,CN10Y
2019-12-23,4806.8,0.031661,25.01,0.008323006397441018,000069,消费80,CNY,CN10Y
2019-12-24,4828.57,0.031535,25.07,0.008353312724371759,000069,消费80,CNY,CN10Y
2019-12-25,4815.37,0.031463,24.97,0.008585057669203047,000069,消费80,CNY,CN10Y
2019-12-26,4848.49,0.031137,25.1,0.008703637450199201,000069,消费80,CNY,CN10Y
2019-12-27,4859.07,0.031292,25.27,0.00828061574990107,000069,消费80,CNY,CN10Y
2019-12-30,4904.13,0.031322,25.55,0.007816943248532285,000069,消费80,CNY,CN10Y
2019-12-31,4947.89,0.031365,25.7,0.007545505836575879,000069,消费80,CNY,CN10Y
2020-01-02,4979.65,0.031485,25.56,0.007638630672926451,000069,消费80,CNY,CN10Y
2020-01-03,4930.91,0.031428,25.12,0.00838091719745223,000069,消费80,CNY,CN10Y
2020-01-06,4902.15,0.031352,24.98,0.008680025620496398,000069,消费80,CNY,CN10Y
2020-01-07,4975.05,0.031379,25.34,0.008084299131807422,000069,消费80,CNY,CN10Y
2020-01-08,4958.04,0.031337,25.24,0.008282651347068154,000069,消费80,CNY,CN10Y
2020-01-09,5049.92,0.031184,25.72,0.0076962488335925346,000069,消费80,CNY,CN10Y
2020-01-10,5065.26,0.030819,25.84,0.007880690402476784,000069,消费80,CNY,CN10Y
2020-01-13,5107.26,0.03084,26.04,0.00756245775729647,000069,消费80,CNY,CN10Y
2020-01-14,5064.91,0.030994,25.76,0.007825875776397512,000069,消费80,CNY,CN10Y
2020-01-15,5076.21,0.030897,25.82,0.007832666924864444,000069,消费80,CNY,CN10Y
2020-01-16,5089.97,0.030918,25.84,0.007781690402476782,000069,消费80,CNY,CN10Y
2020-01-17,5119.63,0.030832,25.98,0.007659147036181681,000069,消费80,CNY,CN10Y
2020-01-19,,0.03078,25.98,0.007711147036181681,000069,消费80,CNY,CN10Y
2020-01-20,5117.61,0.0307759999999999,25.9,0.007834038610038709,000069,消费80,CNY,CN10Y
2020-01-21,5072.24,0.030337,25.62,0.008695006245121002,000069,消费80,CNY,CN10Y
2020-01-22,5058.7,0.030282,25.56,0.00884163067292645,000069,消费80,CNY,CN10Y
2020-01-23,4903.9,0.029932,24.85,0.010309448692152917,000069,消费80,CNY,CN10Y
2020-02-03,4598.01,0.028231,23.38,0.014540599657827204,000069,消费80,CNY,CN10Y
2020-02-04,4704.29,0.028551,23.89,0.013307518208455417,000069,消费80,CNY,CN10Y
2020-02-05,4824.55,0.02844,24.42,0.012510040950040949,000069,消费80,CNY,CN10Y
2020-02-06,4948.25,0.028392,24.99,0.011624006402561025,000069,消费80,CNY,CN10Y
2020-02-07,4947.9,0.028024,25.02,0.011944025579536374,000069,消费80,CNY,CN10Y
2020-02-10,4939.13,0.0278719999999999,24.97,0.012176057669203145,000069,消费80,CNY,CN10Y
2020-02-11,4966.19,0.02834,25.23,0.01129535473642489,000069,消费80,CNY,CN10Y
2020-02-12,5011.2,0.028333,25.41,0.01102158480913026,000069,消费80,CNY,CN10Y
2020-02-13,4962.65,0.028201,25.2,0.01148153968253968,000069,消费80,CNY,CN10Y
2020-02-14,4967.41,0.028631,25.21,0.011035798889329627,000069,消费80,CNY,CN10Y
2020-02-17,5064.32,0.028928,25.67,0.01002797974289053,000069,消费80,CNY,CN10Y
2020-02-18,5046.93,0.028664,25.55,0.010474943248532289,000069,消费80,CNY,CN10Y
2020-02-19,5018.87,0.028776,25.52,0.01040895297805643,000069,消费80,CNY,CN10Y
2020-02-20,5106.57,0.028857,25.96,0.009663801232665636,000069,消费80,CNY,CN10Y
2020-02-21,5114.7,0.02847,26.0,0.009991538461538465,000069,消费80,CNY,CN10Y
2020-02-24,5069.12,0.02812,25.71,0.010775371450797357,000069,消费80,CNY,CN10Y
2020-02-25,5079.83,0.02822,25.68,0.01072080996884735,000069,消费80,CNY,CN10Y
2020-02-26,4983.79,0.0279729999999999,25.3,0.011552691699604843,000069,消费80,CNY,CN10Y
2020-02-27,5014.62,0.027702,25.49,0.011529071008238526,000069,消费80,CNY,CN10Y
2020-02-28,4837.02,0.027376,24.63,0.01322489321965083,000069,消费80,CNY,CN10Y
2020-03-02,4956.46,0.0274279999999999,25.27,0.01214461574990117,000069,消费80,CNY,CN10Y
2020-03-03,5031.54,0.027478,25.71,0.011417371450797357,000069,消费80,CNY,CN10Y
2020-03-04,5065.16,0.02673,25.93,0.01183536829926726,000069,消费80,CNY,CN10Y
2020-03-05,5186.53,0.026829,26.63,0.01072263349605708,000069,消费80,CNY,CN10Y
2020-03-06,5135.74,0.02628,26.34,0.011685072133637054,000069,消费80,CNY,CN10Y
2020-03-09,4952.32,0.025205,25.4,0.014165078740157478,000069,消费80,CNY,CN10Y
2020-03-10,5050.29,0.02613,26.02,0.01230197540353574,000069,消费80,CNY,CN10Y
2020-03-11,5007.57,0.0260789999999999,25.9,0.012531038610038708,000069,消费80,CNY,CN10Y
2020-03-12,4885.05,0.026379,25.32,0.013115470774091628,000069,消费80,CNY,CN10Y
2020-03-13,4814.06,0.0267589999999999,24.92,0.013369410914927868,000069,消费80,CNY,CN10Y
2020-03-16,4623.3,0.026758,23.91,0.015065504809703052,000069,消费80,CNY,CN10Y
2020-03-17,4596.23,0.027135,23.66,0.015130426880811496,000069,消费80,CNY,CN10Y
2020-03-18,4522.6,0.027136,23.16,0.01604189291882556,000069,消费80,CNY,CN10Y
2020-03-19,4467.36,0.027299,22.81,0.01654142086804034,000069,消费80,CNY,CN10Y
2020-03-20,4576.81,0.026815,23.47,0.0157925841499787,000069,消费80,CNY,CN10Y
2020-03-23,4447.77,0.0263149999999999,22.87,0.017410404459991355,000069,消费80,CNY,CN10Y
2020-03-24,4593.54,0.0262889999999999,23.65,0.015994298097251686,000069,消费80,CNY,CN10Y
2020-03-25,4735.1,0.0262889999999999,24.39,0.014711410004100142,000069,消费80,CNY,CN10Y
2020-03-26,4750.53,0.0259399999999999,24.43,0.014993278755628427,000069,消费80,CNY,CN10Y
2020-03-27,4768.1,0.02609,24.57,0.0146100407000407,000069,消费80,CNY,CN10Y
2020-03-30,4729.48,0.026142,24.39,0.014858410004100042,000069,消费80,CNY,CN10Y
2020-03-31,4815.63,0.025899,24.94,0.014197230954290298,000069,消费80,CNY,CN10Y
2020-04-01,4742.46,0.02555,24.57,0.015150040700040699,000069,消费80,CNY,CN10Y
2020-04-02,4806.98,0.025854,25.03,0.014098057530962844,000069,消费80,CNY,CN10Y
2020-04-03,4832.45,0.025965,25.11,0.013859771007566708,000069,消费80,CNY,CN10Y
2020-04-07,4957.39,0.025112,25.69,0.013813652004671075,000069,消费80,CNY,CN10Y
2020-04-08,4930.96,0.024824,25.55,0.014314943248532289,000069,消费80,CNY,CN10Y
2020-04-09,4996.78,0.025226,25.8,0.013533689922480621,000069,消费80,CNY,CN10Y
2020-04-10,4951.28,0.025403,25.63,0.013613777214202111,000069,消费80,CNY,CN10Y
2020-04-13,4945.67,0.025658,25.6,0.0134045,000069,消费80,CNY,CN10Y
2020-04-14,5034.59,0.025591,26.05,0.012796715930902109,000069,消费80,CNY,CN10Y
2020-04-15,4982.49,0.025455,25.86,0.013214760247486468,000069,消费80,CNY,CN10Y
2020-04-16,4994.39,0.025276,25.96,0.013244801232665637,000069,消费80,CNY,CN10Y
2020-04-17,5011.76,0.02559,26.17,0.012621692777990058,000069,消费80,CNY,CN10Y
2020-04-20,5054.1,0.02592,26.33,0.0120594910748196,000069,消费80,CNY,CN10Y
2020-04-21,4993.49,0.0257909999999999,25.95,0.01274464547206176,000069,消费80,CNY,CN10Y
2020-04-22,5080.7,0.025567,26.49,0.012183094375235938,000069,消费80,CNY,CN10Y
2020-04-23,5078.67,0.025227,26.52,0.012480390648567118,000069,消费80,CNY,CN10Y
2020-04-24,5055.44,0.0250999999999999,26.4,0.01277878787878798,000069,消费80,CNY,CN10Y
2020-04-26,,0.025205,26.4,0.012673787878787878,000069,消费80,CNY,CN10Y
2020-04-27,5083.54,0.025345,26.6,0.012248984962406013,000069,消费80,CNY,CN10Y
2020-04-28,5125.76,0.025254,26.8,0.012059432835820894,000069,消费80,CNY,CN10Y
2020-04-29,5049.47,0.025009,26.54,0.012669975131876416,000069,消费80,CNY,CN10Y
2020-04-30,5071.23,0.02538,26.59,0.012228123354644606,000069,消费80,CNY,CN10Y
2020-05-06,5147.73,0.025809,30.94,0.006511620555914671,000069,消费80,CNY,CN10Y
2020-05-07,5173.2,0.026298,30.94,0.006022620555914671,000069,消费80,CNY,CN10Y
2020-05-08,5227.8,0.0262069999999999,31.19,0.005854558191728216,000069,消费80,CNY,CN10Y
2020-05-09,,0.0264,31.19,0.005661558191728117,000069,消费80,CNY,CN10Y
2020-05-11,5186.17,0.026698,31.04,0.005518494845360829,000069,消费80,CNY,CN10Y
2020-05-12,5235.71,0.0266029999999999,31.37,0.005274590054192004,000069,消费80,CNY,CN10Y
2020-05-13,5270.9,0.027076,31.56,0.004609678073510776,000069,消费80,CNY,CN10Y
2020-05-14,5213.44,0.026989,31.23,0.005031493115593984,000069,消费80,CNY,CN10Y
2020-05-15,5168.19,0.02682,30.95,0.005490177705977383,000069,消费80,CNY,CN10Y
2020-05-18,5235.21,0.027253,31.42,0.004573861871419477,000069,消费80,CNY,CN10Y
2020-05-19,5286.99,0.0272719999999999,31.66,0.004313596967782787,000069,消费80,CNY,CN10Y
2020-05-20,5238.21,0.0269,31.45,0.004896502384737676,000069,消费80,CNY,CN10Y
2020-05-21,5251.67,0.02685,31.62,0.004775553447185325,000069,消费80,CNY,CN10Y
2020-05-22,5119.36,0.0261759999999999,30.72,0.006376083333333435,000069,消费80,CNY,CN10Y
2020-05-25,5196.81,0.026852,31.11,0.005292005143040825,000069,消费80,CNY,CN10Y
2020-05-26,5266.21,0.027402,31.39,0.004455279388340238,000069,消费80,CNY,CN10Y
2020-05-27,5225.9,0.027527,31.06,0.004668750160978754,000069,消费80,CNY,CN10Y
2020-05-28,5190.6,0.027201,30.95,0.005109177705977384,000069,消费80,CNY,CN10Y
2020-05-29,5278.08,0.0270529999999999,31.47,0.004723294884016623,000069,消费80,CNY,CN10Y
2020-06-01,5386.22,0.027253,32.25,0.0037547519379844962,000069,消费80,CNY,CN10Y
2020-06-02,5341.54,0.027852,31.97,0.003427324366593685,000069,消费80,CNY,CN10Y
2020-06-03,5364.57,0.027901,32.05,0.0033002480499219992,000069,消费80,CNY,CN10Y
2020-06-04,5390.06,0.028301,32.06,0.00289051590767311,000069,消费80,CNY,CN10Y
2020-06-05,5423.55,0.028475,32.32,0.00246559405940594,000069,消费80,CNY,CN10Y
2020-06-08,5424.34,0.0281009999999999,32.13,0.0030225605353253367,000069,消费80,CNY,CN10Y
2020-06-09,5508.87,0.028031,32.54,0.0027004074984634287,000069,消费80,CNY,CN10Y
2020-06-10,5510.78,0.028201,32.62,0.002455039239730228,000069,消费80,CNY,CN10Y
2020-06-11,5462.3,0.0277009999999999,32.28,0.0032779343246593304,000069,消费80,CNY,CN10Y
2020-06-12,5527.57,0.027451,32.66,0.003167493570116354,000069,消费80,CNY,CN10Y
2020-06-15,5493.46,0.027878,33.72,0.0017779905100830384,000069,消费80,CNY,CN10Y
2020-06-16,5598.5,0.0284019999999999,34.35,0.0007100815138283388,000069,消费80,CNY,CN10Y
2020-06-17,5657.91,0.0288019999999999,34.56,0.00013318518518528125,000069,消费80,CNY,CN10Y
2020-06-18,5641.49,0.028527,34.52,0.0004417137891077616,000069,消费80,CNY,CN10Y
2020-06-19,5762.62,0.028752,35.27,-0.0003992923164162186,000069,消费80,CNY,CN10Y
2020-06-22,5740.2,0.029153,35.12,-0.0006791958997722052,000069,消费80,CNY,CN10Y
2020-06-23,5830.04,0.029127,35.75,-0.0011549720279720281,000069,消费80,CNY,CN10Y
2020-06-24,5835.19,0.028614,35.68,-0.0005870941704035869,000069,消费80,CNY,CN10Y
2020-06-28,,0.028404,35.68,-0.00037709417040358503,000069,消费80,CNY,CN10Y
2020-06-29,5886.21,0.028504,35.93,-0.0006721046479265247,000069,消费80,CNY,CN10Y
2020-06-30,5972.04,0.0282299999999999,36.28,-0.000666604189636065,000069,消费80,CNY,CN10Y
2020-07-01,6037.5,0.028456,36.73,-0.0012302989381976562,000069,消费80,CNY,CN10Y
2020-07-02,6051.76,0.028584,37.06,-0.0016007296276308695,000069,消费80,CNY,CN10Y
2020-07-03,6105.66,0.028974,37.37,-0.002214567299973238,000069,消费80,CNY,CN10Y
2020-07-06,6274.96,0.029959,38.41,-0.003924113251757351,000069,消费80,CNY,CN10Y
2020-07-07,6366.64,0.030158,39.32,-0.004725650050864699,000069,消费80,CNY,CN10Y
2020-07-08,6414.88,0.030632,39.43,-0.005270600050722798,000069,消费80,CNY,CN10Y
2020-07-09,6519.96,0.030809,40.08,-0.005858900199600798,000069,消费80,CNY,CN10Y
2020-07-10,6544.17,0.030305,40.27,-0.005472618574621307,000069,消费80,CNY,CN10Y
2020-07-13,6708.4,0.0305569999999999,41.41,-0.006408243660951361,000069,消费80,CNY,CN10Y
2020-07-14,6679.39,0.030057,41.17,-0.005767468787952396,000069,消费80,CNY,CN10Y
2020-07-15,6772.99,0.029559,41.51,-0.005468419417007948,000069,消费80,CNY,CN10Y
2020-07-16,6290.3,0.029459,38.51,-0.0034917187743443226,000069,消费80,CNY,CN10Y
2020-07-17,6429.86,0.029507,39.33,-0.004081116450546655,000069,消费80,CNY,CN10Y
2020-07-20,6463.46,0.0293109999999999,39.46,-0.003968881398884846,000069,消费80,CNY,CN10Y
2020-07-21,6619.26,0.029011,40.21,-0.004141564536185027,000069,消费80,CNY,CN10Y
2020-07-22,6724.76,0.0288609999999999,40.69,-0.004284937085278839,000069,消费80,CNY,CN10Y
2020-07-23,6847.08,0.029064,41.22,-0.0048039320718098015,000069,消费80,CNY,CN10Y
2020-07-24,6488.8,0.028612,39.18,-0.003088773864216434,000069,消费80,CNY,CN10Y
2020-07-27,6556.11,0.028791,39.69,-0.003595736709498615,000069,消费80,CNY,CN10Y
2020-07-28,6649.42,0.029214,40.33,-0.004418562360525662,000069,消费80,CNY,CN10Y
2020-07-29,6797.84,0.029415,41.04,-0.0050485282651072105,000069,消费80,CNY,CN10Y
2020-07-30,6850.99,0.0293639999999999,41.31,-0.0051567862503024905,000069,消费80,CNY,CN10Y
2020-07-31,6949.77,0.029664,41.75,-0.005711904191616764,000069,消费80,CNY,CN10Y
2020-08-03,7039.61,0.029466,42.03,-0.005673470854151798,000069,消费80,CNY,CN10Y
2020-08-04,6988.77,0.029365,41.8,-0.005441555023923444,000069,消费80,CNY,CN10Y
2020-08-05,7071.57,0.029592,42.15,-0.005867207591933571,000069,消费80,CNY,CN10Y
2020-08-06,6999.7,0.029816,41.66,-0.0058121593855016765,000069,消费80,CNY,CN10Y
2020-08-07,6963.68,0.029918,41.51,-0.005827419417007949,000069,消费80,CNY,CN10Y
2020-08-10,6968.89,0.029543,41.61,-0.005510315549146841,000069,消费80,CNY,CN10Y
2020-08-11,6927.32,0.029544,41.48,-0.005435996142719383,000069,消费80,CNY,CN10Y
2020-08-12,6783.54,0.02962,40.76,-0.005086143277723259,000069,消费80,CNY,CN10Y
2020-08-13,6763.3,0.0295549999999999,40.73,-0.005003072673704784,000069,消费80,CNY,CN10Y
2020-08-14,6836.95,0.029369,41.22,-0.005108932071809801,000069,消费80,CNY,CN10Y
2020-08-17,6928.03,0.029421,41.82,-0.0055089961740793884,000069,消费80,CNY,CN10Y
2020-08-18,7015.93,0.029771,42.29,-0.006124747930952943,000069,消费80,CNY,CN10Y
2020-08-19,6912.11,0.029921,41.81,-0.006003276967232719,000069,消费80,CNY,CN10Y
2020-08-20,6821.62,0.029973,41.27,-0.005742323964138599,000069,消费80,CNY,CN10Y
2020-08-21,6902.87,0.029823,41.64,-0.005807630163304513,000069,消费80,CNY,CN10Y
2020-08-24,6962.23,0.029998,42.06,-0.006222441274369949,000069,消费80,CNY,CN10Y
2020-08-25,7006.02,0.030424,42.44,-0.006861323279924596,000069,消费80,CNY,CN10Y
2020-08-26,6968.98,0.030511,42.27,-0.006853559735036669,000069,消费80,CNY,CN10Y
2020-08-27,7071.42,0.0305989999999999,42.84,-0.007256329598505973,000069,消费80,CNY,CN10Y
2020-08-28,7283.96,0.030672,43.8,-0.007840949771689497,000069,消费80,CNY,CN10Y
2020-08-31,7304.34,0.030177,44.02,-0.007460053157655612,000069,消费80,CNY,CN10Y
2020-09-01,7341.06,0.030478,43.96,-0.007730047315741586,000069,消费80,CNY,CN10Y
2020-09-02,7412.47,0.031027,44.34,-0.00847400045105999,000069,消费80,CNY,CN10Y
2020-09-03,7348.35,0.031051,43.95,-0.008297871444823662,000069,消费80,CNY,CN10Y
2020-09-04,7180.9,0.031228,42.97,-0.00795594973237142,000069,消费80,CNY,CN10Y
2020-09-07,6973.46,0.031454,41.75,-0.007501904191616768,000069,消费80,CNY,CN10Y
2020-09-08,6975.22,0.03123,41.78,-0.007295102920057445,000069,消费80,CNY,CN10Y
2020-09-09,6754.14,0.030805,40.59,-0.0061683899975363415,000069,消费80,CNY,CN10Y
2020-09-10,6795.16,0.030833,40.89,-0.006377142822205917,000069,消费80,CNY,CN10Y
2020-09-11,6909.21,0.031346,41.57,-0.007290190522011065,000069,消费80,CNY,CN10Y
2020-09-14,6939.8,0.031532,41.86,-0.0076428456760630654,000069,消费80,CNY,CN10Y
2020-09-15,7017.27,0.031083,42.19,-0.007380700876985065,000069,消费80,CNY,CN10Y
2020-09-16,6950.16,0.0312599999999999,41.74,-0.007302165788212647,000069,消费80,CNY,CN10Y
2020-09-17,6851.48,0.031334,41.02,-0.006955647976596785,000069,消费80,CNY,CN10Y
2020-09-18,6952.11,0.031162,41.55,-0.007094611311672681,000069,消费80,CNY,CN10Y
2020-09-21,6870.03,0.030999,41.03,-0.006626589568608336,000069,消费80,CNY,CN10Y
2020-09-22,6819.81,0.030863,40.77,-0.0063351609026244815,000069,消费80,CNY,CN10Y
2020-09-23,6923.67,0.03089,41.17,-0.006600468787952396,000069,消费80,CNY,CN10Y
2020-09-24,6790.26,0.03084,40.45,-0.0061181211372064274,000069,消费80,CNY,CN10Y
2020-09-25,6817.11,0.031295,40.61,-0.006670523270130513,000069,消费80,CNY,CN10Y
2020-09-27,,0.031324,40.61,-0.006699523270130507,000069,消费80,CNY,CN10Y
2020-09-28,6816.31,0.0310919999999999,40.75,-0.0065521226993864035,000069,消费80,CNY,CN10Y
2020-09-29,6857.74,0.031292,40.88,-0.006830160469667321,000069,消费80,CNY,CN10Y
2020-09-30,6894.99,0.031482,41.19,-0.00720426268511775,000069,消费80,CNY,CN10Y
2020-10-09,7008.25,0.031873,41.79,-0.007943830342187125,000069,消费80,CNY,CN10Y
2020-10-10,,0.031898,41.79,-0.007968830342187129,000069,消费80,CNY,CN10Y
2020-10-12,7228.43,0.031861,43.25,-0.008739612716763007,000069,消费80,CNY,CN10Y
2020-10-13,7283.18,0.03195,43.53,-0.008977337468412588,000069,消费80,CNY,CN10Y
2020-10-14,7251.25,0.03215,43.31,-0.009060644193027014,000069,消费80,CNY,CN10Y
2020-10-15,7189.54,0.0323,43.02,-0.009054997675499773,000069,消费80,CNY,CN10Y
2020-10-16,7147.77,0.032202,42.76,-0.008815657623947613,000069,消费80,CNY,CN10Y
2020-10-19,7009.97,0.032005,42.05,-0.008223787158145063,000069,消费80,CNY,CN10Y
2020-10-20,7144.46,0.031955,42.92,-0.008655838769804285,000069,消费80,CNY,CN10Y
2020-10-21,7128.74,0.031855,42.86,-0.008523222118525433,000069,消费80,CNY,CN10Y
2020-10-22,7101.46,0.031707,42.78,-0.00833159093034128,000069,消费80,CNY,CN10Y
2020-10-23,6948.87,0.031957,41.98,-0.008136132920438303,000069,消费80,CNY,CN10Y
2020-10-26,6927.29,0.031934,41.39,-0.007773574776516065,000069,消费80,CNY,CN10Y
2020-10-27,6961.89,0.031609,41.48,-0.007500996142719381,000069,消费80,CNY,CN10Y
2020-10-28,7105.39,0.03181,42.36,-0.008202823418319165,000069,消费80,CNY,CN10Y
2020-10-29,7224.19,0.03186,42.99,-0.008598776459641778,000069,消费80,CNY,CN10Y
2020-10-30,7064.31,0.03181,42.32,-0.008180510396975423,000069,消费80,CNY,CN10Y
2020-11-02,7075.36,0.031785,39.68,-0.006583387096774192,000069,消费80,CNY,CN10Y
2020-11-03,7148.17,0.031762,40.04,-0.006786975024975023,000069,消费80,CNY,CN10Y
2020-11-04,7224.39,0.031687,40.46,-0.006971231339594663,000069,消费80,CNY,CN10Y
2020-11-05,7344.22,0.0319119999999999,41.19,-0.007634262685117646,000069,消费80,CNY,CN10Y
2020-11-06,7262.61,0.032063,40.75,-0.007523122699386504,000069,消费80,CNY,CN10Y
2020-11-09,7341.68,0.032363,41.27,-0.008132323964138603,000069,消费80,CNY,CN10Y
2020-11-10,7294.75,0.032241,41.02,-0.007862647976596783,000069,消费80,CNY,CN10Y
2020-11-11,7204.69,0.032391,40.51,-0.0077057371019501365,000069,消费80,CNY,CN10Y
2020-11-12,7276.88,0.032614,40.83,-0.008122204751408273,000069,消费80,CNY,CN10Y
2020-11-13,7180.71,0.032715,40.31,-0.007907259985115357,000069,消费80,CNY,CN10Y
2020-11-16,7213.82,0.032741,40.57,-0.008092244762139513,000069,消费80,CNY,CN10Y
2020-11-17,7118.59,0.032866,40.08,-0.007915900199600798,000069,消费80,CNY,CN10Y
2020-11-18,7042.25,0.03324,39.6,-0.007987474747474747,000069,消费80,CNY,CN10Y
2020-11-19,7134.08,0.033487,40.12,-0.008561775672981057,000069,消费80,CNY,CN10Y
2020-11-20,7215.41,0.0331,40.57,-0.008451244762139511,000069,消费80,CNY,CN10Y
2020-11-23,7258.36,0.03265,41.08,-0.008307254138266794,000069,消费80,CNY,CN10Y
2020-11-24,7201.6,0.0329,40.68,-0.00831789577187807,000069,消费80,CNY,CN10Y
2020-11-25,7057.48,0.032675,39.9,-0.0076123433583959906,000069,消费80,CNY,CN10Y
2020-11-26,7035.28,0.03285,39.78,-0.007711739567621917,000069,消费80,CNY,CN10Y
2020-11-27,7098.43,0.033,40.13,-0.008080986792923003,000069,消费80,CNY,CN10Y
2020-11-30,7027.73,0.0325,39.68,-0.007298387096774193,000069,消费80,CNY,CN10Y
2020-12-01,7165.52,0.032725,40.4,-0.007972524752475244,000069,消费80,CNY,CN10Y
2020-12-02,7146.73,0.032925,40.26,-0.008086450571286638,000069,消费80,CNY,CN10Y
2020-12-03,7224.57,0.032851,40.65,-0.008250753997539974,000069,消费80,CNY,CN10Y
2020-12-04,7331.28,0.032651,41.4,-0.008496410628019323,000069,消费80,CNY,CN10Y
2020-12-07,7340.89,0.032701,41.51,-0.00861041941700795,000069,消费80,CNY,CN10Y
2020-12-08,7366.09,0.032551,41.86,-0.008661845676063065,000069,消费80,CNY,CN10Y
2020-12-09,7276.09,0.032726,41.43,-0.008588901279266231,000069,消费80,CNY,CN10Y
2020-12-10,7323.16,0.032601,41.65,-0.008591396158463382,000069,消费80,CNY,CN10Y
2020-12-11,7287.89,0.032951,41.47,-0.008837182782734508,000069,消费80,CNY,CN10Y
2020-12-14,7423.02,0.032851,45.7,-0.01096916192560175,000069,消费80,CNY,CN10Y
2020-12-15,7520.7,0.032777,46.06,-0.011066188015631785,000069,消费80,CNY,CN10Y
2020-12-16,7577.8,0.0327519999999999,46.42,-0.011209561395949922,000069,消费80,CNY,CN10Y
2020-12-17,7720.25,0.032802,47.1,-0.011570577494692143,000069,消费80,CNY,CN10Y
2020-12-18,7656.87,0.032902,46.74,-0.011507049208386824,000069,消费80,CNY,CN10Y
2020-12-21,7762.92,0.032652,47.26,-0.011492457046127804,000069,消费80,CNY,CN10Y
2020-12-22,7726.33,0.032278,47.2,-0.0110915593220339,000069,消费80,CNY,CN10Y
2020-12-23,7807.55,0.032153,47.45,-0.011078184404636461,000069,消费80,CNY,CN10Y
2020-12-24,7787.1,0.032303,47.25,-0.011138978835978836,000069,消费80,CNY,CN10Y
2020-12-25,7913.02,0.031878,47.86,-0.010983725031341408,000069,消费80,CNY,CN10Y
2020-12-28,7955.48,0.031629,48.41,-0.010972110927494314,000069,消费80,CNY,CN10Y
2020-12-29,7843.26,0.031554,47.76,-0.010615976549413732,000069,消费80,CNY,CN10Y
2020-12-30,8037.49,0.031204,49.0,-0.010795836734693878,000069,消费80,CNY,CN10Y
2020-12-31,8192.04,0.031429,50.08,-0.011460948881789137,000069,消费80,CNY,CN10Y
2021-01-04,8319.25,0.03178,50.6,-0.01201715415019763,000069,消费80,CNY,CN10Y
2021-01-05,8537.64,0.031305,51.86,-0.01202231585036637,000069,消费80,CNY,CN10Y
2021-01-06,8594.6,0.031256,52.44,-0.01218658733790999,000069,消费80,CNY,CN10Y
2021-01-07,8761.52,0.031256,53.53,-0.012574886605641697,000069,消费80,CNY,CN10Y
2021-01-08,8650.7,0.031456,52.98,-0.012580952812382029,000069,消费80,CNY,CN10Y
2021-01-11,8595.71,0.031632,52.79,-0.012689018374692176,000069,消费80,CNY,CN10Y
2021-01-12,8818.86,0.031457,54.32,-0.013047574374079527,000069,消费80,CNY,CN10Y
2021-01-13,8685.24,0.031157,53.82,-0.01257654663693794,000069,消费80,CNY,CN10Y
2021-01-14,8480.32,0.031059,52.51,-0.012015008379356311,000069,消费80,CNY,CN10Y
2021-01-15,8382.11,0.031508,51.69,-0.01216189823950474,000069,消费80,CNY,CN10Y
2021-01-18,8381.56,0.031658,51.55,-0.01225935790494665,000069,消费80,CNY,CN10Y
2021-01-19,8208.27,0.031609,50.39,-0.011763792617582852,000069,消费80,CNY,CN10Y
2021-01-20,8344.98,0.03161,51.21,-0.012082563952353055,000069,消费80,CNY,CN10Y
2021-01-21,8501.7,0.031335,52.17,-0.012166895725512748,000069,消费80,CNY,CN10Y
2021-01-22,8678.06,0.031185,52.97,-0.012306389465735323,000069,消费80,CNY,CN10Y
2021-01-25,8885.27,0.031323,54.41,-0.012944025546774485,000069,消费80,CNY,CN10Y
2021-01-26,8646.89,0.031585,53.13,-0.01276324204780727,000069,消费80,CNY,CN10Y
2021-01-27,8611.23,0.031636,52.66,-0.012646254462590198,000069,消费80,CNY,CN10Y
2021-01-28,8411.71,0.0319609999999999,51.73,-0.012629857529479892,000069,消费80,CNY,CN10Y
2021-01-29,8399.77,0.031786,51.86,-0.012503315850366372,000069,消费80,CNY,CN10Y
2021-02-01,8443.25,0.031712,52.02,-0.01248862437524029,000069,消费80,CNY,CN10Y
2021-02-02,8714.28,0.031862,53.56,-0.013191350261389099,000069,消费80,CNY,CN10Y
2021-02-03,8701.92,0.032112,53.69,-0.013486557645744086,000069,消费80,CNY,CN10Y
2021-02-04,8642.72,0.032347,54.02,-0.013835337652721217,000069,消费80,CNY,CN10Y
2021-02-05,8751.31,0.032164,54.37,-0.013771504138311567,000069,消费80,CNY,CN10Y
2021-02-07,,0.032168,54.37,-0.013775504138311571,000069,消费80,CNY,CN10Y
2021-02-08,8895.35,0.03237,55.36,-0.0143064161849711,000069,消费80,CNY,CN10Y
2021-02-09,9113.19,0.032303,56.88,-0.014722127988748241,000069,消费80,CNY,CN10Y
2021-02-10,9371.5,0.032449,58.92,-0.01547683435166327,000069,消费80,CNY,CN10Y
2021-02-18,9107.73,0.032831,56.92,-0.015262482782853127,000069,消费80,CNY,CN10Y
2021-02-19,9072.71,0.032578,56.57,-0.014900785928937604,000069,消费80,CNY,CN10Y
2021-02-20,,0.032605,56.57,-0.014927785928937603,000069,消费80,CNY,CN10Y
2021-02-22,8587.51,0.032736,53.38,-0.014002391907081305,000069,消费80,CNY,CN10Y
2021-02-23,8522.57,0.032635,53.1,-0.013802608286252353,000069,消费80,CNY,CN10Y
2021-02-24,8216.14,0.032627,50.98,-0.01301146449588074,000069,消费80,CNY,CN10Y
2021-02-25,8184.21,0.032723,50.61,-0.012964059079233356,000069,消费80,CNY,CN10Y
2021-02-26,8007.82,0.032798,49.59,-0.012632644081468039,000069,消费80,CNY,CN10Y
2021-03-01,8114.1,0.032475,50.24,-0.012570541401273883,000069,消费80,CNY,CN10Y
2021-03-02,7952.05,0.0324739999999999,48.96,-0.012049163398692709,000069,消费80,CNY,CN10Y
2021-03-03,8063.1,0.032553,49.91,-0.012516935083149668,000069,消费80,CNY,CN10Y
2021-03-04,7736.08,0.0326549999999999,47.74,-0.011708204859656374,000069,消费80,CNY,CN10Y
2021-03-05,7752.53,0.032457,48.05,-0.01164534547346514,000069,消费80,CNY,CN10Y
2021-03-08,7324.12,0.032404,45.48,-0.01041631310466139,000069,消费80,CNY,CN10Y
2021-03-09,7195.16,0.032478,44.76,-0.010136623771224307,000069,消费80,CNY,CN10Y
2021-03-10,7360.08,0.032353,45.72,-0.010480734033245842,000069,消费80,CNY,CN10Y
2021-03-11,7531.68,0.032506,46.93,-0.011197668442360965,000069,消费80,CNY,CN10Y
2021-03-12,7536.24,0.0326129999999999,46.84,-0.011263725875320138,000069,消费80,CNY,CN10Y
2021-03-15,7283.08,0.03274,45.32,-0.010674686672550747,000069,消费80,CNY,CN10Y
2021-03-16,7375.97,0.032614,45.99,-0.010870142639704282,000069,消费80,CNY,CN10Y
2021-03-17,7468.3,0.032564,46.55,-0.011081722878625137,000069,消费80,CNY,CN10Y
2021-03-18,7585.99,0.0325919999999999,47.34,-0.011468214617659386,000069,消费80,CNY,CN10Y
2021-03-19,7415.06,0.032364,46.23,-0.010733024443002375,000069,消费80,CNY,CN10Y
2021-03-22,7459.15,0.032309,46.35,-0.010734026968716288,000069,消费80,CNY,CN10Y
2021-03-23,7393.16,0.032105,46.06,-0.010394188015631786,000069,消费80,CNY,CN10Y
2021-03-24,7307.85,0.03193,45.63,-0.010014593469208855,000069,消费80,CNY,CN10Y
2021-03-25,7366.14,0.031882,45.8,-0.01004793886462882,000069,消费80,CNY,CN10Y
2021-03-26,7592.78,0.031985,47.09,-0.010749068804417075,000069,消费80,CNY,CN10Y
2021-03-29,7611.39,0.031962,47.26,-0.010802457046127801,000069,消费80,CNY,CN10Y
2021-03-30,7721.71,0.03206,47.93,-0.011196240350511161,000069,消费80,CNY,CN10Y
2021-03-31,7641.38,0.031887,47.32,-0.010754286559594251,000069,消费80,CNY,CN10Y
2021-04-01,7805.34,0.03196,48.34,-0.011273198179561444,000069,消费80,CNY,CN10Y
2021-04-02,7968.06,0.032013,49.82,-0.011940739863508631,000069,消费80,CNY,CN10Y
2021-04-06,7868.89,0.032087,49.18,-0.0117535311102074,000069,消费80,CNY,CN10Y
2021-04-07,7773.66,0.032215,48.41,-0.011558110927494317,000069,消费80,CNY,CN10Y
2021-04-08,7885.04,0.032221,49.03,-0.011825323883336732,000069,消费80,CNY,CN10Y
2021-04-09,7731.02,0.032121,48.04,-0.01130501332223147,000069,消费80,CNY,CN10Y
2021-04-12,7598.7,0.031948,47.31,-0.010810819699852037,000069,消费80,CNY,CN10Y
2021-04-13,7564.07,0.031626,47.22,-0.010448532825074124,000069,消费80,CNY,CN10Y
2021-04-14,7662.34,0.031651,47.88,-0.010765452798663325,000069,消费80,CNY,CN10Y
2021-04-15,7589.69,0.031728,47.42,-0.01063985153943484,000069,消费80,CNY,CN10Y
2021-04-16,7623.98,0.031631,47.82,-0.010719247595148473,000069,消费80,CNY,CN10Y
2021-04-19,7800.15,0.031559,48.87,-0.011096548598322074,000069,消费80,CNY,CN10Y
2021-04-20,7805.44,0.031554,48.9,-0.01110410224948875,000069,消费80,CNY,CN10Y
2021-04-21,7882.28,0.03153,49.23,-0.011217182612228316,000069,消费80,CNY,CN10Y
2021-04-22,7856.73,0.031614,48.93,-0.011176640506846518,000069,消费80,CNY,CN10Y
2021-04-23,7967.11,0.031719,49.71,-0.011602323274994969,000069,消费80,CNY,CN10Y
2021-04-25,,0.031841,49.71,-0.011724323274994973,000069,消费80,CNY,CN10Y
2021-04-26,7846.53,0.032024,48.9,-0.011574102249488748,000069,消费80,CNY,CN10Y
2021-04-27,7949.41,0.032078,49.46,-0.01185964173069147,000069,消费80,CNY,CN10Y
2021-04-28,8005.26,0.031979,49.49,-0.011772897757122654,000069,消费80,CNY,CN10Y
2021-04-29,8042.64,0.031872,49.56,-0.011694437449556092,000069,消费80,CNY,CN10Y
2021-04-30,8084.9,0.03164,49.71,-0.011523323274994973,000069,消费80,CNY,CN10Y
2021-05-06,7874.04,0.031507,40.31,-0.006699259985115356,000069,消费80,CNY,CN10Y
2021-05-07,7673.16,0.031589,39.24,-0.006104800203873599,000069,消费80,CNY,CN10Y
2021-05-08,,0.031582,39.24,-0.006097800203873599,000069,消费80,CNY,CN10Y
2021-05-10,7709.14,0.03146,39.29,-0.006008231102061595,000069,消费80,CNY,CN10Y
2021-05-11,7851.5,0.03138,40.12,-0.006454775672981052,000069,消费80,CNY,CN10Y
2021-05-12,7917.33,0.03131,40.5,-0.006618641975308641,000069,消费80,CNY,CN10Y
2021-05-13,7888.4,0.031366,40.26,-0.006527450571286633,000069,消费80,CNY,CN10Y
2021-05-14,8046.93,0.031422,41.1,-0.007091099756690998,000069,消费80,CNY,CN10Y
2021-05-17,8223.65,0.031524,41.67,-0.00752591984641229,000069,消费80,CNY,CN10Y
2021-05-18,8204.72,0.031457,41.55,-0.0073896113116726815,000069,消费80,CNY,CN10Y
2021-05-19,8179.83,0.031298,41.45,-0.007172547647768396,000069,消费80,CNY,CN10Y
2021-05-20,8200.74,0.0310009999999999,41.57,-0.006945190522010966,000069,消费80,CNY,CN10Y
2021-05-21,8133.47,0.030876,41.21,-0.00661004513467605,000069,消费80,CNY,CN10Y
2021-05-24,8182.96,0.03085,41.49,-0.006747806700409736,000069,消费80,CNY,CN10Y
2021-05-25,8439.64,0.03085,43.01,-0.007599593117879562,000069,消费80,CNY,CN10Y
2021-05-26,8466.29,0.0306,43.22,-0.00746256362795002,000069,消费80,CNY,CN10Y
2021-05-27,8501.31,0.030725,43.41,-0.007688833218152495,000069,消费80,CNY,CN10Y
2021-05-28,8430.45,0.030825,43.08,-0.0076123723305478175,000069,消费80,CNY,CN10Y
2021-05-31,8466.68,0.0304499999999999,43.2,-0.007301851851851754,000069,消费80,CNY,CN10Y
2021-06-01,8514.81,0.0304,43.53,-0.007427337468412589,000069,消费80,CNY,CN10Y
2021-06-02,8392.42,0.03065,42.99,-0.007388776459641779,000069,消费80,CNY,CN10Y
2021-06-03,8352.97,0.03055,42.83,-0.007201879523698343,000069,消费80,CNY,CN10Y
2021-06-04,8390.07,0.0309249999999999,43.12,-0.0077339053803338505,000069,消费80,CNY,CN10Y
2021-06-07,8377.75,0.0311,43.18,-0.00794113015284854,000069,消费80,CNY,CN10Y
2021-06-08,8242.78,0.0311,42.17,-0.007386459568413564,000069,消费80,CNY,CN10Y
2021-06-09,8285.21,0.031051,42.29,-0.007404747930952943,000069,消费80,CNY,CN10Y
2021-06-10,8392.1,0.031,42.63,-0.007542341074360779,000069,消费80,CNY,CN10Y
2021-06-11,8299.55,0.031276,42.08,-0.0075117414448669165,000069,消费80,CNY,CN10Y
2021-06-15,8218.57,0.031176,43.5,-0.008187494252873562,000069,消费80,CNY,CN10Y
2021-06-16,8066.02,0.031301,42.68,-0.007870821930646674,000069,消费80,CNY,CN10Y
2021-06-17,8106.41,0.031401,42.83,-0.00805287952369834,000069,消费80,CNY,CN10Y
2021-06-18,8133.3,0.031202,42.7,-0.007782796252927403,000069,消费80,CNY,CN10Y
2021-06-21,8127.31,0.0309529999999999,42.66,-0.00751183731833089,000069,消费80,CNY,CN10Y
2021-06-22,8247.97,0.0308769999999999,43.15,-0.007702028968713689,000069,消费80,CNY,CN10Y
2021-06-23,8251.24,0.030853,42.96,-0.007575532588454375,000069,消费80,CNY,CN10Y
2021-06-24,8192.63,0.030828,42.88,-0.007507104477611944,000069,消费80,CNY,CN10Y
2021-06-25,8299.89,0.030827,43.44,-0.007806742173112339,000069,消费80,CNY,CN10Y
2021-06-28,8383.41,0.030903,43.82,-0.008082370150616157,000069,消费80,CNY,CN10Y
2021-06-29,8315.6,0.030853,43.32,-0.007768974145891044,000069,消费80,CNY,CN10Y
2021-06-30,8310.72,0.030778,43.31,-0.007688644193027016,000069,消费80,CNY,CN10Y
2021-07-01,8445.93,0.030878,44.01,-0.008155891388320836,000069,消费80,CNY,CN10Y
2021-07-02,8128.29,0.0308029999999999,42.35,-0.007190249114521742,000069,消费80,CNY,CN10Y
2021-07-05,8058.82,0.030754,41.86,-0.006864845676063068,000069,消费80,CNY,CN10Y
2021-07-06,7919.5,0.030854,41.43,-0.0067169012792662325,000069,消费80,CNY,CN10Y
2021-07-07,8008.11,0.030554,41.74,-0.00659616578821275,000069,消费80,CNY,CN10Y
2021-07-08,7891.56,0.02983,41.24,-0.005581697381183318,000069,消费80,CNY,CN10Y
2021-07-09,7840.17,0.030105,40.98,-0.00570285261102977,000069,消费80,CNY,CN10Y
2021-07-12,7962.79,0.029431,41.39,-0.005270574776516067,000069,消费80,CNY,CN10Y
2021-07-13,8058.25,0.029256,41.95,-0.005418097735399287,000069,消费80,CNY,CN10Y
2021-07-14,8035.31,0.029356,41.73,-0.005392424634555474,000069,消费80,CNY,CN10Y
2021-07-15,8146.01,0.029557,42.28,-0.005905155156102175,000069,消费80,CNY,CN10Y
2021-07-16,8025.53,0.029432,41.54,-0.005358817525276841,000069,消费80,CNY,CN10Y
2021-07-19,8128.38,0.029483,41.97,-0.00565645723135573,000069,消费80,CNY,CN10Y
2021-07-20,8161.56,0.029258,42.11,-0.005510671574447873,000069,消费80,CNY,CN10Y
2021-07-21,8222.64,0.029184,42.38,-0.005587964134025486,000069,消费80,CNY,CN10Y
2021-07-22,8054.73,0.0292839999999999,41.63,-0.0052628613980301685,000069,消费80,CNY,CN10Y
2021-07-23,7894.16,0.029134,40.84,-0.004648201762977474,000069,消费80,CNY,CN10Y
2021-07-26,7525.74,0.028711,38.89,-0.0029974489586011843,000069,消费80,CNY,CN10Y
2021-07-27,7225.01,0.02911,37.33,-0.0023218939190999197,000069,消费80,CNY,CN10Y
2021-07-28,7318.24,0.029312,37.86,-0.0028988991019545697,000069,消费80,CNY,CN10Y
2021-07-29,7414.51,0.0288399999999999,38.26,-0.002703042341871305,000069,消费80,CNY,CN10Y
2021-07-30,7261.68,0.028363,37.42,-0.0016393228220203115,000069,消费80,CNY,CN10Y
2021-08-02,7468.35,0.028212,38.63,-0.0023253833807921342,000069,消费80,CNY,CN10Y
2021-08-03,7625.89,0.0283369999999999,39.11,-0.0027680917923803665,000069,消费80,CNY,CN10Y
2021-08-04,7601.68,0.028338,38.94,-0.0026574658448895692,000069,消费80,CNY,CN10Y
2021-08-05,7608.81,0.027988,38.87,-0.002261218420375608,000069,消费80,CNY,CN10Y
2021-08-06,7436.91,0.0281389999999999,38.06,-0.0018646962690487719,000069,消费80,CNY,CN10Y
2021-08-09,7564.69,0.0286149999999999,38.68,-0.002761845915201556,000069,消费80,CNY,CN10Y
2021-08-10,7717.5,0.028766,39.71,-0.0035834263409720464,000069,消费80,CNY,CN10Y
2021-08-11,7583.62,0.028841,38.94,-0.0031604658448895692,000069,消费80,CNY,CN10Y
2021-08-12,7494.4,0.0285659999999999,38.4,-0.0025243333333332327,000069,消费80,CNY,CN10Y
2021-08-13,7481.95,0.0287919999999999,38.32,-0.0026959665970771457,000069,消费80,CNY,CN10Y
2021-08-16,7523.53,0.028943,38.54,-0.002995932018681889,000069,消费80,CNY,CN10Y
2021-08-17,7222.51,0.0288189999999999,37.02,-0.0018065742841706194,000069,消费80,CNY,CN10Y
2021-08-18,7205.53,0.028494,36.88,-0.0013790325379609558,000069,消费80,CNY,CN10Y
2021-08-19,7183.05,0.028395,36.83,-0.001243221558512083,000069,消费80,CNY,CN10Y
2021-08-20,6861.15,0.02852,35.24,-0.000143155505107833,000069,消费80,CNY,CN10Y
2021-08-23,6918.5,0.028672,35.65,-0.000621509116409534,000069,消费80,CNY,CN10Y
2021-08-24,7041.68,0.028522,36.38,-0.00103436943375481,000069,消费80,CNY,CN10Y
2021-08-25,7125.36,0.028547,36.93,-0.0014687438396967234,000069,消费80,CNY,CN10Y
2021-08-26,6895.72,0.028848,35.69,-0.000828947043989909,000069,消费80,CNY,CN10Y
2021-08-27,6931.82,0.028698,35.9,-0.0008428467966573802,000069,消费80,CNY,CN10Y
2021-08-30,6890.95,0.028505,35.72,-0.000509479283314667,000069,消费80,CNY,CN10Y
2021-08-31,6809.22,0.02845,35.18,-2.4758385446275316e-05,000069,消费80,CNY,CN10Y
2021-09-01,6942.35,0.028226,35.75,-0.0002539720279720291,000069,消费80,CNY,CN10Y
2021-09-02,6839.87,0.028301,35.28,4.367120181405712e-05,000069,消费80,CNY,CN10Y
2021-09-03,6897.03,0.028327,35.55,-0.00019760478199718629,000069,消费80,CNY,CN10Y
2021-09-06,7108.56,0.028354,36.48,-0.0009417192982456128,000069,消费80,CNY,CN10Y
2021-09-07,7153.89,0.0286039999999999,36.67,-0.001333751840741651,000069,消费80,CNY,CN10Y
2021-09-08,7072.45,0.0287049999999999,36.13,-0.0010271699418764602,000069,消费80,CNY,CN10Y
2021-09-09,7030.85,0.02873,35.94,-0.0009058486366165797,000069,消费80,CNY,CN10Y
2021-09-10,7070.96,0.028656,36.21,-0.001039319524993098,000069,消费80,CNY,CN10Y
2021-09-13,6976.69,0.028908,35.84,-0.0010062142857142874,000069,消费80,CNY,CN10Y
2021-09-14,6970.37,0.028858,35.83,-0.0009484270164666492,000069,消费80,CNY,CN10Y
2021-09-15,6834.53,0.029009,35.07,-0.0004946002281151982,000069,消费80,CNY,CN10Y
2021-09-16,6837.49,0.028885,35.06,-0.0003624671990872831,000069,消费80,CNY,CN10Y
2021-09-17,7013.11,0.0287849999999999,35.99,-0.0009995040288968172,000069,消费80,CNY,CN10Y
2021-09-18,,0.028717,35.99,-0.0009315040288969158,000069,消费80,CNY,CN10Y
2021-09-22,6907.02,0.028639,35.33,-0.00033444296631757534,000069,消费80,CNY,CN10Y
2021-09-23,6915.83,0.028565,35.41,-0.00032439000282405775,000069,消费80,CNY,CN10Y
2021-09-24,7079.13,0.028719,36.34,-0.0012011133736929032,000069,消费80,CNY,CN10Y
2021-09-26,,0.028797,36.34,-0.0012791133736929014,000069,消费80,CNY,CN10Y
2021-09-27,7256.69,0.028825,37.75,-0.002334933774834437,000069,消费80,CNY,CN10Y
2021-09-28,7190.81,0.028769,37.3,-0.001959348525469168,000069,消费80,CNY,CN10Y
2021-09-29,7142.06,0.0286459999999999,37.12,-0.0017063448275861058,000069,消费80,CNY,CN10Y
2021-09-30,7208.9,0.028776,37.42,-0.0020523228220203117,000069,消费80,CNY,CN10Y
2021-10-08,7389.7,0.029131,38.16,-0.002925549266247378,000069,消费80,CNY,CN10Y
2021-10-09,,0.029186,38.16,-0.0029805492662473773,000069,消费80,CNY,CN10Y
2021-10-11,7338.52,0.02958,38.1,-0.003333280839895012,000069,消费80,CNY,CN10Y
2021-10-12,7356.96,0.029657,38.28,-0.0035336980146290498,000069,消费80,CNY,CN10Y
2021-10-13,7554.26,0.029578,39.38,-0.004184399187404774,000069,消费80,CNY,CN10Y
2021-10-14,7474.24,0.029581,39.07,-0.003985914256462757,000069,消费80,CNY,CN10Y
2021-10-15,7476.49,0.029683,39.2,-0.004172795918367351,000069,消费80,CNY,CN10Y
2021-10-18,7274.44,0.030426,37.85,-0.004005920739762223,000069,消费80,CNY,CN10Y
2021-10-19,7361.58,0.030102,38.28,-0.003978698014629051,000069,消费80,CNY,CN10Y
2021-10-20,7357.63,0.0299779999999999,38.41,-0.003943113251757252,000069,消费80,CNY,CN10Y
2021-10-21,7337.23,0.029702,38.3,-0.0035923394255874645,000069,消费80,CNY,CN10Y
2021-10-22,7462.75,0.0299529999999999,39.05,-0.004344805377720768,000069,消费80,CNY,CN10Y
2021-10-25,7461.72,0.029879,38.93,-0.004191869252504494,000069,消费80,CNY,CN10Y
2021-10-26,7438.03,0.02978,38.75,-0.003973548387096775,000069,消费80,CNY,CN10Y
2021-10-27,7325.24,0.029781,38.13,-0.0035549312876999757,000069,消费80,CNY,CN10Y
2021-10-28,7337.8,0.029682,38.14,-0.0034628075511274267,000069,消费80,CNY,CN10Y
2021-10-29,7471.15,0.0297319999999999,38.64,-0.0038520828157348926,000069,消费80,CNY,CN10Y
2021-11-01,7331.22,0.029435,37.8,-0.0029799735449735423,000069,消费80,CNY,CN10Y
2021-11-02,7315.58,0.029259,37.79,-0.0027969730087324673,000069,消费80,CNY,CN10Y
2021-11-03,7283.7,0.0293849999999999,37.45,-0.0026827303070760047,000069,消费80,CNY,CN10Y
2021-11-04,7406.27,0.029261,38.18,-0.003069276584599264,000069,消费80,CNY,CN10Y
2021-11-05,7421.55,0.028911,38.32,-0.002814966597077244,000069,消费80,CNY,CN10Y
2021-11-08,7326.83,0.029013,37.95,-0.0026625388669301725,000069,消费80,CNY,CN10Y
2021-11-09,7326.81,0.028988,37.8,-0.002532973544973543,000069,消费80,CNY,CN10Y
2021-11-10,7305.78,0.0291389999999999,37.49,-0.0024652203254200145,000069,消费80,CNY,CN10Y
2021-11-11,7349.96,0.029365,37.71,-0.0028468350570140556,000069,消费80,CNY,CN10Y
2021-11-12,7315.31,0.0293909999999999,37.57,-0.002774018365717227,000069,消费80,CNY,CN10Y
2021-11-15,7394.19,0.029269,37.8,-0.002813973544973543,000069,消费80,CNY,CN10Y
2021-11-16,7518.02,0.029244,38.51,-0.0032767187743443227,000069,消费80,CNY,CN10Y
2021-11-17,7468.43,0.029295,38.29,-0.003178520501436407,000069,消费80,CNY,CN10Y
2021-11-18,7357.68,0.029146,37.9,-0.002760775725593665,000069,消费80,CNY,CN10Y
2021-11-19,7393.28,0.029302,38.21,-0.0031308406176393626,000069,消费80,CNY,CN10Y
2021-11-22,7397.74,0.028876,38.42,-0.0028478896408120763,000069,消费80,CNY,CN10Y
2021-11-23,7390.7,0.028875,38.52,-0.0029144600207684362,000069,消费80,CNY,CN10Y
2021-11-24,7418.01,0.0286,38.8,-0.0028268041237113385,000069,消费80,CNY,CN10Y
2021-11-25,7425.08,0.02855,38.84,-0.0028033470648815666,000069,消费80,CNY,CN10Y
2021-11-26,7390.93,0.0282,38.64,-0.002320082815734991,000069,消费80,CNY,CN10Y
2021-11-29,7376.03,0.02825,38.72,-0.0024235537190082646,000069,消费80,CNY,CN10Y
2021-11-30,7347.67,0.02825,38.42,-0.002221889640812078,000069,消费80,CNY,CN10Y
2021-12-01,7323.58,0.028401,38.28,-0.0022776980146290496,000069,消费80,CNY,CN10Y
2021-12-02,7288.94,0.028601,38.19,-0.0024161348520555133,000069,消费80,CNY,CN10Y
2021-12-03,7364.59,0.0287009999999999,38.59,-0.002787550919927346,000069,消费80,CNY,CN10Y
2021-12-06,7327.59,0.028176,38.39,-0.0021275498827819754,000069,消费80,CNY,CN10Y
2021-12-07,7387.58,0.028451,38.6,-0.0025442642487046654,000069,消费80,CNY,CN10Y
2021-12-08,7535.92,0.028551,39.56,-0.0032729413549039445,000069,消费80,CNY,CN10Y
2021-12-09,7700.82,0.028526,40.46,-0.003810231339594662,000069,消费80,CNY,CN10Y
2021-12-10,7675.13,0.028426,40.35,-0.003642852540272617,000069,消费80,CNY,CN10Y
2021-12-13,7658.9,0.028552,40.65,-0.0039517539975399765,000069,消费80,CNY,CN10Y
2021-12-14,7642.13,0.028477,40.64,-0.0038707007874015757,000069,消费80,CNY,CN10Y
2021-12-15,7473.56,0.028502,39.96,-0.0034769749749749765,000069,消费80,CNY,CN10Y
2021-12-16,7458.1,0.0285769999999999,39.77,-0.0034324186572792584,000069,消费80,CNY,CN10Y
2021-12-17,7338.77,0.028512,38.95,-0.002838059050064186,000069,消费80,CNY,CN10Y
2021-12-20,7256.1,0.028533,38.7,-0.002693206718346254,000069,消费80,CNY,CN10Y
2021-12-21,7312.31,0.028508,38.79,-0.002728159835009021,000069,消费80,CNY,CN10Y
2021-12-22,7316.03,0.028303,38.85,-0.00256297425997426,000069,消费80,CNY,CN10Y
2021-12-23,7358.58,0.0281429999999999,39.34,-0.0027235795627858703,000069,消费80,CNY,CN10Y
2021-12-24,7412.16,0.028203,39.79,-0.003071057300829353,000069,消费80,CNY,CN10Y
2021-12-27,7426.6,0.028128,39.61,-0.0028818500378692234,000069,消费80,CNY,CN10Y
2021-12-28,7478.33,0.0280039999999999,39.84,-0.0029035983935742013,000069,消费80,CNY,CN10Y
2021-12-29,7316.72,0.027854,38.75,-0.0020475483870967745,000069,消费80,CNY,CN10Y
2021-12-30,7352.63,0.027654,39.01,-0.002019547295565239,000069,消费80,CNY,CN10Y
2021-12-31,7377.51,0.0277539999999999,39.0,-0.00211297435897426,000069,消费80,CNY,CN10Y
2022-01-04,7268.56,0.0278549999999999,38.62,-0.001961680476436977,000069,消费80,CNY,CN10Y
2022-01-05,7232.05,0.028045,38.31,-0.0019421547898720998,000069,消费80,CNY,CN10Y
2022-01-06,7130.54,0.028205,37.74,-0.0017079146793852716,000069,消费80,CNY,CN10Y
2022-01-07,7093.62,0.0281809999999999,37.41,-0.0014501793638063663,000069,消费80,CNY,CN10Y
2022-01-10,7152.58,0.028056,37.74,-0.0015589146793852718,000069,消费80,CNY,CN10Y
2022-01-11,7074.18,0.027957,37.24,-0.0011041535982814175,000069,消费80,CNY,CN10Y
2022-01-12,7154.27,0.027957,37.75,-0.0014669337748344363,000069,消费80,CNY,CN10Y
2022-01-13,6979.48,0.027858,36.61,-0.0005430587271237387,000069,消费80,CNY,CN10Y
2022-01-14,6939.34,0.0279349999999999,36.37,-0.0004398116579597544,000069,消费80,CNY,CN10Y
2022-01-17,6960.53,0.02786,36.45,-0.000425157750342936,000069,消费80,CNY,CN10Y
2022-01-18,6997.19,0.027415,36.74,-0.00019670930865541697,000069,消费80,CNY,CN10Y
2022-01-19,6901.19,0.0273139999999999,36.45,0.00012084224965716248,000069,消费80,CNY,CN10Y
2022-01-20,6956.84,0.027271,36.89,-0.00016338275955543602,000069,消费80,CNY,CN10Y
2022-01-21,6920.25,0.0271,36.88,1.4967462039043589e-05,000069,消费80,CNY,CN10Y
2022-01-24,6889.85,0.026751,36.6,0.0005714043715846981,000069,消费80,CNY,CN10Y
2022-01-25,6766.47,0.026979,36.06,0.0007525585135884638,000069,消费80,CNY,CN10Y
2022-01-26,6746.25,0.027146,36.09,0.000562506511499028,000069,消费80,CNY,CN10Y
2022-01-27,6635.29,0.0273479999999999,35.63,0.0007182363177098937,000069,消费80,CNY,CN10Y
2022-01-28,6559.32,0.027021,34.98,0.0015667644368210429,000069,消费80,CNY,CN10Y
2022-01-29,,0.027013,34.98,0.001574764436821044,000069,消费80,CNY,CN10Y
2022-01-30,,0.026997,34.98,0.0015907644368210426,000069,消费80,CNY,CN10Y
2022-02-07,6591.35,0.027256,35.06,0.0012665328009127189,000069,消费80,CNY,CN10Y
2022-02-08,6488.7,0.027227,34.52,0.0017417137891077607,000069,消费80,CNY,CN10Y
2022-02-09,6600.58,0.027328,35.24,0.0010488444948921656,000069,消费80,CNY,CN10Y
2022-02-10,6557.85,0.027328,34.98,0.0012597644368210412,000069,消费80,CNY,CN10Y
2022-02-11,6462.13,0.027891,34.47,0.0011197339715694823,000069,消费80,CNY,CN10Y
2022-02-14,6471.76,0.028018,34.57,0.0009088151576511425,000069,消费80,CNY,CN10Y
2022-02-15,6603.55,0.027968,35.21,0.0004330224368077236,000069,消费80,CNY,CN10Y
2022-02-16,6640.62,0.027892,35.39,0.00036456965244419104,000069,消费80,CNY,CN10Y
2022-02-17,6618.75,0.027799,35.27,0.0005537076835837804,000069,消费80,CNY,CN10Y
2022-02-18,6653.12,0.027975,35.47,0.00021783901888920362,000069,消费80,CNY,CN10Y
2022-02-21,6647.04,0.0283,35.32,1.2570781426954336e-05,000069,消费80,CNY,CN10Y
2022-02-22,6508.68,0.0282,34.48,0.0008023201856148521,000069,消费80,CNY,CN10Y
2022-02-23,6590.56,0.0279,34.91,0.000745087367516474,000069,消费80,CNY,CN10Y
2022-02-24,6441.11,0.027875,34.02,0.001519473838918279,000069,消费80,CNY,CN10Y
2022-02-25,6554.3,0.02775,34.6,0.0011517341040462419,000069,消费80,CNY,CN10Y
2022-02-28,6539.99,0.02775,34.52,0.0012187137891077615,000069,消费80,CNY,CN10Y
2022-03-01,6635.04,0.028025,35.19,0.000392163967036091,000069,消费80,CNY,CN10Y
2022-03-02,6571.79,0.028175,34.88,0.0004947247706422013,000069,消费80,CNY,CN10Y
2022-03-03,6462.01,0.0283,34.16,0.0009740046838407519,000069,消费80,CNY,CN10Y
2022-03-04,6422.16,0.028125,33.92,0.0013561320754716943,000069,消费80,CNY,CN10Y
2022-03-07,6156.64,0.028126,32.54,0.0026054074984634273,000069,消费80,CNY,CN10Y
2022-03-08,6026.74,0.028276,32.21,0.0027702589257994417,000069,消费80,CNY,CN10Y
2022-03-09,5962.41,0.028426,32.06,0.00276551590767311,000069,消费80,CNY,CN10Y
2022-03-10,6126.24,0.028502,32.73,0.0020510094714329408,000069,消费80,CNY,CN10Y
2022-03-11,6181.69,0.027902,32.83,0.002557945172098692,000069,消费80,CNY,CN10Y
2022-03-14,5984.53,0.027677,31.66,0.003908596967782688,000069,消费80,CNY,CN10Y
2022-03-15,5689.73,0.0281769999999999,30.08,0.005067680851063929,000069,消费80,CNY,CN10Y
2022-03-16,5892.44,0.0279519999999999,31.15,0.004150728731942319,000069,消费80,CNY,CN10Y
2022-03-17,6073.76,0.0278759999999999,32.07,0.003305789834736613,000069,消费80,CNY,CN10Y
2022-03-18,6070.23,0.027927,32.01,0.003313237425804437,000069,消费80,CNY,CN10Y
2022-03-21,6099.13,0.028127,32.08,0.003045069825436411,000069,消费80,CNY,CN10Y
2022-03-22,6031.69,0.028302,31.81,0.003134655139893118,000069,消费80,CNY,CN10Y
2022-03-23,6105.79,0.028302,32.29,0.0026673403530504784,000069,消费80,CNY,CN10Y
2022-03-24,6115.53,0.028052,32.13,0.0030715605353252365,000069,消费80,CNY,CN10Y
2022-03-25,5951.79,0.027972,31.37,0.003905590054191905,000069,消费80,CNY,CN10Y
2022-03-28,5878.21,0.0279029999999999,30.89,0.004469936225315732,000069,消费80,CNY,CN10Y
2022-03-29,5860.49,0.027853,30.83,0.004582939020434645,000069,消费80,CNY,CN10Y
2022-03-30,6055.76,0.027703,31.91,0.003635138514572235,000069,消费80,CNY,CN10Y
2022-03-31,6006.58,0.027878,31.66,0.003707596967782688,000069,消费80,CNY,CN10Y
2022-04-01,6067.93,0.027743,32.19,0.0033225483069276203,000069,消费80,CNY,CN10Y
2022-04-02,,0.027714,32.19,0.0033515483069276215,000069,消费80,CNY,CN10Y
2022-04-06,5972.66,0.027604,31.73,0.00391191553734636,000069,消费80,CNY,CN10Y
2022-04-07,5885.1,0.0273939999999999,31.39,0.004463279388340336,000069,消费80,CNY,CN10Y
2022-04-08,5831.3,0.0275289999999999,31.27,0.004450533098816857,000069,消费80,CNY,CN10Y
2022-04-11,5650.69,0.0276799999999999,30.23,0.005399722130334204,000069,消费80,CNY,CN10Y
2022-04-12,5860.74,0.027705,31.35,0.004192926634768737,000069,消费80,CNY,CN10Y
2022-04-13,5796.67,0.027631,31.09,0.0045336831778706975,000069,消费80,CNY,CN10Y
2022-04-14,5973.31,0.027656,31.95,0.0036429045383411587,000069,消费80,CNY,CN10Y
2022-04-15,6010.56,0.027578,31.91,0.003760138514572235,000069,消费80,CNY,CN10Y
2022-04-18,6003.53,0.028107,31.86,0.0032803195229127446,000069,消费80,CNY,CN10Y
2022-04-19,5906.52,0.028208,31.44,0.0035986157760814243,000069,消费80,CNY,CN10Y
2022-04-20,5924.65,0.02833,31.56,0.0033556780735107747,000069,消费80,CNY,CN10Y
2022-04-21,5793.56,0.028259,30.9,0.004103459546925571,000069,消费80,CNY,CN10Y
2022-04-22,5800.69,0.028409,30.84,0.004016421530479899,000069,消费80,CNY,CN10Y
2022-04-24,,0.028335,30.84,0.0040904215304799,000069,消费80,CNY,CN10Y
2022-04-25,5547.79,0.0281599999999999,29.53,0.005703867253640464,000069,消费80,CNY,CN10Y
2022-04-26,5607.35,0.02826,29.86,0.005229618218352314,000069,消费80,CNY,CN10Y
2022-04-27,5731.38,0.028411,30.63,0.004236730982696703,000069,消费80,CNY,CN10Y
2022-04-28,5753.66,0.0284859999999999,30.89,0.003886936225315732,000069,消费80,CNY,CN10Y
2022-04-29,5861.18,0.028386,31.22,0.003644749519538755,000069,消费80,CNY,CN10Y
2022-05-05,5889.32,0.0282819999999999,31.02,0.003955266279819573,000069,消费80,CNY,CN10Y
2022-05-06,5706.31,0.028273,30.09,0.004960632436025257,000069,消费80,CNY,CN10Y
2022-05-07,,0.0282629999999999,30.09,0.004970632436025357,000069,消费80,CNY,CN10Y
2022-05-09,5657.53,0.028154,29.67,0.005550078193461407,000069,消费80,CNY,CN10Y
2022-05-10,5742.51,0.028089,30.03,0.005211033300033297,000069,消费80,CNY,CN10Y
2022-05-11,5867.64,0.0282399999999999,30.58,0.0044611118378025845,000069,消费80,CNY,CN10Y
2022-05-12,5886.7,0.028055,30.63,0.0045927309826967015,000069,消费80,CNY,CN10Y
2022-05-13,5928.64,0.02814,30.91,0.004211989647363315,000069,消费80,CNY,CN10Y
2022-05-16,5844.93,0.028216,30.52,0.0045493997378768004,000069,消费80,CNY,CN10Y
2022-05-17,5869.71,0.028178,30.76,0.004331752925877758,000069,消费80,CNY,CN10Y
2022-05-18,5826.26,0.027801,30.61,0.004868062397909184,000069,消费80,CNY,CN10Y
2022-05-19,5786.99,0.027774,30.45,0.005066722495894911,000069,消费80,CNY,CN10Y
2022-05-20,5943.38,0.0279,31.25,0.0040999999999999995,000069,消费80,CNY,CN10Y
2022-05-23,5887.42,0.027675,30.96,0.004624741602067179,000069,消费80,CNY,CN10Y
2022-05-24,5742.6,0.02765,30.4,0.00524473684210526,000069,消费80,CNY,CN10Y
2022-05-25,5782.29,0.027575,30.58,0.005126111837802486,000069,消费80,CNY,CN10Y
2022-05-26,5760.53,0.0271,30.36,0.005838076416337289,000069,消费80,CNY,CN10Y
2022-05-27,5792.45,0.026974,30.48,0.005834398950131232,000069,消费80,CNY,CN10Y
2022-05-30,5889.86,0.027225,30.94,0.0050956205559146706,000069,消费80,CNY,CN10Y
2022-05-31,6005.16,0.027426,31.51,0.004309956839098697,000069,消费80,CNY,CN10Y
2022-06-01,5948.82,0.027551,31.32,0.004377480204342275,000069,消费80,CNY,CN10Y
2022-06-02,5931.49,0.027601,31.28,0.0043683094629156025,000069,消费80,CNY,CN10Y
2022-06-06,6042.48,0.027776,31.7,0.003769741324921135,000069,消费80,CNY,CN10Y
2022-06-07,6116.87,0.027576,32.11,0.00356694612270321,000069,消费80,CNY,CN10Y
2022-06-08,6204.39,0.0276609999999999,32.63,0.002985644192461022,000069,消费80,CNY,CN10Y
2022-06-09,6072.7,0.027576,32.01,0.0036642374258044376,000069,消费80,CNY,CN10Y
2022-06-10,6170.43,0.027526,32.57,0.003177101013202333,000069,消费80,CNY,CN10Y
2022-06-13,6062.14,0.027652,32.19,0.003413548306927621,000069,消费80,CNY,CN10Y
2022-06-14,6149.04,0.027702,32.63,0.002944644192460922,000069,消费80,CNY,CN10Y
2022-06-15,6192.11,0.027827,32.81,0.0026515126485827448,000069,消费80,CNY,CN10Y
2022-06-16,6189.81,0.027728,32.49,0.0030507011388119405,000069,消费80,CNY,CN10Y
2022-06-17,6324.38,0.027752,33.34,0.0022420011997600457,000069,消费80,CNY,CN10Y
2022-06-20,6383.41,0.027853,33.57,0.0019355016383675906,000069,消费80,CNY,CN10Y
2022-06-21,6356.04,0.027853,33.48,0.0020155782556750337,000069,消费80,CNY,CN10Y
2022-06-22,6261.97,0.027773,33.08,0.002456746070133013,000069,消费80,CNY,CN10Y
2022-06-23,6365.56,0.027803,33.63,0.001932355337496281,000069,消费80,CNY,CN10Y
2022-06-24,6488.3,0.027978,34.19,0.0012703182217022532,000069,消费80,CNY,CN10Y
2022-06-27,6630.44,0.028329,34.81,0.0003983771904625087,000069,消费80,CNY,CN10Y
2022-06-28,6653.07,0.028414,35.0,0.00015742857142857225,000069,消费80,CNY,CN10Y
2022-06-29,6558.3,0.028294,34.57,0.000632815157651144,000069,消费80,CNY,CN10Y
2022-06-30,6721.63,0.028205,35.26,0.000155748723766308,000069,消费80,CNY,CN10Y
2022-07-01,6656.15,0.028255,34.93,0.00037368594331520233,000069,消费80,CNY,CN10Y
2022-07-04,6753.79,0.028445,35.2,-3.590909090909339e-05,000069,消费80,CNY,CN10Y
2022-07-05,6699.49,0.028333,35.0,0.00023842857142857,000069,消费80,CNY,CN10Y
2022-07-06,6599.49,0.028356,34.51,0.0006211080846131589,000069,消费80,CNY,CN10Y
2022-07-07,6579.61,0.028356,34.46,0.0006631526407428895,000069,消费80,CNY,CN10Y
2022-07-08,6568.26,0.028384,34.34,0.0007365591147350005,000069,消费80,CNY,CN10Y
2022-07-11,6468.66,0.028266,33.7,0.0014075905044510367,000069,消费80,CNY,CN10Y
2022-07-12,6374.1,0.028117,33.25,0.0019581879699248107,000069,消费80,CNY,CN10Y
2022-07-13,6382.29,0.028067,33.35,0.0019180074962518723,000069,消费80,CNY,CN10Y
2022-07-14,6429.91,0.027907,33.46,0.0019794315600717254,000069,消费80,CNY,CN10Y
2022-07-15,6365.11,0.027857,33.21,0.002254412225233364,000069,消费80,CNY,CN10Y
2022-07-18,6398.04,0.027837,33.36,0.0021390191846522785,000069,消费80,CNY,CN10Y
2022-07-19,6370.04,0.027859,33.21,0.0022524122252333655,000069,消费80,CNY,CN10Y
2022-07-20,6446.47,0.02771,33.53,0.0021140381747688647,000069,消费80,CNY,CN10Y
2022-07-21,6400.75,0.027635,33.27,0.0024221085061617055,000069,消费80,CNY,CN10Y
2022-07-22,6391.77,0.02787,33.27,0.0021871085061617064,000069,消费80,CNY,CN10Y
2022-07-25,6382.37,0.02779,33.22,0.002312347983142688,000069,消费80,CNY,CN10Y
2022-07-26,6391.47,0.0277,33.3,0.0023300300300300343,000069,消费80,CNY,CN10Y
2022-07-27,6332.74,0.0277009999999999,32.98,0.00262040691328088,000069,消费80,CNY,CN10Y
2022-07-28,6337.32,0.02785,32.93,0.002517446097783177,000069,消费80,CNY,CN10Y
2022-07-29,6211.77,0.0275599999999999,32.45,0.0032566409861326077,000069,消费80,CNY,CN10Y
2022-08-01,6246.66,0.027292,32.57,0.0034111010132023313,000069,消费80,CNY,CN10Y
2022-08-02,6126.39,0.0273139999999999,32.06,0.003877515907673209,000069,消费80,CNY,CN10Y
2022-08-03,6093.12,0.027218,31.94,0.004090703819661867,000069,消费80,CNY,CN10Y
2022-08-04,6161.34,0.0271919999999999,32.28,0.0037869343246593294,000069,消费80,CNY,CN10Y
2022-08-05,6224.67,0.027339,32.53,0.003401854595757762,000069,消费80,CNY,CN10Y
2022-08-08,6198.98,0.027409,32.37,0.0034838019771393294,000069,消费80,CNY,CN10Y
2022-08-09,6183.53,0.0274,32.31,0.0035501702259362403,000069,消费80,CNY,CN10Y
2022-08-10,6072.46,0.027366,31.71,0.004169793125197094,000069,消费80,CNY,CN10Y
2022-08-11,6202.09,0.027317,32.33,0.003614023816888339,000069,消费80,CNY,CN10Y
2022-08-12,6206.35,0.027347,32.43,0.0034886460067838423,000069,消费80,CNY,CN10Y
2022-08-15,6155.27,0.0265819999999999,32.19,0.00448354830692772,000069,消费80,CNY,CN10Y
2022-08-16,6109.65,0.0263459999999999,32.03,0.004874730565095322,000069,消费80,CNY,CN10Y
2022-08-17,6153.31,0.026124,32.19,0.004941548306927619,000069,消费80,CNY,CN10Y
2022-08-18,6083.14,0.0258,31.84,0.005607035175879394,000069,消费80,CNY,CN10Y
2022-08-19,6044.54,0.025875,31.71,0.0056607931251970965,000069,消费80,CNY,CN10Y
2022-08-22,6085.07,0.0259249999999999,31.9,0.0054229623824452455,000069,消费80,CNY,CN10Y
2022-08-23,6030.82,0.026075,31.62,0.005550553447185323,000069,消费80,CNY,CN10Y
2022-08-24,5939.8,0.0260999999999999,31.2,0.005951282051282154,000069,消费80,CNY,CN10Y
2022-08-25,6019.21,0.0263899999999999,31.67,0.005185623618566566,000069,消费80,CNY,CN10Y
2022-08-26,6057.85,0.02643,31.89,0.00492779241141424,000069,消费80,CNY,CN10Y
2022-08-29,6005.21,0.026225,31.59,0.0054305872111427705,000069,消费80,CNY,CN10Y
2022-08-30,5983.08,0.02613,31.5,0.005616031746031744,000069,消费80,CNY,CN10Y
2022-08-31,6040.43,0.026225,31.92,0.0051033208020050125,000069,消费80,CNY,CN10Y
2022-09-01,5953.82,0.026125,32.06,0.005066515907673111,000069,消费80,CNY,CN10Y
2022-09-02,5888.4,0.026226,31.77,0.005250235442241111,000069,消费80,CNY,CN10Y
2022-09-05,5799.3,0.02618,31.23,0.0058404931155939845,000069,消费80,CNY,CN10Y
2022-09-06,5860.48,0.02614,31.54,0.005565770450221944,000069,消费80,CNY,CN10Y
2022-09-07,5826.13,0.026215,31.28,0.005754309462915604,000069,消费80,CNY,CN10Y
2022-09-08,5827.19,0.0262559999999999,31.26,0.005733763275751858,000069,消费80,CNY,CN10Y
2022-09-09,5925.26,0.02635,31.79,0.005106432840515887,000069,消费80,CNY,CN10Y
2022-09-13,5929.74,0.026427,32.0,0.004823000000000001,000069,消费80,CNY,CN10Y
2022-09-14,5890.39,0.026625,31.81,0.004811655139893119,000069,消费80,CNY,CN10Y
2022-09-15,5861.52,0.026625,31.7,0.0049207413249211344,000069,消费80,CNY,CN10Y
2022-09-16,5734.56,0.02673,31.1,0.005424340836012859,000069,消费80,CNY,CN10Y
2022-09-19,5739.29,0.02675,31.19,0.005311558191728117,000069,消费80,CNY,CN10Y
2022-09-20,5770.36,0.02664,31.35,0.005257926634768737,000069,消费80,CNY,CN10Y
2022-09-21,5663.76,0.026451,30.8,0.006016532467532466,000069,消费80,CNY,CN10Y
2022-09-22,5574.56,0.026501,30.34,0.0064587890573500305,000069,消费80,CNY,CN10Y
2022-09-23,5555.92,0.026802,30.32,0.006179530343007916,000069,消费80,CNY,CN10Y
2022-09-26,5600.79,0.0271539999999999,30.65,0.005472427406199125,000069,消费80,CNY,CN10Y
2022-09-27,5775.83,0.027051,31.43,0.004765735602927139,000069,消费80,CNY,CN10Y
2022-09-28,5722.85,0.027401,31.2,0.004650282051282057,000069,消费80,CNY,CN10Y
2022-09-29,5739.78,0.027501,31.23,0.004519493115593982,000069,消费80,CNY,CN10Y
2022-09-30,5701.08,0.027601,31.03,0.004625877215597804,000069,消费80,CNY,CN10Y
2022-10-08,,0.0276259999999999,31.03,0.004600877215597904,000069,消费80,CNY,CN10Y
2022-10-09,,0.027452,31.03,0.004774877215597804,000069,消费80,CNY,CN10Y
2022-10-10,5498.55,0.027402,29.78,0.006177583613163198,000069,消费80,CNY,CN10Y
2022-10-11,5487.85,0.027426,29.69,0.0062553742000673596,000069,消费80,CNY,CN10Y
2022-10-12,5502.72,0.0273519999999999,29.68,0.006340722371967752,000069,消费80,CNY,CN10Y
2022-10-13,5524.5,0.027252,29.5,0.006646305084745764,000069,消费80,CNY,CN10Y
2022-10-14,5730.68,0.026977,30.39,0.005928561039815726,000069,消费80,CNY,CN10Y
2022-10-17,5751.55,0.027002,30.37,0.005925230819888046,000069,消费80,CNY,CN10Y
2022-10-18,5757.52,0.027002,30.35,0.0059469291598023034,000069,消费80,CNY,CN10Y
2022-10-19,5611.11,0.027052,29.48,0.0068693025780189945,000069,消费80,CNY,CN10Y
2022-10-20,5573.25,0.0271749999999999,29.35,0.006896550255536725,000069,消费80,CNY,CN10Y
2022-10-21,5537.88,0.0272779999999999,29.12,0.007062659340659437,000069,消费80,CNY,CN10Y
2022-10-24,5315.0,0.027153,27.72,0.00892203607503608,000069,消费80,CNY,CN10Y
2022-10-25,5305.05,0.0272779999999999,27.59,0.008967016310257439,000069,消费80,CNY,CN10Y
2022-10-26,5403.3,0.027025,27.86,0.00886875448671931,000069,消费80,CNY,CN10Y
2022-10-27,5336.21,0.026953,27.31,0.009663623947272059,000069,消费80,CNY,CN10Y
2022-10-28,5198.39,0.0266529999999999,26.63,0.01089863349605718,000069,消费80,CNY,CN10Y
2022-10-31,5143.93,0.0264329999999999,26.32,0.011560920972644474,000069,消费80,CNY,CN10Y
2022-11-01,5413.9,0.026629,27.63,0.009563544335866814,000069,消费80,CNY,CN10Y
2022-11-02,5542.79,0.026854,28.25,0.008544230088495575,000069,消费80,CNY,CN10Y
2022-11-03,5496.43,0.026776,27.93,0.009027795202291439,000069,消费80,CNY,CN10Y
2022-11-04,5708.59,0.027023,29.11,0.007329456200618346,000069,消费80,CNY,CN10Y
2022-11-07,5709.29,0.027003,29.09,0.007373074252320387,000069,消费80,CNY,CN10Y
2022-11-08,5630.34,0.026853,28.68,0.008014503486750351,000069,消费80,CNY,CN10Y
2022-11-09,5582.85,0.026953,28.37,0.008295501938667602,000069,消费80,CNY,CN10Y
2022-11-10,5591.7,0.027028,28.47,0.008096692658939236,000069,消费80,CNY,CN10Y
2022-11-11,5688.76,0.027354,29.13,0.006974870580157912,000069,消费80,CNY,CN10Y
2022-11-14,5710.12,0.028354,29.19,0.005904307639602601,000069,消费80,CNY,CN10Y
2022-11-15,5787.38,0.028155,29.76,0.005447150537634407,000069,消费80,CNY,CN10Y
2022-11-16,5785.62,0.028329,29.73,0.005307057854019512,000069,消费80,CNY,CN10Y
2022-11-17,5751.03,0.028026,29.53,0.005837867253640366,000069,消费80,CNY,CN10Y
2022-11-18,5762.09,0.02825,29.56,0.005579499323410012,000069,消费80,CNY,CN10Y
2022-11-21,5692.73,0.02818,29.1,0.006184261168384875,000069,消费80,CNY,CN10Y
2022-11-22,5630.49,0.028276,28.94,0.006278250172771251,000069,消费80,CNY,CN10Y
2022-11-23,5576.11,0.027975,28.78,0.006771351633078529,000069,消费80,CNY,CN10Y
2022-11-24,5560.93,0.02795,28.61,0.007002813701502974,000069,消费80,CNY,CN10Y
2022-11-25,5541.7,0.0283,28.54,0.0067385423966363,000069,消费80,CNY,CN10Y
2022-11-28,5512.1,0.0286,28.41,0.0065988736360436465,000069,消费80,CNY,CN10Y
2022-11-29,5699.47,0.0288,29.52,0.0050753387533875385,000069,消费80,CNY,CN10Y
2022-11-30,5717.53,0.0288499999999999,29.64,0.004888191632928574,000069,消费80,CNY,CN10Y
2022-12-01,5815.73,0.0286,30.16,0.004556498673740056,000069,消费80,CNY,CN10Y
2022-12-02,5790.7,0.028676,30.09,0.0045576324360252565,000069,消费80,CNY,CN10Y
2022-12-05,5854.89,0.028902,30.48,0.0039063989501312325,000069,消费80,CNY,CN10Y
2022-12-06,5907.3,0.029152,30.81,0.0033049944823109363,000069,消费80,CNY,CN10Y
2022-12-07,5947.2,0.028702,30.95,0.003608177705977385,000069,消费80,CNY,CN10Y
2022-12-08,5938.21,0.028853,30.94,0.0034676205559146696,000069,消费80,CNY,CN10Y
2022-12-09,5994.9,0.0289029999999999,31.33,0.0030152891797000717,000069,消费80,CNY,CN10Y
2022-12-12,5989.6,0.028902,30.57,0.0038098089630356526,000069,消费80,CNY,CN10Y
2022-12-13,5965.57,0.028952,30.56,0.003770513089005237,000069,消费80,CNY,CN10Y
2022-12-14,6013.12,0.028655,30.82,0.003791463335496431,000069,消费80,CNY,CN10Y
2022-12-15,6003.76,0.0288289999999999,30.83,0.003606939020434744,000069,消费80,CNY,CN10Y
2022-12-16,6026.14,0.028856,30.9,0.0035064595469255708,000069,消费80,CNY,CN10Y
2022-12-19,5912.84,0.028632,30.44,0.0042195111695137975,000069,消费80,CNY,CN10Y
2022-12-20,5771.26,0.028732,29.66,0.004983441672285906,000069,消费80,CNY,CN10Y
2022-12-21,5800.54,0.028606,29.85,0.004894837520938021,000069,消费80,CNY,CN10Y
2022-12-22,5850.95,0.0285029999999999,30.19,0.004620550844650646,000069,消费80,CNY,CN10Y
2022-12-23,5867.3,0.028251,30.26,0.0047959266358228655,000069,消费80,CNY,CN10Y
2022-12-26,5857.67,0.028378,30.1,0.004844591362126241,000069,消费80,CNY,CN10Y
2022-12-27,5890.86,0.028657,30.21,0.004444621979476992,000069,消费80,CNY,CN10Y
2022-12-28,5877.16,0.0285029999999999,30.13,0.004686512114172019,000069,消费80,CNY,CN10Y
2022-12-29,5885.44,0.028376,30.06,0.004890799733865608,000069,消费80,CNY,CN10Y
2022-12-30,5894.0,0.028353,30.14,0.004825500331785002,000069,消费80,CNY,CN10Y
2022-12-31,,0.028353,30.14,0.004825500331785002,000069,消费80,CNY,CN10Y
2023-01-03,5862.49,0.028228,29.99,0.00511644814938313,000069,消费80,CNY,CN10Y
2023-01-04,5867.25,0.028103,29.96,0.005274837116154871,000069,消费80,CNY,CN10Y
2023-01-05,6041.89,0.028304,30.95,0.004006177705977384,000069,消费80,CNY,CN10Y
2023-01-06,6030.92,0.028328,30.94,0.003992620555914671,000069,消费80,CNY,CN10Y
2023-01-09,6081.59,0.028428,31.29,0.003531092361776931,000069,消费80,CNY,CN10Y
2023-01-10,6149.84,0.028602,31.61,0.0030335583676051915,000069,消费80,CNY,CN10Y
2023-01-11,6103.02,0.028603,31.37,0.0032745900541919053,000069,消费80,CNY,CN10Y
2023-01-12,6071.02,0.028778,31.19,0.003283558191728115,000069,消费80,CNY,CN10Y
2023-01-13,6202.75,0.0290099999999999,31.94,0.002298703819661966,000069,消费80,CNY,CN10Y
2023-01-16,6359.84,0.029167,32.61,0.0014984400490647073,000069,消费80,CNY,CN10Y
2023-01-17,6310.85,0.029017,32.41,0.0018376744831842054,000069,消费80,CNY,CN10Y
2023-01-18,6238.21,0.029222,32.07,0.0019597898347365125,000069,消费80,CNY,CN10Y
2023-01-19,6273.93,0.0291449999999999,32.08,0.00202706982543651,000069,消费80,CNY,CN10Y
2023-01-20,6261.17,0.029331,31.94,0.001977703819661867,000069,消费80,CNY,CN10Y
2023-01-28,,0.029341,31.94,0.0019677038196618674,000069,消费80,CNY,CN10Y
2023-01-29,,0.029219,31.94,0.002089703819661868,000069,消费80,CNY,CN10Y
2023-01-30,6273.57,0.029133,32.1,0.0020196479750778824,000069,消费80,CNY,CN10Y
2023-01-31,6158.67,0.028977,31.53,0.0027388261972724377,000069,消费80,CNY,CN10Y
2023-02-01,6201.24,0.029101,31.7,0.0024447413249211354,000069,消费80,CNY,CN10Y
2023-02-02,6235.1,0.02897,31.79,0.0024864328405158863,000069,消费80,CNY,CN10Y
2023-02-03,6171.3,0.028943,31.46,0.002843395422759059,000069,消费80,CNY,CN10Y
2023-02-06,6081.32,0.029017,31.04,0.003199494845360827,000069,消费80,CNY,CN10Y
2023-02-07,6079.09,0.028964,31.04,0.003252494845360828,000069,消费80,CNY,CN10Y
2023-02-08,6065.17,0.028973,30.92,0.0033685265200517484,000069,消费80,CNY,CN10Y
2023-02-09,6143.35,0.028912,31.37,0.002965590054191905,000069,消费80,CNY,CN10Y
2023-02-10,6138.68,0.029003,31.33,0.0029152891796999716,000069,消费80,CNY,CN10Y
2023-02-13,6240.15,0.028943,31.92,0.002385320802005011,000069,消费80,CNY,CN10Y
2023-02-14,6239.33,0.028914,31.91,0.002424138514572235,000069,消费80,CNY,CN10Y
2023-02-15,6178.76,0.028918,31.68,0.0026476565656565684,000069,消费80,CNY,CN10Y
2023-02-16,6175.51,0.028907,31.76,0.002579146095717886,000069,消费80,CNY,CN10Y
2023-02-17,6137.02,0.0289199999999999,31.45,0.002876502384737776,000069,消费80,CNY,CN10Y
2023-02-20,6252.6,0.0291699999999999,32.1,0.0019826479750779807,000069,消费80,CNY,CN10Y
2023-02-21,6242.3,0.02919,32.06,0.002001515907673109,000069,消费80,CNY,CN10Y
2023-02-22,6208.06,0.029175,31.84,0.0022320351758793947,000069,消费80,CNY,CN10Y
2023-02-23,6180.18,0.02922,31.68,0.0023456565656565682,000069,消费80,CNY,CN10Y
2023-02-24,6104.8,0.029126,31.26,0.00286376327575176,000069,消费80,CNY,CN10Y
2023-02-27,6108.82,0.029117,31.39,0.0027402793883402367,000069,消费80,CNY,CN10Y
2023-02-28,6149.03,0.029017,31.56,0.0026686780735107746,000069,消费80,CNY,CN10Y
2023-03-01,6178.55,0.028977,31.76,0.0025091460957178853,000069,消费80,CNY,CN10Y
2023-03-02,6136.21,0.0291109999999999,31.55,0.002584721077654617,000069,消费80,CNY,CN10Y
2023-03-03,6112.93,0.029026,31.41,0.0028109945877109223,000069,消费80,CNY,CN10Y
2023-03-06,6095.77,0.028826,31.3,0.003122881789137378,000069,消费80,CNY,CN10Y
2023-03-07,5984.6,0.0287259999999999,30.78,0.0037626289798571473,000069,消费80,CNY,CN10Y
2023-03-08,5952.22,0.028828,30.58,0.0038731118378024856,000069,消费80,CNY,CN10Y
2023-03-09,5904.35,0.028752,30.37,0.004175230819888048,000069,消费80,CNY,CN10Y
2023-03-10,5826.16,0.028627,29.95,0.004761981636060099,000069,消费80,CNY,CN10Y
2023-03-13,5872.8,0.028703,30.19,0.004420550844650546,000069,消费80,CNY,CN10Y
2023-03-14,5837.24,0.028652,30.02,0.004659125916055964,000069,消费80,CNY,CN10Y
2023-03-15,5805.71,0.028652,29.83,0.004871298692591352,000069,消费80,CNY,CN10Y
2023-03-16,5781.58,0.028552,29.75,0.005061445378151258,000069,消费80,CNY,CN10Y
2023-03-17,5714.58,0.028602,29.44,0.005365391304347825,000069,消费80,CNY,CN10Y
2023-03-20,5661.72,0.028504,29.19,0.0057543076396026,000069,消费80,CNY,CN10Y
2023-03-21,5807.18,0.0286039999999999,29.91,0.004829634236041561,000069,消费80,CNY,CN10Y
2023-03-22,5805.67,0.0285769999999999,29.87,0.004901406427854131,000069,消费80,CNY,CN10Y
2023-03-23,5814.36,0.028652,29.91,0.004781634236041461,000069,消费80,CNY,CN10Y
2023-03-24,5803.19,0.028676,29.89,0.004780005352960859,000069,消费80,CNY,CN10Y
2023-03-27,5804.41,0.028551,29.81,0.0049947900033545795,000069,消费80,CNY,CN10Y
2023-03-28,5826.36,0.0285559999999999,30.0,0.004777333333333432,000069,消费80,CNY,CN10Y
2023-03-29,5834.91,0.028532,30.07,0.004723736614566012,000069,消费80,CNY,CN10Y
2023-03-30,5895.97,0.028603,30.36,0.004335076416337288,000069,消费80,CNY,CN10Y
2023-03-31,5874.29,0.0285279999999999,30.34,0.00443178905735013,000069,消费80,CNY,CN10Y
2023-04-03,5834.6,0.0286039999999999,30.12,0.004596531208499434,000069,消费80,CNY,CN10Y
2023-04-04,5849.81,0.028584,30.23,0.004495722130334105,000069,消费80,CNY,CN10Y
2023-04-06,5819.78,0.028605,30.0,0.004728333333333334,000069,消费80,CNY,CN10Y
2023-04-07,5892.23,0.028464,30.21,0.004637621979476991,000069,消费80,CNY,CN10Y
2023-04-10,5870.05,0.0284549999999999,30.0,0.004878333333333432,000069,消费80,CNY,CN10Y
2023-04-11,5833.89,0.028203,29.77,0.00538786328518643,000069,消费80,CNY,CN10Y
2023-04-12,5745.26,0.028158,29.23,0.006053426616489905,000069,消费80,CNY,CN10Y
2023-04-13,5805.29,0.028277,29.51,0.005609818027787188,000069,消费80,CNY,CN10Y
2023-04-14,5787.58,0.028281,29.42,0.0057094826648538405,000069,消费80,CNY,CN10Y
2023-04-17,5854.03,0.028432,29.84,0.0050800643431635414,000069,消费80,CNY,CN10Y
2023-04-18,5838.3,0.028319,29.86,0.005170618218352314,000069,消费80,CNY,CN10Y
2023-04-19,5776.4,0.028333,29.61,0.005439374197906115,000069,消费80,CNY,CN10Y
2023-04-20,5696.93,0.028332,29.2,0.005914575342465752,000069,消费80,CNY,CN10Y
2023-04-21,5629.57,0.028258,28.83,0.0064280908775581,000069,消费80,CNY,CN10Y
2023-04-23,,0.02822,28.83,0.0064660908775581,000069,消费80,CNY,CN10Y
2023-04-24,5567.82,0.028176,28.54,0.0068625423966362994,000069,消费80,CNY,CN10Y
2023-04-25,5527.99,0.028157,28.5,0.006930719298245611,000069,消费80,CNY,CN10Y
2023-04-26,5556.72,0.028058,28.64,0.006858201117318434,000069,消费80,CNY,CN10Y
2023-04-27,5601.55,0.027852,28.89,0.0067620533056420885,000069,消费80,CNY,CN10Y
2023-04-28,5642.6,0.027788,28.98,0.00671855624568668,000069,消费80,CNY,CN10Y
2023-05-04,5616.98,0.027613,28.49,0.007487035100035101,000069,消费80,CNY,CN10Y
2023-05-05,5558.71,0.027338,28.29,0.008010179568752211,000069,消费80,CNY,CN10Y
2023-05-06,,0.027311,28.29,0.008037179568752214,000069,消费80,CNY,CN10Y
2023-05-08,5542.94,0.027484,28.11,0.008090528637495549,000069,消费80,CNY,CN10Y
2023-05-09,5503.74,0.027383,28.0,0.008331285714285711,000069,消费80,CNY,CN10Y
2023-05-10,5520.88,0.02721,28.1,0.008377188612099639,000069,消费80,CNY,CN10Y
2023-05-11,5496.94,0.02701,27.98,0.008729814152966406,000069,消费80,CNY,CN10Y
2023-05-12,5446.6,0.027058,27.73,0.009004026685899745,000069,消费80,CNY,CN10Y
2023-05-15,5527.43,0.02719,28.05,0.008460623885918006,000069,消费80,CNY,CN10Y
2023-05-16,5510.0,0.027129,27.89,0.008726145213338116,000069,消费80,CNY,CN10Y
2023-05-17,5458.53,0.02721,27.68,0.008917167630057805,000069,消费80,CNY,CN10Y
2023-05-18,5418.36,0.027184,27.51,0.00916641802980734,000069,消费80,CNY,CN10Y
2023-05-19,5475.4,0.027151,27.75,0.008885036036036034,000069,消费80,CNY,CN10Y
2023-05-22,5557.85,0.027132,28.25,0.008266230088495575,000069,消费80,CNY,CN10Y
2023-05-23,5525.31,0.026962,27.8,0.009009223021582732,000069,消费80,CNY,CN10Y
2023-05-24,5445.99,0.027037,27.46,0.00937960597232338,000069,消费80,CNY,CN10Y
2023-05-25,5410.82,0.027065,27.28,0.00959189149560117,000069,消费80,CNY,CN10Y
2023-05-26,5423.07,0.027205,27.27,0.009465333700036674,000069,消费80,CNY,CN10Y
2023-05-29,5386.31,0.0269499999999999,27.06,0.010004915003695592,000069,消费80,CNY,CN10Y
2023-05-30,5358.73,0.027,26.85,0.010243947858472994,000069,消费80,CNY,CN10Y
2023-05-31,5268.13,0.02685,26.37,0.011071880925293896,000069,消费80,CNY,CN10Y
2023-06-01,5268.67,0.026825,26.26,0.011255731150038077,000069,消费80,CNY,CN10Y
2023-06-02,5352.84,0.026951,26.72,0.010474149700598807,000069,消费80,CNY,CN10Y
2023-06-05,5314.95,0.026926,26.34,0.011039072133637057,000069,消费80,CNY,CN10Y
2023-06-06,5262.02,0.026826,26.17,0.01138569277799006,000069,消费80,CNY,CN10Y
2023-06-07,5208.5,0.026827,25.83,0.011887672861014328,000069,消费80,CNY,CN10Y
2023-06-08,5224.89,0.026822,25.78,0.011967759503491077,000069,消费80,CNY,CN10Y
2023-06-09,5245.99,0.026703,25.82,0.012026666924864444,000069,消费80,CNY,CN10Y
2023-06-12,5322.94,0.026704,26.14,0.011551547054322875,000069,消费80,CNY,CN10Y
2023-06-13,5313.28,0.026227,26.14,0.012028547054322873,000069,消费80,CNY,CN10Y
2023-06-14,5354.31,0.026178,26.41,0.011686445285876562,000069,消费80,CNY,CN10Y
2023-06-15,5471.64,0.026482,26.95,0.01062375139146568,000069,消费80,CNY,CN10Y
2023-06-16,5488.05,0.0266259999999999,27.17,0.010179299963194798,000069,消费80,CNY,CN10Y
2023-06-19,5420.87,0.026876,26.73,0.010535148522259629,000069,消费80,CNY,CN10Y
2023-06-20,5397.42,0.026751,26.64,0.010786537537537538,000069,消费80,CNY,CN10Y
2023-06-21,5309.4,0.026701,26.31,0.011307361839604717,000069,消费80,CNY,CN10Y
2023-06-25,,0.026576,26.31,0.011432361839604718,000069,消费80,CNY,CN10Y
2023-06-26,5254.04,0.026677,25.97,0.011828968425105897,000069,消费80,CNY,CN10Y
2023-06-27,5265.6,0.026676,26.03,0.011741210910487895,000069,消费80,CNY,CN10Y
2023-06-28,5273.66,0.0266509999999999,26.13,0.01161918752391897,000069,消费80,CNY,CN10Y
2023-06-29,5240.54,0.026526,25.94,0.01202450115651503,000069,消费80,CNY,CN10Y
2023-06-30,5252.81,0.026351,25.89,0.01227395171881035,000069,消费80,CNY,CN10Y
2023-07-03,5325.24,0.026402,26.3,0.011620813688212928,000069,消费80,CNY,CN10Y
2023-07-04,5365.46,0.026477,26.48,0.011287350453172203,000069,消费80,CNY,CN10Y
2023-07-05,5311.59,0.026402,26.2,0.011765938931297713,000069,消费80,CNY,CN10Y
2023-07-06,5262.66,0.026392,25.97,0.012113968425105898,000069,消费80,CNY,CN10Y
2023-07-07,5247.78,0.026403,25.85,0.012281719535783362,000069,消费80,CNY,CN10Y
2023-07-10,5261.75,0.026403,25.95,0.012132645472061662,000069,消费80,CNY,CN10Y
2023-07-11,5295.5,0.026353,26.11,0.011946502106472613,000069,消费80,CNY,CN10Y
2023-07-12,5271.67,0.026378,26.04,0.012024457757296471,000069,消费80,CNY,CN10Y
2023-07-13,5357.41,0.026413,26.43,0.011422792659856226,000069,消费80,CNY,CN10Y
2023-07-14,5308.18,0.026444,26.32,0.011549920972644376,000069,消费80,CNY,CN10Y
2023-07-17,5258.8,0.026364,26.06,0.012008985418265547,000069,消费80,CNY,CN10Y
2023-07-18,5261.0,0.026234,26.05,0.012153715930902108,000069,消费80,CNY,CN10Y
2023-07-19,5245.29,0.026233,26.0,0.012228538461538464,000069,消费80,CNY,CN10Y
2023-07-20,5214.18,0.026214,25.84,0.012485690402476782,000069,消费80,CNY,CN10Y
2023-07-21,5257.31,0.0260789999999999,26.18,0.01211809702062653,000069,消费80,CNY,CN10Y
2023-07-24,5245.99,0.025934,26.11,0.012365502106472616,000069,消费80,CNY,CN10Y
2023-07-25,5389.38,0.0266299999999999,26.86,0.010600081906180291,000069,消费80,CNY,CN10Y
2023-07-26,5399.91,0.02643,26.9,0.010744721189591081,000069,消费80,CNY,CN10Y
2023-07-27,5426.07,0.026395,27.03,0.010600930447650762,000069,消费80,CNY,CN10Y
2023-07-28,5542.63,0.026533,27.73,0.009529026685899743,000069,消费80,CNY,CN10Y
2023-07-31,5524.13,0.026597,27.66,0.009556289949385396,000069,消费80,CNY,CN10Y
2023-08-01,5482.59,0.026607,27.52,0.009730209302325585,000069,消费80,CNY,CN10Y
2023-08-02,5443.02,0.026525,27.37,0.01001135367190354,000069,消费80,CNY,CN10Y
2023-08-03,5488.74,0.026435,27.5,0.009928636363636362,000069,消费80,CNY,CN10Y
2023-08-04,5484.7,0.026469,27.57,0.009802309394269133,000069,消费80,CNY,CN10Y
2023-08-07,5411.27,0.026462,27.3,0.010168036630036632,000069,消费80,CNY,CN10Y
2023-08-08,5420.82,0.026454,27.33,0.010135828027808276,000069,消费80,CNY,CN10Y
2023-08-09,5428.29,0.026461,27.33,0.010128828027808276,000069,消费80,CNY,CN10Y
2023-08-10,5417.91,0.026475,27.23,0.010249201248622844,000069,消费80,CNY,CN10Y
2023-08-11,5321.9,0.026381,26.7,0.01107218352059925,000069,消费80,CNY,CN10Y
2023-08-14,5294.11,0.026212,26.42,0.011638113550340647,000069,消费80,CNY,CN10Y
2023-08-15,5273.71,0.0257589999999999,26.37,0.012162880925293995,000069,消费80,CNY,CN10Y
2023-08-16,5258.75,0.025649,26.34,0.012316072133637054,000069,消费80,CNY,CN10Y
2023-08-17,5317.9,0.025678,26.6,0.011915984962406014,000069,消费80,CNY,CN10Y
2023-08-18,5212.06,0.025639,26.12,0.012645839203675343,000069,消费80,CNY,CN10Y
2023-08-21,5166.2,0.025403,25.9,0.01320703861003861,000069,消费80,CNY,CN10Y
2023-08-22,5154.9,0.025564,25.84,0.013135690402476783,000069,消费80,CNY,CN10Y
2023-08-23,5073.92,0.025535,25.48,0.013711467817896391,000069,消费80,CNY,CN10Y
2023-08-24,5168.73,0.025543,25.98,0.01294814703618168,000069,消费80,CNY,CN10Y
2023-08-25,5129.11,0.025702,25.86,0.012967760247486467,000069,消费80,CNY,CN10Y
2023-08-28,5157.78,0.025837,25.99,0.012639337052712585,000069,消费80,CNY,CN10Y
2023-08-29,5243.94,0.0256999999999999,26.39,0.012193141341417305,000069,消费80,CNY,CN10Y
2023-08-30,5243.48,0.0256,26.41,0.01226444528587656,000069,消费80,CNY,CN10Y
2023-08-31,5210.58,0.025575,26.25,0.012520238095238098,000069,消费80,CNY,CN10Y
2023-09-01,5238.95,0.0258499999999999,26.4,0.012028787878787979,000069,消费80,CNY,CN10Y
2023-09-04,5328.42,0.026124,26.8,0.01118943283582089,000069,消费80,CNY,CN10Y
2023-09-05,5293.52,0.02615,26.63,0.011401633496057079,000069,消费80,CNY,CN10Y
2023-09-06,5257.09,0.026375,26.53,0.011318177534866188,000069,消费80,CNY,CN10Y
2023-09-07,5188.39,0.02635,26.18,0.011847097020626432,000069,消费80,CNY,CN10Y
2023-09-08,5166.12,0.026375,26.01,0.012071751249519414,000069,消费80,CNY,CN10Y
2023-09-11,5247.44,0.0263,26.31,0.011708361839604716,000069,消费80,CNY,CN10Y
2023-09-12,5247.71,0.02623,26.29,0.011807276531000385,000069,消费80,CNY,CN10Y
2023-09-13,5217.04,0.02615,26.19,0.012032512409316534,000069,消费80,CNY,CN10Y
2023-09-14,5191.45,0.026075,26.07,0.012283266206367473,000069,消费80,CNY,CN10Y
2023-09-15,5188.1,0.0264,25.89,0.01222495171881035,000069,消费80,CNY,CN10Y
2023-09-18,5265.38,0.0265,26.36,0.011436267071320182,000069,消费80,CNY,CN10Y
2023-09-19,5248.14,0.026625,26.28,0.011426750380517502,000069,消费80,CNY,CN10Y
2023-09-20,5220.26,0.02665,26.16,0.0115762996941896,000069,消费80,CNY,CN10Y
2023-09-21,5147.6,0.026576,25.78,0.012213759503491076,000069,消费80,CNY,CN10Y
2023-09-22,5228.44,0.026776,26.28,0.0112757503805175,000069,消费80,CNY,CN10Y
2023-09-25,5231.83,0.026976,26.19,0.011206512409316534,000069,消费80,CNY,CN10Y
2023-09-26,5203.0,0.026951,26.01,0.011495751249519414,000069,消费80,CNY,CN10Y
2023-09-27,5252.7,0.0268769999999999,26.16,0.011349299694189699,000069,消费80,CNY,CN10Y
2023-09-28,5211.3,0.026751,25.95,0.01178464547206166,000069,消费80,CNY,CN10Y
2023-10-07,,0.0266509999999999,25.95,0.01188464547206176,000069,消费80,CNY,CN10Y
2023-10-08,,0.0266259999999999,25.95,0.011909645472061761,000069,消费80,CNY,CN10Y
2023-10-09,5189.35,0.026702,25.8,0.01205768992248062,000069,消费80,CNY,CN10Y
2023-10-10,5153.52,0.0268109999999999,25.64,0.012190560062402597,000069,消费80,CNY,CN10Y
2023-10-11,5192.84,0.026976,25.79,0.011798718883288095,000069,消费80,CNY,CN10Y
2023-10-12,5217.07,0.026911,25.93,0.011654368299267259,000069,消费80,CNY,CN10Y
2023-10-13,5171.44,0.026702,25.59,0.012375764751856196,000069,消费80,CNY,CN10Y
2023-10-16,5106.22,0.026777,25.27,0.012795615749901072,000069,消费80,CNY,CN10Y
2023-10-17,5111.15,0.026882,25.29,0.012659320680110716,000069,消费80,CNY,CN10Y
2023-10-18,5085.42,0.027052,25.23,0.012583354736424891,000069,消费80,CNY,CN10Y
2023-10-19,4962.83,0.0271769999999999,24.37,0.01385705826836284,000069,消费80,CNY,CN10Y
2023-10-20,4920.25,0.027052,24.28,0.01413416144975288,000069,消费80,CNY,CN10Y
2023-10-23,4883.74,0.0270469999999999,24.17,0.014326603640877216,000069,消费80,CNY,CN10Y
2023-10-24,4897.24,0.0271769999999999,24.22,0.014111191577209022,000069,消费80,CNY,CN10Y
2023-10-25,4941.96,0.027052,24.52,0.013731034257748777,000069,消费80,CNY,CN10Y
2023-10-26,4963.59,0.027152,24.57,0.0135480407000407,000069,消费80,CNY,CN10Y
2023-10-27,5092.9,0.0271329999999999,25.03,0.012819057530962942,000069,消费80,CNY,CN10Y
2023-10-30,5137.98,0.027141,25.21,0.012525798889329628,000069,消费80,CNY,CN10Y
2023-10-31,5124.48,0.026938,25.15,0.012823431411530816,000069,消费80,CNY,CN10Y
2023-11-01,5147.47,0.026853,25.62,0.012179006245121003,000069,消费80,CNY,CN10Y
2023-11-02,5120.6,0.026553,25.51,0.012647313602508821,000069,消费80,CNY,CN10Y
2023-11-03,5171.32,0.026613,25.82,0.012116666924864444,000069,消费80,CNY,CN10Y
2023-11-06,5227.57,0.026554,26.02,0.011877975403535738,000069,消费80,CNY,CN10Y
2023-11-07,5203.58,0.026632,25.85,0.012052719535783362,000069,消费80,CNY,CN10Y
2023-11-08,5228.95,0.0264639999999999,25.94,0.01208650115651513,000069,消费80,CNY,CN10Y
2023-11-09,5204.13,0.026494,25.86,0.012175760247486466,000069,消费80,CNY,CN10Y
2023-11-10,5170.03,0.026444,25.65,0.012542354775828466,000069,消费80,CNY,CN10Y
2023-11-13,5124.16,0.026454,25.44,0.01285417610062893,000069,消费80,CNY,CN10Y
2023-11-14,5123.53,0.026573,25.45,0.012719730844793713,000069,消费80,CNY,CN10Y
2023-11-15,5162.82,0.026633,25.63,0.01238377721420211,000069,消费80,CNY,CN10Y
2023-11-16,5105.44,0.026558,25.36,0.012874176656151419,000069,消费80,CNY,CN10Y
2023-11-17,5113.77,0.026524,25.37,0.012892633819471817,000069,消费80,CNY,CN10Y
2023-11-20,5148.88,0.026584,25.52,0.01260095297805643,000069,消费80,CNY,CN10Y
2023-11-21,5174.58,0.026684,25.72,0.012196248833592535,000069,消费80,CNY,CN10Y
2023-11-22,5117.28,0.026823,25.48,0.01242346781789639,000069,消费80,CNY,CN10Y
2023-11-23,5153.44,0.027023,25.64,0.011978560062402499,000069,消费80,CNY,CN10Y
2023-11-24,5127.72,0.0270529999999999,25.5,0.012162686274509903,000069,消费80,CNY,CN10Y
2023-11-27,5093.57,0.027108,25.35,0.012339731755424063,000069,消费80,CNY,CN10Y
2023-11-28,5128.35,0.026898,25.48,0.012348467817896391,000069,消费80,CNY,CN10Y
2023-11-29,5103.59,0.026826,25.42,0.012513103068450038,000069,消费80,CNY,CN10Y
2023-11-30,5116.78,0.02668,25.52,0.01250495297805643,000069,消费80,CNY,CN10Y
2023-12-01,5066.48,0.026625,25.2,0.013057539682539681,000069,消费80,CNY,CN10Y
2023-12-04,4980.49,0.026725,24.87,0.013484087253719343,000069,消费80,CNY,CN10Y
2023-12-05,4884.22,0.02665,24.35,0.014417761806981517,000069,消费80,CNY,CN10Y
2023-12-06,4887.69,0.026725,24.32,0.014393421052631583,000069,消费80,CNY,CN10Y
2023-12-07,4864.42,0.02664,24.25,0.014597113402061854,000069,消费80,CNY,CN10Y
2023-12-08,4881.3,0.026636,24.33,0.014465520756267988,000069,消费80,CNY,CN10Y
2023-12-11,4901.75,0.02644,25.25,0.013163960396039603,000069,消费80,CNY,CN10Y
2023-12-12,4902.82,0.026375,25.32,0.013119470774091629,000069,消费80,CNY,CN10Y
2023-12-13,4817.23,0.026226,24.78,0.014129125100887811,000069,消费80,CNY,CN10Y
2023-12-14,4785.44,0.026376,24.54,0.014373796251018745,000069,消费80,CNY,CN10Y
2023-12-15,4747.34,0.026227,24.47,0.014639366979975484,000069,消费80,CNY,CN10Y
2023-12-18,4741.94,0.026126,24.52,0.014657034257748777,000069,消费80,CNY,CN10Y
2023-12-19,4730.71,0.026191,24.54,0.014558796251018746,000069,消费80,CNY,CN10Y
2023-12-20,4673.27,0.026222,24.23,0.015049151465125876,000069,消费80,CNY,CN10Y
2023-12-21,4739.97,0.025901,24.58,0.014782482506102528,000069,消费80,CNY,CN10Y
2023-12-22,4732.95,0.0258769999999999,24.57,0.014823040700040799,000069,消费80,CNY,CN10Y
2023-12-25,4766.22,0.025678,24.72,0.014775074433656964,000069,消费80,CNY,CN10Y
2023-12-26,4733.39,0.025804,24.62,0.014813384240454912,000069,消费80,CNY,CN10Y
2023-12-27,4743.78,0.025577,24.63,0.015023893219650832,000069,消费80,CNY,CN10Y
2023-12-28,4854.29,0.0256939999999999,25.28,0.01386296202531655,000069,消费80,CNY,CN10Y
2023-12-29,4870.31,0.025553,25.36,0.013879176656151418,000069,消费80,CNY,CN10Y
2023-12-31,,0.025553,25.36,0.013879176656151418,000069,消费80,CNY,CN10Y
2024-01-02,4797.33,0.025601,24.92,0.01452741091492777,000069,消费80,CNY,CN10Y
2024-01-03,4791.3,0.025531,24.92,0.014597410914927767,000069,消费80,CNY,CN10Y
2024-01-04,4736.03,0.0253679999999999,24.6,0.015282406504065139,000069,消费80,CNY,CN10Y
2024-01-05,4680.91,0.025175,24.39,0.01582541000410004,000069,消费80,CNY,CN10Y
2024-01-08,4618.55,0.025136,24.08,0.01639223920265781,000069,消费80,CNY,CN10Y
2024-01-09,4633.82,0.024862,24.11,0.0166145657403567,000069,消费80,CNY,CN10Y
2024-01-10,4646.34,0.024982,24.15,0.016425867494824015,000069,消费80,CNY,CN10Y
2024-01-11,4680.89,0.024992,24.28,0.01619416144975288,000069,消费80,CNY,CN10Y
2024-01-12,4655.0,0.025172,24.16,0.016218728476821195,000069,消费80,CNY,CN10Y
2024-01-15,4654.91,0.025212,24.12,0.016247369817578773,000069,消费80,CNY,CN10Y
2024-01-16,4670.38,0.025252,24.17,0.016121603640877117,000069,消费80,CNY,CN10Y
2024-01-17,4543.95,0.025077,23.45,0.017566923240938167,000069,消费80,CNY,CN10Y
2024-01-18,4620.42,0.025092,23.88,0.016784046901172533,000069,消费80,CNY,CN10Y
2024-01-19,4625.93,0.025027,24.0,0.016639666666666664,000069,消费80,CNY,CN10Y
2024-01-22,4520.74,0.024922,23.64,0.01737918443316413,000069,消费80,CNY,CN10Y
2024-01-23,4514.38,0.025042,23.54,0.01743888360237893,000069,消费80,CNY,CN10Y
2024-01-24,4541.44,0.025042,23.66,0.017223426880811497,000069,消费80,CNY,CN10Y
2024-01-25,4612.21,0.024984,23.97,0.016734815185648733,000069,消费80,CNY,CN10Y
2024-01-26,4562.04,0.024994,23.81,0.017005160016799668,000069,消费80,CNY,CN10Y
2024-01-29,4514.81,0.02494,23.7,0.017254092827004217,000069,消费80,CNY,CN10Y
2024-01-30,4419.28,0.024557,23.19,0.018565035360068993,000069,消费80,CNY,CN10Y
2024-01-31,4319.26,0.0243299999999999,22.79,0.019548894251864957,000069,消费80,CNY,CN10Y
2024-02-01,4331.6,0.024354,22.87,0.019371404459991255,000069,消费80,CNY,CN10Y
2024-02-02,4258.99,0.0242439999999999,22.58,0.020042979627989472,000069,消费80,CNY,CN10Y
2024-02-04,,0.024053,22.58,0.02023397962798937,000069,消费80,CNY,CN10Y
2024-02-05,4287.62,0.024002,22.83,0.019800014892685066,000069,消费80,CNY,CN10Y
2024-02-06,4509.82,0.024525,23.85,0.017403721174004187,000069,消费80,CNY,CN10Y
2024-02-07,4652.73,0.0241529999999999,24.52,0.016630034257748876,000069,消费80,CNY,CN10Y
2024-02-08,4651.73,0.0243789999999999,24.51,0.016420673602611277,000069,消费80,CNY,CN10Y
2024-02-09,,0.024302,24.51,0.016497673602611177,000069,消费80,CNY,CN10Y
2024-02-18,,0.0243929999999999,24.51,0.016406673602611277,000069,消费80,CNY,CN10Y
2024-02-19,4621.71,0.024344,24.38,0.016673227235438886,000069,消费80,CNY,CN10Y
2024-02-20,4629.11,0.024134,24.28,0.01705216144975288,000069,消费80,CNY,CN10Y
2024-02-21,4716.94,0.024119,24.84,0.016138648953301124,000069,消费80,CNY,CN10Y
2024-02-22,4745.67,0.024033,24.98,0.015999025620496397,000069,消费80,CNY,CN10Y
2024-02-23,4752.37,0.024009,25.01,0.01597500639744102,000069,消费80,CNY,CN10Y
2024-02-26,4731.46,0.0237889999999999,24.83,0.01648486226339116,000069,消费80,CNY,CN10Y
2024-02-27,4760.27,0.023809,24.94,0.016287230954290296,000069,消费80,CNY,CN10Y
2024-02-28,4703.22,0.023376,24.7,0.01710982995951417,000069,消费80,CNY,CN10Y
2024-02-29,4795.58,0.023375,25.12,0.016433917197452227,000069,消费80,CNY,CN10Y
2024-03-01,4793.63,0.023675,25.08,0.016197408293460926,000069,消费80,CNY,CN10Y
2024-03-04,4827.64,0.023475,25.12,0.016333917197452228,000069,消费80,CNY,CN10Y
2024-03-05,4850.11,0.023169,25.29,0.016372320680110717,000069,消费80,CNY,CN10Y
2024-03-06,4805.83,0.02265,25.07,0.01723831272437176,000069,消费80,CNY,CN10Y
2024-03-07,4718.34,0.022776,24.78,0.01757912510088781,000069,消费80,CNY,CN10Y
2024-03-08,4706.75,0.022825,24.7,0.01766082995951417,000069,消费80,CNY,CN10Y
2024-03-11,4805.31,0.02305,25.16,0.016695627980922098,000069,消费80,CNY,CN10Y
2024-03-12,4912.61,0.023476,25.8,0.01528368992248062,000069,消费80,CNY,CN10Y
2024-03-13,4874.26,0.023326,25.59,0.015751764751856197,000069,消费80,CNY,CN10Y
2024-03-14,4870.19,0.0234249999999999,25.52,0.01575995297805653,000069,消费80,CNY,CN10Y
2024-03-15,4870.17,0.0232,25.52,0.01598495297805643,000069,消费80,CNY,CN10Y
2024-03-18,4892.4,0.022926,25.56,0.01619763067292645,000069,消费80,CNY,CN10Y
2024-03-19,4839.7,0.022801,25.38,0.016600103230890468,000069,消费80,CNY,CN10Y
2024-03-20,4825.48,0.022951,25.33,0.01652787879984209,000069,消费80,CNY,CN10Y
2024-03-21,4807.82,0.022851,25.27,0.01672161574990107,000069,消费80,CNY,CN10Y
2024-03-22,4752.29,0.023051,25.02,0.016917025579536376,000069,消费80,CNY,CN10Y
2024-03-25,4726.62,0.023151,24.87,0.01705808725371934,000069,消费80,CNY,CN10Y
2024-03-26,4747.49,0.0231749999999999,25.07,0.01671331272437186,000069,消费80,CNY,CN10Y
2024-03-27,4699.73,0.0228759999999999,24.83,0.01739786226339116,000069,消费80,CNY,CN10Y
2024-03-28,4723.09,0.023026,24.91,0.017118520272982735,000069,消费80,CNY,CN10Y
2024-03-29,4719.39,0.0229009999999999,24.9,0.017259642570281224,000069,消费80,CNY,CN10Y
2024-04-01,4810.14,0.023082,25.31,0.016428075069142636,000069,消费80,CNY,CN10Y
2024-04-02,4763.78,0.022927,25.12,0.016881917197452228,000069,消费80,CNY,CN10Y
2024-04-03,4749.18,0.022837,25.06,0.017067229848363927,000069,消费80,CNY,CN10Y
2024-04-07,,0.022937,25.06,0.016967229848363928,000069,消费80,CNY,CN10Y
2024-04-08,4675.4,0.022822,24.59,0.017844937779585197,000069,消费80,CNY,CN10Y
2024-04-09,4703.53,0.022802,24.68,0.017716638573743924,000069,消费80,CNY,CN10Y
2024-04-10,4666.57,0.022972,24.49,0.017860993058391186,000069,消费80,CNY,CN10Y
2024-04-11,4655.09,0.022928,24.48,0.01792167320261438,000069,消费80,CNY,CN10Y
2024-04-12,4609.14,0.022837,24.24,0.018417125412541254,000069,消费80,CNY,CN10Y
2024-04-15,4681.51,0.022798,24.69,0.01770422762251924,000069,消费80,CNY,CN10Y
2024-04-16,4636.64,0.022723,24.51,0.018076673602611178,000069,消费80,CNY,CN10Y
2024-04-17,4686.77,0.022608,24.67,0.017927062829347386,000069,消费80,CNY,CN10Y
2024-04-18,4690.76,0.0225369999999999,24.7,0.01794882995951427,000069,消费80,CNY,CN10Y
2024-04-19,4647.64,0.02254,24.45,0.018359795501022496,000069,消费80,CNY,CN10Y
2024-04-22,4678.53,0.022435,24.65,0.018132951318458417,000069,消费80,CNY,CN10Y
2024-04-23,4700.98,0.02226,24.8,0.01806258064516129,000069,消费80,CNY,CN10Y
2024-04-24,4705.77,0.022727,24.81,0.01757932809351068,000069,消费80,CNY,CN10Y
2024-04-25,4709.04,0.022612,24.85,0.017629448692152917,000069,消费80,CNY,CN10Y
2024-04-26,4795.97,0.0230839999999999,25.27,0.01648861574990117,000069,消费80,CNY,CN10Y
2024-04-28,,0.0232439999999999,25.27,0.01632861574990117,000069,消费80,CNY,CN10Y
2024-04-29,4869.7,0.02353,25.53,0.01563960438699569,000069,消费80,CNY,CN10Y
2024-04-30,4886.23,0.023028,25.58,0.01606504143862393,000069,消费80,CNY,CN10Y
2024-05-06,5006.45,0.023081,24.51,0.017718673602611177,000069,消费80,CNY,CN10Y
2024-05-07,5003.14,0.022896,24.55,0.01783719755600815,000069,消费80,CNY,CN10Y
2024-05-08,4949.68,0.022955,24.32,0.018163421052631582,000069,消费80,CNY,CN10Y
2024-05-09,4987.1,0.023186,24.43,0.01774727875562833,000069,消费80,CNY,CN10Y
2024-05-10,4964.04,0.0231219999999999,24.3,0.018030263374485697,000069,消费80,CNY,CN10Y
2024-05-11,,0.023361,24.3,0.017791263374485597,000069,消费80,CNY,CN10Y
2024-05-13,4954.95,0.0229,24.14,0.018525020712510356,000069,消费80,CNY,CN10Y
2024-05-14,4969.92,0.022938,24.21,0.018367245766212306,000069,消费80,CNY,CN10Y
2024-05-15,4914.88,0.02302,24.0,0.018646666666666666,000069,消费80,CNY,CN10Y
2024-05-16,4901.12,0.023147,23.97,0.01857181518564873,000069,消费80,CNY,CN10Y
2024-05-17,4912.35,0.023077,24.06,0.018485759767248547,000069,消费80,CNY,CN10Y
2024-05-20,4907.54,0.023105,23.98,0.018596417848206835,000069,消费80,CNY,CN10Y
2024-05-21,4892.58,0.023141,23.91,0.018682504809703054,000069,消费80,CNY,CN10Y
2024-05-22,4857.91,0.023123,23.75,0.018982263157894735,000069,消费80,CNY,CN10Y
2024-05-23,4808.5,0.0230629999999999,23.55,0.01939984501061581,000069,消费80,CNY,CN10Y
2024-05-24,4749.56,0.023134,23.27,0.019839785990545773,000069,消费80,CNY,CN10Y
2024-05-27,4782.93,0.0230839999999999,23.37,0.019705901583226455,000069,消费80,CNY,CN10Y
2024-05-28,4735.4,0.022994,23.17,0.02016525766076823,000069,消费80,CNY,CN10Y
2024-05-29,4733.89,0.022776,23.15,0.020420544276457887,000069,消费80,CNY,CN10Y
2024-05-30,4701.58,0.022826,22.95,0.02074698474945534,000069,消费80,CNY,CN10Y
2024-05-31,4681.77,0.022926,22.88,0.020780293706293713,000069,消费80,CNY,CN10Y
2024-06-03,4695.86,0.022853,22.89,0.020834199650502407,000069,消费80,CNY,CN10Y
2024-06-04,4752.51,0.022854,23.12,0.02039859515570934,000069,消费80,CNY,CN10Y
2024-06-05,4713.75,0.022808,22.97,0.020727045711798,000069,消费80,CNY,CN10Y
2024-06-06,4692.12,0.022828,22.71,0.02120546543372963,000069,消费80,CNY,CN10Y
2024-06-07,4643.49,0.022833,22.45,0.021710429844097996,000069,消费80,CNY,CN10Y
2024-06-11,4620.28,0.022791,22.17,0.02231499909788002,000069,消费80,CNY,CN10Y
2024-06-12,4614.0,0.02276,22.13,0.022427528242205157,000069,消费80,CNY,CN10Y
2024-06-13,4571.09,0.0226779999999999,21.93,0.022921635202918476,000069,消费80,CNY,CN10Y
2024-06-14,4576.66,0.0225579999999999,21.97,0.02295861356395094,000069,消费80,CNY,CN10Y
2024-06-17,4566.21,0.022609,21.8,0.023262559633027518,000069,消费80,CNY,CN10Y
2024-06-18,4540.16,0.0225369999999999,21.67,0.023609746654360966,000069,消费80,CNY,CN10Y
2024-06-19,4479.79,0.022429,21.38,0.024343684752104775,000069,消费80,CNY,CN10Y
2024-06-20,4419.56,0.022445,21.15,0.024836323877068564,000069,消费80,CNY,CN10Y
2024-06-21,4395.76,0.0225709999999999,20.97,0.025116172150691566,000069,消费80,CNY,CN10Y
2024-06-24,4375.04,0.022451,20.92,0.02535014722753346,000069,消费80,CNY,CN10Y
2024-06-25,4365.22,0.02235,20.92,0.02545114722753346,000069,消费80,CNY,CN10Y
2024-06-26,4387.4,0.022225,20.99,0.02541673415912339,000069,消费80,CNY,CN10Y
2024-06-27,4317.29,0.022081,20.75,0.026111771084337352,000069,消费80,CNY,CN10Y
2024-06-28,4286.32,0.022058,20.55,0.026603800486618,000069,消费80,CNY,CN10Y
2024-07-01,4283.93,0.022486,20.44,0.02643767906066536,000069,消费80,CNY,CN10Y
2024-07-02,4256.38,0.022369,20.53,0.026340206039941548,000069,消费80,CNY,CN10Y
2024-07-03,4248.78,0.0224259999999999,20.5,0.02635448780487815,000069,消费80,CNY,CN10Y
2024-07-04,4200.31,0.022502,20.29,0.02678336224741252,000069,消费80,CNY,CN10Y
2024-07-05,4219.34,0.022754,20.19,0.026775470034670627,000069,消费80,CNY,CN10Y
2024-07-08,4143.78,0.022904,19.81,0.02757555577990914,000069,消费80,CNY,CN10Y
2024-07-09,4180.89,0.022698,20.02,0.027252049950049952,000069,消费80,CNY,CN10Y
2024-07-10,4195.63,0.022707,20.08,0.027093796812749007,000069,消费80,CNY,CN10Y
2024-07-11,4281.23,0.022648,20.48,0.026180125,000069,消费80,CNY,CN10Y
2024-07-12,4294.52,0.022604,20.59,0.02596326566294318,000069,消费80,CNY,CN10Y
2024-07-15,4264.91,0.022541,20.49,0.02626329477794046,000069,消费80,CNY,CN10Y
2024-07-16,4267.36,0.0226129999999999,20.51,0.02614370404680653,000069,消费80,CNY,CN10Y
2024-07-17,4329.66,0.0225979999999999,20.83,0.025409681228996745,000069,消费80,CNY,CN10Y
2024-07-18,4352.18,0.022673,20.88,0.025219720306513413,000069,消费80,CNY,CN10Y
2024-07-19,4379.28,0.022614,21.0,0.025005047619047618,000069,消费80,CNY,CN10Y
2024-07-22,4357.51,0.022461,20.81,0.025592820278712163,000069,消费80,CNY,CN10Y
2024-07-23,4210.21,0.022322,20.12,0.027379789264413514,000069,消费80,CNY,CN10Y
2024-07-24,4148.55,0.022381,19.83,0.028047643469490676,000069,消费80,CNY,CN10Y
2024-07-25,4139.91,0.022168,19.75,0.028464911392405062,000069,消费80,CNY,CN10Y
2024-07-26,4174.57,0.0219439999999999,19.85,0.02843383375314871,000069,消费80,CNY,CN10Y
2024-07-29,4108.33,0.021574,19.54,0.029603072671443197,000069,消费80,CNY,CN10Y
2024-07-30,4090.63,0.02148,19.4,0.030066391752577325,000069,消费80,CNY,CN10Y
2024-07-31,4251.56,0.021494,20.1,0.028257243781094524,000069,消费80,CNY,CN10Y
2024-08-01,4178.34,0.021297,19.72,0.02941293914807303,000069,消费80,CNY,CN10Y
2024-08-02,4168.23,0.021277,19.66,0.029587699898270602,000069,消费80,CNY,CN10Y
2024-08-05,4169.25,0.021376,19.76,0.029231287449392712,000069,消费80,CNY,CN10Y
2024-08-06,4200.64,0.0214909999999999,19.86,0.028861467270896377,000069,消费80,CNY,CN10Y
2024-08-07,4198.96,0.021414,19.9,0.02883725628140704,000069,消费80,CNY,CN10Y
2024-08-08,4227.18,0.02181,19.99,0.02821501250625313,000069,消费80,CNY,CN10Y
2024-08-09,4188.81,0.021986,19.88,0.02831581086519115,000069,消费80,CNY,CN10Y
2024-08-12,4205.82,0.022508,19.92,0.027692803212851398,000069,消费80,CNY,CN10Y
2024-08-13,4173.27,0.0222549999999999,19.77,0.02832668942842701,000069,消费80,CNY,CN10Y
2024-08-14,4120.67,0.021966,19.55,0.02918489514066496,000069,消费80,CNY,CN10Y
2024-08-15,4144.6,0.02205,19.69,0.028737201625190452,000069,消费80,CNY,CN10Y
2024-08-16,4129.42,0.021978,19.64,0.02893849694501018,000069,消费80,CNY,CN10Y
2024-08-19,4100.17,0.021816,19.53,0.02938727700972862,000069,消费80,CNY,CN10Y
2024-08-20,4058.39,0.0217099999999999,19.37,0.029916226122870513,000069,消费80,CNY,CN10Y
2024-08-21,4037.08,0.02167,19.28,0.030197219917012446,000069,消费80,CNY,CN10Y
2024-08-22,4012.53,0.021582,19.17,0.030582840897235255,000069,消费80,CNY,CN10Y
2024-08-23,4040.93,0.021547,19.3,0.03026647150259067,000069,消费80,CNY,CN10Y
2024-08-26,4015.14,0.0216279999999999,19.18,0.03050964337851939,000069,消费80,CNY,CN10Y
2024-08-27,3996.17,0.021903,19.06,0.03056289716684156,000069,消费80,CNY,CN10Y
2024-08-28,3969.0,0.021673,18.9,0.031237052910052913,000069,消费80,CNY,CN10Y
2024-08-29,4027.94,0.021703,19.17,0.030461840897235255,000069,消费80,CNY,CN10Y
2024-08-30,4092.79,0.0217039999999999,19.56,0.02942074437627822,000069,消费80,CNY,CN10Y
2024-09-02,3991.26,0.021457,18.78,0.031791136315228966,000069,消费80,CNY,CN10Y
2024-09-03,4049.37,0.021432,19.02,0.031144235541535226,000069,消费80,CNY,CN10Y
2024-09-04,4043.88,0.021336,18.96,0.03140661603375527,000069,消费80,CNY,CN10Y
2024-09-05,4073.71,0.021338,19.07,0.031100384897745147,000069,消费80,CNY,CN10Y
2024-09-06,4025.52,0.0213879999999999,18.89,0.03155006246691381,000069,消费80,CNY,CN10Y
2024-09-09,3985.62,0.021267,18.65,0.03235230294906166,000069,消费80,CNY,CN10Y
2024-09-10,3963.56,0.021143,18.6,0.03262044086021505,000069,消费80,CNY,CN10Y
2024-09-11,4005.6,0.021044,18.74,0.03231779295624333,000069,消费80,CNY,CN10Y
2024-09-12,3950.64,0.020998,18.38,0.0334089640914037,000069,消费80,CNY,CN10Y
2024-09-13,3909.11,0.020724,18.12,0.03446363796909492,000069,消费80,CNY,CN10Y
2024-09-14,,0.020425,18.12,0.03476263796909492,000069,消费80,CNY,CN10Y
2024-09-18,3920.77,0.0204029999999999,18.04,0.03502937250554334,000069,消费80,CNY,CN10Y
2024-09-19,3980.76,0.02045,18.22,0.0344347420417124,000069,消费80,CNY,CN10Y
2024-09-20,3958.21,0.0204309999999999,18.18,0.03457450055005511,000069,消费80,CNY,CN10Y
2024-09-23,3958.94,0.020381,18.18,0.034624500550055004,000069,消费80,CNY,CN10Y
2024-09-24,4113.7,0.020728,19.11,0.03160062375719519,000069,消费80,CNY,CN10Y
2024-09-25,4145.1,0.0204369999999999,19.32,0.03132283436853012,000069,消费80,CNY,CN10Y
2024-09-26,4396.07,0.020787,20.69,0.027545527791203478,000069,消费80,CNY,CN10Y
2024-09-27,4654.23,0.021714,21.93,0.023885635202918375,000069,消费80,CNY,CN10Y
2024-09-29,,0.022534,21.93,0.023065635202918378,000069,消费80,CNY,CN10Y
2024-09-30,5051.56,0.021518,23.75,0.020587263157894737,000069,消费80,CNY,CN10Y
2024-10-08,5255.5,0.021928,24.37,0.01910605826836274,000069,消费80,CNY,CN10Y
2024-10-09,4861.97,0.02176,22.44,0.022803279857397503,000069,消费80,CNY,CN10Y
2024-10-10,4919.06,0.0214409999999999,22.79,0.022437894251864956,000069,消费80,CNY,CN10Y
2024-10-11,4758.31,0.021392,22.13,0.023795528242205155,000069,消费80,CNY,CN10Y
2024-10-12,,0.0214409999999999,22.13,0.023746528242205255,000069,消费80,CNY,CN10Y
2024-10-14,4801.82,0.021368,22.27,0.0235354575662326,000069,消费80,CNY,CN10Y
2024-10-15,4665.62,0.021254,21.62,0.024999469010175763,000069,消费80,CNY,CN10Y
2024-10-16,4590.72,0.021331,21.24,0.02574997928436912,000069,消费80,CNY,CN10Y
2024-10-17,4534.14,0.021084,20.92,0.02671714722753346,000069,消费80,CNY,CN10Y
2024-10-18,4679.78,0.021209,21.57,0.025151686138154848,000069,消费80,CNY,CN10Y
2024-10-21,4703.94,0.021211,21.6,0.025085296296296293,000069,消费80,CNY,CN10Y
2024-10-22,4767.66,0.0214579999999999,21.87,0.02426673708276187,000069,消费80,CNY,CN10Y
2024-10-23,4804.78,0.021559,22.09,0.02371035264825713,000069,消费80,CNY,CN10Y
2024-10-24,4733.71,0.021661,21.79,0.02423161128958238,000069,消费80,CNY,CN10Y
2024-10-25,4773.61,0.021539,21.97,0.023977613563950843,000069,消费80,CNY,CN10Y
2024-10-28,4830.47,0.021617,22.19,0.023448344749887332,000069,消费80,CNY,CN10Y
2024-10-29,4767.69,0.021598,21.85,0.024168590389016018,000069,消费80,CNY,CN10Y
2024-10-30,4723.77,0.0215969999999999,21.67,0.024549746654360965,000069,消费80,CNY,CN10Y
2024-10-31,4712.9,0.021476,21.58,0.024863202965708996,000069,消费80,CNY,CN10Y
2024-11-01,4728.05,0.021406,22.19,0.02365934474988733,000069,消费80,CNY,CN10Y
2024-11-04,4786.38,0.021275,22.45,0.023268429844097997,000069,消费80,CNY,CN10Y
2024-11-05,4854.74,0.021106,22.8,0.022753649122807015,000069,消费80,CNY,CN10Y
2024-11-06,4830.62,0.021234,22.7,0.02281886343612335,000069,消费80,CNY,CN10Y
2024-11-07,5015.58,0.021115,23.68,0.02111472972972973,000069,消费80,CNY,CN10Y
2024-11-08,4977.13,0.021067,23.4,0.021668042735042737,000069,消费80,CNY,CN10Y
2024-11-11,4991.34,0.02092,23.42,0.02177854824935952,000069,消费80,CNY,CN10Y
2024-11-12,5009.03,0.020729,23.42,0.02196954824935952,000069,消费80,CNY,CN10Y
2024-11-13,5014.42,0.020876,23.46,0.021749745950554136,000069,消费80,CNY,CN10Y
2024-11-14,4939.34,0.020808,23.19,0.02231403536006899,000069,消费80,CNY,CN10Y
2024-11-15,4877.1,0.020948,22.95,0.02262498474945534,000069,消费80,CNY,CN10Y
2024-11-18,4820.69,0.021117,22.78,0.022781156277436345,000069,消费80,CNY,CN10Y
2024-11-19,4830.2,0.020947,22.72,0.023067084507042257,000069,消费80,CNY,CN10Y
2024-11-20,4883.35,0.021025,22.9,0.022643122270742364,000069,消费80,CNY,CN10Y
2024-11-21,4885.5,0.0208429999999999,22.9,0.022825122270742463,000069,消费80,CNY,CN10Y
2024-11-22,4721.95,0.020832,22.19,0.024233344749887333,000069,消费80,CNY,CN10Y
2024-11-25,4706.31,0.020682,22.16,0.024444353790613722,000069,消费80,CNY,CN10Y
2024-11-26,4700.63,0.020657,22.14,0.024510118337850047,000069,消费80,CNY,CN10Y
2024-11-27,4773.27,0.020553,22.43,0.02403014757021846,000069,消费80,CNY,CN10Y
2024-11-28,4724.16,0.020304,22.23,0.024680255510571302,000069,消费80,CNY,CN10Y
2024-11-29,4787.67,0.020206,22.5,0.024238444444444448,000069,消费80,CNY,CN10Y
2024-12-02,4854.94,0.01981,22.78,0.024088156277436344,000069,消费80,CNY,CN10Y
2024-12-03,4861.87,0.019886,22.82,0.023935209465381246,000069,消费80,CNY,CN10Y
2024-12-04,4811.74,0.019612,22.6,0.024635787610619467,000069,消费80,CNY,CN10Y
2024-12-05,4789.85,0.019462,22.49,0.0250022063139173,000069,消费80,CNY,CN10Y
2024-12-06,4845.78,0.019539,22.68,0.024552710758377422,000069,消费80,CNY,CN10Y
2024-12-09,4848.16,0.019168,22.66,0.0249626266548985,000069,消费80,CNY,CN10Y
2024-12-10,4897.11,0.018468,22.96,0.025086006968641113,000069,消费80,CNY,CN10Y
2024-12-11,4926.31,0.018218,23.04,0.025184777777777775,000069,消费80,CNY,CN10Y
2024-12-12,4978.2,0.018172,23.35,0.024654552462526763,000069,消费80,CNY,CN10Y
2024-12-13,4874.52,0.017771,22.82,0.02605020946538125,000069,消费80,CNY,CN10Y
2024-12-16,4833.25,0.017215,22.99,0.026282172683775556,000069,消费80,CNY,CN10Y
2024-12-17,4839.58,0.017237,23.14,0.025978211754537597,000069,消费80,CNY,CN10Y
2024-12-18,4853.83,0.017564,23.25,0.025446752688172047,000069,消费80,CNY,CN10Y
2024-12-19,4820.65,0.017417,23.05,0.025966947939262474,000069,消费80,CNY,CN10Y
2024-12-20,4796.51,0.017018,22.86,0.026726531933508317,000069,消费80,CNY,CN10Y
2024-12-23,4769.67,0.017019,22.77,0.02689843522178305,000069,消费80,CNY,CN10Y
2024-12-24,4827.19,0.017166,23.02,0.026274486533449173,000069,消费80,CNY,CN10Y
2024-12-25,4808.75,0.017365,22.91,0.026284061545176783,000069,消费80,CNY,CN10Y
2024-12-26,4807.59,0.017122,22.89,0.026565199650502407,000069,消费80,CNY,CN10Y
2024-12-27,4815.07,0.016929,22.94,0.026662979075850045,000069,消费80,CNY,CN10Y
2024-12-30,4821.31,0.017128,22.95,0.02644498474945534,000069,消费80,CNY,CN10Y
2024-12-31,4775.62,0.016752,22.79,0.027126894251864857,000069,消费80,CNY,CN10Y
2025-01-02,4665.24,0.0160769999999999,22.23,0.0289072555105714,000069,消费80,CNY,CN10Y
2025-01-03,4594.18,0.016041,21.93,0.029558635202918376,000069,消费80,CNY,CN10Y
2025-01-06,4582.44,0.015966,21.77,0.02996877262287552,000069,消费80,CNY,CN10Y
2025-01-07,4587.61,0.016093,21.8,0.02977855963302752,000069,消费80,CNY,CN10Y
2025-01-08,4579.64,0.016069,21.76,0.029886882352941173,000069,消费80,CNY,CN10Y
2025-01-09,4565.68,0.016368,21.72,0.029672515653775322,000069,消费80,CNY,CN10Y
2025-01-10,4510.54,0.016338,21.5,0.030173627906976745,000069,消费80,CNY,CN10Y
2025-01-13,4505.15,0.016592,21.5,0.029919627906976744,000069,消费80,CNY,CN10Y
2025-01-14,4620.8,0.016446,22.03,0.028946646391284612,000069,消费80,CNY,CN10Y
2025-01-15,4563.79,0.01633,21.81,0.029520527281063736,000069,消费80,CNY,CN10Y
2025-01-16,4562.97,0.016394,21.72,0.029646515653775324,000069,消费80,CNY,CN10Y
2025-01-17,4576.91,0.016593,21.81,0.029257527281063737,000069,消费80,CNY,CN10Y
2025-01-20,4623.3,0.016747,22.04,0.028625050816696914,000069,消费80,CNY,CN10Y
2025-01-21,4623.1,0.016496,22.03,0.02889664639128461,000069,消费80,CNY,CN10Y
2025-01-22,4563.84,0.016602,21.71,0.029459722708429295,000069,消费80,CNY,CN10Y
2025-01-23,4557.12,0.016645,21.69,0.02945919548178884,000069,消费80,CNY,CN10Y
2025-01-24,4581.91,0.016565,21.74,0.029433160073597062,000069,消费80,CNY,CN10Y
2025-01-26,,0.016537,21.74,0.029461160073597063,000069,消费80,CNY,CN10Y
2025-01-27,4583.43,0.0162989999999999,21.77,0.02963577262287562,000069,消费80,CNY,CN10Y
2025-02-05,4522.09,0.016207,21.44,0.030434791044776116,000069,消费80,CNY,CN10Y
2025-02-06,4581.13,0.015958,21.68,0.030167461254612546,000069,消费80,CNY,CN10Y
2025-02-07,4645.75,0.016032,22.0,0.029422545454545455,000069,消费80,CNY,CN10Y
2025-02-08,,0.016057,22.0,0.029397545454545457,000069,消费80,CNY,CN10Y
2025-02-10,4659.98,0.016342,22.02,0.029071260672116257,000069,消费80,CNY,CN10Y
2025-02-11,4616.11,0.016274,21.84,0.029513545787545784,000069,消费80,CNY,CN10Y
2025-02-12,4643.03,0.016336,22.01,0.029097893684688774,000069,消费80,CNY,CN10Y
2025-02-13,4673.86,0.016346,22.19,0.028719344749887334,000069,消费80,CNY,CN10Y
2025-02-14,4721.18,0.016546,22.38,0.028136752457551383,000069,消费80,CNY,CN10Y
2025-02-17,4718.66,0.016934,22.35,0.02780872930648769,000069,消费80,CNY,CN10Y
2025-02-18,4656.72,0.017006,22.14,0.028161118337850045,000069,消费80,CNY,CN10Y
2025-02-19,4690.86,0.016626,22.3,0.02821704932735426,000069,消费80,CNY,CN10Y
2025-02-20,4721.18,0.01685,22.33,0.02793280340349306,000069,消费80,CNY,CN10Y
2025-02-21,4766.94,0.0172,22.52,0.027204973357015987,000069,消费80,CNY,CN10Y
2025-02-24,4741.8,0.017625,22.46,0.02689859750667854,000069,消费80,CNY,CN10Y
2025-02-25,4686.27,0.017275,22.16,0.027851353790613723,000069,消费80,CNY,CN10Y
2025-02-26,4715.85,0.017251,22.29,0.02761216733961418,000069,消费80,CNY,CN10Y
2025-02-27,4758.11,0.017576,22.55,0.026769898004434585,000069,消费80,CNY,CN10Y
2025-02-28,4691.45,0.017152,22.37,0.027550726866338845,000069,消费80,CNY,CN10Y
2025-03-03,4669.93,0.016955,22.24,0.02800902877697842,000069,消费80,CNY,CN10Y
2025-03-04,4661.89,0.017079,22.16,0.02804735379061372,000069,消费80,CNY,CN10Y
2025-03-05,4659.28,0.017083,22.14,0.028084118337850045,000069,消费80,CNY,CN10Y
2025-03-06,4730.19,0.017455,22.52,0.02694997335701599,000069,消费80,CNY,CN10Y
2025-03-07,4725.19,0.018002,22.56,0.026324241134751774,000069,消费80,CNY,CN10Y
2025-03-10,4726.83,0.018128,22.58,0.026158979627989375,000069,消费80,CNY,CN10Y
2025-03-11,4749.45,0.0188529999999999,22.75,0.02510304395604406,000069,消费80,CNY,CN10Y
2025-03-12,4719.48,0.018334,22.63,0.02585512947414936,000069,消费80,CNY,CN10Y
2025-03-13,4704.19,0.018565,22.55,0.025780898004434585,000069,消费80,CNY,CN10Y
2025-03-14,4875.66,0.018317,23.43,0.024363324370465213,000069,消费80,CNY,CN10Y
2025-03-17,4874.99,0.0189569999999999,23.47,0.0236505841499788,000069,消费80,CNY,CN10Y
2025-03-18,4891.57,0.018885,23.44,0.02377711604095563,000069,消费80,CNY,CN10Y
2025-03-19,4890.83,0.018708,23.48,0.023881437819420783,000069,消费80,CNY,CN10Y
2025-03-20,4846.58,0.018309,23.24,0.024720259896729782,000069,消费80,CNY,CN10Y
2025-03-21,4761.49,0.018458,22.85,0.0253056761487965,000069,消费80,CNY,CN10Y
2025-03-24,4773.61,0.018413,22.9,0.025255122270742364,000069,消费80,CNY,CN10Y
2025-03-25,4769.02,0.018183,22.85,0.025580676148796496,000069,消费80,CNY,CN10Y
2025-03-26,4768.83,0.017943,22.86,0.025801531933508315,000069,消费80,CNY,CN10Y
2025-03-27,4845.23,0.018062,23.19,0.02506003536006899,000069,消费80,CNY,CN10Y
2025-03-28,4816.69,0.018126,23.09,0.025182791684711995,000069,消费80,CNY,CN10Y
2025-03-31,4791.79,0.018129,22.9,0.025539122270742363,000069,消费80,CNY,CN10Y
2025-04-01,4838.99,0.018104,23.06,0.02526113443191674,000069,消费80,CNY,CN10Y
2025-04-02,4810.14,0.017887,22.95,0.02568598474945534,000069,消费80,CNY,CN10Y
2025-04-03,4791.33,0.01718,22.95,0.02639298474945534,000069,消费80,CNY,CN10Y
2025-04-07,4505.98,0.016318,21.69,0.02978619548178884,000069,消费80,CNY,CN10Y
2025-04-08,4589.53,0.016633,22.2,0.02841204504504505,000069,消费80,CNY,CN10Y
2025-04-09,4653.33,0.016508,22.45,0.028035429844097997,000069,消费80,CNY,CN10Y
2025-04-10,4705.9,0.016444,22.64,0.027725611307420496,000069,消费80,CNY,CN10Y
2025-04-11,4687.87,0.016568,22.66,0.027562626654898503,000069,消费80,CNY,CN10Y
2025-04-14,4690.93,0.016584,22.61,0.027644217602830604,000069,消费80,CNY,CN10Y
2025-04-15,4689.51,0.016583,22.65,0.02756711037527594,000069,消费80,CNY,CN10Y
2025-04-16,4706.48,0.01643,22.73,0.027564720633523977,000069,消费80,CNY,CN10Y
2025-04-17,4697.32,0.016522,22.75,0.02743404395604396,000069,消费80,CNY,CN10Y
2025-04-18,4659.11,0.016493,22.57,0.027813601683650865,000069,消费80,CNY,CN10Y
2025-04-21,4676.69,0.016664,22.58,0.02762297962798937,000069,消费80,CNY,CN10Y
2025-04-22,4696.68,0.016509,22.67,0.027602160123511247,000069,消费80,CNY,CN10Y
2025-04-23,4703.29,0.016611,22.67,0.027500160123511246,000069,消费80,CNY,CN10Y
2025-04-24,4704.36,0.01664,22.68,0.027451710758377424,000069,消费80,CNY,CN10Y
2025-04-25,4700.17,0.016606,22.64,0.027563611307420497,000069,消费80,CNY,CN10Y
2025-04-27,,0.016607,22.64,0.027562611307420496,000069,消费80,CNY,CN10Y
2025-04-28,4676.43,0.016483,22.54,0.027882572315882873,000069,消费80,CNY,CN10Y
2025-04-29,4697.12,0.016241,22.58,0.028045979627989374,000069,消费80,CNY,CN10Y
2025-04-30,4740.45,0.016243,22.75,0.02771304395604396,000069,消费80,CNY,CN10Y
2025-05-06,4766.17,0.016298,22.71,0.02773546543372963,000069,消费80,CNY,CN10Y
2025-05-07,4768.74,0.016418,22.76,0.02751873110720562,000069,消费80,CNY,CN10Y
2025-05-08,4779.28,0.016331,22.87,0.027394404459991258,000069,消费80,CNY,CN10Y
2025-05-09,4779.69,0.016351,22.92,0.02727901745200698,000069,消费80,CNY,CN10Y
2025-05-12,4794.6,0.01688,23.02,0.026560486533449175,000069,消费80,CNY,CN10Y
2025-05-13,4792.18,0.016704,22.95,0.02686898474945534,000069,消费80,CNY,CN10Y
2025-05-14,4836.73,0.016736,23.26,0.026256261392949266,000069,消费80,CNY,CN10Y
2025-05-15,4831.58,0.016798,23.23,0.026249783039173483,000069,消费80,CNY,CN10Y
2025-05-16,4833.4,0.016793,23.16,0.02638489291882556,000069,消费80,CNY,CN10Y
2025-05-19,4807.44,0.016893,22.94,0.026698979075850046,000069,消费80,CNY,CN10Y
2025-05-20,4854.48,0.017004,23.11,0.026267311120726958,000069,消费80,CNY,CN10Y
2025-05-21,4871.08,0.0171,23.16,0.02607789291882556,000069,消费80,CNY,CN10Y
2025-05-22,4865.15,0.017186,23.12,0.02606659515570934,000069,消费80,CNY,CN10Y
2025-05-23,4857.87,0.017208,23.09,0.026100791684711994,000069,消费80,CNY,CN10Y
2025-05-26,4807.69,0.017201,22.82,0.026620209465381246,000069,消费80,CNY,CN10Y
2025-05-27,4797.27,0.017261,22.75,0.02669504395604396,000069,消费80,CNY,CN10Y
2025-05-28,4807.61,0.016832,22.78,0.027066156277436346,000069,消费80,CNY,CN10Y
2025-05-29,4834.67,0.016877,22.86,0.026867531933508316,000069,消费80,CNY,CN10Y
2025-05-30,4815.24,0.016712,22.72,0.027302084507042256,000069,消费80,CNY,CN10Y
2025-06-03,4820.1,0.0167639999999999,22.68,0.027327710758377522,000069,消费80,CNY,CN10Y
2025-06-04,4831.65,0.016704,22.71,0.02732946543372963,000069,消费80,CNY,CN10Y
2025-06-05,4807.34,0.016741,22.63,0.02744812947414936,000069,消费80,CNY,CN10Y
2025-06-06,4766.13,0.016547,22.49,0.027917206313917302,000069,消费80,CNY,CN10Y
2025-06-09,4777.56,0.016559,22.29,0.02830416733961418,000069,消费80,CNY,CN10Y
2025-06-10,4760.73,0.016569,22.18,0.028516662759242563,000069,消费80,CNY,CN10Y
2025-06-11,4770.35,0.01642,22.24,0.02854402877697842,000069,消费80,CNY,CN10Y
2025-06-12,4778.51,0.016475,22.17,0.028630999097880017,000069,消费80,CNY,CN10Y
2025-06-13,4694.76,0.01644,21.77,0.02949477262287552,000069,消费80,CNY,CN10Y
2025-06-16,4677.91,0.016432,21.68,0.029693461254612547,000069,消费80,CNY,CN10Y
2025-06-17,4638.9,0.016364,21.59,0.029953739694302917,000069,消费80,CNY,CN10Y
2025-06-18,4634.27,0.016384,21.58,0.029955202965708996,000069,消费80,CNY,CN10Y
2025-06-19,4598.51,0.016425,21.42,0.030260340802987857,000069,消费80,CNY,CN10Y
2025-06-20,4613.98,0.016396,21.49,0.030137271288971618,000069,消费80,CNY,CN10Y
2025-06-23,4590.75,0.016418,21.35,0.030420407494145197,000069,消费80,CNY,CN10Y
2025-06-24,4645.41,0.0164799999999999,21.56,0.0299021892393322,000069,消费80,CNY,CN10Y
2025-06-25,4685.09,0.016544,21.7,0.029538949308755762,000069,消费80,CNY,CN10Y
2025-06-26,4643.5,0.016462,21.5,0.030049627906976743,000069,消费80,CNY,CN10Y
2025-06-27,4629.07,0.016462,21.39,0.030288818139317438,000069,消费80,CNY,CN10Y
2025-06-30,4658.24,0.016469,21.5,0.030042627906976743,000069,消费80,CNY,CN10Y
2025-07-01,4672.95,0.016433,21.54,0.02999225533890437,000069,消费80,CNY,CN10Y
2025-07-02,4662.06,0.016396,21.52,0.03007240148698885,000069,消费80,CNY,CN10Y
2025-07-03,4685.45,0.016407,21.61,0.029867872744099955,000069,消费80,CNY,CN10Y
2025-07-04,4698.86,0.016433,21.69,0.02967119548178884,000069,消费80,CNY,CN10Y
2025-07-07,4670.31,0.016406,21.58,0.029933202965708994,000069,消费80,CNY,CN10Y
2025-07-08,4693.03,0.016444,21.68,0.029681461254612546,000069,消费80,CNY,CN10Y
2025-07-09,4715.58,0.016446,21.76,0.029509882352941174,000069,消费80,CNY,CN10Y
2025-07-10,4713.69,0.016616,21.77,0.029318772622875522,000069,消费80,CNY,CN10Y
2025-07-11,4735.77,0.016653,21.79,0.029239611289582378,000069,消费80,CNY,CN10Y
2025-07-14,4756.53,0.016726,21.87,0.02899873708276177,000069,消费80,CNY,CN10Y
2025-07-15,4759.65,0.016557,21.82,0.029272514207149405,000069,消费80,CNY,CN10Y
2025-07-16,4763.57,0.016617,21.83,0.029191520384791572,000069,消费80,CNY,CN10Y
2025-07-17,4807.65,0.01663,21.97,0.028886613563950843,000069,消费80,CNY,CN10Y
2025-07-18,4835.08,0.016652,22.13,0.028535528242205156,000069,消费80,CNY,CN10Y
2025-07-21,4827.84,0.016774,22.16,0.02835235379061372,000069,消费80,CNY,CN10Y
2025-07-22,4865.9,0.016907,22.38,0.027775752457551386,000069,消费80,CNY,CN10Y
2025-07-23,4875.32,0.017041,22.44,0.027522279857397504,000069,消费80,CNY,CN10Y
2025-07-24,4928.78,0.017376,22.67,0.026735160123511247,000069,消费80,CNY,CN10Y
2025-07-25,4879.92,0.017324,22.36,0.027398719141323795,000069,消费80,CNY,CN10Y
2025-07-28,4918.3,0.0171459999999999,22.39,0.027516795891022874,000069,消费80,CNY,CN10Y
2025-07-29,4963.61,0.017466,22.49,0.026998206313917302,000069,消费80,CNY,CN10Y
2025-07-30,4977.87,0.01718,22.57,0.027126601683650865,000069,消费80,CNY,CN10Y
2025-07-31,4882.07,0.017044,22.14,0.028123118337850046,000069,消费80,CNY,CN10Y
2025-08-01,4859.09,0.017059,22.07,0.028251376076121427,000069,消费80,CNY,CN10Y
2025-08-04,4876.79,0.017083,22.17,0.028022999097880016,000069,消费80,CNY,CN10Y
2025-08-05,4915.81,0.017061,22.34,0.027701757385854966,000069,消费80,CNY,CN10Y
2025-08-06,4914.72,0.016999,22.32,0.027803867383512544,000069,消费80,CNY,CN10Y
2025-08-07,4882.58,0.016894,22.22,0.028110500450045005,000069,消费80,CNY,CN10Y
2025-08-08,4861.57,0.016891,22.15,0.028255726862302485,000069,消费80,CNY,CN10Y
2025-08-11,4901.78,0.017203,22.38,0.027479752457551385,000069,消费80,CNY,CN10Y
2025-08-12,4911.92,0.017271,22.4,0.027371857142857142,000069,消费80,CNY,CN10Y
2025-08-13,4960.75,0.017262,22.47,0.027241782821539835,000069,消费80,CNY,CN10Y
2025-08-14,4938.72,0.017341,22.41,0.027281936189201248,000069,消费80,CNY,CN10Y
2025-08-15,4973.01,0.0174649999999999,22.53,0.026920264092321445,000069,消费80,CNY,CN10Y
2025-08-18,5005.19,0.017872,22.68,0.026219710758377424,000069,消费80,CNY,CN10Y
2025-08-19,4989.77,0.017725,22.71,0.026308465433729628,000069,消费80,CNY,CN10Y
2025-08-20,5075.73,0.01782,23.07,0.025526337234503687,000069,消费80,CNY,CN10Y
2025-08-21,5105.19,0.017667,23.17,0.025492257660768233,000069,消费80,CNY,CN10Y
2025-08-22,5152.27,0.017818,23.37,0.024971901583226354,000069,消费80,CNY,CN10Y
2025-08-25,5255.43,0.017643,23.79,0.024391468263976465,000069,消费80,CNY,CN10Y
2025-08-26,5240.75,0.017598,23.73,0.02454275010535188,000069,消费80,CNY,CN10Y
2025-08-27,5134.2,0.017988,23.22,0.02507832213608958,000069,消费80,CNY,CN10Y
2025-08-28,5132.86,0.018478,23.21,0.024606877208099953,000069,消费80,CNY,CN10Y
2025-08-29,5263.76,0.018379,23.72,0.02377951602023609,000069,消费80,CNY,CN10Y
2025-09-01,5356.15,0.018257,23.8,0.023759806722689073,000069,消费80,CNY,CN10Y
2025-09-02,5367.71,0.018167,23.88,0.023709046901172533,000069,消费80,CNY,CN10Y
2025-09-03,5375.55,0.017984,23.82,0.023997528127623846,000069,消费80,CNY,CN10Y
2025-09-04,5256.68,0.01806,23.44,0.024602116040955628,000069,消费80,CNY,CN10Y
2025-09-05,5365.45,0.01826,23.82,0.023721528127623848,000069,消费80,CNY,CN10Y
2025-09-08,5440.55,0.018514,24.15,0.022893867494824017,000069,消费80,CNY,CN10Y
2025-09-09,5407.37,0.018641,24.08,0.022887239202657807,000069,消费80,CNY,CN10Y
2025-09-10,5382.06,0.018992,24.05,0.022588041580041577,000069,消费80,CNY,CN10Y
2025-09-11,5382.63,0.018743,24.08,0.02278523920265781,000069,消费80,CNY,CN10Y
2025-09-12,5346.46,0.01867,23.88,0.023206046901172533,000069,消费80,CNY,CN10Y
2025-09-15,5366.86,0.018724,23.95,0.023029653444676407,000069,消费80,CNY,CN10Y
2025-09-16,5379.11,0.018527,23.94,0.02324409440267335,000069,消费80,CNY,CN10Y
2025-09-17,5431.32,0.018349,24.08,0.023179239202657808,000069,消费80,CNY,CN10Y
2025-09-18,5396.29,0.018546,23.88,0.023330046901172533,000069,消费80,CNY,CN10Y
2025-09-19,5376.05,0.018789,23.82,0.023192528127623846,000069,消费80,CNY,CN10Y
2025-09-22,5351.16,0.018647,23.67,0.023600570764681025,000069,消费80,CNY,CN10Y
2025-09-23,5285.71,0.01877,23.46,0.023855745950554137,000069,消费80,CNY,CN10Y
2025-09-24,5311.56,0.0190219999999999,23.51,0.023513091450446715,000069,消费80,CNY,CN10Y
2025-09-25,5331.67,0.01884,23.53,0.023658937526561837,000069,消费80,CNY,CN10Y
2025-09-26,5280.69,0.018768,23.39,0.02398531338178709,000069,消费80,CNY,CN10Y
2025-09-28,,0.018781,23.39,0.02397231338178709,000069,消费80,CNY,CN10Y
2025-09-29,5310.48,0.01887,23.6,0.0235028813559322,000069,消费80,CNY,CN10Y
2025-09-30,5386.72,0.018605,23.78,0.02344714465937763,000069,消费80,CNY,CN10Y
2025-10-09,5366.11,0.018466,23.67,0.023781570764681025,000069,消费80,CNY,CN10Y
2025-10-10,5290.49,0.01846,23.45,0.024183923240938165,000069,消费80,CNY,CN10Y
2025-10-11,,0.018206,23.45,0.024437923240938166,000069,消费80,CNY,CN10Y
2025-10-13,5186.14,0.018383,23.04,0.025019777777777776,000069,消费80,CNY,CN10Y
2025-10-14,5125.77,0.018368,22.99,0.02512917268377556,000069,消费80,CNY,CN10Y
2025-10-15,5201.7,0.018449,23.26,0.024543261392949267,000069,消费80,CNY,CN10Y
2025-10-16,5217.65,0.018407,23.4,0.024328042735042736,000069,消费80,CNY,CN10Y
2025-10-17,5097.04,0.018246,22.9,0.025422122270742364,000069,消费80,CNY,CN10Y
2025-10-20,5117.37,0.018498,22.95,0.02507498474945534,000069,消费80,CNY,CN10Y
2025-10-21,5169.08,0.018357,23.12,0.02489559515570934,000069,消费80,CNY,CN10Y
2025-10-22,5141.09,0.018293,23.01,0.025166365493263797,000069,消费80,CNY,CN10Y
2025-10-23,5151.35,0.018391,23.07,0.024955337234503685,000069,消费80,CNY,CN10Y
2025-10-24,5160.94,0.018486,23.02,0.024954486533449175,000069,消费80,CNY,CN10Y
2025-10-27,5182.41,0.018423,23.02,0.025017486533449176,000069,消费80,CNY,CN10Y
2025-10-28,5132.54,0.018179,22.89,0.025508199650502404,000069,消费80,CNY,CN10Y
2025-10-29,5166.86,0.018208,22.96,0.025346006968641113,000069,消费80,CNY,CN10Y
2025-10-30,5093.33,0.018098,22.74,0.025877373790677224,000069,消费80,CNY,CN10Y
2025-10-31,5135.17,0.017954,22.86,0.025790531933508314,000069,消费80,CNY,CN10Y
2025-11-03,5098.97,0.017944,22.77,0.025973435221783046,000069,消费80,CNY,CN10Y
2025-11-04,5025.54,0.017984,22.5,0.026460444444444446,000069,消费80,CNY,CN10Y
2025-11-05,5020.54,0.017964,22.44,0.026599279857397504,000069,消费80,CNY,CN10Y
2025-11-06,5041.26,0.0181,22.56,0.026226241134751773,000069,消费80,CNY,CN10Y
2025-11-07,5020.78,0.018142,22.5,0.026302444444444448,000069,消费80,CNY,CN10Y
2025-11-10,5095.78,0.018139,22.9,0.025529122270742364,000069,消费80,CNY,CN10Y
2025-11-11,5080.66,0.018119,22.84,0.025663837127845885,000069,消费80,CNY,CN10Y
2025-11-12,5098.99,0.018071,22.9,0.025597122270742362,000069,消费80,CNY,CN10Y
2025-11-13,5144.18,0.018126,23.04,0.025276777777777776,000069,消费80,CNY,CN10Y
2025-11-14,5095.4,0.01814,22.82,0.025681209465381247,000069,消费80,CNY,CN10Y
2025-11-17,5051.16,0.018109,22.71,0.02592446543372963,000069,消费80,CNY,CN10Y
2025-11-18,5025.95,0.018121,22.61,0.026107217602830603,000069,消费80,CNY,CN10Y
2025-11-19,5006.28,0.018179,22.51,0.026245700133274097,000069,消费80,CNY,CN10Y
2025-11-20,4977.27,0.018135,22.4,0.026507857142857146,000069,消费80,CNY,CN10Y
2025-11-21,4915.34,0.018166,22.2,0.02687904504504505,000069,消费80,CNY,CN10Y
2025-11-24,4932.5,0.01821,22.17,0.026895999097880017,000069,消费80,CNY,CN10Y
2025-11-25,4954.88,0.018301,22.22,0.026703500450045003,000069,消费80,CNY,CN10Y
2025-11-26,4977.14,0.018462,22.31,0.02636094935006724,000069,消费80,CNY,CN10Y
2025-11-27,4950.76,0.0185369999999999,22.24,0.02642702877697852,000069,消费80,CNY,CN10Y
2025-11-28,4965.51,0.0184119999999999,22.29,0.02645116733961428,000069,消费80,CNY,CN10Y
2025-12-01,5006.34,0.018366,22.46,0.026157597506678537,000069,消费80,CNY,CN10Y
2025-12-02,4962.34,0.018442,22.28,0.02644130341113106,000069,消费80,CNY,CN10Y
2025-12-03,4937.7,0.018519,22.18,0.026566662759242562,000069,消费80,CNY,CN10Y
2025-12-04,4928.82,0.018718,22.11,0.026510403437358665,000069,消费80,CNY,CN10Y
2025-12-05,4946.28,0.01848,22.18,0.026605662759242563,000069,消费80,CNY,CN10Y
2025-12-08,4942.93,0.018499,22.11,0.026729403437358662,000069,消费80,CNY,CN10Y
2025-12-09,4913.62,0.018425,21.92,0.02719543795620438,000069,消费80,CNY,CN10Y
2025-12-10,4948.66,0.018447,22.05,0.026904473922902492,000069,消费80,CNY,CN10Y
2025-12-11,4927.21,0.018404,22.0,0.027050545454545456,000069,消费80,CNY,CN10Y
2025-12-12,4946.38,0.018396,22.12,0.026811956600361665,000069,消费80,CNY,CN10Y
2025-12-15,4911.81,0.018488,22.52,0.025916973357015986,000069,消费80,CNY,CN10Y
2025-12-16,4871.19,0.018458,22.37,0.026244726866338847,000069,消费80,CNY,CN10Y
2025-12-17,4916.6,0.01834,22.56,0.025986241134751776,000069,消费80,CNY,CN10Y
2025-12-18,4892.9,0.0183559999999999,22.16,0.02677035379061382,000069,消费80,CNY,CN10Y
2025-12-19,4950.38,0.018308,22.3,0.026535049327354256,000069,消费80,CNY,CN10Y
2025-12-22,4963.23,0.018415,22.36,0.026307719141323793,000069,消费80,CNY,CN10Y
2025-12-23,4930.87,0.018352,22.24,0.026612028776978422,000069,消费80,CNY,CN10Y
2025-12-24,4918.6,0.0183559999999999,22.17,0.026749999097880117,000069,消费80,CNY,CN10Y
2025-12-25,4948.34,0.018386,22.33,0.026396803403493062,000069,消费80,CNY,CN10Y
2025-12-26,4961.5,0.018376,22.38,0.026306752457551385,000069,消费80,CNY,CN10Y
2025-12-29,4928.61,0.018584,22.23,0.0264002555105713,000069,消费80,CNY,CN10Y
2025-12-30,4931.3,0.018582,22.23,0.0264022555105713,000069,消费80,CNY,CN10Y
2025-12-31,4908.78,0.018473,22.12,0.026734956600361664,000069,消费80,CNY,CN10Y
2026-01-04,,0.018427,22.12,0.026780956600361665,000069,消费80,CNY,CN10Y
2026-01-05,5015.34,0.018584,22.6,0.02566378761061947,000069,消费80,CNY,CN10Y
2026-01-06,5053.68,0.018829,22.75,0.02512704395604396,000069,消费80,CNY,CN10Y
2026-01-07,5064.5,0.0190189999999999,22.72,0.024995084507042357,000069,消费80,CNY,CN10Y
2026-01-08,5032.28,0.018905,22.59,0.02536237494466578,000069,消费80,CNY,CN10Y
2026-01-09,5078.4,0.018782,22.74,0.025193373790677223,000069,消费80,CNY,CN10Y
2026-01-12,5092.87,0.018585,22.82,0.025236209465381246,000069,消费80,CNY,CN10Y
2026-01-13,5089.62,0.018519,22.72,0.025495084507042257,000069,消费80,CNY,CN10Y
2026-01-14,5043.46,0.018494,22.52,0.025910973357015987,000069,消费80,CNY,CN10Y
2026-01-15,5026.74,0.018544,22.44,0.026019279857397503,000069,消费80,CNY,CN10Y
2026-01-16,5010.9,0.018424,22.36,0.026298719141323795,000069,消费80,CNY,CN10Y
2026-01-19,5015.57,0.018393,22.39,0.026269795891022775,000069,消费80,CNY,CN10Y
2026-01-20,4998.74,0.018326,22.36,0.026396719141323795,000069,消费80,CNY,CN10Y
2026-01-21,4969.62,0.018312,22.17,0.02679399909788002,000069,消费80,CNY,CN10Y
2026-01-22,4937.81,0.018425,22.04,0.026947050816696915,000069,消费80,CNY,CN10Y
2026-01-23,4956.61,0.018298,22.08,0.026991855072463777,000069,消费80,CNY,CN10Y
2026-01-26,4896.49,0.018242,21.88,0.027461839122486287,000069,消费80,CNY,CN10Y
2026-01-27,4855.58,0.018311,21.71,0.027750722708429293,000069,消费80,CNY,CN10Y
2026-01-28,4812.47,0.018164,21.5,0.028347627906976744,000069,消费80,CNY,CN10Y
2026-01-29,4918.45,0.018174,22.31,0.02664894935006724,000069,消费80,CNY,CN10Y
2026-01-30,4825.81,0.018112,21.84,0.027675545787545785,000069,消费80,CNY,CN10Y
2026-02-02,4767.93,0.0182,21.75,0.027777011494252872,000069,消费80,CNY,CN10Y
2026-02-03,4845.94,0.018172,22.18,0.026913662759242563,000069,消费80,CNY,CN10Y
2026-02-04,4924.1,0.018193,22.63,0.02599612947414936,000069,消费80,CNY,CN10Y
2026-02-05,4963.78,0.018169,22.88,0.02553729370629371,000069,消费80,CNY,CN10Y
2026-02-06,4926.05,0.018102,22.61,0.026126217602830605,000069,消费80,CNY,CN10Y
2026-02-09,4941.64,0.0181139999999999,22.7,0.02593886343612345,000069,消费80,CNY,CN10Y
2026-02-10,4940.8,0.018094,22.58,0.026192979627989374,000069,消费80,CNY,CN10Y
2026-02-11,4944.21,0.017994,22.58,0.026292979627989373,000069,消费80,CNY,CN10Y
2026-02-12,4916.51,0.017893,22.41,0.026729936189201248,000069,消费80,CNY,CN10Y
2026-02-13,4875.24,0.017928,22.28,0.02695530341113106,000069,消费80,CNY,CN10Y
2026-02-14,,0.017899,22.28,0.026984303411131057,000069,消费80,CNY,CN10Y
2026-02-24,4857.45,0.018023,22.15,0.027123726862302484,000069,消费80,CNY,CN10Y
2026-02-25,4871.27,0.018158,22.28,0.02672530341113106,000069,消费80,CNY,CN10Y
2026-02-26,4808.71,0.018288,21.99,0.02718721600727604,000069,消费80,CNY,CN10Y
2026-02-27,4804.31,0.017877,21.93,0.027722635202918375,000069,消费80,CNY,CN10Y
2026-02-28,,0.017753,21.93,0.027846635202918375,000069,消费80,CNY,CN10Y
2026-03-02,4724.0,0.017761,21.63,0.02847108506703653,000069,消费80,CNY,CN10Y
2026-03-03,4643.51,0.017807,21.34,0.029053356138706656,000069,消费80,CNY,CN10Y
2026-03-04,4575.64,0.017768,21.01,0.029828382674916706,000069,消费80,CNY,CN10Y
2026-03-05,4591.87,0.017779,21.05,0.029726938242280284,000069,消费80,CNY,CN10Y
2026-03-06,4661.03,0.01781,21.29,0.029160408642555195,000069,消费80,CNY,CN10Y
2026-03-09,4600.58,0.018054,21.07,0.029406844803037492,000069,消费80,CNY,CN10Y
2026-03-10,4676.74,0.018055,21.31,0.02887132566870014,000069,消费80,CNY,CN10Y
2026-03-11,4673.95,0.018075,21.31,0.02885132566870014,000069,消费80,CNY,CN10Y
2026-03-12,4645.21,0.018052,21.19,0.029140071731949033,000069,消费80,CNY,CN10Y
2026-03-13,4636.76,0.018143,21.27,0.028871574518100615,000069,消费80,CNY,CN10Y
2026-03-16,4673.26,0.018312,21.56,0.0280701892393321,000069,消费80,CNY,CN10Y
2026-03-17,4689.73,0.018314,21.68,0.027811461254612545,000069,消费80,CNY,CN10Y
2026-03-18,4675.96,0.018175,21.55,0.028228712296983757,000069,消费80,CNY,CN10Y
2026-03-19,4595.84,0.018252,21.22,0.028873353440150806,000069,消费80,CNY,CN10Y
2026-03-20,4547.68,0.018299,21.04,0.029229517110266164,000069,消费80,CNY,CN10Y
2026-03-23,4390.98,0.018316,20.37,0.030775801669121257,000069,消费80,CNY,CN10Y
2026-03-24,4453.76,0.018272,20.55,0.030389800486618,000069,消费80,CNY,CN10Y
2026-03-25,4500.3,0.018233,20.73,0.030006266763145197,000069,消费80,CNY,CN10Y
2026-03-26,4444.84,0.018194,20.5,0.030586487804878052,000069,消费80,CNY,CN10Y
2026-03-27,4535.66,0.018172,20.84,0.029812644913627638,000069,消费80,CNY,CN10Y
2026-03-30,4540.89,0.018063,20.86,0.02987563854266539,000069,消费80,CNY,CN10Y
2026-03-31,4534.49,0.018171,20.93,0.029607308647873865,000069,消费80,CNY,CN10Y
2026-04-01,4647.64,0.018244,21.29,0.028726408642555195,000069,消费80,CNY,CN10Y
2026-04-02,4629.32,0.018209,21.22,0.028916353440150807,000069,消费80,CNY,CN10Y
2026-04-03,4563.73,0.018199,20.99,0.029442734159123393,000069,消费80,CNY,CN10Y
2026-04-07,4537.8,0.018171,20.83,0.029836681228996645,000069,消费80,CNY,CN10Y
2026-04-08,4639.58,0.018136,21.26,0.028900688617121355,000069,消费80,CNY,CN10Y
2026-04-09,4596.77,0.018192,21.07,0.029268844803037493,000069,消费80,CNY,CN10Y
2026-04-10,4613.69,0.018128,21.13,0.029198076668244206,000069,消费80,CNY,CN10Y
2026-04-13,4565.93,0.0179329999999999,20.9,0.02991388995215321,000069,消费80,CNY,CN10Y
2026-04-14,4594.07,0.0178289999999999,21.0,0.029790047619047716,000069,消费80,CNY,CN10Y
2026-04-15,4639.58,0.017809,21.19,0.029383071731949033,000069,消费80,CNY,CN10Y
2026-04-16,4648.89,0.0178119999999999,21.21,0.029335571900047246,000069,消费80,CNY,CN10Y
2026-04-17,4566.67,0.017623,20.77,0.030523364949446317,000069,消费80,CNY,CN10Y
2026-04-20,4573.26,0.017627,20.82,0.03040373967339097,000069,消费80,CNY,CN10Y
2026-04-21,4561.58,0.0175099999999999,20.8,0.030566923076923172,000069,消费80,CNY,CN10Y
2026-04-22,4552.06,0.0173889999999999,20.75,0.03080377108433745,000069,消费80,CNY,CN10Y
2026-04-23,4558.2,0.0175479999999999,20.82,0.03048273967339107,000069,消费80,CNY,CN10Y
2026-04-24,4548.12,0.017601,20.91,0.030223007651841223,000069,消费80,CNY,CN10Y
2026-04-27,4521.36,0.017697,20.62,0.03079960523763336,000069,消费80,CNY,CN10Y
2026-04-28,4543.84,0.017654,20.64,0.03079561240310077,000069,消费80,CNY,CN10Y
2026-04-29,4585.11,0.017444,20.78,0.03067919538017324,000069,消费80,CNY,CN10Y
2026-04-30,4567.45,0.017473,20.68,0.03088289941972921,000069,消费80,CNY,CN10Y
2026-05-06,4558.52,0.017654,20.9,0.03019288995215311,000069,消费80,CNY,CN10Y
2026-05-07,4582.92,0.0176309999999999,20.97,0.030056172150691566,000069,消费80,CNY,CN10Y
2026-05-08,4567.27,0.017648,20.95,0.0300846968973747,000069,消费80,CNY,CN10Y
2026-05-09,,0.0176699999999999,20.95,0.0300626968973748,000069,消费80,CNY,CN10Y
2026-05-11,4586.65,0.017622,20.88,0.030270720306513413,000069,消费80,CNY,CN10Y
2026-05-12,4578.24,0.017592,20.81,0.03046182027871216,000069,消费80,CNY,CN10Y
2026-05-13,4550.93,0.017514,20.68,0.030841899419729212,000069,消费80,CNY,CN10Y
2026-05-14,4469.04,0.017588,20.41,0.031407590396864284,000069,消费80,CNY,CN10Y
2026-05-15,4454.32,0.017658,20.31,0.031578829148202855,000069,消费80,CNY,CN10Y
2026-05-18,4395.64,0.017585,19.97,0.03249011266900351,000069,消费80,CNY,CN10Y
2026-05-19,4391.19,0.017345,19.97,0.03273011266900351,000069,消费80,CNY,CN10Y
2026-05-20,4372.52,0.0173819999999999,19.84,0.03302122580645171,000069,消费80,CNY,CN10Y
2026-05-21,4398.64,0.0174479999999999,19.91,0.032778017076845904,000069,消费80,CNY,CN10Y
2026-05-22,4350.54,0.017519,19.68,0.0332940081300813,000069,消费80,CNY,CN10Y
2026-05-25,4329.62,0.017484,19.61,0.03351039061703213,000069,消费80,CNY,CN10Y
2026-05-26,4329.04,0.017405,19.54,0.03377207267144319,000069,消费80,CNY,CN10Y
2026-05-27,4312.06,0.017216,19.59,0.03383045227156713,000069,消费80,CNY,CN10Y
2026-05-28,4215.19,0.017193,19.17,0.034971840897235255,000069,消费80,CNY,CN10Y
2026-05-29,4278.02,0.01709,19.54,0.034087072671443196,000069,消费80,CNY,CN10Y
2026-06-01,4263.14,0.017009,19.47,0.03435206831022086,000069,消费80,CNY,CN10Y
2026-06-02,4236.62,0.017036,19.36,0.03461689256198347,000069,消费80,CNY,CN10Y
2026-06-03,4177.88,0.017128,19.07,0.03531038489774514,000069,消费80,CNY,CN10Y
2026-06-04,4126.26,0.017081,18.83,0.036025744556558686,000069,消费80,CNY,CN10Y
2026-06-05,4125.61,0.017207,18.86,0.035815269353128315,000069,消费80,CNY,CN10Y
2026-06-08,4077.67,0.017275,18.66,0.03631556806002144,000069,消费80,CNY,CN10Y
2026-06-09,4056.95,0.017376,18.59,0.036416361484669174,000069,消费80,CNY,CN10Y
2026-06-10,4069.68,0.017476,18.68,0.03605719057815846,000069,消费80,CNY,CN10Y
2026-06-11,4049.98,0.017475,18.63,0.03620186527106817,000069,消费80,CNY,CN10Y
2026-06-12,4113.55,0.0174269999999999,18.87,0.03556717064122956,000069,消费80,CNY,CN10Y
2026-06-13,,0.0174269999999999,18.99,0.03523229436545561,000069,消费80,CNY,CN10Y
2026-06-14,,0.0174269999999999,18.99,0.03523229436545561,000069,消费80,CNY,CN10Y
2026-06-15,4102.28,0.017446,18.99,0.035213294365455505,000069,消费80,CNY,CN10Y
2026-06-16,4038.65,0.017324,18.7,0.036151935828877005,000069,消费80,CNY,CN10Y
2026-06-17,3998.84,0.01727,18.5,0.036784054054054056,000069,消费80,CNY,CN10Y
2026-06-18,3992.54,0.017299,18.27,0.037435537493158186,000069,消费80,CNY,CN10Y
2026-06-19,,0.017299,18.45,0.03690154200542006,000069,消费80,CNY,CN10Y
2026-06-20,,0.017299,18.45,0.03690154200542006,000069,消费80,CNY,CN10Y
2026-06-21,,0.017299,18.45,0.03690154200542006,000069,消费80,CNY,CN10Y
2026-06-22,4028.35,0.017375,18.45,0.036825542005420056,000069,消费80,CNY,CN10Y
2026-06-23,3991.41,0.017437,18.24,0.037387561403508775,000069,消费80,CNY,CN10Y
2026-06-24,4017.19,0.017454,18.21,0.03746088193300384,000069,消费80,CNY,CN10Y
2026-06-25,4030.07,0.017351,18.22,0.037533742041712406,000069,消费80,CNY,CN10Y
2026-06-26,3936.69,0.017314,17.71,0.0391512738565782,000069,消费80,CNY,CN10Y
2026-06-27,,0.017314,18.34,0.03721162704471101,000069,消费80,CNY,CN10Y
2026-06-28,,0.017314,18.34,0.03721162704471101,000069,消费80,CNY,CN10Y
2026-06-29,4101.52,0.01717,18.34,0.037355627044711015,000069,消费80,CNY,CN10Y
2026-06-30,4068.69,0.01733,18.21,0.03758488193300384,000069,消费80,CNY,CN10Y
2026-07-01,4146.86,0.0174479999999999,18.5,0.036606054054054156,000069,消费80,CNY,CN10Y
2026-07-02,4135.88,0.01741,18.51,0.03661485143165856,000069,消费80,CNY,CN10Y
2026-07-03,4211.43,0.017463,18.75,0.03587033333333334,000069,消费80,CNY,CN10Y
2026-07-04,,0.017463,18.94,0.03533531045406547,000069,消费80,CNY,CN10Y
2026-07-05,,0.017463,18.94,0.03533531045406547,000069,消费80,CNY,CN10Y
2026-07-06,4254.6,0.017379,18.94,0.03541931045406547,000069,消费80,CNY,CN10Y
2026-07-07,4149.67,0.0174059999999999,18.52,0.03658968034557245,000069,消费80,CNY,CN10Y
2026-07-08,4099.35,0.0173849999999999,18.39,0.0369923790103318,000069,消费80,CNY,CN10Y
2026-07-09,4117.0,0.017376,18.34,0.03714962704471102,000069,消费80,CNY,CN10Y
2026-07-10,4176.0,0.017398,18.63,0.036278865271068175,000069,消费80,CNY,CN10Y
2026-07-11,,0.017398,18.53,0.036568540744738254,000069,消费80,CNY,CN10Y
2026-07-12,,0.017398,18.53,0.036568540744738254,000069,消费80,CNY,CN10Y
2026-07-13,4137.82,0.017442,18.53,0.03652454074473826,000069,消费80,CNY,CN10Y
2026-07-14,4186.3,0.017402,18.68,0.03613119057815846,000069,消费80,CNY,CN10Y
2026-07-15,4314.72,0.0174059999999999,19.25,0.03454205194805205,000069,消费80,CNY,CN10Y
2026-07-16,4318.37,0.017437,19.33,0.034296057423693745,000069,消费80,CNY,CN10Y
2026-07-17,4166.41,0.017404,18.82,0.03573096280552604,000069,消费80,CNY,CN10Y
2026-07-18,,0.017404,19.53,0.03379927700972862,000069,消费80,CNY,CN10Y
2026-07-19,,0.017404,19.53,0.03379927700972862,000069,消费80,CNY,CN10Y
2026-07-20,4301.83,0.017453,19.53,0.033750277009728616,000069,消费80,CNY,CN10Y
2026-07-21,4315.55,0.01745,19.48,0.0338847022587269,000069,消费80,CNY,CN10Y
2026-07-22,4319.07,0.017297,19.49,0.034011363263211906,000069,消费80,CNY,CN10Y
2026-07-23,4309.91,0.017325,19.41,0.03419483513652756,000069,消费80,CNY,CN10Y
2026-07-24,4214.68,0.017282,19.1,0.03507402094240837,000069,消费80,CNY,CN10Y
2026-07-25,,0.017282,19.2,0.03480133333333334,000069,消费80,CNY,CN10Y
2026-07-26,,0.017282,19.2,0.03480133333333334,000069,消费80,CNY,CN10Y
2026-07-27,4246.36,0.017337,19.2,0.03474633333333334,000069,消费80,CNY,CN10Y
2026-07-28,4257.24,0.017351,19.4,0.034195391752577325,000069,消费80,CNY,CN10Y
2026-07-29,4340.27,0.017329,19.68,0.0334840081300813,000069,消费80,CNY,CN10Y
2026-07-30,4375.67,0.017196,19.98,0.03285405005005004,000069,消费80,CNY,CN10Y
2026-07-31,4381.8,0.017141,19.94,0.03300945135406218,000069,消费80,CNY,CN10Y
2026-08-01,,0.017141,19.87,0.03318612632108707,000069,消费80,CNY,CN10Y
2026-08-02,,0.017141,19.87,0.03318612632108707,000069,消费80,CNY,CN10Y
2026-08-03,4351.93,0.017169,19.87,0.03315812632108707,000069,消费80,CNY,CN10Y
2026-08-04,4371.16,0.017126,19.73,0.03355823720223011,000069,消费80,CNY,CN10Y
2026-08-05,4391.61,0.017137,19.67,0.03370184087442806,000069,消费80,CNY,CN10Y
2026-08-06,4333.24,0.017143,19.49,0.03416536326321191,000069,消费80,CNY,CN10Y
2026-08-07,4427.61,0.017114,19.73,0.03357023720223011,000069,消费80,CNY,CN10Y
2026-08-10,4501.31,0.017074,20.1,0.032677243781094524,000069,消费80,CNY,CN10Y
2026-08-11,4492.66,0.017161,20.06,0.03268944865403789,000069,消费80,CNY,CN10Y
2026-08-12,4470.46,0.017141,19.99,0.03288401250625313,000069,消费80,CNY,CN10Y
2026-08-13,4476.41,0.017032000000000002,20.02,0.032918049950049946,000069,消费80,CNY,CN10Y
2026-08-14,4428.28,0.016964,19.82,0.033490086781029264,000069,消费80,CNY,CN10Y
2026-08-17,4439.75,0.016923999999999998,19.65,0.03396658524173028,000069,消费80,CNY,CN10Y
2026-08-18,4448.34,0.016864,19.69,0.033923201625190455,000069,消费80,CNY,CN10Y
2026-08-19,4401.76,0.016831,19.58,0.034241522982635345,000069,消费80,CNY,CN10Y
2026-08-20,4438.61,0.016832,19.63,0.03411043504839532,000069,消费80,CNY,CN10Y
2026-08-21,4332.62,0.016839,19.23,0.035163080083203326,000069,消费80,CNY,CN10Y
2026-08-24,4279.65,0.016794,19.2,0.03528933333333334,000069,消费80,CNY,CN10Y
2026-08-25,4334.76,0.016815,19.37,0.03481122612287041,000069,消费80,CNY,CN10Y
2026-08-26,4334.0,0.016887,19.36,0.03476589256198347,000069,消费80,CNY,CN10Y
2026-08-27,4344.17,0.016988,19.32,0.034771834368530014,000069,消费80,CNY,CN10Y
2026-08-28,4336.64,0.016949000000000002,19.33,0.03478405742369374,000069,消费80,CNY,CN10Y
2026-08-31,4291.8,0.016883,19.19,0.03522747420531526,000069,消费80,CNY,CN10Y
2026-09-01,4317.19,0.016834000000000002,20.05,0.03304131172069825,000069,消费80,CNY,CN10Y
