Date,IndexClose,Bond_Yield_10Y,PE,ERP,IndexCode,IndexName,Currency,BondCode
2005-04-08,944.76,,,,399967,中证军工,CNY,CN10Y
2005-04-11,941.72,,,,399967,中证军工,CNY,CN10Y
2005-04-12,919.88,,,,399967,中证军工,CNY,CN10Y
2005-04-13,943.69,,,,399967,中证军工,CNY,CN10Y
2005-04-14,931.32,,,,399967,中证军工,CNY,CN10Y
2005-04-15,906.8,,,,399967,中证军工,CNY,CN10Y
2005-04-18,899.32,,,,399967,中证军工,CNY,CN10Y
2005-04-19,899.77,,,,399967,中证军工,CNY,CN10Y
2005-04-20,875.88,,,,399967,中证军工,CNY,CN10Y
2005-04-21,871.63,,,,399967,中证军工,CNY,CN10Y
2005-04-22,860.95,,,,399967,中证军工,CNY,CN10Y
2005-04-25,847.18,,,,399967,中证军工,CNY,CN10Y
2005-04-26,858.47,,,,399967,中证军工,CNY,CN10Y
2005-04-27,853.79,,,,399967,中证军工,CNY,CN10Y
2005-04-28,876.99,,,,399967,中证军工,CNY,CN10Y
2005-04-29,868.24,,,,399967,中证军工,CNY,CN10Y
2005-05-09,835.25,,,,399967,中证军工,CNY,CN10Y
2005-05-10,840.79,,,,399967,中证军工,CNY,CN10Y
2005-05-11,837.71,,,,399967,中证军工,CNY,CN10Y
2005-05-12,831.22,,,,399967,中证军工,CNY,CN10Y
2005-05-13,835.1,,,,399967,中证军工,CNY,CN10Y
2005-05-16,826.1,,,,399967,中证军工,CNY,CN10Y
2005-05-17,833.67,,,,399967,中证军工,CNY,CN10Y
2005-05-18,838.89,,,,399967,中证军工,CNY,CN10Y
2005-05-19,845.57,,,,399967,中证军工,CNY,CN10Y
2005-05-20,842.92,,,,399967,中证军工,CNY,CN10Y
2005-05-23,824.99,,,,399967,中证军工,CNY,CN10Y
2005-05-24,836.81,,,,399967,中证军工,CNY,CN10Y
2005-05-25,836.14,,,,399967,中证军工,CNY,CN10Y
2005-05-26,826.24,,,,399967,中证军工,CNY,CN10Y
2005-05-27,816.33,,,,399967,中证军工,CNY,CN10Y
2005-05-30,822.82,,,,399967,中证军工,CNY,CN10Y
2005-05-31,824.8,,,,399967,中证军工,CNY,CN10Y
2005-06-01,803.03,,,,399967,中证军工,CNY,CN10Y
2005-06-02,789.11,,,,399967,中证军工,CNY,CN10Y
2005-06-03,783.91,,,,399967,中证军工,CNY,CN10Y
2005-06-06,796.78,,,,399967,中证军工,CNY,CN10Y
2005-06-07,796.96,,,,399967,中证军工,CNY,CN10Y
2005-06-08,860.98,,,,399967,中证军工,CNY,CN10Y
2005-06-09,869.38,,,,399967,中证军工,CNY,CN10Y
2005-06-10,854.31,,,,399967,中证军工,CNY,CN10Y
2005-06-13,858.82,,,,399967,中证军工,CNY,CN10Y
2005-06-14,847.68,,,,399967,中证军工,CNY,CN10Y
2005-06-15,827.81,,,,399967,中证军工,CNY,CN10Y
2005-06-16,837.62,,,,399967,中证军工,CNY,CN10Y
2005-06-17,838.01,,,,399967,中证军工,CNY,CN10Y
2005-06-20,864.31,,,,399967,中证军工,CNY,CN10Y
2005-06-21,860.49,,,,399967,中证军工,CNY,CN10Y
2005-06-22,862.36,,,,399967,中证军工,CNY,CN10Y
2005-06-23,852.94,,,,399967,中证军工,CNY,CN10Y
2005-06-24,862.79,,,,399967,中证军工,CNY,CN10Y
2005-06-27,891.4,,,,399967,中证军工,CNY,CN10Y
2005-06-28,870.2,,,,399967,中证军工,CNY,CN10Y
2005-06-29,865.86,,,,399967,中证军工,CNY,CN10Y
2005-06-30,841.85,,,,399967,中证军工,CNY,CN10Y
2005-07-01,813.69,,,,399967,中证军工,CNY,CN10Y
2005-07-04,806.99,,,,399967,中证军工,CNY,CN10Y
2005-07-05,801.81,,,,399967,中证军工,CNY,CN10Y
2005-07-06,800.07,,,,399967,中证军工,CNY,CN10Y
2005-07-07,803.13,,,,399967,中证军工,CNY,CN10Y
2005-07-08,784.08,,,,399967,中证军工,CNY,CN10Y
2005-07-11,771.4,,,,399967,中证军工,CNY,CN10Y
2005-07-12,795.89,,,,399967,中证军工,CNY,CN10Y
2005-07-13,786.97,,,,399967,中证军工,CNY,CN10Y
2005-07-14,786.7,,,,399967,中证军工,CNY,CN10Y
2005-07-15,770.69,,,,399967,中证军工,CNY,CN10Y
2005-07-18,761.04,,,,399967,中证军工,CNY,CN10Y
2005-07-19,770.32,,,,399967,中证军工,CNY,CN10Y
2005-07-20,778.52,,,,399967,中证军工,CNY,CN10Y
2005-07-21,778.89,,,,399967,中证军工,CNY,CN10Y
2005-07-22,802.39,,,,399967,中证军工,CNY,CN10Y
2005-07-25,801.37,,,,399967,中证军工,CNY,CN10Y
2005-07-26,821.86,,,,399967,中证军工,CNY,CN10Y
2005-07-27,836.2,,,,399967,中证军工,CNY,CN10Y
2005-07-28,834.38,,,,399967,中证军工,CNY,CN10Y
2005-07-29,835.8,,,,399967,中证军工,CNY,CN10Y
2005-08-01,834.0,,,,399967,中证军工,CNY,CN10Y
2005-08-02,842.77,,,,399967,中证军工,CNY,CN10Y
2005-08-03,855.38,,,,399967,中证军工,CNY,CN10Y
2005-08-04,851.76,,,,399967,中证军工,CNY,CN10Y
2005-08-05,875.14,,,,399967,中证军工,CNY,CN10Y
2005-08-08,884.56,,,,399967,中证军工,CNY,CN10Y
2005-08-09,901.17,,,,399967,中证军工,CNY,CN10Y
2005-08-10,917.64,,,,399967,中证军工,CNY,CN10Y
2005-08-11,922.64,,,,399967,中证军工,CNY,CN10Y
2005-08-12,900.79,,,,399967,中证军工,CNY,CN10Y
2005-08-15,928.48,,,,399967,中证军工,CNY,CN10Y
2005-08-16,926.05,,,,399967,中证军工,CNY,CN10Y
2005-08-17,943.95,,,,399967,中证军工,CNY,CN10Y
2005-08-18,904.68,,,,399967,中证军工,CNY,CN10Y
2005-08-19,907.15,,,,399967,中证军工,CNY,CN10Y
2005-08-22,919.15,,,,399967,中证军工,CNY,CN10Y
2005-08-23,914.47,,,,399967,中证军工,CNY,CN10Y
2005-08-24,918.99,,,,399967,中证军工,CNY,CN10Y
2005-08-25,931.17,,,,399967,中证军工,CNY,CN10Y
2005-08-26,933.86,,,,399967,中证军工,CNY,CN10Y
2005-08-29,923.39,,,,399967,中证军工,CNY,CN10Y
2005-08-30,927.08,,,,399967,中证军工,CNY,CN10Y
2005-08-31,945.34,,,,399967,中证军工,CNY,CN10Y
2005-09-01,966.3,,,,399967,中证军工,CNY,CN10Y
2005-09-02,979.88,,,,399967,中证军工,CNY,CN10Y
2005-09-05,1005.12,,,,399967,中证军工,CNY,CN10Y
2005-09-06,993.3,,,,399967,中证军工,CNY,CN10Y
2005-09-07,1027.13,,,,399967,中证军工,CNY,CN10Y
2005-09-08,1021.42,,,,399967,中证军工,CNY,CN10Y
2005-09-09,1011.73,,,,399967,中证军工,CNY,CN10Y
2005-09-12,1027.68,,,,399967,中证军工,CNY,CN10Y
2005-09-13,1047.11,,,,399967,中证军工,CNY,CN10Y
2005-09-14,1055.1,,,,399967,中证军工,CNY,CN10Y
2005-09-15,1058.53,,,,399967,中证军工,CNY,CN10Y
2005-09-16,1052.06,,,,399967,中证军工,CNY,CN10Y
2005-09-19,1072.28,,,,399967,中证军工,CNY,CN10Y
2005-09-20,1081.28,,,,399967,中证军工,CNY,CN10Y
2005-09-21,1064.4,,,,399967,中证军工,CNY,CN10Y
2005-09-22,1033.69,,,,399967,中证军工,CNY,CN10Y
2005-09-23,1034.14,,,,399967,中证军工,CNY,CN10Y
2005-09-26,1063.14,,,,399967,中证军工,CNY,CN10Y
2005-09-27,1059.19,,,,399967,中证军工,CNY,CN10Y
2005-09-28,1032.31,,,,399967,中证军工,CNY,CN10Y
2005-09-29,1050.05,,,,399967,中证军工,CNY,CN10Y
2005-09-30,1060.33,,,,399967,中证军工,CNY,CN10Y
2005-10-10,1053.16,,,,399967,中证军工,CNY,CN10Y
2005-10-11,1074.2,,,,399967,中证军工,CNY,CN10Y
2005-10-12,1059.73,,,,399967,中证军工,CNY,CN10Y
2005-10-13,1054.12,,,,399967,中证军工,CNY,CN10Y
2005-10-14,1061.95,,,,399967,中证军工,CNY,CN10Y
2005-10-17,1075.04,,,,399967,中证军工,CNY,CN10Y
2005-10-18,1094.57,,,,399967,中证军工,CNY,CN10Y
2005-10-19,1083.0,,,,399967,中证军工,CNY,CN10Y
2005-10-20,1088.22,,,,399967,中证军工,CNY,CN10Y
2005-10-21,1097.38,,,,399967,中证军工,CNY,CN10Y
2005-10-24,1112.32,,,,399967,中证军工,CNY,CN10Y
2005-10-25,1097.29,,,,399967,中证军工,CNY,CN10Y
2005-10-26,1065.03,,,,399967,中证军工,CNY,CN10Y
2005-10-27,1063.63,,,,399967,中证军工,CNY,CN10Y
2005-10-28,1051.6,,,,399967,中证军工,CNY,CN10Y
2005-10-31,1055.73,,,,399967,中证军工,CNY,CN10Y
2005-11-01,1049.95,,,,399967,中证军工,CNY,CN10Y
2005-11-02,1068.58,,,,399967,中证军工,CNY,CN10Y
2005-11-03,1050.23,,,,399967,中证军工,CNY,CN10Y
2005-11-04,1054.46,,,,399967,中证军工,CNY,CN10Y
2005-11-07,1053.69,,,,399967,中证军工,CNY,CN10Y
2005-11-08,1075.53,,,,399967,中证军工,CNY,CN10Y
2005-11-09,1084.4,,,,399967,中证军工,CNY,CN10Y
2005-11-10,1064.89,,,,399967,中证军工,CNY,CN10Y
2005-11-11,1065.89,,,,399967,中证军工,CNY,CN10Y
2005-11-14,1063.37,,,,399967,中证军工,CNY,CN10Y
2005-11-15,1028.53,,,,399967,中证军工,CNY,CN10Y
2005-11-16,1036.47,,,,399967,中证军工,CNY,CN10Y
2005-11-17,1026.25,,,,399967,中证军工,CNY,CN10Y
2005-11-18,1054.53,,,,399967,中证军工,CNY,CN10Y
2005-11-21,1055.64,,,,399967,中证军工,CNY,CN10Y
2005-11-22,1039.62,,,,399967,中证军工,CNY,CN10Y
2005-11-23,1049.73,,,,399967,中证军工,CNY,CN10Y
2005-11-24,1055.32,,,,399967,中证军工,CNY,CN10Y
2005-11-25,1060.79,,,,399967,中证军工,CNY,CN10Y
2005-11-28,1055.51,,,,399967,中证军工,CNY,CN10Y
2005-11-29,1031.67,,,,399967,中证军工,CNY,CN10Y
2005-11-30,1037.92,,,,399967,中证军工,CNY,CN10Y
2005-12-01,1032.26,,,,399967,中证军工,CNY,CN10Y
2005-12-02,1018.7,,,,399967,中证军工,CNY,CN10Y
2005-12-05,987.25,,,,399967,中证军工,CNY,CN10Y
2005-12-06,981.54,,,,399967,中证军工,CNY,CN10Y
2005-12-07,1003.31,,,,399967,中证军工,CNY,CN10Y
2005-12-08,1001.15,,,,399967,中证军工,CNY,CN10Y
2005-12-09,1021.2,,,,399967,中证军工,CNY,CN10Y
2005-12-12,1024.03,,,,399967,中证军工,CNY,CN10Y
2005-12-13,1027.58,,,,399967,中证军工,CNY,CN10Y
2005-12-14,1043.3,,,,399967,中证军工,CNY,CN10Y
2005-12-15,1037.09,,,,399967,中证军工,CNY,CN10Y
2005-12-16,1049.66,,,,399967,中证军工,CNY,CN10Y
2005-12-19,1049.58,,,,399967,中证军工,CNY,CN10Y
2005-12-20,1048.9,,,,399967,中证军工,CNY,CN10Y
2005-12-21,1042.25,,,,399967,中证军工,CNY,CN10Y
2005-12-22,1051.8,,,,399967,中证军工,CNY,CN10Y
2005-12-23,1061.12,,,,399967,中证军工,CNY,CN10Y
2005-12-26,1071.46,,,,399967,中证军工,CNY,CN10Y
2005-12-27,1072.72,,,,399967,中证军工,CNY,CN10Y
2005-12-28,1079.42,,,,399967,中证军工,CNY,CN10Y
2005-12-29,1090.99,,,,399967,中证军工,CNY,CN10Y
2005-12-30,1088.33,,,,399967,中证军工,CNY,CN10Y
2006-01-04,1112.99,,,,399967,中证军工,CNY,CN10Y
2006-01-05,1127.34,,,,399967,中证军工,CNY,CN10Y
2006-01-06,1139.68,,,,399967,中证军工,CNY,CN10Y
2006-01-09,1162.26,,,,399967,中证军工,CNY,CN10Y
2006-01-10,1173.9,,,,399967,中证军工,CNY,CN10Y
2006-01-11,1162.71,,,,399967,中证军工,CNY,CN10Y
2006-01-12,1193.31,,,,399967,中证军工,CNY,CN10Y
2006-01-13,1188.73,,,,399967,中证军工,CNY,CN10Y
2006-01-16,1178.73,,,,399967,中证军工,CNY,CN10Y
2006-01-17,1176.33,,,,399967,中证军工,CNY,CN10Y
2006-01-18,1193.87,,,,399967,中证军工,CNY,CN10Y
2006-01-19,1200.04,,,,399967,中证军工,CNY,CN10Y
2006-01-20,1206.05,,,,399967,中证军工,CNY,CN10Y
2006-01-23,1209.51,,,,399967,中证军工,CNY,CN10Y
2006-01-24,1209.57,,,,399967,中证军工,CNY,CN10Y
2006-01-25,1207.69,,,,399967,中证军工,CNY,CN10Y
2006-02-06,1222.7,,,,399967,中证军工,CNY,CN10Y
2006-02-07,1205.94,,,,399967,中证军工,CNY,CN10Y
2006-02-08,1208.55,,,,399967,中证军工,CNY,CN10Y
2006-02-09,1198.39,,,,399967,中证军工,CNY,CN10Y
2006-02-10,1211.97,,,,399967,中证军工,CNY,CN10Y
2006-02-13,1211.84,,,,399967,中证军工,CNY,CN10Y
2006-02-14,1239.87,,,,399967,中证军工,CNY,CN10Y
2006-02-15,1234.26,,,,399967,中证军工,CNY,CN10Y
2006-02-16,1192.18,,,,399967,中证军工,CNY,CN10Y
2006-02-17,1173.49,,,,399967,中证军工,CNY,CN10Y
2006-02-20,1151.47,,,,399967,中证军工,CNY,CN10Y
2006-02-21,1176.71,,,,399967,中证军工,CNY,CN10Y
2006-02-22,1168.06,,,,399967,中证军工,CNY,CN10Y
2006-02-23,1161.2,,,,399967,中证军工,CNY,CN10Y
2006-02-24,1175.58,,,,399967,中证军工,CNY,CN10Y
2006-02-27,1169.86,,,,399967,中证军工,CNY,CN10Y
2006-02-28,1187.6,,,,399967,中证军工,CNY,CN10Y
2006-03-01,1205.91,0.0289999999999999,,,399967,中证军工,CNY,CN10Y
2006-03-02,1178.5,0.0289999999999999,,,399967,中证军工,CNY,CN10Y
2006-03-03,1188.62,0.0287,,,399967,中证军工,CNY,CN10Y
2006-03-06,1190.67,0.0293,,,399967,中证军工,CNY,CN10Y
2006-03-07,1162.47,0.0289999999999999,,,399967,中证军工,CNY,CN10Y
2006-03-08,1171.3,0.0288,,,399967,中证军工,CNY,CN10Y
2006-03-09,1150.68,0.0288,,,399967,中证军工,CNY,CN10Y
2006-03-10,1155.83,0.0289,,,399967,中证军工,CNY,CN10Y
2006-03-13,1172.91,0.0289999999999999,,,399967,中证军工,CNY,CN10Y
2006-03-14,1201.95,0.0289999999999999,,,399967,中证军工,CNY,CN10Y
2006-03-15,1210.17,0.0291,,,399967,中证军工,CNY,CN10Y
2006-03-16,1221.78,0.0291,,,399967,中证军工,CNY,CN10Y
2006-03-17,1209.17,0.0292,,,399967,中证军工,CNY,CN10Y
2006-03-20,1220.59,0.0293,,,399967,中证军工,CNY,CN10Y
2006-03-21,1226.67,0.0292,,,399967,中证军工,CNY,CN10Y
2006-03-22,1238.38,0.0293,,,399967,中证军工,CNY,CN10Y
2006-03-23,1256.53,0.02912,,,399967,中证军工,CNY,CN10Y
2006-03-24,1265.38,0.0289999999999999,,,399967,中证军工,CNY,CN10Y
2006-03-27,1279.5,0.0292,,,399967,中证军工,CNY,CN10Y
2006-03-28,1292.1,0.0292,,,399967,中证军工,CNY,CN10Y
2006-03-29,1287.91,0.0294,,,399967,中证军工,CNY,CN10Y
2006-03-30,1277.37,0.0294,,,399967,中证军工,CNY,CN10Y
2006-03-31,1285.14,0.0294,,,399967,中证军工,CNY,CN10Y
2006-04-03,1319.81,0.0292,,,399967,中证军工,CNY,CN10Y
2006-04-04,1328.07,0.0292,,,399967,中证军工,CNY,CN10Y
2006-04-05,1344.17,0.0291,,,399967,中证军工,CNY,CN10Y
2006-04-06,1358.97,0.0294,,,399967,中证军工,CNY,CN10Y
2006-04-07,1387.17,0.029291,,,399967,中证军工,CNY,CN10Y
2006-04-10,1427.03,0.0293,,,399967,中证军工,CNY,CN10Y
2006-04-11,1446.72,0.0297,,,399967,中证军工,CNY,CN10Y
2006-04-12,1457.34,0.0298,,,399967,中证军工,CNY,CN10Y
2006-04-13,1409.16,0.029405,,,399967,中证军工,CNY,CN10Y
2006-04-14,1443.54,0.0295,,,399967,中证军工,CNY,CN10Y
2006-04-17,1439.53,0.0294,,,399967,中证军工,CNY,CN10Y
2006-04-18,1455.99,0.0301,,,399967,中证军工,CNY,CN10Y
2006-04-19,1486.72,0.0301,,,399967,中证军工,CNY,CN10Y
2006-04-20,1480.74,0.03,,,399967,中证军工,CNY,CN10Y
2006-04-21,1519.08,0.03048,,,399967,中证军工,CNY,CN10Y
2006-04-24,1519.9,0.0305,,,399967,中证军工,CNY,CN10Y
2006-04-25,1544.22,0.0306,,,399967,中证军工,CNY,CN10Y
2006-04-26,1589.4,0.0305,,,399967,中证军工,CNY,CN10Y
2006-04-27,1627.4,0.0301,,,399967,中证军工,CNY,CN10Y
2006-04-28,1688.41,0.0301,,,399967,中证军工,CNY,CN10Y
2006-04-29,,0.03,,,399967,中证军工,CNY,CN10Y
2006-04-30,,0.03,,,399967,中证军工,CNY,CN10Y
2006-05-08,1757.62,0.0302,,,399967,中证军工,CNY,CN10Y
2006-05-09,1861.56,0.03,,,399967,中证军工,CNY,CN10Y
2006-05-10,1911.9,0.03,,,399967,中证军工,CNY,CN10Y
2006-05-11,1933.69,0.03,,,399967,中证军工,CNY,CN10Y
2006-05-12,2034.37,0.0302,,,399967,中证军工,CNY,CN10Y
2006-05-15,2136.03,0.0302999999999999,,,399967,中证军工,CNY,CN10Y
2006-05-16,2101.8,0.0302,,,399967,中证军工,CNY,CN10Y
2006-05-17,2128.73,0.03,,,399967,中证军工,CNY,CN10Y
2006-05-18,2178.03,0.03,,,399967,中证军工,CNY,CN10Y
2006-05-19,2260.29,0.0299,,,399967,中证军工,CNY,CN10Y
2006-05-22,2222.74,0.03,,,399967,中证军工,CNY,CN10Y
2006-05-23,2088.7,0.0302,,,399967,中证军工,CNY,CN10Y
2006-05-24,2058.44,0.03,,,399967,中证军工,CNY,CN10Y
2006-05-25,2055.46,0.03,,,399967,中证军工,CNY,CN10Y
2006-05-26,2122.63,0.03,,,399967,中证军工,CNY,CN10Y
2006-05-29,2162.65,0.0302999999999999,,,399967,中证军工,CNY,CN10Y
2006-05-30,2253.73,0.0302,,,399967,中证军工,CNY,CN10Y
2006-05-31,2365.97,0.0302,,,399967,中证军工,CNY,CN10Y
2006-06-01,2523.28,0.0302999999999999,,,399967,中证军工,CNY,CN10Y
2006-06-02,2497.34,0.0305,,,399967,中证军工,CNY,CN10Y
2006-06-05,2410.56,0.0302999999999999,,,399967,中证军工,CNY,CN10Y
2006-06-06,2387.88,0.0302,,,399967,中证军工,CNY,CN10Y
2006-06-07,2208.04,0.0305,,,399967,中证军工,CNY,CN10Y
2006-06-08,2235.8,0.0305,,,399967,中证军工,CNY,CN10Y
2006-06-09,2253.05,0.0302999999999999,,,399967,中证军工,CNY,CN10Y
2006-06-12,2239.1,0.0305,,,399967,中证军工,CNY,CN10Y
2006-06-13,2243.93,0.0308,,,399967,中证军工,CNY,CN10Y
2006-06-14,2260.42,0.0308999999999999,,,399967,中证军工,CNY,CN10Y
2006-06-15,2275.32,0.031,,,399967,中证军工,CNY,CN10Y
2006-06-16,2332.61,0.031,,,399967,中证军工,CNY,CN10Y
2006-06-19,2361.02,0.0312,,,399967,中证军工,CNY,CN10Y
2006-06-20,2417.85,0.031,,,399967,中证军工,CNY,CN10Y
2006-06-21,2391.14,0.0315,,,399967,中证军工,CNY,CN10Y
2006-06-22,2391.51,0.0312,,,399967,中证军工,CNY,CN10Y
2006-06-23,2417.73,0.0313,,,399967,中证军工,CNY,CN10Y
2006-06-26,2425.31,0.0315,,,399967,中证军工,CNY,CN10Y
2006-06-27,2448.67,0.0315,,,399967,中证军工,CNY,CN10Y
2006-06-28,2427.45,0.0315,,,399967,中证军工,CNY,CN10Y
2006-06-29,2450.51,0.0315,,,399967,中证军工,CNY,CN10Y
2006-06-30,2443.44,0.03165,,,399967,中证军工,CNY,CN10Y
2006-07-03,2428.57,0.03159,,,399967,中证军工,CNY,CN10Y
2006-07-04,2460.52,0.0315,,,399967,中证军工,CNY,CN10Y
2006-07-05,2467.48,0.0318,,,399967,中证军工,CNY,CN10Y
2006-07-06,2607.2,0.03172,,,399967,中证军工,CNY,CN10Y
2006-07-07,2600.38,0.0318,,,399967,中证军工,CNY,CN10Y
2006-07-10,2577.49,0.031729,,,399967,中证军工,CNY,CN10Y
2006-07-11,2622.76,0.0316889999999999,,,399967,中证军工,CNY,CN10Y
2006-07-12,2648.03,0.032,,,399967,中证军工,CNY,CN10Y
2006-07-13,2423.25,0.0323,,,399967,中证军工,CNY,CN10Y
2006-07-14,2433.93,0.03235,,,399967,中证军工,CNY,CN10Y
2006-07-17,2465.68,0.032,,,399967,中证军工,CNY,CN10Y
2006-07-18,2451.01,0.032,,,399967,中证军工,CNY,CN10Y
2006-07-19,2359.7,0.0319,,,399967,中证军工,CNY,CN10Y
2006-07-20,2363.93,0.032,,,399967,中证军工,CNY,CN10Y
2006-07-21,2347.37,0.032,,,399967,中证军工,CNY,CN10Y
2006-07-24,2368.89,0.0325,,,399967,中证军工,CNY,CN10Y
2006-07-25,2411.41,0.0324,,,399967,中证军工,CNY,CN10Y
2006-07-26,2390.74,0.0325,,,399967,中证军工,CNY,CN10Y
2006-07-27,2358.52,0.03275,,,399967,中证军工,CNY,CN10Y
2006-07-28,2305.65,0.0325,,,399967,中证军工,CNY,CN10Y
2006-07-31,2192.41,0.0326,,,399967,中证军工,CNY,CN10Y
2006-08-01,2178.73,0.0325,,,399967,中证军工,CNY,CN10Y
2006-08-02,2168.83,0.0325,,,399967,中证军工,CNY,CN10Y
2006-08-03,2148.84,0.0324,,,399967,中证军工,CNY,CN10Y
2006-08-04,2065.31,0.0325,,,399967,中证军工,CNY,CN10Y
2006-08-07,2037.37,0.0325,,,399967,中证军工,CNY,CN10Y
2006-08-08,2083.54,0.0325,,,399967,中证军工,CNY,CN10Y
2006-08-09,2089.19,0.0326,,,399967,中证军工,CNY,CN10Y
2006-08-10,2112.78,0.0326,,,399967,中证军工,CNY,CN10Y
2006-08-11,2114.19,0.0325499999999999,,,399967,中证军工,CNY,CN10Y
2006-08-14,2044.33,0.03245,,,399967,中证军工,CNY,CN10Y
2006-08-15,2079.88,0.03245,,,399967,中证军工,CNY,CN10Y
2006-08-16,2122.74,0.0324,,,399967,中证军工,CNY,CN10Y
2006-08-17,2115.38,0.0324,,,399967,中证军工,CNY,CN10Y
2006-08-18,2098.99,0.032,,,399967,中证军工,CNY,CN10Y
2006-08-21,2111.1,0.0326,,,399967,中证军工,CNY,CN10Y
2006-08-22,2167.16,0.03254,,,399967,中证军工,CNY,CN10Y
2006-08-23,2175.42,0.03251,,,399967,中证军工,CNY,CN10Y
2006-08-24,2206.84,0.03248,,,399967,中证军工,CNY,CN10Y
2006-08-25,2266.67,0.032389,,,399967,中证军工,CNY,CN10Y
2006-08-28,2298.51,0.03256,,,399967,中证军工,CNY,CN10Y
2006-08-29,2297.93,0.0325,,,399967,中证军工,CNY,CN10Y
2006-08-30,2315.57,0.0324,,,399967,中证军工,CNY,CN10Y
2006-08-31,2316.71,0.03238,,,399967,中证军工,CNY,CN10Y
2006-09-01,2265.48,0.0323,,,399967,中证军工,CNY,CN10Y
2006-09-04,2340.18,0.0323,,,399967,中证军工,CNY,CN10Y
2006-09-05,2370.78,0.03225,,,399967,中证军工,CNY,CN10Y
2006-09-06,2365.77,0.0321,,,399967,中证军工,CNY,CN10Y
2006-09-07,2325.14,0.03201,,,399967,中证军工,CNY,CN10Y
2006-09-08,2344.87,0.032,,,399967,中证军工,CNY,CN10Y
2006-09-11,2341.06,0.032,,,399967,中证军工,CNY,CN10Y
2006-09-12,2330.9,0.0318,,,399967,中证军工,CNY,CN10Y
2006-09-13,2290.11,0.0318,,,399967,中证军工,CNY,CN10Y
2006-09-14,2299.51,0.03172,,,399967,中证军工,CNY,CN10Y
2006-09-15,2349.72,0.0317,,,399967,中证军工,CNY,CN10Y
2006-09-18,2406.54,0.0315499999999999,,,399967,中证军工,CNY,CN10Y
2006-09-19,2434.12,0.0315,,,399967,中证军工,CNY,CN10Y
2006-09-20,2451.61,0.0313,,,399967,中证军工,CNY,CN10Y
2006-09-21,2454.7,0.0311,,,399967,中证军工,CNY,CN10Y
2006-09-22,2470.99,0.0305,,,399967,中证军工,CNY,CN10Y
2006-09-25,2532.35,0.03,,,399967,中证军工,CNY,CN10Y
2006-09-26,2512.44,0.03,,,399967,中证军工,CNY,CN10Y
2006-09-27,2551.65,0.03,,,399967,中证军工,CNY,CN10Y
2006-09-28,2616.75,0.03,,,399967,中证军工,CNY,CN10Y
2006-09-29,2667.02,0.03,,,399967,中证军工,CNY,CN10Y
2006-09-30,,0.02999,,,399967,中证军工,CNY,CN10Y
2006-10-08,,0.03,,,399967,中证军工,CNY,CN10Y
2006-10-09,2707.24,0.03,,,399967,中证军工,CNY,CN10Y
2006-10-10,2773.11,0.0299,,,399967,中证军工,CNY,CN10Y
2006-10-11,2761.1,0.0297,,,399967,中证军工,CNY,CN10Y
2006-10-12,2621.15,0.029552,,,399967,中证军工,CNY,CN10Y
2006-10-13,2670.82,0.0295409999999999,,,399967,中证军工,CNY,CN10Y
2006-10-16,2631.89,0.029567,,,399967,中证军工,CNY,CN10Y
2006-10-17,2597.09,0.029533,,,399967,中证军工,CNY,CN10Y
2006-10-18,2661.8,0.029535,,,399967,中证军工,CNY,CN10Y
2006-10-19,2662.75,0.02954,,,399967,中证军工,CNY,CN10Y
2006-10-20,2633.4,0.029523,,,399967,中证军工,CNY,CN10Y
2006-10-23,2501.8,0.0294919999999999,,,399967,中证军工,CNY,CN10Y
2006-10-24,2555.04,0.0293849999999999,,,399967,中证军工,CNY,CN10Y
2006-10-25,2539.5,0.029498,,,399967,中证军工,CNY,CN10Y
2006-10-26,2502.67,0.0293739999999999,,,399967,中证军工,CNY,CN10Y
2006-10-27,2416.95,0.029397,,,399967,中证军工,CNY,CN10Y
2006-10-30,2407.59,0.0294059999999999,,,399967,中证军工,CNY,CN10Y
2006-10-31,2471.74,0.029512,,,399967,中证军工,CNY,CN10Y
2006-11-01,2470.29,0.029545,,,399967,中证军工,CNY,CN10Y
2006-11-02,2460.72,0.029557,,,399967,中证军工,CNY,CN10Y
2006-11-03,2440.8,0.029561,,,399967,中证军工,CNY,CN10Y
2006-11-06,2412.47,0.029844,,,399967,中证军工,CNY,CN10Y
2006-11-07,2400.58,0.02989,,,399967,中证军工,CNY,CN10Y
2006-11-08,2403.12,0.029781,,,399967,中证军工,CNY,CN10Y
2006-11-09,2423.47,0.02972,,,399967,中证军工,CNY,CN10Y
2006-11-10,2369.56,0.0295949999999999,,,399967,中证军工,CNY,CN10Y
2006-11-13,2258.89,0.029494,,,399967,中证军工,CNY,CN10Y
2006-11-14,2251.29,0.029682,,,399967,中证军工,CNY,CN10Y
2006-11-15,2293.82,0.029688,,,399967,中证军工,CNY,CN10Y
2006-11-16,2257.88,0.029725,,,399967,中证军工,CNY,CN10Y
2006-11-17,2305.65,0.029632,,,399967,中证军工,CNY,CN10Y
2006-11-20,2299.69,0.029806,,,399967,中证军工,CNY,CN10Y
2006-11-21,2337.37,0.029785,,,399967,中证军工,CNY,CN10Y
2006-11-22,2358.58,0.030518,,,399967,中证军工,CNY,CN10Y
2006-11-23,2361.16,0.030609,,,399967,中证军工,CNY,CN10Y
2006-11-24,2387.05,0.030655,,,399967,中证军工,CNY,CN10Y
2006-11-27,2512.23,0.0302,,,399967,中证军工,CNY,CN10Y
2006-11-28,2497.59,0.029886,,,399967,中证军工,CNY,CN10Y
2006-11-29,2562.58,0.029811,,,399967,中证军工,CNY,CN10Y
2006-11-30,2587.88,0.029781,,,399967,中证军工,CNY,CN10Y
2006-12-01,2626.81,0.0299359999999999,,,399967,中证军工,CNY,CN10Y
2006-12-04,2686.76,0.029895,,,399967,中证军工,CNY,CN10Y
2006-12-05,2672.9,0.029912,,,399967,中证军工,CNY,CN10Y
2006-12-06,2604.57,0.029851,,,399967,中证军工,CNY,CN10Y
2006-12-07,2541.52,0.0299469999999999,,,399967,中证军工,CNY,CN10Y
2006-12-08,2421.12,0.030351,,,399967,中证军工,CNY,CN10Y
2006-12-11,2498.5,0.030527,,,399967,中证军工,CNY,CN10Y
2006-12-12,2512.61,0.030393,,,399967,中证军工,CNY,CN10Y
2006-12-13,2508.42,0.030461,,,399967,中证军工,CNY,CN10Y
2006-12-14,2562.41,0.030335,,,399967,中证军工,CNY,CN10Y
2006-12-15,2634.74,0.030402,,,399967,中证军工,CNY,CN10Y
2006-12-18,2691.86,0.030307,,,399967,中证军工,CNY,CN10Y
2006-12-19,2675.88,0.030232,,,399967,中证军工,CNY,CN10Y
2006-12-20,2743.46,0.030267,,,399967,中证军工,CNY,CN10Y
2006-12-21,2693.76,0.0301989999999999,,,399967,中证军工,CNY,CN10Y
2006-12-22,2667.49,0.030364,,,399967,中证军工,CNY,CN10Y
2006-12-25,2693.23,0.030408,,,399967,中证军工,CNY,CN10Y
2006-12-26,2661.56,0.030419,,,399967,中证军工,CNY,CN10Y
2006-12-27,2664.91,0.030408,,,399967,中证军工,CNY,CN10Y
2006-12-28,2597.51,0.03026,,,399967,中证军工,CNY,CN10Y
2006-12-29,2614.97,0.030202,,,399967,中证军工,CNY,CN10Y
2006-12-30,,0.0302039999999999,,,399967,中证军工,CNY,CN10Y
2006-12-31,,0.030269,,,399967,中证军工,CNY,CN10Y
2007-01-04,2607.32,0.030239,,,399967,中证军工,CNY,CN10Y
2007-01-05,2694.84,0.030211,,,399967,中证军工,CNY,CN10Y
2007-01-08,2836.04,0.030356,,,399967,中证军工,CNY,CN10Y
2007-01-09,2907.01,0.0302309999999999,,,399967,中证军工,CNY,CN10Y
2007-01-10,2978.57,0.030102,,,399967,中证军工,CNY,CN10Y
2007-01-11,2979.14,0.030047,,,399967,中证军工,CNY,CN10Y
2007-01-12,2860.32,0.030202,,,399967,中证军工,CNY,CN10Y
2007-01-15,3032.89,0.030167,,,399967,中证军工,CNY,CN10Y
2007-01-16,3239.4,0.030175,,,399967,中证军工,CNY,CN10Y
2007-01-17,3208.95,0.0301759999999999,,,399967,中证军工,CNY,CN10Y
2007-01-18,3267.34,0.0302729999999999,,,399967,中证军工,CNY,CN10Y
2007-01-19,3447.68,0.03032,,,399967,中证军工,CNY,CN10Y
2007-01-22,3584.35,0.030277,,,399967,中证军工,CNY,CN10Y
2007-01-23,3552.68,0.030373,,,399967,中证军工,CNY,CN10Y
2007-01-24,3564.42,0.030267,,,399967,中证军工,CNY,CN10Y
2007-01-25,3380.26,0.03032,,,399967,中证军工,CNY,CN10Y
2007-01-26,3392.68,0.0303739999999999,,,399967,中证军工,CNY,CN10Y
2007-01-29,3496.1,0.030427,,,399967,中证军工,CNY,CN10Y
2007-01-30,3590.17,0.030559,,,399967,中证军工,CNY,CN10Y
2007-01-31,3396.74,0.030671,,,399967,中证军工,CNY,CN10Y
2007-02-01,3384.84,0.030676,,,399967,中证军工,CNY,CN10Y
2007-02-02,3339.53,0.030598,,,399967,中证军工,CNY,CN10Y
2007-02-05,3447.46,0.0307649999999999,,,399967,中证军工,CNY,CN10Y
2007-02-06,3536.85,0.030705,,,399967,中证军工,CNY,CN10Y
2007-02-07,3664.44,0.030704,,,399967,中证军工,CNY,CN10Y
2007-02-08,3740.75,0.0308139999999999,,,399967,中证军工,CNY,CN10Y
2007-02-09,3767.25,0.031171,,,399967,中证军工,CNY,CN10Y
2007-02-12,3796.98,0.031355,,,399967,中证军工,CNY,CN10Y
2007-02-13,3781.02,0.031367,,,399967,中证军工,CNY,CN10Y
2007-02-14,3860.21,0.03137,,,399967,中证军工,CNY,CN10Y
2007-02-15,3999.6,0.031365,,,399967,中证军工,CNY,CN10Y
2007-02-16,4040.43,0.031361,,,399967,中证军工,CNY,CN10Y
2007-02-17,,0.0311,,,399967,中证军工,CNY,CN10Y
2007-02-25,,0.0311,,,399967,中证军工,CNY,CN10Y
2007-02-26,4094.41,0.0312,,,399967,中证军工,CNY,CN10Y
2007-02-27,3739.73,0.0314679999999999,,,399967,中证军工,CNY,CN10Y
2007-02-28,3874.01,0.031466,,,399967,中证军工,CNY,CN10Y
2007-03-01,3777.58,0.031553,,,399967,中证军工,CNY,CN10Y
2007-03-02,3859.21,0.0316829999999999,,,399967,中证军工,CNY,CN10Y
2007-03-05,3934.13,0.031726,,,399967,中证军工,CNY,CN10Y
2007-03-06,3946.38,0.03179,,,399967,中证军工,CNY,CN10Y
2007-03-07,4030.53,0.0319,,,399967,中证军工,CNY,CN10Y
2007-03-08,4078.26,0.032192,,,399967,中证军工,CNY,CN10Y
2007-03-09,3989.74,0.03223,,,399967,中证军工,CNY,CN10Y
2007-03-12,3985.89,0.032278,,,399967,中证军工,CNY,CN10Y
2007-03-13,4030.64,0.0320509999999999,,,399967,中证军工,CNY,CN10Y
2007-03-14,4042.62,0.032332,,,399967,中证军工,CNY,CN10Y
2007-03-15,4102.05,0.0328759999999999,,,399967,中证军工,CNY,CN10Y
2007-03-16,4025.67,0.0330419999999999,,,399967,中证军工,CNY,CN10Y
2007-03-19,4130.4,0.03337,,,399967,中证军工,CNY,CN10Y
2007-03-20,4174.82,0.0336,,,399967,中证军工,CNY,CN10Y
2007-03-21,4238.38,0.034,,,399967,中证军工,CNY,CN10Y
2007-03-22,4222.82,0.03395,,,399967,中证军工,CNY,CN10Y
2007-03-23,4183.8,0.034235,,,399967,中证军工,CNY,CN10Y
2007-03-26,4252.23,0.0342,,,399967,中证军工,CNY,CN10Y
2007-03-27,4284.91,0.0342,,,399967,中证军工,CNY,CN10Y
2007-03-28,4273.46,0.034245,,,399967,中证军工,CNY,CN10Y
2007-03-29,4144.47,0.034386,,,399967,中证军工,CNY,CN10Y
2007-03-30,4187.8,0.034338,,,399967,中证军工,CNY,CN10Y
2007-04-02,4252.79,0.0343,,,399967,中证军工,CNY,CN10Y
2007-04-03,4365.04,0.034277,,,399967,中证军工,CNY,CN10Y
2007-04-04,4393.09,0.0344,,,399967,中证军工,CNY,CN10Y
2007-04-05,4411.25,0.034441,,,399967,中证军工,CNY,CN10Y
2007-04-06,4427.36,0.034615,,,399967,中证军工,CNY,CN10Y
2007-04-09,4542.88,0.03488,,,399967,中证军工,CNY,CN10Y
2007-04-10,4607.41,0.034829,,,399967,中证军工,CNY,CN10Y
2007-04-11,4586.63,0.0349299999999999,,,399967,中证军工,CNY,CN10Y
2007-04-12,4685.22,0.0349359999999999,,,399967,中证军工,CNY,CN10Y
2007-04-13,4764.2,0.035202,,,399967,中证军工,CNY,CN10Y
2007-04-16,4841.66,0.035327,,,399967,中证军工,CNY,CN10Y
2007-04-17,4823.39,0.035391,,,399967,中证军工,CNY,CN10Y
2007-04-18,4889.76,0.0356,,,399967,中证军工,CNY,CN10Y
2007-04-19,4730.39,0.0356999999999999,,,399967,中证军工,CNY,CN10Y
2007-04-20,4954.86,0.0358,,,399967,中证军工,CNY,CN10Y
2007-04-23,5083.26,0.0359,,,399967,中证军工,CNY,CN10Y
2007-04-24,5134.55,0.036139,,,399967,中证军工,CNY,CN10Y
2007-04-25,5074.41,0.036349,,,399967,中证军工,CNY,CN10Y
2007-04-26,5111.54,0.035931,,,399967,中证军工,CNY,CN10Y
2007-04-27,5028.52,0.035914,,,399967,中证军工,CNY,CN10Y
2007-04-28,,0.035883,,,399967,中证军工,CNY,CN10Y
2007-04-29,,0.0358,,,399967,中证军工,CNY,CN10Y
2007-04-30,5002.57,0.035916,,,399967,中证军工,CNY,CN10Y
2007-05-08,5276.52,0.035933,,,399967,中证军工,CNY,CN10Y
2007-05-09,5197.76,0.035906,,,399967,中证军工,CNY,CN10Y
2007-05-10,5161.73,0.0363,,,399967,中证军工,CNY,CN10Y
2007-05-11,5155.96,0.0368,,,399967,中证军工,CNY,CN10Y
2007-05-14,5215.09,0.037,,,399967,中证军工,CNY,CN10Y
2007-05-15,5249.27,0.037992,,,399967,中证军工,CNY,CN10Y
2007-05-16,5405.27,0.0383,,,399967,中证军工,CNY,CN10Y
2007-05-17,5500.15,0.0383,,,399967,中证军工,CNY,CN10Y
2007-05-18,5617.35,0.0383,,,399967,中证军工,CNY,CN10Y
2007-05-21,5824.38,0.03966,,,399967,中证军工,CNY,CN10Y
2007-05-22,5791.04,0.0405,,,399967,中证军工,CNY,CN10Y
2007-05-23,5862.15,0.04064,,,399967,中证军工,CNY,CN10Y
2007-05-24,5734.08,0.0403,,,399967,中证军工,CNY,CN10Y
2007-05-25,5850.09,0.0405,,,399967,中证军工,CNY,CN10Y
2007-05-28,5978.29,0.0407,,,399967,中证军工,CNY,CN10Y
2007-05-29,6084.24,0.0408,,,399967,中证军工,CNY,CN10Y
2007-05-30,5649.4,0.0407,,,399967,中证军工,CNY,CN10Y
2007-05-31,5547.12,0.0406,,,399967,中证军工,CNY,CN10Y
2007-06-01,5379.21,0.0408,,,399967,中证军工,CNY,CN10Y
2007-06-04,4957.82,0.041393,,,399967,中证军工,CNY,CN10Y
2007-06-05,5034.11,0.041309,,,399967,中证军工,CNY,CN10Y
2007-06-06,5092.39,0.041442,,,399967,中证军工,CNY,CN10Y
2007-06-07,5257.58,0.041427,,,399967,中证军工,CNY,CN10Y
2007-06-08,5368.9,0.041624,,,399967,中证军工,CNY,CN10Y
2007-06-11,5453.38,0.0413759999999999,,,399967,中证军工,CNY,CN10Y
2007-06-12,5655.37,0.042199,,,399967,中证军工,CNY,CN10Y
2007-06-13,5735.27,0.04232,,,399967,中证军工,CNY,CN10Y
2007-06-14,5721.92,0.042669,,,399967,中证军工,CNY,CN10Y
2007-06-15,5831.44,0.043483,,,399967,中证军工,CNY,CN10Y
2007-06-18,5965.87,0.043496,,,399967,中证军工,CNY,CN10Y
2007-06-19,5984.56,0.0439689999999999,,,399967,中证军工,CNY,CN10Y
2007-06-20,5862.82,0.044408,,,399967,中证军工,CNY,CN10Y
2007-06-21,5793.21,0.0447,,,399967,中证军工,CNY,CN10Y
2007-06-22,5588.03,0.0444,,,399967,中证军工,CNY,CN10Y
2007-06-25,5485.1,0.0441999999999999,,,399967,中证军工,CNY,CN10Y
2007-06-26,5469.7,0.044,,,399967,中证军工,CNY,CN10Y
2007-06-27,5567.22,0.043985,,,399967,中证军工,CNY,CN10Y
2007-06-28,5348.28,0.044538,,,399967,中证军工,CNY,CN10Y
2007-06-29,5141.23,0.0445,,,399967,中证军工,CNY,CN10Y
2007-07-02,5095.94,0.0445,,,399967,中证军工,CNY,CN10Y
2007-07-03,5160.26,0.044726,,,399967,中证军工,CNY,CN10Y
2007-07-04,5070.75,0.044745,,,399967,中证军工,CNY,CN10Y
2007-07-05,4798.72,0.04475,,,399967,中证军工,CNY,CN10Y
2007-07-06,5000.97,0.044261,,,399967,中证军工,CNY,CN10Y
2007-07-09,5099.83,0.044172,,,399967,中证军工,CNY,CN10Y
2007-07-10,4987.66,0.044896,,,399967,中证军工,CNY,CN10Y
2007-07-11,5022.95,0.0447729999999999,,,399967,中证军工,CNY,CN10Y
2007-07-12,5048.57,0.044777,,,399967,中证军工,CNY,CN10Y
2007-07-13,5079.57,0.044634,,,399967,中证军工,CNY,CN10Y
2007-07-16,4985.17,0.0445399999999999,,,399967,中证军工,CNY,CN10Y
2007-07-17,5007.01,0.044542,,,399967,中证军工,CNY,CN10Y
2007-07-18,4962.74,0.0445469999999999,,,399967,中证军工,CNY,CN10Y
2007-07-19,4961.59,0.04455,,,399967,中证军工,CNY,CN10Y
2007-07-20,5079.28,0.044551,,,399967,中证军工,CNY,CN10Y
2007-07-23,5332.84,0.04477,,,399967,中证军工,CNY,CN10Y
2007-07-24,5352.38,0.0446509999999999,,,399967,中证军工,CNY,CN10Y
2007-07-25,5438.98,0.0433,,,399967,中证军工,CNY,CN10Y
2007-07-26,5561.98,0.043086,,,399967,中证军工,CNY,CN10Y
2007-07-27,5598.96,0.043399,,,399967,中证军工,CNY,CN10Y
2007-07-30,5728.25,0.042848,,,399967,中证军工,CNY,CN10Y
2007-07-31,5769.37,0.0434009999999999,,,399967,中证军工,CNY,CN10Y
2007-08-01,5426.71,0.042857,,,399967,中证军工,CNY,CN10Y
2007-08-02,5637.66,0.042594,,,399967,中证军工,CNY,CN10Y
2007-08-03,5788.47,0.042855,,,399967,中证军工,CNY,CN10Y
2007-08-06,5920.06,0.043861,,,399967,中证军工,CNY,CN10Y
2007-08-07,6111.86,0.043775,,,399967,中证军工,CNY,CN10Y
2007-08-08,6016.16,0.043166,,,399967,中证军工,CNY,CN10Y
2007-08-09,6114.47,0.043178,,,399967,中证军工,CNY,CN10Y
2007-08-10,6041.43,0.043378,,,399967,中证军工,CNY,CN10Y
2007-08-13,6051.02,0.04357,,,399967,中证军工,CNY,CN10Y
2007-08-14,6159.98,0.0435679999999999,,,399967,中证军工,CNY,CN10Y
2007-08-15,6126.79,0.0435409999999999,,,399967,中证军工,CNY,CN10Y
2007-08-16,6075.06,0.043529,,,399967,中证军工,CNY,CN10Y
2007-08-17,5973.21,0.043038,,,399967,中证军工,CNY,CN10Y
2007-08-20,6162.5,0.042636,,,399967,中证军工,CNY,CN10Y
2007-08-21,6267.58,0.042445,,,399967,中证军工,CNY,CN10Y
2007-08-22,6285.92,0.04227,,,399967,中证军工,CNY,CN10Y
2007-08-23,6452.75,0.042064,,,399967,中证军工,CNY,CN10Y
2007-08-24,6561.67,0.042164,,,399967,中证军工,CNY,CN10Y
2007-08-27,6672.1,0.04136,,,399967,中证军工,CNY,CN10Y
2007-08-28,6646.51,0.042049,,,399967,中证军工,CNY,CN10Y
2007-08-29,6665.33,0.042766,,,399967,中证军工,CNY,CN10Y
2007-08-30,6760.84,0.042739,,,399967,中证军工,CNY,CN10Y
2007-08-31,6819.72,0.042743,,,399967,中证军工,CNY,CN10Y
2007-09-03,7054.45,0.04235,,,399967,中证军工,CNY,CN10Y
2007-09-04,7061.47,0.042328,,,399967,中证军工,CNY,CN10Y
2007-09-05,7188.24,0.04244,,,399967,中证军工,CNY,CN10Y
2007-09-06,7315.02,0.0426769999999999,,,399967,中证军工,CNY,CN10Y
2007-09-07,7140.79,0.042872,,,399967,中证军工,CNY,CN10Y
2007-09-10,7237.75,0.042946,,,399967,中证军工,CNY,CN10Y
2007-09-11,6737.0,0.043615,,,399967,中证军工,CNY,CN10Y
2007-09-12,6761.44,0.043788,,,399967,中证军工,CNY,CN10Y
2007-09-13,7002.53,0.043892,,,399967,中证军工,CNY,CN10Y
2007-09-14,7091.82,0.044893,,,399967,中证军工,CNY,CN10Y
2007-09-17,7207.47,0.0454209999999999,,,399967,中证军工,CNY,CN10Y
2007-09-18,7206.23,0.045436,,,399967,中证军工,CNY,CN10Y
2007-09-19,7140.75,0.0454739999999999,,,399967,中证军工,CNY,CN10Y
2007-09-20,7318.26,0.045477,,,399967,中证军工,CNY,CN10Y
2007-09-21,7347.83,0.04495,,,399967,中证军工,CNY,CN10Y
2007-09-24,7653.71,0.04493,,,399967,中证军工,CNY,CN10Y
2007-09-25,7463.52,0.044859,,,399967,中证军工,CNY,CN10Y
2007-09-26,7333.23,0.04445,,,399967,中证军工,CNY,CN10Y
2007-09-27,7594.62,0.0441999999999999,,,399967,中证军工,CNY,CN10Y
2007-09-28,7673.84,0.0438999999999999,,,399967,中证军工,CNY,CN10Y
2007-09-29,,0.04396,,,399967,中证军工,CNY,CN10Y
2007-09-30,,0.043877,,,399967,中证军工,CNY,CN10Y
2007-10-08,7548.79,0.0436639999999999,,,399967,中证军工,CNY,CN10Y
2007-10-09,7667.88,0.0437,,,399967,中证军工,CNY,CN10Y
2007-10-10,7789.76,0.043737,,,399967,中证军工,CNY,CN10Y
2007-10-11,7830.61,0.043732,,,399967,中证军工,CNY,CN10Y
2007-10-12,7782.52,0.043723,,,399967,中证军工,CNY,CN10Y
2007-10-15,7738.32,0.043746,,,399967,中证军工,CNY,CN10Y
2007-10-16,7597.57,0.043743,,,399967,中证军工,CNY,CN10Y
2007-10-17,7632.77,0.0445,,,399967,中证军工,CNY,CN10Y
2007-10-18,7300.21,0.0446,,,399967,中证军工,CNY,CN10Y
2007-10-19,7428.53,0.0447,,,399967,中证军工,CNY,CN10Y
2007-10-22,7335.45,0.0448,,,399967,中证军工,CNY,CN10Y
2007-10-23,7279.04,0.04485,,,399967,中证军工,CNY,CN10Y
2007-10-24,7297.41,0.04485,,,399967,中证军工,CNY,CN10Y
2007-10-25,6809.73,0.04485,,,399967,中证军工,CNY,CN10Y
2007-10-26,6559.33,0.04485,,,399967,中证军工,CNY,CN10Y
2007-10-29,6548.27,0.0448,,,399967,中证军工,CNY,CN10Y
2007-10-30,6753.32,0.04484,,,399967,中证军工,CNY,CN10Y
2007-10-31,6963.9,0.044937,,,399967,中证军工,CNY,CN10Y
2007-11-01,6753.74,0.045,,,399967,中证军工,CNY,CN10Y
2007-11-02,6601.41,0.045,,,399967,中证军工,CNY,CN10Y
2007-11-05,6714.51,0.045263,,,399967,中证军工,CNY,CN10Y
2007-11-06,6628.63,0.045248,,,399967,中证军工,CNY,CN10Y
2007-11-07,6620.76,0.045441,,,399967,中证军工,CNY,CN10Y
2007-11-08,6405.87,0.045441,,,399967,中证军工,CNY,CN10Y
2007-11-09,6291.12,0.045743,,,399967,中证军工,CNY,CN10Y
2007-11-12,6020.05,0.0458629999999999,,,399967,中证军工,CNY,CN10Y
2007-11-13,6126.02,0.045861,,,399967,中证军工,CNY,CN10Y
2007-11-14,6357.56,0.045922,,,399967,中证军工,CNY,CN10Y
2007-11-15,6213.38,0.045973,,,399967,中证军工,CNY,CN10Y
2007-11-16,6274.76,0.045974,,,399967,中证军工,CNY,CN10Y
2007-11-19,6350.53,0.045822,,,399967,中证军工,CNY,CN10Y
2007-11-20,6420.13,0.045569,,,399967,中证军工,CNY,CN10Y
2007-11-21,6371.94,0.04545,,,399967,中证军工,CNY,CN10Y
2007-11-22,6155.67,0.0455,,,399967,中证军工,CNY,CN10Y
2007-11-23,6312.12,0.0454,,,399967,中证军工,CNY,CN10Y
2007-11-26,6229.08,0.04535,,,399967,中证军工,CNY,CN10Y
2007-11-27,6117.13,0.045247,,,399967,中证军工,CNY,CN10Y
2007-11-28,6081.37,0.045089,,,399967,中证军工,CNY,CN10Y
2007-11-29,6297.58,0.045084,,,399967,中证军工,CNY,CN10Y
2007-11-30,6336.26,0.045086,,,399967,中证军工,CNY,CN10Y
2007-12-03,6295.41,0.045085,,,399967,中证军工,CNY,CN10Y
2007-12-04,6316.52,0.045085,,,399967,中证军工,CNY,CN10Y
2007-12-05,6451.44,0.045096,,,399967,中证军工,CNY,CN10Y
2007-12-06,6528.03,0.045038,,,399967,中证军工,CNY,CN10Y
2007-12-07,6531.04,0.045043,,,399967,中证军工,CNY,CN10Y
2007-12-10,6734.22,0.044996,,,399967,中证军工,CNY,CN10Y
2007-12-11,6969.61,0.0451159999999999,,,399967,中证军工,CNY,CN10Y
2007-12-12,6989.75,0.045118,,,399967,中证军工,CNY,CN10Y
2007-12-13,6724.13,0.045067,,,399967,中证军工,CNY,CN10Y
2007-12-14,6802.15,0.044251,,,399967,中证军工,CNY,CN10Y
2007-12-17,6779.69,0.044282,,,399967,中证军工,CNY,CN10Y
2007-12-18,6733.32,0.044279,,,399967,中证军工,CNY,CN10Y
2007-12-19,6831.76,0.04428,,,399967,中证军工,CNY,CN10Y
2007-12-20,6917.81,0.044282,,,399967,中证军工,CNY,CN10Y
2007-12-21,7005.55,0.044526,,,399967,中证军工,CNY,CN10Y
2007-12-24,7135.1,0.044517,,,399967,中证军工,CNY,CN10Y
2007-12-25,7269.18,0.044528,,,399967,中证军工,CNY,CN10Y
2007-12-26,7344.64,0.044541,,,399967,中证军工,CNY,CN10Y
2007-12-27,7436.68,0.044005,,,399967,中证军工,CNY,CN10Y
2007-12-28,7464.34,0.044357,,,399967,中证军工,CNY,CN10Y
2007-12-29,,0.044253,,,399967,中证军工,CNY,CN10Y
2008-01-02,7688.43,0.044363,,,399967,中证军工,CNY,CN10Y
2008-01-03,7845.92,0.044263,,,399967,中证军工,CNY,CN10Y
2008-01-04,7915.96,0.044013,,,399967,中证军工,CNY,CN10Y
2008-01-07,8082.38,0.043948,,,399967,中证军工,CNY,CN10Y
2008-01-08,7970.11,0.044024,,,399967,中证军工,CNY,CN10Y
2008-01-09,8118.76,0.044022,,,399967,中证军工,CNY,CN10Y
2008-01-10,8154.14,0.0440669999999999,,,399967,中证军工,CNY,CN10Y
2008-01-11,8055.46,0.043893,,,399967,中证军工,CNY,CN10Y
2008-01-14,8087.59,0.04402,,,399967,中证军工,CNY,CN10Y
2008-01-15,8094.43,0.044022,,,399967,中证军工,CNY,CN10Y
2008-01-16,7978.48,0.044028,,,399967,中证军工,CNY,CN10Y
2008-01-17,7745.25,0.043978,,,399967,中证军工,CNY,CN10Y
2008-01-18,7820.68,0.0440299999999999,,,399967,中证军工,CNY,CN10Y
2008-01-21,7561.1,0.0437769999999999,,,399967,中证军工,CNY,CN10Y
2008-01-22,6913.19,0.0436789999999999,,,399967,中证军工,CNY,CN10Y
2008-01-23,7212.7,0.042883,,,399967,中证军工,CNY,CN10Y
2008-01-24,7486.34,0.042433,,,399967,中证军工,CNY,CN10Y
2008-01-25,7444.94,0.04244,,,399967,中证军工,CNY,CN10Y
2008-01-28,7021.76,0.042226,,,399967,中证军工,CNY,CN10Y
2008-01-29,7172.4,0.042539,,,399967,中证军工,CNY,CN10Y
2008-01-30,7144.08,0.042502,,,399967,中证军工,CNY,CN10Y
2008-01-31,6839.72,0.0419369999999999,,,399967,中证军工,CNY,CN10Y
2008-02-01,6533.62,0.041308,,,399967,中证军工,CNY,CN10Y
2008-02-02,,0.041307,,,399967,中证军工,CNY,CN10Y
2008-02-03,,0.041309,,,399967,中证军工,CNY,CN10Y
2008-02-04,7035.92,0.041311,,,399967,中证军工,CNY,CN10Y
2008-02-05,7026.58,0.041458,,,399967,中证军工,CNY,CN10Y
2008-02-13,6954.64,0.041559,,,399967,中证军工,CNY,CN10Y
2008-02-14,7022.79,0.041561,,,399967,中证军工,CNY,CN10Y
2008-02-15,6915.66,0.041791,,,399967,中证军工,CNY,CN10Y
2008-02-18,7108.56,0.041924,,,399967,中证军工,CNY,CN10Y
2008-02-19,7271.59,0.042176,,,399967,中证军工,CNY,CN10Y
2008-02-20,7210.31,0.041744,,,399967,中证军工,CNY,CN10Y
2008-02-21,7318.94,0.041818,,,399967,中证军工,CNY,CN10Y
2008-02-22,7113.16,0.0416,,,399967,中证军工,CNY,CN10Y
2008-02-25,6782.9,0.041439,,,399967,中证军工,CNY,CN10Y
2008-02-26,6689.43,0.041413,,,399967,中证军工,CNY,CN10Y
2008-02-27,6883.09,0.041436,,,399967,中证军工,CNY,CN10Y
2008-02-28,6857.81,0.041283,,,399967,中证军工,CNY,CN10Y
2008-02-29,6981.24,0.041283,,,399967,中证军工,CNY,CN10Y
2008-03-03,7223.81,0.0412849999999999,,,399967,中证军工,CNY,CN10Y
2008-03-04,7161.16,0.041521,,,399967,中证军工,CNY,CN10Y
2008-03-05,7135.74,0.041635,,,399967,中证军工,CNY,CN10Y
2008-03-06,7248.4,0.041768,,,399967,中证军工,CNY,CN10Y
2008-03-07,7082.17,0.04176,,,399967,中证军工,CNY,CN10Y
2008-03-10,6856.3,0.041768,,,399967,中证军工,CNY,CN10Y
2008-03-11,6926.0,0.041953,,,399967,中证军工,CNY,CN10Y
2008-03-12,6759.25,0.041954,,,399967,中证军工,CNY,CN10Y
2008-03-13,6371.19,0.0417,,,399967,中证军工,CNY,CN10Y
2008-03-14,6239.62,0.0415,,,399967,中证军工,CNY,CN10Y
2008-03-17,5750.43,0.0412479999999999,,,399967,中证军工,CNY,CN10Y
2008-03-18,5303.3,0.041151,,,399967,中证军工,CNY,CN10Y
2008-03-19,5511.1,0.04075,,,399967,中证军工,CNY,CN10Y
2008-03-20,5708.04,0.0408,,,399967,中证军工,CNY,CN10Y
2008-03-21,5833.14,0.0408,,,399967,中证军工,CNY,CN10Y
2008-03-24,5615.22,0.04077,,,399967,中证军工,CNY,CN10Y
2008-03-25,5667.78,0.040511,,,399967,中证军工,CNY,CN10Y
2008-03-26,5633.36,0.040404,,,399967,中证军工,CNY,CN10Y
2008-03-27,5354.48,0.040008,,,399967,中证军工,CNY,CN10Y
2008-03-28,5504.78,0.040116,,,399967,中证军工,CNY,CN10Y
2008-03-31,5189.38,0.04046,,,399967,中证军工,CNY,CN10Y
2008-04-01,4779.0,0.040563,,,399967,中证军工,CNY,CN10Y
2008-04-02,4615.8,0.040517,,,399967,中证军工,CNY,CN10Y
2008-04-03,4705.66,0.040444,,,399967,中证军工,CNY,CN10Y
2008-04-07,5023.08,0.04045,,,399967,中证军工,CNY,CN10Y
2008-04-08,5121.18,0.0404509999999999,,,399967,中证军工,CNY,CN10Y
2008-04-09,4789.29,0.0404509999999999,,,399967,中证军工,CNY,CN10Y
2008-04-10,4847.52,0.0404049999999999,,,399967,中证军工,CNY,CN10Y
2008-04-11,4949.29,0.040457,,,399967,中证军工,CNY,CN10Y
2008-04-14,4579.0,0.040436,,,399967,中证军工,CNY,CN10Y
2008-04-15,4720.08,0.040244,,,399967,中证军工,CNY,CN10Y
2008-04-16,4552.75,0.040184,,,399967,中证军工,CNY,CN10Y
2008-04-17,4387.1,0.040185,,,399967,中证军工,CNY,CN10Y
2008-04-18,4240.85,0.0400849999999999,,,399967,中证军工,CNY,CN10Y
2008-04-21,4221.75,0.040087,,,399967,中证军工,CNY,CN10Y
2008-04-22,4101.7,0.04009,,,399967,中证军工,CNY,CN10Y
2008-04-23,4302.08,0.040244,,,399967,中证军工,CNY,CN10Y
2008-04-24,4674.11,0.040601,,,399967,中证军工,CNY,CN10Y
2008-04-25,4769.94,0.040654,,,399967,中证军工,CNY,CN10Y
2008-04-28,4701.97,0.040707,,,399967,中证军工,CNY,CN10Y
2008-04-29,4763.83,0.040736,,,399967,中证军工,CNY,CN10Y
2008-04-30,5004.97,0.040725,,,399967,中证军工,CNY,CN10Y
2008-05-04,,0.040704,,,399967,中证军工,CNY,CN10Y
2008-05-05,5271.5,0.040631,,,399967,中证军工,CNY,CN10Y
2008-05-06,5169.9,0.040632,,,399967,中证军工,CNY,CN10Y
2008-05-07,5023.61,0.04135,,,399967,中证军工,CNY,CN10Y
2008-05-08,5196.67,0.041253,,,399967,中证军工,CNY,CN10Y
2008-05-09,5117.7,0.04121,,,399967,中证军工,CNY,CN10Y
2008-05-12,5273.19,0.041517,,,399967,中证军工,CNY,CN10Y
2008-05-13,5088.15,0.041486,,,399967,中证军工,CNY,CN10Y
2008-05-14,5237.36,0.041653,,,399967,中证军工,CNY,CN10Y
2008-05-15,5205.43,0.041691,,,399967,中证军工,CNY,CN10Y
2008-05-16,5137.01,0.041493,,,399967,中证军工,CNY,CN10Y
2008-05-19,5103.72,0.041669,,,399967,中证军工,CNY,CN10Y
2008-05-20,4813.16,0.041676,,,399967,中证军工,CNY,CN10Y
2008-05-21,4835.47,0.041677,,,399967,中证军工,CNY,CN10Y
2008-05-22,4723.13,0.041631,,,399967,中证军工,CNY,CN10Y
2008-05-23,4696.1,0.0416319999999999,,,399967,中证军工,CNY,CN10Y
2008-05-26,4625.48,0.041636,,,399967,中证军工,CNY,CN10Y
2008-05-27,4684.62,0.041618,,,399967,中证军工,CNY,CN10Y
2008-05-28,4775.74,0.041676,,,399967,中证军工,CNY,CN10Y
2008-05-29,4653.74,0.041636,,,399967,中证军工,CNY,CN10Y
2008-05-30,4734.53,0.041589,,,399967,中证军工,CNY,CN10Y
2008-06-02,4755.47,0.041626,,,399967,中证军工,CNY,CN10Y
2008-06-03,4813.17,0.041588,,,399967,中证军工,CNY,CN10Y
2008-06-04,4797.34,0.041589,,,399967,中证军工,CNY,CN10Y
2008-06-05,4765.11,0.0415909999999999,,,399967,中证军工,CNY,CN10Y
2008-06-06,4673.81,0.0416169999999999,,,399967,中证军工,CNY,CN10Y
2008-06-10,4260.85,0.042069,,,399967,中证军工,CNY,CN10Y
2008-06-11,4098.49,0.043193,,,399967,中证军工,CNY,CN10Y
2008-06-12,4042.99,0.043009,,,399967,中证军工,CNY,CN10Y
2008-06-13,3870.25,0.043128,,,399967,中证军工,CNY,CN10Y
2008-06-16,3742.27,0.0431789999999999,,,399967,中证军工,CNY,CN10Y
2008-06-17,3636.55,0.043354,,,399967,中证军工,CNY,CN10Y
2008-06-18,3814.42,0.043356,,,399967,中证军工,CNY,CN10Y
2008-06-19,3480.35,0.043358,,,399967,中证军工,CNY,CN10Y
2008-06-20,3480.38,0.0442129999999999,,,399967,中证军工,CNY,CN10Y
2008-06-23,3416.99,0.044716,,,399967,中证军工,CNY,CN10Y
2008-06-24,3501.98,0.044626,,,399967,中证军工,CNY,CN10Y
2008-06-25,3702.64,0.044582,,,399967,中证军工,CNY,CN10Y
2008-06-26,3767.09,0.045182,,,399967,中证军工,CNY,CN10Y
2008-06-27,3495.22,0.0455799999999999,,,399967,中证军工,CNY,CN10Y
2008-06-30,3508.81,0.045285,,,399967,中证军工,CNY,CN10Y
2008-07-01,3404.33,0.045309,,,399967,中证军工,CNY,CN10Y
2008-07-02,3441.78,0.04536,,,399967,中证军工,CNY,CN10Y
2008-07-03,3606.67,0.045311,,,399967,中证军工,CNY,CN10Y
2008-07-04,3611.75,0.045313,,,399967,中证军工,CNY,CN10Y
2008-07-07,3805.04,0.045529,,,399967,中证军工,CNY,CN10Y
2008-07-08,3871.67,0.045331,,,399967,中证军工,CNY,CN10Y
2008-07-09,3969.19,0.0450589999999999,,,399967,中证军工,CNY,CN10Y
2008-07-10,3957.25,0.044725,,,399967,中证军工,CNY,CN10Y
2008-07-11,3934.33,0.044562,,,399967,中证军工,CNY,CN10Y
2008-07-14,3980.64,0.044328,,,399967,中证军工,CNY,CN10Y
2008-07-15,3848.45,0.044332,,,399967,中证军工,CNY,CN10Y
2008-07-16,3656.14,0.0443379999999999,,,399967,中证军工,CNY,CN10Y
2008-07-17,3662.62,0.04434,,,399967,中证军工,CNY,CN10Y
2008-07-18,3769.98,0.044236,,,399967,中证军工,CNY,CN10Y
2008-07-21,3914.77,0.0441899999999999,,,399967,中证军工,CNY,CN10Y
2008-07-22,3918.39,0.044135,,,399967,中证军工,CNY,CN10Y
2008-07-23,3883.9,0.0441359999999999,,,399967,中证军工,CNY,CN10Y
2008-07-24,3960.88,0.044137,,,399967,中证军工,CNY,CN10Y
2008-07-25,3964.57,0.044342,,,399967,中证军工,CNY,CN10Y
2008-07-28,4008.43,0.044374,,,399967,中证军工,CNY,CN10Y
2008-07-29,3895.33,0.0444,,,399967,中证军工,CNY,CN10Y
2008-07-30,3874.4,0.044351,,,399967,中证军工,CNY,CN10Y
2008-07-31,3729.2,0.044401,,,399967,中证军工,CNY,CN10Y
2008-08-01,3772.59,0.0446009999999999,,,399967,中证军工,CNY,CN10Y
2008-08-04,3674.14,0.044612,,,399967,中证军工,CNY,CN10Y
2008-08-05,3629.88,0.044565,,,399967,中证军工,CNY,CN10Y
2008-08-06,3657.23,0.044411,,,399967,中证军工,CNY,CN10Y
2008-08-07,3661.67,0.0452379999999999,,,399967,中证军工,CNY,CN10Y
2008-08-08,3392.79,0.044988,,,399967,中证军工,CNY,CN10Y
2008-08-11,3130.76,0.045596,,,399967,中证军工,CNY,CN10Y
2008-08-12,3087.69,0.045139,,,399967,中证军工,CNY,CN10Y
2008-08-13,3081.73,0.045038,,,399967,中证军工,CNY,CN10Y
2008-08-14,3090.72,0.044736,,,399967,中证军工,CNY,CN10Y
2008-08-15,3077.96,0.044133,,,399967,中证军工,CNY,CN10Y
2008-08-18,2920.17,0.044141,,,399967,中证军工,CNY,CN10Y
2008-08-19,2937.61,0.044042,,,399967,中证军工,CNY,CN10Y
2008-08-20,3179.36,0.043944,,,399967,中证军工,CNY,CN10Y
2008-08-21,3069.32,0.043689,,,399967,中证军工,CNY,CN10Y
2008-08-22,2982.52,0.043554,,,399967,中证军工,CNY,CN10Y
2008-08-25,2971.4,0.043431,,,399967,中证军工,CNY,CN10Y
2008-08-26,2807.13,0.043292,,,399967,中证军工,CNY,CN10Y
2008-08-27,2773.52,0.0430959999999999,,,399967,中证军工,CNY,CN10Y
2008-08-28,2762.31,0.042753,,,399967,中证军工,CNY,CN10Y
2008-08-29,2845.13,0.042234,,,399967,中证军工,CNY,CN10Y
2008-09-01,2742.65,0.041363,,,399967,中证军工,CNY,CN10Y
2008-09-02,2744.64,0.041714,,,399967,中证军工,CNY,CN10Y
2008-09-03,2792.15,0.0414109999999999,,,399967,中证军工,CNY,CN10Y
2008-09-04,2781.65,0.041643,,,399967,中证军工,CNY,CN10Y
2008-09-05,2687.39,0.041703,,,399967,中证军工,CNY,CN10Y
2008-09-08,2603.64,0.041705,,,399967,中证军工,CNY,CN10Y
2008-09-09,2589.87,0.041429,,,399967,中证军工,CNY,CN10Y
2008-09-10,2619.6,0.0410149999999999,,,399967,中证军工,CNY,CN10Y
2008-09-11,2551.5,0.040631,,,399967,中证军工,CNY,CN10Y
2008-09-12,2552.66,0.039712,,,399967,中证军工,CNY,CN10Y
2008-09-16,2527.4,0.038,,,399967,中证军工,CNY,CN10Y
2008-09-17,2464.56,0.037119,,,399967,中证军工,CNY,CN10Y
2008-09-18,2404.12,0.03712,,,399967,中证军工,CNY,CN10Y
2008-09-19,2625.61,0.0369,,,399967,中证军工,CNY,CN10Y
2008-09-22,2819.95,0.0375939999999999,,,399967,中证军工,CNY,CN10Y
2008-09-23,2731.14,0.037612,,,399967,中证军工,CNY,CN10Y
2008-09-24,2700.65,0.037601,,,399967,中证军工,CNY,CN10Y
2008-09-25,2780.48,0.037276,,,399967,中证军工,CNY,CN10Y
2008-09-26,2728.61,0.037282,,,399967,中证军工,CNY,CN10Y
2008-09-27,,0.037143,,,399967,中证军工,CNY,CN10Y
2008-09-28,,0.037155,,,399967,中证军工,CNY,CN10Y
2008-10-06,2552.91,0.036809,,,399967,中证军工,CNY,CN10Y
2008-10-07,2504.56,0.035309,,,399967,中证军工,CNY,CN10Y
2008-10-08,2427.09,0.033499,,,399967,中证军工,CNY,CN10Y
2008-10-09,2410.91,0.0315,,,399967,中证军工,CNY,CN10Y
2008-10-10,2270.37,0.03051,,,399967,中证军工,CNY,CN10Y
2008-10-13,2311.68,0.0312599999999999,,,399967,中证军工,CNY,CN10Y
2008-10-14,2262.95,0.031593,,,399967,中证军工,CNY,CN10Y
2008-10-15,2245.04,0.031062,,,399967,中证军工,CNY,CN10Y
2008-10-16,2136.19,0.031267,,,399967,中证军工,CNY,CN10Y
2008-10-17,2162.3,0.031768,,,399967,中证军工,CNY,CN10Y
2008-10-20,2214.71,0.03182,,,399967,中证军工,CNY,CN10Y
2008-10-21,2226.0,0.031826,,,399967,中证军工,CNY,CN10Y
2008-10-22,2160.51,0.031922,,,399967,中证军工,CNY,CN10Y
2008-10-23,2149.31,0.031978,,,399967,中证军工,CNY,CN10Y
2008-10-24,2137.65,0.031931,,,399967,中证军工,CNY,CN10Y
2008-10-27,1996.87,0.031522,,,399967,中证军工,CNY,CN10Y
2008-10-28,2059.04,0.031042,,,399967,中证军工,CNY,CN10Y
2008-10-29,1996.96,0.030694,,,399967,中证军工,CNY,CN10Y
2008-10-30,2006.47,0.030703,,,399967,中证军工,CNY,CN10Y
2008-10-31,1978.86,0.030751,,,399967,中证军工,CNY,CN10Y
2008-11-03,1968.8,0.030549,,,399967,中证军工,CNY,CN10Y
2008-11-04,1930.95,0.030569,,,399967,中证军工,CNY,CN10Y
2008-11-05,1987.57,0.030676,,,399967,中证军工,CNY,CN10Y
2008-11-06,1983.34,0.030424,,,399967,中证军工,CNY,CN10Y
2008-11-07,2001.51,0.029767,,,399967,中证军工,CNY,CN10Y
2008-11-10,2139.65,0.029005,,,399967,中证军工,CNY,CN10Y
2008-11-11,2104.17,0.029221,,,399967,中证军工,CNY,CN10Y
2008-11-12,2150.05,0.028969,,,399967,中证军工,CNY,CN10Y
2008-11-13,2221.27,0.028639,,,399967,中证军工,CNY,CN10Y
2008-11-14,2331.43,0.0294819999999999,,,399967,中证军工,CNY,CN10Y
2008-11-17,2424.62,0.029984,,,399967,中证军工,CNY,CN10Y
2008-11-18,2234.0,0.0299739999999999,,,399967,中证军工,CNY,CN10Y
2008-11-19,2385.6,0.030885,,,399967,中证军工,CNY,CN10Y
2008-11-20,2374.44,0.030531,,,399967,中证军工,CNY,CN10Y
2008-11-21,2398.83,0.030049,,,399967,中证军工,CNY,CN10Y
2008-11-24,2287.13,0.030638,,,399967,中证军工,CNY,CN10Y
2008-11-25,2260.05,0.031728,,,399967,中证军工,CNY,CN10Y
2008-11-26,2259.91,0.031034,,,399967,中证军工,CNY,CN10Y
2008-11-27,2284.23,0.029064,,,399967,中证军工,CNY,CN10Y
2008-11-28,2227.67,0.029905,,,399967,中证军工,CNY,CN10Y
2008-12-01,2307.43,0.030378,,,399967,中证军工,CNY,CN10Y
2008-12-02,2346.84,0.030306,,,399967,中证军工,CNY,CN10Y
2008-12-03,2471.85,0.029467,,,399967,中证军工,CNY,CN10Y
2008-12-04,2499.43,0.0293429999999999,,,399967,中证军工,CNY,CN10Y
2008-12-05,2547.31,0.029061,,,399967,中证军工,CNY,CN10Y
2008-12-08,2667.24,0.029053,,,399967,中证军工,CNY,CN10Y
2008-12-09,2612.67,0.030072,,,399967,中证军工,CNY,CN10Y
2008-12-10,2685.29,0.03013,,,399967,中证军工,CNY,CN10Y
2008-12-11,2604.2,0.03004,,,399967,中证军工,CNY,CN10Y
2008-12-12,2508.73,0.029237,,,399967,中证军工,CNY,CN10Y
2008-12-15,2553.38,0.029186,,,399967,中证军工,CNY,CN10Y
2008-12-16,2572.59,0.029243,,,399967,中证军工,CNY,CN10Y
2008-12-17,2637.89,0.0281,,,399967,中证军工,CNY,CN10Y
2008-12-18,2711.18,0.0270429999999999,,,399967,中证军工,CNY,CN10Y
2008-12-19,2716.69,0.027384,,,399967,中证军工,CNY,CN10Y
2008-12-22,2742.92,0.0273899999999999,,,399967,中证军工,CNY,CN10Y
2008-12-23,2574.89,0.0268869999999999,,,399967,中证军工,CNY,CN10Y
2008-12-24,2561.31,0.027045,,,399967,中证军工,CNY,CN10Y
2008-12-25,2529.21,0.0270469999999999,,,399967,中证军工,CNY,CN10Y
2008-12-26,2525.97,0.027301,,,399967,中证军工,CNY,CN10Y
2008-12-29,2554.45,0.027559,,,399967,中证军工,CNY,CN10Y
2008-12-30,2545.57,0.027566,,,399967,中证军工,CNY,CN10Y
2008-12-31,2494.3,0.027521,,,399967,中证军工,CNY,CN10Y
2009-01-04,,0.027102,,,399967,中证军工,CNY,CN10Y
2009-01-05,2604.86,0.0273,,,399967,中证军工,CNY,CN10Y
2009-01-06,2694.79,0.026909,,,399967,中证军工,CNY,CN10Y
2009-01-07,2757.92,0.026711,,,399967,中证军工,CNY,CN10Y
2009-01-08,2712.64,0.026716,,,399967,中证军工,CNY,CN10Y
2009-01-09,2779.43,0.026722,,,399967,中证军工,CNY,CN10Y
2009-01-12,2811.92,0.027,,,399967,中证军工,CNY,CN10Y
2009-01-13,2704.3,0.0282569999999999,,,399967,中证军工,CNY,CN10Y
2009-01-14,2808.16,0.028818,,,399967,中证军工,CNY,CN10Y
2009-01-15,2873.41,0.029897,,,399967,中证军工,CNY,CN10Y
2009-01-16,2905.98,0.02994,,,399967,中证军工,CNY,CN10Y
2009-01-19,2899.97,0.030123,,,399967,中证军工,CNY,CN10Y
2009-01-20,2939.4,0.0309949999999999,,,399967,中证军工,CNY,CN10Y
2009-01-21,3028.9,0.031398,,,399967,中证军工,CNY,CN10Y
2009-01-22,3096.69,0.030619,,,399967,中证军工,CNY,CN10Y
2009-01-23,3072.95,0.030367,,,399967,中证军工,CNY,CN10Y
2009-01-24,,0.030368,,,399967,中证军工,CNY,CN10Y
2009-02-01,,0.0305019999999999,,,399967,中证军工,CNY,CN10Y
2009-02-02,3187.5,0.031433,,,399967,中证军工,CNY,CN10Y
2009-02-03,3265.4,0.031766,,,399967,中证军工,CNY,CN10Y
2009-02-04,3282.86,0.032946,,,399967,中证军工,CNY,CN10Y
2009-02-05,3216.64,0.034013,,,399967,中证军工,CNY,CN10Y
2009-02-06,3346.81,0.0329669999999999,,,399967,中证军工,CNY,CN10Y
2009-02-09,3483.21,0.03269,,,399967,中证军工,CNY,CN10Y
2009-02-10,3521.1,0.033001,,,399967,中证军工,CNY,CN10Y
2009-02-11,3510.88,0.032323,,,399967,中证军工,CNY,CN10Y
2009-02-12,3702.22,0.031271,,,399967,中证军工,CNY,CN10Y
2009-02-13,3795.29,0.031321,,,399967,中证军工,CNY,CN10Y
2009-02-16,3776.31,0.031547,,,399967,中证军工,CNY,CN10Y
2009-02-17,3633.48,0.031897,,,399967,中证军工,CNY,CN10Y
2009-02-18,3493.52,0.031703,,,399967,中证军工,CNY,CN10Y
2009-02-19,3563.67,0.031385,,,399967,中证军工,CNY,CN10Y
2009-02-20,3683.47,0.031583,,,399967,中证军工,CNY,CN10Y
2009-02-23,3783.43,0.031555,,,399967,中证军工,CNY,CN10Y
2009-02-24,3676.5,0.031508,,,399967,中证军工,CNY,CN10Y
2009-02-25,3750.14,0.031412,,,399967,中证军工,CNY,CN10Y
2009-02-26,3486.25,0.0314469999999999,,,399967,中证军工,CNY,CN10Y
2009-02-27,3205.61,0.031508,,,399967,中证军工,CNY,CN10Y
2009-03-02,3246.75,0.031582,,,399967,中证军工,CNY,CN10Y
2009-03-03,3311.44,0.031755,,,399967,中证军工,CNY,CN10Y
2009-03-04,3522.93,0.032075,,,399967,中证军工,CNY,CN10Y
2009-03-05,3554.2,0.03231,,,399967,中证军工,CNY,CN10Y
2009-03-06,3492.26,0.032291,,,399967,中证军工,CNY,CN10Y
2009-03-09,3325.6,0.0320359999999999,,,399967,中证军工,CNY,CN10Y
2009-03-10,3412.41,0.03178,,,399967,中证军工,CNY,CN10Y
2009-03-11,3380.27,0.031331,,,399967,中证军工,CNY,CN10Y
2009-03-12,3410.42,0.031524,,,399967,中证军工,CNY,CN10Y
2009-03-13,3382.4,0.03148,,,399967,中证军工,CNY,CN10Y
2009-03-16,3453.26,0.031534,,,399967,中证军工,CNY,CN10Y
2009-03-17,3573.73,0.031249,,,399967,中证军工,CNY,CN10Y
2009-03-18,3598.7,0.031,,,399967,中证军工,CNY,CN10Y
2009-03-19,3677.53,0.030768,,,399967,中证军工,CNY,CN10Y
2009-03-20,3636.83,0.030772,,,399967,中证军工,CNY,CN10Y
2009-03-23,3755.87,0.030831,,,399967,中证军工,CNY,CN10Y
2009-03-24,3848.33,0.031295,,,399967,中证军工,CNY,CN10Y
2009-03-25,3731.72,0.031297,,,399967,中证军工,CNY,CN10Y
2009-03-26,3814.13,0.031606,,,399967,中证军工,CNY,CN10Y
2009-03-27,3887.09,0.031594,,,399967,中证军工,CNY,CN10Y
2009-03-30,3901.28,0.031608,,,399967,中证军工,CNY,CN10Y
2009-03-31,3905.1,0.031612,,,399967,中证军工,CNY,CN10Y
2009-04-01,3979.21,0.031618,,,399967,中证军工,CNY,CN10Y
2009-04-02,4053.99,0.031714,,,399967,中证军工,CNY,CN10Y
2009-04-03,4066.44,0.031805,,,399967,中证军工,CNY,CN10Y
2009-04-07,4113.73,0.031805,,,399967,中证军工,CNY,CN10Y
2009-04-08,4059.42,0.031869,,,399967,中证军工,CNY,CN10Y
2009-04-09,4134.75,0.031949,,,399967,中证军工,CNY,CN10Y
2009-04-10,4246.12,0.0319539999999999,,,399967,中证军工,CNY,CN10Y
2009-04-13,4355.02,0.031953,,,399967,中证军工,CNY,CN10Y
2009-04-14,4432.5,0.032044,,,399967,中证军工,CNY,CN10Y
2009-04-15,4481.75,0.032114,,,399967,中证军工,CNY,CN10Y
2009-04-16,4522.87,0.031841,,,399967,中证军工,CNY,CN10Y
2009-04-17,4389.52,0.031634,,,399967,中证军工,CNY,CN10Y
2009-04-20,4476.3,0.031412,,,399967,中证军工,CNY,CN10Y
2009-04-21,4471.61,0.031616,,,399967,中证军工,CNY,CN10Y
2009-04-22,4248.0,0.031609,,,399967,中证军工,CNY,CN10Y
2009-04-23,4279.63,0.031618,,,399967,中证军工,CNY,CN10Y
2009-04-24,4190.13,0.0315709999999999,,,399967,中证军工,CNY,CN10Y
2009-04-27,3978.99,0.031579,,,399967,中证军工,CNY,CN10Y
2009-04-28,4030.54,0.031532,,,399967,中证军工,CNY,CN10Y
2009-04-29,4153.23,0.031286,,,399967,中证军工,CNY,CN10Y
2009-04-30,4179.5,0.031072,,,399967,中证军工,CNY,CN10Y
2009-05-04,4311.66,0.0310919999999999,,,399967,中证军工,CNY,CN10Y
2009-05-05,4401.1,0.031036,,,399967,中证军工,CNY,CN10Y
2009-05-06,4448.62,0.030795,,,399967,中证军工,CNY,CN10Y
2009-05-07,4403.09,0.030739,,,399967,中证军工,CNY,CN10Y
2009-05-08,4336.8,0.030701,,,399967,中证军工,CNY,CN10Y
2009-05-11,4157.06,0.030698,,,399967,中证军工,CNY,CN10Y
2009-05-12,4268.64,0.030662,,,399967,中证军工,CNY,CN10Y
2009-05-13,4302.14,0.030365,,,399967,中证军工,CNY,CN10Y
2009-05-14,4336.48,0.030318,,,399967,中证军工,CNY,CN10Y
2009-05-15,4301.06,0.0303209999999999,,,399967,中证军工,CNY,CN10Y
2009-05-18,4308.87,0.030277,,,399967,中证军工,CNY,CN10Y
2009-05-19,4369.19,0.030384,,,399967,中证军工,CNY,CN10Y
2009-05-20,4344.69,0.030386,,,399967,中证军工,CNY,CN10Y
2009-05-21,4288.74,0.030388,,,399967,中证军工,CNY,CN10Y
2009-05-22,4295.83,0.030434,,,399967,中证军工,CNY,CN10Y
2009-05-25,4307.42,0.030441,,,399967,中证军工,CNY,CN10Y
2009-05-26,4344.39,0.030546,,,399967,中证军工,CNY,CN10Y
2009-05-27,4343.08,0.03039,,,399967,中证军工,CNY,CN10Y
2009-05-31,,0.030409,,,399967,中证军工,CNY,CN10Y
2009-06-01,4432.32,0.030615,,,399967,中证军工,CNY,CN10Y
2009-06-02,4472.19,0.030515,,,399967,中证军工,CNY,CN10Y
2009-06-03,4461.95,0.03065,,,399967,中证军工,CNY,CN10Y
2009-06-04,4453.93,0.031349,,,399967,中证军工,CNY,CN10Y
2009-06-05,4432.76,0.031474,,,399967,中证军工,CNY,CN10Y
2009-06-08,4411.78,0.031543,,,399967,中证军工,CNY,CN10Y
2009-06-09,4468.88,0.031481,,,399967,中证军工,CNY,CN10Y
2009-06-10,4469.2,0.03166,,,399967,中证军工,CNY,CN10Y
2009-06-11,4425.81,0.0317,,,399967,中证军工,CNY,CN10Y
2009-06-12,4322.27,0.031868,,,399967,中证军工,CNY,CN10Y
2009-06-15,4370.91,0.031947,,,399967,中证军工,CNY,CN10Y
2009-06-16,4364.61,0.031476,,,399967,中证军工,CNY,CN10Y
2009-06-17,4405.39,0.031332,,,399967,中证军工,CNY,CN10Y
2009-06-18,4402.47,0.031536,,,399967,中证军工,CNY,CN10Y
2009-06-19,4406.2,0.031543,,,399967,中证军工,CNY,CN10Y
2009-06-22,4384.85,0.031876,,,399967,中证军工,CNY,CN10Y
2009-06-23,4346.03,0.032325,,,399967,中证军工,CNY,CN10Y
2009-06-24,4399.39,0.032397,,,399967,中证军工,CNY,CN10Y
2009-06-25,4371.81,0.032525,,,399967,中证军工,CNY,CN10Y
2009-06-26,4375.68,0.032628,,,399967,中证军工,CNY,CN10Y
2009-06-29,4388.02,0.032456,,,399967,中证军工,CNY,CN10Y
2009-06-30,4365.07,0.032403,,,399967,中证军工,CNY,CN10Y
2009-07-01,4368.41,0.0323,,,399967,中证军工,CNY,CN10Y
2009-07-02,4491.63,0.032277,,,399967,中证军工,CNY,CN10Y
2009-07-03,4491.74,0.032534,,,399967,中证军工,CNY,CN10Y
2009-07-06,4462.98,0.032702,,,399967,中证军工,CNY,CN10Y
2009-07-07,4459.69,0.032706,,,399967,中证军工,CNY,CN10Y
2009-07-08,4609.65,0.032709,,,399967,中证军工,CNY,CN10Y
2009-07-09,4807.91,0.033068,,,399967,中证军工,CNY,CN10Y
2009-07-10,4779.57,0.033056,,,399967,中证军工,CNY,CN10Y
2009-07-13,4858.29,0.03306,,,399967,中证军工,CNY,CN10Y
2009-07-14,4913.55,0.033322,,,399967,中证军工,CNY,CN10Y
2009-07-15,5008.26,0.033816,,,399967,中证军工,CNY,CN10Y
2009-07-16,4968.16,0.034421,,,399967,中证军工,CNY,CN10Y
2009-07-17,4973.1,0.03451,,,399967,中证军工,CNY,CN10Y
2009-07-20,5091.72,0.03478,,,399967,中证军工,CNY,CN10Y
2009-07-21,4937.39,0.034697,,,399967,中证军工,CNY,CN10Y
2009-07-22,5020.46,0.034522,,,399967,中证军工,CNY,CN10Y
2009-07-23,5127.6,0.034511,,,399967,中证军工,CNY,CN10Y
2009-07-24,5106.46,0.034588,,,399967,中证军工,CNY,CN10Y
2009-07-27,5338.13,0.035091,,,399967,中证军工,CNY,CN10Y
2009-07-28,5453.94,0.034866,,,399967,中证军工,CNY,CN10Y
2009-07-29,5129.68,0.0350199999999999,,,399967,中证军工,CNY,CN10Y
2009-07-30,5345.11,0.034905,,,399967,中证军工,CNY,CN10Y
2009-07-31,5486.62,0.03503,,,399967,中证军工,CNY,CN10Y
2009-08-03,5602.1,0.035034,,,399967,中证军工,CNY,CN10Y
2009-08-04,5528.43,0.03515,,,399967,中证军工,CNY,CN10Y
2009-08-05,5611.86,0.035165,,,399967,中证军工,CNY,CN10Y
2009-08-06,5519.89,0.035167,,,399967,中证军工,CNY,CN10Y
2009-08-07,5270.94,0.035168,,,399967,中证军工,CNY,CN10Y
2009-08-10,5266.31,0.035177,,,399967,中证军工,CNY,CN10Y
2009-08-11,5282.54,0.0351799999999999,,,399967,中证军工,CNY,CN10Y
2009-08-12,4995.15,0.035209,,,399967,中证军工,CNY,CN10Y
2009-08-13,5031.46,0.0351869999999999,,,399967,中证军工,CNY,CN10Y
2009-08-14,4847.22,0.0351799999999999,,,399967,中证军工,CNY,CN10Y
2009-08-17,4549.19,0.035231,,,399967,中证军工,CNY,CN10Y
2009-08-18,4677.29,0.035242,,,399967,中证军工,CNY,CN10Y
2009-08-19,4447.88,0.035255,,,399967,中证军工,CNY,CN10Y
2009-08-20,4649.07,0.035162,,,399967,中证军工,CNY,CN10Y
2009-08-21,4759.08,0.035276,,,399967,中证军工,CNY,CN10Y
2009-08-24,5098.16,0.034886,,,399967,中证军工,CNY,CN10Y
2009-08-25,5069.69,0.034966,,,399967,中证军工,CNY,CN10Y
2009-08-26,5291.78,0.03485,,,399967,中证军工,CNY,CN10Y
2009-08-27,5202.35,0.034847,,,399967,中证军工,CNY,CN10Y
2009-08-28,5201.54,0.0348,,,399967,中证军工,CNY,CN10Y
2009-08-31,4876.33,0.034805,,,399967,中证军工,CNY,CN10Y
2009-09-01,4617.23,0.03481,,,399967,中证军工,CNY,CN10Y
2009-09-02,4639.14,0.034982,,,399967,中证军工,CNY,CN10Y
2009-09-03,4872.09,0.034862,,,399967,中证军工,CNY,CN10Y
2009-09-04,5023.11,0.034698,,,399967,中证军工,CNY,CN10Y
2009-09-07,5056.7,0.034317,,,399967,中证军工,CNY,CN10Y
2009-09-08,5218.89,0.034268,,,399967,中证军工,CNY,CN10Y
2009-09-09,5222.14,0.034323,,,399967,中证军工,CNY,CN10Y
2009-09-10,5096.25,0.03451,,,399967,中证军工,CNY,CN10Y
2009-09-11,5154.86,0.0346519999999999,,,399967,中证军工,CNY,CN10Y
2009-09-14,5315.09,0.0346309999999999,,,399967,中证军工,CNY,CN10Y
2009-09-15,5336.29,0.034581,,,399967,中证军工,CNY,CN10Y
2009-09-16,5310.7,0.034535,,,399967,中证军工,CNY,CN10Y
2009-09-17,5486.86,0.034636,,,399967,中证军工,CNY,CN10Y
2009-09-18,5306.21,0.034741,,,399967,中证军工,CNY,CN10Y
2009-09-21,5362.14,0.035132,,,399967,中证军工,CNY,CN10Y
2009-09-22,5144.57,0.035212,,,399967,中证军工,CNY,CN10Y
2009-09-23,4911.71,0.035126,,,399967,中证军工,CNY,CN10Y
2009-09-24,4838.09,0.0350959999999999,,,399967,中证军工,CNY,CN10Y
2009-09-25,4808.12,0.035101,,,399967,中证军工,CNY,CN10Y
2009-09-27,,0.035103,,,399967,中证军工,CNY,CN10Y
2009-09-28,4598.47,0.034917,,,399967,中证军工,CNY,CN10Y
2009-09-29,4634.03,0.035,,,399967,中证军工,CNY,CN10Y
2009-09-30,4558.95,0.035132,,,399967,中证军工,CNY,CN10Y
2009-10-09,4753.9,0.035542,,,399967,中证军工,CNY,CN10Y
2009-10-10,,0.035541,,,399967,中证军工,CNY,CN10Y
2009-10-12,4745.17,0.036043,,,399967,中证军工,CNY,CN10Y
2009-10-13,4805.51,0.036305,,,399967,中证军工,CNY,CN10Y
2009-10-14,4857.38,0.036787,,,399967,中证军工,CNY,CN10Y
2009-10-15,4838.15,0.037,,,399967,中证军工,CNY,CN10Y
2009-10-16,4823.97,0.037058,,,399967,中证军工,CNY,CN10Y
2009-10-19,4914.86,0.036789,,,399967,中证军工,CNY,CN10Y
2009-10-20,5081.45,0.036773,,,399967,中证军工,CNY,CN10Y
2009-10-21,5003.78,0.036933,,,399967,中证军工,CNY,CN10Y
2009-10-22,4998.88,0.036587,,,399967,中证军工,CNY,CN10Y
2009-10-23,5063.26,0.03692,,,399967,中证军工,CNY,CN10Y
2009-10-26,5058.49,0.036925,,,399967,中证军工,CNY,CN10Y
2009-10-27,4873.17,0.036905,,,399967,中证军工,CNY,CN10Y
2009-10-28,4907.53,0.036855,,,399967,中证军工,CNY,CN10Y
2009-10-29,4781.44,0.036818,,,399967,中证军工,CNY,CN10Y
2009-10-30,4847.08,0.036886,,,399967,中证军工,CNY,CN10Y
2009-11-02,4932.63,0.03692,,,399967,中证军工,CNY,CN10Y
2009-11-03,5056.55,0.036944,,,399967,中证军工,CNY,CN10Y
2009-11-04,5060.08,0.037038,,,399967,中证军工,CNY,CN10Y
2009-11-05,5137.16,0.037247,,,399967,中证军工,CNY,CN10Y
2009-11-06,5218.42,0.037303,,,399967,中证军工,CNY,CN10Y
2009-11-09,5245.6,0.037313,,,399967,中证军工,CNY,CN10Y
2009-11-10,5242.6,0.037281,,,399967,中证军工,CNY,CN10Y
2009-11-11,5312.27,0.036988,,,399967,中证军工,CNY,CN10Y
2009-11-12,5280.97,0.036918,,,399967,中证军工,CNY,CN10Y
2009-11-13,5321.72,0.036921,,,399967,中证军工,CNY,CN10Y
2009-11-16,5418.35,0.036927,,,399967,中证军工,CNY,CN10Y
2009-11-17,5437.77,0.036956,,,399967,中证军工,CNY,CN10Y
2009-11-18,5423.6,0.036885,,,399967,中证军工,CNY,CN10Y
2009-11-19,5494.19,0.0368659999999999,,,399967,中证军工,CNY,CN10Y
2009-11-20,5574.71,0.036648,,,399967,中证军工,CNY,CN10Y
2009-11-23,5715.64,0.036703,,,399967,中证军工,CNY,CN10Y
2009-11-24,5449.47,0.036504,,,399967,中证军工,CNY,CN10Y
2009-11-25,5616.78,0.03651,,,399967,中证军工,CNY,CN10Y
2009-11-26,5383.91,0.036459,,,399967,中证军工,CNY,CN10Y
2009-11-27,5247.03,0.035759,,,399967,中证军工,CNY,CN10Y
2009-11-30,5447.87,0.035569,,,399967,中证军工,CNY,CN10Y
2009-12-01,5550.61,0.035723,,,399967,中证军工,CNY,CN10Y
2009-12-02,5594.18,0.035725,,,399967,中证军工,CNY,CN10Y
2009-12-03,5588.8,0.035929,,,399967,中证军工,CNY,CN10Y
2009-12-04,5453.9,0.035983,,,399967,中证军工,CNY,CN10Y
2009-12-07,5520.63,0.0362,,,399967,中证军工,CNY,CN10Y
2009-12-08,5483.56,0.036292,,,399967,中证军工,CNY,CN10Y
2009-12-09,5408.67,0.036251,,,399967,中证军工,CNY,CN10Y
2009-12-10,5571.03,0.036258,,,399967,中证军工,CNY,CN10Y
2009-12-11,5614.32,0.036257,,,399967,中证军工,CNY,CN10Y
2009-12-14,5601.12,0.036348,,,399967,中证军工,CNY,CN10Y
2009-12-15,5630.87,0.036314,,,399967,中证军工,CNY,CN10Y
2009-12-16,5569.39,0.036339,,,399967,中证军工,CNY,CN10Y
2009-12-17,5446.73,0.036365,,,399967,中证军工,CNY,CN10Y
2009-12-18,5271.68,0.036393,,,399967,中证军工,CNY,CN10Y
2009-12-21,5300.24,0.036508,,,399967,中证军工,CNY,CN10Y
2009-12-22,5200.71,0.036507,,,399967,中证军工,CNY,CN10Y
2009-12-23,5261.86,0.036589,,,399967,中证军工,CNY,CN10Y
2009-12-24,5406.74,0.036565,,,399967,中证军工,CNY,CN10Y
2009-12-25,5452.93,0.036543,,,399967,中证军工,CNY,CN10Y
2009-12-28,5537.72,0.0365,,,399967,中证军工,CNY,CN10Y
2009-12-29,5529.71,0.036426,,,399967,中证军工,CNY,CN10Y
2009-12-30,5529.18,0.036429,,,399967,中证军工,CNY,CN10Y
2009-12-31,5564.21,0.0364219999999999,,,399967,中证军工,CNY,CN10Y
2010-01-04,5587.04,0.036603,,,399967,中证军工,CNY,CN10Y
2010-01-05,5685.86,0.036606,,,399967,中证军工,CNY,CN10Y
2010-01-06,5722.16,0.036425,,,399967,中证军工,CNY,CN10Y
2010-01-07,5589.89,0.036543,,,399967,中证军工,CNY,CN10Y
2010-01-08,5653.51,0.036614,,,399967,中证军工,CNY,CN10Y
2010-01-11,5780.69,0.036696,,,399967,中证军工,CNY,CN10Y
2010-01-12,5900.68,0.036694,,,399967,中证军工,CNY,CN10Y
2010-01-13,5888.27,0.0370529999999999,,,399967,中证军工,CNY,CN10Y
2010-01-14,6039.69,0.036868,,,399967,中证军工,CNY,CN10Y
2010-01-15,6082.5,0.036871,,,399967,中证军工,CNY,CN10Y
2010-01-18,6173.57,0.036852,,,399967,中证军工,CNY,CN10Y
2010-01-19,6113.43,0.036559,,,399967,中证军工,CNY,CN10Y
2010-01-20,5855.13,0.0364,,,399967,中证军工,CNY,CN10Y
2010-01-21,5862.42,0.036558,,,399967,中证军工,CNY,CN10Y
2010-01-22,5693.03,0.0363,,,399967,中证军工,CNY,CN10Y
2010-01-25,5673.02,0.036,,,399967,中证军工,CNY,CN10Y
2010-01-26,5448.81,0.035838,,,399967,中证军工,CNY,CN10Y
2010-01-27,5398.72,0.035648,,,399967,中证军工,CNY,CN10Y
2010-01-28,5463.35,0.035879,,,399967,中证军工,CNY,CN10Y
2010-01-29,5502.61,0.0358,,,399967,中证军工,CNY,CN10Y
2010-02-01,5443.68,0.035406,,,399967,中证军工,CNY,CN10Y
2010-02-02,5363.12,0.034956,,,399967,中证军工,CNY,CN10Y
2010-02-03,5389.99,0.034648,,,399967,中证军工,CNY,CN10Y
2010-02-04,5401.99,0.035006,,,399967,中证军工,CNY,CN10Y
2010-02-05,5278.97,0.034733,,,399967,中证军工,CNY,CN10Y
2010-02-08,5281.95,0.034706,,,399967,中证军工,CNY,CN10Y
2010-02-09,5305.22,0.0347429999999999,,,399967,中证军工,CNY,CN10Y
2010-02-10,5449.86,0.034615,,,399967,中证军工,CNY,CN10Y
2010-02-11,5432.77,0.034516,,,399967,中证军工,CNY,CN10Y
2010-02-12,5501.86,0.03457,,,399967,中证军工,CNY,CN10Y
2010-02-20,,0.034889,,,399967,中证军工,CNY,CN10Y
2010-02-21,,0.034841,,,399967,中证军工,CNY,CN10Y
2010-02-22,5542.57,0.035149,,,399967,中证军工,CNY,CN10Y
2010-02-23,5620.1,0.0351,,,399967,中证军工,CNY,CN10Y
2010-02-24,5731.16,0.0346459999999999,,,399967,中证军工,CNY,CN10Y
2010-02-25,5818.5,0.034448,,,399967,中证军工,CNY,CN10Y
2010-02-26,5911.17,0.033753,,,399967,中证军工,CNY,CN10Y
2010-03-01,5925.37,0.033613,,,399967,中证军工,CNY,CN10Y
2010-03-02,5970.79,0.033414,,,399967,中证军工,CNY,CN10Y
2010-03-03,6048.55,0.033169,,,399967,中证军工,CNY,CN10Y
2010-03-04,5809.19,0.033518,,,399967,中证军工,CNY,CN10Y
2010-03-05,5778.87,0.033537,,,399967,中证军工,CNY,CN10Y
2010-03-08,5810.81,0.033602,,,399967,中证军工,CNY,CN10Y
2010-03-09,5785.69,0.033817,,,399967,中证军工,CNY,CN10Y
2010-03-10,5744.1,0.03403,,,399967,中证军工,CNY,CN10Y
2010-03-11,5690.6,0.034559,,,399967,中证军工,CNY,CN10Y
2010-03-12,5651.98,0.034526,,,399967,中证军工,CNY,CN10Y
2010-03-15,5580.34,0.034484,,,399967,中证军工,CNY,CN10Y
2010-03-16,5599.48,0.034331,,,399967,中证军工,CNY,CN10Y
2010-03-17,5752.12,0.033829,,,399967,中证军工,CNY,CN10Y
2010-03-18,5745.05,0.033639,,,399967,中证军工,CNY,CN10Y
2010-03-19,5812.54,0.033805,,,399967,中证军工,CNY,CN10Y
2010-03-22,5820.01,0.034216,,,399967,中证军工,CNY,CN10Y
2010-03-23,5778.42,0.034062,,,399967,中证军工,CNY,CN10Y
2010-03-24,5814.18,0.033961,,,399967,中证军工,CNY,CN10Y
2010-03-25,5769.69,0.034168,,,399967,中证军工,CNY,CN10Y
2010-03-26,5827.95,0.034582,,,399967,中证军工,CNY,CN10Y
2010-03-29,5855.13,0.034784,,,399967,中证军工,CNY,CN10Y
2010-03-30,5874.34,0.034959,,,399967,中证军工,CNY,CN10Y
2010-03-31,5883.18,0.0348179999999999,,,399967,中证军工,CNY,CN10Y
2010-04-01,5972.68,0.034742,,,399967,中证军工,CNY,CN10Y
2010-04-02,5988.58,0.0348,,,399967,中证军工,CNY,CN10Y
2010-04-06,6014.21,0.035021,,,399967,中证军工,CNY,CN10Y
2010-04-07,6057.85,0.035182,,,399967,中证军工,CNY,CN10Y
2010-04-08,6054.91,0.035549,,,399967,中证军工,CNY,CN10Y
2010-04-09,6173.21,0.035468,,,399967,中证军工,CNY,CN10Y
2010-04-12,6212.43,0.035343,,,399967,中证军工,CNY,CN10Y
2010-04-13,6098.14,0.035031,,,399967,中证军工,CNY,CN10Y
2010-04-14,6235.88,0.035043,,,399967,中证军工,CNY,CN10Y
2010-04-15,6166.68,0.035071,,,399967,中证军工,CNY,CN10Y
2010-04-16,6167.23,0.034813,,,399967,中证军工,CNY,CN10Y
2010-04-19,5884.12,0.034116,,,399967,中证军工,CNY,CN10Y
2010-04-20,5991.7,0.034086,,,399967,中证军工,CNY,CN10Y
2010-04-21,6172.06,0.034354,,,399967,中证军工,CNY,CN10Y
2010-04-22,6196.12,0.034093,,,399967,中证军工,CNY,CN10Y
2010-04-23,6109.69,0.034106,,,399967,中证军工,CNY,CN10Y
2010-04-26,6094.21,0.033715,,,399967,中证军工,CNY,CN10Y
2010-04-27,5893.29,0.033768,,,399967,中证军工,CNY,CN10Y
2010-04-28,5798.88,0.033456,,,399967,中证军工,CNY,CN10Y
2010-04-29,5606.17,0.033607,,,399967,中证军工,CNY,CN10Y
2010-04-30,5476.96,0.033565,,,399967,中证军工,CNY,CN10Y
2010-05-04,5482.71,0.033826,,,399967,中证军工,CNY,CN10Y
2010-05-05,5652.37,0.033636,,,399967,中证军工,CNY,CN10Y
2010-05-06,5501.58,0.033485,,,399967,中证军工,CNY,CN10Y
2010-05-07,5480.01,0.032721,,,399967,中证军工,CNY,CN10Y
2010-05-10,5472.05,0.033027,,,399967,中证军工,CNY,CN10Y
2010-05-11,5294.87,0.032983,,,399967,中证军工,CNY,CN10Y
2010-05-12,5095.36,0.032781,,,399967,中证军工,CNY,CN10Y
2010-05-13,5230.61,0.032686,,,399967,中证军工,CNY,CN10Y
2010-05-14,5249.5,0.032687,,,399967,中证军工,CNY,CN10Y
2010-05-17,4893.39,0.032257,,,399967,中证军工,CNY,CN10Y
2010-05-18,4918.5,0.032118,,,399967,中证军工,CNY,CN10Y
2010-05-19,4938.99,0.031865,,,399967,中证军工,CNY,CN10Y
2010-05-20,4896.99,0.032078,,,399967,中证军工,CNY,CN10Y
2010-05-21,5001.9,0.031972,,,399967,中证军工,CNY,CN10Y
2010-05-24,5224.99,0.032277,,,399967,中证军工,CNY,CN10Y
2010-05-25,5218.08,0.0320299999999999,,,399967,中证军工,CNY,CN10Y
2010-05-26,5296.69,0.0322719999999999,,,399967,中证军工,CNY,CN10Y
2010-05-27,5386.97,0.032416,,,399967,中证军工,CNY,CN10Y
2010-05-28,5381.16,0.032529,,,399967,中证军工,CNY,CN10Y
2010-05-31,5141.89,0.03243,,,399967,中证军工,CNY,CN10Y
2010-06-01,5132.54,0.032726,,,399967,中证军工,CNY,CN10Y
2010-06-02,5190.41,0.032748,,,399967,中证军工,CNY,CN10Y
2010-06-03,5172.86,0.032478,,,399967,中证军工,CNY,CN10Y
2010-06-04,5210.22,0.032512,,,399967,中证军工,CNY,CN10Y
2010-06-07,5193.81,0.03226,,,399967,中证军工,CNY,CN10Y
2010-06-08,5280.01,0.0324319999999999,,,399967,中证军工,CNY,CN10Y
2010-06-09,5382.96,0.032845,,,399967,中证军工,CNY,CN10Y
2010-06-10,5403.75,0.032891,,,399967,中证军工,CNY,CN10Y
2010-06-11,5398.73,0.0333199999999999,,,399967,中证军工,CNY,CN10Y
2010-06-12,,0.033282,,,399967,中证军工,CNY,CN10Y
2010-06-13,,0.033282,,,399967,中证军工,CNY,CN10Y
2010-06-17,5338.93,0.033296,,,399967,中证军工,CNY,CN10Y
2010-06-18,5109.18,0.033836,,,399967,中证军工,CNY,CN10Y
2010-06-21,5224.11,0.033925,,,399967,中证军工,CNY,CN10Y
2010-06-22,5246.5,0.033807,,,399967,中证军工,CNY,CN10Y
2010-06-23,5227.24,0.034129,,,399967,中证军工,CNY,CN10Y
2010-06-24,5204.83,0.034179,,,399967,中证军工,CNY,CN10Y
2010-06-25,5137.53,0.033822,,,399967,中证军工,CNY,CN10Y
2010-06-28,5113.02,0.033435,,,399967,中证军工,CNY,CN10Y
2010-06-29,4831.76,0.032909,,,399967,中证军工,CNY,CN10Y
2010-06-30,4699.94,0.03279,,,399967,中证军工,CNY,CN10Y
2010-07-01,4618.07,0.032848,,,399967,中证军工,CNY,CN10Y
2010-07-02,4590.05,0.032665,,,399967,中证军工,CNY,CN10Y
2010-07-05,4562.41,0.032517,,,399967,中证军工,CNY,CN10Y
2010-07-06,4699.08,0.032168,,,399967,中证军工,CNY,CN10Y
2010-07-07,4739.64,0.032233,,,399967,中证军工,CNY,CN10Y
2010-07-08,4715.9,0.032382,,,399967,中证军工,CNY,CN10Y
2010-07-09,4866.91,0.032347,,,399967,中证军工,CNY,CN10Y
2010-07-12,4913.37,0.032146,,,399967,中证军工,CNY,CN10Y
2010-07-13,4878.05,0.031767,,,399967,中证军工,CNY,CN10Y
2010-07-14,4929.22,0.031744,,,399967,中证军工,CNY,CN10Y
2010-07-15,4863.17,0.031817,,,399967,中证军工,CNY,CN10Y
2010-07-16,4821.31,0.031976,,,399967,中证军工,CNY,CN10Y
2010-07-19,4934.02,0.031901,,,399967,中证军工,CNY,CN10Y
2010-07-20,5077.88,0.032086,,,399967,中证军工,CNY,CN10Y
2010-07-21,5097.86,0.032144,,,399967,中证军工,CNY,CN10Y
2010-07-22,5169.53,0.032161,,,399967,中证军工,CNY,CN10Y
2010-07-23,5140.11,0.032528,,,399967,中证军工,CNY,CN10Y
2010-07-26,5238.69,0.032813,,,399967,中证军工,CNY,CN10Y
2010-07-27,5232.38,0.032816,,,399967,中证军工,CNY,CN10Y
2010-07-28,5335.27,0.032982,,,399967,中证军工,CNY,CN10Y
2010-07-29,5477.32,0.032993,,,399967,中证军工,CNY,CN10Y
2010-07-30,5475.84,0.032996,,,399967,中证军工,CNY,CN10Y
2010-08-02,5545.06,0.033131,,,399967,中证军工,CNY,CN10Y
2010-08-03,5412.48,0.033105,,,399967,中证军工,CNY,CN10Y
2010-08-04,5495.49,0.032971,,,399967,中证军工,CNY,CN10Y
2010-08-05,5506.04,0.0329669999999999,,,399967,中证军工,CNY,CN10Y
2010-08-06,5637.3,0.032922,,,399967,中证军工,CNY,CN10Y
2010-08-09,5695.68,0.032975,,,399967,中证军工,CNY,CN10Y
2010-08-10,5490.99,0.032972,,,399967,中证军工,CNY,CN10Y
2010-08-11,5525.52,0.032685,,,399967,中证军工,CNY,CN10Y
2010-08-12,5444.91,0.03223,,,399967,中证军工,CNY,CN10Y
2010-08-13,5665.11,0.032374,,,399967,中证军工,CNY,CN10Y
2010-08-16,5802.51,0.032504,,,399967,中证军工,CNY,CN10Y
2010-08-17,5884.08,0.032461,,,399967,中证军工,CNY,CN10Y
2010-08-18,5895.67,0.03245,,,399967,中证军工,CNY,CN10Y
2010-08-19,5915.77,0.032501,,,399967,中证军工,CNY,CN10Y
2010-08-20,5803.49,0.032389,,,399967,中证军工,CNY,CN10Y
2010-08-23,5883.34,0.032346,,,399967,中证军工,CNY,CN10Y
2010-08-24,5932.29,0.032229,,,399967,中证军工,CNY,CN10Y
2010-08-25,5765.57,0.0321539999999999,,,399967,中证军工,CNY,CN10Y
2010-08-26,5783.14,0.032322,,,399967,中证军工,CNY,CN10Y
2010-08-27,5783.93,0.032379,,,399967,中证军工,CNY,CN10Y
2010-08-30,5964.62,0.032304,,,399967,中证军工,CNY,CN10Y
2010-08-31,6082.45,0.032301,,,399967,中证军工,CNY,CN10Y
2010-09-01,5991.52,0.032358,,,399967,中证军工,CNY,CN10Y
2010-09-02,6100.87,0.032418,,,399967,中证军工,CNY,CN10Y
2010-09-03,6189.22,0.032406,,,399967,中证军工,CNY,CN10Y
2010-09-06,6183.51,0.03258,,,399967,中证军工,CNY,CN10Y
2010-09-07,6251.5,0.032739,,,399967,中证军工,CNY,CN10Y
2010-09-08,6288.62,0.032632,,,399967,中证军工,CNY,CN10Y
2010-09-09,6218.28,0.032681,,,399967,中证军工,CNY,CN10Y
2010-09-10,6341.2,0.032989,,,399967,中证军工,CNY,CN10Y
2010-09-13,6488.33,0.033251,,,399967,中证军工,CNY,CN10Y
2010-09-14,6552.41,0.033205,,,399967,中证军工,CNY,CN10Y
2010-09-15,6406.54,0.033443,,,399967,中证军工,CNY,CN10Y
2010-09-16,6331.35,0.033401,,,399967,中证军工,CNY,CN10Y
2010-09-17,6284.86,0.033504,,,399967,中证军工,CNY,CN10Y
2010-09-19,,0.0335,,,399967,中证军工,CNY,CN10Y
2010-09-20,6136.19,0.033388,,,399967,中证军工,CNY,CN10Y
2010-09-21,6115.76,0.033391,,,399967,中证军工,CNY,CN10Y
2010-09-25,,0.033387,,,399967,中证军工,CNY,CN10Y
2010-09-26,,0.033428,,,399967,中证军工,CNY,CN10Y
2010-09-27,6293.15,0.033378,,,399967,中证军工,CNY,CN10Y
2010-09-28,6426.04,0.033371,,,399967,中证军工,CNY,CN10Y
2010-09-29,6370.89,0.03331,,,399967,中证军工,CNY,CN10Y
2010-09-30,6450.86,0.033183,,,399967,中证军工,CNY,CN10Y
2010-10-08,6580.05,0.033342,,,399967,中证军工,CNY,CN10Y
2010-10-09,,0.033584,,,399967,中证军工,CNY,CN10Y
2010-10-11,6524.33,0.03404,,,399967,中证军工,CNY,CN10Y
2010-10-12,6519.93,0.034179,,,399967,中证军工,CNY,CN10Y
2010-10-13,6509.89,0.0342709999999999,,,399967,中证军工,CNY,CN10Y
2010-10-14,6360.31,0.034275,,,399967,中证军工,CNY,CN10Y
2010-10-15,6497.99,0.034247,,,399967,中证军工,CNY,CN10Y
2010-10-18,6390.29,0.034182,,,399967,中证军工,CNY,CN10Y
2010-10-19,6585.56,0.034205,,,399967,中证军工,CNY,CN10Y
2010-10-20,6637.15,0.036201,,,399967,中证军工,CNY,CN10Y
2010-10-21,6684.77,0.03637,,,399967,中证军工,CNY,CN10Y
2010-10-22,6725.34,0.036358,,,399967,中证军工,CNY,CN10Y
2010-10-25,6969.54,0.0364069999999999,,,399967,中证军工,CNY,CN10Y
2010-10-26,7018.78,0.036944,,,399967,中证军工,CNY,CN10Y
2010-10-27,6997.96,0.036975,,,399967,中证军工,CNY,CN10Y
2010-10-28,7032.54,0.036863,,,399967,中证军工,CNY,CN10Y
2010-10-29,7328.1,0.036821,,,399967,中证军工,CNY,CN10Y
2010-11-01,7635.49,0.036941,,,399967,中证军工,CNY,CN10Y
2010-11-02,7704.15,0.0374969999999999,,,399967,中证军工,CNY,CN10Y
2010-11-03,7506.91,0.038113,,,399967,中证军工,CNY,CN10Y
2010-11-04,7884.67,0.0384339999999999,,,399967,中证军工,CNY,CN10Y
2010-11-05,8064.73,0.038458,,,399967,中证军工,CNY,CN10Y
2010-11-08,8029.63,0.038392,,,399967,中证军工,CNY,CN10Y
2010-11-09,7952.52,0.038445,,,399967,中证军工,CNY,CN10Y
2010-11-10,7902.25,0.0392039999999999,,,399967,中证军工,CNY,CN10Y
2010-11-11,7732.98,0.0395299999999999,,,399967,中证军工,CNY,CN10Y
2010-11-12,7104.36,0.039534,,,399967,中证军工,CNY,CN10Y
2010-11-15,7220.8,0.03945,,,399967,中证军工,CNY,CN10Y
2010-11-16,7061.41,0.0390649999999999,,,399967,中证军工,CNY,CN10Y
2010-11-17,6843.57,0.0385999999999999,,,399967,中证军工,CNY,CN10Y
2010-11-18,6943.94,0.038336,,,399967,中证军工,CNY,CN10Y
2010-11-19,7134.93,0.0387,,,399967,中证军工,CNY,CN10Y
2010-11-22,7202.72,0.039161,,,399967,中证军工,CNY,CN10Y
2010-11-23,6940.74,0.039317,,,399967,中证军工,CNY,CN10Y
2010-11-24,7176.33,0.039533,,,399967,中证军工,CNY,CN10Y
2010-11-25,7383.88,0.039674,,,399967,中证军工,CNY,CN10Y
2010-11-26,7275.04,0.040123,,,399967,中证军工,CNY,CN10Y
2010-11-29,7264.56,0.0399589999999999,,,399967,中证军工,CNY,CN10Y
2010-11-30,7026.27,0.03971,,,399967,中证军工,CNY,CN10Y
2010-12-01,7020.17,0.038919,,,399967,中证军工,CNY,CN10Y
2010-12-02,7034.24,0.038609,,,399967,中证军工,CNY,CN10Y
2010-12-03,6971.14,0.038699,,,399967,中证军工,CNY,CN10Y
2010-12-06,6865.72,0.038696,,,399967,中证军工,CNY,CN10Y
2010-12-07,6950.51,0.038435,,,399967,中证军工,CNY,CN10Y
2010-12-08,6950.67,0.038609,,,399967,中证军工,CNY,CN10Y
2010-12-09,6808.57,0.039024,,,399967,中证军工,CNY,CN10Y
2010-12-10,6929.29,0.038888,,,399967,中证军工,CNY,CN10Y
2010-12-13,7191.41,0.038509,,,399967,中证军工,CNY,CN10Y
2010-12-14,7276.48,0.038521,,,399967,中证军工,CNY,CN10Y
2010-12-15,7244.2,0.0381499999999999,,,399967,中证军工,CNY,CN10Y
2010-12-16,7242.45,0.0380439999999999,,,399967,中证军工,CNY,CN10Y
2010-12-17,7274.89,0.038058,,,399967,中证军工,CNY,CN10Y
2010-12-20,7477.75,0.03785,,,399967,中证军工,CNY,CN10Y
2010-12-21,7411.48,0.037956,,,399967,中证军工,CNY,CN10Y
2010-12-22,7377.29,0.0380039999999999,,,399967,中证军工,CNY,CN10Y
2010-12-23,7200.98,0.038108,,,399967,中证军工,CNY,CN10Y
2010-12-24,6950.49,0.038136,,,399967,中证军工,CNY,CN10Y
2010-12-27,6676.1,0.038913,,,399967,中证军工,CNY,CN10Y
2010-12-28,6546.94,0.039118,,,399967,中证军工,CNY,CN10Y
2010-12-29,6711.37,0.039019,,,399967,中证军工,CNY,CN10Y
2010-12-30,6737.37,0.0388,,,399967,中证军工,CNY,CN10Y
2010-12-31,6864.78,0.038799,,,399967,中证军工,CNY,CN10Y
2011-01-04,7009.73,0.038606,,,399967,中证军工,CNY,CN10Y
2011-01-05,7096.68,0.038132,,,399967,中证军工,CNY,CN10Y
2011-01-06,7069.88,0.038339,,,399967,中证军工,CNY,CN10Y
2011-01-07,7005.53,0.038237,,,399967,中证军工,CNY,CN10Y
2011-01-10,6851.85,0.038449,,,399967,中证军工,CNY,CN10Y
2011-01-11,6750.16,0.038703,,,399967,中证军工,CNY,CN10Y
2011-01-12,6801.94,0.03855,,,399967,中证军工,CNY,CN10Y
2011-01-13,6768.83,0.038831,,,399967,中证军工,CNY,CN10Y
2011-01-14,6589.04,0.0391559999999999,,,399967,中证军工,CNY,CN10Y
2011-01-17,6227.69,0.039651,,,399967,中证军工,CNY,CN10Y
2011-01-18,6272.17,0.039954,,,399967,中证军工,CNY,CN10Y
2011-01-19,6501.95,0.039752,,,399967,中证军工,CNY,CN10Y
2011-01-20,6275.48,0.039749,,,399967,中证军工,CNY,CN10Y
2011-01-21,6407.13,0.039837,,,399967,中证军工,CNY,CN10Y
2011-01-24,6305.78,0.039918,,,399967,中证军工,CNY,CN10Y
2011-01-25,6096.75,0.040152,,,399967,中证军工,CNY,CN10Y
2011-01-26,6269.24,0.039991,,,399967,中证军工,CNY,CN10Y
2011-01-27,6438.62,0.0400579999999999,,,399967,中证军工,CNY,CN10Y
2011-01-28,6570.0,0.040096,,,399967,中证军工,CNY,CN10Y
2011-01-30,,0.0401,,,399967,中证军工,CNY,CN10Y
2011-01-31,6740.45,0.040187,,,399967,中证军工,CNY,CN10Y
2011-02-01,6687.43,0.040186,,,399967,中证军工,CNY,CN10Y
2011-02-09,6753.49,0.041006,,,399967,中证军工,CNY,CN10Y
2011-02-10,6850.51,0.041158,,,399967,中证军工,CNY,CN10Y
2011-02-11,6908.54,0.041062,,,399967,中证军工,CNY,CN10Y
2011-02-12,,0.041087,,,399967,中证军工,CNY,CN10Y
2011-02-14,6994.77,0.040552,,,399967,中证军工,CNY,CN10Y
2011-02-15,7015.87,0.040454,,,399967,中证军工,CNY,CN10Y
2011-02-16,7116.62,0.04045,,,399967,中证军工,CNY,CN10Y
2011-02-17,7311.11,0.040449,,,399967,中证军工,CNY,CN10Y
2011-02-18,7207.04,0.04045,,,399967,中证军工,CNY,CN10Y
2011-02-21,7321.81,0.0407019999999999,,,399967,中证军工,CNY,CN10Y
2011-02-22,7074.14,0.0404,,,399967,中证军工,CNY,CN10Y
2011-02-23,7136.36,0.039946,,,399967,中证军工,CNY,CN10Y
2011-02-24,7231.83,0.039132,,,399967,中证军工,CNY,CN10Y
2011-02-25,7255.53,0.039566,,,399967,中证军工,CNY,CN10Y
2011-02-28,7386.42,0.039314,,,399967,中证军工,CNY,CN10Y
2011-03-01,7360.06,0.039259,,,399967,中证军工,CNY,CN10Y
2011-03-02,7295.68,0.039233,,,399967,中证军工,CNY,CN10Y
2011-03-03,7147.43,0.039279,,,399967,中证军工,CNY,CN10Y
2011-03-04,7273.43,0.039388,,,399967,中证军工,CNY,CN10Y
2011-03-07,7371.08,0.039351,,,399967,中证军工,CNY,CN10Y
2011-03-08,7434.06,0.039078,,,399967,中证军工,CNY,CN10Y
2011-03-09,7492.56,0.038879,,,399967,中证军工,CNY,CN10Y
2011-03-10,7418.1,0.039321,,,399967,中证军工,CNY,CN10Y
2011-03-11,7329.55,0.039328,,,399967,中证军工,CNY,CN10Y
2011-03-14,7341.81,0.039074,,,399967,中证军工,CNY,CN10Y
2011-03-15,7272.52,0.038659,,,399967,中证军工,CNY,CN10Y
2011-03-16,7329.1,0.0385999999999999,,,399967,中证军工,CNY,CN10Y
2011-03-17,7137.92,0.038326,,,399967,中证军工,CNY,CN10Y
2011-03-18,7199.75,0.038489,,,399967,中证军工,CNY,CN10Y
2011-03-21,7235.98,0.038774,,,399967,中证军工,CNY,CN10Y
2011-03-22,7192.59,0.038987,,,399967,中证军工,CNY,CN10Y
2011-03-23,7296.03,0.039037,,,399967,中证军工,CNY,CN10Y
2011-03-24,7302.82,0.038762,,,399967,中证军工,CNY,CN10Y
2011-03-25,7349.91,0.038714,,,399967,中证军工,CNY,CN10Y
2011-03-28,7324.49,0.038807,,,399967,中证军工,CNY,CN10Y
2011-03-29,7233.9,0.0390439999999999,,,399967,中证军工,CNY,CN10Y
2011-03-30,7139.15,0.039069,,,399967,中证军工,CNY,CN10Y
2011-03-31,7067.51,0.03912,,,399967,中证军工,CNY,CN10Y
2011-04-01,7106.03,0.039126,,,399967,中证军工,CNY,CN10Y
2011-04-02,,0.039078,,,399967,中证军工,CNY,CN10Y
2011-04-06,7077.22,0.039203,,,399967,中证军工,CNY,CN10Y
2011-04-07,7100.32,0.039167,,,399967,中证军工,CNY,CN10Y
2011-04-08,7155.62,0.039081,,,399967,中证军工,CNY,CN10Y
2011-04-11,7088.66,0.038928,,,399967,中证军工,CNY,CN10Y
2011-04-12,7123.73,0.0387,,,399967,中证军工,CNY,CN10Y
2011-04-13,7192.97,0.038703,,,399967,中证军工,CNY,CN10Y
2011-04-14,7140.31,0.038707,,,399967,中证军工,CNY,CN10Y
2011-04-15,7063.91,0.038709,,,399967,中证军工,CNY,CN10Y
2011-04-18,7063.15,0.03896,,,399967,中证军工,CNY,CN10Y
2011-04-19,6939.89,0.038911,,,399967,中证军工,CNY,CN10Y
2011-04-20,6992.26,0.038913,,,399967,中证军工,CNY,CN10Y
2011-04-21,7028.64,0.038912,,,399967,中证军工,CNY,CN10Y
2011-04-22,7036.95,0.038966,,,399967,中证军工,CNY,CN10Y
2011-04-25,6842.25,0.038961,,,399967,中证军工,CNY,CN10Y
2011-04-26,6684.21,0.03896,,,399967,中证军工,CNY,CN10Y
2011-04-27,6565.37,0.038812,,,399967,中证军工,CNY,CN10Y
2011-04-28,6338.37,0.0387,,,399967,中证军工,CNY,CN10Y
2011-04-29,6469.93,0.038713,,,399967,中证军工,CNY,CN10Y
2011-05-03,6558.86,0.038752,,,399967,中证军工,CNY,CN10Y
2011-05-04,6413.49,0.038772,,,399967,中证军工,CNY,CN10Y
2011-05-05,6428.93,0.038715,,,399967,中证军工,CNY,CN10Y
2011-05-06,6490.86,0.038308,,,399967,中证军工,CNY,CN10Y
2011-05-09,6536.1,0.038378,,,399967,中证军工,CNY,CN10Y
2011-05-10,6561.36,0.038326,,,399967,中证军工,CNY,CN10Y
2011-05-11,6567.47,0.038334,,,399967,中证军工,CNY,CN10Y
2011-05-12,6441.3,0.038211,,,399967,中证军工,CNY,CN10Y
2011-05-13,6493.45,0.038363,,,399967,中证军工,CNY,CN10Y
2011-05-16,6514.22,0.038432,,,399967,中证军工,CNY,CN10Y
2011-05-17,6534.11,0.038318,,,399967,中证军工,CNY,CN10Y
2011-05-18,6579.32,0.038338,,,399967,中证军工,CNY,CN10Y
2011-05-19,6561.43,0.038309,,,399967,中证军工,CNY,CN10Y
2011-05-20,6520.32,0.038429,,,399967,中证军工,CNY,CN10Y
2011-05-23,6324.14,0.0384,,,399967,中证军工,CNY,CN10Y
2011-05-24,6290.74,0.038414,,,399967,中证军工,CNY,CN10Y
2011-05-25,6241.8,0.038382,,,399967,中证军工,CNY,CN10Y
2011-05-26,6170.34,0.038352,,,399967,中证军工,CNY,CN10Y
2011-05-27,6003.67,0.038217,,,399967,中证军工,CNY,CN10Y
2011-05-30,5903.24,0.038256,,,399967,中证军工,CNY,CN10Y
2011-05-31,6017.13,0.038311,,,399967,中证军工,CNY,CN10Y
2011-06-01,6125.04,0.038311,,,399967,中证军工,CNY,CN10Y
2011-06-02,6044.48,0.0383369999999999,,,399967,中证军工,CNY,CN10Y
2011-06-03,6160.18,0.0383369999999999,,,399967,中证军工,CNY,CN10Y
2011-06-07,6206.07,0.038341,,,399967,中证军工,CNY,CN10Y
2011-06-08,6276.21,0.038572,,,399967,中证军工,CNY,CN10Y
2011-06-09,6165.67,0.038726,,,399967,中证军工,CNY,CN10Y
2011-06-10,6351.08,0.03894,,,399967,中证军工,CNY,CN10Y
2011-06-13,6405.55,0.039036,,,399967,中证军工,CNY,CN10Y
2011-06-14,6442.5,0.039406,,,399967,中证军工,CNY,CN10Y
2011-06-15,6359.59,0.039986,,,399967,中证军工,CNY,CN10Y
2011-06-16,6200.24,0.039839,,,399967,中证军工,CNY,CN10Y
2011-06-17,6210.83,0.039803,,,399967,中证军工,CNY,CN10Y
2011-06-20,6123.09,0.039413,,,399967,中证军工,CNY,CN10Y
2011-06-21,6191.59,0.039003,,,399967,中证军工,CNY,CN10Y
2011-06-22,6161.48,0.039555,,,399967,中证军工,CNY,CN10Y
2011-06-23,6238.79,0.039691,,,399967,中证军工,CNY,CN10Y
2011-06-24,6474.4,0.038963,,,399967,中证军工,CNY,CN10Y
2011-06-27,6702.52,0.038703,,,399967,中证军工,CNY,CN10Y
2011-06-28,6671.19,0.038801,,,399967,中证军工,CNY,CN10Y
2011-06-29,6611.94,0.038833,,,399967,中证军工,CNY,CN10Y
2011-06-30,6724.97,0.038857,,,399967,中证军工,CNY,CN10Y
2011-07-01,6655.78,0.038775,,,399967,中证军工,CNY,CN10Y
2011-07-04,6782.59,0.038842,,,399967,中证军工,CNY,CN10Y
2011-07-05,6849.54,0.038909,,,399967,中证军工,CNY,CN10Y
2011-07-06,6878.96,0.039116,,,399967,中证军工,CNY,CN10Y
2011-07-07,6825.4,0.039021,,,399967,中证军工,CNY,CN10Y
2011-07-08,6883.97,0.038881,,,399967,中证军工,CNY,CN10Y
2011-07-11,6962.01,0.038923,,,399967,中证军工,CNY,CN10Y
2011-07-12,6847.53,0.0388989999999999,,,399967,中证军工,CNY,CN10Y
2011-07-13,6945.23,0.038913,,,399967,中证军工,CNY,CN10Y
2011-07-14,6978.13,0.0392039999999999,,,399967,中证军工,CNY,CN10Y
2011-07-15,7049.58,0.039278,,,399967,中证军工,CNY,CN10Y
2011-07-18,7138.88,0.039558,,,399967,中证军工,CNY,CN10Y
2011-07-19,7088.41,0.040088,,,399967,中证军工,CNY,CN10Y
2011-07-20,7085.65,0.040715,,,399967,中证军工,CNY,CN10Y
2011-07-21,6994.04,0.0408889999999999,,,399967,中证军工,CNY,CN10Y
2011-07-22,7045.14,0.040671,,,399967,中证军工,CNY,CN10Y
2011-07-25,6878.14,0.040663,,,399967,中证军工,CNY,CN10Y
2011-07-26,6948.1,0.040753,,,399967,中证军工,CNY,CN10Y
2011-07-27,7067.03,0.0408549999999999,,,399967,中证军工,CNY,CN10Y
2011-07-28,6954.07,0.040627,,,399967,中证军工,CNY,CN10Y
2011-07-29,6791.9,0.040477,,,399967,中证军工,CNY,CN10Y
2011-08-01,6783.22,0.040502,,,399967,中证军工,CNY,CN10Y
2011-08-02,6727.47,0.040615,,,399967,中证军工,CNY,CN10Y
2011-08-03,6735.77,0.041201,,,399967,中证军工,CNY,CN10Y
2011-08-04,6799.16,0.040911,,,399967,中证军工,CNY,CN10Y
2011-08-05,6692.19,0.040423,,,399967,中证军工,CNY,CN10Y
2011-08-08,6382.29,0.040007,,,399967,中证军工,CNY,CN10Y
2011-08-09,6467.18,0.039554,,,399967,中证军工,CNY,CN10Y
2011-08-10,6542.92,0.039639,,,399967,中证军工,CNY,CN10Y
2011-08-11,6592.66,0.039291,,,399967,中证军工,CNY,CN10Y
2011-08-12,6629.7,0.039268,,,399967,中证军工,CNY,CN10Y
2011-08-15,6700.63,0.0392309999999999,,,399967,中证军工,CNY,CN10Y
2011-08-16,6603.95,0.039492,,,399967,中证军工,CNY,CN10Y
2011-08-17,6573.38,0.039432,,,399967,中证军工,CNY,CN10Y
2011-08-18,6488.81,0.03956,,,399967,中证军工,CNY,CN10Y
2011-08-19,6435.35,0.039331,,,399967,中证军工,CNY,CN10Y
2011-08-22,6352.65,0.039325,,,399967,中证军工,CNY,CN10Y
2011-08-23,6435.01,0.039356,,,399967,中证军工,CNY,CN10Y
2011-08-24,6475.15,0.039501,,,399967,中证军工,CNY,CN10Y
2011-08-25,6576.62,0.03975,,,399967,中证军工,CNY,CN10Y
2011-08-26,6583.74,0.039886,,,399967,中证军工,CNY,CN10Y
2011-08-29,6526.17,0.040994,,,399967,中证军工,CNY,CN10Y
2011-08-30,6422.67,0.041303,,,399967,中证军工,CNY,CN10Y
2011-08-31,6362.95,0.04105,,,399967,中证军工,CNY,CN10Y
2011-09-01,6352.39,0.040708,,,399967,中证军工,CNY,CN10Y
2011-09-02,6259.24,0.0407,,,399967,中证军工,CNY,CN10Y
2011-09-05,6083.26,0.0405009999999999,,,399967,中证军工,CNY,CN10Y
2011-09-06,6030.53,0.040107,,,399967,中证军工,CNY,CN10Y
2011-09-07,6137.56,0.0405,,,399967,中证军工,CNY,CN10Y
2011-09-08,6059.13,0.04065,,,399967,中证军工,CNY,CN10Y
2011-09-09,6047.52,0.040452,,,399967,中证军工,CNY,CN10Y
2011-09-13,5920.53,0.040208,,,399967,中证军工,CNY,CN10Y
2011-09-14,5992.62,0.0402099999999999,,,399967,中证军工,CNY,CN10Y
2011-09-15,6019.29,0.040495,,,399967,中证军工,CNY,CN10Y
2011-09-16,6037.14,0.040752,,,399967,中证军工,CNY,CN10Y
2011-09-19,5912.26,0.040801,,,399967,中证军工,CNY,CN10Y
2011-09-20,5987.83,0.040801,,,399967,中证军工,CNY,CN10Y
2011-09-21,6143.04,0.040908,,,399967,中证军工,CNY,CN10Y
2011-09-22,5971.44,0.040676,,,399967,中证军工,CNY,CN10Y
2011-09-23,5934.42,0.039662,,,399967,中证军工,CNY,CN10Y
2011-09-26,5835.94,0.0388779999999999,,,399967,中证军工,CNY,CN10Y
2011-09-27,5858.61,0.039158,,,399967,中证军工,CNY,CN10Y
2011-09-28,5797.47,0.039203,,,399967,中证军工,CNY,CN10Y
2011-09-29,5544.06,0.03884,,,399967,中证军工,CNY,CN10Y
2011-09-30,5454.58,0.038605,,,399967,中证军工,CNY,CN10Y
2011-10-08,,0.038605,,,399967,中证军工,CNY,CN10Y
2011-10-09,,0.038056,,,399967,中证军工,CNY,CN10Y
2011-10-10,5361.24,0.0377059999999999,,,399967,中证军工,CNY,CN10Y
2011-10-11,5337.17,0.037593,,,399967,中证军工,CNY,CN10Y
2011-10-12,5499.69,0.038005,,,399967,中证军工,CNY,CN10Y
2011-10-13,5580.77,0.038205,,,399967,中证军工,CNY,CN10Y
2011-10-14,5529.24,0.037707,,,399967,中证军工,CNY,CN10Y
2011-10-17,5598.88,0.037906,,,399967,中证军工,CNY,CN10Y
2011-10-18,5522.11,0.0374069999999999,,,399967,中证军工,CNY,CN10Y
2011-10-19,5468.31,0.037311,,,399967,中证军工,CNY,CN10Y
2011-10-20,5223.21,0.037266,,,399967,中证军工,CNY,CN10Y
2011-10-21,5101.79,0.037385,,,399967,中证军工,CNY,CN10Y
2011-10-24,5192.01,0.037533,,,399967,中证军工,CNY,CN10Y
2011-10-25,5335.59,0.03796,,,399967,中证军工,CNY,CN10Y
2011-10-26,5340.78,0.037918,,,399967,中证军工,CNY,CN10Y
2011-10-27,5356.93,0.0380319999999999,,,399967,中证军工,CNY,CN10Y
2011-10-28,5464.17,0.03787,,,399967,中证军工,CNY,CN10Y
2011-10-31,5528.89,0.037607,,,399967,中证军工,CNY,CN10Y
2011-11-01,5518.57,0.037395,,,399967,中证军工,CNY,CN10Y
2011-11-02,5592.73,0.037208,,,399967,中证军工,CNY,CN10Y
2011-11-03,5622.36,0.037233,,,399967,中证军工,CNY,CN10Y
2011-11-04,5713.8,0.037158,,,399967,中证军工,CNY,CN10Y
2011-11-07,5698.36,0.037333,,,399967,中证军工,CNY,CN10Y
2011-11-08,5618.14,0.036988,,,399967,中证军工,CNY,CN10Y
2011-11-09,5725.3,0.036436,,,399967,中证军工,CNY,CN10Y
2011-11-10,5697.1,0.035563,,,399967,中证军工,CNY,CN10Y
2011-11-11,5672.29,0.035916,,,399967,中证军工,CNY,CN10Y
2011-11-14,5812.22,0.035807,,,399967,中证军工,CNY,CN10Y
2011-11-15,5862.38,0.036563,,,399967,中证军工,CNY,CN10Y
2011-11-16,5728.16,0.03626,,,399967,中证军工,CNY,CN10Y
2011-11-17,5761.82,0.03636,,,399967,中证军工,CNY,CN10Y
2011-11-18,5605.19,0.036412,,,399967,中证军工,CNY,CN10Y
2011-11-21,5557.08,0.036598,,,399967,中证军工,CNY,CN10Y
2011-11-22,5530.01,0.036412,,,399967,中证军工,CNY,CN10Y
2011-11-23,5512.45,0.035914,,,399967,中证军工,CNY,CN10Y
2011-11-24,5489.54,0.036103,,,399967,中证军工,CNY,CN10Y
2011-11-25,5439.27,0.036115,,,399967,中证军工,CNY,CN10Y
2011-11-28,5430.73,0.036402,,,399967,中证军工,CNY,CN10Y
2011-11-29,5603.15,0.036315,,,399967,中证军工,CNY,CN10Y
2011-11-30,5367.06,0.036091,,,399967,中证军工,CNY,CN10Y
2011-12-01,5460.25,0.035005,,,399967,中证军工,CNY,CN10Y
2011-12-02,5329.73,0.03472,,,399967,中证军工,CNY,CN10Y
2011-12-05,5140.16,0.03442,,,399967,中证军工,CNY,CN10Y
2011-12-06,5146.7,0.03479,,,399967,中证军工,CNY,CN10Y
2011-12-07,5207.78,0.03489,,,399967,中证军工,CNY,CN10Y
2011-12-08,5198.44,0.034953,,,399967,中证军工,CNY,CN10Y
2011-12-09,5112.55,0.034817,,,399967,中证军工,CNY,CN10Y
2011-12-12,5056.23,0.034927,,,399967,中证军工,CNY,CN10Y
2011-12-13,4826.79,0.034982,,,399967,中证军工,CNY,CN10Y
2011-12-14,4706.36,0.034807,,,399967,中证军工,CNY,CN10Y
2011-12-15,4554.88,0.03489,,,399967,中证军工,CNY,CN10Y
2011-12-16,4681.77,0.034637,,,399967,中证军工,CNY,CN10Y
2011-12-19,4803.09,0.034702,,,399967,中证军工,CNY,CN10Y
2011-12-20,4729.33,0.034655,,,399967,中证军工,CNY,CN10Y
2011-12-21,4608.34,0.034709,,,399967,中证军工,CNY,CN10Y
2011-12-22,4585.38,0.034752,,,399967,中证军工,CNY,CN10Y
2011-12-23,4619.17,0.034803,,,399967,中证军工,CNY,CN10Y
2011-12-26,4571.81,0.0346519999999999,,,399967,中证军工,CNY,CN10Y
2011-12-27,4462.75,0.034603,,,399967,中证军工,CNY,CN10Y
2011-12-28,4434.35,0.034603,,,399967,中证军工,CNY,CN10Y
2011-12-29,4453.89,0.034453,,,399967,中证军工,CNY,CN10Y
2011-12-30,4508.65,0.034303,,,399967,中证军工,CNY,CN10Y
2011-12-31,,0.034211,,,399967,中证军工,CNY,CN10Y
2012-01-04,4414.33,0.0343949999999999,,,399967,中证军工,CNY,CN10Y
2012-01-05,4215.5,0.034304,,,399967,中证军工,CNY,CN10Y
2012-01-06,4205.23,0.03397,,,399967,中证军工,CNY,CN10Y
2012-01-09,4373.53,0.0338059999999999,,,399967,中证军工,CNY,CN10Y
2012-01-10,4559.5,0.03403,,,399967,中证军工,CNY,CN10Y
2012-01-11,4578.39,0.0342079999999999,,,399967,中证军工,CNY,CN10Y
2012-01-12,4589.75,0.03402,,,399967,中证军工,CNY,CN10Y
2012-01-13,4415.74,0.034108,,,399967,中证军工,CNY,CN10Y
2012-01-16,4269.38,0.034233,,,399967,中证军工,CNY,CN10Y
2012-01-17,4513.17,0.034045,,,399967,中证军工,CNY,CN10Y
2012-01-18,4422.32,0.033957,,,399967,中证军工,CNY,CN10Y
2012-01-19,4445.31,0.0337579999999999,,,399967,中证军工,CNY,CN10Y
2012-01-20,4495.86,0.033808,,,399967,中证军工,CNY,CN10Y
2012-01-21,,0.033811,,,399967,中证军工,CNY,CN10Y
2012-01-29,,0.033812,,,399967,中证军工,CNY,CN10Y
2012-01-30,4475.92,0.034005,,,399967,中证军工,CNY,CN10Y
2012-01-31,4494.11,0.034064,,,399967,中证军工,CNY,CN10Y
2012-02-01,4426.42,0.034318,,,399967,中证军工,CNY,CN10Y
2012-02-02,4509.43,0.0344099999999999,,,399967,中证军工,CNY,CN10Y
2012-02-03,4607.57,0.03436,,,399967,中证军工,CNY,CN10Y
2012-02-06,4608.47,0.0347849999999999,,,399967,中证军工,CNY,CN10Y
2012-02-07,4564.47,0.03481,,,399967,中证军工,CNY,CN10Y
2012-02-08,4696.33,0.035098,,,399967,中证军工,CNY,CN10Y
2012-02-09,4715.47,0.035409,,,399967,中证军工,CNY,CN10Y
2012-02-10,4716.72,0.03521,,,399967,中证军工,CNY,CN10Y
2012-02-13,4768.72,0.035148,,,399967,中证军工,CNY,CN10Y
2012-02-14,4788.35,0.03516,,,399967,中证军工,CNY,CN10Y
2012-02-15,4902.14,0.035335,,,399967,中证军工,CNY,CN10Y
2012-02-16,4879.03,0.035361,,,399967,中证军工,CNY,CN10Y
2012-02-17,4891.88,0.035361,,,399967,中证军工,CNY,CN10Y
2012-02-20,4928.04,0.035116,,,399967,中证军工,CNY,CN10Y
2012-02-21,4978.9,0.035164,,,399967,中证军工,CNY,CN10Y
2012-02-22,5070.04,0.035276,,,399967,中证军工,CNY,CN10Y
2012-02-23,5084.45,0.035254,,,399967,中证军工,CNY,CN10Y
2012-02-24,5144.49,0.035164,,,399967,中证军工,CNY,CN10Y
2012-02-27,5128.62,0.035501,,,399967,中证军工,CNY,CN10Y
2012-02-28,5089.98,0.035464,,,399967,中证军工,CNY,CN10Y
2012-02-29,5018.07,0.0353399999999999,,,399967,中证军工,CNY,CN10Y
2012-03-01,5080.11,0.0355,,,399967,中证军工,CNY,CN10Y
2012-03-02,5182.79,0.035616,,,399967,中证军工,CNY,CN10Y
2012-03-05,5213.62,0.035614,,,399967,中证军工,CNY,CN10Y
2012-03-06,5202.63,0.0354649999999999,,,399967,中证军工,CNY,CN10Y
2012-03-07,5230.67,0.035316,,,399967,中证军工,CNY,CN10Y
2012-03-08,5261.72,0.035316,,,399967,中证军工,CNY,CN10Y
2012-03-09,5339.41,0.035367,,,399967,中证军工,CNY,CN10Y
2012-03-12,5393.19,0.035242,,,399967,中证军工,CNY,CN10Y
2012-03-13,5418.23,0.0354009999999999,,,399967,中证军工,CNY,CN10Y
2012-03-14,5148.24,0.035451,,,399967,中证军工,CNY,CN10Y
2012-03-15,5060.89,0.035589,,,399967,中证军工,CNY,CN10Y
2012-03-16,5163.2,0.035483,,,399967,中证军工,CNY,CN10Y
2012-03-19,5208.04,0.03559,,,399967,中证军工,CNY,CN10Y
2012-03-20,5066.47,0.035601,,,399967,中证军工,CNY,CN10Y
2012-03-21,5079.55,0.035608,,,399967,中证军工,CNY,CN10Y
2012-03-22,5079.08,0.035502,,,399967,中证军工,CNY,CN10Y
2012-03-23,4977.24,0.035267,,,399967,中证军工,CNY,CN10Y
2012-03-26,4942.25,0.035247,,,399967,中证军工,CNY,CN10Y
2012-03-27,4972.25,0.035403,,,399967,中证军工,CNY,CN10Y
2012-03-28,4761.45,0.035223,,,399967,中证军工,CNY,CN10Y
2012-03-29,4574.27,0.035143,,,399967,中证军工,CNY,CN10Y
2012-03-30,4586.31,0.035054,,,399967,中证军工,CNY,CN10Y
2012-03-31,,0.035004,,,399967,中证军工,CNY,CN10Y
2012-04-01,,0.035204,,,399967,中证军工,CNY,CN10Y
2012-04-05,4743.9,0.035191,,,399967,中证军工,CNY,CN10Y
2012-04-06,4756.13,0.035203,,,399967,中证军工,CNY,CN10Y
2012-04-09,4709.56,0.035352,,,399967,中证军工,CNY,CN10Y
2012-04-10,4768.86,0.035366,,,399967,中证军工,CNY,CN10Y
2012-04-11,4822.97,0.035308,,,399967,中证军工,CNY,CN10Y
2012-04-12,4939.56,0.035407,,,399967,中证军工,CNY,CN10Y
2012-04-13,4917.12,0.0352769999999999,,,399967,中证军工,CNY,CN10Y
2012-04-16,4887.77,0.035318,,,399967,中证军工,CNY,CN10Y
2012-04-17,4854.29,0.035291,,,399967,中证军工,CNY,CN10Y
2012-04-18,4961.71,0.035366,,,399967,中证军工,CNY,CN10Y
2012-04-19,4969.91,0.035518,,,399967,中证军工,CNY,CN10Y
2012-04-20,5021.89,0.035414,,,399967,中证军工,CNY,CN10Y
2012-04-23,5167.73,0.035407,,,399967,中证军工,CNY,CN10Y
2012-04-24,5014.36,0.035302,,,399967,中证军工,CNY,CN10Y
2012-04-25,5005.8,0.035369,,,399967,中证军工,CNY,CN10Y
2012-04-26,5052.91,0.035357,,,399967,中证军工,CNY,CN10Y
2012-04-27,5000.49,0.035389,,,399967,中证军工,CNY,CN10Y
2012-04-28,,0.035391,,,399967,中证军工,CNY,CN10Y
2012-05-02,5031.01,0.035449,,,399967,中证军工,CNY,CN10Y
2012-05-03,5054.55,0.035454,,,399967,中证军工,CNY,CN10Y
2012-05-04,5122.41,0.035512,,,399967,中证军工,CNY,CN10Y
2012-05-07,5139.02,0.035518,,,399967,中证军工,CNY,CN10Y
2012-05-08,5171.05,0.03552,,,399967,中证军工,CNY,CN10Y
2012-05-09,5224.28,0.035414,,,399967,中证军工,CNY,CN10Y
2012-05-10,5165.39,0.035287,,,399967,中证军工,CNY,CN10Y
2012-05-11,5075.42,0.034907,,,399967,中证军工,CNY,CN10Y
2012-05-14,5015.62,0.034461,,,399967,中证军工,CNY,CN10Y
2012-05-15,4982.0,0.03405,,,399967,中证军工,CNY,CN10Y
2012-05-16,4901.33,0.033618,,,399967,中证军工,CNY,CN10Y
2012-05-17,4934.85,0.034116,,,399967,中证军工,CNY,CN10Y
2012-05-18,4799.32,0.033614,,,399967,中证军工,CNY,CN10Y
2012-05-21,4800.37,0.033866,,,399967,中证军工,CNY,CN10Y
2012-05-22,4881.44,0.033948,,,399967,中证军工,CNY,CN10Y
2012-05-23,4837.64,0.033825,,,399967,中证军工,CNY,CN10Y
2012-05-24,4832.87,0.0336189999999999,,,399967,中证军工,CNY,CN10Y
2012-05-25,4781.69,0.033019,,,399967,中证军工,CNY,CN10Y
2012-05-28,4823.73,0.033418,,,399967,中证军工,CNY,CN10Y
2012-05-29,4902.45,0.033718,,,399967,中证军工,CNY,CN10Y
2012-05-30,4895.56,0.033766,,,399967,中证军工,CNY,CN10Y
2012-05-31,4906.97,0.033443,,,399967,中证军工,CNY,CN10Y
2012-06-01,4871.23,0.033416,,,399967,中证军工,CNY,CN10Y
2012-06-04,4681.88,0.033469,,,399967,中证军工,CNY,CN10Y
2012-06-05,4677.95,0.033568,,,399967,中证军工,CNY,CN10Y
2012-06-06,4670.22,0.0336,,,399967,中证军工,CNY,CN10Y
2012-06-07,4633.63,0.033751,,,399967,中证军工,CNY,CN10Y
2012-06-08,4642.03,0.033101,,,399967,中证军工,CNY,CN10Y
2012-06-11,4737.49,0.033491,,,399967,中证军工,CNY,CN10Y
2012-06-12,4693.84,0.033747,,,399967,中证军工,CNY,CN10Y
2012-06-13,4743.69,0.0339089999999999,,,399967,中证军工,CNY,CN10Y
2012-06-14,4720.73,0.034009,,,399967,中证军工,CNY,CN10Y
2012-06-15,4723.54,0.033932,,,399967,中证军工,CNY,CN10Y
2012-06-18,4730.23,0.034107,,,399967,中证军工,CNY,CN10Y
2012-06-19,4668.51,0.034093,,,399967,中证军工,CNY,CN10Y
2012-06-20,4666.83,0.034101,,,399967,中证军工,CNY,CN10Y
2012-06-21,4587.22,0.034001,,,399967,中证军工,CNY,CN10Y
2012-06-25,4475.39,0.033677,,,399967,中证军工,CNY,CN10Y
2012-06-26,4455.19,0.033653,,,399967,中证军工,CNY,CN10Y
2012-06-27,4447.29,0.033252,,,399967,中证军工,CNY,CN10Y
2012-06-28,4402.69,0.033253,,,399967,中证军工,CNY,CN10Y
2012-06-29,4467.19,0.033253,,,399967,中证军工,CNY,CN10Y
2012-07-02,4477.19,0.033353,,,399967,中证军工,CNY,CN10Y
2012-07-03,4485.2,0.033204,,,399967,中证军工,CNY,CN10Y
2012-07-04,4512.25,0.033195,,,399967,中证军工,CNY,CN10Y
2012-07-05,4384.15,0.033193,,,399967,中证军工,CNY,CN10Y
2012-07-06,4430.8,0.0329599999999999,,,399967,中证军工,CNY,CN10Y
2012-07-09,4316.62,0.032709,,,399967,中证军工,CNY,CN10Y
2012-07-10,4270.5,0.032549,,,399967,中证军工,CNY,CN10Y
2012-07-11,4298.9,0.0323979999999999,,,399967,中证军工,CNY,CN10Y
2012-07-12,4340.61,0.032502,,,399967,中证军工,CNY,CN10Y
2012-07-13,4289.83,0.032591,,,399967,中证军工,CNY,CN10Y
2012-07-16,4128.62,0.0327519999999999,,,399967,中证军工,CNY,CN10Y
2012-07-17,4138.71,0.03285,,,399967,中证军工,CNY,CN10Y
2012-07-18,4201.31,0.032858,,,399967,中证军工,CNY,CN10Y
2012-07-19,4244.56,0.03286,,,399967,中证军工,CNY,CN10Y
2012-07-20,4218.04,0.03281,,,399967,中证军工,CNY,CN10Y
2012-07-23,4179.27,0.03276,,,399967,中证军工,CNY,CN10Y
2012-07-24,4220.47,0.032759,,,399967,中证军工,CNY,CN10Y
2012-07-25,4207.92,0.03276,,,399967,中证军工,CNY,CN10Y
2012-07-26,4177.98,0.032763,,,399967,中证军工,CNY,CN10Y
2012-07-27,4174.32,0.032764,,,399967,中证军工,CNY,CN10Y
2012-07-30,4105.65,0.032755,,,399967,中证军工,CNY,CN10Y
2012-07-31,3985.33,0.032915,,,399967,中证军工,CNY,CN10Y
2012-08-01,4042.0,0.032921,,,399967,中证军工,CNY,CN10Y
2012-08-02,3987.8,0.032861,,,399967,中证军工,CNY,CN10Y
2012-08-03,4063.68,0.032902,,,399967,中证军工,CNY,CN10Y
2012-08-06,4155.7,0.0331,,,399967,中证军工,CNY,CN10Y
2012-08-07,4196.22,0.0333,,,399967,中证军工,CNY,CN10Y
2012-08-08,4195.64,0.033545,,,399967,中证军工,CNY,CN10Y
2012-08-09,4236.39,0.033023,,,399967,中证军工,CNY,CN10Y
2012-08-10,4245.63,0.032825,,,399967,中证军工,CNY,CN10Y
2012-08-13,4175.3,0.033029,,,399967,中证军工,CNY,CN10Y
2012-08-14,4196.09,0.033105,,,399967,中证军工,CNY,CN10Y
2012-08-15,4175.1,0.033402,,,399967,中证军工,CNY,CN10Y
2012-08-16,4188.75,0.033467,,,399967,中证军工,CNY,CN10Y
2012-08-17,4177.37,0.033342,,,399967,中证军工,CNY,CN10Y
2012-08-20,4186.61,0.033564,,,399967,中证军工,CNY,CN10Y
2012-08-21,4261.49,0.033578,,,399967,中证军工,CNY,CN10Y
2012-08-22,4234.98,0.033935,,,399967,中证军工,CNY,CN10Y
2012-08-23,4247.55,0.033702,,,399967,中证军工,CNY,CN10Y
2012-08-24,4219.25,0.033364,,,399967,中证军工,CNY,CN10Y
2012-08-27,4114.13,0.033498,,,399967,中证军工,CNY,CN10Y
2012-08-28,4157.25,0.033634,,,399967,中证军工,CNY,CN10Y
2012-08-29,4147.4,0.033943,,,399967,中证军工,CNY,CN10Y
2012-08-30,4083.07,0.033904,,,399967,中证军工,CNY,CN10Y
2012-08-31,4072.8,0.033928,,,399967,中证军工,CNY,CN10Y
2012-09-03,4123.91,0.034001,,,399967,中证军工,CNY,CN10Y
2012-09-04,4101.88,0.033836,,,399967,中证军工,CNY,CN10Y
2012-09-05,4184.42,0.033887,,,399967,中证军工,CNY,CN10Y
2012-09-06,4209.42,0.033963,,,399967,中证军工,CNY,CN10Y
2012-09-07,4346.6,0.034162,,,399967,中证军工,CNY,CN10Y
2012-09-10,4414.66,0.034611,,,399967,中证军工,CNY,CN10Y
2012-09-11,4479.39,0.034714,,,399967,中证军工,CNY,CN10Y
2012-09-12,4548.58,0.0349089999999999,,,399967,中证军工,CNY,CN10Y
2012-09-13,4672.76,0.034834,,,399967,中证军工,CNY,CN10Y
2012-09-14,4571.78,0.035485,,,399967,中证军工,CNY,CN10Y
2012-09-17,4467.44,0.035717,,,399967,中证军工,CNY,CN10Y
2012-09-18,4375.85,0.035216,,,399967,中证军工,CNY,CN10Y
2012-09-19,4394.58,0.035166,,,399967,中证军工,CNY,CN10Y
2012-09-20,4292.78,0.035171,,,399967,中证军工,CNY,CN10Y
2012-09-21,4131.92,0.034998,,,399967,中证军工,CNY,CN10Y
2012-09-24,4165.18,0.034956,,,399967,中证军工,CNY,CN10Y
2012-09-25,4142.7,0.034676,,,399967,中证军工,CNY,CN10Y
2012-09-26,4020.46,0.034444,,,399967,中证军工,CNY,CN10Y
2012-09-27,4095.14,0.034525,,,399967,中证军工,CNY,CN10Y
2012-09-28,4159.99,0.034575,,,399967,中证军工,CNY,CN10Y
2012-09-29,,0.034574,,,399967,中证军工,CNY,CN10Y
2012-10-08,4190.79,0.034814,,,399967,中证军工,CNY,CN10Y
2012-10-09,4283.78,0.034921,,,399967,中证军工,CNY,CN10Y
2012-10-10,4320.32,0.035036,,,399967,中证军工,CNY,CN10Y
2012-10-11,4205.6,0.03499,,,399967,中证军工,CNY,CN10Y
2012-10-12,4189.46,0.034807,,,399967,中证军工,CNY,CN10Y
2012-10-15,4157.53,0.03473,,,399967,中证军工,CNY,CN10Y
2012-10-16,4190.76,0.0349029999999999,,,399967,中证军工,CNY,CN10Y
2012-10-17,4187.0,0.035036,,,399967,中证军工,CNY,CN10Y
2012-10-18,4236.36,0.03519,,,399967,中证军工,CNY,CN10Y
2012-10-19,4247.26,0.03535,,,399967,中证军工,CNY,CN10Y
2012-10-22,4259.24,0.035293,,,399967,中证军工,CNY,CN10Y
2012-10-23,4184.43,0.035454,,,399967,中证军工,CNY,CN10Y
2012-10-24,4145.71,0.035478,,,399967,中证军工,CNY,CN10Y
2012-10-25,4136.58,0.035672,,,399967,中证军工,CNY,CN10Y
2012-10-26,4035.47,0.035727,,,399967,中证军工,CNY,CN10Y
2012-10-29,4001.54,0.035668,,,399967,中证军工,CNY,CN10Y
2012-10-30,3993.99,0.035648,,,399967,中证军工,CNY,CN10Y
2012-10-31,3999.56,0.035739,,,399967,中证军工,CNY,CN10Y
2012-11-01,4065.44,0.0359839999999999,,,399967,中证军工,CNY,CN10Y
2012-11-02,4079.6,0.035852,,,399967,中证军工,CNY,CN10Y
2012-11-05,4076.06,0.035872,,,399967,中证军工,CNY,CN10Y
2012-11-06,4048.8,0.035771,,,399967,中证军工,CNY,CN10Y
2012-11-07,4060.24,0.035644,,,399967,中证军工,CNY,CN10Y
2012-11-08,3947.46,0.035609,,,399967,中证军工,CNY,CN10Y
2012-11-09,3958.06,0.035594,,,399967,中证军工,CNY,CN10Y
2012-11-12,4016.31,0.035585,,,399967,中证军工,CNY,CN10Y
2012-11-13,3920.42,0.03547,,,399967,中证军工,CNY,CN10Y
2012-11-14,3919.77,0.035356,,,399967,中证军工,CNY,CN10Y
2012-11-15,3828.4,0.035279,,,399967,中证军工,CNY,CN10Y
2012-11-16,3786.43,0.035133,,,399967,中证军工,CNY,CN10Y
2012-11-19,3794.43,0.03501,,,399967,中证军工,CNY,CN10Y
2012-11-20,3766.12,0.0351109999999999,,,399967,中证军工,CNY,CN10Y
2012-11-21,3821.15,0.035205,,,399967,中证军工,CNY,CN10Y
2012-11-22,3773.59,0.035357,,,399967,中证军工,CNY,CN10Y
2012-11-23,3785.97,0.035428,,,399967,中证军工,CNY,CN10Y
2012-11-26,3778.32,0.035511,,,399967,中证军工,CNY,CN10Y
2012-11-27,3641.51,0.03557,,,399967,中证军工,CNY,CN10Y
2012-11-28,3539.34,0.035535,,,399967,中证军工,CNY,CN10Y
2012-11-29,3506.73,0.035311,,,399967,中证军工,CNY,CN10Y
2012-11-30,3542.36,0.035332,,,399967,中证军工,CNY,CN10Y
2012-12-03,3439.18,0.035397,,,399967,中证军工,CNY,CN10Y
2012-12-04,3511.53,0.035498,,,399967,中证军工,CNY,CN10Y
2012-12-05,3628.44,0.035622,,,399967,中证军工,CNY,CN10Y
2012-12-06,3631.67,0.03558,,,399967,中证军工,CNY,CN10Y
2012-12-07,3689.54,0.035689,,,399967,中证军工,CNY,CN10Y
2012-12-10,3768.53,0.035707,,,399967,中证军工,CNY,CN10Y
2012-12-11,3765.89,0.0356579999999999,,,399967,中证军工,CNY,CN10Y
2012-12-12,3731.4,0.035666,,,399967,中证军工,CNY,CN10Y
2012-12-13,3665.16,0.035649,,,399967,中证军工,CNY,CN10Y
2012-12-14,3818.39,0.035781,,,399967,中证军工,CNY,CN10Y
2012-12-17,3858.84,0.035814,,,399967,中证军工,CNY,CN10Y
2012-12-18,3861.48,0.035843,,,399967,中证军工,CNY,CN10Y
2012-12-19,3897.54,0.035942,,,399967,中证军工,CNY,CN10Y
2012-12-20,3896.12,0.036086,,,399967,中证军工,CNY,CN10Y
2012-12-21,3893.1,0.03606,,,399967,中证军工,CNY,CN10Y
2012-12-24,3909.61,0.036009,,,399967,中证军工,CNY,CN10Y
2012-12-25,4001.32,0.035955,,,399967,中证军工,CNY,CN10Y
2012-12-26,4065.82,0.035925,,,399967,中证军工,CNY,CN10Y
2012-12-27,4063.36,0.035803,,,399967,中证军工,CNY,CN10Y
2012-12-28,4135.39,0.035752,,,399967,中证军工,CNY,CN10Y
2012-12-31,4256.75,0.035738,,,399967,中证军工,CNY,CN10Y
2013-01-04,4194.03,0.036062,,,399967,中证军工,CNY,CN10Y
2013-01-05,,0.036003,,,399967,中证军工,CNY,CN10Y
2013-01-06,,0.03595,,,399967,中证军工,CNY,CN10Y
2013-01-07,4298.8,0.035965,,,399967,中证军工,CNY,CN10Y
2013-01-08,4414.64,0.035943,,,399967,中证军工,CNY,CN10Y
2013-01-09,4377.22,0.03575,,,399967,中证军工,CNY,CN10Y
2013-01-10,4434.69,0.03595,,,399967,中证军工,CNY,CN10Y
2013-01-11,4523.13,0.0359989999999999,,,399967,中证军工,CNY,CN10Y
2013-01-14,4860.58,0.036023,,,399967,中证军工,CNY,CN10Y
2013-01-15,4900.93,0.036008,,,399967,中证军工,CNY,CN10Y
2013-01-16,5118.77,0.0360469999999999,,,399967,中证军工,CNY,CN10Y
2013-01-17,4802.29,0.035986,,,399967,中证军工,CNY,CN10Y
2013-01-18,4848.25,0.035834,,,399967,中证军工,CNY,CN10Y
2013-01-21,4885.76,0.035743,,,399967,中证军工,CNY,CN10Y
2013-01-22,4762.21,0.035705,,,399967,中证军工,CNY,CN10Y
2013-01-23,4895.76,0.035682,,,399967,中证军工,CNY,CN10Y
2013-01-24,4943.24,0.035816,,,399967,中证军工,CNY,CN10Y
2013-01-25,4848.74,0.035837,,,399967,中证军工,CNY,CN10Y
2013-01-28,5026.46,0.036042,,,399967,中证军工,CNY,CN10Y
2013-01-29,5070.23,0.036116,,,399967,中证军工,CNY,CN10Y
2013-01-30,5112.79,0.036053,,,399967,中证军工,CNY,CN10Y
2013-01-31,5011.82,0.036054,,,399967,中证军工,CNY,CN10Y
2013-02-01,5041.46,0.036004,,,399967,中证军工,CNY,CN10Y
2013-02-04,5011.18,0.036016,,,399967,中证军工,CNY,CN10Y
2013-02-05,4973.77,0.03591,,,399967,中证军工,CNY,CN10Y
2013-02-06,5019.62,0.035922,,,399967,中证军工,CNY,CN10Y
2013-02-07,5130.36,0.035928,,,399967,中证军工,CNY,CN10Y
2013-02-08,5149.2,0.035859,,,399967,中证军工,CNY,CN10Y
2013-02-16,,0.035922,,,399967,中证军工,CNY,CN10Y
2013-02-17,,0.035847,,,399967,中证军工,CNY,CN10Y
2013-02-18,5196.74,0.035929,,,399967,中证军工,CNY,CN10Y
2013-02-19,5091.88,0.035931,,,399967,中证军工,CNY,CN10Y
2013-02-20,5148.8,0.035632,,,399967,中证军工,CNY,CN10Y
2013-02-21,5014.5,0.035623,,,399967,中证军工,CNY,CN10Y
2013-02-22,5068.53,0.035708,,,399967,中证军工,CNY,CN10Y
2013-02-25,5104.77,0.035821,,,399967,中证军工,CNY,CN10Y
2013-02-26,5124.72,0.035948,,,399967,中证军工,CNY,CN10Y
2013-02-27,5233.82,0.035904,,,399967,中证军工,CNY,CN10Y
2013-02-28,5295.46,0.0359569999999999,,,399967,中证军工,CNY,CN10Y
2013-03-01,5366.92,0.035878,,,399967,中证军工,CNY,CN10Y
2013-03-04,5287.76,0.035785,,,399967,中证军工,CNY,CN10Y
2013-03-05,5343.11,0.03576,,,399967,中证军工,CNY,CN10Y
2013-03-06,5382.05,0.035802,,,399967,中证军工,CNY,CN10Y
2013-03-07,5201.63,0.035813,,,399967,中证军工,CNY,CN10Y
2013-03-08,5137.51,0.035816,,,399967,中证军工,CNY,CN10Y
2013-03-11,5160.53,0.03583,,,399967,中证军工,CNY,CN10Y
2013-03-12,4979.54,0.035897,,,399967,中证军工,CNY,CN10Y
2013-03-13,4897.54,0.035898,,,399967,中证军工,CNY,CN10Y
2013-03-14,4898.89,0.035919,,,399967,中证军工,CNY,CN10Y
2013-03-15,4954.7,0.035919,,,399967,中证军工,CNY,CN10Y
2013-03-18,4866.29,0.035971,,,399967,中证军工,CNY,CN10Y
2013-03-19,4895.4,0.035922,,,399967,中证军工,CNY,CN10Y
2013-03-20,5048.38,0.035722,,,399967,中证军工,CNY,CN10Y
2013-03-21,5125.97,0.035819,,,399967,中证军工,CNY,CN10Y
2013-03-22,5152.65,0.035816,,,399967,中证军工,CNY,CN10Y
2013-03-25,5103.71,0.0357699999999999,,,399967,中证军工,CNY,CN10Y
2013-03-26,5043.41,0.035717,,,399967,中证军工,CNY,CN10Y
2013-03-27,5096.33,0.035611,,,399967,中证军工,CNY,CN10Y
2013-03-28,4927.82,0.035505,,,399967,中证军工,CNY,CN10Y
2013-03-29,4905.24,0.035392,,,399967,中证军工,CNY,CN10Y
2013-04-01,4969.86,0.035303,,,399967,中证军工,CNY,CN10Y
2013-04-02,4850.93,0.035106,,,399967,中证军工,CNY,CN10Y
2013-04-03,4901.05,0.035005,,,399967,中证军工,CNY,CN10Y
2013-04-07,,0.034907,,,399967,中证军工,CNY,CN10Y
2013-04-08,4970.99,0.034905,,,399967,中证军工,CNY,CN10Y
2013-04-09,4978.94,0.034705,,,399967,中证军工,CNY,CN10Y
2013-04-10,4986.19,0.034624,,,399967,中证军工,CNY,CN10Y
2013-04-11,4914.67,0.034705,,,399967,中证军工,CNY,CN10Y
2013-04-12,4835.19,0.034655,,,399967,中证军工,CNY,CN10Y
2013-04-15,4705.67,0.034405,,,399967,中证军工,CNY,CN10Y
2013-04-16,4759.24,0.034005,,,399967,中证军工,CNY,CN10Y
2013-04-17,4790.14,0.034131,,,399967,中证军工,CNY,CN10Y
2013-04-18,4797.1,0.0344309999999999,,,399967,中证军工,CNY,CN10Y
2013-04-19,4883.14,0.034503,,,399967,中证军工,CNY,CN10Y
2013-04-22,4915.76,0.034867,,,399967,中证军工,CNY,CN10Y
2013-04-23,4764.24,0.034629,,,399967,中证军工,CNY,CN10Y
2013-04-24,4853.87,0.034498,,,399967,中证军工,CNY,CN10Y
2013-04-25,4765.36,0.034314,,,399967,中证军工,CNY,CN10Y
2013-04-26,4622.11,0.0343129999999999,,,399967,中证军工,CNY,CN10Y
2013-04-27,,0.034311,,,399967,中证军工,CNY,CN10Y
2013-04-28,,0.034314,,,399967,中证军工,CNY,CN10Y
2013-05-02,4594.49,0.034119,,,399967,中证军工,CNY,CN10Y
2013-05-03,4694.02,0.034212,,,399967,中证军工,CNY,CN10Y
2013-05-06,4807.62,0.034354,,,399967,中证军工,CNY,CN10Y
2013-05-07,4817.95,0.034261,,,399967,中证军工,CNY,CN10Y
2013-05-08,4858.3,0.034345,,,399967,中证军工,CNY,CN10Y
2013-05-09,4921.25,0.034317,,,399967,中证军工,CNY,CN10Y
2013-05-10,4931.09,0.034212,,,399967,中证军工,CNY,CN10Y
2013-05-13,5087.96,0.034238,,,399967,中证军工,CNY,CN10Y
2013-05-14,4979.37,0.034248,,,399967,中证军工,CNY,CN10Y
2013-05-15,5079.16,0.034218,,,399967,中证军工,CNY,CN10Y
2013-05-16,5159.72,0.034219,,,399967,中证军工,CNY,CN10Y
2013-05-17,5221.25,0.034213,,,399967,中证军工,CNY,CN10Y
2013-05-20,5348.18,0.034253,,,399967,中证军工,CNY,CN10Y
2013-05-21,5492.85,0.034253,,,399967,中证军工,CNY,CN10Y
2013-05-22,5360.02,0.0341529999999999,,,399967,中证军工,CNY,CN10Y
2013-05-23,5412.29,0.03413,,,399967,中证军工,CNY,CN10Y
2013-05-24,5526.44,0.0341809999999999,,,399967,中证军工,CNY,CN10Y
2013-05-27,5545.2,0.034166,,,399967,中证军工,CNY,CN10Y
2013-05-28,5448.54,0.034206,,,399967,中证军工,CNY,CN10Y
2013-05-29,5552.2,0.03434,,,399967,中证军工,CNY,CN10Y
2013-05-30,5546.54,0.03434,,,399967,中证军工,CNY,CN10Y
2013-05-31,5474.85,0.034399,,,399967,中证军工,CNY,CN10Y
2013-06-03,5532.6,0.034478,,,399967,中证军工,CNY,CN10Y
2013-06-04,5437.39,0.034603,,,399967,中证军工,CNY,CN10Y
2013-06-05,5382.92,0.034615,,,399967,中证军工,CNY,CN10Y
2013-06-06,5322.62,0.034651,,,399967,中证军工,CNY,CN10Y
2013-06-07,5215.6,0.034822,,,399967,中证军工,CNY,CN10Y
2013-06-08,,0.034822,,,399967,中证军工,CNY,CN10Y
2013-06-09,,0.034491,,,399967,中证军工,CNY,CN10Y
2013-06-13,5066.42,0.034591,,,399967,中证军工,CNY,CN10Y
2013-06-14,5157.37,0.034689,,,399967,中证军工,CNY,CN10Y
2013-06-17,5234.67,0.0347849999999999,,,399967,中证军工,CNY,CN10Y
2013-06-18,5288.07,0.0348179999999999,,,399967,中证军工,CNY,CN10Y
2013-06-19,5262.06,0.035516,,,399967,中证军工,CNY,CN10Y
2013-06-20,5070.86,0.037016,,,399967,中证军工,CNY,CN10Y
2013-06-21,4995.13,0.036014,,,399967,中证军工,CNY,CN10Y
2013-06-24,4687.73,0.0359989999999999,,,399967,中证军工,CNY,CN10Y
2013-06-25,4710.27,0.0359989999999999,,,399967,中证军工,CNY,CN10Y
2013-06-26,4794.47,0.0355,,,399967,中证军工,CNY,CN10Y
2013-06-27,4672.06,0.035231,,,399967,中证军工,CNY,CN10Y
2013-06-28,4621.5,0.035125,,,399967,中证军工,CNY,CN10Y
2013-07-01,4747.7,0.035245,,,399967,中证军工,CNY,CN10Y
2013-07-02,4884.89,0.035243,,,399967,中证军工,CNY,CN10Y
2013-07-03,4894.44,0.035302,,,399967,中证军工,CNY,CN10Y
2013-07-04,4952.01,0.035102,,,399967,中证军工,CNY,CN10Y
2013-07-05,4894.91,0.035127,,,399967,中证军工,CNY,CN10Y
2013-07-08,4663.83,0.035177,,,399967,中证军工,CNY,CN10Y
2013-07-09,4712.17,0.035202,,,399967,中证军工,CNY,CN10Y
2013-07-10,4835.26,0.035802,,,399967,中证军工,CNY,CN10Y
2013-07-11,4939.87,0.0359019999999999,,,399967,中证军工,CNY,CN10Y
2013-07-12,4915.93,0.036001,,,399967,中证军工,CNY,CN10Y
2013-07-15,5056.5,0.0361019999999999,,,399967,中证军工,CNY,CN10Y
2013-07-16,5173.98,0.03619,,,399967,中证军工,CNY,CN10Y
2013-07-17,5075.78,0.03669,,,399967,中证军工,CNY,CN10Y
2013-07-18,5131.79,0.036903,,,399967,中证军工,CNY,CN10Y
2013-07-19,4981.68,0.037051,,,399967,中证军工,CNY,CN10Y
2013-07-22,5081.74,0.037401,,,399967,中证军工,CNY,CN10Y
2013-07-23,5190.61,0.037602,,,399967,中证军工,CNY,CN10Y
2013-07-24,5249.64,0.037952,,,399967,中证军工,CNY,CN10Y
2013-07-25,5140.22,0.0371019999999999,,,399967,中证军工,CNY,CN10Y
2013-07-26,5066.24,0.037152,,,399967,中证军工,CNY,CN10Y
2013-07-29,4941.08,0.037228,,,399967,中证军工,CNY,CN10Y
2013-07-30,4886.71,0.037227,,,399967,中证军工,CNY,CN10Y
2013-07-31,4925.14,0.037214,,,399967,中证军工,CNY,CN10Y
2013-08-01,5082.27,0.0370529999999999,,,399967,中证军工,CNY,CN10Y
2013-08-02,5133.35,0.037034,,,399967,中证军工,CNY,CN10Y
2013-08-05,5211.61,0.037104,,,399967,中证军工,CNY,CN10Y
2013-08-06,5238.47,0.037153,,,399967,中证军工,CNY,CN10Y
2013-08-07,5199.59,0.037703,,,399967,中证军工,CNY,CN10Y
2013-08-08,5173.12,0.0384549999999999,,,399967,中证军工,CNY,CN10Y
2013-08-09,5149.44,0.038407,,,399967,中证军工,CNY,CN10Y
2013-08-12,5214.83,0.038513,,,399967,中证军工,CNY,CN10Y
2013-08-13,5242.81,0.0392519999999999,,,399967,中证军工,CNY,CN10Y
2013-08-14,5219.19,0.039516,,,399967,中证军工,CNY,CN10Y
2013-08-15,5167.19,0.039602,,,399967,中证军工,CNY,CN10Y
2013-08-16,5052.98,0.039401,,,399967,中证军工,CNY,CN10Y
2013-08-19,5149.37,0.040103,,,399967,中证军工,CNY,CN10Y
2013-08-20,5150.7,0.040881,,,399967,中证军工,CNY,CN10Y
2013-08-21,5184.59,0.040382,,,399967,中证军工,CNY,CN10Y
2013-08-22,5177.87,0.040302,,,399967,中证军工,CNY,CN10Y
2013-08-23,5173.29,0.039916,,,399967,中证军工,CNY,CN10Y
2013-08-26,5266.7,0.039555,,,399967,中证军工,CNY,CN10Y
2013-08-27,5334.28,0.0396539999999999,,,399967,中证军工,CNY,CN10Y
2013-08-28,5468.58,0.040222,,,399967,中证军工,CNY,CN10Y
2013-08-29,5343.75,0.0403,,,399967,中证军工,CNY,CN10Y
2013-08-30,5222.44,0.040354,,,399967,中证军工,CNY,CN10Y
2013-09-02,5287.33,0.0403559999999999,,,399967,中证军工,CNY,CN10Y
2013-09-03,5334.85,0.040404,,,399967,中证军工,CNY,CN10Y
2013-09-04,5419.59,0.0405499999999999,,,399967,中证军工,CNY,CN10Y
2013-09-05,5389.62,0.0405499999999999,,,399967,中证军工,CNY,CN10Y
2013-09-06,5524.54,0.040455,,,399967,中证军工,CNY,CN10Y
2013-09-09,5605.27,0.0405499999999999,,,399967,中证军工,CNY,CN10Y
2013-09-10,5614.2,0.04065,,,399967,中证军工,CNY,CN10Y
2013-09-11,5481.08,0.041341,,,399967,中证军工,CNY,CN10Y
2013-09-12,5503.17,0.041291,,,399967,中证军工,CNY,CN10Y
2013-09-13,5519.75,0.041406,,,399967,中证军工,CNY,CN10Y
2013-09-16,5570.2,0.041201,,,399967,中证军工,CNY,CN10Y
2013-09-17,5506.64,0.040721,,,399967,中证军工,CNY,CN10Y
2013-09-18,5530.11,0.040502,,,399967,中证军工,CNY,CN10Y
2013-09-22,,0.039851,,,399967,中证军工,CNY,CN10Y
2013-09-23,5617.4,0.040095,,,399967,中证军工,CNY,CN10Y
2013-09-24,5654.27,0.040201,,,399967,中证军工,CNY,CN10Y
2013-09-25,5621.04,0.040202,,,399967,中证军工,CNY,CN10Y
2013-09-26,5485.07,0.039901,,,399967,中证军工,CNY,CN10Y
2013-09-27,5444.79,0.040002,,,399967,中证军工,CNY,CN10Y
2013-09-29,,0.040002,,,399967,中证军工,CNY,CN10Y
2013-09-30,5500.83,0.039954,,,399967,中证军工,CNY,CN10Y
2013-10-08,5652.48,0.039903,,,399967,中证军工,CNY,CN10Y
2013-10-09,5723.68,0.040316,,,399967,中证军工,CNY,CN10Y
2013-10-10,5692.81,0.040166,,,399967,中证军工,CNY,CN10Y
2013-10-11,5753.05,0.040265,,,399967,中证军工,CNY,CN10Y
2013-10-12,,0.040263,,,399967,中证军工,CNY,CN10Y
2013-10-14,5797.01,0.040663,,,399967,中证军工,CNY,CN10Y
2013-10-15,5762.32,0.040791,,,399967,中证军工,CNY,CN10Y
2013-10-16,5572.99,0.0409659999999999,,,399967,中证军工,CNY,CN10Y
2013-10-17,5557.02,0.0409659999999999,,,399967,中证军工,CNY,CN10Y
2013-10-18,5650.96,0.041055,,,399967,中证军工,CNY,CN10Y
2013-10-21,5792.64,0.041105,,,399967,中证军工,CNY,CN10Y
2013-10-22,5713.84,0.0413049999999999,,,399967,中证军工,CNY,CN10Y
2013-10-23,5552.75,0.041491,,,399967,中证军工,CNY,CN10Y
2013-10-24,5535.39,0.04194,,,399967,中证军工,CNY,CN10Y
2013-10-25,5405.41,0.04214,,,399967,中证军工,CNY,CN10Y
2013-10-28,5434.55,0.0420399999999999,,,399967,中证军工,CNY,CN10Y
2013-10-29,5280.21,0.0421729999999999,,,399967,中证军工,CNY,CN10Y
2013-10-30,5404.4,0.0421729999999999,,,399967,中证军工,CNY,CN10Y
2013-10-31,5332.26,0.041806,,,399967,中证军工,CNY,CN10Y
2013-11-01,5322.93,0.0415559999999999,,,399967,中证军工,CNY,CN10Y
2013-11-04,5343.9,0.041731,,,399967,中证军工,CNY,CN10Y
2013-11-05,5380.48,0.042106,,,399967,中证军工,CNY,CN10Y
2013-11-06,5355.7,0.042206,,,399967,中证军工,CNY,CN10Y
2013-11-07,5280.22,0.042945,,,399967,中证军工,CNY,CN10Y
2013-11-08,5196.68,0.043186,,,399967,中证军工,CNY,CN10Y
2013-11-11,5217.94,0.044034,,,399967,中证军工,CNY,CN10Y
2013-11-12,5277.14,0.044146,,,399967,中证军工,CNY,CN10Y
2013-11-13,5311.85,0.0446279999999999,,,399967,中证军工,CNY,CN10Y
2013-11-14,5583.83,0.045006,,,399967,中证军工,CNY,CN10Y
2013-11-15,5756.07,0.046006,,,399967,中证军工,CNY,CN10Y
2013-11-18,5985.51,0.046619,,,399967,中证军工,CNY,CN10Y
2013-11-19,5967.59,0.046722,,,399967,中证军工,CNY,CN10Y
2013-11-20,6234.21,0.047222,,,399967,中证军工,CNY,CN10Y
2013-11-21,6088.48,0.0470089999999999,,,399967,中证军工,CNY,CN10Y
2013-11-22,6085.85,0.046509,,,399967,中证军工,CNY,CN10Y
2013-11-25,6229.26,0.046159,,,399967,中证军工,CNY,CN10Y
2013-11-26,6253.71,0.046059,,,399967,中证军工,CNY,CN10Y
2013-11-27,6485.88,0.0455109999999999,,,399967,中证军工,CNY,CN10Y
2013-11-28,6429.38,0.044313,,,399967,中证军工,CNY,CN10Y
2013-11-29,6639.37,0.043612,,,399967,中证军工,CNY,CN10Y
2013-12-02,6179.26,0.044812,,,399967,中证军工,CNY,CN10Y
2013-12-03,6312.05,0.044412,,,399967,中证军工,CNY,CN10Y
2013-12-04,6332.67,0.0442619999999999,,,399967,中证军工,CNY,CN10Y
2013-12-05,6240.85,0.044962,,,399967,中证军工,CNY,CN10Y
2013-12-06,6153.23,0.045162,,,399967,中证军工,CNY,CN10Y
2013-12-09,6232.98,0.0454129999999999,,,399967,中证军工,CNY,CN10Y
2013-12-10,6145.2,0.046012,,,399967,中证军工,CNY,CN10Y
2013-12-11,6095.73,0.046213,,,399967,中证军工,CNY,CN10Y
2013-12-12,6108.26,0.045913,,,399967,中证军工,CNY,CN10Y
2013-12-13,6128.52,0.045411,,,399967,中证军工,CNY,CN10Y
2013-12-16,5996.66,0.0455389999999999,,,399967,中证军工,CNY,CN10Y
2013-12-17,6073.5,0.045639,,,399967,中证军工,CNY,CN10Y
2013-12-18,5990.5,0.045814,,,399967,中证军工,CNY,CN10Y
2013-12-19,5904.9,0.046016,,,399967,中证军工,CNY,CN10Y
2013-12-20,5808.4,0.046016,,,399967,中证军工,CNY,CN10Y
2013-12-23,5875.83,0.046017,,,399967,中证军工,CNY,CN10Y
2013-12-24,5928.09,0.045566,,,399967,中证军工,CNY,CN10Y
2013-12-25,6031.37,0.045666,,,399967,中证军工,CNY,CN10Y
2013-12-26,,0.045579,,,399967,中证军工,CNY,CN10Y
2013-12-27,,0.045437,,,399967,中证军工,CNY,CN10Y
2013-12-30,,0.045437,,,399967,中证军工,CNY,CN10Y
2013-12-31,,0.045518,,,399967,中证军工,CNY,CN10Y
2014-01-02,,0.0460179999999999,,,399967,中证军工,CNY,CN10Y
2014-01-03,,0.046415,,,399967,中证军工,CNY,CN10Y
2014-01-06,,0.046569,,,399967,中证军工,CNY,CN10Y
2014-01-07,,0.04642,,,399967,中证军工,CNY,CN10Y
2014-01-08,,0.045919,,,399967,中证军工,CNY,CN10Y
2014-01-09,,0.0459689999999999,,,399967,中证军工,CNY,CN10Y
2014-01-10,,0.046016,,,399967,中证军工,CNY,CN10Y
2014-01-13,,0.04597,,,399967,中证军工,CNY,CN10Y
2014-01-14,,0.04602,,,399967,中证军工,CNY,CN10Y
2014-01-15,,0.045523,,,399967,中证军工,CNY,CN10Y
2014-01-16,,0.045871,,,399967,中证军工,CNY,CN10Y
2014-01-17,,0.0459689999999999,,,399967,中证军工,CNY,CN10Y
2014-01-20,,0.045923,,,399967,中证军工,CNY,CN10Y
2014-01-21,,0.045423,,,399967,中证军工,CNY,CN10Y
2014-01-22,,0.045023,,,399967,中证军工,CNY,CN10Y
2014-01-23,,0.044825,,,399967,中证军工,CNY,CN10Y
2014-01-24,,0.0451229999999999,,,399967,中证军工,CNY,CN10Y
2014-01-26,,0.044777,,,399967,中证军工,CNY,CN10Y
2014-01-27,,0.044802,,,399967,中证军工,CNY,CN10Y
2014-01-28,,0.045027,,,399967,中证军工,CNY,CN10Y
2014-01-29,,0.045102,,,399967,中证军工,CNY,CN10Y
2014-01-30,,0.045019,,,399967,中证军工,CNY,CN10Y
2014-02-07,,0.044781,,,399967,中证军工,CNY,CN10Y
2014-02-08,,0.04468,,,399967,中证军工,CNY,CN10Y
2014-02-10,,0.044831,,,399967,中证军工,CNY,CN10Y
2014-02-11,,0.044881,,,399967,中证军工,CNY,CN10Y
2014-02-12,,0.0447829999999999,,,399967,中证军工,CNY,CN10Y
2014-02-13,,0.0447829999999999,,,399967,中证军工,CNY,CN10Y
2014-02-14,,0.044781,,,399967,中证军工,CNY,CN10Y
2014-02-17,,0.0451349999999999,,,399967,中证军工,CNY,CN10Y
2014-02-18,,0.045385,,,399967,中证军工,CNY,CN10Y
2014-02-19,,0.045535,,,399967,中证军工,CNY,CN10Y
2014-02-20,,0.045336,,,399967,中证军工,CNY,CN10Y
2014-02-21,,0.0452339999999999,,,399967,中证军工,CNY,CN10Y
2014-02-24,,0.044836,,,399967,中证军工,CNY,CN10Y
2014-02-25,,0.044336,,,399967,中证军工,CNY,CN10Y
2014-02-26,,0.044496,,,399967,中证军工,CNY,CN10Y
2014-02-27,,0.043896,,,399967,中证军工,CNY,CN10Y
2014-02-28,,0.044276,,,399967,中证军工,CNY,CN10Y
2014-03-03,,0.044576,,,399967,中证军工,CNY,CN10Y
2014-03-04,,0.045026,,,399967,中证军工,CNY,CN10Y
2014-03-05,,0.045176,,,399967,中证军工,CNY,CN10Y
2014-03-06,,0.045145,,,399967,中证军工,CNY,CN10Y
2014-03-07,,0.0451419999999999,,,399967,中证军工,CNY,CN10Y
2014-03-10,,0.045043,,,399967,中证军工,CNY,CN10Y
2014-03-11,,0.045125,,,399967,中证军工,CNY,CN10Y
2014-03-12,,0.0450239999999999,,,399967,中证军工,CNY,CN10Y
2014-03-13,,0.0450239999999999,,,399967,中证军工,CNY,CN10Y
2014-03-14,,0.044924,,,399967,中证军工,CNY,CN10Y
2014-03-17,,0.04482,,,399967,中证军工,CNY,CN10Y
2014-03-18,,0.045095,,,399967,中证军工,CNY,CN10Y
2014-03-19,,0.045095,,,399967,中证军工,CNY,CN10Y
2014-03-20,,0.045195,,,399967,中证军工,CNY,CN10Y
2014-03-21,,0.045044,,,399967,中证军工,CNY,CN10Y
2014-03-24,,0.045148,,,399967,中证军工,CNY,CN10Y
2014-03-25,,0.0451919999999999,,,399967,中证军工,CNY,CN10Y
2014-03-26,,0.044992,,,399967,中证军工,CNY,CN10Y
2014-03-27,,0.045109,,,399967,中证军工,CNY,CN10Y
2014-03-28,,0.045104,,,399967,中证军工,CNY,CN10Y
2014-03-31,,0.045004,,,399967,中证军工,CNY,CN10Y
2014-04-01,,0.044954,,,399967,中证军工,CNY,CN10Y
2014-04-02,,0.044904,,,399967,中证军工,CNY,CN10Y
2014-04-03,5749.3,0.044904,52.26,-0.025768906238040564,399967,中证军工,CNY,CN10Y
2014-04-04,5844.45,0.044904,53.1,-0.026071608286252355,399967,中证军工,CNY,CN10Y
2014-04-08,5994.8,0.044499,54.52,-0.026157107116654435,399967,中证军工,CNY,CN10Y
2014-04-09,6035.29,0.044771,54.85,-0.026539459434822242,399967,中证军工,CNY,CN10Y
2014-04-10,6050.78,0.044571,55.07,-0.026412292899945525,399967,中证军工,CNY,CN10Y
2014-04-11,6047.89,0.044521,55.04,-0.026352395348837206,399967,中证军工,CNY,CN10Y
2014-04-14,6085.98,0.044248,55.32,-0.026171355025307305,399967,中证军工,CNY,CN10Y
2014-04-15,6058.5,0.044001,55.06,-0.025838994914638574,399967,中证军工,CNY,CN10Y
2014-04-16,6054.96,0.043601,54.96,-0.025405949053857353,399967,中证军工,CNY,CN10Y
2014-04-17,6020.38,0.0427489999999999,54.72,-0.02447414619883031,399967,中证军工,CNY,CN10Y
2014-04-18,6035.24,0.0429969999999999,54.75,-0.024732159817351503,399967,中证军工,CNY,CN10Y
2014-04-21,5925.53,0.0429969999999999,53.71,-0.024378493204244924,399967,中证军工,CNY,CN10Y
2014-04-22,5895.49,0.0429969999999999,53.6,-0.024340283582089457,399967,中证军工,CNY,CN10Y
2014-04-23,6004.12,0.043297,54.74,-0.025028823164048232,399967,中证军工,CNY,CN10Y
2014-04-24,5934.74,0.043394,54.17,-0.02493359756322688,399967,中证军工,CNY,CN10Y
2014-04-25,5795.17,0.043294,52.92,-0.02439755253212396,399967,中证军工,CNY,CN10Y
2014-04-28,5604.02,0.043301,51.25,-0.02378880487804878,399967,中证军工,CNY,CN10Y
2014-04-29,5656.93,0.043202,51.65,-0.02384091577928364,399967,中证军工,CNY,CN10Y
2014-04-30,5688.99,0.043002,51.18,-0.0234631176240719,399967,中证军工,CNY,CN10Y
2014-05-04,,0.0429019999999999,51.18,-0.0233631176240718,399967,中证军工,CNY,CN10Y
2014-05-05,5743.62,0.043002,45.75,-0.02114407650273224,399967,中证军工,CNY,CN10Y
2014-05-06,5795.12,0.042803,46.07,-0.021096900586064685,399967,中证军工,CNY,CN10Y
2014-05-07,5723.49,0.042803,45.45,-0.020800799779978,399967,中证军工,CNY,CN10Y
2014-05-08,5720.82,0.042303,45.45,-0.020300799779978,399967,中证军工,CNY,CN10Y
2014-05-09,5653.2,0.041205,44.87,-0.018918394250055714,399967,中证军工,CNY,CN10Y
2014-05-12,5783.73,0.041205,46.01,-0.019470594435992174,399967,中证军工,CNY,CN10Y
2014-05-13,5820.71,0.041505,46.28,-0.019897394122731202,399967,中证军工,CNY,CN10Y
2014-05-14,5800.58,0.041704,46.13,-0.02002613310210275,399967,中证军工,CNY,CN10Y
2014-05-15,5759.69,0.0419149999999999,45.86,-0.02010950501526374,399967,中证军工,CNY,CN10Y
2014-05-16,5754.89,0.041919,45.86,-0.020113505015263843,399967,中证军工,CNY,CN10Y
2014-05-19,5708.46,0.0417079999999999,45.48,-0.019720313104661286,399967,中证军工,CNY,CN10Y
2014-05-20,5718.39,0.0417699999999999,45.62,-0.019849789565979728,399967,中证军工,CNY,CN10Y
2014-05-21,5775.31,0.0417699999999999,46.04,-0.02004975673327531,399967,中证军工,CNY,CN10Y
2014-05-22,5798.74,0.0417699999999999,46.05,-0.020054473398479808,399967,中证军工,CNY,CN10Y
2014-05-23,5875.9,0.041574,46.55,-0.020091722878625134,399967,中证军工,CNY,CN10Y
2014-05-26,5967.57,0.0416739999999999,47.21,-0.020492047023935506,399967,中证军工,CNY,CN10Y
2014-05-27,5917.75,0.041574,46.79,-0.02020191194699722,399967,中证军工,CNY,CN10Y
2014-05-28,6044.41,0.0414569999999999,47.72,-0.02050142581726729,399967,中证军工,CNY,CN10Y
2014-05-29,5968.76,0.041159,47.13,-0.01994109208572035,399967,中证军工,CNY,CN10Y
2014-05-30,6082.24,0.040714,47.89,-0.01983281394863228,399967,中证军工,CNY,CN10Y
2014-06-03,6049.79,0.040214,47.64,-0.019223235936188077,399967,中证军工,CNY,CN10Y
2014-06-04,5978.81,0.040114,47.05,-0.018860014877789582,399967,中证军工,CNY,CN10Y
2014-06-05,6044.85,0.0403139999999999,47.58,-0.019296765868011666,399967,中证军工,CNY,CN10Y
2014-06-06,5994.17,0.040614,47.16,-0.01940958948261238,399967,中证军工,CNY,CN10Y
2014-06-09,5941.46,0.040714,46.84,-0.01936472587532024,399967,中证军工,CNY,CN10Y
2014-06-10,6040.59,0.040614,47.58,-0.019596765868011765,399967,中证军工,CNY,CN10Y
2014-06-11,6075.49,0.040614,47.8,-0.019693497907949786,399967,中证军工,CNY,CN10Y
2014-06-12,6176.44,0.04064,48.63,-0.020076561793131817,399967,中证军工,CNY,CN10Y
2014-06-13,6254.63,0.0408399999999999,49.27,-0.020543673635071952,399967,中证军工,CNY,CN10Y
2014-06-16,6344.48,0.04064,49.95,-0.020619979979979983,399967,中证军工,CNY,CN10Y
2014-06-17,6238.74,0.04054,49.04,-0.02014848287112561,399967,中证军工,CNY,CN10Y
2014-06-18,6245.78,0.04054,49.22,-0.020223055668427466,399967,中证军工,CNY,CN10Y
2014-06-19,6058.52,0.040408,47.8,-0.019487497907949788,399967,中证军工,CNY,CN10Y
2014-06-20,6133.02,0.0405149999999999,48.36,-0.0198367535153018,399967,中证军工,CNY,CN10Y
2014-06-23,6217.58,0.0405149999999999,49.07,-0.02013594966374557,399967,中证军工,CNY,CN10Y
2014-06-24,6330.18,0.0405149999999999,49.95,-0.02049497997997988,399967,中证军工,CNY,CN10Y
2014-06-25,6286.77,0.0405569999999999,49.63,-0.020407896635099638,399967,中证军工,CNY,CN10Y
2014-06-26,6389.27,0.040472,50.43,-0.0206425334126512,399967,中证军工,CNY,CN10Y
2014-06-27,6496.69,0.040485,51.36,-0.021014595015576325,399967,中证军工,CNY,CN10Y
2014-06-30,6758.53,0.040612,53.35,-0.021867857544517342,399967,中证军工,CNY,CN10Y
2014-07-01,6735.68,0.040812,53.09,-0.02197606102844227,399967,中证军工,CNY,CN10Y
2014-07-02,6901.01,0.041212,54.3,-0.022795793738489868,399967,中证军工,CNY,CN10Y
2014-07-03,6846.04,0.041503,55.76,-0.02356899713055954,399967,中证军工,CNY,CN10Y
2014-07-04,6817.47,0.041747,55.57,-0.023751678783516285,399967,中证军工,CNY,CN10Y
2014-07-07,6978.35,0.041212,56.82,-0.023612563181978175,399967,中证军工,CNY,CN10Y
2014-07-08,6996.69,0.041162,56.85,-0.02357185048372911,399967,中证军工,CNY,CN10Y
2014-07-09,7022.25,0.041276,57.03,-0.02374136910398036,399967,中证军工,CNY,CN10Y
2014-07-10,6957.02,0.041298,56.53,-0.023608277728639663,399967,中证军工,CNY,CN10Y
2014-07-11,7141.92,0.041198,58.03,-0.023965534034120283,399967,中证军工,CNY,CN10Y
2014-07-14,7147.56,0.041298,58.02,-0.02406256394346777,399967,中证军工,CNY,CN10Y
2014-07-15,7156.81,0.041571,58.12,-0.02436521885753613,399967,中证军工,CNY,CN10Y
2014-07-16,6843.78,0.042171,55.61,-0.02418862272972487,399967,中证军工,CNY,CN10Y
2014-07-17,6776.18,0.04267,55.02,-0.02449479098509633,399967,中证军工,CNY,CN10Y
2014-07-18,6733.9,0.043019,54.73,-0.02474748529143066,399967,中证军工,CNY,CN10Y
2014-07-21,6814.84,0.043017,55.35,-0.024950152664859983,399967,中证军工,CNY,CN10Y
2014-07-22,6854.64,0.042717,55.68,-0.02475722988505747,399967,中证军工,CNY,CN10Y
2014-07-23,6857.64,0.042967,55.6,-0.024981388489208632,399967,中证军工,CNY,CN10Y
2014-07-24,6748.82,0.042967,54.74,-0.024698823164048228,399967,中证军工,CNY,CN10Y
2014-07-25,6798.63,0.042711,55.18,-0.02458849184487133,399967,中证军工,CNY,CN10Y
2014-07-28,6990.58,0.042713,56.81,-0.025110465234993842,399967,中证军工,CNY,CN10Y
2014-07-29,7141.46,0.042805,58.0,-0.025563620689655175,399967,中证军工,CNY,CN10Y
2014-07-30,7244.88,0.042905,58.75,-0.025883723404255318,399967,中证军工,CNY,CN10Y
2014-07-31,7296.29,0.042655,59.24,-0.02577451384199865,399967,中证军工,CNY,CN10Y
2014-08-01,7138.52,0.0425689999999999,58.04,-0.02533950310130934,399967,中证军工,CNY,CN10Y
2014-08-04,7266.58,0.04253,59.07,-0.025600932791603182,399967,中证军工,CNY,CN10Y
2014-08-05,7290.04,0.042576,59.16,-0.02567268695064233,399967,中证军工,CNY,CN10Y
2014-08-06,7371.87,0.042463,59.84,-0.02575177005347594,399967,中证军工,CNY,CN10Y
2014-08-07,7290.86,0.042563,59.22,-0.02567681290104694,399967,中证军工,CNY,CN10Y
2014-08-08,7349.8,0.042712,59.74,-0.025972796786072984,399967,中证军工,CNY,CN10Y
2014-08-11,7471.01,0.042815,60.61,-0.02631607243029203,399967,中证军工,CNY,CN10Y
2014-08-12,7496.56,0.042815,60.79,-0.026364925974666886,399967,中证军工,CNY,CN10Y
2014-08-13,7415.1,0.04255,60.17,-0.02593042213727771,399967,中证军工,CNY,CN10Y
2014-08-14,7372.22,0.0421,59.8,-0.025377591973244146,399967,中证军工,CNY,CN10Y
2014-08-15,7458.85,0.042002,60.45,-0.02545940281224152,399967,中证军工,CNY,CN10Y
2014-08-18,7550.3,0.042153,61.27,-0.02583179875958871,399967,中证军工,CNY,CN10Y
2014-08-19,7632.26,0.042422,61.96,-0.026282555196901227,399967,中证军工,CNY,CN10Y
2014-08-20,7619.32,0.042523,61.95,-0.026380949959644875,399967,中证军工,CNY,CN10Y
2014-08-21,7670.29,0.042512,62.33,-0.02646836130274346,399967,中证军工,CNY,CN10Y
2014-08-22,7722.35,0.04256,62.65,-0.02659830806065443,399967,中证军工,CNY,CN10Y
2014-08-25,7606.02,0.042524,61.63,-0.026298135972740548,399967,中证军工,CNY,CN10Y
2014-08-26,7466.43,0.042462,60.66,-0.025976671941971643,399967,中证军工,CNY,CN10Y
2014-08-27,7657.17,0.04231,62.48,-0.026304878361075545,399967,中证军工,CNY,CN10Y
2014-08-28,7511.51,0.0422539999999999,61.27,-0.02593279875958861,399967,中证军工,CNY,CN10Y
2014-08-29,7737.7,0.042361,63.31,-0.026565706997314805,399967,中证军工,CNY,CN10Y
2014-09-01,7977.1,0.042405,67.85,-0.027666606484893143,399967,中证军工,CNY,CN10Y
2014-09-02,8292.65,0.04249,70.5,-0.028305602836879433,399967,中证军工,CNY,CN10Y
2014-09-03,8321.96,0.04264,70.76,-0.028507721876766534,399967,中证军工,CNY,CN10Y
2014-09-04,8465.45,0.042814,71.91,-0.028907728271450422,399967,中证军工,CNY,CN10Y
2014-09-05,8550.41,0.0429279999999999,72.77,-0.029186073381888035,399967,中证军工,CNY,CN10Y
2014-09-09,8587.53,0.042868,73.06,-0.029180619764577066,399967,中证军工,CNY,CN10Y
2014-09-10,8631.83,0.042934,73.41,-0.029311877673341508,399967,中证军工,CNY,CN10Y
2014-09-11,8659.22,0.042937,73.63,-0.029355579383403507,399967,中证军工,CNY,CN10Y
2014-09-12,8909.83,0.042793,75.74,-0.029589936889358327,399967,中证军工,CNY,CN10Y
2014-09-15,9005.6,0.0425969999999999,76.46,-0.02951826602144902,399967,中证军工,CNY,CN10Y
2014-09-16,8558.64,0.042634,72.55,-0.028850402481047553,399967,中证军工,CNY,CN10Y
2014-09-17,8509.83,0.042008,72.15,-0.028147986139986137,399967,中证军工,CNY,CN10Y
2014-09-18,8504.8,0.0414379999999999,72.02,-0.027552968064426447,399967,中证军工,CNY,CN10Y
2014-09-19,8746.28,0.04031,74.18,-0.026829277433270425,399967,中证军工,CNY,CN10Y
2014-09-22,8581.05,0.04011,72.7,-0.02635484181568088,399967,中证军工,CNY,CN10Y
2014-09-23,8850.36,0.039911,74.96,-0.02657055176093917,399967,中证军工,CNY,CN10Y
2014-09-24,9097.08,0.040425,77.19,-0.027469954009586735,399967,中证军工,CNY,CN10Y
2014-09-25,9190.24,0.040025,77.99,-0.027202843313245285,399967,中证军工,CNY,CN10Y
2014-09-26,9120.32,0.0400919999999999,77.37,-0.027167093705570536,399967,中证军工,CNY,CN10Y
2014-09-28,,0.040227,77.37,-0.027302093705570636,399967,中证军工,CNY,CN10Y
2014-09-29,9257.78,0.039925,78.76,-0.027228199593702387,399967,中证军工,CNY,CN10Y
2014-09-30,9269.5,0.039824,78.81,-0.02713525491688872,399967,中证军工,CNY,CN10Y
2014-10-08,9474.6,0.03993,80.65,-0.02753074395536268,399967,中证军工,CNY,CN10Y
2014-10-09,9458.21,0.040014,80.58,-0.027603972697939936,399967,中证军工,CNY,CN10Y
2014-10-10,9453.36,0.040131,80.66,-0.02773328118026283,399967,中证军工,CNY,CN10Y
2014-10-11,,0.039965,80.66,-0.02756728118026283,399967,中证军工,CNY,CN10Y
2014-10-13,9540.58,0.0399529999999999,81.67,-0.02770860181217083,399967,中证军工,CNY,CN10Y
2014-10-14,9509.06,0.039015,81.46,-0.026739036336852443,399967,中证军工,CNY,CN10Y
2014-10-15,9378.48,0.038215,80.29,-0.025760148835471418,399967,中证军工,CNY,CN10Y
2014-10-16,9171.55,0.038116,78.4,-0.02536089795918367,399967,中证军工,CNY,CN10Y
2014-10-17,9216.55,0.03811,78.84,-0.025426083206494164,399967,中证军工,CNY,CN10Y
2014-10-20,9299.87,0.037441,79.44,-0.024852883182275933,399967,中证军工,CNY,CN10Y
2014-10-21,9130.89,0.037323,78.07,-0.02451398245164596,399967,中证军工,CNY,CN10Y
2014-10-22,9164.05,0.037929,78.44,-0.025180402345741967,399967,中证军工,CNY,CN10Y
2014-10-23,9103.57,0.038108,77.83,-0.025259484003597586,399967,中证军工,CNY,CN10Y
2014-10-24,8984.53,0.038013,76.69,-0.02497349028556526,399967,中证军工,CNY,CN10Y
2014-10-27,9043.16,0.037756,77.23,-0.024807663861193836,399967,中证军工,CNY,CN10Y
2014-10-28,9435.47,0.037424,80.61,-0.025018591241781414,399967,中证军工,CNY,CN10Y
2014-10-29,9539.67,0.037176,81.37,-0.024886458399901685,399967,中证军工,CNY,CN10Y
2014-10-30,9418.48,0.037688,80.26,-0.0252284933964615,399967,中证军工,CNY,CN10Y
2014-10-31,9350.08,0.037559,79.64,-0.02500249573078855,399967,中证军工,CNY,CN10Y
2014-11-03,9420.72,0.037007,78.48,-0.024264900101936798,399967,中证军工,CNY,CN10Y
2014-11-04,9349.39,0.036412,77.75,-0.023550263665594855,399967,中证军工,CNY,CN10Y
2014-11-05,9344.09,0.0361169999999999,77.59,-0.02322874120376327,399967,中证军工,CNY,CN10Y
2014-11-06,9401.12,0.036223,77.78,-0.02336622447930059,399967,中证军工,CNY,CN10Y
2014-11-07,9316.76,0.0356309999999999,77.14,-0.022667556909515066,399967,中证军工,CNY,CN10Y
2014-11-10,9285.22,0.035132,76.87,-0.02212302380642643,399967,中证军工,CNY,CN10Y
2014-11-11,8893.42,0.034981,73.71,-0.021414319766653096,399967,中证军工,CNY,CN10Y
2014-11-12,9036.25,0.03556,74.85,-0.02219994655978624,399967,中证军工,CNY,CN10Y
2014-11-13,8679.54,0.035924,72.08,-0.022050526082130963,399967,中证军工,CNY,CN10Y
2014-11-14,8733.82,0.036466,72.51,-0.022674798786374295,399967,中证军工,CNY,CN10Y
2014-11-17,8888.23,0.0366089999999999,73.7,-0.0230404789687923,399967,中证军工,CNY,CN10Y
2014-11-18,8879.77,0.03607,73.55,-0.02247380693405846,399967,中证军工,CNY,CN10Y
2014-11-19,8933.3,0.036154,73.97,-0.0226350058131675,399967,中证军工,CNY,CN10Y
2014-11-20,8833.53,0.036521,73.11,-0.022842980577212416,399967,中证军工,CNY,CN10Y
2014-11-21,8904.39,0.036514,74.16,-0.023029641855447678,399967,中证军工,CNY,CN10Y
2014-11-24,9021.81,0.034767,75.24,-0.02147619723551302,399967,中证军工,CNY,CN10Y
2014-11-25,9161.46,0.035216,76.26,-0.022102965643849986,399967,中证军工,CNY,CN10Y
2014-11-26,9257.53,0.035228,77.23,-0.02227966386119384,399967,中证军工,CNY,CN10Y
2014-11-27,9339.86,0.035243,77.89,-0.02240438143535755,399967,中证军工,CNY,CN10Y
2014-11-28,9235.57,0.035249,76.93,-0.02225016989470948,399967,中证军工,CNY,CN10Y
2014-12-01,9035.69,0.035145,75.24,-0.021854197235513025,399967,中证军工,CNY,CN10Y
2014-12-02,9098.49,0.035553,75.8,-0.022360387862796836,399967,中证军工,CNY,CN10Y
2014-12-03,9325.93,0.036238,78.1,-0.023433902688860433,399967,中证军工,CNY,CN10Y
2014-12-04,9448.01,0.036633,79.06,-0.02398437869972173,399967,中证军工,CNY,CN10Y
2014-12-05,10057.94,0.037759,84.51,-0.02592608081883801,399967,中证军工,CNY,CN10Y
2014-12-08,10635.55,0.037918,89.59,-0.026756039959816943,399967,中证军工,CNY,CN10Y
2014-12-09,9880.27,0.037532,83.23,-0.025517101525892108,399967,中证军工,CNY,CN10Y
2014-12-10,10211.0,0.037111,86.46,-0.02554495789960675,399967,中证军工,CNY,CN10Y
2014-12-11,10295.53,0.037282,87.07,-0.02579698794073734,399967,中证军工,CNY,CN10Y
2014-12-12,10279.21,0.037513,86.93,-0.026009491429886115,399967,中证军工,CNY,CN10Y
2014-12-15,10358.94,0.037815,87.46,-0.02638120169220215,399967,中证军工,CNY,CN10Y
2014-12-16,10461.61,0.037522,88.38,-0.02620722290110885,399967,中证军工,CNY,CN10Y
2014-12-17,10251.3,0.037377,86.42,-0.02580560448970146,399967,中证军工,CNY,CN10Y
2014-12-18,10587.13,0.037614,89.62,-0.02645577638919884,399967,中证军工,CNY,CN10Y
2014-12-19,10444.12,0.037106,88.74,-0.02583712463376155,399967,中证军工,CNY,CN10Y
2014-12-22,9882.0,0.03703,83.92,-0.025113889418493802,399967,中证军工,CNY,CN10Y
2014-12-23,9492.13,0.036604,80.6,-0.02419705210918114,399967,中证军工,CNY,CN10Y
2014-12-24,9729.14,0.035975,82.68,-0.023880176584421868,399967,中证军工,CNY,CN10Y
2014-12-25,9900.27,0.036305,84.24,-0.024434154795821457,399967,中证军工,CNY,CN10Y
2014-12-26,10010.75,0.036339,85.23,-0.02460604212131879,399967,中证军工,CNY,CN10Y
2014-12-29,9890.25,0.036213,84.37,-0.02436044577456442,399967,中证军工,CNY,CN10Y
2014-12-30,9583.37,0.036213,81.74,-0.02397908759481282,399967,中证军工,CNY,CN10Y
2014-12-31,9709.24,0.036219,82.82,-0.02414462183047573,399967,中证军工,CNY,CN10Y
2015-01-04,,0.036285,82.82,-0.024210621830475728,399967,中证军工,CNY,CN10Y
2015-01-05,9716.44,0.036251,83.12,-0.02422020115495669,399967,中证军工,CNY,CN10Y
2015-01-06,10078.48,0.0363529999999999,86.23,-0.024756107967064726,399967,中证军工,CNY,CN10Y
2015-01-07,9959.63,0.036408,85.32,-0.024687418659165496,399967,中证军工,CNY,CN10Y
2015-01-08,9918.2,0.036415,84.79,-0.02462115638636632,399967,中证军工,CNY,CN10Y
2015-01-09,9816.12,0.036348,83.62,-0.02438913848361636,399967,中证军工,CNY,CN10Y
2015-01-12,9612.25,0.036371,81.71,-0.024132595887896218,399967,中证军工,CNY,CN10Y
2015-01-13,9805.95,0.035836,83.43,-0.02384990387150905,399967,中证军工,CNY,CN10Y
2015-01-14,9830.28,0.035411,83.73,-0.023467849396870893,399967,中证军工,CNY,CN10Y
2015-01-15,9888.84,0.035464,84.13,-0.02357763366218947,399967,中证军工,CNY,CN10Y
2015-01-16,10044.11,0.035017,85.6,-0.023334757009345793,399967,中证军工,CNY,CN10Y
2015-01-19,9634.29,0.03475,81.71,-0.02251159588789622,399967,中证军工,CNY,CN10Y
2015-01-20,10034.65,0.034711,84.78,-0.02291576527482897,399967,中证军工,CNY,CN10Y
2015-01-21,10319.77,0.034672,87.31,-0.02321855824075135,399967,中证军工,CNY,CN10Y
2015-01-22,10813.6,0.034521,91.79,-0.02362656705523478,399967,中证军工,CNY,CN10Y
2015-01-23,10558.9,0.03452,89.44,-0.023339320214669054,399967,中证军工,CNY,CN10Y
2015-01-26,10775.7,0.0343409999999999,91.47,-0.023408453809992246,399967,中证军工,CNY,CN10Y
2015-01-27,10829.21,0.034309,92.06,-0.023446519009341735,399967,中证军工,CNY,CN10Y
2015-01-28,10629.1,0.034767,90.09,-0.0236669888999889,399967,中证军工,CNY,CN10Y
2015-01-29,10507.72,0.034966,88.95,-0.023723729061270377,399967,中证军工,CNY,CN10Y
2015-01-30,10363.56,0.035019,87.67,-0.023612589597353715,399967,中证军工,CNY,CN10Y
2015-02-02,10392.38,0.034729,87.94,-0.02335761041619286,399967,中证军工,CNY,CN10Y
2015-02-03,10543.35,0.034533,89.22,-0.023324750728536202,399967,中证军工,CNY,CN10Y
2015-02-04,10538.61,0.034589,89.27,-0.023387028453007733,399967,中证军工,CNY,CN10Y
2015-02-05,10368.7,0.034018,87.69,-0.0226141911278367,399967,中证军工,CNY,CN10Y
2015-02-06,10070.91,0.034325,85.18,-0.02258515496595445,399967,中证军工,CNY,CN10Y
2015-02-09,10022.89,0.034236,84.88,-0.0224546616399623,399967,中证军工,CNY,CN10Y
2015-02-10,10174.74,0.0342989999999999,86.09,-0.022683249041700444,399967,中证军工,CNY,CN10Y
2015-02-11,10338.27,0.033955,87.51,-0.022527734544623472,399967,中证军工,CNY,CN10Y
2015-02-12,10322.42,0.033865,87.38,-0.022420733577477682,399967,中证军工,CNY,CN10Y
2015-02-13,10488.0,0.033552,88.9,-0.02230340607424072,399967,中证军工,CNY,CN10Y
2015-02-15,,0.0336249999999999,88.9,-0.02237640607424062,399967,中证军工,CNY,CN10Y
2015-02-16,10715.28,0.033374,90.73,-0.022352287225834898,399967,中证军工,CNY,CN10Y
2015-02-17,10706.21,0.033373,90.63,-0.022339126006841,399967,中证军工,CNY,CN10Y
2015-02-25,10788.28,0.03349,91.23,-0.02252869341225474,399967,中证军工,CNY,CN10Y
2015-02-26,10841.31,0.033594,91.8,-0.022700753812636164,399967,中证军工,CNY,CN10Y
2015-02-27,11106.06,0.033745,93.87,-0.023091969212741023,399967,中证军工,CNY,CN10Y
2015-02-28,,0.033602,93.87,-0.022948969212741026,399967,中证军工,CNY,CN10Y
2015-03-02,11227.92,0.033883,94.84,-0.023338925769717425,399967,中证军工,CNY,CN10Y
2015-03-03,11167.3,0.034022,94.18,-0.023404034402208534,399967,中证军工,CNY,CN10Y
2015-03-04,11285.88,0.0338689999999999,95.13,-0.023357068958267533,399967,中证军工,CNY,CN10Y
2015-03-05,11105.51,0.034369,93.48,-0.02367152460419341,399967,中证军工,CNY,CN10Y
2015-03-06,10927.33,0.034753,92.08,-0.023892878366637706,399967,中证军工,CNY,CN10Y
2015-03-09,11125.45,0.034922,93.63,-0.024241662501335044,399967,中证军工,CNY,CN10Y
2015-03-10,11143.11,0.035228,93.7,-0.024555641408751334,399967,中证军工,CNY,CN10Y
2015-03-11,11038.99,0.034466,92.88,-0.023699419465977603,399967,中证军工,CNY,CN10Y
2015-03-12,11010.17,0.034412,92.8,-0.02363613793103448,399967,中证军工,CNY,CN10Y
2015-03-13,11129.32,0.034879,93.68,-0.02420436293766012,399967,中证军工,CNY,CN10Y
2015-03-16,11472.34,0.035301,96.52,-0.02494045296311645,399967,中证军工,CNY,CN10Y
2015-03-17,11700.54,0.035428,98.22,-0.025246774180411324,399967,中证军工,CNY,CN10Y
2015-03-18,11907.93,0.0355189999999999,100.11,-0.025529987913295273,399967,中证军工,CNY,CN10Y
2015-03-19,11980.19,0.035348,100.57,-0.025404676941433824,399967,中证军工,CNY,CN10Y
2015-03-20,12098.65,0.034958,101.49,-0.02510481249384176,399967,中证军工,CNY,CN10Y
2015-03-23,12270.17,0.034933,102.83,-0.025208211514149564,399967,中证军工,CNY,CN10Y
2015-03-24,12418.73,0.034841,104.03,-0.025228388253388443,399967,中证军工,CNY,CN10Y
2015-03-25,12562.03,0.035037,105.09,-0.025521346750404413,399967,中证军工,CNY,CN10Y
2015-03-26,12742.75,0.03544,107.05,-0.026098570761326483,399967,中证军工,CNY,CN10Y
2015-03-27,12669.75,0.035678,106.44,-0.02628303570086434,399967,中证军工,CNY,CN10Y
2015-03-30,12780.37,0.035849,107.42,-0.026539746602122508,399967,中证军工,CNY,CN10Y
2015-03-31,12821.5,0.036483,107.77,-0.027203979864526308,399967,中证军工,CNY,CN10Y
2015-04-01,12994.03,0.035997,109.24,-0.026842844013181988,399967,中证军工,CNY,CN10Y
2015-04-02,13016.15,0.035438,109.36,-0.0262938888076079,399967,中证军工,CNY,CN10Y
2015-04-03,13318.19,0.03572,111.93,-0.02678584472438131,399967,中证军工,CNY,CN10Y
2015-04-07,13398.56,0.035987,112.57,-0.027103638536022028,399967,中证军工,CNY,CN10Y
2015-04-08,12991.03,0.036938,109.25,-0.027784681922196797,399967,中证军工,CNY,CN10Y
2015-04-09,12788.42,0.03704,107.42,-0.027730746602122505,399967,中证军工,CNY,CN10Y
2015-04-10,13152.9,0.036947,110.76,-0.027918469844709283,399967,中证军工,CNY,CN10Y
2015-04-13,13312.11,0.0366849999999999,112.11,-0.027765189099990976,399967,中证军工,CNY,CN10Y
2015-04-14,13397.26,0.036211,113.27,-0.027382537035402138,399967,中证军工,CNY,CN10Y
2015-04-15,12927.4,0.035954,108.75,-0.026758597701149425,399967,中证军工,CNY,CN10Y
2015-04-16,13284.76,0.0356,112.23,-0.02668972645460216,399967,中证军工,CNY,CN10Y
2015-04-17,13837.37,0.035627,117.53,-0.027118534076406024,399967,中证军工,CNY,CN10Y
2015-04-20,14093.22,0.034554,120.45,-0.026251799916978,399967,中证军工,CNY,CN10Y
2015-04-21,14433.26,0.034055,122.76,-0.025909024112088633,399967,中证军工,CNY,CN10Y
2015-04-22,14769.87,0.034052,126.43,-0.026142484853278494,399967,中证军工,CNY,CN10Y
2015-04-23,14731.31,0.034151,125.81,-0.026202506239567602,399967,中证军工,CNY,CN10Y
2015-04-24,14806.03,0.034454,126.73,-0.026563208553617927,399967,中证军工,CNY,CN10Y
2015-04-27,15325.61,0.033952,131.53,-0.02634917174789022,399967,中证军工,CNY,CN10Y
2015-04-28,14790.83,0.033804,126.97,-0.025928123808773726,399967,中证军工,CNY,CN10Y
2015-04-29,15100.23,0.034,129.21,-0.026260660939555765,399967,中证军工,CNY,CN10Y
2015-04-30,15149.22,0.033503,129.95,-0.025807732589457483,399967,中证军工,CNY,CN10Y
2015-05-04,15905.21,0.033804,135.12,-0.026403171107164003,399967,中证军工,CNY,CN10Y
2015-05-05,15590.99,0.034006,135.3,-0.026615016999260905,399967,中证军工,CNY,CN10Y
2015-05-06,15340.07,0.03456,132.26,-0.02699913503704824,399967,中证军工,CNY,CN10Y
2015-05-07,14791.16,0.034401,127.19,-0.026538746678197972,399967,中证军工,CNY,CN10Y
2015-05-08,15414.58,0.033703,130.78,-0.026056570882397916,399967,中证军工,CNY,CN10Y
2015-05-11,15978.7,0.033752,135.35,-0.0263637473217584,399967,中证军工,CNY,CN10Y
2015-05-12,16745.25,0.034002,142.63,-0.026990852275117435,399967,中证军工,CNY,CN10Y
2015-05-13,16499.07,0.034002,142.01,-0.02696024237729737,399967,中证军工,CNY,CN10Y
2015-05-14,16402.32,0.033803,140.9,-0.026705767920511,399967,中证军工,CNY,CN10Y
2015-05-15,16713.96,0.033907,143.89,-0.026957246716241574,399967,中证军工,CNY,CN10Y
2015-05-18,17119.21,0.034109,147.03,-0.02730766693871999,399967,中证军工,CNY,CN10Y
2015-05-19,17368.22,0.034311,149.04,-0.027601391841116478,399967,中证军工,CNY,CN10Y
2015-05-20,17961.87,0.034282,154.15,-0.027794812195913073,399967,中证军工,CNY,CN10Y
2015-05-21,18562.1,0.034257,158.83,-0.027960960209028524,399967,中证军工,CNY,CN10Y
2015-05-22,18766.59,0.0341599999999999,160.78,-0.02794032093543963,399967,中证军工,CNY,CN10Y
2015-05-25,19790.31,0.03431,170.42,-0.028442144114540546,399967,中证军工,CNY,CN10Y
2015-05-26,21209.04,0.0352139999999999,182.42,-0.029732144940247677,399967,中证军工,CNY,CN10Y
2015-05-27,21346.55,0.035055,182.7,-0.029581546250684185,399967,中证军工,CNY,CN10Y
2015-05-28,19826.03,0.0356519999999999,168.8,-0.029727829383886156,399967,中证军工,CNY,CN10Y
2015-05-29,20344.83,0.035954,173.08,-0.030176324936445575,399967,中证军工,CNY,CN10Y
2015-06-01,21343.87,0.036404,181.44,-0.03089253615520282,399967,中证军工,CNY,CN10Y
2015-06-02,21958.54,0.03588,186.0,-0.030503655913978495,399967,中证军工,CNY,CN10Y
2015-06-03,21456.97,0.036111,179.28,-0.030533132976349842,399967,中证军工,CNY,CN10Y
2015-06-04,21206.39,0.035912,176.93,-0.030260047250324988,399967,中证军工,CNY,CN10Y
2015-06-05,21391.19,0.035814,179.44,-0.03024110655372269,399967,中证军工,CNY,CN10Y
2015-06-08,20711.78,0.035613,174.28,-0.02987510695432637,399967,中证军工,CNY,CN10Y
2015-06-09,20964.06,0.035565,176.16,-0.029888342415985467,399967,中证军工,CNY,CN10Y
2015-06-10,21130.23,0.035912,176.69,-0.03025237013979286,399967,中证军工,CNY,CN10Y
2015-06-11,21283.75,0.036197,178.15,-0.03058375273645804,399967,中证军工,CNY,CN10Y
2015-06-12,21541.83,0.036226,180.07,-0.030672604098406178,399967,中证军工,CNY,CN10Y
2015-06-15,21281.26,0.036681,183.88,-0.031242670654774853,399967,中证军工,CNY,CN10Y
2015-06-16,20380.4,0.036099,172.85,-0.03031363696846977,399967,中证军工,CNY,CN10Y
2015-06-17,20524.18,0.036052,173.95,-0.030303221615406727,399967,中证军工,CNY,CN10Y
2015-06-18,19878.7,0.03573,168.53,-0.029796338337387998,399967,中证军工,CNY,CN10Y
2015-06-19,19064.86,0.035825,162.43,-0.029668501816166967,399967,中证军工,CNY,CN10Y
2015-06-23,19758.13,0.036054,168.95,-0.030135089079609354,399967,中证军工,CNY,CN10Y
2015-06-24,20140.07,0.036079,172.05,-0.030266736123219996,399967,中证军工,CNY,CN10Y
2015-06-25,19397.04,0.036028,165.28,-0.029977661181026134,399967,中证军工,CNY,CN10Y
2015-06-26,17695.42,0.03608,149.63,-0.029396848225623204,399967,中证军工,CNY,CN10Y
2015-06-29,16312.01,0.03603,137.51,-0.028757801614428043,399967,中证军工,CNY,CN10Y
2015-06-30,17184.46,0.035976,144.61,-0.02906084890394855,399967,中证军工,CNY,CN10Y
2015-07-01,16168.49,0.036127,135.2,-0.028730550295857988,399967,中证军工,CNY,CN10Y
2015-07-02,14962.22,0.036223,123.04,-0.028095561768530557,399967,中证军工,CNY,CN10Y
2015-07-03,13903.49,0.035719,113.76,-0.02692856399437412,399967,中证军工,CNY,CN10Y
2015-07-06,13164.14,0.034917,107.81,-0.025641422595306555,399967,中证军工,CNY,CN10Y
2015-07-07,12110.56,0.034361,98.82,-0.024241590973487152,399967,中证军工,CNY,CN10Y
2015-07-08,11462.15,0.034307,92.96,-0.02354968502581755,399967,中证军工,CNY,CN10Y
2015-07-09,12137.56,0.034358,99.02,-0.024259030094930314,399967,中证军工,CNY,CN10Y
2015-07-10,12881.58,0.034885,105.7,-0.025424262062440868,399967,中证军工,CNY,CN10Y
2015-07-13,13803.37,0.0350139999999999,113.72,-0.026220472036580976,399967,中证军工,CNY,CN10Y
2015-07-14,14360.89,0.035341,118.57,-0.02690716344775238,399967,中证军工,CNY,CN10Y
2015-07-15,13604.46,0.035495,112.19,-0.026581549603351455,399967,中证军工,CNY,CN10Y
2015-07-16,14156.1,0.0352079999999999,117.45,-0.02669373861217529,399967,中证军工,CNY,CN10Y
2015-07-17,15293.38,0.035123,127.2,-0.027261364779874217,399967,中证军工,CNY,CN10Y
2015-07-20,16005.13,0.035009,133.42,-0.027513871833308348,399967,中证军工,CNY,CN10Y
2015-07-21,15958.88,0.0352139999999999,132.58,-0.027671384220847688,399967,中证军工,CNY,CN10Y
2015-07-22,16648.67,0.035145,138.72,-0.02793623414071511,399967,中证军工,CNY,CN10Y
2015-07-23,17051.92,0.034751,142.04,-0.027710729653618697,399967,中证军工,CNY,CN10Y
2015-07-24,17259.21,0.034602,143.57,-0.02763675656474194,399967,中证军工,CNY,CN10Y
2015-07-27,15932.77,0.034602,133.06,-0.027086593416503834,399967,中证军工,CNY,CN10Y
2015-07-28,15700.28,0.034401,130.89,-0.026760996943998777,399967,中证军工,CNY,CN10Y
2015-07-29,16829.26,0.034302,140.98,-0.02720879529011207,399967,中证军工,CNY,CN10Y
2015-07-30,16921.98,0.034402,142.53,-0.027385933207044133,399967,中证军工,CNY,CN10Y
2015-07-31,15946.97,0.034752,133.96,-0.02728708510002986,399967,中证军工,CNY,CN10Y
2015-08-03,14732.77,0.0347,123.41,-0.02659692893606677,399967,中证军工,CNY,CN10Y
2015-08-04,15881.41,0.0347,133.43,-0.027205433560668516,399967,中证军工,CNY,CN10Y
2015-08-05,15825.24,0.034701,133.27,-0.027197435807008334,399967,中证军工,CNY,CN10Y
2015-08-06,15590.49,0.0346,131.41,-0.02699022905410547,399967,中证军工,CNY,CN10Y
2015-08-07,16184.48,0.034553,136.43,-0.027223233819541157,399967,中证军工,CNY,CN10Y
2015-08-10,17276.18,0.034755,146.11,-0.027910841489288893,399967,中证军工,CNY,CN10Y
2015-08-11,17334.69,0.0352559999999999,146.9,-0.028448648059904595,399967,中证军工,CNY,CN10Y
2015-08-12,17343.09,0.035402,147.27,-0.028611750797854284,399967,中证军工,CNY,CN10Y
2015-08-13,17650.49,0.035153,149.74,-0.02847475771336984,399967,中证军工,CNY,CN10Y
2015-08-14,17563.87,0.035052,149.03,-0.028341941622492116,399967,中证军工,CNY,CN10Y
2015-08-17,17790.99,0.035176,150.75,-0.028542500829187394,399967,中证军工,CNY,CN10Y
2015-08-18,16498.24,0.035126,139.47,-0.027955999282999924,399967,中证军工,CNY,CN10Y
2015-08-19,16716.22,0.0352009999999999,141.36,-0.028126863044708447,399967,中证军工,CNY,CN10Y
2015-08-20,15836.74,0.035051,132.94,-0.027528809538137505,399967,中证军工,CNY,CN10Y
2015-08-21,15179.54,0.0349509999999999,127.74,-0.027122598559574034,399967,中证军工,CNY,CN10Y
2015-08-24,13900.42,0.034701,116.67,-0.026129816319533733,399967,中证军工,CNY,CN10Y
2015-08-25,12749.33,0.034577,106.7,-0.025204928772258668,399967,中证军工,CNY,CN10Y
2015-08-26,11737.69,0.03429,97.81,-0.02406609651364891,399967,中证军工,CNY,CN10Y
2015-08-27,12179.2,0.033902,102.34,-0.024130649599374637,399967,中证军工,CNY,CN10Y
2015-08-28,13148.53,0.033803,110.77,-0.02477528491468809,399967,中证军工,CNY,CN10Y
2015-08-31,13176.48,0.033252,111.91,-0.02431624805647395,399967,中证军工,CNY,CN10Y
2015-09-01,12291.79,0.033002,111.81,-0.024058256148823894,399967,中证军工,CNY,CN10Y
2015-09-02,11657.83,0.033002,106.23,-0.023588463334274685,399967,中证军工,CNY,CN10Y
2015-09-06,,0.033203,106.23,-0.02378946333427469,399967,中证军工,CNY,CN10Y
2015-09-07,11408.3,0.033353,102.83,-0.023628211514149566,399967,中证军工,CNY,CN10Y
2015-09-08,11748.81,0.033603,105.72,-0.024144051835035943,399967,中证军工,CNY,CN10Y
2015-09-09,12178.21,0.033478,109.04,-0.02430705355832722,399967,中证军工,CNY,CN10Y
2015-09-10,12187.63,0.033453,109.4,-0.02431223217550274,399967,中证军工,CNY,CN10Y
2015-09-11,12166.56,0.0334039999999999,108.82,-0.024214512773387143,399967,中证军工,CNY,CN10Y
2015-09-14,11412.96,0.033303,102.51,-0.0235478541605697,399967,中证军工,CNY,CN10Y
2015-09-15,10546.3,0.033104,94.24,-0.022492794567062817,399967,中证军工,CNY,CN10Y
2015-09-16,11271.67,0.033103,101.19,-0.02322060055341437,399967,中证军工,CNY,CN10Y
2015-09-17,11056.37,0.033204,99.14,-0.023117253984264674,399967,中证军工,CNY,CN10Y
2015-09-18,11119.81,0.033105,99.67,-0.023071890739440153,399967,中证军工,CNY,CN10Y
2015-09-21,11759.7,0.033204,105.66,-0.02373968048457316,399967,中证军工,CNY,CN10Y
2015-09-22,11826.08,0.033255,106.19,-0.023837917412185702,399967,中证军工,CNY,CN10Y
2015-09-23,11730.71,0.033354,105.18,-0.023846489066362428,399967,中证军工,CNY,CN10Y
2015-09-24,11943.86,0.03318,107.22,-0.02385338183174781,399967,中证军工,CNY,CN10Y
2015-09-25,11501.32,0.033101,98.6,-0.022959012170385394,399967,中证军工,CNY,CN10Y
2015-09-28,11707.55,0.032906,100.19,-0.022924963968459923,399967,中证军工,CNY,CN10Y
2015-09-29,11374.47,0.032457,97.14,-0.022162579575869878,399967,中证军工,CNY,CN10Y
2015-09-30,11752.67,0.032362,100.72,-0.022433485305798254,399967,中证军工,CNY,CN10Y
2015-10-08,12213.76,0.032409,104.64,-0.0228524250764526,399967,中证军工,CNY,CN10Y
2015-10-09,12481.44,0.031486,106.85,-0.02212708563406645,399967,中证军工,CNY,CN10Y
2015-10-10,,0.031612,106.85,-0.02225308563406645,399967,中证军工,CNY,CN10Y
2015-10-12,12955.43,0.031488,111.05,-0.022483047276001804,399967,中证军工,CNY,CN10Y
2015-10-13,13101.9,0.0310639999999999,112.4,-0.02216720284697499,399967,中证军工,CNY,CN10Y
2015-10-14,12920.6,0.030414,111.11,-0.021413909999099992,399967,中证军工,CNY,CN10Y
2015-10-15,13387.89,0.0308139999999999,115.46,-0.022152991858652247,399967,中证军工,CNY,CN10Y
2015-10-16,13635.28,0.031216,117.78,-0.02272559415860078,399967,中证军工,CNY,CN10Y
2015-10-19,13459.73,0.031214,116.03,-0.02259553925708868,399967,中证军工,CNY,CN10Y
2015-10-20,13828.32,0.030615,119.07,-0.022216578903166202,399967,中证军工,CNY,CN10Y
2015-10-21,12943.82,0.0306159999999999,111.28,-0.021629659237958204,399967,中证军工,CNY,CN10Y
2015-10-22,13423.69,0.030516,115.73,-0.0218751981335868,399967,中证军工,CNY,CN10Y
2015-10-23,13717.11,0.0304,118.01,-0.02192614185238539,399967,中证军工,CNY,CN10Y
2015-10-26,13893.96,0.0302,119.34,-0.021820579855873976,399967,中证军工,CNY,CN10Y
2015-10-27,14592.21,0.0298,125.82,-0.021852137974884757,399967,中证军工,CNY,CN10Y
2015-10-28,14025.69,0.02987,120.28,-0.021556065846358496,399967,中证军工,CNY,CN10Y
2015-10-29,14190.89,0.0305,121.74,-0.022285772958764577,399967,中证军工,CNY,CN10Y
2015-10-30,14077.66,0.0306,120.77,-0.0223197979630703,399967,中证军工,CNY,CN10Y
2015-11-02,13621.5,0.030525,115.15,-0.021840675206252713,399967,中证军工,CNY,CN10Y
2015-11-03,13573.12,0.0308,114.86,-0.022093748911718614,399967,中证军工,CNY,CN10Y
2015-11-04,14257.54,0.031351,120.61,-0.023059813531216312,399967,中证军工,CNY,CN10Y
2015-11-05,14272.87,0.03115,120.19,-0.02282984025293286,399967,中证军工,CNY,CN10Y
2015-11-06,14681.83,0.03125,123.97,-0.02318353230620311,399967,中证军工,CNY,CN10Y
2015-11-09,14844.24,0.032099,125.11,-0.024106033810246986,399967,中证军工,CNY,CN10Y
2015-11-10,14853.27,0.032001,125.22,-0.024015055262737582,399967,中证军工,CNY,CN10Y
2015-11-11,14999.85,0.0312259999999999,126.45,-0.023317735863977757,399967,中证军工,CNY,CN10Y
2015-11-12,15069.9,0.031351,127.66,-0.023517692777690738,399967,中证军工,CNY,CN10Y
2015-11-13,14631.49,0.031251,124.4,-0.023212414790996786,399967,中证军工,CNY,CN10Y
2015-11-16,14979.81,0.031352,127.29,-0.023495923324691647,399967,中证军工,CNY,CN10Y
2015-11-17,15151.08,0.031252,129.11,-0.023506666563395555,399967,中证军工,CNY,CN10Y
2015-11-18,14750.07,0.031402,125.12,-0.0234096726342711,399967,中证军工,CNY,CN10Y
2015-11-19,15210.02,0.031402,129.46,-0.023677606364900357,399967,中证军工,CNY,CN10Y
2015-11-20,15487.44,0.031251,132.1,-0.02368097728993187,399967,中证军工,CNY,CN10Y
2015-11-23,15250.83,0.0313019999999999,130.1,-0.02361560491929275,399967,中证军工,CNY,CN10Y
2015-11-24,15288.99,0.031077,130.37,-0.0234065236634195,399967,中证军工,CNY,CN10Y
2015-11-25,15500.56,0.030853,132.21,-0.02328927562211633,399967,中证军工,CNY,CN10Y
2015-11-26,15519.2,0.030503,132.6,-0.022961521870286574,399967,中证军工,CNY,CN10Y
2015-11-27,14515.23,0.0306029999999999,123.97,-0.022536532306203012,399967,中证军工,CNY,CN10Y
2015-11-30,14287.99,0.030404,121.61,-0.02218099202368226,399967,中证军工,CNY,CN10Y
2015-12-01,14131.11,0.0305039999999999,120.0,-0.022170666666666568,399967,中证军工,CNY,CN10Y
2015-12-02,14025.52,0.030454,118.83,-0.02203861667928974,399967,中证军工,CNY,CN10Y
2015-12-03,14296.99,0.030304,121.38,-0.022065410446531555,399967,中证军工,CNY,CN10Y
2015-12-04,14106.57,0.030254,119.9,-0.02191371643035863,399967,中证军工,CNY,CN10Y
2015-12-07,14162.25,0.03028,120.46,-0.021978489125020755,399967,中证军工,CNY,CN10Y
2015-12-08,13782.31,0.030005,117.13,-0.02146747758900367,399967,中证军工,CNY,CN10Y
2015-12-09,13840.87,0.0299679999999999,117.98,-0.021491987116460318,399967,中证军工,CNY,CN10Y
2015-12-10,13690.54,0.030018,116.75,-0.021452689507494647,399967,中证军工,CNY,CN10Y
2015-12-11,13760.85,0.029931,117.55,-0.021423981709910674,399967,中证军工,CNY,CN10Y
2015-12-14,14073.52,0.030306,118.19,-0.02184504729672561,399967,中证军工,CNY,CN10Y
2015-12-15,14174.83,0.030157,119.12,-0.0217621040967092,399967,中证军工,CNY,CN10Y
2015-12-16,14145.27,0.030007,119.17,-0.02161562633213057,399967,中证军工,CNY,CN10Y
2015-12-17,14383.03,0.029857,121.05,-0.02159595084675754,399967,中证军工,CNY,CN10Y
2015-12-18,14282.45,0.029408,120.18,-0.021087147944749543,399967,中证军工,CNY,CN10Y
2015-12-21,14419.61,0.028811,120.95,-0.02054312071103762,399967,中证军工,CNY,CN10Y
2015-12-22,14538.72,0.02861,122.31,-0.02043405363420816,399967,中证军工,CNY,CN10Y
2015-12-23,14277.44,0.02846,120.03,-0.02012874947929684,399967,中证军工,CNY,CN10Y
2015-12-24,14126.53,0.02801,118.65,-0.019581849978929623,399967,中证军工,CNY,CN10Y
2015-12-25,14207.33,0.028061,119.26,-0.019675958913298673,399967,中证军工,CNY,CN10Y
2015-12-28,13916.83,0.027961,117.03,-0.01941618243185508,399967,中证军工,CNY,CN10Y
2015-12-29,14007.34,0.028061,117.75,-0.019568430997876855,399967,中证军工,CNY,CN10Y
2015-12-30,14236.28,0.0282609999999999,120.3,-0.01994844804655019,399967,中证军工,CNY,CN10Y
2015-12-31,14059.9,0.028212,118.67,-0.019785270413752422,399967,中证军工,CNY,CN10Y
2016-01-04,13160.66,0.02871,110.96,-0.019697743330930065,399967,中证军工,CNY,CN10Y
2016-01-05,13446.59,0.028911,113.08,-0.02006770321896003,399967,中证军工,CNY,CN10Y
2016-01-06,13755.39,0.0288609999999999,115.77,-0.020223183639975717,399967,中证军工,CNY,CN10Y
2016-01-07,12648.91,0.028511,106.61,-0.01913101688396961,399967,中证军工,CNY,CN10Y
2016-01-08,12636.41,0.028362,106.35,-0.018959085096379877,399967,中证军工,CNY,CN10Y
2016-01-11,11693.89,0.028187,98.17,-0.018000588672710604,399967,中证军工,CNY,CN10Y
2016-01-12,11516.51,0.027887,96.19,-0.017490908930242226,399967,中证军工,CNY,CN10Y
2016-01-13,10994.99,0.027237,91.65,-0.01632592525913803,399967,中证军工,CNY,CN10Y
2016-01-14,11498.77,0.027513,96.46,-0.01714600850093303,399967,中证军工,CNY,CN10Y
2016-01-15,11354.91,0.027464,95.86,-0.01703212017525558,399967,中证军工,CNY,CN10Y
2016-01-18,11587.79,0.027764,98.11,-0.017571359086739374,399967,中证军工,CNY,CN10Y
2016-01-19,12010.52,0.027964,101.72,-0.018133091624066063,399967,中证军工,CNY,CN10Y
2016-01-20,11843.35,0.028114,100.64,-0.018177593004769475,399967,中证军工,CNY,CN10Y
2016-01-21,11384.6,0.0279139999999999,96.1,-0.01750817273673247,399967,中证军工,CNY,CN10Y
2016-01-22,11569.98,0.027741,98.22,-0.017559774180411318,399967,中证军工,CNY,CN10Y
2016-01-25,11620.6,0.02859,98.82,-0.018470590973487147,399967,中证军工,CNY,CN10Y
2016-01-26,10851.4,0.028616,92.49,-0.017804020326521786,399967,中证军工,CNY,CN10Y
2016-01-27,10873.25,0.029016,93.55,-0.018326529128808125,399967,中证军工,CNY,CN10Y
2016-01-28,10247.55,0.028866,88.59,-0.017578044248786544,399967,中证军工,CNY,CN10Y
2016-01-29,10510.65,0.028419,90.76,-0.017400930365799913,399967,中证军工,CNY,CN10Y
2016-02-01,10255.8,0.028368,88.97,-0.017128256266157132,399967,中证军工,CNY,CN10Y
2016-02-02,10638.15,0.028818,92.46,-0.01800251222150119,399967,中证军工,CNY,CN10Y
2016-02-03,10713.14,0.028918,93.13,-0.018180321486094705,399967,中证军工,CNY,CN10Y
2016-02-04,10863.16,0.02855,94.56,-0.017974703891708965,399967,中证军工,CNY,CN10Y
2016-02-05,10761.15,0.0285349999999999,93.73,-0.017866057292222244,399967,中证军工,CNY,CN10Y
2016-02-06,,0.0285349999999999,93.73,-0.017866057292222244,399967,中证军工,CNY,CN10Y
2016-02-14,,0.028221,93.73,-0.01755205729222234,399967,中证军工,CNY,CN10Y
2016-02-15,10802.36,0.028371,94.29,-0.017765421465690955,399967,中证军工,CNY,CN10Y
2016-02-16,11238.45,0.028376,97.83,-0.018154186650311765,399967,中证军工,CNY,CN10Y
2016-02-17,11515.34,0.028351,100.24,-0.01837494253790902,399967,中证军工,CNY,CN10Y
2016-02-18,11327.52,0.028351,98.51,-0.018199746320170542,399967,中证军工,CNY,CN10Y
2016-02-19,11424.23,0.028251,99.34,-0.018184561505939195,399967,中证军工,CNY,CN10Y
2016-02-22,11569.26,0.028426,100.47,-0.018472780133373147,399967,中证军工,CNY,CN10Y
2016-02-23,11445.79,0.028451,99.36,-0.01838658776167472,399967,中证军工,CNY,CN10Y
2016-02-24,11531.37,0.028676,99.83,-0.018658971050786337,399967,中证军工,CNY,CN10Y
2016-02-25,10563.63,0.028651,91.59,-0.017732777486625176,399967,中证军工,CNY,CN10Y
2016-02-26,10476.41,0.028551,90.92,-0.017552319841619007,399967,中证军工,CNY,CN10Y
2016-02-29,9884.64,0.028502,85.92,-0.016863266294227186,399967,中证军工,CNY,CN10Y
2016-03-01,10140.54,0.028527,88.09,-0.017174973663298898,399967,中证军工,CNY,CN10Y
2016-03-02,10631.28,0.028752,92.2,-0.01790601301518438,399967,中证军工,CNY,CN10Y
2016-03-03,10639.49,0.029002,92.27,-0.018164241248509808,399967,中证军工,CNY,CN10Y
2016-03-04,10442.66,0.028952,90.16,-0.01786060692102928,399967,中证军工,CNY,CN10Y
2016-03-07,10644.55,0.029303,91.81,-0.018410940311512906,399967,中证军工,CNY,CN10Y
2016-03-08,10585.62,0.029352,91.25,-0.01839309589041096,399967,中证军工,CNY,CN10Y
2016-03-09,10417.55,0.028928,90.11,-0.017830452557984683,399967,中证军工,CNY,CN10Y
2016-03-10,10155.57,0.0286529999999999,87.86,-0.017271256316867645,399967,中证军工,CNY,CN10Y
2016-03-11,10041.04,0.028453,86.77,-0.016928279474472743,399967,中证军工,CNY,CN10Y
2016-03-14,10313.8,0.028504,88.99,-0.017266782335093833,399967,中证军工,CNY,CN10Y
2016-03-15,10203.31,0.028404,87.48,-0.016972815729309556,399967,中证军工,CNY,CN10Y
2016-03-16,10027.75,0.028054,85.99,-0.01642474078381207,399967,中证军工,CNY,CN10Y
2016-03-17,10358.02,0.028154,87.9,-0.016777435722411832,399967,中证军工,CNY,CN10Y
2016-03-18,10773.15,0.028229,91.53,-0.017303620343056922,399967,中证军工,CNY,CN10Y
2016-03-21,11127.2,0.0283049999999999,94.42,-0.017714023511967703,399967,中证军工,CNY,CN10Y
2016-03-22,11308.3,0.028304,95.48,-0.017830602429828236,399967,中证军工,CNY,CN10Y
2016-03-23,11282.49,0.028307,95.57,-0.017843465418018206,399967,中证军工,CNY,CN10Y
2016-03-24,11128.21,0.028309,94.22,-0.017695542135427723,399967,中证军工,CNY,CN10Y
2016-03-25,11218.1,0.028311,95.02,-0.017786899810566196,399967,中证军工,CNY,CN10Y
2016-03-28,11134.31,0.028665,94.27,-0.01805717142250981,399967,中证军工,CNY,CN10Y
2016-03-29,10810.22,0.02851,91.5,-0.017581038251366123,399967,中证军工,CNY,CN10Y
2016-03-30,11222.73,0.028362,95.14,-0.017851173849064535,399967,中证军工,CNY,CN10Y
2016-03-31,11291.49,0.028419,95.77,-0.017977316800668268,399967,中证军工,CNY,CN10Y
2016-04-01,11171.68,0.028422,94.66,-0.017857875765899006,399967,中证军工,CNY,CN10Y
2016-04-05,11444.55,0.028637,96.01,-0.018221418289761482,399967,中证军工,CNY,CN10Y
2016-04-06,11504.42,0.028689,96.66,-0.018343458928201946,399967,中证军工,CNY,CN10Y
2016-04-07,11213.7,0.029049,94.09,-0.018420877989159312,399967,中证军工,CNY,CN10Y
2016-04-08,11064.46,0.029158,92.96,-0.018400685025817556,399967,中证军工,CNY,CN10Y
2016-04-11,11278.93,0.029091,94.77,-0.01853913759628574,399967,中证军工,CNY,CN10Y
2016-04-12,11185.67,0.0291,93.91,-0.018451506761793204,399967,中证军工,CNY,CN10Y
2016-04-13,11326.13,0.029271,95.18,-0.018764591090565243,399967,中证军工,CNY,CN10Y
2016-04-14,11437.97,0.029352,96.07,-0.01894292328510461,399967,中证军工,CNY,CN10Y
2016-04-15,11500.25,0.0291509999999999,96.52,-0.01879045296311635,399967,中证军工,CNY,CN10Y
2016-04-18,11216.94,0.029047,94.16,-0.018426779099405266,399967,中证军工,CNY,CN10Y
2016-04-19,11268.89,0.02906,94.66,-0.018495875765899006,399967,中证军工,CNY,CN10Y
2016-04-20,10875.93,0.029258,91.74,-0.01835762938739917,399967,中证军工,CNY,CN10Y
2016-04-21,10659.3,0.0292079999999999,89.66,-0.01805475440553191,399967,中证军工,CNY,CN10Y
2016-04-22,10705.89,0.0293089999999999,90.17,-0.018218836974603428,399967,中证军工,CNY,CN10Y
2016-04-25,10647.39,0.029362,89.97,-0.018247183950205623,399967,中证军工,CNY,CN10Y
2016-04-26,10750.2,0.029212,90.62,-0.01817690840873979,399967,中证军工,CNY,CN10Y
2016-04-27,10644.5,0.029108,89.73,-0.017963455254652847,399967,中证军工,CNY,CN10Y
2016-04-28,10564.41,0.028863,89.11,-0.01764091493659522,399967,中证军工,CNY,CN10Y
2016-04-29,10539.36,0.028913,88.85,-0.017658075970737198,399967,中证军工,CNY,CN10Y
2016-05-03,10928.49,0.02889,80.4,-0.01645218905472637,399967,中证军工,CNY,CN10Y
2016-05-04,10932.31,0.028965,80.27,-0.01650704559611312,399967,中证军工,CNY,CN10Y
2016-05-05,10995.54,0.029017,80.85,-0.016648416202844775,399967,中证军工,CNY,CN10Y
2016-05-06,10475.09,0.029016,77.03,-0.016034044917564584,399967,中证军工,CNY,CN10Y
2016-05-09,10057.38,0.028818,73.76,-0.015260516268980479,399967,中证军工,CNY,CN10Y
2016-05-10,10035.12,0.0289999999999999,73.61,-0.015414889281347544,399967,中证军工,CNY,CN10Y
2016-05-11,9902.92,0.029075,72.61,-0.015302792315108112,399967,中证军工,CNY,CN10Y
2016-05-12,9951.84,0.028975,72.94,-0.015265101453249247,399967,中证军工,CNY,CN10Y
2016-05-13,9927.66,0.02905,72.8,-0.015313736263736263,399967,中证军工,CNY,CN10Y
2016-05-16,10047.93,0.029275,73.66,-0.01569911077925604,399967,中证军工,CNY,CN10Y
2016-05-17,10037.11,0.0293,73.75,-0.015740677966101693,399967,中证军工,CNY,CN10Y
2016-05-18,9820.07,0.02955,72.15,-0.01568998613998614,399967,中证军工,CNY,CN10Y
2016-05-19,9882.33,0.0296,72.3,-0.01576874135546335,399967,中证军工,CNY,CN10Y
2016-05-20,10051.77,0.0295,75.59,-0.016270736869956344,399967,中证军工,CNY,CN10Y
2016-05-23,10155.93,0.02955,76.31,-0.016445557594024374,399967,中证军工,CNY,CN10Y
2016-05-24,10013.68,0.02935,74.52,-0.015930783682232958,399967,中证军工,CNY,CN10Y
2016-05-25,9939.65,0.029401,73.6,-0.015814043478260868,399967,中证军工,CNY,CN10Y
2016-05-26,9961.71,0.029401,73.58,-0.01581035036694754,399967,中证军工,CNY,CN10Y
2016-05-27,10065.78,0.029451,74.34,-0.0159992916330374,399967,中证军工,CNY,CN10Y
2016-05-30,9993.02,0.0297759999999999,73.83,-0.01623137044561821,399967,中证军工,CNY,CN10Y
2016-05-31,10445.52,0.029851,68.3,-0.015209711566617861,399967,中证军工,CNY,CN10Y
2016-06-01,10554.93,0.029952,69.11,-0.015482313992186369,399967,中证军工,CNY,CN10Y
2016-06-02,10608.12,0.030127,69.45,-0.015728151907847376,399967,中证军工,CNY,CN10Y
2016-06-03,10586.23,0.030152,69.37,-0.01573654663399164,399967,中证军工,CNY,CN10Y
2016-06-06,10581.93,0.030041,69.32,-0.015615148874783612,399967,中证军工,CNY,CN10Y
2016-06-07,10597.44,0.030071,69.42,-0.015665929415154135,399967,中证军工,CNY,CN10Y
2016-06-08,10694.77,0.030077,70.28,-0.015848200910643144,399967,中证军工,CNY,CN10Y
2016-06-12,,0.030053,70.28,-0.01582420091064314,399967,中证军工,CNY,CN10Y
2016-06-13,10343.7,0.029979,66.26,-0.014886938424388771,399967,中证军工,CNY,CN10Y
2016-06-14,10350.24,0.029654,65.32,-0.014344753214941823,399967,中证军工,CNY,CN10Y
2016-06-15,10676.35,0.029604,67.52,-0.014793573459715638,399967,中证军工,CNY,CN10Y
2016-06-16,10610.69,0.029455,65.55,-0.014199469870327991,399967,中证军工,CNY,CN10Y
2016-06-17,10645.98,0.029379,65.81,-0.0141837409208327,399967,中证军工,CNY,CN10Y
2016-06-20,10728.26,0.029481,66.3,-0.014398043740573152,399967,中证军工,CNY,CN10Y
2016-06-21,10652.27,0.029405,65.78,-0.014202810884767407,399967,中证军工,CNY,CN10Y
2016-06-22,10794.7,0.029307,66.7,-0.014314496251874063,399967,中证军工,CNY,CN10Y
2016-06-23,10904.01,0.029307,67.48,-0.014487794309425015,399967,中证军工,CNY,CN10Y
2016-06-24,10739.93,0.0288079999999999,66.31,-0.013727318353189464,399967,中证军工,CNY,CN10Y
2016-06-27,11153.7,0.02831,68.9,-0.01379621190130624,399967,中证军工,CNY,CN10Y
2016-06-28,11243.88,0.02861,69.51,-0.014223580779743923,399967,中证军工,CNY,CN10Y
2016-06-29,11262.66,0.028586,69.41,-0.014178854055611582,399967,中证军工,CNY,CN10Y
2016-06-30,11255.52,0.028411,69.52,-0.014026650172612195,399967,中证军工,CNY,CN10Y
2016-07-01,11384.54,0.0280379999999999,70.59,-0.013871687491145954,399967,中证军工,CNY,CN10Y
2016-07-04,11937.59,0.028314,74.27,-0.014849613302814054,399967,中证军工,CNY,CN10Y
2016-07-05,12025.21,0.0285139999999999,74.6,-0.015109174262734485,399967,中证军工,CNY,CN10Y
2016-07-06,12043.19,0.028365,75.02,-0.015035221274326847,399967,中证军工,CNY,CN10Y
2016-07-07,11863.43,0.028066,73.77,-0.014510354073471602,399967,中证军工,CNY,CN10Y
2016-07-08,11982.96,0.028016,75.07,-0.01469509950712668,399967,中证军工,CNY,CN10Y
2016-07-11,12116.24,0.028268,75.79,-0.015073647183005676,399967,中证军工,CNY,CN10Y
2016-07-12,12143.76,0.028368,75.89,-0.015191033337725656,399967,中证军工,CNY,CN10Y
2016-07-13,12173.51,0.028493,76.03,-0.015340297119558071,399967,中证军工,CNY,CN10Y
2016-07-14,12205.0,0.028395,76.23,-0.015276805063623247,399967,中证军工,CNY,CN10Y
2016-07-15,12001.55,0.028271,74.95,-0.0149287718478986,399967,中证军工,CNY,CN10Y
2016-07-18,11841.41,0.028271,73.95,-0.014748349560513862,399967,中证军工,CNY,CN10Y
2016-07-19,11888.76,0.028197,74.3,-0.014738049798115747,399967,中证军工,CNY,CN10Y
2016-07-20,11821.13,0.027996,73.84,-0.014453204767063922,399967,中证军工,CNY,CN10Y
2016-07-21,11837.91,0.027806,73.96,-0.014285177934018388,399967,中证军工,CNY,CN10Y
2016-07-22,11821.57,0.027907,73.93,-0.014380691329636144,399967,中证军工,CNY,CN10Y
2016-07-25,11728.21,0.028068,73.35,-0.014434734832992499,399967,中证军工,CNY,CN10Y
2016-07-26,11844.55,0.0279139999999999,73.98,-0.014396833198161567,399967,中证军工,CNY,CN10Y
2016-07-27,11359.48,0.027967,70.87,-0.013856657118667983,399967,中证军工,CNY,CN10Y
2016-07-28,11351.12,0.027867,70.79,-0.013740710976126572,399967,中证军工,CNY,CN10Y
2016-07-29,11134.91,0.027768,69.3,-0.013337985569985571,399967,中证军工,CNY,CN10Y
2016-08-01,10898.07,0.02783,67.82,-0.01308508699498673,399967,中证军工,CNY,CN10Y
2016-08-02,10982.36,0.0277919999999999,68.38,-0.013167840889148774,399967,中证军工,CNY,CN10Y
2016-08-03,11023.08,0.027718,68.67,-0.013155600116499199,399967,中证军工,CNY,CN10Y
2016-08-04,11094.86,0.027694,70.66,-0.013541721483158787,399967,中证军工,CNY,CN10Y
2016-08-05,10990.61,0.027534,69.91,-0.013229894721785151,399967,中证军工,CNY,CN10Y
2016-08-08,11356.8,0.027472,72.45,-0.013669377501725328,399967,中证军工,CNY,CN10Y
2016-08-09,11333.06,0.027125,72.25,-0.01328416955017301,399967,中证军工,CNY,CN10Y
2016-08-10,11273.4,0.0269499999999999,71.79,-0.013020483354227511,399967,中证军工,CNY,CN10Y
2016-08-11,11060.86,0.026875,70.26,-0.012642150583546827,399967,中证军工,CNY,CN10Y
2016-08-12,11165.36,0.026701,70.94,-0.012604580490555397,399967,中证军工,CNY,CN10Y
2016-08-15,11434.08,0.0264009999999999,72.68,-0.012642056686846351,399967,中证军工,CNY,CN10Y
2016-08-16,11455.96,0.0266509999999999,72.88,-0.0129298144895718,399967,中证军工,CNY,CN10Y
2016-08-17,11554.79,0.026901,73.53,-0.013301108799129609,399967,中证军工,CNY,CN10Y
2016-08-18,11492.57,0.026801,73.09,-0.013119237789027226,399967,中证军工,CNY,CN10Y
2016-08-19,11486.9,0.027001,73.08,-0.013317365626710456,399967,中证军工,CNY,CN10Y
2016-08-22,11268.21,0.026801,71.65,-0.012844265875785067,399967,中证军工,CNY,CN10Y
2016-08-23,11266.04,0.027201,71.59,-0.01323256865484006,399967,中证军工,CNY,CN10Y
2016-08-24,11344.57,0.027301,72.14,-0.013439064873856389,399967,中证军工,CNY,CN10Y
2016-08-25,11241.68,0.027201,71.48,-0.013211072747621712,399967,中证军工,CNY,CN10Y
2016-08-26,11309.04,0.026927,71.98,-0.013034252014448458,399967,中证军工,CNY,CN10Y
2016-08-29,11343.78,0.0270639999999999,72.29,-0.01323082805367261,399967,中证军工,CNY,CN10Y
2016-08-30,11442.05,0.027527,73.05,-0.013837746064339492,399967,中证军工,CNY,CN10Y
2016-08-31,11380.39,0.027425,72.56,-0.013643302094818083,399967,中证军工,CNY,CN10Y
2016-09-01,11257.57,0.027452,70.77,-0.013321718807404266,399967,中证军工,CNY,CN10Y
2016-09-02,11155.7,0.027452,82.58,-0.015342530394768709,399967,中证军工,CNY,CN10Y
2016-09-05,11188.34,0.027503,82.82,-0.01542862183047573,399967,中证军工,CNY,CN10Y
2016-09-06,11322.76,0.027628,83.84,-0.015700519083969466,399967,中证军工,CNY,CN10Y
2016-09-07,11346.49,0.027853,84.06,-0.0159567354270759,399967,中证军工,CNY,CN10Y
2016-09-08,11371.84,0.027753,84.34,-0.01589622978420678,399967,中证军工,CNY,CN10Y
2016-09-09,11334.91,0.0276779999999999,83.97,-0.015768984875550694,399967,中证军工,CNY,CN10Y
2016-09-12,11021.93,0.027916,81.69,-0.015674599583792387,399967,中证军工,CNY,CN10Y
2016-09-13,11085.18,0.027654,82.26,-0.015497423292000975,399967,中证军工,CNY,CN10Y
2016-09-14,10995.03,0.027579,81.68,-0.015336100881488736,399967,中证军工,CNY,CN10Y
2016-09-18,,0.027655,81.68,-0.015412100881488736,399967,中证军工,CNY,CN10Y
2016-09-19,11067.64,0.027605,82.21,-0.01544102968008758,399967,中证军工,CNY,CN10Y
2016-09-20,11003.51,0.027431,81.76,-0.01520008023483366,399967,中证军工,CNY,CN10Y
2016-09-21,11022.48,0.0275179999999999,81.88,-0.015305005373717534,399967,中证军工,CNY,CN10Y
2016-09-22,11047.15,0.027456,82.05,-0.01526830956733699,399967,中证军工,CNY,CN10Y
2016-09-23,11009.2,0.027318,81.89,-0.01510649676395164,399967,中证军工,CNY,CN10Y
2016-09-26,10725.21,0.027157,79.77,-0.014620958881785133,399967,中证军工,CNY,CN10Y
2016-09-27,10792.72,0.0271439999999999,80.23,-0.014679834475881741,399967,中证军工,CNY,CN10Y
2016-09-28,10799.5,0.027244,80.37,-0.014801546348139854,399967,中证军工,CNY,CN10Y
2016-09-29,10795.61,0.027282,80.28,-0.014825597409068261,399967,中证军工,CNY,CN10Y
2016-09-30,10852.13,0.027258,80.71,-0.014867961590880932,399967,中证军工,CNY,CN10Y
2016-10-08,,0.0270469999999999,80.71,-0.014656961590880832,399967,中证军工,CNY,CN10Y
2016-10-09,,0.02676,80.71,-0.01436996159088093,399967,中证军工,CNY,CN10Y
2016-10-10,11128.57,0.026735,82.73,-0.014647486401547201,399967,中证军工,CNY,CN10Y
2016-10-11,11242.41,0.026835,83.26,-0.014824430699015135,399967,中证军工,CNY,CN10Y
2016-10-12,11241.52,0.027098,83.26,-0.015087430699015135,399967,中证军工,CNY,CN10Y
2016-10-13,11261.81,0.02701,83.1,-0.01497630565583634,399967,中证军工,CNY,CN10Y
2016-10-14,11229.78,0.0269519999999999,82.86,-0.014883450639633016,399967,中证军工,CNY,CN10Y
2016-10-17,11079.19,0.0269039999999999,81.77,-0.014674576005870023,399967,中证军工,CNY,CN10Y
2016-10-18,11239.4,0.026965,82.87,-0.014897906962712683,399967,中证军工,CNY,CN10Y
2016-10-19,11266.44,0.026664,83.14,-0.014636095261005533,399967,中证军工,CNY,CN10Y
2016-10-20,11271.92,0.026518,83.21,-0.014500213676240836,399967,中证军工,CNY,CN10Y
2016-10-21,11245.99,0.026451,82.72,-0.014362025145067696,399967,中证军工,CNY,CN10Y
2016-10-24,11332.41,0.026595,83.35,-0.01459739952009598,399967,中证军工,CNY,CN10Y
2016-10-25,11314.63,0.026859,83.34,-0.014859959923206144,399967,中证军工,CNY,CN10Y
2016-10-26,11227.9,0.0272,67.61,-0.012409288566780061,399967,中证军工,CNY,CN10Y
2016-10-27,11249.54,0.027068,67.85,-0.012329606484893143,399967,中证军工,CNY,CN10Y
2016-10-28,11153.0,0.027027,67.26,-0.012159322331251858,399967,中证军工,CNY,CN10Y
2016-10-31,11115.77,0.027425,67.18,-0.012539617445668356,399967,中证军工,CNY,CN10Y
2016-11-01,11174.43,0.0273749999999999,79.06,-0.01472637869972163,399967,中证军工,CNY,CN10Y
2016-11-02,11093.49,0.027372,78.58,-0.014646115551030797,399967,中证军工,CNY,CN10Y
2016-11-03,11132.85,0.027301,78.74,-0.014600974599949197,399967,中证军工,CNY,CN10Y
2016-11-04,11045.65,0.027339,78.08,-0.01453162295081967,399967,中证军工,CNY,CN10Y
2016-11-07,10994.81,0.027475,77.62,-0.014591722494202526,399967,中证军工,CNY,CN10Y
2016-11-08,11066.63,0.027634,78.12,-0.014833180747567844,399967,中证军工,CNY,CN10Y
2016-11-09,10958.54,0.027651,77.51,-0.014749438911108243,399967,中证军工,CNY,CN10Y
2016-11-10,11069.2,0.027926,78.21,-0.015139911264544174,399967,中证军工,CNY,CN10Y
2016-11-11,11138.65,0.0281499999999999,78.42,-0.015398150981892275,399967,中证军工,CNY,CN10Y
2016-11-14,11203.92,0.0285769999999999,78.78,-0.015883422949987208,399967,中证军工,CNY,CN10Y
2016-11-15,11208.49,0.028501,78.77,-0.015805811476450424,399967,中证军工,CNY,CN10Y
2016-11-16,11193.53,0.028652,78.69,-0.015943904943448977,399967,中证军工,CNY,CN10Y
2016-11-17,11233.85,0.029055,78.75,-0.016356587301587303,399967,中证军工,CNY,CN10Y
2016-11-18,11176.72,0.028901,78.67,-0.01618967420871997,399967,中证军工,CNY,CN10Y
2016-11-21,11183.69,0.028851,78.51,-0.016113769074003314,399967,中证军工,CNY,CN10Y
2016-11-22,11231.77,0.028689,78.81,-0.01600025491688872,399967,中证军工,CNY,CN10Y
2016-11-23,11246.89,0.028451,79.1,-0.01580877496839444,399967,中证军工,CNY,CN10Y
2016-11-24,11120.45,0.028502,78.21,-0.015715911264544174,399967,中证军工,CNY,CN10Y
2016-11-25,11189.08,0.02865,78.72,-0.015946747967479673,399967,中证军工,CNY,CN10Y
2016-11-28,11194.85,0.028502,78.62,-0.01578259018061562,399967,中证军工,CNY,CN10Y
2016-11-29,11233.11,0.028906,78.49,-0.01616552350617913,399967,中证军工,CNY,CN10Y
2016-11-30,11181.21,0.029502,78.26,-0.01672408024533606,399967,中证军工,CNY,CN10Y
2016-12-01,11281.55,0.029893,78.5,-0.017154146496815285,399967,中证军工,CNY,CN10Y
2016-12-02,11098.0,0.029895,77.22,-0.01694498704998705,399967,中证军工,CNY,CN10Y
2016-12-05,11139.35,0.030302,77.52,-0.017402103199174405,399967,中证军工,CNY,CN10Y
2016-12-06,11109.02,0.0311509999999999,77.32,-0.018217735644076465,399967,中证军工,CNY,CN10Y
2016-12-07,11233.97,0.0308769999999999,78.26,-0.018099080245335963,399967,中证军工,CNY,CN10Y
2016-12-08,11095.96,0.030753,77.45,-0.01784144415752098,399967,中证军工,CNY,CN10Y
2016-12-09,11035.62,0.030853,76.83,-0.017837250943641803,399967,中证军工,CNY,CN10Y
2016-12-12,10571.35,0.031458,76.72,-0.01842358915537018,399967,中证军工,CNY,CN10Y
2016-12-13,10717.25,0.031863,77.46,-0.018953111025045186,399967,中证军工,CNY,CN10Y
2016-12-14,10743.23,0.032186,77.86,-0.019342434626252247,399967,中证军工,CNY,CN10Y
2016-12-15,10880.53,0.033315,79.06,-0.020666378699721728,399967,中证军工,CNY,CN10Y
2016-12-16,10806.64,0.032803,78.78,-0.020109422949987306,399967,中证军工,CNY,CN10Y
2016-12-19,10782.9,0.033316,78.64,-0.020599825025432346,399967,中证军工,CNY,CN10Y
2016-12-20,10718.81,0.033739,78.26,-0.020961080245336057,399967,中证军工,CNY,CN10Y
2016-12-21,10902.4,0.032815,79.26,-0.02019829548321978,399967,中证军工,CNY,CN10Y
2016-12-22,10899.59,0.031908,79.01,-0.01925137425642324,399967,中证军工,CNY,CN10Y
2016-12-23,10860.56,0.031769,78.71,-0.019064134036335917,399967,中证军工,CNY,CN10Y
2016-12-26,10898.99,0.031551,78.75,-0.018852587301587304,399967,中证军工,CNY,CN10Y
2016-12-27,10839.8,0.0316279999999999,78.3,-0.01885660791826299,399967,中证军工,CNY,CN10Y
2016-12-28,10788.07,0.031223,77.98,-0.018399199025391128,399967,中证军工,CNY,CN10Y
2016-12-29,10734.69,0.0304709999999999,77.78,-0.017614224479300493,399967,中证军工,CNY,CN10Y
2016-12-30,10712.75,0.030115,77.83,-0.017266484003597586,399967,中证军工,CNY,CN10Y
2016-12-31,,0.030115,77.83,-0.017266484003597586,399967,中证军工,CNY,CN10Y
2017-01-03,11007.77,0.031054,79.92,-0.018541487487487487,399967,中证军工,CNY,CN10Y
2017-01-04,11104.65,0.031823,80.56,-0.019409891757696127,399967,中证军工,CNY,CN10Y
2017-01-05,11214.87,0.032086,81.31,-0.01978738974295905,399967,中证军工,CNY,CN10Y
2017-01-06,11164.98,0.031953,81.0,-0.019607320987654324,399967,中证军工,CNY,CN10Y
2017-01-09,11517.76,0.031692,83.33,-0.01969151998079923,399967,中证军工,CNY,CN10Y
2017-01-10,11348.22,0.031792,82.27,-0.019636900935942628,399967,中证军工,CNY,CN10Y
2017-01-11,11334.88,0.032055,82.06,-0.01986879478430417,399967,中证军工,CNY,CN10Y
2017-01-12,11193.17,0.031888,80.87,-0.019522475083467293,399967,中证军工,CNY,CN10Y
2017-01-13,11068.53,0.032022,80.0,-0.019522,399967,中证军工,CNY,CN10Y
2017-01-16,10764.42,0.032496,77.8,-0.019642529562982,399967,中证军工,CNY,CN10Y
2017-01-17,10942.08,0.032692,79.32,-0.02008483913262733,399967,中证军工,CNY,CN10Y
2017-01-18,10855.91,0.032682,78.29,-0.01990897662536723,399967,中证军工,CNY,CN10Y
2017-01-19,10766.73,0.032584,77.73,-0.019718954329087872,399967,中证军工,CNY,CN10Y
2017-01-20,10935.77,0.03244,78.93,-0.019770546053465093,399967,中证军工,CNY,CN10Y
2017-01-22,,0.0325499999999999,78.93,-0.019880546053464995,399967,中证军工,CNY,CN10Y
2017-01-23,11107.39,0.032429,79.98,-0.01992587421855464,399967,中证军工,CNY,CN10Y
2017-01-24,11046.45,0.032837,79.54,-0.020264709328639677,399967,中证军工,CNY,CN10Y
2017-01-25,11082.5,0.033463,79.8,-0.020931671679197995,399967,中证军工,CNY,CN10Y
2017-01-26,11161.03,0.0334649999999999,80.99,-0.021117796641560584,399967,中证军工,CNY,CN10Y
2017-02-03,11193.01,0.034214,81.11,-0.02188506398717791,399967,中证军工,CNY,CN10Y
2017-02-04,,0.034099,81.11,-0.021770063987177905,399967,中证军工,CNY,CN10Y
2017-02-06,11300.2,0.034905,81.98,-0.022706902903147107,399967,中证军工,CNY,CN10Y
2017-02-07,11203.42,0.034866,81.14,-0.022541622381069756,399967,中证军工,CNY,CN10Y
2017-02-08,11402.2,0.034591,82.45,-0.022462437234687688,399967,中证军工,CNY,CN10Y
2017-02-09,11430.37,0.034148,82.58,-0.022038530394768704,399967,中证军工,CNY,CN10Y
2017-02-10,11326.36,0.0343679999999999,81.51,-0.022099566678935,399967,中证军工,CNY,CN10Y
2017-02-13,11337.24,0.034192,81.68,-0.021949100881488735,399967,中证军工,CNY,CN10Y
2017-02-14,11287.81,0.034107,81.39,-0.021820478314289224,399967,中证军工,CNY,CN10Y
2017-02-15,11125.06,0.034058,80.44,-0.021626373943311784,399967,中证军工,CNY,CN10Y
2017-02-16,11179.9,0.033559,80.84,-0.021188886194952992,399967,中证军工,CNY,CN10Y
2017-02-17,11248.33,0.033311,81.43,-0.021030513692742232,399967,中证军工,CNY,CN10Y
2017-02-20,11295.6,0.032812,81.68,-0.020569100881488736,399967,中证军工,CNY,CN10Y
2017-02-21,11340.82,0.033013,82.12,-0.020835698490014612,399967,中证军工,CNY,CN10Y
2017-02-22,11293.63,0.032839,81.76,-0.02060808023483366,399967,中证军工,CNY,CN10Y
2017-02-23,11203.6,0.032714,81.11,-0.020385063987177907,399967,中证军工,CNY,CN10Y
2017-02-24,11339.42,0.032916,82.14,-0.02074166350133918,399967,中证军工,CNY,CN10Y
2017-02-27,11202.79,0.032871,81.14,-0.020546622381069753,399967,中证军工,CNY,CN10Y
2017-02-28,11254.13,0.03292,81.49,-0.02064855565100012,399967,中证军工,CNY,CN10Y
2017-03-01,11340.94,0.033252,82.17,-0.02108210831203602,399967,中证军工,CNY,CN10Y
2017-03-02,11233.85,0.033483,81.53,-0.02121757622960873,399967,中证军工,CNY,CN10Y
2017-03-03,11321.1,0.033573,82.25,-0.021414945288753796,399967,中证军工,CNY,CN10Y
2017-03-06,11470.48,0.033615,83.43,-0.02162890387150905,399967,中证军工,CNY,CN10Y
2017-03-07,11419.95,0.033643,83.12,-0.02161220115495669,399967,中证军工,CNY,CN10Y
2017-03-08,11439.42,0.034088,83.28,-0.022080315081652258,399967,中证军工,CNY,CN10Y
2017-03-09,11296.96,0.034151,82.45,-0.022022437234687692,399967,中证军工,CNY,CN10Y
2017-03-10,11232.7,0.034156,82.0,-0.021960878048780486,399967,中证军工,CNY,CN10Y
2017-03-13,11333.36,0.033851,82.8,-0.021773705314009663,399967,中证军工,CNY,CN10Y
2017-03-14,11304.55,0.033653,82.51,-0.021533256938552906,399967,中证军工,CNY,CN10Y
2017-03-15,11222.45,0.033524,81.92,-0.021316968749999998,399967,中证军工,CNY,CN10Y
2017-03-16,11335.13,0.033097,82.74,-0.02101094730481025,399967,中证军工,CNY,CN10Y
2017-03-17,11213.88,0.033124,81.88,-0.020911005373717637,399967,中证军工,CNY,CN10Y
2017-03-20,11212.85,0.033141,81.83,-0.02092054295490651,399967,中证军工,CNY,CN10Y
2017-03-21,11200.09,0.033141,81.75,-0.020908584097859326,399967,中证军工,CNY,CN10Y
2017-03-22,11095.73,0.033068,81.0,-0.020722320987654322,399967,中证军工,CNY,CN10Y
2017-03-23,11148.02,0.033034,81.54,-0.02077008045131224,399967,中证军工,CNY,CN10Y
2017-03-24,11186.33,0.032529,81.57,-0.02026959090351845,399967,中证军工,CNY,CN10Y
2017-03-27,11228.21,0.032451,81.92,-0.02024396875,399967,中证军工,CNY,CN10Y
2017-03-28,11186.93,0.032626,81.56,-0.02036508778813144,399967,中证军工,CNY,CN10Y
2017-03-29,11150.72,0.032695,81.12,-0.02036758382642998,399967,中证军工,CNY,CN10Y
2017-03-30,10927.39,0.03289,79.48,-0.020308218419728234,399967,中证军工,CNY,CN10Y
2017-03-31,11125.08,0.0328279999999999,80.72,-0.020439496531218928,399967,中证军工,CNY,CN10Y
2017-04-01,,0.03273,80.72,-0.02034149653121903,399967,中证军工,CNY,CN10Y
2017-04-05,11288.2,0.033102,81.76,-0.02087108023483366,399967,中证军工,CNY,CN10Y
2017-04-06,11284.53,0.033109,81.69,-0.020867599583792383,399967,中证军工,CNY,CN10Y
2017-04-07,11401.08,0.032966,82.64,-0.020865322362052276,399967,中证军工,CNY,CN10Y
2017-04-10,11406.46,0.033166,82.41,-0.02103155029729402,399967,中证军工,CNY,CN10Y
2017-04-11,11898.24,0.033209,86.13,-0.021598643562057356,399967,中证军工,CNY,CN10Y
2017-04-12,11748.2,0.033283,84.95,-0.021511369629193644,399967,中证军工,CNY,CN10Y
2017-04-13,11660.23,0.03322,84.35,-0.021364635447540012,399967,中证军工,CNY,CN10Y
2017-04-14,11555.14,0.033599,83.49,-0.02162151766678644,399967,中证军工,CNY,CN10Y
2017-04-17,11241.06,0.0341599999999999,81.05,-0.021821937075878983,399967,中证军工,CNY,CN10Y
2017-04-18,11136.19,0.034064,80.26,-0.021604493396461498,399967,中证军工,CNY,CN10Y
2017-04-19,10942.61,0.034065,78.86,-0.021384300025361395,399967,中证军工,CNY,CN10Y
2017-04-20,10927.41,0.03424,78.61,-0.021518972140948986,399967,中证军工,CNY,CN10Y
2017-04-21,10786.06,0.034614,77.64,-0.02173404121586811,399967,中证军工,CNY,CN10Y
2017-04-24,10480.21,0.034991,75.63,-0.021768733703556788,399967,中证军工,CNY,CN10Y
2017-04-25,10624.41,0.034568,76.14,-0.021434298923036513,399967,中证军工,CNY,CN10Y
2017-04-26,10499.46,0.034519,75.57,-0.021286235675532617,399967,中证军工,CNY,CN10Y
2017-04-27,10442.54,0.034494,73.68,-0.020921795874049944,399967,中证军工,CNY,CN10Y
2017-04-28,10494.1,0.034668,74.11,-0.02117454432600189,399967,中证军工,CNY,CN10Y
2017-05-02,10407.67,0.03487,84.88,-0.023088661639962295,399967,中证军工,CNY,CN10Y
2017-05-03,10444.19,0.035219,85.18,-0.02347915496595445,399967,中证军工,CNY,CN10Y
2017-05-04,10259.5,0.035517,83.64,-0.023560998087039695,399967,中证军工,CNY,CN10Y
2017-05-05,9967.84,0.035592,81.27,-0.023287336532545833,399967,中证军工,CNY,CN10Y
2017-05-08,9596.88,0.036042,78.2,-0.02325427621483376,399967,中证军工,CNY,CN10Y
2017-05-09,9686.08,0.0363249999999999,78.93,-0.023655546053464996,399967,中证军工,CNY,CN10Y
2017-05-10,9370.09,0.0369,76.26,-0.02378696564384999,399967,中证军工,CNY,CN10Y
2017-05-11,9352.71,0.0364,76.08,-0.023255941114616194,399967,中证军工,CNY,CN10Y
2017-05-12,9283.2,0.036525,74.21,-0.023049727125724298,399967,中证军工,CNY,CN10Y
2017-05-15,9311.83,0.0361,72.7,-0.02234484181568088,399967,中证军工,CNY,CN10Y
2017-05-16,9449.37,0.036225,73.72,-0.02266016006511123,399967,中证军工,CNY,CN10Y
2017-05-17,9508.82,0.036275,74.2,-0.02279791105121294,399967,中证军工,CNY,CN10Y
2017-05-18,9394.54,0.0360749999999999,73.31,-0.022434296139680707,399967,中证军工,CNY,CN10Y
2017-05-19,9372.33,0.03625,71.4,-0.02224439775910364,399967,中证军工,CNY,CN10Y
2017-05-22,9213.64,0.036601,70.2,-0.022355985754985756,399967,中证军工,CNY,CN10Y
2017-05-23,8841.47,0.036725,67.34,-0.02187498514998515,399967,中证军工,CNY,CN10Y
2017-05-24,8907.56,0.036601,67.83,-0.021858260799056464,399967,中证军工,CNY,CN10Y
2017-05-25,8993.0,0.036476,68.5,-0.0218774598540146,399967,中证军工,CNY,CN10Y
2017-05-26,8979.03,0.036501,67.16,-0.02161118463371054,399967,中证军工,CNY,CN10Y
2017-05-27,,0.036499,67.16,-0.02160918463371054,399967,中证军工,CNY,CN10Y
2017-05-31,8973.03,0.0361019999999999,67.08,-0.02119442695289197,399967,中证军工,CNY,CN10Y
2017-06-01,8725.13,0.036152,65.31,-0.020840409125708156,399967,中证军工,CNY,CN10Y
2017-06-02,8874.38,0.036277,66.39,-0.02121449058593161,399967,中证军工,CNY,CN10Y
2017-06-05,8948.76,0.036152,66.91,-0.021206550889254216,399967,中证军工,CNY,CN10Y
2017-06-06,9034.79,0.036328,67.62,-0.021539475894705708,399967,中证军工,CNY,CN10Y
2017-06-07,9157.43,0.036427,68.24,-0.021772838218053925,399967,中证军工,CNY,CN10Y
2017-06-08,9127.58,0.036478,68.01,-0.021774279958829582,399967,中证军工,CNY,CN10Y
2017-06-09,9140.28,0.036303,68.14,-0.0216273322571177,399967,中证军工,CNY,CN10Y
2017-06-12,8983.13,0.035841,67.88,-0.021109120212139065,399967,中证军工,CNY,CN10Y
2017-06-13,9060.48,0.035754,68.45,-0.021144796201607016,399967,中证军工,CNY,CN10Y
2017-06-14,9121.26,0.035354,68.93,-0.020846528652255912,399967,中证军工,CNY,CN10Y
2017-06-15,9210.18,0.035554,69.62,-0.02119031140476875,399967,中证军工,CNY,CN10Y
2017-06-16,9263.16,0.03568,70.01,-0.021396326239108705,399967,中证军工,CNY,CN10Y
2017-06-19,9443.43,0.035006,71.37,-0.02099451057867452,399967,中证军工,CNY,CN10Y
2017-06-20,9433.46,0.034881,71.26,-0.020847881841145104,399967,中证军工,CNY,CN10Y
2017-06-21,9426.11,0.035406,70.98,-0.021317524373062835,399967,中证军工,CNY,CN10Y
2017-06-22,9249.44,0.035607,69.66,-0.02125155928797014,399967,中证军工,CNY,CN10Y
2017-06-23,9277.36,0.035457,67.51,-0.02064437964745964,399967,中证军工,CNY,CN10Y
2017-06-26,9364.63,0.035134,68.16,-0.02046263849765258,399967,中证军工,CNY,CN10Y
2017-06-27,9421.22,0.035084,68.61,-0.02050886518000291,399967,中证军工,CNY,CN10Y
2017-06-28,9308.86,0.035333,67.82,-0.02058808699498673,399967,中证军工,CNY,CN10Y
2017-06-29,9370.16,0.035483,68.25,-0.02083098534798535,399967,中证军工,CNY,CN10Y
2017-06-30,9336.38,0.035683,67.99,-0.02097495469922047,399967,中证军工,CNY,CN10Y
2017-07-03,9366.19,0.036033,68.2,-0.021370243401759532,399967,中证军工,CNY,CN10Y
2017-07-04,9408.89,0.036009,68.64,-0.02144023543123543,399967,中证军工,CNY,CN10Y
2017-07-05,9456.79,0.03576,68.93,-0.021252528652255916,399967,中证军工,CNY,CN10Y
2017-07-06,9457.14,0.03566,68.95,-0.021156736765772295,399967,中证军工,CNY,CN10Y
2017-07-07,9517.92,0.035897,69.08,-0.02142103011001737,399967,中证军工,CNY,CN10Y
2017-07-10,9507.37,0.035911,69.08,-0.02143503011001737,399967,中证军工,CNY,CN10Y
2017-07-11,9404.37,0.035836,68.38,-0.021211840889148875,399967,中证军工,CNY,CN10Y
2017-07-12,9358.93,0.035749,68.08,-0.02106039835487662,399967,中证军工,CNY,CN10Y
2017-07-13,9412.55,0.035643,68.47,-0.02103806353147364,399967,中证军工,CNY,CN10Y
2017-07-14,9362.05,0.035637,68.13,-0.02095917818875679,399967,中证军工,CNY,CN10Y
2017-07-17,8779.7,0.035626,64.0,-0.020000999999999998,399967,中证军工,CNY,CN10Y
2017-07-18,8832.01,0.035851,64.38,-0.02031822584653619,399967,中证军工,CNY,CN10Y
2017-07-19,8911.71,0.035901,64.88,-0.020487929716399508,399967,中证军工,CNY,CN10Y
2017-07-20,8960.69,0.03574,65.25,-0.020414329501915712,399967,中证军工,CNY,CN10Y
2017-07-21,9004.61,0.035829,65.59,-0.020582773441073336,399967,中证军工,CNY,CN10Y
2017-07-24,9191.22,0.035769,66.92,-0.020825784219964137,399967,中证军工,CNY,CN10Y
2017-07-25,9104.55,0.03592,66.25,-0.02082566037735849,399967,中证军工,CNY,CN10Y
2017-07-26,9132.45,0.03617,66.42,-0.02111429388738332,399967,中证军工,CNY,CN10Y
2017-07-27,9238.41,0.036021,67.16,-0.02113118463371054,399967,中证军工,CNY,CN10Y
2017-07-28,9154.44,0.036034,66.54,-0.021005445746919142,399967,中证军工,CNY,CN10Y
2017-07-31,9070.01,0.03626,65.91,-0.02108779547868305,399967,中证军工,CNY,CN10Y
2017-08-01,9030.54,0.036373,65.6,-0.021129097560975613,399967,中证军工,CNY,CN10Y
2017-08-02,8858.27,0.036311,64.38,-0.020778225846536193,399967,中证军工,CNY,CN10Y
2017-08-03,8897.91,0.0362619999999999,64.64,-0.02079170297029693,399967,中证军工,CNY,CN10Y
2017-08-04,9333.72,0.0362619999999999,67.76,-0.02150403069657605,399967,中证军工,CNY,CN10Y
2017-08-07,9290.27,0.036626,67.44,-0.02179800474495848,399967,中证军工,CNY,CN10Y
2017-08-08,9316.99,0.036538,67.61,-0.021747288566780064,399967,中证军工,CNY,CN10Y
2017-08-09,9248.96,0.0366,67.11,-0.02169909104455372,399967,中证军工,CNY,CN10Y
2017-08-10,9279.67,0.036375,67.32,-0.021520573380867495,399967,中证军工,CNY,CN10Y
2017-08-11,9254.43,0.036163,67.15,-0.021270967237527923,399967,中证军工,CNY,CN10Y
2017-08-14,9380.95,0.035925,68.05,-0.021229922850844966,399967,中证军工,CNY,CN10Y
2017-08-15,9401.47,0.035801,68.33,-0.021166139762915263,399967,中证军工,CNY,CN10Y
2017-08-16,9514.24,0.035988,69.07,-0.02150993426958158,399967,中证军工,CNY,CN10Y
2017-08-17,9604.27,0.035926,69.65,-0.021568498205312276,399967,中证军工,CNY,CN10Y
2017-08-18,9507.24,0.035951,68.92,-0.021441423679628552,399967,中证军工,CNY,CN10Y
2017-08-21,9534.34,0.036181,69.13,-0.021715500216982493,399967,中证军工,CNY,CN10Y
2017-08-22,9388.85,0.036201,68.1,-0.021516712187958878,399967,中证军工,CNY,CN10Y
2017-08-23,9386.57,0.036152,68.06,-0.02145908198648251,399967,中证军工,CNY,CN10Y
2017-08-24,9325.47,0.036252,67.6,-0.021459100591715977,399967,中证军工,CNY,CN10Y
2017-08-25,9405.21,0.036327,68.19,-0.021662093122158672,399967,中证军工,CNY,CN10Y
2017-08-28,9506.05,0.036502,68.94,-0.02199663301421526,399967,中证军工,CNY,CN10Y
2017-08-29,9363.98,0.036303,67.96,-0.021588462036492055,399967,中证军工,CNY,CN10Y
2017-08-30,9391.75,0.036303,68.16,-0.021631638497652584,399967,中证军工,CNY,CN10Y
2017-08-31,9394.64,0.036265,68.18,-0.021597942211792315,399967,中证军工,CNY,CN10Y
2017-09-01,9435.99,0.0363529999999999,73.52,-0.022751258977148976,399967,中证军工,CNY,CN10Y
2017-09-04,9561.99,0.036454,74.5,-0.02303118120805369,399967,中证军工,CNY,CN10Y
2017-09-05,9525.17,0.036641,74.19,-0.023162094487127645,399967,中证军工,CNY,CN10Y
2017-09-06,9640.11,0.036554,75.07,-0.023233099507126685,399967,中证军工,CNY,CN10Y
2017-09-07,9538.7,0.036155,74.34,-0.022703291633037394,399967,中证军工,CNY,CN10Y
2017-09-08,9495.98,0.0360049999999999,74.0,-0.022491486486486384,399967,中证军工,CNY,CN10Y
2017-09-11,9554.77,0.036156,74.49,-0.022731379245536313,399967,中证军工,CNY,CN10Y
2017-09-12,9513.49,0.036181,74.18,-0.022700277433270424,399967,中证军工,CNY,CN10Y
2017-09-13,9548.9,0.036356,74.46,-0.022925970453934998,399967,中证军工,CNY,CN10Y
2017-09-14,9504.02,0.035982,74.13,-0.022492184810468094,399967,中证军工,CNY,CN10Y
2017-09-15,9589.4,0.035982,74.79,-0.022611228506484823,399967,中证军工,CNY,CN10Y
2017-09-18,9637.21,0.03622,75.11,-0.02290619358274531,399967,中证军工,CNY,CN10Y
2017-09-19,9568.19,0.036158,74.65,-0.02276215271265908,399967,中证军工,CNY,CN10Y
2017-09-20,9689.59,0.036209,75.22,-0.022914663387396967,399967,中证军工,CNY,CN10Y
2017-09-21,9603.08,0.036334,74.59,-0.022927377128301382,399967,中证军工,CNY,CN10Y
2017-09-22,9588.54,0.036209,74.51,-0.022787982686887663,399967,中证军工,CNY,CN10Y
2017-09-25,9535.48,0.035985,74.13,-0.022495184810468097,399967,中证军工,CNY,CN10Y
2017-09-26,9581.7,0.036172,74.5,-0.022749181208053693,399967,中证军工,CNY,CN10Y
2017-09-27,9643.16,0.0362349999999999,75.0,-0.022901666666666563,399967,中证军工,CNY,CN10Y
2017-09-28,9703.16,0.036136,75.49,-0.022889212346006094,399967,中证军工,CNY,CN10Y
2017-09-29,9749.71,0.036136,75.88,-0.022957296784396418,399967,中证军工,CNY,CN10Y
2017-09-30,,0.036136,75.88,-0.022957296784396418,399967,中证军工,CNY,CN10Y
2017-10-09,9768.86,0.036477,75.85,-0.023293084377059986,399967,中证军工,CNY,CN10Y
2017-10-10,9813.42,0.0364699999999999,76.15,-0.023338023637557354,399967,中证军工,CNY,CN10Y
2017-10-11,9732.49,0.0365399999999999,75.61,-0.02331423621214115,399967,中证军工,CNY,CN10Y
2017-10-12,9872.08,0.036765,76.78,-0.023740774941390985,399967,中证军工,CNY,CN10Y
2017-10-13,9835.81,0.03674,76.5,-0.0236681045751634,399967,中证军工,CNY,CN10Y
2017-10-16,9786.56,0.037054,76.21,-0.023932362419629965,399967,中证军工,CNY,CN10Y
2017-10-17,9746.62,0.037409,75.94,-0.02424070924414011,399967,中证军工,CNY,CN10Y
2017-10-18,9695.47,0.037366,75.58,-0.024134986504366237,399967,中证军工,CNY,CN10Y
2017-10-19,9505.27,0.037167,74.09,-0.02366990187609664,399967,中证军工,CNY,CN10Y
2017-10-20,9582.12,0.037217,74.7,-0.023830119143239625,399967,中证军工,CNY,CN10Y
2017-10-23,9575.8,0.037231,74.91,-0.023881647443598983,399967,中证军工,CNY,CN10Y
2017-10-24,9467.28,0.03722,74.05,-0.023715611073598923,399967,中证军工,CNY,CN10Y
2017-10-25,9502.9,0.037768,74.31,-0.024310860987754007,399967,中证军工,CNY,CN10Y
2017-10-26,9570.1,0.037769,74.88,-0.02441429914529914,399967,中证军工,CNY,CN10Y
2017-10-27,9484.38,0.038266,74.27,-0.02480161330281406,399967,中证军工,CNY,CN10Y
2017-10-30,9254.11,0.039115,72.47,-0.025316186697943974,399967,中证军工,CNY,CN10Y
2017-10-31,9279.64,0.038917,72.65,-0.025152375086028907,399967,中证军工,CNY,CN10Y
2017-11-01,9302.41,0.03863,69.83,-0.024309507375053697,399967,中证军工,CNY,CN10Y
2017-11-02,9193.54,0.038718,69.0,-0.024225246376811595,399967,中证军工,CNY,CN10Y
2017-11-03,9171.52,0.038816,68.84,-0.024289561882626383,399967,中证军工,CNY,CN10Y
2017-11-06,9301.89,0.038694,69.93,-0.0243939856999857,399967,中证军工,CNY,CN10Y
2017-11-07,9424.59,0.038813,70.98,-0.024724524373062835,399967,中证军工,CNY,CN10Y
2017-11-08,9418.13,0.038725,71.03,-0.02464644164437562,399967,中证军工,CNY,CN10Y
2017-11-09,9471.0,0.038863,71.52,-0.024880897091722594,399967,中证军工,CNY,CN10Y
2017-11-10,9430.19,0.039,71.15,-0.0249451862262825,399967,中证军工,CNY,CN10Y
2017-11-13,9398.22,0.0395,70.87,-0.025389657118667985,399967,中证军工,CNY,CN10Y
2017-11-14,9472.48,0.039525,71.56,-0.025550712688652878,399967,中证军工,CNY,CN10Y
2017-11-15,9328.83,0.0395,70.35,-0.02528535891968728,399967,中证军工,CNY,CN10Y
2017-11-16,9284.89,0.0392249999999999,69.95,-0.024929074338813337,399967,中证军工,CNY,CN10Y
2017-11-17,8920.93,0.0392,67.14,-0.024305749180816204,399967,中证军工,CNY,CN10Y
2017-11-20,8997.43,0.0394,67.73,-0.024635493872729956,399967,中证军工,CNY,CN10Y
2017-11-21,8988.84,0.0395,67.59,-0.024704911969226216,399967,中证军工,CNY,CN10Y
2017-11-22,9239.57,0.03985,69.65,-0.025492498205312273,399967,中证军工,CNY,CN10Y
2017-11-23,9005.23,0.039851,67.7,-0.02507995125553914,399967,中证军工,CNY,CN10Y
2017-11-24,8964.19,0.039463,67.37,-0.0246195978922369,399967,中证军工,CNY,CN10Y
2017-11-27,8856.77,0.039501,66.4,-0.02444075903614458,399967,中证军工,CNY,CN10Y
2017-11-28,8994.64,0.039601,67.44,-0.024773004744958478,399967,中证军工,CNY,CN10Y
2017-11-29,8939.51,0.039101,66.97,-0.02416894086904584,399967,中证军工,CNY,CN10Y
2017-11-30,8916.89,0.038901,66.83,-0.023937660182552743,399967,中证军工,CNY,CN10Y
2017-12-01,8979.85,0.038852,67.27,-0.023986532481046527,399967,中证军工,CNY,CN10Y
2017-12-04,8868.22,0.038902,66.47,-0.02385761907627501,399967,中证军工,CNY,CN10Y
2017-12-05,8723.65,0.038752,65.52,-0.023489484737484738,399967,中证军工,CNY,CN10Y
2017-12-06,8878.58,0.038752,66.69,-0.023757248163142904,399967,中证军工,CNY,CN10Y
2017-12-07,8989.95,0.038927,67.58,-0.02412972269902338,399967,中证军工,CNY,CN10Y
2017-12-08,9019.14,0.039102,67.79,-0.02435056173476914,399967,中证军工,CNY,CN10Y
2017-12-11,9111.27,0.039303,69.38,-0.024889624387431534,399967,中证军工,CNY,CN10Y
2017-12-12,9016.24,0.039378,68.59,-0.024798615250036453,399967,中证军工,CNY,CN10Y
2017-12-13,9090.96,0.039303,69.16,-0.024843775014459224,399967,中证军工,CNY,CN10Y
2017-12-14,9110.75,0.039104,69.31,-0.024676067522723992,399967,中证军工,CNY,CN10Y
2017-12-15,9099.36,0.038904,69.21,-0.024455220921832103,399967,中证军工,CNY,CN10Y
2017-12-18,9014.17,0.038904,68.58,-0.02432248935549723,399967,中证军工,CNY,CN10Y
2017-12-19,9066.05,0.039005,68.93,-0.024497528652255914,399967,中证军工,CNY,CN10Y
2017-12-20,8925.21,0.039005,67.8,-0.024255737463126842,399967,中证军工,CNY,CN10Y
2017-12-21,8957.82,0.039005,68.15,-0.02433148569332355,399967,中证军工,CNY,CN10Y
2017-12-22,8879.68,0.03878,67.59,-0.023984911969226218,399967,中证军工,CNY,CN10Y
2017-12-25,8668.41,0.038731,66.05,-0.02359095457986374,399967,中证军工,CNY,CN10Y
2017-12-26,8710.33,0.038881,66.41,-0.023823026803192288,399967,中证军工,CNY,CN10Y
2017-12-27,8663.62,0.038956,66.04,-0.023813662023016352,399967,中证军工,CNY,CN10Y
2017-12-28,8671.73,0.038857,66.09,-0.0237261178695718,399967,中证军工,CNY,CN10Y
2017-12-29,8744.92,0.038807,66.74,-0.023823481869943063,399967,中证军工,CNY,CN10Y
2017-12-30,,0.038807,66.74,-0.023823481869943063,399967,中证军工,CNY,CN10Y
2017-12-31,,0.038807,66.74,-0.023823481869943063,399967,中证军工,CNY,CN10Y
2018-01-02,8803.7,0.039008,67.19,-0.02412483286203304,399967,中证军工,CNY,CN10Y
2018-01-03,8904.25,0.039162,67.94,-0.024443130409184576,399967,中证军工,CNY,CN10Y
2018-01-04,8911.75,0.039319,67.95,-0.024602296541574687,399967,中证军工,CNY,CN10Y
2018-01-05,8861.7,0.039212,67.56,-0.024410342214328,399967,中证军工,CNY,CN10Y
2018-01-08,8820.41,0.03911,67.22,-0.02423347515620351,399967,中证军工,CNY,CN10Y
2018-01-09,8824.92,0.038909,67.3,-0.024050158989598808,399967,中证军工,CNY,CN10Y
2018-01-10,8733.87,0.039201,66.56,-0.02417696153846154,399967,中证军工,CNY,CN10Y
2018-01-11,8769.47,0.039546,66.83,-0.024582660182552743,399967,中证军工,CNY,CN10Y
2018-01-12,8662.73,0.039337,66.01,-0.024187780184820477,399967,中证军工,CNY,CN10Y
2018-01-15,8320.93,0.03965,63.33,-0.023859695247118267,399967,中证军工,CNY,CN10Y
2018-01-16,8283.56,0.039596,63.04,-0.023733055837563452,399967,中证军工,CNY,CN10Y
2018-01-17,8316.85,0.039597,63.26,-0.023789222573506165,399967,中证军工,CNY,CN10Y
2018-01-18,8292.62,0.039797,63.1,-0.02394913946117274,399967,中证军工,CNY,CN10Y
2018-01-19,8393.03,0.039754,63.92,-0.024109444305381724,399967,中证军工,CNY,CN10Y
2018-01-22,8451.34,0.039522,64.37,-0.023986812800994253,399967,中证军工,CNY,CN10Y
2018-01-23,8454.31,0.039414,64.43,-0.02389327983858451,399967,中证军工,CNY,CN10Y
2018-01-24,8555.1,0.039507,65.25,-0.024181329501915712,399967,中证军工,CNY,CN10Y
2018-01-25,8637.04,0.039435,65.95,-0.02427199772554966,399967,中证军工,CNY,CN10Y
2018-01-26,8593.36,0.039365,65.61,-0.02412342097241274,399967,中证军工,CNY,CN10Y
2018-01-29,8446.79,0.039368,64.46,-0.023854503257834316,399967,中证军工,CNY,CN10Y
2018-01-30,8458.26,0.039292,64.55,-0.02380013323005422,399967,中证军工,CNY,CN10Y
2018-01-31,8235.71,0.03914,62.85,-0.023229101034208433,399967,中证军工,CNY,CN10Y
2018-02-01,7920.57,0.039066,60.44,-0.022520665784248838,399967,中证军工,CNY,CN10Y
2018-02-02,7937.97,0.0390919999999999,60.74,-0.022628384590055874,399967,中证军工,CNY,CN10Y
2018-02-05,7869.41,0.039167,60.3,-0.02258325207296849,399967,中证军工,CNY,CN10Y
2018-02-06,7407.19,0.038825,56.56,-0.021144660537482318,399967,中证军工,CNY,CN10Y
2018-02-07,7387.15,0.0387,56.38,-0.020963213905640297,399967,中证军工,CNY,CN10Y
2018-02-08,7531.67,0.038801,57.5,-0.021409695652173915,399967,中证军工,CNY,CN10Y
2018-02-09,7219.91,0.0388,55.01,-0.020621487002363208,399967,中证军工,CNY,CN10Y
2018-02-11,,0.038775,55.01,-0.020596487002363204,399967,中证军工,CNY,CN10Y
2018-02-12,7406.69,0.03875,56.36,-0.0210069198012775,399967,中证军工,CNY,CN10Y
2018-02-13,7450.1,0.0387,56.72,-0.02106953455571227,399967,中证军工,CNY,CN10Y
2018-02-14,7431.28,0.038702,56.58,-0.021027910215623894,399967,中证军工,CNY,CN10Y
2018-02-22,7554.03,0.038752,57.52,-0.021366742698191936,399967,中证军工,CNY,CN10Y
2018-02-23,7600.87,0.038702,57.83,-0.021409937056890888,399967,中证军工,CNY,CN10Y
2018-02-24,,0.038652,57.83,-0.021359937056890887,399967,中证军工,CNY,CN10Y
2018-02-26,7832.4,0.038452,59.65,-0.021687540653813914,399967,中证军工,CNY,CN10Y
2018-02-27,8025.86,0.038201,61.27,-0.021879798759588707,399967,中证军工,CNY,CN10Y
2018-02-28,8067.09,0.038202,61.66,-0.021984030489782678,399967,中证军工,CNY,CN10Y
2018-03-01,8171.73,0.038201,62.51,-0.022203559590465525,399967,中证军工,CNY,CN10Y
2018-03-02,8135.58,0.038352,62.19,-0.02227224441228493,399967,中证军工,CNY,CN10Y
2018-03-05,8264.99,0.038453,63.23,-0.022637722441878855,399967,中证军工,CNY,CN10Y
2018-03-06,8339.37,0.038253,65.47,-0.02297882862379716,399967,中证军工,CNY,CN10Y
2018-03-07,8223.41,0.038203,64.52,-0.022703929944203345,399967,中证军工,CNY,CN10Y
2018-03-08,8238.4,0.038203,64.68,-0.02274227025355597,399967,中证军工,CNY,CN10Y
2018-03-09,8388.52,0.038278,65.8,-0.023080431610942247,399967,中证军工,CNY,CN10Y
2018-03-12,8535.26,0.038243,66.99,-0.02331539886550231,399967,中证军工,CNY,CN10Y
2018-03-13,8441.41,0.038362,66.19,-0.023253977640126905,399967,中证军工,CNY,CN10Y
2018-03-14,8254.32,0.038413,64.69,-0.022954660225691762,399967,中证军工,CNY,CN10Y
2018-03-15,8273.09,0.038257,64.84,-0.02283442134484886,399967,中证军工,CNY,CN10Y
2018-03-16,8206.76,0.038154,64.3,-0.022601900466562984,399967,中证军工,CNY,CN10Y
2018-03-19,8289.55,0.038104,64.93,-0.022702798706299092,399967,中证军工,CNY,CN10Y
2018-03-20,8328.59,0.037906,65.17,-0.022561516341875098,399967,中证军工,CNY,CN10Y
2018-03-21,8354.93,0.03763,65.6,-0.022386097560975607,399967,中证军工,CNY,CN10Y
2018-03-22,8296.42,0.03748,65.2,-0.022142576687116562,399967,中证军工,CNY,CN10Y
2018-03-23,7992.62,0.0370049999999999,62.78,-0.02107636030582978,399967,中证军工,CNY,CN10Y
2018-03-26,8397.13,0.037307,65.96,-0.02214629654335961,399967,中证军工,CNY,CN10Y
2018-03-27,8654.69,0.037432,67.87,-0.022697949609547664,399967,中证军工,CNY,CN10Y
2018-03-28,8580.97,0.037406,67.29,-0.022544950809927182,399967,中证军工,CNY,CN10Y
2018-03-29,8543.59,0.037456,66.99,-0.022528398865502314,399967,中证军工,CNY,CN10Y
2018-03-30,8827.51,0.0374069999999999,69.24,-0.02296448122472549,399967,中证军工,CNY,CN10Y
2018-04-02,9022.02,0.037357,70.62,-0.023196705465873692,399967,中证军工,CNY,CN10Y
2018-04-03,8957.47,0.037507,70.16,-0.023253864310148233,399967,中证军工,CNY,CN10Y
2018-04-04,8917.75,0.0372339999999999,69.9,-0.02292784835479246,399967,中证军工,CNY,CN10Y
2018-04-08,,0.037008,69.9,-0.02270184835479256,399967,中证军工,CNY,CN10Y
2018-04-09,9136.2,0.036959,71.49,-0.02297102965449713,399967,中证军工,CNY,CN10Y
2018-04-10,8927.81,0.037159,69.92,-0.022856940503432493,399967,中证军工,CNY,CN10Y
2018-04-11,8933.5,0.037109,69.97,-0.022817160640274406,399967,中证军工,CNY,CN10Y
2018-04-12,8847.49,0.037109,69.25,-0.022668566787003613,399967,中证军工,CNY,CN10Y
2018-04-13,8881.68,0.037062,69.63,-0.022700374263966677,399967,中证军工,CNY,CN10Y
2018-04-16,8961.83,0.0365609999999999,70.22,-0.022320043007690017,399967,中证军工,CNY,CN10Y
2018-04-17,8794.27,0.0365119999999999,68.88,-0.02199399767711953,399967,中证军工,CNY,CN10Y
2018-04-18,9077.03,0.035013,71.04,-0.020936423423423427,399967,中证军工,CNY,CN10Y
2018-04-19,9261.5,0.035064,72.45,-0.021261377501725326,399967,中证军工,CNY,CN10Y
2018-04-20,9193.1,0.035215,71.97,-0.021320321661803532,399967,中证军工,CNY,CN10Y
2018-04-23,8824.64,0.036019,69.04,-0.021534643105446123,399967,中证军工,CNY,CN10Y
2018-04-24,9030.83,0.035855,70.59,-0.021688687491146053,399967,中证军工,CNY,CN10Y
2018-04-25,9041.65,0.036118,70.65,-0.02196371832979476,399967,中证军工,CNY,CN10Y
2018-04-26,8898.89,0.036344,68.06,-0.021651081986482516,399967,中证军工,CNY,CN10Y
2018-04-27,8750.92,0.036364,66.78,-0.021389456723569934,399967,中证军工,CNY,CN10Y
2018-04-28,,0.036217,66.78,-0.021242456723569933,399967,中证军工,CNY,CN10Y
2018-05-02,8663.57,0.036665,68.54,-0.022074979573971407,399967,中证军工,CNY,CN10Y
2018-05-03,8670.1,0.036467,68.6,-0.02188974052478134,399967,中证军工,CNY,CN10Y
2018-05-04,8682.79,0.036319,68.75,-0.02177354545454545,399967,中证军工,CNY,CN10Y
2018-05-07,8774.55,0.036518,69.46,-0.02212122487762741,399967,中证军工,CNY,CN10Y
2018-05-08,8822.53,0.036922,69.85,-0.022605607730851827,399967,中证军工,CNY,CN10Y
2018-05-09,8771.61,0.0370739999999999,69.4,-0.022664778097982608,399967,中证军工,CNY,CN10Y
2018-05-10,8660.35,0.036924,68.57,-0.022340362840892518,399967,中证军工,CNY,CN10Y
2018-05-11,8576.56,0.036882,67.95,-0.022165296541574685,399967,中证军工,CNY,CN10Y
2018-05-14,8400.92,0.036937,66.58,-0.0219174746170021,399967,中证军工,CNY,CN10Y
2018-05-15,8534.54,0.037151,67.57,-0.02235153278081989,399967,中证军工,CNY,CN10Y
2018-05-16,8530.49,0.037076,67.56,-0.022274342214328002,399967,中证军工,CNY,CN10Y
2018-05-17,8450.47,0.03712,66.93,-0.022179016883310924,399967,中证军工,CNY,CN10Y
2018-05-18,8469.6,0.037099,67.08,-0.02219142695289207,399967,中证军工,CNY,CN10Y
2018-05-21,8588.96,0.036939,67.96,-0.022224462036492053,399967,中证军工,CNY,CN10Y
2018-05-22,8571.7,0.0366999999999999,67.83,-0.021957260799056362,399967,中证军工,CNY,CN10Y
2018-05-23,8540.96,0.0364,67.58,-0.02160272269902338,399967,中证军工,CNY,CN10Y
2018-05-24,8447.85,0.036501,66.76,-0.021521970641102457,399967,中证军工,CNY,CN10Y
2018-05-25,8382.03,0.036126,66.29,-0.021040768441695577,399967,中证军工,CNY,CN10Y
2018-05-28,8177.73,0.036101,63.93,-0.02045889144376662,399967,中证军工,CNY,CN10Y
2018-05-29,8097.38,0.036001,63.29,-0.020200715594880705,399967,中证军工,CNY,CN10Y
2018-05-30,7888.29,0.035976,61.64,-0.019752768332251786,399967,中证军工,CNY,CN10Y
2018-05-31,7877.03,0.0361289999999999,61.59,-0.01989259798668605,399967,中证军工,CNY,CN10Y
2018-06-01,7762.0,0.036202,60.76,-0.01974380381830151,399967,中证军工,CNY,CN10Y
2018-06-04,7721.58,0.036532,60.43,-0.01998392785040543,399967,中证军工,CNY,CN10Y
2018-06-05,7888.17,0.036602,61.41,-0.02031800716495685,399967,中证军工,CNY,CN10Y
2018-06-06,7878.87,0.036602,61.42,-0.0203206584174536,399967,中证军工,CNY,CN10Y
2018-06-07,7764.39,0.036702,60.55,-0.020186723369116432,399967,中证军工,CNY,CN10Y
2018-06-08,7616.21,0.036453,59.35,-0.019603800336983994,399967,中证军工,CNY,CN10Y
2018-06-11,7572.39,0.036502,56.88,-0.018921127988748242,399967,中证军工,CNY,CN10Y
2018-06-12,7623.17,0.036853,57.21,-0.01937353836741828,399967,中证军工,CNY,CN10Y
2018-06-13,7445.99,0.036627,55.86,-0.01872510239885428,399967,中证军工,CNY,CN10Y
2018-06-14,7352.56,0.036227,55.2,-0.018111057971014494,399967,中证军工,CNY,CN10Y
2018-06-15,7165.02,0.036028,53.73,-0.017416423599478873,399967,中证军工,CNY,CN10Y
2018-06-18,7165.02,0.036028,53.73,-0.017416423599478873,399967,中证军工,CNY,CN10Y
2018-06-19,6755.75,0.0356029999999999,50.79,-0.015914084859224156,399967,中证军工,CNY,CN10Y
2018-06-20,6942.99,0.036054,52.21,-0.01690058111472898,399967,中证军工,CNY,CN10Y
2018-06-21,6754.3,0.035753,50.8,-0.01606796062992126,399967,中证军工,CNY,CN10Y
2018-06-22,6878.28,0.035604,51.75,-0.016280328502415457,399967,中证军工,CNY,CN10Y
2018-06-25,6829.2,0.035803,51.46,-0.016370431014380103,399967,中证军工,CNY,CN10Y
2018-06-26,7018.38,0.035804,52.69,-0.016825066616056178,399967,中证军工,CNY,CN10Y
2018-06-27,7008.76,0.035529,52.62,-0.01652481908019764,399967,中证军工,CNY,CN10Y
2018-06-28,6944.87,0.035304,51.94,-0.016051015787447054,399967,中证军工,CNY,CN10Y
2018-06-29,7190.38,0.034756,53.74,-0.01614788686267213,399967,中证军工,CNY,CN10Y
2018-07-02,7147.5,0.034668,53.43,-0.015951922889762302,399967,中证军工,CNY,CN10Y
2018-07-03,7433.28,0.034955,55.64,-0.016982318475916608,399967,中证军工,CNY,CN10Y
2018-07-04,7324.65,0.035107,54.86,-0.01687878271965002,399967,中证军工,CNY,CN10Y
2018-07-05,7171.67,0.035005,53.68,-0.01637608792846498,399967,中证军工,CNY,CN10Y
2018-07-06,7257.99,0.035259,54.34,-0.01685635001840265,399967,中证军工,CNY,CN10Y
2018-07-09,7412.14,0.035432,55.5,-0.01741398198198198,399967,中证军工,CNY,CN10Y
2018-07-10,7458.08,0.035431,55.87,-0.01753230660461786,399967,中证军工,CNY,CN10Y
2018-07-11,7251.87,0.035107,54.37,-0.01671450413831157,399967,中证军工,CNY,CN10Y
2018-07-12,7437.17,0.035158,55.72,-0.017211122756640346,399967,中证军工,CNY,CN10Y
2018-07-13,7402.33,0.034858,55.36,-0.016794416184971097,399967,中证军工,CNY,CN10Y
2018-07-16,7497.06,0.034808,56.07,-0.016973150704476546,399967,中证军工,CNY,CN10Y
2018-07-17,7478.74,0.034808,55.97,-0.016941285688761836,399967,中证军工,CNY,CN10Y
2018-07-18,7361.32,0.034708,55.08,-0.016552589687726944,399967,中证军工,CNY,CN10Y
2018-07-19,7219.22,0.034409,54.02,-0.01589733765272122,399967,中证军工,CNY,CN10Y
2018-07-20,7371.49,0.035135,55.13,-0.016996055686559042,399967,中证军工,CNY,CN10Y
2018-07-23,7659.28,0.035186,57.37,-0.01775528708384173,399967,中证军工,CNY,CN10Y
2018-07-24,7713.0,0.035615,57.82,-0.018319946385333796,399967,中证军工,CNY,CN10Y
2018-07-25,7705.16,0.035614,57.7,-0.01828297746967071,399967,中证军工,CNY,CN10Y
2018-07-26,7603.94,0.035361,56.93,-0.017795568768663266,399967,中证军工,CNY,CN10Y
2018-07-27,7565.48,0.035212,56.67,-0.01756597917769543,399967,中证军工,CNY,CN10Y
2018-07-30,7518.3,0.035213,56.29,-0.017447855214069996,399967,中证军工,CNY,CN10Y
2018-07-31,7482.84,0.0348119999999999,56.14,-0.016999388671179092,399967,中证军工,CNY,CN10Y
2018-08-01,7257.31,0.034638,54.45,-0.016272527089072546,399967,中证军工,CNY,CN10Y
2018-08-02,6969.68,0.034713,52.23,-0.015566915374305955,399967,中证军工,CNY,CN10Y
2018-08-03,6878.09,0.034567,51.58,-0.015179640558355953,399967,中证军工,CNY,CN10Y
2018-08-06,6715.19,0.034568,50.35,-0.014707026812313805,399967,中证军工,CNY,CN10Y
2018-08-07,6891.85,0.034876,51.65,-0.015514915779283638,399967,中证军工,CNY,CN10Y
2018-08-08,6761.21,0.035222,50.75,-0.015517566502463057,399967,中证军工,CNY,CN10Y
2018-08-09,7012.32,0.035476,52.55,-0.016446504281636538,399967,中证军工,CNY,CN10Y
2018-08-10,7078.74,0.035525,53.02,-0.01666419275745002,399967,中证军工,CNY,CN10Y
2018-08-13,7201.02,0.035826,53.87,-0.017262792277705583,399967,中证军工,CNY,CN10Y
2018-08-14,7115.67,0.0355189999999999,53.23,-0.0167326013526206,399967,中证军工,CNY,CN10Y
2018-08-15,7029.11,0.035829,52.59,-0.016813978132724852,399967,中证军工,CNY,CN10Y
2018-08-16,6937.1,0.036141,51.9,-0.01687317726396917,399967,中证军工,CNY,CN10Y
2018-08-17,6850.23,0.036524,51.23,-0.017004187390201052,399967,中证军工,CNY,CN10Y
2018-08-20,6945.88,0.036326,51.9,-0.017058177263969167,399967,中证军工,CNY,CN10Y
2018-08-21,7030.56,0.0363,52.56,-0.017274124809741248,399967,中证军工,CNY,CN10Y
2018-08-22,6991.66,0.0360749999999999,52.3,-0.016954541108986514,399967,中证军工,CNY,CN10Y
2018-08-23,7050.53,0.036101,52.74,-0.017140059537353054,399967,中证军工,CNY,CN10Y
2018-08-24,6971.59,0.036278,52.12,-0.017091507290867225,399967,中证军工,CNY,CN10Y
2018-08-27,7198.52,0.036303,53.78,-0.01770872703607289,399967,中证军工,CNY,CN10Y
2018-08-28,7271.54,0.036101,54.31,-0.017688184680537657,399967,中证军工,CNY,CN10Y
2018-08-29,7262.99,0.036101,54.3,-0.01768479373848987,399967,中证军工,CNY,CN10Y
2018-08-30,7124.37,0.035801,53.37,-0.01706388176878396,399967,中证军工,CNY,CN10Y
2018-08-31,7098.01,0.035751,53.16,-0.016939863807373962,399967,中证军工,CNY,CN10Y
2018-09-03,7249.59,0.035951,50.02,-0.015958996801279487,399967,中证军工,CNY,CN10Y
2018-09-04,7508.73,0.036101,51.76,-0.016781061823802165,399967,中证军工,CNY,CN10Y
2018-09-05,7439.34,0.036101,51.32,-0.016615419329696027,399967,中证军工,CNY,CN10Y
2018-09-06,7510.15,0.036101,51.69,-0.01675489823950474,399967,中证军工,CNY,CN10Y
2018-09-07,7426.44,0.036301,51.14,-0.016746834962847085,399967,中证军工,CNY,CN10Y
2018-09-10,7284.09,0.036551,50.17,-0.016618769583416387,399967,中证军工,CNY,CN10Y
2018-09-11,7408.2,0.036751,51.03,-0.01715468410738781,399967,中证军工,CNY,CN10Y
2018-09-12,7479.81,0.036551,51.59,-0.01716739852684629,399967,中证军工,CNY,CN10Y
2018-09-13,7635.54,0.036526,52.66,-0.017536254462590203,399967,中证军工,CNY,CN10Y
2018-09-14,7396.5,0.036351,50.98,-0.016735464495880738,399967,中证军工,CNY,CN10Y
2018-09-17,7314.66,0.036327,50.44,-0.01650146471054718,399967,中证军工,CNY,CN10Y
2018-09-18,7424.16,0.036452,51.18,-0.0169131176240719,399967,中证军工,CNY,CN10Y
2018-09-19,7533.92,0.0367269999999999,51.93,-0.017470308299634023,399967,中证军工,CNY,CN10Y
2018-09-20,7419.69,0.037003,51.18,-0.017464117624071903,399967,中证军工,CNY,CN10Y
2018-09-21,7441.58,0.036752,51.28,-0.01725121996879875,399967,中证军工,CNY,CN10Y
2018-09-25,7502.24,0.0367539999999999,51.73,-0.01742285752947989,399967,中证军工,CNY,CN10Y
2018-09-26,7513.45,0.036503,51.83,-0.01720915473663901,399967,中证军工,CNY,CN10Y
2018-09-27,7386.24,0.036253,50.99,-0.016641311433614435,399967,中证军工,CNY,CN10Y
2018-09-28,7390.68,0.036154,50.98,-0.016538464495880735,399967,中证军工,CNY,CN10Y
2018-09-29,,0.036104,50.98,-0.016488464495880734,399967,中证军工,CNY,CN10Y
2018-09-30,,0.036103,50.98,-0.01648746449588074,399967,中证军工,CNY,CN10Y
2018-10-08,7154.35,0.036155,49.44,-0.015928462783171518,399967,中证军工,CNY,CN10Y
2018-10-09,6962.66,0.036156,48.05,-0.015344345473465141,399967,中证军工,CNY,CN10Y
2018-10-10,7011.95,0.036156,48.48,-0.015528937293729374,399967,中证军工,CNY,CN10Y
2018-10-11,6507.83,0.035806,45.22,-0.013691891198584695,399967,中证军工,CNY,CN10Y
2018-10-12,6606.92,0.035831,45.98,-0.014082413658112223,399967,中证军工,CNY,CN10Y
2018-10-15,6561.35,0.035857,45.74,-0.013994297770004372,399967,中证军工,CNY,CN10Y
2018-10-16,6434.6,0.035757,44.95,-0.01351005895439377,399967,中证军工,CNY,CN10Y
2018-10-17,6450.79,0.035807,44.95,-0.013560058954393772,399967,中证军工,CNY,CN10Y
2018-10-18,6280.81,0.035508,43.81,-0.012682161150422276,399967,中证军工,CNY,CN10Y
2018-10-19,6427.86,0.0356579999999999,44.77,-0.013321614027250291,399967,中证军工,CNY,CN10Y
2018-10-22,6751.83,0.03591,46.98,-0.014624346530438481,399967,中证军工,CNY,CN10Y
2018-10-23,6641.73,0.035709,46.29,-0.014106062000432056,399967,中证军工,CNY,CN10Y
2018-10-24,6651.67,0.035409,46.34,-0.013829371169615887,399967,中证军工,CNY,CN10Y
2018-10-25,6555.62,0.035409,45.72,-0.013536734033245845,399967,中证军工,CNY,CN10Y
2018-10-26,6526.32,0.03541,45.54,-0.013451282389108473,399967,中证军工,CNY,CN10Y
2018-10-29,6441.44,0.0351109999999999,44.94,-0.012859108589229982,399967,中证军工,CNY,CN10Y
2018-10-30,6467.67,0.035161,45.13,-0.013002790383337025,399967,中证军工,CNY,CN10Y
2018-10-31,6551.85,0.035086,45.71,-0.013208949026471233,399967,中证军工,CNY,CN10Y
2018-11-01,6650.38,0.0349359999999999,44.72,-0.012574640429338,399967,中证军工,CNY,CN10Y
2018-11-02,6824.98,0.035461,45.85,-0.013650749182115594,399967,中证军工,CNY,CN10Y
2018-11-05,6858.5,0.035312,46.03,-0.01358703801868347,399967,中证军工,CNY,CN10Y
2018-11-06,6830.01,0.035113,45.83,-0.013293231289548329,399967,中证军工,CNY,CN10Y
2018-11-07,6777.69,0.034813,45.45,-0.012810799779977997,399967,中证军工,CNY,CN10Y
2018-11-08,6684.88,0.034813,44.79,-0.01248658785443179,399967,中证军工,CNY,CN10Y
2018-11-09,6690.16,0.034763,44.83,-0.01245650881106402,399967,中证军工,CNY,CN10Y
2018-11-12,6824.4,0.034865,45.67,-0.012968788044668274,399967,中证军工,CNY,CN10Y
2018-11-13,6890.1,0.03474,46.06,-0.013029188015631785,399967,中证军工,CNY,CN10Y
2018-11-14,6845.54,0.034218,45.74,-0.01235529777000437,399967,中证军工,CNY,CN10Y
2018-11-15,7008.93,0.033915,46.9,-0.012593038379530918,399967,中证军工,CNY,CN10Y
2018-11-16,7004.0,0.033515,46.83,-0.012161166986974163,399967,中证军工,CNY,CN10Y
2018-11-19,7015.2,0.033772,46.93,-0.012463668442360968,399967,中证军工,CNY,CN10Y
2018-11-20,6973.62,0.033771,46.65,-0.012334772775991428,399967,中证军工,CNY,CN10Y
2018-11-21,6960.44,0.0337159999999999,46.49,-0.012205997848999686,399967,中证军工,CNY,CN10Y
2018-11-22,6952.86,0.033917,46.45,-0.012388474703982782,399967,中证军工,CNY,CN10Y
2018-11-23,6683.04,0.033917,44.72,-0.011555640429338106,399967,中证军工,CNY,CN10Y
2018-11-26,6689.99,0.034151,44.78,-0.011819602054488614,399967,中证军工,CNY,CN10Y
2018-11-27,6768.48,0.034,45.28,-0.011915194346289754,399967,中证军工,CNY,CN10Y
2018-11-28,6833.7,0.0337,45.69,-0.01181337272926242,399967,中证军工,CNY,CN10Y
2018-11-29,6725.55,0.0336,45.01,-0.011382714952232833,399967,中证军工,CNY,CN10Y
2018-11-30,6772.93,0.0335499999999999,45.36,-0.011504144620811188,399967,中证军工,CNY,CN10Y
2018-12-03,6947.87,0.0335,46.45,-0.011971474703982781,399967,中证军工,CNY,CN10Y
2018-12-04,6912.33,0.03305,46.16,-0.01138622183708839,399967,中证军工,CNY,CN10Y
2018-12-05,6849.62,0.03275,45.75,-0.010892076502732242,399967,中证军工,CNY,CN10Y
2018-12-06,6790.44,0.032751,45.38,-0.010714860731599829,399967,中证军工,CNY,CN10Y
2018-12-07,6790.76,0.032853,45.39,-0.01082171557611809,399967,中证军工,CNY,CN10Y
2018-12-10,6682.4,0.032678,44.64,-0.010276566308243727,399967,中证军工,CNY,CN10Y
2018-12-11,6715.49,0.032652,44.85,-0.010355455964325532,399967,中证军工,CNY,CN10Y
2018-12-12,6707.31,0.032703,44.82,-0.01039153190539938,399967,中证军工,CNY,CN10Y
2018-12-13,6791.02,0.033311,45.37,-0.011270003746969362,399967,中证军工,CNY,CN10Y
2018-12-14,6646.4,0.033468,44.45,-0.010970812148481439,399967,中证军工,CNY,CN10Y
2018-12-17,6667.36,0.033713,44.1,-0.011037263038548753,399967,中证军工,CNY,CN10Y
2018-12-18,6608.63,0.033714,43.78,-0.010872519872087712,399967,中证军工,CNY,CN10Y
2018-12-19,6517.7,0.033412,43.18,-0.010253130152848539,399967,中证军工,CNY,CN10Y
2018-12-20,6487.1,0.033003,42.93,-0.009709266014442112,399967,中证军工,CNY,CN10Y
2018-12-21,6399.3,0.033168,42.35,-0.009555249114521845,399967,中证军工,CNY,CN10Y
2018-12-24,6476.36,0.033483,42.89,-0.010167541851247377,399967,中证军工,CNY,CN10Y
2018-12-25,6442.55,0.033113,42.69,-0.009688310377137497,399967,中证军工,CNY,CN10Y
2018-12-26,6384.69,0.033011,42.28,-0.009359155156102174,399967,中证军工,CNY,CN10Y
2018-12-27,6345.92,0.032709,42.05,-0.008927787158145066,399967,中证军工,CNY,CN10Y
2018-12-28,6362.2,0.032315,42.27,-0.008657559735036673,399967,中证军工,CNY,CN10Y
2018-12-29,,0.032265,42.27,-0.008607559735036671,399967,中证军工,CNY,CN10Y
2018-12-30,,0.032265,42.27,-0.008607559735036671,399967,中证军工,CNY,CN10Y
2018-12-31,,0.032265,42.27,-0.008607559735036671,399967,中证军工,CNY,CN10Y
2019-01-02,6404.64,0.031734,42.47,-0.008187967506475158,399967,中证军工,CNY,CN10Y
2019-01-03,6535.18,0.03141,43.31,-0.008320644193027017,399967,中证军工,CNY,CN10Y
2019-01-04,6683.22,0.031513,44.29,-0.008934539850982161,399967,中证军工,CNY,CN10Y
2019-01-07,6921.22,0.031507,45.81,-0.009677705086225716,399967,中证军工,CNY,CN10Y
2019-01-08,6825.04,0.031211,45.21,-0.009091999778809999,399967,中证军工,CNY,CN10Y
2019-01-09,6771.9,0.0311059999999999,44.84,-0.00880448349687769,399967,中证军工,CNY,CN10Y
2019-01-10,6767.94,0.031006,44.82,-0.008694531905399375,399967,中证军工,CNY,CN10Y
2019-01-11,6883.11,0.031058,45.52,-0.00908963444639719,399967,中证军工,CNY,CN10Y
2019-01-14,6812.77,0.031297,45.09,-0.009119133510756265,399967,中证军工,CNY,CN10Y
2019-01-15,6876.58,0.031383,45.49,-0.00940014662563201,399967,中证军工,CNY,CN10Y
2019-01-16,6809.41,0.030745,45.02,-0.008532649933362953,399967,中证军工,CNY,CN10Y
2019-01-17,6734.33,0.03076,44.6,-0.00833847533632287,399967,中证军工,CNY,CN10Y
2019-01-18,6788.71,0.03091,44.98,-0.00867789684304135,399967,中证军工,CNY,CN10Y
2019-01-21,6834.96,0.031037,45.25,-0.008937552486187845,399967,中证军工,CNY,CN10Y
2019-01-22,6724.37,0.031071,44.54,-0.0086192712168837,399967,中证军工,CNY,CN10Y
2019-01-23,6734.94,0.03119,44.63,-0.008783546941519157,399967,中证军工,CNY,CN10Y
2019-01-24,6813.82,0.031338,45.14,-0.009184699158174565,399967,中证军工,CNY,CN10Y
2019-01-25,6757.9,0.031398,44.82,-0.009086531905399379,399967,中证军工,CNY,CN10Y
2019-01-28,6733.41,0.031397,44.58,-0.008965416330192912,399967,中证军工,CNY,CN10Y
2019-01-29,6620.18,0.031246,43.85,-0.008440982896237171,399967,中证军工,CNY,CN10Y
2019-01-30,6642.77,0.0311509999999999,43.93,-0.00838751263373539,399967,中证军工,CNY,CN10Y
2019-01-31,6564.84,0.031037,43.45,-0.008022040276179518,399967,中证军工,CNY,CN10Y
2019-02-01,6716.83,0.031032,44.4,-0.008509477477477476,399967,中证军工,CNY,CN10Y
2019-02-02,,0.030978,44.4,-0.008455477477477474,399967,中证军工,CNY,CN10Y
2019-02-03,,0.0309669999999999,44.4,-0.008444477477477376,399967,中证军工,CNY,CN10Y
2019-02-11,6878.3,0.03067,45.4,-0.008643568281938324,399967,中证军工,CNY,CN10Y
2019-02-12,6927.81,0.030748,45.74,-0.008885297770004373,399967,中证军工,CNY,CN10Y
2019-02-13,7061.42,0.030719,46.64,-0.00927817667238422,399967,中证军工,CNY,CN10Y
2019-02-14,7087.25,0.030726,46.87,-0.00939039086835929,399967,中证军工,CNY,CN10Y
2019-02-15,7020.45,0.030794,46.38,-0.009232982319965503,399967,中证军工,CNY,CN10Y
2019-02-18,7295.3,0.031094,48.15,-0.010325568016614745,399967,中证军工,CNY,CN10Y
2019-02-19,7383.03,0.031279,48.64,-0.01071978947368421,399967,中证军工,CNY,CN10Y
2019-02-20,7365.38,0.031196,48.6,-0.010619868312757203,399967,中证军工,CNY,CN10Y
2019-02-21,7286.44,0.031361,47.96,-0.010510291075896582,399967,中证军工,CNY,CN10Y
2019-02-22,7431.54,0.031451,48.87,-0.010988548598322077,399967,中证军工,CNY,CN10Y
2019-02-25,7886.51,0.031787,51.87,-0.012508033352612302,399967,中证军工,CNY,CN10Y
2019-02-26,7781.44,0.031878,51.31,-0.012388621711167412,399967,中证军工,CNY,CN10Y
2019-02-27,7870.44,0.0316889999999999,51.91,-0.01242488903872076,399967,中证军工,CNY,CN10Y
2019-02-28,7852.8,0.0317309999999999,51.77,-0.012414793702916645,399967,中证军工,CNY,CN10Y
2019-03-01,7888.22,0.0318699999999999,52.06,-0.012661394544755952,399967,中证军工,CNY,CN10Y
2019-03-04,8007.44,0.032023,52.92,-0.013126552532123963,399967,中证军工,CNY,CN10Y
2019-03-05,8195.12,0.032149,53.93,-0.013606444835898384,399967,中证军工,CNY,CN10Y
2019-03-06,8215.08,0.032021,53.97,-0.013492187696868631,399967,中证军工,CNY,CN10Y
2019-03-07,8183.92,0.031572,53.67,-0.01293961691820384,399967,中证军工,CNY,CN10Y
2019-03-08,7959.05,0.031423,51.97,-0.012181129690205888,399967,中证军工,CNY,CN10Y
2019-03-11,8233.07,0.031374,53.77,-0.012776268923191371,399967,中证军工,CNY,CN10Y
2019-03-12,8522.57,0.031424,55.53,-0.013415716189447147,399967,中证军工,CNY,CN10Y
2019-03-13,8328.29,0.031375,54.29,-0.012955401547246271,399967,中证军工,CNY,CN10Y
2019-03-14,8118.34,0.031475,52.94,-0.01258569134869664,399967,中证军工,CNY,CN10Y
2019-03-15,8089.51,0.031376,52.79,-0.012433018374692177,399967,中证军工,CNY,CN10Y
2019-03-18,8238.9,0.031377,53.83,-0.012799998328069852,399967,中证军工,CNY,CN10Y
2019-03-19,8357.63,0.031377,54.6,-0.013061981684981686,399967,中证军工,CNY,CN10Y
2019-03-20,8250.07,0.031453,53.91,-0.01290356575774439,399967,中证军工,CNY,CN10Y
2019-03-21,8304.89,0.031291,54.25,-0.012857820276497695,399967,中证军工,CNY,CN10Y
2019-03-22,8333.8,0.03108,54.45,-0.012714527089072544,399967,中证军工,CNY,CN10Y
2019-03-25,8691.15,0.030831,56.91,-0.013259395712528554,399967,中证军工,CNY,CN10Y
2019-03-26,8262.43,0.030633,54.18,-0.012176004798818751,399967,中证军工,CNY,CN10Y
2019-03-27,8186.68,0.030882,53.8,-0.01229463940520446,399967,中证军工,CNY,CN10Y
2019-03-28,8119.88,0.030634,53.42,-0.011914419318607265,399967,中证军工,CNY,CN10Y
2019-03-29,8451.65,0.030683,55.69,-0.012726454839288918,399967,中证军工,CNY,CN10Y
2019-04-01,8850.67,0.031332,58.55,-0.01425258070025619,399967,中证军工,CNY,CN10Y
2019-04-02,8899.17,0.031681,58.93,-0.014711714406923468,399967,中证军工,CNY,CN10Y
2019-04-03,8958.63,0.032331,59.36,-0.015484638814016172,399967,中证军工,CNY,CN10Y
2019-04-04,8977.27,0.032679,59.49,-0.015869452176836444,399967,中证军工,CNY,CN10Y
2019-04-08,8839.72,0.032482,58.68,-0.015440418541240623,399967,中证军工,CNY,CN10Y
2019-04-09,8820.53,0.0328819999999999,58.3,-0.015729341337907272,399967,中证军工,CNY,CN10Y
2019-04-10,8751.81,0.032932,57.91,-0.015663825246071492,399967,中证军工,CNY,CN10Y
2019-04-11,8582.34,0.032784,56.73,-0.015156642340913098,399967,中证军工,CNY,CN10Y
2019-04-12,8544.66,0.033334,56.58,-0.015659910215623896,399967,中证军工,CNY,CN10Y
2019-04-15,8517.37,0.033736,56.38,-0.0159992139056403,399967,中证军工,CNY,CN10Y
2019-04-16,8651.19,0.033937,57.25,-0.01646975109170306,399967,中证军工,CNY,CN10Y
2019-04-17,8677.62,0.033938,57.48,-0.016540644398051498,399967,中证军工,CNY,CN10Y
2019-04-18,8734.98,0.033589,58.01,-0.016350592828822615,399967,中证军工,CNY,CN10Y
2019-04-19,8713.94,0.033741,57.86,-0.016457902868994123,399967,中证军工,CNY,CN10Y
2019-04-22,8621.11,0.034091,57.22,-0.016614593149248517,399967,中证军工,CNY,CN10Y
2019-04-23,8314.62,0.033993,55.12,-0.015850764876632804,399967,中证军工,CNY,CN10Y
2019-04-24,8390.15,0.034343,55.5,-0.01632498198198198,399967,中证军工,CNY,CN10Y
2019-04-25,8051.44,0.034193,53.33,-0.015441828051753235,399967,中证军工,CNY,CN10Y
2019-04-26,8010.76,0.034043,53.0,-0.01517507547169811,399967,中证军工,CNY,CN10Y
2019-04-28,,0.034043,53.0,-0.01517507547169811,399967,中证军工,CNY,CN10Y
2019-04-29,7784.33,0.034268,51.52,-0.014858062111801244,399967,中证军工,CNY,CN10Y
2019-04-30,7852.32,0.0338689999999999,52.03,-0.014649319046703725,399967,中证军工,CNY,CN10Y
2019-05-05,,0.033849,52.03,-0.014629319046703823,399967,中证军工,CNY,CN10Y
2019-05-06,7278.3,0.0335499999999999,51.83,-0.01425615473663891,399967,中证军工,CNY,CN10Y
2019-05-07,7343.42,0.033551,52.31,-0.014434196329573695,399967,中证军工,CNY,CN10Y
2019-05-08,7371.27,0.033426,52.29,-0.01430188449034232,399967,中证军工,CNY,CN10Y
2019-05-09,7391.05,0.033116,52.44,-0.014046587337909991,399967,中证军工,CNY,CN10Y
2019-05-10,7718.33,0.033017,54.59,-0.014698626671551564,399967,中证军工,CNY,CN10Y
2019-05-13,7642.6,0.032709,54.08,-0.014217875739644972,399967,中证军工,CNY,CN10Y
2019-05-14,7617.35,0.032859,53.85,-0.014288897864438255,399967,中证军工,CNY,CN10Y
2019-05-15,7692.29,0.032762,54.38,-0.014372886355277677,399967,中证军工,CNY,CN10Y
2019-05-16,7762.02,0.032662,54.09,-0.014174294324274354,399967,中证军工,CNY,CN10Y
2019-05-17,7514.23,0.032665,51.21,-0.013137563952353055,399967,中证军工,CNY,CN10Y
2019-05-20,7677.8,0.032717,52.14,-0.013537866896816266,399967,中证军工,CNY,CN10Y
2019-05-21,7759.7,0.03299,52.7,-0.014014667931688804,399967,中证军工,CNY,CN10Y
2019-05-22,7738.09,0.033264,52.52,-0.014223634424980963,399967,中证军工,CNY,CN10Y
2019-05-23,7624.35,0.0331,51.77,-0.013783793702916745,399967,中证军工,CNY,CN10Y
2019-05-24,7427.93,0.033125,50.46,-0.013307322631787556,399967,中证军工,CNY,CN10Y
2019-05-27,7700.67,0.0335,52.2,-0.01434291187739464,399967,中证军工,CNY,CN10Y
2019-05-28,7715.16,0.0331,52.36,-0.014001451489686782,399967,中证军工,CNY,CN10Y
2019-05-29,7720.08,0.032875,52.35,-0.013772803247373448,399967,中证军工,CNY,CN10Y
2019-05-30,7647.89,0.03275,51.79,-0.013441253137671368,399967,中证军工,CNY,CN10Y
2019-05-31,7657.42,0.032751,51.86,-0.013468315850366373,399967,中证军工,CNY,CN10Y
2019-06-03,7547.58,0.032401,51.19,-0.012865934557530767,399967,中证军工,CNY,CN10Y
2019-06-04,7410.11,0.032101,50.24,-0.012196541401273884,399967,中证军工,CNY,CN10Y
2019-06-05,7365.34,0.0321,49.94,-0.012075971165398474,399967,中证军工,CNY,CN10Y
2019-06-06,7222.73,0.032136,49.05,-0.011748640163098876,399967,中证军工,CNY,CN10Y
2019-06-10,7273.77,0.032251,49.23,-0.011938182612228315,399967,中证军工,CNY,CN10Y
2019-06-11,7497.66,0.032651,50.71,-0.012931023663971603,399967,中证军工,CNY,CN10Y
2019-06-12,7424.08,0.032601,50.2,-0.012680681274900397,399967,中证军工,CNY,CN10Y
2019-06-13,7405.75,0.032451,50.04,-0.012466987210231813,399967,中证军工,CNY,CN10Y
2019-06-14,7349.42,0.032302,49.87,-0.012249864447563662,399967,中证军工,CNY,CN10Y
2019-06-17,7288.18,0.032252,50.14,-0.012307843637814123,399967,中证军工,CNY,CN10Y
2019-06-18,7246.26,0.032302,49.71,-0.01218532327499497,399967,中证军工,CNY,CN10Y
2019-06-19,7379.04,0.032427,50.62,-0.01267196246542868,399967,中证军工,CNY,CN10Y
2019-06-20,7508.51,0.032352,51.51,-0.012938293923509998,399967,中证军工,CNY,CN10Y
2019-06-21,7636.82,0.032303,52.32,-0.013189850152905198,399967,中证军工,CNY,CN10Y
2019-06-24,7624.37,0.0324529999999999,52.2,-0.013295911877394536,399967,中证军工,CNY,CN10Y
2019-06-25,7598.99,0.032353,52.06,-0.013144394544756053,399967,中证军工,CNY,CN10Y
2019-06-26,7694.19,0.0324529999999999,52.77,-0.013502838923630751,399967,中证军工,CNY,CN10Y
2019-06-27,7725.55,0.032553,52.92,-0.013656552532123958,399967,中证军工,CNY,CN10Y
2019-06-28,7619.1,0.032254,52.25,-0.013115244019138755,399967,中证军工,CNY,CN10Y
2019-07-01,7807.65,0.032254,53.47,-0.01355192406957172,399967,中证军工,CNY,CN10Y
2019-07-02,7901.63,0.0317039999999999,54.41,-0.013325025546774387,399967,中证军工,CNY,CN10Y
2019-07-03,7983.7,0.031554,55.39,-0.013500199675031594,399967,中证军工,CNY,CN10Y
2019-07-04,8076.7,0.031479,55.94,-0.01360270396853772,399967,中证军工,CNY,CN10Y
2019-07-05,8013.45,0.031705,55.38,-0.013647939689418562,399967,中证军工,CNY,CN10Y
2019-07-08,7753.89,0.031805,53.59,-0.013144802201903342,399967,中证军工,CNY,CN10Y
2019-07-09,7763.08,0.03168,53.68,-0.013051087928464978,399967,中证军工,CNY,CN10Y
2019-07-10,7742.96,0.031706,53.51,-0.013017904316950102,399967,中证军工,CNY,CN10Y
2019-07-11,7715.71,0.03168,53.33,-0.012928828051753233,399967,中证军工,CNY,CN10Y
2019-07-12,7702.66,0.0315309999999999,53.19,-0.012730473585260287,399967,中证军工,CNY,CN10Y
2019-07-15,7916.46,0.031782,54.69,-0.013497121594441393,399967,中证军工,CNY,CN10Y
2019-07-16,7916.07,0.031732,54.62,-0.013423688026363973,399967,中证军工,CNY,CN10Y
2019-07-17,7946.82,0.031757,54.82,-0.013515482305727838,399967,中证军工,CNY,CN10Y
2019-07-18,7791.01,0.031608,53.71,-0.012989493204245018,399967,中证军工,CNY,CN10Y
2019-07-19,7806.27,0.031559,53.81,-0.012975093662887936,399967,中证军工,CNY,CN10Y
2019-07-22,7595.41,0.031484,52.26,-0.012348906238040563,399967,中证军工,CNY,CN10Y
2019-07-23,7720.44,0.031484,53.09,-0.012648061028442268,399967,中证军工,CNY,CN10Y
2019-07-24,7857.3,0.0317099999999999,54.0,-0.01319148148148138,399967,中证军工,CNY,CN10Y
2019-07-25,7906.17,0.0316349999999999,54.32,-0.013225574374079428,399967,中证军工,CNY,CN10Y
2019-07-26,7980.75,0.031661,54.85,-0.013429459434822245,399967,中证军工,CNY,CN10Y
2019-07-29,8018.67,0.031836,55.14,-0.013700345302865437,399967,中证军工,CNY,CN10Y
2019-07-30,7991.18,0.031761,54.94,-0.013559325445941024,399967,中证军工,CNY,CN10Y
2019-07-31,8009.21,0.031552,55.06,-0.013389994914638572,399967,中证军工,CNY,CN10Y
2019-08-01,7926.63,0.031487,54.46,-0.01312489937568858,399967,中证军工,CNY,CN10Y
2019-08-02,7780.39,0.030914,53.36,-0.012173370314842578,399967,中证军工,CNY,CN10Y
2019-08-05,7734.69,0.0305629999999999,53.01,-0.011698634785889353,399967,中证军工,CNY,CN10Y
2019-08-06,7576.11,0.030613,51.84,-0.011322876543209879,399967,中证军工,CNY,CN10Y
2019-08-07,7449.12,0.030514,50.99,-0.010902311433614434,399967,中证军工,CNY,CN10Y
2019-08-08,7605.16,0.030465,52.46,-0.011402857415173464,399967,中证军工,CNY,CN10Y
2019-08-09,7438.69,0.030216,51.27,-0.010711416422859374,399967,中证军工,CNY,CN10Y
2019-08-12,7548.57,0.0303909999999999,52.0,-0.011160230769230669,399967,中证军工,CNY,CN10Y
2019-08-13,7534.19,0.030041,51.94,-0.010788015787447054,399967,中证军工,CNY,CN10Y
2019-08-14,7613.0,0.030105,52.68,-0.011122463933181472,399967,中证军工,CNY,CN10Y
2019-08-15,7616.5,0.030115,52.49,-0.011063752143265385,399967,中证军工,CNY,CN10Y
2019-08-16,7626.18,0.030217,52.47,-0.011158490375452641,399967,中证军工,CNY,CN10Y
2019-08-19,7866.32,0.030191,54.0,-0.011672481481481482,399967,中证军工,CNY,CN10Y
2019-08-20,7879.52,0.0303169999999999,54.14,-0.01184636830439591,399967,中证军工,CNY,CN10Y
2019-08-21,7886.32,0.030567,54.14,-0.012096368304396012,399967,中证军工,CNY,CN10Y
2019-08-22,7985.34,0.030543,54.79,-0.012291494250775688,399967,中证军工,CNY,CN10Y
2019-08-23,7928.54,0.030644,54.46,-0.01228189937568858,399967,中证军工,CNY,CN10Y
2019-08-26,7915.38,0.030494,54.4,-0.012111647058823529,399967,中证军工,CNY,CN10Y
2019-08-27,8066.19,0.03052,55.35,-0.012453152664859982,399967,中证军工,CNY,CN10Y
2019-08-28,8086.33,0.03052,55.5,-0.01250198198198198,399967,中证军工,CNY,CN10Y
2019-08-29,8137.56,0.0303209999999999,55.85,-0.012415897045657914,399967,中证军工,CNY,CN10Y
2019-08-30,8308.87,0.030573,56.98,-0.01302298244998245,399967,中证军工,CNY,CN10Y
2019-09-02,8706.56,0.0307229999999999,59.47,-0.013907799058348647,399967,中证军工,CNY,CN10Y
2019-09-03,8726.09,0.030624,59.56,-0.0138342081934184,399967,中证军工,CNY,CN10Y
2019-09-04,8659.21,0.030473,59.11,-0.013555388766706141,399967,中证军工,CNY,CN10Y
2019-09-05,8687.53,0.030173,59.3,-0.013309593591905564,399967,中证军工,CNY,CN10Y
2019-09-06,8740.23,0.030173,59.55,-0.01338038874895046,399967,中证军工,CNY,CN10Y
2019-09-09,8846.03,0.03025,60.19,-0.01363594450905466,399967,中证军工,CNY,CN10Y
2019-09-10,8742.99,0.030425,59.56,-0.013635208193418402,399967,中证军工,CNY,CN10Y
2019-09-11,8634.23,0.030525,58.85,-0.013532646559048428,399967,中证军工,CNY,CN10Y
2019-09-12,8660.99,0.030876,58.99,-0.013923974232920834,399967,中证军工,CNY,CN10Y
2019-09-16,8641.94,0.030926,58.88,-0.013942304347826086,399967,中证军工,CNY,CN10Y
2019-09-17,8372.5,0.031076,57.14,-0.013575124956247811,399967,中证军工,CNY,CN10Y
2019-09-18,8324.45,0.031277,56.74,-0.013652749030666197,399967,中证军工,CNY,CN10Y
2019-09-19,8445.02,0.031053,57.56,-0.013679824183460736,399967,中证军工,CNY,CN10Y
2019-09-20,8397.32,0.0309799999999999,57.28,-0.013521899441340683,399967,中证军工,CNY,CN10Y
2019-09-23,8325.27,0.0310049999999999,56.85,-0.013414850483729014,399967,中证军工,CNY,CN10Y
2019-09-24,8324.71,0.0312049999999999,56.8,-0.013599366197182997,399967,中证军工,CNY,CN10Y
2019-09-25,8166.23,0.031157,55.79,-0.01323264079584155,399967,中证军工,CNY,CN10Y
2019-09-26,7869.63,0.031381,53.74,-0.012772886862672125,399967,中证军工,CNY,CN10Y
2019-09-27,7933.11,0.031482,54.18,-0.013025004798818754,399967,中证军工,CNY,CN10Y
2019-09-29,,0.031434,54.18,-0.012977004798818748,399967,中证军工,CNY,CN10Y
2019-09-30,7865.3,0.0314109999999999,53.7,-0.0127890260707634,399967,中证军工,CNY,CN10Y
2019-10-08,7771.54,0.031063,53.05,-0.012212858623939678,399967,中证军工,CNY,CN10Y
2019-10-09,7818.03,0.031089,53.35,-0.012344857544517338,399967,中证军工,CNY,CN10Y
2019-10-10,7888.32,0.031289,53.83,-0.012711998328069848,399967,中证军工,CNY,CN10Y
2019-10-11,7862.23,0.031564,53.69,-0.012938557645744087,399967,中证军工,CNY,CN10Y
2019-10-12,,0.031716,53.69,-0.013090557645744086,399967,中证军工,CNY,CN10Y
2019-10-14,7961.95,0.031641,54.39,-0.013255267328553047,399967,中证军工,CNY,CN10Y
2019-10-15,7804.8,0.031668,53.36,-0.01292737031484258,399967,中证军工,CNY,CN10Y
2019-10-16,7759.43,0.031693,53.06,-0.012846411232566905,399967,中证军工,CNY,CN10Y
2019-10-17,7722.02,0.031569,52.75,-0.012611654028436017,399967,中证军工,CNY,CN10Y
2019-10-18,7596.1,0.0318699999999999,51.89,-0.01259846405858537,399967,中证军工,CNY,CN10Y
2019-10-21,7601.1,0.0321959999999999,51.91,-0.012931889038720761,399967,中证军工,CNY,CN10Y
2019-10-22,7664.2,0.0321959999999999,52.29,-0.01307188449034222,399967,中证军工,CNY,CN10Y
2019-10-23,7594.27,0.032122,51.8,-0.012816980694980693,399967,中证军工,CNY,CN10Y
2019-10-24,7595.39,0.0321959999999999,51.87,-0.012917033352612198,399967,中证军工,CNY,CN10Y
2019-10-25,7635.29,0.032372,52.17,-0.013203895725512744,399967,中证军工,CNY,CN10Y
2019-10-28,7786.75,0.032924,53.1,-0.014091608286252357,399967,中证军工,CNY,CN10Y
2019-10-29,7670.93,0.033029,52.36,-0.013930451489686788,399967,中证军工,CNY,CN10Y
2019-10-30,7584.51,0.033125,51.78,-0.013812524140594827,399967,中证军工,CNY,CN10Y
2019-10-31,7578.32,0.03288,51.75,-0.01355632850241546,399967,中证军工,CNY,CN10Y
2019-11-01,7609.7,0.032757,53.77,-0.014159268923191373,399967,中证军工,CNY,CN10Y
2019-11-04,7589.37,0.032954,53.63,-0.01430771993287339,399967,中证军工,CNY,CN10Y
2019-11-05,7621.0,0.032454,53.83,-0.013876998328069847,399967,中证军工,CNY,CN10Y
2019-11-06,7713.8,0.032555,54.55,-0.01422319431714024,399967,中证军工,CNY,CN10Y
2019-11-07,7658.58,0.032736,54.11,-0.014255127702827573,399967,中证军工,CNY,CN10Y
2019-11-08,7618.98,0.032765,53.77,-0.014167268923191374,399967,中证军工,CNY,CN10Y
2019-11-11,7415.81,0.032463,52.36,-0.013364451489686784,399967,中证军工,CNY,CN10Y
2019-11-12,7408.44,0.0325499999999999,52.29,-0.01342588449034222,399967,中证军工,CNY,CN10Y
2019-11-13,7382.07,0.03237,52.09,-0.013172457285467464,399967,中证军工,CNY,CN10Y
2019-11-14,7403.67,0.032555,52.24,-0.01341258039816233,399967,中证军工,CNY,CN10Y
2019-11-15,7342.73,0.032355,51.88,-0.013079749421742486,399967,中证军工,CNY,CN10Y
2019-11-18,7370.06,0.031993,52.11,-0.012802825369410863,399967,中证军工,CNY,CN10Y
2019-11-19,7488.14,0.031743,52.93,-0.01285012261477423,399967,中证军工,CNY,CN10Y
2019-11-20,7411.81,0.031747,52.37,-0.012652098338743551,399967,中证军工,CNY,CN10Y
2019-11-21,7488.4,0.031749,52.99,-0.012877514814115872,399967,中证军工,CNY,CN10Y
2019-11-22,7456.79,0.031747,52.74,-0.01278605953735305,399967,中证军工,CNY,CN10Y
2019-11-25,7392.18,0.031875,52.32,-0.0127618501529052,399967,中证军工,CNY,CN10Y
2019-11-26,7420.02,0.031675,52.6,-0.012663593155893538,399967,中证军工,CNY,CN10Y
2019-11-27,7391.73,0.0317,52.39,-0.012612387860278677,399967,中证军工,CNY,CN10Y
2019-11-28,7369.06,0.03165,52.24,-0.012507580398162327,399967,中证军工,CNY,CN10Y
2019-11-29,7416.96,0.03165,52.52,-0.012609634424980958,399967,中证军工,CNY,CN10Y
2019-12-02,7414.64,0.032062,52.45,-0.012996223069590088,399967,中证军工,CNY,CN10Y
2019-12-03,7474.73,0.0317459999999999,52.9,-0.01284240831758024,399967,中证军工,CNY,CN10Y
2019-12-04,7551.62,0.031751,53.44,-0.013038425149700598,399967,中证军工,CNY,CN10Y
2019-12-05,7630.3,0.031776,53.97,-0.01324718769686863,399967,中证军工,CNY,CN10Y
2019-12-06,7646.69,0.031751,54.09,-0.01326329432427436,399967,中证军工,CNY,CN10Y
2019-12-09,7616.96,0.031903,53.85,-0.013332897864438257,399967,中证军工,CNY,CN10Y
2019-12-10,7593.66,0.031776,53.65,-0.013136671015843426,399967,中证军工,CNY,CN10Y
2019-12-11,7562.54,0.031702,53.49,-0.013006916806879792,399967,中证军工,CNY,CN10Y
2019-12-12,7569.73,0.031652,53.49,-0.012956916806879791,399967,中证军工,CNY,CN10Y
2019-12-13,7604.58,0.0318279999999999,53.7,-0.013206026070763401,399967,中证军工,CNY,CN10Y
2019-12-16,7781.12,0.031854,55.87,-0.013955306604617863,399967,中证军工,CNY,CN10Y
2019-12-17,7843.04,0.0321329999999999,56.48,-0.014427617563739274,399967,中证军工,CNY,CN10Y
2019-12-18,7838.5,0.032139,56.45,-0.014424208148804255,399967,中证军工,CNY,CN10Y
2019-12-19,7851.97,0.032139,56.39,-0.014405359283560917,399967,中证军工,CNY,CN10Y
2019-12-20,7723.72,0.031808,55.47,-0.013780237245357853,399967,中证军工,CNY,CN10Y
2019-12-23,7560.87,0.031661,54.29,-0.013241401547246272,399967,中证军工,CNY,CN10Y
2019-12-24,7631.64,0.031535,54.85,-0.013303459434822244,399967,中证军工,CNY,CN10Y
2019-12-25,7653.85,0.031463,54.96,-0.01326794905385735,399967,中证军工,CNY,CN10Y
2019-12-26,7718.84,0.031137,55.37,-0.01307667852627777,399967,中证军工,CNY,CN10Y
2019-12-27,7702.81,0.031292,55.29,-0.013205546753481644,399967,中证军工,CNY,CN10Y
2019-12-30,7749.95,0.031322,55.58,-0.01332991651673264,399967,中证军工,CNY,CN10Y
2019-12-31,7763.1,0.031365,55.69,-0.013408454839288916,399967,中证军工,CNY,CN10Y
2020-01-02,7889.66,0.031485,56.62,-0.013823396326386433,399967,中证军工,CNY,CN10Y
2020-01-03,8019.62,0.031428,57.58,-0.014060858631469258,399967,中证军工,CNY,CN10Y
2020-01-06,8130.35,0.031352,58.28,-0.014193455044612214,399967,中证军工,CNY,CN10Y
2020-01-07,8150.99,0.031379,58.35,-0.014241039417309337,399967,中证军工,CNY,CN10Y
2020-01-08,8259.04,0.031337,59.4,-0.014501983164983162,399967,中证军工,CNY,CN10Y
2020-01-09,8175.97,0.031184,58.64,-0.014130793997271487,399967,中证军工,CNY,CN10Y
2020-01-10,8116.67,0.030819,58.13,-0.013616178737312919,399967,中证军工,CNY,CN10Y
2020-01-13,8209.43,0.03084,58.67,-0.013795513891256179,399967,中证军工,CNY,CN10Y
2020-01-14,8142.05,0.030994,58.23,-0.013820721621157477,399967,中证军工,CNY,CN10Y
2020-01-15,8071.55,0.030897,57.67,-0.013556961851916075,399967,中证军工,CNY,CN10Y
2020-01-16,8147.98,0.030918,58.13,-0.01371517873731292,399967,中证军工,CNY,CN10Y
2020-01-17,8128.65,0.030832,57.93,-0.013569786984291385,399967,中证军工,CNY,CN10Y
2020-01-19,,0.03078,57.93,-0.013517786984291385,399967,中证军工,CNY,CN10Y
2020-01-20,8286.83,0.0307759999999999,59.15,-0.0138698292476753,399967,中证军工,CNY,CN10Y
2020-01-21,8208.65,0.030337,58.58,-0.01326632741550017,399967,中证军工,CNY,CN10Y
2020-01-22,8242.74,0.030282,58.93,-0.013312714406923467,399967,中证军工,CNY,CN10Y
2020-01-23,8065.37,0.029932,57.79,-0.012627968160581416,399967,中证军工,CNY,CN10Y
2020-02-03,7326.39,0.028231,52.49,-0.009179752143265385,399967,中证军工,CNY,CN10Y
2020-02-04,7364.66,0.028551,52.77,-0.009600838923630853,399967,中证军工,CNY,CN10Y
2020-02-05,7577.4,0.02844,54.38,-0.010050886355277677,399967,中证军工,CNY,CN10Y
2020-02-06,7863.64,0.028392,56.48,-0.010686617563739377,399967,中证军工,CNY,CN10Y
2020-02-07,8058.29,0.028024,57.96,-0.01077072187715666,399967,中证军工,CNY,CN10Y
2020-02-10,8123.12,0.0278719999999999,58.54,-0.010789663136316949,399967,中证军工,CNY,CN10Y
2020-02-11,8032.24,0.02834,57.65,-0.010993946227233306,399967,中证军工,CNY,CN10Y
2020-02-12,8205.78,0.028333,59.03,-0.01139246129086905,399967,中证军工,CNY,CN10Y
2020-02-13,8117.94,0.028201,58.69,-0.011162322201397172,399967,中证军工,CNY,CN10Y
2020-02-14,8131.31,0.028631,58.81,-0.011627089100493114,399967,中证军工,CNY,CN10Y
2020-02-17,8625.58,0.028928,62.18,-0.01284565841106465,399967,中证军工,CNY,CN10Y
2020-02-18,8940.46,0.028664,64.52,-0.013164929944203345,399967,中证军工,CNY,CN10Y
2020-02-19,8804.7,0.028776,63.33,-0.012985695247118269,399967,中证军工,CNY,CN10Y
2020-02-20,8867.94,0.028857,63.68,-0.013153482412060304,399967,中证军工,CNY,CN10Y
2020-02-21,9118.64,0.02847,65.25,-0.013144329501915708,399967,中证军工,CNY,CN10Y
2020-02-24,9204.03,0.02812,65.36,-0.012820122399020807,399967,中证军工,CNY,CN10Y
2020-02-25,9214.76,0.02822,65.24,-0.012891980380134884,399967,中证军工,CNY,CN10Y
2020-02-26,9017.02,0.0279729999999999,63.99,-0.01234555821222056,399967,中证军工,CNY,CN10Y
2020-02-27,8934.25,0.027702,63.33,-0.01191169524711827,399967,中证军工,CNY,CN10Y
2020-02-28,8410.67,0.027376,59.83,-0.010661976934648171,399967,中证军工,CNY,CN10Y
2020-03-02,8732.36,0.0274279999999999,62.0,-0.011298967741935385,399967,中证军工,CNY,CN10Y
2020-03-03,8928.26,0.027478,63.29,-0.011677715594880705,399967,中证军工,CNY,CN10Y
2020-03-04,8917.27,0.02673,63.27,-0.0109247210368263,399967,中证军工,CNY,CN10Y
2020-03-05,8958.57,0.026829,63.68,-0.011125482412060302,399967,中证军工,CNY,CN10Y
2020-03-06,8920.58,0.02628,63.34,-0.010492188190716768,399967,中证军工,CNY,CN10Y
2020-03-09,8439.53,0.025205,59.99,-0.008535555092515423,399967,中证军工,CNY,CN10Y
2020-03-10,8822.01,0.02613,62.51,-0.010132559590465526,399967,中证军工,CNY,CN10Y
2020-03-11,8840.52,0.0260789999999999,62.95,-0.010193376489277105,399967,中证军工,CNY,CN10Y
2020-03-12,8640.58,0.026379,61.27,-0.010057798759588708,399967,中证军工,CNY,CN10Y
2020-03-13,8629.48,0.0267589999999999,61.03,-0.010373615762739537,399967,中证军工,CNY,CN10Y
2020-03-16,8125.2,0.026758,57.59,-0.009393874283729817,399967,中证军工,CNY,CN10Y
2020-03-17,8127.51,0.027135,57.48,-0.009737644398051495,399967,中证军工,CNY,CN10Y
2020-03-18,7919.11,0.027136,56.07,-0.009301150704476548,399967,中证军工,CNY,CN10Y
2020-03-19,8039.98,0.027299,56.81,-0.009696465234993842,399967,中证军工,CNY,CN10Y
2020-03-20,8084.53,0.026815,57.15,-0.009317187226596673,399967,中证军工,CNY,CN10Y
2020-03-23,7672.77,0.0263149999999999,54.4,-0.00793264705882343,399967,中证军工,CNY,CN10Y
2020-03-24,7826.59,0.0262889999999999,55.49,-0.008267734907190384,399967,中证军工,CNY,CN10Y
2020-03-25,7937.56,0.0262889999999999,56.31,-0.008530164979577239,399967,中证军工,CNY,CN10Y
2020-03-26,7827.74,0.0259399999999999,55.53,-0.007931716189447047,399967,中证军工,CNY,CN10Y
2020-03-27,7821.89,0.02609,55.52,-0.008078472622478385,399967,中证军工,CNY,CN10Y
2020-03-30,7735.76,0.026142,54.99,-0.007956875431896708,399967,中证军工,CNY,CN10Y
2020-03-31,7651.55,0.025899,54.37,-0.007506504138311568,399967,中证军工,CNY,CN10Y
2020-04-01,7611.86,0.02555,54.04,-0.007045188749074758,399967,中证军工,CNY,CN10Y
2020-04-02,7849.93,0.025854,55.55,-0.007852199819981996,399967,中证军工,CNY,CN10Y
2020-04-03,7755.53,0.025965,54.99,-0.007779875431896708,399967,中证军工,CNY,CN10Y
2020-04-07,8088.47,0.025112,57.47,-0.007711617191578212,399967,中证军工,CNY,CN10Y
2020-04-08,8205.91,0.024824,58.45,-0.007715360136869118,399967,中证军工,CNY,CN10Y
2020-04-09,8200.85,0.025226,58.45,-0.008117360136869117,399967,中证军工,CNY,CN10Y
2020-04-10,8072.65,0.025403,57.58,-0.008035858631469259,399967,中证军工,CNY,CN10Y
2020-04-13,8059.8,0.025658,57.59,-0.008293874283729817,399967,中证军工,CNY,CN10Y
2020-04-14,8156.74,0.025591,58.21,-0.008411821164748326,399967,中证军工,CNY,CN10Y
2020-04-15,8073.77,0.025455,57.62,-0.0080999149600833,399967,中证军工,CNY,CN10Y
2020-04-16,8174.85,0.025276,58.22,-0.008099771899690827,399967,中证军工,CNY,CN10Y
2020-04-17,8147.68,0.02559,57.89,-0.008315859388495425,399967,中证军工,CNY,CN10Y
2020-04-20,8293.81,0.02592,59.16,-0.009016686950642325,399967,中证军工,CNY,CN10Y
2020-04-21,8303.92,0.0257909999999999,59.45,-0.00897014213624885,399967,中证军工,CNY,CN10Y
2020-04-22,8313.18,0.025567,59.59,-0.008785660849135762,399967,中证军工,CNY,CN10Y
2020-04-23,8369.19,0.025227,59.92,-0.008538081441922564,399967,中证军工,CNY,CN10Y
2020-04-24,8222.38,0.0250999999999999,58.64,-0.008046793997271387,399967,中证军工,CNY,CN10Y
2020-04-26,,0.025205,58.64,-0.008151793997271489,399967,中证军工,CNY,CN10Y
2020-04-27,8090.4,0.025345,57.75,-0.008028982683982683,399967,中证军工,CNY,CN10Y
2020-04-28,7964.05,0.025254,56.83,-0.007657660038711947,399967,中证军工,CNY,CN10Y
2020-04-29,8095.48,0.025009,57.73,-0.007686983717304693,399967,中证军工,CNY,CN10Y
2020-04-30,8314.88,0.02538,59.2,-0.00848810810810811,399967,中证军工,CNY,CN10Y
2020-05-06,8493.45,0.025809,52.45,-0.006743223069590087,399967,中证军工,CNY,CN10Y
2020-05-07,8472.64,0.026298,52.37,-0.007203098338743552,399967,中证军工,CNY,CN10Y
2020-05-08,8569.18,0.0262069999999999,53.04,-0.007353304675716342,399967,中证军工,CNY,CN10Y
2020-05-09,,0.0264,53.04,-0.007546304675716441,399967,中证军工,CNY,CN10Y
2020-05-11,8592.99,0.026698,53.25,-0.007918657276995304,399967,中证军工,CNY,CN10Y
2020-05-12,8586.77,0.0266029999999999,53.18,-0.007798938322677598,399967,中证军工,CNY,CN10Y
2020-05-13,8571.62,0.027076,53.02,-0.008215192757450019,399967,中证军工,CNY,CN10Y
2020-05-14,8582.06,0.026989,53.15,-0.008174324553151455,399967,中证军工,CNY,CN10Y
2020-05-15,8576.22,0.02682,53.02,-0.00795919275745002,399967,中证军工,CNY,CN10Y
2020-05-18,8715.29,0.027253,54.0,-0.008734481481481482,399967,中证军工,CNY,CN10Y
2020-05-19,8768.19,0.0272719999999999,54.71,-0.008993805885578406,399967,中证军工,CNY,CN10Y
2020-05-20,8529.94,0.0269,53.2,-0.008103007518796994,399967,中证军工,CNY,CN10Y
2020-05-21,8383.14,0.02685,52.31,-0.007733196329573696,399967,中证军工,CNY,CN10Y
2020-05-22,8255.05,0.0261759999999999,51.51,-0.0067622939235099,399967,中证军工,CNY,CN10Y
2020-05-25,8165.05,0.026852,50.89,-0.007201774022401259,399967,中证军工,CNY,CN10Y
2020-05-26,8302.47,0.027402,51.77,-0.008085793702916746,399967,中证军工,CNY,CN10Y
2020-05-27,8212.09,0.027527,51.24,-0.008010996877439499,399967,中证军工,CNY,CN10Y
2020-05-28,8205.54,0.027201,51.23,-0.007681187390201051,399967,中证军工,CNY,CN10Y
2020-05-29,8255.3,0.0270529999999999,51.82,-0.007755431493631702,399967,中证军工,CNY,CN10Y
2020-06-01,8437.94,0.027253,52.87,-0.008338681861168904,399967,中证军工,CNY,CN10Y
2020-06-02,8459.77,0.027852,52.14,-0.008672866896816261,399967,中证军工,CNY,CN10Y
2020-06-03,8397.91,0.027901,51.95,-0.008651721847930702,399967,中证军工,CNY,CN10Y
2020-06-04,8325.09,0.028301,51.47,-0.008872206528074605,399967,中证军工,CNY,CN10Y
2020-06-05,8315.03,0.028475,51.36,-0.009004595015576326,399967,中证军工,CNY,CN10Y
2020-06-08,8304.57,0.0281009999999999,51.27,-0.008596416422859274,399967,中证军工,CNY,CN10Y
2020-06-09,8286.73,0.028031,51.21,-0.008503563952353056,399967,中证军工,CNY,CN10Y
2020-06-10,8275.92,0.028201,51.16,-0.008654479280688035,399967,中证军工,CNY,CN10Y
2020-06-11,8301.93,0.0277009999999999,51.13,-0.008143010561314196,399967,中证军工,CNY,CN10Y
2020-06-12,8306.68,0.027451,51.26,-0.007942611392898945,399967,中证军工,CNY,CN10Y
2020-06-15,8187.16,0.027878,50.72,-0.008161911671924291,399967,中证军工,CNY,CN10Y
2020-06-16,8269.9,0.0284019999999999,51.19,-0.008866934557530667,399967,中证军工,CNY,CN10Y
2020-06-17,8391.24,0.0288019999999999,51.83,-0.009508154736638911,399967,中证军工,CNY,CN10Y
2020-06-18,8271.85,0.028527,51.0,-0.008919156862745099,399967,中证军工,CNY,CN10Y
2020-06-19,8325.05,0.028752,51.34,-0.009274010128554735,399967,中证军工,CNY,CN10Y
2020-06-22,8407.17,0.029153,51.81,-0.009851706813356495,399967,中证军工,CNY,CN10Y
2020-06-23,8414.71,0.029127,51.9,-0.00985917726396917,399967,中证军工,CNY,CN10Y
2020-06-24,8357.06,0.028614,51.54,-0.009211594101668608,399967,中证军工,CNY,CN10Y
2020-06-28,,0.028404,51.54,-0.009001594101668606,399967,中证军工,CNY,CN10Y
2020-06-29,8380.4,0.028504,52.18,-0.009339569183595249,399967,中证军工,CNY,CN10Y
2020-06-30,8505.13,0.0282299999999999,52.88,-0.009319258698940902,399967,中证军工,CNY,CN10Y
2020-07-01,8520.67,0.028456,53.02,-0.009595192757450018,399967,中证军工,CNY,CN10Y
2020-07-02,8629.79,0.028584,53.64,-0.009941196122296794,399967,中证军工,CNY,CN10Y
2020-07-03,8713.65,0.028974,54.18,-0.01051700479881875,399967,中证军工,CNY,CN10Y
2020-07-06,9179.36,0.029959,57.11,-0.01244893171073367,399967,中证军工,CNY,CN10Y
2020-07-07,9380.5,0.030158,58.43,-0.013043504021906554,399967,中证军工,CNY,CN10Y
2020-07-08,10088.14,0.030632,62.99,-0.014756464200666772,399967,中证军工,CNY,CN10Y
2020-07-09,10442.11,0.030809,65.52,-0.015546484737484736,399967,中证军工,CNY,CN10Y
2020-07-10,10310.31,0.030305,65.03,-0.014927481931416268,399967,中证军工,CNY,CN10Y
2020-07-13,10508.34,0.0305569999999999,66.15,-0.01543984202569907,399967,中证军工,CNY,CN10Y
2020-07-14,10582.45,0.030057,66.82,-0.0150914208320862,399967,中证军工,CNY,CN10Y
2020-07-15,10179.75,0.029559,64.27,-0.01399964104558892,399967,中证军工,CNY,CN10Y
2020-07-16,9775.94,0.029459,61.52,-0.01320412353706112,399967,中证军工,CNY,CN10Y
2020-07-17,10065.57,0.029507,63.56,-0.013773834487098804,399967,中证军工,CNY,CN10Y
2020-07-20,10863.15,0.0293109999999999,68.76,-0.014767660849330908,399967,中证军工,CNY,CN10Y
2020-07-21,10580.23,0.029011,66.88,-0.01405884688995215,399967,中证军工,CNY,CN10Y
2020-07-22,10769.96,0.0288609999999999,67.97,-0.014148626894217938,399967,中证军工,CNY,CN10Y
2020-07-23,11215.75,0.029064,70.94,-0.014967580490555398,399967,中证军工,CNY,CN10Y
2020-07-24,10838.2,0.028612,68.55,-0.014024107950401165,399967,中证军工,CNY,CN10Y
2020-07-27,10764.74,0.028791,68.15,-0.014117485693323552,399967,中证军工,CNY,CN10Y
2020-07-28,10931.18,0.029214,69.24,-0.014771481224725592,399967,中证军工,CNY,CN10Y
2020-07-29,11156.37,0.029415,70.59,-0.015248687491146055,399967,中证军工,CNY,CN10Y
2020-07-30,11034.0,0.0293639999999999,69.87,-0.0150517057392299,399967,中证军工,CNY,CN10Y
2020-07-31,10923.14,0.029664,69.11,-0.015194313992186369,399967,中证军工,CNY,CN10Y
2020-08-03,11734.37,0.029466,74.25,-0.01599798653198653,399967,中证军工,CNY,CN10Y
2020-08-04,11380.36,0.029365,71.92,-0.015460661846496106,399967,中证军工,CNY,CN10Y
2020-08-05,11802.02,0.029592,74.41,-0.016152946109393898,399967,中证军工,CNY,CN10Y
2020-08-06,12269.6,0.029816,77.54,-0.016919430487490325,399967,中证军工,CNY,CN10Y
2020-08-07,12592.75,0.029918,79.45,-0.017331467589679045,399967,中证军工,CNY,CN10Y
2020-08-10,12308.61,0.029543,77.57,-0.016651418202913496,399967,中证军工,CNY,CN10Y
2020-08-11,12239.89,0.029544,76.86,-0.016533331251626336,399967,中证军工,CNY,CN10Y
2020-08-12,11643.92,0.02962,73.2,-0.01595879781420765,399967,中证军工,CNY,CN10Y
2020-08-13,11734.09,0.0295549999999999,73.74,-0.015993839164632394,399967,中证军工,CNY,CN10Y
2020-08-14,12126.66,0.029369,76.07,-0.016223213224661494,399967,中证军工,CNY,CN10Y
2020-08-17,12485.99,0.029421,78.49,-0.01668052350617913,399967,中证军工,CNY,CN10Y
2020-08-18,12519.96,0.029771,78.76,-0.017074199593702384,399967,中证军工,CNY,CN10Y
2020-08-19,12192.85,0.029921,76.85,-0.016908638256343526,399967,中证军工,CNY,CN10Y
2020-08-20,11755.08,0.029973,73.85,-0.016432038591740014,399967,中证军工,CNY,CN10Y
2020-08-21,11726.25,0.029823,73.64,-0.016243423682781095,399967,中证军工,CNY,CN10Y
2020-08-24,11801.11,0.029998,74.15,-0.01651182333108564,399967,中证军工,CNY,CN10Y
2020-08-25,11382.28,0.030424,71.52,-0.016441897091722592,399967,中证军工,CNY,CN10Y
2020-08-26,11042.14,0.030511,69.4,-0.01610177809798271,399967,中证军工,CNY,CN10Y
2020-08-27,11236.69,0.0305989999999999,70.53,-0.01642063618318436,399967,中证军工,CNY,CN10Y
2020-08-28,11485.55,0.030672,72.17,-0.016815827074961896,399967,中证军工,CNY,CN10Y
2020-08-31,11552.07,0.030177,72.52,-0.016387700496414782,399967,中证军工,CNY,CN10Y
2020-09-01,11836.31,0.030478,68.89,-0.015962105095079115,399967,中证军工,CNY,CN10Y
2020-09-02,11664.31,0.031027,67.87,-0.016292949609547663,399967,中证军工,CNY,CN10Y
2020-09-03,11543.94,0.031051,67.11,-0.016150091044553717,399967,中证军工,CNY,CN10Y
2020-09-04,11473.87,0.031228,66.91,-0.01628255088925422,399967,中证军工,CNY,CN10Y
2020-09-07,11140.37,0.031454,64.92,-0.016050426370918056,399967,中证军工,CNY,CN10Y
2020-09-08,11095.44,0.03123,64.54,-0.015735732878834834,399967,中证军工,CNY,CN10Y
2020-09-09,11016.46,0.030805,63.97,-0.01517267234641238,399967,中证军工,CNY,CN10Y
2020-09-10,10631.4,0.030833,61.81,-0.014654388124898884,399967,中证军工,CNY,CN10Y
2020-09-11,10628.97,0.031346,61.81,-0.015167388124898883,399967,中证军工,CNY,CN10Y
2020-09-14,10585.77,0.031532,61.51,-0.015274480897415052,399967,中证军工,CNY,CN10Y
2020-09-15,10719.57,0.031083,62.41,-0.015059926774555359,399967,中证军工,CNY,CN10Y
2020-09-16,10537.61,0.0312599999999999,61.31,-0.01494944707225565,399967,中证军工,CNY,CN10Y
2020-09-17,10649.34,0.031334,61.95,-0.015191949959644877,399967,中证军工,CNY,CN10Y
2020-09-18,10932.62,0.031162,63.59,-0.015436256958641294,399967,中证军工,CNY,CN10Y
2020-09-21,11222.73,0.030999,65.42,-0.015713154692754507,399967,中证军工,CNY,CN10Y
2020-09-22,10996.15,0.030863,64.04,-0.015247759525296693,399967,中证军工,CNY,CN10Y
2020-09-23,10985.86,0.03089,63.89,-0.015238098293942716,399967,中证军工,CNY,CN10Y
2020-09-24,10653.81,0.03084,61.75,-0.014645668016194331,399967,中证军工,CNY,CN10Y
2020-09-25,10680.96,0.031295,61.98,-0.015160763149403036,399967,中证军工,CNY,CN10Y
2020-09-27,,0.031324,61.98,-0.01518976314940303,399967,中证军工,CNY,CN10Y
2020-09-28,10532.18,0.0310919999999999,61.08,-0.014720028814669186,399967,中证军工,CNY,CN10Y
2020-09-29,10946.43,0.031292,63.65,-0.015581080911233308,399967,中证军工,CNY,CN10Y
2020-09-30,10964.02,0.031482,64.4,-0.015954049689441,399967,中证军工,CNY,CN10Y
2020-10-09,11144.73,0.031873,65.53,-0.016612813825728674,399967,中证军工,CNY,CN10Y
2020-10-10,,0.031898,65.53,-0.016637813825728678,399967,中证军工,CNY,CN10Y
2020-10-12,11632.17,0.031861,68.74,-0.017313429444282803,399967,中证军工,CNY,CN10Y
2020-10-13,11677.21,0.03195,68.91,-0.017438318096067332,399967,中证军工,CNY,CN10Y
2020-10-14,11576.84,0.03215,68.37,-0.017523701916045048,399967,中证军工,CNY,CN10Y
2020-10-15,11480.46,0.0323,67.6,-0.01750710059171598,399967,中证军工,CNY,CN10Y
2020-10-16,11298.42,0.032202,66.44,-0.017150826008428658,399967,中证军工,CNY,CN10Y
2020-10-19,11248.86,0.032005,66.3,-0.01692204374057315,399967,中证军工,CNY,CN10Y
2020-10-20,11294.85,0.031955,66.55,-0.01692870398196844,399967,中证军工,CNY,CN10Y
2020-10-21,10979.02,0.031855,64.6,-0.016375123839009288,399967,中证军工,CNY,CN10Y
2020-10-22,10849.45,0.031707,63.82,-0.016037930742713882,399967,中证军工,CNY,CN10Y
2020-10-23,10673.56,0.031957,62.77,-0.016025822685996494,399967,中证军工,CNY,CN10Y
2020-10-26,10761.8,0.031934,63.22,-0.016116220816197402,399967,中证军工,CNY,CN10Y
2020-10-27,10853.95,0.031609,63.72,-0.015915340238543626,399967,中证军工,CNY,CN10Y
2020-10-28,10781.69,0.03181,63.28,-0.016007218710493046,399967,中证军工,CNY,CN10Y
2020-10-29,10642.92,0.03186,62.52,-0.01586511836212412,399967,中证军工,CNY,CN10Y
2020-10-30,10454.91,0.03181,61.23,-0.01547813653437857,399967,中证军工,CNY,CN10Y
2020-11-02,10408.44,0.031785,55.89,-0.013892711576310612,399967,中证军工,CNY,CN10Y
2020-11-03,10738.08,0.031762,57.73,-0.014439983717304691,399967,中证军工,CNY,CN10Y
2020-11-04,10865.81,0.031687,58.41,-0.014566643896593047,399967,中证军工,CNY,CN10Y
2020-11-05,10854.54,0.0319119999999999,58.26,-0.014747564709920943,399967,中证军工,CNY,CN10Y
2020-11-06,10684.02,0.032063,57.26,-0.014598801606706253,399967,中证军工,CNY,CN10Y
2020-11-09,10875.56,0.032363,58.37,-0.015230911598423848,399967,中证军工,CNY,CN10Y
2020-11-10,10667.42,0.032241,57.24,-0.014770699510831587,399967,中证军工,CNY,CN10Y
2020-11-11,10464.03,0.032391,55.97,-0.01452428568876184,399967,中证军工,CNY,CN10Y
2020-11-12,10420.75,0.032614,55.72,-0.014667122756640342,399967,中证军工,CNY,CN10Y
2020-11-13,10690.28,0.032715,57.22,-0.015238593149248515,399967,中证军工,CNY,CN10Y
2020-11-16,10704.93,0.032741,57.29,-0.015285946762087624,399967,中证军工,CNY,CN10Y
2020-11-17,10475.47,0.032866,56.13,-0.015050215214680206,399967,中证军工,CNY,CN10Y
2020-11-18,10537.45,0.03324,56.51,-0.01554401698814369,399967,中证军工,CNY,CN10Y
2020-11-19,11003.7,0.033487,59.16,-0.01658368695064233,399967,中证军工,CNY,CN10Y
2020-11-20,11130.9,0.0331,59.82,-0.016383182881979267,399967,中证军工,CNY,CN10Y
2020-11-23,11156.88,0.03265,60.0,-0.015983333333333332,399967,中证军工,CNY,CN10Y
2020-11-24,11199.75,0.0329,60.09,-0.016258295889499084,399967,中证军工,CNY,CN10Y
2020-11-25,10896.22,0.032675,58.43,-0.015560504021906556,399967,中证军工,CNY,CN10Y
2020-11-26,11123.31,0.03285,59.69,-0.016096775004188303,399967,中证军工,CNY,CN10Y
2020-11-27,11301.19,0.033,60.74,-0.016536384590055977,399967,中证军工,CNY,CN10Y
2020-11-30,11381.78,0.0325,61.23,-0.016168136534378572,399967,中证军工,CNY,CN10Y
2020-12-01,11625.1,0.032725,62.61,-0.01675311052547516,399967,中证军工,CNY,CN10Y
2020-12-02,11631.95,0.032925,62.7,-0.016976036682615634,399967,中证军工,CNY,CN10Y
2020-12-03,11420.29,0.032851,61.65,-0.016630399837793998,399967,中证军工,CNY,CN10Y
2020-12-04,11552.13,0.032651,62.37,-0.0166176506333173,399967,中证军工,CNY,CN10Y
2020-12-07,11581.38,0.032701,62.36,-0.01666507953816549,399967,中证军工,CNY,CN10Y
2020-12-08,11537.69,0.032551,62.2,-0.016473829581993567,399967,中证军工,CNY,CN10Y
2020-12-09,11275.18,0.032726,60.67,-0.016243389154442064,399967,中证军工,CNY,CN10Y
2020-12-10,11285.18,0.032601,60.72,-0.016131961791831354,399967,中证军工,CNY,CN10Y
2020-12-11,11034.55,0.032951,59.45,-0.01613014213624895,399967,中证军工,CNY,CN10Y
2020-12-14,11262.06,0.032851,61.68,-0.01663828923476005,399967,中证军工,CNY,CN10Y
2020-12-15,11283.34,0.032777,61.94,-0.01663234388117533,399967,中证军工,CNY,CN10Y
2020-12-16,11212.94,0.0327519999999999,61.51,-0.016494480897414954,399967,中证军工,CNY,CN10Y
2020-12-17,11118.22,0.032802,60.9,-0.016381638752052542,399967,中证军工,CNY,CN10Y
2020-12-18,11115.58,0.032902,60.8,-0.01645463157894737,399967,中证军工,CNY,CN10Y
2020-12-21,11595.75,0.032652,63.53,-0.01691140500550921,399967,中证军工,CNY,CN10Y
2020-12-22,11399.74,0.032278,62.35,-0.016239507618283883,399967,中证军工,CNY,CN10Y
2020-12-23,11983.34,0.032153,65.69,-0.016929982797990562,399967,中证军工,CNY,CN10Y
2020-12-24,12115.43,0.032303,66.49,-0.017263144382613924,399967,中证军工,CNY,CN10Y
2020-12-25,12283.45,0.031878,67.35,-0.01703019005196733,399967,中证军工,CNY,CN10Y
2020-12-28,12272.96,0.031629,67.24,-0.0167569000594884,399967,中证军工,CNY,CN10Y
2020-12-29,12154.17,0.031554,66.5,-0.016516406015037594,399967,中证军工,CNY,CN10Y
2020-12-30,12484.23,0.031204,68.32,-0.016566997658079625,399967,中证军工,CNY,CN10Y
2020-12-31,13035.06,0.031429,71.4,-0.01742339775910364,399967,中证军工,CNY,CN10Y
2021-01-04,13905.15,0.03178,76.38,-0.018687567426027757,399967,中证军工,CNY,CN10Y
2021-01-05,14026.15,0.031305,77.3,-0.018368389391979302,399967,中证军工,CNY,CN10Y
2021-01-06,14242.96,0.031256,78.46,-0.018510652052001017,399967,中证军工,CNY,CN10Y
2021-01-07,14596.82,0.031256,80.67,-0.01885981802404859,399967,中证军工,CNY,CN10Y
2021-01-08,14207.16,0.031456,78.6,-0.018733353689567425,399967,中证军工,CNY,CN10Y
2021-01-11,13734.09,0.031632,75.86,-0.018449822304244662,399967,中证军工,CNY,CN10Y
2021-01-12,14286.48,0.031457,79.09,-0.01881317650777595,399967,中证军工,CNY,CN10Y
2021-01-13,14071.12,0.031157,77.84,-0.018310134635149022,399967,中证军工,CNY,CN10Y
2021-01-14,13264.4,0.031059,73.21,-0.017399663843737194,399967,中证军工,CNY,CN10Y
2021-01-15,13163.31,0.031508,72.57,-0.0177282011850627,399967,中证军工,CNY,CN10Y
2021-01-18,13454.44,0.031658,74.13,-0.018168184810468092,399967,中证军工,CNY,CN10Y
2021-01-19,13153.51,0.031609,72.53,-0.017821601682062593,399967,中证军工,CNY,CN10Y
2021-01-20,13416.05,0.03161,74.07,-0.01810925745916025,399967,中证军工,CNY,CN10Y
2021-01-21,13543.72,0.031335,75.06,-0.01801232480682121,399967,中证军工,CNY,CN10Y
2021-01-22,13579.46,0.031185,75.44,-0.017929432661717922,399967,中证军工,CNY,CN10Y
2021-01-25,13593.11,0.031323,75.51,-0.018079720964110712,399967,中证军工,CNY,CN10Y
2021-01-26,12682.33,0.031585,70.14,-0.0173278001140576,399967,中证军工,CNY,CN10Y
2021-01-27,12652.7,0.031636,69.86,-0.017321657028342395,399967,中证军工,CNY,CN10Y
2021-01-28,12466.39,0.0319609999999999,68.83,-0.01743245140200484,399967,中证军工,CNY,CN10Y
2021-01-29,12070.04,0.031786,66.58,-0.016766474617002106,399967,中证军工,CNY,CN10Y
2021-02-01,12009.97,0.031712,66.41,-0.016654026803192286,399967,中证军工,CNY,CN10Y
2021-02-02,12210.84,0.031862,67.51,-0.017049379647459638,399967,中证军工,CNY,CN10Y
2021-02-03,11810.56,0.032112,65.19,-0.016772223960730175,399967,中证军工,CNY,CN10Y
2021-02-04,11645.98,0.032347,64.31,-0.01679731876846525,399967,中证军工,CNY,CN10Y
2021-02-05,11404.82,0.032164,62.93,-0.016273327824566978,399967,中证军工,CNY,CN10Y
2021-02-07,,0.032168,62.93,-0.016277327824566982,399967,中证军工,CNY,CN10Y
2021-02-08,11446.18,0.03237,63.03,-0.0165045391083611,399967,中证军工,CNY,CN10Y
2021-02-09,12096.11,0.032303,66.75,-0.017321726591760296,399967,中证军工,CNY,CN10Y
2021-02-10,12037.62,0.032449,66.44,-0.017397826008428655,399967,中证军工,CNY,CN10Y
2021-02-18,11961.81,0.032831,66.01,-0.01768178018482048,399967,中证军工,CNY,CN10Y
2021-02-19,12002.19,0.032578,66.24,-0.01748138164251208,399967,中证军工,CNY,CN10Y
2021-02-20,,0.032605,66.24,-0.017508381642512078,399967,中证军工,CNY,CN10Y
2021-02-22,11604.02,0.032736,63.84,-0.017071839598997496,399967,中证军工,CNY,CN10Y
2021-02-23,11926.25,0.032635,65.67,-0.017407346581391807,399967,中证军工,CNY,CN10Y
2021-02-24,11930.51,0.032627,65.8,-0.01742943161094225,399967,中证军工,CNY,CN10Y
2021-02-25,12161.1,0.032723,67.23,-0.017848687936932922,399967,中证军工,CNY,CN10Y
2021-02-26,11748.63,0.032798,64.9,-0.017389679506933747,399967,中证军工,CNY,CN10Y
2021-03-01,11969.4,0.032475,66.14,-0.017355556395524642,399967,中证军工,CNY,CN10Y
2021-03-02,12049.52,0.0324739999999999,66.76,-0.017494970641102357,399967,中证军工,CNY,CN10Y
2021-03-03,12026.69,0.032553,66.56,-0.01752896153846154,399967,中证军工,CNY,CN10Y
2021-03-04,11865.68,0.0326549999999999,65.62,-0.017415743675708528,399967,中证军工,CNY,CN10Y
2021-03-05,11615.43,0.032457,63.99,-0.01682955821222066,399967,中证军工,CNY,CN10Y
2021-03-08,10830.94,0.032404,59.6,-0.015625476510067116,399967,中证军工,CNY,CN10Y
2021-03-09,10257.53,0.032478,56.17,-0.014674902260993414,399967,中证军工,CNY,CN10Y
2021-03-10,10189.01,0.032353,55.83,-0.014441482894501163,399967,中证军工,CNY,CN10Y
2021-03-11,10364.74,0.032506,56.79,-0.014897266067969712,399967,中证军工,CNY,CN10Y
2021-03-12,10284.31,0.0326129999999999,56.31,-0.014854164979577238,399967,中证军工,CNY,CN10Y
2021-03-15,10215.46,0.03274,55.85,-0.014834897045658012,399967,中证军工,CNY,CN10Y
2021-03-16,10202.35,0.032614,55.74,-0.014673562253318978,399967,中证军工,CNY,CN10Y
2021-03-17,10372.52,0.032564,56.68,-0.01492109244883557,399967,中证军工,CNY,CN10Y
2021-03-18,10493.52,0.0325919999999999,57.41,-0.01517343180630542,399967,中证军工,CNY,CN10Y
2021-03-19,10565.03,0.032364,57.79,-0.015059968160581413,399967,中证军工,CNY,CN10Y
2021-03-22,10653.47,0.032309,58.15,-0.01511209544282029,399967,中证军工,CNY,CN10Y
2021-03-23,10580.87,0.032105,57.74,-0.014785983720124699,399967,中证军工,CNY,CN10Y
2021-03-24,10385.63,0.03193,56.54,-0.014243406437920058,399967,中证军工,CNY,CN10Y
2021-03-25,10431.38,0.031882,56.78,-0.014270164846777036,399967,中证军工,CNY,CN10Y
2021-03-26,10596.32,0.031985,57.71,-0.014656980592618263,399967,中证军工,CNY,CN10Y
2021-03-29,10788.56,0.031962,58.82,-0.014960979938796325,399967,中证军工,CNY,CN10Y
2021-03-30,11019.32,0.03206,60.29,-0.015473501409852378,399967,中证军工,CNY,CN10Y
2021-03-31,10573.04,0.031887,57.68,-0.014549968099861303,399967,中证军工,CNY,CN10Y
2021-04-01,10660.63,0.03196,58.19,-0.014774916652345767,399967,中证军工,CNY,CN10Y
2021-04-02,10701.74,0.032013,58.44,-0.014901432580424367,399967,中证军工,CNY,CN10Y
2021-04-06,10809.48,0.032087,59.07,-0.015157932791603181,399967,中证军工,CNY,CN10Y
2021-04-07,10743.28,0.032215,58.72,-0.015185027247956402,399967,中证军工,CNY,CN10Y
2021-04-08,10716.62,0.032221,58.78,-0.01520841068390609,399967,中证军工,CNY,CN10Y
2021-04-09,10778.24,0.032121,58.96,-0.0151603487109905,399967,中证军工,CNY,CN10Y
2021-04-12,10425.78,0.031948,57.01,-0.014407217681108576,399967,中证军工,CNY,CN10Y
2021-04-13,10395.24,0.031626,56.96,-0.014069820224719101,399967,中证军工,CNY,CN10Y
2021-04-14,10551.16,0.031651,57.83,-0.014358937056890887,399967,中证军工,CNY,CN10Y
2021-04-15,10520.25,0.031728,57.65,-0.014381946227233305,399967,中证军工,CNY,CN10Y
2021-04-16,10537.2,0.031631,57.78,-0.014323973347178956,399967,中证军工,CNY,CN10Y
2021-04-19,10688.75,0.031559,58.65,-0.014508701619778342,399967,中证军工,CNY,CN10Y
2021-04-20,10632.77,0.031554,58.35,-0.014416039417309338,399967,中证军工,CNY,CN10Y
2021-04-21,10539.73,0.03153,57.98,-0.014282673335632979,399967,中证军工,CNY,CN10Y
2021-04-22,10541.68,0.031614,57.94,-0.014354766309975838,399967,中证军工,CNY,CN10Y
2021-04-23,10499.88,0.031719,57.78,-0.014411973347178954,399967,中证军工,CNY,CN10Y
2021-04-25,,0.031841,57.78,-0.014533973347178958,399967,中证军工,CNY,CN10Y
2021-04-26,10494.14,0.032024,57.49,-0.014629670551400242,399967,中证军工,CNY,CN10Y
2021-04-27,10351.54,0.032078,56.63,-0.014419515098004595,399967,中证军工,CNY,CN10Y
2021-04-28,10442.12,0.031979,57.14,-0.014478124956247812,399967,中证军工,CNY,CN10Y
2021-04-29,10433.86,0.031872,57.01,-0.014331217681108576,399967,中证军工,CNY,CN10Y
2021-04-30,10079.59,0.03164,54.78,-0.013385162468054036,399967,中证军工,CNY,CN10Y
2021-05-06,10216.15,0.031507,51.71,-0.012168380777412495,399967,中证军工,CNY,CN10Y
2021-05-07,10065.78,0.031589,50.93,-0.011954207147064598,399967,中证军工,CNY,CN10Y
2021-05-08,,0.031582,50.93,-0.011947207147064598,399967,中证军工,CNY,CN10Y
2021-05-10,9921.19,0.03146,50.19,-0.011535712293285517,399967,中证军工,CNY,CN10Y
2021-05-11,10175.58,0.03138,51.67,-0.012026409909038124,399967,中证军工,CNY,CN10Y
2021-05-12,10138.87,0.03131,51.47,-0.011881206528074603,399967,中证军工,CNY,CN10Y
2021-05-13,10098.27,0.031366,51.25,-0.011853804878048779,399967,中证军工,CNY,CN10Y
2021-05-14,10494.42,0.031422,53.3,-0.012660273921200747,399967,中证军工,CNY,CN10Y
2021-05-17,10557.44,0.031524,53.65,-0.012884671015843431,399967,中证军工,CNY,CN10Y
2021-05-18,10794.27,0.031457,54.89,-0.013238745308799416,399967,中证军工,CNY,CN10Y
2021-05-19,10814.66,0.031298,55.01,-0.013119487002363206,399967,中证军工,CNY,CN10Y
2021-05-20,10832.18,0.0310009999999999,55.04,-0.012832395348837108,399967,中证军工,CNY,CN10Y
2021-05-21,10610.86,0.030876,53.86,-0.01230934571110286,399967,中证军工,CNY,CN10Y
2021-05-24,10709.94,0.03085,54.42,-0.012474402793090776,399967,中证军工,CNY,CN10Y
2021-05-25,11077.72,0.03085,56.41,-0.013122646693848605,399967,中证军工,CNY,CN10Y
2021-05-26,11081.68,0.0306,56.47,-0.012891482202939612,399967,中证军工,CNY,CN10Y
2021-05-27,11176.15,0.030725,56.88,-0.013144127988748242,399967,中证军工,CNY,CN10Y
2021-05-28,11237.4,0.030825,57.2,-0.013342482517482521,399967,中证军工,CNY,CN10Y
2021-05-31,11573.63,0.0304499999999999,59.03,-0.01350946129086895,399967,中证军工,CNY,CN10Y
2021-06-01,11498.88,0.0304,57.57,-0.013029841931561578,399967,中证军工,CNY,CN10Y
2021-06-02,11226.98,0.03065,56.15,-0.012840560997328585,399967,中证军工,CNY,CN10Y
2021-06-03,11069.75,0.03055,55.03,-0.012378093767036163,399967,中证军工,CNY,CN10Y
2021-06-04,11190.95,0.0309249999999999,55.69,-0.01296845483928882,399967,中证军工,CNY,CN10Y
2021-06-07,11390.35,0.0311,56.71,-0.013466425674484219,399967,中证军工,CNY,CN10Y
2021-06-08,11538.39,0.0311,57.53,-0.013717764644533288,399967,中证军工,CNY,CN10Y
2021-06-09,11618.1,0.031051,57.9,-0.013779842832469774,399967,中证军工,CNY,CN10Y
2021-06-10,11643.3,0.031,58.01,-0.013761592828822614,399967,中证军工,CNY,CN10Y
2021-06-11,11217.12,0.031276,55.77,-0.013345212838443608,399967,中证军工,CNY,CN10Y
2021-06-15,11249.62,0.031176,57.24,-0.013705699510831587,399967,中证军工,CNY,CN10Y
2021-06-16,11106.01,0.031301,56.53,-0.013611277728639664,399967,中证军工,CNY,CN10Y
2021-06-17,11219.78,0.031401,57.08,-0.013881728801681849,399967,中证军工,CNY,CN10Y
2021-06-18,11467.07,0.031202,58.47,-0.014099212245596033,399967,中证军工,CNY,CN10Y
2021-06-21,11921.44,0.0309529999999999,60.9,-0.014532638752052445,399967,中证军工,CNY,CN10Y
2021-06-22,11834.29,0.0308769999999999,60.4,-0.014320708609271423,399967,中证军工,CNY,CN10Y
2021-06-23,11820.46,0.030853,60.32,-0.01427475066312997,399967,中证军工,CNY,CN10Y
2021-06-24,11631.49,0.030828,58.23,-0.013654721621157478,399967,中证军工,CNY,CN10Y
2021-06-25,11663.03,0.030827,58.39,-0.013700779756807672,399967,中证军工,CNY,CN10Y
2021-06-28,11730.39,0.030903,58.74,-0.013878825672454888,399967,中证军工,CNY,CN10Y
2021-06-29,11470.86,0.030853,57.45,-0.013446559617058311,399967,中证军工,CNY,CN10Y
2021-06-30,11638.65,0.030778,58.25,-0.013610618025751073,399967,中证军工,CNY,CN10Y
2021-07-01,11143.69,0.030878,55.56,-0.012879439884809215,399967,中证军工,CNY,CN10Y
2021-07-02,10768.9,0.0308029999999999,53.42,-0.012083419318607163,399967,中证军工,CNY,CN10Y
2021-07-05,10819.32,0.030754,53.65,-0.012114671015843428,399967,中证军工,CNY,CN10Y
2021-07-06,10889.26,0.030854,54.05,-0.012352612395929694,399967,中证军工,CNY,CN10Y
2021-07-07,11197.67,0.030554,55.71,-0.01260390127445701,399967,中证军工,CNY,CN10Y
2021-07-08,11643.37,0.02983,58.15,-0.012633095442820291,399967,中证军工,CNY,CN10Y
2021-07-09,11545.99,0.030105,57.65,-0.012758946227233305,399967,中证军工,CNY,CN10Y
2021-07-12,11711.45,0.029431,58.46,-0.012325286691755047,399967,中证军工,CNY,CN10Y
2021-07-13,11651.94,0.029256,58.21,-0.012076821164748328,399967,中证军工,CNY,CN10Y
2021-07-14,11422.06,0.029356,56.89,-0.011778218316048514,399967,中证军工,CNY,CN10Y
2021-07-15,11426.68,0.029557,56.89,-0.011979218316048514,399967,中证军工,CNY,CN10Y
2021-07-16,11897.58,0.029432,59.3,-0.012568593591905566,399967,中证军工,CNY,CN10Y
2021-07-19,11813.57,0.029483,58.85,-0.012490646559048427,399967,中证军工,CNY,CN10Y
2021-07-20,12022.59,0.029258,59.83,-0.01254397693464817,399967,中证军工,CNY,CN10Y
2021-07-21,12217.2,0.029184,60.85,-0.012750146261298275,399967,中证军工,CNY,CN10Y
2021-07-22,12185.41,0.0292839999999999,60.74,-0.012820384590055876,399967,中证军工,CNY,CN10Y
2021-07-23,12435.42,0.029134,62.15,-0.013043895414320193,399967,中证军工,CNY,CN10Y
2021-07-26,12544.57,0.028711,62.62,-0.012741661130629193,399967,中证军工,CNY,CN10Y
2021-07-27,12294.23,0.02911,61.33,-0.012804766019892385,399967,中证军工,CNY,CN10Y
2021-07-28,11692.78,0.029312,58.12,-0.012106218857536134,399967,中证军工,CNY,CN10Y
2021-07-29,12220.55,0.0288399999999999,60.83,-0.01240074305441384,399967,中证军工,CNY,CN10Y
2021-07-30,12221.05,0.028363,60.83,-0.01192374305441394,399967,中证军工,CNY,CN10Y
2021-08-02,12858.19,0.028212,64.03,-0.012594320787131033,399967,中证军工,CNY,CN10Y
2021-08-03,12624.37,0.0283369999999999,62.94,-0.012448852557991639,399967,中证军工,CNY,CN10Y
2021-08-04,13005.58,0.028338,64.94,-0.012939170311056358,399967,中证军工,CNY,CN10Y
2021-08-05,13457.39,0.027988,67.16,-0.01309818463371054,399967,中证军工,CNY,CN10Y
2021-08-06,13532.78,0.0281389999999999,67.48,-0.013319794309424916,399967,中证军工,CNY,CN10Y
2021-08-09,13475.32,0.0286149999999999,67.21,-0.013736261717006298,399967,中证军工,CNY,CN10Y
2021-08-10,13959.06,0.028766,69.7,-0.014418797704447633,399967,中证军工,CNY,CN10Y
2021-08-11,13907.88,0.028841,69.38,-0.014427624387431535,399967,中证军工,CNY,CN10Y
2021-08-12,13524.76,0.0285659999999999,67.27,-0.013700532481046428,399967,中证军工,CNY,CN10Y
2021-08-13,13464.36,0.0287919999999999,66.99,-0.013864398865502213,399967,中证军工,CNY,CN10Y
2021-08-16,13218.68,0.028943,65.83,-0.013752357435819535,399967,中证军工,CNY,CN10Y
2021-08-17,12998.77,0.0288189999999999,64.73,-0.013370212729800612,399967,中证军工,CNY,CN10Y
2021-08-18,13328.67,0.028494,66.53,-0.013463186833007665,399967,中证军工,CNY,CN10Y
2021-08-19,13641.86,0.028395,68.07,-0.013704240487733214,399967,中证军工,CNY,CN10Y
2021-08-20,13611.05,0.02852,67.79,-0.013768561734769142,399967,中证军工,CNY,CN10Y
2021-08-23,14204.26,0.028672,70.84,-0.01455568153585545,399967,中证军工,CNY,CN10Y
2021-08-24,14103.87,0.028522,70.32,-0.014301294653014787,399967,中证军工,CNY,CN10Y
2021-08-25,13978.61,0.028547,69.57,-0.014172988213310332,399967,中证军工,CNY,CN10Y
2021-08-26,13941.26,0.028848,69.26,-0.014409651747040139,399967,中证军工,CNY,CN10Y
2021-08-27,13696.27,0.028698,67.94,-0.013979130409184576,399967,中证军工,CNY,CN10Y
2021-08-30,14094.02,0.028505,70.24,-0.014268097949886102,399967,中证军工,CNY,CN10Y
2021-08-31,14114.69,0.02845,70.38,-0.014241418016481953,399967,中证军工,CNY,CN10Y
2021-09-01,13620.29,0.028226,69.04,-0.01374164310544612,399967,中证军工,CNY,CN10Y
2021-09-02,13590.07,0.028301,68.83,-0.01377245140200494,399967,中证军工,CNY,CN10Y
2021-09-03,13075.22,0.028327,66.15,-0.013209842025699171,399967,中证军工,CNY,CN10Y
2021-09-06,13270.06,0.028354,67.12,-0.013455311084624555,399967,中证军工,CNY,CN10Y
2021-09-07,13438.76,0.0286039999999999,67.84,-0.013863433962264053,399967,中证军工,CNY,CN10Y
2021-09-08,13270.77,0.0287049999999999,66.93,-0.013764016883310824,399967,中证军工,CNY,CN10Y
2021-09-09,13558.0,0.02873,68.64,-0.01416123543123543,399967,中证军工,CNY,CN10Y
2021-09-10,13428.62,0.028656,67.84,-0.013915433962264153,399967,中证军工,CNY,CN10Y
2021-09-13,13297.48,0.028908,67.03,-0.013989306877517529,399967,中证军工,CNY,CN10Y
2021-09-14,13134.88,0.028858,66.22,-0.013756822108124435,399967,中证军工,CNY,CN10Y
2021-09-15,13233.2,0.029009,66.73,-0.01402323647534842,399967,中证军工,CNY,CN10Y
2021-09-16,12903.37,0.028885,65.03,-0.01350748193141627,399967,中证军工,CNY,CN10Y
2021-09-17,12719.03,0.0287849999999999,64.07,-0.013177071172155354,399967,中证军工,CNY,CN10Y
2021-09-18,,0.028717,64.07,-0.013109071172155453,399967,中证军工,CNY,CN10Y
2021-09-22,12944.18,0.028639,65.03,-0.01326148193141627,399967,中证军工,CNY,CN10Y
2021-09-23,13277.2,0.028565,66.64,-0.013558997599039616,399967,中证军工,CNY,CN10Y
2021-09-24,13214.05,0.028719,66.17,-0.013606411213540882,399967,中证军工,CNY,CN10Y
2021-09-26,,0.028797,66.17,-0.01368441121354088,399967,中证军工,CNY,CN10Y
2021-09-27,12770.15,0.028825,64.09,-0.013221941800592918,399967,中证军工,CNY,CN10Y
2021-09-28,12913.54,0.028769,64.67,-0.013305879542291635,399967,中证军工,CNY,CN10Y
2021-09-29,12410.88,0.0286459999999999,62.14,-0.012553306083038202,399967,中证军工,CNY,CN10Y
2021-09-30,12543.94,0.028776,62.86,-0.01286763219853643,399967,中证军工,CNY,CN10Y
2021-10-08,12340.37,0.029131,61.77,-0.01294191144568561,399967,中证军工,CNY,CN10Y
2021-10-09,,0.029186,61.77,-0.01299691144568561,399967,中证军工,CNY,CN10Y
2021-10-11,12628.5,0.02958,63.28,-0.013777218710493047,399967,中证军工,CNY,CN10Y
2021-10-12,12197.74,0.029657,61.15,-0.013303770237121832,399967,中证军工,CNY,CN10Y
2021-10-13,12238.66,0.029578,61.26,-0.01325413450865165,399967,中证军工,CNY,CN10Y
2021-10-14,12473.17,0.029581,62.58,-0.013601453819111535,399967,中证军工,CNY,CN10Y
2021-10-15,12553.77,0.029683,62.94,-0.01379485255799174,399967,中证军工,CNY,CN10Y
2021-10-18,12731.96,0.030426,63.91,-0.014778996401189175,399967,中证军工,CNY,CN10Y
2021-10-19,12747.6,0.030102,63.88,-0.014447648090169067,399967,中证军工,CNY,CN10Y
2021-10-20,12896.43,0.0299779999999999,64.63,-0.014505309299087011,399967,中证军工,CNY,CN10Y
2021-10-21,12734.63,0.029702,63.86,-0.014042745380519885,399967,中证军工,CNY,CN10Y
2021-10-22,12751.44,0.0299529999999999,63.92,-0.014308444305381626,399967,中证军工,CNY,CN10Y
2021-10-25,12973.12,0.029879,65.06,-0.014508572702121119,399967,中证军工,CNY,CN10Y
2021-10-26,12946.23,0.02978,65.0,-0.014395384615384615,399967,中证军工,CNY,CN10Y
2021-10-27,13042.21,0.029781,65.51,-0.014516154938177378,399967,中证军工,CNY,CN10Y
2021-10-28,12782.77,0.029682,64.25,-0.01411779766536965,399967,中证军工,CNY,CN10Y
2021-10-29,13219.3,0.0297319999999999,66.49,-0.014692144382613827,399967,中证军工,CNY,CN10Y
2021-11-01,13451.87,0.029435,63.85,-0.013773292873923256,399967,中证军工,CNY,CN10Y
2021-11-02,13777.07,0.029259,65.33,-0.013952096586560539,399967,中证军工,CNY,CN10Y
2021-11-03,13641.03,0.0293849999999999,64.7,-0.013929049459041632,399967,中证军工,CNY,CN10Y
2021-11-04,13811.58,0.029261,65.56,-0.01400779682733374,399967,中证军工,CNY,CN10Y
2021-11-05,13649.32,0.028911,64.82,-0.013483662758407896,399967,中证军工,CNY,CN10Y
2021-11-08,13725.3,0.029013,65.19,-0.013673223960730174,399967,中证军工,CNY,CN10Y
2021-11-09,14229.64,0.028988,67.55,-0.014184150999259806,399967,中证军工,CNY,CN10Y
2021-11-10,14211.17,0.0291389999999999,67.39,-0.014300003116189246,399967,中证军工,CNY,CN10Y
2021-11-11,14226.12,0.029365,67.45,-0.014539203113417346,399967,中证军工,CNY,CN10Y
2021-11-12,14749.35,0.0293909999999999,70.01,-0.0151073262391086,399967,中证军工,CNY,CN10Y
2021-11-15,14529.66,0.029269,68.9,-0.014755211901306242,399967,中证军工,CNY,CN10Y
2021-11-16,13944.46,0.029244,66.06,-0.014106246442627913,399967,中证军工,CNY,CN10Y
2021-11-17,14224.33,0.029295,67.32,-0.014440573380867499,399967,中证军工,CNY,CN10Y
2021-11-18,14613.88,0.029146,69.26,-0.014707651747040138,399967,中证军工,CNY,CN10Y
2021-11-19,14609.96,0.029302,69.21,-0.014853220921832106,399967,中证军工,CNY,CN10Y
2021-11-22,14752.75,0.028876,69.84,-0.0145575578465063,399967,中证军工,CNY,CN10Y
2021-11-23,14678.32,0.028875,69.44,-0.014474078341013826,399967,中证军工,CNY,CN10Y
2021-11-24,14408.6,0.0286,68.2,-0.013937243401759532,399967,中证军工,CNY,CN10Y
2021-11-25,14331.09,0.02855,67.74,-0.013787673457336874,399967,中证军工,CNY,CN10Y
2021-11-26,14324.67,0.0282,67.73,-0.013435493872729957,399967,中证军工,CNY,CN10Y
2021-11-29,14670.13,0.02825,69.53,-0.01386771897022868,399967,中证军工,CNY,CN10Y
2021-11-30,14996.01,0.02825,70.97,-0.014159539241933212,399967,中证军工,CNY,CN10Y
2021-12-01,14748.38,0.028401,69.9,-0.014094848354792562,399967,中证军工,CNY,CN10Y
2021-12-02,14613.36,0.028601,69.31,-0.014173067522723995,399967,中证军工,CNY,CN10Y
2021-12-03,14968.83,0.0287009999999999,71.0,-0.014616492957746379,399967,中证军工,CNY,CN10Y
2021-12-06,14921.39,0.028176,70.82,-0.014055695001412028,399967,中证军工,CNY,CN10Y
2021-12-07,14391.58,0.028451,68.21,-0.013790393050872306,399967,中证军工,CNY,CN10Y
2021-12-08,14723.09,0.028551,69.68,-0.014199679678530426,399967,中证军工,CNY,CN10Y
2021-12-09,14610.15,0.028526,69.12,-0.014058407407407408,399967,中证军工,CNY,CN10Y
2021-12-10,14512.94,0.028426,68.66,-0.013861479172735216,399967,中证军工,CNY,CN10Y
2021-12-13,14503.78,0.028552,68.35,-0.01392142209217264,399967,中证军工,CNY,CN10Y
2021-12-14,14637.82,0.028477,69.02,-0.01398844595769342,399967,中证军工,CNY,CN10Y
2021-12-15,14551.77,0.028502,68.59,-0.01392261525003645,399967,中证军工,CNY,CN10Y
2021-12-16,14596.04,0.0285769999999999,68.88,-0.014058997677119529,399967,中证军工,CNY,CN10Y
2021-12-17,14316.96,0.028512,67.53,-0.013703766622241965,399967,中证军工,CNY,CN10Y
2021-12-20,14009.43,0.028533,66.04,-0.013390662023016354,399967,中证军工,CNY,CN10Y
2021-12-21,14054.53,0.028508,66.31,-0.013427318353189563,399967,中证军工,CNY,CN10Y
2021-12-22,14051.05,0.028303,66.33,-0.013226865520880444,399967,中证军工,CNY,CN10Y
2021-12-23,14169.4,0.0281429999999999,66.87,-0.013188610886795175,399967,中证军工,CNY,CN10Y
2021-12-24,14155.08,0.028203,66.77,-0.013226214018271678,399967,中证军工,CNY,CN10Y
2021-12-27,14108.42,0.028128,66.5,-0.013090406015037595,399967,中证军工,CNY,CN10Y
2021-12-28,14203.89,0.0280039999999999,66.93,-0.013063016883310824,399967,中证军工,CNY,CN10Y
2021-12-29,14424.77,0.027854,68.04,-0.01315676308054086,399967,中证军工,CNY,CN10Y
2021-12-30,14877.0,0.027654,70.12,-0.013392733599543643,399967,中证军工,CNY,CN10Y
2021-12-31,14896.89,0.0277539999999999,70.2,-0.013508985754985655,399967,中证军工,CNY,CN10Y
2022-01-04,14732.88,0.0278549999999999,69.41,-0.013447854055611483,399967,中证军工,CNY,CN10Y
2022-01-05,13979.6,0.028045,65.8,-0.01284743161094225,399967,中证军工,CNY,CN10Y
2022-01-06,13805.97,0.028205,64.96,-0.01281091133004926,399967,中证军工,CNY,CN10Y
2022-01-07,13614.24,0.0281809999999999,63.98,-0.012551115661144006,399967,中证军工,CNY,CN10Y
2022-01-10,13500.72,0.028056,63.5,-0.01230796850393701,399967,中证军工,CNY,CN10Y
2022-01-11,13142.41,0.027957,61.76,-0.011765290155440412,399967,中证军工,CNY,CN10Y
2022-01-12,13459.64,0.027957,63.21,-0.0121367183989875,399967,中证军工,CNY,CN10Y
2022-01-13,13182.13,0.027858,61.86,-0.011692464920788879,399967,中证军工,CNY,CN10Y
2022-01-14,13241.65,0.0279349999999999,62.07,-0.011824157402932075,399967,中证军工,CNY,CN10Y
2022-01-17,13474.25,0.02786,63.21,-0.0120397183989875,399967,中证军工,CNY,CN10Y
2022-01-18,13507.44,0.027415,63.37,-0.011634662300773233,399967,中证军工,CNY,CN10Y
2022-01-19,13219.4,0.0273139999999999,61.83,-0.011140621381206434,399967,中证军工,CNY,CN10Y
2022-01-20,12902.49,0.027271,60.28,-0.0106817498341075,399967,中证军工,CNY,CN10Y
2022-01-21,12564.34,0.0271,58.63,-0.010043885382909772,399967,中证军工,CNY,CN10Y
2022-01-24,12716.66,0.026751,59.35,-0.009901800336983995,399967,中证军工,CNY,CN10Y
2022-01-25,12505.98,0.026979,58.38,-0.009849846180198699,399967,中证军工,CNY,CN10Y
2022-01-26,12489.0,0.027146,58.29,-0.0099903986961743,399967,中证军工,CNY,CN10Y
2022-01-27,12185.17,0.0273479999999999,56.83,-0.009751660038711848,399967,中证军工,CNY,CN10Y
2022-01-28,12214.79,0.027021,56.97,-0.009467901878181497,399967,中证军工,CNY,CN10Y
2022-01-29,,0.027013,56.97,-0.009459901878181496,399967,中证军工,CNY,CN10Y
2022-01-30,,0.026997,56.97,-0.009443901878181497,399967,中证军工,CNY,CN10Y
2022-02-07,12157.25,0.027256,56.76,-0.009637959126145172,399967,中证军工,CNY,CN10Y
2022-02-08,12058.28,0.027227,56.38,-0.0094902139056403,399967,中证军工,CNY,CN10Y
2022-02-09,12335.2,0.027328,57.7,-0.009996977469670713,399967,中证军工,CNY,CN10Y
2022-02-10,12233.85,0.027328,57.24,-0.00985769951083159,399967,中证军工,CNY,CN10Y
2022-02-11,11993.99,0.027891,56.07,-0.010056150704476546,399967,中证军工,CNY,CN10Y
2022-02-14,12035.27,0.028018,56.34,-0.010268621228257013,399967,中证军工,CNY,CN10Y
2022-02-15,12314.03,0.027968,57.63,-0.010615926427208051,399967,中证军工,CNY,CN10Y
2022-02-16,12171.79,0.027892,56.9,-0.010317307557117749,399967,中证军工,CNY,CN10Y
2022-02-17,12253.62,0.027799,57.34,-0.010359167422392748,399967,中证军工,CNY,CN10Y
2022-02-18,12216.9,0.027975,57.11,-0.01046493171073367,399967,中证军工,CNY,CN10Y
2022-02-21,12239.62,0.0283,57.21,-0.010820538367418281,399967,中证军工,CNY,CN10Y
2022-02-22,12142.13,0.0282,56.7,-0.01056331569664903,399967,中证军工,CNY,CN10Y
2022-02-23,12596.34,0.0279,58.83,-0.010901869794322627,399967,中证军工,CNY,CN10Y
2022-02-24,12724.35,0.027875,59.55,-0.011082388748950463,399967,中证军工,CNY,CN10Y
2022-02-25,12689.07,0.02775,59.34,-0.010897960903269298,399967,中证军工,CNY,CN10Y
2022-02-28,12874.11,0.02775,60.15,-0.011124896093100582,399967,中证军工,CNY,CN10Y
2022-03-01,13054.25,0.028025,61.07,-0.011650347961355823,399967,中证军工,CNY,CN10Y
2022-03-02,12940.5,0.028175,60.48,-0.011640608465608462,399967,中证军工,CNY,CN10Y
2022-03-03,12635.81,0.0283,58.99,-0.011347974232920832,399967,中证军工,CNY,CN10Y
2022-03-04,12458.51,0.028125,58.16,-0.010931052269601099,399967,中证军工,CNY,CN10Y
2022-03-07,12250.7,0.028126,57.18,-0.010637367611052818,399967,中证军工,CNY,CN10Y
2022-03-08,11801.59,0.028276,54.95,-0.010077637852593267,399967,中证军工,CNY,CN10Y
2022-03-09,11561.68,0.028426,53.8,-0.00983863940520446,399967,中证军工,CNY,CN10Y
2022-03-10,11797.64,0.028502,54.97,-0.01031025905039112,399967,中证军工,CNY,CN10Y
2022-03-11,11848.19,0.027902,55.25,-0.009802452488687781,399967,中证军工,CNY,CN10Y
2022-03-14,11776.6,0.027677,55.03,-0.009505093767036163,399967,中证军工,CNY,CN10Y
2022-03-15,11312.09,0.0281769999999999,52.85,-0.00925552412488164,399967,中证军工,CNY,CN10Y
2022-03-16,11686.35,0.0279519999999999,54.57,-0.00962691295583644,399967,中证军工,CNY,CN10Y
2022-03-17,11804.62,0.0278759999999999,55.09,-0.009723885278634863,399967,中证军工,CNY,CN10Y
2022-03-18,11645.63,0.027927,54.3,-0.00951079373848987,399967,中证军工,CNY,CN10Y
2022-03-21,11808.48,0.028127,55.06,-0.009964994914638575,399967,中证军工,CNY,CN10Y
2022-03-22,11675.31,0.028302,54.41,-0.009923025546774489,399967,中证军工,CNY,CN10Y
2022-03-23,11921.41,0.028302,55.7,-0.010348678635547576,399967,中证军工,CNY,CN10Y
2022-03-24,11776.54,0.028052,55.02,-0.00987679098509633,399967,中证军工,CNY,CN10Y
2022-03-25,11668.41,0.027972,54.55,-0.009640194317140239,399967,中证军工,CNY,CN10Y
2022-03-28,11433.67,0.0279029999999999,53.42,-0.009183419318607163,399967,中证军工,CNY,CN10Y
2022-03-29,11573.49,0.027853,54.0,-0.009334481481481482,399967,中证军工,CNY,CN10Y
2022-03-30,11755.39,0.027703,54.84,-0.009468134938001457,399967,中证军工,CNY,CN10Y
2022-03-31,11516.9,0.027878,53.66,-0.009242144614237793,399967,中证军工,CNY,CN10Y
2022-04-01,11518.09,0.027743,53.65,-0.009103671015843428,399967,中证军工,CNY,CN10Y
2022-04-02,,0.027714,53.65,-0.009074671015843427,399967,中证军工,CNY,CN10Y
2022-04-06,11284.3,0.027604,52.52,-0.00856363442498096,399967,中证军工,CNY,CN10Y
2022-04-07,11111.17,0.0273939999999999,51.76,-0.008074061823802065,399967,中证军工,CNY,CN10Y
2022-04-08,11003.56,0.0275289999999999,51.2,-0.0079977499999999,399967,中证军工,CNY,CN10Y
2022-04-11,10457.36,0.0276799999999999,48.62,-0.007112332373508744,399967,中证军工,CNY,CN10Y
2022-04-12,10612.17,0.027705,49.25,-0.00740043147208122,399967,中证军工,CNY,CN10Y
2022-04-13,10329.63,0.027631,47.97,-0.006784637690223055,399967,中证军工,CNY,CN10Y
2022-04-14,10356.75,0.027656,48.17,-0.006896190990242891,399967,中证军工,CNY,CN10Y
2022-04-15,10356.25,0.027578,48.22,-0.006839717129821649,399967,中证军工,CNY,CN10Y
2022-04-18,10668.44,0.028107,49.65,-0.00796601309164149,399967,中证军工,CNY,CN10Y
2022-04-19,10632.2,0.028208,49.5,-0.008005979797979797,399967,中证军工,CNY,CN10Y
2022-04-20,10458.04,0.02833,48.71,-0.0078003346335454755,399967,中证军工,CNY,CN10Y
2022-04-21,10128.63,0.028259,47.13,-0.00704109208572035,399967,中证军工,CNY,CN10Y
2022-04-22,9995.66,0.028409,46.44,-0.00687583893195521,399967,中证军工,CNY,CN10Y
2022-04-24,,0.028335,46.44,-0.0068018389319552085,399967,中证军工,CNY,CN10Y
2022-04-25,9228.98,0.0281599999999999,42.75,-0.004768187134502826,399967,中证军工,CNY,CN10Y
2022-04-26,8840.23,0.02826,40.85,-0.003780195838433295,399967,中证军工,CNY,CN10Y
2022-04-27,9428.49,0.028411,43.68,-0.0055172271062271065,399967,中证军工,CNY,CN10Y
2022-04-28,9494.37,0.0284859999999999,44.04,-0.005779369663941773,399967,中证军工,CNY,CN10Y
2022-04-29,10051.59,0.028386,46.69,-0.006968137502677232,399967,中证军工,CNY,CN10Y
2022-05-05,10401.9,0.0282819999999999,48.15,-0.007513568016614645,399967,中证军工,CNY,CN10Y
2022-05-06,10297.92,0.028273,47.7,-0.007308639412997905,399967,中证军工,CNY,CN10Y
2022-05-07,,0.0282629999999999,47.7,-0.007298639412997805,399967,中证军工,CNY,CN10Y
2022-05-09,10561.84,0.028154,48.96,-0.007729163398692809,399967,中证军工,CNY,CN10Y
2022-05-10,10597.71,0.028089,49.17,-0.007751395769778319,399967,中证军工,CNY,CN10Y
2022-05-11,10553.98,0.0282399999999999,48.94,-0.007806816510012159,399967,中证军工,CNY,CN10Y
2022-05-12,10631.08,0.028055,49.3,-0.007771024340770791,399967,中证军工,CNY,CN10Y
2022-05-13,10640.03,0.02814,49.32,-0.007864249797242498,399967,中证军工,CNY,CN10Y
2022-05-16,10634.23,0.028216,49.26,-0.007915553390174586,399967,中证军工,CNY,CN10Y
2022-05-17,10755.75,0.028178,49.79,-0.008093645711990363,399967,中证军工,CNY,CN10Y
2022-05-18,10804.37,0.027801,49.82,-0.007728739863508631,399967,中证军工,CNY,CN10Y
2022-05-19,10852.65,0.027774,49.44,-0.0075474627831715185,399967,中证军工,CNY,CN10Y
2022-05-20,10824.05,0.0279,49.36,-0.00764068071312804,399967,中证军工,CNY,CN10Y
2022-05-23,10808.8,0.027675,49.29,-0.007386909109352812,399967,中证军工,CNY,CN10Y
2022-05-24,10424.29,0.02765,47.52,-0.006606228956228959,399967,中证军工,CNY,CN10Y
2022-05-25,10549.73,0.027575,48.04,-0.006759013322231472,399967,中证军工,CNY,CN10Y
2022-05-26,10868.07,0.0271,48.77,-0.00659559155218372,399967,中证军工,CNY,CN10Y
2022-05-27,10856.12,0.026974,48.69,-0.006435901827890739,399967,中证军工,CNY,CN10Y
2022-05-30,10978.95,0.027225,49.22,-0.006908055668427466,399967,中证军工,CNY,CN10Y
2022-05-31,11020.18,0.027426,49.42,-0.007191277215702143,399967,中证军工,CNY,CN10Y
2022-06-01,11106.15,0.027551,49.84,-0.007486794542536115,399967,中证军工,CNY,CN10Y
2022-06-02,11327.48,0.027601,50.49,-0.007795097841156666,399967,中证军工,CNY,CN10Y
2022-06-06,11514.32,0.027776,51.3,-0.008282822612085766,399967,中证军工,CNY,CN10Y
2022-06-07,11473.86,0.027576,51.16,-0.008029479280688034,399967,中证军工,CNY,CN10Y
2022-06-08,11346.4,0.0276609999999999,50.31,-0.007784235937189327,399967,中证军工,CNY,CN10Y
2022-06-09,11060.61,0.027576,49.07,-0.007196949663745671,399967,中证军工,CNY,CN10Y
2022-06-10,11481.87,0.027526,50.86,-0.007864183248132126,399967,中证军工,CNY,CN10Y
2022-06-13,11541.12,0.027652,49.15,-0.007306120040691758,399967,中证军工,CNY,CN10Y
2022-06-14,11327.0,0.027702,48.21,-0.006959415473968059,399967,中证军工,CNY,CN10Y
2022-06-15,11363.65,0.027827,48.36,-0.007148753515301903,399967,中证军工,CNY,CN10Y
2022-06-16,11407.97,0.027728,48.52,-0.007117942291838417,399967,中证军工,CNY,CN10Y
2022-06-17,11453.16,0.027752,48.66,-0.007201239621866005,399967,中证军工,CNY,CN10Y
2022-06-20,11589.36,0.027853,49.18,-0.007519531110207402,399967,中证军工,CNY,CN10Y
2022-06-21,11353.46,0.027853,48.21,-0.007110415473968058,399967,中证军工,CNY,CN10Y
2022-06-22,11147.41,0.027773,47.36,-0.006658135135135135,399967,中证军工,CNY,CN10Y
2022-06-23,11723.91,0.027803,49.64,-0.007657955680902499,399967,中证军工,CNY,CN10Y
2022-06-24,12036.39,0.027978,50.77,-0.008281328737443371,399967,中证军工,CNY,CN10Y
2022-06-27,12044.39,0.028329,50.83,-0.008655578792051939,399967,中证军工,CNY,CN10Y
2022-06-28,12285.38,0.028414,51.84,-0.009123876543209876,399967,中证军工,CNY,CN10Y
2022-06-29,11942.16,0.028294,50.42,-0.008460600555335186,399967,中证军工,CNY,CN10Y
2022-06-30,12010.17,0.028205,50.69,-0.008477243045965675,399967,中证军工,CNY,CN10Y
2022-07-01,11970.87,0.028255,50.51,-0.008456940209859432,399967,中证军工,CNY,CN10Y
2022-07-04,12366.51,0.028445,52.14,-0.009265866896816265,399967,中证军工,CNY,CN10Y
2022-07-05,12279.84,0.028333,51.77,-0.009016793702916748,399967,中证军工,CNY,CN10Y
2022-07-06,12149.76,0.028356,51.23,-0.00883618739020105,399967,中证军工,CNY,CN10Y
2022-07-07,12385.1,0.028356,52.16,-0.009184220858895704,399967,中证军工,CNY,CN10Y
2022-07-08,12211.21,0.028384,51.51,-0.008970293923509998,399967,中证军工,CNY,CN10Y
2022-07-11,12106.13,0.028266,51.03,-0.008669684107387811,399967,中证军工,CNY,CN10Y
2022-07-12,11911.01,0.028117,50.24,-0.008212541401273886,399967,中证军工,CNY,CN10Y
2022-07-13,11835.18,0.028067,49.93,-0.008038960745043063,399967,中证军工,CNY,CN10Y
2022-07-14,12109.1,0.027907,51.07,-0.008326032700215393,399967,中证军工,CNY,CN10Y
2022-07-15,11933.92,0.027857,50.3,-0.007976284294234592,399967,中证军工,CNY,CN10Y
2022-07-18,11948.36,0.027837,50.42,-0.008003600555335187,399967,中证军工,CNY,CN10Y
2022-07-19,12009.62,0.027859,50.72,-0.00814291167192429,399967,中证军工,CNY,CN10Y
2022-07-20,12487.58,0.02771,52.79,-0.008767018374692175,399967,中证军工,CNY,CN10Y
2022-07-21,12294.43,0.027635,51.97,-0.008393129690205888,399967,中证军工,CNY,CN10Y
2022-07-22,12282.76,0.02787,51.9,-0.008602177263969168,399967,中证军工,CNY,CN10Y
2022-07-25,12115.42,0.02779,51.21,-0.008262563952353055,399967,中证军工,CNY,CN10Y
2022-07-26,12188.54,0.0277,51.5,-0.00828252427184466,399967,中证军工,CNY,CN10Y
2022-07-27,12308.07,0.0277009999999999,52.0,-0.008470230769230667,399967,中证军工,CNY,CN10Y
2022-07-28,12463.36,0.02785,52.7,-0.008874667931688805,399967,中证军工,CNY,CN10Y
2022-07-29,12209.39,0.0275599999999999,51.63,-0.008191415843501741,399967,中证军工,CNY,CN10Y
2022-08-01,12227.89,0.027292,51.68,-0.007942154798761609,399967,中证军工,CNY,CN10Y
2022-08-02,12073.99,0.0273139999999999,51.03,-0.007717684107387712,399967,中证军工,CNY,CN10Y
2022-08-03,12506.04,0.027218,52.79,-0.008275018374692175,399967,中证军工,CNY,CN10Y
2022-08-04,12306.23,0.0271919999999999,51.97,-0.007950129690205789,399967,中证军工,CNY,CN10Y
2022-08-05,12369.18,0.027339,52.18,-0.008174569183595246,399967,中证军工,CNY,CN10Y
2022-08-08,12647.93,0.027409,53.31,-0.008650793284561996,399967,中证军工,CNY,CN10Y
2022-08-09,12843.03,0.0274,54.17,-0.008939597563226879,399967,中证军工,CNY,CN10Y
2022-08-10,12866.98,0.027366,54.22,-0.008922621172998895,399967,中证军工,CNY,CN10Y
2022-08-11,12897.48,0.027317,54.47,-0.008958270424086655,399967,中证军工,CNY,CN10Y
2022-08-12,12612.21,0.027347,53.32,-0.008592311327831958,399967,中证军工,CNY,CN10Y
2022-08-15,12623.61,0.0265819999999999,53.36,-0.007841370314842479,399967,中证军工,CNY,CN10Y
2022-08-16,12655.28,0.0263459999999999,53.48,-0.007647421091996908,399967,中证军工,CNY,CN10Y
2022-08-17,12605.79,0.026124,53.32,-0.007369311327831959,399967,中证军工,CNY,CN10Y
2022-08-18,12696.56,0.0258,53.64,-0.007157196122296795,399967,中证军工,CNY,CN10Y
2022-08-19,12438.63,0.025875,52.62,-0.00687081908019764,399967,中证军工,CNY,CN10Y
2022-08-22,12616.24,0.0259249999999999,53.39,-0.007194900730473772,399967,中证军工,CNY,CN10Y
2022-08-23,12525.36,0.026075,53.01,-0.007210634785889455,399967,中证军工,CNY,CN10Y
2022-08-24,12039.61,0.0260999999999999,50.98,-0.0064844644958806374,399967,中证军工,CNY,CN10Y
2022-08-25,12053.9,0.0263899999999999,51.08,-0.006812866092403971,399967,中证军工,CNY,CN10Y
2022-08-26,11831.04,0.02643,50.17,-0.006497769583416385,399967,中证军工,CNY,CN10Y
2022-08-29,12075.9,0.026225,51.21,-0.006697563952353054,399967,中证军工,CNY,CN10Y
2022-08-30,11981.89,0.02613,50.83,-0.006456578792051939,399967,中证军工,CNY,CN10Y
2022-08-31,11653.42,0.026225,49.45,-0.006002553083923154,399967,中证军工,CNY,CN10Y
2022-09-01,11623.62,0.026125,48.75,-0.005612179487179486,399967,中证军工,CNY,CN10Y
2022-09-02,11796.35,0.026226,49.61,-0.006068773634347914,399967,中证军工,CNY,CN10Y
2022-09-05,11829.98,0.02618,49.78,-0.0060916110887906764,399967,中证军工,CNY,CN10Y
2022-09-06,12151.38,0.02614,51.12,-0.006578184663536775,399967,中证军工,CNY,CN10Y
2022-09-07,12239.43,0.026215,51.43,-0.0067710956640093314,399967,中证军工,CNY,CN10Y
2022-09-08,12389.76,0.0262559999999999,52.07,-0.007051083541386494,399967,中证军工,CNY,CN10Y
2022-09-09,12311.38,0.02635,51.74,-0.007022593737920371,399967,中证军工,CNY,CN10Y
2022-09-13,12410.6,0.026427,52.24,-0.007284580398162328,399967,中证军工,CNY,CN10Y
2022-09-14,12535.47,0.026625,52.71,-0.007653267880857521,399967,中证军工,CNY,CN10Y
2022-09-15,12149.1,0.026625,51.02,-0.007024843198745589,399967,中证军工,CNY,CN10Y
2022-09-16,12140.41,0.02673,50.95,-0.007102914622178609,399967,中证军工,CNY,CN10Y
2022-09-19,11917.51,0.02675,50.11,-0.006793903412492516,399967,中证军工,CNY,CN10Y
2022-09-20,11926.63,0.02664,50.17,-0.006707769583416387,399967,中证军工,CNY,CN10Y
2022-09-21,11859.97,0.026451,49.89,-0.006406902986570453,399967,中证军工,CNY,CN10Y
2022-09-22,12127.21,0.026501,51.0,-0.0068931568627450986,399967,中证军工,CNY,CN10Y
2022-09-23,12050.81,0.026802,50.67,-0.007066456285770673,399967,中证军工,CNY,CN10Y
2022-09-26,11668.17,0.0271539999999999,49.02,-0.0067541631986943115,399967,中证军工,CNY,CN10Y
2022-09-27,11826.62,0.027051,49.67,-0.006918123011878396,399967,中证军工,CNY,CN10Y
2022-09-28,11387.0,0.027401,47.85,-0.006502358411703237,399967,中证军工,CNY,CN10Y
2022-09-29,11425.2,0.027501,48.01,-0.006672006040408247,399967,中证军工,CNY,CN10Y
2022-09-30,11098.14,0.027601,46.62,-0.00615097854997855,399967,中证军工,CNY,CN10Y
2022-10-08,,0.0276259999999999,46.62,-0.00617597854997845,399967,中证军工,CNY,CN10Y
2022-10-09,,0.027452,46.62,-0.00600197854997855,399967,中证军工,CNY,CN10Y
2022-10-10,10913.94,0.027402,45.89,-0.005610760078448462,399967,中证军工,CNY,CN10Y
2022-10-11,10960.95,0.027426,46.12,-0.00574343278404163,399967,中证军工,CNY,CN10Y
2022-10-12,11186.5,0.0273519999999999,47.08,-0.0061115581988104364,399967,中证军工,CNY,CN10Y
2022-10-13,11285.55,0.027252,47.45,-0.0061771844046364585,399967,中证军工,CNY,CN10Y
2022-10-14,11537.66,0.026977,48.58,-0.0063923972828324425,399967,中证军工,CNY,CN10Y
2022-10-17,11845.94,0.027002,49.93,-0.006973960745043063,399967,中证军工,CNY,CN10Y
2022-10-18,11838.97,0.027002,49.86,-0.006945842759727237,399967,中证军工,CNY,CN10Y
2022-10-19,11782.67,0.027052,49.64,-0.006906955680902497,399967,中证军工,CNY,CN10Y
2022-10-20,11812.45,0.0271749999999999,49.76,-0.007078536977491862,399967,中证军工,CNY,CN10Y
2022-10-21,11802.7,0.0272779999999999,49.72,-0.007165369267900141,399967,中证军工,CNY,CN10Y
2022-10-24,12225.81,0.027153,51.56,-0.007758120248254462,399967,中证军工,CNY,CN10Y
2022-10-25,12235.64,0.0272779999999999,51.56,-0.007883120248254362,399967,中证军工,CNY,CN10Y
2022-10-26,12400.0,0.027025,52.24,-0.00788258039816233,399967,中证军工,CNY,CN10Y
2022-10-27,12317.72,0.026953,51.85,-0.007666596914175507,399967,中证军工,CNY,CN10Y
2022-10-28,12089.34,0.0266529999999999,50.86,-0.006991183248132027,399967,中证军工,CNY,CN10Y
2022-10-31,12421.48,0.0264329999999999,52.28,-0.007305226472838464,399967,中证军工,CNY,CN10Y
2022-11-01,12328.13,0.026629,50.62,-0.0068739624654286825,399967,中证军工,CNY,CN10Y
2022-11-02,12241.68,0.026854,50.28,-0.00696537629276054,399967,中证军工,CNY,CN10Y
2022-11-03,12349.51,0.026776,50.75,-0.007071566502463055,399967,中证军工,CNY,CN10Y
2022-11-04,12386.95,0.027023,50.92,-0.007384351139041633,399967,中证军工,CNY,CN10Y
2022-11-07,12153.83,0.027003,49.93,-0.006974960745043061,399967,中证军工,CNY,CN10Y
2022-11-08,12190.22,0.026853,50.07,-0.006880960854803275,399967,中证军工,CNY,CN10Y
2022-11-09,12088.18,0.026953,49.63,-0.00680389663509974,399967,中证军工,CNY,CN10Y
2022-11-10,11842.13,0.027028,48.6,-0.006451868312757202,399967,中证军工,CNY,CN10Y
2022-11-11,11947.0,0.027354,49.06,-0.0069707957602935175,399967,中证军工,CNY,CN10Y
2022-11-14,11816.12,0.028354,48.5,-0.007735443298969073,399967,中证军工,CNY,CN10Y
2022-11-15,11979.08,0.028155,49.18,-0.007821531110207402,399967,中证军工,CNY,CN10Y
2022-11-16,12024.2,0.028329,49.46,-0.008110641730691467,399967,中证军工,CNY,CN10Y
2022-11-17,12091.32,0.028026,49.7,-0.00790527565392354,399967,中证军工,CNY,CN10Y
2022-11-18,11915.34,0.02825,48.94,-0.007816816510012259,399967,中证军工,CNY,CN10Y
2022-11-21,12030.78,0.02818,49.43,-0.007949370827432734,399967,中证军工,CNY,CN10Y
2022-11-22,12022.03,0.028276,49.46,-0.008057641730691466,399967,中证军工,CNY,CN10Y
2022-11-23,11983.33,0.027975,49.33,-0.007703360024325968,399967,中证军工,CNY,CN10Y
2022-11-24,11855.07,0.02795,48.79,-0.007453996720639473,399967,中证军工,CNY,CN10Y
2022-11-25,11682.64,0.0283,48.11,-0.0075143005612138825,399967,中证军工,CNY,CN10Y
2022-11-28,11660.31,0.0286,48.01,-0.007771006040408247,399967,中证军工,CNY,CN10Y
2022-11-29,11653.93,0.0288,47.99,-0.00796232548447593,399967,中证军工,CNY,CN10Y
2022-11-30,11666.37,0.0288499999999999,48.06,-0.008042675821889205,399967,中证军工,CNY,CN10Y
2022-12-01,11780.61,0.0286,48.48,-0.007972937293729374,399967,中证军工,CNY,CN10Y
2022-12-02,11641.51,0.028676,47.87,-0.007786089826613746,399967,中证军工,CNY,CN10Y
2022-12-05,11685.35,0.028902,48.09,-0.008107656061551258,399967,中证军工,CNY,CN10Y
2022-12-06,11727.46,0.029152,48.24,-0.008422315091210615,399967,中证军工,CNY,CN10Y
2022-12-07,11654.51,0.028702,47.94,-0.007842592407175632,399967,中证军工,CNY,CN10Y
2022-12-08,11489.48,0.028853,47.25,-0.007688978835978837,399967,中证军工,CNY,CN10Y
2022-12-09,11436.9,0.0289029999999999,47.01,-0.007630930227611046,399967,中证军工,CNY,CN10Y
2022-12-12,11547.77,0.028902,48.3,-0.008198066252587993,399967,中证军工,CNY,CN10Y
2022-12-13,11342.87,0.028952,47.45,-0.007877184404636459,399967,中证军工,CNY,CN10Y
2022-12-14,11305.27,0.028655,47.3,-0.007513350951374207,399967,中证军工,CNY,CN10Y
2022-12-15,11327.13,0.0288289999999999,47.41,-0.007736403501370916,399967,中证军工,CNY,CN10Y
2022-12-16,11169.94,0.028856,46.75,-0.007465625668449199,399967,中证军工,CNY,CN10Y
2022-12-19,11054.43,0.028632,46.27,-0.007019724227361145,399967,中证军工,CNY,CN10Y
2022-12-20,11038.5,0.028732,46.24,-0.007105702422145331,399967,中证军工,CNY,CN10Y
2022-12-21,10867.32,0.028606,45.5,-0.00662797802197802,399967,中证军工,CNY,CN10Y
2022-12-22,10750.37,0.0285029999999999,45.01,-0.006285714952232735,399967,中证军工,CNY,CN10Y
2022-12-23,10645.15,0.028251,44.53,-0.005794229283629014,399967,中证军工,CNY,CN10Y
2022-12-26,10968.98,0.028378,45.89,-0.0065867600784484635,399967,中证军工,CNY,CN10Y
2022-12-27,11032.79,0.028657,46.13,-0.006979133102102752,399967,中证军工,CNY,CN10Y
2022-12-28,10899.73,0.0285029999999999,45.58,-0.0065635528740674715,399967,中证军工,CNY,CN10Y
2022-12-29,11072.07,0.028376,46.33,-0.0067917133606734265,399967,中证军工,CNY,CN10Y
2022-12-30,11062.02,0.028353,46.32,-0.00676405354058722,399967,中证军工,CNY,CN10Y
2022-12-31,,0.028353,46.32,-0.00676405354058722,399967,中证军工,CNY,CN10Y
2023-01-03,11352.54,0.028228,47.51,-0.007179799621132393,399967,中证军工,CNY,CN10Y
2023-01-04,11298.51,0.028103,47.3,-0.006961350951374207,399967,中证军工,CNY,CN10Y
2023-01-05,11331.13,0.028304,47.45,-0.007229184404636459,399967,中证军工,CNY,CN10Y
2023-01-06,11288.24,0.028328,47.24,-0.007159498729889923,399967,中证军工,CNY,CN10Y
2023-01-09,11121.41,0.028428,46.52,-0.006931869303525365,399967,中证军工,CNY,CN10Y
2023-01-10,11034.25,0.028602,46.12,-0.00691943278404163,399967,中证军工,CNY,CN10Y
2023-01-11,10919.58,0.028603,45.64,-0.006692395267309376,399967,中证军工,CNY,CN10Y
2023-01-12,10950.2,0.028778,45.8,-0.00694393886462882,399967,中证军工,CNY,CN10Y
2023-01-13,10902.05,0.0290099999999999,45.64,-0.007099395267309277,399967,中证军工,CNY,CN10Y
2023-01-16,11085.97,0.029167,46.47,-0.007647740262534966,399967,中证军工,CNY,CN10Y
2023-01-17,11182.68,0.029017,46.89,-0.007690491149498827,399967,中证军工,CNY,CN10Y
2023-01-18,11237.37,0.029222,46.91,-0.00790458367085909,399967,中证军工,CNY,CN10Y
2023-01-19,11423.6,0.0291449999999999,47.59,-0.00813218218113039,399967,中证军工,CNY,CN10Y
2023-01-20,11485.07,0.029331,47.85,-0.008432358411703238,399967,中证军工,CNY,CN10Y
2023-01-28,,0.029341,47.85,-0.008442358411703238,399967,中证军工,CNY,CN10Y
2023-01-29,,0.029219,47.85,-0.008320358411703237,399967,中证军工,CNY,CN10Y
2023-01-30,11761.91,0.029133,48.98,-0.008716503470804406,399967,中证军工,CNY,CN10Y
2023-01-31,11812.14,0.028977,49.19,-0.008647664769262042,399967,中证军工,CNY,CN10Y
2023-02-01,11919.33,0.029101,49.62,-0.008947835953244658,399967,中证军工,CNY,CN10Y
2023-02-02,11767.26,0.02897,48.99,-0.008557670953255766,399967,中证军工,CNY,CN10Y
2023-02-03,11890.8,0.028943,49.54,-0.008757291481631006,399967,中证军工,CNY,CN10Y
2023-02-06,11821.14,0.029017,49.25,-0.008712431472081221,399967,中证军工,CNY,CN10Y
2023-02-07,11746.37,0.028964,48.94,-0.008530816510012258,399967,中证军工,CNY,CN10Y
2023-02-08,11578.54,0.028973,48.24,-0.008243315091210613,399967,中证军工,CNY,CN10Y
2023-02-09,11820.17,0.028912,49.22,-0.008595055668427467,399967,中证军工,CNY,CN10Y
2023-02-10,11692.74,0.029003,48.72,-0.008477548440065683,399967,中证军工,CNY,CN10Y
2023-02-13,11766.16,0.028943,49.06,-0.008559795760293518,399967,中证军工,CNY,CN10Y
2023-02-14,11707.91,0.028914,48.81,-0.008426395001024378,399967,中证军工,CNY,CN10Y
2023-02-15,11748.82,0.028918,49.06,-0.008534795760293517,399967,中证军工,CNY,CN10Y
2023-02-16,11524.44,0.028907,48.13,-0.00812993787658425,399967,中证军工,CNY,CN10Y
2023-02-17,11424.6,0.0289199999999999,47.64,-0.007929235936187978,399967,中证军工,CNY,CN10Y
2023-02-20,11469.13,0.0291699999999999,47.84,-0.008266989966555085,399967,中证军工,CNY,CN10Y
2023-02-21,11566.59,0.02919,48.3,-0.008486066252587993,399967,中证军工,CNY,CN10Y
2023-02-22,11615.5,0.029175,48.61,-0.008603101213742026,399967,中证军工,CNY,CN10Y
2023-02-23,11538.91,0.02922,48.23,-0.008486017001866058,399967,中证军工,CNY,CN10Y
2023-02-24,11728.18,0.029126,49.01,-0.008722000816159967,399967,中证军工,CNY,CN10Y
2023-02-27,11658.17,0.029117,48.73,-0.008595760517135235,399967,中证军工,CNY,CN10Y
2023-02-28,11699.35,0.029017,48.87,-0.008554548598322078,399967,中证军工,CNY,CN10Y
2023-03-01,11765.05,0.028977,49.22,-0.008660055668427466,399967,中证军工,CNY,CN10Y
2023-03-02,11796.29,0.0291109999999999,49.43,-0.008880370827432635,399967,中证军工,CNY,CN10Y
2023-03-03,12001.14,0.029026,50.42,-0.009192600555335186,399967,中证军工,CNY,CN10Y
2023-03-06,12109.37,0.028826,50.98,-0.009210464495880737,399967,中证军工,CNY,CN10Y
2023-03-07,11824.11,0.0287259999999999,49.84,-0.008661794542536017,399967,中证军工,CNY,CN10Y
2023-03-08,11991.31,0.028828,50.46,-0.009010322631787554,399967,中证军工,CNY,CN10Y
2023-03-09,11899.35,0.028752,50.2,-0.008831681274900399,399967,中证军工,CNY,CN10Y
2023-03-10,11720.98,0.028627,49.58,-0.008457576845502218,399967,中证军工,CNY,CN10Y
2023-03-13,11832.83,0.028703,50.25,-0.008802502487562189,399967,中证军工,CNY,CN10Y
2023-03-14,11774.24,0.028652,49.92,-0.00861994871794872,399967,中证军工,CNY,CN10Y
2023-03-15,11704.17,0.028652,49.78,-0.008563611088790678,399967,中证军工,CNY,CN10Y
2023-03-16,11445.6,0.028552,48.77,-0.008047591552183722,399967,中证军工,CNY,CN10Y
2023-03-17,11517.06,0.028602,49.73,-0.008493413633621553,399967,中证军工,CNY,CN10Y
2023-03-20,11365.1,0.028504,48.97,-0.008083334286297733,399967,中证军工,CNY,CN10Y
2023-03-21,11589.63,0.0286039999999999,49.89,-0.008559902986570354,399967,中证军工,CNY,CN10Y
2023-03-22,11547.64,0.0285769999999999,49.65,-0.008436013091641392,399967,中证军工,CNY,CN10Y
2023-03-23,11651.69,0.028652,50.27,-0.008759419932365231,399967,中证军工,CNY,CN10Y
2023-03-24,11526.2,0.028676,49.55,-0.008494365287588294,399967,中证军工,CNY,CN10Y
2023-03-27,11415.9,0.028551,49.04,-0.008159482871125612,399967,中证军工,CNY,CN10Y
2023-03-28,11261.86,0.0285559999999999,48.39,-0.007890573258937699,399967,中证军工,CNY,CN10Y
2023-03-29,11114.02,0.028532,47.81,-0.0076158736665969465,399967,中证军工,CNY,CN10Y
2023-03-30,11151.99,0.028603,47.86,-0.007708725031341412,399967,中证军工,CNY,CN10Y
2023-03-31,11184.06,0.0285279999999999,47.97,-0.007681637690222957,399967,中证军工,CNY,CN10Y
2023-04-03,11388.84,0.0286039999999999,48.87,-0.008141548598321977,399967,中证军工,CNY,CN10Y
2023-04-04,11357.65,0.028584,48.68,-0.008041682826622841,399967,中证军工,CNY,CN10Y
2023-04-06,11493.81,0.028605,49.15,-0.008259120040691757,399967,中证军工,CNY,CN10Y
2023-04-07,11523.52,0.028464,49.26,-0.008163553390174584,399967,中证军工,CNY,CN10Y
2023-04-10,11449.97,0.0284549999999999,49.0,-0.00804683673469378,399967,中证军工,CNY,CN10Y
2023-04-11,11372.88,0.028203,48.57,-0.007614159151739755,399967,中证军工,CNY,CN10Y
2023-04-12,11395.3,0.028158,48.67,-0.007611462091637558,399967,中证军工,CNY,CN10Y
2023-04-13,11345.11,0.028277,48.52,-0.0076669422918384175,399967,中证军工,CNY,CN10Y
2023-04-14,11386.65,0.028281,48.7,-0.007747119096509242,399967,中证军工,CNY,CN10Y
2023-04-17,11399.86,0.028432,48.79,-0.007935996720639472,399967,中证军工,CNY,CN10Y
2023-04-18,11359.88,0.028319,48.7,-0.007785119096509242,399967,中证军工,CNY,CN10Y
2023-04-19,11270.45,0.028333,48.41,-0.007676110927494317,399967,中证军工,CNY,CN10Y
2023-04-20,11220.09,0.028332,48.16,-0.007567880398671095,399967,中证军工,CNY,CN10Y
2023-04-21,11194.39,0.028258,47.72,-0.0073024258172673905,399967,中证军工,CNY,CN10Y
2023-04-23,,0.02822,47.72,-0.007264425817267391,399967,中证军工,CNY,CN10Y
2023-04-24,11040.57,0.028176,46.93,-0.006867668442360964,399967,中证军工,CNY,CN10Y
2023-04-25,10828.54,0.028157,45.93,-0.006384737861963859,399967,中证军工,CNY,CN10Y
2023-04-26,10928.26,0.028058,46.26,-0.006441052313013403,399967,中证军工,CNY,CN10Y
2023-04-27,11179.9,0.027852,47.12,-0.0066295891341256324,399967,中证军工,CNY,CN10Y
2023-04-28,11203.63,0.027788,47.16,-0.006583589482612381,399967,中证军工,CNY,CN10Y
2023-05-04,11172.13,0.027613,48.42,-0.0069603771168938455,399967,中证军工,CNY,CN10Y
2023-05-05,11038.7,0.027338,47.74,-0.0063912048596564755,399967,中证军工,CNY,CN10Y
2023-05-06,,0.027311,47.74,-0.006364204859656473,399967,中证军工,CNY,CN10Y
2023-05-08,11409.8,0.027484,49.41,-0.007245181946974297,399967,中证军工,CNY,CN10Y
2023-05-09,11196.35,0.027383,48.71,-0.006853334633545476,399967,中证军工,CNY,CN10Y
2023-05-10,11098.68,0.02721,48.38,-0.00654030177759405,399967,中证军工,CNY,CN10Y
2023-05-11,10987.75,0.02701,47.15,-0.0058010922587486725,399967,中证军工,CNY,CN10Y
2023-05-12,10830.68,0.027058,46.46,-0.005534108480413257,399967,中证军工,CNY,CN10Y
2023-05-15,11161.14,0.02719,47.84,-0.006286989966555183,399967,中证军工,CNY,CN10Y
2023-05-16,11079.42,0.027129,46.48,-0.00561437005163511,399967,中证军工,CNY,CN10Y
2023-05-17,11372.97,0.02721,47.68,-0.006236845637583893,399967,中证军工,CNY,CN10Y
2023-05-18,11345.93,0.027184,47.56,-0.006157927670311186,399967,中证军工,CNY,CN10Y
2023-05-19,11345.64,0.027151,47.56,-0.006124927670311187,399967,中证军工,CNY,CN10Y
2023-05-22,11265.67,0.027132,47.21,-0.005950047023935607,399967,中证军工,CNY,CN10Y
2023-05-23,11103.31,0.026962,46.55,-0.005479722878625134,399967,中证军工,CNY,CN10Y
2023-05-24,11033.7,0.027037,46.27,-0.005424724227361143,399967,中证军工,CNY,CN10Y
2023-05-25,11082.13,0.027065,46.46,-0.005541108480413257,399967,中证军工,CNY,CN10Y
2023-05-26,11048.31,0.027205,46.22,-0.005569344439636522,399967,中证军工,CNY,CN10Y
2023-05-29,11064.72,0.0269499999999999,46.31,-0.005356391708054319,399967,中证军工,CNY,CN10Y
2023-05-30,10988.37,0.027,46.02,-0.005270317253368101,399967,中证军工,CNY,CN10Y
2023-05-31,11030.06,0.02685,46.14,-0.005176831382748156,399967,中证军工,CNY,CN10Y
2023-06-01,11091.66,0.026825,46.3,-0.005226727861771058,399967,中证军工,CNY,CN10Y
2023-06-02,11041.36,0.026951,46.12,-0.00526843278404163,399967,中证军工,CNY,CN10Y
2023-06-05,10934.39,0.026926,45.65,-0.00502019496166484,399967,中证军工,CNY,CN10Y
2023-06-06,10678.15,0.026826,44.61,-0.004409501457072404,399967,中证军工,CNY,CN10Y
2023-06-07,10633.29,0.026827,44.29,-0.004248539850982162,399967,中证军工,CNY,CN10Y
2023-06-08,10593.78,0.026822,44.1,-0.004146263038548752,399967,中证军工,CNY,CN10Y
2023-06-09,10660.26,0.026703,44.38,-0.0041703276250563345,399967,中证军工,CNY,CN10Y
2023-06-12,10606.26,0.026704,45.03,-0.004496582722629358,399967,中证军工,CNY,CN10Y
2023-06-13,10643.48,0.026227,45.17,-0.004088412441886208,399967,中证军工,CNY,CN10Y
2023-06-14,10616.09,0.026178,45.08,-0.003995213842058563,399967,中证军工,CNY,CN10Y
2023-06-15,10719.43,0.026482,45.52,-0.004513634446397189,399967,中证军工,CNY,CN10Y
2023-06-16,10912.85,0.0266259999999999,46.35,-0.005051026968716191,399967,中证军工,CNY,CN10Y
2023-06-19,10983.22,0.026876,46.76,-0.005490200171086399,399967,中证军工,CNY,CN10Y
2023-06-20,11309.48,0.026751,48.04,-0.0059350133222314735,399967,中证军工,CNY,CN10Y
2023-06-21,11152.41,0.026701,47.53,-0.005661656427519462,399967,中证军工,CNY,CN10Y
2023-06-25,,0.026576,47.53,-0.005536656427519462,399967,中证军工,CNY,CN10Y
2023-06-26,10986.76,0.026677,46.42,-0.005134561395950022,399967,中证军工,CNY,CN10Y
2023-06-27,11152.08,0.026676,46.04,-0.004955756733275411,399967,中证军工,CNY,CN10Y
2023-06-28,11227.35,0.0266509999999999,46.27,-0.0050387242273610446,399967,中证军工,CNY,CN10Y
2023-06-29,11297.62,0.026526,46.53,-0.00503448914678702,399967,中证军工,CNY,CN10Y
2023-06-30,11508.29,0.026351,47.4,-0.005253953586497891,399967,中证军工,CNY,CN10Y
2023-07-03,11601.61,0.026402,47.74,-0.005455204859656473,399967,中证军工,CNY,CN10Y
2023-07-04,11618.42,0.026477,47.68,-0.005503845637583892,399967,中证军工,CNY,CN10Y
2023-07-05,11466.42,0.026402,46.82,-0.0050436061512174266,399967,中证军工,CNY,CN10Y
2023-07-06,11372.64,0.026392,46.42,-0.0048495613959500215,399967,中证军工,CNY,CN10Y
2023-07-07,11244.49,0.026403,45.89,-0.0046117600784484625,399967,中证军工,CNY,CN10Y
2023-07-10,11308.49,0.026403,46.2,-0.004757978354978355,399967,中证军工,CNY,CN10Y
2023-07-11,11392.79,0.026353,46.47,-0.004833740262534969,399967,中证军工,CNY,CN10Y
2023-07-12,11168.48,0.026378,45.69,-0.004491372729262418,399967,中证军工,CNY,CN10Y
2023-07-13,11215.78,0.026413,45.88,-0.004617010462074977,399967,中证军工,CNY,CN10Y
2023-07-14,11203.5,0.026444,45.91,-0.004662253103898929,399967,中证军工,CNY,CN10Y
2023-07-17,11224.08,0.026364,45.99,-0.004620142639704283,399967,中证军工,CNY,CN10Y
2023-07-18,11246.36,0.026234,46.06,-0.004523188015631785,399967,中证军工,CNY,CN10Y
2023-07-19,11144.74,0.026233,45.63,-0.004317593469208854,399967,中证军工,CNY,CN10Y
2023-07-20,10941.53,0.026214,44.81,-0.0038975527783976817,399967,中证军工,CNY,CN10Y
2023-07-21,10894.85,0.0260789999999999,44.57,-0.0036423834417768815,399967,中证军工,CNY,CN10Y
2023-07-24,10981.08,0.025934,45.0,-0.0037117777777777756,399967,中证军工,CNY,CN10Y
2023-07-25,11079.03,0.0266299999999999,45.37,-0.004589003746969262,399967,中证军工,CNY,CN10Y
2023-07-26,10994.15,0.02643,45.02,-0.00421764993336295,399967,中证军工,CNY,CN10Y
2023-07-27,10961.72,0.026395,44.88,-0.004113360071301246,399967,中证军工,CNY,CN10Y
2023-07-28,10946.14,0.026533,44.78,-0.004201602054488614,399967,中证军工,CNY,CN10Y
2023-07-31,10999.66,0.026597,44.88,-0.004315360071301247,399967,中证军工,CNY,CN10Y
2023-08-01,11053.15,0.026607,45.04,-0.004404513321492005,399967,中证军工,CNY,CN10Y
2023-08-02,10986.7,0.026525,44.73,-0.0041686396154706,399967,中证军工,CNY,CN10Y
2023-08-03,10940.82,0.026435,44.54,-0.0039832712168836985,399967,中证军工,CNY,CN10Y
2023-08-04,10932.07,0.026469,44.49,-0.00399203888514273,399967,中证军工,CNY,CN10Y
2023-08-07,10917.02,0.026462,44.44,-0.003959749774977497,399967,中证军工,CNY,CN10Y
2023-08-08,10770.4,0.026454,43.87,-0.0036593795304308147,399967,中证军工,CNY,CN10Y
2023-08-09,10719.17,0.026461,43.66,-0.0035567398076042124,399967,中证军工,CNY,CN10Y
2023-08-10,10731.84,0.026475,43.71,-0.003596940059482953,399967,中证军工,CNY,CN10Y
2023-08-11,10585.69,0.026381,43.09,-0.003173759340914368,399967,中证军工,CNY,CN10Y
2023-08-14,10657.76,0.026212,43.44,-0.003191742173112338,399967,中证军工,CNY,CN10Y
2023-08-15,10549.6,0.0257589999999999,42.99,-0.002497776459641679,399967,中证军工,CNY,CN10Y
2023-08-16,10377.5,0.025649,42.29,-0.002002747930952946,399967,中证军工,CNY,CN10Y
2023-08-17,10699.33,0.025678,43.67,-0.00277898465765972,399967,中证军工,CNY,CN10Y
2023-08-18,10596.8,0.025639,43.24,-0.002512265494912118,399967,中证军工,CNY,CN10Y
2023-08-21,10418.08,0.025403,42.51,-0.0018791232651140868,399967,中证军工,CNY,CN10Y
2023-08-22,10579.96,0.025564,43.19,-0.0024104922435749,399967,中证军工,CNY,CN10Y
2023-08-23,10319.64,0.025535,42.11,-0.0017876715744478723,399967,中证军工,CNY,CN10Y
2023-08-24,10318.21,0.025543,42.13,-0.0018069449323522453,399967,中证军工,CNY,CN10Y
2023-08-25,10170.24,0.025702,41.49,-0.001599806700409736,399967,中证军工,CNY,CN10Y
2023-08-28,10246.84,0.025837,41.79,-0.001907830342187125,399967,中证军工,CNY,CN10Y
2023-08-29,10550.92,0.0256999999999999,43.03,-0.0024603997211246967,399967,中证军工,CNY,CN10Y
2023-08-30,10648.07,0.0256,43.49,-0.0026062083237525895,399967,中证军工,CNY,CN10Y
2023-08-31,10570.22,0.025575,43.17,-0.0024107655779476503,399967,中证军工,CNY,CN10Y
2023-09-01,10523.48,0.0258499999999999,43.05,-0.002621196283391306,399967,中证军工,CNY,CN10Y
2023-09-04,10631.09,0.026124,43.42,-0.0030931386457853545,399967,中证军工,CNY,CN10Y
2023-09-05,10603.57,0.02615,43.35,-0.0030819492502883496,399967,中证军工,CNY,CN10Y
2023-09-06,10788.35,0.026375,44.18,-0.0037403236758714355,399967,中证军工,CNY,CN10Y
2023-09-07,10623.72,0.02635,43.46,-0.0033403359410952606,399967,中证军工,CNY,CN10Y
2023-09-08,10854.46,0.026375,44.5,-0.003903089887640449,399967,中证军工,CNY,CN10Y
2023-09-11,10758.02,0.0263,44.09,-0.003619119981855299,399967,中证军工,CNY,CN10Y
2023-09-12,10716.34,0.02623,43.96,-0.003482047315741584,399967,中证军工,CNY,CN10Y
2023-09-13,10555.6,0.02615,43.22,-0.003012563627950021,399967,中证军工,CNY,CN10Y
2023-09-14,10530.54,0.026075,43.29,-0.0029749768999768993,399967,中证军工,CNY,CN10Y
2023-09-15,10505.48,0.0264,43.15,-0.0032250289687137876,399967,中证军工,CNY,CN10Y
2023-09-18,10445.9,0.0265,42.89,-0.003184541851247377,399967,中证军工,CNY,CN10Y
2023-09-19,10300.94,0.026625,42.25,-0.002956360946745562,399967,中证军工,CNY,CN10Y
2023-09-20,10217.91,0.02665,41.88,-0.0027722540592168103,399967,中证军工,CNY,CN10Y
2023-09-21,10211.04,0.026576,41.87,-0.002692551229997609,399967,中证军工,CNY,CN10Y
2023-09-22,10351.85,0.026776,42.45,-0.00321887396937574,399967,中证军工,CNY,CN10Y
2023-09-25,10220.02,0.026976,41.9,-0.0031096515513126498,399967,中证军工,CNY,CN10Y
2023-09-26,10111.79,0.026951,41.48,-0.002842996142719382,399967,中证军工,CNY,CN10Y
2023-09-27,10117.0,0.0268769999999999,41.46,-0.002757366618427303,399967,中证军工,CNY,CN10Y
2023-09-28,10267.12,0.026751,42.05,-0.0029697871581450645,399967,中证军工,CNY,CN10Y
2023-10-07,,0.0266509999999999,42.05,-0.0028697871581449645,399967,中证军工,CNY,CN10Y
2023-10-08,,0.0266259999999999,42.05,-0.002844787158144964,399967,中证军工,CNY,CN10Y
2023-10-09,10330.05,0.026702,42.34,-0.0030836721776098287,399967,中证军工,CNY,CN10Y
2023-10-10,10295.03,0.0268109999999999,42.21,-0.00311993153281203,399967,中证军工,CNY,CN10Y
2023-10-11,10183.26,0.026976,41.65,-0.0029663961584633844,399967,中证军工,CNY,CN10Y
2023-10-12,10172.45,0.026911,41.59,-0.0028667585958163065,399967,中证军工,CNY,CN10Y
2023-10-13,10021.38,0.026702,40.97,-0.002293896509641201,399967,中证军工,CNY,CN10Y
2023-10-16,9946.15,0.026777,40.67,-0.0021888514875829865,399967,中证军工,CNY,CN10Y
2023-10-17,9988.62,0.026882,40.97,-0.0024738965096412005,399967,中证军工,CNY,CN10Y
2023-10-18,9821.66,0.027052,40.3,-0.002238104218362281,399967,中证军工,CNY,CN10Y
2023-10-19,9729.88,0.0271769999999999,39.98,-0.002164493746873334,399967,中证军工,CNY,CN10Y
2023-10-20,9577.73,0.027052,39.3,-0.0016067073791348578,399967,中证军工,CNY,CN10Y
2023-10-23,9488.83,0.0270469999999999,39.14,-0.0014976898313744554,399967,中证军工,CNY,CN10Y
2023-10-24,9533.69,0.0271769999999999,39.33,-0.0017511164505465554,399967,中证军工,CNY,CN10Y
2023-10-25,9677.14,0.027052,39.87,-0.0019704850764986175,399967,中证军工,CNY,CN10Y
2023-10-26,9776.25,0.027152,40.22,-0.0022887478866235704,399967,中证军工,CNY,CN10Y
2023-10-27,9867.33,0.0271329999999999,40.45,-0.0024111211372063283,399967,中证军工,CNY,CN10Y
2023-10-30,9959.27,0.027141,40.82,-0.002643204801567857,399967,中证军工,CNY,CN10Y
2023-10-31,9945.62,0.026938,40.75,-0.0023981226993865026,399967,中证军工,CNY,CN10Y
2023-11-01,9924.56,0.026853,40.6,-0.0022224581280788185,399967,中证军工,CNY,CN10Y
2023-11-02,9728.39,0.026553,39.81,-0.0014336832454157275,399967,中证军工,CNY,CN10Y
2023-11-03,9907.48,0.026613,40.46,-0.0018972313395946641,399967,中证军工,CNY,CN10Y
2023-11-06,10036.67,0.026554,40.99,-0.002157805806294221,399967,中证军工,CNY,CN10Y
2023-11-07,10022.11,0.026632,40.94,-0.0022060107474352678,399967,中证军工,CNY,CN10Y
2023-11-08,9999.48,0.0264639999999999,40.88,-0.002002160469667221,399967,中证军工,CNY,CN10Y
2023-11-09,9965.77,0.026494,40.7,-0.0019239754299754316,399967,中证军工,CNY,CN10Y
2023-11-10,9990.78,0.026444,40.91,-0.002000098753361032,399967,中证军工,CNY,CN10Y
2023-11-13,10294.0,0.026454,42.11,-0.002706671574447872,399967,中证军工,CNY,CN10Y
2023-11-14,10368.94,0.026573,42.35,-0.0029602491145218415,399967,中证军工,CNY,CN10Y
2023-11-15,10342.23,0.026633,42.16,-0.0029138349146110055,399967,中证军工,CNY,CN10Y
2023-11-16,10246.0,0.026558,41.79,-0.0026288303421871245,399967,中证军工,CNY,CN10Y
2023-11-17,10244.89,0.026524,41.79,-0.002594830342187125,399967,中证军工,CNY,CN10Y
2023-11-20,10436.92,0.026584,42.52,-0.003065655691439323,399967,中证军工,CNY,CN10Y
2023-11-21,10301.96,0.026684,41.99,-0.0028688059061681356,399967,中证军工,CNY,CN10Y
2023-11-22,10178.9,0.026823,41.53,-0.0027440209487117756,399967,中证军工,CNY,CN10Y
2023-11-23,10247.22,0.027023,41.79,-0.0030938303421871247,399967,中证军工,CNY,CN10Y
2023-11-24,10065.51,0.0270529999999999,41.01,-0.0026687034869543012,399967,中证军工,CNY,CN10Y
2023-11-27,10083.96,0.027108,41.17,-0.0028184687879523954,399967,中证军工,CNY,CN10Y
2023-11-28,10114.5,0.026898,41.3,-0.0026849249394673078,399967,中证军工,CNY,CN10Y
2023-11-29,10071.32,0.026826,41.13,-0.0025128465840019466,399967,中证军工,CNY,CN10Y
2023-11-30,10003.5,0.02668,40.87,-0.0022121751896256384,399967,中证军工,CNY,CN10Y
2023-12-01,10025.78,0.026625,40.94,-0.0021990107474352677,399967,中证军工,CNY,CN10Y
2023-12-04,10100.78,0.026725,41.28,-0.0025001937984496132,399967,中证军工,CNY,CN10Y
2023-12-05,9868.47,0.02665,40.3,-0.0018361042183622812,399967,中证军工,CNY,CN10Y
2023-12-06,9868.06,0.026725,40.31,-0.001917259985115355,399967,中证军工,CNY,CN10Y
2023-12-07,9801.68,0.02664,40.06,-0.0016774438342486292,399967,中证军工,CNY,CN10Y
2023-12-08,9672.36,0.026636,39.57,-0.0013643295425827644,399967,中证军工,CNY,CN10Y
2023-12-11,9854.21,0.02644,43.97,-0.003697220832385717,399967,中证军工,CNY,CN10Y
2023-12-12,9912.5,0.026375,44.17,-0.0037351992302467746,399967,中证军工,CNY,CN10Y
2023-12-13,9862.25,0.026226,43.93,-0.0034625126337354886,399967,中证军工,CNY,CN10Y
2023-12-14,9808.58,0.026376,43.68,-0.003482227106227108,399967,中证军工,CNY,CN10Y
2023-12-15,9718.19,0.026227,43.31,-0.0031376441930270164,399967,中证军工,CNY,CN10Y
2023-12-18,9524.43,0.026126,42.41,-0.002546655505776936,399967,中证军工,CNY,CN10Y
2023-12-19,9519.4,0.026191,42.39,-0.0026005305496579374,399967,中证军工,CNY,CN10Y
2023-12-20,9301.5,0.026222,41.46,-0.002102366618427401,399967,中证军工,CNY,CN10Y
2023-12-21,9375.45,0.025901,41.77,-0.0019603727555661983,399967,中证军工,CNY,CN10Y
2023-12-22,9567.51,0.0258769999999999,42.67,-0.0024413309116474297,399967,中证军工,CNY,CN10Y
2023-12-25,9700.74,0.025678,43.31,-0.0025886441930270156,399967,中证军工,CNY,CN10Y
2023-12-26,9587.79,0.025804,42.76,-0.0024176576239476125,399967,中证军工,CNY,CN10Y
2023-12-27,9587.92,0.025577,42.75,-0.0021851871345029243,399967,中证军工,CNY,CN10Y
2023-12-28,9711.59,0.0256939999999999,43.31,-0.002604644193026917,399967,中证军工,CNY,CN10Y
2023-12-29,9843.23,0.025553,43.9,-0.0027739567198177655,399967,中证军工,CNY,CN10Y
2023-12-31,,0.025553,43.9,-0.0027739567198177655,399967,中证军工,CNY,CN10Y
2024-01-02,9891.22,0.025601,44.11,-0.002930403763318972,399967,中证军工,CNY,CN10Y
2024-01-03,9779.71,0.025531,43.65,-0.00262149255441008,399967,中证军工,CNY,CN10Y
2024-01-04,9668.73,0.0253679999999999,43.12,-0.002176905380333851,399967,中证军工,CNY,CN10Y
2024-01-05,9370.93,0.025175,41.81,-0.0012572769672327191,399967,中证军工,CNY,CN10Y
2024-01-08,9097.6,0.025136,40.6,-0.0005054581280788187,399967,中证军工,CNY,CN10Y
2024-01-09,9037.59,0.024862,40.29,-4.1945395879868647e-05,399967,中证军工,CNY,CN10Y
2024-01-10,8954.71,0.024982,39.9,8.065664160401137e-05,399967,中证军工,CNY,CN10Y
2024-01-11,9104.21,0.024992,40.54,-0.00032500444005920115,399967,中证军工,CNY,CN10Y
2024-01-12,9076.39,0.025172,40.44,-0.0004440079129574663,399967,中证军工,CNY,CN10Y
2024-01-15,8871.92,0.025212,39.47,0.0001236979984798603,399967,中证军工,CNY,CN10Y
2024-01-16,8804.35,0.025252,39.16,0.0002842614913176715,399967,中证军工,CNY,CN10Y
2024-01-17,8531.47,0.025077,37.93,0.0012873553915106785,399967,中证军工,CNY,CN10Y
2024-01-18,8554.62,0.025092,38.1,0.0011547191601049868,399967,中证军工,CNY,CN10Y
2024-01-19,8453.54,0.025027,37.65,0.0015334249667994689,399967,中证军工,CNY,CN10Y
2024-01-22,8077.95,0.024922,35.99,0.002863495971103084,399967,中证军工,CNY,CN10Y
2024-01-23,8182.45,0.025042,36.5,0.002355260273972603,399967,中证军工,CNY,CN10Y
2024-01-24,8306.9,0.025042,37.02,0.0019704257158292826,399967,中证军工,CNY,CN10Y
2024-01-25,8682.74,0.024984,38.75,0.0008224516129032265,399967,中证军工,CNY,CN10Y
2024-01-26,8591.22,0.024994,38.28,0.0011293019853709507,399967,中证军工,CNY,CN10Y
2024-01-29,8432.81,0.02494,37.59,0.0016628198989092832,399967,中证军工,CNY,CN10Y
2024-01-30,8295.13,0.024557,36.96,0.002499277056277057,399967,中证军工,CNY,CN10Y
2024-01-31,7955.71,0.0243299999999999,35.49,0.0038469512538744297,399967,中证军工,CNY,CN10Y
2024-02-01,7926.52,0.024354,35.38,0.003910556246466929,399967,中证军工,CNY,CN10Y
2024-02-02,7651.93,0.0242439999999999,34.1,0.005081513196481036,399967,中证军工,CNY,CN10Y
2024-02-04,,0.024053,34.1,0.005272513196480935,399967,中证军工,CNY,CN10Y
2024-02-05,7386.59,0.024002,32.99,0.00631021582297666,399967,中证军工,CNY,CN10Y
2024-02-06,7865.59,0.024525,35.11,0.003956913984619764,399967,中证军工,CNY,CN10Y
2024-02-07,8278.04,0.0241529999999999,36.89,0.002954617240444664,399967,中证军工,CNY,CN10Y
2024-02-08,8500.66,0.0243789999999999,37.88,0.0020201552270328327,399967,中证军工,CNY,CN10Y
2024-02-09,,0.024302,37.88,0.0020971552270327327,399967,中证军工,CNY,CN10Y
2024-02-18,,0.0243929999999999,37.88,0.0020061552270328326,399967,中证军工,CNY,CN10Y
2024-02-19,8520.5,0.024344,37.96,0.0019995194942044256,399967,中证军工,CNY,CN10Y
2024-02-20,8500.97,0.024134,37.89,0.0022581879123779354,399967,中证军工,CNY,CN10Y
2024-02-21,8539.44,0.024119,38.08,0.002141504201680671,399967,中证军工,CNY,CN10Y
2024-02-22,8637.91,0.024033,38.52,0.0019275399792315663,399967,中证军工,CNY,CN10Y
2024-02-23,8723.94,0.024009,38.86,0.0017244019557385512,399967,中证军工,CNY,CN10Y
2024-02-26,8774.89,0.0237889999999999,39.04,0.001825754098360756,399967,中证军工,CNY,CN10Y
2024-02-27,9034.72,0.023809,40.21,0.001060435463814971,399967,中证军工,CNY,CN10Y
2024-02-28,8700.69,0.023376,38.74,0.0024371130614352053,399967,中证军工,CNY,CN10Y
2024-02-29,9060.58,0.023375,40.32,0.0014265873015873003,399967,中证军工,CNY,CN10Y
2024-03-01,9193.38,0.023675,40.93,0.0007569569997556806,399967,中证军工,CNY,CN10Y
2024-03-04,9200.96,0.023475,40.89,0.0009808571777940832,399967,中证军工,CNY,CN10Y
2024-03-05,9257.11,0.023169,41.15,0.001132336573511545,399967,中证军工,CNY,CN10Y
2024-03-06,9221.53,0.02265,41.03,0.0017224104313916626,399967,中证军工,CNY,CN10Y
2024-03-07,9003.79,0.022776,40.04,0.0021990249750249748,399967,中证军工,CNY,CN10Y
2024-03-08,9146.39,0.022825,40.67,0.0017631485124170107,399967,中证军工,CNY,CN10Y
2024-03-11,9264.1,0.02305,41.19,0.0012277373148822518,399967,中证军工,CNY,CN10Y
2024-03-12,9298.78,0.023476,41.46,0.0006436333815725975,399967,中证军工,CNY,CN10Y
2024-03-13,9318.55,0.023326,41.48,0.0007820038572806179,399967,中证军工,CNY,CN10Y
2024-03-14,9160.58,0.0234249999999999,40.75,0.0011148773006135967,399967,中证军工,CNY,CN10Y
2024-03-15,9223.91,0.0232,41.05,0.0011605359317905031,399967,中证军工,CNY,CN10Y
2024-03-18,9446.9,0.022926,42.0,0.0008835238095238097,399967,中证军工,CNY,CN10Y
2024-03-19,9412.57,0.022801,41.88,0.0010767459407831914,399967,中证军工,CNY,CN10Y
2024-03-20,9441.6,0.022951,41.99,0.0008641940938318646,399967,中证军工,CNY,CN10Y
2024-03-21,9431.63,0.022851,41.93,0.000998272597185785,399967,中证军工,CNY,CN10Y
2024-03-22,9299.64,0.023051,41.26,0.0011855487154629196,399967,中证军工,CNY,CN10Y
2024-03-25,9091.71,0.023151,40.34,0.001638291026276644,399967,中证军工,CNY,CN10Y
2024-03-26,9047.59,0.0231749999999999,40.12,0.0017502243270190454,399967,中证军工,CNY,CN10Y
2024-03-27,8736.38,0.0228759999999999,38.75,0.002930451612903326,399967,中证军工,CNY,CN10Y
2024-03-28,9067.8,0.023026,40.28,0.0018002164846077431,399967,中证军工,CNY,CN10Y
2024-03-29,9236.66,0.0229009999999999,41.01,0.0014832965130456982,399967,中证军工,CNY,CN10Y
2024-04-01,9329.33,0.023082,41.41,0.0010667563390485413,399967,中证军工,CNY,CN10Y
2024-04-02,9196.91,0.022927,40.84,0.0015587982370225267,399967,中证军工,CNY,CN10Y
2024-04-03,9075.22,0.022837,40.33,0.0019584376394743384,399967,中证军工,CNY,CN10Y
2024-04-07,,0.022937,40.33,0.001858437639474339,399967,中证军工,CNY,CN10Y
2024-04-08,8885.89,0.022822,39.47,0.00251369799847986,399967,中证军工,CNY,CN10Y
2024-04-09,8921.58,0.022802,39.64,0.0024250433905146328,399967,中证军工,CNY,CN10Y
2024-04-10,8770.88,0.022972,38.98,0.002682181631605954,399967,中证军工,CNY,CN10Y
2024-04-11,8722.9,0.022928,38.73,0.0028917779499096317,399967,中证军工,CNY,CN10Y
2024-04-12,8683.19,0.022837,38.55,0.003103337224383919,399967,中证军工,CNY,CN10Y
2024-04-15,8884.68,0.022798,39.53,0.0024992426005565407,399967,中证军工,CNY,CN10Y
2024-04-16,8538.59,0.022723,38.07,0.0035444021539269774,399967,中证军工,CNY,CN10Y
2024-04-17,8842.13,0.022608,39.37,0.002792050800101604,399967,中证军工,CNY,CN10Y
2024-04-18,8868.01,0.0225369999999999,39.46,0.002805118601115153,399967,中证军工,CNY,CN10Y
2024-04-19,8986.55,0.02254,40.01,0.002453751562109474,399967,中证军工,CNY,CN10Y
2024-04-22,9102.91,0.022435,40.67,0.002153148512417012,399967,中证军工,CNY,CN10Y
2024-04-23,8970.14,0.02226,40.06,0.0027025561657513728,399967,中证军工,CNY,CN10Y
2024-04-24,9169.25,0.022727,40.9,0.001722877750611248,399967,中证军工,CNY,CN10Y
2024-04-25,9044.6,0.022612,40.37,0.0021588694575179618,399967,中证军工,CNY,CN10Y
2024-04-26,9158.58,0.0230839999999999,40.81,0.0014197980887038462,399967,中证军工,CNY,CN10Y
2024-04-28,,0.0232439999999999,40.81,0.0012597980887038458,399967,中证军工,CNY,CN10Y
2024-04-29,9254.3,0.02353,41.26,0.0007065487154629194,399967,中证军工,CNY,CN10Y
2024-04-30,9119.05,0.023028,40.64,0.0015782992125984233,399967,中证军工,CNY,CN10Y
2024-05-06,9214.03,0.023081,42.96,0.00019646741154562275,399967,中证军工,CNY,CN10Y
2024-05-07,9455.77,0.022896,44.06,-0.00019967680435769436,399967,中证军工,CNY,CN10Y
2024-05-08,9340.49,0.022955,43.49,3.879167624741206e-05,399967,中证军工,CNY,CN10Y
2024-05-09,9656.21,0.023186,44.91,-0.0009192442663103935,399967,中证军工,CNY,CN10Y
2024-05-10,9547.86,0.0231219999999999,44.41,-0.0006045489754558757,399967,中证军工,CNY,CN10Y
2024-05-11,,0.023361,44.41,-0.0008435489754559759,399967,中证军工,CNY,CN10Y
2024-05-13,9461.66,0.0229,43.99,-0.00016756080927483527,399967,中证军工,CNY,CN10Y
2024-05-14,9400.9,0.022938,43.61,-7.479477184130223e-06,399967,中证军工,CNY,CN10Y
2024-05-15,9271.24,0.02302,42.97,0.0002520502676285792,399967,中证军工,CNY,CN10Y
2024-05-16,9238.06,0.023147,42.81,0.00021202826442419734,399967,中证军工,CNY,CN10Y
2024-05-17,9402.24,0.023077,43.53,-0.00010433746841258945,399967,中证军工,CNY,CN10Y
2024-05-20,9506.98,0.023105,43.99,-0.0003725608092748356,399967,中证军工,CNY,CN10Y
2024-05-21,9374.39,0.023141,43.34,-6.762667281956514e-05,399967,中证军工,CNY,CN10Y
2024-05-22,9341.28,0.023123,43.21,1.9791020597081238e-05,399967,中证军工,CNY,CN10Y
2024-05-23,9247.3,0.0230629999999999,42.78,0.00031240906965882,399967,中证军工,CNY,CN10Y
2024-05-24,9060.12,0.023134,41.9,0.0007323484486873519,399967,中证军工,CNY,CN10Y
2024-05-27,9115.41,0.0230839999999999,42.15,0.0006407924080665296,399967,中证军工,CNY,CN10Y
2024-05-28,9067.15,0.022994,41.81,0.0009237230327672798,399967,中证军工,CNY,CN10Y
2024-05-29,9027.79,0.022776,41.67,0.0012220801535877124,399967,中证军工,CNY,CN10Y
2024-05-30,9180.79,0.022826,42.37,0.000775604909133823,399967,中证军工,CNY,CN10Y
2024-05-31,9279.78,0.022926,42.8,0.00043848598130841535,399967,中证军工,CNY,CN10Y
2024-06-03,9220.75,0.022853,42.6,0.000621178403755869,399967,中证军工,CNY,CN10Y
2024-06-04,9317.07,0.022854,43.08,0.0003586276694521849,399967,中证军工,CNY,CN10Y
2024-06-05,9386.42,0.022808,43.46,0.00020166405890473943,399967,中证军工,CNY,CN10Y
2024-06-06,9192.53,0.022828,42.61,0.0006406693264491906,399967,中证军工,CNY,CN10Y
2024-06-07,9225.26,0.022833,42.78,0.0005424090696587204,399967,中证军工,CNY,CN10Y
2024-06-11,9326.57,0.022791,43.11,0.0004054741359313385,399967,中证军工,CNY,CN10Y
2024-06-12,9329.38,0.02276,43.07,0.00045801718133271427,399967,中证军工,CNY,CN10Y
2024-06-13,9366.05,0.0226779999999999,43.26,0.0004380425335183645,399967,中证军工,CNY,CN10Y
2024-06-14,9242.55,0.0225579999999999,42.71,0.0008557204401780441,399967,中证军工,CNY,CN10Y
2024-06-17,9270.43,0.022609,42.7,0.0008102037470725972,399967,中证军工,CNY,CN10Y
2024-06-18,9328.99,0.0225369999999999,42.92,0.0007621612301958111,399967,中证军工,CNY,CN10Y
2024-06-19,9184.34,0.022429,42.26,0.0012340383341221013,399967,中证军工,CNY,CN10Y
2024-06-20,9015.46,0.022445,41.48,0.0016630038572806177,399967,中证军工,CNY,CN10Y
2024-06-21,9027.25,0.0225709999999999,41.53,0.0015079790512883239,399967,中证军工,CNY,CN10Y
2024-06-24,8805.98,0.022451,40.54,0.0022159955599408004,399967,中证军工,CNY,CN10Y
2024-06-25,8674.85,0.02235,39.93,0.002693826696719262,399967,中证军工,CNY,CN10Y
2024-06-26,8853.89,0.022225,40.72,0.002332956777996071,399967,中证军工,CNY,CN10Y
2024-06-27,8715.2,0.022081,40.06,0.0028815561657513714,399967,中证军工,CNY,CN10Y
2024-06-28,8992.59,0.022058,41.33,0.002137499637067504,399967,中证军工,CNY,CN10Y
2024-07-01,8986.04,0.022486,41.33,0.0017094996370675061,399967,中证军工,CNY,CN10Y
2024-07-02,8904.38,0.022369,40.6,0.00226154187192118,399967,中证军工,CNY,CN10Y
2024-07-03,8759.32,0.0224259999999999,39.92,0.002624100200400898,399967,中证军工,CNY,CN10Y
2024-07-04,8653.2,0.022502,39.33,0.0029238835494533426,399967,中证军工,CNY,CN10Y
2024-07-05,8689.57,0.022754,39.5,0.0025624556962025313,399967,中证军工,CNY,CN10Y
2024-07-08,8526.13,0.022904,38.75,0.002902451612903225,399967,中证军工,CNY,CN10Y
2024-07-09,8649.44,0.022698,39.36,0.0027085040650406504,399967,中证军工,CNY,CN10Y
2024-07-10,8646.63,0.022707,39.39,0.0026801541000253844,399967,中证军工,CNY,CN10Y
2024-07-11,8863.07,0.022648,40.26,0.0021905494287133634,399967,中证军工,CNY,CN10Y
2024-07-12,8817.69,0.022604,40.05,0.002364789013732837,399967,中证军工,CNY,CN10Y
2024-07-15,8772.87,0.022541,39.84,0.0025594016064257007,399967,中证军工,CNY,CN10Y
2024-07-16,8837.01,0.0226129999999999,40.13,0.0023060132070770976,399967,中证军工,CNY,CN10Y
2024-07-17,8772.24,0.0225979999999999,39.87,0.002483514923501483,399967,中证军工,CNY,CN10Y
2024-07-18,8959.41,0.022673,40.74,0.0018729008345606292,399967,中证军工,CNY,CN10Y
2024-07-19,9095.46,0.022614,41.4,0.0015405893719806774,399967,中证军工,CNY,CN10Y
2024-07-22,9155.0,0.022461,41.59,0.001583241404183696,399967,中证军工,CNY,CN10Y
2024-07-23,8874.95,0.022322,40.34,0.002467291026276644,399967,中证军工,CNY,CN10Y
2024-07-24,8939.72,0.022381,40.6,0.0022495418719211784,399967,中证军工,CNY,CN10Y
2024-07-25,8850.04,0.022168,40.18,0.0027200039820806377,399967,中证军工,CNY,CN10Y
2024-07-26,9155.58,0.0219439999999999,41.6,0.0020944615384616352,399967,中证军工,CNY,CN10Y
2024-07-29,9229.23,0.021574,41.79,0.0023551696578128743,399967,中证军工,CNY,CN10Y
2024-07-30,9259.98,0.02148,42.05,0.002301212841854937,399967,中证军工,CNY,CN10Y
2024-07-31,9393.35,0.021494,42.64,0.0019581575984990614,399967,中证军工,CNY,CN10Y
2024-08-01,9416.29,0.021297,42.68,0.002133178069353328,399967,中证军工,CNY,CN10Y
2024-08-02,9325.85,0.021277,42.38,0.002319035865974515,399967,中证军工,CNY,CN10Y
2024-08-05,9034.43,0.021376,41.08,0.0029667458617332054,399967,中证军工,CNY,CN10Y
2024-08-06,9257.18,0.0214909999999999,42.07,0.0022789072973616424,399967,中证军工,CNY,CN10Y
2024-08-07,9315.06,0.021414,42.26,0.0022490383341221033,399967,中证军工,CNY,CN10Y
2024-08-08,9023.58,0.02181,40.88,0.00265183953033268,399967,中证军工,CNY,CN10Y
2024-08-09,8913.95,0.021986,40.43,0.00274810833539451,399967,中证军工,CNY,CN10Y
2024-08-12,8818.49,0.022508,40.04,0.0024670249750249756,399967,中证军工,CNY,CN10Y
2024-08-13,8931.11,0.0222549999999999,40.55,0.0024059124537608896,399967,中证军工,CNY,CN10Y
2024-08-14,8822.42,0.021966,39.99,0.003040251562890721,399967,中证军工,CNY,CN10Y
2024-08-15,8861.53,0.02205,40.12,0.002875224327018946,399967,中证军工,CNY,CN10Y
2024-08-16,8735.37,0.021978,39.49,0.0033448665484932874,399967,中证军工,CNY,CN10Y
2024-08-19,8701.43,0.021816,39.37,0.003584050800101605,399967,中证军工,CNY,CN10Y
2024-08-20,8558.43,0.0217099999999999,38.78,0.004076487880350796,399967,中证军工,CNY,CN10Y
2024-08-21,8510.46,0.02167,38.58,0.0042501658890616925,399967,中证军工,CNY,CN10Y
2024-08-22,8474.17,0.021582,38.41,0.004452886748242648,399967,中证军工,CNY,CN10Y
2024-08-23,8479.46,0.021547,38.42,0.004481110359187922,399967,中证军工,CNY,CN10Y
2024-08-26,8419.57,0.0216279999999999,38.15,0.004584319790301543,399967,中证军工,CNY,CN10Y
2024-08-27,8283.62,0.021903,37.55,0.004728158455392813,399967,中证军工,CNY,CN10Y
2024-08-28,8369.08,0.021673,37.96,0.004670519494204425,399967,中证军工,CNY,CN10Y
2024-08-29,8491.35,0.021703,38.47,0.004291281258123215,399967,中证军工,CNY,CN10Y
2024-08-30,8592.77,0.0217039999999999,38.95,0.003969940949935913,399967,中证军工,CNY,CN10Y
2024-09-02,8290.51,0.021457,39.45,0.0038915424588086174,399967,中证军工,CNY,CN10Y
2024-09-03,8398.06,0.021432,39.97,0.0035867640730547906,399967,中证军工,CNY,CN10Y
2024-09-04,8381.83,0.021336,39.9,0.0037266566416040113,399967,中证军工,CNY,CN10Y
2024-09-05,8422.82,0.021338,40.07,0.00361832642874969,399967,中证军工,CNY,CN10Y
2024-09-06,8305.78,0.0213879999999999,39.52,0.0039156437246964555,399967,中证军工,CNY,CN10Y
2024-09-09,8284.4,0.021267,39.36,0.004139504065040649,399967,中证军工,CNY,CN10Y
2024-09-10,8330.84,0.021143,39.55,0.004141450063211129,399967,中证军工,CNY,CN10Y
2024-09-11,8317.98,0.021044,39.49,0.004278866548493288,399967,中证军工,CNY,CN10Y
2024-09-12,8282.34,0.020998,39.32,0.004434349949135302,399967,中证军工,CNY,CN10Y
2024-09-13,8209.35,0.020724,38.98,0.004930181631605954,399967,中证军工,CNY,CN10Y
2024-09-14,,0.020425,38.98,0.0052291816316059545,399967,中证军工,CNY,CN10Y
2024-09-18,8211.96,0.0204029999999999,38.95,0.005270940949935913,399967,中证军工,CNY,CN10Y
2024-09-19,8230.99,0.02045,39.05,0.005158194622279132,399967,中证军工,CNY,CN10Y
2024-09-20,8096.74,0.0204309999999999,38.52,0.0055295399792316645,399967,中证军工,CNY,CN10Y
2024-09-23,8117.64,0.020381,38.51,0.005586281225655677,399967,中证军工,CNY,CN10Y
2024-09-24,8374.72,0.020728,39.72,0.004448233635448138,399967,中证军工,CNY,CN10Y
2024-09-25,8522.19,0.0204369999999999,40.32,0.0043645873015874005,399967,中证军工,CNY,CN10Y
2024-09-26,8798.69,0.020787,41.63,0.003234138601969732,399967,中证军工,CNY,CN10Y
2024-09-27,9227.7,0.021714,43.63,0.001206009168003664,399967,中证军工,CNY,CN10Y
2024-09-29,,0.022534,43.63,0.0003860091680036662,399967,中证军工,CNY,CN10Y
2024-09-30,10176.38,0.021518,48.12,-0.0007366201163757254,399967,中证军工,CNY,CN10Y
2024-10-08,11119.54,0.021928,52.59,-0.002912978132724852,399967,中证军工,CNY,CN10Y
2024-10-09,10330.82,0.02176,48.85,-0.0012891709314227263,399967,中证军工,CNY,CN10Y
2024-10-10,10408.13,0.0214409999999999,49.22,-0.0011240556684273678,399967,中证军工,CNY,CN10Y
2024-10-11,9872.93,0.021392,46.71,1.66919289231425e-05,399967,中证军工,CNY,CN10Y
2024-10-12,,0.0214409999999999,46.71,-3.2308071076757316e-05,399967,中证军工,CNY,CN10Y
2024-10-14,10268.64,0.021368,48.66,-0.0008172396218660075,399967,中证军工,CNY,CN10Y
2024-10-15,10215.06,0.021254,48.3,-0.0005500662525879906,399967,中证军工,CNY,CN10Y
2024-10-16,10083.19,0.021331,47.71,-0.00037103353594634264,399967,中证军工,CNY,CN10Y
2024-10-17,10157.87,0.021084,47.98,-0.00024198249270529146,399967,中证军工,CNY,CN10Y
2024-10-18,10530.46,0.021209,49.75,-0.0011084974874371843,399967,中证军工,CNY,CN10Y
2024-10-21,10979.44,0.021211,51.9,-0.0019431772639691702,399967,中证军工,CNY,CN10Y
2024-10-22,10825.77,0.0214579999999999,51.22,-0.0019343764154626103,399967,中证军工,CNY,CN10Y
2024-10-23,11096.25,0.021559,52.53,-0.002522259090043784,399967,中证军工,CNY,CN10Y
2024-10-24,10827.84,0.021661,51.28,-0.002160219968798751,399967,中证军工,CNY,CN10Y
2024-10-25,10941.92,0.021539,51.78,-0.0022265241405948245,399967,中证军工,CNY,CN10Y
2024-10-28,11117.84,0.021617,52.47,-0.0025584903754526413,399967,中证军工,CNY,CN10Y
2024-10-29,11007.63,0.021598,51.8,-0.0022929806949806945,399967,中证军工,CNY,CN10Y
2024-10-30,11043.36,0.0215969999999999,51.76,-0.002277061823802065,399967,中证军工,CNY,CN10Y
2024-10-31,11090.32,0.021476,51.81,-0.002174706813356495,399967,中证军工,CNY,CN10Y
2024-11-01,10767.68,0.021406,57.08,-0.003886728801681852,399967,中证军工,CNY,CN10Y
2024-11-04,11022.47,0.021275,58.58,-0.00420432741550017,399967,中证军工,CNY,CN10Y
2024-11-05,11702.18,0.021106,62.14,-0.0050133060830383006,399967,中证军工,CNY,CN10Y
2024-11-06,11857.24,0.021234,62.95,-0.005348376489277204,399967,中证军工,CNY,CN10Y
2024-11-07,11756.3,0.021115,62.3,-0.005063635634028889,399967,中证军工,CNY,CN10Y
2024-11-08,12119.55,0.021067,64.12,-0.005471242046163444,399967,中证军工,CNY,CN10Y
2024-11-11,12403.06,0.02092,65.59,-0.005673773441073336,399967,中证军工,CNY,CN10Y
2024-11-12,11949.11,0.020729,63.4,-0.004956129337539434,399967,中证军工,CNY,CN10Y
2024-11-13,11952.89,0.020876,63.81,-0.005204475160633128,399967,中证军工,CNY,CN10Y
2024-11-14,11474.81,0.020808,61.23,-0.004476136534378571,399967,中证军工,CNY,CN10Y
2024-11-15,11077.05,0.020948,58.95,-0.003984471586089909,399967,中证军工,CNY,CN10Y
2024-11-18,10853.46,0.021117,57.87,-0.0038368894072922065,399967,中证军工,CNY,CN10Y
2024-11-19,11034.04,0.020947,58.62,-0.0038879757761856003,399967,中证军工,CNY,CN10Y
2024-11-20,11182.21,0.021025,59.35,-0.004175800336983993,399967,中证军工,CNY,CN10Y
2024-11-21,11168.67,0.0208429999999999,59.35,-0.003993800336983894,399967,中证军工,CNY,CN10Y
2024-11-22,10760.59,0.020832,57.23,-0.0033586468635331095,399967,中证军工,CNY,CN10Y
2024-11-25,10620.16,0.020682,56.48,-0.0029766175637393755,399967,中证军工,CNY,CN10Y
2024-11-26,10508.32,0.020657,56.01,-0.002803045349044811,399967,中证军工,CNY,CN10Y
2024-11-27,10841.82,0.020553,57.87,-0.0032728894072922045,399967,中证军工,CNY,CN10Y
2024-11-28,10775.62,0.020304,57.47,-0.0029036171915782123,399967,中证军工,CNY,CN10Y
2024-11-29,10898.48,0.020206,58.22,-0.003029771899690826,399967,中证军工,CNY,CN10Y
2024-12-02,11022.24,0.01981,58.82,-0.0028089799387963285,399967,中证军工,CNY,CN10Y
2024-12-03,10918.5,0.019886,58.25,-0.002718618025751074,399967,中证军工,CNY,CN10Y
2024-12-04,10797.56,0.019612,57.54,-0.002232785540493571,399967,中证军工,CNY,CN10Y
2024-12-05,10916.26,0.019462,58.19,-0.0022769166523457646,399967,中证军工,CNY,CN10Y
2024-12-06,11010.36,0.019539,58.73,-0.0025119269538566302,399967,中证军工,CNY,CN10Y
2024-12-09,10866.46,0.019168,57.99,-0.0019236475254354214,399967,中证军工,CNY,CN10Y
2024-12-10,11011.55,0.018468,58.72,-0.0014380272479564,399967,中证军工,CNY,CN10Y
2024-12-11,11061.93,0.018218,58.94,-0.0012515934848999002,399967,中证军工,CNY,CN10Y
2024-12-12,11236.06,0.018172,59.98,-0.0014997759253084358,399967,中证军工,CNY,CN10Y
2024-12-13,10925.58,0.017771,58.51,-0.0006799044607759333,399967,中证军工,CNY,CN10Y
2024-12-16,10777.21,0.017215,57.58,0.00015214136853073865,399967,中证军工,CNY,CN10Y
2024-12-17,10628.78,0.017237,56.89,0.00034078168395148753,399967,中证军工,CNY,CN10Y
2024-12-18,10712.78,0.017564,57.27,-0.00010285105639951109,399967,中证军工,CNY,CN10Y
2024-12-19,10728.84,0.017417,57.28,4.1100558659218356e-05,399967,中证军工,CNY,CN10Y
2024-12-20,10839.37,0.017018,57.8,0.00028303806228374,399967,中证军工,CNY,CN10Y
2024-12-23,10644.32,0.017019,56.85,0.0005711495162708871,399967,中证军工,CNY,CN10Y
2024-12-24,10685.6,0.017166,57.03,0.0003686308960196387,399967,中证军工,CNY,CN10Y
2024-12-25,10616.98,0.017365,56.81,0.00023753476500616016,399967,中证军工,CNY,CN10Y
2024-12-26,10759.46,0.017122,57.59,0.0002421257162701848,399967,中证军工,CNY,CN10Y
2024-12-27,10921.48,0.016929,58.48,0.0001708632010943914,399967,中证军工,CNY,CN10Y
2024-12-30,10874.96,0.017128,58.27,3.3489617298779195e-05,399967,中证军工,CNY,CN10Y
2024-12-31,10650.79,0.016752,57.35,0.0006847916303400169,399967,中证军工,CNY,CN10Y
2025-01-02,10176.93,0.0160769999999999,54.8,0.0021711751824818534,399967,中证军工,CNY,CN10Y
2025-01-03,9876.6,0.016041,53.23,0.002745398647379299,399967,中证军工,CNY,CN10Y
2025-01-06,9763.68,0.015966,52.62,0.0030381809198023572,399967,中证军工,CNY,CN10Y
2025-01-07,9936.75,0.016093,53.5,0.002598588785046728,399967,中证军工,CNY,CN10Y
2025-01-08,9867.07,0.016069,53.13,0.0027527579521927324,399967,中证军工,CNY,CN10Y
2025-01-09,10006.74,0.016368,53.88,0.0021917624350408296,399967,中证军工,CNY,CN10Y
2025-01-10,9868.93,0.016338,53.21,0.0024554598759631667,399967,中证军工,CNY,CN10Y
2025-01-13,9872.63,0.016592,53.09,0.002243938971557731,399967,中证军工,CNY,CN10Y
2025-01-14,10225.48,0.016446,54.93,0.001758988166757694,399967,中证军工,CNY,CN10Y
2025-01-15,10054.9,0.01633,54.06,0.0021679652238253792,399967,中证军工,CNY,CN10Y
2025-01-16,10047.81,0.016394,53.96,0.0021382461082283186,399967,中证军工,CNY,CN10Y
2025-01-17,10151.41,0.016593,54.52,0.0017488928833455618,399967,中证军工,CNY,CN10Y
2025-01-20,10245.78,0.016747,55.07,0.0014117071000544733,399967,中证军工,CNY,CN10Y
2025-01-21,10182.98,0.016496,54.79,0.001755505749224312,399967,中证军工,CNY,CN10Y
2025-01-22,10109.1,0.016602,54.37,0.001790495861688432,399967,中证军工,CNY,CN10Y
2025-01-23,10024.7,0.016645,54.03,0.0018632361650934674,399967,中证军工,CNY,CN10Y
2025-01-24,10128.87,0.016565,58.0,0.0006763793103448275,399967,中证军工,CNY,CN10Y
2025-01-26,,0.016537,58.0,0.0007043793103448277,399967,中证军工,CNY,CN10Y
2025-01-27,10012.89,0.0162989999999999,57.27,0.0011621489436005883,399967,中证军工,CNY,CN10Y
2025-02-05,10107.36,0.016207,57.47,0.0011933828084217876,399967,中证军工,CNY,CN10Y
2025-02-06,10428.53,0.015958,59.4,0.0008770168350168348,399967,中证军工,CNY,CN10Y
2025-02-07,10512.67,0.016032,59.73,0.0007100056922819363,399967,中证军工,CNY,CN10Y
2025-02-08,,0.016057,59.73,0.0006850056922819391,399967,中证军工,CNY,CN10Y
2025-02-10,10617.61,0.016342,60.19,0.00027205549094534015,399967,中证军工,CNY,CN10Y
2025-02-11,10508.86,0.016274,59.56,0.0005157918065815982,399967,中证军工,CNY,CN10Y
2025-02-12,10592.98,0.016336,59.97,0.0003390041687510413,399967,中证军工,CNY,CN10Y
2025-02-13,10499.81,0.016346,59.56,0.00044379180658159906,399967,中证军工,CNY,CN10Y
2025-02-14,10494.21,0.016546,59.37,0.0002975236651507479,399967,中证军工,CNY,CN10Y
2025-02-17,10474.17,0.016934,54.56,0.001394445747800583,399967,中证军工,CNY,CN10Y
2025-02-18,10199.27,0.017006,53.22,0.0017839285982713254,399967,中证军工,CNY,CN10Y
2025-02-19,10397.16,0.016626,54.12,0.0018514575018477482,399967,中证军工,CNY,CN10Y
2025-02-20,10560.67,0.01685,54.8,0.0013981751824817534,399967,中证军工,CNY,CN10Y
2025-02-21,10668.82,0.0172,55.21,0.000912660749864156,399967,中证军工,CNY,CN10Y
2025-02-24,10703.29,0.017625,55.24,0.0004778240405503252,399967,中证军工,CNY,CN10Y
2025-02-25,10637.36,0.017275,54.89,0.0009432546912005839,399967,中证军工,CNY,CN10Y
2025-02-26,10713.97,0.017251,55.26,0.0008452721679334078,399967,中证军工,CNY,CN10Y
2025-02-27,10594.82,0.017576,54.63,0.0007289606443346142,399967,中证军工,CNY,CN10Y
2025-02-28,10288.33,0.017152,53.2,0.001644992481203006,399967,中证军工,CNY,CN10Y
2025-03-03,10332.55,0.016955,53.42,0.0017645806813927356,399967,中证军工,CNY,CN10Y
2025-03-04,10635.72,0.017079,54.94,0.001122674554058973,399967,中证军工,CNY,CN10Y
2025-03-05,10668.84,0.017083,54.98,0.001105432157148055,399967,中证军工,CNY,CN10Y
2025-03-06,10831.14,0.017455,55.73,0.0004886569172797457,399967,中证军工,CNY,CN10Y
2025-03-07,10974.36,0.018002,56.67,-0.0003559791776954306,399967,中证军工,CNY,CN10Y
2025-03-10,11031.87,0.018128,56.98,-0.0005779824499824483,399967,中证军工,CNY,CN10Y
2025-03-11,11259.47,0.0188529999999999,58.19,-0.0016679166523456655,399967,中证军工,CNY,CN10Y
2025-03-12,11214.98,0.018334,57.87,-0.0010538894072922057,399967,中证军工,CNY,CN10Y
2025-03-13,11190.11,0.018565,57.82,-0.001269946385333797,399967,中证军工,CNY,CN10Y
2025-03-14,11204.55,0.018317,57.94,-0.0010577663099758348,399967,中证军工,CNY,CN10Y
2025-03-17,11173.02,0.0189569999999999,57.8,-0.0016559619377161626,399967,中证军工,CNY,CN10Y
2025-03-18,11125.51,0.018885,57.55,-0.001508805386620328,399967,中证军工,CNY,CN10Y
2025-03-19,11020.07,0.018708,56.99,-0.0011610619406913492,399967,中证军工,CNY,CN10Y
2025-03-20,11080.97,0.018309,57.4,-0.0008873972125435538,399967,中证军工,CNY,CN10Y
2025-03-21,11011.63,0.018458,57.15,-0.0009601872265966732,399967,中证军工,CNY,CN10Y
2025-03-24,10836.28,0.018413,56.33,-0.0006604702645126928,399967,中证军工,CNY,CN10Y
2025-03-25,10796.37,0.018183,56.14,-0.00037038867117919483,399967,中证军工,CNY,CN10Y
2025-03-26,10785.43,0.017943,56.07,-0.00010815070447654784,399967,中证军工,CNY,CN10Y
2025-03-27,10728.18,0.018062,55.73,-0.00011834308272025765,399967,中证军工,CNY,CN10Y
2025-03-28,10635.56,0.018126,55.26,-2.9727832066592935e-05,399967,中证军工,CNY,CN10Y
2025-03-31,10465.25,0.018129,54.31,0.00028381531946234523,399967,中证军工,CNY,CN10Y
2025-04-01,10588.27,0.018104,55.04,6.460465116279318e-05,399967,中证军工,CNY,CN10Y
2025-04-02,10469.74,0.017887,54.32,0.0005224256259204717,399967,中证军工,CNY,CN10Y
2025-04-03,10421.05,0.01718,54.11,0.001300872297172427,399967,中证军工,CNY,CN10Y
2025-04-07,9504.17,0.016318,49.54,0.0038677085183689945,399967,中证军工,CNY,CN10Y
2025-04-08,9695.71,0.016633,50.57,0.0031415699031046088,399967,中证军工,CNY,CN10Y
2025-04-09,10217.9,0.016508,53.15,0.0023066754468485454,399967,中证军工,CNY,CN10Y
2025-04-10,10342.17,0.016444,53.74,0.0021641131373278735,399967,中证军工,CNY,CN10Y
2025-04-11,10462.74,0.016568,54.35,0.001831264029438822,399967,中证军工,CNY,CN10Y
2025-04-14,10479.24,0.016584,54.33,0.001822037180195104,399967,中证军工,CNY,CN10Y
2025-04-15,10291.52,0.016583,53.42,0.0021365806813927364,399967,中证军工,CNY,CN10Y
2025-04-16,10249.01,0.01643,53.24,0.0023528700225394425,399967,中证军工,CNY,CN10Y
2025-04-17,10237.58,0.016522,53.21,0.0022714598759631666,399967,中证军工,CNY,CN10Y
2025-04-18,10171.28,0.016493,52.87,0.0024213181388310946,399967,中证军工,CNY,CN10Y
2025-04-21,10356.83,0.016664,53.75,0.0019406511627906957,399967,中证军工,CNY,CN10Y
2025-04-22,10298.35,0.016509,53.49,0.002186083193120209,399967,中证军工,CNY,CN10Y
2025-04-23,10286.19,0.016611,53.38,0.002122608092918695,399967,中证军工,CNY,CN10Y
2025-04-24,10193.07,0.01664,52.89,0.0022671658158442062,399967,中证军工,CNY,CN10Y
2025-04-25,10219.01,0.016606,53.04,0.0022476953242835593,399967,中证军工,CNY,CN10Y
2025-04-27,,0.016607,53.04,0.0022466953242835583,399967,中证军工,CNY,CN10Y
2025-04-28,10138.84,0.016483,52.57,0.0025392560395662914,399967,中证军工,CNY,CN10Y
2025-04-29,10155.37,0.016241,52.62,0.0027631809198023598,399967,中证军工,CNY,CN10Y
2025-04-30,10201.94,0.016243,52.74,0.002717940462646947,399967,中证军工,CNY,CN10Y
2025-05-06,10392.63,0.016298,53.62,0.0023517575531518085,399967,中证军工,CNY,CN10Y
2025-05-07,10735.55,0.016418,55.42,0.001626027426921691,399967,中证军工,CNY,CN10Y
2025-05-08,10961.03,0.016331,56.45,0.001383791851195748,399967,中证军工,CNY,CN10Y
2025-05-09,10729.21,0.016351,55.31,0.0017289132164165603,399967,中证军工,CNY,CN10Y
2025-05-12,11234.55,0.01688,57.67,0.0004600381480839265,399967,中证军工,CNY,CN10Y
2025-05-13,10899.67,0.016704,55.87,0.001194693395382137,399967,中证军工,CNY,CN10Y
2025-05-14,10828.14,0.016736,55.49,0.0012852650928095143,399967,中证军工,CNY,CN10Y
2025-05-15,10635.16,0.016798,54.53,0.0015405292499541534,399967,中证军工,CNY,CN10Y
2025-05-16,10622.19,0.016793,54.5,0.0015556238532110113,399967,中证军工,CNY,CN10Y
2025-05-19,10726.85,0.016893,54.99,0.0012921245681032922,399967,中证军工,CNY,CN10Y
2025-05-20,10696.68,0.017004,54.91,0.0012076190129302507,399967,中证军工,CNY,CN10Y
2025-05-21,10706.42,0.0171,54.73,0.0011715147085693406,399967,中证军工,CNY,CN10Y
2025-05-22,10641.82,0.017186,54.46,0.0011761006243114214,399967,中证军工,CNY,CN10Y
2025-05-23,10526.59,0.017208,53.89,0.0013483184264241957,399967,中证军工,CNY,CN10Y
2025-05-26,10634.08,0.017201,54.34,0.0012016499815973476,399967,中证军工,CNY,CN10Y
2025-05-27,10602.0,0.017261,54.03,0.001247236165093469,399967,中证军工,CNY,CN10Y
2025-05-28,10524.13,0.016832,53.8,0.0017553605947955402,399967,中证军工,CNY,CN10Y
2025-05-29,10711.51,0.016877,54.66,0.0014179140139041375,399967,中证军工,CNY,CN10Y
2025-05-30,10719.52,0.016712,54.53,0.0016265292499541527,399967,中证军工,CNY,CN10Y
2025-06-03,10723.65,0.0167639999999999,54.61,0.001547664530305904,399967,中证军工,CNY,CN10Y
2025-06-04,10711.27,0.016704,54.55,0.0016278056828597613,399967,中证军工,CNY,CN10Y
2025-06-05,10757.36,0.016741,54.77,0.0015171705313127629,399967,中证军工,CNY,CN10Y
2025-06-06,10727.13,0.016547,54.52,0.0017948928833455627,399967,中证军工,CNY,CN10Y
2025-06-09,10880.04,0.016559,55.43,0.0014817721450478064,399967,中证军工,CNY,CN10Y
2025-06-10,10688.39,0.016569,54.44,0.0017998464364437916,399967,中证军工,CNY,CN10Y
2025-06-11,10730.26,0.01642,54.73,0.0018515147085693406,399967,中证军工,CNY,CN10Y
2025-06-12,10662.76,0.016475,54.39,0.0019107326714469554,399967,中证军工,CNY,CN10Y
2025-06-13,10786.39,0.01644,54.97,0.0017517409496088793,399967,中证军工,CNY,CN10Y
2025-06-16,10795.13,0.016432,56.01,0.0014219546509551886,399967,中证军工,CNY,CN10Y
2025-06-17,10792.66,0.016364,56.0,0.001493142857142856,399967,中证军工,CNY,CN10Y
2025-06-18,10855.9,0.016384,56.27,0.0013874590367869213,399967,中证军工,CNY,CN10Y
2025-06-19,10688.15,0.016425,55.36,0.0016385838150289045,399967,中证军工,CNY,CN10Y
2025-06-20,10567.54,0.016396,54.8,0.001852175182481753,399967,中证军工,CNY,CN10Y
2025-06-23,10743.16,0.016418,55.6,0.0015676115107913675,399967,中证军工,CNY,CN10Y
2025-06-24,10794.34,0.0164799999999999,55.96,0.0013899070764833016,399967,中证军工,CNY,CN10Y
2025-06-25,11122.83,0.016544,57.57,0.000826158068438422,399967,中证军工,CNY,CN10Y
2025-06-26,11144.2,0.016462,57.67,0.0008780381480839247,399967,中证军工,CNY,CN10Y
2025-06-27,11226.42,0.016462,58.01,0.0007764071711773846,399967,中证军工,CNY,CN10Y
2025-06-30,11686.7,0.016469,60.31,0.00011199817609020002,399967,中证军工,CNY,CN10Y
2025-07-01,11668.5,0.016433,60.14,0.00019486830728300542,399967,中证军工,CNY,CN10Y
2025-07-02,11438.99,0.016396,59.04,0.000541669376693768,399967,中证军工,CNY,CN10Y
2025-07-03,11468.83,0.016407,59.23,0.0004763361472226897,399967,中证军工,CNY,CN10Y
2025-07-04,11391.9,0.016433,58.86,0.0005564665307509348,399967,中证军工,CNY,CN10Y
2025-07-07,11415.03,0.016406,59.09,0.0005173372821120313,399967,中证军工,CNY,CN10Y
2025-07-08,11491.2,0.016444,59.44,0.000379687752355317,399967,中证军工,CNY,CN10Y
2025-07-09,11393.66,0.016446,58.88,0.0005376956521739133,399967,中证军工,CNY,CN10Y
2025-07-10,11357.05,0.016616,58.63,0.000440114617090228,399967,中证军工,CNY,CN10Y
2025-07-11,11511.94,0.016653,59.44,0.00017068775235531616,399967,中证军工,CNY,CN10Y
2025-07-14,11449.3,0.016726,59.08,0.0002002017603249806,399967,中证军工,CNY,CN10Y
2025-07-15,11418.72,0.016557,58.97,0.00040077513990164487,399967,中证军工,CNY,CN10Y
2025-07-16,11396.52,0.016617,58.79,0.00039269552645007644,399967,中证军工,CNY,CN10Y
2025-07-17,11699.24,0.01663,60.56,-0.00011745046235138792,399967,中证军工,CNY,CN10Y
2025-07-18,11808.47,0.016652,61.22,-0.0003174688010454084,399967,中证军工,CNY,CN10Y
2025-07-21,11917.04,0.016774,61.74,-0.0005770450275348234,399967,中证军工,CNY,CN10Y
2025-07-22,11917.21,0.016907,61.8,-0.0007257702265372132,399967,中证军工,CNY,CN10Y
2025-07-23,11758.94,0.017041,61.04,-0.0006583001310615996,399967,中证军工,CNY,CN10Y
2025-07-24,11970.88,0.017376,61.95,-0.0012339499596448755,399967,中证军工,CNY,CN10Y
2025-07-25,11987.24,0.017324,62.12,-0.0012261249195106225,399967,中证军工,CNY,CN10Y
2025-07-28,12162.75,0.0171459999999999,63.01,-0.0012755032534517326,399967,中证军工,CNY,CN10Y
2025-07-29,12291.87,0.017466,63.71,-0.001769876942395228,399967,中证军工,CNY,CN10Y
2025-07-30,12139.77,0.01718,62.83,-0.001264036288397264,399967,中证军工,CNY,CN10Y
2025-07-31,12075.01,0.017044,62.35,-0.0010055076182838817,399967,中证军工,CNY,CN10Y
2025-08-01,11913.01,0.017059,61.48,-0.000793547820429407,399967,中证军工,CNY,CN10Y
2025-08-04,12224.14,0.017083,63.06,-0.0012250869013637825,399967,中证军工,CNY,CN10Y
2025-08-05,12308.0,0.017061,63.36,-0.001278171717171716,399967,中证军工,CNY,CN10Y
2025-08-06,12686.68,0.016999,65.38,-0.0017038026919547252,399967,中证军工,CNY,CN10Y
2025-08-07,12632.97,0.016894,64.79,-0.0014595193702731917,399967,中证军工,CNY,CN10Y
2025-08-08,12593.77,0.016891,64.52,-0.0013919299442033458,399967,中证军工,CNY,CN10Y
2025-08-11,12676.82,0.017203,64.89,-0.0017923049776544919,399967,中证军工,CNY,CN10Y
2025-08-12,12581.58,0.017271,64.28,-0.0017140616054760437,399967,中证军工,CNY,CN10Y
2025-08-13,12763.69,0.017262,64.91,-0.0018560533045755643,399967,中证军工,CNY,CN10Y
2025-08-14,12539.88,0.017341,63.83,-0.0016743855553814808,399967,中证军工,CNY,CN10Y
2025-08-15,12689.03,0.0174649999999999,64.55,-0.0019731332300541218,399967,中证军工,CNY,CN10Y
2025-08-18,12954.32,0.017872,65.81,-0.0026767409208327004,399967,中证军工,CNY,CN10Y
2025-08-19,12743.48,0.017725,64.74,-0.002278599011430337,399967,中证军工,CNY,CN10Y
2025-08-20,12836.17,0.01782,65.17,-0.0024755163418750947,399967,中证军工,CNY,CN10Y
2025-08-21,12756.92,0.017667,64.87,-0.0022515537228302764,399967,中证军工,CNY,CN10Y
2025-08-22,13049.68,0.017818,66.19,-0.002709977640126907,399967,中证军工,CNY,CN10Y
2025-08-25,13310.24,0.017643,67.59,-0.0028479119692262165,399967,中证军工,CNY,CN10Y
2025-08-26,13230.6,0.017598,67.06,-0.0026859809126155675,399967,中证军工,CNY,CN10Y
2025-08-27,12991.01,0.017988,65.84,-0.0027996646415552866,399967,中证军工,CNY,CN10Y
2025-08-28,13275.53,0.018478,67.5,-0.003663185185185186,399967,中证军工,CNY,CN10Y
2025-08-29,13378.55,0.018379,68.16,-0.0037076384976525815,399967,中证军工,CNY,CN10Y
2025-09-01,13350.39,0.018257,65.36,-0.0029571223990208072,399967,中证军工,CNY,CN10Y
2025-09-02,13021.27,0.018167,63.75,-0.0024807254901960778,399967,中证军工,CNY,CN10Y
2025-09-03,12313.31,0.017984,60.46,-0.0014441389348329482,399967,中证军工,CNY,CN10Y
2025-09-04,11925.29,0.01806,58.74,-0.0010358256724548875,399967,中证军工,CNY,CN10Y
2025-09-05,12100.03,0.01826,58.14,-0.0010601375988992072,399967,中证军工,CNY,CN10Y
2025-09-08,12167.26,0.018514,58.39,-0.0013877797568076708,399967,中证军工,CNY,CN10Y
2025-09-09,11933.99,0.018641,57.32,-0.0011950823447313338,399967,中证军工,CNY,CN10Y
2025-09-10,12015.18,0.018992,57.56,-0.001618824183460734,399967,中证军工,CNY,CN10Y
2025-09-11,12272.07,0.018743,58.87,-0.0017564193986750465,399967,中证军工,CNY,CN10Y
2025-09-12,12258.13,0.01867,58.75,-0.001648723404255318,399967,中证军工,CNY,CN10Y
2025-09-15,12151.96,0.018724,58.35,-0.0015860394173093408,399967,中证军工,CNY,CN10Y
2025-09-16,12090.82,0.018527,57.91,-0.0012588252460714877,399967,中证军工,CNY,CN10Y
2025-09-17,12146.69,0.018349,58.2,-0.001166869415807563,399967,中证军工,CNY,CN10Y
2025-09-18,12079.62,0.018546,58.0,-0.0013046206896551726,399967,中证军工,CNY,CN10Y
2025-09-19,12187.17,0.018789,58.63,-0.0017328853829097733,399967,中证军工,CNY,CN10Y
2025-09-22,12259.89,0.018647,58.93,-0.0016777144069234674,399967,中证军工,CNY,CN10Y
2025-09-23,12155.71,0.01877,58.48,-0.0016701367989056075,399967,中证军工,CNY,CN10Y
2025-09-24,12286.46,0.0190219999999999,59.07,-0.002092932791603084,399967,中证军工,CNY,CN10Y
2025-09-25,12237.36,0.01884,58.76,-0.0018216201497617407,399967,中证军工,CNY,CN10Y
2025-09-26,12196.92,0.018768,58.77,-0.0017525159094776248,399967,中证军工,CNY,CN10Y
2025-09-28,,0.018781,58.77,-0.001765515909477624,399967,中证军工,CNY,CN10Y
2025-09-29,12256.74,0.01887,59.1,-0.00194952622673435,399967,中证军工,CNY,CN10Y
2025-09-30,12580.9,0.018605,60.83,-0.00216574305441394,399967,中证军工,CNY,CN10Y
2025-10-09,12743.11,0.018466,61.55,-0.002219046303818032,399967,中证军工,CNY,CN10Y
2025-10-10,12597.67,0.01846,60.87,-0.0020315459175291595,399967,中证军工,CNY,CN10Y
2025-10-11,,0.018206,60.87,-0.0017775459175291587,399967,中证军工,CNY,CN10Y
2025-10-13,12720.77,0.018383,61.34,-0.002080424193022498,399967,中证军工,CNY,CN10Y
2025-10-14,12555.31,0.018368,60.46,-0.0018281389348329471,399967,中证军工,CNY,CN10Y
2025-10-15,12560.97,0.018449,60.47,-0.0019118741524722996,399967,中证军工,CNY,CN10Y
2025-10-16,12422.69,0.018407,59.81,-0.0016873878950008359,399967,中证军工,CNY,CN10Y
2025-10-17,12004.75,0.018246,57.71,-0.0009179805926182623,399967,中证军工,CNY,CN10Y
2025-10-20,12046.0,0.018498,57.81,-0.0011999546791212588,399967,中证军工,CNY,CN10Y
2025-10-21,12210.86,0.018357,58.62,-0.0012979757761855983,399967,中证军工,CNY,CN10Y
2025-10-22,12068.36,0.018293,57.92,-0.0010278066298342534,399967,中证军工,CNY,CN10Y
2025-10-23,12010.44,0.018391,57.62,-0.0010359149600833034,399967,中证军工,CNY,CN10Y
2025-10-24,12295.86,0.018486,58.89,-0.0015051883172015612,399967,中证军工,CNY,CN10Y
2025-10-27,12474.34,0.018423,59.63,-0.0016529178265973499,399967,中证军工,CNY,CN10Y
2025-10-28,12602.11,0.018179,60.07,-0.0015317551190278007,399967,中证军工,CNY,CN10Y
2025-10-29,12691.95,0.018208,60.37,-0.0016434811992711573,399967,中证军工,CNY,CN10Y
2025-10-30,12451.41,0.018098,59.17,-0.0011975436876795684,399967,中证军工,CNY,CN10Y
2025-10-31,12286.12,0.017954,58.45,-0.0008453601368691201,399967,中证军工,CNY,CN10Y
2025-11-03,12359.35,0.017944,58.73,-0.000916926953856631,399967,中证军工,CNY,CN10Y
2025-11-04,12200.43,0.017984,57.96,-0.00073072187715666,399967,中证军工,CNY,CN10Y
2025-11-05,12164.82,0.017964,57.84,-0.0006749266943291872,399967,中证军工,CNY,CN10Y
2025-11-06,12273.81,0.0181,58.43,-0.0009855040219065546,399967,中证军工,CNY,CN10Y
2025-11-07,12208.96,0.018142,58.07,-0.0009214041673841905,399967,中证军工,CNY,CN10Y
2025-11-10,12182.76,0.018139,57.87,-0.000858889407292205,399967,中证军工,CNY,CN10Y
2025-11-11,12058.44,0.018119,57.35,-0.0006822083696599833,399967,中证军工,CNY,CN10Y
2025-11-12,11963.16,0.018071,56.77,-0.0004560625330280073,399967,中证军工,CNY,CN10Y
2025-11-13,12037.78,0.018126,57.05,-0.0005975162138475015,399967,中证军工,CNY,CN10Y
2025-11-14,11962.63,0.01814,56.72,-0.0005095345557122703,399967,中证军工,CNY,CN10Y
2025-11-17,12122.88,0.018109,57.4,-0.000687397212543555,399967,中证军工,CNY,CN10Y
2025-11-18,11955.06,0.018121,56.59,-0.00045003339812688115,399967,中证军工,CNY,CN10Y
2025-11-19,12026.22,0.018179,57.02,-0.0006412939319537028,399967,中证军工,CNY,CN10Y
2025-11-20,11906.22,0.018135,56.28,-0.0003666986496090978,399967,中证军工,CNY,CN10Y
2025-11-21,11663.3,0.018166,55.37,-0.0001056785262777693,399967,中证军工,CNY,CN10Y
2025-11-24,12112.32,0.01821,57.39,-0.0007853615612476057,399967,中证军工,CNY,CN10Y
2025-11-25,12074.64,0.018301,57.09,-0.0007847975126992479,399967,中证军工,CNY,CN10Y
2025-11-26,11832.74,0.018462,55.95,-0.000588899016979446,399967,中证军工,CNY,CN10Y
2025-11-27,11812.49,0.0185369999999999,55.87,-0.0006383066046177638,399967,中证军工,CNY,CN10Y
2025-11-28,11963.85,0.0184119999999999,56.44,-0.0006940694542876408,399967,中证军工,CNY,CN10Y
2025-12-01,12094.95,0.018366,56.95,-0.0008067374890254608,399967,中证军工,CNY,CN10Y
2025-12-02,12060.4,0.018442,56.66,-0.0007928648076244264,399967,中证军工,CNY,CN10Y
2025-12-03,11926.57,0.018519,55.9,-0.0006299123434704845,399967,中证军工,CNY,CN10Y
2025-12-04,12000.56,0.018718,56.09,-0.0008895100730968095,399967,中证军工,CNY,CN10Y
2025-12-05,12286.99,0.01848,57.16,-0.0009852484254723563,399967,中证军工,CNY,CN10Y
2025-12-08,12426.77,0.018499,57.76,-0.0011859806094182829,399967,中证军工,CNY,CN10Y
2025-12-09,12411.96,0.018425,57.67,-0.0010849618519160747,399967,中证军工,CNY,CN10Y
2025-12-10,12506.59,0.018447,58.24,-0.0012766703296703333,399967,中证军工,CNY,CN10Y
2025-12-11,12462.34,0.018404,58.0,-0.0011626206896551729,399967,中证军工,CNY,CN10Y
2025-12-12,12598.17,0.018396,58.72,-0.0013660272479564008,399967,中证军工,CNY,CN10Y
2025-12-15,12707.87,0.018488,60.01,-0.0018241106482252967,399967,中证军工,CNY,CN10Y
2025-12-16,12528.31,0.018458,59.2,-0.0015661081081081094,399967,中证军工,CNY,CN10Y
2025-12-17,12520.03,0.01834,59.23,-0.0014566638527773075,399967,中证军工,CNY,CN10Y
2025-12-18,12656.05,0.0183559999999999,59.08,-0.0014297982396749183,399967,中证军工,CNY,CN10Y
2025-12-19,12826.4,0.018308,59.85,-0.0015995622389306623,399967,中证军工,CNY,CN10Y
2025-12-22,12897.85,0.018415,60.2,-0.00180370431893688,399967,中证军工,CNY,CN10Y
2025-12-23,12710.71,0.018352,59.42,-0.0015226496129249409,399967,中证军工,CNY,CN10Y
2025-12-24,13046.11,0.0183559999999999,60.88,-0.0019302444152430008,399967,中证军工,CNY,CN10Y
2025-12-25,13454.46,0.018386,62.78,-0.002457360305829881,399967,中证军工,CNY,CN10Y
2025-12-26,13616.67,0.018376,63.42,-0.0026081034374014524,399967,中证军工,CNY,CN10Y
2025-12-29,13788.61,0.018584,64.18,-0.00300282206294796,399967,中证军工,CNY,CN10Y
2025-12-30,13701.96,0.018582,64.0,-0.0029570000000000013,399967,中证军工,CNY,CN10Y
2025-12-31,14011.14,0.018473,65.42,-0.0031871546927545093,399967,中证军工,CNY,CN10Y
2026-01-04,,0.018427,65.42,-0.0031411546927545084,399967,中证军工,CNY,CN10Y
2026-01-05,14361.52,0.018584,67.26,-0.0037163223312518586,399967,中证军工,CNY,CN10Y
2026-01-06,14823.97,0.018829,69.51,-0.004442580779743922,399967,中证军工,CNY,CN10Y
2026-01-07,14720.56,0.0190189999999999,69.0,-0.004526246376811495,399967,中证军工,CNY,CN10Y
2026-01-08,15342.98,0.018905,71.93,-0.0050025948839149195,399967,中证军工,CNY,CN10Y
2026-01-09,15908.74,0.018782,74.64,-0.005384357984994641,399967,中证军工,CNY,CN10Y
2026-01-12,16868.4,0.018585,78.96,-0.005920359675785207,399967,中证军工,CNY,CN10Y
2026-01-13,15989.68,0.018519,74.85,-0.005158946559786239,399967,中证军工,CNY,CN10Y
2026-01-14,15959.22,0.018494,74.43,-0.005058557302163107,399967,中证军工,CNY,CN10Y
2026-01-15,15483.72,0.018544,72.29,-0.004710828053672711,399967,中证军工,CNY,CN10Y
2026-01-16,15339.15,0.018424,71.87,-0.004509988590510645,399967,中证军工,CNY,CN10Y
2026-01-19,15575.73,0.018393,73.43,-0.004774587906850062,399967,中证军工,CNY,CN10Y
2026-01-20,15121.92,0.018326,71.39,-0.004318435915394311,399967,中证军工,CNY,CN10Y
2026-01-21,15110.54,0.018312,71.24,-0.004274942167321726,399967,中证军工,CNY,CN10Y
2026-01-22,15587.07,0.018425,73.53,-0.004825108799129608,399967,中证军工,CNY,CN10Y
2026-01-23,16054.92,0.018298,75.67,-0.00508272313994978,399967,中证军工,CNY,CN10Y
2026-01-26,15344.12,0.018242,72.36,-0.0044222100608070775,399967,中证军工,CNY,CN10Y
2026-01-27,15562.37,0.018311,73.41,-0.004688877673341507,399967,中证军工,CNY,CN10Y
2026-01-28,15317.09,0.018164,72.25,-0.0043231695501730096,399967,中证军工,CNY,CN10Y
2026-01-29,15037.48,0.018174,70.88,-0.0040656478555304715,399967,中证军工,CNY,CN10Y
2026-01-30,14783.92,0.018112,69.58,-0.0037400540385168143,399967,中证军工,CNY,CN10Y
2026-02-02,14499.61,0.0182,68.29,-0.0035565675794406223,399967,中证军工,CNY,CN10Y
2026-02-03,15153.0,0.018172,71.27,-0.004140850848884523,399967,中证军工,CNY,CN10Y
2026-02-04,15180.01,0.018193,71.48,-0.004203072747621713,399967,中证军工,CNY,CN10Y
2026-02-05,14979.65,0.018169,70.52,-0.003988625638116847,399967,中证军工,CNY,CN10Y
2026-02-06,14714.65,0.018102,69.22,-0.0036553082924010404,399967,中证军工,CNY,CN10Y
2026-02-09,14977.69,0.0181139999999999,70.38,-0.003905418016481855,399967,中证军工,CNY,CN10Y
2026-02-10,15004.67,0.018094,70.66,-0.003941721483158786,399967,中证军工,CNY,CN10Y
2026-02-11,14896.28,0.017994,70.11,-0.003730699472257879,399967,中证军工,CNY,CN10Y
2026-02-12,15093.44,0.017893,71.21,-0.003850028507232128,399967,中证军工,CNY,CN10Y
2026-02-13,15127.96,0.017928,71.58,-0.003957617211511595,399967,中证军工,CNY,CN10Y
2026-02-14,,0.017899,71.58,-0.003928617211511597,399967,中证军工,CNY,CN10Y
2026-02-24,15317.94,0.018023,72.46,-0.0042222823626828585,399967,中证军工,CNY,CN10Y
2026-02-25,15595.6,0.018158,73.56,-0.004563655247417076,399967,中证军工,CNY,CN10Y
2026-02-26,15859.09,0.018288,74.84,-0.004926161411010155,399967,中证军工,CNY,CN10Y
2026-02-27,15854.76,0.017877,74.58,-0.004468579511933494,399967,中证军工,CNY,CN10Y
2026-02-28,,0.017753,74.58,-0.004344579511933495,399967,中证军工,CNY,CN10Y
2026-03-02,16226.75,0.017761,76.49,-0.004687395607268921,399967,中证军工,CNY,CN10Y
2026-03-03,15097.45,0.017807,71.33,-0.0037876533015561466,399967,中证军工,CNY,CN10Y
2026-03-04,15314.78,0.017768,72.57,-0.003988201185062696,399967,中证军工,CNY,CN10Y
2026-03-05,15415.28,0.017779,72.89,-0.004059696940595417,399967,中证军工,CNY,CN10Y
2026-03-06,15555.7,0.01781,73.62,-0.004226734582993752,399967,中证军工,CNY,CN10Y
2026-03-09,15266.33,0.018054,72.05,-0.004174749479528105,399967,中证军工,CNY,CN10Y
2026-03-10,15467.27,0.018055,72.9,-0.00433757887517147,399967,中证军工,CNY,CN10Y
2026-03-11,15225.31,0.018075,71.63,-0.004114368979477872,399967,中证军工,CNY,CN10Y
2026-03-12,14907.22,0.018052,70.11,-0.003788699472257878,399967,中证军工,CNY,CN10Y
2026-03-13,14484.06,0.018143,68.12,-0.0034630234879624196,399967,中证军工,CNY,CN10Y
2026-03-16,14465.32,0.018312,67.81,-0.0035649125497714193,399967,中证军工,CNY,CN10Y
2026-03-17,14079.71,0.018314,66.08,-0.0031808280871670706,399967,中证军工,CNY,CN10Y
2026-03-18,14320.54,0.018175,67.21,-0.003296261717006397,399967,中证军工,CNY,CN10Y
2026-03-19,13941.07,0.018252,65.56,-0.002998796827333741,399967,中证军工,CNY,CN10Y
2026-03-20,13546.19,0.018299,63.9,-0.00264954773082942,399967,中证军工,CNY,CN10Y
2026-03-23,12870.8,0.018316,60.92,-0.0019010295469468162,399967,中证军工,CNY,CN10Y
2026-03-24,13188.19,0.018272,62.34,-0.0022309348732755876,399967,中证军工,CNY,CN10Y
2026-03-25,13433.38,0.018233,63.44,-0.002470074401008826,399967,中证军工,CNY,CN10Y
2026-03-26,13168.27,0.018194,62.05,-0.002077964544721995,399967,中证军工,CNY,CN10Y
2026-03-27,13243.24,0.018172,62.46,-0.0021617534422030092,399967,中证军工,CNY,CN10Y
2026-03-30,13392.35,0.018063,63.14,-0.0022251792841305046,399967,中证军工,CNY,CN10Y
2026-03-31,13318.23,0.018171,62.85,-0.0022601010342084317,399967,中证军工,CNY,CN10Y
2026-04-01,13394.31,0.018244,63.26,-0.0024362225735061645,399967,中证军工,CNY,CN10Y
2026-04-02,13135.34,0.018209,62.1,-0.00210594041867955,399967,中证军工,CNY,CN10Y
2026-04-03,12964.24,0.018199,61.44,-0.001922958333333332,399967,中证军工,CNY,CN10Y
2026-04-07,12968.77,0.018171,61.4,-0.0018843550488599342,399967,中证军工,CNY,CN10Y
2026-04-08,13629.11,0.018136,64.55,-0.0026441332300542204,399967,中证军工,CNY,CN10Y
2026-04-09,13525.11,0.018192,64.07,-0.0025840711721554534,399967,中证军工,CNY,CN10Y
2026-04-10,13691.65,0.018128,64.97,-0.0027362807449592096,399967,中证军工,CNY,CN10Y
2026-04-13,13809.7,0.0179329999999999,65.62,-0.0026937436757085275,399967,中证军工,CNY,CN10Y
2026-04-14,14057.83,0.0178289999999999,66.71,-0.002838743666616598,399967,中证军工,CNY,CN10Y
2026-04-15,13995.6,0.017809,66.39,-0.0027464905859316147,399967,中证军工,CNY,CN10Y
2026-04-16,14058.35,0.0178119999999999,66.69,-0.002817248163142801,399967,中证军工,CNY,CN10Y
2026-04-17,14176.0,0.017623,67.34,-0.0027729851499851497,399967,中证军工,CNY,CN10Y
2026-04-20,14560.06,0.017627,69.18,-0.003171955189361088,399967,中证军工,CNY,CN10Y
2026-04-21,14497.21,0.0175099999999999,69.01,-0.0030193464715257672,399967,中证军工,CNY,CN10Y
2026-04-22,14536.46,0.0173889999999999,69.16,-0.0029297750144591257,399967,中证军工,CNY,CN10Y
2026-04-23,14558.53,0.0175479999999999,69.48,-0.0031553690270580484,399967,中证军工,CNY,CN10Y
2026-04-24,14274.97,0.017601,68.03,-0.002901602675290311,399967,中证军工,CNY,CN10Y
2026-04-27,14251.53,0.017697,67.97,-0.002984626894218039,399967,中证军工,CNY,CN10Y
2026-04-28,14028.35,0.017654,66.89,-0.002704082224547764,399967,中证军工,CNY,CN10Y
2026-04-29,14068.07,0.017444,66.95,-0.002507480209111278,399967,中证军工,CNY,CN10Y
2026-04-30,14301.36,0.017473,67.79,-0.0027215617347691404,399967,中证军工,CNY,CN10Y
2026-05-06,14615.23,0.017654,57.48,-0.00025664439805149486,399967,中证军工,CNY,CN10Y
2026-05-07,14786.38,0.0176309999999999,57.95,-0.0003747446074200897,399967,中证军工,CNY,CN10Y
2026-05-08,15058.95,0.017648,59.05,-0.0007131989839119397,399967,中证军工,CNY,CN10Y
2026-05-09,,0.0176699999999999,59.05,-0.0007351989839118403,399967,中证军工,CNY,CN10Y
2026-05-11,15168.28,0.017622,59.0,-0.0006728474576271175,399967,中证军工,CNY,CN10Y
2026-05-12,15038.31,0.017592,58.77,-0.0005765159094776248,399967,中证军工,CNY,CN10Y
2026-05-13,15212.84,0.017514,59.31,-0.0006534368571910303,399967,中证军工,CNY,CN10Y
2026-05-14,14511.78,0.017588,56.64,6.736723163841898e-05,399967,中证军工,CNY,CN10Y
2026-05-15,14171.01,0.017658,55.36,0.00040558381502890303,399967,中证军工,CNY,CN10Y
2026-05-18,14075.06,0.017585,54.81,0.0006598458310527258,399967,中证军工,CNY,CN10Y
2026-05-19,14093.31,0.017345,54.94,0.000856674554058974,399967,中证军工,CNY,CN10Y
2026-05-20,14027.94,0.0173819999999999,54.68,0.0009062223847842964,399967,中证军工,CNY,CN10Y
2026-05-21,13672.73,0.0174479999999999,53.38,0.0012856080929187948,399967,中证军工,CNY,CN10Y
2026-05-22,13883.12,0.017519,53.99,0.0010029485089831439,399967,中证军工,CNY,CN10Y
2026-05-25,14075.79,0.017484,54.52,0.0008578928833455624,399967,中证军工,CNY,CN10Y
2026-05-26,13787.4,0.017405,53.48,0.0012935789080029923,399967,中证军工,CNY,CN10Y
2026-05-27,13522.17,0.017216,52.48,0.0018388780487804887,399967,中证军工,CNY,CN10Y
2026-05-28,13740.54,0.017193,53.27,0.001579292096865026,399967,中证军工,CNY,CN10Y
2026-05-29,13088.19,0.01709,51.12,0.002471815336463224,399967,中证军工,CNY,CN10Y
2026-06-01,12921.61,0.017009,50.59,0.002757752322593395,399967,中证军工,CNY,CN10Y
2026-06-02,12889.22,0.017036,50.24,0.0028684585987261146,399967,中证军工,CNY,CN10Y
2026-06-03,12978.77,0.017128,50.56,0.002650481012658225,399967,中证军工,CNY,CN10Y
2026-06-04,13027.64,0.017081,50.75,0.002623433497536947,399967,中证军工,CNY,CN10Y
2026-06-05,12984.89,0.017207,50.44,0.0026185352894528176,399967,中证军工,CNY,CN10Y
2026-06-08,12429.19,0.017275,48.48,0.003352062706270628,399967,中证军工,CNY,CN10Y
2026-06-09,12589.64,0.017376,49.01,0.0030279991838400334,399967,中证军工,CNY,CN10Y
2026-06-10,12444.27,0.017476,48.52,0.003134057708161584,399967,中证军工,CNY,CN10Y
2026-06-11,12435.81,0.017475,48.68,0.0030673171733771563,399967,中证军工,CNY,CN10Y
2026-06-12,12681.64,0.0174269999999999,49.96,0.002589012810248297,399967,中证军工,CNY,CN10Y
2026-06-13,,0.0174269999999999,51.41,0.0020244685858783334,399967,中证军工,CNY,CN10Y
2026-06-14,,0.0174269999999999,51.41,0.0020244685858783334,399967,中证军工,CNY,CN10Y
2026-06-15,12860.61,0.017446,51.41,0.0020054685858782346,399967,中证军工,CNY,CN10Y
2026-06-16,12901.07,0.017324,51.49,0.002097246844047388,399967,中证军工,CNY,CN10Y
2026-06-17,13119.05,0.01727,52.17,0.0018981042744872535,399967,中证军工,CNY,CN10Y
2026-06-18,13134.73,0.017299,52.16,0.0018727791411042964,399967,中证军工,CNY,CN10Y
2026-06-19,,0.017299,52.61,0.0017087931952100392,399967,中证军工,CNY,CN10Y
2026-06-20,,0.017299,52.61,0.0017087931952100392,399967,中证军工,CNY,CN10Y
2026-06-21,,0.017299,52.61,0.0017087931952100392,399967,中证军工,CNY,CN10Y
2026-06-22,13219.58,0.017375,52.61,0.001632793195210036,399967,中证军工,CNY,CN10Y
2026-06-23,12745.12,0.017437,50.77,0.002259671262556627,399967,中证军工,CNY,CN10Y
2026-06-24,12855.15,0.017454,51.07,0.0021269672997846073,399967,中证军工,CNY,CN10Y
2026-06-25,12838.25,0.017351,50.99,0.002260688566385567,399967,中证军工,CNY,CN10Y
2026-06-26,12622.81,0.017314,50.1,0.002646079840319362,399967,中证军工,CNY,CN10Y
2026-06-27,,0.017314,50.11,0.0026420965875074837,399967,中证军工,CNY,CN10Y
2026-06-28,,0.017314,50.11,0.0026420965875074837,399967,中证军工,CNY,CN10Y
2026-06-29,12569.32,0.01717,50.11,0.002786096587507482,399967,中证军工,CNY,CN10Y
2026-06-30,13023.12,0.01733,51.8,0.001975019305019303,399967,中证军工,CNY,CN10Y
2026-07-01,13110.45,0.0174479999999999,52.15,0.0017274554170662558,399967,中证军工,CNY,CN10Y
2026-07-02,12788.28,0.01741,50.9,0.0022363654223968576,399967,中证军工,CNY,CN10Y
2026-07-03,13228.68,0.017463,52.68,0.0015195360668185283,399967,中证军工,CNY,CN10Y
2026-07-04,,0.017463,52.18,0.0017014308164047531,399967,中证军工,CNY,CN10Y
2026-07-05,,0.017463,52.18,0.0017014308164047531,399967,中证军工,CNY,CN10Y
2026-07-06,13032.25,0.017379,52.18,0.0017854308164047539,399967,中证军工,CNY,CN10Y
2026-07-07,12692.13,0.0174059999999999,50.87,0.0022519516414390636,399967,中证军工,CNY,CN10Y
2026-07-08,12380.82,0.0173849999999999,49.61,0.0027722263656521848,399967,中证军工,CNY,CN10Y
2026-07-09,12650.93,0.017376,50.65,0.0023673366238894378,399967,中证军工,CNY,CN10Y
2026-07-10,12953.69,0.017398,51.78,0.0019144758594051743,399967,中证军工,CNY,CN10Y
2026-07-11,,0.017398,48.71,0.003131665366454525,399967,中证军工,CNY,CN10Y
2026-07-12,,0.017398,48.71,0.003131665366454525,399967,中证军工,CNY,CN10Y
2026-07-13,12103.66,0.017442,48.71,0.0030876653664545263,399967,中证军工,CNY,CN10Y
2026-07-14,11794.4,0.017402,47.45,0.003672815595363539,399967,中证军工,CNY,CN10Y
2026-07-15,11618.67,0.0174059999999999,46.85,0.003938717182497432,399967,中证军工,CNY,CN10Y
2026-07-16,11373.17,0.017437,45.96,0.004321050478677108,399967,中证军工,CNY,CN10Y
2026-07-17,10773.08,0.017404,43.71,0.005474059940517046,399967,中证军工,CNY,CN10Y
2026-07-18,,0.017404,43.79,0.005432263987211694,399967,中证军工,CNY,CN10Y
2026-07-19,,0.017404,43.79,0.005432263987211694,399967,中证军工,CNY,CN10Y
2026-07-20,10724.57,0.017453,43.79,0.005383263987211694,399967,中证军工,CNY,CN10Y
2026-07-21,11076.65,0.01745,45.07,0.00473770800976259,399967,中证军工,CNY,CN10Y
2026-07-22,10991.28,0.017297,44.88,0.004984639928698752,399967,中证军工,CNY,CN10Y
2026-07-23,11181.7,0.017325,45.66,0.004576007446342532,399967,中证军工,CNY,CN10Y
2026-07-24,10912.34,0.017282,44.73,0.005074360384529401,399967,中证军工,CNY,CN10Y
2026-07-25,,0.017282,45.69,0.004604627270737582,399967,中证军工,CNY,CN10Y
2026-07-26,,0.017282,45.69,0.004604627270737582,399967,中证军工,CNY,CN10Y
2026-07-27,11188.11,0.017337,45.69,0.004549627270737579,399967,中证军工,CNY,CN10Y
2026-07-28,10881.81,0.017351,44.48,0.005131014388489213,399967,中证军工,CNY,CN10Y
2026-07-29,11074.78,0.017329,45.28,0.0047558056537102475,399967,中证军工,CNY,CN10Y
2026-07-30,10842.4,0.017196,44.4,0.0053265225225225254,399967,中证军工,CNY,CN10Y
2026-07-31,11035.36,0.017141,45.08,0.005041786157941437,399967,中证军工,CNY,CN10Y
2026-08-01,,0.017141,45.42,0.004875732716864815,399967,中证军工,CNY,CN10Y
2026-08-02,,0.017141,45.42,0.004875732716864815,399967,中证军工,CNY,CN10Y
2026-08-03,11150.17,0.017169,45.42,0.0048477327168648145,399967,中证军工,CNY,CN10Y
2026-08-04,11295.87,0.017126,45.94,0.004641522855899,399967,中证军工,CNY,CN10Y
2026-08-05,11503.62,0.017137,46.66,0.004294633090441494,399967,中证军工,CNY,CN10Y
2026-08-06,11504.71,0.017143,46.65,0.004293227224008576,399967,中证军工,CNY,CN10Y
2026-08-07,11688.33,0.017114,47.27,0.004041066638459909,399967,中证军工,CNY,CN10Y
2026-08-10,11862.4,0.017074,48.16,0.0036901196013289055,399967,中证军工,CNY,CN10Y
2026-08-11,11616.53,0.017161,47.16,0.00404341051738762,399967,中证军工,CNY,CN10Y
2026-08-12,11717.28,0.017141,47.47,0.003924936380872129,399967,中证军工,CNY,CN10Y
2026-08-13,11609.54,0.017032000000000002,47.1,0.004199422505307852,399967,中证军工,CNY,CN10Y
2026-08-14,11659.75,0.016964,47.34,0.004159785382340513,399967,中证军工,CNY,CN10Y
2026-08-17,11880.45,0.016923999999999998,48.23,0.0038099829981339435,399967,中证军工,CNY,CN10Y
2026-08-18,11831.37,0.016864,48.06,0.003943324178110694,399967,中证军工,CNY,CN10Y
2026-08-19,11206.33,0.016831,45.72,0.005041265966754159,399967,中证军工,CNY,CN10Y
2026-08-20,11107.64,0.016832,45.32,0.005233313327449252,399967,中证军工,CNY,CN10Y
2026-08-21,11201.93,0.016839,45.72,0.005033265966754158,399967,中证军工,CNY,CN10Y
2026-08-24,11047.04,0.016794,45.22,0.005320108801415303,399967,中证军工,CNY,CN10Y
2026-08-25,11090.2,0.016815,45.24,0.005289332449160033,399967,中证军工,CNY,CN10Y
2026-08-26,11123.68,0.016887,45.46,0.0051103603167619895,399967,中证军工,CNY,CN10Y
2026-08-27,11350.16,0.016988,46.39,0.00456836990730761,399967,中证军工,CNY,CN10Y
2026-08-28,11358.04,0.016949000000000002,46.44,0.004584161068044788,399967,中证军工,CNY,CN10Y
2026-08-31,11558.72,0.016883,47.13,0.004334907914279651,399967,中证军工,CNY,CN10Y
2026-09-01,11538.19,0.016834000000000002,52.06,0.002374605455243945,399967,中证军工,CNY,CN10Y
2026-09-02,11548.66,0.016861,52.21,0.0022924188852710206,399967,中证军工,CNY,CN10Y
2026-09-03,11534.72,0.016798,52.21,0.002355418885271021,399967,中证军工,CNY,CN10Y
2026-09-04,11632.76,0.016804,52.67,0.00218214011771407,399967,中证军工,CNY,CN10Y
