Date,IndexClose,Bond_Yield_10Y,PE,ERP,IndexCode,IndexName,Currency,BondCode
2005-04-08,989.07,,,,000015,上证红利,CNY,CN10Y
2005-04-11,983.88,,,,000015,上证红利,CNY,CN10Y
2005-04-12,970.75,,,,000015,上证红利,CNY,CN10Y
2005-04-13,995.04,,,,000015,上证红利,CNY,CN10Y
2005-04-14,988.56,,,,000015,上证红利,CNY,CN10Y
2005-04-15,977.55,,,,000015,上证红利,CNY,CN10Y
2005-04-18,963.62,,,,000015,上证红利,CNY,CN10Y
2005-04-19,961.52,,,,000015,上证红利,CNY,CN10Y
2005-04-20,955.56,,,,000015,上证红利,CNY,CN10Y
2005-04-21,947.14,,,,000015,上证红利,CNY,CN10Y
2005-04-22,947.88,,,,000015,上证红利,CNY,CN10Y
2005-04-25,939.67,,,,000015,上证红利,CNY,CN10Y
2005-04-26,942.14,,,,000015,上证红利,CNY,CN10Y
2005-04-27,920.38,,,,000015,上证红利,CNY,CN10Y
2005-04-28,926.34,,,,000015,上证红利,CNY,CN10Y
2005-04-29,916.1,,,,000015,上证红利,CNY,CN10Y
2005-05-09,898.54,,,,000015,上证红利,CNY,CN10Y
2005-05-10,904.66,,,,000015,上证红利,CNY,CN10Y
2005-05-11,896.52,,,,000015,上证红利,CNY,CN10Y
2005-05-12,873.19,,,,000015,上证红利,CNY,CN10Y
2005-05-13,869.6,,,,000015,上证红利,CNY,CN10Y
2005-05-16,859.83,,,,000015,上证红利,CNY,CN10Y
2005-05-17,863.85,,,,000015,上证红利,CNY,CN10Y
2005-05-18,864.98,,,,000015,上证红利,CNY,CN10Y
2005-05-19,864.74,,,,000015,上证红利,CNY,CN10Y
2005-05-20,863.71,,,,000015,上证红利,CNY,CN10Y
2005-05-23,839.16,,,,000015,上证红利,CNY,CN10Y
2005-05-24,838.4,,,,000015,上证红利,CNY,CN10Y
2005-05-25,837.35,,,,000015,上证红利,CNY,CN10Y
2005-05-26,830.97,,,,000015,上证红利,CNY,CN10Y
2005-05-27,825.85,,,,000015,上证红利,CNY,CN10Y
2005-05-30,831.89,,,,000015,上证红利,CNY,CN10Y
2005-05-31,834.57,,,,000015,上证红利,CNY,CN10Y
2005-06-01,820.33,,,,000015,上证红利,CNY,CN10Y
2005-06-02,802.81,,,,000015,上证红利,CNY,CN10Y
2005-06-03,797.74,,,,000015,上证红利,CNY,CN10Y
2005-06-06,813.7,,,,000015,上证红利,CNY,CN10Y
2005-06-07,810.67,,,,000015,上证红利,CNY,CN10Y
2005-06-08,879.31,,,,000015,上证红利,CNY,CN10Y
2005-06-09,885.82,,,,000015,上证红利,CNY,CN10Y
2005-06-10,875.21,,,,000015,上证红利,CNY,CN10Y
2005-06-13,859.38,,,,000015,上证红利,CNY,CN10Y
2005-06-14,858.4,,,,000015,上证红利,CNY,CN10Y
2005-06-15,851.18,,,,000015,上证红利,CNY,CN10Y
2005-06-16,863.35,,,,000015,上证红利,CNY,CN10Y
2005-06-17,872.52,,,,000015,上证红利,CNY,CN10Y
2005-06-20,885.68,,,,000015,上证红利,CNY,CN10Y
2005-06-21,878.8,,,,000015,上证红利,CNY,CN10Y
2005-06-22,875.11,,,,000015,上证红利,CNY,CN10Y
2005-06-23,870.2,,,,000015,上证红利,CNY,CN10Y
2005-06-24,875.61,,,,000015,上证红利,CNY,CN10Y
2005-06-27,888.17,,,,000015,上证红利,CNY,CN10Y
2005-06-28,880.36,,,,000015,上证红利,CNY,CN10Y
2005-06-29,883.65,,,,000015,上证红利,CNY,CN10Y
2005-06-30,866.57,,,,000015,上证红利,CNY,CN10Y
2005-07-01,860.5,,,,000015,上证红利,CNY,CN10Y
2005-07-04,855.51,,,,000015,上证红利,CNY,CN10Y
2005-07-05,843.83,,,,000015,上证红利,CNY,CN10Y
2005-07-06,837.61,,,,000015,上证红利,CNY,CN10Y
2005-07-07,842.62,,,,000015,上证红利,CNY,CN10Y
2005-07-08,828.78,,,,000015,上证红利,CNY,CN10Y
2005-07-11,822.79,,,,000015,上证红利,CNY,CN10Y
2005-07-12,846.07,,,,000015,上证红利,CNY,CN10Y
2005-07-13,841.36,,,,000015,上证红利,CNY,CN10Y
2005-07-14,843.46,,,,000015,上证红利,CNY,CN10Y
2005-07-15,834.64,,,,000015,上证红利,CNY,CN10Y
2005-07-18,825.25,,,,000015,上证红利,CNY,CN10Y
2005-07-19,824.26,,,,000015,上证红利,CNY,CN10Y
2005-07-20,834.37,,,,000015,上证红利,CNY,CN10Y
2005-07-21,838.17,,,,000015,上证红利,CNY,CN10Y
2005-07-22,848.18,,,,000015,上证红利,CNY,CN10Y
2005-07-25,846.38,,,,000015,上证红利,CNY,CN10Y
2005-07-26,865.04,,,,000015,上证红利,CNY,CN10Y
2005-07-27,879.8,,,,000015,上证红利,CNY,CN10Y
2005-07-28,876.81,,,,000015,上证红利,CNY,CN10Y
2005-07-29,874.57,,,,000015,上证红利,CNY,CN10Y
2005-08-01,879.01,,,,000015,上证红利,CNY,CN10Y
2005-08-02,886.83,,,,000015,上证红利,CNY,CN10Y
2005-08-03,889.61,,,,000015,上证红利,CNY,CN10Y
2005-08-04,888.36,,,,000015,上证红利,CNY,CN10Y
2005-08-05,902.53,,,,000015,上证红利,CNY,CN10Y
2005-08-08,910.8,,,,000015,上证红利,CNY,CN10Y
2005-08-09,918.43,,,,000015,上证红利,CNY,CN10Y
2005-08-10,922.26,,,,000015,上证红利,CNY,CN10Y
2005-08-11,928.33,,,,000015,上证红利,CNY,CN10Y
2005-08-12,924.96,,,,000015,上证红利,CNY,CN10Y
2005-08-15,935.37,,,,000015,上证红利,CNY,CN10Y
2005-08-16,927.19,,,,000015,上证红利,CNY,CN10Y
2005-08-17,933.74,,,,000015,上证红利,CNY,CN10Y
2005-08-18,923.16,,,,000015,上证红利,CNY,CN10Y
2005-08-19,925.54,,,,000015,上证红利,CNY,CN10Y
2005-08-22,928.48,,,,000015,上证红利,CNY,CN10Y
2005-08-23,922.43,,,,000015,上证红利,CNY,CN10Y
2005-08-24,931.89,,,,000015,上证红利,CNY,CN10Y
2005-08-25,929.11,,,,000015,上证红利,CNY,CN10Y
2005-08-26,925.01,,,,000015,上证红利,CNY,CN10Y
2005-08-29,909.43,,,,000015,上证红利,CNY,CN10Y
2005-08-30,907.34,,,,000015,上证红利,CNY,CN10Y
2005-08-31,920.84,,,,000015,上证红利,CNY,CN10Y
2005-09-01,933.31,,,,000015,上证红利,CNY,CN10Y
2005-09-02,932.88,,,,000015,上证红利,CNY,CN10Y
2005-09-05,934.96,,,,000015,上证红利,CNY,CN10Y
2005-09-06,916.97,,,,000015,上证红利,CNY,CN10Y
2005-09-07,929.5,,,,000015,上证红利,CNY,CN10Y
2005-09-08,933.23,,,,000015,上证红利,CNY,CN10Y
2005-09-09,932.49,,,,000015,上证红利,CNY,CN10Y
2005-09-12,932.53,,,,000015,上证红利,CNY,CN10Y
2005-09-13,941.9,,,,000015,上证红利,CNY,CN10Y
2005-09-14,947.07,,,,000015,上证红利,CNY,CN10Y
2005-09-15,951.54,,,,000015,上证红利,CNY,CN10Y
2005-09-16,947.82,,,,000015,上证红利,CNY,CN10Y
2005-09-19,957.26,,,,000015,上证红利,CNY,CN10Y
2005-09-20,951.67,,,,000015,上证红利,CNY,CN10Y
2005-09-21,935.86,,,,000015,上证红利,CNY,CN10Y
2005-09-22,916.05,,,,000015,上证红利,CNY,CN10Y
2005-09-23,912.6,,,,000015,上证红利,CNY,CN10Y
2005-09-26,910.7,,,,000015,上证红利,CNY,CN10Y
2005-09-27,899.48,,,,000015,上证红利,CNY,CN10Y
2005-09-28,895.66,,,,000015,上证红利,CNY,CN10Y
2005-09-29,907.41,,,,000015,上证红利,CNY,CN10Y
2005-09-30,911.09,,,,000015,上证红利,CNY,CN10Y
2005-10-10,898.99,,,,000015,上证红利,CNY,CN10Y
2005-10-11,908.78,,,,000015,上证红利,CNY,CN10Y
2005-10-12,909.64,,,,000015,上证红利,CNY,CN10Y
2005-10-13,904.42,,,,000015,上证红利,CNY,CN10Y
2005-10-14,892.95,,,,000015,上证红利,CNY,CN10Y
2005-10-17,878.42,,,,000015,上证红利,CNY,CN10Y
2005-10-18,881.62,,,,000015,上证红利,CNY,CN10Y
2005-10-19,875.88,,,,000015,上证红利,CNY,CN10Y
2005-10-20,874.78,,,,000015,上证红利,CNY,CN10Y
2005-10-21,876.92,,,,000015,上证红利,CNY,CN10Y
2005-10-24,871.13,,,,000015,上证红利,CNY,CN10Y
2005-10-25,860.05,,,,000015,上证红利,CNY,CN10Y
2005-10-26,841.51,,,,000015,上证红利,CNY,CN10Y
2005-10-27,836.12,,,,000015,上证红利,CNY,CN10Y
2005-10-28,830.1,,,,000015,上证红利,CNY,CN10Y
2005-10-31,838.37,,,,000015,上证红利,CNY,CN10Y
2005-11-01,832.85,,,,000015,上证红利,CNY,CN10Y
2005-11-02,844.46,,,,000015,上证红利,CNY,CN10Y
2005-11-03,835.46,,,,000015,上证红利,CNY,CN10Y
2005-11-04,841.09,,,,000015,上证红利,CNY,CN10Y
2005-11-07,841.71,,,,000015,上证红利,CNY,CN10Y
2005-11-08,845.99,,,,000015,上证红利,CNY,CN10Y
2005-11-09,845.02,,,,000015,上证红利,CNY,CN10Y
2005-11-10,827.36,,,,000015,上证红利,CNY,CN10Y
2005-11-11,824.7,,,,000015,上证红利,CNY,CN10Y
2005-11-14,820.74,,,,000015,上证红利,CNY,CN10Y
2005-11-15,819.72,,,,000015,上证红利,CNY,CN10Y
2005-11-16,833.64,,,,000015,上证红利,CNY,CN10Y
2005-11-17,828.94,,,,000015,上证红利,CNY,CN10Y
2005-11-18,847.74,,,,000015,上证红利,CNY,CN10Y
2005-11-21,849.79,,,,000015,上证红利,CNY,CN10Y
2005-11-22,833.54,,,,000015,上证红利,CNY,CN10Y
2005-11-23,839.3,,,,000015,上证红利,CNY,CN10Y
2005-11-24,845.12,,,,000015,上证红利,CNY,CN10Y
2005-11-25,844.02,,,,000015,上证红利,CNY,CN10Y
2005-11-28,841.05,,,,000015,上证红利,CNY,CN10Y
2005-11-29,829.99,,,,000015,上证红利,CNY,CN10Y
2005-11-30,829.09,,,,000015,上证红利,CNY,CN10Y
2005-12-01,829.54,,,,000015,上证红利,CNY,CN10Y
2005-12-02,829.66,,,,000015,上证红利,CNY,CN10Y
2005-12-05,820.58,,,,000015,上证红利,CNY,CN10Y
2005-12-06,829.23,,,,000015,上证红利,CNY,CN10Y
2005-12-07,839.45,,,,000015,上证红利,CNY,CN10Y
2005-12-08,838.42,,,,000015,上证红利,CNY,CN10Y
2005-12-09,849.42,,,,000015,上证红利,CNY,CN10Y
2005-12-12,849.38,,,,000015,上证红利,CNY,CN10Y
2005-12-13,851.26,,,,000015,上证红利,CNY,CN10Y
2005-12-14,854.37,,,,000015,上证红利,CNY,CN10Y
2005-12-15,855.81,,,,000015,上证红利,CNY,CN10Y
2005-12-16,861.27,,,,000015,上证红利,CNY,CN10Y
2005-12-19,869.36,,,,000015,上证红利,CNY,CN10Y
2005-12-20,870.56,,,,000015,上证红利,CNY,CN10Y
2005-12-21,865.01,,,,000015,上证红利,CNY,CN10Y
2005-12-22,869.17,,,,000015,上证红利,CNY,CN10Y
2005-12-23,875.62,,,,000015,上证红利,CNY,CN10Y
2005-12-26,886.53,,,,000015,上证红利,CNY,CN10Y
2005-12-27,888.33,,,,000015,上证红利,CNY,CN10Y
2005-12-28,895.09,,,,000015,上证红利,CNY,CN10Y
2005-12-29,898.4,,,,000015,上证红利,CNY,CN10Y
2005-12-30,891.02,,,,000015,上证红利,CNY,CN10Y
2006-01-04,901.88,,,,000015,上证红利,CNY,CN10Y
2006-01-05,917.23,,,,000015,上证红利,CNY,CN10Y
2006-01-06,923.19,,,,000015,上证红利,CNY,CN10Y
2006-01-09,923.68,,,,000015,上证红利,CNY,CN10Y
2006-01-10,924.12,,,,000015,上证红利,CNY,CN10Y
2006-01-11,918.89,,,,000015,上证红利,CNY,CN10Y
2006-01-12,927.35,,,,000015,上证红利,CNY,CN10Y
2006-01-13,921.03,,,,000015,上证红利,CNY,CN10Y
2006-01-16,907.05,,,,000015,上证红利,CNY,CN10Y
2006-01-17,913.02,,,,000015,上证红利,CNY,CN10Y
2006-01-18,930.55,,,,000015,上证红利,CNY,CN10Y
2006-01-19,945.27,,,,000015,上证红利,CNY,CN10Y
2006-01-20,947.33,,,,000015,上证红利,CNY,CN10Y
2006-01-23,948.24,,,,000015,上证红利,CNY,CN10Y
2006-01-24,946.59,,,,000015,上证红利,CNY,CN10Y
2006-01-25,955.0,,,,000015,上证红利,CNY,CN10Y
2006-02-06,978.32,,,,000015,上证红利,CNY,CN10Y
2006-02-07,975.22,,,,000015,上证红利,CNY,CN10Y
2006-02-08,979.35,,,,000015,上证红利,CNY,CN10Y
2006-02-09,967.51,,,,000015,上证红利,CNY,CN10Y
2006-02-10,978.94,,,,000015,上证红利,CNY,CN10Y
2006-02-13,977.05,,,,000015,上证红利,CNY,CN10Y
2006-02-14,976.02,,,,000015,上证红利,CNY,CN10Y
2006-02-15,983.92,,,,000015,上证红利,CNY,CN10Y
2006-02-16,959.42,,,,000015,上证红利,CNY,CN10Y
2006-02-17,958.66,,,,000015,上证红利,CNY,CN10Y
2006-02-20,962.18,,,,000015,上证红利,CNY,CN10Y
2006-02-21,984.04,,,,000015,上证红利,CNY,CN10Y
2006-02-22,983.63,,,,000015,上证红利,CNY,CN10Y
2006-02-23,988.27,,,,000015,上证红利,CNY,CN10Y
2006-02-24,997.23,,,,000015,上证红利,CNY,CN10Y
2006-02-27,992.39,,,,000015,上证红利,CNY,CN10Y
2006-02-28,993.25,,,,000015,上证红利,CNY,CN10Y
2006-03-01,998.38,0.0289999999999999,,,000015,上证红利,CNY,CN10Y
2006-03-02,981.51,0.0289999999999999,,,000015,上证红利,CNY,CN10Y
2006-03-03,990.72,0.0287,,,000015,上证红利,CNY,CN10Y
2006-03-06,987.26,0.0293,,,000015,上证红利,CNY,CN10Y
2006-03-07,966.58,0.0289999999999999,,,000015,上证红利,CNY,CN10Y
2006-03-08,958.04,0.0288,,,000015,上证红利,CNY,CN10Y
2006-03-09,958.6,0.0288,,,000015,上证红利,CNY,CN10Y
2006-03-10,961.32,0.0289,,,000015,上证红利,CNY,CN10Y
2006-03-13,973.46,0.0289999999999999,,,000015,上证红利,CNY,CN10Y
2006-03-14,973.94,0.0289999999999999,,,000015,上证红利,CNY,CN10Y
2006-03-15,983.07,0.0291,,,000015,上证红利,CNY,CN10Y
2006-03-16,978.63,0.0291,,,000015,上证红利,CNY,CN10Y
2006-03-17,977.09,0.0292,,,000015,上证红利,CNY,CN10Y
2006-03-20,990.55,0.0293,,,000015,上证红利,CNY,CN10Y
2006-03-21,987.8,0.0292,,,000015,上证红利,CNY,CN10Y
2006-03-22,990.15,0.0293,,,000015,上证红利,CNY,CN10Y
2006-03-23,993.2,0.02912,,,000015,上证红利,CNY,CN10Y
2006-03-24,987.8,0.0289999999999999,,,000015,上证红利,CNY,CN10Y
2006-03-27,986.64,0.0292,,,000015,上证红利,CNY,CN10Y
2006-03-28,986.82,0.0292,,,000015,上证红利,CNY,CN10Y
2006-03-29,994.51,0.0294,,,000015,上证红利,CNY,CN10Y
2006-03-30,983.96,0.0294,,,000015,上证红利,CNY,CN10Y
2006-03-31,983.72,0.0294,,,000015,上证红利,CNY,CN10Y
2006-04-03,993.37,0.0292,,,000015,上证红利,CNY,CN10Y
2006-04-04,1003.28,0.0292,,,000015,上证红利,CNY,CN10Y
2006-04-05,1004.41,0.0291,,,000015,上证红利,CNY,CN10Y
2006-04-06,1003.2,0.0294,,,000015,上证红利,CNY,CN10Y
2006-04-07,1002.48,0.029291,,,000015,上证红利,CNY,CN10Y
2006-04-10,1015.01,0.0293,,,000015,上证红利,CNY,CN10Y
2006-04-11,1018.88,0.0297,,,000015,上证红利,CNY,CN10Y
2006-04-12,1013.5,0.0298,,,000015,上证红利,CNY,CN10Y
2006-04-13,999.6,0.029405,,,000015,上证红利,CNY,CN10Y
2006-04-14,1026.5,0.0295,,,000015,上证红利,CNY,CN10Y
2006-04-17,1035.42,0.0294,,,000015,上证红利,CNY,CN10Y
2006-04-18,1043.38,0.0301,,,000015,上证红利,CNY,CN10Y
2006-04-19,1046.81,0.0301,,,000015,上证红利,CNY,CN10Y
2006-04-20,1029.06,0.03,,,000015,上证红利,CNY,CN10Y
2006-04-21,1046.44,0.03048,,,000015,上证红利,CNY,CN10Y
2006-04-24,1038.93,0.0305,,,000015,上证红利,CNY,CN10Y
2006-04-25,1024.35,0.0306,,,000015,上证红利,CNY,CN10Y
2006-04-26,1039.57,0.0305,,,000015,上证红利,CNY,CN10Y
2006-04-27,1035.75,0.0301,,,000015,上证红利,CNY,CN10Y
2006-04-28,1045.01,0.0301,,,000015,上证红利,CNY,CN10Y
2006-04-29,,0.03,,,000015,上证红利,CNY,CN10Y
2006-04-30,,0.03,,,000015,上证红利,CNY,CN10Y
2006-05-08,1081.57,0.0302,,,000015,上证红利,CNY,CN10Y
2006-05-09,1103.28,0.03,,,000015,上证红利,CNY,CN10Y
2006-05-10,1110.15,0.03,,,000015,上证红利,CNY,CN10Y
2006-05-11,1097.53,0.03,,,000015,上证红利,CNY,CN10Y
2006-05-12,1134.3,0.0302,,,000015,上证红利,CNY,CN10Y
2006-05-15,1178.12,0.0302999999999999,,,000015,上证红利,CNY,CN10Y
2006-05-16,1162.92,0.0302,,,000015,上证红利,CNY,CN10Y
2006-05-17,1176.14,0.03,,,000015,上证红利,CNY,CN10Y
2006-05-18,1179.76,0.03,,,000015,上证红利,CNY,CN10Y
2006-05-19,1207.45,0.0299,,,000015,上证红利,CNY,CN10Y
2006-05-22,1222.21,0.03,,,000015,上证红利,CNY,CN10Y
2006-05-23,1185.1,0.0302,,,000015,上证红利,CNY,CN10Y
2006-05-24,1164.53,0.03,,,000015,上证红利,CNY,CN10Y
2006-05-25,1151.42,0.03,,,000015,上证红利,CNY,CN10Y
2006-05-26,1168.63,0.03,,,000015,上证红利,CNY,CN10Y
2006-05-29,1198.87,0.0302999999999999,,,000015,上证红利,CNY,CN10Y
2006-05-30,1193.26,0.0302,,,000015,上证红利,CNY,CN10Y
2006-05-31,1193.83,0.0302,,,000015,上证红利,CNY,CN10Y
2006-06-01,1220.38,0.0302999999999999,,,000015,上证红利,CNY,CN10Y
2006-06-02,1212.81,0.0305,,,000015,上证红利,CNY,CN10Y
2006-06-05,1222.26,0.0302999999999999,,,000015,上证红利,CNY,CN10Y
2006-06-06,1223.95,0.0302,,,000015,上证红利,CNY,CN10Y
2006-06-07,1156.38,0.0305,,,000015,上证红利,CNY,CN10Y
2006-06-08,1159.98,0.0305,,,000015,上证红利,CNY,CN10Y
2006-06-09,1126.48,0.0302999999999999,,,000015,上证红利,CNY,CN10Y
2006-06-12,1122.81,0.0305,,,000015,上证红利,CNY,CN10Y
2006-06-13,1117.54,0.0308,,,000015,上证红利,CNY,CN10Y
2006-06-14,1096.5,0.0308999999999999,,,000015,上证红利,CNY,CN10Y
2006-06-15,1096.58,0.031,,,000015,上证红利,CNY,CN10Y
2006-06-16,1125.53,0.031,,,000015,上证红利,CNY,CN10Y
2006-06-19,1128.7,0.0312,,,000015,上证红利,CNY,CN10Y
2006-06-20,1135.87,0.031,,,000015,上证红利,CNY,CN10Y
2006-06-21,1138.2,0.0315,,,000015,上证红利,CNY,CN10Y
2006-06-22,1129.94,0.0312,,,000015,上证红利,CNY,CN10Y
2006-06-23,1132.23,0.0313,,,000015,上证红利,CNY,CN10Y
2006-06-26,1152.44,0.0315,,,000015,上证红利,CNY,CN10Y
2006-06-27,1154.43,0.0315,,,000015,上证红利,CNY,CN10Y
2006-06-28,1160.77,0.0315,,,000015,上证红利,CNY,CN10Y
2006-06-29,1188.15,0.0315,,,000015,上证红利,CNY,CN10Y
2006-06-30,1184.44,0.03165,,,000015,上证红利,CNY,CN10Y
2006-07-03,1200.67,0.03159,,,000015,上证红利,CNY,CN10Y
2006-07-04,1183.02,0.0315,,,000015,上证红利,CNY,CN10Y
2006-07-05,1161.59,0.0318,,,000015,上证红利,CNY,CN10Y
2006-07-06,1184.6,0.03172,,,000015,上证红利,CNY,CN10Y
2006-07-07,1172.59,0.0318,,,000015,上证红利,CNY,CN10Y
2006-07-10,1173.5,0.031729,,,000015,上证红利,CNY,CN10Y
2006-07-11,1176.87,0.0316889999999999,,,000015,上证红利,CNY,CN10Y
2006-07-12,1183.19,0.032,,,000015,上证红利,CNY,CN10Y
2006-07-13,1132.11,0.0323,,,000015,上证红利,CNY,CN10Y
2006-07-14,1139.79,0.03235,,,000015,上证红利,CNY,CN10Y
2006-07-17,1151.9,0.032,,,000015,上证红利,CNY,CN10Y
2006-07-18,1151.51,0.032,,,000015,上证红利,CNY,CN10Y
2006-07-19,1124.25,0.0319,,,000015,上证红利,CNY,CN10Y
2006-07-20,1130.69,0.032,,,000015,上证红利,CNY,CN10Y
2006-07-21,1137.91,0.032,,,000015,上证红利,CNY,CN10Y
2006-07-24,1137.05,0.0325,,,000015,上证红利,CNY,CN10Y
2006-07-25,1152.53,0.0324,,,000015,上证红利,CNY,CN10Y
2006-07-26,1156.27,0.0325,,,000015,上证红利,CNY,CN10Y
2006-07-27,1143.5,0.03275,,,000015,上证红利,CNY,CN10Y
2006-07-28,1136.87,0.0325,,,000015,上证红利,CNY,CN10Y
2006-07-31,1101.73,0.0326,,,000015,上证红利,CNY,CN10Y
2006-08-01,1096.17,0.0325,,,000015,上证红利,CNY,CN10Y
2006-08-02,1093.97,0.0325,,,000015,上证红利,CNY,CN10Y
2006-08-03,1094.29,0.0324,,,000015,上证红利,CNY,CN10Y
2006-08-04,1068.45,0.0325,,,000015,上证红利,CNY,CN10Y
2006-08-07,1050.88,0.0325,,,000015,上证红利,CNY,CN10Y
2006-08-08,1075.63,0.0325,,,000015,上证红利,CNY,CN10Y
2006-08-09,1074.53,0.0326,,,000015,上证红利,CNY,CN10Y
2006-08-10,1096.73,0.0326,,,000015,上证红利,CNY,CN10Y
2006-08-11,1098.51,0.0325499999999999,,,000015,上证红利,CNY,CN10Y
2006-08-14,1071.88,0.03245,,,000015,上证红利,CNY,CN10Y
2006-08-15,1093.12,0.03245,,,000015,上证红利,CNY,CN10Y
2006-08-16,1105.82,0.0324,,,000015,上证红利,CNY,CN10Y
2006-08-17,1094.89,0.0324,,,000015,上证红利,CNY,CN10Y
2006-08-18,1091.55,0.032,,,000015,上证红利,CNY,CN10Y
2006-08-21,1091.32,0.0326,,,000015,上证红利,CNY,CN10Y
2006-08-22,1097.87,0.03254,,,000015,上证红利,CNY,CN10Y
2006-08-23,1098.09,0.03251,,,000015,上证红利,CNY,CN10Y
2006-08-24,1104.27,0.03248,,,000015,上证红利,CNY,CN10Y
2006-08-25,1110.77,0.032389,,,000015,上证红利,CNY,CN10Y
2006-08-28,1131.67,0.03256,,,000015,上证红利,CNY,CN10Y
2006-08-29,1132.83,0.0325,,,000015,上证红利,CNY,CN10Y
2006-08-30,1135.39,0.0324,,,000015,上证红利,CNY,CN10Y
2006-08-31,1137.65,0.03238,,,000015,上证红利,CNY,CN10Y
2006-09-01,1126.88,0.0323,,,000015,上证红利,CNY,CN10Y
2006-09-04,1142.92,0.0323,,,000015,上证红利,CNY,CN10Y
2006-09-05,1142.19,0.03225,,,000015,上证红利,CNY,CN10Y
2006-09-06,1148.26,0.0321,,,000015,上证红利,CNY,CN10Y
2006-09-07,1133.47,0.03201,,,000015,上证红利,CNY,CN10Y
2006-09-08,1134.99,0.032,,,000015,上证红利,CNY,CN10Y
2006-09-11,1140.07,0.032,,,000015,上证红利,CNY,CN10Y
2006-09-12,1153.75,0.0318,,,000015,上证红利,CNY,CN10Y
2006-09-13,1148.94,0.0318,,,000015,上证红利,CNY,CN10Y
2006-09-14,1142.94,0.03172,,,000015,上证红利,CNY,CN10Y
2006-09-15,1164.08,0.0317,,,000015,上证红利,CNY,CN10Y
2006-09-18,1174.87,0.0315499999999999,,,000015,上证红利,CNY,CN10Y
2006-09-19,1174.18,0.0315,,,000015,上证红利,CNY,CN10Y
2006-09-20,1172.03,0.0313,,,000015,上证红利,CNY,CN10Y
2006-09-21,1176.03,0.0311,,,000015,上证红利,CNY,CN10Y
2006-09-22,1159.47,0.0305,,,000015,上证红利,CNY,CN10Y
2006-09-25,1152.91,0.03,,,000015,上证红利,CNY,CN10Y
2006-09-26,1146.87,0.03,,,000015,上证红利,CNY,CN10Y
2006-09-27,1153.58,0.03,,,000015,上证红利,CNY,CN10Y
2006-09-28,1159.44,0.03,,,000015,上证红利,CNY,CN10Y
2006-09-29,1169.8,0.03,,,000015,上证红利,CNY,CN10Y
2006-09-30,,0.02999,,,000015,上证红利,CNY,CN10Y
2006-10-08,,0.03,,,000015,上证红利,CNY,CN10Y
2006-10-09,1189.97,0.03,,,000015,上证红利,CNY,CN10Y
2006-10-10,1188.24,0.0299,,,000015,上证红利,CNY,CN10Y
2006-10-11,1196.56,0.0297,,,000015,上证红利,CNY,CN10Y
2006-10-12,1202.46,0.029552,,,000015,上证红利,CNY,CN10Y
2006-10-13,1199.7,0.0295409999999999,,,000015,上证红利,CNY,CN10Y
2006-10-16,1190.95,0.029567,,,000015,上证红利,CNY,CN10Y
2006-10-17,1182.79,0.029533,,,000015,上证红利,CNY,CN10Y
2006-10-18,1197.83,0.029535,,,000015,上证红利,CNY,CN10Y
2006-10-19,1199.76,0.02954,,,000015,上证红利,CNY,CN10Y
2006-10-20,1192.56,0.029523,,,000015,上证红利,CNY,CN10Y
2006-10-23,1178.02,0.0294919999999999,,,000015,上证红利,CNY,CN10Y
2006-10-24,1207.41,0.0293849999999999,,,000015,上证红利,CNY,CN10Y
2006-10-25,1206.79,0.029498,,,000015,上证红利,CNY,CN10Y
2006-10-26,1211.1,0.0293739999999999,,,000015,上证红利,CNY,CN10Y
2006-10-27,1215.02,0.029397,,,000015,上证红利,CNY,CN10Y
2006-10-30,1239.91,0.0294059999999999,,,000015,上证红利,CNY,CN10Y
2006-10-31,1264.18,0.029512,,,000015,上证红利,CNY,CN10Y
2006-11-01,1285.67,0.029545,,,000015,上证红利,CNY,CN10Y
2006-11-02,1293.18,0.029557,,,000015,上证红利,CNY,CN10Y
2006-11-03,1296.38,0.029561,,,000015,上证红利,CNY,CN10Y
2006-11-06,1340.32,0.029844,,,000015,上证红利,CNY,CN10Y
2006-11-07,1332.92,0.02989,,,000015,上证红利,CNY,CN10Y
2006-11-08,1305.77,0.029781,,,000015,上证红利,CNY,CN10Y
2006-11-09,1335.87,0.02972,,,000015,上证红利,CNY,CN10Y
2006-11-10,1313.02,0.0295949999999999,,,000015,上证红利,CNY,CN10Y
2006-11-13,1287.82,0.029494,,,000015,上证红利,CNY,CN10Y
2006-11-14,1293.94,0.029682,,,000015,上证红利,CNY,CN10Y
2006-11-15,1340.34,0.029688,,,000015,上证红利,CNY,CN10Y
2006-11-16,1334.54,0.029725,,,000015,上证红利,CNY,CN10Y
2006-11-17,1375.57,0.029632,,,000015,上证红利,CNY,CN10Y
2006-11-20,1416.78,0.029806,,,000015,上证红利,CNY,CN10Y
2006-11-21,1436.0,0.029785,,,000015,上证红利,CNY,CN10Y
2006-11-22,1429.04,0.030518,,,000015,上证红利,CNY,CN10Y
2006-11-23,1446.65,0.030609,,,000015,上证红利,CNY,CN10Y
2006-11-24,1440.98,0.030655,,,000015,上证红利,CNY,CN10Y
2006-11-27,1451.45,0.0302,,,000015,上证红利,CNY,CN10Y
2006-11-28,1447.38,0.029886,,,000015,上证红利,CNY,CN10Y
2006-11-29,1462.65,0.029811,,,000015,上证红利,CNY,CN10Y
2006-11-30,1518.67,0.029781,,,000015,上证红利,CNY,CN10Y
2006-12-01,1518.83,0.0299359999999999,,,000015,上证红利,CNY,CN10Y
2006-12-04,1556.28,0.029895,,,000015,上证红利,CNY,CN10Y
2006-12-05,1569.29,0.029912,,,000015,上证红利,CNY,CN10Y
2006-12-06,1553.02,0.029851,,,000015,上证红利,CNY,CN10Y
2006-12-07,1565.15,0.0299469999999999,,,000015,上证红利,CNY,CN10Y
2006-12-08,1497.29,0.030351,,,000015,上证红利,CNY,CN10Y
2006-12-11,1569.7,0.030527,,,000015,上证红利,CNY,CN10Y
2006-12-12,1585.36,0.030393,,,000015,上证红利,CNY,CN10Y
2006-12-13,1615.43,0.030461,,,000015,上证红利,CNY,CN10Y
2006-12-14,1639.14,0.030335,,,000015,上证红利,CNY,CN10Y
2006-12-15,1649.81,0.030402,,,000015,上证红利,CNY,CN10Y
2006-12-18,1671.04,0.030307,,,000015,上证红利,CNY,CN10Y
2006-12-19,1684.72,0.030232,,,000015,上证红利,CNY,CN10Y
2006-12-20,1686.45,0.030267,,,000015,上证红利,CNY,CN10Y
2006-12-21,1642.56,0.0301989999999999,,,000015,上证红利,CNY,CN10Y
2006-12-22,1636.42,0.030364,,,000015,上证红利,CNY,CN10Y
2006-12-25,1675.69,0.030408,,,000015,上证红利,CNY,CN10Y
2006-12-26,1709.93,0.030419,,,000015,上证红利,CNY,CN10Y
2006-12-27,1739.93,0.030408,,,000015,上证红利,CNY,CN10Y
2006-12-28,1730.8,0.03026,,,000015,上证红利,CNY,CN10Y
2006-12-29,1788.75,0.030202,,,000015,上证红利,CNY,CN10Y
2006-12-30,,0.0302039999999999,,,000015,上证红利,CNY,CN10Y
2006-12-31,,0.030269,,,000015,上证红利,CNY,CN10Y
2007-01-04,1863.98,0.030239,,,000015,上证红利,CNY,CN10Y
2007-01-05,1895.9,0.030211,,,000015,上证红利,CNY,CN10Y
2007-01-08,1939.65,0.030356,,,000015,上证红利,CNY,CN10Y
2007-01-09,2039.05,0.0302309999999999,,,000015,上证红利,CNY,CN10Y
2007-01-10,2074.8,0.030102,,,000015,上证红利,CNY,CN10Y
2007-01-11,2017.08,0.030047,,,000015,上证红利,CNY,CN10Y
2007-01-12,1920.5,0.030202,,,000015,上证红利,CNY,CN10Y
2007-01-15,2018.58,0.030167,,,000015,上证红利,CNY,CN10Y
2007-01-16,2047.99,0.030175,,,000015,上证红利,CNY,CN10Y
2007-01-17,2026.33,0.0301759999999999,,,000015,上证红利,CNY,CN10Y
2007-01-18,1999.47,0.0302729999999999,,,000015,上证红利,CNY,CN10Y
2007-01-19,2044.59,0.03032,,,000015,上证红利,CNY,CN10Y
2007-01-22,2113.98,0.030277,,,000015,上证红利,CNY,CN10Y
2007-01-23,2169.44,0.030373,,,000015,上证红利,CNY,CN10Y
2007-01-24,2237.43,0.030267,,,000015,上证红利,CNY,CN10Y
2007-01-25,2139.4,0.03032,,,000015,上证红利,CNY,CN10Y
2007-01-26,2187.25,0.0303739999999999,,,000015,上证红利,CNY,CN10Y
2007-01-29,2261.62,0.030427,,,000015,上证红利,CNY,CN10Y
2007-01-30,2276.75,0.030559,,,000015,上证红利,CNY,CN10Y
2007-01-31,2118.17,0.030671,,,000015,上证红利,CNY,CN10Y
2007-02-01,2096.25,0.030676,,,000015,上证红利,CNY,CN10Y
2007-02-02,2000.53,0.030598,,,000015,上证红利,CNY,CN10Y
2007-02-05,1961.9,0.0307649999999999,,,000015,上证红利,CNY,CN10Y
2007-02-06,1992.37,0.030705,,,000015,上证红利,CNY,CN10Y
2007-02-07,2043.62,0.030704,,,000015,上证红利,CNY,CN10Y
2007-02-08,2077.3,0.0308139999999999,,,000015,上证红利,CNY,CN10Y
2007-02-09,2037.75,0.031171,,,000015,上证红利,CNY,CN10Y
2007-02-12,2121.84,0.031355,,,000015,上证红利,CNY,CN10Y
2007-02-13,2151.72,0.031367,,,000015,上证红利,CNY,CN10Y
2007-02-14,2211.86,0.03137,,,000015,上证红利,CNY,CN10Y
2007-02-15,2302.32,0.031365,,,000015,上证红利,CNY,CN10Y
2007-02-16,2329.69,0.031361,,,000015,上证红利,CNY,CN10Y
2007-02-17,,0.0311,,,000015,上证红利,CNY,CN10Y
2007-02-25,,0.0311,,,000015,上证红利,CNY,CN10Y
2007-02-26,2442.14,0.0312,,,000015,上证红利,CNY,CN10Y
2007-02-27,2211.05,0.0314679999999999,,,000015,上证红利,CNY,CN10Y
2007-02-28,2319.61,0.031466,,,000015,上证红利,CNY,CN10Y
2007-03-01,2261.02,0.031553,,,000015,上证红利,CNY,CN10Y
2007-03-02,2280.73,0.0316829999999999,,,000015,上证红利,CNY,CN10Y
2007-03-05,2244.09,0.031726,,,000015,上证红利,CNY,CN10Y
2007-03-06,2264.58,0.03179,,,000015,上证红利,CNY,CN10Y
2007-03-07,2319.46,0.0319,,,000015,上证红利,CNY,CN10Y
2007-03-08,2331.79,0.032192,,,000015,上证红利,CNY,CN10Y
2007-03-09,2327.72,0.03223,,,000015,上证红利,CNY,CN10Y
2007-03-12,2343.98,0.032278,,,000015,上证红利,CNY,CN10Y
2007-03-13,2354.63,0.0320509999999999,,,000015,上证红利,CNY,CN10Y
2007-03-14,2290.36,0.032332,,,000015,上证红利,CNY,CN10Y
2007-03-15,2343.94,0.0328759999999999,,,000015,上证红利,CNY,CN10Y
2007-03-16,2282.05,0.0330419999999999,,,000015,上证红利,CNY,CN10Y
2007-03-19,2326.03,0.03337,,,000015,上证红利,CNY,CN10Y
2007-03-20,2346.12,0.0336,,,000015,上证红利,CNY,CN10Y
2007-03-21,2374.91,0.034,,,000015,上证红利,CNY,CN10Y
2007-03-22,2395.98,0.03395,,,000015,上证红利,CNY,CN10Y
2007-03-23,2405.42,0.034235,,,000015,上证红利,CNY,CN10Y
2007-03-26,2462.93,0.0342,,,000015,上证红利,CNY,CN10Y
2007-03-27,2475.9,0.0342,,,000015,上证红利,CNY,CN10Y
2007-03-28,2499.54,0.034245,,,000015,上证红利,CNY,CN10Y
2007-03-29,2472.42,0.034386,,,000015,上证红利,CNY,CN10Y
2007-03-30,2487.1,0.034338,,,000015,上证红利,CNY,CN10Y
2007-04-02,2568.69,0.0343,,,000015,上证红利,CNY,CN10Y
2007-04-03,2597.67,0.034277,,,000015,上证红利,CNY,CN10Y
2007-04-04,2604.77,0.0344,,,000015,上证红利,CNY,CN10Y
2007-04-05,2628.42,0.034441,,,000015,上证红利,CNY,CN10Y
2007-04-06,2653.58,0.034615,,,000015,上证红利,CNY,CN10Y
2007-04-09,2730.96,0.03488,,,000015,上证红利,CNY,CN10Y
2007-04-10,2787.59,0.034829,,,000015,上证红利,CNY,CN10Y
2007-04-11,2828.45,0.0349299999999999,,,000015,上证红利,CNY,CN10Y
2007-04-12,2857.69,0.0349359999999999,,,000015,上证红利,CNY,CN10Y
2007-04-13,2840.51,0.035202,,,000015,上证红利,CNY,CN10Y
2007-04-16,2901.72,0.035327,,,000015,上证红利,CNY,CN10Y
2007-04-17,2950.19,0.035391,,,000015,上证红利,CNY,CN10Y
2007-04-18,2975.11,0.0356,,,000015,上证红利,CNY,CN10Y
2007-04-19,2828.46,0.0356999999999999,,,000015,上证红利,CNY,CN10Y
2007-04-20,2956.18,0.0358,,,000015,上证红利,CNY,CN10Y
2007-04-23,3130.7,0.0359,,,000015,上证红利,CNY,CN10Y
2007-04-24,3187.86,0.036139,,,000015,上证红利,CNY,CN10Y
2007-04-25,3181.41,0.036349,,,000015,上证红利,CNY,CN10Y
2007-04-26,3222.67,0.035931,,,000015,上证红利,CNY,CN10Y
2007-04-27,3209.27,0.035914,,,000015,上证红利,CNY,CN10Y
2007-04-28,,0.035883,,,000015,上证红利,CNY,CN10Y
2007-04-29,,0.0358,,,000015,上证红利,CNY,CN10Y
2007-04-30,3255.8,0.035916,,,000015,上证红利,CNY,CN10Y
2007-05-08,3418.48,0.035933,,,000015,上证红利,CNY,CN10Y
2007-05-09,3433.22,0.035906,,,000015,上证红利,CNY,CN10Y
2007-05-10,3484.14,0.0363,,,000015,上证红利,CNY,CN10Y
2007-05-11,3450.13,0.0368,,,000015,上证红利,CNY,CN10Y
2007-05-14,3489.16,0.037,,,000015,上证红利,CNY,CN10Y
2007-05-15,3347.87,0.037992,,,000015,上证红利,CNY,CN10Y
2007-05-16,3424.1,0.0383,,,000015,上证红利,CNY,CN10Y
2007-05-17,3487.51,0.0383,,,000015,上证红利,CNY,CN10Y
2007-05-18,3481.74,0.0383,,,000015,上证红利,CNY,CN10Y
2007-05-21,3522.67,0.03966,,,000015,上证红利,CNY,CN10Y
2007-05-22,3567.29,0.0405,,,000015,上证红利,CNY,CN10Y
2007-05-23,3657.04,0.04064,,,000015,上证红利,CNY,CN10Y
2007-05-24,3608.99,0.0403,,,000015,上证红利,CNY,CN10Y
2007-05-25,3631.38,0.0405,,,000015,上证红利,CNY,CN10Y
2007-05-28,3715.89,0.0407,,,000015,上证红利,CNY,CN10Y
2007-05-29,3796.16,0.0408,,,000015,上证红利,CNY,CN10Y
2007-05-30,3531.16,0.0407,,,000015,上证红利,CNY,CN10Y
2007-05-31,3561.31,0.0406,,,000015,上证红利,CNY,CN10Y
2007-06-01,3394.94,0.0408,,,000015,上证红利,CNY,CN10Y
2007-06-04,3098.74,0.041393,,,000015,上证红利,CNY,CN10Y
2007-06-05,3226.09,0.041309,,,000015,上证红利,CNY,CN10Y
2007-06-06,3233.56,0.041442,,,000015,上证红利,CNY,CN10Y
2007-06-07,3351.9,0.041427,,,000015,上证红利,CNY,CN10Y
2007-06-08,3355.88,0.041624,,,000015,上证红利,CNY,CN10Y
2007-06-11,3414.15,0.0413759999999999,,,000015,上证红利,CNY,CN10Y
2007-06-12,3558.26,0.042199,,,000015,上证红利,CNY,CN10Y
2007-06-13,3629.24,0.04232,,,000015,上证红利,CNY,CN10Y
2007-06-14,3549.52,0.042669,,,000015,上证红利,CNY,CN10Y
2007-06-15,3547.82,0.043483,,,000015,上证红利,CNY,CN10Y
2007-06-18,3641.38,0.043496,,,000015,上证红利,CNY,CN10Y
2007-06-19,3674.12,0.0439689999999999,,,000015,上证红利,CNY,CN10Y
2007-06-20,3595.61,0.044408,,,000015,上证红利,CNY,CN10Y
2007-06-21,3631.39,0.0447,,,000015,上证红利,CNY,CN10Y
2007-06-22,3492.04,0.0444,,,000015,上证红利,CNY,CN10Y
2007-06-25,3303.08,0.0441999999999999,,,000015,上证红利,CNY,CN10Y
2007-06-26,3361.0,0.044,,,000015,上证红利,CNY,CN10Y
2007-06-27,3444.42,0.043985,,,000015,上证红利,CNY,CN10Y
2007-06-28,3271.86,0.044538,,,000015,上证红利,CNY,CN10Y
2007-06-29,3168.94,0.0445,,,000015,上证红利,CNY,CN10Y
2007-07-02,3214.79,0.0445,,,000015,上证红利,CNY,CN10Y
2007-07-03,3258.99,0.044726,,,000015,上证红利,CNY,CN10Y
2007-07-04,3199.8,0.044745,,,000015,上证红利,CNY,CN10Y
2007-07-05,2989.25,0.04475,,,000015,上证红利,CNY,CN10Y
2007-07-06,3139.74,0.044261,,,000015,上证红利,CNY,CN10Y
2007-07-09,3229.26,0.044172,,,000015,上证红利,CNY,CN10Y
2007-07-10,3158.14,0.044896,,,000015,上证红利,CNY,CN10Y
2007-07-11,3190.0,0.0447729999999999,,,000015,上证红利,CNY,CN10Y
2007-07-12,3211.59,0.044777,,,000015,上证红利,CNY,CN10Y
2007-07-13,3207.08,0.044634,,,000015,上证红利,CNY,CN10Y
2007-07-16,3098.74,0.0445399999999999,,,000015,上证红利,CNY,CN10Y
2007-07-17,3159.99,0.044542,,,000015,上证红利,CNY,CN10Y
2007-07-18,3190.25,0.0445469999999999,,,000015,上证红利,CNY,CN10Y
2007-07-19,3153.5,0.04455,,,000015,上证红利,CNY,CN10Y
2007-07-20,3275.94,0.044551,,,000015,上证红利,CNY,CN10Y
2007-07-23,3475.66,0.04477,,,000015,上证红利,CNY,CN10Y
2007-07-24,3484.54,0.0446509999999999,,,000015,上证红利,CNY,CN10Y
2007-07-25,3593.32,0.0433,,,000015,上证红利,CNY,CN10Y
2007-07-26,3619.49,0.043086,,,000015,上证红利,CNY,CN10Y
2007-07-27,3660.19,0.043399,,,000015,上证红利,CNY,CN10Y
2007-07-30,3767.16,0.042848,,,000015,上证红利,CNY,CN10Y
2007-07-31,3799.27,0.0434009999999999,,,000015,上证红利,CNY,CN10Y
2007-08-01,3655.6,0.042857,,,000015,上证红利,CNY,CN10Y
2007-08-02,3776.06,0.042594,,,000015,上证红利,CNY,CN10Y
2007-08-03,3846.47,0.042855,,,000015,上证红利,CNY,CN10Y
2007-08-06,3967.63,0.043861,,,000015,上证红利,CNY,CN10Y
2007-08-07,4001.18,0.043775,,,000015,上证红利,CNY,CN10Y
2007-08-08,3920.05,0.043166,,,000015,上证红利,CNY,CN10Y
2007-08-09,4000.26,0.043178,,,000015,上证红利,CNY,CN10Y
2007-08-10,3968.45,0.043378,,,000015,上证红利,CNY,CN10Y
2007-08-13,3988.47,0.04357,,,000015,上证红利,CNY,CN10Y
2007-08-14,4029.93,0.0435679999999999,,,000015,上证红利,CNY,CN10Y
2007-08-15,4050.79,0.0435409999999999,,,000015,上证红利,CNY,CN10Y
2007-08-16,3978.91,0.043529,,,000015,上证红利,CNY,CN10Y
2007-08-17,3913.3,0.043038,,,000015,上证红利,CNY,CN10Y
2007-08-20,4175.14,0.042636,,,000015,上证红利,CNY,CN10Y
2007-08-21,4222.16,0.042445,,,000015,上证红利,CNY,CN10Y
2007-08-22,4239.02,0.04227,,,000015,上证红利,CNY,CN10Y
2007-08-23,4290.07,0.042064,,,000015,上证红利,CNY,CN10Y
2007-08-24,4413.38,0.042164,,,000015,上证红利,CNY,CN10Y
2007-08-27,4475.02,0.04136,,,000015,上证红利,CNY,CN10Y
2007-08-28,4477.86,0.042049,,,000015,上证红利,CNY,CN10Y
2007-08-29,4387.56,0.042766,,,000015,上证红利,CNY,CN10Y
2007-08-30,4459.18,0.042739,,,000015,上证红利,CNY,CN10Y
2007-08-31,4541.67,0.042743,,,000015,上证红利,CNY,CN10Y
2007-09-03,4723.38,0.04235,,,000015,上证红利,CNY,CN10Y
2007-09-04,4689.56,0.042328,,,000015,上证红利,CNY,CN10Y
2007-09-05,4708.27,0.04244,,,000015,上证红利,CNY,CN10Y
2007-09-06,4803.99,0.0426769999999999,,,000015,上证红利,CNY,CN10Y
2007-09-07,4745.97,0.042872,,,000015,上证红利,CNY,CN10Y
2007-09-10,4832.23,0.042946,,,000015,上证红利,CNY,CN10Y
2007-09-11,4574.83,0.043615,,,000015,上证红利,CNY,CN10Y
2007-09-12,4648.0,0.043788,,,000015,上证红利,CNY,CN10Y
2007-09-13,4830.36,0.043892,,,000015,上证红利,CNY,CN10Y
2007-09-14,4956.27,0.044893,,,000015,上证红利,CNY,CN10Y
2007-09-17,5099.52,0.0454209999999999,,,000015,上证红利,CNY,CN10Y
2007-09-18,5042.29,0.045436,,,000015,上证红利,CNY,CN10Y
2007-09-19,4977.45,0.0454739999999999,,,000015,上证红利,CNY,CN10Y
2007-09-20,4993.95,0.045477,,,000015,上证红利,CNY,CN10Y
2007-09-21,4884.48,0.04495,,,000015,上证红利,CNY,CN10Y
2007-09-24,4943.53,0.04493,,,000015,上证红利,CNY,CN10Y
2007-09-25,4851.86,0.044859,,,000015,上证红利,CNY,CN10Y
2007-09-26,4727.42,0.04445,,,000015,上证红利,CNY,CN10Y
2007-09-27,4770.37,0.0441999999999999,,,000015,上证红利,CNY,CN10Y
2007-09-28,4879.81,0.0438999999999999,,,000015,上证红利,CNY,CN10Y
2007-09-29,,0.04396,,,000015,上证红利,CNY,CN10Y
2007-09-30,,0.043877,,,000015,上证红利,CNY,CN10Y
2007-10-08,4856.38,0.0436639999999999,,,000015,上证红利,CNY,CN10Y
2007-10-09,4893.51,0.0437,,,000015,上证红利,CNY,CN10Y
2007-10-10,4939.68,0.043737,,,000015,上证红利,CNY,CN10Y
2007-10-11,4953.9,0.043732,,,000015,上证红利,CNY,CN10Y
2007-10-12,4969.74,0.043723,,,000015,上证红利,CNY,CN10Y
2007-10-15,5211.38,0.043746,,,000015,上证红利,CNY,CN10Y
2007-10-16,5164.49,0.043743,,,000015,上证红利,CNY,CN10Y
2007-10-17,5188.45,0.0445,,,000015,上证红利,CNY,CN10Y
2007-10-18,4960.85,0.0446,,,000015,上证红利,CNY,CN10Y
2007-10-19,4926.96,0.0447,,,000015,上证红利,CNY,CN10Y
2007-10-22,4710.51,0.0448,,,000015,上证红利,CNY,CN10Y
2007-10-23,4786.03,0.04485,,,000015,上证红利,CNY,CN10Y
2007-10-24,4913.71,0.04485,,,000015,上证红利,CNY,CN10Y
2007-10-25,4592.88,0.04485,,,000015,上证红利,CNY,CN10Y
2007-10-26,4682.54,0.04485,,,000015,上证红利,CNY,CN10Y
2007-10-29,4789.46,0.0448,,,000015,上证红利,CNY,CN10Y
2007-10-30,4892.41,0.04484,,,000015,上证红利,CNY,CN10Y
2007-10-31,4929.97,0.044937,,,000015,上证红利,CNY,CN10Y
2007-11-01,4948.94,0.045,,,000015,上证红利,CNY,CN10Y
2007-11-02,4865.6,0.045,,,000015,上证红利,CNY,CN10Y
2007-11-05,4714.75,0.045263,,,000015,上证红利,CNY,CN10Y
2007-11-06,4554.75,0.045248,,,000015,上证红利,CNY,CN10Y
2007-11-07,4564.47,0.045441,,,000015,上证红利,CNY,CN10Y
2007-11-08,4318.46,0.045441,,,000015,上证红利,CNY,CN10Y
2007-11-09,4322.37,0.045743,,,000015,上证红利,CNY,CN10Y
2007-11-12,4215.15,0.0458629999999999,,,000015,上证红利,CNY,CN10Y
2007-11-13,4271.13,0.045861,,,000015,上证红利,CNY,CN10Y
2007-11-14,4443.59,0.045922,,,000015,上证红利,CNY,CN10Y
2007-11-15,4374.15,0.045973,,,000015,上证红利,CNY,CN10Y
2007-11-16,4323.4,0.045974,,,000015,上证红利,CNY,CN10Y
2007-11-19,4343.55,0.045822,,,000015,上证红利,CNY,CN10Y
2007-11-20,4413.38,0.045569,,,000015,上证红利,CNY,CN10Y
2007-11-21,4336.96,0.04545,,,000015,上证红利,CNY,CN10Y
2007-11-22,4195.67,0.0455,,,000015,上证红利,CNY,CN10Y
2007-11-23,4268.8,0.0454,,,000015,上证红利,CNY,CN10Y
2007-11-26,4201.9,0.04535,,,000015,上证红利,CNY,CN10Y
2007-11-27,4096.59,0.045247,,,000015,上证红利,CNY,CN10Y
2007-11-28,4008.28,0.045089,,,000015,上证红利,CNY,CN10Y
2007-11-29,4189.55,0.045084,,,000015,上证红利,CNY,CN10Y
2007-11-30,4069.79,0.045086,,,000015,上证红利,CNY,CN10Y
2007-12-03,4095.95,0.045085,,,000015,上证红利,CNY,CN10Y
2007-12-04,4181.01,0.045085,,,000015,上证红利,CNY,CN10Y
2007-12-05,4331.3,0.045096,,,000015,上证红利,CNY,CN10Y
2007-12-06,4342.24,0.045038,,,000015,上证红利,CNY,CN10Y
2007-12-07,4432.41,0.045043,,,000015,上证红利,CNY,CN10Y
2007-12-10,4514.85,0.044996,,,000015,上证红利,CNY,CN10Y
2007-12-11,4514.1,0.0451159999999999,,,000015,上证红利,CNY,CN10Y
2007-12-12,4478.49,0.045118,,,000015,上证红利,CNY,CN10Y
2007-12-13,4282.61,0.045067,,,000015,上证红利,CNY,CN10Y
2007-12-14,4349.56,0.044251,,,000015,上证红利,CNY,CN10Y
2007-12-17,4263.48,0.044282,,,000015,上证红利,CNY,CN10Y
2007-12-18,4231.19,0.044279,,,000015,上证红利,CNY,CN10Y
2007-12-19,4352.76,0.04428,,,000015,上证红利,CNY,CN10Y
2007-12-20,4483.13,0.044282,,,000015,上证红利,CNY,CN10Y
2007-12-21,4525.64,0.044526,,,000015,上证红利,CNY,CN10Y
2007-12-24,4596.15,0.044517,,,000015,上证红利,CNY,CN10Y
2007-12-25,4610.36,0.044528,,,000015,上证红利,CNY,CN10Y
2007-12-26,4638.06,0.044541,,,000015,上证红利,CNY,CN10Y
2007-12-27,4705.81,0.044005,,,000015,上证红利,CNY,CN10Y
2007-12-28,4661.24,0.044357,,,000015,上证红利,CNY,CN10Y
2007-12-29,,0.044253,,,000015,上证红利,CNY,CN10Y
2008-01-02,4689.16,0.044363,,,000015,上证红利,CNY,CN10Y
2008-01-03,4831.2,0.044263,,,000015,上证红利,CNY,CN10Y
2008-01-04,4835.0,0.044013,,,000015,上证红利,CNY,CN10Y
2008-01-07,4881.37,0.043948,,,000015,上证红利,CNY,CN10Y
2008-01-08,4886.93,0.044024,,,000015,上证红利,CNY,CN10Y
2008-01-09,4980.0,0.044022,,,000015,上证红利,CNY,CN10Y
2008-01-10,4994.66,0.0440669999999999,,,000015,上证红利,CNY,CN10Y
2008-01-11,4978.08,0.043893,,,000015,上证红利,CNY,CN10Y
2008-01-14,5027.32,0.04402,,,000015,上证红利,CNY,CN10Y
2008-01-15,4998.98,0.044022,,,000015,上证红利,CNY,CN10Y
2008-01-16,4864.43,0.044028,,,000015,上证红利,CNY,CN10Y
2008-01-17,4677.49,0.043978,,,000015,上证红利,CNY,CN10Y
2008-01-18,4685.66,0.0440299999999999,,,000015,上证红利,CNY,CN10Y
2008-01-21,4425.54,0.0437769999999999,,,000015,上证红利,CNY,CN10Y
2008-01-22,4080.72,0.0436789999999999,,,000015,上证红利,CNY,CN10Y
2008-01-23,4296.63,0.042883,,,000015,上证红利,CNY,CN10Y
2008-01-24,4315.44,0.042433,,,000015,上证红利,CNY,CN10Y
2008-01-25,4343.14,0.04244,,,000015,上证红利,CNY,CN10Y
2008-01-28,3992.87,0.042226,,,000015,上证红利,CNY,CN10Y
2008-01-29,4035.87,0.042539,,,000015,上证红利,CNY,CN10Y
2008-01-30,4022.06,0.042502,,,000015,上证红利,CNY,CN10Y
2008-01-31,3986.14,0.0419369999999999,,,000015,上证红利,CNY,CN10Y
2008-02-01,3926.45,0.041308,,,000015,上证红利,CNY,CN10Y
2008-02-02,,0.041307,,,000015,上证红利,CNY,CN10Y
2008-02-03,,0.041309,,,000015,上证红利,CNY,CN10Y
2008-02-04,4276.09,0.041311,,,000015,上证红利,CNY,CN10Y
2008-02-05,4260.72,0.041458,,,000015,上证红利,CNY,CN10Y
2008-02-13,4169.52,0.041559,,,000015,上证红利,CNY,CN10Y
2008-02-14,4243.11,0.041561,,,000015,上证红利,CNY,CN10Y
2008-02-15,4208.99,0.041791,,,000015,上证红利,CNY,CN10Y
2008-02-18,4276.21,0.041924,,,000015,上证红利,CNY,CN10Y
2008-02-19,4378.85,0.042176,,,000015,上证红利,CNY,CN10Y
2008-02-20,4312.59,0.041744,,,000015,上证红利,CNY,CN10Y
2008-02-21,4337.35,0.041818,,,000015,上证红利,CNY,CN10Y
2008-02-22,4181.29,0.0416,,,000015,上证红利,CNY,CN10Y
2008-02-25,4039.95,0.041439,,,000015,上证红利,CNY,CN10Y
2008-02-26,4029.42,0.041413,,,000015,上证红利,CNY,CN10Y
2008-02-27,4120.98,0.041436,,,000015,上证红利,CNY,CN10Y
2008-02-28,4114.77,0.041283,,,000015,上证红利,CNY,CN10Y
2008-02-29,4126.5,0.041283,,,000015,上证红利,CNY,CN10Y
2008-03-03,4222.61,0.0412849999999999,,,000015,上证红利,CNY,CN10Y
2008-03-04,4092.5,0.041521,,,000015,上证红利,CNY,CN10Y
2008-03-05,4002.25,0.041635,,,000015,上证红利,CNY,CN10Y
2008-03-06,4034.45,0.041768,,,000015,上证红利,CNY,CN10Y
2008-03-07,3967.1,0.04176,,,000015,上证红利,CNY,CN10Y
2008-03-10,3808.1,0.041768,,,000015,上证红利,CNY,CN10Y
2008-03-11,3812.05,0.041953,,,000015,上证红利,CNY,CN10Y
2008-03-12,3694.56,0.041954,,,000015,上证红利,CNY,CN10Y
2008-03-13,3581.69,0.0417,,,000015,上证红利,CNY,CN10Y
2008-03-14,3543.35,0.0415,,,000015,上证红利,CNY,CN10Y
2008-03-17,3350.76,0.0412479999999999,,,000015,上证红利,CNY,CN10Y
2008-03-18,3182.19,0.041151,,,000015,上证红利,CNY,CN10Y
2008-03-19,3295.63,0.04075,,,000015,上证红利,CNY,CN10Y
2008-03-20,3431.24,0.0408,,,000015,上证红利,CNY,CN10Y
2008-03-21,3514.61,0.0408,,,000015,上证红利,CNY,CN10Y
2008-03-24,3335.9,0.04077,,,000015,上证红利,CNY,CN10Y
2008-03-25,3396.98,0.040511,,,000015,上证红利,CNY,CN10Y
2008-03-26,3391.21,0.040404,,,000015,上证红利,CNY,CN10Y
2008-03-27,3201.85,0.040008,,,000015,上证红利,CNY,CN10Y
2008-03-28,3307.58,0.040116,,,000015,上证红利,CNY,CN10Y
2008-03-31,3157.84,0.04046,,,000015,上证红利,CNY,CN10Y
2008-04-01,2925.38,0.040563,,,000015,上证红利,CNY,CN10Y
2008-04-02,2875.79,0.040517,,,000015,上证红利,CNY,CN10Y
2008-04-03,2998.96,0.040444,,,000015,上证红利,CNY,CN10Y
2008-04-07,3159.27,0.04045,,,000015,上证红利,CNY,CN10Y
2008-04-08,3196.1,0.0404509999999999,,,000015,上证红利,CNY,CN10Y
2008-04-09,3040.26,0.0404509999999999,,,000015,上证红利,CNY,CN10Y
2008-04-10,3105.73,0.0404049999999999,,,000015,上证红利,CNY,CN10Y
2008-04-11,3127.43,0.040457,,,000015,上证红利,CNY,CN10Y
2008-04-14,2921.19,0.040436,,,000015,上证红利,CNY,CN10Y
2008-04-15,2969.36,0.040244,,,000015,上证红利,CNY,CN10Y
2008-04-16,2878.37,0.040184,,,000015,上证红利,CNY,CN10Y
2008-04-17,2766.87,0.040185,,,000015,上证红利,CNY,CN10Y
2008-04-18,2639.12,0.0400849999999999,,,000015,上证红利,CNY,CN10Y
2008-04-21,2652.28,0.040087,,,000015,上证红利,CNY,CN10Y
2008-04-22,2702.38,0.04009,,,000015,上证红利,CNY,CN10Y
2008-04-23,2837.42,0.040244,,,000015,上证红利,CNY,CN10Y
2008-04-24,3105.69,0.040601,,,000015,上证红利,CNY,CN10Y
2008-04-25,3156.56,0.040654,,,000015,上证红利,CNY,CN10Y
2008-04-28,3113.68,0.040707,,,000015,上证红利,CNY,CN10Y
2008-04-29,3169.02,0.040736,,,000015,上证红利,CNY,CN10Y
2008-04-30,3333.91,0.040725,,,000015,上证红利,CNY,CN10Y
2008-05-04,,0.040704,,,000015,上证红利,CNY,CN10Y
2008-05-05,3408.15,0.040631,,,000015,上证红利,CNY,CN10Y
2008-05-06,3366.46,0.040632,,,000015,上证红利,CNY,CN10Y
2008-05-07,3202.5,0.04135,,,000015,上证红利,CNY,CN10Y
2008-05-08,3293.35,0.041253,,,000015,上证红利,CNY,CN10Y
2008-05-09,3307.24,0.04121,,,000015,上证红利,CNY,CN10Y
2008-05-12,3349.59,0.041517,,,000015,上证红利,CNY,CN10Y
2008-05-13,3335.91,0.041486,,,000015,上证红利,CNY,CN10Y
2008-05-14,3402.25,0.041653,,,000015,上证红利,CNY,CN10Y
2008-05-15,3405.19,0.041691,,,000015,上证红利,CNY,CN10Y
2008-05-16,3370.23,0.041493,,,000015,上证红利,CNY,CN10Y
2008-05-19,3348.02,0.041669,,,000015,上证红利,CNY,CN10Y
2008-05-20,3169.34,0.041676,,,000015,上证红利,CNY,CN10Y
2008-05-21,3263.09,0.041677,,,000015,上证红利,CNY,CN10Y
2008-05-22,3210.68,0.041631,,,000015,上证红利,CNY,CN10Y
2008-05-23,3166.49,0.0416319999999999,,,000015,上证红利,CNY,CN10Y
2008-05-26,3054.54,0.041636,,,000015,上证红利,CNY,CN10Y
2008-05-27,3057.12,0.041618,,,000015,上证红利,CNY,CN10Y
2008-05-28,3145.64,0.041676,,,000015,上证红利,CNY,CN10Y
2008-05-29,3059.31,0.041636,,,000015,上证红利,CNY,CN10Y
2008-05-30,3109.87,0.041589,,,000015,上证红利,CNY,CN10Y
2008-06-02,3119.54,0.041626,,,000015,上证红利,CNY,CN10Y
2008-06-03,3111.32,0.041588,,,000015,上证红利,CNY,CN10Y
2008-06-04,3051.95,0.041589,,,000015,上证红利,CNY,CN10Y
2008-06-05,3014.3,0.0415909999999999,,,000015,上证红利,CNY,CN10Y
2008-06-06,3009.62,0.0416169999999999,,,000015,上证红利,CNY,CN10Y
2008-06-10,2754.26,0.042069,,,000015,上证红利,CNY,CN10Y
2008-06-11,2702.26,0.043193,,,000015,上证红利,CNY,CN10Y
2008-06-12,2649.64,0.043009,,,000015,上证红利,CNY,CN10Y
2008-06-13,2567.67,0.043128,,,000015,上证红利,CNY,CN10Y
2008-06-16,2568.37,0.0431789999999999,,,000015,上证红利,CNY,CN10Y
2008-06-17,2470.21,0.043354,,,000015,上证红利,CNY,CN10Y
2008-06-18,2617.4,0.043356,,,000015,上证红利,CNY,CN10Y
2008-06-19,2405.07,0.043358,,,000015,上证红利,CNY,CN10Y
2008-06-20,2443.77,0.0442129999999999,,,000015,上证红利,CNY,CN10Y
2008-06-23,2363.57,0.044716,,,000015,上证红利,CNY,CN10Y
2008-06-24,2361.22,0.044626,,,000015,上证红利,CNY,CN10Y
2008-06-25,2482.3,0.044582,,,000015,上证红利,CNY,CN10Y
2008-06-26,2483.12,0.045182,,,000015,上证红利,CNY,CN10Y
2008-06-27,2303.89,0.0455799999999999,,,000015,上证红利,CNY,CN10Y
2008-06-30,2277.01,0.045285,,,000015,上证红利,CNY,CN10Y
2008-07-01,2200.27,0.045309,,,000015,上证红利,CNY,CN10Y
2008-07-02,2217.11,0.04536,,,000015,上证红利,CNY,CN10Y
2008-07-03,2276.36,0.045311,,,000015,上证红利,CNY,CN10Y
2008-07-04,2252.75,0.045313,,,000015,上证红利,CNY,CN10Y
2008-07-07,2383.33,0.045529,,,000015,上证红利,CNY,CN10Y
2008-07-08,2410.17,0.045331,,,000015,上证红利,CNY,CN10Y
2008-07-09,2501.37,0.0450589999999999,,,000015,上证红利,CNY,CN10Y
2008-07-10,2446.09,0.044725,,,000015,上证红利,CNY,CN10Y
2008-07-11,2425.7,0.044562,,,000015,上证红利,CNY,CN10Y
2008-07-14,2456.97,0.044328,,,000015,上证红利,CNY,CN10Y
2008-07-15,2371.49,0.044332,,,000015,上证红利,CNY,CN10Y
2008-07-16,2285.95,0.0443379999999999,,,000015,上证红利,CNY,CN10Y
2008-07-17,2254.93,0.04434,,,000015,上证红利,CNY,CN10Y
2008-07-18,2338.64,0.044236,,,000015,上证红利,CNY,CN10Y
2008-07-21,2420.35,0.0441899999999999,,,000015,上证红利,CNY,CN10Y
2008-07-22,2412.28,0.044135,,,000015,上证红利,CNY,CN10Y
2008-07-23,2397.49,0.0441359999999999,,,000015,上证红利,CNY,CN10Y
2008-07-24,2467.37,0.044137,,,000015,上证红利,CNY,CN10Y
2008-07-25,2427.96,0.044342,,,000015,上证红利,CNY,CN10Y
2008-07-28,2461.69,0.044374,,,000015,上证红利,CNY,CN10Y
2008-07-29,2412.97,0.0444,,,000015,上证红利,CNY,CN10Y
2008-07-30,2401.49,0.044351,,,000015,上证红利,CNY,CN10Y
2008-07-31,2319.38,0.044401,,,000015,上证红利,CNY,CN10Y
2008-08-01,2328.2,0.0446009999999999,,,000015,上证红利,CNY,CN10Y
2008-08-04,2261.6,0.044612,,,000015,上证红利,CNY,CN10Y
2008-08-05,2194.78,0.044565,,,000015,上证红利,CNY,CN10Y
2008-08-06,2208.26,0.044411,,,000015,上证红利,CNY,CN10Y
2008-08-07,2207.18,0.0452379999999999,,,000015,上证红利,CNY,CN10Y
2008-08-08,2086.19,0.044988,,,000015,上证红利,CNY,CN10Y
2008-08-11,1988.16,0.045596,,,000015,上证红利,CNY,CN10Y
2008-08-12,2008.62,0.045139,,,000015,上证红利,CNY,CN10Y
2008-08-13,2020.67,0.045038,,,000015,上证红利,CNY,CN10Y
2008-08-14,2019.53,0.044736,,,000015,上证红利,CNY,CN10Y
2008-08-15,2019.69,0.044133,,,000015,上证红利,CNY,CN10Y
2008-08-18,1900.11,0.044141,,,000015,上证红利,CNY,CN10Y
2008-08-19,1925.11,0.044042,,,000015,上证红利,CNY,CN10Y
2008-08-20,2069.23,0.043944,,,000015,上证红利,CNY,CN10Y
2008-08-21,1967.32,0.043689,,,000015,上证红利,CNY,CN10Y
2008-08-22,1921.16,0.043554,,,000015,上证红利,CNY,CN10Y
2008-08-25,1910.95,0.043431,,,000015,上证红利,CNY,CN10Y
2008-08-26,1835.25,0.043292,,,000015,上证红利,CNY,CN10Y
2008-08-27,1836.56,0.0430959999999999,,,000015,上证红利,CNY,CN10Y
2008-08-28,1852.33,0.042753,,,000015,上证红利,CNY,CN10Y
2008-08-29,1900.03,0.042234,,,000015,上证红利,CNY,CN10Y
2008-09-01,1844.17,0.041363,,,000015,上证红利,CNY,CN10Y
2008-09-02,1842.08,0.041714,,,000015,上证红利,CNY,CN10Y
2008-09-03,1833.98,0.0414109999999999,,,000015,上证红利,CNY,CN10Y
2008-09-04,1847.63,0.041643,,,000015,上证红利,CNY,CN10Y
2008-09-05,1800.22,0.041703,,,000015,上证红利,CNY,CN10Y
2008-09-08,1725.8,0.041705,,,000015,上证红利,CNY,CN10Y
2008-09-09,1747.99,0.041429,,,000015,上证红利,CNY,CN10Y
2008-09-10,1763.67,0.0410149999999999,,,000015,上证红利,CNY,CN10Y
2008-09-11,1720.53,0.040631,,,000015,上证红利,CNY,CN10Y
2008-09-12,1740.74,0.039712,,,000015,上证红利,CNY,CN10Y
2008-09-16,1718.76,0.038,,,000015,上证红利,CNY,CN10Y
2008-09-17,1680.19,0.037119,,,000015,上证红利,CNY,CN10Y
2008-09-18,1634.33,0.03712,,,000015,上证红利,CNY,CN10Y
2008-09-19,1785.5,0.0369,,,000015,上证红利,CNY,CN10Y
2008-09-22,1878.07,0.0375939999999999,,,000015,上证红利,CNY,CN10Y
2008-09-23,1792.86,0.037612,,,000015,上证红利,CNY,CN10Y
2008-09-24,1817.97,0.037601,,,000015,上证红利,CNY,CN10Y
2008-09-25,1897.19,0.037276,,,000015,上证红利,CNY,CN10Y
2008-09-26,1916.43,0.037282,,,000015,上证红利,CNY,CN10Y
2008-09-27,,0.037143,,,000015,上证红利,CNY,CN10Y
2008-09-28,,0.037155,,,000015,上证红利,CNY,CN10Y
2008-10-06,1803.99,0.036809,,,000015,上证红利,CNY,CN10Y
2008-10-07,1791.02,0.035309,,,000015,上证红利,CNY,CN10Y
2008-10-08,1747.8,0.033499,,,000015,上证红利,CNY,CN10Y
2008-10-09,1719.37,0.0315,,,000015,上证红利,CNY,CN10Y
2008-10-10,1643.18,0.03051,,,000015,上证红利,CNY,CN10Y
2008-10-13,1686.74,0.0312599999999999,,,000015,上证红利,CNY,CN10Y
2008-10-14,1648.28,0.031593,,,000015,上证红利,CNY,CN10Y
2008-10-15,1615.29,0.031062,,,000015,上证红利,CNY,CN10Y
2008-10-16,1538.66,0.031267,,,000015,上证红利,CNY,CN10Y
2008-10-17,1557.97,0.031768,,,000015,上证红利,CNY,CN10Y
2008-10-20,1606.11,0.03182,,,000015,上证红利,CNY,CN10Y
2008-10-21,1588.56,0.031826,,,000015,上证红利,CNY,CN10Y
2008-10-22,1546.94,0.031922,,,000015,上证红利,CNY,CN10Y
2008-10-23,1543.7,0.031978,,,000015,上证红利,CNY,CN10Y
2008-10-24,1501.37,0.031931,,,000015,上证红利,CNY,CN10Y
2008-10-27,1385.01,0.031522,,,000015,上证红利,CNY,CN10Y
2008-10-28,1421.25,0.031042,,,000015,上证红利,CNY,CN10Y
2008-10-29,1366.58,0.030694,,,000015,上证红利,CNY,CN10Y
2008-10-30,1400.47,0.030703,,,000015,上证红利,CNY,CN10Y
2008-10-31,1368.19,0.030751,,,000015,上证红利,CNY,CN10Y
2008-11-03,1353.26,0.030549,,,000015,上证红利,CNY,CN10Y
2008-11-04,1337.19,0.030569,,,000015,上证红利,CNY,CN10Y
2008-11-05,1385.5,0.030676,,,000015,上证红利,CNY,CN10Y
2008-11-06,1368.29,0.030424,,,000015,上证红利,CNY,CN10Y
2008-11-07,1386.26,0.029767,,,000015,上证红利,CNY,CN10Y
2008-11-10,1484.0,0.029005,,,000015,上证红利,CNY,CN10Y
2008-11-11,1472.9,0.029221,,,000015,上证红利,CNY,CN10Y
2008-11-12,1483.04,0.028969,,,000015,上证红利,CNY,CN10Y
2008-11-13,1551.15,0.028639,,,000015,上证红利,CNY,CN10Y
2008-11-14,1594.0,0.0294819999999999,,,000015,上证红利,CNY,CN10Y
2008-11-17,1637.92,0.029984,,,000015,上证红利,CNY,CN10Y
2008-11-18,1503.11,0.0299739999999999,,,000015,上证红利,CNY,CN10Y
2008-11-19,1597.22,0.030885,,,000015,上证红利,CNY,CN10Y
2008-11-20,1577.48,0.030531,,,000015,上证红利,CNY,CN10Y
2008-11-21,1571.71,0.030049,,,000015,上证红利,CNY,CN10Y
2008-11-24,1509.11,0.030638,,,000015,上证红利,CNY,CN10Y
2008-11-25,1497.91,0.031728,,,000015,上证红利,CNY,CN10Y
2008-11-26,1521.21,0.031034,,,000015,上证红利,CNY,CN10Y
2008-11-27,1545.67,0.029064,,,000015,上证红利,CNY,CN10Y
2008-11-28,1526.94,0.029905,,,000015,上证红利,CNY,CN10Y
2008-12-01,1548.45,0.030378,,,000015,上证红利,CNY,CN10Y
2008-12-02,1547.25,0.030306,,,000015,上证红利,CNY,CN10Y
2008-12-03,1617.35,0.029467,,,000015,上证红利,CNY,CN10Y
2008-12-04,1650.42,0.0293429999999999,,,000015,上证红利,CNY,CN10Y
2008-12-05,1670.43,0.029061,,,000015,上证红利,CNY,CN10Y
2008-12-08,1731.33,0.029053,,,000015,上证红利,CNY,CN10Y
2008-12-09,1686.58,0.030072,,,000015,上证红利,CNY,CN10Y
2008-12-10,1709.27,0.03013,,,000015,上证红利,CNY,CN10Y
2008-12-11,1660.87,0.03004,,,000015,上证红利,CNY,CN10Y
2008-12-12,1592.74,0.029237,,,000015,上证红利,CNY,CN10Y
2008-12-15,1614.81,0.029186,,,000015,上证红利,CNY,CN10Y
2008-12-16,1628.62,0.029243,,,000015,上证红利,CNY,CN10Y
2008-12-17,1630.91,0.0281,,,000015,上证红利,CNY,CN10Y
2008-12-18,1651.58,0.0270429999999999,,,000015,上证红利,CNY,CN10Y
2008-12-19,1659.05,0.027384,,,000015,上证红利,CNY,CN10Y
2008-12-22,1628.4,0.0273899999999999,,,000015,上证红利,CNY,CN10Y
2008-12-23,1552.88,0.0268869999999999,,,000015,上证红利,CNY,CN10Y
2008-12-24,1515.06,0.027045,,,000015,上证红利,CNY,CN10Y
2008-12-25,1503.25,0.0270469999999999,,,000015,上证红利,CNY,CN10Y
2008-12-26,1499.67,0.027301,,,000015,上证红利,CNY,CN10Y
2008-12-29,1495.78,0.027559,,,000015,上证红利,CNY,CN10Y
2008-12-30,1471.32,0.027566,,,000015,上证红利,CNY,CN10Y
2008-12-31,1448.16,0.027521,,,000015,上证红利,CNY,CN10Y
2009-01-04,,0.027102,,,000015,上证红利,CNY,CN10Y
2009-01-05,1508.47,0.0273,,,000015,上证红利,CNY,CN10Y
2009-01-06,1560.21,0.026909,,,000015,上证红利,CNY,CN10Y
2009-01-07,1554.11,0.026711,,,000015,上证红利,CNY,CN10Y
2009-01-08,1523.98,0.026716,,,000015,上证红利,CNY,CN10Y
2009-01-09,1551.22,0.026722,,,000015,上证红利,CNY,CN10Y
2009-01-12,1558.28,0.027,,,000015,上证红利,CNY,CN10Y
2009-01-13,1532.48,0.0282569999999999,,,000015,上证红利,CNY,CN10Y
2009-01-14,1585.33,0.028818,,,000015,上证红利,CNY,CN10Y
2009-01-15,1576.64,0.029897,,,000015,上证红利,CNY,CN10Y
2009-01-16,1608.71,0.02994,,,000015,上证红利,CNY,CN10Y
2009-01-19,1623.0,0.030123,,,000015,上证红利,CNY,CN10Y
2009-01-20,1633.51,0.0309949999999999,,,000015,上证红利,CNY,CN10Y
2009-01-21,1618.59,0.031398,,,000015,上证红利,CNY,CN10Y
2009-01-22,1636.31,0.030619,,,000015,上证红利,CNY,CN10Y
2009-01-23,1636.93,0.030367,,,000015,上证红利,CNY,CN10Y
2009-01-24,,0.030368,,,000015,上证红利,CNY,CN10Y
2009-02-01,,0.0305019999999999,,,000015,上证红利,CNY,CN10Y
2009-02-02,1659.92,0.031433,,,000015,上证红利,CNY,CN10Y
2009-02-03,1702.59,0.031766,,,000015,上证红利,CNY,CN10Y
2009-02-04,1747.81,0.032946,,,000015,上证红利,CNY,CN10Y
2009-02-05,1741.87,0.034013,,,000015,上证红利,CNY,CN10Y
2009-02-06,1813.92,0.0329669999999999,,,000015,上证红利,CNY,CN10Y
2009-02-09,1863.9,0.03269,,,000015,上证红利,CNY,CN10Y
2009-02-10,1888.12,0.033001,,,000015,上证红利,CNY,CN10Y
2009-02-11,1892.63,0.032323,,,000015,上证红利,CNY,CN10Y
2009-02-12,1881.26,0.031271,,,000015,上证红利,CNY,CN10Y
2009-02-13,1942.66,0.031321,,,000015,上证红利,CNY,CN10Y
2009-02-16,2016.54,0.031547,,,000015,上证红利,CNY,CN10Y
2009-02-17,1947.78,0.031897,,,000015,上证红利,CNY,CN10Y
2009-02-18,1846.06,0.031703,,,000015,上证红利,CNY,CN10Y
2009-02-19,1882.98,0.031385,,,000015,上证红利,CNY,CN10Y
2009-02-20,1929.94,0.031583,,,000015,上证红利,CNY,CN10Y
2009-02-23,1974.33,0.031555,,,000015,上证红利,CNY,CN10Y
2009-02-24,1882.33,0.031508,,,000015,上证红利,CNY,CN10Y
2009-02-25,1881.24,0.031412,,,000015,上证红利,CNY,CN10Y
2009-02-26,1784.12,0.0314469999999999,,,000015,上证红利,CNY,CN10Y
2009-02-27,1722.75,0.031508,,,000015,上证红利,CNY,CN10Y
2009-03-02,1741.69,0.031582,,,000015,上证红利,CNY,CN10Y
2009-03-03,1746.48,0.031755,,,000015,上证红利,CNY,CN10Y
2009-03-04,1852.19,0.032075,,,000015,上证红利,CNY,CN10Y
2009-03-05,1871.26,0.03231,,,000015,上证红利,CNY,CN10Y
2009-03-06,1849.97,0.032291,,,000015,上证红利,CNY,CN10Y
2009-03-09,1779.93,0.0320359999999999,,,000015,上证红利,CNY,CN10Y
2009-03-10,1809.76,0.03178,,,000015,上证红利,CNY,CN10Y
2009-03-11,1795.38,0.031331,,,000015,上证红利,CNY,CN10Y
2009-03-12,1786.59,0.031524,,,000015,上证红利,CNY,CN10Y
2009-03-13,1769.09,0.03148,,,000015,上证红利,CNY,CN10Y
2009-03-16,1789.69,0.031534,,,000015,上证红利,CNY,CN10Y
2009-03-17,1852.92,0.031249,,,000015,上证红利,CNY,CN10Y
2009-03-18,1871.55,0.031,,,000015,上证红利,CNY,CN10Y
2009-03-19,1911.65,0.030768,,,000015,上证红利,CNY,CN10Y
2009-03-20,1917.64,0.030772,,,000015,上证红利,CNY,CN10Y
2009-03-23,1960.07,0.030831,,,000015,上证红利,CNY,CN10Y
2009-03-24,1979.19,0.031295,,,000015,上证红利,CNY,CN10Y
2009-03-25,1919.64,0.031297,,,000015,上证红利,CNY,CN10Y
2009-03-26,1978.18,0.031606,,,000015,上证红利,CNY,CN10Y
2009-03-27,2008.55,0.031594,,,000015,上证红利,CNY,CN10Y
2009-03-30,1989.77,0.031608,,,000015,上证红利,CNY,CN10Y
2009-03-31,1985.27,0.031612,,,000015,上证红利,CNY,CN10Y
2009-04-01,2029.44,0.031618,,,000015,上证红利,CNY,CN10Y
2009-04-02,2048.72,0.031714,,,000015,上证红利,CNY,CN10Y
2009-04-03,2038.36,0.031805,,,000015,上证红利,CNY,CN10Y
2009-04-07,2042.09,0.031805,,,000015,上证红利,CNY,CN10Y
2009-04-08,1963.9,0.031869,,,000015,上证红利,CNY,CN10Y
2009-04-09,1990.51,0.031949,,,000015,上证红利,CNY,CN10Y
2009-04-10,2034.14,0.0319539999999999,,,000015,上证红利,CNY,CN10Y
2009-04-13,2104.96,0.031953,,,000015,上证红利,CNY,CN10Y
2009-04-14,2126.0,0.032044,,,000015,上证红利,CNY,CN10Y
2009-04-15,2142.57,0.032114,,,000015,上证红利,CNY,CN10Y
2009-04-16,2151.64,0.031841,,,000015,上证红利,CNY,CN10Y
2009-04-17,2121.51,0.031634,,,000015,上证红利,CNY,CN10Y
2009-04-20,2164.37,0.031412,,,000015,上证红利,CNY,CN10Y
2009-04-21,2148.96,0.031616,,,000015,上证红利,CNY,CN10Y
2009-04-22,2066.22,0.031609,,,000015,上证红利,CNY,CN10Y
2009-04-23,2083.28,0.031618,,,000015,上证红利,CNY,CN10Y
2009-04-24,2056.76,0.0315709999999999,,,000015,上证红利,CNY,CN10Y
2009-04-27,1989.28,0.031579,,,000015,上证红利,CNY,CN10Y
2009-04-28,2001.02,0.031532,,,000015,上证红利,CNY,CN10Y
2009-04-29,2055.87,0.031286,,,000015,上证红利,CNY,CN10Y
2009-04-30,2064.48,0.031072,,,000015,上证红利,CNY,CN10Y
2009-05-04,2147.82,0.0310919999999999,,,000015,上证红利,CNY,CN10Y
2009-05-05,2164.76,0.031036,,,000015,上证红利,CNY,CN10Y
2009-05-06,2197.72,0.030795,,,000015,上证红利,CNY,CN10Y
2009-05-07,2191.0,0.030739,,,000015,上证红利,CNY,CN10Y
2009-05-08,2199.96,0.030701,,,000015,上证红利,CNY,CN10Y
2009-05-11,2150.12,0.030698,,,000015,上证红利,CNY,CN10Y
2009-05-12,2209.02,0.030662,,,000015,上证红利,CNY,CN10Y
2009-05-13,2221.96,0.030365,,,000015,上证红利,CNY,CN10Y
2009-05-14,2211.42,0.030318,,,000015,上证红利,CNY,CN10Y
2009-05-15,2207.1,0.0303209999999999,,,000015,上证红利,CNY,CN10Y
2009-05-18,2222.09,0.030277,,,000015,上证红利,CNY,CN10Y
2009-05-19,2239.1,0.030384,,,000015,上证红利,CNY,CN10Y
2009-05-20,2218.04,0.030386,,,000015,上证红利,CNY,CN10Y
2009-05-21,2175.32,0.030388,,,000015,上证红利,CNY,CN10Y
2009-05-22,2169.46,0.030434,,,000015,上证红利,CNY,CN10Y
2009-05-25,2167.05,0.030441,,,000015,上证红利,CNY,CN10Y
2009-05-26,2146.79,0.030546,,,000015,上证红利,CNY,CN10Y
2009-05-27,2161.96,0.03039,,,000015,上证红利,CNY,CN10Y
2009-05-31,,0.030409,,,000015,上证红利,CNY,CN10Y
2009-06-01,2217.74,0.030615,,,000015,上证红利,CNY,CN10Y
2009-06-02,2228.29,0.030515,,,000015,上证红利,CNY,CN10Y
2009-06-03,2264.69,0.03065,,,000015,上证红利,CNY,CN10Y
2009-06-04,2287.29,0.031349,,,000015,上证红利,CNY,CN10Y
2009-06-05,2260.05,0.031474,,,000015,上证红利,CNY,CN10Y
2009-06-08,2251.2,0.031543,,,000015,上证红利,CNY,CN10Y
2009-06-09,2250.96,0.031481,,,000015,上证红利,CNY,CN10Y
2009-06-10,2287.2,0.03166,,,000015,上证红利,CNY,CN10Y
2009-06-11,2261.37,0.0317,,,000015,上证红利,CNY,CN10Y
2009-06-12,2208.05,0.031868,,,000015,上证红利,CNY,CN10Y
2009-06-15,2226.81,0.031947,,,000015,上证红利,CNY,CN10Y
2009-06-16,2227.39,0.031476,,,000015,上证红利,CNY,CN10Y
2009-06-17,2259.41,0.031332,,,000015,上证红利,CNY,CN10Y
2009-06-18,2278.8,0.031536,,,000015,上证红利,CNY,CN10Y
2009-06-19,2293.81,0.031543,,,000015,上证红利,CNY,CN10Y
2009-06-22,2298.65,0.031876,,,000015,上证红利,CNY,CN10Y
2009-06-23,2312.01,0.032325,,,000015,上证红利,CNY,CN10Y
2009-06-24,2361.29,0.032397,,,000015,上证红利,CNY,CN10Y
2009-06-25,2357.17,0.032525,,,000015,上证红利,CNY,CN10Y
2009-06-26,2350.05,0.032628,,,000015,上证红利,CNY,CN10Y
2009-06-29,2379.56,0.032456,,,000015,上证红利,CNY,CN10Y
2009-06-30,2349.86,0.032403,,,000015,上证红利,CNY,CN10Y
2009-07-01,2387.14,0.0323,,,000015,上证红利,CNY,CN10Y
2009-07-02,2409.62,0.032277,,,000015,上证红利,CNY,CN10Y
2009-07-03,2440.42,0.032534,,,000015,上证红利,CNY,CN10Y
2009-07-06,2515.79,0.032702,,,000015,上证红利,CNY,CN10Y
2009-07-07,2511.9,0.032706,,,000015,上证红利,CNY,CN10Y
2009-07-08,2526.78,0.032709,,,000015,上证红利,CNY,CN10Y
2009-07-09,2581.95,0.033068,,,000015,上证红利,CNY,CN10Y
2009-07-10,2570.45,0.033056,,,000015,上证红利,CNY,CN10Y
2009-07-13,2543.72,0.03306,,,000015,上证红利,CNY,CN10Y
2009-07-14,2625.09,0.033322,,,000015,上证红利,CNY,CN10Y
2009-07-15,2692.86,0.033816,,,000015,上证红利,CNY,CN10Y
2009-07-16,2676.25,0.034421,,,000015,上证红利,CNY,CN10Y
2009-07-17,2693.46,0.03451,,,000015,上证红利,CNY,CN10Y
2009-07-20,2756.99,0.03478,,,000015,上证红利,CNY,CN10Y
2009-07-21,2709.33,0.034697,,,000015,上证红利,CNY,CN10Y
2009-07-22,2782.67,0.034522,,,000015,上证红利,CNY,CN10Y
2009-07-23,2805.75,0.034511,,,000015,上证红利,CNY,CN10Y
2009-07-24,2817.69,0.034588,,,000015,上证红利,CNY,CN10Y
2009-07-27,2886.46,0.035091,,,000015,上证红利,CNY,CN10Y
2009-07-28,2936.55,0.034866,,,000015,上证红利,CNY,CN10Y
2009-07-29,2802.94,0.0350199999999999,,,000015,上证红利,CNY,CN10Y
2009-07-30,2851.47,0.034905,,,000015,上证红利,CNY,CN10Y
2009-07-31,2946.41,0.03503,,,000015,上证红利,CNY,CN10Y
2009-08-03,3053.5,0.035034,,,000015,上证红利,CNY,CN10Y
2009-08-04,3094.03,0.03515,,,000015,上证红利,CNY,CN10Y
2009-08-05,3051.11,0.035165,,,000015,上证红利,CNY,CN10Y
2009-08-06,2951.65,0.035167,,,000015,上证红利,CNY,CN10Y
2009-08-07,2834.25,0.035168,,,000015,上证红利,CNY,CN10Y
2009-08-10,2855.85,0.035177,,,000015,上证红利,CNY,CN10Y
2009-08-11,2868.02,0.0351799999999999,,,000015,上证红利,CNY,CN10Y
2009-08-12,2716.88,0.035209,,,000015,上证红利,CNY,CN10Y
2009-08-13,2735.54,0.0351869999999999,,,000015,上证红利,CNY,CN10Y
2009-08-14,2651.21,0.0351799999999999,,,000015,上证红利,CNY,CN10Y
2009-08-17,2468.08,0.035231,,,000015,上证红利,CNY,CN10Y
2009-08-18,2531.58,0.035242,,,000015,上证红利,CNY,CN10Y
2009-08-19,2384.78,0.035255,,,000015,上证红利,CNY,CN10Y
2009-08-20,2475.3,0.035162,,,000015,上证红利,CNY,CN10Y
2009-08-21,2542.26,0.035276,,,000015,上证红利,CNY,CN10Y
2009-08-24,2568.95,0.034886,,,000015,上证红利,CNY,CN10Y
2009-08-25,2495.48,0.034966,,,000015,上证红利,CNY,CN10Y
2009-08-26,2545.98,0.03485,,,000015,上证红利,CNY,CN10Y
2009-08-27,2536.72,0.034847,,,000015,上证红利,CNY,CN10Y
2009-08-28,2442.98,0.0348,,,000015,上证红利,CNY,CN10Y
2009-08-31,2245.18,0.034805,,,000015,上证红利,CNY,CN10Y
2009-09-01,2244.89,0.03481,,,000015,上证红利,CNY,CN10Y
2009-09-02,2272.59,0.034982,,,000015,上证红利,CNY,CN10Y
2009-09-03,2405.83,0.034862,,,000015,上证红利,CNY,CN10Y
2009-09-04,2425.72,0.034698,,,000015,上证红利,CNY,CN10Y
2009-09-07,2428.98,0.034317,,,000015,上证红利,CNY,CN10Y
2009-09-08,2479.27,0.034268,,,000015,上证红利,CNY,CN10Y
2009-09-09,2517.11,0.034323,,,000015,上证红利,CNY,CN10Y
2009-09-10,2481.82,0.03451,,,000015,上证红利,CNY,CN10Y
2009-09-11,2522.5,0.0346519999999999,,,000015,上证红利,CNY,CN10Y
2009-09-14,2567.55,0.0346309999999999,,,000015,上证红利,CNY,CN10Y
2009-09-15,2578.06,0.034581,,,000015,上证红利,CNY,CN10Y
2009-09-16,2536.04,0.034535,,,000015,上证红利,CNY,CN10Y
2009-09-17,2584.41,0.034636,,,000015,上证红利,CNY,CN10Y
2009-09-18,2497.96,0.034741,,,000015,上证红利,CNY,CN10Y
2009-09-21,2501.24,0.035132,,,000015,上证红利,CNY,CN10Y
2009-09-22,2429.59,0.035212,,,000015,上证红利,CNY,CN10Y
2009-09-23,2373.88,0.035126,,,000015,上证红利,CNY,CN10Y
2009-09-24,2372.9,0.0350959999999999,,,000015,上证红利,CNY,CN10Y
2009-09-25,2347.34,0.035101,,,000015,上证红利,CNY,CN10Y
2009-09-27,,0.035103,,,000015,上证红利,CNY,CN10Y
2009-09-28,2277.77,0.034917,,,000015,上证红利,CNY,CN10Y
2009-09-29,2271.43,0.035,,,000015,上证红利,CNY,CN10Y
2009-09-30,2290.94,0.035132,,,000015,上证红利,CNY,CN10Y
2009-10-09,2406.73,0.035542,,,000015,上证红利,CNY,CN10Y
2009-10-10,,0.035541,,,000015,上证红利,CNY,CN10Y
2009-10-12,2401.21,0.036043,,,000015,上证红利,CNY,CN10Y
2009-10-13,2448.93,0.036305,,,000015,上证红利,CNY,CN10Y
2009-10-14,2475.42,0.036787,,,000015,上证红利,CNY,CN10Y
2009-10-15,2489.38,0.037,,,000015,上证红利,CNY,CN10Y
2009-10-16,2493.37,0.037058,,,000015,上证红利,CNY,CN10Y
2009-10-19,2557.8,0.036789,,,000015,上证红利,CNY,CN10Y
2009-10-20,2580.16,0.036773,,,000015,上证红利,CNY,CN10Y
2009-10-21,2568.02,0.036933,,,000015,上证红利,CNY,CN10Y
2009-10-22,2544.45,0.036587,,,000015,上证红利,CNY,CN10Y
2009-10-23,2590.76,0.03692,,,000015,上证红利,CNY,CN10Y
2009-10-26,2601.99,0.036925,,,000015,上证红利,CNY,CN10Y
2009-10-27,2523.35,0.036905,,,000015,上证红利,CNY,CN10Y
2009-10-28,2541.25,0.036855,,,000015,上证红利,CNY,CN10Y
2009-10-29,2487.65,0.036818,,,000015,上证红利,CNY,CN10Y
2009-10-30,2508.99,0.036886,,,000015,上证红利,CNY,CN10Y
2009-11-02,2577.01,0.03692,,,000015,上证红利,CNY,CN10Y
2009-11-03,2616.8,0.036944,,,000015,上证红利,CNY,CN10Y
2009-11-04,2634.99,0.037038,,,000015,上证红利,CNY,CN10Y
2009-11-05,2664.64,0.037247,,,000015,上证红利,CNY,CN10Y
2009-11-06,2685.9,0.037303,,,000015,上证红利,CNY,CN10Y
2009-11-09,2706.99,0.037313,,,000015,上证红利,CNY,CN10Y
2009-11-10,2702.19,0.037281,,,000015,上证红利,CNY,CN10Y
2009-11-11,2690.48,0.036988,,,000015,上证红利,CNY,CN10Y
2009-11-12,2703.83,0.036918,,,000015,上证红利,CNY,CN10Y
2009-11-13,2703.44,0.036921,,,000015,上证红利,CNY,CN10Y
2009-11-16,2783.74,0.036927,,,000015,上证红利,CNY,CN10Y
2009-11-17,2783.33,0.036956,,,000015,上证红利,CNY,CN10Y
2009-11-18,2795.78,0.036885,,,000015,上证红利,CNY,CN10Y
2009-11-19,2818.45,0.0368659999999999,,,000015,上证红利,CNY,CN10Y
2009-11-20,2804.91,0.036648,,,000015,上证红利,CNY,CN10Y
2009-11-23,2840.5,0.036703,,,000015,上证红利,CNY,CN10Y
2009-11-24,2762.55,0.036504,,,000015,上证红利,CNY,CN10Y
2009-11-25,2848.01,0.03651,,,000015,上证红利,CNY,CN10Y
2009-11-26,2726.94,0.036459,,,000015,上证红利,CNY,CN10Y
2009-11-27,2648.97,0.035759,,,000015,上证红利,CNY,CN10Y
2009-11-30,2745.0,0.035569,,,000015,上证红利,CNY,CN10Y
2009-12-01,2799.63,0.035723,,,000015,上证红利,CNY,CN10Y
2009-12-02,2819.42,0.035725,,,000015,上证红利,CNY,CN10Y
2009-12-03,2839.3,0.035929,,,000015,上证红利,CNY,CN10Y
2009-12-04,2858.14,0.035983,,,000015,上证红利,CNY,CN10Y
2009-12-07,2880.03,0.0362,,,000015,上证红利,CNY,CN10Y
2009-12-08,2850.61,0.036292,,,000015,上证红利,CNY,CN10Y
2009-12-09,2811.88,0.036251,,,000015,上证红利,CNY,CN10Y
2009-12-10,2817.1,0.036258,,,000015,上证红利,CNY,CN10Y
2009-12-11,2809.53,0.036257,,,000015,上证红利,CNY,CN10Y
2009-12-14,2840.64,0.036348,,,000015,上证红利,CNY,CN10Y
2009-12-15,2835.41,0.036314,,,000015,上证红利,CNY,CN10Y
2009-12-16,2811.04,0.036339,,,000015,上证红利,CNY,CN10Y
2009-12-17,2735.79,0.036365,,,000015,上证红利,CNY,CN10Y
2009-12-18,2689.45,0.036393,,,000015,上证红利,CNY,CN10Y
2009-12-21,2690.79,0.036508,,,000015,上证红利,CNY,CN10Y
2009-12-22,2624.21,0.036507,,,000015,上证红利,CNY,CN10Y
2009-12-23,2646.83,0.036589,,,000015,上证红利,CNY,CN10Y
2009-12-24,2731.98,0.036565,,,000015,上证红利,CNY,CN10Y
2009-12-25,2720.31,0.036543,,,000015,上证红利,CNY,CN10Y
2009-12-28,2771.72,0.0365,,,000015,上证红利,CNY,CN10Y
2009-12-29,2774.76,0.036426,,,000015,上证红利,CNY,CN10Y
2009-12-30,2810.87,0.036429,,,000015,上证红利,CNY,CN10Y
2009-12-31,2814.22,0.0364219999999999,,,000015,上证红利,CNY,CN10Y
2010-01-04,2777.19,0.036603,,,000015,上证红利,CNY,CN10Y
2010-01-05,2814.05,0.036606,,,000015,上证红利,CNY,CN10Y
2010-01-06,2796.78,0.036425,,,000015,上证红利,CNY,CN10Y
2010-01-07,2726.52,0.036543,,,000015,上证红利,CNY,CN10Y
2010-01-08,2730.02,0.036614,,,000015,上证红利,CNY,CN10Y
2010-01-11,2737.01,0.036696,,,000015,上证红利,CNY,CN10Y
2010-01-12,2779.87,0.036694,,,000015,上证红利,CNY,CN10Y
2010-01-13,2676.16,0.0370529999999999,,,000015,上证红利,CNY,CN10Y
2010-01-14,2710.17,0.036868,,,000015,上证红利,CNY,CN10Y
2010-01-15,2715.04,0.036871,,,000015,上证红利,CNY,CN10Y
2010-01-18,2729.33,0.036852,,,000015,上证红利,CNY,CN10Y
2010-01-19,2735.0,0.036559,,,000015,上证红利,CNY,CN10Y
2010-01-20,2644.8,0.0364,,,000015,上证红利,CNY,CN10Y
2010-01-21,2658.09,0.036558,,,000015,上证红利,CNY,CN10Y
2010-01-22,2651.05,0.0363,,,000015,上证红利,CNY,CN10Y
2010-01-25,2603.15,0.036,,,000015,上证红利,CNY,CN10Y
2010-01-26,2550.54,0.035838,,,000015,上证红利,CNY,CN10Y
2010-01-27,2510.91,0.035648,,,000015,上证红利,CNY,CN10Y
2010-01-28,2501.31,0.035879,,,000015,上证红利,CNY,CN10Y
2010-01-29,2494.0,0.0358,,,000015,上证红利,CNY,CN10Y
2010-02-01,2452.03,0.035406,,,000015,上证红利,CNY,CN10Y
2010-02-02,2449.5,0.034956,,,000015,上证红利,CNY,CN10Y
2010-02-03,2517.09,0.034648,,,000015,上证红利,CNY,CN10Y
2010-02-04,2502.13,0.035006,,,000015,上证红利,CNY,CN10Y
2010-02-05,2452.15,0.034733,,,000015,上证红利,CNY,CN10Y
2010-02-08,2448.4,0.034706,,,000015,上证红利,CNY,CN10Y
2010-02-09,2465.33,0.0347429999999999,,,000015,上证红利,CNY,CN10Y
2010-02-10,2489.75,0.034615,,,000015,上证红利,CNY,CN10Y
2010-02-11,2494.76,0.034516,,,000015,上证红利,CNY,CN10Y
2010-02-12,2524.93,0.03457,,,000015,上证红利,CNY,CN10Y
2010-02-20,,0.034889,,,000015,上证红利,CNY,CN10Y
2010-02-21,,0.034841,,,000015,上证红利,CNY,CN10Y
2010-02-22,2509.52,0.035149,,,000015,上证红利,CNY,CN10Y
2010-02-23,2493.98,0.0351,,,000015,上证红利,CNY,CN10Y
2010-02-24,2527.36,0.0346459999999999,,,000015,上证红利,CNY,CN10Y
2010-02-25,2555.03,0.034448,,,000015,上证红利,CNY,CN10Y
2010-02-26,2540.48,0.033753,,,000015,上证红利,CNY,CN10Y
2010-03-01,2572.39,0.033613,,,000015,上证红利,CNY,CN10Y
2010-03-02,2558.53,0.033414,,,000015,上证红利,CNY,CN10Y
2010-03-03,2574.32,0.033169,,,000015,上证红利,CNY,CN10Y
2010-03-04,2517.64,0.033518,,,000015,上证红利,CNY,CN10Y
2010-03-05,2522.24,0.033537,,,000015,上证红利,CNY,CN10Y
2010-03-08,2546.48,0.033602,,,000015,上证红利,CNY,CN10Y
2010-03-09,2560.49,0.033817,,,000015,上证红利,CNY,CN10Y
2010-03-10,2545.98,0.03403,,,000015,上证红利,CNY,CN10Y
2010-03-11,2551.1,0.034559,,,000015,上证红利,CNY,CN10Y
2010-03-12,2516.26,0.034526,,,000015,上证红利,CNY,CN10Y
2010-03-15,2482.21,0.034484,,,000015,上证红利,CNY,CN10Y
2010-03-16,2488.22,0.034331,,,000015,上证红利,CNY,CN10Y
2010-03-17,2530.86,0.033829,,,000015,上证红利,CNY,CN10Y
2010-03-18,2523.31,0.033639,,,000015,上证红利,CNY,CN10Y
2010-03-19,2539.15,0.033805,,,000015,上证红利,CNY,CN10Y
2010-03-22,2546.19,0.034216,,,000015,上证红利,CNY,CN10Y
2010-03-23,2530.82,0.034062,,,000015,上证红利,CNY,CN10Y
2010-03-24,2530.28,0.033961,,,000015,上证红利,CNY,CN10Y
2010-03-25,2504.95,0.034168,,,000015,上证红利,CNY,CN10Y
2010-03-26,2540.47,0.034582,,,000015,上证红利,CNY,CN10Y
2010-03-29,2601.29,0.034784,,,000015,上证红利,CNY,CN10Y
2010-03-30,2602.73,0.034959,,,000015,上证红利,CNY,CN10Y
2010-03-31,2583.73,0.0348179999999999,,,000015,上证红利,CNY,CN10Y
2010-04-01,2614.53,0.034742,,,000015,上证红利,CNY,CN10Y
2010-04-02,2625.8,0.0348,,,000015,上证红利,CNY,CN10Y
2010-04-06,2635.49,0.035021,,,000015,上证红利,CNY,CN10Y
2010-04-07,2620.09,0.035182,,,000015,上证红利,CNY,CN10Y
2010-04-08,2587.18,0.035549,,,000015,上证红利,CNY,CN10Y
2010-04-09,2602.35,0.035468,,,000015,上证红利,CNY,CN10Y
2010-04-12,2575.7,0.035343,,,000015,上证红利,CNY,CN10Y
2010-04-13,2613.25,0.035031,,,000015,上证红利,CNY,CN10Y
2010-04-14,2616.37,0.035043,,,000015,上证红利,CNY,CN10Y
2010-04-15,2615.93,0.035071,,,000015,上证红利,CNY,CN10Y
2010-04-16,2585.58,0.034813,,,000015,上证红利,CNY,CN10Y
2010-04-19,2455.4,0.034116,,,000015,上证红利,CNY,CN10Y
2010-04-20,2451.92,0.034086,,,000015,上证红利,CNY,CN10Y
2010-04-21,2492.42,0.034354,,,000015,上证红利,CNY,CN10Y
2010-04-22,2450.45,0.034093,,,000015,上证红利,CNY,CN10Y
2010-04-23,2434.35,0.034106,,,000015,上证红利,CNY,CN10Y
2010-04-26,2416.77,0.033715,,,000015,上证红利,CNY,CN10Y
2010-04-27,2372.18,0.033768,,,000015,上证红利,CNY,CN10Y
2010-04-28,2371.28,0.033456,,,000015,上证红利,CNY,CN10Y
2010-04-29,2351.21,0.033607,,,000015,上证红利,CNY,CN10Y
2010-04-30,2363.0,0.033565,,,000015,上证红利,CNY,CN10Y
2010-05-04,2335.0,0.033826,,,000015,上证红利,CNY,CN10Y
2010-05-05,2349.88,0.033636,,,000015,上证红利,CNY,CN10Y
2010-05-06,2240.78,0.033485,,,000015,上证红利,CNY,CN10Y
2010-05-07,2192.24,0.032721,,,000015,上证红利,CNY,CN10Y
2010-05-10,2208.93,0.033027,,,000015,上证红利,CNY,CN10Y
2010-05-11,2177.01,0.032983,,,000015,上证红利,CNY,CN10Y
2010-05-12,2206.51,0.032781,,,000015,上证红利,CNY,CN10Y
2010-05-13,2250.13,0.032686,,,000015,上证红利,CNY,CN10Y
2010-05-14,2236.85,0.032687,,,000015,上证红利,CNY,CN10Y
2010-05-17,2136.33,0.032257,,,000015,上证红利,CNY,CN10Y
2010-05-18,2170.79,0.032118,,,000015,上证红利,CNY,CN10Y
2010-05-19,2159.67,0.031865,,,000015,上证红利,CNY,CN10Y
2010-05-20,2137.92,0.032078,,,000015,上证红利,CNY,CN10Y
2010-05-21,2161.05,0.031972,,,000015,上证红利,CNY,CN10Y
2010-05-24,2231.37,0.032277,,,000015,上证红利,CNY,CN10Y
2010-05-25,2177.65,0.0320299999999999,,,000015,上证红利,CNY,CN10Y
2010-05-26,2175.04,0.0322719999999999,,,000015,上证红利,CNY,CN10Y
2010-05-27,2206.09,0.032416,,,000015,上证红利,CNY,CN10Y
2010-05-28,2199.5,0.032529,,,000015,上证红利,CNY,CN10Y
2010-05-31,2143.01,0.03243,,,000015,上证红利,CNY,CN10Y
2010-06-01,2118.07,0.032726,,,000015,上证红利,CNY,CN10Y
2010-06-02,2121.92,0.032748,,,000015,上证红利,CNY,CN10Y
2010-06-03,2111.27,0.032478,,,000015,上证红利,CNY,CN10Y
2010-06-04,2106.29,0.032512,,,000015,上证红利,CNY,CN10Y
2010-06-07,2067.23,0.03226,,,000015,上证红利,CNY,CN10Y
2010-06-08,2064.29,0.0324319999999999,,,000015,上证红利,CNY,CN10Y
2010-06-09,2120.52,0.032845,,,000015,上证红利,CNY,CN10Y
2010-06-10,2099.43,0.032891,,,000015,上证红利,CNY,CN10Y
2010-06-11,2109.68,0.0333199999999999,,,000015,上证红利,CNY,CN10Y
2010-06-12,,0.033282,,,000015,上证红利,CNY,CN10Y
2010-06-13,,0.033282,,,000015,上证红利,CNY,CN10Y
2010-06-17,2095.67,0.033296,,,000015,上证红利,CNY,CN10Y
2010-06-18,2070.18,0.033836,,,000015,上证红利,CNY,CN10Y
2010-06-21,2117.44,0.033925,,,000015,上证红利,CNY,CN10Y
2010-06-22,2120.58,0.033807,,,000015,上证红利,CNY,CN10Y
2010-06-23,2104.61,0.034129,,,000015,上证红利,CNY,CN10Y
2010-06-24,2101.67,0.034179,,,000015,上证红利,CNY,CN10Y
2010-06-25,2088.88,0.033822,,,000015,上证红利,CNY,CN10Y
2010-06-28,2079.81,0.033435,,,000015,上证红利,CNY,CN10Y
2010-06-29,1993.12,0.032909,,,000015,上证红利,CNY,CN10Y
2010-06-30,1969.31,0.03279,,,000015,上证红利,CNY,CN10Y
2010-07-01,1942.97,0.032848,,,000015,上证红利,CNY,CN10Y
2010-07-02,1950.5,0.032665,,,000015,上证红利,CNY,CN10Y
2010-07-05,1936.18,0.032517,,,000015,上证红利,CNY,CN10Y
2010-07-06,1972.52,0.032168,,,000015,上证红利,CNY,CN10Y
2010-07-07,1977.33,0.032233,,,000015,上证红利,CNY,CN10Y
2010-07-08,1970.06,0.032382,,,000015,上证红利,CNY,CN10Y
2010-07-09,2021.85,0.032347,,,000015,上证红利,CNY,CN10Y
2010-07-12,2052.37,0.032146,,,000015,上证红利,CNY,CN10Y
2010-07-13,2020.44,0.031767,,,000015,上证红利,CNY,CN10Y
2010-07-14,2037.77,0.031744,,,000015,上证红利,CNY,CN10Y
2010-07-15,1994.98,0.031817,,,000015,上证红利,CNY,CN10Y
2010-07-16,2002.33,0.031976,,,000015,上证红利,CNY,CN10Y
2010-07-19,2049.63,0.031901,,,000015,上证红利,CNY,CN10Y
2010-07-20,2092.16,0.032086,,,000015,上证红利,CNY,CN10Y
2010-07-21,2097.06,0.032144,,,000015,上证红利,CNY,CN10Y
2010-07-22,2117.07,0.032161,,,000015,上证红利,CNY,CN10Y
2010-07-23,2121.22,0.032528,,,000015,上证红利,CNY,CN10Y
2010-07-26,2131.58,0.032813,,,000015,上证红利,CNY,CN10Y
2010-07-27,2118.39,0.032816,,,000015,上证红利,CNY,CN10Y
2010-07-28,2168.41,0.032982,,,000015,上证红利,CNY,CN10Y
2010-07-29,2183.04,0.032993,,,000015,上证红利,CNY,CN10Y
2010-07-30,2172.31,0.032996,,,000015,上证红利,CNY,CN10Y
2010-08-02,2208.25,0.033131,,,000015,上证红利,CNY,CN10Y
2010-08-03,2169.47,0.033105,,,000015,上证红利,CNY,CN10Y
2010-08-04,2175.24,0.032971,,,000015,上证红利,CNY,CN10Y
2010-08-05,2146.89,0.0329669999999999,,,000015,上证红利,CNY,CN10Y
2010-08-06,2183.23,0.032922,,,000015,上证红利,CNY,CN10Y
2010-08-09,2187.71,0.032975,,,000015,上证红利,CNY,CN10Y
2010-08-10,2131.73,0.032972,,,000015,上证红利,CNY,CN10Y
2010-08-11,2135.91,0.032685,,,000015,上证红利,CNY,CN10Y
2010-08-12,2112.44,0.03223,,,000015,上证红利,CNY,CN10Y
2010-08-13,2135.61,0.032374,,,000015,上证红利,CNY,CN10Y
2010-08-16,2182.34,0.032504,,,000015,上证红利,CNY,CN10Y
2010-08-17,2185.0,0.032461,,,000015,上证红利,CNY,CN10Y
2010-08-18,2175.95,0.03245,,,000015,上证红利,CNY,CN10Y
2010-08-19,2189.02,0.032501,,,000015,上证红利,CNY,CN10Y
2010-08-20,2156.29,0.032389,,,000015,上证红利,CNY,CN10Y
2010-08-23,2146.41,0.032346,,,000015,上证红利,CNY,CN10Y
2010-08-24,2153.69,0.032229,,,000015,上证红利,CNY,CN10Y
2010-08-25,2098.86,0.0321539999999999,,,000015,上证红利,CNY,CN10Y
2010-08-26,2109.31,0.032322,,,000015,上证红利,CNY,CN10Y
2010-08-27,2114.95,0.032379,,,000015,上证红利,CNY,CN10Y
2010-08-30,2143.75,0.032304,,,000015,上证红利,CNY,CN10Y
2010-08-31,2129.6,0.032301,,,000015,上证红利,CNY,CN10Y
2010-09-01,2121.58,0.032358,,,000015,上证红利,CNY,CN10Y
2010-09-02,2141.34,0.032418,,,000015,上证红利,CNY,CN10Y
2010-09-03,2133.73,0.032406,,,000015,上证红利,CNY,CN10Y
2010-09-06,2174.53,0.03258,,,000015,上证红利,CNY,CN10Y
2010-09-07,2177.38,0.032739,,,000015,上证红利,CNY,CN10Y
2010-09-08,2170.83,0.032632,,,000015,上证红利,CNY,CN10Y
2010-09-09,2134.56,0.032681,,,000015,上证红利,CNY,CN10Y
2010-09-10,2135.06,0.032989,,,000015,上证红利,CNY,CN10Y
2010-09-13,2141.41,0.033251,,,000015,上证红利,CNY,CN10Y
2010-09-14,2140.1,0.033205,,,000015,上证红利,CNY,CN10Y
2010-09-15,2111.37,0.033443,,,000015,上证红利,CNY,CN10Y
2010-09-16,2063.79,0.033401,,,000015,上证红利,CNY,CN10Y
2010-09-17,2062.79,0.033504,,,000015,上证红利,CNY,CN10Y
2010-09-19,,0.0335,,,000015,上证红利,CNY,CN10Y
2010-09-20,2058.55,0.033388,,,000015,上证红利,CNY,CN10Y
2010-09-21,2063.32,0.033391,,,000015,上证红利,CNY,CN10Y
2010-09-25,,0.033387,,,000015,上证红利,CNY,CN10Y
2010-09-26,,0.033428,,,000015,上证红利,CNY,CN10Y
2010-09-27,2081.34,0.033378,,,000015,上证红利,CNY,CN10Y
2010-09-28,2061.37,0.033371,,,000015,上证红利,CNY,CN10Y
2010-09-29,2067.33,0.03331,,,000015,上证红利,CNY,CN10Y
2010-09-30,2100.63,0.033183,,,000015,上证红利,CNY,CN10Y
2010-10-08,2168.04,0.033342,,,000015,上证红利,CNY,CN10Y
2010-10-09,,0.033584,,,000015,上证红利,CNY,CN10Y
2010-10-11,2230.67,0.03404,,,000015,上证红利,CNY,CN10Y
2010-10-12,2250.15,0.034179,,,000015,上证红利,CNY,CN10Y
2010-10-13,2275.28,0.0342709999999999,,,000015,上证红利,CNY,CN10Y
2010-10-14,2298.89,0.034275,,,000015,上证红利,CNY,CN10Y
2010-10-15,2392.98,0.034247,,,000015,上证红利,CNY,CN10Y
2010-10-18,2389.46,0.034182,,,000015,上证红利,CNY,CN10Y
2010-10-19,2429.14,0.034205,,,000015,上证红利,CNY,CN10Y
2010-10-20,2426.51,0.036201,,,000015,上证红利,CNY,CN10Y
2010-10-21,2403.13,0.03637,,,000015,上证红利,CNY,CN10Y
2010-10-22,2400.56,0.036358,,,000015,上证红利,CNY,CN10Y
2010-10-25,2449.89,0.0364069999999999,,,000015,上证红利,CNY,CN10Y
2010-10-26,2433.82,0.036944,,,000015,上证红利,CNY,CN10Y
2010-10-27,2418.42,0.036975,,,000015,上证红利,CNY,CN10Y
2010-10-28,2417.03,0.036863,,,000015,上证红利,CNY,CN10Y
2010-10-29,2381.81,0.036821,,,000015,上证红利,CNY,CN10Y
2010-11-01,2445.35,0.036941,,,000015,上证红利,CNY,CN10Y
2010-11-02,2438.89,0.0374969999999999,,,000015,上证红利,CNY,CN10Y
2010-11-03,2420.32,0.038113,,,000015,上证红利,CNY,CN10Y
2010-11-04,2452.98,0.0384339999999999,,,000015,上证红利,CNY,CN10Y
2010-11-05,2480.47,0.038458,,,000015,上证红利,CNY,CN10Y
2010-11-08,2505.51,0.038392,,,000015,上证红利,CNY,CN10Y
2010-11-09,2486.01,0.038445,,,000015,上证红利,CNY,CN10Y
2010-11-10,2461.65,0.0392039999999999,,,000015,上证红利,CNY,CN10Y
2010-11-11,2479.99,0.0395299999999999,,,000015,上证红利,CNY,CN10Y
2010-11-12,2352.5,0.039534,,,000015,上证红利,CNY,CN10Y
2010-11-15,2367.73,0.03945,,,000015,上证红利,CNY,CN10Y
2010-11-16,2270.97,0.0390649999999999,,,000015,上证红利,CNY,CN10Y
2010-11-17,2235.99,0.0385999999999999,,,000015,上证红利,CNY,CN10Y
2010-11-18,2255.19,0.038336,,,000015,上证红利,CNY,CN10Y
2010-11-19,2271.27,0.0387,,,000015,上证红利,CNY,CN10Y
2010-11-22,2250.27,0.039161,,,000015,上证红利,CNY,CN10Y
2010-11-23,2217.86,0.039317,,,000015,上证红利,CNY,CN10Y
2010-11-24,2229.4,0.039533,,,000015,上证红利,CNY,CN10Y
2010-11-25,2255.9,0.039674,,,000015,上证红利,CNY,CN10Y
2010-11-26,2238.75,0.040123,,,000015,上证红利,CNY,CN10Y
2010-11-29,2225.58,0.0399589999999999,,,000015,上证红利,CNY,CN10Y
2010-11-30,2191.74,0.03971,,,000015,上证红利,CNY,CN10Y
2010-12-01,2202.15,0.038919,,,000015,上证红利,CNY,CN10Y
2010-12-02,2219.26,0.038609,,,000015,上证红利,CNY,CN10Y
2010-12-03,2212.74,0.038699,,,000015,上证红利,CNY,CN10Y
2010-12-06,2221.23,0.038696,,,000015,上证红利,CNY,CN10Y
2010-12-07,2229.43,0.038435,,,000015,上证红利,CNY,CN10Y
2010-12-08,2203.26,0.038609,,,000015,上证红利,CNY,CN10Y
2010-12-09,2174.52,0.039024,,,000015,上证红利,CNY,CN10Y
2010-12-10,2197.74,0.038888,,,000015,上证红利,CNY,CN10Y
2010-12-13,2260.53,0.038509,,,000015,上证红利,CNY,CN10Y
2010-12-14,2262.67,0.038521,,,000015,上证红利,CNY,CN10Y
2010-12-15,2254.57,0.0381499999999999,,,000015,上证红利,CNY,CN10Y
2010-12-16,2248.25,0.0380439999999999,,,000015,上证红利,CNY,CN10Y
2010-12-17,2243.86,0.038058,,,000015,上证红利,CNY,CN10Y
2010-12-20,2213.38,0.03785,,,000015,上证红利,CNY,CN10Y
2010-12-21,2259.12,0.037956,,,000015,上证红利,CNY,CN10Y
2010-12-22,2238.08,0.0380039999999999,,,000015,上证红利,CNY,CN10Y
2010-12-23,2231.62,0.038108,,,000015,上证红利,CNY,CN10Y
2010-12-24,2220.5,0.038136,,,000015,上证红利,CNY,CN10Y
2010-12-27,2186.57,0.038913,,,000015,上证红利,CNY,CN10Y
2010-12-28,2148.91,0.039118,,,000015,上证红利,CNY,CN10Y
2010-12-29,2151.08,0.039019,,,000015,上证红利,CNY,CN10Y
2010-12-30,2154.35,0.0388,,,000015,上证红利,CNY,CN10Y
2010-12-31,2183.66,0.038799,,,000015,上证红利,CNY,CN10Y
2011-01-04,2224.39,0.038606,,,000015,上证红利,CNY,CN10Y
2011-01-05,2219.24,0.038132,,,000015,上证红利,CNY,CN10Y
2011-01-06,2209.2,0.038339,,,000015,上证红利,CNY,CN10Y
2011-01-07,2223.27,0.038237,,,000015,上证红利,CNY,CN10Y
2011-01-10,2193.43,0.038449,,,000015,上证红利,CNY,CN10Y
2011-01-11,2217.23,0.038703,,,000015,上证红利,CNY,CN10Y
2011-01-12,2227.25,0.03855,,,000015,上证红利,CNY,CN10Y
2011-01-13,2230.38,0.038831,,,000015,上证红利,CNY,CN10Y
2011-01-14,2198.06,0.0391559999999999,,,000015,上证红利,CNY,CN10Y
2011-01-17,2137.48,0.039651,,,000015,上证红利,CNY,CN10Y
2011-01-18,2137.85,0.039954,,,000015,上证红利,CNY,CN10Y
2011-01-19,2172.56,0.039752,,,000015,上证红利,CNY,CN10Y
2011-01-20,2110.72,0.039749,,,000015,上证红利,CNY,CN10Y
2011-01-21,2139.7,0.039837,,,000015,上证红利,CNY,CN10Y
2011-01-24,2123.04,0.039918,,,000015,上证红利,CNY,CN10Y
2011-01-25,2119.49,0.040152,,,000015,上证红利,CNY,CN10Y
2011-01-26,2135.51,0.039991,,,000015,上证红利,CNY,CN10Y
2011-01-27,2168.65,0.0400579999999999,,,000015,上证红利,CNY,CN10Y
2011-01-28,2168.48,0.040096,,,000015,上证红利,CNY,CN10Y
2011-01-30,,0.0401,,,000015,上证红利,CNY,CN10Y
2011-01-31,2190.83,0.040187,,,000015,上证红利,CNY,CN10Y
2011-02-01,2196.32,0.040186,,,000015,上证红利,CNY,CN10Y
2011-02-09,2167.78,0.041006,,,000015,上证红利,CNY,CN10Y
2011-02-10,2204.34,0.041158,,,000015,上证红利,CNY,CN10Y
2011-02-11,2205.43,0.041062,,,000015,上证红利,CNY,CN10Y
2011-02-12,,0.041087,,,000015,上证红利,CNY,CN10Y
2011-02-14,2285.9,0.040552,,,000015,上证红利,CNY,CN10Y
2011-02-15,2280.61,0.040454,,,000015,上证红利,CNY,CN10Y
2011-02-16,2301.68,0.04045,,,000015,上证红利,CNY,CN10Y
2011-02-17,2298.45,0.040449,,,000015,上证红利,CNY,CN10Y
2011-02-18,2272.95,0.04045,,,000015,上证红利,CNY,CN10Y
2011-02-21,2306.12,0.0407019999999999,,,000015,上证红利,CNY,CN10Y
2011-02-22,2246.39,0.0404,,,000015,上证红利,CNY,CN10Y
2011-02-23,2251.14,0.039946,,,000015,上证红利,CNY,CN10Y
2011-02-24,2264.78,0.039132,,,000015,上证红利,CNY,CN10Y
2011-02-25,2273.35,0.039566,,,000015,上证红利,CNY,CN10Y
2011-02-28,2292.93,0.039314,,,000015,上证红利,CNY,CN10Y
2011-03-01,2304.89,0.039259,,,000015,上证红利,CNY,CN10Y
2011-03-02,2294.35,0.039233,,,000015,上证红利,CNY,CN10Y
2011-03-03,2293.09,0.039279,,,000015,上证红利,CNY,CN10Y
2011-03-04,2332.32,0.039388,,,000015,上证红利,CNY,CN10Y
2011-03-07,2385.02,0.039351,,,000015,上证红利,CNY,CN10Y
2011-03-08,2387.51,0.039078,,,000015,上证红利,CNY,CN10Y
2011-03-09,2379.6,0.038879,,,000015,上证红利,CNY,CN10Y
2011-03-10,2333.5,0.039321,,,000015,上证红利,CNY,CN10Y
2011-03-11,2311.54,0.039328,,,000015,上证红利,CNY,CN10Y
2011-03-14,2318.88,0.039074,,,000015,上证红利,CNY,CN10Y
2011-03-15,2281.09,0.038659,,,000015,上证红利,CNY,CN10Y
2011-03-16,2311.48,0.0385999999999999,,,000015,上证红利,CNY,CN10Y
2011-03-17,2285.47,0.038326,,,000015,上证红利,CNY,CN10Y
2011-03-18,2290.24,0.038489,,,000015,上证红利,CNY,CN10Y
2011-03-21,2285.58,0.038774,,,000015,上证红利,CNY,CN10Y
2011-03-22,2298.25,0.038987,,,000015,上证红利,CNY,CN10Y
2011-03-23,2322.76,0.039037,,,000015,上证红利,CNY,CN10Y
2011-03-24,2317.4,0.038762,,,000015,上证红利,CNY,CN10Y
2011-03-25,2346.16,0.038714,,,000015,上证红利,CNY,CN10Y
2011-03-28,2350.48,0.038807,,,000015,上证红利,CNY,CN10Y
2011-03-29,2340.46,0.0390439999999999,,,000015,上证红利,CNY,CN10Y
2011-03-30,2337.5,0.039069,,,000015,上证红利,CNY,CN10Y
2011-03-31,2323.98,0.03912,,,000015,上证红利,CNY,CN10Y
2011-04-01,2359.21,0.039126,,,000015,上证红利,CNY,CN10Y
2011-04-02,,0.039078,,,000015,上证红利,CNY,CN10Y
2011-04-06,2400.33,0.039203,,,000015,上证红利,CNY,CN10Y
2011-04-07,2398.46,0.039167,,,000015,上证红利,CNY,CN10Y
2011-04-08,2412.92,0.039081,,,000015,上证红利,CNY,CN10Y
2011-04-11,2402.87,0.038928,,,000015,上证红利,CNY,CN10Y
2011-04-12,2410.03,0.0387,,,000015,上证红利,CNY,CN10Y
2011-04-13,2428.18,0.038703,,,000015,上证红利,CNY,CN10Y
2011-04-14,2424.62,0.038707,,,000015,上证红利,CNY,CN10Y
2011-04-15,2432.66,0.038709,,,000015,上证红利,CNY,CN10Y
2011-04-18,2439.85,0.03896,,,000015,上证红利,CNY,CN10Y
2011-04-19,2384.69,0.038911,,,000015,上证红利,CNY,CN10Y
2011-04-20,2382.47,0.038913,,,000015,上证红利,CNY,CN10Y
2011-04-21,2404.16,0.038912,,,000015,上证红利,CNY,CN10Y
2011-04-22,2388.44,0.038966,,,000015,上证红利,CNY,CN10Y
2011-04-25,2345.13,0.038961,,,000015,上证红利,CNY,CN10Y
2011-04-26,2331.21,0.03896,,,000015,上证红利,CNY,CN10Y
2011-04-27,2328.51,0.038812,,,000015,上证红利,CNY,CN10Y
2011-04-28,2304.49,0.0387,,,000015,上证红利,CNY,CN10Y
2011-04-29,2323.86,0.038713,,,000015,上证红利,CNY,CN10Y
2011-05-03,2337.63,0.038752,,,000015,上证红利,CNY,CN10Y
2011-05-04,2284.3,0.038772,,,000015,上证红利,CNY,CN10Y
2011-05-05,2286.21,0.038715,,,000015,上证红利,CNY,CN10Y
2011-05-06,2275.71,0.038308,,,000015,上证红利,CNY,CN10Y
2011-05-09,2280.91,0.038378,,,000015,上证红利,CNY,CN10Y
2011-05-10,2297.91,0.038326,,,000015,上证红利,CNY,CN10Y
2011-05-11,2283.06,0.038334,,,000015,上证红利,CNY,CN10Y
2011-05-12,2256.96,0.038211,,,000015,上证红利,CNY,CN10Y
2011-05-13,2277.49,0.038363,,,000015,上证红利,CNY,CN10Y
2011-05-16,2251.94,0.038432,,,000015,上证红利,CNY,CN10Y
2011-05-17,2263.94,0.038318,,,000015,上证红利,CNY,CN10Y
2011-05-18,2281.85,0.038338,,,000015,上证红利,CNY,CN10Y
2011-05-19,2266.04,0.038309,,,000015,上证红利,CNY,CN10Y
2011-05-20,2263.66,0.038429,,,000015,上证红利,CNY,CN10Y
2011-05-23,2190.01,0.0384,,,000015,上证红利,CNY,CN10Y
2011-05-24,2185.56,0.038414,,,000015,上证红利,CNY,CN10Y
2011-05-25,2162.4,0.038382,,,000015,上证红利,CNY,CN10Y
2011-05-26,2166.31,0.038352,,,000015,上证红利,CNY,CN10Y
2011-05-27,2163.22,0.038217,,,000015,上证红利,CNY,CN10Y
2011-05-30,2161.76,0.038256,,,000015,上证红利,CNY,CN10Y
2011-05-31,2191.4,0.038311,,,000015,上证红利,CNY,CN10Y
2011-06-01,2184.32,0.038311,,,000015,上证红利,CNY,CN10Y
2011-06-02,2150.97,0.0383369999999999,,,000015,上证红利,CNY,CN10Y
2011-06-03,2164.82,0.0383369999999999,,,000015,上证红利,CNY,CN10Y
2011-06-07,2173.22,0.038341,,,000015,上证红利,CNY,CN10Y
2011-06-08,2170.62,0.038572,,,000015,上证红利,CNY,CN10Y
2011-06-09,2136.68,0.038726,,,000015,上证红利,CNY,CN10Y
2011-06-10,2146.56,0.03894,,,000015,上证红利,CNY,CN10Y
2011-06-13,2139.65,0.039036,,,000015,上证红利,CNY,CN10Y
2011-06-14,2159.08,0.039406,,,000015,上证红利,CNY,CN10Y
2011-06-15,2139.82,0.039986,,,000015,上证红利,CNY,CN10Y
2011-06-16,2098.27,0.039839,,,000015,上证红利,CNY,CN10Y
2011-06-17,2088.73,0.039803,,,000015,上证红利,CNY,CN10Y
2011-06-20,2077.04,0.039413,,,000015,上证红利,CNY,CN10Y
2011-06-21,2102.31,0.039003,,,000015,上证红利,CNY,CN10Y
2011-06-22,2097.43,0.039555,,,000015,上证红利,CNY,CN10Y
2011-06-23,2121.69,0.039691,,,000015,上证红利,CNY,CN10Y
2011-06-24,2173.65,0.038963,,,000015,上证红利,CNY,CN10Y
2011-06-27,2174.04,0.038703,,,000015,上证红利,CNY,CN10Y
2011-06-28,2174.15,0.038801,11.01,0.05202552134423251,000015,上证红利,CNY,CN10Y
2011-06-29,2140.54,0.038833,11.01,0.05199352134423251,000015,上证红利,CNY,CN10Y
2011-06-30,2163.74,0.038857,11.01,0.05196952134423251,000015,上证红利,CNY,CN10Y
2011-07-01,2164.04,0.038775,11.01,0.052051521344232514,000015,上证红利,CNY,CN10Y
2011-07-04,2209.92,0.038842,11.01,0.05198452134423251,000015,上证红利,CNY,CN10Y
2011-07-05,2207.19,0.038909,11.01,0.05191752134423251,000015,上证红利,CNY,CN10Y
2011-07-06,2198.78,0.039116,11.01,0.05171052134423251,000015,上证红利,CNY,CN10Y
2011-07-07,2188.61,0.039021,11.01,0.05180552134423251,000015,上证红利,CNY,CN10Y
2011-07-08,2190.97,0.038881,11.01,0.05194552134423251,000015,上证红利,CNY,CN10Y
2011-07-11,2190.86,0.038923,11.01,0.05190352134423251,000015,上证红利,CNY,CN10Y
2011-07-12,2149.24,0.0388989999999999,11.01,0.05192752134423261,000015,上证红利,CNY,CN10Y
2011-07-13,2177.41,0.038913,11.01,0.05191352134423251,000015,上证红利,CNY,CN10Y
2011-07-14,2186.42,0.0392039999999999,11.01,0.05162252134423261,000015,上证红利,CNY,CN10Y
2011-07-15,2193.12,0.039278,11.04,0.05130171014492755,000015,上证红利,CNY,CN10Y
2011-07-18,2185.36,0.039558,10.98,0.05151668123861566,000015,上证红利,CNY,CN10Y
2011-07-19,2166.86,0.040088,12.41,0.04049217727639001,000015,上证红利,CNY,CN10Y
2011-07-20,2166.6,0.040715,12.46,0.039541821829855536,000015,上证红利,CNY,CN10Y
2011-07-21,2143.99,0.0408889999999999,12.37,0.03995174373484246,000015,上证红利,CNY,CN10Y
2011-07-22,2145.23,0.040671,12.36,0.04023514886731393,000015,上证红利,CNY,CN10Y
2011-07-25,2079.76,0.040663,12.08,0.04211845695364239,000015,上证红利,CNY,CN10Y
2011-07-26,2083.15,0.040753,12.18,0.041348806239737274,000015,上证红利,CNY,CN10Y
2011-07-27,2093.78,0.0408549999999999,12.23,0.040911148814390945,000015,上证红利,CNY,CN10Y
2011-07-28,2081.45,0.040627,12.18,0.04147480623973727,000015,上证红利,CNY,CN10Y
2011-07-29,2086.92,0.040477,12.2,0.04149021311475411,000015,上证红利,CNY,CN10Y
2011-08-01,2090.37,0.040502,12.2,0.0414652131147541,000015,上证红利,CNY,CN10Y
2011-08-02,2071.7,0.040615,12.2,0.04135221311475411,000015,上证红利,CNY,CN10Y
2011-08-03,2069.05,0.041201,12.01,0.042062946711074106,000015,上证红利,CNY,CN10Y
2011-08-04,2070.77,0.040911,12.01,0.042352946711074105,000015,上证红利,CNY,CN10Y
2011-08-05,2024.94,0.040423,11.75,0.0446833829787234,000015,上证红利,CNY,CN10Y
2011-08-08,1949.24,0.040007,11.37,0.047943747581354446,000015,上证红利,CNY,CN10Y
2011-08-09,1951.84,0.039554,11.38,0.04831946221441124,000015,上证红利,CNY,CN10Y
2011-08-10,1968.78,0.039639,11.48,0.04746901393728222,000015,上证红利,CNY,CN10Y
2011-08-11,1997.87,0.039291,11.58,0.04706478583765112,000015,上证红利,CNY,CN10Y
2011-08-12,2002.44,0.039268,11.6,0.046938896551724146,000015,上证红利,CNY,CN10Y
2011-08-15,2030.27,0.0392309999999999,11.72,0.04609323208191136,000015,上证红利,CNY,CN10Y
2011-08-16,2022.26,0.039492,11.66,0.04627129331046312,000015,上证红利,CNY,CN10Y
2011-08-17,2022.45,0.039432,11.66,0.046331293310463116,000015,上证红利,CNY,CN10Y
2011-08-18,1995.58,0.03956,11.55,0.04702008658008658,000015,上证红利,CNY,CN10Y
2011-08-19,1972.74,0.039331,11.44,0.048081587412587425,000015,上证红利,CNY,CN10Y
2011-08-22,1958.3,0.039325,11.36,0.048703169014084516,000015,上证红利,CNY,CN10Y
2011-08-23,1991.47,0.039356,11.52,0.04744955555555555,000015,上证红利,CNY,CN10Y
2011-08-24,1981.24,0.039501,11.46,0.04775903490401396,000015,上证红利,CNY,CN10Y
2011-08-25,2050.92,0.03975,11.79,0.045067642069550475,000015,上证红利,CNY,CN10Y
2011-08-26,2045.2,0.039886,11.74,0.045292875638841566,000015,上证红利,CNY,CN10Y
2011-08-29,2011.25,0.040994,11.6,0.04521289655172414,000015,上证红利,CNY,CN10Y
2011-08-30,2008.61,0.041303,11.6,0.044903896551724144,000015,上证红利,CNY,CN10Y
2011-08-31,2014.24,0.04105,11.62,0.04500851979345956,000015,上证红利,CNY,CN10Y
2011-09-01,2006.3,0.040708,11.58,0.04564778583765112,000015,上证红利,CNY,CN10Y
2011-09-02,1983.33,0.0407,11.47,0.04648395815170009,000015,上证红利,CNY,CN10Y
2011-09-05,1944.17,0.0405009999999999,11.28,0.04815148226950365,000015,上证红利,CNY,CN10Y
2011-09-06,1935.97,0.040107,11.29,0.04846695925597875,000015,上证红利,CNY,CN10Y
2011-09-07,1975.41,0.0405,11.45,0.046836244541484724,000015,上证红利,CNY,CN10Y
2011-09-08,1965.38,0.04065,11.44,0.046762587412587424,000015,上证红利,CNY,CN10Y
2011-09-09,1970.63,0.040452,11.48,0.04665601393728222,000015,上证红利,CNY,CN10Y
2011-09-13,1958.66,0.040208,11.4,0.04751129824561403,000015,上证红利,CNY,CN10Y
2011-09-14,1967.44,0.0402099999999999,11.41,0.047432418930762596,000015,上证红利,CNY,CN10Y
2011-09-15,1959.73,0.040495,11.37,0.04745574758135444,000015,上证红利,CNY,CN10Y
2011-09-16,1962.4,0.040752,11.39,0.047044312554872694,000015,上证红利,CNY,CN10Y
2011-09-19,1925.72,0.040801,11.22,0.04832555971479501,000015,上证红利,CNY,CN10Y
2011-09-20,1940.26,0.040801,11.27,0.04793014463176575,000015,上证红利,CNY,CN10Y
2011-09-21,1990.68,0.040908,11.48,0.04620001393728222,000015,上证红利,CNY,CN10Y
2011-09-22,1935.04,0.040676,11.2,0.04860971428571429,000015,上证红利,CNY,CN10Y
2011-09-23,1930.06,0.039662,11.18,0.049783438282647585,000015,上证红利,CNY,CN10Y
2011-09-26,1898.76,0.0388779999999999,11.09,0.05129332551848523,000015,上证红利,CNY,CN10Y
2011-09-27,1920.14,0.039158,11.2,0.05012771428571429,000015,上证红利,CNY,CN10Y
2011-09-28,1902.58,0.039203,11.17,0.05032251477170993,000015,上证红利,CNY,CN10Y
2011-09-29,1895.48,0.03884,11.16,0.05076573476702509,000015,上证红利,CNY,CN10Y
2011-09-30,1896.81,0.038605,11.16,0.05100073476702509,000015,上证红利,CNY,CN10Y
2011-10-08,,0.038605,11.16,0.05100073476702509,000015,上证红利,CNY,CN10Y
2011-10-09,,0.038056,11.16,0.05154973476702509,000015,上证红利,CNY,CN10Y
2011-10-10,1885.61,0.0377059999999999,11.14,0.05206060682226222,000015,上证红利,CNY,CN10Y
2011-10-11,1880.59,0.037593,11.19,0.05177250491510277,000015,上证红利,CNY,CN10Y
2011-10-12,1934.89,0.038005,11.4,0.04971429824561403,000015,上证红利,CNY,CN10Y
2011-10-13,1941.66,0.038205,11.47,0.048978958151700086,000015,上证红利,CNY,CN10Y
2011-10-14,1938.61,0.037707,11.44,0.049705587412587425,000015,上证红利,CNY,CN10Y
2011-10-17,1942.5,0.037906,11.47,0.04927795815170009,000015,上证红利,CNY,CN10Y
2011-10-18,1896.44,0.0374069999999999,11.31,0.05101032979664023,000015,上证红利,CNY,CN10Y
2011-10-19,1896.28,0.037311,11.31,0.051106329796640135,000015,上证红利,CNY,CN10Y
2011-10-20,1860.34,0.037266,11.21,0.05194006601248884,000015,上证红利,CNY,CN10Y
2011-10-21,1855.66,0.037385,11.16,0.05222073476702509,000015,上证红利,CNY,CN10Y
2011-10-24,1902.14,0.037533,11.37,0.05041774758135445,000015,上证红利,CNY,CN10Y
2011-10-25,1930.35,0.03796,11.47,0.04922395815170009,000015,上证红利,CNY,CN10Y
2011-10-26,1942.75,0.037918,11.51,0.04896297306689835,000015,上证红利,CNY,CN10Y
2011-10-27,1948.89,0.0380319999999999,11.55,0.04854808658008668,000015,上证红利,CNY,CN10Y
2011-10-28,1974.75,0.03787,11.65,0.047966909871244634,000015,上证红利,CNY,CN10Y
2011-10-31,1964.42,0.037607,11.59,0.048674276962899055,000015,上证红利,CNY,CN10Y
2011-11-01,1968.13,0.037395,11.59,0.04888627696289906,000015,上证红利,CNY,CN10Y
2011-11-02,1995.07,0.037208,11.7,0.048262085470085474,000015,上证红利,CNY,CN10Y
2011-11-03,1991.77,0.037233,11.69,0.048310199315654404,000015,上证红利,CNY,CN10Y
2011-11-04,2005.99,0.037158,11.81,0.04751600508044031,000015,上证红利,CNY,CN10Y
2011-11-07,1994.44,0.037333,11.75,0.047773382978723404,000015,上证红利,CNY,CN10Y
2011-11-08,1998.18,0.036988,11.82,0.047614368866328256,000015,上证红利,CNY,CN10Y
2011-11-09,2009.19,0.036436,11.87,0.04780999831508003,000015,上证红利,CNY,CN10Y
2011-11-10,1973.28,0.035563,11.67,0.0501268029134533,000015,上证红利,CNY,CN10Y
2011-11-11,1974.67,0.035916,11.72,0.04940823208191126,000015,上证红利,CNY,CN10Y
2011-11-14,2011.37,0.035807,11.87,0.048438998315080035,000015,上证红利,CNY,CN10Y
2011-11-15,2005.94,0.036563,11.82,0.04803936886632826,000015,上证红利,CNY,CN10Y
2011-11-16,1955.83,0.03626,11.58,0.05009578583765112,000015,上证红利,CNY,CN10Y
2011-11-17,1951.25,0.03636,11.58,0.049995785837651116,000015,上证红利,CNY,CN10Y
2011-11-18,1918.37,0.036412,11.45,0.050924244541484726,000015,上证红利,CNY,CN10Y
2011-11-21,1919.17,0.036598,11.42,0.05096767425569177,000015,上证红利,CNY,CN10Y
2011-11-22,1915.89,0.036412,11.4,0.05130729824561403,000015,上证红利,CNY,CN10Y
2011-11-23,1897.86,0.035914,11.34,0.052269421516754844,000015,上证红利,CNY,CN10Y
2011-11-24,1897.6,0.036103,11.36,0.05192516901408451,000015,上证红利,CNY,CN10Y
2011-11-25,1885.8,0.036115,9.48,0.06937023206751053,000015,上证红利,CNY,CN10Y
2011-11-28,1891.35,0.036402,9.51,0.06875047108307045,000015,上证红利,CNY,CN10Y
2011-11-29,1912.6,0.036315,9.58,0.06806913361169102,000015,上证红利,CNY,CN10Y
2011-11-30,1855.15,0.036091,9.34,0.07097538115631692,000015,上证红利,CNY,CN10Y
2011-12-01,1892.53,0.035005,9.52,0.0700370168067227,000015,上证红利,CNY,CN10Y
2011-12-02,1869.94,0.03472,9.46,0.07098824524312895,000015,上证红利,CNY,CN10Y
2011-12-05,1860.24,0.03442,9.48,0.07106523206751053,000015,上证红利,CNY,CN10Y
2011-12-06,1860.41,0.03479,9.46,0.07091824524312895,000015,上证红利,CNY,CN10Y
2011-12-07,1864.87,0.03489,9.46,0.07081824524312896,000015,上证红利,CNY,CN10Y
2011-12-08,1861.26,0.034953,9.44,0.07097920338983052,000015,上证红利,CNY,CN10Y
2011-12-09,1857.01,0.034817,9.43,0.07122753870625663,000015,上证红利,CNY,CN10Y
2011-12-12,1841.9,0.034927,9.32,0.0723691373390558,000015,上证红利,CNY,CN10Y
2011-12-13,1816.98,0.034982,9.29,0.07266062648008613,000015,上证红利,CNY,CN10Y
2011-12-14,1803.91,0.034807,9.25,0.07330110810810811,000015,上证红利,CNY,CN10Y
2011-12-15,1773.14,0.03489,9.17,0.07416125408942204,000015,上证红利,CNY,CN10Y
2011-12-16,1801.08,0.034637,9.31,0.07277438560687433,000015,上证红利,CNY,CN10Y
2011-12-19,1793.22,0.034702,9.29,0.07294062648008613,000015,上证红利,CNY,CN10Y
2011-12-20,1783.54,0.034655,9.28,0.07310362068965517,000015,上证红利,CNY,CN10Y
2011-12-21,1767.25,0.034709,9.25,0.07339910810810812,000015,上证红利,CNY,CN10Y
2011-12-22,1768.81,0.034752,9.26,0.0732393606911447,000015,上证红利,CNY,CN10Y
2011-12-23,1781.33,0.034803,9.33,0.07237813612004287,000015,上证红利,CNY,CN10Y
2011-12-26,1772.68,0.0346519999999999,9.28,0.07310662068965529,000015,上证红利,CNY,CN10Y
2011-12-27,1757.32,0.034603,9.23,0.07373936186348862,000015,上证红利,CNY,CN10Y
2011-12-28,1765.45,0.034603,9.29,0.07303962648008613,000015,上证红利,CNY,CN10Y
2011-12-29,1763.21,0.034453,9.31,0.07295838560687433,000015,上证红利,CNY,CN10Y
2011-12-30,1780.34,0.034303,9.35,0.07264887165775401,000015,上证红利,CNY,CN10Y
2011-12-31,,0.034211,9.35,0.072740871657754,000015,上证红利,CNY,CN10Y
2012-01-04,1756.59,0.0343949999999999,9.35,0.07255687165775411,000015,上证红利,CNY,CN10Y
2012-01-05,1749.33,0.034304,9.35,0.072647871657754,000015,上证红利,CNY,CN10Y
2012-01-06,1763.01,0.03397,9.35,0.07298187165775401,000015,上证红利,CNY,CN10Y
2012-01-09,1816.58,0.0338059999999999,9.35,0.0731458716577541,000015,上证红利,CNY,CN10Y
2012-01-10,1860.1,0.03403,9.35,0.07292187165775402,000015,上证红利,CNY,CN10Y
2012-01-11,1849.35,0.0342079999999999,9.35,0.07274387165775412,000015,上证红利,CNY,CN10Y
2012-01-12,1852.59,0.03402,9.35,0.072931871657754,000015,上证红利,CNY,CN10Y
2012-01-13,1832.63,0.034108,9.35,0.07284387165775401,000015,上证红利,CNY,CN10Y
2012-01-16,1815.14,0.034233,9.35,0.07271887165775401,000015,上证红利,CNY,CN10Y
2012-01-17,1887.81,0.034045,9.35,0.072906871657754,000015,上证红利,CNY,CN10Y
2012-01-18,1865.77,0.033957,9.35,0.072994871657754,000015,上证红利,CNY,CN10Y
2012-01-19,1897.33,0.0337579999999999,9.35,0.07319387165775411,000015,上证红利,CNY,CN10Y
2012-01-20,1917.02,0.033808,9.35,0.07314387165775402,000015,上证红利,CNY,CN10Y
2012-01-21,,0.033811,9.35,0.07314087165775401,000015,上证红利,CNY,CN10Y
2012-01-29,,0.033812,9.35,0.07313987165775401,000015,上证红利,CNY,CN10Y
2012-01-30,1879.57,0.034005,9.35,0.07294687165775401,000015,上证红利,CNY,CN10Y
2012-01-31,1884.04,0.034064,9.35,0.07288787165775401,000015,上证红利,CNY,CN10Y
2012-02-01,1860.07,0.034318,9.35,0.072633871657754,000015,上证红利,CNY,CN10Y
2012-02-02,1902.82,0.0344099999999999,9.35,0.07254187165775411,000015,上证红利,CNY,CN10Y
2012-02-03,1913.19,0.03436,9.35,0.072591871657754,000015,上证红利,CNY,CN10Y
2012-02-06,1908.01,0.0347849999999999,9.35,0.07216687165775411,000015,上证红利,CNY,CN10Y
2012-02-07,1873.48,0.03481,9.35,0.07214187165775401,000015,上证红利,CNY,CN10Y
2012-02-08,1922.47,0.035098,9.35,0.071853871657754,000015,上证红利,CNY,CN10Y
2012-02-09,1919.73,0.035409,9.35,0.071542871657754,000015,上证红利,CNY,CN10Y
2012-02-10,1916.96,0.03521,9.35,0.071741871657754,000015,上证红利,CNY,CN10Y
2012-02-13,1910.95,0.035148,9.35,0.07180387165775401,000015,上证红利,CNY,CN10Y
2012-02-14,1903.76,0.03516,9.35,0.07179187165775401,000015,上证红利,CNY,CN10Y
2012-02-15,1918.5,0.035335,9.35,0.07161687165775402,000015,上证红利,CNY,CN10Y
2012-02-16,1912.93,0.035361,9.35,0.07159087165775402,000015,上证红利,CNY,CN10Y
2012-02-17,1913.03,0.035361,9.35,0.07159087165775402,000015,上证红利,CNY,CN10Y
2012-02-20,1912.32,0.035116,9.35,0.07183587165775401,000015,上证红利,CNY,CN10Y
2012-02-21,1925.5,0.035164,9.35,0.07178787165775401,000015,上证红利,CNY,CN10Y
2012-02-22,1947.2,0.035276,9.35,0.071675871657754,000015,上证红利,CNY,CN10Y
2012-02-23,1949.8,0.035254,9.35,0.07169787165775401,000015,上证红利,CNY,CN10Y
2012-02-24,1977.44,0.035164,9.35,0.07178787165775401,000015,上证红利,CNY,CN10Y
2012-02-27,1981.89,0.035501,9.35,0.07145087165775402,000015,上证红利,CNY,CN10Y
2012-02-28,1987.01,0.035464,9.35,0.071487871657754,000015,上证红利,CNY,CN10Y
2012-02-29,1966.76,0.0353399999999999,9.35,0.07161187165775411,000015,上证红利,CNY,CN10Y
2012-03-01,1967.02,0.0355,9.35,0.07145187165775402,000015,上证红利,CNY,CN10Y
2012-03-02,1994.9,0.035616,9.35,0.07133587165775401,000015,上证红利,CNY,CN10Y
2012-03-05,1984.61,0.035614,9.35,0.07133787165775402,000015,上证红利,CNY,CN10Y
2012-03-06,1952.06,0.0354649999999999,9.35,0.07148687165775411,000015,上证红利,CNY,CN10Y
2012-03-07,1939.27,0.035316,9.35,0.07163587165775401,000015,上证红利,CNY,CN10Y
2012-03-08,1959.82,0.035316,10.42,0.06065328982725528,000015,上证红利,CNY,CN10Y
2012-03-09,1972.13,0.035367,10.46,0.060235294455066916,000015,上证红利,CNY,CN10Y
2012-03-12,1960.3,0.035242,10.41,0.06081947934678194,000015,上证红利,CNY,CN10Y
2012-03-13,1977.46,0.0354009999999999,10.49,0.05992788465204967,000015,上证红利,CNY,CN10Y
2012-03-14,1926.1,0.035451,10.31,0.06154221047526672,000015,上证红利,CNY,CN10Y
2012-03-15,1915.66,0.035589,10.3,0.061498378640776695,000015,上证红利,CNY,CN10Y
2012-03-16,1940.7,0.035483,10.38,0.06085611368015413,000015,上证红利,CNY,CN10Y
2012-03-19,1942.95,0.03559,10.36,0.06093509652509653,000015,上证红利,CNY,CN10Y
2012-03-20,1914.91,0.035601,10.28,0.06167526459143969,000015,上证红利,CNY,CN10Y
2012-03-21,1918.43,0.035608,10.25,0.0619529756097561,000015,上证红利,CNY,CN10Y
2012-03-22,1918.54,0.035502,10.24,0.06215425,000015,上证红利,CNY,CN10Y
2012-03-23,1899.84,0.035267,10.17,0.0630614169124877,000015,上证红利,CNY,CN10Y
2012-03-26,1904.34,0.035247,10.17,0.06308141691248771,000015,上证红利,CNY,CN10Y
2012-03-27,1904.28,0.035403,10.17,0.06292541691248771,000015,上证红利,CNY,CN10Y
2012-03-28,1858.97,0.035223,10.17,0.06310541691248772,000015,上证红利,CNY,CN10Y
2012-03-29,1837.2,0.035143,10.17,0.06318541691248772,000015,上证红利,CNY,CN10Y
2012-03-30,1855.28,0.035054,10.17,0.06327441691248771,000015,上证红利,CNY,CN10Y
2012-03-31,,0.035004,10.17,0.06332441691248772,000015,上证红利,CNY,CN10Y
2012-04-01,,0.035204,10.17,0.06312441691248771,000015,上证红利,CNY,CN10Y
2012-04-05,1885.72,0.035191,10.05,0.06431148756218905,000015,上证红利,CNY,CN10Y
2012-04-06,1887.42,0.035203,10.05,0.06429948756218905,000015,上证红利,CNY,CN10Y
2012-04-09,1870.52,0.035352,9.97,0.06494890270812437,000015,上证红利,CNY,CN10Y
2012-04-10,1889.06,0.035366,10.04,0.06423559362549802,000015,上证红利,CNY,CN10Y
2012-04-11,1887.12,0.035308,10.22,0.06253935812133071,000015,上证红利,CNY,CN10Y
2012-04-12,1924.36,0.035407,10.21,0.0625361929480901,000015,上证红利,CNY,CN10Y
2012-04-13,1932.01,0.0352769999999999,10.22,0.06257035812133083,000015,上证红利,CNY,CN10Y
2012-04-16,1928.53,0.035318,10.21,0.0626251929480901,000015,上证红利,CNY,CN10Y
2012-04-17,1903.32,0.035291,10.13,0.06342568311944717,000015,上证红利,CNY,CN10Y
2012-04-18,1946.14,0.035366,10.28,0.06191026459143969,000015,上证红利,CNY,CN10Y
2012-04-19,1945.64,0.035518,10.27,0.06185298344693282,000015,上证红利,CNY,CN10Y
2012-04-20,1970.15,0.035414,10.39,0.06083239076034648,000015,上证红利,CNY,CN10Y
2012-04-23,1953.36,0.035407,10.48,0.060012847328244266,000015,上证红利,CNY,CN10Y
2012-04-24,1959.23,0.035302,10.48,0.06011784732824427,000015,上证红利,CNY,CN10Y
2012-04-25,1967.18,0.035369,10.48,0.06005084732824427,000015,上证红利,CNY,CN10Y
2012-04-26,1963.8,0.035357,10.53,0.05960976163342831,000015,上证红利,CNY,CN10Y
2012-04-27,1957.4,0.035389,10.5,0.059849095238095236,000015,上证红利,CNY,CN10Y
2012-04-28,,0.035391,10.5,0.059847095238095234,000015,上证红利,CNY,CN10Y
2012-05-02,1991.32,0.035449,10.7,0.058008943925233654,000015,上证红利,CNY,CN10Y
2012-05-03,1992.56,0.035454,10.67,0.05826671227741331,000015,上证红利,CNY,CN10Y
2012-05-04,2003.48,0.035512,10.69,0.05803336950420955,000015,上证红利,CNY,CN10Y
2012-05-07,1998.21,0.035518,10.66,0.05829063039399624,000015,上证红利,CNY,CN10Y
2012-05-08,1988.94,0.03552,10.62,0.05864195856873824,000015,上证红利,CNY,CN10Y
2012-05-09,1956.27,0.035414,10.47,0.06009698376313276,000015,上证红利,CNY,CN10Y
2012-05-10,1956.45,0.035287,10.46,0.06031529445506692,000015,上证红利,CNY,CN10Y
2012-05-11,1940.45,0.034907,10.39,0.06133939076034648,000015,上证红利,CNY,CN10Y
2012-05-14,1927.66,0.034461,10.34,0.06225079883945842,000015,上证红利,CNY,CN10Y
2012-05-15,1923.13,0.03405,10.3,0.0630373786407767,000015,上证红利,CNY,CN10Y
2012-05-16,1896.05,0.033618,10.32,0.06328122480620155,000015,上证红利,CNY,CN10Y
2012-05-17,1927.25,0.034116,10.32,0.06278322480620155,000015,上证红利,CNY,CN10Y
2012-05-18,1901.47,0.033614,10.18,0.0646178271119843,000015,上证红利,CNY,CN10Y
2012-05-21,1906.32,0.033866,10.2,0.06417321568627452,000015,上证红利,CNY,CN10Y
2012-05-22,1929.64,0.033948,10.18,0.0642838271119843,000015,上证红利,CNY,CN10Y
2012-05-23,1922.43,0.033825,10.18,0.06440682711198428,000015,上证红利,CNY,CN10Y
2012-05-24,1909.56,0.0336189999999999,10.18,0.06461282711198439,000015,上证红利,CNY,CN10Y
2012-05-25,1898.13,0.033019,10.14,0.06560032938856014,000015,上证红利,CNY,CN10Y
2012-05-28,1917.21,0.033418,10.2,0.06462121568627452,000015,上证红利,CNY,CN10Y
2012-05-29,1941.28,0.033718,10.27,0.06365298344693282,000015,上证红利,CNY,CN10Y
2012-05-30,1934.71,0.033766,10.24,0.06389025000000001,000015,上证红利,CNY,CN10Y
2012-05-31,1924.75,0.033443,10.18,0.06478882711198429,000015,上证红利,CNY,CN10Y
2012-06-01,1924.18,0.033416,10.19,0.06471942688910697,000015,上证红利,CNY,CN10Y
2012-06-04,1873.88,0.033469,9.97,0.06683190270812436,000015,上证红利,CNY,CN10Y
2012-06-05,1874.8,0.033568,9.97,0.06673290270812436,000015,上证红利,CNY,CN10Y
2012-06-06,1870.36,0.0336,9.97,0.06670090270812437,000015,上证红利,CNY,CN10Y
2012-06-07,1859.98,0.033751,9.97,0.06654990270812436,000015,上证红利,CNY,CN10Y
2012-06-08,1848.33,0.033101,17.61,0.02368491709256105,000015,上证红利,CNY,CN10Y
2012-06-11,1861.18,0.033491,9.92,0.06731545161290323,000015,上证红利,CNY,CN10Y
2012-06-12,1841.07,0.033747,9.85,0.06777584263959391,000015,上证红利,CNY,CN10Y
2012-06-13,1864.56,0.0339089999999999,9.9,0.06710110101010111,000015,上证红利,CNY,CN10Y
2012-06-14,1842.61,0.034009,9.73,0.06876592291880781,000015,上证红利,CNY,CN10Y
2012-06-15,1859.84,0.033932,9.81,0.06800479918450561,000015,上证红利,CNY,CN10Y
2012-06-18,1865.58,0.034107,9.81,0.0678297991845056,000015,上证红利,CNY,CN10Y
2012-06-19,1853.28,0.034093,9.79,0.06805204596527069,000015,上证红利,CNY,CN10Y
2012-06-20,1852.31,0.034101,9.78,0.06814848875255625,000015,上证红利,CNY,CN10Y
2012-06-21,1817.7,0.034001,9.65,0.06962594300518134,000015,上证红利,CNY,CN10Y
2012-06-25,1784.51,0.033677,9.56,0.07092551046025104,000015,上证红利,CNY,CN10Y
2012-06-26,1786.01,0.033653,9.56,0.07094951046025104,000015,上证红利,CNY,CN10Y
2012-06-27,1780.2,0.033252,9.54,0.0715698029350105,000015,上证红利,CNY,CN10Y
2012-06-28,1760.5,0.033253,9.48,0.07223223206751053,000015,上证红利,CNY,CN10Y
2012-06-29,1788.99,0.033253,9.59,0.07102228675703859,000015,上证红利,CNY,CN10Y
2012-07-02,1782.18,0.033353,9.56,0.07124951046025105,000015,上证红利,CNY,CN10Y
2012-07-03,1782.83,0.033204,9.57,0.0712892079414838,000015,上证红利,CNY,CN10Y
2012-07-04,1788.3,0.033195,9.59,0.07108028675703858,000015,上证红利,CNY,CN10Y
2012-07-05,1766.02,0.033193,9.55,0.07151904188481674,000015,上证红利,CNY,CN10Y
2012-07-06,1783.53,0.0329599999999999,9.57,0.0715332079414839,000015,上证红利,CNY,CN10Y
2012-07-09,1738.87,0.032709,9.34,0.07435738115631692,000015,上证红利,CNY,CN10Y
2012-07-10,1735.92,0.032549,9.36,0.07428860683760685,000015,上证红利,CNY,CN10Y
2012-07-11,1748.33,0.0323979999999999,9.38,0.07421180810234551,000015,上证红利,CNY,CN10Y
2012-07-12,1762.05,0.032502,9.38,0.07410780810234541,000015,上证红利,CNY,CN10Y
2012-07-13,1761.4,0.032591,9.41,0.07367892561105208,000015,上证红利,CNY,CN10Y
2012-07-16,1738.88,0.0327519999999999,9.35,0.0741998716577541,000015,上证红利,CNY,CN10Y
2012-07-17,1754.03,0.03285,9.41,0.07341992561105207,000015,上证红利,CNY,CN10Y
2012-07-18,1762.37,0.032858,9.45,0.07296210582010583,000015,上证红利,CNY,CN10Y
2012-07-19,1765.55,0.03286,9.5,0.07240315789473684,000015,上证红利,CNY,CN10Y
2012-07-20,1747.89,0.03281,9.5,0.07245315789473683,000015,上证红利,CNY,CN10Y
2012-07-23,1718.88,0.03276,9.3,0.0747668817204301,000015,上证红利,CNY,CN10Y
2012-07-24,1721.37,0.032759,9.29,0.07488362648008612,000015,上证红利,CNY,CN10Y
2012-07-25,1711.7,0.03276,9.29,0.07488262648008613,000015,上证红利,CNY,CN10Y
2012-07-26,1706.78,0.032763,9.24,0.07546210822510822,000015,上证红利,CNY,CN10Y
2012-07-27,1715.74,0.032764,9.29,0.07487862648008613,000015,上证红利,CNY,CN10Y
2012-07-30,1712.01,0.032755,9.26,0.0752363606911447,000015,上证红利,CNY,CN10Y
2012-07-31,1715.78,0.032915,9.29,0.07472762648008613,000015,上证红利,CNY,CN10Y
2012-08-01,1728.29,0.032921,9.35,0.07403087165775402,000015,上证红利,CNY,CN10Y
2012-08-02,1714.61,0.032861,9.31,0.07455038560687433,000015,上证红利,CNY,CN10Y
2012-08-03,1727.13,0.032902,9.39,0.07359427263045792,000015,上证红利,CNY,CN10Y
2012-08-06,1741.58,0.0331,9.41,0.07316992561105207,000015,上证红利,CNY,CN10Y
2012-08-07,1737.67,0.0333,9.38,0.07330980810234541,000015,上证红利,CNY,CN10Y
2012-08-08,1742.91,0.033545,9.42,0.07261211252653929,000015,上证红利,CNY,CN10Y
2012-08-09,1748.56,0.033023,9.42,0.07313411252653929,000015,上证红利,CNY,CN10Y
2012-08-10,1742.57,0.032825,9.42,0.07333211252653929,000015,上证红利,CNY,CN10Y
2012-08-13,1710.76,0.033029,9.34,0.07403738115631692,000015,上证红利,CNY,CN10Y
2012-08-14,1710.68,0.033105,9.36,0.07373260683760685,000015,上证红利,CNY,CN10Y
2012-08-15,1688.83,0.033402,9.27,0.07447286515641856,000015,上证红利,CNY,CN10Y
2012-08-16,1685.09,0.033467,9.26,0.07452436069114471,000015,上证红利,CNY,CN10Y
2012-08-17,1688.84,0.033342,9.3,0.0741848817204301,000015,上证红利,CNY,CN10Y
2012-08-20,1681.59,0.033564,9.26,0.07442736069114471,000015,上证红利,CNY,CN10Y
2012-08-21,1687.04,0.033578,9.27,0.07429686515641856,000015,上证红利,CNY,CN10Y
2012-08-22,1682.0,0.033935,9.26,0.07405636069114471,000015,上证红利,CNY,CN10Y
2012-08-23,1683.91,0.033702,9.25,0.0744061081081081,000015,上证红利,CNY,CN10Y
2012-08-24,1668.58,0.033364,9.2,0.07533165217391305,000015,上证红利,CNY,CN10Y
2012-08-27,1635.37,0.033498,9.08,0.07663415859030837,000015,上证红利,CNY,CN10Y
2012-08-28,1654.2,0.033634,9.21,0.07494363300760043,000015,上证红利,CNY,CN10Y
2012-08-29,1640.78,0.033943,9.13,0.07558602519167579,000015,上证红利,CNY,CN10Y
2012-08-30,1652.02,0.033904,9.2,0.07479165217391306,000015,上证红利,CNY,CN10Y
2012-08-31,1645.0,0.033928,8.96,0.07767914285714285,000015,上证红利,CNY,CN10Y
2012-09-03,1652.8,0.034001,8.96,0.07760614285714285,000015,上证红利,CNY,CN10Y
2012-09-04,1636.88,0.033836,8.91,0.07839744556677891,000015,上证红利,CNY,CN10Y
2012-09-05,1628.73,0.033887,8.85,0.07910735028248587,000015,上证红利,CNY,CN10Y
2012-09-06,1638.43,0.033963,8.88,0.07864961261261261,000015,上证红利,CNY,CN10Y
2012-09-07,1703.26,0.034162,9.16,0.0750083056768559,000015,上证红利,CNY,CN10Y
2012-09-10,1704.93,0.034611,9.17,0.07444025408942202,000015,上证红利,CNY,CN10Y
2012-09-11,1690.65,0.034714,9.08,0.07541815859030837,000015,上证红利,CNY,CN10Y
2012-09-12,1692.39,0.0349089999999999,9.08,0.07522315859030847,000015,上证红利,CNY,CN10Y
2012-09-13,1680.94,0.034834,9.04,0.07578546902654867,000015,上证红利,CNY,CN10Y
2012-09-14,1695.05,0.035485,9.11,0.0742844840834248,000015,上证红利,CNY,CN10Y
2012-09-17,1659.17,0.035717,8.97,0.07576572017837234,000015,上证红利,CNY,CN10Y
2012-09-18,1642.64,0.035216,8.88,0.0773966126126126,000015,上证红利,CNY,CN10Y
2012-09-19,1648.27,0.035166,8.89,0.07731993925759278,000015,上证红利,CNY,CN10Y
2012-09-20,1617.15,0.035171,8.75,0.07911471428571429,000015,上证红利,CNY,CN10Y
2012-09-21,1622.26,0.034998,8.79,0.07876764277588169,000015,上证红利,CNY,CN10Y
2012-09-24,1624.9,0.034956,8.78,0.07893921640091117,000015,上证红利,CNY,CN10Y
2012-09-25,1624.53,0.034676,8.8,0.07896036363636363,000015,上证红利,CNY,CN10Y
2012-09-26,1612.75,0.034444,8.71,0.08036656257175659,000015,上证红利,CNY,CN10Y
2012-09-27,1659.44,0.034525,8.94,0.07733182326621925,000015,上证红利,CNY,CN10Y
2012-09-28,1684.27,0.034575,9.03,0.07616697120708749,000015,上证红利,CNY,CN10Y
2012-09-29,,0.034574,9.03,0.07616797120708749,000015,上证红利,CNY,CN10Y
2012-10-08,1670.34,0.034814,8.99,0.07642070522803114,000015,上证红利,CNY,CN10Y
2012-10-09,1701.57,0.034921,9.13,0.07460802519167578,000015,上证红利,CNY,CN10Y
2012-10-10,1701.64,0.035036,9.13,0.07449302519167579,000015,上证红利,CNY,CN10Y
2012-10-11,1687.5,0.03499,9.09,0.07502100110011001,000015,上证红利,CNY,CN10Y
2012-10-12,1692.37,0.034807,9.1,0.07508310989010988,000015,上证红利,CNY,CN10Y
2012-10-15,1689.15,0.03473,9.11,0.07503948408342481,000015,上证红利,CNY,CN10Y
2012-10-16,1687.12,0.0349029999999999,9.08,0.07522915859030846,000015,上证红利,CNY,CN10Y
2012-10-17,1691.33,0.035036,9.13,0.07449302519167579,000015,上证红利,CNY,CN10Y
2012-10-18,1712.69,0.03519,9.21,0.07338763300760043,000015,上证红利,CNY,CN10Y
2012-10-19,1706.91,0.03535,9.19,0.07346392818280739,000015,上证红利,CNY,CN10Y
2012-10-22,1714.93,0.035293,9.19,0.0735209281828074,000015,上证红利,CNY,CN10Y
2012-10-23,1694.48,0.035454,9.13,0.07407502519167579,000015,上证红利,CNY,CN10Y
2012-10-24,1694.74,0.035478,9.14,0.07393119037199125,000015,上证红利,CNY,CN10Y
2012-10-25,1682.41,0.035672,9.08,0.07446015859030836,000015,上证红利,CNY,CN10Y
2012-10-26,1659.67,0.035727,8.99,0.07550770522803113,000015,上证红利,CNY,CN10Y
2012-10-29,1650.66,0.035668,8.96,0.07593914285714284,000015,上证红利,CNY,CN10Y
2012-10-30,1653.65,0.035648,8.97,0.07583472017837234,000015,上证红利,CNY,CN10Y
2012-10-31,1661.11,0.035739,9.02,0.07512574501108649,000015,上证红利,CNY,CN10Y
2012-11-01,1690.46,0.0359839999999999,9.17,0.07306725408942213,000015,上证红利,CNY,CN10Y
2012-11-02,1702.81,0.035852,9.23,0.07249036186348862,000015,上证红利,CNY,CN10Y
2012-11-05,1702.02,0.035872,9.22,0.07258786984815617,000015,上证红利,CNY,CN10Y
2012-11-06,1696.58,0.035771,9.2,0.07292465217391306,000015,上证红利,CNY,CN10Y
2012-11-07,1695.22,0.035644,9.22,0.07281586984815616,000015,上证红利,CNY,CN10Y
2012-11-08,1667.39,0.035609,9.12,0.07404012280701755,000015,上证红利,CNY,CN10Y
2012-11-09,1662.41,0.035594,9.1,0.07429610989010989,000015,上证红利,CNY,CN10Y
2012-11-12,1674.18,0.035585,9.14,0.07382419037199126,000015,上证红利,CNY,CN10Y
2012-11-13,1652.19,0.03547,9.04,0.07514946902654868,000015,上证红利,CNY,CN10Y
2012-11-14,1660.12,0.035356,9.07,0.07489758324145535,000015,上证红利,CNY,CN10Y
2012-11-15,1636.69,0.035279,8.99,0.07595570522803113,000015,上证红利,CNY,CN10Y
2012-11-16,1625.43,0.035133,8.9,0.07722655056179775,000015,上证红利,CNY,CN10Y
2012-11-19,1631.68,0.03501,8.92,0.07709762331838566,000015,上证红利,CNY,CN10Y
2012-11-20,1622.7,0.0351109999999999,8.89,0.0773749392575929,000015,上证红利,CNY,CN10Y
2012-11-21,1643.44,0.035205,8.95,0.076526843575419,000015,上证红利,CNY,CN10Y
2012-11-22,1634.31,0.035357,8.91,0.0768764455667789,000015,上证红利,CNY,CN10Y
2012-11-23,1646.45,0.035428,8.96,0.07617914285714285,000015,上证红利,CNY,CN10Y
2012-11-26,1637.1,0.035511,8.93,0.07647108286674133,000015,上证红利,CNY,CN10Y
2012-11-27,1624.52,0.03557,8.92,0.07653762331838565,000015,上证红利,CNY,CN10Y
2012-11-28,1616.67,0.035535,8.9,0.07682455056179775,000015,上证红利,CNY,CN10Y
2012-11-29,1601.88,0.035311,8.86,0.07755581715575621,000015,上证红利,CNY,CN10Y
2012-11-30,1615.98,0.035332,8.89,0.07715393925759279,000015,上证红利,CNY,CN10Y
2012-12-03,1600.25,0.035397,8.86,0.07746981715575622,000015,上证红利,CNY,CN10Y
2012-12-04,1615.46,0.035498,8.92,0.07660962331838565,000015,上证红利,CNY,CN10Y
2012-12-05,1665.81,0.035622,9.1,0.07426810989010989,000015,上证红利,CNY,CN10Y
2012-12-06,1669.34,0.03558,9.11,0.07418948408342481,000015,上证红利,CNY,CN10Y
2012-12-07,1701.24,0.035689,9.21,0.07288863300760043,000015,上证红利,CNY,CN10Y
2012-12-10,1714.34,0.035707,9.26,0.0722843606911447,000015,上证红利,CNY,CN10Y
2012-12-11,1706.38,0.0356579999999999,9.23,0.07268436186348873,000015,上证红利,CNY,CN10Y
2012-12-12,1711.04,0.035666,9.27,0.07220886515641856,000015,上证红利,CNY,CN10Y
2012-12-13,1695.3,0.035649,9.2,0.07304665217391305,000015,上证红利,CNY,CN10Y
2012-12-14,1780.29,0.035781,9.55,0.06893104188481675,000015,上证红利,CNY,CN10Y
2012-12-17,1792.07,0.035814,9.57,0.0686792079414838,000015,上证红利,CNY,CN10Y
2012-12-18,1792.67,0.035843,9.58,0.06854113361169102,000015,上证红利,CNY,CN10Y
2012-12-19,1795.23,0.035942,9.57,0.0685512079414838,000015,上证红利,CNY,CN10Y
2012-12-20,1801.9,0.036086,9.57,0.0684072079414838,000015,上证红利,CNY,CN10Y
2012-12-21,1786.35,0.03606,9.48,0.06942523206751053,000015,上证红利,CNY,CN10Y
2012-12-24,1793.19,0.036009,9.49,0.06936507797681771,000015,上证红利,CNY,CN10Y
2012-12-25,1851.02,0.035955,9.73,0.06681992291880781,000015,上证红利,CNY,CN10Y
2012-12-26,1848.36,0.035925,9.71,0.06706161174047373,000015,上证红利,CNY,CN10Y
2012-12-27,1838.88,0.035803,9.66,0.06771666873706003,000015,上证红利,CNY,CN10Y
2012-12-28,1873.89,0.035752,9.77,0.06660214534288639,000015,上证红利,CNY,CN10Y
2012-12-31,1906.03,0.035738,9.93,0.06496693454179256,000015,上证红利,CNY,CN10Y
2013-01-04,1908.27,0.036062,9.05,0.07443523756906077,000015,上证红利,CNY,CN10Y
2013-01-05,,0.036003,9.05,0.07449423756906076,000015,上证红利,CNY,CN10Y
2013-01-06,,0.03595,9.05,0.07454723756906076,000015,上证红利,CNY,CN10Y
2013-01-07,1927.09,0.035965,9.07,0.07428858324145535,000015,上证红利,CNY,CN10Y
2013-01-08,1908.2,0.035943,8.98,0.07541557461024498,000015,上证红利,CNY,CN10Y
2013-01-09,1902.77,0.03575,8.96,0.07585714285714285,000015,上证红利,CNY,CN10Y
2013-01-10,1904.77,0.03595,8.97,0.07553272017837234,000015,上证红利,CNY,CN10Y
2013-01-11,1869.33,0.0359989999999999,8.92,0.07610862331838575,000015,上证红利,CNY,CN10Y
2013-01-14,1945.81,0.036023,9.16,0.0731473056768559,000015,上证红利,CNY,CN10Y
2013-01-15,1948.33,0.036008,9.15,0.0732816174863388,000015,上证红利,CNY,CN10Y
2013-01-16,1924.1,0.0360469999999999,9.05,0.07445023756906087,000015,上证红利,CNY,CN10Y
2013-01-17,1909.77,0.035986,8.97,0.07549672017837233,000015,上证红利,CNY,CN10Y
2013-01-18,1943.71,0.035834,9.07,0.07441958324145534,000015,上证红利,CNY,CN10Y
2013-01-21,1964.9,0.035743,9.11,0.07402648408342481,000015,上证红利,CNY,CN10Y
2013-01-22,1966.79,0.035705,9.11,0.07406448408342481,000015,上证红利,CNY,CN10Y
2013-01-23,1979.03,0.035682,9.13,0.0738470251916758,000015,上证红利,CNY,CN10Y
2013-01-24,1970.12,0.035816,9.13,0.07371302519167579,000015,上证红利,CNY,CN10Y
2013-01-25,1961.67,0.035837,9.07,0.07441658324145534,000015,上证红利,CNY,CN10Y
2013-01-28,2042.46,0.036042,9.29,0.07160062648008614,000015,上证红利,CNY,CN10Y
2013-01-29,2071.95,0.036116,9.32,0.07118013733905579,000015,上证红利,CNY,CN10Y
2013-01-30,2082.88,0.036053,9.49,0.0693210779768177,000015,上证红利,CNY,CN10Y
2013-01-31,2090.26,0.036054,9.53,0.06887779433368311,000015,上证红利,CNY,CN10Y
2013-02-01,2155.51,0.036004,9.69,0.06719517440660475,000015,上证红利,CNY,CN10Y
2013-02-04,2167.73,0.036016,9.76,0.06644301639344263,000015,上证红利,CNY,CN10Y
2013-02-05,2163.94,0.03591,9.68,0.06739578512396695,000015,上证红利,CNY,CN10Y
2013-02-06,2167.13,0.035922,9.68,0.06738378512396695,000015,上证红利,CNY,CN10Y
2013-02-07,2122.67,0.035928,9.55,0.06878404188481674,000015,上证红利,CNY,CN10Y
2013-02-08,2112.01,0.035859,9.56,0.06874351046025104,000015,上证红利,CNY,CN10Y
2013-02-16,,0.035922,9.56,0.06868051046025103,000015,上证红利,CNY,CN10Y
2013-02-17,,0.035847,9.56,0.06875551046025105,000015,上证红利,CNY,CN10Y
2013-02-18,2095.91,0.035929,9.53,0.06900279433368312,000015,上证红利,CNY,CN10Y
2013-02-19,2075.04,0.035931,9.42,0.07022611252653929,000015,上证红利,CNY,CN10Y
2013-02-20,2070.66,0.035632,9.42,0.07052511252653929,000015,上证红利,CNY,CN10Y
2013-02-21,1985.47,0.035623,9.12,0.07402612280701755,000015,上证红利,CNY,CN10Y
2013-02-22,1961.1,0.035708,9.04,0.07491146902654869,000015,上证红利,CNY,CN10Y
2013-02-25,1974.65,0.035821,9.09,0.07419000110011001,000015,上证红利,CNY,CN10Y
2013-02-26,1952.98,0.035948,8.98,0.07541057461024497,000015,上证红利,CNY,CN10Y
2013-02-27,1984.68,0.035904,9.09,0.07410700110011001,000015,上证红利,CNY,CN10Y
2013-02-28,2050.4,0.0359569999999999,9.28,0.07180162068965529,000015,上证红利,CNY,CN10Y
2013-03-01,2038.96,0.035878,9.22,0.07258186984815618,000015,上证红利,CNY,CN10Y
2013-03-04,1938.52,0.035785,8.92,0.07632262331838566,000015,上证红利,CNY,CN10Y
2013-03-05,2028.87,0.03576,9.14,0.07364919037199125,000015,上证红利,CNY,CN10Y
2013-03-06,2051.58,0.035802,9.19,0.0730119281828074,000015,上证红利,CNY,CN10Y
2013-03-07,2019.78,0.035813,9.09,0.07419800110011002,000015,上证红利,CNY,CN10Y
2013-03-08,2020.33,0.035816,9.1,0.07407410989010989,000015,上证红利,CNY,CN10Y
2013-03-11,1995.14,0.03583,9.06,0.07454527593818984,000015,上证红利,CNY,CN10Y
2013-03-12,1959.05,0.035897,9.01,0.07509079134295228,000015,上证红利,CNY,CN10Y
2013-03-13,1942.65,0.035898,8.94,0.07595882326621925,000015,上证红利,CNY,CN10Y
2013-03-14,1947.64,0.035919,8.97,0.07556372017837235,000015,上证红利,CNY,CN10Y
2013-03-15,1958.25,0.035919,9.04,0.07470046902654867,000015,上证红利,CNY,CN10Y
2013-03-18,1932.59,0.035971,8.87,0.07676857158962797,000015,上证红利,CNY,CN10Y
2013-03-19,1958.82,0.035922,8.95,0.075809843575419,000015,上证红利,CNY,CN10Y
2013-03-20,2034.29,0.035722,9.16,0.0734483056768559,000015,上证红利,CNY,CN10Y
2013-03-21,2032.44,0.035819,9.15,0.07347061748633879,000015,上证红利,CNY,CN10Y
2013-03-22,2035.75,0.035816,9.17,0.07323525408942202,000015,上证红利,CNY,CN10Y
2013-03-25,2028.46,0.0357699999999999,9.16,0.073400305676856,000015,上证红利,CNY,CN10Y
2013-03-26,1984.95,0.035717,9.03,0.0750249712070875,000015,上证红利,CNY,CN10Y
2013-03-27,1994.47,0.035611,9.03,0.0751309712070875,000015,上证红利,CNY,CN10Y
2013-03-28,1904.24,0.035505,8.78,0.07839021640091118,000015,上证红利,CNY,CN10Y
2013-03-29,1910.44,0.035392,8.8,0.07824436363636364,000015,上证红利,CNY,CN10Y
2013-04-01,1902.77,0.035303,8.77,0.07872208551881414,000015,上证红利,CNY,CN10Y
2013-04-02,1900.85,0.035106,8.78,0.07878921640091117,000015,上证红利,CNY,CN10Y
2013-04-03,1910.39,0.035005,8.82,0.07837368480725623,000015,上证红利,CNY,CN10Y
2013-04-07,,0.034907,8.82,0.07847168480725622,000015,上证红利,CNY,CN10Y
2013-04-08,1894.07,0.034905,8.74,0.07951147597254005,000015,上证红利,CNY,CN10Y
2013-04-09,1904.39,0.034705,8.76,0.07945025114155252,000015,上证红利,CNY,CN10Y
2013-04-10,1894.26,0.034624,8.75,0.07966171428571428,000015,上证红利,CNY,CN10Y
2013-04-11,1892.18,0.034705,8.74,0.07971147597254004,000015,上证红利,CNY,CN10Y
2013-04-12,1880.73,0.034655,8.71,0.0801555625717566,000015,上证红利,CNY,CN10Y
2013-04-15,1869.02,0.034405,8.63,0.08146985515643104,000015,上证红利,CNY,CN10Y
2013-04-16,1870.22,0.034005,8.64,0.08173574074074072,000015,上证红利,CNY,CN10Y
2013-04-17,1851.1,0.034131,8.6,0.08214806976744185,000015,上证红利,CNY,CN10Y
2013-04-18,1859.91,0.0344309999999999,8.61,0.08171301858304308,000015,上证红利,CNY,CN10Y
2013-04-19,1930.95,0.034503,8.79,0.07926264277588169,000015,上证红利,CNY,CN10Y
2013-04-22,1934.38,0.034867,8.77,0.07915808551881415,000015,上证红利,CNY,CN10Y
2013-04-23,1876.17,0.034629,8.59,0.08178543538998836,000015,上证红利,CNY,CN10Y
2013-04-24,1910.9,0.034498,8.7,0.0804445287356322,000015,上证红利,CNY,CN10Y
2013-04-25,1892.51,0.034314,8.65,0.08129293641618497,000015,上证红利,CNY,CN10Y
2013-04-26,1879.48,0.0343129999999999,8.59,0.08210143538998846,000015,上证红利,CNY,CN10Y
2013-04-27,,0.034311,8.59,0.08210343538998835,000015,上证红利,CNY,CN10Y
2013-04-28,,0.034314,8.59,0.08210043538998836,000015,上证红利,CNY,CN10Y
2013-05-02,1886.93,0.034119,8.22,0.087535501216545,000015,上证红利,CNY,CN10Y
2013-05-03,1920.67,0.034212,8.31,0.08612494344163657,000015,上证红利,CNY,CN10Y
2013-05-06,1937.41,0.034354,8.28,0.0864189468599034,000015,上证红利,CNY,CN10Y
2013-05-07,1938.22,0.034261,8.28,0.08651194685990339,000015,上证红利,CNY,CN10Y
2013-05-08,1940.43,0.034345,8.3,0.08613692771084336,000015,上证红利,CNY,CN10Y
2013-05-09,1928.02,0.034317,8.25,0.08689512121212122,000015,上证红利,CNY,CN10Y
2013-05-10,1941.18,0.034212,8.28,0.0865609468599034,000015,上证红利,CNY,CN10Y
2013-05-13,1935.95,0.034238,8.25,0.08697412121212122,000015,上证红利,CNY,CN10Y
2013-05-14,1918.27,0.034248,8.17,0.08815102080783353,000015,上证红利,CNY,CN10Y
2013-05-15,1926.67,0.034218,8.17,0.08818102080783354,000015,上证红利,CNY,CN10Y
2013-05-16,1957.17,0.034219,8.25,0.08699312121212122,000015,上证红利,CNY,CN10Y
2013-05-17,1978.63,0.034213,8.36,0.0854042248803828,000015,上证红利,CNY,CN10Y
2013-05-20,1999.28,0.034253,8.42,0.08451184560570071,000015,上证红利,CNY,CN10Y
2013-05-21,1989.46,0.034253,8.4,0.08479461904761904,000015,上证红利,CNY,CN10Y
2013-05-22,1992.49,0.0341529999999999,8.38,0.08517874224343686,000015,上证红利,CNY,CN10Y
2013-05-23,1953.99,0.03413,8.28,0.0866429468599034,000015,上证红利,CNY,CN10Y
2013-05-24,1958.31,0.0341809999999999,8.29,0.08644626176115813,000015,上证红利,CNY,CN10Y
2013-05-27,1956.24,0.034166,8.28,0.08660694685990339,000015,上证红利,CNY,CN10Y
2013-05-28,1994.24,0.034206,8.39,0.08498351132300357,000015,上证红利,CNY,CN10Y
2013-05-29,1987.08,0.03434,8.38,0.08499174224343675,000015,上证红利,CNY,CN10Y
2013-05-30,1981.23,0.03434,8.35,0.08542047904191616,000015,上证红利,CNY,CN10Y
2013-05-31,1968.14,0.034399,8.31,0.08593794344163658,000015,上证红利,CNY,CN10Y
2013-06-03,1970.07,0.034478,8.33,0.08557001920768306,000015,上证红利,CNY,CN10Y
2013-06-04,1952.68,0.034603,8.29,0.08602426176115804,000015,上证红利,CNY,CN10Y
2013-06-05,1934.78,0.034615,8.26,0.08645037530266345,000015,上证红利,CNY,CN10Y
2013-06-06,1908.88,0.034651,8.16,0.08789801960784313,000015,上证红利,CNY,CN10Y
2013-06-07,1886.61,0.034822,8.09,0.08878739431396787,000015,上证红利,CNY,CN10Y
2013-06-08,,0.034822,8.09,0.08878739431396787,000015,上证红利,CNY,CN10Y
2013-06-09,,0.034491,8.09,0.08911839431396787,000015,上证红利,CNY,CN10Y
2013-06-13,1822.04,0.034591,7.89,0.0921517122940431,000015,上证红利,CNY,CN10Y
2013-06-14,1824.52,0.034689,7.91,0.09173325031605561,000015,上证红利,CNY,CN10Y
2013-06-17,1809.68,0.0347849999999999,7.87,0.09227980304955538,000015,上证红利,CNY,CN10Y
2013-06-18,1816.7,0.0348179999999999,7.84,0.09273302040816336,000015,上证红利,CNY,CN10Y
2013-06-19,1792.07,0.035516,7.63,0.09554559895150722,000015,上证红利,CNY,CN10Y
2013-06-20,1735.8,0.037016,7.44,0.09739260215053763,000015,上证红利,CNY,CN10Y
2013-06-21,1735.65,0.036014,7.39,0.09930399729364006,000015,上证红利,CNY,CN10Y
2013-06-24,1625.51,0.0359989999999999,7.05,0.10584497163120579,000015,上证红利,CNY,CN10Y
2013-06-25,1622.83,0.0359989999999999,7.05,0.10584497163120579,000015,上证红利,CNY,CN10Y
2013-06-26,1601.76,0.0355,6.92,0.10900867052023122,000015,上证红利,CNY,CN10Y
2013-06-27,1610.05,0.035231,6.99,0.10783051645207438,000015,上证红利,CNY,CN10Y
2013-06-28,1656.86,0.035125,7.15,0.10473513986013984,000015,上证红利,CNY,CN10Y
2013-07-01,1655.91,0.035245,7.32,0.10136702185792348,000015,上证红利,CNY,CN10Y
2013-07-02,1650.25,0.035243,7.34,0.10099678201634879,000015,上证红利,CNY,CN10Y
2013-07-03,1633.02,0.035302,7.14,0.10475402240896359,000015,上证红利,CNY,CN10Y
2013-07-04,1640.16,0.035102,7.15,0.10475813986013985,000015,上证红利,CNY,CN10Y
2013-07-05,1645.91,0.035127,7.17,0.1043430139470014,000015,上证红利,CNY,CN10Y
2013-07-08,1610.19,0.035177,7.08,0.10606593785310735,000015,上证红利,CNY,CN10Y
2013-07-09,1618.88,0.035202,7.12,0.1052474382022472,000015,上证红利,CNY,CN10Y
2013-07-10,1652.84,0.035802,7.22,0.10270215512465375,000015,上证红利,CNY,CN10Y
2013-07-11,1748.48,0.0359019999999999,7.43,0.09868750201884263,000015,上证红利,CNY,CN10Y
2013-07-12,1699.81,0.036001,7.31,0.10079790560875512,000015,上证红利,CNY,CN10Y
2013-07-15,1714.82,0.0361019999999999,7.32,0.10051002185792358,000015,上证红利,CNY,CN10Y
2013-07-16,1717.03,0.03619,7.31,0.10060890560875513,000015,上证红利,CNY,CN10Y
2013-07-17,1694.45,0.03669,7.26,0.10105104683195593,000015,上证红利,CNY,CN10Y
2013-07-18,1660.48,0.036903,7.18,0.10237276601671311,000015,上证红利,CNY,CN10Y
2013-07-19,1627.21,0.037051,7.15,0.10280913986013984,000015,上证红利,CNY,CN10Y
2013-07-22,1629.09,0.037401,7.16,0.10226380446927374,000015,上证红利,CNY,CN10Y
2013-07-23,1663.31,0.037602,7.24,0.10051954696132598,000015,上证红利,CNY,CN10Y
2013-07-24,1640.23,0.037952,7.14,0.10210402240896359,000015,上证红利,CNY,CN10Y
2013-07-25,1633.82,0.0371019999999999,7.12,0.1033474382022473,000015,上证红利,CNY,CN10Y
2013-07-26,1627.14,0.037152,7.08,0.10409093785310736,000015,上证红利,CNY,CN10Y
2013-07-29,1592.12,0.037228,6.98,0.10603847564469913,000015,上证红利,CNY,CN10Y
2013-07-30,1612.32,0.037227,7.07,0.10421571570014143,000015,上证红利,CNY,CN10Y
2013-07-31,1612.52,0.037214,7.08,0.10402893785310735,000015,上证红利,CNY,CN10Y
2013-08-01,1643.5,0.0370529999999999,7.34,0.0991867820163489,000015,上证红利,CNY,CN10Y
2013-08-02,1640.68,0.037034,7.33,0.09939164802182811,000015,上证红利,CNY,CN10Y
2013-08-05,1655.01,0.037104,7.37,0.09858121031207598,000015,上证红利,CNY,CN10Y
2013-08-06,1657.65,0.037153,7.36,0.0987165652173913,000015,上证红利,CNY,CN10Y
2013-08-07,1649.46,0.037703,7.31,0.09909590560875513,000015,上证红利,CNY,CN10Y
2013-08-08,1641.72,0.0384549999999999,7.3,0.0985313013698631,000015,上证红利,CNY,CN10Y
2013-08-09,1643.49,0.038407,7.31,0.09839190560875513,000015,上证红利,CNY,CN10Y
2013-08-12,1704.71,0.038513,7.5,0.09482033333333334,000015,上证红利,CNY,CN10Y
2013-08-13,1718.62,0.0392519999999999,7.51,0.09390379227696416,000015,上证红利,CNY,CN10Y
2013-08-14,1713.59,0.039516,7.5,0.09381733333333334,000015,上证红利,CNY,CN10Y
2013-08-15,1701.37,0.039602,7.46,0.09444625737265416,000015,上证红利,CNY,CN10Y
2013-08-16,1703.26,0.039401,7.47,0.09446780856760376,000015,上证红利,CNY,CN10Y
2013-08-19,1721.62,0.040103,7.49,0.09340834846461948,000015,上证红利,CNY,CN10Y
2013-08-20,1713.13,0.040881,7.43,0.09370850201884254,000015,上证红利,CNY,CN10Y
2013-08-21,1705.43,0.040382,7.42,0.09438888948787061,000015,上证红利,CNY,CN10Y
2013-08-22,1701.15,0.040302,7.39,0.09501599729364005,000015,上证红利,CNY,CN10Y
2013-08-23,1682.62,0.039916,7.34,0.09632378201634878,000015,上证红利,CNY,CN10Y
2013-08-26,1716.89,0.039555,7.44,0.09485360215053762,000015,上证红利,CNY,CN10Y
2013-08-27,1716.74,0.0396539999999999,7.43,0.09493550201884264,000015,上证红利,CNY,CN10Y
2013-08-28,1708.72,0.040222,7.4,0.09491313513513511,000015,上证红利,CNY,CN10Y
2013-08-29,1703.93,0.0403,7.39,0.09501799729364005,000015,上证红利,CNY,CN10Y
2013-08-30,1706.16,0.040354,7.4,0.09478113513513511,000015,上证红利,CNY,CN10Y
2013-09-02,1709.81,0.0403559999999999,7.15,0.09950413986013995,000015,上证红利,CNY,CN10Y
2013-09-03,1735.79,0.040404,7.23,0.09790858644536651,000015,上证红利,CNY,CN10Y
2013-09-04,1737.18,0.0405499999999999,7.24,0.09757154696132608,000015,上证红利,CNY,CN10Y
2013-09-05,1735.47,0.0405499999999999,7.2,0.098338888888889,000015,上证红利,CNY,CN10Y
2013-09-06,1752.25,0.040455,7.23,0.09785758644536652,000015,上证红利,CNY,CN10Y
2013-09-09,1849.08,0.0405499999999999,7.57,0.091550396301189,000015,上证红利,CNY,CN10Y
2013-09-10,1863.73,0.04065,7.59,0.09110230566534916,000015,上证红利,CNY,CN10Y
2013-09-11,1862.96,0.041341,7.59,0.09041130566534915,000015,上证红利,CNY,CN10Y
2013-09-12,1892.5,0.041291,7.64,0.08959905235602095,000015,上证红利,CNY,CN10Y
2013-09-13,1857.67,0.041406,7.54,0.09121999469496023,000015,上证红利,CNY,CN10Y
2013-09-16,1854.2,0.041201,7.52,0.09177772340425532,000015,上证红利,CNY,CN10Y
2013-09-17,1817.23,0.040721,7.38,0.09478035501355014,000015,上证红利,CNY,CN10Y
2013-09-18,1817.17,0.040502,7.36,0.09536756521739129,000015,上证红利,CNY,CN10Y
2013-09-22,,0.039851,7.36,0.0960185652173913,000015,上证红利,CNY,CN10Y
2013-09-23,1828.54,0.040095,7.45,0.0941331879194631,000015,上证红利,CNY,CN10Y
2013-09-24,1789.06,0.040201,7.36,0.0956685652173913,000015,上证红利,CNY,CN10Y
2013-09-25,1778.43,0.040202,7.33,0.0962236480218281,000015,上证红利,CNY,CN10Y
2013-09-26,1750.0,0.039901,7.24,0.09822054696132598,000015,上证红利,CNY,CN10Y
2013-09-27,1757.1,0.040002,7.26,0.09773904683195592,000015,上证红利,CNY,CN10Y
2013-09-29,,0.040002,7.26,0.09773904683195592,000015,上证红利,CNY,CN10Y
2013-09-30,1766.11,0.039954,7.28,0.09740863736263734,000015,上证红利,CNY,CN10Y
2013-10-08,1777.29,0.039903,7.32,0.09670902185792349,000015,上证红利,CNY,CN10Y
2013-10-09,1788.82,0.040316,7.33,0.09610964802182811,000015,上证红利,CNY,CN10Y
2013-10-10,1756.83,0.040166,7.24,0.09795554696132597,000015,上证红利,CNY,CN10Y
2013-10-11,1789.74,0.040265,7.34,0.09597478201634879,000015,上证红利,CNY,CN10Y
2013-10-12,,0.040263,7.34,0.0959767820163488,000015,上证红利,CNY,CN10Y
2013-10-14,1779.34,0.040663,7.33,0.0957626480218281,000015,上证红利,CNY,CN10Y
2013-10-15,1768.41,0.040791,7.29,0.09638321124828533,000015,上证红利,CNY,CN10Y
2013-10-16,1746.11,0.0409659999999999,7.24,0.09715554696132608,000015,上证红利,CNY,CN10Y
2013-10-17,1739.91,0.0409659999999999,7.23,0.09734658644536662,000015,上证红利,CNY,CN10Y
2013-10-18,1746.1,0.041055,7.24,0.09706654696132597,000015,上证红利,CNY,CN10Y
2013-10-21,1766.42,0.041105,7.3,0.095881301369863,000015,上证红利,CNY,CN10Y
2013-10-22,1747.4,0.0413049999999999,7.25,0.09662603448275872,000015,上证红利,CNY,CN10Y
2013-10-23,1744.28,0.041491,7.22,0.09701315512465375,000015,上证红利,CNY,CN10Y
2013-10-24,1727.59,0.04194,7.14,0.09811602240896358,000015,上证红利,CNY,CN10Y
2013-10-25,1721.04,0.04214,7.09,0.09890372355430184,000015,上证红利,CNY,CN10Y
2013-10-28,1719.81,0.0420399999999999,7.1,0.09880507042253532,000015,上证红利,CNY,CN10Y
2013-10-29,1749.29,0.0421729999999999,7.19,0.09690905841446462,000015,上证红利,CNY,CN10Y
2013-10-30,1768.16,0.0421729999999999,7.29,0.09500121124828542,000015,上证红利,CNY,CN10Y
2013-10-31,1744.53,0.041806,7.26,0.09593504683195592,000015,上证红利,CNY,CN10Y
2013-11-01,1763.06,0.0415559999999999,7.04,0.10048945454545466,000015,上证红利,CNY,CN10Y
2013-11-04,1754.71,0.041731,7.02,0.10071914245014246,000015,上证红利,CNY,CN10Y
2013-11-05,1748.97,0.042106,7.01,0.10054735235378032,000015,上证红利,CNY,CN10Y
2013-11-06,1727.78,0.042206,6.98,0.10106047564469914,000015,上证红利,CNY,CN10Y
2013-11-07,1730.43,0.042945,6.99,0.10011651645207438,000015,上证红利,CNY,CN10Y
2013-11-08,1711.1,0.043186,6.94,0.10090621902017291,000015,上证红利,CNY,CN10Y
2013-11-11,1711.12,0.044034,6.94,0.10005821902017292,000015,上证红利,CNY,CN10Y
2013-11-12,1726.37,0.044146,6.98,0.09912047564469914,000015,上证红利,CNY,CN10Y
2013-11-13,1681.71,0.0446279999999999,6.86,0.10114459475218668,000015,上证红利,CNY,CN10Y
2013-11-14,1679.06,0.045006,6.86,0.10076659475218658,000015,上证红利,CNY,CN10Y
2013-11-15,1706.52,0.046006,6.93,0.09829414430014433,000015,上证红利,CNY,CN10Y
2013-11-18,1779.82,0.046619,7.14,0.0934370224089636,000015,上证红利,CNY,CN10Y
2013-11-19,1763.41,0.046722,7.12,0.0937274382022472,000015,上证红利,CNY,CN10Y
2013-11-20,1767.3,0.047222,7.14,0.09283402240896359,000015,上证红利,CNY,CN10Y
2013-11-21,1760.55,0.0470089999999999,7.18,0.0922667660167132,000015,上证红利,CNY,CN10Y
2013-11-22,1755.82,0.046509,7.17,0.0929610139470014,000015,上证红利,CNY,CN10Y
2013-11-25,1741.23,0.046159,7.09,0.09488472355430183,000015,上证红利,CNY,CN10Y
2013-11-26,1739.9,0.046059,7.06,0.09558405949008499,000015,上证红利,CNY,CN10Y
2013-11-27,1754.79,0.0455109999999999,7.09,0.09553272355430194,000015,上证红利,CNY,CN10Y
2013-11-28,1766.48,0.044313,7.14,0.0957430224089636,000015,上证红利,CNY,CN10Y
2013-11-29,1762.6,0.043612,7.12,0.0968374382022472,000015,上证红利,CNY,CN10Y
2013-12-02,1789.03,0.044812,7.3,0.09217430136986302,000015,上证红利,CNY,CN10Y
2013-12-03,1788.19,0.044412,7.25,0.09351903448275861,000015,上证红利,CNY,CN10Y
2013-12-04,1801.74,0.0442619999999999,7.29,0.09291221124828543,000015,上证红利,CNY,CN10Y
2013-12-05,1794.16,0.044962,7.26,0.09277904683195592,000015,上证红利,CNY,CN10Y
2013-12-06,1783.92,0.045162,7.24,0.09295954696132597,000015,上证红利,CNY,CN10Y
2013-12-09,1777.9,0.0454129999999999,7.23,0.09289958644536661,000015,上证红利,CNY,CN10Y
2013-12-10,1785.17,0.046012,7.21,0.09268425520110957,000015,上证红利,CNY,CN10Y
2013-12-11,1753.05,0.046213,7.1,0.09463207042253521,000015,上证红利,CNY,CN10Y
2013-12-12,1744.99,0.045913,7.08,0.09532993785310734,000015,上证红利,CNY,CN10Y
2013-12-13,1734.35,0.045411,7.03,0.09683651066856327,000015,上证红利,CNY,CN10Y
2013-12-16,1718.06,0.0455389999999999,6.61,0.10574693040847209,000015,上证红利,CNY,CN10Y
2013-12-17,1712.44,0.045639,6.59,0.10610606828528073,000015,上证红利,CNY,CN10Y
2013-12-18,1709.2,0.045814,6.58,0.10616168389057751,000015,上证红利,CNY,CN10Y
2013-12-19,1692.59,0.046016,6.57,0.10619100152207,000015,上证红利,CNY,CN10Y
2013-12-20,1657.24,0.046016,6.44,0.10926350310559005,000015,上证红利,CNY,CN10Y
2013-12-23,1660.15,0.046017,6.46,0.10878176160990713,000015,上证红利,CNY,CN10Y
2013-12-24,1663.45,0.045566,6.45,0.10947275968992248,000015,上证红利,CNY,CN10Y
2013-12-25,1668.49,0.045666,6.48,0.10865498765432098,000015,上证红利,CNY,CN10Y
2013-12-26,1641.07,0.045579,6.4,0.11067099999999999,000015,上证红利,CNY,CN10Y
2013-12-27,1672.74,0.045437,6.46,0.10936176160990713,000015,上证红利,CNY,CN10Y
2013-12-30,1664.67,0.045437,6.43,0.11008399533437013,000015,上证红利,CNY,CN10Y
2013-12-31,1681.46,0.045518,6.49,0.10856520493066255,000015,上证红利,CNY,CN10Y
2014-01-02,1674.78,0.0460179999999999,6.48,0.10830298765432109,000015,上证红利,CNY,CN10Y
2014-01-03,1649.51,0.046415,6.41,0.10959124024960999,000015,上证红利,CNY,CN10Y
2014-01-06,1613.61,0.046569,6.37,0.11041687127158556,000015,上证红利,CNY,CN10Y
2014-01-07,1617.84,0.04642,6.35,0.11106031496062992,000015,上证红利,CNY,CN10Y
2014-01-08,1615.36,0.045919,6.33,0.11205888309636651,000015,上证红利,CNY,CN10Y
2014-01-09,1602.6,0.0459689999999999,6.3,0.11276115873015882,000015,上证红利,CNY,CN10Y
2014-01-10,1597.48,0.046016,6.29,0.1129665119236884,000015,上证红利,CNY,CN10Y
2014-01-13,1597.86,0.04597,6.31,0.1125086053882726,000015,上证红利,CNY,CN10Y
2014-01-14,1609.42,0.04602,6.33,0.1119578830963665,000015,上证红利,CNY,CN10Y
2014-01-15,1602.95,0.045523,6.29,0.11345951192368839,000015,上证红利,CNY,CN10Y
2014-01-16,1606.87,0.045871,6.27,0.11361863317384371,000015,上证红利,CNY,CN10Y
2014-01-17,1590.3,0.0459689999999999,6.26,0.113775408945687,000015,上证红利,CNY,CN10Y
2014-01-20,1579.27,0.045923,6.21,0.11510759581320451,000015,上证红利,CNY,CN10Y
2014-01-21,1586.56,0.045423,6.23,0.11509064365971108,000015,上证红利,CNY,CN10Y
2014-01-22,1621.14,0.045023,6.32,0.1132048481012658,000015,上证红利,CNY,CN10Y
2014-01-23,1609.86,0.044825,6.26,0.11491940894568689,000015,上证红利,CNY,CN10Y
2014-01-24,1620.97,0.0451229999999999,6.27,0.11436663317384381,000015,上证红利,CNY,CN10Y
2014-01-26,,0.044777,6.27,0.11471263317384371,000015,上证红利,CNY,CN10Y
2014-01-27,1609.71,0.044802,6.21,0.1162285958132045,000015,上证红利,CNY,CN10Y
2014-01-28,1613.5,0.045027,6.24,0.11522941025641024,000015,上证红利,CNY,CN10Y
2014-01-29,1628.69,0.045102,6.29,0.1138805119236884,000015,上证红利,CNY,CN10Y
2014-01-30,1613.15,0.045019,6.24,0.11523741025641024,000015,上证红利,CNY,CN10Y
2014-02-07,1619.0,0.044781,6.23,0.11573264365971107,000015,上证红利,CNY,CN10Y
2014-02-08,,0.04468,6.23,0.11583364365971108,000015,上证红利,CNY,CN10Y
2014-02-10,1655.45,0.044831,6.3,0.11389915873015871,000015,上证红利,CNY,CN10Y
2014-02-11,1670.88,0.044881,6.38,0.11185881191222571,000015,上证红利,CNY,CN10Y
2014-02-12,1676.3,0.0447829999999999,6.38,0.11195681191222581,000015,上证红利,CNY,CN10Y
2014-02-13,1675.54,0.0447829999999999,6.4,0.1114670000000001,000015,上证红利,CNY,CN10Y
2014-02-14,1687.16,0.044781,6.4,0.111469,000015,上证红利,CNY,CN10Y
2014-02-17,1693.6,0.0451349999999999,6.41,0.11087124024961009,000015,上证红利,CNY,CN10Y
2014-02-18,1675.45,0.045385,6.34,0.11234370662460566,000015,上证红利,CNY,CN10Y
2014-02-19,1695.48,0.045535,6.46,0.10926376160990714,000015,上证红利,CNY,CN10Y
2014-02-20,1696.83,0.045336,6.52,0.10803823312883436,000015,上证红利,CNY,CN10Y
2014-02-21,1677.23,0.0452339999999999,6.43,0.11028699533437024,000015,上证红利,CNY,CN10Y
2014-02-24,1651.0,0.044836,6.29,0.1141465119236884,000015,上证红利,CNY,CN10Y
2014-02-25,1616.66,0.044336,6.25,0.115664,000015,上证红利,CNY,CN10Y
2014-02-26,1620.32,0.044496,6.26,0.11524840894568689,000015,上证红利,CNY,CN10Y
2014-02-27,1637.8,0.043896,6.36,0.11333670440251573,000015,上证红利,CNY,CN10Y
2014-02-28,1637.05,0.044276,6.34,0.11345270662460566,000015,上证红利,CNY,CN10Y
2014-03-03,1648.47,0.044576,6.34,0.11315270662460566,000015,上证红利,CNY,CN10Y
2014-03-04,1639.8,0.045026,6.32,0.11320184810126581,000015,上证红利,CNY,CN10Y
2014-03-05,1625.78,0.045176,6.25,0.11482400000000001,000015,上证红利,CNY,CN10Y
2014-03-06,1629.35,0.045145,6.29,0.1138375119236884,000015,上证红利,CNY,CN10Y
2014-03-07,1624.52,0.0451419999999999,6.3,0.11358815873015882,000015,上证红利,CNY,CN10Y
2014-03-10,1574.93,0.045043,6.18,0.11676929773462785,000015,上证红利,CNY,CN10Y
2014-03-11,1576.07,0.045125,6.16,0.11721266233766234,000015,上证红利,CNY,CN10Y
2014-03-12,1576.37,0.0450239999999999,6.14,0.11784244951140077,000015,上证红利,CNY,CN10Y
2014-03-13,1601.14,0.0450239999999999,6.21,0.1160065958132046,000015,上证红利,CNY,CN10Y
2014-03-14,1596.36,0.044924,6.16,0.11741366233766234,000015,上证红利,CNY,CN10Y
2014-03-17,1612.18,0.04482,6.18,0.11699229773462785,000015,上证红利,CNY,CN10Y
2014-03-18,1613.49,0.045095,6.17,0.1169795542949757,000015,上证红利,CNY,CN10Y
2014-03-19,1607.15,0.045095,6.17,0.1169795542949757,000015,上证红利,CNY,CN10Y
2014-03-20,1580.54,0.045195,6.14,0.11767144951140067,000015,上证红利,CNY,CN10Y
2014-03-21,1623.52,0.045044,6.32,0.1131838481012658,000015,上证红利,CNY,CN10Y
2014-03-24,1638.54,0.045148,6.36,0.11208470440251572,000015,上证红利,CNY,CN10Y
2014-03-25,1636.88,0.0451919999999999,6.35,0.11228831496063002,000015,上证红利,CNY,CN10Y
2014-03-26,1635.02,0.044992,6.34,0.11273670662460566,000015,上证红利,CNY,CN10Y
2014-03-27,1623.39,0.045109,6.32,0.1131188481012658,000015,上证红利,CNY,CN10Y
2014-03-28,1620.39,0.045104,6.36,0.11212870440251571,000015,上证红利,CNY,CN10Y
2014-03-31,1616.13,0.045004,6.35,0.11247631496062992,000015,上证红利,CNY,CN10Y
2014-04-01,1627.02,0.044954,6.36,0.11227870440251572,000015,上证红利,CNY,CN10Y
2014-04-02,1638.8,0.044904,6.4,0.111346,000015,上证红利,CNY,CN10Y
2014-04-03,1620.3,0.044904,6.34,0.11282470662460567,000015,上证红利,CNY,CN10Y
2014-04-04,1630.33,0.044904,6.37,0.11208187127158556,000015,上证红利,CNY,CN10Y
2014-04-08,1661.93,0.044499,6.5,0.10934715384615386,000015,上证红利,CNY,CN10Y
2014-04-09,1668.43,0.044771,6.51,0.10883883102918587,000015,上证红利,CNY,CN10Y
2014-04-10,1691.91,0.044571,6.6,0.10694415151515152,000015,上证红利,CNY,CN10Y
2014-04-11,1692.01,0.044521,6.6,0.10699415151515151,000015,上证红利,CNY,CN10Y
2014-04-14,1688.05,0.044248,6.58,0.10772768389057749,000015,上证红利,CNY,CN10Y
2014-04-15,1660.56,0.044001,6.47,0.11055850540958269,000015,上证红利,CNY,CN10Y
2014-04-16,1663.27,0.043601,6.49,0.11048220493066255,000015,上证红利,CNY,CN10Y
2014-04-17,1659.27,0.0427489999999999,6.47,0.11181050540958279,000015,上证红利,CNY,CN10Y
2014-04-18,1659.49,0.0429969999999999,6.46,0.11180176160990724,000015,上证红利,CNY,CN10Y
2014-04-21,1633.69,0.0429969999999999,6.38,0.11374281191222582,000015,上证红利,CNY,CN10Y
2014-04-22,1641.55,0.0429969999999999,6.44,0.11228250310559015,000015,上证红利,CNY,CN10Y
2014-04-23,1639.48,0.043297,6.42,0.1124662398753894,000015,上证红利,CNY,CN10Y
2014-04-24,1637.21,0.043394,6.4,0.112856,000015,上证红利,CNY,CN10Y
2014-04-25,1622.73,0.043294,6.39,0.1132005226917058,000015,上证红利,CNY,CN10Y
2014-04-28,1605.99,0.043301,6.37,0.11368487127158555,000015,上证红利,CNY,CN10Y
2014-04-29,1620.61,0.043202,6.38,0.11353781191222573,000015,上证红利,CNY,CN10Y
2014-04-30,1625.12,0.043002,6.38,0.11373781191222572,000015,上证红利,CNY,CN10Y
2014-05-04,,0.0429019999999999,6.38,0.11383781191222582,000015,上证红利,CNY,CN10Y
2014-05-05,1625.37,0.043002,6.11,0.12066412111292961,000015,上证红利,CNY,CN10Y
2014-05-06,1628.06,0.042803,6.09,0.12140061247947453,000015,上证红利,CNY,CN10Y
2014-05-07,1613.82,0.042803,6.07,0.12194164579901151,000015,上证红利,CNY,CN10Y
2014-05-08,1613.3,0.042303,6.08,0.12217068421052632,000015,上证红利,CNY,CN10Y
2014-05-09,1607.82,0.041205,6.09,0.12299861247947455,000015,上证红利,CNY,CN10Y
2014-05-12,1642.81,0.041205,6.19,0.12034588852988692,000015,上证红利,CNY,CN10Y
2014-05-13,1636.62,0.041505,6.19,0.12004588852988692,000015,上证红利,CNY,CN10Y
2014-05-14,1632.87,0.041704,6.19,0.11984688852988692,000015,上证红利,CNY,CN10Y
2014-05-15,1618.26,0.0419149999999999,6.16,0.12042266233766244,000015,上证红利,CNY,CN10Y
2014-05-16,1619.63,0.041919,6.17,0.1201555542949757,000015,上证红利,CNY,CN10Y
2014-05-19,1603.6,0.0417079999999999,6.11,0.12195812111292971,000015,上证红利,CNY,CN10Y
2014-05-20,1603.63,0.0417699999999999,6.12,0.12162869281045763,000015,上证红利,CNY,CN10Y
2014-05-21,1620.09,0.0417699999999999,6.17,0.1203045542949758,000015,上证红利,CNY,CN10Y
2014-05-22,1613.72,0.0417699999999999,6.17,0.1203045542949758,000015,上证红利,CNY,CN10Y
2014-05-23,1618.43,0.041574,6.19,0.11997688852988692,000015,上证红利,CNY,CN10Y
2014-05-26,1626.54,0.0416739999999999,6.19,0.11987688852988701,000015,上证红利,CNY,CN10Y
2014-05-27,1623.93,0.041574,6.18,0.12023829773462785,000015,上证红利,CNY,CN10Y
2014-05-28,1634.43,0.0414569999999999,6.21,0.1195735958132046,000015,上证红利,CNY,CN10Y
2014-05-29,1621.2,0.041159,6.2,0.12013132258064516,000015,上证红利,CNY,CN10Y
2014-05-30,1619.14,0.040714,6.19,0.12083688852988692,000015,上证红利,CNY,CN10Y
2014-06-03,1616.39,0.040214,6.21,0.1208165958132045,000015,上证红利,CNY,CN10Y
2014-06-04,1603.71,0.040114,6.19,0.12143688852988692,000015,上证红利,CNY,CN10Y
2014-06-05,1617.24,0.0403139999999999,6.21,0.1207165958132046,000015,上证红利,CNY,CN10Y
2014-06-06,1607.04,0.040614,6.17,0.1214605542949757,000015,上证红利,CNY,CN10Y
2014-06-09,1607.67,0.040714,6.2,0.12057632258064516,000015,上证红利,CNY,CN10Y
2014-06-10,1625.04,0.040614,6.26,0.1191304089456869,000015,上证红利,CNY,CN10Y
2014-06-11,1626.75,0.040614,6.26,0.1191304089456869,000015,上证红利,CNY,CN10Y
2014-06-12,1620.13,0.04064,6.25,0.11936,000015,上证红利,CNY,CN10Y
2014-06-13,1635.15,0.0408399999999999,6.31,0.1176386053882727,000015,上证红利,CNY,CN10Y
2014-06-16,1649.33,0.04064,6.36,0.1165927044025157,000015,上证红利,CNY,CN10Y
2014-06-17,1638.03,0.04054,6.31,0.11793860538827261,000015,上证红利,CNY,CN10Y
2014-06-18,1627.35,0.04054,6.28,0.11869566878980892,000015,上证红利,CNY,CN10Y
2014-06-19,1602.83,0.040408,6.22,0.12036370418006431,000015,上证红利,CNY,CN10Y
2014-06-20,1610.62,0.0405149999999999,6.18,0.12129729773462795,000015,上证红利,CNY,CN10Y
2014-06-23,1605.29,0.0405149999999999,6.14,0.12235144951140077,000015,上证红利,CNY,CN10Y
2014-06-24,1606.24,0.0405149999999999,6.14,0.12235144951140077,000015,上证红利,CNY,CN10Y
2014-06-25,1602.47,0.0405569999999999,6.14,0.12230944951140077,000015,上证红利,CNY,CN10Y
2014-06-26,1610.57,0.040472,6.16,0.12186566233766233,000015,上证红利,CNY,CN10Y
2014-06-27,1607.46,0.040485,6.11,0.12318112111292961,000015,上证红利,CNY,CN10Y
2014-06-30,1620.5,0.040612,6.14,0.12225444951140066,000015,上证红利,CNY,CN10Y
2014-07-01,1619.44,0.040812,6.12,0.12258669281045752,000015,上证红利,CNY,CN10Y
2014-07-02,1625.14,0.041212,6.14,0.12165444951140067,000015,上证红利,CNY,CN10Y
2014-07-03,1626.99,0.041503,6.11,0.12216312111292961,000015,上证红利,CNY,CN10Y
2014-07-04,1625.0,0.041747,6.1,0.1221874262295082,000015,上证红利,CNY,CN10Y
2014-07-07,1623.79,0.041212,6.11,0.12245412111292961,000015,上证红利,CNY,CN10Y
2014-07-08,1631.13,0.041162,6.12,0.12223669281045751,000015,上证红利,CNY,CN10Y
2014-07-09,1608.45,0.041276,6.05,0.1240132561983471,000015,上证红利,CNY,CN10Y
2014-07-10,1603.04,0.041298,6.05,0.12399125619834711,000015,上证红利,CNY,CN10Y
2014-07-11,1606.03,0.041198,6.04,0.12436491390728478,000015,上证红利,CNY,CN10Y
2014-07-14,1625.04,0.041298,6.07,0.12344664579901152,000015,上证红利,CNY,CN10Y
2014-07-15,1627.94,0.041571,6.08,0.12290268421052633,000015,上证红利,CNY,CN10Y
2014-07-16,1627.28,0.042171,6.09,0.12203261247947454,000015,上证红利,CNY,CN10Y
2014-07-17,1616.42,0.04267,6.06,0.12234650165016502,000015,上证红利,CNY,CN10Y
2014-07-18,1617.37,0.043019,6.05,0.12227025619834711,000015,上证红利,CNY,CN10Y
2014-07-21,1614.57,0.043017,6.02,0.12309595681063124,000015,上证红利,CNY,CN10Y
2014-07-22,1633.96,0.042717,6.07,0.12202764579901151,000015,上证红利,CNY,CN10Y
2014-07-23,1635.55,0.042967,6.09,0.12123661247947454,000015,上证红利,CNY,CN10Y
2014-07-24,1662.7,0.042967,6.2,0.11832332258064515,000015,上证红利,CNY,CN10Y
2014-07-25,1676.71,0.042711,6.26,0.1170334089456869,000015,上证红利,CNY,CN10Y
2014-07-28,1717.87,0.042713,6.44,0.11256650310559005,000015,上证红利,CNY,CN10Y
2014-07-29,1722.13,0.042805,6.43,0.11271599533437013,000015,上证红利,CNY,CN10Y
2014-07-30,1713.59,0.042905,6.43,0.11261599533437014,000015,上证红利,CNY,CN10Y
2014-07-31,1735.13,0.042655,6.48,0.11166598765432098,000015,上证红利,CNY,CN10Y
2014-08-01,1725.09,0.0425689999999999,6.45,0.11246975968992258,000015,上证红利,CNY,CN10Y
2014-08-04,1754.77,0.04253,6.54,0.1103751987767584,000015,上证红利,CNY,CN10Y
2014-08-05,1753.43,0.042576,6.52,0.11079823312883436,000015,上证红利,CNY,CN10Y
2014-08-06,1750.68,0.042463,6.48,0.11185798765432098,000015,上证红利,CNY,CN10Y
2014-08-07,1726.16,0.042563,6.38,0.11417681191222573,000015,上证红利,CNY,CN10Y
2014-08-08,1729.04,0.042712,6.4,0.113538,000015,上证红利,CNY,CN10Y
2014-08-11,1760.67,0.042815,6.49,0.11126820493066256,000015,上证红利,CNY,CN10Y
2014-08-12,1757.8,0.042815,6.46,0.11198376160990714,000015,上证红利,CNY,CN10Y
2014-08-13,1757.56,0.04255,6.44,0.11272950310559005,000015,上证红利,CNY,CN10Y
2014-08-14,1743.92,0.0421,6.4,0.11415,000015,上证红利,CNY,CN10Y
2014-08-15,1754.41,0.042002,6.44,0.11327750310559005,000015,上证红利,CNY,CN10Y
2014-08-18,1761.07,0.042153,6.44,0.11312650310559005,000015,上证红利,CNY,CN10Y
2014-08-19,1764.97,0.042422,6.47,0.11213750540958269,000015,上证红利,CNY,CN10Y
2014-08-20,1758.31,0.042523,6.44,0.11275650310559004,000015,上证红利,CNY,CN10Y
2014-08-21,1745.31,0.042512,6.39,0.1139825226917058,000015,上证红利,CNY,CN10Y
2014-08-22,1752.19,0.04256,6.41,0.11344624024960999,000015,上证红利,CNY,CN10Y
2014-08-25,1739.3,0.042524,6.39,0.1139705226917058,000015,上证红利,CNY,CN10Y
2014-08-26,1726.73,0.042462,6.37,0.11452387127158556,000015,上证红利,CNY,CN10Y
2014-08-27,1723.92,0.04231,6.37,0.11467587127158556,000015,上证红利,CNY,CN10Y
2014-08-28,1713.43,0.0422539999999999,6.33,0.11572388309636661,000015,上证红利,CNY,CN10Y
2014-08-29,1731.9,0.042361,6.38,0.11437881191222571,000015,上证红利,CNY,CN10Y
2014-09-01,1743.6,0.042405,6.22,0.11836670418006431,000015,上证红利,CNY,CN10Y
2014-09-02,1764.27,0.04249,6.29,0.1164925119236884,000015,上证红利,CNY,CN10Y
2014-09-03,1779.35,0.04264,6.36,0.11459270440251572,000015,上证红利,CNY,CN10Y
2014-09-04,1790.02,0.042814,6.39,0.11368052269170581,000015,上证红利,CNY,CN10Y
2014-09-05,1812.6,0.0429279999999999,6.45,0.11211075968992258,000015,上证红利,CNY,CN10Y
2014-09-09,1811.09,0.042868,6.42,0.1128952398753894,000015,上证红利,CNY,CN10Y
2014-09-10,1800.42,0.042934,6.36,0.11429870440251572,000015,上证红利,CNY,CN10Y
2014-09-11,1799.02,0.042937,6.35,0.11454331496062992,000015,上证红利,CNY,CN10Y
2014-09-12,1808.73,0.042793,6.38,0.11394681191222572,000015,上证红利,CNY,CN10Y
2014-09-15,1813.96,0.0425969999999999,6.37,0.11438887127158566,000015,上证红利,CNY,CN10Y
2014-09-16,1785.32,0.042634,6.33,0.1153438830963665,000015,上证红利,CNY,CN10Y
2014-09-17,1790.28,0.042008,6.33,0.11596988309636652,000015,上证红利,CNY,CN10Y
2014-09-18,1797.37,0.0414379999999999,6.35,0.11604231496063003,000015,上证红利,CNY,CN10Y
2014-09-19,1805.89,0.04031,6.34,0.11741870662460567,000015,上证红利,CNY,CN10Y
2014-09-22,1779.6,0.04011,6.22,0.1206617041800643,000015,上证红利,CNY,CN10Y
2014-09-23,1788.73,0.039911,6.24,0.12034541025641024,000015,上证红利,CNY,CN10Y
2014-09-24,1814.66,0.040425,6.31,0.1180536053882726,000015,上证红利,CNY,CN10Y
2014-09-25,1815.97,0.040025,6.31,0.1184536053882726,000015,上证红利,CNY,CN10Y
2014-09-26,1816.38,0.0400919999999999,6.3,0.11863815873015882,000015,上证红利,CNY,CN10Y
2014-09-28,,0.040227,6.3,0.11850315873015872,000015,上证红利,CNY,CN10Y
2014-09-29,1827.3,0.039925,6.3,0.11880515873015872,000015,上证红利,CNY,CN10Y
2014-09-30,1832.83,0.039824,6.31,0.1186546053882726,000015,上证红利,CNY,CN10Y
2014-10-08,1844.01,0.03993,6.33,0.11804788309636652,000015,上证红利,CNY,CN10Y
2014-10-09,1844.01,0.040014,6.33,0.11796388309636652,000015,上证红利,CNY,CN10Y
2014-10-10,1829.95,0.040131,6.3,0.11859915873015872,000015,上证红利,CNY,CN10Y
2014-10-11,,0.039965,6.3,0.11876515873015872,000015,上证红利,CNY,CN10Y
2014-10-13,1818.85,0.0399529999999999,6.25,0.1200470000000001,000015,上证红利,CNY,CN10Y
2014-10-14,1815.17,0.039015,6.24,0.12124141025641025,000015,上证红利,CNY,CN10Y
2014-10-15,1824.49,0.038215,6.27,0.12127463317384371,000015,上证红利,CNY,CN10Y
2014-10-16,1817.97,0.038116,6.27,0.12137363317384371,000015,上证红利,CNY,CN10Y
2014-10-17,1811.61,0.03811,6.24,0.12214641025641024,000015,上证红利,CNY,CN10Y
2014-10-20,1822.03,0.037441,6.26,0.12230340894568689,000015,上证红利,CNY,CN10Y
2014-10-21,1806.61,0.037323,6.23,0.12319064365971108,000015,上证红利,CNY,CN10Y
2014-10-22,1796.47,0.037929,6.23,0.12258464365971108,000015,上证红利,CNY,CN10Y
2014-10-23,1775.95,0.038108,6.19,0.12344288852988691,000015,上证红利,CNY,CN10Y
2014-10-24,1775.26,0.038013,6.18,0.12379929773462786,000015,上证红利,CNY,CN10Y
2014-10-27,1760.92,0.037756,6.11,0.1259101211129296,000015,上证红利,CNY,CN10Y
2014-10-28,1795.78,0.037424,6.19,0.12412688852988692,000015,上证红利,CNY,CN10Y
2014-10-29,1825.84,0.037176,6.27,0.12231363317384371,000015,上证红利,CNY,CN10Y
2014-10-30,1852.74,0.037688,6.34,0.12004070662460567,000015,上证红利,CNY,CN10Y
2014-10-31,1883.81,0.037559,6.47,0.11700050540958268,000015,上证红利,CNY,CN10Y
2014-11-03,1897.33,0.037007,6.37,0.11997887127158556,000015,上证红利,CNY,CN10Y
2014-11-04,1894.57,0.036412,6.36,0.12082070440251572,000015,上证红利,CNY,CN10Y
2014-11-05,1891.26,0.0361169999999999,6.32,0.1221108481012659,000015,上证红利,CNY,CN10Y
2014-11-06,1896.69,0.036223,6.32,0.1220048481012658,000015,上证红利,CNY,CN10Y
2014-11-07,1892.81,0.0356309999999999,6.32,0.1225968481012659,000015,上证红利,CNY,CN10Y
2014-11-10,1946.17,0.035132,6.48,0.11918898765432098,000015,上证红利,CNY,CN10Y
2014-11-11,1942.75,0.034981,6.64,0.11562140963855423,000015,上证红利,CNY,CN10Y
2014-11-12,1969.26,0.03556,6.63,0.11526956259426846,000015,上证红利,CNY,CN10Y
2014-11-13,1962.84,0.035924,6.63,0.11490556259426847,000015,上证红利,CNY,CN10Y
2014-11-14,1956.93,0.036466,6.62,0.11459140181268881,000015,上证红利,CNY,CN10Y
2014-11-17,1954.54,0.0366089999999999,6.56,0.11583002439024401,000015,上证红利,CNY,CN10Y
2014-11-18,1934.85,0.03607,6.46,0.11872876160990714,000015,上证红利,CNY,CN10Y
2014-11-19,1924.62,0.036154,6.43,0.11936699533437015,000015,上证红利,CNY,CN10Y
2014-11-20,1924.1,0.036521,6.43,0.11899999533437014,000015,上证红利,CNY,CN10Y
2014-11-21,1953.14,0.036514,6.52,0.11686023312883437,000015,上证红利,CNY,CN10Y
2014-11-24,1986.68,0.034767,6.57,0.11744000152207001,000015,上证红利,CNY,CN10Y
2014-11-25,2024.66,0.035216,6.65,0.11515993984962405,000015,上证红利,CNY,CN10Y
2014-11-26,2043.11,0.035228,6.76,0.11270099408284023,000015,上证红利,CNY,CN10Y
2014-11-27,2053.12,0.035243,6.81,0.11159987812041117,000015,上证红利,CNY,CN10Y
2014-11-28,2105.83,0.035249,7.1,0.10559607042253522,000015,上证红利,CNY,CN10Y
2014-12-01,2110.16,0.035145,7.1,0.10570007042253521,000015,上证红利,CNY,CN10Y
2014-12-02,2175.46,0.035553,7.4,0.09958213513513511,000015,上证红利,CNY,CN10Y
2014-12-03,2180.12,0.036238,7.35,0.0998164217687075,000015,上证红利,CNY,CN10Y
2014-12-04,2273.61,0.036633,7.8,0.09157212820512822,000015,上证红利,CNY,CN10Y
2014-12-05,2287.04,0.037759,8.17,0.08464002080783353,000015,上证红利,CNY,CN10Y
2014-12-08,2352.07,0.037918,8.33,0.08213001920768306,000015,上证红利,CNY,CN10Y
2014-12-09,2245.05,0.037532,7.72,0.09200167875647669,000015,上证红利,CNY,CN10Y
2014-12-10,2336.82,0.037111,7.91,0.08931125031605561,000015,上证红利,CNY,CN10Y
2014-12-11,2338.17,0.037282,7.8,0.09092312820512821,000015,上证红利,CNY,CN10Y
2014-12-12,2337.15,0.037513,7.79,0.09085670474967908,000015,上证红利,CNY,CN10Y
2014-12-15,2334.11,0.037815,7.5,0.09551833333333333,000015,上证红利,CNY,CN10Y
2014-12-16,2386.4,0.037522,7.73,0.09184410608020699,000015,上证红利,CNY,CN10Y
2014-12-17,2424.64,0.037377,8.02,0.08731127930174565,000015,上证红利,CNY,CN10Y
2014-12-18,2420.21,0.037614,7.94,0.08833058438287153,000015,上证红利,CNY,CN10Y
2014-12-19,2499.89,0.037106,8.18,0.08514338875305624,000015,上证红利,CNY,CN10Y
2014-12-22,2547.76,0.03703,8.56,0.07979242990654206,000015,上证红利,CNY,CN10Y
2014-12-23,2440.65,0.036604,8.16,0.08594501960784313,000015,上证红利,CNY,CN10Y
2014-12-24,2385.4,0.035975,7.87,0.09108980304955527,000015,上证红利,CNY,CN10Y
2014-12-25,2471.87,0.036305,8.17,0.08609402080783354,000015,上证红利,CNY,CN10Y
2014-12-26,2520.74,0.036339,8.42,0.08242584560570071,000015,上证红利,CNY,CN10Y
2014-12-29,2515.34,0.036213,8.45,0.08213019526627219,000015,上证红利,CNY,CN10Y
2014-12-30,2493.09,0.036213,8.58,0.08033711655011655,000015,上证红利,CNY,CN10Y
2014-12-31,2547.69,0.036219,8.86,0.07664781715575622,000015,上证红利,CNY,CN10Y
2015-01-04,,0.036285,8.86,0.07658181715575622,000015,上证红利,CNY,CN10Y
2015-01-05,2654.75,0.036251,9.35,0.07070087165775402,000015,上证红利,CNY,CN10Y
2015-01-06,2664.34,0.0363529999999999,9.35,0.07059887165775411,000015,上证红利,CNY,CN10Y
2015-01-07,2653.79,0.036408,9.41,0.06986192561105206,000015,上证红利,CNY,CN10Y
2015-01-08,2583.05,0.036415,9.11,0.0733544840834248,000015,上证红利,CNY,CN10Y
2015-01-09,2569.26,0.036348,9.11,0.0734214840834248,000015,上证红利,CNY,CN10Y
2015-01-12,2510.34,0.036371,8.92,0.07573662331838565,000015,上证红利,CNY,CN10Y
2015-01-13,2522.9,0.035836,8.92,0.07627162331838566,000015,上证红利,CNY,CN10Y
2015-01-14,2516.88,0.035411,8.99,0.07582370522803114,000015,上证红利,CNY,CN10Y
2015-01-15,2593.23,0.035464,9.41,0.07080592561105206,000015,上证红利,CNY,CN10Y
2015-01-16,2610.98,0.035017,9.54,0.06980480293501048,000015,上证红利,CNY,CN10Y
2015-01-19,2386.75,0.03475,8.63,0.08112485515643104,000015,上证红利,CNY,CN10Y
2015-01-20,2434.01,0.034711,8.72,0.0799678990825688,000015,上证红利,CNY,CN10Y
2015-01-21,2533.4,0.034672,9.23,0.07367036186348863,000015,上证红利,CNY,CN10Y
2015-01-22,2536.68,0.034521,9.18,0.07441146187363834,000015,上证红利,CNY,CN10Y
2015-01-23,2532.34,0.03452,9.24,0.07370510822510823,000015,上证红利,CNY,CN10Y
2015-01-26,2557.61,0.0343409999999999,9.27,0.07353386515641866,000015,上证红利,CNY,CN10Y
2015-01-27,2545.26,0.034309,9.04,0.07631046902654867,000015,上证红利,CNY,CN10Y
2015-01-28,2522.4,0.034767,8.89,0.0777189392575928,000015,上证红利,CNY,CN10Y
2015-01-29,2504.7,0.034966,8.72,0.0797128990825688,000015,上证红利,CNY,CN10Y
2015-01-30,2472.61,0.035019,8.59,0.08139543538998836,000015,上证红利,CNY,CN10Y
2015-02-02,2407.03,0.034729,8.29,0.08589826176115803,000015,上证红利,CNY,CN10Y
2015-02-03,2449.72,0.034533,8.52,0.08283789201877934,000015,上证红利,CNY,CN10Y
2015-02-04,2430.11,0.034589,8.39,0.08460051132300356,000015,上证红利,CNY,CN10Y
2015-02-05,2387.32,0.034018,8.28,0.0867549468599034,000015,上证红利,CNY,CN10Y
2015-02-06,2328.34,0.034325,8.1,0.08913179012345679,000015,上证红利,CNY,CN10Y
2015-02-09,2329.14,0.034236,8.15,0.08846338650306748,000015,上证红利,CNY,CN10Y
2015-02-10,2375.18,0.0342989999999999,8.3,0.08618292771084346,000015,上证红利,CNY,CN10Y
2015-02-11,2383.35,0.033955,8.27,0.08696398428053205,000015,上证红利,CNY,CN10Y
2015-02-12,2385.7,0.033865,8.29,0.08676226176115803,000015,上证红利,CNY,CN10Y
2015-02-13,2412.81,0.033552,8.37,0.08592231302270013,000015,上证红利,CNY,CN10Y
2015-02-15,,0.0336249999999999,8.37,0.08584931302270024,000015,上证红利,CNY,CN10Y
2015-02-16,2424.47,0.033374,8.34,0.08653007673860912,000015,上证红利,CNY,CN10Y
2015-02-17,2446.95,0.033373,8.4,0.08567461904761904,000015,上证红利,CNY,CN10Y
2015-02-25,2443.22,0.03349,8.4,0.08555761904761905,000015,上证红利,CNY,CN10Y
2015-02-26,2503.12,0.033594,8.57,0.08309211435239207,000015,上证红利,CNY,CN10Y
2015-02-27,2506.17,0.033745,8.58,0.08280511655011655,000015,上证红利,CNY,CN10Y
2015-02-28,,0.033602,8.58,0.08294811655011655,000015,上证红利,CNY,CN10Y
2015-03-02,2536.03,0.033883,8.59,0.08253143538998836,000015,上证红利,CNY,CN10Y
2015-03-03,2498.17,0.034022,8.32,0.08617030769230768,000015,上证红利,CNY,CN10Y
2015-03-04,2506.38,0.0338689999999999,8.3,0.08661292771084346,000015,上证红利,CNY,CN10Y
2015-03-05,2474.46,0.034369,8.13,0.08863223001230011,000015,上证红利,CNY,CN10Y
2015-03-06,2475.89,0.034753,8.16,0.08779601960784314,000015,上证红利,CNY,CN10Y
2015-03-09,2543.27,0.034922,8.43,0.08370196204033215,000015,上证红利,CNY,CN10Y
2015-03-10,2532.62,0.035228,8.3,0.08525392771084336,000015,上证红利,CNY,CN10Y
2015-03-11,2540.03,0.034466,8.33,0.08558201920768307,000015,上证红利,CNY,CN10Y
2015-03-12,2593.01,0.034412,8.6,0.08186706976744186,000015,上证红利,CNY,CN10Y
2015-03-13,2612.88,0.034879,8.62,0.0811302807424594,000015,上证红利,CNY,CN10Y
2015-03-16,2662.86,0.035301,8.73,0.0792465372279496,000015,上证红利,CNY,CN10Y
2015-03-17,2710.33,0.035428,8.85,0.07756635028248587,000015,上证红利,CNY,CN10Y
2015-03-18,2791.35,0.0355189999999999,9.06,0.07485627593818994,000015,上证红利,CNY,CN10Y
2015-03-19,2802.27,0.035348,9.02,0.07551674501108649,000015,上证红利,CNY,CN10Y
2015-03-20,2828.42,0.034958,9.08,0.07517415859030836,000015,上证红利,CNY,CN10Y
2015-03-23,2891.32,0.034933,9.21,0.07364463300760044,000015,上证红利,CNY,CN10Y
2015-03-24,2917.95,0.034841,9.2,0.07385465217391306,000015,上证红利,CNY,CN10Y
2015-03-25,2890.42,0.035037,8.99,0.07619770522803114,000015,上证红利,CNY,CN10Y
2015-03-26,2885.05,0.03544,9.12,0.07420912280701755,000015,上证红利,CNY,CN10Y
2015-03-27,2901.24,0.035678,9.09,0.07433300110011001,000015,上证红利,CNY,CN10Y
2015-03-30,2977.69,0.035849,9.39,0.07064727263045792,000015,上证红利,CNY,CN10Y
2015-03-31,2942.06,0.036483,9.26,0.0715083606911447,000015,上证红利,CNY,CN10Y
2015-04-01,2997.0,0.035997,9.35,0.070954871657754,000015,上证红利,CNY,CN10Y
2015-04-02,3037.98,0.035438,9.32,0.0718581373390558,000015,上证红利,CNY,CN10Y
2015-04-03,3091.73,0.03572,9.35,0.071231871657754,000015,上证红利,CNY,CN10Y
2015-04-07,3199.64,0.035987,9.61,0.06807127263267432,000015,上证红利,CNY,CN10Y
2015-04-08,3247.02,0.036938,9.74,0.0657314045174538,000015,上证红利,CNY,CN10Y
2015-04-09,3220.99,0.03704,9.62,0.06691010395010397,000015,上证红利,CNY,CN10Y
2015-04-10,3301.66,0.036947,9.76,0.06551201639344262,000015,上证红利,CNY,CN10Y
2015-04-13,3343.03,0.0366849999999999,10.03,0.06301589730807589,000015,上证红利,CNY,CN10Y
2015-04-14,3362.05,0.036211,9.98,0.0639894008016032,000015,上证红利,CNY,CN10Y
2015-04-15,3309.96,0.035954,10.07,0.06335086593843098,000015,上证红利,CNY,CN10Y
2015-04-16,3405.44,0.0356,10.39,0.06064639076034648,000015,上证红利,CNY,CN10Y
2015-04-17,3451.1,0.035627,10.59,0.05880170632672333,000015,上证红利,CNY,CN10Y
2015-04-20,3369.36,0.034554,10.3,0.0625333786407767,000015,上证红利,CNY,CN10Y
2015-04-21,3427.71,0.034055,10.42,0.061914289827255276,000015,上证红利,CNY,CN10Y
2015-04-22,3525.85,0.034052,10.61,0.060198706880301614,000015,上证红利,CNY,CN10Y
2015-04-23,3545.2,0.034151,10.59,0.06027770632672333,000015,上证红利,CNY,CN10Y
2015-04-24,3481.52,0.034454,10.42,0.06151528982725528,000015,上证红利,CNY,CN10Y
2015-04-27,3550.09,0.033952,10.92,0.057623091575091566,000015,上证红利,CNY,CN10Y
2015-04-28,3487.29,0.033804,10.97,0.05735370282588878,000015,上证红利,CNY,CN10Y
2015-04-29,3497.18,0.034,10.75,0.059023255813953485,000015,上证红利,CNY,CN10Y
2015-04-30,3480.95,0.033503,10.57,0.0611043793755913,000015,上证红利,CNY,CN10Y
2015-05-04,3545.56,0.033804,11.04,0.05677571014492755,000015,上证红利,CNY,CN10Y
2015-05-05,3380.1,0.034006,10.49,0.06132288465204957,000015,上证红利,CNY,CN10Y
2015-05-06,3305.91,0.03456,10.3,0.0625273786407767,000015,上证红利,CNY,CN10Y
2015-05-07,3191.95,0.034401,10.06,0.06500257852882703,000015,上证红利,CNY,CN10Y
2015-05-08,3268.88,0.033703,10.21,0.06424019294809011,000015,上证红利,CNY,CN10Y
2015-05-11,3378.84,0.033752,10.41,0.062309479346781944,000015,上证红利,CNY,CN10Y
2015-05-12,3421.62,0.034002,10.48,0.06141784732824427,000015,上证红利,CNY,CN10Y
2015-05-13,3404.7,0.034002,10.33,0.06280342110358181,000015,上证红利,CNY,CN10Y
2015-05-14,3406.74,0.033803,10.3,0.0632843786407767,000015,上证红利,CNY,CN10Y
2015-05-15,3353.25,0.033907,10.07,0.06539786593843097,000015,上证红利,CNY,CN10Y
2015-05-18,3322.64,0.034109,9.88,0.06710557489878542,000015,上证红利,CNY,CN10Y
2015-05-19,3424.91,0.034311,10.22,0.06353635812133071,000015,上证红利,CNY,CN10Y
2015-05-20,3455.55,0.034282,10.23,0.06346971065493645,000015,上证红利,CNY,CN10Y
2015-05-21,3538.38,0.034257,10.29,0.06292472983479105,000015,上证红利,CNY,CN10Y
2015-05-22,3625.92,0.0341599999999999,10.61,0.060090706880301714,000015,上证红利,CNY,CN10Y
2015-05-25,3748.77,0.03431,10.91,0.05734902841429881,000015,上证红利,CNY,CN10Y
2015-05-26,3808.89,0.0352139999999999,10.97,0.05594370282588888,000015,上证红利,CNY,CN10Y
2015-05-27,3808.98,0.035055,10.95,0.056269200913242015,000015,上证红利,CNY,CN10Y
2015-05-28,3539.11,0.0356519999999999,10.21,0.062291192948090206,000015,上证红利,CNY,CN10Y
2015-05-29,3534.85,0.035954,10.12,0.06286022924901187,000015,上证红利,CNY,CN10Y
2015-06-01,3755.24,0.036404,10.6,0.05793562264150944,000015,上证红利,CNY,CN10Y
2015-06-02,3841.03,0.03588,10.63,0.058193377234242706,000015,上证红利,CNY,CN10Y
2015-06-03,3828.61,0.036111,10.62,0.058050958568738244,000015,上证红利,CNY,CN10Y
2015-06-04,3886.23,0.035912,10.91,0.05574702841429881,000015,上证红利,CNY,CN10Y
2015-06-05,3967.63,0.035814,10.99,0.055177810737033664,000015,上证红利,CNY,CN10Y
2015-06-08,4057.67,0.035613,11.53,0.05111726886383348,000015,上证红利,CNY,CN10Y
2015-06-09,4065.49,0.035565,11.48,0.05154301393728222,000015,上证红利,CNY,CN10Y
2015-06-10,4050.16,0.035912,11.32,0.05242722261484099,000015,上证红利,CNY,CN10Y
2015-06-11,4049.55,0.036197,11.23,0.052850195013357075,000015,上证红利,CNY,CN10Y
2015-06-12,4144.66,0.036226,11.34,0.051957421516754844,000015,上证红利,CNY,CN10Y
2015-06-15,4129.64,0.036681,11.06,0.05373491320072333,000015,上证红利,CNY,CN10Y
2015-06-16,3967.71,0.036099,10.76,0.056837802973977704,000015,上证红利,CNY,CN10Y
2015-06-17,4064.68,0.036052,10.95,0.05527220091324202,000015,上证红利,CNY,CN10Y
2015-06-18,3974.98,0.03573,10.53,0.05923676163342831,000015,上证红利,CNY,CN10Y
2015-06-19,3681.0,0.035825,9.99,0.0642751001001001,000015,上证红利,CNY,CN10Y
2015-06-23,3715.85,0.036054,10.3,0.061033378640776695,000015,上证红利,CNY,CN10Y
2015-06-24,3828.29,0.036079,10.56,0.058617969696969696,000015,上证红利,CNY,CN10Y
2015-06-25,3691.08,0.036028,10.26,0.06143788693957116,000015,上证红利,CNY,CN10Y
2015-06-26,3409.96,0.03608,9.69,0.06711917440660475,000015,上证红利,CNY,CN10Y
2015-06-29,3321.83,0.03603,9.8,0.06601081632653061,000015,上证红利,CNY,CN10Y
2015-06-30,3508.27,0.035976,10.3,0.061111378640776697,000015,上证红利,CNY,CN10Y
2015-07-01,3290.28,0.036127,9.87,0.06519012259371834,000015,上证红利,CNY,CN10Y
2015-07-02,3145.95,0.036223,10.06,0.06318057852882702,000015,上证红利,CNY,CN10Y
2015-07-03,2926.26,0.035719,9.61,0.06833927263267431,000015,上证红利,CNY,CN10Y
2015-07-06,3016.3,0.034917,10.37,0.06151501542912247,000015,上证红利,CNY,CN10Y
2015-07-07,2965.8,0.034361,10.78,0.0584033784786642,000015,上证红利,CNY,CN10Y
2015-07-08,2780.36,0.034307,10.16,0.06411819685039369,000015,上证红利,CNY,CN10Y
2015-07-09,2971.28,0.034358,10.64,0.05962696240601503,000015,上证红利,CNY,CN10Y
2015-07-10,3140.3,0.034885,10.8,0.05770759259259259,000015,上证红利,CNY,CN10Y
2015-07-13,3237.7,0.0350139999999999,10.49,0.06031488465204967,000015,上证红利,CNY,CN10Y
2015-07-14,3175.8,0.035341,10.24,0.06231525,000015,上证红利,CNY,CN10Y
2015-07-15,3050.24,0.035495,10.5,0.059743095238095234,000015,上证红利,CNY,CN10Y
2015-07-16,3068.58,0.0352079999999999,10.4,0.060945846153846246,000015,上证红利,CNY,CN10Y
2015-07-17,3171.61,0.035123,10.43,0.06075427708533078,000015,上证红利,CNY,CN10Y
2015-07-20,3179.55,0.035009,10.47,0.06050198376313276,000015,上证红利,CNY,CN10Y
2015-07-21,3207.76,0.0352139999999999,10.37,0.06121801542912257,000015,上证红利,CNY,CN10Y
2015-07-22,3197.93,0.035145,10.3,0.061942378640776695,000015,上证红利,CNY,CN10Y
2015-07-23,3258.37,0.034751,10.38,0.061588113680154134,000015,上证红利,CNY,CN10Y
2015-07-24,3200.57,0.034602,10.28,0.06267426459143968,000015,上证红利,CNY,CN10Y
2015-07-27,2930.93,0.034602,9.44,0.07133020338983051,000015,上证红利,CNY,CN10Y
2015-07-28,2920.3,0.034401,9.38,0.07220880810234541,000015,上证红利,CNY,CN10Y
2015-07-29,3031.87,0.034302,9.45,0.07151810582010583,000015,上证红利,CNY,CN10Y
2015-07-30,2974.0,0.034402,9.29,0.07324062648008613,000015,上证红利,CNY,CN10Y
2015-07-31,2973.79,0.034752,9.21,0.07382563300760042,000015,上证红利,CNY,CN10Y
2015-08-03,3021.01,0.0347,9.25,0.0734081081081081,000015,上证红利,CNY,CN10Y
2015-08-04,3108.48,0.0347,9.37,0.07202358591248667,000015,上证红利,CNY,CN10Y
2015-08-05,3040.38,0.034701,9.19,0.0741129281828074,000015,上证红利,CNY,CN10Y
2015-08-06,3014.93,0.0346,9.14,0.07480919037199124,000015,上证红利,CNY,CN10Y
2015-08-07,3066.58,0.034553,9.24,0.07367210822510822,000015,上证红利,CNY,CN10Y
2015-08-10,3199.79,0.034755,9.54,0.0700668029350105,000015,上证红利,CNY,CN10Y
2015-08-11,3191.24,0.0352559999999999,9.49,0.07011807797681781,000015,上证红利,CNY,CN10Y
2015-08-12,3126.62,0.035402,9.38,0.07120780810234541,000015,上证红利,CNY,CN10Y
2015-08-13,3180.14,0.035153,9.42,0.07100411252653929,000015,上证红利,CNY,CN10Y
2015-08-14,3170.75,0.035052,9.38,0.07155780810234541,000015,上证红利,CNY,CN10Y
2015-08-17,3216.24,0.035176,9.31,0.07223538560687433,000015,上证红利,CNY,CN10Y
2015-08-18,2997.52,0.035126,9.06,0.07524927593818984,000015,上证红利,CNY,CN10Y
2015-08-19,3058.57,0.0352009999999999,9.02,0.07566374501108658,000015,上证红利,CNY,CN10Y
2015-08-20,2950.33,0.035051,8.8,0.07858536363636363,000015,上证红利,CNY,CN10Y
2015-08-21,2799.52,0.0349509999999999,8.6,0.08132806976744196,000015,上证红利,CNY,CN10Y
2015-08-24,2541.49,0.034701,7.89,0.0920417122940431,000015,上证红利,CNY,CN10Y
2015-08-25,2333.93,0.034577,7.3,0.10240930136986301,000015,上证红利,CNY,CN10Y
2015-08-26,2332.48,0.03429,7.49,0.09922134846461948,000015,上证红利,CNY,CN10Y
2015-08-27,2479.57,0.033902,7.89,0.0928407122940431,000015,上证红利,CNY,CN10Y
2015-08-28,2600.03,0.033803,8.08,0.08995937623762376,000015,上证红利,CNY,CN10Y
2015-08-31,2591.57,0.033252,8.11,0.09005256226880395,000015,上证红利,CNY,CN10Y
2015-09-01,2579.8,0.033002,8.73,0.0815455372279496,000015,上证红利,CNY,CN10Y
2015-09-02,2607.99,0.033002,8.9,0.07935755056179775,000015,上证红利,CNY,CN10Y
2015-09-06,,0.033203,8.9,0.07915655056179774,000015,上证红利,CNY,CN10Y
2015-09-07,2522.43,0.033353,8.43,0.08527096204033216,000015,上证红利,CNY,CN10Y
2015-09-08,2595.72,0.033603,8.55,0.08335606432748538,000015,上证红利,CNY,CN10Y
2015-09-09,2643.62,0.033478,8.66,0.08199544110854504,000015,上证红利,CNY,CN10Y
2015-09-10,2595.15,0.033453,8.6,0.08282606976744186,000015,上证红利,CNY,CN10Y
2015-09-11,2586.65,0.0334039999999999,8.55,0.08355506432748547,000015,上证红利,CNY,CN10Y
2015-09-14,2513.94,0.033303,8.56,0.08351942990654206,000015,上证红利,CNY,CN10Y
2015-09-15,2415.87,0.033104,8.47,0.08495975442739079,000015,上证红利,CNY,CN10Y
2015-09-16,2538.3,0.033103,8.63,0.08277185515643104,000015,上证红利,CNY,CN10Y
2015-09-17,2475.46,0.033204,8.48,0.08472052830188678,000015,上证红利,CNY,CN10Y
2015-09-18,2484.04,0.033105,8.43,0.08551896204033216,000015,上证红利,CNY,CN10Y
2015-09-21,2519.96,0.033204,8.44,0.08527941232227489,000015,上证红利,CNY,CN10Y
2015-09-22,2537.77,0.033255,8.5,0.0843920588235294,000015,上证红利,CNY,CN10Y
2015-09-23,2468.6,0.033354,8.32,0.08683830769230769,000015,上证红利,CNY,CN10Y
2015-09-24,2491.65,0.03318,8.34,0.08672407673860912,000015,上证红利,CNY,CN10Y
2015-09-25,2455.78,0.033101,8.39,0.08608851132300357,000015,上证红利,CNY,CN10Y
2015-09-28,2467.19,0.032906,8.33,0.08714201920768308,000015,上证红利,CNY,CN10Y
2015-09-29,2415.0,0.032457,8.19,0.08964312210012211,000015,上证红利,CNY,CN10Y
2015-09-30,2436.16,0.032362,8.22,0.089292501216545,000015,上证红利,CNY,CN10Y
2015-10-08,2501.81,0.032409,8.37,0.08706531302270012,000015,上证红利,CNY,CN10Y
2015-10-09,2530.78,0.031486,8.44,0.08699741232227488,000015,上证红利,CNY,CN10Y
2015-10-10,,0.031612,8.44,0.08687141232227488,000015,上证红利,CNY,CN10Y
2015-10-12,2616.5,0.031488,8.63,0.08438685515643105,000015,上证红利,CNY,CN10Y
2015-10-13,2617.93,0.0310639999999999,8.57,0.08562211435239217,000015,上证红利,CNY,CN10Y
2015-10-14,2581.36,0.030414,8.53,0.0868192942555686,000015,上证红利,CNY,CN10Y
2015-10-15,2645.43,0.0308139999999999,8.63,0.08506085515643115,000015,上证红利,CNY,CN10Y
2015-10-16,2685.26,0.031216,8.71,0.0835945625717566,000015,上证红利,CNY,CN10Y
2015-10-19,2696.63,0.031214,8.68,0.08399337327188941,000015,上证红利,CNY,CN10Y
2015-10-20,2712.12,0.030615,8.72,0.0840638990825688,000015,上证红利,CNY,CN10Y
2015-10-21,2635.48,0.0306159999999999,8.83,0.08263428312570792,000015,上证红利,CNY,CN10Y
2015-10-22,2669.4,0.030516,8.74,0.08390047597254004,000015,上证红利,CNY,CN10Y
2015-10-23,2708.03,0.0304,8.74,0.08401647597254004,000015,上证红利,CNY,CN10Y
2015-10-26,2720.35,0.0302,8.78,0.08369521640091117,000015,上证红利,CNY,CN10Y
2015-10-27,2721.19,0.0298,8.74,0.08461647597254005,000015,上证红利,CNY,CN10Y
2015-10-28,2695.27,0.02987,8.69,0.08520479861910243,000015,上证红利,CNY,CN10Y
2015-10-29,2702.76,0.0305,8.68,0.0847073732718894,000015,上证红利,CNY,CN10Y
2015-10-30,2690.46,0.0306,8.66,0.08487344110854503,000015,上证红利,CNY,CN10Y
2015-11-02,2646.8,0.030525,8.89,0.08196093925759279,000015,上证红利,CNY,CN10Y
2015-11-03,2631.01,0.0308,8.82,0.08257868480725622,000015,上证红利,CNY,CN10Y
2015-11-04,2733.61,0.031351,9.09,0.07866000110011001,000015,上证红利,CNY,CN10Y
2015-11-05,2792.19,0.03115,9.3,0.0763768817204301,000015,上证红利,CNY,CN10Y
2015-11-06,2835.15,0.03125,9.38,0.07535980810234541,000015,上证红利,CNY,CN10Y
2015-11-09,2885.45,0.032099,9.66,0.07142066873706003,000015,上证红利,CNY,CN10Y
2015-11-10,2892.12,0.032001,9.6,0.07216566666666667,000015,上证红利,CNY,CN10Y
2015-11-11,2887.01,0.0312259999999999,9.53,0.07370579433368321,000015,上证红利,CNY,CN10Y
2015-11-12,2846.71,0.031351,9.41,0.07491892561105207,000015,上证红利,CNY,CN10Y
2015-11-13,2808.85,0.031251,9.31,0.07616038560687433,000015,上证红利,CNY,CN10Y
2015-11-16,2834.92,0.031352,9.33,0.07582913612004288,000015,上证红利,CNY,CN10Y
2015-11-17,2835.23,0.031252,9.37,0.07547158591248666,000015,上证红利,CNY,CN10Y
2015-11-18,2818.95,0.031402,9.37,0.07532158591248667,000015,上证红利,CNY,CN10Y
2015-11-19,2847.86,0.031402,9.4,0.07498097872340426,000015,上证红利,CNY,CN10Y
2015-11-20,2848.81,0.031251,9.37,0.07547258591248666,000015,上证红利,CNY,CN10Y
2015-11-23,2845.83,0.0313019999999999,9.34,0.07576438115631702,000015,上证红利,CNY,CN10Y
2015-11-24,2843.79,0.031077,9.31,0.07633438560687433,000015,上证红利,CNY,CN10Y
2015-11-25,2868.7,0.030853,9.36,0.07598460683760686,000015,上证红利,CNY,CN10Y
2015-11-26,2855.68,0.030503,9.34,0.07656338115631692,000015,上证红利,CNY,CN10Y
2015-11-27,2712.53,0.0306029999999999,8.95,0.08112884357541911,000015,上证红利,CNY,CN10Y
2015-11-30,2722.0,0.030404,9.03,0.0803379712070875,000015,上证红利,CNY,CN10Y
2015-12-01,2726.42,0.0305039999999999,8.99,0.08073070522803125,000015,上证红利,CNY,CN10Y
2015-12-02,2811.0,0.030454,9.36,0.07638360683760685,000015,上证红利,CNY,CN10Y
2015-12-03,2835.72,0.030304,9.5,0.07495915789473684,000015,上证红利,CNY,CN10Y
2015-12-04,2774.95,0.030254,9.25,0.07785410810810811,000015,上证红利,CNY,CN10Y
2015-12-07,2783.12,0.03028,9.23,0.07806236186348862,000015,上证红利,CNY,CN10Y
2015-12-08,2725.36,0.030005,9.1,0.07988510989010988,000015,上证红利,CNY,CN10Y
2015-12-09,2735.05,0.0299679999999999,9.12,0.07968112280701765,000015,上证红利,CNY,CN10Y
2015-12-10,2718.95,0.030018,9.07,0.08023558324145534,000015,上证红利,CNY,CN10Y
2015-12-11,2695.95,0.029931,9.01,0.08105679134295228,000015,上证红利,CNY,CN10Y
2015-12-14,2758.41,0.030306,9.17,0.07874525408942203,000015,上证红利,CNY,CN10Y
2015-12-15,2746.25,0.030157,9.08,0.07997515859030836,000015,上证红利,CNY,CN10Y
2015-12-16,2743.13,0.030007,9.09,0.08000400110011002,000015,上证红利,CNY,CN10Y
2015-12-17,2794.79,0.029857,9.19,0.07895692818280739,000015,上证红利,CNY,CN10Y
2015-12-18,2792.43,0.029408,9.21,0.07916963300760042,000015,上证红利,CNY,CN10Y
2015-12-21,2862.68,0.028811,9.38,0.07779880810234541,000015,上证红利,CNY,CN10Y
2015-12-22,2869.89,0.02861,9.36,0.07822760683760685,000015,上证红利,CNY,CN10Y
2015-12-23,2863.82,0.02846,9.35,0.07849187165775401,000015,上证红利,CNY,CN10Y
2015-12-24,2835.51,0.02801,9.3,0.07951688172043009,000015,上证红利,CNY,CN10Y
2015-12-25,2847.55,0.028061,9.32,0.0792351373390558,000015,上证红利,CNY,CN10Y
2015-12-28,2775.24,0.027961,9.12,0.08168812280701755,000015,上证红利,CNY,CN10Y
2015-12-29,2797.42,0.028061,9.18,0.08087146187363835,000015,上证红利,CNY,CN10Y
2015-12-30,2802.69,0.0282609999999999,9.18,0.08067146187363845,000015,上证红利,CNY,CN10Y
2015-12-31,2784.95,0.028212,9.12,0.08143712280701755,000015,上证红利,CNY,CN10Y
2016-01-04,2605.65,0.02871,8.74,0.08570647597254004,000015,上证红利,CNY,CN10Y
2016-01-05,2619.66,0.028911,8.76,0.08524425114155251,000015,上证红利,CNY,CN10Y
2016-01-06,2687.92,0.0288609999999999,8.93,0.08312108286674143,000015,上证红利,CNY,CN10Y
2016-01-07,2507.96,0.028511,8.52,0.08885989201877934,000015,上证红利,CNY,CN10Y
2016-01-08,2573.54,0.028362,8.67,0.08697825374855825,000015,上证红利,CNY,CN10Y
2016-01-11,2443.11,0.028187,8.34,0.09171707673860911,000015,上证红利,CNY,CN10Y
2016-01-12,2441.82,0.027887,8.37,0.09158731302270014,000015,上证红利,CNY,CN10Y
2016-01-13,2403.13,0.027237,8.28,0.0935359468599034,000015,上证红利,CNY,CN10Y
2016-01-14,2449.33,0.027513,8.35,0.09224747904191617,000015,上证红利,CNY,CN10Y
2016-01-15,2362.28,0.027464,8.1,0.0959927901234568,000015,上证红利,CNY,CN10Y
2016-01-18,2359.62,0.027764,8.06,0.09630547890818858,000015,上证红利,CNY,CN10Y
2016-01-19,2428.7,0.027964,8.25,0.09324812121212121,000015,上证红利,CNY,CN10Y
2016-01-20,2392.37,0.028114,8.17,0.09428502080783353,000015,上证红利,CNY,CN10Y
2016-01-21,2324.83,0.0279139999999999,8.01,0.09692994506866427,000015,上证红利,CNY,CN10Y
2016-01-22,2352.32,0.027741,8.09,0.09586839431396786,000015,上证红利,CNY,CN10Y
2016-01-25,2368.42,0.02859,8.12,0.09456270935960592,000015,上证红利,CNY,CN10Y
2016-01-26,2221.31,0.028616,7.71,0.1010856861219196,000015,上证红利,CNY,CN10Y
2016-01-27,2217.52,0.029016,7.76,0.09984997938144331,000015,上证红利,CNY,CN10Y
2016-01-28,2165.93,0.028866,7.67,0.1015120964797914,000015,上证红利,CNY,CN10Y
2016-01-29,2224.29,0.028419,7.82,0.09945823785166241,000015,上证红利,CNY,CN10Y
2016-02-01,2192.95,0.028368,7.67,0.1020100964797914,000015,上证红利,CNY,CN10Y
2016-02-02,2234.19,0.028818,7.76,0.10004797938144332,000015,上证红利,CNY,CN10Y
2016-02-03,2219.74,0.028918,7.68,0.10129033333333334,000015,上证红利,CNY,CN10Y
2016-02-04,2245.42,0.02855,7.75,0.10048225806451613,000015,上证红利,CNY,CN10Y
2016-02-05,2241.46,0.0285349999999999,7.74,0.10066396640826883,000015,上证红利,CNY,CN10Y
2016-02-06,,0.0285349999999999,7.74,0.10066396640826883,000015,上证红利,CNY,CN10Y
2016-02-14,,0.028221,7.74,0.10097796640826873,000015,上证红利,CNY,CN10Y
2016-02-15,2226.6,0.028371,7.67,0.10200709647979139,000015,上证红利,CNY,CN10Y
2016-02-16,2289.02,0.028376,7.85,0.09901253503184713,000015,上证红利,CNY,CN10Y
2016-02-17,2312.62,0.028351,7.92,0.09791162626262627,000015,上证红利,CNY,CN10Y
2016-02-18,2311.64,0.028351,7.9,0.09823127848101264,000015,上证红利,CNY,CN10Y
2016-02-19,2303.46,0.028251,7.86,0.0989754631043257,000015,上证红利,CNY,CN10Y
2016-02-22,2355.28,0.028426,8.0,0.096574,000015,上证红利,CNY,CN10Y
2016-02-23,2337.04,0.028451,7.94,0.09749358438287153,000015,上证红利,CNY,CN10Y
2016-02-24,2348.98,0.028676,7.97,0.09679451442910916,000015,上证红利,CNY,CN10Y
2016-02-25,2204.29,0.028651,7.64,0.10223905235602095,000015,上证红利,CNY,CN10Y
2016-02-26,2230.44,0.028551,7.73,0.100815106080207,000015,上证红利,CNY,CN10Y
2016-02-29,2192.79,0.028502,7.72,0.1010316787564767,000015,上证红利,CNY,CN10Y
2016-03-01,2229.08,0.028527,7.78,0.10000770437017995,000015,上证红利,CNY,CN10Y
2016-03-02,2327.56,0.028752,8.01,0.09609194506866417,000015,上证红利,CNY,CN10Y
2016-03-03,2334.38,0.029002,8.04,0.09537610945273634,000015,上证红利,CNY,CN10Y
2016-03-04,2358.87,0.028952,8.29,0.09167526176115803,000015,上证红利,CNY,CN10Y
2016-03-07,2375.59,0.029303,8.26,0.09176237530266344,000015,上证红利,CNY,CN10Y
2016-03-08,2374.46,0.029352,8.29,0.09127526176115804,000015,上证红利,CNY,CN10Y
2016-03-09,2347.93,0.028928,8.3,0.09155392771084336,000015,上证红利,CNY,CN10Y
2016-03-10,2301.4,0.0286529999999999,8.13,0.09434823001230021,000015,上证红利,CNY,CN10Y
2016-03-11,2303.11,0.028453,8.16,0.09409601960784314,000015,上证红利,CNY,CN10Y
2016-03-14,2334.16,0.028504,8.19,0.09359612210012211,000015,上证红利,CNY,CN10Y
2016-03-15,2347.17,0.028404,8.21,0.09339867965895249,000015,上证红利,CNY,CN10Y
2016-03-16,2366.17,0.028054,8.35,0.09170647904191617,000015,上证红利,CNY,CN10Y
2016-03-17,2380.7,0.028154,8.32,0.09203830769230768,000015,上证红利,CNY,CN10Y
2016-03-18,2404.4,0.028229,8.34,0.09167507673860911,000015,上证红利,CNY,CN10Y
2016-03-21,2433.99,0.0283049999999999,8.37,0.09116931302270023,000015,上证红利,CNY,CN10Y
2016-03-22,2424.46,0.028304,8.32,0.09188830769230769,000015,上证红利,CNY,CN10Y
2016-03-23,2418.5,0.028307,8.33,0.09174101920768307,000015,上证红利,CNY,CN10Y
2016-03-24,2379.03,0.028309,8.21,0.09349367965895249,000015,上证红利,CNY,CN10Y
2016-03-25,2393.29,0.028311,8.24,0.09304822330097087,000015,上证红利,CNY,CN10Y
2016-03-28,2380.01,0.028665,8.2,0.09328621951219514,000015,上证红利,CNY,CN10Y
2016-03-29,2353.88,0.02851,8.13,0.09449123001230011,000015,上证红利,CNY,CN10Y
2016-03-30,2411.5,0.028362,8.32,0.09183030769230768,000015,上证红利,CNY,CN10Y
2016-03-31,2412.31,0.028419,8.31,0.09191794344163658,000015,上证红利,CNY,CN10Y
2016-04-01,2421.69,0.028422,8.36,0.09119522488038279,000015,上证红利,CNY,CN10Y
2016-04-05,2457.3,0.028637,8.4,0.09041061904761905,000015,上证红利,CNY,CN10Y
2016-04-06,2456.75,0.028689,8.37,0.09078531302270013,000015,上证红利,CNY,CN10Y
2016-04-07,2422.72,0.029049,8.29,0.09157826176115805,000015,上证红利,CNY,CN10Y
2016-04-08,2409.13,0.029158,8.25,0.09205412121212121,000015,上证红利,CNY,CN10Y
2016-04-11,2447.25,0.029091,8.34,0.09081307673860911,000015,上证红利,CNY,CN10Y
2016-04-12,2439.01,0.0291,8.33,0.09094801920768307,000015,上证红利,CNY,CN10Y
2016-04-13,2474.49,0.029271,8.44,0.08921241232227489,000015,上证红利,CNY,CN10Y
2016-04-14,2481.65,0.029352,8.44,0.08913141232227488,000015,上证红利,CNY,CN10Y
2016-04-15,2476.3,0.0291509999999999,8.43,0.08947296204033225,000015,上证红利,CNY,CN10Y
2016-04-18,2452.91,0.029047,8.41,0.08985906420927467,000015,上证红利,CNY,CN10Y
2016-04-19,2459.91,0.02906,8.43,0.08956396204033215,000015,上证红利,CNY,CN10Y
2016-04-20,2424.39,0.029258,8.37,0.09021631302270014,000015,上证红利,CNY,CN10Y
2016-04-21,2416.84,0.0292079999999999,8.36,0.09040922488038289,000015,上证红利,CNY,CN10Y
2016-04-22,2417.32,0.0293089999999999,8.37,0.09016531302270023,000015,上证红利,CNY,CN10Y
2016-04-25,2420.88,0.029362,8.36,0.09025522488038279,000015,上证红利,CNY,CN10Y
2016-04-26,2429.87,0.029212,8.37,0.09026231302270013,000015,上证红利,CNY,CN10Y
2016-04-27,2414.67,0.029108,8.35,0.09065247904191617,000015,上证红利,CNY,CN10Y
2016-04-28,2414.87,0.028863,8.36,0.09075422488038279,000015,上证红利,CNY,CN10Y
2016-04-29,2407.02,0.028913,8.31,0.09142394344163657,000015,上证红利,CNY,CN10Y
2016-05-03,2438.47,0.02889,8.49,0.08889563015312131,000015,上证红利,CNY,CN10Y
2016-05-04,2429.5,0.028965,8.46,0.08923830969267138,000015,上证红利,CNY,CN10Y
2016-05-05,2427.21,0.029017,8.46,0.08918630969267138,000015,上证红利,CNY,CN10Y
2016-05-06,2364.81,0.029016,8.33,0.09103201920768307,000015,上证红利,CNY,CN10Y
2016-05-09,2301.46,0.028818,8.19,0.09328212210012211,000015,上证红利,CNY,CN10Y
2016-05-10,2299.36,0.0289999999999999,8.18,0.09324938875305634,000015,上证红利,CNY,CN10Y
2016-05-11,2313.09,0.029075,8.22,0.092579501216545,000015,上证红利,CNY,CN10Y
2016-05-12,2319.45,0.028975,8.22,0.092679501216545,000015,上证红利,CNY,CN10Y
2016-05-13,2321.02,0.02905,8.22,0.09260450121654501,000015,上证红利,CNY,CN10Y
2016-05-16,2332.39,0.029275,8.25,0.09193712121212122,000015,上证红利,CNY,CN10Y
2016-05-17,2324.67,0.0293,8.24,0.09205922330097088,000015,上证红利,CNY,CN10Y
2016-05-18,2303.4,0.02955,8.23,0.0919566828675577,000015,上证红利,CNY,CN10Y
2016-05-19,2302.79,0.0296,8.21,0.09220267965895249,000015,上证红利,CNY,CN10Y
2016-05-20,2309.34,0.0295,8.24,0.09185922330097088,000015,上证红利,CNY,CN10Y
2016-05-23,2313.86,0.02955,8.24,0.09180922330097088,000015,上证红利,CNY,CN10Y
2016-05-24,2301.4,0.02935,8.22,0.092304501216545,000015,上证红利,CNY,CN10Y
2016-05-25,2302.55,0.029401,8.22,0.092253501216545,000015,上证红利,CNY,CN10Y
2016-05-26,2307.27,0.029401,8.24,0.09195822330097088,000015,上证红利,CNY,CN10Y
2016-05-27,2315.15,0.029451,8.24,0.09190822330097087,000015,上证红利,CNY,CN10Y
2016-05-30,2320.09,0.0297759999999999,8.29,0.09085126176115814,000015,上证红利,CNY,CN10Y
2016-05-31,2382.42,0.029851,8.46,0.08835230969267138,000015,上证红利,CNY,CN10Y
2016-06-01,2373.95,0.029952,8.42,0.08881284560570071,000015,上证红利,CNY,CN10Y
2016-06-02,2376.57,0.030127,8.41,0.08877906420927467,000015,上证红利,CNY,CN10Y
2016-06-03,2383.26,0.030152,8.45,0.0881911952662722,000015,上证红利,CNY,CN10Y
2016-06-06,2378.43,0.030041,8.42,0.08872384560570072,000015,上证红利,CNY,CN10Y
2016-06-07,2372.59,0.030071,8.38,0.08926074224343675,000015,上证红利,CNY,CN10Y
2016-06-08,2355.55,0.030077,8.37,0.08939731302270013,000015,上证红利,CNY,CN10Y
2016-06-12,,0.030053,8.37,0.08942131302270014,000015,上证红利,CNY,CN10Y
2016-06-13,2297.07,0.029979,8.23,0.09152768286755772,000015,上证红利,CNY,CN10Y
2016-06-14,2303.7,0.029654,8.26,0.09141137530266344,000015,上证红利,CNY,CN10Y
2016-06-15,2329.43,0.029604,8.29,0.09102326176115805,000015,上证红利,CNY,CN10Y
2016-06-16,2313.9,0.029455,8.24,0.09190422330097088,000015,上证红利,CNY,CN10Y
2016-06-17,2328.79,0.029379,8.27,0.09153998428053205,000015,上证红利,CNY,CN10Y
2016-06-20,2330.34,0.029481,8.29,0.09114626176115803,000015,上证红利,CNY,CN10Y
2016-06-21,2329.82,0.029405,8.29,0.09122226176115804,000015,上证红利,CNY,CN10Y
2016-06-22,2347.01,0.029307,8.33,0.09074101920768307,000015,上证红利,CNY,CN10Y
2016-06-23,2330.95,0.029307,8.25,0.09190512121212122,000015,上证红利,CNY,CN10Y
2016-06-24,2294.53,0.0288079999999999,8.12,0.09434470935960602,000015,上证红利,CNY,CN10Y
2016-06-27,2318.28,0.02831,8.17,0.09408902080783353,000015,上证红利,CNY,CN10Y
2016-06-28,2324.21,0.02861,8.18,0.09363938875305625,000015,上证红利,CNY,CN10Y
2016-06-29,2335.67,0.028586,8.22,0.093068501216545,000015,上证红利,CNY,CN10Y
2016-06-30,2333.41,0.028411,8.24,0.09294822330097088,000015,上证红利,CNY,CN10Y
2016-07-01,2340.36,0.0280379999999999,8.27,0.09288098428053215,000015,上证红利,CNY,CN10Y
2016-07-04,2382.21,0.028314,8.38,0.09101774224343676,000015,上证红利,CNY,CN10Y
2016-07-05,2390.65,0.0285139999999999,8.4,0.09053361904761914,000015,上证红利,CNY,CN10Y
2016-07-06,2388.35,0.028365,8.39,0.09082451132300356,000015,上证红利,CNY,CN10Y
2016-07-07,2380.98,0.028066,8.34,0.09183807673860911,000015,上证红利,CNY,CN10Y
2016-07-08,2353.92,0.028016,8.19,0.09408412210012211,000015,上证红利,CNY,CN10Y
2016-07-11,2362.29,0.028268,8.22,0.093386501216545,000015,上证红利,CNY,CN10Y
2016-07-12,2422.24,0.028368,8.36,0.09124922488038278,000015,上证红利,CNY,CN10Y
2016-07-13,2426.9,0.028493,8.37,0.09098131302270013,000015,上证红利,CNY,CN10Y
2016-07-14,2414.56,0.028395,8.33,0.09165301920768307,000015,上证红利,CNY,CN10Y
2016-07-15,2420.87,0.028271,8.36,0.09134622488038278,000015,上证红利,CNY,CN10Y
2016-07-18,2429.32,0.028271,8.38,0.09106074224343674,000015,上证红利,CNY,CN10Y
2016-07-19,2418.12,0.028197,8.32,0.09199530769230768,000015,上证红利,CNY,CN10Y
2016-07-20,2410.58,0.027996,8.3,0.09248592771084335,000015,上证红利,CNY,CN10Y
2016-07-21,2427.72,0.027806,8.32,0.09238630769230768,000015,上证红利,CNY,CN10Y
2016-07-22,2408.11,0.027907,8.27,0.09301198428053205,000015,上证红利,CNY,CN10Y
2016-07-25,2418.19,0.028068,8.29,0.09255926176115804,000015,上证红利,CNY,CN10Y
2016-07-26,2446.36,0.0279139999999999,8.37,0.09156031302270023,000015,上证红利,CNY,CN10Y
2016-07-27,2424.79,0.027967,8.36,0.0916502248803828,000015,上证红利,CNY,CN10Y
2016-07-28,2448.45,0.027867,8.35,0.09189347904191617,000015,上证红利,CNY,CN10Y
2016-07-29,2443.33,0.027768,8.35,0.09199247904191617,000015,上证红利,CNY,CN10Y
2016-08-01,2429.44,0.02783,8.36,0.0917872248803828,000015,上证红利,CNY,CN10Y
2016-08-02,2437.46,0.0277919999999999,8.38,0.09153974224343685,000015,上证红利,CNY,CN10Y
2016-08-03,2438.11,0.027718,8.35,0.09204247904191618,000015,上证红利,CNY,CN10Y
2016-08-04,2437.66,0.027694,8.35,0.09206647904191617,000015,上证红利,CNY,CN10Y
2016-08-05,2437.69,0.027534,8.36,0.09208322488038279,000015,上证红利,CNY,CN10Y
2016-08-08,2462.85,0.027472,8.41,0.09143406420927468,000015,上证红利,CNY,CN10Y
2016-08-09,2481.31,0.027125,8.46,0.09107830969267139,000015,上证红利,CNY,CN10Y
2016-08-10,2473.74,0.0269499999999999,8.45,0.09139319526627229,000015,上证红利,CNY,CN10Y
2016-08-11,2467.55,0.026875,8.49,0.09091063015312131,000015,上证红利,CNY,CN10Y
2016-08-12,2522.05,0.026701,8.65,0.08890593641618497,000015,上证红利,CNY,CN10Y
2016-08-15,2578.9,0.0264009999999999,8.82,0.08697768480725633,000015,上证红利,CNY,CN10Y
2016-08-16,2552.79,0.0266509999999999,8.69,0.08842379861910253,000015,上证红利,CNY,CN10Y
2016-08-17,2559.15,0.026901,8.68,0.0883063732718894,000015,上证红利,CNY,CN10Y
2016-08-18,2550.89,0.026801,8.65,0.08880593641618498,000015,上证红利,CNY,CN10Y
2016-08-19,2557.77,0.027001,8.67,0.08833925374855825,000015,上证红利,CNY,CN10Y
2016-08-22,2543.89,0.026801,8.67,0.08853925374855826,000015,上证红利,CNY,CN10Y
2016-08-23,2541.05,0.027201,8.68,0.0880063732718894,000015,上证红利,CNY,CN10Y
2016-08-24,2536.62,0.027301,8.68,0.08790637327188941,000015,上证红利,CNY,CN10Y
2016-08-25,2523.09,0.027201,8.65,0.08840593641618497,000015,上证红利,CNY,CN10Y
2016-08-26,2520.05,0.026927,8.63,0.08894785515643105,000015,上证红利,CNY,CN10Y
2016-08-29,2519.2,0.0270639999999999,8.6,0.08921506976744195,000015,上证红利,CNY,CN10Y
2016-08-30,2524.43,0.027527,8.66,0.08794644110854503,000015,上证红利,CNY,CN10Y
2016-08-31,2534.7,0.027425,8.69,0.08764979861910242,000015,上证红利,CNY,CN10Y
2016-09-01,2517.01,0.027452,8.74,0.08696447597254003,000015,上证红利,CNY,CN10Y
2016-09-02,2524.0,0.027452,8.88,0.0851606126126126,000015,上证红利,CNY,CN10Y
2016-09-05,2531.29,0.027503,8.88,0.0851096126126126,000015,上证红利,CNY,CN10Y
2016-09-06,2540.65,0.027628,8.86,0.08523881715575622,000015,上证红利,CNY,CN10Y
2016-09-07,2544.73,0.027853,8.87,0.08488657158962797,000015,上证红利,CNY,CN10Y
2016-09-08,2551.35,0.027753,8.87,0.08498657158962797,000015,上证红利,CNY,CN10Y
2016-09-09,2531.07,0.0276779999999999,8.83,0.08557228312570792,000015,上证红利,CNY,CN10Y
2016-09-12,2493.85,0.027916,8.73,0.0866315372279496,000015,上证红利,CNY,CN10Y
2016-09-13,2490.11,0.027654,8.71,0.0871565625717566,000015,上证红利,CNY,CN10Y
2016-09-14,2465.81,0.027579,8.63,0.08829585515643104,000015,上证红利,CNY,CN10Y
2016-09-18,,0.027655,8.63,0.08821985515643105,000015,上证红利,CNY,CN10Y
2016-09-19,2489.46,0.027605,8.67,0.08773525374855824,000015,上证红利,CNY,CN10Y
2016-09-20,2494.19,0.027431,8.67,0.08790925374855825,000015,上证红利,CNY,CN10Y
2016-09-21,2494.01,0.0275179999999999,8.67,0.08782225374855834,000015,上证红利,CNY,CN10Y
2016-09-22,2511.1,0.027456,8.72,0.0872228990825688,000015,上证红利,CNY,CN10Y
2016-09-23,2500.14,0.027318,8.72,0.0873608990825688,000015,上证红利,CNY,CN10Y
2016-09-26,2465.02,0.027157,8.63,0.08871785515643105,000015,上证红利,CNY,CN10Y
2016-09-27,2476.09,0.0271439999999999,8.67,0.08819625374855834,000015,上证红利,CNY,CN10Y
2016-09-28,2471.97,0.027244,8.64,0.08849674074074072,000015,上证红利,CNY,CN10Y
2016-09-29,2479.17,0.027282,8.68,0.0879253732718894,000015,上证红利,CNY,CN10Y
2016-09-30,2477.58,0.027258,8.67,0.08808225374855824,000015,上证红利,CNY,CN10Y
2016-10-08,,0.0270469999999999,8.67,0.08829325374855834,000015,上证红利,CNY,CN10Y
2016-10-09,,0.02676,8.67,0.08858025374855824,000015,上证红利,CNY,CN10Y
2016-10-10,2516.48,0.026735,8.77,0.08729008551881415,000015,上证红利,CNY,CN10Y
2016-10-11,2524.27,0.026835,8.78,0.08706021640091118,000015,上证红利,CNY,CN10Y
2016-10-12,2515.0,0.027098,8.75,0.08718771428571429,000015,上证红利,CNY,CN10Y
2016-10-13,2524.89,0.02701,8.75,0.08727571428571429,000015,上证红利,CNY,CN10Y
2016-10-14,2525.27,0.0269519999999999,8.77,0.08707308551881424,000015,上证红利,CNY,CN10Y
2016-10-17,2508.36,0.0269039999999999,8.72,0.0877748990825689,000015,上证红利,CNY,CN10Y
2016-10-18,2543.69,0.026965,8.81,0.08654237797956867,000015,上证红利,CNY,CN10Y
2016-10-19,2543.25,0.026664,8.81,0.08684337797956868,000015,上证红利,CNY,CN10Y
2016-10-20,2544.13,0.026518,8.82,0.08686068480725623,000015,上证红利,CNY,CN10Y
2016-10-21,2559.47,0.026451,8.88,0.0861616126126126,000015,上证红利,CNY,CN10Y
2016-10-24,2590.81,0.026595,8.98,0.08476357461024497,000015,上证红利,CNY,CN10Y
2016-10-25,2593.0,0.026859,8.97,0.08462372017837233,000015,上证红利,CNY,CN10Y
2016-10-26,2571.37,0.0272,8.9,0.08515955056179775,000015,上证红利,CNY,CN10Y
2016-10-27,2570.05,0.027068,8.87,0.08567157158962797,000015,上证红利,CNY,CN10Y
2016-10-28,2560.32,0.027027,8.89,0.08545893925759279,000015,上证红利,CNY,CN10Y
2016-10-31,2557.67,0.027425,8.88,0.0851876126126126,000015,上证红利,CNY,CN10Y
2016-11-01,2571.07,0.0273749999999999,8.78,0.08652021640091127,000015,上证红利,CNY,CN10Y
2016-11-02,2548.24,0.027372,8.71,0.08743856257175658,000015,上证红利,CNY,CN10Y
2016-11-03,2568.37,0.027301,8.77,0.08672408551881414,000015,上证红利,CNY,CN10Y
2016-11-04,2563.9,0.027339,8.76,0.08681625114155252,000015,上证红利,CNY,CN10Y
2016-11-07,2577.2,0.027475,8.79,0.08629064277588169,000015,上证红利,CNY,CN10Y
2016-11-08,2586.73,0.027634,8.8,0.08600236363636363,000015,上证红利,CNY,CN10Y
2016-11-09,2570.05,0.027651,8.75,0.08663471428571429,000015,上证红利,CNY,CN10Y
2016-11-10,2604.58,0.027926,8.84,0.08519617194570137,000015,上证红利,CNY,CN10Y
2016-11-11,2618.81,0.0281499999999999,8.86,0.08471681715575632,000015,上证红利,CNY,CN10Y
2016-11-14,2625.33,0.0285769999999999,8.88,0.08403561261261269,000015,上证红利,CNY,CN10Y
2016-11-15,2618.72,0.028501,8.86,0.08436581715575622,000015,上证红利,CNY,CN10Y
2016-11-16,2618.35,0.028652,8.85,0.08434235028248588,000015,上证红利,CNY,CN10Y
2016-11-17,2626.48,0.029055,8.86,0.08381181715575622,000015,上证红利,CNY,CN10Y
2016-11-18,2616.78,0.028901,8.84,0.08422117194570136,000015,上证红利,CNY,CN10Y
2016-11-21,2640.01,0.028851,8.92,0.08325662331838565,000015,上证红利,CNY,CN10Y
2016-11-22,2665.68,0.028689,9.02,0.08217574501108649,000015,上证红利,CNY,CN10Y
2016-11-23,2667.89,0.028451,9.05,0.08204623756906076,000015,上证红利,CNY,CN10Y
2016-11-24,2678.51,0.028502,9.04,0.08211746902654868,000015,上证红利,CNY,CN10Y
2016-11-25,2705.72,0.02865,9.15,0.0806396174863388,000015,上证红利,CNY,CN10Y
2016-11-28,2721.22,0.028502,9.22,0.07995786984815617,000015,上证红利,CNY,CN10Y
2016-11-29,2739.05,0.028906,9.32,0.0783901373390558,000015,上证红利,CNY,CN10Y
2016-11-30,2701.09,0.029502,9.2,0.07919365217391305,000015,上证红利,CNY,CN10Y
2016-12-01,2728.07,0.029893,9.26,0.0780983606911447,000015,上证红利,CNY,CN10Y
2016-12-02,2705.96,0.029895,9.27,0.07797986515641855,000015,上证红利,CNY,CN10Y
2016-12-05,2676.0,0.030302,9.17,0.07874925408942203,000015,上证红利,CNY,CN10Y
2016-12-06,2666.38,0.0311509999999999,9.13,0.07837802519167589,000015,上证红利,CNY,CN10Y
2016-12-07,2681.24,0.0308769999999999,9.14,0.07853219037199134,000015,上证红利,CNY,CN10Y
2016-12-08,2682.2,0.030753,9.14,0.07865619037199124,000015,上证红利,CNY,CN10Y
2016-12-09,2706.11,0.030853,9.28,0.07690562068965517,000015,上证红利,CNY,CN10Y
2016-12-12,2667.96,0.031458,8.28,0.08931494685990339,000015,上证红利,CNY,CN10Y
2016-12-13,2650.12,0.031863,8.19,0.09023712210012211,000015,上证红利,CNY,CN10Y
2016-12-14,2635.36,0.032186,8.17,0.09021302080783353,000015,上证红利,CNY,CN10Y
2016-12-15,2587.17,0.033315,7.98,0.09199828320802005,000015,上证红利,CNY,CN10Y
2016-12-16,2587.85,0.032803,7.95,0.09298316352201258,000015,上证红利,CNY,CN10Y
2016-12-19,2582.36,0.033316,7.93,0.09278740479192939,000015,上证红利,CNY,CN10Y
2016-12-20,2566.32,0.033739,7.87,0.09332580304955529,000015,上证红利,CNY,CN10Y
2016-12-21,2592.65,0.032815,7.93,0.09328840479192939,000015,上证红利,CNY,CN10Y
2016-12-22,2596.11,0.031908,7.93,0.0941954047919294,000015,上证红利,CNY,CN10Y
2016-12-23,2573.94,0.031769,7.89,0.09497371229404311,000015,上证红利,CNY,CN10Y
2016-12-26,2579.48,0.031551,7.92,0.09471162626262628,000015,上证红利,CNY,CN10Y
2016-12-27,2572.86,0.0316279999999999,7.88,0.09527555329949247,000015,上证红利,CNY,CN10Y
2016-12-28,2565.44,0.031223,7.85,0.09616553503184713,000015,上证红利,CNY,CN10Y
2016-12-29,2562.56,0.0304709999999999,7.85,0.09691753503184723,000015,上证红利,CNY,CN10Y
2016-12-30,2574.13,0.030115,7.88,0.09678855329949237,000015,上证红利,CNY,CN10Y
2016-12-31,,0.030115,7.88,0.09678855329949237,000015,上证红利,CNY,CN10Y
2017-01-03,2596.39,0.031054,7.95,0.09473216352201258,000015,上证红利,CNY,CN10Y
2017-01-04,2615.45,0.031823,7.99,0.0933334455569462,000015,上证红利,CNY,CN10Y
2017-01-05,2618.8,0.032086,8.01,0.09275794506866417,000015,上证红利,CNY,CN10Y
2017-01-06,2613.28,0.031953,8.0,0.09304699999999999,000015,上证红利,CNY,CN10Y
2017-01-09,2625.68,0.031692,8.03,0.09284100124533003,000015,上证红利,CNY,CN10Y
2017-01-10,2615.6,0.031792,8.01,0.09305194506866417,000015,上证红利,CNY,CN10Y
2017-01-11,2597.65,0.032055,7.98,0.09325828320802004,000015,上证红利,CNY,CN10Y
2017-01-12,2587.23,0.031888,7.97,0.09358251442910917,000015,上证红利,CNY,CN10Y
2017-01-13,2602.65,0.032022,8.02,0.09266627930174565,000015,上证红利,CNY,CN10Y
2017-01-16,2629.66,0.032496,8.13,0.09050523001230011,000015,上证红利,CNY,CN10Y
2017-01-17,2625.75,0.032692,8.11,0.09061256226880396,000015,上证红利,CNY,CN10Y
2017-01-18,2638.53,0.032682,8.14,0.09016812285012284,000015,上证红利,CNY,CN10Y
2017-01-19,2632.31,0.032584,8.13,0.0904172300123001,000015,上证红利,CNY,CN10Y
2017-01-20,2648.73,0.03244,8.16,0.09010901960784314,000015,上证红利,CNY,CN10Y
2017-01-22,,0.0325499999999999,8.16,0.08999901960784323,000015,上证红利,CNY,CN10Y
2017-01-23,2647.87,0.032429,8.15,0.09027038650306748,000015,上证红利,CNY,CN10Y
2017-01-24,2661.94,0.032837,8.22,0.088817501216545,000015,上证红利,CNY,CN10Y
2017-01-25,2668.25,0.033463,8.23,0.0880436828675577,000015,上证红利,CNY,CN10Y
2017-01-26,2670.18,0.0334649999999999,8.26,0.08760037530266354,000015,上证红利,CNY,CN10Y
2017-02-03,2649.09,0.034214,8.18,0.08803538875305625,000015,上证红利,CNY,CN10Y
2017-02-04,,0.034099,8.18,0.08815038875305625,000015,上证红利,CNY,CN10Y
2017-02-06,2656.27,0.034905,8.19,0.08719512210012212,000015,上证红利,CNY,CN10Y
2017-02-07,2657.9,0.034866,8.17,0.08753302080783354,000015,上证红利,CNY,CN10Y
2017-02-08,2664.12,0.034591,8.19,0.08750912210012211,000015,上证红利,CNY,CN10Y
2017-02-09,2674.0,0.034148,8.21,0.08765467965895249,000015,上证红利,CNY,CN10Y
2017-02-10,2691.68,0.0343679999999999,8.27,0.08655098428053215,000015,上证红利,CNY,CN10Y
2017-02-13,2699.8,0.034192,8.31,0.08614494344163658,000015,上证红利,CNY,CN10Y
2017-02-14,2693.6,0.034107,8.3,0.08637492771084336,000015,上证红利,CNY,CN10Y
2017-02-15,2703.58,0.034058,8.36,0.08555922488038278,000015,上证红利,CNY,CN10Y
2017-02-16,2713.38,0.033559,8.37,0.08591531302270014,000015,上证红利,CNY,CN10Y
2017-02-17,2692.27,0.033311,8.3,0.08717092771084337,000015,上证红利,CNY,CN10Y
2017-02-20,2732.25,0.032812,8.4,0.08623561904761903,000015,上证红利,CNY,CN10Y
2017-02-21,2734.98,0.033013,8.41,0.08589306420927467,000015,上证红利,CNY,CN10Y
2017-02-22,2748.24,0.032839,8.43,0.08578496204033215,000015,上证红利,CNY,CN10Y
2017-02-23,2738.52,0.032714,8.41,0.08619206420927467,000015,上证红利,CNY,CN10Y
2017-02-24,2733.5,0.032916,8.4,0.08613161904761904,000015,上证红利,CNY,CN10Y
2017-02-27,2716.4,0.032871,8.37,0.08660331302270013,000015,上证红利,CNY,CN10Y
2017-02-28,2725.08,0.03292,8.38,0.08641174224343676,000015,上证红利,CNY,CN10Y
2017-03-01,2725.29,0.033252,8.38,0.08607974224343676,000015,上证红利,CNY,CN10Y
2017-03-02,2712.44,0.033483,8.34,0.08642107673860912,000015,上证红利,CNY,CN10Y
2017-03-03,2711.24,0.033573,8.3,0.08690892771084335,000015,上证红利,CNY,CN10Y
2017-03-06,2714.35,0.033615,8.29,0.08701226176115803,000015,上证红利,CNY,CN10Y
2017-03-07,2715.22,0.033643,8.31,0.08669394344163658,000015,上证红利,CNY,CN10Y
2017-03-08,2710.96,0.034088,8.32,0.08610430769230767,000015,上证红利,CNY,CN10Y
2017-03-09,2690.43,0.034151,8.27,0.08676798428053205,000015,上证红利,CNY,CN10Y
2017-03-10,2688.97,0.034156,8.25,0.08705612121212122,000015,上证红利,CNY,CN10Y
2017-03-13,2716.84,0.033851,8.32,0.08634130769230769,000015,上证红利,CNY,CN10Y
2017-03-14,2718.65,0.033653,8.33,0.08639501920768307,000015,上证红利,CNY,CN10Y
2017-03-15,2726.43,0.033524,8.35,0.08623647904191617,000015,上证红利,CNY,CN10Y
2017-03-16,2734.03,0.033097,8.35,0.08666347904191617,000015,上证红利,CNY,CN10Y
2017-03-17,2702.54,0.033124,8.28,0.08764894685990339,000015,上证红利,CNY,CN10Y
2017-03-20,2717.53,0.033141,8.33,0.08690701920768307,000015,上证红利,CNY,CN10Y
2017-03-21,2733.94,0.033141,8.37,0.08633331302270014,000015,上证红利,CNY,CN10Y
2017-03-22,2713.17,0.033068,8.3,0.08741392771084336,000015,上证红利,CNY,CN10Y
2017-03-23,2716.77,0.033034,8.31,0.08730294344163658,000015,上证红利,CNY,CN10Y
2017-03-24,2743.03,0.032529,8.39,0.08666051132300356,000015,上证红利,CNY,CN10Y
2017-03-27,2743.32,0.032451,8.4,0.08659661904761903,000015,上证红利,CNY,CN10Y
2017-03-28,2733.3,0.032626,8.38,0.08670574224343675,000015,上证红利,CNY,CN10Y
2017-03-29,2731.07,0.032695,8.39,0.08649451132300356,000015,上证红利,CNY,CN10Y
2017-03-30,2724.7,0.03289,8.38,0.08644174224343674,000015,上证红利,CNY,CN10Y
2017-03-31,2749.11,0.0328279999999999,8.45,0.0855151952662723,000015,上证红利,CNY,CN10Y
2017-04-01,,0.03273,8.45,0.0856131952662722,000015,上证红利,CNY,CN10Y
2017-04-05,2779.6,0.033102,8.51,0.08440681316098708,000015,上证红利,CNY,CN10Y
2017-04-06,2781.82,0.033109,8.52,0.08426189201877934,000015,上证红利,CNY,CN10Y
2017-04-07,2784.51,0.032966,8.53,0.08426729425556859,000015,上证红利,CNY,CN10Y
2017-04-10,2785.19,0.033166,8.52,0.08420489201877934,000015,上证红利,CNY,CN10Y
2017-04-11,2787.17,0.033209,8.51,0.08429981316098707,000015,上证红利,CNY,CN10Y
2017-04-12,2779.0,0.033283,8.49,0.08450263015312132,000015,上证红利,CNY,CN10Y
2017-04-13,2780.93,0.03322,8.46,0.08498330969267139,000015,上证红利,CNY,CN10Y
2017-04-14,2759.95,0.033599,8.42,0.08516584560570073,000015,上证红利,CNY,CN10Y
2017-04-17,2750.31,0.0341599999999999,8.42,0.08460484560570082,000015,上证红利,CNY,CN10Y
2017-04-18,2732.04,0.034064,8.34,0.08584007673860912,000015,上证红利,CNY,CN10Y
2017-04-19,2714.51,0.034065,8.28,0.08670794685990339,000015,上证红利,CNY,CN10Y
2017-04-20,2723.63,0.03424,8.3,0.08624192771084335,000015,上证红利,CNY,CN10Y
2017-04-21,2739.66,0.034614,8.38,0.08471774224343676,000015,上证红利,CNY,CN10Y
2017-04-24,2719.88,0.034991,8.36,0.0846262248803828,000015,上证红利,CNY,CN10Y
2017-04-25,2722.29,0.034568,8.35,0.08519247904191617,000015,上证红利,CNY,CN10Y
2017-04-26,2726.52,0.034519,8.37,0.08495531302270012,000015,上证红利,CNY,CN10Y
2017-04-27,2726.45,0.034494,8.39,0.08469551132300357,000015,上证红利,CNY,CN10Y
2017-04-28,2713.99,0.034668,8.38,0.08466374224343676,000015,上证红利,CNY,CN10Y
2017-05-02,2695.61,0.03487,8.07,0.08904573729863692,000015,上证红利,CNY,CN10Y
2017-05-03,2683.62,0.035219,8.04,0.08915910945273633,000015,上证红利,CNY,CN10Y
2017-05-04,2678.47,0.035517,8.03,0.08901600124533002,000015,上证红利,CNY,CN10Y
2017-05-05,2673.23,0.035592,8.04,0.08878610945273634,000015,上证红利,CNY,CN10Y
2017-05-08,2674.83,0.036042,8.08,0.08772037623762377,000015,上证红利,CNY,CN10Y
2017-05-09,2670.67,0.0363249999999999,8.04,0.08805310945273644,000015,上证红利,CNY,CN10Y
2017-05-10,2653.26,0.0369,8.04,0.08747810945273633,000015,上证红利,CNY,CN10Y
2017-05-11,2671.67,0.0364,8.11,0.08690456226880396,000015,上证红利,CNY,CN10Y
2017-05-12,2697.55,0.036525,8.24,0.08483422330097087,000015,上证红利,CNY,CN10Y
2017-05-15,2711.2,0.0361,8.27,0.08481898428053206,000015,上证红利,CNY,CN10Y
2017-05-16,2725.09,0.036225,8.23,0.08528168286755772,000015,上证红利,CNY,CN10Y
2017-05-17,2711.83,0.036275,8.18,0.08597438875305624,000015,上证红利,CNY,CN10Y
2017-05-18,2699.86,0.0360749999999999,8.17,0.08632402080783363,000015,上证红利,CNY,CN10Y
2017-05-19,2700.67,0.03625,8.18,0.08599938875305624,000015,上证红利,CNY,CN10Y
2017-05-22,2705.12,0.036601,8.24,0.08475822330097088,000015,上证红利,CNY,CN10Y
2017-05-23,2724.17,0.036725,8.36,0.08289222488038278,000015,上证红利,CNY,CN10Y
2017-05-24,2724.02,0.036601,8.36,0.0830162248803828,000015,上证红利,CNY,CN10Y
2017-05-25,2763.49,0.036476,8.38,0.08285574224343675,000015,上证红利,CNY,CN10Y
2017-05-26,2772.81,0.036501,8.4,0.08254661904761904,000015,上证红利,CNY,CN10Y
2017-05-27,,0.036499,8.4,0.08254861904761904,000015,上证红利,CNY,CN10Y
2017-05-31,2782.79,0.0361019999999999,8.45,0.0822411952662723,000015,上证红利,CNY,CN10Y
2017-06-01,2794.78,0.036152,8.52,0.08121889201877935,000015,上证红利,CNY,CN10Y
2017-06-02,2792.8,0.036277,8.49,0.08150863015312132,000015,上证红利,CNY,CN10Y
2017-06-05,2762.99,0.036152,8.33,0.08389601920768308,000015,上证红利,CNY,CN10Y
2017-06-06,2771.84,0.036328,8.35,0.08343247904191617,000015,上证红利,CNY,CN10Y
2017-06-07,2795.73,0.036427,8.41,0.08247906420927467,000015,上证红利,CNY,CN10Y
2017-06-08,2822.77,0.036478,8.46,0.08172530969267139,000015,上证红利,CNY,CN10Y
2017-06-09,2829.82,0.036303,8.47,0.08176075442739078,000015,上证红利,CNY,CN10Y
2017-06-12,2832.67,0.035841,8.46,0.08236230969267139,000015,上证红利,CNY,CN10Y
2017-06-13,2840.64,0.035754,8.46,0.08244930969267139,000015,上证红利,CNY,CN10Y
2017-06-14,2797.55,0.035354,8.36,0.08426322488038279,000015,上证红利,CNY,CN10Y
2017-06-15,2778.17,0.035554,8.28,0.08521894685990339,000015,上证红利,CNY,CN10Y
2017-06-16,2756.16,0.03568,8.24,0.08567922330097087,000015,上证红利,CNY,CN10Y
2017-06-19,2772.13,0.035006,8.26,0.08605937530266344,000015,上证红利,CNY,CN10Y
2017-06-20,2764.72,0.034881,8.26,0.08618437530266343,000015,上证红利,CNY,CN10Y
2017-06-21,2792.82,0.035406,8.31,0.08493094344163657,000015,上证红利,CNY,CN10Y
2017-06-22,2803.78,0.035607,8.39,0.08358251132300357,000015,上证红利,CNY,CN10Y
2017-06-23,2823.91,0.035457,8.44,0.08302641232227488,000015,上证红利,CNY,CN10Y
2017-06-26,2843.56,0.035134,8.46,0.08306930969267139,000015,上证红利,CNY,CN10Y
2017-06-27,2849.98,0.035084,8.49,0.08270163015312132,000015,上证红利,CNY,CN10Y
2017-06-28,2837.26,0.035333,8.47,0.08273075442739078,000015,上证红利,CNY,CN10Y
2017-06-29,2851.4,0.035483,8.5,0.08216405882352941,000015,上证红利,CNY,CN10Y
2017-06-30,2850.68,0.035683,8.52,0.08168789201877935,000015,上证红利,CNY,CN10Y
2017-07-03,2847.38,0.036033,8.5,0.0816140588235294,000015,上证红利,CNY,CN10Y
2017-07-04,2831.58,0.036009,8.47,0.08205475442739078,000015,上证红利,CNY,CN10Y
2017-07-05,2848.56,0.03576,8.51,0.08174881316098707,000015,上证红利,CNY,CN10Y
2017-07-06,2857.82,0.03566,8.53,0.0815732942555686,000015,上证红利,CNY,CN10Y
2017-07-07,2862.9,0.035897,8.52,0.08147389201877935,000015,上证红利,CNY,CN10Y
2017-07-10,2848.32,0.035911,8.5,0.08173605882352941,000015,上证红利,CNY,CN10Y
2017-07-11,2858.73,0.035836,8.52,0.08153489201877934,000015,上证红利,CNY,CN10Y
2017-07-12,2850.15,0.035749,8.53,0.08148429425556859,000015,上证红利,CNY,CN10Y
2017-07-13,2864.21,0.035643,8.59,0.08077143538998835,000015,上证红利,CNY,CN10Y
2017-07-14,2882.42,0.035637,8.62,0.0803722807424594,000015,上证红利,CNY,CN10Y
2017-07-17,2875.59,0.035626,8.72,0.0790528990825688,000015,上证红利,CNY,CN10Y
2017-07-18,2867.14,0.035851,8.65,0.07975593641618497,000015,上证红利,CNY,CN10Y
2017-07-19,2896.06,0.035901,8.68,0.0793063732718894,000015,上证红利,CNY,CN10Y
2017-07-20,2916.7,0.03574,8.72,0.07893889908256879,000015,上证红利,CNY,CN10Y
2017-07-21,2914.44,0.035829,8.7,0.0791135287356322,000015,上证红利,CNY,CN10Y
2017-07-24,2921.67,0.035769,8.73,0.07877853722794959,000015,上证红利,CNY,CN10Y
2017-07-25,2914.53,0.03592,8.76,0.07823525114155253,000015,上证红利,CNY,CN10Y
2017-07-26,2900.81,0.03617,8.79,0.07759564277588168,000015,上证红利,CNY,CN10Y
2017-07-27,2901.05,0.036021,8.76,0.07813425114155252,000015,上证红利,CNY,CN10Y
2017-07-28,2901.5,0.036034,8.77,0.07799108551881415,000015,上证红利,CNY,CN10Y
2017-07-31,2900.28,0.03626,8.76,0.07789525114155252,000015,上证红利,CNY,CN10Y
2017-08-01,2919.94,0.036373,8.85,0.07662135028248587,000015,上证红利,CNY,CN10Y
2017-08-02,2911.93,0.036311,8.89,0.07617493925759278,000015,上证红利,CNY,CN10Y
2017-08-03,2887.23,0.0362619999999999,8.81,0.07724537797956876,000015,上证红利,CNY,CN10Y
2017-08-04,2879.02,0.0362619999999999,8.78,0.07763321640091128,000015,上证红利,CNY,CN10Y
2017-08-07,2886.46,0.036626,8.79,0.0771396427758817,000015,上证红利,CNY,CN10Y
2017-08-08,2876.87,0.036538,8.78,0.07735721640091117,000015,上证红利,CNY,CN10Y
2017-08-09,2869.25,0.0366,8.69,0.07847479861910242,000015,上证红利,CNY,CN10Y
2017-08-10,2863.65,0.036375,8.68,0.07883237327188941,000015,上证红利,CNY,CN10Y
2017-08-11,2821.0,0.036163,8.61,0.07998101858304298,000015,上证红利,CNY,CN10Y
2017-08-14,2826.98,0.035925,8.58,0.08062511655011655,000015,上证红利,CNY,CN10Y
2017-08-15,2847.96,0.035801,8.68,0.0794063732718894,000015,上证红利,CNY,CN10Y
2017-08-16,2836.92,0.035988,8.65,0.07961893641618498,000015,上证红利,CNY,CN10Y
2017-08-17,2851.74,0.035926,8.68,0.0792813732718894,000015,上证红利,CNY,CN10Y
2017-08-18,2856.8,0.035951,8.67,0.07938925374855825,000015,上证红利,CNY,CN10Y
2017-08-21,2865.65,0.036181,8.69,0.07889379861910242,000015,上证红利,CNY,CN10Y
2017-08-22,2872.06,0.036201,8.74,0.07821547597254004,000015,上证红利,CNY,CN10Y
2017-08-23,2875.59,0.036152,8.82,0.07722668480725622,000015,上证红利,CNY,CN10Y
2017-08-24,2873.95,0.036252,8.84,0.07687017194570137,000015,上证红利,CNY,CN10Y
2017-08-25,2920.14,0.036327,9.07,0.07392658324145535,000015,上证红利,CNY,CN10Y
2017-08-28,2930.51,0.036502,9.06,0.07387327593818985,000015,上证红利,CNY,CN10Y
2017-08-29,2931.23,0.036303,9.09,0.07370800110011001,000015,上证红利,CNY,CN10Y
2017-08-30,2921.6,0.036303,9.03,0.07443897120708749,000015,上证红利,CNY,CN10Y
2017-08-31,2904.41,0.036265,8.94,0.07559182326621924,000015,上证红利,CNY,CN10Y
2017-09-01,2906.25,0.0363529999999999,8.94,0.07550382326621935,000015,上证红利,CNY,CN10Y
2017-09-04,2913.56,0.036454,9.0,0.0746571111111111,000015,上证红利,CNY,CN10Y
2017-09-05,2918.94,0.036641,9.06,0.07373427593818985,000015,上证红利,CNY,CN10Y
2017-09-06,2913.67,0.036554,9.04,0.07406546902654867,000015,上证红利,CNY,CN10Y
2017-09-07,2905.38,0.036155,8.98,0.07520357461024499,000015,上证红利,CNY,CN10Y
2017-09-08,2905.61,0.0360049999999999,8.97,0.07547772017837244,000015,上证红利,CNY,CN10Y
2017-09-11,2907.69,0.036156,8.97,0.07532672017837233,000015,上证红利,CNY,CN10Y
2017-09-12,2920.6,0.036181,9.01,0.07480679134295229,000015,上证红利,CNY,CN10Y
2017-09-13,2915.41,0.036356,8.99,0.07487870522803114,000015,上证红利,CNY,CN10Y
2017-09-14,2902.98,0.035982,8.92,0.07612562331838565,000015,上证红利,CNY,CN10Y
2017-09-15,2891.72,0.035982,8.86,0.07688481715575622,000015,上证红利,CNY,CN10Y
2017-09-18,2899.12,0.03622,8.85,0.07677435028248587,000015,上证红利,CNY,CN10Y
2017-09-19,2901.42,0.036158,8.87,0.07658157158962797,000015,上证红利,CNY,CN10Y
2017-09-20,2906.57,0.036209,8.86,0.07665781715575623,000015,上证红利,CNY,CN10Y
2017-09-21,2916.08,0.036334,8.93,0.07564808286674132,000015,上证红利,CNY,CN10Y
2017-09-22,2924.95,0.036209,8.97,0.07527372017837233,000015,上证红利,CNY,CN10Y
2017-09-25,2924.71,0.035985,9.03,0.07475697120708749,000015,上证红利,CNY,CN10Y
2017-09-26,2919.62,0.036172,9.02,0.07469274501108647,000015,上证红利,CNY,CN10Y
2017-09-27,2921.59,0.0362349999999999,8.97,0.07524772017837245,000015,上证红利,CNY,CN10Y
2017-09-28,2916.99,0.036136,8.96,0.07547114285714285,000015,上证红利,CNY,CN10Y
2017-09-29,2919.67,0.036136,8.95,0.075595843575419,000015,上证红利,CNY,CN10Y
2017-09-30,,0.036136,8.95,0.075595843575419,000015,上证红利,CNY,CN10Y
2017-10-09,2947.16,0.036477,9.01,0.07451079134295227,000015,上证红利,CNY,CN10Y
2017-10-10,2942.78,0.0364699999999999,9.02,0.07439474501108659,000015,上证红利,CNY,CN10Y
2017-10-11,2951.95,0.0365399999999999,9.08,0.07359215859030846,000015,上证红利,CNY,CN10Y
2017-10-12,2956.62,0.036765,9.07,0.07348858324145535,000015,上证红利,CNY,CN10Y
2017-10-13,2952.06,0.03674,9.03,0.07400197120708749,000015,上证红利,CNY,CN10Y
2017-10-16,2950.38,0.037054,9.08,0.07307815859030836,000015,上证红利,CNY,CN10Y
2017-10-17,2944.18,0.037409,9.05,0.07308823756906077,000015,上证红利,CNY,CN10Y
2017-10-18,2976.42,0.037366,9.17,0.07168525408942203,000015,上证红利,CNY,CN10Y
2017-10-19,2981.6,0.037167,9.2,0.07152865217391305,000015,上证红利,CNY,CN10Y
2017-10-20,2979.23,0.037217,9.15,0.0720726174863388,000015,上证红利,CNY,CN10Y
2017-10-23,2973.32,0.037231,9.1,0.07265910989010989,000015,上证红利,CNY,CN10Y
2017-10-24,2996.35,0.03722,9.16,0.0719503056768559,000015,上证红利,CNY,CN10Y
2017-10-25,2999.36,0.037768,9.14,0.07164119037199124,000015,上证红利,CNY,CN10Y
2017-10-26,2991.84,0.037769,9.06,0.07260627593818984,000015,上证红利,CNY,CN10Y
2017-10-27,3006.46,0.038266,9.16,0.0709043056768559,000015,上证红利,CNY,CN10Y
2017-10-30,3002.89,0.039115,9.18,0.06981746187363835,000015,上证红利,CNY,CN10Y
2017-10-31,2987.85,0.038917,9.09,0.07109400110011002,000015,上证红利,CNY,CN10Y
2017-11-01,2966.67,0.03863,8.89,0.07385593925759279,000015,上证红利,CNY,CN10Y
2017-11-02,2962.92,0.038718,8.88,0.0738946126126126,000015,上证红利,CNY,CN10Y
2017-11-03,2956.19,0.038816,8.88,0.0737966126126126,000015,上证红利,CNY,CN10Y
2017-11-06,2963.65,0.038694,8.84,0.07442817194570137,000015,上证红利,CNY,CN10Y
2017-11-07,2984.09,0.038813,8.91,0.0734204455667789,000015,上证红利,CNY,CN10Y
2017-11-08,2991.81,0.038725,8.92,0.07338262331838566,000015,上证红利,CNY,CN10Y
2017-11-09,3007.71,0.038863,8.91,0.07337044556677891,000015,上证红利,CNY,CN10Y
2017-11-10,3018.95,0.039,8.86,0.07386681715575621,000015,上证红利,CNY,CN10Y
2017-11-13,3046.67,0.0395,8.94,0.07235682326621926,000015,上证红利,CNY,CN10Y
2017-11-14,3035.28,0.039525,8.93,0.07245708286674132,000015,上证红利,CNY,CN10Y
2017-11-15,3011.11,0.0395,8.9,0.07285955056179774,000015,上证红利,CNY,CN10Y
2017-11-16,3010.11,0.0392249999999999,8.87,0.07351457158962807,000015,上证红利,CNY,CN10Y
2017-11-17,3052.45,0.0392,9.08,0.07093215859030837,000015,上证红利,CNY,CN10Y
2017-11-20,3069.23,0.0394,9.14,0.07000919037199124,000015,上证红利,CNY,CN10Y
2017-11-21,3092.98,0.0395,9.17,0.06955125408942203,000015,上证红利,CNY,CN10Y
2017-11-22,3113.41,0.03985,9.35,0.06710187165775401,000015,上证红利,CNY,CN10Y
2017-11-23,3043.47,0.039851,9.18,0.06908146187363835,000015,上证红利,CNY,CN10Y
2017-11-24,3032.37,0.039463,9.16,0.0697073056768559,000015,上证红利,CNY,CN10Y
2017-11-27,3013.76,0.039501,9.11,0.07026848408342481,000015,上证红利,CNY,CN10Y
2017-11-28,3004.42,0.039601,9.02,0.07126374501108648,000015,上证红利,CNY,CN10Y
2017-11-29,3002.8,0.039101,9.04,0.07151846902654868,000015,上证红利,CNY,CN10Y
2017-11-30,2986.05,0.038901,9.0,0.07221011111111111,000015,上证红利,CNY,CN10Y
2017-12-01,2979.62,0.038852,8.97,0.07263072017837234,000015,上证红利,CNY,CN10Y
2017-12-04,2982.68,0.038902,8.98,0.07245657461024499,000015,上证红利,CNY,CN10Y
2017-12-05,3012.61,0.038752,9.14,0.07065719037199125,000015,上证红利,CNY,CN10Y
2017-12-06,2986.66,0.038752,9.05,0.07174523756906076,000015,上证红利,CNY,CN10Y
2017-12-07,2959.45,0.038927,8.96,0.07268014285714285,000015,上证红利,CNY,CN10Y
2017-12-08,2954.49,0.039102,8.93,0.07288008286674133,000015,上证红利,CNY,CN10Y
2017-12-11,2978.41,0.039303,8.85,0.07369135028248588,000015,上证红利,CNY,CN10Y
2017-12-12,2942.59,0.039378,8.75,0.07490771428571427,000015,上证红利,CNY,CN10Y
2017-12-13,2962.8,0.039303,8.8,0.07433336363636364,000015,上证红利,CNY,CN10Y
2017-12-14,2950.89,0.039104,8.77,0.07492108551881414,000015,上证红利,CNY,CN10Y
2017-12-15,2925.48,0.038904,8.68,0.07630337327188941,000015,上证红利,CNY,CN10Y
2017-12-18,2933.08,0.038904,8.72,0.07577489908256879,000015,上证红利,CNY,CN10Y
2017-12-19,2956.97,0.039005,8.81,0.07450237797956867,000015,上证红利,CNY,CN10Y
2017-12-20,2952.46,0.039005,8.81,0.07450237797956867,000015,上证红利,CNY,CN10Y
2017-12-21,2964.3,0.039005,8.83,0.07424528312570781,000015,上证红利,CNY,CN10Y
2017-12-22,2964.06,0.03878,8.81,0.07472737797956866,000015,上证红利,CNY,CN10Y
2017-12-25,2964.52,0.038731,8.84,0.07439117194570136,000015,上证红利,CNY,CN10Y
2017-12-26,2982.88,0.038881,8.91,0.0733524455667789,000015,上证红利,CNY,CN10Y
2017-12-27,2965.43,0.038956,8.84,0.07416617194570135,000015,上证红利,CNY,CN10Y
2017-12-28,2977.95,0.038857,8.87,0.07388257158962797,000015,上证红利,CNY,CN10Y
2017-12-29,2993.99,0.038807,8.93,0.07317508286674132,000015,上证红利,CNY,CN10Y
2017-12-30,,0.038807,8.93,0.07317508286674132,000015,上证红利,CNY,CN10Y
2017-12-31,,0.038807,8.93,0.07317508286674132,000015,上证红利,CNY,CN10Y
2018-01-02,3039.24,0.039008,9.03,0.0717339712070875,000015,上证红利,CNY,CN10Y
2018-01-03,3048.59,0.039162,9.05,0.07133523756906077,000015,上证红利,CNY,CN10Y
2018-01-04,3053.53,0.039319,9.07,0.07093458324145535,000015,上证红利,CNY,CN10Y
2018-01-05,3077.68,0.039212,9.12,0.07043712280701755,000015,上证红利,CNY,CN10Y
2018-01-08,3107.42,0.03911,9.17,0.06994125408942203,000015,上证红利,CNY,CN10Y
2018-01-09,3100.45,0.038909,9.15,0.0703806174863388,000015,上证红利,CNY,CN10Y
2018-01-10,3115.52,0.039201,9.28,0.06855762068965518,000015,上证红利,CNY,CN10Y
2018-01-11,3108.17,0.039546,9.31,0.06786538560687433,000015,上证红利,CNY,CN10Y
2018-01-12,3117.06,0.039337,9.36,0.06750060683760685,000015,上证红利,CNY,CN10Y
2018-01-15,3109.71,0.03965,9.48,0.06583523206751055,000015,上证红利,CNY,CN10Y
2018-01-16,3137.04,0.039596,9.53,0.06533579433368311,000015,上证红利,CNY,CN10Y
2018-01-17,3140.63,0.039597,9.6,0.06456966666666666,000015,上证红利,CNY,CN10Y
2018-01-18,3168.76,0.039797,9.81,0.0621397991845056,000015,上证红利,CNY,CN10Y
2018-01-19,3181.03,0.039754,9.87,0.06156312259371835,000015,上证红利,CNY,CN10Y
2018-01-22,3201.89,0.039522,9.88,0.06169257489878542,000015,上证红利,CNY,CN10Y
2018-01-23,3257.17,0.039414,10.17,0.058914416912487715,000015,上证红利,CNY,CN10Y
2018-01-24,3265.14,0.039507,10.18,0.05872482711198429,000015,上证红利,CNY,CN10Y
2018-01-25,3251.4,0.039435,10.13,0.059281683119447176,000015,上证红利,CNY,CN10Y
2018-01-26,3279.41,0.039365,10.18,0.05886682711198429,000015,上证红利,CNY,CN10Y
2018-01-29,3257.97,0.039368,10.15,0.05915416748768472,000015,上证红利,CNY,CN10Y
2018-01-30,3222.98,0.039292,9.97,0.06100890270812436,000015,上证红利,CNY,CN10Y
2018-01-31,3217.72,0.03914,10.09,0.05996802775024777,000015,上证红利,CNY,CN10Y
2018-02-01,3211.97,0.039066,10.23,0.05868571065493646,000015,上证红利,CNY,CN10Y
2018-02-02,3241.99,0.0390919999999999,10.29,0.058089729834791166,000015,上证红利,CNY,CN10Y
2018-02-05,3293.46,0.039167,10.53,0.055799761633428306,000015,上证红利,CNY,CN10Y
2018-02-06,3217.04,0.038825,10.37,0.05760701542912247,000015,上证红利,CNY,CN10Y
2018-02-07,3149.07,0.0387,9.99,0.061400100100100094,000015,上证红利,CNY,CN10Y
2018-02-08,3091.0,0.038801,9.63,0.06504115991692626,000015,上证红利,CNY,CN10Y
2018-02-09,2973.39,0.0388,9.3,0.0687268817204301,000015,上证红利,CNY,CN10Y
2018-02-11,,0.038775,9.3,0.06875188172043009,000015,上证红利,CNY,CN10Y
2018-02-12,2975.95,0.03875,9.21,0.06982763300760042,000015,上证红利,CNY,CN10Y
2018-02-13,3015.59,0.0387,9.38,0.06790980810234541,000015,上证红利,CNY,CN10Y
2018-02-14,3018.66,0.038702,9.42,0.06745511252653928,000015,上证红利,CNY,CN10Y
2018-02-22,3084.18,0.038752,9.64,0.06498243983402488,000015,上证红利,CNY,CN10Y
2018-02-23,3096.04,0.038702,9.7,0.06439078350515465,000015,上证红利,CNY,CN10Y
2018-02-24,,0.038652,9.7,0.06444078350515464,000015,上证红利,CNY,CN10Y
2018-02-26,3123.35,0.038452,9.74,0.0642174045174538,000015,上证红利,CNY,CN10Y
2018-02-27,3078.97,0.038201,9.54,0.06662080293501049,000015,上证红利,CNY,CN10Y
2018-02-28,3049.25,0.038202,9.38,0.06840780810234541,000015,上证红利,CNY,CN10Y
2018-03-01,3050.07,0.038201,9.39,0.06829527263045793,000015,上证红利,CNY,CN10Y
2018-03-02,3044.76,0.038352,9.35,0.06859987165775401,000015,上证红利,CNY,CN10Y
2018-03-05,3047.26,0.038453,9.33,0.06872813612004287,000015,上证红利,CNY,CN10Y
2018-03-06,3072.82,0.038253,9.35,0.06869887165775401,000015,上证红利,CNY,CN10Y
2018-03-07,3065.7,0.038203,9.37,0.06852058591248666,000015,上证红利,CNY,CN10Y
2018-03-08,3078.45,0.038203,9.37,0.06852058591248666,000015,上证红利,CNY,CN10Y
2018-03-09,3085.14,0.038278,9.36,0.06855960683760684,000015,上证红利,CNY,CN10Y
2018-03-12,3088.13,0.038243,9.34,0.06882338115631692,000015,上证红利,CNY,CN10Y
2018-03-13,3076.26,0.038362,9.35,0.06858987165775401,000015,上证红利,CNY,CN10Y
2018-03-14,3066.81,0.038413,9.31,0.06899838560687432,000015,上证红利,CNY,CN10Y
2018-03-15,3065.34,0.038257,9.34,0.06880938115631692,000015,上证红利,CNY,CN10Y
2018-03-16,3041.48,0.038154,9.25,0.06995410810810812,000015,上证红利,CNY,CN10Y
2018-03-19,3027.69,0.038104,9.26,0.0698873606911447,000015,上证红利,CNY,CN10Y
2018-03-20,3033.19,0.037906,9.34,0.06916038115631692,000015,上证红利,CNY,CN10Y
2018-03-21,3028.39,0.03763,9.31,0.06978138560687433,000015,上证红利,CNY,CN10Y
2018-03-22,3008.69,0.03748,9.26,0.0705113606911447,000015,上证红利,CNY,CN10Y
2018-03-23,2937.09,0.0370049999999999,9.09,0.07300600110011012,000015,上证红利,CNY,CN10Y
2018-03-26,2903.31,0.037307,8.83,0.0759432831257078,000015,上证红利,CNY,CN10Y
2018-03-27,2912.97,0.037432,8.82,0.07594668480725622,000015,上证红利,CNY,CN10Y
2018-03-28,2876.48,0.037406,8.74,0.07701047597254004,000015,上证红利,CNY,CN10Y
2018-03-29,2919.41,0.037456,8.89,0.07502993925759278,000015,上证红利,CNY,CN10Y
2018-03-30,2919.01,0.0374069999999999,8.83,0.07584328312570791,000015,上证红利,CNY,CN10Y
2018-04-02,2895.96,0.037357,8.74,0.07705947597254004,000015,上证红利,CNY,CN10Y
2018-04-03,2864.57,0.037507,8.67,0.07783325374855825,000015,上证红利,CNY,CN10Y
2018-04-04,2860.96,0.0372339999999999,8.67,0.07810625374855834,000015,上证红利,CNY,CN10Y
2018-04-08,,0.037008,8.67,0.07833225374855825,000015,上证红利,CNY,CN10Y
2018-04-09,2861.22,0.036959,8.69,0.07811579861910242,000015,上证红利,CNY,CN10Y
2018-04-10,2913.22,0.037159,8.92,0.07494862331838566,000015,上证红利,CNY,CN10Y
2018-04-11,2932.99,0.037109,9.01,0.07387879134295228,000015,上证红利,CNY,CN10Y
2018-04-12,2903.32,0.037109,8.87,0.07563057158962797,000015,上证红利,CNY,CN10Y
2018-04-13,2888.45,0.037062,8.8,0.07657436363636363,000015,上证红利,CNY,CN10Y
2018-04-16,2833.27,0.0365609999999999,8.57,0.08012511435239217,000015,上证红利,CNY,CN10Y
2018-04-17,2806.69,0.0365119999999999,8.5,0.0811350588235295,000015,上证红利,CNY,CN10Y
2018-04-18,2815.72,0.035013,8.58,0.08153711655011654,000015,上证红利,CNY,CN10Y
2018-04-19,2836.26,0.035064,8.64,0.08067674074074073,000015,上证红利,CNY,CN10Y
2018-04-20,2799.35,0.035215,8.58,0.08133511655011655,000015,上证红利,CNY,CN10Y
2018-04-23,2800.7,0.036019,8.62,0.0799902807424594,000015,上证红利,CNY,CN10Y
2018-04-24,2855.5,0.035855,8.77,0.07817008551881414,000015,上证红利,CNY,CN10Y
2018-04-25,2837.94,0.036118,8.68,0.0790893732718894,000015,上证红利,CNY,CN10Y
2018-04-26,2802.97,0.036344,8.63,0.07953085515643105,000015,上证红利,CNY,CN10Y
2018-04-27,2804.41,0.036364,8.68,0.0788433732718894,000015,上证红利,CNY,CN10Y
2018-04-28,,0.036217,8.68,0.0789903732718894,000015,上证红利,CNY,CN10Y
2018-05-02,2819.45,0.036665,8.41,0.08224106420927467,000015,上证红利,CNY,CN10Y
2018-05-03,2835.43,0.036467,8.42,0.08229784560570072,000015,上证红利,CNY,CN10Y
2018-05-04,2828.85,0.036319,8.38,0.08301274224343674,000015,上证红利,CNY,CN10Y
2018-05-07,2862.56,0.036518,8.47,0.08154575442739079,000015,上证红利,CNY,CN10Y
2018-05-08,2886.13,0.036922,8.56,0.07990042990654206,000015,上证红利,CNY,CN10Y
2018-05-09,2883.7,0.0370739999999999,8.58,0.07947611655011665,000015,上证红利,CNY,CN10Y
2018-05-10,2903.23,0.036924,8.6,0.07935506976744186,000015,上证红利,CNY,CN10Y
2018-05-11,2894.95,0.036882,8.62,0.07912728074245941,000015,上证红利,CNY,CN10Y
2018-05-14,2905.55,0.036937,8.66,0.07853644110854503,000015,上证红利,CNY,CN10Y
2018-05-15,2917.29,0.037151,8.66,0.07832244110854503,000015,上证红利,CNY,CN10Y
2018-05-16,2900.38,0.037076,8.56,0.07974642990654206,000015,上证红利,CNY,CN10Y
2018-05-17,2895.05,0.03712,8.54,0.079976018735363,000015,上证红利,CNY,CN10Y
2018-05-18,2923.73,0.037099,8.68,0.07810837327188941,000015,上证红利,CNY,CN10Y
2018-05-21,2934.93,0.036939,8.67,0.07840125374855825,000015,上证红利,CNY,CN10Y
2018-05-22,2923.87,0.0366999999999999,8.61,0.07944401858304308,000015,上证红利,CNY,CN10Y
2018-05-23,2893.81,0.0364,8.47,0.08166375442739078,000015,上证红利,CNY,CN10Y
2018-05-24,2873.83,0.036501,8.4,0.08254661904761904,000015,上证红利,CNY,CN10Y
2018-05-25,2873.96,0.036126,8.37,0.08334831302270013,000015,上证红利,CNY,CN10Y
2018-05-28,2869.7,0.036101,8.35,0.08365947904191617,000015,上证红利,CNY,CN10Y
2018-05-29,2868.88,0.036001,8.37,0.08347331302270014,000015,上证红利,CNY,CN10Y
2018-05-30,2816.71,0.035976,8.21,0.08582667965895249,000015,上证红利,CNY,CN10Y
2018-05-31,2866.99,0.0361289999999999,8.34,0.08377507673860922,000015,上证红利,CNY,CN10Y
2018-06-01,2852.95,0.036202,8.3,0.08427992771084336,000015,上证红利,CNY,CN10Y
2018-06-04,2873.56,0.036532,8.4,0.08251561904761903,000015,上证红利,CNY,CN10Y
2018-06-05,2878.98,0.036602,8.38,0.08272974224343674,000015,上证红利,CNY,CN10Y
2018-06-06,2873.93,0.036602,8.34,0.08330207673860912,000015,上证红利,CNY,CN10Y
2018-06-07,2859.06,0.036702,8.35,0.08305847904191617,000015,上证红利,CNY,CN10Y
2018-06-08,2814.24,0.036453,8.22,0.085201501216545,000015,上证红利,CNY,CN10Y
2018-06-11,2814.72,0.036502,8.23,0.08500468286755772,000015,上证红利,CNY,CN10Y
2018-06-12,2840.56,0.036853,8.29,0.08377426176115804,000015,上证红利,CNY,CN10Y
2018-06-13,2829.36,0.036627,8.27,0.08429198428053206,000015,上证红利,CNY,CN10Y
2018-06-14,2828.54,0.036227,8.29,0.08440026176115803,000015,上证红利,CNY,CN10Y
2018-06-15,2824.66,0.036028,8.32,0.08416430769230768,000015,上证红利,CNY,CN10Y
2018-06-18,2824.66,0.036028,8.32,0.08416430769230768,000015,上证红利,CNY,CN10Y
2018-06-19,2752.28,0.0356029999999999,8.29,0.08502426176115814,000015,上证红利,CNY,CN10Y
2018-06-20,2743.69,0.036054,8.21,0.08574867965895248,000015,上证红利,CNY,CN10Y
2018-06-21,2720.45,0.035753,8.2,0.08619821951219514,000015,上证红利,CNY,CN10Y
2018-06-22,2718.16,0.035604,8.15,0.08709538650306749,000015,上证红利,CNY,CN10Y
2018-06-25,2691.61,0.035803,8.02,0.08888527930174564,000015,上证红利,CNY,CN10Y
2018-06-26,2658.33,0.035804,7.88,0.09109955329949238,000015,上证红利,CNY,CN10Y
2018-06-27,2635.24,0.035529,7.8,0.09267612820512822,000015,上证红利,CNY,CN10Y
2018-06-28,2597.71,0.035304,7.7,0.09456612987012986,000015,上证红利,CNY,CN10Y
2018-06-29,2646.57,0.034756,7.74,0.09444296640826871,000015,上证红利,CNY,CN10Y
2018-07-02,2565.37,0.034668,7.45,0.09956018791946308,000015,上证红利,CNY,CN10Y
2018-07-03,2574.49,0.034955,7.46,0.09909325737265416,000015,上证红利,CNY,CN10Y
2018-07-04,2566.73,0.035107,7.45,0.09912118791946309,000015,上证红利,CNY,CN10Y
2018-07-05,2554.48,0.035005,7.44,0.09940360215053762,000015,上证红利,CNY,CN10Y
2018-07-06,2567.15,0.035259,7.49,0.09825234846461949,000015,上证红利,CNY,CN10Y
2018-07-09,2618.95,0.035432,7.71,0.0942696861219196,000015,上证红利,CNY,CN10Y
2018-07-10,2626.22,0.035431,7.71,0.0942706861219196,000015,上证红利,CNY,CN10Y
2018-07-11,2583.5,0.035107,7.62,0.09612659580052493,000015,上证红利,CNY,CN10Y
2018-07-12,2626.89,0.035158,7.74,0.09404096640826873,000015,上证红利,CNY,CN10Y
2018-07-13,2618.7,0.034858,7.62,0.09637559580052493,000015,上证红利,CNY,CN10Y
2018-07-16,2597.89,0.034808,7.5,0.09852533333333333,000015,上证红利,CNY,CN10Y
2018-07-17,2576.07,0.034808,7.44,0.09960060215053762,000015,上证红利,CNY,CN10Y
2018-07-18,2586.94,0.034708,7.43,0.09988150201884254,000015,上证红利,CNY,CN10Y
2018-07-19,2582.7,0.034409,7.42,0.10036188948787061,000015,上证红利,CNY,CN10Y
2018-07-20,2644.29,0.035135,7.68,0.09507333333333334,000015,上证红利,CNY,CN10Y
2018-07-23,2679.96,0.035186,7.82,0.09269123785166242,000015,上证红利,CNY,CN10Y
2018-07-24,2701.78,0.035615,7.87,0.09144980304955527,000015,上证红利,CNY,CN10Y
2018-07-25,2698.16,0.035614,7.88,0.09128955329949237,000015,上证红利,CNY,CN10Y
2018-07-26,2685.7,0.035361,7.81,0.09267997311139564,000015,上证红利,CNY,CN10Y
2018-07-27,2669.18,0.035212,7.79,0.09315770474967908,000015,上证红利,CNY,CN10Y
2018-07-30,2679.31,0.035213,7.86,0.0920134631043257,000015,上证红利,CNY,CN10Y
2018-07-31,2688.17,0.0348119999999999,7.9,0.09177027848101274,000015,上证红利,CNY,CN10Y
2018-08-01,2637.79,0.034638,7.76,0.09422797938144331,000015,上证红利,CNY,CN10Y
2018-08-02,2590.49,0.034713,7.6,0.09686594736842105,000015,上证红利,CNY,CN10Y
2018-08-03,2570.25,0.034567,7.59,0.09718530566534915,000015,上证红利,CNY,CN10Y
2018-08-06,2551.35,0.034568,7.6,0.09701094736842104,000015,上证红利,CNY,CN10Y
2018-08-07,2609.16,0.034876,7.78,0.09365870437017995,000015,上证红利,CNY,CN10Y
2018-08-08,2575.63,0.035222,7.68,0.09498633333333334,000015,上证红利,CNY,CN10Y
2018-08-09,2619.23,0.035476,7.79,0.09289370474967906,000015,上证红利,CNY,CN10Y
2018-08-10,2600.14,0.035525,7.73,0.09384110608020699,000015,上证红利,CNY,CN10Y
2018-08-13,2584.61,0.035826,7.64,0.09506405235602094,000015,上证红利,CNY,CN10Y
2018-08-14,2583.19,0.0355189999999999,7.63,0.09554259895150731,000015,上证红利,CNY,CN10Y
2018-08-15,2530.81,0.035829,7.48,0.09786083957219249,000015,上证红利,CNY,CN10Y
2018-08-16,2521.99,0.036141,7.46,0.09790725737265416,000015,上证红利,CNY,CN10Y
2018-08-17,2499.45,0.036524,7.41,0.0984287665317139,000015,上证红利,CNY,CN10Y
2018-08-20,2528.59,0.036326,7.53,0.09647612483399734,000015,上证红利,CNY,CN10Y
2018-08-21,2556.33,0.0363,7.6,0.09527894736842105,000015,上证红利,CNY,CN10Y
2018-08-22,2537.71,0.0360749999999999,7.57,0.09602539630118899,000015,上证红利,CNY,CN10Y
2018-08-23,2546.95,0.036101,7.57,0.0959993963011889,000015,上证红利,CNY,CN10Y
2018-08-24,2561.85,0.036278,7.65,0.09444095424836602,000015,上证红利,CNY,CN10Y
2018-08-27,2613.55,0.036303,7.77,0.0923971287001287,000015,上证红利,CNY,CN10Y
2018-08-28,2611.11,0.036101,7.75,0.09293125806451613,000015,上证红利,CNY,CN10Y
2018-08-29,2596.19,0.036101,7.73,0.093265106080207,000015,上证红利,CNY,CN10Y
2018-08-30,2584.26,0.035801,7.66,0.09474730287206265,000015,上证红利,CNY,CN10Y
2018-08-31,2576.6,0.035751,7.68,0.09445733333333334,000015,上证红利,CNY,CN10Y
2018-09-03,2572.13,0.035951,7.67,0.0944270964797914,000015,上证红利,CNY,CN10Y
2018-09-04,2597.25,0.036101,7.74,0.09309796640826873,000015,上证红利,CNY,CN10Y
2018-09-05,2552.61,0.036101,7.58,0.09582512137203167,000015,上证红利,CNY,CN10Y
2018-09-06,2537.49,0.036101,7.53,0.09670112483399734,000015,上证红利,CNY,CN10Y
2018-09-07,2545.15,0.036301,7.57,0.09579939630118889,000015,上证红利,CNY,CN10Y
2018-09-10,2530.68,0.036551,7.54,0.09607499469496023,000015,上证红利,CNY,CN10Y
2018-09-11,2522.51,0.036751,7.5,0.09658233333333333,000015,上证红利,CNY,CN10Y
2018-09-12,2521.09,0.036551,7.47,0.09731780856760375,000015,上证红利,CNY,CN10Y
2018-09-13,2549.12,0.036526,7.58,0.09540012137203166,000015,上证红利,CNY,CN10Y
2018-09-14,2556.46,0.036351,7.59,0.09540130566534916,000015,上证红利,CNY,CN10Y
2018-09-17,2536.01,0.036327,7.53,0.09647512483399734,000015,上证红利,CNY,CN10Y
2018-09-18,2578.39,0.036452,7.65,0.09426695424836602,000015,上证红利,CNY,CN10Y
2018-09-19,2606.87,0.0367269999999999,7.72,0.0928066787564768,000015,上证红利,CNY,CN10Y
2018-09-20,2599.27,0.037003,7.73,0.09236310608020698,000015,上证红利,CNY,CN10Y
2018-09-21,2671.43,0.036752,8.04,0.08762610945273633,000015,上证红利,CNY,CN10Y
2018-09-25,2649.88,0.0367539999999999,7.94,0.08919058438287164,000015,上证红利,CNY,CN10Y
2018-09-26,2667.21,0.036503,8.01,0.08834094506866416,000015,上证红利,CNY,CN10Y
2018-09-27,2669.78,0.036253,8.01,0.08859094506866416,000015,上证红利,CNY,CN10Y
2018-09-28,2700.56,0.036154,8.11,0.08715056226880397,000015,上证红利,CNY,CN10Y
2018-09-29,,0.036104,8.11,0.08720056226880396,000015,上证红利,CNY,CN10Y
2018-09-30,,0.036103,8.11,0.08720156226880396,000015,上证红利,CNY,CN10Y
2018-10-08,2606.05,0.036155,7.8,0.09205012820512823,000015,上证红利,CNY,CN10Y
2018-10-09,2593.75,0.036156,7.78,0.09237870437017995,000015,上证红利,CNY,CN10Y
2018-10-10,2604.64,0.036156,7.81,0.09188497311139565,000015,上证红利,CNY,CN10Y
2018-10-11,2486.22,0.035806,7.53,0.09699612483399733,000015,上证红利,CNY,CN10Y
2018-10-12,2516.27,0.035831,7.67,0.0945470964797914,000015,上证红利,CNY,CN10Y
2018-10-15,2471.34,0.035857,7.56,0.0964181322751323,000015,上证红利,CNY,CN10Y
2018-10-16,2458.06,0.035757,7.58,0.09616912137203167,000015,上证红利,CNY,CN10Y
2018-10-17,2479.89,0.035807,7.62,0.09542659580052493,000015,上证红利,CNY,CN10Y
2018-10-18,2425.4,0.035508,7.45,0.09872018791946309,000015,上证红利,CNY,CN10Y
2018-10-19,2492.26,0.0356579999999999,7.67,0.0947200964797915,000015,上证红利,CNY,CN10Y
2018-10-22,2577.61,0.03591,7.88,0.09099355329949238,000015,上证红利,CNY,CN10Y
2018-10-23,2513.81,0.035709,7.69,0.09433001170351105,000015,上证红利,CNY,CN10Y
2018-10-24,2517.86,0.035409,7.77,0.0932911287001287,000015,上证红利,CNY,CN10Y
2018-10-25,2523.35,0.035409,7.8,0.09279612820512823,000015,上证红利,CNY,CN10Y
2018-10-26,2528.36,0.03541,7.82,0.09246723785166241,000015,上证红利,CNY,CN10Y
2018-10-29,2473.56,0.0351109999999999,7.66,0.09543730287206276,000015,上证红利,CNY,CN10Y
2018-10-30,2493.42,0.035161,7.73,0.09420510608020699,000015,上证红利,CNY,CN10Y
2018-10-31,2516.79,0.035086,7.77,0.0936141287001287,000015,上证红利,CNY,CN10Y
2018-11-01,2518.51,0.0349359999999999,7.56,0.0973391322751324,000015,上证红利,CNY,CN10Y
2018-11-02,2572.35,0.035461,7.69,0.09457801170351104,000015,上证红利,CNY,CN10Y
2018-11-05,2561.67,0.035312,7.62,0.09592159580052492,000015,上证红利,CNY,CN10Y
2018-11-06,2555.93,0.035113,7.58,0.09681312137203166,000015,上证红利,CNY,CN10Y
2018-11-07,2543.88,0.034813,7.55,0.09763733112582783,000015,上证红利,CNY,CN10Y
2018-11-08,2545.27,0.034813,7.58,0.09711312137203167,000015,上证红利,CNY,CN10Y
2018-11-09,2507.2,0.034763,7.38,0.10073835501355015,000015,上证红利,CNY,CN10Y
2018-11-12,2537.45,0.034865,7.41,0.10008776653171389,000015,上证红利,CNY,CN10Y
2018-11-13,2552.49,0.03474,7.43,0.09984950201884255,000015,上证红利,CNY,CN10Y
2018-11-14,2526.21,0.034218,7.33,0.1022076480218281,000015,上证红利,CNY,CN10Y
2018-11-15,2546.52,0.033915,7.39,0.10140299729364005,000015,上证红利,CNY,CN10Y
2018-11-16,2552.2,0.033515,7.39,0.10180299729364005,000015,上证红利,CNY,CN10Y
2018-11-19,2577.47,0.033772,7.47,0.10009680856760375,000015,上证红利,CNY,CN10Y
2018-11-20,2525.96,0.033771,7.36,0.1020985652173913,000015,上证红利,CNY,CN10Y
2018-11-21,2531.43,0.0337159999999999,7.37,0.10196921031207608,000015,上证红利,CNY,CN10Y
2018-11-22,2519.36,0.033917,7.34,0.10232278201634878,000015,上证红利,CNY,CN10Y
2018-11-23,2475.61,0.033917,7.26,0.10382404683195592,000015,上证红利,CNY,CN10Y
2018-11-26,2475.56,0.034151,7.27,0.10340058184319122,000015,上证红利,CNY,CN10Y
2018-11-27,2470.12,0.034,7.24,0.10412154696132597,000015,上证红利,CNY,CN10Y
2018-11-28,2487.71,0.0337,7.29,0.10347421124828532,000015,上证红利,CNY,CN10Y
2018-11-29,2468.85,0.0336,7.25,0.10433103448275863,000015,上证红利,CNY,CN10Y
2018-11-30,2491.65,0.0335499999999999,7.31,0.10324890560875523,000015,上证红利,CNY,CN10Y
2018-12-03,2548.23,0.0335,7.44,0.10090860215053762,000015,上证红利,CNY,CN10Y
2018-12-04,2555.39,0.03305,7.45,0.10117818791946309,000015,上证红利,CNY,CN10Y
2018-12-05,2545.7,0.03275,7.41,0.1022027665317139,000015,上证红利,CNY,CN10Y
2018-12-06,2507.28,0.032751,7.31,0.10404790560875513,000015,上证红利,CNY,CN10Y
2018-12-07,2523.88,0.032853,7.32,0.10375902185792349,000015,上证红利,CNY,CN10Y
2018-12-10,2504.78,0.032678,7.27,0.10487358184319122,000015,上证红利,CNY,CN10Y
2018-12-11,2512.81,0.032652,7.28,0.10471063736263735,000015,上证红利,CNY,CN10Y
2018-12-12,2526.6,0.032703,7.31,0.10409590560875512,000015,上证红利,CNY,CN10Y
2018-12-13,2558.44,0.033311,7.39,0.10200699729364004,000015,上证红利,CNY,CN10Y
2018-12-14,2526.84,0.033468,7.32,0.10314402185792348,000015,上证红利,CNY,CN10Y
2018-12-17,2546.29,0.033713,7.29,0.10346121124828533,000015,上证红利,CNY,CN10Y
2018-12-18,2528.89,0.033714,7.22,0.10479015512465376,000015,上证红利,CNY,CN10Y
2018-12-19,2514.79,0.033412,7.17,0.1060580139470014,000015,上证红利,CNY,CN10Y
2018-12-20,2501.6,0.033003,7.1,0.10784207042253521,000015,上证红利,CNY,CN10Y
2018-12-21,2490.18,0.033168,7.07,0.10827471570014144,000015,上证红利,CNY,CN10Y
2018-12-24,2504.46,0.033483,7.09,0.10756072355430184,000015,上证红利,CNY,CN10Y
2018-12-25,2484.54,0.033113,7.08,0.10812993785310734,000015,上证红利,CNY,CN10Y
2018-12-26,2485.43,0.033011,7.1,0.10783407042253522,000015,上证红利,CNY,CN10Y
2018-12-27,2475.96,0.032709,7.08,0.10853393785310735,000015,上证红利,CNY,CN10Y
2018-12-28,2486.08,0.032315,7.09,0.10872872355430183,000015,上证红利,CNY,CN10Y
2018-12-29,,0.032265,7.09,0.10877872355430183,000015,上证红利,CNY,CN10Y
2018-12-30,,0.032265,7.09,0.10877872355430183,000015,上证红利,CNY,CN10Y
2018-12-31,,0.032265,7.09,0.10877872355430183,000015,上证红利,CNY,CN10Y
2019-01-02,2438.48,0.031734,6.95,0.11215089208633093,000015,上证红利,CNY,CN10Y
2019-01-03,2436.61,0.03141,6.97,0.11206202295552367,000015,上证红利,CNY,CN10Y
2019-01-04,2470.11,0.031513,7.06,0.11013005949008499,000015,上证红利,CNY,CN10Y
2019-01-07,2492.68,0.031507,7.06,0.11013605949008498,000015,上证红利,CNY,CN10Y
2019-01-08,2496.45,0.031211,7.04,0.11083445454545456,000015,上证红利,CNY,CN10Y
2019-01-09,2510.42,0.0311059999999999,7.11,0.10954097609001416,000015,上证红利,CNY,CN10Y
2019-01-10,2501.99,0.031006,7.06,0.11063705949008498,000015,上证红利,CNY,CN10Y
2019-01-11,2516.94,0.031058,7.11,0.10958897609001406,000015,上证红利,CNY,CN10Y
2019-01-14,2510.72,0.031297,7.06,0.110346059490085,000015,上证红利,CNY,CN10Y
2019-01-15,2531.81,0.031383,7.12,0.1090664382022472,000015,上证红利,CNY,CN10Y
2019-01-16,2529.66,0.030745,7.14,0.10931102240896359,000015,上证红利,CNY,CN10Y
2019-01-17,2526.76,0.03076,7.12,0.1096894382022472,000015,上证红利,CNY,CN10Y
2019-01-18,2561.27,0.03091,7.25,0.10702103448275863,000015,上证红利,CNY,CN10Y
2019-01-21,2571.08,0.031037,7.3,0.10594930136986301,000015,上证红利,CNY,CN10Y
2019-01-22,2541.19,0.031071,7.23,0.10724158644536651,000015,上证红利,CNY,CN10Y
2019-01-23,2547.18,0.03119,7.26,0.10655104683195593,000015,上证红利,CNY,CN10Y
2019-01-24,2553.44,0.031338,7.3,0.105648301369863,000015,上证红利,CNY,CN10Y
2019-01-25,2563.3,0.031398,7.38,0.10410335501355014,000015,上证红利,CNY,CN10Y
2019-01-28,2567.12,0.031397,7.39,0.10392099729364004,000015,上证红利,CNY,CN10Y
2019-01-29,2577.79,0.031246,7.45,0.10298218791946309,000015,上证红利,CNY,CN10Y
2019-01-30,2564.27,0.0311509999999999,7.42,0.10361988948787071,000015,上证红利,CNY,CN10Y
2019-01-31,2580.09,0.031037,7.53,0.10176512483399734,000015,上证红利,CNY,CN10Y
2019-02-01,2606.29,0.031032,7.55,0.10141833112582782,000015,上证红利,CNY,CN10Y
2019-02-02,,0.030978,7.55,0.10147233112582782,000015,上证红利,CNY,CN10Y
2019-02-03,,0.0309669999999999,7.55,0.10148333112582793,000015,上证红利,CNY,CN10Y
2019-02-11,2630.49,0.03067,7.55,0.10178033112582782,000015,上证红利,CNY,CN10Y
2019-02-12,2646.21,0.030748,7.56,0.1015271322751323,000015,上证红利,CNY,CN10Y
2019-02-13,2680.98,0.030719,7.67,0.0996590964797914,000015,上证红利,CNY,CN10Y
2019-02-14,2679.09,0.030726,7.63,0.1003355989515072,000015,上证红利,CNY,CN10Y
2019-02-15,2637.29,0.030794,7.47,0.10307480856760375,000015,上证红利,CNY,CN10Y
2019-02-18,2698.93,0.031094,7.61,0.1003120446780552,000015,上证红利,CNY,CN10Y
2019-02-19,2698.02,0.031279,7.59,0.10047330566534915,000015,上证红利,CNY,CN10Y
2019-02-20,2698.97,0.031196,7.62,0.10003759580052493,000015,上证红利,CNY,CN10Y
2019-02-21,2680.6,0.031361,7.58,0.10056512137203166,000015,上证红利,CNY,CN10Y
2019-02-22,2709.72,0.031451,7.61,0.09995504467805519,000015,上证红利,CNY,CN10Y
2019-02-25,2825.66,0.031787,8.0,0.09321299999999999,000015,上证红利,CNY,CN10Y
2019-02-26,2813.16,0.031878,7.87,0.09518680304955529,000015,上证红利,CNY,CN10Y
2019-02-27,2809.29,0.0316889999999999,7.91,0.09473325031605571,000015,上证红利,CNY,CN10Y
2019-02-28,2807.54,0.0317309999999999,7.88,0.09517255329949248,000015,上证红利,CNY,CN10Y
2019-03-01,2840.68,0.0318699999999999,8.04,0.09250810945273644,000015,上证红利,CNY,CN10Y
2019-03-04,2868.41,0.032023,8.09,0.09158639431396787,000015,上证红利,CNY,CN10Y
2019-03-05,2889.29,0.032149,8.05,0.09207460248447204,000015,上证红利,CNY,CN10Y
2019-03-06,2926.84,0.032021,8.09,0.09158839431396787,000015,上证红利,CNY,CN10Y
2019-03-07,2917.23,0.031572,7.97,0.09389851442910917,000015,上证红利,CNY,CN10Y
2019-03-08,2789.37,0.031423,7.71,0.09827868612191959,000015,上证红利,CNY,CN10Y
2019-03-11,2837.21,0.031374,7.75,0.09765825806451613,000015,上证红利,CNY,CN10Y
2019-03-12,2865.65,0.031424,7.8,0.09678112820512821,000015,上证红利,CNY,CN10Y
2019-03-13,2838.88,0.031375,7.74,0.09782396640826872,000015,上证红利,CNY,CN10Y
2019-03-14,2805.09,0.031475,7.73,0.09789110608020699,000015,上证红利,CNY,CN10Y
2019-03-15,2834.53,0.031376,7.77,0.0973241287001287,000015,上证红利,CNY,CN10Y
2019-03-18,2912.05,0.031377,7.92,0.09488562626262627,000015,上证红利,CNY,CN10Y
2019-03-19,2902.74,0.031377,7.9,0.09520527848101264,000015,上证红利,CNY,CN10Y
2019-03-20,2910.59,0.031453,7.88,0.09545055329949237,000015,上证红利,CNY,CN10Y
2019-03-21,2920.96,0.031291,7.85,0.09609753503184713,000015,上证红利,CNY,CN10Y
2019-03-22,2926.47,0.03108,7.86,0.0961464631043257,000015,上证红利,CNY,CN10Y
2019-03-25,2877.4,0.030831,7.68,0.09937733333333335,000015,上证红利,CNY,CN10Y
2019-03-26,2839.26,0.030633,7.65,0.10008595424836603,000015,上证红利,CNY,CN10Y
2019-03-27,2882.21,0.030882,7.7,0.09898812987012987,000015,上证红利,CNY,CN10Y
2019-03-28,2857.63,0.030634,7.65,0.10008495424836603,000015,上证红利,CNY,CN10Y
2019-03-29,2926.18,0.030683,7.83,0.0970309208173691,000015,上证红利,CNY,CN10Y
2019-04-01,3001.47,0.031332,7.96,0.09429614070351758,000015,上证红利,CNY,CN10Y
2019-04-02,2997.45,0.031681,7.96,0.09394714070351758,000015,上证红利,CNY,CN10Y
2019-04-03,3030.14,0.032331,8.02,0.09235727930174564,000015,上证红利,CNY,CN10Y
2019-04-04,3061.87,0.032679,8.14,0.09017112285012284,000015,上证红利,CNY,CN10Y
2019-04-08,3080.6,0.032482,8.16,0.09006701960784314,000015,上证红利,CNY,CN10Y
2019-04-09,3068.27,0.0328819999999999,8.12,0.09027070935960603,000015,上证红利,CNY,CN10Y
2019-04-10,3064.15,0.032932,8.11,0.09037256226880395,000015,上证红利,CNY,CN10Y
2019-04-11,3030.08,0.032784,8.04,0.09159410945273633,000015,上证红利,CNY,CN10Y
2019-04-12,3009.76,0.033334,8.03,0.09119900124533002,000015,上证红利,CNY,CN10Y
2019-04-15,3002.21,0.033736,8.06,0.09033347890818857,000015,上证红利,CNY,CN10Y
2019-04-16,3049.76,0.033937,8.29,0.08669026176115804,000015,上证红利,CNY,CN10Y
2019-04-17,3057.79,0.033938,8.3,0.08654392771084335,000015,上证红利,CNY,CN10Y
2019-04-18,3026.79,0.033589,8.22,0.088065501216545,000015,上证红利,CNY,CN10Y
2019-04-19,3039.21,0.033741,8.27,0.08717798428053206,000015,上证红利,CNY,CN10Y
2019-04-22,2973.18,0.034091,8.08,0.08967137623762375,000015,上证红利,CNY,CN10Y
2019-04-23,2946.11,0.033993,8.07,0.08992273729863692,000015,上证红利,CNY,CN10Y
2019-04-24,2972.73,0.034343,8.08,0.08941937623762376,000015,上证红利,CNY,CN10Y
2019-04-25,2900.81,0.034193,7.97,0.09127751442910917,000015,上证红利,CNY,CN10Y
2019-04-26,2862.15,0.034043,7.88,0.09286055329949239,000015,上证红利,CNY,CN10Y
2019-04-28,,0.034043,7.88,0.09286055329949239,000015,上证红利,CNY,CN10Y
2019-04-29,2847.35,0.034268,7.96,0.09136014070351758,000015,上证红利,CNY,CN10Y
2019-04-30,2874.01,0.0338689999999999,7.99,0.09128744555694629,000015,上证红利,CNY,CN10Y
2019-05-05,,0.033849,7.99,0.0913074455569462,000015,上证红利,CNY,CN10Y
2019-05-06,2743.46,0.0335499999999999,8.44,0.08493341232227498,000015,上证红利,CNY,CN10Y
2019-05-07,2774.66,0.033551,8.43,0.08507296204033216,000015,上证红利,CNY,CN10Y
2019-05-08,2729.09,0.033426,8.31,0.08691094344163658,000015,上证红利,CNY,CN10Y
2019-05-09,2686.36,0.033116,8.2,0.08883521951219514,000015,上证红利,CNY,CN10Y
2019-05-10,2747.76,0.033017,8.37,0.08645731302270013,000015,上证红利,CNY,CN10Y
2019-05-13,2708.31,0.032709,8.26,0.08835637530266344,000015,上证红利,CNY,CN10Y
2019-05-14,2694.45,0.032859,8.21,0.08894367965895249,000015,上证红利,CNY,CN10Y
2019-05-15,2734.28,0.032762,8.33,0.08728601920768307,000015,上证红利,CNY,CN10Y
2019-05-16,2750.76,0.032662,8.37,0.08681231302270014,000015,上证红利,CNY,CN10Y
2019-05-17,2688.08,0.032665,8.27,0.08825398428053205,000015,上证红利,CNY,CN10Y
2019-05-20,2674.79,0.032717,8.29,0.08791026176115804,000015,上证红利,CNY,CN10Y
2019-05-21,2705.91,0.03299,8.35,0.08677047904191618,000015,上证红利,CNY,CN10Y
2019-05-22,2697.21,0.033264,8.34,0.08664007673860911,000015,上证红利,CNY,CN10Y
2019-05-23,2672.63,0.0331,8.29,0.08752726176115805,000015,上证红利,CNY,CN10Y
2019-05-24,2667.36,0.033125,8.32,0.08706730769230768,000015,上证红利,CNY,CN10Y
2019-05-27,2692.56,0.0335,8.34,0.08640407673860911,000015,上证红利,CNY,CN10Y
2019-05-28,2709.28,0.0331,8.41,0.08580606420927467,000015,上证红利,CNY,CN10Y
2019-05-29,2697.16,0.032875,8.36,0.08674222488038279,000015,上证红利,CNY,CN10Y
2019-05-30,2693.04,0.03275,8.39,0.08643951132300356,000015,上证红利,CNY,CN10Y
2019-05-31,2687.27,0.032751,8.34,0.08715307673860911,000015,上证红利,CNY,CN10Y
2019-06-03,2673.74,0.032401,8.37,0.08707331302270013,000015,上证红利,CNY,CN10Y
2019-06-04,2658.69,0.032101,8.37,0.08737331302270013,000015,上证红利,CNY,CN10Y
2019-06-05,2659.63,0.0321,8.39,0.08708951132300358,000015,上证红利,CNY,CN10Y
2019-06-06,2631.13,0.032136,8.38,0.08719574224343675,000015,上证红利,CNY,CN10Y
2019-06-10,2656.27,0.032251,8.47,0.08581275442739078,000015,上证红利,CNY,CN10Y
2019-06-11,2711.96,0.032651,8.53,0.0845822942555686,000015,上证红利,CNY,CN10Y
2019-06-12,2695.52,0.032601,8.5,0.08504605882352942,000015,上证红利,CNY,CN10Y
2019-06-13,2683.97,0.032451,8.46,0.08575230969267139,000015,上证红利,CNY,CN10Y
2019-06-14,2662.75,0.032302,8.44,0.08618141232227489,000015,上证红利,CNY,CN10Y
2019-06-17,2672.29,0.032252,8.48,0.08567252830188678,000015,上证红利,CNY,CN10Y
2019-06-18,2669.3,0.032302,8.5,0.08534505882352941,000015,上证红利,CNY,CN10Y
2019-06-19,2687.53,0.032427,8.49,0.08535863015312131,000015,上证红利,CNY,CN10Y
2019-06-20,2730.8,0.032352,8.62,0.0836572807424594,000015,上证红利,CNY,CN10Y
2019-06-21,2735.51,0.032303,8.58,0.08424711655011655,000015,上证红利,CNY,CN10Y
2019-06-24,2745.21,0.0324529999999999,8.61,0.08369101858304308,000015,上证红利,CNY,CN10Y
2019-06-25,2717.62,0.032353,8.51,0.08515581316098708,000015,上证红利,CNY,CN10Y
2019-06-26,2724.66,0.0324529999999999,8.51,0.08505581316098718,000015,上证红利,CNY,CN10Y
2019-06-27,2740.8,0.032553,8.55,0.08440606432748538,000015,上证红利,CNY,CN10Y
2019-06-28,2727.72,0.032254,8.52,0.08511689201877934,000015,上证红利,CNY,CN10Y
2019-07-01,2766.71,0.032254,8.61,0.08389001858304299,000015,上证红利,CNY,CN10Y
2019-07-02,2781.13,0.0317039999999999,8.63,0.08417085515643115,000015,上证红利,CNY,CN10Y
2019-07-03,2778.53,0.031554,8.56,0.08526842990654206,000015,上证红利,CNY,CN10Y
2019-07-04,2774.73,0.031479,8.57,0.08520711435239206,000015,上证红利,CNY,CN10Y
2019-07-05,2778.7,0.031705,8.57,0.08498111435239207,000015,上证红利,CNY,CN10Y
2019-07-08,2704.71,0.031805,8.4,0.08724261904761904,000015,上证红利,CNY,CN10Y
2019-07-09,2701.05,0.03168,8.36,0.08793722488038279,000015,上证红利,CNY,CN10Y
2019-07-10,2680.79,0.031706,8.32,0.08848630769230768,000015,上证红利,CNY,CN10Y
2019-07-11,2682.02,0.03168,8.36,0.08793722488038279,000015,上证红利,CNY,CN10Y
2019-07-12,2687.68,0.0315309999999999,8.37,0.08794331302270023,000015,上证红利,CNY,CN10Y
2019-07-15,2690.85,0.031782,8.36,0.08783522488038278,000015,上证红利,CNY,CN10Y
2019-07-16,2694.47,0.031732,8.35,0.08802847904191616,000015,上证红利,CNY,CN10Y
2019-07-17,2686.95,0.031757,8.32,0.08843530769230767,000015,上证红利,CNY,CN10Y
2019-07-18,2655.38,0.031608,8.27,0.08931098428053205,000015,上证红利,CNY,CN10Y
2019-07-19,2666.15,0.031559,8.35,0.08820147904191616,000015,上证红利,CNY,CN10Y
2019-07-22,2638.96,0.031484,8.34,0.08842007673860912,000015,上证红利,CNY,CN10Y
2019-07-23,2644.56,0.031484,8.36,0.08813322488038279,000015,上证红利,CNY,CN10Y
2019-07-24,2665.88,0.0317099999999999,8.41,0.08719606420927478,000015,上证红利,CNY,CN10Y
2019-07-25,2678.46,0.0316349999999999,8.45,0.0867081952662723,000015,上证红利,CNY,CN10Y
2019-07-26,2689.52,0.031661,8.46,0.08654230969267138,000015,上证红利,CNY,CN10Y
2019-07-29,2694.32,0.031836,8.46,0.08636730969267138,000015,上证红利,CNY,CN10Y
2019-07-30,2710.31,0.031761,8.49,0.08602463015312131,000015,上证红利,CNY,CN10Y
2019-07-31,2688.21,0.031552,8.44,0.08693141232227489,000015,上证红利,CNY,CN10Y
2019-08-01,2670.1,0.031487,8.39,0.08770251132300357,000015,上证红利,CNY,CN10Y
2019-08-02,2634.25,0.030914,8.3,0.08956792771084336,000015,上证红利,CNY,CN10Y
2019-08-05,2586.31,0.0305629999999999,8.15,0.09213638650306759,000015,上证红利,CNY,CN10Y
2019-08-06,2544.72,0.030613,8.06,0.09345647890818858,000015,上证红利,CNY,CN10Y
2019-08-07,2538.03,0.030514,8.03,0.09401900124533003,000015,上证红利,CNY,CN10Y
2019-08-08,2561.78,0.030465,8.12,0.09268770935960594,000015,上证红利,CNY,CN10Y
2019-08-09,2550.41,0.030216,8.11,0.09308856226880396,000015,上证红利,CNY,CN10Y
2019-08-12,2590.73,0.0303909999999999,8.18,0.09185838875305634,000015,上证红利,CNY,CN10Y
2019-08-13,2568.43,0.030041,8.12,0.09311170935960593,000015,上证红利,CNY,CN10Y
2019-08-14,2575.58,0.030105,8.13,0.0928962300123001,000015,上证红利,CNY,CN10Y
2019-08-15,2586.25,0.030115,8.14,0.09273512285012284,000015,上证红利,CNY,CN10Y
2019-08-16,2580.67,0.030217,8.13,0.0927842300123001,000015,上证红利,CNY,CN10Y
2019-08-19,2630.57,0.030191,8.19,0.09190912210012211,000015,上证红利,CNY,CN10Y
2019-08-20,2633.72,0.0303169999999999,8.15,0.09238238650306758,000015,上证红利,CNY,CN10Y
2019-08-21,2633.23,0.030567,8.14,0.09228312285012284,000015,上证红利,CNY,CN10Y
2019-08-22,2626.1,0.030543,8.11,0.09276156226880396,000015,上证红利,CNY,CN10Y
2019-08-23,2636.14,0.030644,8.17,0.09175502080783353,000015,上证红利,CNY,CN10Y
2019-08-26,2616.16,0.030494,8.08,0.09326837623762377,000015,上证红利,CNY,CN10Y
2019-08-27,2648.2,0.03052,8.15,0.09217938650306748,000015,上证红利,CNY,CN10Y
2019-08-28,2642.74,0.03052,8.11,0.09278456226880397,000015,上证红利,CNY,CN10Y
2019-08-29,2628.15,0.0303209999999999,8.07,0.09359473729863702,000015,上证红利,CNY,CN10Y
2019-08-30,2618.37,0.030573,8.06,0.09349647890818857,000015,上证红利,CNY,CN10Y
2019-09-02,2648.1,0.0307229999999999,7.41,0.104229766531714,000015,上证红利,CNY,CN10Y
2019-09-03,2655.23,0.030624,7.41,0.1043287665317139,000015,上证红利,CNY,CN10Y
2019-09-04,2694.98,0.030473,7.51,0.10268279227696406,000015,上证红利,CNY,CN10Y
2019-09-05,2710.29,0.030173,7.56,0.10210213227513229,000015,上证红利,CNY,CN10Y
2019-09-06,2725.39,0.030173,7.61,0.10123304467805519,000015,上证红利,CNY,CN10Y
2019-09-09,2739.52,0.03025,7.61,0.1011560446780552,000015,上证红利,CNY,CN10Y
2019-09-10,2725.69,0.030425,7.58,0.10150112137203166,000015,上证红利,CNY,CN10Y
2019-09-11,2721.07,0.030525,7.62,0.10070859580052494,000015,上证红利,CNY,CN10Y
2019-09-12,2742.39,0.030876,7.65,0.09984295424836602,000015,上证红利,CNY,CN10Y
2019-09-16,2747.62,0.030926,7.65,0.09979295424836603,000015,上证红利,CNY,CN10Y
2019-09-17,2705.91,0.031076,7.55,0.10137433112582783,000015,上证红利,CNY,CN10Y
2019-09-18,2710.9,0.031277,7.54,0.10134899469496023,000015,上证红利,CNY,CN10Y
2019-09-19,2716.58,0.031053,7.54,0.10157299469496023,000015,上证红利,CNY,CN10Y
2019-09-20,2717.11,0.0309799999999999,7.55,0.10147033112582793,000015,上证红利,CNY,CN10Y
2019-09-23,2690.93,0.0310049999999999,7.49,0.10250634846461959,000015,上证红利,CNY,CN10Y
2019-09-24,2692.82,0.0312049999999999,7.5,0.10212833333333343,000015,上证红利,CNY,CN10Y
2019-09-25,2656.67,0.031157,7.46,0.10289125737265416,000015,上证红利,CNY,CN10Y
2019-09-26,2657.15,0.031381,7.52,0.10159772340425532,000015,上证红利,CNY,CN10Y
2019-09-27,2644.75,0.031482,7.49,0.10202934846461947,000015,上证红利,CNY,CN10Y
2019-09-29,,0.031434,7.49,0.1020773484646195,000015,上证红利,CNY,CN10Y
2019-09-30,2619.87,0.0314109999999999,7.45,0.10281718791946319,000015,上证红利,CNY,CN10Y
2019-10-08,2636.08,0.031063,7.51,0.10209279227696405,000015,上证红利,CNY,CN10Y
2019-10-09,2663.76,0.031089,7.56,0.10118613227513229,000015,上证红利,CNY,CN10Y
2019-10-10,2676.85,0.031289,7.56,0.1009861322751323,000015,上证红利,CNY,CN10Y
2019-10-11,2700.91,0.031564,7.66,0.09898430287206264,000015,上证红利,CNY,CN10Y
2019-10-12,,0.031716,7.66,0.09883230287206266,000015,上证红利,CNY,CN10Y
2019-10-14,2729.8,0.031641,7.74,0.09755796640826872,000015,上证红利,CNY,CN10Y
2019-10-15,2711.79,0.031668,7.72,0.0978656787564767,000015,上证红利,CNY,CN10Y
2019-10-16,2705.26,0.031693,7.72,0.0978406787564767,000015,上证红利,CNY,CN10Y
2019-10-17,2691.85,0.031569,7.7,0.09830112987012986,000015,上证红利,CNY,CN10Y
2019-10-18,2660.6,0.0318699999999999,7.62,0.09936359580052503,000015,上证红利,CNY,CN10Y
2019-10-21,2671.65,0.0321959999999999,7.68,0.09801233333333345,000015,上证红利,CNY,CN10Y
2019-10-22,2676.53,0.0321959999999999,7.69,0.09784301170351115,000015,上证红利,CNY,CN10Y
2019-10-23,2669.21,0.032122,7.71,0.0975796861219196,000015,上证红利,CNY,CN10Y
2019-10-24,2673.02,0.0321959999999999,7.75,0.09683625806451623,000015,上证红利,CNY,CN10Y
2019-10-25,2677.15,0.032372,7.76,0.09649397938144331,000015,上证红利,CNY,CN10Y
2019-10-28,2687.75,0.032924,7.74,0.09627496640826871,000015,上证红利,CNY,CN10Y
2019-10-29,2671.89,0.033029,7.7,0.09684112987012986,000015,上证红利,CNY,CN10Y
2019-10-30,2642.31,0.033125,7.68,0.09708333333333334,000015,上证红利,CNY,CN10Y
2019-10-31,2630.79,0.03288,7.68,0.09732833333333335,000015,上证红利,CNY,CN10Y
2019-11-01,2658.89,0.032757,7.73,0.09660910608020698,000015,上证红利,CNY,CN10Y
2019-11-04,2669.51,0.032954,7.75,0.09607825806451613,000015,上证红利,CNY,CN10Y
2019-11-05,2680.75,0.032454,7.79,0.09591570474967907,000015,上证红利,CNY,CN10Y
2019-11-06,2663.65,0.032555,7.81,0.09548597311139564,000015,上证红利,CNY,CN10Y
2019-11-07,2665.17,0.032736,7.79,0.09563370474967907,000015,上证红利,CNY,CN10Y
2019-11-08,2652.43,0.032765,7.72,0.0967686787564767,000015,上证红利,CNY,CN10Y
2019-11-11,2604.88,0.032463,7.6,0.09911594736842105,000015,上证红利,CNY,CN10Y
2019-11-12,2613.9,0.0325499999999999,7.62,0.09868359580052503,000015,上证红利,CNY,CN10Y
2019-11-13,2599.68,0.03237,7.59,0.09938230566534914,000015,上证红利,CNY,CN10Y
2019-11-14,2598.03,0.032555,7.55,0.09989533112582782,000015,上证红利,CNY,CN10Y
2019-11-15,2580.14,0.032355,7.56,0.0999201322751323,000015,上证红利,CNY,CN10Y
2019-11-18,2597.85,0.031993,7.62,0.09924059580052494,000015,上证红利,CNY,CN10Y
2019-11-19,2621.91,0.031743,7.65,0.09897595424836603,000015,上证红利,CNY,CN10Y
2019-11-20,2603.9,0.031747,7.58,0.10017912137203167,000015,上证红利,CNY,CN10Y
2019-11-21,2606.1,0.031749,7.57,0.10035139630118889,000015,上证红利,CNY,CN10Y
2019-11-22,2603.09,0.031747,7.56,0.1005281322751323,000015,上证红利,CNY,CN10Y
2019-11-25,2638.9,0.031875,7.68,0.09833333333333334,000015,上证红利,CNY,CN10Y
2019-11-26,2632.37,0.031675,7.67,0.09870309647979139,000015,上证红利,CNY,CN10Y
2019-11-27,2625.48,0.0317,7.68,0.09850833333333334,000015,上证红利,CNY,CN10Y
2019-11-28,2615.39,0.03165,7.64,0.09924005235602094,000015,上证红利,CNY,CN10Y
2019-11-29,2611.54,0.03165,7.6,0.09992894736842105,000015,上证红利,CNY,CN10Y
2019-12-02,2618.68,0.032062,7.61,0.09934404467805519,000015,上证红利,CNY,CN10Y
2019-12-03,2626.07,0.0317459999999999,7.62,0.09948759580052503,000015,上证红利,CNY,CN10Y
2019-12-04,2608.82,0.031751,7.58,0.10017512137203166,000015,上证红利,CNY,CN10Y
2019-12-05,2618.63,0.031776,7.6,0.09980294736842105,000015,上证红利,CNY,CN10Y
2019-12-06,2617.34,0.031751,7.59,0.10000130566534915,000015,上证红利,CNY,CN10Y
2019-12-09,2636.05,0.031903,7.62,0.09933059580052493,000015,上证红利,CNY,CN10Y
2019-12-10,2633.39,0.031776,7.59,0.09997630566534915,000015,上证红利,CNY,CN10Y
2019-12-11,2652.15,0.031702,7.64,0.09918805235602093,000015,上证红利,CNY,CN10Y
2019-12-12,2652.73,0.031652,7.64,0.09923805235602094,000015,上证红利,CNY,CN10Y
2019-12-13,2679.25,0.0318279999999999,7.74,0.09737096640826882,000015,上证红利,CNY,CN10Y
2019-12-16,2695.97,0.031854,7.28,0.10550863736263735,000015,上证红利,CNY,CN10Y
2019-12-17,2719.16,0.0321329999999999,7.34,0.10410678201634889,000015,上证红利,CNY,CN10Y
2019-12-18,2716.81,0.032139,7.34,0.10410078201634879,000015,上证红利,CNY,CN10Y
2019-12-19,2716.92,0.032139,7.36,0.1037305652173913,000015,上证红利,CNY,CN10Y
2019-12-20,2702.58,0.031808,7.37,0.10387721031207597,000015,上证红利,CNY,CN10Y
2019-12-23,2669.49,0.031661,7.3,0.10532530136986301,000015,上证红利,CNY,CN10Y
2019-12-24,2681.64,0.031535,7.3,0.105451301369863,000015,上证红利,CNY,CN10Y
2019-12-25,2679.68,0.031463,7.28,0.10589963736263736,000015,上证红利,CNY,CN10Y
2019-12-26,2713.03,0.031137,7.35,0.1049174217687075,000015,上证红利,CNY,CN10Y
2019-12-27,2709.2,0.031292,7.37,0.10439321031207598,000015,上证红利,CNY,CN10Y
2019-12-30,2738.53,0.031322,7.4,0.10381313513513511,000015,上证红利,CNY,CN10Y
2019-12-31,2751.42,0.031365,7.4,0.10377013513513511,000015,上证红利,CNY,CN10Y
2020-01-02,2781.71,0.031485,7.49,0.10202634846461948,000015,上证红利,CNY,CN10Y
2020-01-03,2779.45,0.031428,7.49,0.10208334846461949,000015,上证红利,CNY,CN10Y
2020-01-06,2775.57,0.031352,7.45,0.1028761879194631,000015,上证红利,CNY,CN10Y
2020-01-07,2794.12,0.031379,7.48,0.1023108395721925,000015,上证红利,CNY,CN10Y
2020-01-08,2772.29,0.031337,7.4,0.10379813513513511,000015,上证红利,CNY,CN10Y
2020-01-09,2798.62,0.031184,7.43,0.10340550201884254,000015,上证红利,CNY,CN10Y
2020-01-10,2785.91,0.030819,7.41,0.1041337665317139,000015,上证红利,CNY,CN10Y
2020-01-13,2800.86,0.03084,7.43,0.10374950201884253,000015,上证红利,CNY,CN10Y
2020-01-14,2801.59,0.030994,7.43,0.10359550201884254,000015,上证红利,CNY,CN10Y
2020-01-15,2788.18,0.030897,7.36,0.10497256521739129,000015,上证红利,CNY,CN10Y
2020-01-16,2780.45,0.030918,7.3,0.106068301369863,000015,上证红利,CNY,CN10Y
2020-01-17,2781.85,0.030832,7.31,0.10596690560875513,000015,上证红利,CNY,CN10Y
2020-01-19,,0.03078,7.31,0.10601890560875513,000015,上证红利,CNY,CN10Y
2020-01-20,2782.94,0.0307759999999999,7.32,0.10583602185792358,000015,上证红利,CNY,CN10Y
2020-01-21,2728.5,0.030337,7.21,0.10835925520110956,000015,上证红利,CNY,CN10Y
2020-01-22,2732.37,0.030282,7.22,0.10822215512465375,000015,上证红利,CNY,CN10Y
2020-01-23,2657.88,0.029932,7.09,0.11111172355430184,000015,上证红利,CNY,CN10Y
2020-02-03,2429.55,0.028231,6.66,0.12191915015015015,000015,上证红利,CNY,CN10Y
2020-02-04,2473.13,0.028551,6.78,0.11894162536873157,000015,上证红利,CNY,CN10Y
2020-02-05,2500.79,0.02844,6.79,0.11883540500736378,000015,上证红利,CNY,CN10Y
2020-02-06,2520.01,0.028392,6.82,0.11823556598240467,000015,上证红利,CNY,CN10Y
2020-02-07,2517.12,0.028024,6.8,0.11903482352941178,000015,上证红利,CNY,CN10Y
2020-02-10,2556.26,0.0278719999999999,6.82,0.11875556598240478,000015,上证红利,CNY,CN10Y
2020-02-11,2566.59,0.02834,6.87,0.11722040756914118,000015,上证红利,CNY,CN10Y
2020-02-12,2575.32,0.028333,6.88,0.11701583720930234,000015,上证红利,CNY,CN10Y
2020-02-13,2559.28,0.028201,6.85,0.11778440145985403,000015,上证红利,CNY,CN10Y
2020-02-14,2576.28,0.028631,6.89,0.11650688098693758,000015,上证红利,CNY,CN10Y
2020-02-17,2625.84,0.028928,6.99,0.11413351645207438,000015,上证红利,CNY,CN10Y
2020-02-18,2621.55,0.028664,6.93,0.11563614430014432,000015,上证红利,CNY,CN10Y
2020-02-19,2621.77,0.028776,6.95,0.11510889208633093,000015,上证红利,CNY,CN10Y
2020-02-20,2660.53,0.028857,7.02,0.11359314245014246,000015,上证红利,CNY,CN10Y
2020-02-21,2676.0,0.02847,7.01,0.11418335235378033,000015,上证红利,CNY,CN10Y
2020-02-24,2656.87,0.02812,6.95,0.11576489208633092,000015,上证红利,CNY,CN10Y
2020-02-25,2624.35,0.02822,6.89,0.11691788098693759,000015,上证红利,CNY,CN10Y
2020-02-26,2631.99,0.0279729999999999,6.92,0.11653567052023132,000015,上证红利,CNY,CN10Y
2020-02-27,2627.94,0.027702,6.93,0.11659814430014431,000015,上证红利,CNY,CN10Y
2020-02-28,2549.53,0.027376,6.8,0.11968282352941177,000015,上证红利,CNY,CN10Y
2020-03-02,2636.95,0.0274279999999999,6.95,0.11645689208633103,000015,上证红利,CNY,CN10Y
2020-03-03,2640.21,0.027478,6.98,0.11578847564469913,000015,上证红利,CNY,CN10Y
2020-03-04,2665.84,0.02673,7.0,0.11612714285714285,000015,上证红利,CNY,CN10Y
2020-03-05,2690.05,0.026829,7.08,0.11441393785310736,000015,上证红利,CNY,CN10Y
2020-03-06,2658.8,0.02628,7.0,0.11657714285714285,000015,上证红利,CNY,CN10Y
2020-03-09,2591.09,0.025205,6.88,0.12014383720930233,000015,上证红利,CNY,CN10Y
2020-03-10,2631.22,0.02613,6.95,0.11775489208633093,000015,上证红利,CNY,CN10Y
2020-03-11,2610.0,0.0260789999999999,6.89,0.11905888098693768,000015,上证红利,CNY,CN10Y
2020-03-12,2574.51,0.026379,6.84,0.11981983040935672,000015,上证红利,CNY,CN10Y
2020-03-13,2528.11,0.0267589999999999,6.74,0.12160895252225529,000015,上证红利,CNY,CN10Y
2020-03-16,2464.53,0.026758,6.64,0.12384440963855423,000015,上证红利,CNY,CN10Y
2020-03-17,2451.03,0.027135,6.63,0.12369456259426848,000015,上证红利,CNY,CN10Y
2020-03-18,2411.79,0.027136,6.53,0.12600335681470137,000015,上证红利,CNY,CN10Y
2020-03-19,2375.53,0.027299,6.39,0.1291955226917058,000015,上证红利,CNY,CN10Y
2020-03-20,2400.15,0.026815,6.48,0.12750598765432097,000015,上证红利,CNY,CN10Y
2020-03-23,2321.85,0.0263149999999999,6.34,0.13141370662460578,000015,上证红利,CNY,CN10Y
2020-03-24,2375.15,0.0262889999999999,6.5,0.12755715384615396,000015,上证红利,CNY,CN10Y
2020-03-25,2433.14,0.0262889999999999,6.61,0.1249969304084721,000015,上证红利,CNY,CN10Y
2020-03-26,2408.63,0.0259399999999999,6.59,0.12580506828528082,000015,上证红利,CNY,CN10Y
2020-03-27,2423.23,0.02609,6.64,0.12451240963855423,000015,上证红利,CNY,CN10Y
2020-03-30,2399.89,0.026142,6.65,0.12423393984962405,000015,上证红利,CNY,CN10Y
2020-03-31,2396.44,0.025899,6.59,0.12584606828528072,000015,上证红利,CNY,CN10Y
2020-04-01,2379.59,0.02555,6.56,0.1268890243902439,000015,上证红利,CNY,CN10Y
2020-04-02,2413.14,0.025854,6.61,0.125431930408472,000015,上证红利,CNY,CN10Y
2020-04-03,2399.91,0.025965,6.58,0.1260106838905775,000015,上证红利,CNY,CN10Y
2020-04-07,2436.5,0.025112,6.63,0.12571756259426847,000015,上证红利,CNY,CN10Y
2020-04-08,2432.93,0.024824,6.61,0.12646193040847198,000015,上证红利,CNY,CN10Y
2020-04-09,2439.16,0.025226,6.59,0.12651906828528073,000015,上证红利,CNY,CN10Y
2020-04-10,2414.74,0.025403,6.57,0.12680400152207,000015,上证红利,CNY,CN10Y
2020-04-13,2408.84,0.025658,6.57,0.12654900152207,000015,上证红利,CNY,CN10Y
2020-04-14,2433.05,0.025591,6.62,0.1254664018126888,000015,上证红利,CNY,CN10Y
2020-04-15,2419.25,0.025455,6.59,0.12629006828528072,000015,上证红利,CNY,CN10Y
2020-04-16,2414.6,0.025276,6.6,0.12623915151515153,000015,上证红利,CNY,CN10Y
2020-04-17,2423.82,0.02559,6.64,0.12501240963855423,000015,上证红利,CNY,CN10Y
2020-04-20,2426.45,0.02592,6.62,0.12513740181268881,000015,上证红利,CNY,CN10Y
2020-04-21,2405.96,0.0257909999999999,6.57,0.1264160015220701,000015,上证红利,CNY,CN10Y
2020-04-22,2410.4,0.025567,6.57,0.12664000152207,000015,上证红利,CNY,CN10Y
2020-04-23,2400.78,0.025227,6.54,0.1276781987767584,000015,上证红利,CNY,CN10Y
2020-04-24,2382.59,0.0250999999999999,6.52,0.12827423312883446,000015,上证红利,CNY,CN10Y
2020-04-26,,0.025205,6.52,0.12816923312883435,000015,上证红利,CNY,CN10Y
2020-04-27,2392.84,0.025345,6.56,0.1270940243902439,000015,上证红利,CNY,CN10Y
2020-04-28,2378.61,0.025254,6.55,0.12741775572519085,000015,上证红利,CNY,CN10Y
2020-04-29,2414.55,0.025009,6.63,0.12582056259426846,000015,上证红利,CNY,CN10Y
2020-04-30,2451.31,0.02538,6.67,0.12454503748125938,000015,上证红利,CNY,CN10Y
2020-05-06,2447.71,0.025809,6.87,0.11975140756914118,000015,上证红利,CNY,CN10Y
2020-05-07,2453.72,0.026298,6.85,0.11968740145985403,000015,上证红利,CNY,CN10Y
2020-05-08,2467.14,0.0262069999999999,6.89,0.11893088098693769,000015,上证红利,CNY,CN10Y
2020-05-09,,0.0264,6.89,0.11873788098693758,000015,上证红利,CNY,CN10Y
2020-05-11,2465.51,0.026698,6.9,0.11822953623188406,000015,上证红利,CNY,CN10Y
2020-05-12,2451.2,0.0266029999999999,6.88,0.11874583720930243,000015,上证红利,CNY,CN10Y
2020-05-13,2452.45,0.027076,6.88,0.11827283720930233,000015,上证红利,CNY,CN10Y
2020-05-14,2426.77,0.026989,6.82,0.11963856598240467,000015,上证红利,CNY,CN10Y
2020-05-15,2419.78,0.02682,6.8,0.12023882352941177,000015,上证红利,CNY,CN10Y
2020-05-18,2418.38,0.027253,6.81,0.11958987812041116,000015,上证红利,CNY,CN10Y
2020-05-19,2430.7,0.0272719999999999,6.84,0.11892683040935681,000015,上证红利,CNY,CN10Y
2020-05-20,2413.12,0.0269,6.83,0.11951288433382137,000015,上证红利,CNY,CN10Y
2020-05-21,2401.49,0.02685,6.8,0.12020882352941177,000015,上证红利,CNY,CN10Y
2020-05-22,2357.26,0.0261759999999999,6.71,0.12285529657228028,000015,上证红利,CNY,CN10Y
2020-05-25,2367.03,0.026852,6.75,0.12129614814814814,000015,上证红利,CNY,CN10Y
2020-05-26,2376.32,0.027402,6.75,0.12074614814814814,000015,上证红利,CNY,CN10Y
2020-05-27,2391.98,0.027527,6.78,0.11996562536873157,000015,上证红利,CNY,CN10Y
2020-05-28,2387.63,0.027201,6.83,0.11921188433382138,000015,上证红利,CNY,CN10Y
2020-05-29,2364.23,0.0270529999999999,6.76,0.12087599408284035,000015,上证红利,CNY,CN10Y
2020-06-01,2409.33,0.027253,6.85,0.11873240145985403,000015,上证红利,CNY,CN10Y
2020-06-02,2422.46,0.027852,6.88,0.11749683720930233,000015,上证红利,CNY,CN10Y
2020-06-03,2425.42,0.027901,6.89,0.11723688098693759,000015,上证红利,CNY,CN10Y
2020-06-04,2432.78,0.028301,6.85,0.11768440145985404,000015,上证红利,CNY,CN10Y
2020-06-05,2413.12,0.028475,6.85,0.11751040145985403,000015,上证红利,CNY,CN10Y
2020-06-08,2428.42,0.0281009999999999,6.88,0.11724783720930243,000015,上证红利,CNY,CN10Y
2020-06-09,2433.76,0.028031,6.91,0.1166868002894356,000015,上证红利,CNY,CN10Y
2020-06-10,2417.64,0.028201,6.86,0.11757159475218656,000015,上证红利,CNY,CN10Y
2020-06-11,2396.41,0.0277009999999999,6.8,0.11935782352941188,000015,上证红利,CNY,CN10Y
2020-06-12,2396.68,0.027451,6.79,0.11982440500736377,000015,上证红利,CNY,CN10Y
2020-06-15,2368.91,0.027878,6.7,0.12137573134328357,000015,上证红利,CNY,CN10Y
2020-06-16,2405.42,0.0284019999999999,6.77,0.11930848744460867,000015,上证红利,CNY,CN10Y
2020-06-17,2412.53,0.0288019999999999,6.76,0.11912699408284035,000015,上证红利,CNY,CN10Y
2020-06-18,2428.05,0.028527,6.76,0.11940199408284025,000015,上证红利,CNY,CN10Y
2020-06-19,2419.52,0.028752,6.77,0.11895848744460857,000015,上证红利,CNY,CN10Y
2020-06-22,2405.74,0.029153,6.74,0.11921495252225518,000015,上证红利,CNY,CN10Y
2020-06-23,2393.76,0.029127,6.72,0.11968252380952381,000015,上证红利,CNY,CN10Y
2020-06-24,2392.89,0.028614,6.77,0.11909648744460857,000015,上证红利,CNY,CN10Y
2020-06-28,,0.028404,6.77,0.11930648744460857,000015,上证红利,CNY,CN10Y
2020-06-29,2378.83,0.028504,6.76,0.11942499408284024,000015,上证红利,CNY,CN10Y
2020-06-30,2388.16,0.0282299999999999,6.68,0.12147059880239533,000015,上证红利,CNY,CN10Y
2020-07-01,2427.7,0.028456,6.78,0.11903662536873157,000015,上证红利,CNY,CN10Y
2020-07-02,2477.35,0.028584,6.9,0.11634353623188406,000015,上证红利,CNY,CN10Y
2020-07-03,2509.63,0.028974,7.02,0.11347614245014245,000015,上证红利,CNY,CN10Y
2020-07-06,2659.04,0.029959,7.5,0.10337433333333333,000015,上证红利,CNY,CN10Y
2020-07-07,2638.35,0.030158,7.43,0.10443150201884253,000015,上证红利,CNY,CN10Y
2020-07-08,2664.8,0.030632,7.41,0.1043207665317139,000015,上证红利,CNY,CN10Y
2020-07-09,2689.49,0.030809,7.36,0.1050605652173913,000015,上证红利,CNY,CN10Y
2020-07-10,2605.0,0.030305,7.08,0.11093793785310735,000015,上证红利,CNY,CN10Y
2020-07-13,2667.56,0.0305569999999999,7.12,0.1098924382022473,000015,上证红利,CNY,CN10Y
2020-07-14,2649.08,0.030057,7.06,0.11158605949008499,000015,上证红利,CNY,CN10Y
2020-07-15,2594.81,0.029559,6.91,0.11515880028943559,000015,上证红利,CNY,CN10Y
2020-07-16,2520.16,0.029459,6.8,0.11759982352941177,000015,上证红利,CNY,CN10Y
2020-07-17,2514.65,0.029507,6.79,0.11776840500736377,000015,上证红利,CNY,CN10Y
2020-07-20,2616.22,0.0293109999999999,6.95,0.11457389208633104,000015,上证红利,CNY,CN10Y
2020-07-21,2605.39,0.029011,6.91,0.1157068002894356,000015,上证红利,CNY,CN10Y
2020-07-22,2606.38,0.0288609999999999,6.9,0.11606653623188416,000015,上证红利,CNY,CN10Y
2020-07-23,2571.43,0.029064,6.82,0.11756356598240467,000015,上证红利,CNY,CN10Y
2020-07-24,2488.36,0.028612,6.69,0.12086483109118085,000015,上证红利,CNY,CN10Y
2020-07-27,2483.81,0.028791,6.69,0.12068583109118085,000015,上证红利,CNY,CN10Y
2020-07-28,2502.25,0.029214,6.71,0.11981729657228017,000015,上证红利,CNY,CN10Y
2020-07-29,2535.31,0.029415,6.77,0.11829548744460858,000015,上证红利,CNY,CN10Y
2020-07-30,2531.7,0.0293639999999999,6.72,0.1194455238095239,000015,上证红利,CNY,CN10Y
2020-07-31,2552.78,0.029664,6.72,0.11914552380952381,000015,上证红利,CNY,CN10Y
2020-08-03,2609.52,0.029466,6.77,0.11824448744460858,000015,上证红利,CNY,CN10Y
2020-08-04,2606.33,0.029365,6.83,0.11704788433382138,000015,上证红利,CNY,CN10Y
2020-08-05,2594.45,0.029592,6.77,0.11811848744460857,000015,上证红利,CNY,CN10Y
2020-08-06,2608.24,0.029816,6.79,0.11745940500736378,000015,上证红利,CNY,CN10Y
2020-08-07,2600.19,0.029918,6.74,0.11844995252225518,000015,上证红利,CNY,CN10Y
2020-08-10,2631.32,0.029543,6.78,0.11794962536873156,000015,上证红利,CNY,CN10Y
2020-08-11,2610.1,0.029544,6.76,0.11838499408284024,000015,上证红利,CNY,CN10Y
2020-08-12,2602.82,0.02962,6.77,0.11809048744460857,000015,上证红利,CNY,CN10Y
2020-08-13,2623.47,0.0295549999999999,6.77,0.11815548744460867,000015,上证红利,CNY,CN10Y
2020-08-14,2638.52,0.029369,6.83,0.11704388433382137,000015,上证红利,CNY,CN10Y
2020-08-17,2697.92,0.029421,6.95,0.11446389208633093,000015,上证红利,CNY,CN10Y
2020-08-18,2700.34,0.029771,6.9,0.11515653623188407,000015,上证红利,CNY,CN10Y
2020-08-19,2685.2,0.029921,6.86,0.11585159475218657,000015,上证红利,CNY,CN10Y
2020-08-20,2668.4,0.029973,6.83,0.11643988433382138,000015,上证红利,CNY,CN10Y
2020-08-21,2666.43,0.029823,6.83,0.11658988433382138,000015,上证红利,CNY,CN10Y
2020-08-24,2669.8,0.029998,6.83,0.11641488433382138,000015,上证红利,CNY,CN10Y
2020-08-25,2660.29,0.030424,6.81,0.11641887812041116,000015,上证红利,CNY,CN10Y
2020-08-26,2616.62,0.030511,6.78,0.11698162536873156,000015,上证红利,CNY,CN10Y
2020-08-27,2624.91,0.0305989999999999,6.78,0.11689362536873166,000015,上证红利,CNY,CN10Y
2020-08-28,2661.11,0.030672,6.84,0.11552683040935671,000015,上证红利,CNY,CN10Y
2020-08-31,2644.04,0.030177,6.81,0.11666587812041117,000015,上证红利,CNY,CN10Y
2020-09-01,2645.89,0.030478,7.34,0.10576178201634878,000015,上证红利,CNY,CN10Y
2020-09-02,2645.43,0.031027,7.31,0.10577190560875513,000015,上证红利,CNY,CN10Y
2020-09-03,2633.8,0.031051,7.31,0.10574790560875513,000015,上证红利,CNY,CN10Y
2020-09-04,2615.98,0.031228,7.29,0.10594621124828532,000015,上证红利,CNY,CN10Y
2020-09-07,2604.53,0.031454,7.27,0.10609758184319121,000015,上证红利,CNY,CN10Y
2020-09-08,2620.93,0.03123,7.35,0.10482442176870749,000015,上证红利,CNY,CN10Y
2020-09-09,2598.92,0.030805,7.29,0.10636921124828533,000015,上证红利,CNY,CN10Y
2020-09-10,2580.6,0.030833,7.28,0.10652963736263735,000015,上证红利,CNY,CN10Y
2020-09-11,2578.03,0.031346,7.28,0.10601663736263735,000015,上证红利,CNY,CN10Y
2020-09-14,2585.46,0.031532,7.31,0.10526690560875512,000015,上证红利,CNY,CN10Y
2020-09-15,2591.31,0.031083,7.3,0.105903301369863,000015,上证红利,CNY,CN10Y
2020-09-16,2596.39,0.0312599999999999,7.34,0.10497978201634889,000015,上证红利,CNY,CN10Y
2020-09-17,2598.79,0.031334,7.33,0.1050916480218281,000015,上证红利,CNY,CN10Y
2020-09-18,2635.47,0.031162,7.43,0.10342750201884254,000015,上证红利,CNY,CN10Y
2020-09-21,2622.33,0.030999,7.39,0.10431899729364005,000015,上证红利,CNY,CN10Y
2020-09-22,2584.54,0.030863,7.31,0.10593590560875513,000015,上证红利,CNY,CN10Y
2020-09-23,2588.12,0.03089,7.29,0.10628421124828533,000015,上证红利,CNY,CN10Y
2020-09-24,2548.89,0.03084,7.21,0.10785625520110956,000015,上证红利,CNY,CN10Y
2020-09-25,2539.56,0.031295,7.18,0.1079807660167131,000015,上证红利,CNY,CN10Y
2020-09-27,,0.031324,7.18,0.10795176601671311,000015,上证红利,CNY,CN10Y
2020-09-28,2547.26,0.0310919999999999,7.24,0.10702954696132608,000015,上证红利,CNY,CN10Y
2020-09-29,2546.54,0.031292,7.2,0.1075968888888889,000015,上证红利,CNY,CN10Y
2020-09-30,2537.42,0.031482,7.2,0.10740688888888889,000015,上证红利,CNY,CN10Y
2020-10-09,2575.21,0.031873,7.24,0.10624854696132598,000015,上证红利,CNY,CN10Y
2020-10-10,,0.031898,7.24,0.10622354696132597,000015,上证红利,CNY,CN10Y
2020-10-12,2621.16,0.031861,7.34,0.10437878201634879,000015,上证红利,CNY,CN10Y
2020-10-13,2613.36,0.03195,7.32,0.10466202185792348,000015,上证红利,CNY,CN10Y
2020-10-14,2606.3,0.03215,7.3,0.10483630136986301,000015,上证红利,CNY,CN10Y
2020-10-15,2593.13,0.0323,7.31,0.10449890560875513,000015,上证红利,CNY,CN10Y
2020-10-16,2599.04,0.032202,7.36,0.10366756521739129,000015,上证红利,CNY,CN10Y
2020-10-19,2587.04,0.032005,7.37,0.10368021031207597,000015,上证红利,CNY,CN10Y
2020-10-20,2583.72,0.031955,7.34,0.10428478201634879,000015,上证红利,CNY,CN10Y
2020-10-21,2583.28,0.031855,7.41,0.1030977665317139,000015,上证红利,CNY,CN10Y
2020-10-22,2568.66,0.031707,7.4,0.10342813513513512,000015,上证红利,CNY,CN10Y
2020-10-23,2558.61,0.031957,7.41,0.1029957665317139,000015,上证红利,CNY,CN10Y
2020-10-26,2545.45,0.031934,7.37,0.10375121031207599,000015,上证红利,CNY,CN10Y
2020-10-27,2538.65,0.031609,7.36,0.1042605652173913,000015,上证红利,CNY,CN10Y
2020-10-28,2543.09,0.03181,7.32,0.10480202185792348,000015,上证红利,CNY,CN10Y
2020-10-29,2562.34,0.03186,7.32,0.10475202185792348,000015,上证红利,CNY,CN10Y
2020-10-30,2543.82,0.03181,7.3,0.105176301369863,000015,上证红利,CNY,CN10Y
2020-11-02,2558.99,0.031785,7.13,0.1084674544179523,000015,上证红利,CNY,CN10Y
2020-11-03,2580.85,0.031762,7.17,0.1077080139470014,000015,上证红利,CNY,CN10Y
2020-11-04,2603.92,0.031687,7.23,0.10662558644536652,000015,上证红利,CNY,CN10Y
2020-11-05,2647.87,0.0319119999999999,7.31,0.10488690560875523,000015,上证红利,CNY,CN10Y
2020-11-06,2669.74,0.032063,7.34,0.10417678201634878,000015,上证红利,CNY,CN10Y
2020-11-09,2718.98,0.032363,7.39,0.10295499729364005,000015,上证红利,CNY,CN10Y
2020-11-10,2703.95,0.032241,7.37,0.10344421031207598,000015,上证红利,CNY,CN10Y
2020-11-11,2716.25,0.032391,7.43,0.10219850201884254,000015,上证红利,CNY,CN10Y
2020-11-12,2735.88,0.032614,7.39,0.10270399729364005,000015,上证红利,CNY,CN10Y
2020-11-13,2714.05,0.032715,7.3,0.10427130136986301,000015,上证红利,CNY,CN10Y
2020-11-16,2767.2,0.032741,7.34,0.1034987820163488,000015,上证红利,CNY,CN10Y
2020-11-17,2778.79,0.032866,7.37,0.10281921031207597,000015,上证红利,CNY,CN10Y
2020-11-18,2792.31,0.03324,7.43,0.10134950201884255,000015,上证红利,CNY,CN10Y
2020-11-19,2770.06,0.033487,7.44,0.10092160215053762,000015,上证红利,CNY,CN10Y
2020-11-20,2787.75,0.0331,7.43,0.10148950201884255,000015,上证红利,CNY,CN10Y
2020-11-23,2828.44,0.03265,7.53,0.10015212483399734,000015,上证红利,CNY,CN10Y
2020-11-24,2820.48,0.0329,7.5,0.10043333333333333,000015,上证红利,CNY,CN10Y
2020-11-25,2786.77,0.032675,7.46,0.10137325737265415,000015,上证红利,CNY,CN10Y
2020-11-26,2784.94,0.03285,7.52,0.10012872340425533,000015,上证红利,CNY,CN10Y
2020-11-27,2807.0,0.033,7.72,0.0965336787564767,000015,上证红利,CNY,CN10Y
2020-11-30,2768.18,0.0325,7.66,0.09804830287206265,000015,上证红利,CNY,CN10Y
2020-12-01,2789.82,0.032725,7.78,0.09580970437017994,000015,上证红利,CNY,CN10Y
2020-12-02,2785.91,0.032925,7.74,0.09627396640826871,000015,上证红利,CNY,CN10Y
2020-12-03,2761.45,0.032851,7.68,0.09735733333333335,000015,上证红利,CNY,CN10Y
2020-12-04,2748.29,0.032651,7.6,0.09892794736842105,000015,上证红利,CNY,CN10Y
2020-12-07,2707.56,0.032701,7.46,0.10134725737265415,000015,上证红利,CNY,CN10Y
2020-12-08,2701.24,0.032551,7.42,0.10221988948787061,000015,上证红利,CNY,CN10Y
2020-12-09,2663.57,0.032726,7.39,0.10259199729364005,000015,上证红利,CNY,CN10Y
2020-12-10,2664.41,0.032601,7.37,0.10308421031207599,000015,上证红利,CNY,CN10Y
2020-12-11,2669.44,0.032951,7.37,0.10273421031207597,000015,上证红利,CNY,CN10Y
2020-12-14,2636.22,0.032851,6.83,0.11356188433382139,000015,上证红利,CNY,CN10Y
2020-12-15,2627.44,0.032777,6.78,0.11471562536873156,000015,上证红利,CNY,CN10Y
2020-12-16,2624.04,0.0327519999999999,6.78,0.11474062536873167,000015,上证红利,CNY,CN10Y
2020-12-17,2650.73,0.032802,6.83,0.11361088433382138,000015,上证红利,CNY,CN10Y
2020-12-18,2670.55,0.032902,6.83,0.11351088433382138,000015,上证红利,CNY,CN10Y
2020-12-21,2676.0,0.032652,6.81,0.11419087812041116,000015,上证红利,CNY,CN10Y
2020-12-22,2612.21,0.032278,6.69,0.11719883109118084,000015,上证红利,CNY,CN10Y
2020-12-23,2619.93,0.032153,6.72,0.11665652380952381,000015,上证红利,CNY,CN10Y
2020-12-24,2605.44,0.032303,6.71,0.11672829657228018,000015,上证红利,CNY,CN10Y
2020-12-25,2615.92,0.031878,6.73,0.1167104101040119,000015,上证红利,CNY,CN10Y
2020-12-28,2603.06,0.031629,6.75,0.11651914814814815,000015,上证红利,CNY,CN10Y
2020-12-29,2579.41,0.031554,6.73,0.11703441010401189,000015,上证红利,CNY,CN10Y
2020-12-30,2585.18,0.031204,6.73,0.11738441010401189,000015,上证红利,CNY,CN10Y
2020-12-31,2594.99,0.031429,6.76,0.11649999408284024,000015,上证红利,CNY,CN10Y
2021-01-04,2593.42,0.03178,6.72,0.1170295238095238,000015,上证红利,CNY,CN10Y
2021-01-05,2578.07,0.031305,6.66,0.11884515015015015,000015,上证红利,CNY,CN10Y
2021-01-06,2580.55,0.031256,6.72,0.1175535238095238,000015,上证红利,CNY,CN10Y
2021-01-07,2568.75,0.031256,6.75,0.11689214814814813,000015,上证红利,CNY,CN10Y
2021-01-08,2578.94,0.031456,6.81,0.11538687812041117,000015,上证红利,CNY,CN10Y
2021-01-11,2545.11,0.031632,6.78,0.11586062536873157,000015,上证红利,CNY,CN10Y
2021-01-12,2567.4,0.031457,6.82,0.11517056598240467,000015,上证红利,CNY,CN10Y
2021-01-13,2572.8,0.031157,6.86,0.11461559475218656,000015,上证红利,CNY,CN10Y
2021-01-14,2569.4,0.031059,6.88,0.11428983720930233,000015,上证红利,CNY,CN10Y
2021-01-15,2584.91,0.031508,6.95,0.11237689208633092,000015,上证红利,CNY,CN10Y
2021-01-18,2601.75,0.031658,6.96,0.11202016091954023,000015,上证红利,CNY,CN10Y
2021-01-19,2610.89,0.031609,6.98,0.11165747564469913,000015,上证红利,CNY,CN10Y
2021-01-20,2602.86,0.03161,6.93,0.11269014430014432,000015,上证红利,CNY,CN10Y
2021-01-21,2610.67,0.031335,6.92,0.11317367052023122,000015,上证红利,CNY,CN10Y
2021-01-22,2580.69,0.031185,6.82,0.11544256598240467,000015,上证红利,CNY,CN10Y
2021-01-25,2544.14,0.031323,6.8,0.11573582352941178,000015,上证红利,CNY,CN10Y
2021-01-26,2536.2,0.031585,6.78,0.11590762536873156,000015,上证红利,CNY,CN10Y
2021-01-27,2533.35,0.031636,6.82,0.11499156598240468,000015,上证红利,CNY,CN10Y
2021-01-28,2505.34,0.0319609999999999,6.75,0.11618714814814823,000015,上证红利,CNY,CN10Y
2021-01-29,2483.5,0.031786,6.73,0.11680241010401188,000015,上证红利,CNY,CN10Y
2021-02-01,2504.44,0.031712,6.78,0.11578062536873157,000015,上证红利,CNY,CN10Y
2021-02-02,2510.21,0.031862,6.76,0.11606699408284024,000015,上证红利,CNY,CN10Y
2021-02-03,2487.59,0.032112,6.75,0.11603614814814814,000015,上证红利,CNY,CN10Y
2021-02-04,2472.32,0.032347,6.75,0.11580114814814814,000015,上证红利,CNY,CN10Y
2021-02-05,2490.71,0.032164,6.86,0.11360859475218657,000015,上证红利,CNY,CN10Y
2021-02-07,,0.032168,6.86,0.11360459475218657,000015,上证红利,CNY,CN10Y
2021-02-08,2505.17,0.03237,6.87,0.11319040756914117,000015,上证红利,CNY,CN10Y
2021-02-09,2521.73,0.032303,6.88,0.11304583720930234,000015,上证红利,CNY,CN10Y
2021-02-10,2535.13,0.032449,6.94,0.1116432190201729,000015,上证红利,CNY,CN10Y
2021-02-18,2608.96,0.032831,7.05,0.10901297163120569,000015,上证红利,CNY,CN10Y
2021-02-19,2661.55,0.032578,7.08,0.10866493785310735,000015,上证红利,CNY,CN10Y
2021-02-20,,0.032605,7.08,0.10863793785310735,000015,上证红利,CNY,CN10Y
2021-02-22,2701.37,0.032736,7.17,0.1067340139470014,000015,上证红利,CNY,CN10Y
2021-02-23,2675.7,0.032635,7.15,0.10722513986013985,000015,上证红利,CNY,CN10Y
2021-02-24,2642.59,0.032627,7.06,0.10901605949008498,000015,上证红利,CNY,CN10Y
2021-02-25,2687.73,0.032723,7.2,0.10616588888888889,000015,上证红利,CNY,CN10Y
2021-02-26,2629.76,0.032798,7.06,0.108845059490085,000015,上证红利,CNY,CN10Y
2021-03-01,2673.59,0.032475,7.09,0.10856872355430183,000015,上证红利,CNY,CN10Y
2021-03-02,2652.72,0.0324739999999999,7.02,0.10997614245014256,000015,上证红利,CNY,CN10Y
2021-03-03,2723.64,0.032553,7.2,0.1063358888888889,000015,上证红利,CNY,CN10Y
2021-03-04,2717.57,0.0326549999999999,7.17,0.10681501394700149,000015,上证红利,CNY,CN10Y
2021-03-05,2691.8,0.032457,7.19,0.10662505841446453,000015,上证红利,CNY,CN10Y
2021-03-08,2674.67,0.032404,7.14,0.10765202240896359,000015,上证红利,CNY,CN10Y
2021-03-09,2671.74,0.032478,7.1,0.10836707042253521,000015,上证红利,CNY,CN10Y
2021-03-10,2650.0,0.032353,7.06,0.109290059490085,000015,上证红利,CNY,CN10Y
2021-03-11,2703.12,0.032506,7.16,0.10715880446927373,000015,上证红利,CNY,CN10Y
2021-03-12,2729.95,0.0326129999999999,7.2,0.106275888888889,000015,上证红利,CNY,CN10Y
2021-03-15,2754.33,0.03274,7.28,0.10462263736263736,000015,上证红利,CNY,CN10Y
2021-03-16,2761.05,0.032614,7.31,0.10418490560875512,000015,上证红利,CNY,CN10Y
2021-03-17,2746.24,0.032564,7.24,0.10555754696132597,000015,上证红利,CNY,CN10Y
2021-03-18,2744.97,0.0325919999999999,7.21,0.10610425520110967,000015,上证红利,CNY,CN10Y
2021-03-19,2725.79,0.032364,7.09,0.10867972355430183,000015,上证红利,CNY,CN10Y
2021-03-22,2756.56,0.032309,7.16,0.10735580446927373,000015,上证红利,CNY,CN10Y
2021-03-23,2727.01,0.032105,7.12,0.1083444382022472,000015,上证红利,CNY,CN10Y
2021-03-24,2680.45,0.03193,7.06,0.10971305949008499,000015,上证红利,CNY,CN10Y
2021-03-25,2682.65,0.031882,7.03,0.11036551066856329,000015,上证红利,CNY,CN10Y
2021-03-26,2718.14,0.031985,7.06,0.10965805949008499,000015,上证红利,CNY,CN10Y
2021-03-29,2755.92,0.031962,7.17,0.10750801394700141,000015,上证红利,CNY,CN10Y
2021-03-30,2752.05,0.03206,7.19,0.10702205841446452,000015,上证红利,CNY,CN10Y
2021-03-31,2744.56,0.031887,7.22,0.10661715512465375,000015,上证红利,CNY,CN10Y
2021-04-01,2764.8,0.03196,7.2,0.10692888888888889,000015,上证红利,CNY,CN10Y
2021-04-02,2733.02,0.032013,7.13,0.10823945441795231,000015,上证红利,CNY,CN10Y
2021-04-06,2742.76,0.032087,7.12,0.1083624382022472,000015,上证红利,CNY,CN10Y
2021-04-07,2769.3,0.032215,7.15,0.10764513986013985,000015,上证红利,CNY,CN10Y
2021-04-08,2765.19,0.032221,7.14,0.10783502240896359,000015,上证红利,CNY,CN10Y
2021-04-09,2769.93,0.032121,7.14,0.10793502240896359,000015,上证红利,CNY,CN10Y
2021-04-12,2773.08,0.031948,7.16,0.10771680446927373,000015,上证红利,CNY,CN10Y
2021-04-13,2741.72,0.031626,7.13,0.10862645441795231,000015,上证红利,CNY,CN10Y
2021-04-14,2754.22,0.031651,7.09,0.10939272355430184,000015,上证红利,CNY,CN10Y
2021-04-15,2760.17,0.031728,7.07,0.10971471570014144,000015,上证红利,CNY,CN10Y
2021-04-16,2799.68,0.031631,7.11,0.10901597609001407,000015,上证红利,CNY,CN10Y
2021-04-19,2807.35,0.031559,7.13,0.1086934544179523,000015,上证红利,CNY,CN10Y
2021-04-20,2798.19,0.031554,7.1,0.10929107042253522,000015,上证红利,CNY,CN10Y
2021-04-21,2786.96,0.03153,7.08,0.10971293785310735,000015,上证红利,CNY,CN10Y
2021-04-22,2794.72,0.031614,7.04,0.11043145454545455,000015,上证红利,CNY,CN10Y
2021-04-23,2793.08,0.031719,7.01,0.11093435235378032,000015,上证红利,CNY,CN10Y
2021-04-25,,0.031841,7.01,0.11081235235378031,000015,上证红利,CNY,CN10Y
2021-04-26,2777.41,0.032024,6.96,0.11165416091954022,000015,上证红利,CNY,CN10Y
2021-04-27,2771.46,0.032078,6.94,0.11201421902017292,000015,上证红利,CNY,CN10Y
2021-04-28,2777.79,0.031979,6.94,0.1121132190201729,000015,上证红利,CNY,CN10Y
2021-04-29,2796.11,0.031872,7.0,0.11098514285714285,000015,上证红利,CNY,CN10Y
2021-04-30,2761.13,0.03164,6.91,0.11307780028943559,000015,上证红利,CNY,CN10Y
2021-05-06,2810.71,0.031507,6.26,0.1282374089456869,000015,上证红利,CNY,CN10Y
2021-05-07,2836.71,0.031589,6.32,0.1266388481012658,000015,上证红利,CNY,CN10Y
2021-05-08,,0.031582,6.32,0.1266458481012658,000015,上证红利,CNY,CN10Y
2021-05-10,2878.26,0.03146,6.34,0.12626870662460565,000015,上证红利,CNY,CN10Y
2021-05-11,2851.51,0.03138,6.33,0.12659788309636652,000015,上证红利,CNY,CN10Y
2021-05-12,2866.44,0.03131,6.36,0.1259227044025157,000015,上证红利,CNY,CN10Y
2021-05-13,2813.19,0.031366,6.31,0.1271126053882726,000015,上证红利,CNY,CN10Y
2021-05-14,2820.72,0.031422,6.34,0.12630670662460566,000015,上证红利,CNY,CN10Y
2021-05-17,2812.21,0.031524,6.34,0.12620470662460567,000015,上证红利,CNY,CN10Y
2021-05-18,2828.66,0.031457,6.34,0.12627170662460568,000015,上证红利,CNY,CN10Y
2021-05-19,2805.42,0.031298,6.28,0.12793766878980892,000015,上证红利,CNY,CN10Y
2021-05-20,2767.73,0.0310009999999999,6.26,0.128743408945687,000015,上证红利,CNY,CN10Y
2021-05-21,2779.15,0.030876,6.23,0.1296376436597111,000015,上证红利,CNY,CN10Y
2021-05-24,2786.03,0.03085,6.23,0.1296636436597111,000015,上证红利,CNY,CN10Y
2021-05-25,2827.71,0.03085,6.32,0.12737784810126582,000015,上证红利,CNY,CN10Y
2021-05-26,2847.99,0.0306,6.35,0.12688031496062993,000015,上证红利,CNY,CN10Y
2021-05-27,2851.62,0.030725,6.34,0.12700370662460567,000015,上证红利,CNY,CN10Y
2021-05-28,2852.49,0.030825,6.35,0.12665531496062993,000015,上证红利,CNY,CN10Y
2021-05-31,2869.96,0.0304499999999999,6.32,0.1277778481012659,000015,上证红利,CNY,CN10Y
2021-06-01,2899.58,0.0304,6.3,0.1283301587301587,000015,上证红利,CNY,CN10Y
2021-06-02,2879.5,0.03065,6.32,0.1275778481012658,000015,上证红利,CNY,CN10Y
2021-06-03,2901.87,0.03055,6.31,0.1279286053882726,000015,上证红利,CNY,CN10Y
2021-06-04,2873.42,0.0309249999999999,6.29,0.1280575119236885,000015,上证红利,CNY,CN10Y
2021-06-07,2878.08,0.0311,6.28,0.12813566878980892,000015,上证红利,CNY,CN10Y
2021-06-08,2851.01,0.0311,6.29,0.1278825119236884,000015,上证红利,CNY,CN10Y
2021-06-09,2872.3,0.031051,6.3,0.12767915873015873,000015,上证红利,CNY,CN10Y
2021-06-10,2878.39,0.031,6.29,0.1279825119236884,000015,上证红利,CNY,CN10Y
2021-06-11,2880.58,0.031276,6.28,0.1279596687898089,000015,上证红利,CNY,CN10Y
2021-06-15,2865.04,0.031176,6.23,0.12933764365971107,000015,上证红利,CNY,CN10Y
2021-06-16,2842.77,0.031301,6.23,0.12921264365971108,000015,上证红利,CNY,CN10Y
2021-06-17,2836.94,0.031401,6.13,0.1317311370309951,000015,上证红利,CNY,CN10Y
2021-06-18,2818.4,0.031202,6.09,0.13300161247947453,000015,上证红利,CNY,CN10Y
2021-06-21,2825.48,0.0309529999999999,6.04,0.13460991390728488,000015,上证红利,CNY,CN10Y
2021-06-22,2866.2,0.0308769999999999,6.08,0.13359668421052642,000015,上证红利,CNY,CN10Y
2021-06-23,2920.72,0.030853,6.11,0.13281312111292962,000015,上证红利,CNY,CN10Y
2021-06-24,2919.6,0.030828,6.13,0.1323041370309951,000015,上证红利,CNY,CN10Y
2021-06-25,2941.87,0.030827,6.18,0.13098529773462786,000015,上证红利,CNY,CN10Y
2021-06-28,2885.44,0.030903,6.11,0.1327631211129296,000015,上证红利,CNY,CN10Y
2021-06-29,2862.64,0.030853,6.06,0.13416350165016502,000015,上证红利,CNY,CN10Y
2021-06-30,2874.42,0.030778,6.09,0.13342561247947454,000015,上证红利,CNY,CN10Y
2021-07-01,2868.52,0.030878,6.13,0.13225413703099512,000015,上证红利,CNY,CN10Y
2021-07-02,2839.3,0.0308029999999999,6.08,0.1336706842105264,000015,上证红利,CNY,CN10Y
2021-07-05,2844.13,0.030754,6.08,0.13371968421052632,000015,上证红利,CNY,CN10Y
2021-07-06,2839.01,0.030854,6.05,0.13443525619834712,000015,上证红利,CNY,CN10Y
2021-07-07,2833.17,0.030554,6.03,0.1352834792703151,000015,上证红利,CNY,CN10Y
2021-07-08,2774.09,0.02983,5.96,0.13795523489932887,000015,上证红利,CNY,CN10Y
2021-07-09,2798.85,0.030105,5.95,0.1379622268907563,000015,上证红利,CNY,CN10Y
2021-07-12,2807.82,0.029431,5.88,0.14063702721088434,000015,上证红利,CNY,CN10Y
2021-07-13,2833.49,0.029256,5.88,0.14081202721088434,000015,上证红利,CNY,CN10Y
2021-07-14,2833.21,0.029356,5.82,0.1424653058419244,000015,上证红利,CNY,CN10Y
2021-07-15,2870.09,0.029557,5.87,0.14080075127768313,000015,上证红利,CNY,CN10Y
2021-07-16,2869.72,0.029432,5.85,0.14150817094017093,000015,上证红利,CNY,CN10Y
2021-07-19,2852.25,0.029483,5.83,0.14204358662092623,000015,上证红利,CNY,CN10Y
2021-07-20,2835.62,0.029258,5.8,0.14315579310344828,000015,上证红利,CNY,CN10Y
2021-07-21,2827.87,0.029184,5.77,0.1441262253032929,000015,上证红利,CNY,CN10Y
2021-07-22,2852.24,0.0292839999999999,5.8,0.1431297931034484,000015,上证红利,CNY,CN10Y
2021-07-23,2818.02,0.029134,5.78,0.14387638062283736,000015,上证红利,CNY,CN10Y
2021-07-26,2758.84,0.028711,5.68,0.14734533802816902,000015,上证红利,CNY,CN10Y
2021-07-27,2697.72,0.02911,5.6,0.14946142857142858,000015,上证红利,CNY,CN10Y
2021-07-28,2670.43,0.029312,5.6,0.14925942857142857,000015,上证红利,CNY,CN10Y
2021-07-29,2686.05,0.0288399999999999,5.56,0.1510161151079138,000015,上证红利,CNY,CN10Y
2021-07-30,2719.28,0.028363,5.54,0.15214241516245489,000015,上证红利,CNY,CN10Y
2021-08-02,2691.41,0.028212,5.58,0.1509994695340502,000015,上证红利,CNY,CN10Y
2021-08-03,2652.13,0.0283369999999999,5.54,0.152168415162455,000015,上证红利,CNY,CN10Y
2021-08-04,2685.13,0.028338,5.54,0.15216741516245488,000015,上证红利,CNY,CN10Y
2021-08-05,2662.81,0.027988,5.54,0.15251741516245487,000015,上证红利,CNY,CN10Y
2021-08-06,2677.74,0.0281389999999999,5.54,0.15236641516245497,000015,上证红利,CNY,CN10Y
2021-08-09,2715.03,0.0286149999999999,5.62,0.14932094306049834,000015,上证红利,CNY,CN10Y
2021-08-10,2716.7,0.028766,5.64,0.1485389645390071,000015,上证红利,CNY,CN10Y
2021-08-11,2770.81,0.028841,5.71,0.14629034851138353,000015,上证红利,CNY,CN10Y
2021-08-12,2804.13,0.0285659999999999,5.71,0.14656534851138364,000015,上证红利,CNY,CN10Y
2021-08-13,2795.58,0.0287919999999999,5.68,0.14726433802816913,000015,上证红利,CNY,CN10Y
2021-08-16,2801.87,0.028943,5.71,0.14618834851138354,000015,上证红利,CNY,CN10Y
2021-08-17,2763.26,0.0288189999999999,5.68,0.14723733802816913,000015,上证红利,CNY,CN10Y
2021-08-18,2780.04,0.028494,5.74,0.14572202787456445,000015,上证红利,CNY,CN10Y
2021-08-19,2770.72,0.028395,5.68,0.14766133802816903,000015,上证红利,CNY,CN10Y
2021-08-20,2784.54,0.02852,5.69,0.1472269244288225,000015,上证红利,CNY,CN10Y
2021-08-23,2801.77,0.028672,5.69,0.14707492442882247,000015,上证红利,CNY,CN10Y
2021-08-24,2823.94,0.028522,5.7,0.14691659649122807,000015,上证红利,CNY,CN10Y
2021-08-25,2856.36,0.028547,5.71,0.14658434851138355,000015,上证红利,CNY,CN10Y
2021-08-26,2895.88,0.028848,5.71,0.14628334851138353,000015,上证红利,CNY,CN10Y
2021-08-27,2921.8,0.028698,5.74,0.14551802787456444,000015,上证红利,CNY,CN10Y
2021-08-30,2944.73,0.028505,5.74,0.14571102787456444,000015,上证红利,CNY,CN10Y
2021-08-31,3017.02,0.02845,5.85,0.14249017094017094,000015,上证红利,CNY,CN10Y
2021-09-01,3010.39,0.028226,5.54,0.15227941516245488,000015,上证红利,CNY,CN10Y
2021-09-02,3076.4,0.028301,5.58,0.15091046953405018,000015,上证红利,CNY,CN10Y
2021-09-03,3067.44,0.028327,5.6,0.15024442857142858,000015,上证红利,CNY,CN10Y
2021-09-06,3095.19,0.028354,5.63,0.14926589342806396,000015,上证红利,CNY,CN10Y
2021-09-07,3172.31,0.0286039999999999,5.71,0.14652734851138363,000015,上证红利,CNY,CN10Y
2021-09-08,3215.8,0.0287049999999999,5.73,0.14581506980802802,000015,上证红利,CNY,CN10Y
2021-09-09,3302.41,0.02873,5.8,0.14368379310344828,000015,上证红利,CNY,CN10Y
2021-09-10,3244.18,0.028656,5.79,0.14405557167530225,000015,上证红利,CNY,CN10Y
2021-09-13,3319.77,0.028908,5.86,0.14174046416382252,000015,上证红利,CNY,CN10Y
2021-09-14,3244.09,0.028858,5.74,0.14535802787456445,000015,上证红利,CNY,CN10Y
2021-09-15,3226.99,0.029009,5.7,0.14642959649122805,000015,上证红利,CNY,CN10Y
2021-09-16,3206.85,0.028885,5.67,0.1474818430335097,000015,上证红利,CNY,CN10Y
2021-09-17,3130.4,0.0287849999999999,5.63,0.14883489342806405,000015,上证红利,CNY,CN10Y
2021-09-18,,0.028717,5.63,0.14890289342806395,000015,上证红利,CNY,CN10Y
2021-09-22,3187.45,0.028639,5.65,0.14835215044247788,000015,上证红利,CNY,CN10Y
2021-09-23,3168.89,0.028565,5.66,0.14811344522968198,000015,上证红利,CNY,CN10Y
2021-09-24,3059.13,0.028719,5.55,0.1514611801801802,000015,上证红利,CNY,CN10Y
2021-09-26,,0.028797,5.55,0.1513831801801802,000015,上证红利,CNY,CN10Y
2021-09-27,2977.75,0.028825,5.5,0.15299318181818183,000015,上证红利,CNY,CN10Y
2021-09-28,3060.16,0.028769,5.59,0.1501218765652952,000015,上证红利,CNY,CN10Y
2021-09-29,2962.26,0.0286459999999999,5.53,0.15218582640144676,000015,上证红利,CNY,CN10Y
2021-09-30,2982.22,0.028776,5.52,0.1523834202898551,000015,上证红利,CNY,CN10Y
2021-10-08,2969.39,0.029131,5.55,0.1510491801801802,000015,上证红利,CNY,CN10Y
2021-10-09,,0.029186,5.55,0.1509941801801802,000015,上证红利,CNY,CN10Y
2021-10-11,3014.02,0.02958,5.62,0.14835594306049824,000015,上证红利,CNY,CN10Y
2021-10-12,2972.97,0.029657,5.59,0.1492338765652952,000015,上证红利,CNY,CN10Y
2021-10-13,2930.97,0.029578,5.54,0.1509274151624549,000015,上证红利,CNY,CN10Y
2021-10-14,2913.78,0.029581,5.52,0.1515784202898551,000015,上证红利,CNY,CN10Y
2021-10-15,2933.65,0.029683,5.55,0.1504971801801802,000015,上证红利,CNY,CN10Y
2021-10-18,2984.4,0.030426,5.59,0.14846487656529517,000015,上证红利,CNY,CN10Y
2021-10-19,2993.9,0.030102,5.59,0.1487888765652952,000015,上证红利,CNY,CN10Y
2021-10-20,2927.18,0.0299779999999999,5.54,0.150527415162455,000015,上证红利,CNY,CN10Y
2021-10-21,2958.74,0.029702,5.6,0.14886942857142857,000015,上证红利,CNY,CN10Y
2021-10-22,2892.18,0.0299529999999999,5.55,0.1502271801801803,000015,上证红利,CNY,CN10Y
2021-10-25,2888.59,0.029879,5.56,0.1499771151079137,000015,上证红利,CNY,CN10Y
2021-10-26,2866.2,0.02978,5.51,0.15170820326678766,000015,上证红利,CNY,CN10Y
2021-10-27,2808.88,0.029781,5.46,0.15336918315018314,000015,上证红利,CNY,CN10Y
2021-10-28,2736.36,0.029682,5.4,0.1555031851851852,000015,上证红利,CNY,CN10Y
2021-10-29,2739.79,0.0297319999999999,5.39,0.1557967569573285,000015,上证红利,CNY,CN10Y
2021-11-01,2749.34,0.029435,5.37,0.156784739292365,000015,上证红利,CNY,CN10Y
2021-11-02,2697.62,0.029259,5.27,0.16049432068311195,000015,上证红利,CNY,CN10Y
2021-11-03,2740.74,0.0293849999999999,5.31,0.15893891713747657,000015,上证红利,CNY,CN10Y
2021-11-04,2729.08,0.029261,5.3,0.15941824528301887,000015,上证红利,CNY,CN10Y
2021-11-05,2683.03,0.028911,5.29,0.1601249168241966,000015,上证红利,CNY,CN10Y
2021-11-08,2687.18,0.029013,5.29,0.1600229168241966,000015,上证红利,CNY,CN10Y
2021-11-09,2673.65,0.028988,5.28,0.16040593939393938,000015,上证红利,CNY,CN10Y
2021-11-10,2672.24,0.0291389999999999,5.26,0.16097506844106474,000015,上证红利,CNY,CN10Y
2021-11-11,2717.26,0.029365,5.34,0.15790091760299627,000015,上证红利,CNY,CN10Y
2021-11-12,2699.44,0.0293909999999999,5.32,0.15857892481203018,000015,上证红利,CNY,CN10Y
2021-11-15,2706.8,0.029269,5.33,0.1583482607879925,000015,上证红利,CNY,CN10Y
2021-11-16,2685.2,0.029244,5.3,0.1594352452830189,000015,上证红利,CNY,CN10Y
2021-11-17,2695.9,0.029295,5.3,0.15938424528301887,000015,上证红利,CNY,CN10Y
2021-11-18,2691.7,0.029146,5.28,0.1602479393939394,000015,上证红利,CNY,CN10Y
2021-11-19,2730.81,0.029302,5.34,0.15796391760299627,000015,上证红利,CNY,CN10Y
2021-11-22,2724.54,0.028876,5.31,0.15944791713747647,000015,上证红利,CNY,CN10Y
2021-11-23,2739.76,0.028875,5.32,0.15909492481203005,000015,上证红利,CNY,CN10Y
2021-11-24,2774.7,0.0286,5.35,0.1583158878504673,000015,上证红利,CNY,CN10Y
2021-11-25,2759.19,0.02855,5.33,0.1590672607879925,000015,上证红利,CNY,CN10Y
2021-11-26,2724.09,0.0282,5.29,0.1608359168241966,000015,上证红利,CNY,CN10Y
2021-11-29,2695.38,0.02825,5.26,0.16186406844106466,000015,上证红利,CNY,CN10Y
2021-11-30,2685.54,0.02825,5.25,0.16222619047619047,000015,上证红利,CNY,CN10Y
2021-12-01,2724.32,0.028401,5.3,0.16027824528301887,000015,上证红利,CNY,CN10Y
2021-12-02,2735.79,0.028601,5.34,0.15866491760299628,000015,上证红利,CNY,CN10Y
2021-12-03,2769.04,0.0287009999999999,5.38,0.1571726059479555,000015,上证红利,CNY,CN10Y
2021-12-06,2753.04,0.028176,5.38,0.1576976059479554,000015,上证红利,CNY,CN10Y
2021-12-07,2781.72,0.028451,5.44,0.1553725294117647,000015,上证红利,CNY,CN10Y
2021-12-08,2772.48,0.028551,5.42,0.1559508450184502,000015,上证红利,CNY,CN10Y
2021-12-09,2780.9,0.028526,5.46,0.15462418315018314,000015,上证红利,CNY,CN10Y
2021-12-10,2766.66,0.028426,5.43,0.15573606261510128,000015,上证红利,CNY,CN10Y
2021-12-13,2768.77,0.028552,5.26,0.16156206844106466,000015,上证红利,CNY,CN10Y
2021-12-14,2738.08,0.028477,5.21,0.16346157965451055,000015,上证红利,CNY,CN10Y
2021-12-15,2743.24,0.028502,5.22,0.16306888122605365,000015,上证红利,CNY,CN10Y
2021-12-16,2782.54,0.0285769999999999,5.28,0.16081693939393948,000015,上证红利,CNY,CN10Y
2021-12-17,2766.71,0.028512,5.26,0.16160206844106464,000015,上证红利,CNY,CN10Y
2021-12-20,2742.42,0.028533,5.24,0.16230669465648853,000015,上证红利,CNY,CN10Y
2021-12-21,2788.73,0.028508,5.3,0.16017124528301888,000015,上证红利,CNY,CN10Y
2021-12-22,2783.13,0.028303,5.28,0.1610909393939394,000015,上证红利,CNY,CN10Y
2021-12-23,2787.75,0.0281429999999999,5.3,0.160536245283019,000015,上证红利,CNY,CN10Y
2021-12-24,2776.98,0.028203,5.28,0.1611909393939394,000015,上证红利,CNY,CN10Y
2021-12-27,2789.17,0.028128,5.29,0.16090791682419658,000015,上证红利,CNY,CN10Y
2021-12-28,2769.87,0.0280039999999999,5.29,0.1610319168241967,000015,上证红利,CNY,CN10Y
2021-12-29,2757.5,0.027854,5.27,0.16189932068311197,000015,上证红利,CNY,CN10Y
2021-12-30,2759.85,0.027654,5.26,0.16246006844106464,000015,上证红利,CNY,CN10Y
2021-12-31,2792.7,0.0277539999999999,5.29,0.1612819168241967,000015,上证红利,CNY,CN10Y
2022-01-04,2837.42,0.0278549999999999,5.32,0.16011492481203016,000015,上证红利,CNY,CN10Y
2022-01-05,2824.32,0.028045,5.36,0.15852216417910447,000015,上证红利,CNY,CN10Y
2022-01-06,2841.97,0.028205,5.35,0.1587108878504673,000015,上证红利,CNY,CN10Y
2022-01-07,2842.12,0.0281809999999999,5.41,0.15666188354898347,000015,上证红利,CNY,CN10Y
2022-01-10,2867.12,0.028056,5.43,0.1561060626151013,000015,上证红利,CNY,CN10Y
2022-01-11,2890.19,0.027957,5.45,0.15552923853211006,000015,上证红利,CNY,CN10Y
2022-01-12,2878.12,0.027957,5.43,0.15620506261510128,000015,上证红利,CNY,CN10Y
2022-01-13,2870.61,0.027858,5.45,0.15562823853211008,000015,上证红利,CNY,CN10Y
2022-01-14,2826.07,0.0279349999999999,5.35,0.1589808878504674,000015,上证红利,CNY,CN10Y
2022-01-17,2830.57,0.02786,5.34,0.15940591760299627,000015,上证红利,CNY,CN10Y
2022-01-18,2858.58,0.027415,5.44,0.1564085294117647,000015,上证红利,CNY,CN10Y
2022-01-19,2869.41,0.0273139999999999,5.45,0.15617223853211018,000015,上证红利,CNY,CN10Y
2022-01-20,2853.8,0.027271,5.49,0.15487836247723133,000015,上证红利,CNY,CN10Y
2022-01-21,2842.1,0.0271,5.46,0.15605018315018315,000015,上证红利,CNY,CN10Y
2022-01-24,2829.29,0.026751,5.46,0.15639918315018314,000015,上证红利,CNY,CN10Y
2022-01-25,2739.72,0.026979,5.36,0.15958816417910446,000015,上证红利,CNY,CN10Y
2022-01-26,2750.96,0.027146,5.37,0.15907373929236499,000015,上证红利,CNY,CN10Y
2022-01-27,2727.27,0.0273479999999999,5.37,0.1588717392923651,000015,上证红利,CNY,CN10Y
2022-01-28,2721.72,0.027021,5.33,0.1605962607879925,000015,上证红利,CNY,CN10Y
2022-01-29,,0.027013,5.33,0.16060426078799248,000015,上证红利,CNY,CN10Y
2022-01-30,,0.026997,5.33,0.1606202607879925,000015,上证红利,CNY,CN10Y
2022-02-07,2794.55,0.027256,5.46,0.15589418315018314,000015,上证红利,CNY,CN10Y
2022-02-08,2864.43,0.027227,5.58,0.15198446953405018,000015,上证红利,CNY,CN10Y
2022-02-09,2871.96,0.027328,5.56,0.1525281151079137,000015,上证红利,CNY,CN10Y
2022-02-10,2912.89,0.027328,5.63,0.15029189342806396,000015,上证红利,CNY,CN10Y
2022-02-11,2910.34,0.027891,5.65,0.14910015044247787,000015,上证红利,CNY,CN10Y
2022-02-14,2866.63,0.028018,5.56,0.15183811510791367,000015,上证红利,CNY,CN10Y
2022-02-15,2852.27,0.027968,5.51,0.15352020326678767,000015,上证红利,CNY,CN10Y
2022-02-16,2872.01,0.027892,5.55,0.1522881801801802,000015,上证红利,CNY,CN10Y
2022-02-17,2858.6,0.027799,5.54,0.1527064151624549,000015,上证红利,CNY,CN10Y
2022-02-18,2915.95,0.027975,5.61,0.15027811942959002,000015,上证红利,CNY,CN10Y
2022-02-21,2931.6,0.0283,5.61,0.14995311942959003,000015,上证红利,CNY,CN10Y
2022-02-22,2918.12,0.0282,5.6,0.15037142857142857,000015,上证红利,CNY,CN10Y
2022-02-23,2905.03,0.0279,5.55,0.1522801801801802,000015,上证红利,CNY,CN10Y
2022-02-24,2868.01,0.027875,5.49,0.1542743624772313,000015,上证红利,CNY,CN10Y
2022-02-25,2856.33,0.02775,5.45,0.15573623853211008,000015,上证红利,CNY,CN10Y
2022-02-28,2866.9,0.02775,5.46,0.15540018315018314,000015,上证红利,CNY,CN10Y
2022-03-01,2896.67,0.028025,5.51,0.15346320326678767,000015,上证红利,CNY,CN10Y
2022-03-02,2928.57,0.028175,5.54,0.15233041516245488,000015,上证红利,CNY,CN10Y
2022-03-03,2965.5,0.0283,5.6,0.15027142857142858,000015,上证红利,CNY,CN10Y
2022-03-04,2957.92,0.028125,5.58,0.15108646953405017,000015,上证红利,CNY,CN10Y
2022-03-07,2931.75,0.028126,5.52,0.1530334202898551,000015,上证红利,CNY,CN10Y
2022-03-08,2834.67,0.028276,5.42,0.1562258450184502,000015,上证红利,CNY,CN10Y
2022-03-09,2809.23,0.028426,5.38,0.1574476059479554,000015,上证红利,CNY,CN10Y
2022-03-10,2835.13,0.028502,5.39,0.1570267569573284,000015,上证红利,CNY,CN10Y
2022-03-11,2865.48,0.027902,5.43,0.15626006261510128,000015,上证红利,CNY,CN10Y
2022-03-14,2818.0,0.027677,5.38,0.1581966059479554,000015,上证红利,CNY,CN10Y
2022-03-15,2650.58,0.0281769999999999,5.17,0.16524659767891695,000015,上证红利,CNY,CN10Y
2022-03-16,2715.94,0.0279519999999999,5.26,0.16216206844106476,000015,上证红利,CNY,CN10Y
2022-03-17,2748.95,0.0278759999999999,5.26,0.16223806844106475,000015,上证红利,CNY,CN10Y
2022-03-18,2825.16,0.027927,5.37,0.15829273929236498,000015,上证红利,CNY,CN10Y
2022-03-21,2841.4,0.028127,5.36,0.15844016417910445,000015,上证红利,CNY,CN10Y
2022-03-22,2895.91,0.028302,5.46,0.15484818315018314,000015,上证红利,CNY,CN10Y
2022-03-23,2890.21,0.028302,5.42,0.1561998450184502,000015,上证红利,CNY,CN10Y
2022-03-24,2896.44,0.028052,5.44,0.1557715294117647,000015,上证红利,CNY,CN10Y
2022-03-25,2898.38,0.027972,5.45,0.15551423853211008,000015,上证红利,CNY,CN10Y
2022-03-28,2937.91,0.0279029999999999,5.55,0.1522771801801803,000015,上证红利,CNY,CN10Y
2022-03-29,2942.48,0.027853,5.58,0.1513584695340502,000015,上证红利,CNY,CN10Y
2022-03-30,2963.61,0.027703,5.6,0.15086842857142857,000015,上证红利,CNY,CN10Y
2022-03-31,3003.02,0.027878,5.67,0.14848884303350968,000015,上证红利,CNY,CN10Y
2022-04-01,3025.78,0.027743,5.72,0.14708217482517486,000015,上证红利,CNY,CN10Y
2022-04-02,,0.027714,5.72,0.14711117482517486,000015,上证红利,CNY,CN10Y
2022-04-06,3076.43,0.027604,5.77,0.1457062253032929,000015,上证红利,CNY,CN10Y
2022-04-07,3016.82,0.0273939999999999,5.73,0.14712606980802803,000015,上证红利,CNY,CN10Y
2022-04-08,3042.41,0.0275289999999999,5.77,0.14578122530329302,000015,上证红利,CNY,CN10Y
2022-04-11,2992.93,0.0276799999999999,5.73,0.14684006980802802,000015,上证红利,CNY,CN10Y
2022-04-12,2989.88,0.027705,5.72,0.14712017482517484,000015,上证红利,CNY,CN10Y
2022-04-13,3004.05,0.027631,5.84,0.14360187671232877,000015,上证红利,CNY,CN10Y
2022-04-14,3061.92,0.027656,5.88,0.14241202721088436,000015,上证红利,CNY,CN10Y
2022-04-15,3027.93,0.027578,5.85,0.14336217094017095,000015,上证红利,CNY,CN10Y
2022-04-18,2960.78,0.028107,5.75,0.14580604347826087,000015,上证红利,CNY,CN10Y
2022-04-19,3012.39,0.028208,5.81,0.1439090395869191,000015,上证红利,CNY,CN10Y
2022-04-20,2914.57,0.02833,5.72,0.14649517482517485,000015,上证红利,CNY,CN10Y
2022-04-21,2856.3,0.028259,5.7,0.14717959649122805,000015,上证红利,CNY,CN10Y
2022-04-22,2896.11,0.028409,5.77,0.1449012253032929,000015,上证红利,CNY,CN10Y
2022-04-24,,0.028335,5.77,0.1449752253032929,000015,上证红利,CNY,CN10Y
2022-04-25,2763.28,0.0281599999999999,5.62,0.14977594306049832,000015,上证红利,CNY,CN10Y
2022-04-26,2728.62,0.02826,5.62,0.14967594306049822,000015,上证红利,CNY,CN10Y
2022-04-27,2768.59,0.028411,5.61,0.14984211942959003,000015,上证红利,CNY,CN10Y
2022-04-28,2813.28,0.0284859999999999,5.72,0.14633917482517494,000015,上证红利,CNY,CN10Y
2022-04-29,2852.28,0.028386,5.73,0.14613406980802793,000015,上证红利,CNY,CN10Y
2022-05-05,2842.33,0.0282819999999999,5.46,0.15486818315018325,000015,上证红利,CNY,CN10Y
2022-05-06,2757.43,0.028273,5.37,0.157946739292365,000015,上证红利,CNY,CN10Y
2022-05-07,,0.0282629999999999,5.37,0.1579567392923651,000015,上证红利,CNY,CN10Y
2022-05-09,2756.06,0.028154,5.36,0.15841316417910445,000015,上证红利,CNY,CN10Y
2022-05-10,2748.56,0.028089,5.35,0.1588268878504673,000015,上证红利,CNY,CN10Y
2022-05-11,2747.33,0.0282399999999999,5.32,0.15972992481203016,000015,上证红利,CNY,CN10Y
2022-05-12,2733.76,0.028055,5.29,0.1609809168241966,000015,上证红利,CNY,CN10Y
2022-05-13,2795.76,0.02814,5.39,0.1573887569573284,000015,上证红利,CNY,CN10Y
2022-05-16,2833.52,0.028216,5.4,0.15696918518518518,000015,上证红利,CNY,CN10Y
2022-05-17,2831.38,0.028178,5.4,0.15700718518518517,000015,上证红利,CNY,CN10Y
2022-05-18,2797.61,0.027801,5.37,0.158418739292365,000015,上证红利,CNY,CN10Y
2022-05-19,2803.44,0.027774,5.36,0.15879316417910447,000015,上证红利,CNY,CN10Y
2022-05-20,2840.1,0.0279,5.42,0.15660184501845018,000015,上证红利,CNY,CN10Y
2022-05-23,2840.49,0.027675,5.4,0.15751018518518517,000015,上证红利,CNY,CN10Y
2022-05-24,2788.27,0.02765,5.4,0.15753518518518517,000015,上证红利,CNY,CN10Y
2022-05-25,2823.75,0.027575,5.43,0.1565870626151013,000015,上证红利,CNY,CN10Y
2022-05-26,2863.84,0.0271,5.46,0.15605018315018315,000015,上证红利,CNY,CN10Y
2022-05-27,2860.16,0.026974,5.48,0.15550775182481752,000015,上证红利,CNY,CN10Y
2022-05-30,2840.7,0.027225,5.44,0.1565985294117647,000015,上证红利,CNY,CN10Y
2022-05-31,2842.81,0.027426,5.45,0.15606023853211007,000015,上证红利,CNY,CN10Y
2022-06-01,2852.69,0.027551,5.44,0.1562725294117647,000015,上证红利,CNY,CN10Y
2022-06-02,2828.97,0.027601,5.41,0.15724188354898339,000015,上证红利,CNY,CN10Y
2022-06-06,2834.18,0.027776,5.41,0.15706688354898338,000015,上证红利,CNY,CN10Y
2022-06-07,2843.46,0.027576,5.42,0.1569258450184502,000015,上证红利,CNY,CN10Y
2022-06-08,2879.11,0.0276609999999999,5.48,0.1548207518248176,000015,上证红利,CNY,CN10Y
2022-06-09,2885.32,0.027576,5.5,0.15424218181818183,000015,上证红利,CNY,CN10Y
2022-06-10,2902.27,0.027526,5.51,0.15396220326678767,000015,上证红利,CNY,CN10Y
2022-06-13,2855.52,0.027652,5.44,0.15617152941176468,000015,上证红利,CNY,CN10Y
2022-06-14,2894.29,0.027702,5.51,0.15378620326678766,000015,上证红利,CNY,CN10Y
2022-06-15,2887.53,0.027827,5.51,0.15366120326678767,000015,上证红利,CNY,CN10Y
2022-06-16,2831.13,0.027728,5.43,0.1564340626151013,000015,上证红利,CNY,CN10Y
2022-06-17,2827.09,0.027752,5.44,0.1560715294117647,000015,上证红利,CNY,CN10Y
2022-06-20,2803.16,0.027853,5.38,0.15802060594795542,000015,上证红利,CNY,CN10Y
2022-06-21,2810.3,0.027853,5.41,0.15698988354898338,000015,上证红利,CNY,CN10Y
2022-06-22,2768.94,0.027773,5.37,0.158446739292365,000015,上证红利,CNY,CN10Y
2022-06-23,2802.66,0.027803,5.42,0.1566988450184502,000015,上证红利,CNY,CN10Y
2022-06-24,2801.34,0.027978,5.4,0.15720718518518517,000015,上证红利,CNY,CN10Y
2022-06-27,2830.28,0.028329,5.43,0.1558330626151013,000015,上证红利,CNY,CN10Y
2022-06-28,2856.33,0.028414,5.45,0.15507223853211008,000015,上证红利,CNY,CN10Y
2022-06-29,2862.98,0.028294,5.48,0.15418775182481753,000015,上证红利,CNY,CN10Y
2022-06-30,2878.92,0.028205,5.49,0.1539443624772313,000015,上证红利,CNY,CN10Y
2022-07-01,2886.24,0.028255,5.49,0.15389436247723132,000015,上证红利,CNY,CN10Y
2022-07-04,2892.28,0.028445,5.5,0.15337318181818183,000015,上证红利,CNY,CN10Y
2022-07-05,2907.15,0.028333,5.54,0.1521724151624549,000015,上证红利,CNY,CN10Y
2022-07-06,2835.11,0.028356,5.44,0.1554675294117647,000015,上证红利,CNY,CN10Y
2022-07-07,2839.32,0.028356,5.45,0.15513023853211008,000015,上证红利,CNY,CN10Y
2022-07-08,2825.78,0.028384,5.44,0.1554395294117647,000015,上证红利,CNY,CN10Y
2022-07-11,2790.58,0.028266,5.37,0.157953739292365,000015,上证红利,CNY,CN10Y
2022-07-12,2806.94,0.028117,5.33,0.15950026078799248,000015,上证红利,CNY,CN10Y
2022-07-13,2802.44,0.028067,5.27,0.16168632068311195,000015,上证红利,CNY,CN10Y
2022-07-14,2760.27,0.027907,5.21,0.16403157965451054,000015,上证红利,CNY,CN10Y
2022-07-15,2691.36,0.027857,5.06,0.16977145849802375,000015,上证红利,CNY,CN10Y
2022-07-18,2756.5,0.027837,5.15,0.1663377572815534,000015,上证红利,CNY,CN10Y
2022-07-19,2762.16,0.027859,5.16,0.1659394496124031,000015,上证红利,CNY,CN10Y
2022-07-20,2767.66,0.02771,5.19,0.16496822736030825,000015,上证红利,CNY,CN10Y
2022-07-21,2710.92,0.027635,5.1,0.16844343137254905,000015,上证红利,CNY,CN10Y
2022-07-22,2698.04,0.02787,5.11,0.16782471624266143,000015,上证红利,CNY,CN10Y
2022-07-25,2704.21,0.02779,5.13,0.1671417738791423,000015,上证红利,CNY,CN10Y
2022-07-26,2743.24,0.0277,5.17,0.16572359767891684,000015,上证红利,CNY,CN10Y
2022-07-27,2744.01,0.0277009999999999,5.15,0.1664737572815535,000015,上证红利,CNY,CN10Y
2022-07-28,2751.61,0.02785,5.14,0.16670252918287937,000015,上证红利,CNY,CN10Y
2022-07-29,2724.93,0.0275599999999999,5.11,0.16813471624266155,000015,上证红利,CNY,CN10Y
2022-08-01,2734.56,0.027292,5.11,0.16840271624266143,000015,上证红利,CNY,CN10Y
2022-08-02,2671.41,0.0273139999999999,5.04,0.1710986984126985,000015,上证红利,CNY,CN10Y
2022-08-03,2638.11,0.027218,5.0,0.17278200000000002,000015,上证红利,CNY,CN10Y
2022-08-04,2644.86,0.0271919999999999,5.04,0.1712206984126985,000015,上证红利,CNY,CN10Y
2022-08-05,2651.21,0.027339,5.04,0.1710736984126984,000015,上证红利,CNY,CN10Y
2022-08-08,2682.64,0.027409,5.06,0.17021945849802375,000015,上证红利,CNY,CN10Y
2022-08-09,2701.44,0.0274,5.08,0.16945039370078738,000015,上证红利,CNY,CN10Y
2022-08-10,2685.13,0.027366,5.06,0.17026245849802374,000015,上证红利,CNY,CN10Y
2022-08-11,2714.22,0.027317,5.1,0.16876143137254904,000015,上证红利,CNY,CN10Y
2022-08-12,2737.35,0.027347,5.12,0.1679655,000015,上证红利,CNY,CN10Y
2022-08-15,2749.98,0.0265819999999999,5.12,0.1687305000000001,000015,上证红利,CNY,CN10Y
2022-08-16,2759.64,0.0263459999999999,5.11,0.16934871624266154,000015,上证红利,CNY,CN10Y
2022-08-17,2767.77,0.026124,5.13,0.1688077738791423,000015,上证红利,CNY,CN10Y
2022-08-18,2742.99,0.0258,5.1,0.17027843137254906,000015,上证红利,CNY,CN10Y
2022-08-19,2769.1,0.025875,5.14,0.16867752918287937,000015,上证红利,CNY,CN10Y
2022-08-22,2791.93,0.0259249999999999,5.16,0.1678734496124032,000015,上证红利,CNY,CN10Y
2022-08-23,2804.53,0.026075,5.16,0.1677234496124031,000015,上证红利,CNY,CN10Y
2022-08-24,2759.69,0.0260999999999999,5.14,0.16845252918287948,000015,上证红利,CNY,CN10Y
2022-08-25,2822.1,0.0263899999999999,5.23,0.16481458891013395,000015,上证红利,CNY,CN10Y
2022-08-26,2801.69,0.02643,5.2,0.16587769230769228,000015,上证红利,CNY,CN10Y
2022-08-29,2822.9,0.026225,5.21,0.16571357965451056,000015,上证红利,CNY,CN10Y
2022-08-30,2796.7,0.02613,5.19,0.16654822736030828,000015,上证红利,CNY,CN10Y
2022-08-31,2777.34,0.026225,5.2,0.1660826923076923,000015,上证红利,CNY,CN10Y
2022-09-01,2805.59,0.026125,5.11,0.16956971624266143,000015,上证红利,CNY,CN10Y
2022-09-02,2800.15,0.026226,5.09,0.17023765422396858,000015,上证红利,CNY,CN10Y
2022-09-05,2855.73,0.02618,5.17,0.16724359767891683,000015,上证红利,CNY,CN10Y
2022-09-06,2902.96,0.02614,5.2,0.1661676923076923,000015,上证红利,CNY,CN10Y
2022-09-07,2894.25,0.026215,5.19,0.16646322736030827,000015,上证红利,CNY,CN10Y
2022-09-08,2886.17,0.0262559999999999,5.18,0.16679419305019316,000015,上证红利,CNY,CN10Y
2022-09-09,2926.17,0.02635,5.23,0.16485458891013383,000015,上证红利,CNY,CN10Y
2022-09-13,2905.14,0.026427,5.22,0.16514388122605364,000015,上证红利,CNY,CN10Y
2022-09-14,2881.67,0.026625,5.19,0.16605322736030825,000015,上证红利,CNY,CN10Y
2022-09-15,2887.39,0.026625,5.23,0.16457958891013383,000015,上证红利,CNY,CN10Y
2022-09-16,2797.17,0.02673,5.11,0.16896471624266143,000015,上证红利,CNY,CN10Y
2022-09-19,2802.79,0.02675,5.14,0.16780252918287938,000015,上证红利,CNY,CN10Y
2022-09-20,2796.47,0.02664,5.11,0.16905471624266144,000015,上证红利,CNY,CN10Y
2022-09-21,2821.9,0.026451,5.13,0.16848077387914231,000015,上证红利,CNY,CN10Y
2022-09-22,2832.64,0.026501,5.16,0.1672974496124031,000015,上证红利,CNY,CN10Y
2022-09-23,2811.06,0.026802,5.16,0.1669964496124031,000015,上证红利,CNY,CN10Y
2022-09-26,2759.76,0.0271539999999999,5.07,0.1700846587771204,000015,上证红利,CNY,CN10Y
2022-09-27,2782.3,0.027051,5.08,0.1697993937007874,000015,上证红利,CNY,CN10Y
2022-09-28,2755.39,0.027401,5.08,0.16944939370078738,000015,上证红利,CNY,CN10Y
2022-09-29,2753.1,0.027501,5.07,0.1697376587771203,000015,上证红利,CNY,CN10Y
2022-09-30,2774.36,0.027601,5.11,0.16809371624266145,000015,上证红利,CNY,CN10Y
2022-10-08,,0.0276259999999999,5.11,0.16806871624266154,000015,上证红利,CNY,CN10Y
2022-10-09,,0.027452,5.11,0.16824271624266143,000015,上证红利,CNY,CN10Y
2022-10-10,2782.28,0.027402,5.13,0.1675297738791423,000015,上证红利,CNY,CN10Y
2022-10-11,2773.85,0.027426,5.11,0.16826871624266143,000015,上证红利,CNY,CN10Y
2022-10-12,2806.54,0.0273519999999999,5.14,0.16720052918287948,000015,上证红利,CNY,CN10Y
2022-10-13,2763.45,0.027252,5.07,0.1699866587771203,000015,上证红利,CNY,CN10Y
2022-10-14,2788.75,0.026977,5.09,0.16948665422396858,000015,上证红利,CNY,CN10Y
2022-10-17,2780.61,0.027002,5.08,0.1698483937007874,000015,上证红利,CNY,CN10Y
2022-10-18,2775.06,0.027002,5.07,0.1702366587771203,000015,上证红利,CNY,CN10Y
2022-10-19,2769.97,0.027052,5.06,0.17057645849802375,000015,上证红利,CNY,CN10Y
2022-10-20,2744.38,0.0271749999999999,5.04,0.1712376984126985,000015,上证红利,CNY,CN10Y
2022-10-21,2763.98,0.0272779999999999,5.07,0.1699606587771204,000015,上证红利,CNY,CN10Y
2022-10-24,2704.58,0.027153,5.01,0.1724477984031936,000015,上证红利,CNY,CN10Y
2022-10-25,2685.39,0.0272779999999999,4.98,0.1735252128514057,000015,上证红利,CNY,CN10Y
2022-10-26,2666.76,0.027025,4.93,0.17581475659229212,000015,上证红利,CNY,CN10Y
2022-10-27,2678.79,0.026953,4.92,0.1762990325203252,000015,上证红利,CNY,CN10Y
2022-10-28,2625.76,0.0266529999999999,4.9,0.1774286326530613,000015,上证红利,CNY,CN10Y
2022-10-31,2563.79,0.0264329999999999,4.77,0.18321060587002108,000015,上证红利,CNY,CN10Y
2022-11-01,2588.46,0.026629,4.76,0.1834550336134454,000015,上证红利,CNY,CN10Y
2022-11-02,2619.89,0.026854,4.78,0.1823510209205021,000015,上证红利,CNY,CN10Y
2022-11-03,2604.92,0.026776,4.76,0.1833080336134454,000015,上证红利,CNY,CN10Y
2022-11-04,2654.98,0.027023,4.84,0.1795885702479339,000015,上证红利,CNY,CN10Y
2022-11-07,2676.36,0.027003,4.86,0.17875831687242796,000015,上证红利,CNY,CN10Y
2022-11-08,2675.48,0.026853,4.85,0.1793325670103093,000015,上证红利,CNY,CN10Y
2022-11-09,2674.34,0.026953,4.85,0.1792325670103093,000015,上证红利,CNY,CN10Y
2022-11-10,2682.53,0.027028,4.86,0.17873331687242797,000015,上证红利,CNY,CN10Y
2022-11-11,2743.89,0.027354,4.94,0.17507514979757086,000015,上证红利,CNY,CN10Y
2022-11-14,2730.77,0.028354,4.93,0.17448575659229212,000015,上证红利,CNY,CN10Y
2022-11-15,2742.49,0.028155,4.94,0.17427414979757083,000015,上证红利,CNY,CN10Y
2022-11-16,2731.63,0.028329,4.92,0.1749230325203252,000015,上证红利,CNY,CN10Y
2022-11-17,2709.05,0.028026,4.9,0.1760556326530612,000015,上证红利,CNY,CN10Y
2022-11-18,2692.36,0.02825,4.88,0.17666803278688525,000015,上证红利,CNY,CN10Y
2022-11-21,2690.02,0.02818,4.87,0.17715880903490758,000015,上证红利,CNY,CN10Y
2022-11-22,2706.81,0.028276,4.93,0.17456375659229212,000015,上证红利,CNY,CN10Y
2022-11-23,2723.84,0.027975,4.98,0.1728282128514056,000015,上证红利,CNY,CN10Y
2022-11-24,2737.61,0.02795,4.98,0.1728532128514056,000015,上证红利,CNY,CN10Y
2022-11-25,2789.5,0.0283,5.08,0.1685503937007874,000015,上证红利,CNY,CN10Y
2022-11-28,2772.63,0.0286,5.03,0.17020715705765405,000015,上证红利,CNY,CN10Y
2022-11-29,2847.58,0.0288,5.12,0.1665125,000015,上证红利,CNY,CN10Y
2022-11-30,2836.77,0.0288499999999999,5.11,0.16684471624266153,000015,上证红利,CNY,CN10Y
2022-12-01,2810.98,0.0286,5.05,0.16941980198019801,000015,上证红利,CNY,CN10Y
2022-12-02,2794.75,0.028676,5.03,0.17013115705765405,000015,上证红利,CNY,CN10Y
2022-12-05,2845.47,0.028902,5.12,0.1664105,000015,上证红利,CNY,CN10Y
2022-12-06,2832.28,0.029152,5.12,0.1661605,000015,上证红利,CNY,CN10Y
2022-12-07,2807.86,0.028702,5.08,0.16814839370078738,000015,上证红利,CNY,CN10Y
2022-12-08,2823.66,0.028853,5.1,0.16722543137254905,000015,上证红利,CNY,CN10Y
2022-12-09,2852.27,0.0289029999999999,5.11,0.16679171624266154,000015,上证红利,CNY,CN10Y
2022-12-12,2812.95,0.028902,4.99,0.17149880160320638,000015,上证红利,CNY,CN10Y
2022-12-13,2831.64,0.028952,5.03,0.16985515705765405,000015,上证红利,CNY,CN10Y
2022-12-14,2822.81,0.028655,5.03,0.17015215705765407,000015,上证红利,CNY,CN10Y
2022-12-15,2788.59,0.0288289999999999,4.98,0.17197421285140568,000015,上证红利,CNY,CN10Y
2022-12-16,2820.12,0.028856,5.03,0.16995115705765407,000015,上证红利,CNY,CN10Y
2022-12-19,2766.03,0.028632,4.96,0.17298090322580648,000015,上证红利,CNY,CN10Y
2022-12-20,2737.55,0.028732,4.92,0.1745200325203252,000015,上证红利,CNY,CN10Y
2022-12-21,2738.91,0.028606,4.92,0.1746460325203252,000015,上证红利,CNY,CN10Y
2022-12-22,2718.29,0.0285029999999999,4.92,0.1747490325203253,000015,上证红利,CNY,CN10Y
2022-12-23,2712.97,0.028251,4.91,0.17541498778004072,000015,上证红利,CNY,CN10Y
2022-12-26,2704.2,0.028378,4.89,0.17612097750511246,000015,上证红利,CNY,CN10Y
2022-12-27,2733.07,0.028657,4.95,0.17336320202020203,000015,上证红利,CNY,CN10Y
2022-12-28,2738.66,0.0285029999999999,4.97,0.1727042434607647,000015,上证红利,CNY,CN10Y
2022-12-29,2707.52,0.028376,4.92,0.1748760325203252,000015,上证红利,CNY,CN10Y
2022-12-30,2725.07,0.028353,4.95,0.17366720202020203,000015,上证红利,CNY,CN10Y
2022-12-31,,0.028353,4.95,0.17366720202020203,000015,上证红利,CNY,CN10Y
2023-01-03,2737.68,0.028228,4.96,0.17338490322580646,000015,上证红利,CNY,CN10Y
2023-01-04,2758.44,0.028103,5.0,0.17189700000000002,000015,上证红利,CNY,CN10Y
2023-01-05,2763.53,0.028304,5.0,0.17169600000000002,000015,上证红利,CNY,CN10Y
2023-01-06,2758.46,0.028328,5.01,0.17127279840319362,000015,上证红利,CNY,CN10Y
2023-01-09,2758.21,0.028428,5.0,0.171572,000015,上证红利,CNY,CN10Y
2023-01-10,2741.37,0.028602,4.97,0.1726052434607646,000015,上证红利,CNY,CN10Y
2023-01-11,2764.67,0.028603,5.02,0.17060018725099604,000015,上证红利,CNY,CN10Y
2023-01-12,2752.24,0.028778,5.01,0.17082279840319362,000015,上证红利,CNY,CN10Y
2023-01-13,2774.12,0.0290099999999999,5.05,0.16900980198019813,000015,上证红利,CNY,CN10Y
2023-01-16,2785.3,0.029167,5.04,0.1692456984126984,000015,上证红利,CNY,CN10Y
2023-01-17,2779.53,0.029017,5.04,0.16939569841269841,000015,上证红利,CNY,CN10Y
2023-01-18,2782.34,0.029222,5.04,0.1691906984126984,000015,上证红利,CNY,CN10Y
2023-01-19,2790.85,0.0291449999999999,5.05,0.16887480198019814,000015,上证红利,CNY,CN10Y
2023-01-20,2816.34,0.029331,5.07,0.1679076587771203,000015,上证红利,CNY,CN10Y
2023-01-28,,0.029341,5.07,0.1678976587771203,000015,上证红利,CNY,CN10Y
2023-01-29,,0.029219,5.07,0.1680196587771203,000015,上证红利,CNY,CN10Y
2023-01-30,2800.61,0.029133,5.04,0.1692796984126984,000015,上证红利,CNY,CN10Y
2023-01-31,2809.62,0.028977,5.04,0.1694356984126984,000015,上证红利,CNY,CN10Y
2023-02-01,2813.44,0.029101,5.04,0.1693116984126984,000015,上证红利,CNY,CN10Y
2023-02-02,2819.78,0.02897,5.04,0.1694426984126984,000015,上证红利,CNY,CN10Y
2023-02-03,2794.87,0.028943,5.01,0.17065779840319362,000015,上证红利,CNY,CN10Y
2023-02-06,2783.74,0.029017,5.0,0.170983,000015,上证红利,CNY,CN10Y
2023-02-07,2797.29,0.028964,5.01,0.17063679840319362,000015,上证红利,CNY,CN10Y
2023-02-08,2784.36,0.028973,5.0,0.171027,000015,上证红利,CNY,CN10Y
2023-02-09,2801.38,0.028912,5.02,0.17029118725099604,000015,上证红利,CNY,CN10Y
2023-02-10,2799.19,0.029003,5.02,0.17020018725099603,000015,上证红利,CNY,CN10Y
2023-02-13,2807.2,0.028943,5.0,0.17105700000000001,000015,上证红利,CNY,CN10Y
2023-02-14,2825.45,0.028914,5.01,0.17068679840319362,000015,上证红利,CNY,CN10Y
2023-02-15,2808.27,0.028918,4.99,0.1714828016032064,000015,上证红利,CNY,CN10Y
2023-02-16,2788.31,0.028907,4.97,0.1723002434607646,000015,上证红利,CNY,CN10Y
2023-02-17,2797.94,0.0289199999999999,4.98,0.1718832128514057,000015,上证红利,CNY,CN10Y
2023-02-20,2848.94,0.0291699999999999,5.05,0.16884980198019814,000015,上证红利,CNY,CN10Y
2023-02-21,2884.32,0.02919,5.09,0.1672736542239686,000015,上证红利,CNY,CN10Y
2023-02-22,2886.92,0.029175,5.07,0.1680636587771203,000015,上证红利,CNY,CN10Y
2023-02-23,2898.18,0.02922,5.08,0.1676303937007874,000015,上证红利,CNY,CN10Y
2023-02-24,2890.05,0.029126,5.06,0.16850245849802375,000015,上证红利,CNY,CN10Y
2023-02-27,2895.51,0.029117,5.06,0.16851145849802374,000015,上证红利,CNY,CN10Y
2023-02-28,2903.15,0.029017,5.08,0.16783339370078737,000015,上证红利,CNY,CN10Y
2023-03-01,2920.71,0.028977,5.1,0.16710143137254904,000015,上证红利,CNY,CN10Y
2023-03-02,2936.17,0.0291109999999999,5.12,0.1662015000000001,000015,上证红利,CNY,CN10Y
2023-03-03,2950.45,0.029026,5.18,0.16402419305019306,000015,上证红利,CNY,CN10Y
2023-03-06,2935.63,0.028826,5.16,0.1649724496124031,000015,上证红利,CNY,CN10Y
2023-03-07,2927.42,0.0287259999999999,5.21,0.16321257965451066,000015,上证红利,CNY,CN10Y
2023-03-08,2926.09,0.028828,5.21,0.16311057965451056,000015,上证红利,CNY,CN10Y
2023-03-09,2923.75,0.028752,5.2,0.1635556923076923,000015,上证红利,CNY,CN10Y
2023-03-10,2876.77,0.028627,5.13,0.16630477387914233,000015,上证红利,CNY,CN10Y
2023-03-13,2916.14,0.028703,5.21,0.16323557965451055,000015,上证红利,CNY,CN10Y
2023-03-14,2895.36,0.028652,5.2,0.16365569230769228,000015,上证红利,CNY,CN10Y
2023-03-15,2926.03,0.028652,5.25,0.16182419047619045,000015,上证红利,CNY,CN10Y
2023-03-16,2898.05,0.028552,5.26,0.16156206844106466,000015,上证红利,CNY,CN10Y
2023-03-17,2917.6,0.028602,5.29,0.1604339168241966,000015,上证红利,CNY,CN10Y
2023-03-20,2905.87,0.028504,5.3,0.16017524528301888,000015,上证红利,CNY,CN10Y
2023-03-21,2897.64,0.0286039999999999,5.24,0.16223569465648863,000015,上证红利,CNY,CN10Y
2023-03-22,2916.67,0.0285769999999999,5.29,0.1604589168241967,000015,上证红利,CNY,CN10Y
2023-03-23,2921.84,0.028652,5.32,0.15931792481203005,000015,上证红利,CNY,CN10Y
2023-03-24,2894.38,0.028676,5.25,0.16180019047619046,000015,上证红利,CNY,CN10Y
2023-03-27,2878.67,0.028551,5.19,0.16412722736030827,000015,上证红利,CNY,CN10Y
2023-03-28,2879.86,0.0285559999999999,5.23,0.16264858891013395,000015,上证红利,CNY,CN10Y
2023-03-29,2875.47,0.028532,5.22,0.16303888122605364,000015,上证红利,CNY,CN10Y
2023-03-30,2893.67,0.028603,5.27,0.16115032068311197,000015,上证红利,CNY,CN10Y
2023-03-31,2899.69,0.0285279999999999,5.25,0.16194819047619058,000015,上证红利,CNY,CN10Y
2023-04-03,2918.47,0.0286039999999999,5.25,0.16187219047619056,000015,上证红利,CNY,CN10Y
2023-04-04,2935.09,0.028584,5.33,0.1590332607879925,000015,上证红利,CNY,CN10Y
2023-04-06,2912.63,0.028605,5.32,0.15936492481203007,000015,上证红利,CNY,CN10Y
2023-04-07,2916.92,0.028464,5.31,0.1598599171374765,000015,上证红利,CNY,CN10Y
2023-04-10,2916.9,0.0284549999999999,5.33,0.1591622607879926,000015,上证红利,CNY,CN10Y
2023-04-11,2939.08,0.028203,5.36,0.15836416417910446,000015,上证红利,CNY,CN10Y
2023-04-12,2973.83,0.028158,5.43,0.1560040626151013,000015,上证红利,CNY,CN10Y
2023-04-13,2976.21,0.028277,5.44,0.1555465294117647,000015,上证红利,CNY,CN10Y
2023-04-14,2971.07,0.028281,5.44,0.1555425294117647,000015,上证红利,CNY,CN10Y
2023-04-17,3007.94,0.028432,5.56,0.1514241151079137,000015,上证红利,CNY,CN10Y
2023-04-18,3020.67,0.028319,5.59,0.15057187656529517,000015,上证红利,CNY,CN10Y
2023-04-19,3020.22,0.028333,5.59,0.15055787656529518,000015,上证红利,CNY,CN10Y
2023-04-20,3018.49,0.028332,5.59,0.15055887656529518,000015,上证红利,CNY,CN10Y
2023-04-21,2994.74,0.028258,5.53,0.15257382640144665,000015,上证红利,CNY,CN10Y
2023-04-23,,0.02822,5.53,0.15261182640144666,000015,上证红利,CNY,CN10Y
2023-04-24,2990.49,0.028176,5.55,0.1520041801801802,000015,上证红利,CNY,CN10Y
2023-04-25,3011.92,0.028157,5.62,0.14977894306049822,000015,上证红利,CNY,CN10Y
2023-04-26,3021.58,0.028058,5.6,0.15051342857142858,000015,上证红利,CNY,CN10Y
2023-04-27,3028.35,0.027852,5.62,0.15008394306049824,000015,上证红利,CNY,CN10Y
2023-04-28,3056.72,0.027788,5.64,0.1495169645390071,000015,上证红利,CNY,CN10Y
2023-05-04,3133.28,0.027613,5.95,0.1404542268907563,000015,上证红利,CNY,CN10Y
2023-05-05,3160.78,0.027338,6.01,0.1390513510815308,000015,上证红利,CNY,CN10Y
2023-05-06,,0.027311,6.01,0.1390783510815308,000015,上证红利,CNY,CN10Y
2023-05-08,3246.35,0.027484,6.36,0.1297487044025157,000015,上证红利,CNY,CN10Y
2023-05-09,3218.77,0.027383,6.34,0.13034570662460568,000015,上证红利,CNY,CN10Y
2023-05-10,3143.24,0.02721,6.08,0.13726368421052632,000015,上证红利,CNY,CN10Y
2023-05-11,3132.56,0.02701,6.02,0.13910295681063123,000015,上证红利,CNY,CN10Y
2023-05-12,3115.16,0.027058,5.98,0.14016608026755853,000015,上证红利,CNY,CN10Y
2023-05-15,3113.37,0.02719,6.01,0.1391993510815308,000015,上证红利,CNY,CN10Y
2023-05-16,3094.79,0.027129,6.01,0.1392603510815308,000015,上证红利,CNY,CN10Y
2023-05-17,3079.68,0.02721,5.97,0.14029418760469012,000015,上证红利,CNY,CN10Y
2023-05-18,3102.91,0.027184,6.07,0.1375606457990115,000015,上证红利,CNY,CN10Y
2023-05-19,3059.54,0.027151,5.98,0.14007308026755852,000015,上证红利,CNY,CN10Y
2023-05-22,3048.78,0.027132,5.98,0.14009208026755854,000015,上证红利,CNY,CN10Y
2023-05-23,3011.54,0.026962,5.85,0.14397817094017096,000015,上证红利,CNY,CN10Y
2023-05-24,2967.57,0.027037,5.7,0.14840159649122805,000015,上证红利,CNY,CN10Y
2023-05-25,2950.13,0.027065,5.69,0.14868192442882247,000015,上证红利,CNY,CN10Y
2023-05-26,2977.62,0.027205,5.73,0.14731506980802792,000015,上证红利,CNY,CN10Y
2023-05-29,3005.92,0.0269499999999999,5.81,0.14516703958691923,000015,上证红利,CNY,CN10Y
2023-05-30,2997.49,0.027,5.76,0.1466111111111111,000015,上证红利,CNY,CN10Y
2023-05-31,2967.17,0.02685,5.71,0.14828134851138353,000015,上证红利,CNY,CN10Y
2023-06-01,2958.43,0.026825,5.71,0.14830634851138352,000015,上证红利,CNY,CN10Y
2023-06-02,2960.28,0.026951,5.73,0.14756906980802792,000015,上证红利,CNY,CN10Y
2023-06-05,2977.67,0.026926,5.81,0.14519103958691912,000015,上证红利,CNY,CN10Y
2023-06-06,2960.55,0.026826,5.82,0.1449953058419244,000015,上证红利,CNY,CN10Y
2023-06-07,2991.08,0.026827,5.87,0.14353075127768314,000015,上证红利,CNY,CN10Y
2023-06-08,3016.86,0.026822,5.98,0.14040208026755852,000015,上证红利,CNY,CN10Y
2023-06-09,2998.98,0.026703,5.95,0.14136422689075628,000015,上证红利,CNY,CN10Y
2023-06-12,2971.89,0.026704,5.86,0.1439444641638225,000015,上证红利,CNY,CN10Y
2023-06-13,2967.52,0.026227,5.87,0.14413075127768313,000015,上证红利,CNY,CN10Y
2023-06-14,2945.23,0.026178,5.78,0.14683238062283735,000015,上证红利,CNY,CN10Y
2023-06-15,2945.68,0.026482,5.81,0.14563503958691912,000015,上证红利,CNY,CN10Y
2023-06-16,2935.91,0.0266259999999999,5.78,0.14638438062283746,000015,上证红利,CNY,CN10Y
2023-06-19,2899.4,0.026876,5.71,0.14825534851138353,000015,上证红利,CNY,CN10Y
2023-06-20,2870.91,0.026751,5.67,0.1496158430335097,000015,上证红利,CNY,CN10Y
2023-06-21,2843.66,0.026701,5.66,0.14997744522968198,000015,上证红利,CNY,CN10Y
2023-06-25,,0.026576,5.66,0.150102445229682,000015,上证红利,CNY,CN10Y
2023-06-26,2802.58,0.026677,5.57,0.15285621364452423,000015,上证红利,CNY,CN10Y
2023-06-27,2852.18,0.026676,5.66,0.15000244522968198,000015,上证红利,CNY,CN10Y
2023-06-28,2870.37,0.0266509999999999,5.68,0.14940533802816913,000015,上证红利,CNY,CN10Y
2023-06-29,2865.43,0.026526,5.65,0.15046515044247788,000015,上证红利,CNY,CN10Y
2023-06-30,2862.22,0.026351,5.69,0.1493959244288225,000015,上证红利,CNY,CN10Y
2023-07-03,2895.23,0.026402,5.78,0.14660838062283735,000015,上证红利,CNY,CN10Y
2023-07-04,2871.61,0.026477,5.73,0.14804306980802792,000015,上证红利,CNY,CN10Y
2023-07-05,2869.12,0.026402,5.69,0.14934492442882247,000015,上证红利,CNY,CN10Y
2023-07-06,2847.83,0.026392,5.64,0.1509129645390071,000015,上证红利,CNY,CN10Y
2023-07-07,2860.26,0.026403,5.66,0.15027544522968198,000015,上证红利,CNY,CN10Y
2023-07-10,2875.26,0.026403,5.65,0.15058815044247786,000015,上证红利,CNY,CN10Y
2023-07-11,2874.23,0.026353,5.68,0.14970333802816904,000015,上证红利,CNY,CN10Y
2023-07-12,2841.87,0.026378,5.64,0.1509269645390071,000015,上证红利,CNY,CN10Y
2023-07-13,2869.99,0.026413,5.72,0.14841217482517485,000015,上证红利,CNY,CN10Y
2023-07-14,2877.82,0.026444,5.73,0.14807606980802793,000015,上证红利,CNY,CN10Y
2023-07-17,2841.24,0.026364,5.52,0.1547954202898551,000015,上证红利,CNY,CN10Y
2023-07-18,2834.48,0.026234,5.44,0.15758952941176468,000015,上证红利,CNY,CN10Y
2023-07-19,2845.31,0.026233,5.45,0.15725323853211007,000015,上证红利,CNY,CN10Y
2023-07-20,2830.1,0.026214,5.43,0.1579480626151013,000015,上证红利,CNY,CN10Y
2023-07-21,2833.39,0.0260789999999999,5.43,0.15808306261510138,000015,上证红利,CNY,CN10Y
2023-07-24,2831.28,0.025934,5.42,0.15856784501845017,000015,上证红利,CNY,CN10Y
2023-07-25,2874.98,0.0266299999999999,5.53,0.15420182640144675,000015,上证红利,CNY,CN10Y
2023-07-26,2877.89,0.02643,5.52,0.1547294202898551,000015,上证红利,CNY,CN10Y
2023-07-27,2884.5,0.026395,5.56,0.1534611151079137,000015,上证红利,CNY,CN10Y
2023-07-28,2937.86,0.026533,5.66,0.15014544522968198,000015,上证红利,CNY,CN10Y
2023-07-31,2952.25,0.026597,5.66,0.15008144522968198,000015,上证红利,CNY,CN10Y
2023-08-01,2957.34,0.026607,5.67,0.1497598430335097,000015,上证红利,CNY,CN10Y
2023-08-02,2920.25,0.026525,5.55,0.1536551801801802,000015,上证红利,CNY,CN10Y
2023-08-03,2932.82,0.026435,5.59,0.1524558765652952,000015,上证红利,CNY,CN10Y
2023-08-04,2923.23,0.026469,5.59,0.15242187656529518,000015,上证红利,CNY,CN10Y
2023-08-07,2898.82,0.026462,5.56,0.15339411510791368,000015,上证红利,CNY,CN10Y
2023-08-08,2893.47,0.026454,5.54,0.15405141516245488,000015,上证红利,CNY,CN10Y
2023-08-09,2881.69,0.026461,5.55,0.15371918018018021,000015,上证红利,CNY,CN10Y
2023-08-10,2893.99,0.026475,5.56,0.1533811151079137,000015,上证红利,CNY,CN10Y
2023-08-11,2850.59,0.026381,5.47,0.15643435648994514,000015,上证红利,CNY,CN10Y
2023-08-14,2849.21,0.026212,5.43,0.1579500626151013,000015,上证红利,CNY,CN10Y
2023-08-15,2872.33,0.0257589999999999,5.51,0.15572920326678777,000015,上证红利,CNY,CN10Y
2023-08-16,2869.5,0.025649,5.5,0.15616918181818182,000015,上证红利,CNY,CN10Y
2023-08-17,2868.77,0.025678,5.47,0.15713735648994515,000015,上证红利,CNY,CN10Y
2023-08-18,2864.22,0.025639,5.48,0.15684275182481752,000015,上证红利,CNY,CN10Y
2023-08-21,2839.33,0.025403,5.41,0.15943988354898336,000015,上证红利,CNY,CN10Y
2023-08-22,2867.57,0.025564,5.49,0.15658536247723132,000015,上证红利,CNY,CN10Y
2023-08-23,2869.26,0.025535,5.51,0.15595320326678766,000015,上证红利,CNY,CN10Y
2023-08-24,2850.97,0.025543,5.47,0.15727235648994514,000015,上证红利,CNY,CN10Y
2023-08-25,2859.51,0.025702,5.5,0.15611618181818182,000015,上证红利,CNY,CN10Y
2023-08-28,2894.34,0.025837,5.59,0.15305387656529518,000015,上证红利,CNY,CN10Y
2023-08-29,2893.89,0.0256999999999999,5.52,0.1554594202898552,000015,上证红利,CNY,CN10Y
2023-08-30,2864.03,0.0256,5.48,0.1568817518248175,000015,上证红利,CNY,CN10Y
2023-08-31,2834.35,0.025575,5.46,0.15757518315018315,000015,上证红利,CNY,CN10Y
2023-09-01,2863.11,0.0258499999999999,5.48,0.15663175182481762,000015,上证红利,CNY,CN10Y
2023-09-04,2908.82,0.026124,5.56,0.15373211510791368,000015,上证红利,CNY,CN10Y
2023-09-05,2884.04,0.02615,5.53,0.15468182640144665,000015,上证红利,CNY,CN10Y
2023-09-06,2884.09,0.026375,5.54,0.15413041516245488,000015,上证红利,CNY,CN10Y
2023-09-07,2876.88,0.02635,5.54,0.1541554151624549,000015,上证红利,CNY,CN10Y
2023-09-08,2853.31,0.026375,5.5,0.1554431818181818,000015,上证红利,CNY,CN10Y
2023-09-11,2876.51,0.0263,5.51,0.15518820326678767,000015,上证红利,CNY,CN10Y
2023-09-12,2870.74,0.02623,5.51,0.15525820326678766,000015,上证红利,CNY,CN10Y
2023-09-13,2886.42,0.02615,5.53,0.15468182640144665,000015,上证红利,CNY,CN10Y
2023-09-14,2924.05,0.026075,5.61,0.15217811942959003,000015,上证红利,CNY,CN10Y
2023-09-15,2916.45,0.0264,5.56,0.15345611510791368,000015,上证红利,CNY,CN10Y
2023-09-18,2921.96,0.0265,5.56,0.1533561151079137,000015,上证红利,CNY,CN10Y
2023-09-19,2946.45,0.026625,5.62,0.15131094306049822,000015,上证红利,CNY,CN10Y
2023-09-20,2950.64,0.02665,5.65,0.15034115044247787,000015,上证红利,CNY,CN10Y
2023-09-21,2934.19,0.026576,5.63,0.15104389342806396,000015,上证红利,CNY,CN10Y
2023-09-22,2945.6,0.026776,5.67,0.1495908430335097,000015,上证红利,CNY,CN10Y
2023-09-25,2942.09,0.026976,5.67,0.1493908430335097,000015,上证红利,CNY,CN10Y
2023-09-26,2928.7,0.026951,5.64,0.1503539645390071,000015,上证红利,CNY,CN10Y
2023-09-27,2914.08,0.0268769999999999,5.59,0.15201387656529528,000015,上证红利,CNY,CN10Y
2023-09-28,2915.85,0.026751,5.62,0.15118494306049823,000015,上证红利,CNY,CN10Y
2023-10-07,,0.0266509999999999,5.62,0.15128494306049833,000015,上证红利,CNY,CN10Y
2023-10-08,,0.0266259999999999,5.62,0.15130994306049833,000015,上证红利,CNY,CN10Y
2023-10-09,2909.48,0.026702,5.61,0.15155111942959001,000015,上证红利,CNY,CN10Y
2023-10-10,2881.86,0.0268109999999999,5.58,0.1524004695340503,000015,上证红利,CNY,CN10Y
2023-10-11,2872.85,0.026976,5.58,0.15223546953405018,000015,上证红利,CNY,CN10Y
2023-10-12,2895.14,0.026911,5.66,0.149767445229682,000015,上证红利,CNY,CN10Y
2023-10-13,2896.74,0.026702,5.71,0.14842934851138354,000015,上证红利,CNY,CN10Y
2023-10-16,2906.61,0.026777,5.72,0.14804817482517485,000015,上证红利,CNY,CN10Y
2023-10-17,2907.55,0.026882,5.74,0.14733402787456445,000015,上证红利,CNY,CN10Y
2023-10-18,2886.01,0.027052,5.74,0.14716402787456445,000015,上证红利,CNY,CN10Y
2023-10-19,2839.42,0.0271769999999999,5.63,0.15044289342806405,000015,上证红利,CNY,CN10Y
2023-10-20,2820.06,0.027052,5.59,0.15183887656529518,000015,上证红利,CNY,CN10Y
2023-10-23,2788.64,0.0270469999999999,5.57,0.15248621364452433,000015,上证红利,CNY,CN10Y
2023-10-24,2809.06,0.0271769999999999,5.53,0.15365482640144676,000015,上证红利,CNY,CN10Y
2023-10-25,2828.57,0.027052,5.51,0.15443620326678767,000015,上证红利,CNY,CN10Y
2023-10-26,2844.04,0.027152,5.57,0.15238121364452423,000015,上证红利,CNY,CN10Y
2023-10-27,2852.98,0.0271329999999999,5.57,0.15240021364452433,000015,上证红利,CNY,CN10Y
2023-10-30,2812.52,0.027141,5.46,0.15600918315018314,000015,上证红利,CNY,CN10Y
2023-10-31,2822.9,0.026938,5.51,0.15455020326678767,000015,上证红利,CNY,CN10Y
2023-11-01,2819.42,0.026853,5.53,0.15397882640144667,000015,上证红利,CNY,CN10Y
2023-11-02,2826.72,0.026553,5.57,0.15298021364452424,000015,上证红利,CNY,CN10Y
2023-11-03,2809.73,0.026613,5.52,0.1545464202898551,000015,上证红利,CNY,CN10Y
2023-11-06,2795.69,0.026554,5.46,0.15659618315018314,000015,上证红利,CNY,CN10Y
2023-11-07,2797.85,0.026632,5.49,0.15551736247723133,000015,上证红利,CNY,CN10Y
2023-11-08,2798.0,0.0264639999999999,5.48,0.1560177518248176,000015,上证红利,CNY,CN10Y
2023-11-09,2820.63,0.026494,5.55,0.1536861801801802,000015,上证红利,CNY,CN10Y
2023-11-10,2814.09,0.026444,5.55,0.1537361801801802,000015,上证红利,CNY,CN10Y
2023-11-13,2819.5,0.026454,5.55,0.1537261801801802,000015,上证红利,CNY,CN10Y
2023-11-14,2809.36,0.026573,5.55,0.15360718018018021,000015,上证红利,CNY,CN10Y
2023-11-15,2821.59,0.026633,5.56,0.1532231151079137,000015,上证红利,CNY,CN10Y
2023-11-16,2822.23,0.026558,5.57,0.15297521364452424,000015,上证红利,CNY,CN10Y
2023-11-17,2812.7,0.026524,5.55,0.1536561801801802,000015,上证红利,CNY,CN10Y
2023-11-20,2817.38,0.026584,5.57,0.15294921364452424,000015,上证红利,CNY,CN10Y
2023-11-21,2829.94,0.026684,5.59,0.1522068765652952,000015,上证红利,CNY,CN10Y
2023-11-22,2823.68,0.026823,5.57,0.15271021364452425,000015,上证红利,CNY,CN10Y
2023-11-23,2846.41,0.027023,5.59,0.15186787656529518,000015,上证红利,CNY,CN10Y
2023-11-24,2848.21,0.0270529999999999,5.6,0.15151842857142866,000015,上证红利,CNY,CN10Y
2023-11-27,2839.87,0.027108,5.58,0.15210346953405018,000015,上证红利,CNY,CN10Y
2023-11-28,2837.7,0.026898,5.58,0.15231346953405017,000015,上证红利,CNY,CN10Y
2023-11-29,2822.55,0.026826,5.55,0.1533541801801802,000015,上证红利,CNY,CN10Y
2023-11-30,2833.0,0.02668,5.59,0.15221087656529517,000015,上证红利,CNY,CN10Y
2023-12-01,2844.4,0.026625,5.6,0.15194642857142857,000015,上证红利,CNY,CN10Y
2023-12-04,2848.07,0.026725,5.6,0.15184642857142858,000015,上证红利,CNY,CN10Y
2023-12-05,2811.72,0.02665,5.54,0.15385541516245488,000015,上证红利,CNY,CN10Y
2023-12-06,2810.47,0.026725,5.49,0.15542436247723132,000015,上证红利,CNY,CN10Y
2023-12-07,2813.96,0.02664,5.5,0.15517818181818183,000015,上证红利,CNY,CN10Y
2023-12-08,2819.98,0.026636,5.5,0.15518218181818183,000015,上证红利,CNY,CN10Y
2023-12-11,2863.79,0.02644,5.42,0.1580618450184502,000015,上证红利,CNY,CN10Y
2023-12-12,2877.29,0.026375,5.48,0.1561067518248175,000015,上证红利,CNY,CN10Y
2023-12-13,2854.7,0.026226,5.45,0.15726023853211007,000015,上证红利,CNY,CN10Y
2023-12-14,2857.96,0.026376,5.44,0.15744752941176468,000015,上证红利,CNY,CN10Y
2023-12-15,2838.08,0.026227,5.39,0.1593017569573284,000015,上证红利,CNY,CN10Y
2023-12-18,2836.87,0.026126,5.44,0.15769752941176468,000015,上证红利,CNY,CN10Y
2023-12-19,2831.57,0.026191,5.44,0.1576325294117647,000015,上证红利,CNY,CN10Y
2023-12-20,2824.95,0.026222,5.44,0.1576015294117647,000015,上证红利,CNY,CN10Y
2023-12-21,2813.05,0.025901,5.43,0.15826106261510128,000015,上证红利,CNY,CN10Y
2023-12-22,2803.99,0.0258769999999999,5.45,0.15760923853211017,000015,上证红利,CNY,CN10Y
2023-12-25,2807.28,0.025678,5.49,0.1564713624772313,000015,上证红利,CNY,CN10Y
2023-12-26,2787.09,0.025804,5.48,0.15667775182481752,000015,上证红利,CNY,CN10Y
2023-12-27,2802.32,0.025577,5.51,0.15591120326678767,000015,上证红利,CNY,CN10Y
2023-12-28,2782.74,0.0256939999999999,5.45,0.15779223853211016,000015,上证红利,CNY,CN10Y
2023-12-29,2797.82,0.025553,5.47,0.15726235648994516,000015,上证红利,CNY,CN10Y
2023-12-31,,0.025553,5.47,0.15726235648994516,000015,上证红利,CNY,CN10Y
2024-01-02,2838.87,0.025601,5.52,0.15555842028985511,000015,上证红利,CNY,CN10Y
2024-01-03,2877.62,0.025531,5.6,0.15304042857142858,000015,上证红利,CNY,CN10Y
2024-01-04,2901.07,0.0253679999999999,5.66,0.1513104452296821,000015,上证红利,CNY,CN10Y
2024-01-05,2909.14,0.025175,5.65,0.15181615044247787,000015,上证红利,CNY,CN10Y
2024-01-08,2883.24,0.025136,5.63,0.15248389342806395,000015,上证红利,CNY,CN10Y
2024-01-09,2899.86,0.024862,5.65,0.15212915044247788,000015,上证红利,CNY,CN10Y
2024-01-10,2883.68,0.024982,5.61,0.15327111942959,000015,上证红利,CNY,CN10Y
2024-01-11,2858.26,0.024992,5.53,0.15583982640144667,000015,上证红利,CNY,CN10Y
2024-01-12,2867.71,0.025172,5.58,0.15403946953405018,000015,上证红利,CNY,CN10Y
2024-01-15,2885.58,0.025212,5.62,0.15272394306049825,000015,上证红利,CNY,CN10Y
2024-01-16,2898.53,0.025252,5.65,0.15173915044247788,000015,上证红利,CNY,CN10Y
2024-01-17,2860.84,0.025077,5.59,0.1538138765652952,000015,上证红利,CNY,CN10Y
2024-01-18,2841.11,0.025092,5.58,0.15411946953405017,000015,上证红利,CNY,CN10Y
2024-01-19,2821.07,0.025027,5.56,0.1548291151079137,000015,上证红利,CNY,CN10Y
2024-01-22,2732.68,0.024922,5.52,0.1562374202898551,000015,上证红利,CNY,CN10Y
2024-01-23,2766.68,0.025042,5.54,0.15546341516245488,000015,上证红利,CNY,CN10Y
2024-01-24,2833.18,0.025042,5.67,0.15132484303350968,000015,上证红利,CNY,CN10Y
2024-01-25,2910.01,0.024984,5.78,0.14802638062283735,000015,上证红利,CNY,CN10Y
2024-01-26,2949.52,0.024994,5.87,0.14536375127768314,000015,上证红利,CNY,CN10Y
2024-01-29,2963.01,0.02494,5.93,0.14369406408094437,000015,上证红利,CNY,CN10Y
2024-01-30,2928.16,0.024557,5.89,0.14522228692699493,000015,上证红利,CNY,CN10Y
2024-01-31,2932.61,0.0243299999999999,5.94,0.14402016835016843,000015,上证红利,CNY,CN10Y
2024-02-01,2900.13,0.024354,5.88,0.14571402721088433,000015,上证红利,CNY,CN10Y
2024-02-02,2906.8,0.0242439999999999,5.93,0.14439006408094446,000015,上证红利,CNY,CN10Y
2024-02-04,,0.024053,5.93,0.14458106408094437,000015,上证红利,CNY,CN10Y
2024-02-05,2917.71,0.024002,6.05,0.14128725619834712,000015,上证红利,CNY,CN10Y
2024-02-06,2964.41,0.024525,6.09,0.13967861247947455,000015,上证红利,CNY,CN10Y
2024-02-07,3012.09,0.0241529999999999,6.05,0.14113625619834722,000015,上证红利,CNY,CN10Y
2024-02-08,3009.38,0.0243789999999999,5.99,0.1425659081803006,000015,上证红利,CNY,CN10Y
2024-02-09,,0.024302,5.99,0.1426429081803005,000015,上证红利,CNY,CN10Y
2024-02-18,,0.0243929999999999,5.99,0.1425519081803006,000015,上证红利,CNY,CN10Y
2024-02-19,3080.73,0.024344,6.19,0.1372068885298869,000015,上证红利,CNY,CN10Y
2024-02-20,3125.85,0.024134,6.26,0.1356104089456869,000015,上证红利,CNY,CN10Y
2024-02-21,3119.75,0.024119,6.29,0.1348635119236884,000015,上证红利,CNY,CN10Y
2024-02-22,3174.73,0.024033,6.37,0.13295287127158556,000015,上证红利,CNY,CN10Y
2024-02-23,3156.49,0.024009,6.38,0.13273081191222572,000015,上证红利,CNY,CN10Y
2024-02-26,3089.34,0.0237889999999999,6.22,0.13698270418006442,000015,上证红利,CNY,CN10Y
2024-02-27,3105.21,0.023809,6.22,0.13696270418006432,000015,上证红利,CNY,CN10Y
2024-02-28,3087.39,0.023376,6.22,0.1373957041800643,000015,上证红利,CNY,CN10Y
2024-02-29,3116.5,0.023375,6.24,0.13688141025641024,000015,上证红利,CNY,CN10Y
2024-03-01,3115.68,0.023675,6.25,0.136325,000015,上证红利,CNY,CN10Y
2024-03-04,3137.49,0.023475,6.28,0.1357606687898089,000015,上证红利,CNY,CN10Y
2024-03-05,3156.51,0.023169,6.39,0.1333255226917058,000015,上证红利,CNY,CN10Y
2024-03-06,3156.27,0.02265,6.33,0.1353278830963665,000015,上证红利,CNY,CN10Y
2024-03-07,3175.3,0.022776,6.37,0.13420987127158557,000015,上证红利,CNY,CN10Y
2024-03-08,3196.57,0.022825,6.37,0.13416087127158555,000015,上证红利,CNY,CN10Y
2024-03-11,3162.22,0.02305,6.3,0.1356801587301587,000015,上证红利,CNY,CN10Y
2024-03-12,3085.8,0.023476,6.12,0.13992269281045752,000015,上证红利,CNY,CN10Y
2024-03-13,3071.74,0.023326,6.1,0.1406084262295082,000015,上证红利,CNY,CN10Y
2024-03-14,3077.94,0.0234249999999999,6.13,0.13970713703099522,000015,上证红利,CNY,CN10Y
2024-03-15,3074.85,0.0232,6.12,0.14019869281045752,000015,上证红利,CNY,CN10Y
2024-03-18,3058.97,0.022926,6.09,0.14127761247947454,000015,上证红利,CNY,CN10Y
2024-03-19,3052.24,0.022801,6.06,0.14221550165016503,000015,上证红利,CNY,CN10Y
2024-03-20,3061.75,0.022951,6.11,0.1407151211129296,000015,上证红利,CNY,CN10Y
2024-03-21,3066.73,0.022851,6.13,0.1402811370309951,000015,上证红利,CNY,CN10Y
2024-03-22,3064.93,0.023051,6.15,0.13955062601626017,000015,上证红利,CNY,CN10Y
2024-03-25,3075.17,0.023151,6.19,0.1383998885298869,000015,上证红利,CNY,CN10Y
2024-03-26,3066.3,0.0231749999999999,6.2,0.13811532258064527,000015,上证红利,CNY,CN10Y
2024-03-27,3062.51,0.0228759999999999,6.24,0.13738041025641035,000015,上证红利,CNY,CN10Y
2024-03-28,3053.37,0.023026,6.14,0.13984044951140068,000015,上证红利,CNY,CN10Y
2024-03-29,3081.07,0.0229009999999999,6.21,0.1381295958132046,000015,上证红利,CNY,CN10Y
2024-04-01,3074.6,0.023082,6.21,0.1379485958132045,000015,上证红利,CNY,CN10Y
2024-04-02,3094.2,0.022927,6.26,0.1368174089456869,000015,上证红利,CNY,CN10Y
2024-04-03,3134.35,0.022837,6.29,0.1361455119236884,000015,上证红利,CNY,CN10Y
2024-04-07,,0.022937,6.29,0.1360455119236884,000015,上证红利,CNY,CN10Y
2024-04-08,3139.78,0.022822,6.34,0.13490670662460566,000015,上证红利,CNY,CN10Y
2024-04-09,3126.34,0.022802,6.28,0.13643366878980892,000015,上证红利,CNY,CN10Y
2024-04-10,3140.47,0.022972,6.31,0.1355066053882726,000015,上证红利,CNY,CN10Y
2024-04-11,3177.83,0.022928,6.31,0.1355506053882726,000015,上证红利,CNY,CN10Y
2024-04-12,3171.19,0.022837,6.3,0.13589315873015873,000015,上证红利,CNY,CN10Y
2024-04-15,3235.4,0.022798,6.45,0.1322407596899225,000015,上证红利,CNY,CN10Y
2024-04-16,3237.53,0.022723,6.5,0.13112315384615386,000015,上证红利,CNY,CN10Y
2024-04-17,3293.85,0.022608,6.56,0.1298310243902439,000015,上证红利,CNY,CN10Y
2024-04-18,3312.59,0.0225369999999999,6.59,0.12920806828528084,000015,上证红利,CNY,CN10Y
2024-04-19,3316.82,0.02254,6.62,0.1285174018126888,000015,上证红利,CNY,CN10Y
2024-04-22,3238.79,0.022435,6.5,0.13141115384615384,000015,上证红利,CNY,CN10Y
2024-04-23,3189.85,0.02226,6.47,0.13229950540958269,000015,上证红利,CNY,CN10Y
2024-04-24,3187.22,0.022727,6.45,0.13231175968992248,000015,上证红利,CNY,CN10Y
2024-04-25,3206.3,0.022612,6.49,0.13147120493066256,000015,上证红利,CNY,CN10Y
2024-04-26,3177.02,0.0230839999999999,6.4,0.1331660000000001,000015,上证红利,CNY,CN10Y
2024-04-28,,0.0232439999999999,6.4,0.1330060000000001,000015,上证红利,CNY,CN10Y
2024-04-29,3147.14,0.02353,6.34,0.13419870662460567,000015,上证红利,CNY,CN10Y
2024-04-30,3155.84,0.023028,6.38,0.13371181191222573,000015,上证红利,CNY,CN10Y
2024-05-06,3173.14,0.023081,6.7,0.12617273134328358,000015,上证红利,CNY,CN10Y
2024-05-07,3176.19,0.022896,6.73,0.1256924101040119,000015,上证红利,CNY,CN10Y
2024-05-08,3195.21,0.022955,6.8,0.12410382352941177,000015,上证红利,CNY,CN10Y
2024-05-09,3206.69,0.023186,6.76,0.12474299408284024,000015,上证红利,CNY,CN10Y
2024-05-10,3221.41,0.0231219999999999,6.78,0.12437062536873167,000015,上证红利,CNY,CN10Y
2024-05-11,,0.023361,6.78,0.12413162536873157,000015,上证红利,CNY,CN10Y
2024-05-13,3229.43,0.0229,6.79,0.12437540500736377,000015,上证红利,CNY,CN10Y
2024-05-14,3217.92,0.022938,6.73,0.1256504101040119,000015,上证红利,CNY,CN10Y
2024-05-15,3212.69,0.02302,6.73,0.12556841010401187,000015,上证红利,CNY,CN10Y
2024-05-16,3220.53,0.023147,6.75,0.12500114814814814,000015,上证红利,CNY,CN10Y
2024-05-17,3240.7,0.023077,6.8,0.12398182352941177,000015,上证红利,CNY,CN10Y
2024-05-20,3277.0,0.023105,6.83,0.12330788433382138,000015,上证红利,CNY,CN10Y
2024-05-21,3290.39,0.023141,6.89,0.12199688098693759,000015,上证红利,CNY,CN10Y
2024-05-22,3291.75,0.023123,6.91,0.12159480028943559,000015,上证红利,CNY,CN10Y
2024-05-23,3246.39,0.0230629999999999,6.87,0.12249740756914128,000015,上证红利,CNY,CN10Y
2024-05-24,3225.08,0.023134,6.83,0.12327888433382138,000015,上证红利,CNY,CN10Y
2024-05-27,3282.31,0.0230839999999999,6.92,0.12142467052023133,000015,上证红利,CNY,CN10Y
2024-05-28,3274.15,0.022994,6.94,0.12109821902017291,000015,上证红利,CNY,CN10Y
2024-05-29,3279.44,0.022776,6.92,0.12173267052023122,000015,上证红利,CNY,CN10Y
2024-05-30,3251.09,0.022826,6.86,0.12294659475218657,000015,上证红利,CNY,CN10Y
2024-05-31,3254.81,0.022926,6.86,0.12284659475218657,000015,上证红利,CNY,CN10Y
2024-06-03,3233.44,0.022853,6.86,0.12291959475218657,000015,上证红利,CNY,CN10Y
2024-06-04,3242.69,0.022854,6.85,0.12313140145985403,000015,上证红利,CNY,CN10Y
2024-06-05,3202.99,0.022808,6.84,0.12339083040935672,000015,上证红利,CNY,CN10Y
2024-06-06,3211.47,0.022828,6.87,0.12273240756914118,000015,上证红利,CNY,CN10Y
2024-06-07,3232.39,0.022833,6.87,0.12272740756914119,000015,上证红利,CNY,CN10Y
2024-06-11,3172.31,0.022791,6.74,0.12557695252225518,000015,上证红利,CNY,CN10Y
2024-06-12,3221.17,0.02276,6.77,0.12495048744460857,000015,上证红利,CNY,CN10Y
2024-06-13,3184.62,0.0226779999999999,6.76,0.12525099408284035,000015,上证红利,CNY,CN10Y
2024-06-14,3180.67,0.0225579999999999,6.78,0.12493462536873166,000015,上证红利,CNY,CN10Y
2024-06-17,3138.51,0.022609,6.69,0.12686783109118085,000015,上证红利,CNY,CN10Y
2024-06-18,3148.83,0.0225369999999999,6.71,0.12649429657228028,000015,上证红利,CNY,CN10Y
2024-06-19,3137.63,0.022429,6.75,0.12571914814814814,000015,上证红利,CNY,CN10Y
2024-06-20,3145.89,0.022445,6.8,0.12461382352941178,000015,上证红利,CNY,CN10Y
2024-06-21,3139.73,0.0225709999999999,6.76,0.12535799408284035,000015,上证红利,CNY,CN10Y
2024-06-24,3100.63,0.022451,6.77,0.12525948744460857,000015,上证红利,CNY,CN10Y
2024-06-25,3106.92,0.02235,6.79,0.12492540500736378,000015,上证红利,CNY,CN10Y
2024-06-26,3108.32,0.022225,6.81,0.12461787812041117,000015,上证红利,CNY,CN10Y
2024-06-27,3103.12,0.022081,6.86,0.12369159475218656,000015,上证红利,CNY,CN10Y
2024-06-28,3113.6,0.022058,6.9,0.12286953623188407,000015,上证红利,CNY,CN10Y
2024-07-01,3182.73,0.022486,7.02,0.11996414245014245,000015,上证红利,CNY,CN10Y
2024-07-02,3189.83,0.022369,7.12,0.1180804382022472,000015,上证红利,CNY,CN10Y
2024-07-03,3162.91,0.0224259999999999,7.06,0.11921705949008508,000015,上证红利,CNY,CN10Y
2024-07-04,3145.35,0.022502,7.1,0.11834307042253522,000015,上证红利,CNY,CN10Y
2024-07-05,3128.92,0.022754,6.99,0.12030751645207438,000015,上证红利,CNY,CN10Y
2024-07-08,3108.04,0.022904,6.99,0.12015751645207437,000015,上证红利,CNY,CN10Y
2024-07-09,3132.72,0.022698,7.03,0.11954951066856329,000015,上证红利,CNY,CN10Y
2024-07-10,3052.45,0.022707,6.96,0.12097116091954022,000015,上证红利,CNY,CN10Y
2024-07-11,3043.03,0.022648,6.91,0.12206980028943559,000015,上证红利,CNY,CN10Y
2024-07-12,3029.42,0.022604,6.97,0.12086802295552367,000015,上证红利,CNY,CN10Y
2024-07-15,3067.84,0.022541,7.11,0.11810597609001405,000015,上证红利,CNY,CN10Y
2024-07-16,3048.65,0.0226129999999999,7.02,0.11983714245014256,000015,上证红利,CNY,CN10Y
2024-07-17,3029.24,0.0225979999999999,6.97,0.12087402295552377,000015,上证红利,CNY,CN10Y
2024-07-18,3035.0,0.022673,6.99,0.12038851645207438,000015,上证红利,CNY,CN10Y
2024-07-19,3014.74,0.022614,6.97,0.12085802295552367,000015,上证红利,CNY,CN10Y
2024-07-22,2986.85,0.022461,6.9,0.12246653623188407,000015,上证红利,CNY,CN10Y
2024-07-23,2960.09,0.022322,6.96,0.12135616091954021,000015,上证红利,CNY,CN10Y
2024-07-24,2961.2,0.022381,7.01,0.12027235235378032,000015,上证红利,CNY,CN10Y
2024-07-25,2952.5,0.022168,6.96,0.12151016091954023,000015,上证红利,CNY,CN10Y
2024-07-26,2933.75,0.0219439999999999,6.86,0.12382859475218666,000015,上证红利,CNY,CN10Y
2024-07-29,2941.12,0.021574,6.94,0.12251821902017292,000015,上证红利,CNY,CN10Y
2024-07-30,2928.5,0.02148,6.9,0.12344753623188406,000015,上证红利,CNY,CN10Y
2024-07-31,2954.72,0.021494,6.83,0.12491888433382138,000015,上证红利,CNY,CN10Y
2024-08-01,2955.58,0.021297,6.85,0.12468840145985403,000015,上证红利,CNY,CN10Y
2024-08-02,2950.28,0.021277,6.85,0.12470840145985403,000015,上证红利,CNY,CN10Y
2024-08-05,2910.39,0.021376,6.79,0.12589940500736377,000015,上证红利,CNY,CN10Y
2024-08-06,2901.73,0.0214909999999999,6.73,0.127097410104012,000015,上证红利,CNY,CN10Y
2024-08-07,2910.7,0.021414,6.75,0.12673414814814815,000015,上证红利,CNY,CN10Y
2024-08-08,2923.62,0.02181,6.77,0.12590048744460858,000015,上证红利,CNY,CN10Y
2024-08-09,2910.06,0.021986,6.8,0.12507282352941176,000015,上证红利,CNY,CN10Y
2024-08-12,2931.44,0.022508,6.84,0.12369083040935672,000015,上证红利,CNY,CN10Y
2024-08-13,2935.01,0.0222549999999999,6.87,0.12330540756914128,000015,上证红利,CNY,CN10Y
2024-08-14,2925.74,0.021966,6.87,0.12359440756914118,000015,上证红利,CNY,CN10Y
2024-08-15,2954.1,0.02205,6.94,0.12204221902017291,000015,上证红利,CNY,CN10Y
2024-08-16,2957.76,0.021978,7.01,0.12067535235378032,000015,上证红利,CNY,CN10Y
2024-08-19,2987.48,0.021816,7.12,0.1186334382022472,000015,上证红利,CNY,CN10Y
2024-08-20,2949.11,0.0217099999999999,7.13,0.11854245441795241,000015,上证红利,CNY,CN10Y
2024-08-21,2924.93,0.02167,7.08,0.11957293785310735,000015,上证红利,CNY,CN10Y
2024-08-22,2924.15,0.021582,7.15,0.11827813986013984,000015,上证红利,CNY,CN10Y
2024-08-23,2923.46,0.021547,7.18,0.1177287660167131,000015,上证红利,CNY,CN10Y
2024-08-26,2909.18,0.0216279999999999,7.18,0.1176477660167132,000015,上证红利,CNY,CN10Y
2024-08-27,2916.11,0.021903,7.29,0.11527121124828532,000015,上证红利,CNY,CN10Y
2024-08-28,2901.76,0.021673,7.23,0.11663958644536651,000015,上证红利,CNY,CN10Y
2024-08-29,2844.06,0.021703,6.98,0.12156347564469913,000015,上证红利,CNY,CN10Y
2024-08-30,2846.02,0.0217039999999999,6.82,0.12492356598240477,000015,上证红利,CNY,CN10Y
2024-09-02,2870.6,0.021457,6.95,0.12242789208633093,000015,上证红利,CNY,CN10Y
2024-09-03,2842.04,0.021432,6.76,0.12649699408284024,000015,上证红利,CNY,CN10Y
2024-09-04,2845.77,0.021336,6.74,0.1270319525222552,000015,上证红利,CNY,CN10Y
2024-09-05,2845.07,0.021338,6.69,0.12813883109118085,000015,上证红利,CNY,CN10Y
2024-09-06,2817.65,0.0213879999999999,6.67,0.12853703748125947,000015,上证红利,CNY,CN10Y
2024-09-09,2770.71,0.021267,6.59,0.13047806828528072,000015,上证红利,CNY,CN10Y
2024-09-10,2775.72,0.021143,6.67,0.12878203748125938,000015,上证红利,CNY,CN10Y
2024-09-11,2711.69,0.021044,6.49,0.13303920493066254,000015,上证红利,CNY,CN10Y
2024-09-12,2722.67,0.020998,6.52,0.13237623312883437,000015,上证红利,CNY,CN10Y
2024-09-13,2710.84,0.020724,6.49,0.13335920493066256,000015,上证红利,CNY,CN10Y
2024-09-14,,0.020425,6.49,0.13365820493066255,000015,上证红利,CNY,CN10Y
2024-09-18,2746.76,0.0204029999999999,6.6,0.13111215151515163,000015,上证红利,CNY,CN10Y
2024-09-19,2740.02,0.02045,6.57,0.13175700152207,000015,上证红利,CNY,CN10Y
2024-09-20,2738.69,0.0204309999999999,6.62,0.13062640181268892,000015,上证红利,CNY,CN10Y
2024-09-23,2771.74,0.020381,6.71,0.12865029657228017,000015,上证红利,CNY,CN10Y
2024-09-24,2898.57,0.020728,7.01,0.12192535235378033,000015,上证红利,CNY,CN10Y
2024-09-25,2940.75,0.0204369999999999,7.08,0.12080593785310745,000015,上证红利,CNY,CN10Y
2024-09-26,3039.67,0.020787,7.25,0.11714403448275862,000015,上证红利,CNY,CN10Y
2024-09-27,3063.2,0.021714,7.1,0.11913107042253522,000015,上证红利,CNY,CN10Y
2024-09-29,,0.022534,7.1,0.11831107042253522,000015,上证红利,CNY,CN10Y
2024-09-30,3241.3,0.021518,7.37,0.11416721031207598,000015,上证红利,CNY,CN10Y
2024-10-08,3240.57,0.021928,7.33,0.1144976480218281,000015,上证红利,CNY,CN10Y
2024-10-09,3005.72,0.02176,7.02,0.12069014245014245,000015,上证红利,CNY,CN10Y
2024-10-10,3115.68,0.0214409999999999,7.3,0.1155453013698631,000015,上证红利,CNY,CN10Y
2024-10-11,3073.76,0.021392,7.26,0.11634904683195593,000015,上证红利,CNY,CN10Y
2024-10-12,,0.0214409999999999,7.26,0.11630004683195602,000015,上证红利,CNY,CN10Y
2024-10-14,3156.19,0.021368,7.45,0.11286018791946309,000015,上证红利,CNY,CN10Y
2024-10-15,3084.56,0.021254,7.26,0.11648704683195593,000015,上证红利,CNY,CN10Y
2024-10-16,3126.88,0.021331,7.36,0.1145385652173913,000015,上证红利,CNY,CN10Y
2024-10-17,3076.19,0.021084,7.28,0.11627863736263735,000015,上证红利,CNY,CN10Y
2024-10-18,3097.17,0.021209,7.31,0.11558990560875512,000015,上证红利,CNY,CN10Y
2024-10-21,3079.68,0.021211,7.19,0.11787105841446452,000015,上证红利,CNY,CN10Y
2024-10-22,3096.13,0.0214579999999999,7.21,0.11723825520110967,000015,上证红利,CNY,CN10Y
2024-10-23,3096.12,0.021559,7.2,0.1173298888888889,000015,上证红利,CNY,CN10Y
2024-10-24,3076.09,0.021661,7.19,0.11742105841446453,000015,上证红利,CNY,CN10Y
2024-10-25,3073.79,0.021539,7.15,0.11832113986013984,000015,上证红利,CNY,CN10Y
2024-10-28,3095.28,0.021617,7.12,0.1188324382022472,000015,上证红利,CNY,CN10Y
2024-10-29,3050.02,0.021598,7.09,0.11944572355430183,000015,上证红利,CNY,CN10Y
2024-10-30,3018.39,0.0215969999999999,7.01,0.12105635235378043,000015,上证红利,CNY,CN10Y
2024-10-31,2998.43,0.021476,7.0,0.12138114285714285,000015,上证红利,CNY,CN10Y
2024-11-01,3023.83,0.021406,7.17,0.11806401394700139,000015,上证红利,CNY,CN10Y
2024-11-04,3041.56,0.021275,7.17,0.1181950139470014,000015,上证红利,CNY,CN10Y
2024-11-05,3066.87,0.021106,7.21,0.11759025520110956,000015,上证红利,CNY,CN10Y
2024-11-06,3043.68,0.021234,7.15,0.11862613986013984,000015,上证红利,CNY,CN10Y
2024-11-07,3104.76,0.021115,7.24,0.11700654696132598,000015,上证红利,CNY,CN10Y
2024-11-08,3069.87,0.021067,7.17,0.1184030139470014,000015,上证红利,CNY,CN10Y
2024-11-11,3039.61,0.02092,7.07,0.12052271570014145,000015,上证红利,CNY,CN10Y
2024-11-12,3022.67,0.020729,7.02,0.12172114245014246,000015,上证红利,CNY,CN10Y
2024-11-13,3040.9,0.020876,7.06,0.12076705949008498,000015,上证红利,CNY,CN10Y
2024-11-14,3012.93,0.020808,7.08,0.12043493785310735,000015,上证红利,CNY,CN10Y
2024-11-15,3016.62,0.020948,7.09,0.12009572355430184,000015,上证红利,CNY,CN10Y
2024-11-18,3065.49,0.021117,7.24,0.11700454696132598,000015,上证红利,CNY,CN10Y
2024-11-19,3060.04,0.020947,7.2,0.1179418888888889,000015,上证红利,CNY,CN10Y
2024-11-20,3064.72,0.021025,7.2,0.11786388888888889,000015,上证红利,CNY,CN10Y
2024-11-21,3066.59,0.0208429999999999,7.2,0.11804588888888899,000015,上证红利,CNY,CN10Y
2024-11-22,2989.85,0.020832,7.07,0.12061071570014144,000015,上证红利,CNY,CN10Y
2024-11-25,2998.9,0.020682,7.1,0.12016307042253521,000015,上证红利,CNY,CN10Y
2024-11-26,3009.18,0.020657,7.18,0.1186187660167131,000015,上证红利,CNY,CN10Y
2024-11-27,3042.74,0.020553,7.25,0.11737803448275862,000015,上证红利,CNY,CN10Y
2024-11-28,3035.12,0.020304,7.24,0.11781754696132597,000015,上证红利,CNY,CN10Y
2024-11-29,3047.44,0.020206,7.21,0.11849025520110956,000015,上证红利,CNY,CN10Y
2024-12-02,3057.68,0.01981,7.19,0.11927205841446453,000015,上证红利,CNY,CN10Y
2024-12-03,3091.48,0.019886,7.3,0.117100301369863,000015,上证红利,CNY,CN10Y
2024-12-04,3112.83,0.019612,7.38,0.11588935501355015,000015,上证红利,CNY,CN10Y
2024-12-05,3106.34,0.019462,7.36,0.11640756521739129,000015,上证红利,CNY,CN10Y
2024-12-06,3149.27,0.019539,7.42,0.11523188948787061,000015,上证红利,CNY,CN10Y
2024-12-09,3153.93,0.019168,7.45,0.11506018791946308,000015,上证红利,CNY,CN10Y
2024-12-10,3150.84,0.018468,7.5,0.11486533333333333,000015,上证红利,CNY,CN10Y
2024-12-11,3160.3,0.018218,7.44,0.11619060215053763,000015,上证红利,CNY,CN10Y
2024-12-12,3168.82,0.018172,7.5,0.11516133333333334,000015,上证红利,CNY,CN10Y
2024-12-13,3126.87,0.017771,7.43,0.11681850201884254,000015,上证红利,CNY,CN10Y
2024-12-16,3168.99,0.017215,7.21,0.12148125520110956,000015,上证红利,CNY,CN10Y
2024-12-17,3162.71,0.017237,7.2,0.12165188888888889,000015,上证红利,CNY,CN10Y
2024-12-18,3184.52,0.017564,7.25,0.12036703448275862,000015,上证红利,CNY,CN10Y
2024-12-19,3150.55,0.017417,7.17,0.1220530139470014,000015,上证红利,CNY,CN10Y
2024-12-20,3123.95,0.017018,7.14,0.12303802240896358,000015,上证红利,CNY,CN10Y
2024-12-23,3136.27,0.017019,7.27,0.12053258184319121,000015,上证红利,CNY,CN10Y
2024-12-24,3171.65,0.017166,7.35,0.1188884217687075,000015,上证红利,CNY,CN10Y
2024-12-25,3188.0,0.017365,7.46,0.11668325737265417,000015,上证红利,CNY,CN10Y
2024-12-26,3171.71,0.017122,7.42,0.11764888948787061,000015,上证红利,CNY,CN10Y
2024-12-27,3173.96,0.016929,7.42,0.11784188948787061,000015,上证红利,CNY,CN10Y
2024-12-30,3218.54,0.017128,7.5,0.11620533333333333,000015,上证红利,CNY,CN10Y
2024-12-31,3202.17,0.016752,7.47,0.11711680856760374,000015,上证红利,CNY,CN10Y
2025-01-02,3130.01,0.0160769999999999,7.3,0.12090930136986311,000015,上证红利,CNY,CN10Y
2025-01-03,3105.44,0.016041,7.25,0.12189003448275862,000015,上证红利,CNY,CN10Y
2025-01-06,3105.09,0.015966,7.27,0.12158558184319121,000015,上证红利,CNY,CN10Y
2025-01-07,3091.33,0.016093,7.27,0.12145858184319122,000015,上证红利,CNY,CN10Y
2025-01-08,3088.54,0.016069,7.29,0.12110521124828533,000015,上证红利,CNY,CN10Y
2025-01-09,3039.63,0.016368,7.19,0.12271405841446453,000015,上证红利,CNY,CN10Y
2025-01-10,3003.38,0.016338,7.14,0.1237180224089636,000015,上证红利,CNY,CN10Y
2025-01-13,2983.59,0.016592,7.05,0.1252519716312057,000015,上证红利,CNY,CN10Y
2025-01-14,3033.4,0.016446,7.12,0.1240034382022472,000015,上证红利,CNY,CN10Y
2025-01-15,3037.23,0.01633,7.14,0.12372602240896359,000015,上证红利,CNY,CN10Y
2025-01-16,3066.16,0.016394,7.19,0.12268805841446453,000015,上证红利,CNY,CN10Y
2025-01-17,3050.53,0.016593,7.13,0.12365945441795231,000015,上证红利,CNY,CN10Y
2025-01-20,3036.33,0.016747,7.09,0.12429672355430184,000015,上证红利,CNY,CN10Y
2025-01-21,3020.22,0.016496,7.06,0.12514705949008498,000015,上证红利,CNY,CN10Y
2025-01-22,2996.78,0.016602,6.96,0.12707616091954022,000015,上证红利,CNY,CN10Y
2025-01-23,3034.96,0.016645,7.1,0.12420007042253522,000015,上证红利,CNY,CN10Y
2025-01-24,3051.06,0.016565,7.11,0.12408197609001406,000015,上证红利,CNY,CN10Y
2025-01-26,,0.016537,7.11,0.12410997609001406,000015,上证红利,CNY,CN10Y
2025-01-27,3090.19,0.0162989999999999,7.24,0.12182254696132608,000015,上证红利,CNY,CN10Y
2025-02-05,3027.13,0.016207,7.09,0.12483672355430184,000015,上证红利,CNY,CN10Y
2025-02-06,3024.36,0.015958,7.09,0.12508572355430184,000015,上证红利,CNY,CN10Y
2025-02-07,3039.42,0.016032,7.09,0.12501172355430185,000015,上证红利,CNY,CN10Y
2025-02-08,,0.016057,7.09,0.12498672355430183,000015,上证红利,CNY,CN10Y
2025-02-10,3029.71,0.016342,7.08,0.12490093785310735,000015,上证红利,CNY,CN10Y
2025-02-11,3048.48,0.016274,7.16,0.12339080446927374,000015,上证红利,CNY,CN10Y
2025-02-12,3048.55,0.016336,7.19,0.12274605841446452,000015,上证红利,CNY,CN10Y
2025-02-13,3048.4,0.016346,7.21,0.12235025520110956,000015,上证红利,CNY,CN10Y
2025-02-14,3055.22,0.016546,7.24,0.12157554696132597,000015,上证红利,CNY,CN10Y
2025-02-17,3043.26,0.016934,7.23,0.1213785864453665,000015,上证红利,CNY,CN10Y
2025-02-18,3037.29,0.017006,7.28,0.12035663736263735,000015,上证红利,CNY,CN10Y
2025-02-19,3023.27,0.016626,7.24,0.12149554696132597,000015,上证红利,CNY,CN10Y
2025-02-20,3011.8,0.01685,7.24,0.12127154696132597,000015,上证红利,CNY,CN10Y
2025-02-21,2988.66,0.0172,7.14,0.1228560224089636,000015,上证红利,CNY,CN10Y
2025-02-24,2980.88,0.017625,7.1,0.12322007042253522,000015,上证红利,CNY,CN10Y
2025-02-25,2963.46,0.017275,7.05,0.12456897163120569,000015,上证红利,CNY,CN10Y
2025-02-26,2989.43,0.017251,7.08,0.12399193785310735,000015,上证红利,CNY,CN10Y
2025-02-27,3015.0,0.017576,7.14,0.12248002240896358,000015,上证红利,CNY,CN10Y
2025-02-28,2995.32,0.017152,7.1,0.12369307042253522,000015,上证红利,CNY,CN10Y
2025-03-03,2986.71,0.016955,7.09,0.12408872355430184,000015,上证红利,CNY,CN10Y
2025-03-04,2982.06,0.017079,7.05,0.12476497163120569,000015,上证红利,CNY,CN10Y
2025-03-05,2992.39,0.017083,7.14,0.12297302240896359,000015,上证红利,CNY,CN10Y
2025-03-06,2986.48,0.017455,7.1,0.12339007042253522,000015,上证红利,CNY,CN10Y
2025-03-07,2984.37,0.018002,7.09,0.12304172355430183,000015,上证红利,CNY,CN10Y
2025-03-10,2991.0,0.018128,7.06,0.12351505949008498,000015,上证红利,CNY,CN10Y
2025-03-11,3014.7,0.0188529999999999,7.1,0.12199207042253532,000015,上证红利,CNY,CN10Y
2025-03-12,3006.46,0.018334,7.05,0.12350997163120568,000015,上证红利,CNY,CN10Y
2025-03-13,3036.84,0.018565,7.11,0.12208197609001406,000015,上证红利,CNY,CN10Y
2025-03-14,3058.09,0.018317,7.14,0.12173902240896359,000015,上证红利,CNY,CN10Y
2025-03-17,3063.49,0.0189569999999999,7.18,0.1203187660167132,000015,上证红利,CNY,CN10Y
2025-03-18,3052.9,0.018885,7.16,0.12077980446927374,000015,上证红利,CNY,CN10Y
2025-03-19,3057.1,0.018708,7.22,0.11979615512465375,000015,上证红利,CNY,CN10Y
2025-03-20,3052.36,0.018309,7.2,0.1205798888888889,000015,上证红利,CNY,CN10Y
2025-03-21,3042.21,0.018458,7.14,0.12159802240896359,000015,上证红利,CNY,CN10Y
2025-03-24,3065.15,0.018413,7.19,0.12066905841446453,000015,上证红利,CNY,CN10Y
2025-03-25,3090.56,0.018183,7.25,0.11974803448275861,000015,上证红利,CNY,CN10Y
2025-03-26,3087.4,0.017943,7.23,0.12036958644536651,000015,上证红利,CNY,CN10Y
2025-03-27,3087.7,0.018062,7.25,0.11986903448275862,000015,上证红利,CNY,CN10Y
2025-03-28,3067.51,0.018126,7.22,0.12037815512465375,000015,上证红利,CNY,CN10Y
2025-03-31,3061.06,0.018129,7.26,0.11961204683195592,000015,上证红利,CNY,CN10Y
2025-04-01,3086.06,0.018104,7.23,0.12020858644536651,000015,上证红利,CNY,CN10Y
2025-04-02,3101.51,0.017887,7.28,0.11947563736263735,000015,上证红利,CNY,CN10Y
2025-04-03,3107.18,0.01718,7.32,0.11943202185792348,000015,上证红利,CNY,CN10Y
2025-04-07,2911.84,0.016318,7.01,0.12633535235378032,000015,上证红利,CNY,CN10Y
2025-04-08,2995.13,0.016633,7.16,0.12303180446927374,000015,上证红利,CNY,CN10Y
2025-04-09,3002.13,0.016508,7.13,0.12374445441795232,000015,上证红利,CNY,CN10Y
2025-04-10,3028.36,0.016444,7.12,0.1240054382022472,000015,上证红利,CNY,CN10Y
2025-04-11,3008.39,0.016568,7.13,0.12368445441795231,000015,上证红利,CNY,CN10Y
2025-04-14,3042.6,0.016584,7.2,0.1223048888888889,000015,上证红利,CNY,CN10Y
2025-04-15,3056.22,0.016583,7.3,0.120403301369863,000015,上证红利,CNY,CN10Y
2025-04-16,3076.16,0.01643,7.39,0.11888799729364005,000015,上证红利,CNY,CN10Y
2025-04-17,3067.41,0.016522,7.39,0.11879599729364006,000015,上证红利,CNY,CN10Y
2025-04-18,3064.45,0.016493,7.42,0.1182778894878706,000015,上证红利,CNY,CN10Y
2025-04-21,3055.56,0.016664,7.35,0.1193904217687075,000015,上证红利,CNY,CN10Y
2025-04-22,3065.82,0.016509,7.43,0.11808050201884254,000015,上证红利,CNY,CN10Y
2025-04-23,3047.43,0.016611,7.39,0.11870699729364005,000015,上证红利,CNY,CN10Y
2025-04-24,3065.05,0.01664,7.49,0.11687134846461948,000015,上证红利,CNY,CN10Y
2025-04-25,3058.88,0.016606,7.44,0.11780260215053763,000015,上证红利,CNY,CN10Y
2025-04-27,,0.016607,7.44,0.11780160215053763,000015,上证红利,CNY,CN10Y
2025-04-28,3059.51,0.016483,7.49,0.11702834846461949,000015,上证红利,CNY,CN10Y
2025-04-29,3047.8,0.016241,7.47,0.11762780856760374,000015,上证红利,CNY,CN10Y
2025-04-30,3021.29,0.016243,7.31,0.12055590560875512,000015,上证红利,CNY,CN10Y
2025-05-06,3018.49,0.016298,7.22,0.12220615512465374,000015,上证红利,CNY,CN10Y
2025-05-07,3039.53,0.016418,7.33,0.1200076480218281,000015,上证红利,CNY,CN10Y
2025-05-08,3033.75,0.016331,7.33,0.12009464802182811,000015,上证红利,CNY,CN10Y
2025-05-09,3052.2,0.016351,7.4,0.11878413513513511,000015,上证红利,CNY,CN10Y
2025-05-12,3063.27,0.01688,7.4,0.11825513513513511,000015,上证红利,CNY,CN10Y
2025-05-13,3087.08,0.016704,7.49,0.11680734846461949,000015,上证红利,CNY,CN10Y
2025-05-14,3113.74,0.016736,7.54,0.11588999469496022,000015,上证红利,CNY,CN10Y
2025-05-15,3101.72,0.016798,7.54,0.11582799469496022,000015,上证红利,CNY,CN10Y
2025-05-16,3082.01,0.016793,7.46,0.11725525737265416,000015,上证红利,CNY,CN10Y
2025-05-19,3093.04,0.016893,7.45,0.1173351879194631,000015,上证红利,CNY,CN10Y
2025-05-20,3097.97,0.017004,7.45,0.1172241879194631,000015,上证红利,CNY,CN10Y
2025-05-21,3126.66,0.0171,7.5,0.11623333333333333,000015,上证红利,CNY,CN10Y
2025-05-22,3130.2,0.017186,7.54,0.11543999469496022,000015,上证红利,CNY,CN10Y
2025-05-23,3094.26,0.017208,7.46,0.11684025737265416,000015,上证红利,CNY,CN10Y
2025-05-26,3077.65,0.017201,7.41,0.1177517665317139,000015,上证红利,CNY,CN10Y
2025-05-27,3066.29,0.017261,7.43,0.11732850201884254,000015,上证红利,CNY,CN10Y
2025-05-28,3074.85,0.016832,7.43,0.11775750201884254,000015,上证红利,CNY,CN10Y
2025-05-29,3077.54,0.016877,7.42,0.1178938894878706,000015,上证红利,CNY,CN10Y
2025-05-30,3082.45,0.016712,7.45,0.11751618791946308,000015,上证红利,CNY,CN10Y
2025-06-03,3101.8,0.0167639999999999,7.5,0.11656933333333343,000015,上证红利,CNY,CN10Y
2025-06-04,3105.67,0.016704,7.5,0.11662933333333333,000015,上证红利,CNY,CN10Y
2025-06-05,3084.44,0.016741,7.47,0.11712780856760374,000015,上证红利,CNY,CN10Y
2025-06-06,3084.89,0.016547,7.49,0.11696434846461948,000015,上证红利,CNY,CN10Y
2025-06-09,3086.49,0.016559,7.49,0.11695234846461948,000015,上证红利,CNY,CN10Y
2025-06-10,3089.16,0.016569,7.51,0.11658679227696406,000015,上证红利,CNY,CN10Y
2025-06-11,3096.73,0.01642,7.53,0.11638212483399733,000015,上证红利,CNY,CN10Y
2025-06-12,3093.55,0.016475,7.52,0.11650372340425531,000015,上证红利,CNY,CN10Y
2025-06-13,3068.9,0.01644,7.48,0.1172498395721925,000015,上证红利,CNY,CN10Y
2025-06-16,3077.66,0.016432,7.52,0.11654672340425531,000015,上证红利,CNY,CN10Y
2025-06-17,3079.42,0.016364,7.54,0.11626199469496022,000015,上证红利,CNY,CN10Y
2025-06-18,3080.01,0.016384,7.59,0.11536830566534916,000015,上证红利,CNY,CN10Y
2025-06-19,3066.5,0.016425,7.61,0.1149810446780552,000015,上证红利,CNY,CN10Y
2025-06-20,3076.17,0.016396,7.64,0.11449405235602095,000015,上证红利,CNY,CN10Y
2025-06-23,3083.85,0.016418,7.74,0.11278096640826872,000015,上证红利,CNY,CN10Y
2025-06-24,3088.45,0.0164799999999999,7.76,0.11238597938144342,000015,上证红利,CNY,CN10Y
2025-06-25,3091.87,0.016544,7.79,0.11182570474967907,000015,上证红利,CNY,CN10Y
2025-06-26,3094.07,0.016462,7.83,0.1112519208173691,000015,上证红利,CNY,CN10Y
2025-06-27,3060.43,0.016462,7.64,0.11442805235602094,000015,上证红利,CNY,CN10Y
2025-06-30,3058.11,0.016469,7.66,0.11407930287206265,000015,上证红利,CNY,CN10Y
2025-07-01,3083.64,0.016433,7.73,0.11293310608020699,000015,上证红利,CNY,CN10Y
2025-07-02,3107.75,0.016396,7.78,0.11213870437017995,000015,上证红利,CNY,CN10Y
2025-07-03,3103.75,0.016407,7.74,0.11279196640826872,000015,上证红利,CNY,CN10Y
2025-07-04,3124.21,0.016433,7.86,0.1107934631043257,000015,上证红利,CNY,CN10Y
2025-07-07,3132.94,0.016406,7.84,0.11114502040816326,000015,上证红利,CNY,CN10Y
2025-07-08,3126.99,0.016444,7.84,0.11110702040816327,000015,上证红利,CNY,CN10Y
2025-07-09,3138.04,0.016446,7.89,0.1102967122940431,000015,上证红利,CNY,CN10Y
2025-07-10,3154.42,0.016616,7.97,0.10885451442910918,000015,上证红利,CNY,CN10Y
2025-07-11,3131.44,0.016653,7.88,0.11025055329949238,000015,上证红利,CNY,CN10Y
2025-07-14,3151.14,0.016726,7.91,0.10969625031605561,000015,上证红利,CNY,CN10Y
2025-07-15,3115.04,0.016557,7.85,0.11083153503184713,000015,上证红利,CNY,CN10Y
2025-07-16,3101.6,0.016617,7.83,0.1110969208173691,000015,上证红利,CNY,CN10Y
2025-07-17,3090.8,0.01663,7.76,0.11223597938144331,000015,上证红利,CNY,CN10Y
2025-07-18,3099.53,0.016652,7.81,0.11138897311139564,000015,上证红利,CNY,CN10Y
2025-07-21,3122.65,0.016774,7.79,0.11159570474967907,000015,上证红利,CNY,CN10Y
2025-07-22,3172.81,0.016907,7.79,0.11146270474967906,000015,上证红利,CNY,CN10Y
2025-07-23,3172.21,0.017041,7.83,0.1106729208173691,000015,上证红利,CNY,CN10Y
2025-07-24,3180.32,0.017376,7.76,0.11148997938144331,000015,上证红利,CNY,CN10Y
2025-07-25,3165.37,0.017324,7.71,0.11237768612191959,000015,上证红利,CNY,CN10Y
2025-07-28,3125.5,0.0171459999999999,7.68,0.11306233333333345,000015,上证红利,CNY,CN10Y
2025-07-29,3120.11,0.017466,7.64,0.11342405235602095,000015,上证红利,CNY,CN10Y
2025-07-30,3134.03,0.01718,7.71,0.1125216861219196,000015,上证红利,CNY,CN10Y
2025-07-31,3083.19,0.017044,7.7,0.11282612987012985,000015,上证红利,CNY,CN10Y
2025-08-01,3080.92,0.017059,7.69,0.11298001170351103,000015,上证红利,CNY,CN10Y
2025-08-04,3097.01,0.017083,7.74,0.11211596640826872,000015,上证红利,CNY,CN10Y
2025-08-05,3128.65,0.017061,7.84,0.11049002040816328,000015,上证红利,CNY,CN10Y
2025-08-06,3139.5,0.016999,7.86,0.1102274631043257,000015,上证红利,CNY,CN10Y
2025-08-07,3148.9,0.016894,7.93,0.1092094047919294,000015,上证红利,CNY,CN10Y
2025-08-08,3149.59,0.016891,7.91,0.10953125031605561,000015,上证红利,CNY,CN10Y
2025-08-11,3130.52,0.017203,7.85,0.11018553503184714,000015,上证红利,CNY,CN10Y
2025-08-12,3149.81,0.017271,7.92,0.10899162626262626,000015,上证红利,CNY,CN10Y
2025-08-13,3125.62,0.017262,7.84,0.11028902040816327,000015,上证红利,CNY,CN10Y
2025-08-14,3101.83,0.017341,7.86,0.1098854631043257,000015,上证红利,CNY,CN10Y
2025-08-15,3096.59,0.0174649999999999,7.76,0.11140097938144342,000015,上证红利,CNY,CN10Y
2025-08-18,3092.75,0.017872,7.79,0.11049770474967907,000015,上证红利,CNY,CN10Y
2025-08-19,3090.85,0.017725,7.82,0.11015223785166241,000015,上证红利,CNY,CN10Y
2025-08-20,3113.51,0.01782,7.88,0.10908355329949238,000015,上证红利,CNY,CN10Y
2025-08-21,3129.24,0.017667,7.95,0.10811916352201258,000015,上证红利,CNY,CN10Y
2025-08-22,3124.59,0.017818,7.96,0.10781014070351758,000015,上证红利,CNY,CN10Y
2025-08-25,3145.92,0.017643,7.97,0.10782751442910918,000015,上证红利,CNY,CN10Y
2025-08-26,3136.84,0.017598,7.94,0.10834658438287154,000015,上证红利,CNY,CN10Y
2025-08-27,3078.35,0.017988,7.79,0.11038170474967907,000015,上证红利,CNY,CN10Y
2025-08-28,3081.81,0.018478,7.76,0.11038797938144332,000015,上证红利,CNY,CN10Y
2025-08-29,3060.59,0.018379,7.73,0.11098710608020698,000015,上证红利,CNY,CN10Y
2025-09-01,3045.8,0.018257,8.08,0.10550537623762377,000015,上证红利,CNY,CN10Y
2025-09-02,3061.67,0.018167,8.22,0.103487501216545,000015,上证红利,CNY,CN10Y
2025-09-03,3030.88,0.017984,8.13,0.10501723001230011,000015,上证红利,CNY,CN10Y
2025-09-04,3047.67,0.01806,8.28,0.1027129468599034,000015,上证红利,CNY,CN10Y
2025-09-05,3039.45,0.01826,8.16,0.10428901960784313,000015,上证红利,CNY,CN10Y
2025-09-08,3043.87,0.018514,8.12,0.10463870935960592,000015,上证红利,CNY,CN10Y
2025-09-09,3047.94,0.018641,8.15,0.10405838650306748,000015,上证红利,CNY,CN10Y
2025-09-10,3042.66,0.018992,8.15,0.10370738650306749,000015,上证红利,CNY,CN10Y
2025-09-11,3050.7,0.018743,8.17,0.10365602080783354,000015,上证红利,CNY,CN10Y
2025-09-12,3030.91,0.01867,8.11,0.10463456226880397,000015,上证红利,CNY,CN10Y
2025-09-15,3018.2,0.018724,8.06,0.10534547890818857,000015,上证红利,CNY,CN10Y
2025-09-16,3010.16,0.018527,8.0,0.106473,000015,上证红利,CNY,CN10Y
2025-09-17,3020.55,0.018349,8.0,0.106651,000015,上证红利,CNY,CN10Y
2025-09-18,2966.48,0.018546,7.83,0.10916792081736909,000015,上证红利,CNY,CN10Y
2025-09-19,2987.03,0.018789,7.8,0.10941612820512822,000015,上证红利,CNY,CN10Y
2025-09-22,2962.03,0.018647,7.71,0.1110546861219196,000015,上证红利,CNY,CN10Y
2025-09-23,2983.04,0.01877,7.85,0.10861853503184714,000015,上证红利,CNY,CN10Y
2025-09-24,2986.45,0.0190219999999999,7.83,0.1086919208173692,000015,上证红利,CNY,CN10Y
2025-09-25,2967.07,0.01884,7.79,0.10952970474967907,000015,上证红利,CNY,CN10Y
2025-09-26,2969.73,0.018768,7.81,0.10927297311139564,000015,上证红利,CNY,CN10Y
2025-09-28,,0.018781,7.81,0.10925997311139565,000015,上证红利,CNY,CN10Y
2025-09-29,2960.96,0.01887,7.76,0.10999597938144332,000015,上证红利,CNY,CN10Y
2025-09-30,2952.83,0.018605,7.74,0.11059396640826873,000015,上证红利,CNY,CN10Y
2025-10-09,2971.88,0.018466,7.79,0.10990370474967907,000015,上证红利,CNY,CN10Y
2025-10-10,3005.76,0.01846,7.84,0.10909102040816326,000015,上证红利,CNY,CN10Y
2025-10-11,,0.018206,7.84,0.10934502040816327,000015,上证红利,CNY,CN10Y
2025-10-13,3006.48,0.018383,7.86,0.1088434631043257,000015,上证红利,CNY,CN10Y
2025-10-14,3070.46,0.018368,8.06,0.10570147890818858,000015,上证红利,CNY,CN10Y
2025-10-15,3073.75,0.018449,8.1,0.10500779012345679,000015,上证红利,CNY,CN10Y
2025-10-16,3105.37,0.018407,8.26,0.10265837530266345,000015,上证红利,CNY,CN10Y
2025-10-17,3094.74,0.018246,8.27,0.10267298428053205,000015,上证红利,CNY,CN10Y
2025-10-20,3118.07,0.018498,8.32,0.10169430769230768,000015,上证红利,CNY,CN10Y
2025-10-21,3111.68,0.018357,8.35,0.10140347904191617,000015,上证红利,CNY,CN10Y
2025-10-22,3116.25,0.018293,8.47,0.09977075442739078,000015,上证红利,CNY,CN10Y
2025-10-23,3141.51,0.018391,8.49,0.0993946301531213,000015,上证红利,CNY,CN10Y
2025-10-24,3116.77,0.018486,8.48,0.09943852830188678,000015,上证红利,CNY,CN10Y
2025-10-27,3128.61,0.018423,8.57,0.09826311435239207,000015,上证红利,CNY,CN10Y
2025-10-28,3123.65,0.018179,8.6,0.09810006976744186,000015,上证红利,CNY,CN10Y
2025-10-29,3108.07,0.018208,8.48,0.09971652830188678,000015,上证红利,CNY,CN10Y
2025-10-30,3103.71,0.018098,8.49,0.0996876301531213,000015,上证红利,CNY,CN10Y
2025-10-31,3096.86,0.017954,8.44,0.10052941232227489,000015,上证红利,CNY,CN10Y
2025-11-03,3141.02,0.017944,8.56,0.09887842990654205,000015,上证红利,CNY,CN10Y
2025-11-04,3167.21,0.017984,8.69,0.09709079861910243,000015,上证红利,CNY,CN10Y
2025-11-05,3176.57,0.017964,8.69,0.09711079861910243,000015,上证红利,CNY,CN10Y
2025-11-06,3183.01,0.0181,8.68,0.0971073732718894,000015,上证红利,CNY,CN10Y
2025-11-07,3185.05,0.018142,8.65,0.09746493641618498,000015,上证红利,CNY,CN10Y
2025-11-10,3209.3,0.018139,8.7,0.0968035287356322,000015,上证红利,CNY,CN10Y
2025-11-11,3200.85,0.018119,8.74,0.09629747597254004,000015,上证红利,CNY,CN10Y
2025-11-12,3209.36,0.018071,8.84,0.09505117194570135,000015,上证红利,CNY,CN10Y
2025-11-13,3216.28,0.018126,8.83,0.09512428312570781,000015,上证红利,CNY,CN10Y
2025-11-14,3197.58,0.01814,8.83,0.09511028312570781,000015,上证红利,CNY,CN10Y
2025-11-17,3185.68,0.018109,8.75,0.09617671428571428,000015,上证红利,CNY,CN10Y
2025-11-18,3140.63,0.018121,8.7,0.0968215287356322,000015,上证红利,CNY,CN10Y
2025-11-19,3155.22,0.018179,8.8,0.09545736363636363,000015,上证红利,CNY,CN10Y
2025-11-20,3151.77,0.018135,8.84,0.09498717194570136,000015,上证红利,CNY,CN10Y
2025-11-21,3103.74,0.018166,8.78,0.09572921640091117,000015,上证红利,CNY,CN10Y
2025-11-24,3078.99,0.01821,8.69,0.09686479861910242,000015,上证红利,CNY,CN10Y
2025-11-25,3093.55,0.018301,8.77,0.09572408551881414,000015,上证红利,CNY,CN10Y
2025-11-26,3077.6,0.018462,8.66,0.09701144110854504,000015,上证红利,CNY,CN10Y
2025-11-27,3083.0,0.0185369999999999,8.72,0.0961418990825689,000015,上证红利,CNY,CN10Y
2025-11-28,3083.87,0.0184119999999999,8.66,0.09706144110854513,000015,上证红利,CNY,CN10Y
2025-12-01,3098.89,0.018366,8.67,0.09697425374855825,000015,上证红利,CNY,CN10Y
2025-12-02,3103.35,0.018442,8.69,0.09663279861910243,000015,上证红利,CNY,CN10Y
2025-12-03,3095.46,0.018519,8.63,0.09735585515643105,000015,上证红利,CNY,CN10Y
2025-12-04,3082.61,0.018718,8.58,0.09783211655011655,000015,上证红利,CNY,CN10Y
2025-12-05,3079.62,0.01848,8.52,0.09889089201877935,000015,上证红利,CNY,CN10Y
2025-12-08,3062.84,0.018499,8.51,0.09900981316098707,000015,上证红利,CNY,CN10Y
2025-12-09,3039.2,0.018425,8.56,0.09839742990654206,000015,上证红利,CNY,CN10Y
2025-12-10,3027.93,0.018447,8.43,0.10017696204033215,000015,上证红利,CNY,CN10Y
2025-12-11,3006.03,0.018404,8.45,0.0999391952662722,000015,上证红利,CNY,CN10Y
2025-12-12,2998.52,0.018396,8.37,0.10107831302270014,000015,上证红利,CNY,CN10Y
2025-12-15,3020.97,0.018488,8.47,0.09957575442739078,000015,上证红利,CNY,CN10Y
2025-12-16,2994.39,0.018458,8.43,0.10016596204033215,000015,上证红利,CNY,CN10Y
2025-12-17,2998.61,0.01834,8.46,0.09986330969267139,000015,上证红利,CNY,CN10Y
2025-12-18,3033.87,0.0183559999999999,8.63,0.09751885515643115,000015,上证红利,CNY,CN10Y
2025-12-19,3028.69,0.018308,8.57,0.09837811435239206,000015,上证红利,CNY,CN10Y
2025-12-22,3015.17,0.018415,8.58,0.09813511655011654,000015,上证红利,CNY,CN10Y
2025-12-23,3019.22,0.018352,8.63,0.09752285515643105,000015,上证红利,CNY,CN10Y
2025-12-24,3021.63,0.0183559999999999,8.6,0.09792306976744196,000015,上证红利,CNY,CN10Y
2025-12-25,3029.18,0.018386,8.57,0.09830011435239207,000015,上证红利,CNY,CN10Y
2025-12-26,3040.81,0.018376,8.54,0.098720018735363,000015,上证红利,CNY,CN10Y
2025-12-29,3045.34,0.018584,8.65,0.09702293641618497,000015,上证红利,CNY,CN10Y
2025-12-30,3043.15,0.018582,8.66,0.09689144110854503,000015,上证红利,CNY,CN10Y
2025-12-31,3037.62,0.018473,8.72,0.0962058990825688,000015,上证红利,CNY,CN10Y
2026-01-04,,0.018427,8.72,0.0962518990825688,000015,上证红利,CNY,CN10Y
2026-01-05,3036.4,0.018584,8.62,0.0974252807424594,000015,上证红利,CNY,CN10Y
2026-01-06,3071.85,0.018829,8.65,0.09677793641618497,000015,上证红利,CNY,CN10Y
2026-01-07,3085.83,0.0190189999999999,8.57,0.09766711435239217,000015,上证红利,CNY,CN10Y
2026-01-08,3079.52,0.018905,8.52,0.09846589201877934,000015,上证红利,CNY,CN10Y
2026-01-09,3090.03,0.018782,8.54,0.098314018735363,000015,上证红利,CNY,CN10Y
2026-01-12,3088.77,0.018585,8.56,0.09823742990654205,000015,上证红利,CNY,CN10Y
2026-01-13,3083.55,0.018519,8.63,0.09735585515643105,000015,上证红利,CNY,CN10Y
2026-01-14,3054.08,0.018494,8.51,0.09901481316098708,000015,上证红利,CNY,CN10Y
2026-01-15,3044.13,0.018544,8.46,0.09965930969267138,000015,上证红利,CNY,CN10Y
2026-01-16,3018.82,0.018424,8.36,0.10119322488038279,000015,上证红利,CNY,CN10Y
2026-01-19,3034.76,0.018393,8.32,0.10179930769230769,000015,上证红利,CNY,CN10Y
2026-01-20,3069.92,0.018326,8.4,0.10072161904761905,000015,上证红利,CNY,CN10Y
2026-01-21,3053.18,0.018312,8.26,0.10275337530266344,000015,上证红利,CNY,CN10Y
2026-01-22,3073.65,0.018425,8.25,0.10278712121212122,000015,上证红利,CNY,CN10Y
2026-01-23,3060.68,0.018298,8.15,0.10440138650306749,000015,上证红利,CNY,CN10Y
2026-01-26,3098.91,0.018242,8.3,0.10223992771084336,000015,上证红利,CNY,CN10Y
2026-01-27,3071.48,0.018311,8.29,0.10231626176115804,000015,上证红利,CNY,CN10Y
2026-01-28,3128.68,0.018164,8.32,0.10202830769230768,000015,上证红利,CNY,CN10Y
2026-01-29,3164.83,0.018174,8.39,0.10101551132300357,000015,上证红利,CNY,CN10Y
2026-01-30,3138.42,0.018112,8.38,0.10121974224343674,000015,上证红利,CNY,CN10Y
2026-02-02,3040.15,0.0182,8.31,0.10213694344163657,000015,上证红利,CNY,CN10Y
2026-02-03,3047.27,0.018172,8.2,0.10377921951219513,000015,上证红利,CNY,CN10Y
2026-02-04,3141.07,0.018193,8.33,0.10185501920768307,000015,上证红利,CNY,CN10Y
2026-02-05,3128.0,0.018169,8.36,0.10144822488038278,000015,上证红利,CNY,CN10Y
2026-02-06,3117.54,0.018102,8.35,0.10165847904191616,000015,上证红利,CNY,CN10Y
2026-02-09,3136.31,0.0181139999999999,8.39,0.10107551132300366,000015,上证红利,CNY,CN10Y
2026-02-10,3149.88,0.018094,8.42,0.10067084560570072,000015,上证红利,CNY,CN10Y
2026-02-11,3178.2,0.017994,8.47,0.10006975442739079,000015,上证红利,CNY,CN10Y
2026-02-12,3172.24,0.017893,8.4,0.10115461904761905,000015,上证红利,CNY,CN10Y
2026-02-13,3125.78,0.017928,8.25,0.10328412121212122,000015,上证红利,CNY,CN10Y
2026-02-14,,0.017899,8.25,0.10331312121212122,000015,上证红利,CNY,CN10Y
2026-02-24,3183.89,0.018023,8.34,0.10188107673860912,000015,上证红利,CNY,CN10Y
2026-02-25,3191.96,0.018158,8.32,0.10203430769230767,000015,上证红利,CNY,CN10Y
2026-02-26,3189.33,0.018288,8.26,0.10277737530266344,000015,上证红利,CNY,CN10Y
2026-02-27,3226.75,0.017877,8.27,0.10304198428053205,000015,上证红利,CNY,CN10Y
2026-02-28,,0.017753,8.27,0.10316598428053204,000015,上证红利,CNY,CN10Y
2026-03-02,3297.6,0.017761,8.53,0.0994722942555686,000015,上证红利,CNY,CN10Y
2026-03-03,3357.67,0.017807,8.86,0.09505981715575622,000015,上证红利,CNY,CN10Y
2026-03-04,3298.44,0.017768,8.78,0.09612721640091118,000015,上证红利,CNY,CN10Y
2026-03-05,3286.28,0.017779,8.73,0.09676853722794959,000015,上证红利,CNY,CN10Y
2026-03-06,3277.55,0.01781,8.66,0.09766344110854502,000015,上证红利,CNY,CN10Y
2026-03-09,3304.67,0.018054,8.75,0.09623171428571428,000015,上证红利,CNY,CN10Y
2026-03-10,3258.52,0.018055,8.55,0.09890406432748537,000015,上证红利,CNY,CN10Y
2026-03-11,3308.29,0.018075,8.65,0.09753193641618496,000015,上证红利,CNY,CN10Y
2026-03-12,3377.03,0.018052,8.72,0.0966268990825688,000015,上证红利,CNY,CN10Y
2026-03-13,3359.12,0.018143,8.7,0.09679952873563219,000015,上证红利,CNY,CN10Y
2026-03-16,3327.31,0.018312,8.7,0.0966305287356322,000015,上证红利,CNY,CN10Y
2026-03-17,3304.68,0.018314,8.76,0.09584125114155252,000015,上证红利,CNY,CN10Y
2026-03-18,3289.98,0.018175,8.71,0.0966355625717566,000015,上证红利,CNY,CN10Y
2026-03-19,3299.57,0.018252,8.87,0.09448757158962796,000015,上证红利,CNY,CN10Y
2026-03-20,3294.33,0.018299,8.81,0.09520837797956867,000015,上证红利,CNY,CN10Y
2026-03-23,3234.53,0.018316,8.65,0.09729093641618497,000015,上证红利,CNY,CN10Y
2026-03-24,3265.36,0.018272,8.67,0.09706825374855825,000015,上证红利,CNY,CN10Y
2026-03-25,3248.74,0.018233,8.64,0.09750774074074073,000015,上证红利,CNY,CN10Y
2026-03-26,3262.89,0.018194,8.7,0.0967485287356322,000015,上证红利,CNY,CN10Y
2026-03-27,3258.09,0.018172,8.69,0.09690279861910242,000015,上证红利,CNY,CN10Y
2026-03-30,3289.86,0.018063,8.8,0.09557336363636364,000015,上证红利,CNY,CN10Y
2026-03-31,3240.61,0.018171,8.83,0.09507928312570782,000015,上证红利,CNY,CN10Y
2026-04-01,3232.46,0.018244,8.8,0.09539236363636364,000015,上证红利,CNY,CN10Y
2026-04-02,3253.53,0.018209,8.93,0.09377308286674133,000015,上证红利,CNY,CN10Y
2026-04-03,3206.24,0.018199,8.83,0.09505128312570782,000015,上证红利,CNY,CN10Y
2026-04-07,3223.85,0.018171,8.81,0.09533637797956868,000015,上证红利,CNY,CN10Y
2026-04-08,3221.31,0.018136,8.69,0.09693879861910243,000015,上证红利,CNY,CN10Y
2026-04-09,3204.54,0.018192,8.67,0.09714825374855825,000015,上证红利,CNY,CN10Y
2026-04-10,3210.95,0.018128,8.64,0.09761274074074072,000015,上证红利,CNY,CN10Y
2026-04-13,3218.34,0.0179329999999999,8.68,0.09727437327188951,000015,上证红利,CNY,CN10Y
2026-04-14,3218.27,0.0178289999999999,8.71,0.09698156257175669,000015,上证红利,CNY,CN10Y
2026-04-15,3230.99,0.017809,8.76,0.09634625114155251,000015,上证红利,CNY,CN10Y
2026-04-16,3237.25,0.0178119999999999,8.74,0.09660447597254014,000015,上证红利,CNY,CN10Y
2026-04-17,3214.51,0.017623,8.71,0.09718756257175659,000015,上证红利,CNY,CN10Y
2026-04-20,3219.11,0.017627,8.79,0.09613864277588169,000015,上证红利,CNY,CN10Y
2026-04-21,3261.21,0.0175099999999999,8.84,0.09561217194570146,000015,上证红利,CNY,CN10Y
2026-04-22,3261.7,0.0173889999999999,8.76,0.09676625114155261,000015,上证红利,CNY,CN10Y
2026-04-23,3284.4,0.0175479999999999,8.83,0.09570228312570792,000015,上证红利,CNY,CN10Y
2026-04-24,3274.32,0.017601,8.84,0.09552117194570137,000015,上证红利,CNY,CN10Y
2026-04-27,3267.99,0.017697,8.77,0.09632808551881414,000015,上证红利,CNY,CN10Y
2026-04-28,3321.62,0.017654,8.87,0.09508557158962797,000015,上证红利,CNY,CN10Y
2026-04-29,3345.0,0.017444,8.87,0.09529557158962797,000015,上证红利,CNY,CN10Y
2026-04-30,3335.0,0.017473,8.83,0.09577728312570781,000015,上证红利,CNY,CN10Y
2026-05-06,3333.94,0.017654,8.67,0.09768625374855824,000015,上证红利,CNY,CN10Y
2026-05-07,3267.47,0.0176309999999999,8.54,0.0994650187353631,000015,上证红利,CNY,CN10Y
2026-05-08,3254.14,0.017648,8.53,0.0995852942555686,000015,上证红利,CNY,CN10Y
2026-05-09,,0.0176699999999999,8.53,0.0995632942555687,000015,上证红利,CNY,CN10Y
2026-05-11,3253.22,0.017622,8.51,0.09988681316098708,000015,上证红利,CNY,CN10Y
2026-05-12,3247.75,0.017592,8.51,0.09991681316098708,000015,上证红利,CNY,CN10Y
2026-05-13,3231.47,0.017514,8.42,0.10125084560570072,000015,上证红利,CNY,CN10Y
2026-05-14,3205.73,0.017588,8.47,0.10047575442739079,000015,上证红利,CNY,CN10Y
2026-05-15,3210.36,0.017658,8.48,0.10026652830188679,000015,上证红利,CNY,CN10Y
2026-05-18,3204.09,0.017585,8.45,0.1007581952662722,000015,上证红利,CNY,CN10Y
2026-05-19,3209.04,0.017345,8.48,0.10057952830188678,000015,上证红利,CNY,CN10Y
2026-05-20,3199.08,0.0173819999999999,8.4,0.10166561904761914,000015,上证红利,CNY,CN10Y
2026-05-21,3153.43,0.0174479999999999,8.37,0.10202631302270024,000015,上证红利,CNY,CN10Y
2026-05-22,3141.37,0.017519,8.33,0.10252901920768306,000015,上证红利,CNY,CN10Y
2026-05-25,3173.2,0.017484,8.3,0.10299792771084336,000015,上证红利,CNY,CN10Y
2026-05-26,3171.22,0.017405,8.32,0.10278730769230768,000015,上证红利,CNY,CN10Y
2026-05-27,3153.34,0.017216,8.27,0.10370298428053205,000015,上证红利,CNY,CN10Y
2026-05-28,3150.6,0.017193,8.21,0.10460967965895249,000015,上证红利,CNY,CN10Y
2026-05-29,3185.29,0.01709,8.33,0.10295801920768308,000015,上证红利,CNY,CN10Y
2026-06-01,3293.4,0.017009,8.47,0.10105475442739079,000015,上证红利,CNY,CN10Y
2026-06-02,3291.76,0.017036,8.46,0.10116730969267139,000015,上证红利,CNY,CN10Y
2026-06-03,3306.65,0.017128,8.45,0.10121519526627219,000015,上证红利,CNY,CN10Y
2026-06-04,3307.11,0.017081,8.39,0.10210851132300357,000015,上证红利,CNY,CN10Y
2026-06-05,3302.19,0.017207,8.45,0.1011361952662722,000015,上证红利,CNY,CN10Y
2026-06-08,3284.75,0.017275,8.61,0.09886901858304298,000015,上证红利,CNY,CN10Y
2026-06-09,3268.0,0.017376,8.52,0.09999489201877934,000015,上证红利,CNY,CN10Y
2026-06-10,3239.84,0.017476,8.56,0.09934642990654205,000015,上证红利,CNY,CN10Y
2026-06-11,3236.58,0.017475,8.55,0.09948406432748537,000015,上证红利,CNY,CN10Y
2026-06-12,3279.1,0.0174269999999999,8.64,0.09831374074074083,000015,上证红利,CNY,CN10Y
2026-06-13,,0.0174269999999999,8.45,0.1009161952662723,000015,上证红利,CNY,CN10Y
2026-06-14,,0.0174269999999999,8.45,0.1009161952662723,000015,上证红利,CNY,CN10Y
2026-06-15,3224.49,0.017446,8.45,0.1008971952662722,000015,上证红利,CNY,CN10Y
2026-06-16,3169.01,0.017324,8.32,0.10286830769230768,000015,上证红利,CNY,CN10Y
2026-06-17,3124.97,0.01727,8.21,0.1045326796589525,000015,上证红利,CNY,CN10Y
2026-06-18,3051.09,0.017299,8.01,0.10754494506866417,000015,上证红利,CNY,CN10Y
2026-06-19,,0.017299,8.09,0.10631039431396787,000015,上证红利,CNY,CN10Y
2026-06-20,,0.017299,8.09,0.10631039431396787,000015,上证红利,CNY,CN10Y
2026-06-21,,0.017299,8.09,0.10631039431396787,000015,上证红利,CNY,CN10Y
2026-06-22,3086.59,0.017375,8.09,0.10623439431396786,000015,上证红利,CNY,CN10Y
2026-06-23,3066.91,0.017437,8.15,0.10526238650306749,000015,上证红利,CNY,CN10Y
2026-06-24,3004.76,0.017454,7.99,0.10770244555694619,000015,上证红利,CNY,CN10Y
2026-06-25,2960.38,0.017351,7.84,0.11020002040816326,000015,上证红利,CNY,CN10Y
2026-06-26,2894.9,0.017314,7.76,0.11155197938144332,000015,上证红利,CNY,CN10Y
2026-06-27,,0.017314,7.82,0.11056323785166242,000015,上证红利,CNY,CN10Y
2026-06-28,,0.017314,7.82,0.11056323785166242,000015,上证红利,CNY,CN10Y
2026-06-29,2924.27,0.01717,7.82,0.11070723785166241,000015,上证红利,CNY,CN10Y
2026-06-30,2855.49,0.01733,7.64,0.11356005235602094,000015,上证红利,CNY,CN10Y
2026-07-01,2906.14,0.0174479999999999,7.66,0.11310030287206274,000015,上证红利,CNY,CN10Y
2026-07-02,2939.79,0.01741,7.69,0.11262901170351104,000015,上证红利,CNY,CN10Y
2026-07-03,2967.62,0.017463,7.71,0.11223868612191959,000015,上证红利,CNY,CN10Y
2026-07-04,,0.017463,7.84,0.11008802040816326,000015,上证红利,CNY,CN10Y
2026-07-05,,0.017463,7.84,0.11008802040816326,000015,上证红利,CNY,CN10Y
2026-07-06,3030.72,0.017379,7.84,0.11017202040816326,000015,上证红利,CNY,CN10Y
2026-07-07,2987.2,0.0174059999999999,7.89,0.10933671229404321,000015,上证红利,CNY,CN10Y
2026-07-08,3022.25,0.0173849999999999,8.01,0.10745894506866427,000015,上证红利,CNY,CN10Y
2026-07-09,2983.98,0.017376,7.95,0.10841016352201258,000015,上证红利,CNY,CN10Y
2026-07-10,2979.1,0.017398,7.95,0.10838816352201258,000015,上证红利,CNY,CN10Y
2026-07-11,,0.017398,8.13,0.10560323001230011,000015,上证红利,CNY,CN10Y
2026-07-12,,0.017398,8.13,0.10560323001230011,000015,上证红利,CNY,CN10Y
2026-07-13,2995.35,0.017442,8.13,0.10555923001230011,000015,上证红利,CNY,CN10Y
2026-07-14,3071.9,0.017402,8.21,0.10440067965895249,000015,上证红利,CNY,CN10Y
2026-07-15,3115.39,0.0174059999999999,8.25,0.10380612121212132,000015,上证红利,CNY,CN10Y
2026-07-16,3074.29,0.017437,8.15,0.10526238650306749,000015,上证红利,CNY,CN10Y
2026-07-17,3059.91,0.017404,8.28,0.10336894685990339,000015,上证红利,CNY,CN10Y
2026-07-18,,0.017404,8.58,0.09914611655011654,000015,上证红利,CNY,CN10Y
2026-07-19,,0.017404,8.58,0.09914611655011654,000015,上证红利,CNY,CN10Y
2026-07-20,3174.1,0.017453,8.58,0.09909711655011655,000015,上证红利,CNY,CN10Y
2026-07-21,3129.31,0.01745,8.37,0.10202431302270012,000015,上证红利,CNY,CN10Y
2026-07-22,3178.04,0.017297,8.49,0.10048863015312132,000015,上证红利,CNY,CN10Y
2026-07-23,3205.6,0.017325,8.53,0.0999082942555686,000015,上证红利,CNY,CN10Y
2026-07-24,3140.45,0.017282,8.56,0.09954042990654205,000015,上证红利,CNY,CN10Y
2026-07-25,,0.017282,8.55,0.09967706432748538,000015,上证红利,CNY,CN10Y
2026-07-26,,0.017282,8.55,0.09967706432748538,000015,上证红利,CNY,CN10Y
2026-07-27,3152.45,0.017337,8.55,0.09962206432748537,000015,上证红利,CNY,CN10Y
2026-07-28,3151.49,0.017351,8.71,0.09745956257175659,000015,上证红利,CNY,CN10Y
2026-07-29,3191.0,0.017329,8.67,0.09801125374855825,000015,上证红利,CNY,CN10Y
2026-07-30,3227.27,0.017196,8.87,0.09554357158962797,000015,上证红利,CNY,CN10Y
2026-07-31,3220.68,0.017141,8.74,0.09727547597254003,000015,上证红利,CNY,CN10Y
2026-08-01,,0.017141,8.69,0.09793379861910242,000015,上证红利,CNY,CN10Y
2026-08-02,,0.017141,8.69,0.09793379861910242,000015,上证红利,CNY,CN10Y
2026-08-03,3198.09,0.017169,8.69,0.09790579861910242,000015,上证红利,CNY,CN10Y
2026-08-04,3148.81,0.017126,8.45,0.1012171952662722,000015,上证红利,CNY,CN10Y
2026-08-05,3141.46,0.017137,8.33,0.10291101920768307,000015,上证红利,CNY,CN10Y
2026-08-06,3200.12,0.017143,8.41,0.10176306420927467,000015,上证红利,CNY,CN10Y
2026-08-07,3197.71,0.017114,8.39,0.10207551132300356,000015,上证红利,CNY,CN10Y
2026-08-10,3233.9,0.017074,8.44,0.10140941232227488,000015,上证红利,CNY,CN10Y
2026-08-11,3223.76,0.017161,8.48,0.10076352830188678,000015,上证红利,CNY,CN10Y
2026-08-12,3212.36,0.017141,8.39,0.10204851132300356,000015,上证红利,CNY,CN10Y
2026-08-13,3187.46,0.017032000000000002,8.43,0.10159196204033215,000015,上证红利,CNY,CN10Y
2026-08-14,3206.98,0.016964,8.41,0.10194206420927468,000015,上证红利,CNY,CN10Y
2026-08-17,3218.17,0.016923999999999998,8.42,0.10184084560570072,000015,上证红利,CNY,CN10Y
2026-08-18,3256.31,0.016864,8.56,0.09995842990654205,000015,上证红利,CNY,CN10Y
2026-08-19,3279.14,0.016831,8.71,0.09797956257175659,000015,上证红利,CNY,CN10Y
2026-08-20,3296.66,0.016832,8.7,0.0981105287356322,000015,上证红利,CNY,CN10Y
2026-08-21,3300.46,0.016839,8.71,0.0979715625717566,000015,上证红利,CNY,CN10Y
2026-08-24,3349.95,0.016794,8.82,0.09658468480725622,000015,上证红利,CNY,CN10Y
2026-08-25,3322.3,0.016815,8.8,0.09682136363636364,000015,上证红利,CNY,CN10Y
2026-08-26,3351.48,0.016887,8.82,0.09649168480725623,000015,上证红利,CNY,CN10Y
2026-08-27,3366.87,0.016988,8.78,0.09690721640091117,000015,上证红利,CNY,CN10Y
2026-08-28,3372.0,0.016949000000000002,8.82,0.09642968480725622,000015,上证红利,CNY,CN10Y
2026-08-31,3404.04,0.016883,9.0,0.09422811111111111,000015,上证红利,CNY,CN10Y
2026-09-01,3396.15,0.016834000000000002,8.96,0.09477314285714285,000015,上证红利,CNY,CN10Y
