Date,Bond_Yield_10Y,PE,ERP,IndexCode,IndexName,Currency,BondCode
2005-04-08,,,,930633,中证旅游,CNY,CN10Y
2006-03-01,0.0289999999999999,,,930633,中证旅游,CNY,CN10Y
2006-03-02,0.0289999999999999,,,930633,中证旅游,CNY,CN10Y
2006-03-03,0.0287,,,930633,中证旅游,CNY,CN10Y
2006-03-06,0.0293,,,930633,中证旅游,CNY,CN10Y
2006-03-07,0.0289999999999999,,,930633,中证旅游,CNY,CN10Y
2006-03-08,0.0288,,,930633,中证旅游,CNY,CN10Y
2006-03-09,0.0288,,,930633,中证旅游,CNY,CN10Y
2006-03-10,0.0289,,,930633,中证旅游,CNY,CN10Y
2006-03-13,0.0289999999999999,,,930633,中证旅游,CNY,CN10Y
2006-03-14,0.0289999999999999,,,930633,中证旅游,CNY,CN10Y
2006-03-15,0.0291,,,930633,中证旅游,CNY,CN10Y
2006-03-16,0.0291,,,930633,中证旅游,CNY,CN10Y
2006-03-17,0.0292,,,930633,中证旅游,CNY,CN10Y
2006-03-20,0.0293,,,930633,中证旅游,CNY,CN10Y
2006-03-21,0.0292,,,930633,中证旅游,CNY,CN10Y
2006-03-22,0.0293,,,930633,中证旅游,CNY,CN10Y
2006-03-23,0.02912,,,930633,中证旅游,CNY,CN10Y
2006-03-24,0.0289999999999999,,,930633,中证旅游,CNY,CN10Y
2006-03-27,0.0292,,,930633,中证旅游,CNY,CN10Y
2006-03-28,0.0292,,,930633,中证旅游,CNY,CN10Y
2006-03-29,0.0294,,,930633,中证旅游,CNY,CN10Y
2006-03-30,0.0294,,,930633,中证旅游,CNY,CN10Y
2006-03-31,0.0294,,,930633,中证旅游,CNY,CN10Y
2006-04-03,0.0292,,,930633,中证旅游,CNY,CN10Y
2006-04-04,0.0292,,,930633,中证旅游,CNY,CN10Y
2006-04-05,0.0291,,,930633,中证旅游,CNY,CN10Y
2006-04-06,0.0294,,,930633,中证旅游,CNY,CN10Y
2006-04-07,0.029291,,,930633,中证旅游,CNY,CN10Y
2006-04-10,0.0293,,,930633,中证旅游,CNY,CN10Y
2006-04-11,0.0297,,,930633,中证旅游,CNY,CN10Y
2006-04-12,0.0298,,,930633,中证旅游,CNY,CN10Y
2006-04-13,0.029405,,,930633,中证旅游,CNY,CN10Y
2006-04-14,0.0295,,,930633,中证旅游,CNY,CN10Y
2006-04-17,0.0294,,,930633,中证旅游,CNY,CN10Y
2006-04-18,0.0301,,,930633,中证旅游,CNY,CN10Y
2006-04-19,0.0301,,,930633,中证旅游,CNY,CN10Y
2006-04-20,0.03,,,930633,中证旅游,CNY,CN10Y
2006-04-21,0.03048,,,930633,中证旅游,CNY,CN10Y
2006-04-24,0.0305,,,930633,中证旅游,CNY,CN10Y
2006-04-25,0.0306,,,930633,中证旅游,CNY,CN10Y
2006-04-26,0.0305,,,930633,中证旅游,CNY,CN10Y
2006-04-27,0.0301,,,930633,中证旅游,CNY,CN10Y
2006-04-28,0.0301,,,930633,中证旅游,CNY,CN10Y
2006-04-29,0.03,,,930633,中证旅游,CNY,CN10Y
2006-04-30,0.03,,,930633,中证旅游,CNY,CN10Y
2006-05-08,0.0302,,,930633,中证旅游,CNY,CN10Y
2006-05-09,0.03,,,930633,中证旅游,CNY,CN10Y
2006-05-10,0.03,,,930633,中证旅游,CNY,CN10Y
2006-05-11,0.03,,,930633,中证旅游,CNY,CN10Y
2006-05-12,0.0302,,,930633,中证旅游,CNY,CN10Y
2006-05-15,0.0302999999999999,,,930633,中证旅游,CNY,CN10Y
2006-05-16,0.0302,,,930633,中证旅游,CNY,CN10Y
2006-05-17,0.03,,,930633,中证旅游,CNY,CN10Y
2006-05-18,0.03,,,930633,中证旅游,CNY,CN10Y
2006-05-19,0.0299,,,930633,中证旅游,CNY,CN10Y
2006-05-22,0.03,,,930633,中证旅游,CNY,CN10Y
2006-05-23,0.0302,,,930633,中证旅游,CNY,CN10Y
2006-05-24,0.03,,,930633,中证旅游,CNY,CN10Y
2006-05-25,0.03,,,930633,中证旅游,CNY,CN10Y
2006-05-26,0.03,,,930633,中证旅游,CNY,CN10Y
2006-05-29,0.0302999999999999,,,930633,中证旅游,CNY,CN10Y
2006-05-30,0.0302,,,930633,中证旅游,CNY,CN10Y
2006-05-31,0.0302,,,930633,中证旅游,CNY,CN10Y
2006-06-01,0.0302999999999999,,,930633,中证旅游,CNY,CN10Y
2006-06-02,0.0305,,,930633,中证旅游,CNY,CN10Y
2006-06-05,0.0302999999999999,,,930633,中证旅游,CNY,CN10Y
2006-06-06,0.0302,,,930633,中证旅游,CNY,CN10Y
2006-06-07,0.0305,,,930633,中证旅游,CNY,CN10Y
2006-06-08,0.0305,,,930633,中证旅游,CNY,CN10Y
2006-06-09,0.0302999999999999,,,930633,中证旅游,CNY,CN10Y
2006-06-12,0.0305,,,930633,中证旅游,CNY,CN10Y
2006-06-13,0.0308,,,930633,中证旅游,CNY,CN10Y
2006-06-14,0.0308999999999999,,,930633,中证旅游,CNY,CN10Y
2006-06-15,0.031,,,930633,中证旅游,CNY,CN10Y
2006-06-16,0.031,,,930633,中证旅游,CNY,CN10Y
2006-06-19,0.0312,,,930633,中证旅游,CNY,CN10Y
2006-06-20,0.031,,,930633,中证旅游,CNY,CN10Y
2006-06-21,0.0315,,,930633,中证旅游,CNY,CN10Y
2006-06-22,0.0312,,,930633,中证旅游,CNY,CN10Y
2006-06-23,0.0313,,,930633,中证旅游,CNY,CN10Y
2006-06-26,0.0315,,,930633,中证旅游,CNY,CN10Y
2006-06-27,0.0315,,,930633,中证旅游,CNY,CN10Y
2006-06-28,0.0315,,,930633,中证旅游,CNY,CN10Y
2006-06-29,0.0315,,,930633,中证旅游,CNY,CN10Y
2006-06-30,0.03165,,,930633,中证旅游,CNY,CN10Y
2006-07-03,0.03159,,,930633,中证旅游,CNY,CN10Y
2006-07-04,0.0315,,,930633,中证旅游,CNY,CN10Y
2006-07-05,0.0318,,,930633,中证旅游,CNY,CN10Y
2006-07-06,0.03172,,,930633,中证旅游,CNY,CN10Y
2006-07-07,0.0318,,,930633,中证旅游,CNY,CN10Y
2006-07-10,0.031729,,,930633,中证旅游,CNY,CN10Y
2006-07-11,0.0316889999999999,,,930633,中证旅游,CNY,CN10Y
2006-07-12,0.032,,,930633,中证旅游,CNY,CN10Y
2006-07-13,0.0323,,,930633,中证旅游,CNY,CN10Y
2006-07-14,0.03235,,,930633,中证旅游,CNY,CN10Y
2006-07-17,0.032,,,930633,中证旅游,CNY,CN10Y
2006-07-18,0.032,,,930633,中证旅游,CNY,CN10Y
2006-07-19,0.0319,,,930633,中证旅游,CNY,CN10Y
2006-07-20,0.032,,,930633,中证旅游,CNY,CN10Y
2006-07-21,0.032,,,930633,中证旅游,CNY,CN10Y
2006-07-24,0.0325,,,930633,中证旅游,CNY,CN10Y
2006-07-25,0.0324,,,930633,中证旅游,CNY,CN10Y
2006-07-26,0.0325,,,930633,中证旅游,CNY,CN10Y
2006-07-27,0.03275,,,930633,中证旅游,CNY,CN10Y
2006-07-28,0.0325,,,930633,中证旅游,CNY,CN10Y
2006-07-31,0.0326,,,930633,中证旅游,CNY,CN10Y
2006-08-01,0.0325,,,930633,中证旅游,CNY,CN10Y
2006-08-02,0.0325,,,930633,中证旅游,CNY,CN10Y
2006-08-03,0.0324,,,930633,中证旅游,CNY,CN10Y
2006-08-04,0.0325,,,930633,中证旅游,CNY,CN10Y
2006-08-07,0.0325,,,930633,中证旅游,CNY,CN10Y
2006-08-08,0.0325,,,930633,中证旅游,CNY,CN10Y
2006-08-09,0.0326,,,930633,中证旅游,CNY,CN10Y
2006-08-10,0.0326,,,930633,中证旅游,CNY,CN10Y
2006-08-11,0.0325499999999999,,,930633,中证旅游,CNY,CN10Y
2006-08-14,0.03245,,,930633,中证旅游,CNY,CN10Y
2006-08-15,0.03245,,,930633,中证旅游,CNY,CN10Y
2006-08-16,0.0324,,,930633,中证旅游,CNY,CN10Y
2006-08-17,0.0324,,,930633,中证旅游,CNY,CN10Y
2006-08-18,0.032,,,930633,中证旅游,CNY,CN10Y
2006-08-21,0.0326,,,930633,中证旅游,CNY,CN10Y
2006-08-22,0.03254,,,930633,中证旅游,CNY,CN10Y
2006-08-23,0.03251,,,930633,中证旅游,CNY,CN10Y
2006-08-24,0.03248,,,930633,中证旅游,CNY,CN10Y
2006-08-25,0.032389,,,930633,中证旅游,CNY,CN10Y
2006-08-28,0.03256,,,930633,中证旅游,CNY,CN10Y
2006-08-29,0.0325,,,930633,中证旅游,CNY,CN10Y
2006-08-30,0.0324,,,930633,中证旅游,CNY,CN10Y
2006-08-31,0.03238,,,930633,中证旅游,CNY,CN10Y
2006-09-01,0.0323,,,930633,中证旅游,CNY,CN10Y
2006-09-04,0.0323,,,930633,中证旅游,CNY,CN10Y
2006-09-05,0.03225,,,930633,中证旅游,CNY,CN10Y
2006-09-06,0.0321,,,930633,中证旅游,CNY,CN10Y
2006-09-07,0.03201,,,930633,中证旅游,CNY,CN10Y
2006-09-08,0.032,,,930633,中证旅游,CNY,CN10Y
2006-09-11,0.032,,,930633,中证旅游,CNY,CN10Y
2006-09-12,0.0318,,,930633,中证旅游,CNY,CN10Y
2006-09-13,0.0318,,,930633,中证旅游,CNY,CN10Y
2006-09-14,0.03172,,,930633,中证旅游,CNY,CN10Y
2006-09-15,0.0317,,,930633,中证旅游,CNY,CN10Y
2006-09-18,0.0315499999999999,,,930633,中证旅游,CNY,CN10Y
2006-09-19,0.0315,,,930633,中证旅游,CNY,CN10Y
2006-09-20,0.0313,,,930633,中证旅游,CNY,CN10Y
2006-09-21,0.0311,,,930633,中证旅游,CNY,CN10Y
2006-09-22,0.0305,,,930633,中证旅游,CNY,CN10Y
2006-09-25,0.03,,,930633,中证旅游,CNY,CN10Y
2006-09-26,0.03,,,930633,中证旅游,CNY,CN10Y
2006-09-27,0.03,,,930633,中证旅游,CNY,CN10Y
2006-09-28,0.03,,,930633,中证旅游,CNY,CN10Y
2006-09-29,0.03,,,930633,中证旅游,CNY,CN10Y
2006-09-30,0.02999,,,930633,中证旅游,CNY,CN10Y
2006-10-08,0.03,,,930633,中证旅游,CNY,CN10Y
2006-10-09,0.03,,,930633,中证旅游,CNY,CN10Y
2006-10-10,0.0299,,,930633,中证旅游,CNY,CN10Y
2006-10-11,0.0297,,,930633,中证旅游,CNY,CN10Y
2006-10-12,0.029552,,,930633,中证旅游,CNY,CN10Y
2006-10-13,0.0295409999999999,,,930633,中证旅游,CNY,CN10Y
2006-10-16,0.029567,,,930633,中证旅游,CNY,CN10Y
2006-10-17,0.029533,,,930633,中证旅游,CNY,CN10Y
2006-10-18,0.029535,,,930633,中证旅游,CNY,CN10Y
2006-10-19,0.02954,,,930633,中证旅游,CNY,CN10Y
2006-10-20,0.029523,,,930633,中证旅游,CNY,CN10Y
2006-10-23,0.0294919999999999,,,930633,中证旅游,CNY,CN10Y
2006-10-24,0.0293849999999999,,,930633,中证旅游,CNY,CN10Y
2006-10-25,0.029498,,,930633,中证旅游,CNY,CN10Y
2006-10-26,0.0293739999999999,,,930633,中证旅游,CNY,CN10Y
2006-10-27,0.029397,,,930633,中证旅游,CNY,CN10Y
2006-10-30,0.0294059999999999,,,930633,中证旅游,CNY,CN10Y
2006-10-31,0.029512,,,930633,中证旅游,CNY,CN10Y
2006-11-01,0.029545,,,930633,中证旅游,CNY,CN10Y
2006-11-02,0.029557,,,930633,中证旅游,CNY,CN10Y
2006-11-03,0.029561,,,930633,中证旅游,CNY,CN10Y
2006-11-06,0.029844,,,930633,中证旅游,CNY,CN10Y
2006-11-07,0.02989,,,930633,中证旅游,CNY,CN10Y
2006-11-08,0.029781,,,930633,中证旅游,CNY,CN10Y
2006-11-09,0.02972,,,930633,中证旅游,CNY,CN10Y
2006-11-10,0.0295949999999999,,,930633,中证旅游,CNY,CN10Y
2006-11-13,0.029494,,,930633,中证旅游,CNY,CN10Y
2006-11-14,0.029682,,,930633,中证旅游,CNY,CN10Y
2006-11-15,0.029688,,,930633,中证旅游,CNY,CN10Y
2006-11-16,0.029725,,,930633,中证旅游,CNY,CN10Y
2006-11-17,0.029632,,,930633,中证旅游,CNY,CN10Y
2006-11-20,0.029806,,,930633,中证旅游,CNY,CN10Y
2006-11-21,0.029785,,,930633,中证旅游,CNY,CN10Y
2006-11-22,0.030518,,,930633,中证旅游,CNY,CN10Y
2006-11-23,0.030609,,,930633,中证旅游,CNY,CN10Y
2006-11-24,0.030655,,,930633,中证旅游,CNY,CN10Y
2006-11-27,0.0302,,,930633,中证旅游,CNY,CN10Y
2006-11-28,0.029886,,,930633,中证旅游,CNY,CN10Y
2006-11-29,0.029811,,,930633,中证旅游,CNY,CN10Y
2006-11-30,0.029781,,,930633,中证旅游,CNY,CN10Y
2006-12-01,0.0299359999999999,,,930633,中证旅游,CNY,CN10Y
2006-12-04,0.029895,,,930633,中证旅游,CNY,CN10Y
2006-12-05,0.029912,,,930633,中证旅游,CNY,CN10Y
2006-12-06,0.029851,,,930633,中证旅游,CNY,CN10Y
2006-12-07,0.0299469999999999,,,930633,中证旅游,CNY,CN10Y
2006-12-08,0.030351,,,930633,中证旅游,CNY,CN10Y
2006-12-11,0.030527,,,930633,中证旅游,CNY,CN10Y
2006-12-12,0.030393,,,930633,中证旅游,CNY,CN10Y
2006-12-13,0.030461,,,930633,中证旅游,CNY,CN10Y
2006-12-14,0.030335,,,930633,中证旅游,CNY,CN10Y
2006-12-15,0.030402,,,930633,中证旅游,CNY,CN10Y
2006-12-18,0.030307,,,930633,中证旅游,CNY,CN10Y
2006-12-19,0.030232,,,930633,中证旅游,CNY,CN10Y
2006-12-20,0.030267,,,930633,中证旅游,CNY,CN10Y
2006-12-21,0.0301989999999999,,,930633,中证旅游,CNY,CN10Y
2006-12-22,0.030364,,,930633,中证旅游,CNY,CN10Y
2006-12-25,0.030408,,,930633,中证旅游,CNY,CN10Y
2006-12-26,0.030419,,,930633,中证旅游,CNY,CN10Y
2006-12-27,0.030408,,,930633,中证旅游,CNY,CN10Y
2006-12-28,0.03026,,,930633,中证旅游,CNY,CN10Y
2006-12-29,0.030202,,,930633,中证旅游,CNY,CN10Y
2006-12-30,0.0302039999999999,,,930633,中证旅游,CNY,CN10Y
2006-12-31,0.030269,,,930633,中证旅游,CNY,CN10Y
2007-01-04,0.030239,,,930633,中证旅游,CNY,CN10Y
2007-01-05,0.030211,,,930633,中证旅游,CNY,CN10Y
2007-01-08,0.030356,,,930633,中证旅游,CNY,CN10Y
2007-01-09,0.0302309999999999,,,930633,中证旅游,CNY,CN10Y
2007-01-10,0.030102,,,930633,中证旅游,CNY,CN10Y
2007-01-11,0.030047,,,930633,中证旅游,CNY,CN10Y
2007-01-12,0.030202,,,930633,中证旅游,CNY,CN10Y
2007-01-15,0.030167,,,930633,中证旅游,CNY,CN10Y
2007-01-16,0.030175,,,930633,中证旅游,CNY,CN10Y
2007-01-17,0.0301759999999999,,,930633,中证旅游,CNY,CN10Y
2007-01-18,0.0302729999999999,,,930633,中证旅游,CNY,CN10Y
2007-01-19,0.03032,,,930633,中证旅游,CNY,CN10Y
2007-01-22,0.030277,,,930633,中证旅游,CNY,CN10Y
2007-01-23,0.030373,,,930633,中证旅游,CNY,CN10Y
2007-01-24,0.030267,,,930633,中证旅游,CNY,CN10Y
2007-01-25,0.03032,,,930633,中证旅游,CNY,CN10Y
2007-01-26,0.0303739999999999,,,930633,中证旅游,CNY,CN10Y
2007-01-29,0.030427,,,930633,中证旅游,CNY,CN10Y
2007-01-30,0.030559,,,930633,中证旅游,CNY,CN10Y
2007-01-31,0.030671,,,930633,中证旅游,CNY,CN10Y
2007-02-01,0.030676,,,930633,中证旅游,CNY,CN10Y
2007-02-02,0.030598,,,930633,中证旅游,CNY,CN10Y
2007-02-05,0.0307649999999999,,,930633,中证旅游,CNY,CN10Y
2007-02-06,0.030705,,,930633,中证旅游,CNY,CN10Y
2007-02-07,0.030704,,,930633,中证旅游,CNY,CN10Y
2007-02-08,0.0308139999999999,,,930633,中证旅游,CNY,CN10Y
2007-02-09,0.031171,,,930633,中证旅游,CNY,CN10Y
2007-02-12,0.031355,,,930633,中证旅游,CNY,CN10Y
2007-02-13,0.031367,,,930633,中证旅游,CNY,CN10Y
2007-02-14,0.03137,,,930633,中证旅游,CNY,CN10Y
2007-02-15,0.031365,,,930633,中证旅游,CNY,CN10Y
2007-02-16,0.031361,,,930633,中证旅游,CNY,CN10Y
2007-02-17,0.0311,,,930633,中证旅游,CNY,CN10Y
2007-02-25,0.0311,,,930633,中证旅游,CNY,CN10Y
2007-02-26,0.0312,,,930633,中证旅游,CNY,CN10Y
2007-02-27,0.0314679999999999,,,930633,中证旅游,CNY,CN10Y
2007-02-28,0.031466,,,930633,中证旅游,CNY,CN10Y
2007-03-01,0.031553,,,930633,中证旅游,CNY,CN10Y
2007-03-02,0.0316829999999999,,,930633,中证旅游,CNY,CN10Y
2007-03-05,0.031726,,,930633,中证旅游,CNY,CN10Y
2007-03-06,0.03179,,,930633,中证旅游,CNY,CN10Y
2007-03-07,0.0319,,,930633,中证旅游,CNY,CN10Y
2007-03-08,0.032192,,,930633,中证旅游,CNY,CN10Y
2007-03-09,0.03223,,,930633,中证旅游,CNY,CN10Y
2007-03-12,0.032278,,,930633,中证旅游,CNY,CN10Y
2007-03-13,0.0320509999999999,,,930633,中证旅游,CNY,CN10Y
2007-03-14,0.032332,,,930633,中证旅游,CNY,CN10Y
2007-03-15,0.0328759999999999,,,930633,中证旅游,CNY,CN10Y
2007-03-16,0.0330419999999999,,,930633,中证旅游,CNY,CN10Y
2007-03-19,0.03337,,,930633,中证旅游,CNY,CN10Y
2007-03-20,0.0336,,,930633,中证旅游,CNY,CN10Y
2007-03-21,0.034,,,930633,中证旅游,CNY,CN10Y
2007-03-22,0.03395,,,930633,中证旅游,CNY,CN10Y
2007-03-23,0.034235,,,930633,中证旅游,CNY,CN10Y
2007-03-26,0.0342,,,930633,中证旅游,CNY,CN10Y
2007-03-27,0.0342,,,930633,中证旅游,CNY,CN10Y
2007-03-28,0.034245,,,930633,中证旅游,CNY,CN10Y
2007-03-29,0.034386,,,930633,中证旅游,CNY,CN10Y
2007-03-30,0.034338,,,930633,中证旅游,CNY,CN10Y
2007-04-02,0.0343,,,930633,中证旅游,CNY,CN10Y
2007-04-03,0.034277,,,930633,中证旅游,CNY,CN10Y
2007-04-04,0.0344,,,930633,中证旅游,CNY,CN10Y
2007-04-05,0.034441,,,930633,中证旅游,CNY,CN10Y
2007-04-06,0.034615,,,930633,中证旅游,CNY,CN10Y
2007-04-09,0.03488,,,930633,中证旅游,CNY,CN10Y
2007-04-10,0.034829,,,930633,中证旅游,CNY,CN10Y
2007-04-11,0.0349299999999999,,,930633,中证旅游,CNY,CN10Y
2007-04-12,0.0349359999999999,,,930633,中证旅游,CNY,CN10Y
2007-04-13,0.035202,,,930633,中证旅游,CNY,CN10Y
2007-04-16,0.035327,,,930633,中证旅游,CNY,CN10Y
2007-04-17,0.035391,,,930633,中证旅游,CNY,CN10Y
2007-04-18,0.0356,,,930633,中证旅游,CNY,CN10Y
2007-04-19,0.0356999999999999,,,930633,中证旅游,CNY,CN10Y
2007-04-20,0.0358,,,930633,中证旅游,CNY,CN10Y
2007-04-23,0.0359,,,930633,中证旅游,CNY,CN10Y
2007-04-24,0.036139,,,930633,中证旅游,CNY,CN10Y
2007-04-25,0.036349,,,930633,中证旅游,CNY,CN10Y
2007-04-26,0.035931,,,930633,中证旅游,CNY,CN10Y
2007-04-27,0.035914,,,930633,中证旅游,CNY,CN10Y
2007-04-28,0.035883,,,930633,中证旅游,CNY,CN10Y
2007-04-29,0.0358,,,930633,中证旅游,CNY,CN10Y
2007-04-30,0.035916,,,930633,中证旅游,CNY,CN10Y
2007-05-08,0.035933,,,930633,中证旅游,CNY,CN10Y
2007-05-09,0.035906,,,930633,中证旅游,CNY,CN10Y
2007-05-10,0.0363,,,930633,中证旅游,CNY,CN10Y
2007-05-11,0.0368,,,930633,中证旅游,CNY,CN10Y
2007-05-14,0.037,,,930633,中证旅游,CNY,CN10Y
2007-05-15,0.037992,,,930633,中证旅游,CNY,CN10Y
2007-05-16,0.0383,,,930633,中证旅游,CNY,CN10Y
2007-05-17,0.0383,,,930633,中证旅游,CNY,CN10Y
2007-05-18,0.0383,,,930633,中证旅游,CNY,CN10Y
2007-05-21,0.03966,,,930633,中证旅游,CNY,CN10Y
2007-05-22,0.0405,,,930633,中证旅游,CNY,CN10Y
2007-05-23,0.04064,,,930633,中证旅游,CNY,CN10Y
2007-05-24,0.0403,,,930633,中证旅游,CNY,CN10Y
2007-05-25,0.0405,,,930633,中证旅游,CNY,CN10Y
2007-05-28,0.0407,,,930633,中证旅游,CNY,CN10Y
2007-05-29,0.0408,,,930633,中证旅游,CNY,CN10Y
2007-05-30,0.0407,,,930633,中证旅游,CNY,CN10Y
2007-05-31,0.0406,,,930633,中证旅游,CNY,CN10Y
2007-06-01,0.0408,,,930633,中证旅游,CNY,CN10Y
2007-06-04,0.041393,,,930633,中证旅游,CNY,CN10Y
2007-06-05,0.041309,,,930633,中证旅游,CNY,CN10Y
2007-06-06,0.041442,,,930633,中证旅游,CNY,CN10Y
2007-06-07,0.041427,,,930633,中证旅游,CNY,CN10Y
2007-06-08,0.041624,,,930633,中证旅游,CNY,CN10Y
2007-06-11,0.0413759999999999,,,930633,中证旅游,CNY,CN10Y
2007-06-12,0.042199,,,930633,中证旅游,CNY,CN10Y
2007-06-13,0.04232,,,930633,中证旅游,CNY,CN10Y
2007-06-14,0.042669,,,930633,中证旅游,CNY,CN10Y
2007-06-15,0.043483,,,930633,中证旅游,CNY,CN10Y
2007-06-18,0.043496,,,930633,中证旅游,CNY,CN10Y
2007-06-19,0.0439689999999999,,,930633,中证旅游,CNY,CN10Y
2007-06-20,0.044408,,,930633,中证旅游,CNY,CN10Y
2007-06-21,0.0447,,,930633,中证旅游,CNY,CN10Y
2007-06-22,0.0444,,,930633,中证旅游,CNY,CN10Y
2007-06-25,0.0441999999999999,,,930633,中证旅游,CNY,CN10Y
2007-06-26,0.044,,,930633,中证旅游,CNY,CN10Y
2007-06-27,0.043985,,,930633,中证旅游,CNY,CN10Y
2007-06-28,0.044538,,,930633,中证旅游,CNY,CN10Y
2007-06-29,0.0445,,,930633,中证旅游,CNY,CN10Y
2007-07-02,0.0445,,,930633,中证旅游,CNY,CN10Y
2007-07-03,0.044726,,,930633,中证旅游,CNY,CN10Y
2007-07-04,0.044745,,,930633,中证旅游,CNY,CN10Y
2007-07-05,0.04475,,,930633,中证旅游,CNY,CN10Y
2007-07-06,0.044261,,,930633,中证旅游,CNY,CN10Y
2007-07-09,0.044172,,,930633,中证旅游,CNY,CN10Y
2007-07-10,0.044896,,,930633,中证旅游,CNY,CN10Y
2007-07-11,0.0447729999999999,,,930633,中证旅游,CNY,CN10Y
2007-07-12,0.044777,,,930633,中证旅游,CNY,CN10Y
2007-07-13,0.044634,,,930633,中证旅游,CNY,CN10Y
2007-07-16,0.0445399999999999,,,930633,中证旅游,CNY,CN10Y
2007-07-17,0.044542,,,930633,中证旅游,CNY,CN10Y
2007-07-18,0.0445469999999999,,,930633,中证旅游,CNY,CN10Y
2007-07-19,0.04455,,,930633,中证旅游,CNY,CN10Y
2007-07-20,0.044551,,,930633,中证旅游,CNY,CN10Y
2007-07-23,0.04477,,,930633,中证旅游,CNY,CN10Y
2007-07-24,0.0446509999999999,,,930633,中证旅游,CNY,CN10Y
2007-07-25,0.0433,,,930633,中证旅游,CNY,CN10Y
2007-07-26,0.043086,,,930633,中证旅游,CNY,CN10Y
2007-07-27,0.043399,,,930633,中证旅游,CNY,CN10Y
2007-07-30,0.042848,,,930633,中证旅游,CNY,CN10Y
2007-07-31,0.0434009999999999,,,930633,中证旅游,CNY,CN10Y
2007-08-01,0.042857,,,930633,中证旅游,CNY,CN10Y
2007-08-02,0.042594,,,930633,中证旅游,CNY,CN10Y
2007-08-03,0.042855,,,930633,中证旅游,CNY,CN10Y
2007-08-06,0.043861,,,930633,中证旅游,CNY,CN10Y
2007-08-07,0.043775,,,930633,中证旅游,CNY,CN10Y
2007-08-08,0.043166,,,930633,中证旅游,CNY,CN10Y
2007-08-09,0.043178,,,930633,中证旅游,CNY,CN10Y
2007-08-10,0.043378,,,930633,中证旅游,CNY,CN10Y
2007-08-13,0.04357,,,930633,中证旅游,CNY,CN10Y
2007-08-14,0.0435679999999999,,,930633,中证旅游,CNY,CN10Y
2007-08-15,0.0435409999999999,,,930633,中证旅游,CNY,CN10Y
2007-08-16,0.043529,,,930633,中证旅游,CNY,CN10Y
2007-08-17,0.043038,,,930633,中证旅游,CNY,CN10Y
2007-08-20,0.042636,,,930633,中证旅游,CNY,CN10Y
2007-08-21,0.042445,,,930633,中证旅游,CNY,CN10Y
2007-08-22,0.04227,,,930633,中证旅游,CNY,CN10Y
2007-08-23,0.042064,,,930633,中证旅游,CNY,CN10Y
2007-08-24,0.042164,,,930633,中证旅游,CNY,CN10Y
2007-08-27,0.04136,,,930633,中证旅游,CNY,CN10Y
2007-08-28,0.042049,,,930633,中证旅游,CNY,CN10Y
2007-08-29,0.042766,,,930633,中证旅游,CNY,CN10Y
2007-08-30,0.042739,,,930633,中证旅游,CNY,CN10Y
2007-08-31,0.042743,,,930633,中证旅游,CNY,CN10Y
2007-09-03,0.04235,,,930633,中证旅游,CNY,CN10Y
2007-09-04,0.042328,,,930633,中证旅游,CNY,CN10Y
2007-09-05,0.04244,,,930633,中证旅游,CNY,CN10Y
2007-09-06,0.0426769999999999,,,930633,中证旅游,CNY,CN10Y
2007-09-07,0.042872,,,930633,中证旅游,CNY,CN10Y
2007-09-10,0.042946,,,930633,中证旅游,CNY,CN10Y
2007-09-11,0.043615,,,930633,中证旅游,CNY,CN10Y
2007-09-12,0.043788,,,930633,中证旅游,CNY,CN10Y
2007-09-13,0.043892,,,930633,中证旅游,CNY,CN10Y
2007-09-14,0.044893,,,930633,中证旅游,CNY,CN10Y
2007-09-17,0.0454209999999999,,,930633,中证旅游,CNY,CN10Y
2007-09-18,0.045436,,,930633,中证旅游,CNY,CN10Y
2007-09-19,0.0454739999999999,,,930633,中证旅游,CNY,CN10Y
2007-09-20,0.045477,,,930633,中证旅游,CNY,CN10Y
2007-09-21,0.04495,,,930633,中证旅游,CNY,CN10Y
2007-09-24,0.04493,,,930633,中证旅游,CNY,CN10Y
2007-09-25,0.044859,,,930633,中证旅游,CNY,CN10Y
2007-09-26,0.04445,,,930633,中证旅游,CNY,CN10Y
2007-09-27,0.0441999999999999,,,930633,中证旅游,CNY,CN10Y
2007-09-28,0.0438999999999999,,,930633,中证旅游,CNY,CN10Y
2007-09-29,0.04396,,,930633,中证旅游,CNY,CN10Y
2007-09-30,0.043877,,,930633,中证旅游,CNY,CN10Y
2007-10-08,0.0436639999999999,,,930633,中证旅游,CNY,CN10Y
2007-10-09,0.0437,,,930633,中证旅游,CNY,CN10Y
2007-10-10,0.043737,,,930633,中证旅游,CNY,CN10Y
2007-10-11,0.043732,,,930633,中证旅游,CNY,CN10Y
2007-10-12,0.043723,,,930633,中证旅游,CNY,CN10Y
2007-10-15,0.043746,,,930633,中证旅游,CNY,CN10Y
2007-10-16,0.043743,,,930633,中证旅游,CNY,CN10Y
2007-10-17,0.0445,,,930633,中证旅游,CNY,CN10Y
2007-10-18,0.0446,,,930633,中证旅游,CNY,CN10Y
2007-10-19,0.0447,,,930633,中证旅游,CNY,CN10Y
2007-10-22,0.0448,,,930633,中证旅游,CNY,CN10Y
2007-10-23,0.04485,,,930633,中证旅游,CNY,CN10Y
2007-10-24,0.04485,,,930633,中证旅游,CNY,CN10Y
2007-10-25,0.04485,,,930633,中证旅游,CNY,CN10Y
2007-10-26,0.04485,,,930633,中证旅游,CNY,CN10Y
2007-10-29,0.0448,,,930633,中证旅游,CNY,CN10Y
2007-10-30,0.04484,,,930633,中证旅游,CNY,CN10Y
2007-10-31,0.044937,,,930633,中证旅游,CNY,CN10Y
2007-11-01,0.045,,,930633,中证旅游,CNY,CN10Y
2007-11-02,0.045,,,930633,中证旅游,CNY,CN10Y
2007-11-05,0.045263,,,930633,中证旅游,CNY,CN10Y
2007-11-06,0.045248,,,930633,中证旅游,CNY,CN10Y
2007-11-07,0.045441,,,930633,中证旅游,CNY,CN10Y
2007-11-08,0.045441,,,930633,中证旅游,CNY,CN10Y
2007-11-09,0.045743,,,930633,中证旅游,CNY,CN10Y
2007-11-12,0.0458629999999999,,,930633,中证旅游,CNY,CN10Y
2007-11-13,0.045861,,,930633,中证旅游,CNY,CN10Y
2007-11-14,0.045922,,,930633,中证旅游,CNY,CN10Y
2007-11-15,0.045973,,,930633,中证旅游,CNY,CN10Y
2007-11-16,0.045974,,,930633,中证旅游,CNY,CN10Y
2007-11-19,0.045822,,,930633,中证旅游,CNY,CN10Y
2007-11-20,0.045569,,,930633,中证旅游,CNY,CN10Y
2007-11-21,0.04545,,,930633,中证旅游,CNY,CN10Y
2007-11-22,0.0455,,,930633,中证旅游,CNY,CN10Y
2007-11-23,0.0454,,,930633,中证旅游,CNY,CN10Y
2007-11-26,0.04535,,,930633,中证旅游,CNY,CN10Y
2007-11-27,0.045247,,,930633,中证旅游,CNY,CN10Y
2007-11-28,0.045089,,,930633,中证旅游,CNY,CN10Y
2007-11-29,0.045084,,,930633,中证旅游,CNY,CN10Y
2007-11-30,0.045086,,,930633,中证旅游,CNY,CN10Y
2007-12-03,0.045085,,,930633,中证旅游,CNY,CN10Y
2007-12-04,0.045085,,,930633,中证旅游,CNY,CN10Y
2007-12-05,0.045096,,,930633,中证旅游,CNY,CN10Y
2007-12-06,0.045038,,,930633,中证旅游,CNY,CN10Y
2007-12-07,0.045043,,,930633,中证旅游,CNY,CN10Y
2007-12-10,0.044996,,,930633,中证旅游,CNY,CN10Y
2007-12-11,0.0451159999999999,,,930633,中证旅游,CNY,CN10Y
2007-12-12,0.045118,,,930633,中证旅游,CNY,CN10Y
2007-12-13,0.045067,,,930633,中证旅游,CNY,CN10Y
2007-12-14,0.044251,,,930633,中证旅游,CNY,CN10Y
2007-12-17,0.044282,,,930633,中证旅游,CNY,CN10Y
2007-12-18,0.044279,,,930633,中证旅游,CNY,CN10Y
2007-12-19,0.04428,,,930633,中证旅游,CNY,CN10Y
2007-12-20,0.044282,,,930633,中证旅游,CNY,CN10Y
2007-12-21,0.044526,,,930633,中证旅游,CNY,CN10Y
2007-12-24,0.044517,,,930633,中证旅游,CNY,CN10Y
2007-12-25,0.044528,,,930633,中证旅游,CNY,CN10Y
2007-12-26,0.044541,,,930633,中证旅游,CNY,CN10Y
2007-12-27,0.044005,,,930633,中证旅游,CNY,CN10Y
2007-12-28,0.044357,,,930633,中证旅游,CNY,CN10Y
2007-12-29,0.044253,,,930633,中证旅游,CNY,CN10Y
2008-01-02,0.044363,,,930633,中证旅游,CNY,CN10Y
2008-01-03,0.044263,,,930633,中证旅游,CNY,CN10Y
2008-01-04,0.044013,,,930633,中证旅游,CNY,CN10Y
2008-01-07,0.043948,,,930633,中证旅游,CNY,CN10Y
2008-01-08,0.044024,,,930633,中证旅游,CNY,CN10Y
2008-01-09,0.044022,,,930633,中证旅游,CNY,CN10Y
2008-01-10,0.0440669999999999,,,930633,中证旅游,CNY,CN10Y
2008-01-11,0.043893,,,930633,中证旅游,CNY,CN10Y
2008-01-14,0.04402,,,930633,中证旅游,CNY,CN10Y
2008-01-15,0.044022,,,930633,中证旅游,CNY,CN10Y
2008-01-16,0.044028,,,930633,中证旅游,CNY,CN10Y
2008-01-17,0.043978,,,930633,中证旅游,CNY,CN10Y
2008-01-18,0.0440299999999999,,,930633,中证旅游,CNY,CN10Y
2008-01-21,0.0437769999999999,,,930633,中证旅游,CNY,CN10Y
2008-01-22,0.0436789999999999,,,930633,中证旅游,CNY,CN10Y
2008-01-23,0.042883,,,930633,中证旅游,CNY,CN10Y
2008-01-24,0.042433,,,930633,中证旅游,CNY,CN10Y
2008-01-25,0.04244,,,930633,中证旅游,CNY,CN10Y
2008-01-28,0.042226,,,930633,中证旅游,CNY,CN10Y
2008-01-29,0.042539,,,930633,中证旅游,CNY,CN10Y
2008-01-30,0.042502,,,930633,中证旅游,CNY,CN10Y
2008-01-31,0.0419369999999999,,,930633,中证旅游,CNY,CN10Y
2008-02-01,0.041308,,,930633,中证旅游,CNY,CN10Y
2008-02-02,0.041307,,,930633,中证旅游,CNY,CN10Y
2008-02-03,0.041309,,,930633,中证旅游,CNY,CN10Y
2008-02-04,0.041311,,,930633,中证旅游,CNY,CN10Y
2008-02-05,0.041458,,,930633,中证旅游,CNY,CN10Y
2008-02-13,0.041559,,,930633,中证旅游,CNY,CN10Y
2008-02-14,0.041561,,,930633,中证旅游,CNY,CN10Y
2008-02-15,0.041791,,,930633,中证旅游,CNY,CN10Y
2008-02-18,0.041924,,,930633,中证旅游,CNY,CN10Y
2008-02-19,0.042176,,,930633,中证旅游,CNY,CN10Y
2008-02-20,0.041744,,,930633,中证旅游,CNY,CN10Y
2008-02-21,0.041818,,,930633,中证旅游,CNY,CN10Y
2008-02-22,0.0416,,,930633,中证旅游,CNY,CN10Y
2008-02-25,0.041439,,,930633,中证旅游,CNY,CN10Y
2008-02-26,0.041413,,,930633,中证旅游,CNY,CN10Y
2008-02-27,0.041436,,,930633,中证旅游,CNY,CN10Y
2008-02-28,0.041283,,,930633,中证旅游,CNY,CN10Y
2008-02-29,0.041283,,,930633,中证旅游,CNY,CN10Y
2008-03-03,0.0412849999999999,,,930633,中证旅游,CNY,CN10Y
2008-03-04,0.041521,,,930633,中证旅游,CNY,CN10Y
2008-03-05,0.041635,,,930633,中证旅游,CNY,CN10Y
2008-03-06,0.041768,,,930633,中证旅游,CNY,CN10Y
2008-03-07,0.04176,,,930633,中证旅游,CNY,CN10Y
2008-03-10,0.041768,,,930633,中证旅游,CNY,CN10Y
2008-03-11,0.041953,,,930633,中证旅游,CNY,CN10Y
2008-03-12,0.041954,,,930633,中证旅游,CNY,CN10Y
2008-03-13,0.0417,,,930633,中证旅游,CNY,CN10Y
2008-03-14,0.0415,,,930633,中证旅游,CNY,CN10Y
2008-03-17,0.0412479999999999,,,930633,中证旅游,CNY,CN10Y
2008-03-18,0.041151,,,930633,中证旅游,CNY,CN10Y
2008-03-19,0.04075,,,930633,中证旅游,CNY,CN10Y
2008-03-20,0.0408,,,930633,中证旅游,CNY,CN10Y
2008-03-21,0.0408,,,930633,中证旅游,CNY,CN10Y
2008-03-24,0.04077,,,930633,中证旅游,CNY,CN10Y
2008-03-25,0.040511,,,930633,中证旅游,CNY,CN10Y
2008-03-26,0.040404,,,930633,中证旅游,CNY,CN10Y
2008-03-27,0.040008,,,930633,中证旅游,CNY,CN10Y
2008-03-28,0.040116,,,930633,中证旅游,CNY,CN10Y
2008-03-31,0.04046,,,930633,中证旅游,CNY,CN10Y
2008-04-01,0.040563,,,930633,中证旅游,CNY,CN10Y
2008-04-02,0.040517,,,930633,中证旅游,CNY,CN10Y
2008-04-03,0.040444,,,930633,中证旅游,CNY,CN10Y
2008-04-07,0.04045,,,930633,中证旅游,CNY,CN10Y
2008-04-08,0.0404509999999999,,,930633,中证旅游,CNY,CN10Y
2008-04-09,0.0404509999999999,,,930633,中证旅游,CNY,CN10Y
2008-04-10,0.0404049999999999,,,930633,中证旅游,CNY,CN10Y
2008-04-11,0.040457,,,930633,中证旅游,CNY,CN10Y
2008-04-14,0.040436,,,930633,中证旅游,CNY,CN10Y
2008-04-15,0.040244,,,930633,中证旅游,CNY,CN10Y
2008-04-16,0.040184,,,930633,中证旅游,CNY,CN10Y
2008-04-17,0.040185,,,930633,中证旅游,CNY,CN10Y
2008-04-18,0.0400849999999999,,,930633,中证旅游,CNY,CN10Y
2008-04-21,0.040087,,,930633,中证旅游,CNY,CN10Y
2008-04-22,0.04009,,,930633,中证旅游,CNY,CN10Y
2008-04-23,0.040244,,,930633,中证旅游,CNY,CN10Y
2008-04-24,0.040601,,,930633,中证旅游,CNY,CN10Y
2008-04-25,0.040654,,,930633,中证旅游,CNY,CN10Y
2008-04-28,0.040707,,,930633,中证旅游,CNY,CN10Y
2008-04-29,0.040736,,,930633,中证旅游,CNY,CN10Y
2008-04-30,0.040725,,,930633,中证旅游,CNY,CN10Y
2008-05-04,0.040704,,,930633,中证旅游,CNY,CN10Y
2008-05-05,0.040631,,,930633,中证旅游,CNY,CN10Y
2008-05-06,0.040632,,,930633,中证旅游,CNY,CN10Y
2008-05-07,0.04135,,,930633,中证旅游,CNY,CN10Y
2008-05-08,0.041253,,,930633,中证旅游,CNY,CN10Y
2008-05-09,0.04121,,,930633,中证旅游,CNY,CN10Y
2008-05-12,0.041517,,,930633,中证旅游,CNY,CN10Y
2008-05-13,0.041486,,,930633,中证旅游,CNY,CN10Y
2008-05-14,0.041653,,,930633,中证旅游,CNY,CN10Y
2008-05-15,0.041691,,,930633,中证旅游,CNY,CN10Y
2008-05-16,0.041493,,,930633,中证旅游,CNY,CN10Y
2008-05-19,0.041669,,,930633,中证旅游,CNY,CN10Y
2008-05-20,0.041676,,,930633,中证旅游,CNY,CN10Y
2008-05-21,0.041677,,,930633,中证旅游,CNY,CN10Y
2008-05-22,0.041631,,,930633,中证旅游,CNY,CN10Y
2008-05-23,0.0416319999999999,,,930633,中证旅游,CNY,CN10Y
2008-05-26,0.041636,,,930633,中证旅游,CNY,CN10Y
2008-05-27,0.041618,,,930633,中证旅游,CNY,CN10Y
2008-05-28,0.041676,,,930633,中证旅游,CNY,CN10Y
2008-05-29,0.041636,,,930633,中证旅游,CNY,CN10Y
2008-05-30,0.041589,,,930633,中证旅游,CNY,CN10Y
2008-06-02,0.041626,,,930633,中证旅游,CNY,CN10Y
2008-06-03,0.041588,,,930633,中证旅游,CNY,CN10Y
2008-06-04,0.041589,,,930633,中证旅游,CNY,CN10Y
2008-06-05,0.0415909999999999,,,930633,中证旅游,CNY,CN10Y
2008-06-06,0.0416169999999999,,,930633,中证旅游,CNY,CN10Y
2008-06-10,0.042069,,,930633,中证旅游,CNY,CN10Y
2008-06-11,0.043193,,,930633,中证旅游,CNY,CN10Y
2008-06-12,0.043009,,,930633,中证旅游,CNY,CN10Y
2008-06-13,0.043128,,,930633,中证旅游,CNY,CN10Y
2008-06-16,0.0431789999999999,,,930633,中证旅游,CNY,CN10Y
2008-06-17,0.043354,,,930633,中证旅游,CNY,CN10Y
2008-06-18,0.043356,,,930633,中证旅游,CNY,CN10Y
2008-06-19,0.043358,,,930633,中证旅游,CNY,CN10Y
2008-06-20,0.0442129999999999,,,930633,中证旅游,CNY,CN10Y
2008-06-23,0.044716,,,930633,中证旅游,CNY,CN10Y
2008-06-24,0.044626,,,930633,中证旅游,CNY,CN10Y
2008-06-25,0.044582,,,930633,中证旅游,CNY,CN10Y
2008-06-26,0.045182,,,930633,中证旅游,CNY,CN10Y
2008-06-27,0.0455799999999999,,,930633,中证旅游,CNY,CN10Y
2008-06-30,0.045285,,,930633,中证旅游,CNY,CN10Y
2008-07-01,0.045309,,,930633,中证旅游,CNY,CN10Y
2008-07-02,0.04536,,,930633,中证旅游,CNY,CN10Y
2008-07-03,0.045311,,,930633,中证旅游,CNY,CN10Y
2008-07-04,0.045313,,,930633,中证旅游,CNY,CN10Y
2008-07-07,0.045529,,,930633,中证旅游,CNY,CN10Y
2008-07-08,0.045331,,,930633,中证旅游,CNY,CN10Y
2008-07-09,0.0450589999999999,,,930633,中证旅游,CNY,CN10Y
2008-07-10,0.044725,,,930633,中证旅游,CNY,CN10Y
2008-07-11,0.044562,,,930633,中证旅游,CNY,CN10Y
2008-07-14,0.044328,,,930633,中证旅游,CNY,CN10Y
2008-07-15,0.044332,,,930633,中证旅游,CNY,CN10Y
2008-07-16,0.0443379999999999,,,930633,中证旅游,CNY,CN10Y
2008-07-17,0.04434,,,930633,中证旅游,CNY,CN10Y
2008-07-18,0.044236,,,930633,中证旅游,CNY,CN10Y
2008-07-21,0.0441899999999999,,,930633,中证旅游,CNY,CN10Y
2008-07-22,0.044135,,,930633,中证旅游,CNY,CN10Y
2008-07-23,0.0441359999999999,,,930633,中证旅游,CNY,CN10Y
2008-07-24,0.044137,,,930633,中证旅游,CNY,CN10Y
2008-07-25,0.044342,,,930633,中证旅游,CNY,CN10Y
2008-07-28,0.044374,,,930633,中证旅游,CNY,CN10Y
2008-07-29,0.0444,,,930633,中证旅游,CNY,CN10Y
2008-07-30,0.044351,,,930633,中证旅游,CNY,CN10Y
2008-07-31,0.044401,,,930633,中证旅游,CNY,CN10Y
2008-08-01,0.0446009999999999,,,930633,中证旅游,CNY,CN10Y
2008-08-04,0.044612,,,930633,中证旅游,CNY,CN10Y
2008-08-05,0.044565,,,930633,中证旅游,CNY,CN10Y
2008-08-06,0.044411,,,930633,中证旅游,CNY,CN10Y
2008-08-07,0.0452379999999999,,,930633,中证旅游,CNY,CN10Y
2008-08-08,0.044988,,,930633,中证旅游,CNY,CN10Y
2008-08-11,0.045596,,,930633,中证旅游,CNY,CN10Y
2008-08-12,0.045139,,,930633,中证旅游,CNY,CN10Y
2008-08-13,0.045038,,,930633,中证旅游,CNY,CN10Y
2008-08-14,0.044736,,,930633,中证旅游,CNY,CN10Y
2008-08-15,0.044133,,,930633,中证旅游,CNY,CN10Y
2008-08-18,0.044141,,,930633,中证旅游,CNY,CN10Y
2008-08-19,0.044042,,,930633,中证旅游,CNY,CN10Y
2008-08-20,0.043944,,,930633,中证旅游,CNY,CN10Y
2008-08-21,0.043689,,,930633,中证旅游,CNY,CN10Y
2008-08-22,0.043554,,,930633,中证旅游,CNY,CN10Y
2008-08-25,0.043431,,,930633,中证旅游,CNY,CN10Y
2008-08-26,0.043292,,,930633,中证旅游,CNY,CN10Y
2008-08-27,0.0430959999999999,,,930633,中证旅游,CNY,CN10Y
2008-08-28,0.042753,,,930633,中证旅游,CNY,CN10Y
2008-08-29,0.042234,,,930633,中证旅游,CNY,CN10Y
2008-09-01,0.041363,,,930633,中证旅游,CNY,CN10Y
2008-09-02,0.041714,,,930633,中证旅游,CNY,CN10Y
2008-09-03,0.0414109999999999,,,930633,中证旅游,CNY,CN10Y
2008-09-04,0.041643,,,930633,中证旅游,CNY,CN10Y
2008-09-05,0.041703,,,930633,中证旅游,CNY,CN10Y
2008-09-08,0.041705,,,930633,中证旅游,CNY,CN10Y
2008-09-09,0.041429,,,930633,中证旅游,CNY,CN10Y
2008-09-10,0.0410149999999999,,,930633,中证旅游,CNY,CN10Y
2008-09-11,0.040631,,,930633,中证旅游,CNY,CN10Y
2008-09-12,0.039712,,,930633,中证旅游,CNY,CN10Y
2008-09-16,0.038,,,930633,中证旅游,CNY,CN10Y
2008-09-17,0.037119,,,930633,中证旅游,CNY,CN10Y
2008-09-18,0.03712,,,930633,中证旅游,CNY,CN10Y
2008-09-19,0.0369,,,930633,中证旅游,CNY,CN10Y
2008-09-22,0.0375939999999999,,,930633,中证旅游,CNY,CN10Y
2008-09-23,0.037612,,,930633,中证旅游,CNY,CN10Y
2008-09-24,0.037601,,,930633,中证旅游,CNY,CN10Y
2008-09-25,0.037276,,,930633,中证旅游,CNY,CN10Y
2008-09-26,0.037282,,,930633,中证旅游,CNY,CN10Y
2008-09-27,0.037143,,,930633,中证旅游,CNY,CN10Y
2008-09-28,0.037155,,,930633,中证旅游,CNY,CN10Y
2008-10-06,0.036809,,,930633,中证旅游,CNY,CN10Y
2008-10-07,0.035309,,,930633,中证旅游,CNY,CN10Y
2008-10-08,0.033499,,,930633,中证旅游,CNY,CN10Y
2008-10-09,0.0315,,,930633,中证旅游,CNY,CN10Y
2008-10-10,0.03051,,,930633,中证旅游,CNY,CN10Y
2008-10-13,0.0312599999999999,,,930633,中证旅游,CNY,CN10Y
2008-10-14,0.031593,,,930633,中证旅游,CNY,CN10Y
2008-10-15,0.031062,,,930633,中证旅游,CNY,CN10Y
2008-10-16,0.031267,,,930633,中证旅游,CNY,CN10Y
2008-10-17,0.031768,,,930633,中证旅游,CNY,CN10Y
2008-10-20,0.03182,,,930633,中证旅游,CNY,CN10Y
2008-10-21,0.031826,,,930633,中证旅游,CNY,CN10Y
2008-10-22,0.031922,,,930633,中证旅游,CNY,CN10Y
2008-10-23,0.031978,,,930633,中证旅游,CNY,CN10Y
2008-10-24,0.031931,,,930633,中证旅游,CNY,CN10Y
2008-10-27,0.031522,,,930633,中证旅游,CNY,CN10Y
2008-10-28,0.031042,,,930633,中证旅游,CNY,CN10Y
2008-10-29,0.030694,,,930633,中证旅游,CNY,CN10Y
2008-10-30,0.030703,,,930633,中证旅游,CNY,CN10Y
2008-10-31,0.030751,,,930633,中证旅游,CNY,CN10Y
2008-11-03,0.030549,,,930633,中证旅游,CNY,CN10Y
2008-11-04,0.030569,,,930633,中证旅游,CNY,CN10Y
2008-11-05,0.030676,,,930633,中证旅游,CNY,CN10Y
2008-11-06,0.030424,,,930633,中证旅游,CNY,CN10Y
2008-11-07,0.029767,,,930633,中证旅游,CNY,CN10Y
2008-11-10,0.029005,,,930633,中证旅游,CNY,CN10Y
2008-11-11,0.029221,,,930633,中证旅游,CNY,CN10Y
2008-11-12,0.028969,,,930633,中证旅游,CNY,CN10Y
2008-11-13,0.028639,,,930633,中证旅游,CNY,CN10Y
2008-11-14,0.0294819999999999,,,930633,中证旅游,CNY,CN10Y
2008-11-17,0.029984,,,930633,中证旅游,CNY,CN10Y
2008-11-18,0.0299739999999999,,,930633,中证旅游,CNY,CN10Y
2008-11-19,0.030885,,,930633,中证旅游,CNY,CN10Y
2008-11-20,0.030531,,,930633,中证旅游,CNY,CN10Y
2008-11-21,0.030049,,,930633,中证旅游,CNY,CN10Y
2008-11-24,0.030638,,,930633,中证旅游,CNY,CN10Y
2008-11-25,0.031728,,,930633,中证旅游,CNY,CN10Y
2008-11-26,0.031034,,,930633,中证旅游,CNY,CN10Y
2008-11-27,0.029064,,,930633,中证旅游,CNY,CN10Y
2008-11-28,0.029905,,,930633,中证旅游,CNY,CN10Y
2008-12-01,0.030378,,,930633,中证旅游,CNY,CN10Y
2008-12-02,0.030306,,,930633,中证旅游,CNY,CN10Y
2008-12-03,0.029467,,,930633,中证旅游,CNY,CN10Y
2008-12-04,0.0293429999999999,,,930633,中证旅游,CNY,CN10Y
2008-12-05,0.029061,,,930633,中证旅游,CNY,CN10Y
2008-12-08,0.029053,,,930633,中证旅游,CNY,CN10Y
2008-12-09,0.030072,,,930633,中证旅游,CNY,CN10Y
2008-12-10,0.03013,,,930633,中证旅游,CNY,CN10Y
2008-12-11,0.03004,,,930633,中证旅游,CNY,CN10Y
2008-12-12,0.029237,,,930633,中证旅游,CNY,CN10Y
2008-12-15,0.029186,,,930633,中证旅游,CNY,CN10Y
2008-12-16,0.029243,,,930633,中证旅游,CNY,CN10Y
2008-12-17,0.0281,,,930633,中证旅游,CNY,CN10Y
2008-12-18,0.0270429999999999,,,930633,中证旅游,CNY,CN10Y
2008-12-19,0.027384,,,930633,中证旅游,CNY,CN10Y
2008-12-22,0.0273899999999999,,,930633,中证旅游,CNY,CN10Y
2008-12-23,0.0268869999999999,,,930633,中证旅游,CNY,CN10Y
2008-12-24,0.027045,,,930633,中证旅游,CNY,CN10Y
2008-12-25,0.0270469999999999,,,930633,中证旅游,CNY,CN10Y
2008-12-26,0.027301,,,930633,中证旅游,CNY,CN10Y
2008-12-29,0.027559,,,930633,中证旅游,CNY,CN10Y
2008-12-30,0.027566,,,930633,中证旅游,CNY,CN10Y
2008-12-31,0.027521,,,930633,中证旅游,CNY,CN10Y
2009-01-04,0.027102,,,930633,中证旅游,CNY,CN10Y
2009-01-05,0.0273,,,930633,中证旅游,CNY,CN10Y
2009-01-06,0.026909,,,930633,中证旅游,CNY,CN10Y
2009-01-07,0.026711,,,930633,中证旅游,CNY,CN10Y
2009-01-08,0.026716,,,930633,中证旅游,CNY,CN10Y
2009-01-09,0.026722,,,930633,中证旅游,CNY,CN10Y
2009-01-12,0.027,,,930633,中证旅游,CNY,CN10Y
2009-01-13,0.0282569999999999,,,930633,中证旅游,CNY,CN10Y
2009-01-14,0.028818,,,930633,中证旅游,CNY,CN10Y
2009-01-15,0.029897,,,930633,中证旅游,CNY,CN10Y
2009-01-16,0.02994,,,930633,中证旅游,CNY,CN10Y
2009-01-19,0.030123,,,930633,中证旅游,CNY,CN10Y
2009-01-20,0.0309949999999999,,,930633,中证旅游,CNY,CN10Y
2009-01-21,0.031398,,,930633,中证旅游,CNY,CN10Y
2009-01-22,0.030619,,,930633,中证旅游,CNY,CN10Y
2009-01-23,0.030367,,,930633,中证旅游,CNY,CN10Y
2009-01-24,0.030368,,,930633,中证旅游,CNY,CN10Y
2009-02-01,0.0305019999999999,,,930633,中证旅游,CNY,CN10Y
2009-02-02,0.031433,,,930633,中证旅游,CNY,CN10Y
2009-02-03,0.031766,,,930633,中证旅游,CNY,CN10Y
2009-02-04,0.032946,,,930633,中证旅游,CNY,CN10Y
2009-02-05,0.034013,,,930633,中证旅游,CNY,CN10Y
2009-02-06,0.0329669999999999,,,930633,中证旅游,CNY,CN10Y
2009-02-09,0.03269,,,930633,中证旅游,CNY,CN10Y
2009-02-10,0.033001,,,930633,中证旅游,CNY,CN10Y
2009-02-11,0.032323,,,930633,中证旅游,CNY,CN10Y
2009-02-12,0.031271,,,930633,中证旅游,CNY,CN10Y
2009-02-13,0.031321,,,930633,中证旅游,CNY,CN10Y
2009-02-16,0.031547,,,930633,中证旅游,CNY,CN10Y
2009-02-17,0.031897,,,930633,中证旅游,CNY,CN10Y
2009-02-18,0.031703,,,930633,中证旅游,CNY,CN10Y
2009-02-19,0.031385,,,930633,中证旅游,CNY,CN10Y
2009-02-20,0.031583,,,930633,中证旅游,CNY,CN10Y
2009-02-23,0.031555,,,930633,中证旅游,CNY,CN10Y
2009-02-24,0.031508,,,930633,中证旅游,CNY,CN10Y
2009-02-25,0.031412,,,930633,中证旅游,CNY,CN10Y
2009-02-26,0.0314469999999999,,,930633,中证旅游,CNY,CN10Y
2009-02-27,0.031508,,,930633,中证旅游,CNY,CN10Y
2009-03-02,0.031582,,,930633,中证旅游,CNY,CN10Y
2009-03-03,0.031755,,,930633,中证旅游,CNY,CN10Y
2009-03-04,0.032075,,,930633,中证旅游,CNY,CN10Y
2009-03-05,0.03231,,,930633,中证旅游,CNY,CN10Y
2009-03-06,0.032291,,,930633,中证旅游,CNY,CN10Y
2009-03-09,0.0320359999999999,,,930633,中证旅游,CNY,CN10Y
2009-03-10,0.03178,,,930633,中证旅游,CNY,CN10Y
2009-03-11,0.031331,,,930633,中证旅游,CNY,CN10Y
2009-03-12,0.031524,,,930633,中证旅游,CNY,CN10Y
2009-03-13,0.03148,,,930633,中证旅游,CNY,CN10Y
2009-03-16,0.031534,,,930633,中证旅游,CNY,CN10Y
2009-03-17,0.031249,,,930633,中证旅游,CNY,CN10Y
2009-03-18,0.031,,,930633,中证旅游,CNY,CN10Y
2009-03-19,0.030768,,,930633,中证旅游,CNY,CN10Y
2009-03-20,0.030772,,,930633,中证旅游,CNY,CN10Y
2009-03-23,0.030831,,,930633,中证旅游,CNY,CN10Y
2009-03-24,0.031295,,,930633,中证旅游,CNY,CN10Y
2009-03-25,0.031297,,,930633,中证旅游,CNY,CN10Y
2009-03-26,0.031606,,,930633,中证旅游,CNY,CN10Y
2009-03-27,0.031594,,,930633,中证旅游,CNY,CN10Y
2009-03-30,0.031608,,,930633,中证旅游,CNY,CN10Y
2009-03-31,0.031612,,,930633,中证旅游,CNY,CN10Y
2009-04-01,0.031618,,,930633,中证旅游,CNY,CN10Y
2009-04-02,0.031714,,,930633,中证旅游,CNY,CN10Y
2009-04-03,0.031805,,,930633,中证旅游,CNY,CN10Y
2009-04-07,0.031805,,,930633,中证旅游,CNY,CN10Y
2009-04-08,0.031869,,,930633,中证旅游,CNY,CN10Y
2009-04-09,0.031949,,,930633,中证旅游,CNY,CN10Y
2009-04-10,0.0319539999999999,,,930633,中证旅游,CNY,CN10Y
2009-04-13,0.031953,,,930633,中证旅游,CNY,CN10Y
2009-04-14,0.032044,,,930633,中证旅游,CNY,CN10Y
2009-04-15,0.032114,,,930633,中证旅游,CNY,CN10Y
2009-04-16,0.031841,,,930633,中证旅游,CNY,CN10Y
2009-04-17,0.031634,,,930633,中证旅游,CNY,CN10Y
2009-04-20,0.031412,,,930633,中证旅游,CNY,CN10Y
2009-04-21,0.031616,,,930633,中证旅游,CNY,CN10Y
2009-04-22,0.031609,,,930633,中证旅游,CNY,CN10Y
2009-04-23,0.031618,,,930633,中证旅游,CNY,CN10Y
2009-04-24,0.0315709999999999,,,930633,中证旅游,CNY,CN10Y
2009-04-27,0.031579,,,930633,中证旅游,CNY,CN10Y
2009-04-28,0.031532,,,930633,中证旅游,CNY,CN10Y
2009-04-29,0.031286,,,930633,中证旅游,CNY,CN10Y
2009-04-30,0.031072,,,930633,中证旅游,CNY,CN10Y
2009-05-04,0.0310919999999999,,,930633,中证旅游,CNY,CN10Y
2009-05-05,0.031036,,,930633,中证旅游,CNY,CN10Y
2009-05-06,0.030795,,,930633,中证旅游,CNY,CN10Y
2009-05-07,0.030739,,,930633,中证旅游,CNY,CN10Y
2009-05-08,0.030701,,,930633,中证旅游,CNY,CN10Y
2009-05-11,0.030698,,,930633,中证旅游,CNY,CN10Y
2009-05-12,0.030662,,,930633,中证旅游,CNY,CN10Y
2009-05-13,0.030365,,,930633,中证旅游,CNY,CN10Y
2009-05-14,0.030318,,,930633,中证旅游,CNY,CN10Y
2009-05-15,0.0303209999999999,,,930633,中证旅游,CNY,CN10Y
2009-05-18,0.030277,,,930633,中证旅游,CNY,CN10Y
2009-05-19,0.030384,,,930633,中证旅游,CNY,CN10Y
2009-05-20,0.030386,,,930633,中证旅游,CNY,CN10Y
2009-05-21,0.030388,,,930633,中证旅游,CNY,CN10Y
2009-05-22,0.030434,,,930633,中证旅游,CNY,CN10Y
2009-05-25,0.030441,,,930633,中证旅游,CNY,CN10Y
2009-05-26,0.030546,,,930633,中证旅游,CNY,CN10Y
2009-05-27,0.03039,,,930633,中证旅游,CNY,CN10Y
2009-05-31,0.030409,,,930633,中证旅游,CNY,CN10Y
2009-06-01,0.030615,,,930633,中证旅游,CNY,CN10Y
2009-06-02,0.030515,,,930633,中证旅游,CNY,CN10Y
2009-06-03,0.03065,,,930633,中证旅游,CNY,CN10Y
2009-06-04,0.031349,,,930633,中证旅游,CNY,CN10Y
2009-06-05,0.031474,,,930633,中证旅游,CNY,CN10Y
2009-06-08,0.031543,,,930633,中证旅游,CNY,CN10Y
2009-06-09,0.031481,,,930633,中证旅游,CNY,CN10Y
2009-06-10,0.03166,,,930633,中证旅游,CNY,CN10Y
2009-06-11,0.0317,,,930633,中证旅游,CNY,CN10Y
2009-06-12,0.031868,,,930633,中证旅游,CNY,CN10Y
2009-06-15,0.031947,,,930633,中证旅游,CNY,CN10Y
2009-06-16,0.031476,,,930633,中证旅游,CNY,CN10Y
2009-06-17,0.031332,,,930633,中证旅游,CNY,CN10Y
2009-06-18,0.031536,,,930633,中证旅游,CNY,CN10Y
2009-06-19,0.031543,,,930633,中证旅游,CNY,CN10Y
2009-06-22,0.031876,,,930633,中证旅游,CNY,CN10Y
2009-06-23,0.032325,,,930633,中证旅游,CNY,CN10Y
2009-06-24,0.032397,,,930633,中证旅游,CNY,CN10Y
2009-06-25,0.032525,,,930633,中证旅游,CNY,CN10Y
2009-06-26,0.032628,,,930633,中证旅游,CNY,CN10Y
2009-06-29,0.032456,,,930633,中证旅游,CNY,CN10Y
2009-06-30,0.032403,,,930633,中证旅游,CNY,CN10Y
2009-07-01,0.0323,,,930633,中证旅游,CNY,CN10Y
2009-07-02,0.032277,,,930633,中证旅游,CNY,CN10Y
2009-07-03,0.032534,,,930633,中证旅游,CNY,CN10Y
2009-07-06,0.032702,,,930633,中证旅游,CNY,CN10Y
2009-07-07,0.032706,,,930633,中证旅游,CNY,CN10Y
2009-07-08,0.032709,,,930633,中证旅游,CNY,CN10Y
2009-07-09,0.033068,,,930633,中证旅游,CNY,CN10Y
2009-07-10,0.033056,,,930633,中证旅游,CNY,CN10Y
2009-07-13,0.03306,,,930633,中证旅游,CNY,CN10Y
2009-07-14,0.033322,,,930633,中证旅游,CNY,CN10Y
2009-07-15,0.033816,,,930633,中证旅游,CNY,CN10Y
2009-07-16,0.034421,,,930633,中证旅游,CNY,CN10Y
2009-07-17,0.03451,,,930633,中证旅游,CNY,CN10Y
2009-07-20,0.03478,,,930633,中证旅游,CNY,CN10Y
2009-07-21,0.034697,,,930633,中证旅游,CNY,CN10Y
2009-07-22,0.034522,,,930633,中证旅游,CNY,CN10Y
2009-07-23,0.034511,,,930633,中证旅游,CNY,CN10Y
2009-07-24,0.034588,,,930633,中证旅游,CNY,CN10Y
2009-07-27,0.035091,,,930633,中证旅游,CNY,CN10Y
2009-07-28,0.034866,,,930633,中证旅游,CNY,CN10Y
2009-07-29,0.0350199999999999,,,930633,中证旅游,CNY,CN10Y
2009-07-30,0.034905,,,930633,中证旅游,CNY,CN10Y
2009-07-31,0.03503,,,930633,中证旅游,CNY,CN10Y
2009-08-03,0.035034,,,930633,中证旅游,CNY,CN10Y
2009-08-04,0.03515,,,930633,中证旅游,CNY,CN10Y
2009-08-05,0.035165,,,930633,中证旅游,CNY,CN10Y
2009-08-06,0.035167,,,930633,中证旅游,CNY,CN10Y
2009-08-07,0.035168,,,930633,中证旅游,CNY,CN10Y
2009-08-10,0.035177,,,930633,中证旅游,CNY,CN10Y
2009-08-11,0.0351799999999999,,,930633,中证旅游,CNY,CN10Y
2009-08-12,0.035209,,,930633,中证旅游,CNY,CN10Y
2009-08-13,0.0351869999999999,,,930633,中证旅游,CNY,CN10Y
2009-08-14,0.0351799999999999,,,930633,中证旅游,CNY,CN10Y
2009-08-17,0.035231,,,930633,中证旅游,CNY,CN10Y
2009-08-18,0.035242,,,930633,中证旅游,CNY,CN10Y
2009-08-19,0.035255,,,930633,中证旅游,CNY,CN10Y
2009-08-20,0.035162,,,930633,中证旅游,CNY,CN10Y
2009-08-21,0.035276,,,930633,中证旅游,CNY,CN10Y
2009-08-24,0.034886,,,930633,中证旅游,CNY,CN10Y
2009-08-25,0.034966,,,930633,中证旅游,CNY,CN10Y
2009-08-26,0.03485,,,930633,中证旅游,CNY,CN10Y
2009-08-27,0.034847,,,930633,中证旅游,CNY,CN10Y
2009-08-28,0.0348,,,930633,中证旅游,CNY,CN10Y
2009-08-31,0.034805,,,930633,中证旅游,CNY,CN10Y
2009-09-01,0.03481,,,930633,中证旅游,CNY,CN10Y
2009-09-02,0.034982,,,930633,中证旅游,CNY,CN10Y
2009-09-03,0.034862,,,930633,中证旅游,CNY,CN10Y
2009-09-04,0.034698,,,930633,中证旅游,CNY,CN10Y
2009-09-07,0.034317,,,930633,中证旅游,CNY,CN10Y
2009-09-08,0.034268,,,930633,中证旅游,CNY,CN10Y
2009-09-09,0.034323,,,930633,中证旅游,CNY,CN10Y
2009-09-10,0.03451,,,930633,中证旅游,CNY,CN10Y
2009-09-11,0.0346519999999999,,,930633,中证旅游,CNY,CN10Y
2009-09-14,0.0346309999999999,,,930633,中证旅游,CNY,CN10Y
2009-09-15,0.034581,,,930633,中证旅游,CNY,CN10Y
2009-09-16,0.034535,,,930633,中证旅游,CNY,CN10Y
2009-09-17,0.034636,,,930633,中证旅游,CNY,CN10Y
2009-09-18,0.034741,,,930633,中证旅游,CNY,CN10Y
2009-09-21,0.035132,,,930633,中证旅游,CNY,CN10Y
2009-09-22,0.035212,,,930633,中证旅游,CNY,CN10Y
2009-09-23,0.035126,,,930633,中证旅游,CNY,CN10Y
2009-09-24,0.0350959999999999,,,930633,中证旅游,CNY,CN10Y
2009-09-25,0.035101,,,930633,中证旅游,CNY,CN10Y
2009-09-27,0.035103,,,930633,中证旅游,CNY,CN10Y
2009-09-28,0.034917,,,930633,中证旅游,CNY,CN10Y
2009-09-29,0.035,,,930633,中证旅游,CNY,CN10Y
2009-09-30,0.035132,,,930633,中证旅游,CNY,CN10Y
2009-10-09,0.035542,,,930633,中证旅游,CNY,CN10Y
2009-10-10,0.035541,,,930633,中证旅游,CNY,CN10Y
2009-10-12,0.036043,,,930633,中证旅游,CNY,CN10Y
2009-10-13,0.036305,,,930633,中证旅游,CNY,CN10Y
2009-10-14,0.036787,,,930633,中证旅游,CNY,CN10Y
2009-10-15,0.037,,,930633,中证旅游,CNY,CN10Y
2009-10-16,0.037058,,,930633,中证旅游,CNY,CN10Y
2009-10-19,0.036789,,,930633,中证旅游,CNY,CN10Y
2009-10-20,0.036773,,,930633,中证旅游,CNY,CN10Y
2009-10-21,0.036933,,,930633,中证旅游,CNY,CN10Y
2009-10-22,0.036587,,,930633,中证旅游,CNY,CN10Y
2009-10-23,0.03692,,,930633,中证旅游,CNY,CN10Y
2009-10-26,0.036925,,,930633,中证旅游,CNY,CN10Y
2009-10-27,0.036905,,,930633,中证旅游,CNY,CN10Y
2009-10-28,0.036855,,,930633,中证旅游,CNY,CN10Y
2009-10-29,0.036818,,,930633,中证旅游,CNY,CN10Y
2009-10-30,0.036886,,,930633,中证旅游,CNY,CN10Y
2009-11-02,0.03692,,,930633,中证旅游,CNY,CN10Y
2009-11-03,0.036944,,,930633,中证旅游,CNY,CN10Y
2009-11-04,0.037038,,,930633,中证旅游,CNY,CN10Y
2009-11-05,0.037247,,,930633,中证旅游,CNY,CN10Y
2009-11-06,0.037303,,,930633,中证旅游,CNY,CN10Y
2009-11-09,0.037313,,,930633,中证旅游,CNY,CN10Y
2009-11-10,0.037281,,,930633,中证旅游,CNY,CN10Y
2009-11-11,0.036988,,,930633,中证旅游,CNY,CN10Y
2009-11-12,0.036918,,,930633,中证旅游,CNY,CN10Y
2009-11-13,0.036921,,,930633,中证旅游,CNY,CN10Y
2009-11-16,0.036927,,,930633,中证旅游,CNY,CN10Y
2009-11-17,0.036956,,,930633,中证旅游,CNY,CN10Y
2009-11-18,0.036885,,,930633,中证旅游,CNY,CN10Y
2009-11-19,0.0368659999999999,,,930633,中证旅游,CNY,CN10Y
2009-11-20,0.036648,,,930633,中证旅游,CNY,CN10Y
2009-11-23,0.036703,,,930633,中证旅游,CNY,CN10Y
2009-11-24,0.036504,,,930633,中证旅游,CNY,CN10Y
2009-11-25,0.03651,,,930633,中证旅游,CNY,CN10Y
2009-11-26,0.036459,,,930633,中证旅游,CNY,CN10Y
2009-11-27,0.035759,,,930633,中证旅游,CNY,CN10Y
2009-11-30,0.035569,,,930633,中证旅游,CNY,CN10Y
2009-12-01,0.035723,,,930633,中证旅游,CNY,CN10Y
2009-12-02,0.035725,,,930633,中证旅游,CNY,CN10Y
2009-12-03,0.035929,,,930633,中证旅游,CNY,CN10Y
2009-12-04,0.035983,,,930633,中证旅游,CNY,CN10Y
2009-12-07,0.0362,,,930633,中证旅游,CNY,CN10Y
2009-12-08,0.036292,,,930633,中证旅游,CNY,CN10Y
2009-12-09,0.036251,,,930633,中证旅游,CNY,CN10Y
2009-12-10,0.036258,,,930633,中证旅游,CNY,CN10Y
2009-12-11,0.036257,,,930633,中证旅游,CNY,CN10Y
2009-12-14,0.036348,,,930633,中证旅游,CNY,CN10Y
2009-12-15,0.036314,,,930633,中证旅游,CNY,CN10Y
2009-12-16,0.036339,,,930633,中证旅游,CNY,CN10Y
2009-12-17,0.036365,,,930633,中证旅游,CNY,CN10Y
2009-12-18,0.036393,,,930633,中证旅游,CNY,CN10Y
2009-12-21,0.036508,,,930633,中证旅游,CNY,CN10Y
2009-12-22,0.036507,,,930633,中证旅游,CNY,CN10Y
2009-12-23,0.036589,,,930633,中证旅游,CNY,CN10Y
2009-12-24,0.036565,,,930633,中证旅游,CNY,CN10Y
2009-12-25,0.036543,,,930633,中证旅游,CNY,CN10Y
2009-12-28,0.0365,,,930633,中证旅游,CNY,CN10Y
2009-12-29,0.036426,,,930633,中证旅游,CNY,CN10Y
2009-12-30,0.036429,,,930633,中证旅游,CNY,CN10Y
2009-12-31,0.0364219999999999,,,930633,中证旅游,CNY,CN10Y
2010-01-04,0.036603,,,930633,中证旅游,CNY,CN10Y
2010-01-05,0.036606,,,930633,中证旅游,CNY,CN10Y
2010-01-06,0.036425,,,930633,中证旅游,CNY,CN10Y
2010-01-07,0.036543,,,930633,中证旅游,CNY,CN10Y
2010-01-08,0.036614,,,930633,中证旅游,CNY,CN10Y
2010-01-11,0.036696,,,930633,中证旅游,CNY,CN10Y
2010-01-12,0.036694,,,930633,中证旅游,CNY,CN10Y
2010-01-13,0.0370529999999999,,,930633,中证旅游,CNY,CN10Y
2010-01-14,0.036868,,,930633,中证旅游,CNY,CN10Y
2010-01-15,0.036871,,,930633,中证旅游,CNY,CN10Y
2010-01-18,0.036852,,,930633,中证旅游,CNY,CN10Y
2010-01-19,0.036559,,,930633,中证旅游,CNY,CN10Y
2010-01-20,0.0364,,,930633,中证旅游,CNY,CN10Y
2010-01-21,0.036558,,,930633,中证旅游,CNY,CN10Y
2010-01-22,0.0363,,,930633,中证旅游,CNY,CN10Y
2010-01-25,0.036,,,930633,中证旅游,CNY,CN10Y
2010-01-26,0.035838,,,930633,中证旅游,CNY,CN10Y
2010-01-27,0.035648,,,930633,中证旅游,CNY,CN10Y
2010-01-28,0.035879,,,930633,中证旅游,CNY,CN10Y
2010-01-29,0.0358,,,930633,中证旅游,CNY,CN10Y
2010-02-01,0.035406,,,930633,中证旅游,CNY,CN10Y
2010-02-02,0.034956,,,930633,中证旅游,CNY,CN10Y
2010-02-03,0.034648,,,930633,中证旅游,CNY,CN10Y
2010-02-04,0.035006,,,930633,中证旅游,CNY,CN10Y
2010-02-05,0.034733,,,930633,中证旅游,CNY,CN10Y
2010-02-08,0.034706,,,930633,中证旅游,CNY,CN10Y
2010-02-09,0.0347429999999999,,,930633,中证旅游,CNY,CN10Y
2010-02-10,0.034615,,,930633,中证旅游,CNY,CN10Y
2010-02-11,0.034516,,,930633,中证旅游,CNY,CN10Y
2010-02-12,0.03457,,,930633,中证旅游,CNY,CN10Y
2010-02-20,0.034889,,,930633,中证旅游,CNY,CN10Y
2010-02-21,0.034841,,,930633,中证旅游,CNY,CN10Y
2010-02-22,0.035149,,,930633,中证旅游,CNY,CN10Y
2010-02-23,0.0351,,,930633,中证旅游,CNY,CN10Y
2010-02-24,0.0346459999999999,,,930633,中证旅游,CNY,CN10Y
2010-02-25,0.034448,,,930633,中证旅游,CNY,CN10Y
2010-02-26,0.033753,,,930633,中证旅游,CNY,CN10Y
2010-03-01,0.033613,,,930633,中证旅游,CNY,CN10Y
2010-03-02,0.033414,,,930633,中证旅游,CNY,CN10Y
2010-03-03,0.033169,,,930633,中证旅游,CNY,CN10Y
2010-03-04,0.033518,,,930633,中证旅游,CNY,CN10Y
2010-03-05,0.033537,,,930633,中证旅游,CNY,CN10Y
2010-03-08,0.033602,,,930633,中证旅游,CNY,CN10Y
2010-03-09,0.033817,,,930633,中证旅游,CNY,CN10Y
2010-03-10,0.03403,,,930633,中证旅游,CNY,CN10Y
2010-03-11,0.034559,,,930633,中证旅游,CNY,CN10Y
2010-03-12,0.034526,,,930633,中证旅游,CNY,CN10Y
2010-03-15,0.034484,,,930633,中证旅游,CNY,CN10Y
2010-03-16,0.034331,,,930633,中证旅游,CNY,CN10Y
2010-03-17,0.033829,,,930633,中证旅游,CNY,CN10Y
2010-03-18,0.033639,,,930633,中证旅游,CNY,CN10Y
2010-03-19,0.033805,,,930633,中证旅游,CNY,CN10Y
2010-03-22,0.034216,,,930633,中证旅游,CNY,CN10Y
2010-03-23,0.034062,,,930633,中证旅游,CNY,CN10Y
2010-03-24,0.033961,,,930633,中证旅游,CNY,CN10Y
2010-03-25,0.034168,,,930633,中证旅游,CNY,CN10Y
2010-03-26,0.034582,,,930633,中证旅游,CNY,CN10Y
2010-03-29,0.034784,,,930633,中证旅游,CNY,CN10Y
2010-03-30,0.034959,,,930633,中证旅游,CNY,CN10Y
2010-03-31,0.0348179999999999,,,930633,中证旅游,CNY,CN10Y
2010-04-01,0.034742,,,930633,中证旅游,CNY,CN10Y
2010-04-02,0.0348,,,930633,中证旅游,CNY,CN10Y
2010-04-06,0.035021,,,930633,中证旅游,CNY,CN10Y
2010-04-07,0.035182,,,930633,中证旅游,CNY,CN10Y
2010-04-08,0.035549,,,930633,中证旅游,CNY,CN10Y
2010-04-09,0.035468,,,930633,中证旅游,CNY,CN10Y
2010-04-12,0.035343,,,930633,中证旅游,CNY,CN10Y
2010-04-13,0.035031,,,930633,中证旅游,CNY,CN10Y
2010-04-14,0.035043,,,930633,中证旅游,CNY,CN10Y
2010-04-15,0.035071,,,930633,中证旅游,CNY,CN10Y
2010-04-16,0.034813,,,930633,中证旅游,CNY,CN10Y
2010-04-19,0.034116,,,930633,中证旅游,CNY,CN10Y
2010-04-20,0.034086,,,930633,中证旅游,CNY,CN10Y
2010-04-21,0.034354,,,930633,中证旅游,CNY,CN10Y
2010-04-22,0.034093,,,930633,中证旅游,CNY,CN10Y
2010-04-23,0.034106,,,930633,中证旅游,CNY,CN10Y
2010-04-26,0.033715,,,930633,中证旅游,CNY,CN10Y
2010-04-27,0.033768,,,930633,中证旅游,CNY,CN10Y
2010-04-28,0.033456,,,930633,中证旅游,CNY,CN10Y
2010-04-29,0.033607,,,930633,中证旅游,CNY,CN10Y
2010-04-30,0.033565,,,930633,中证旅游,CNY,CN10Y
2010-05-04,0.033826,,,930633,中证旅游,CNY,CN10Y
2010-05-05,0.033636,,,930633,中证旅游,CNY,CN10Y
2010-05-06,0.033485,,,930633,中证旅游,CNY,CN10Y
2010-05-07,0.032721,,,930633,中证旅游,CNY,CN10Y
2010-05-10,0.033027,,,930633,中证旅游,CNY,CN10Y
2010-05-11,0.032983,,,930633,中证旅游,CNY,CN10Y
2010-05-12,0.032781,,,930633,中证旅游,CNY,CN10Y
2010-05-13,0.032686,,,930633,中证旅游,CNY,CN10Y
2010-05-14,0.032687,,,930633,中证旅游,CNY,CN10Y
2010-05-17,0.032257,,,930633,中证旅游,CNY,CN10Y
2010-05-18,0.032118,,,930633,中证旅游,CNY,CN10Y
2010-05-19,0.031865,,,930633,中证旅游,CNY,CN10Y
2010-05-20,0.032078,,,930633,中证旅游,CNY,CN10Y
2010-05-21,0.031972,,,930633,中证旅游,CNY,CN10Y
2010-05-24,0.032277,,,930633,中证旅游,CNY,CN10Y
2010-05-25,0.0320299999999999,,,930633,中证旅游,CNY,CN10Y
2010-05-26,0.0322719999999999,,,930633,中证旅游,CNY,CN10Y
2010-05-27,0.032416,,,930633,中证旅游,CNY,CN10Y
2010-05-28,0.032529,,,930633,中证旅游,CNY,CN10Y
2010-05-31,0.03243,,,930633,中证旅游,CNY,CN10Y
2010-06-01,0.032726,,,930633,中证旅游,CNY,CN10Y
2010-06-02,0.032748,,,930633,中证旅游,CNY,CN10Y
2010-06-03,0.032478,,,930633,中证旅游,CNY,CN10Y
2010-06-04,0.032512,,,930633,中证旅游,CNY,CN10Y
2010-06-07,0.03226,,,930633,中证旅游,CNY,CN10Y
2010-06-08,0.0324319999999999,,,930633,中证旅游,CNY,CN10Y
2010-06-09,0.032845,,,930633,中证旅游,CNY,CN10Y
2010-06-10,0.032891,,,930633,中证旅游,CNY,CN10Y
2010-06-11,0.0333199999999999,,,930633,中证旅游,CNY,CN10Y
2010-06-12,0.033282,,,930633,中证旅游,CNY,CN10Y
2010-06-13,0.033282,,,930633,中证旅游,CNY,CN10Y
2010-06-17,0.033296,,,930633,中证旅游,CNY,CN10Y
2010-06-18,0.033836,,,930633,中证旅游,CNY,CN10Y
2010-06-21,0.033925,,,930633,中证旅游,CNY,CN10Y
2010-06-22,0.033807,,,930633,中证旅游,CNY,CN10Y
2010-06-23,0.034129,,,930633,中证旅游,CNY,CN10Y
2010-06-24,0.034179,,,930633,中证旅游,CNY,CN10Y
2010-06-25,0.033822,,,930633,中证旅游,CNY,CN10Y
2010-06-28,0.033435,,,930633,中证旅游,CNY,CN10Y
2010-06-29,0.032909,,,930633,中证旅游,CNY,CN10Y
2010-06-30,0.03279,,,930633,中证旅游,CNY,CN10Y
2010-07-01,0.032848,,,930633,中证旅游,CNY,CN10Y
2010-07-02,0.032665,,,930633,中证旅游,CNY,CN10Y
2010-07-05,0.032517,,,930633,中证旅游,CNY,CN10Y
2010-07-06,0.032168,,,930633,中证旅游,CNY,CN10Y
2010-07-07,0.032233,,,930633,中证旅游,CNY,CN10Y
2010-07-08,0.032382,,,930633,中证旅游,CNY,CN10Y
2010-07-09,0.032347,,,930633,中证旅游,CNY,CN10Y
2010-07-12,0.032146,,,930633,中证旅游,CNY,CN10Y
2010-07-13,0.031767,,,930633,中证旅游,CNY,CN10Y
2010-07-14,0.031744,,,930633,中证旅游,CNY,CN10Y
2010-07-15,0.031817,,,930633,中证旅游,CNY,CN10Y
2010-07-16,0.031976,,,930633,中证旅游,CNY,CN10Y
2010-07-19,0.031901,,,930633,中证旅游,CNY,CN10Y
2010-07-20,0.032086,,,930633,中证旅游,CNY,CN10Y
2010-07-21,0.032144,,,930633,中证旅游,CNY,CN10Y
2010-07-22,0.032161,,,930633,中证旅游,CNY,CN10Y
2010-07-23,0.032528,,,930633,中证旅游,CNY,CN10Y
2010-07-26,0.032813,,,930633,中证旅游,CNY,CN10Y
2010-07-27,0.032816,,,930633,中证旅游,CNY,CN10Y
2010-07-28,0.032982,,,930633,中证旅游,CNY,CN10Y
2010-07-29,0.032993,,,930633,中证旅游,CNY,CN10Y
2010-07-30,0.032996,,,930633,中证旅游,CNY,CN10Y
2010-08-02,0.033131,,,930633,中证旅游,CNY,CN10Y
2010-08-03,0.033105,,,930633,中证旅游,CNY,CN10Y
2010-08-04,0.032971,,,930633,中证旅游,CNY,CN10Y
2010-08-05,0.0329669999999999,,,930633,中证旅游,CNY,CN10Y
2010-08-06,0.032922,,,930633,中证旅游,CNY,CN10Y
2010-08-09,0.032975,,,930633,中证旅游,CNY,CN10Y
2010-08-10,0.032972,,,930633,中证旅游,CNY,CN10Y
2010-08-11,0.032685,,,930633,中证旅游,CNY,CN10Y
2010-08-12,0.03223,,,930633,中证旅游,CNY,CN10Y
2010-08-13,0.032374,,,930633,中证旅游,CNY,CN10Y
2010-08-16,0.032504,,,930633,中证旅游,CNY,CN10Y
2010-08-17,0.032461,,,930633,中证旅游,CNY,CN10Y
2010-08-18,0.03245,,,930633,中证旅游,CNY,CN10Y
2010-08-19,0.032501,,,930633,中证旅游,CNY,CN10Y
2010-08-20,0.032389,,,930633,中证旅游,CNY,CN10Y
2010-08-23,0.032346,,,930633,中证旅游,CNY,CN10Y
2010-08-24,0.032229,,,930633,中证旅游,CNY,CN10Y
2010-08-25,0.0321539999999999,,,930633,中证旅游,CNY,CN10Y
2010-08-26,0.032322,,,930633,中证旅游,CNY,CN10Y
2010-08-27,0.032379,,,930633,中证旅游,CNY,CN10Y
2010-08-30,0.032304,,,930633,中证旅游,CNY,CN10Y
2010-08-31,0.032301,,,930633,中证旅游,CNY,CN10Y
2010-09-01,0.032358,,,930633,中证旅游,CNY,CN10Y
2010-09-02,0.032418,,,930633,中证旅游,CNY,CN10Y
2010-09-03,0.032406,,,930633,中证旅游,CNY,CN10Y
2010-09-06,0.03258,,,930633,中证旅游,CNY,CN10Y
2010-09-07,0.032739,,,930633,中证旅游,CNY,CN10Y
2010-09-08,0.032632,,,930633,中证旅游,CNY,CN10Y
2010-09-09,0.032681,,,930633,中证旅游,CNY,CN10Y
2010-09-10,0.032989,,,930633,中证旅游,CNY,CN10Y
2010-09-13,0.033251,,,930633,中证旅游,CNY,CN10Y
2010-09-14,0.033205,,,930633,中证旅游,CNY,CN10Y
2010-09-15,0.033443,,,930633,中证旅游,CNY,CN10Y
2010-09-16,0.033401,,,930633,中证旅游,CNY,CN10Y
2010-09-17,0.033504,,,930633,中证旅游,CNY,CN10Y
2010-09-19,0.0335,,,930633,中证旅游,CNY,CN10Y
2010-09-20,0.033388,,,930633,中证旅游,CNY,CN10Y
2010-09-21,0.033391,,,930633,中证旅游,CNY,CN10Y
2010-09-25,0.033387,,,930633,中证旅游,CNY,CN10Y
2010-09-26,0.033428,,,930633,中证旅游,CNY,CN10Y
2010-09-27,0.033378,,,930633,中证旅游,CNY,CN10Y
2010-09-28,0.033371,,,930633,中证旅游,CNY,CN10Y
2010-09-29,0.03331,,,930633,中证旅游,CNY,CN10Y
2010-09-30,0.033183,,,930633,中证旅游,CNY,CN10Y
2010-10-08,0.033342,,,930633,中证旅游,CNY,CN10Y
2010-10-09,0.033584,,,930633,中证旅游,CNY,CN10Y
2010-10-11,0.03404,,,930633,中证旅游,CNY,CN10Y
2010-10-12,0.034179,,,930633,中证旅游,CNY,CN10Y
2010-10-13,0.0342709999999999,,,930633,中证旅游,CNY,CN10Y
2010-10-14,0.034275,,,930633,中证旅游,CNY,CN10Y
2010-10-15,0.034247,,,930633,中证旅游,CNY,CN10Y
2010-10-18,0.034182,,,930633,中证旅游,CNY,CN10Y
2010-10-19,0.034205,,,930633,中证旅游,CNY,CN10Y
2010-10-20,0.036201,,,930633,中证旅游,CNY,CN10Y
2010-10-21,0.03637,,,930633,中证旅游,CNY,CN10Y
2010-10-22,0.036358,,,930633,中证旅游,CNY,CN10Y
2010-10-25,0.0364069999999999,,,930633,中证旅游,CNY,CN10Y
2010-10-26,0.036944,,,930633,中证旅游,CNY,CN10Y
2010-10-27,0.036975,,,930633,中证旅游,CNY,CN10Y
2010-10-28,0.036863,,,930633,中证旅游,CNY,CN10Y
2010-10-29,0.036821,,,930633,中证旅游,CNY,CN10Y
2010-11-01,0.036941,,,930633,中证旅游,CNY,CN10Y
2010-11-02,0.0374969999999999,,,930633,中证旅游,CNY,CN10Y
2010-11-03,0.038113,,,930633,中证旅游,CNY,CN10Y
2010-11-04,0.0384339999999999,,,930633,中证旅游,CNY,CN10Y
2010-11-05,0.038458,,,930633,中证旅游,CNY,CN10Y
2010-11-08,0.038392,,,930633,中证旅游,CNY,CN10Y
2010-11-09,0.038445,,,930633,中证旅游,CNY,CN10Y
2010-11-10,0.0392039999999999,,,930633,中证旅游,CNY,CN10Y
2010-11-11,0.0395299999999999,,,930633,中证旅游,CNY,CN10Y
2010-11-12,0.039534,,,930633,中证旅游,CNY,CN10Y
2010-11-15,0.03945,,,930633,中证旅游,CNY,CN10Y
2010-11-16,0.0390649999999999,,,930633,中证旅游,CNY,CN10Y
2010-11-17,0.0385999999999999,,,930633,中证旅游,CNY,CN10Y
2010-11-18,0.038336,,,930633,中证旅游,CNY,CN10Y
2010-11-19,0.0387,,,930633,中证旅游,CNY,CN10Y
2010-11-22,0.039161,,,930633,中证旅游,CNY,CN10Y
2010-11-23,0.039317,,,930633,中证旅游,CNY,CN10Y
2010-11-24,0.039533,,,930633,中证旅游,CNY,CN10Y
2010-11-25,0.039674,,,930633,中证旅游,CNY,CN10Y
2010-11-26,0.040123,,,930633,中证旅游,CNY,CN10Y
2010-11-29,0.0399589999999999,,,930633,中证旅游,CNY,CN10Y
2010-11-30,0.03971,,,930633,中证旅游,CNY,CN10Y
2010-12-01,0.038919,,,930633,中证旅游,CNY,CN10Y
2010-12-02,0.038609,,,930633,中证旅游,CNY,CN10Y
2010-12-03,0.038699,,,930633,中证旅游,CNY,CN10Y
2010-12-06,0.038696,,,930633,中证旅游,CNY,CN10Y
2010-12-07,0.038435,,,930633,中证旅游,CNY,CN10Y
2010-12-08,0.038609,,,930633,中证旅游,CNY,CN10Y
2010-12-09,0.039024,,,930633,中证旅游,CNY,CN10Y
2010-12-10,0.038888,,,930633,中证旅游,CNY,CN10Y
2010-12-13,0.038509,,,930633,中证旅游,CNY,CN10Y
2010-12-14,0.038521,,,930633,中证旅游,CNY,CN10Y
2010-12-15,0.0381499999999999,,,930633,中证旅游,CNY,CN10Y
2010-12-16,0.0380439999999999,,,930633,中证旅游,CNY,CN10Y
2010-12-17,0.038058,,,930633,中证旅游,CNY,CN10Y
2010-12-20,0.03785,,,930633,中证旅游,CNY,CN10Y
2010-12-21,0.037956,,,930633,中证旅游,CNY,CN10Y
2010-12-22,0.0380039999999999,,,930633,中证旅游,CNY,CN10Y
2010-12-23,0.038108,,,930633,中证旅游,CNY,CN10Y
2010-12-24,0.038136,,,930633,中证旅游,CNY,CN10Y
2010-12-27,0.038913,,,930633,中证旅游,CNY,CN10Y
2010-12-28,0.039118,,,930633,中证旅游,CNY,CN10Y
2010-12-29,0.039019,,,930633,中证旅游,CNY,CN10Y
2010-12-30,0.0388,,,930633,中证旅游,CNY,CN10Y
2010-12-31,0.038799,,,930633,中证旅游,CNY,CN10Y
2011-01-04,0.038606,,,930633,中证旅游,CNY,CN10Y
2011-01-05,0.038132,,,930633,中证旅游,CNY,CN10Y
2011-01-06,0.038339,,,930633,中证旅游,CNY,CN10Y
2011-01-07,0.038237,,,930633,中证旅游,CNY,CN10Y
2011-01-10,0.038449,,,930633,中证旅游,CNY,CN10Y
2011-01-11,0.038703,,,930633,中证旅游,CNY,CN10Y
2011-01-12,0.03855,,,930633,中证旅游,CNY,CN10Y
2011-01-13,0.038831,,,930633,中证旅游,CNY,CN10Y
2011-01-14,0.0391559999999999,,,930633,中证旅游,CNY,CN10Y
2011-01-17,0.039651,,,930633,中证旅游,CNY,CN10Y
2011-01-18,0.039954,,,930633,中证旅游,CNY,CN10Y
2011-01-19,0.039752,,,930633,中证旅游,CNY,CN10Y
2011-01-20,0.039749,,,930633,中证旅游,CNY,CN10Y
2011-01-21,0.039837,,,930633,中证旅游,CNY,CN10Y
2011-01-24,0.039918,,,930633,中证旅游,CNY,CN10Y
2011-01-25,0.040152,,,930633,中证旅游,CNY,CN10Y
2011-01-26,0.039991,,,930633,中证旅游,CNY,CN10Y
2011-01-27,0.0400579999999999,,,930633,中证旅游,CNY,CN10Y
2011-01-28,0.040096,,,930633,中证旅游,CNY,CN10Y
2011-01-30,0.0401,,,930633,中证旅游,CNY,CN10Y
2011-01-31,0.040187,,,930633,中证旅游,CNY,CN10Y
2011-02-01,0.040186,,,930633,中证旅游,CNY,CN10Y
2011-02-09,0.041006,,,930633,中证旅游,CNY,CN10Y
2011-02-10,0.041158,,,930633,中证旅游,CNY,CN10Y
2011-02-11,0.041062,,,930633,中证旅游,CNY,CN10Y
2011-02-12,0.041087,,,930633,中证旅游,CNY,CN10Y
2011-02-14,0.040552,,,930633,中证旅游,CNY,CN10Y
2011-02-15,0.040454,,,930633,中证旅游,CNY,CN10Y
2011-02-16,0.04045,,,930633,中证旅游,CNY,CN10Y
2011-02-17,0.040449,,,930633,中证旅游,CNY,CN10Y
2011-02-18,0.04045,,,930633,中证旅游,CNY,CN10Y
2011-02-21,0.0407019999999999,,,930633,中证旅游,CNY,CN10Y
2011-02-22,0.0404,,,930633,中证旅游,CNY,CN10Y
2011-02-23,0.039946,,,930633,中证旅游,CNY,CN10Y
2011-02-24,0.039132,,,930633,中证旅游,CNY,CN10Y
2011-02-25,0.039566,,,930633,中证旅游,CNY,CN10Y
2011-02-28,0.039314,,,930633,中证旅游,CNY,CN10Y
2011-03-01,0.039259,,,930633,中证旅游,CNY,CN10Y
2011-03-02,0.039233,,,930633,中证旅游,CNY,CN10Y
2011-03-03,0.039279,,,930633,中证旅游,CNY,CN10Y
2011-03-04,0.039388,,,930633,中证旅游,CNY,CN10Y
2011-03-07,0.039351,,,930633,中证旅游,CNY,CN10Y
2011-03-08,0.039078,,,930633,中证旅游,CNY,CN10Y
2011-03-09,0.038879,,,930633,中证旅游,CNY,CN10Y
2011-03-10,0.039321,,,930633,中证旅游,CNY,CN10Y
2011-03-11,0.039328,,,930633,中证旅游,CNY,CN10Y
2011-03-14,0.039074,,,930633,中证旅游,CNY,CN10Y
2011-03-15,0.038659,,,930633,中证旅游,CNY,CN10Y
2011-03-16,0.0385999999999999,,,930633,中证旅游,CNY,CN10Y
2011-03-17,0.038326,,,930633,中证旅游,CNY,CN10Y
2011-03-18,0.038489,,,930633,中证旅游,CNY,CN10Y
2011-03-21,0.038774,,,930633,中证旅游,CNY,CN10Y
2011-03-22,0.038987,,,930633,中证旅游,CNY,CN10Y
2011-03-23,0.039037,,,930633,中证旅游,CNY,CN10Y
2011-03-24,0.038762,,,930633,中证旅游,CNY,CN10Y
2011-03-25,0.038714,,,930633,中证旅游,CNY,CN10Y
2011-03-28,0.038807,,,930633,中证旅游,CNY,CN10Y
2011-03-29,0.0390439999999999,,,930633,中证旅游,CNY,CN10Y
2011-03-30,0.039069,,,930633,中证旅游,CNY,CN10Y
2011-03-31,0.03912,,,930633,中证旅游,CNY,CN10Y
2011-04-01,0.039126,,,930633,中证旅游,CNY,CN10Y
2011-04-02,0.039078,,,930633,中证旅游,CNY,CN10Y
2011-04-06,0.039203,,,930633,中证旅游,CNY,CN10Y
2011-04-07,0.039167,,,930633,中证旅游,CNY,CN10Y
2011-04-08,0.039081,,,930633,中证旅游,CNY,CN10Y
2011-04-11,0.038928,,,930633,中证旅游,CNY,CN10Y
2011-04-12,0.0387,,,930633,中证旅游,CNY,CN10Y
2011-04-13,0.038703,,,930633,中证旅游,CNY,CN10Y
2011-04-14,0.038707,,,930633,中证旅游,CNY,CN10Y
2011-04-15,0.038709,,,930633,中证旅游,CNY,CN10Y
2011-04-18,0.03896,,,930633,中证旅游,CNY,CN10Y
2011-04-19,0.038911,,,930633,中证旅游,CNY,CN10Y
2011-04-20,0.038913,,,930633,中证旅游,CNY,CN10Y
2011-04-21,0.038912,,,930633,中证旅游,CNY,CN10Y
2011-04-22,0.038966,,,930633,中证旅游,CNY,CN10Y
2011-04-25,0.038961,,,930633,中证旅游,CNY,CN10Y
2011-04-26,0.03896,,,930633,中证旅游,CNY,CN10Y
2011-04-27,0.038812,,,930633,中证旅游,CNY,CN10Y
2011-04-28,0.0387,,,930633,中证旅游,CNY,CN10Y
2011-04-29,0.038713,,,930633,中证旅游,CNY,CN10Y
2011-05-03,0.038752,,,930633,中证旅游,CNY,CN10Y
2011-05-04,0.038772,,,930633,中证旅游,CNY,CN10Y
2011-05-05,0.038715,,,930633,中证旅游,CNY,CN10Y
2011-05-06,0.038308,,,930633,中证旅游,CNY,CN10Y
2011-05-09,0.038378,,,930633,中证旅游,CNY,CN10Y
2011-05-10,0.038326,,,930633,中证旅游,CNY,CN10Y
2011-05-11,0.038334,,,930633,中证旅游,CNY,CN10Y
2011-05-12,0.038211,,,930633,中证旅游,CNY,CN10Y
2011-05-13,0.038363,,,930633,中证旅游,CNY,CN10Y
2011-05-16,0.038432,,,930633,中证旅游,CNY,CN10Y
2011-05-17,0.038318,,,930633,中证旅游,CNY,CN10Y
2011-05-18,0.038338,,,930633,中证旅游,CNY,CN10Y
2011-05-19,0.038309,,,930633,中证旅游,CNY,CN10Y
2011-05-20,0.038429,,,930633,中证旅游,CNY,CN10Y
2011-05-23,0.0384,,,930633,中证旅游,CNY,CN10Y
2011-05-24,0.038414,,,930633,中证旅游,CNY,CN10Y
2011-05-25,0.038382,,,930633,中证旅游,CNY,CN10Y
2011-05-26,0.038352,,,930633,中证旅游,CNY,CN10Y
2011-05-27,0.038217,,,930633,中证旅游,CNY,CN10Y
2011-05-30,0.038256,,,930633,中证旅游,CNY,CN10Y
2011-05-31,0.038311,,,930633,中证旅游,CNY,CN10Y
2011-06-01,0.038311,,,930633,中证旅游,CNY,CN10Y
2011-06-02,0.0383369999999999,,,930633,中证旅游,CNY,CN10Y
2011-06-03,0.0383369999999999,,,930633,中证旅游,CNY,CN10Y
2011-06-07,0.038341,,,930633,中证旅游,CNY,CN10Y
2011-06-08,0.038572,,,930633,中证旅游,CNY,CN10Y
2011-06-09,0.038726,,,930633,中证旅游,CNY,CN10Y
2011-06-10,0.03894,,,930633,中证旅游,CNY,CN10Y
2011-06-13,0.039036,,,930633,中证旅游,CNY,CN10Y
2011-06-14,0.039406,,,930633,中证旅游,CNY,CN10Y
2011-06-15,0.039986,,,930633,中证旅游,CNY,CN10Y
2011-06-16,0.039839,,,930633,中证旅游,CNY,CN10Y
2011-06-17,0.039803,,,930633,中证旅游,CNY,CN10Y
2011-06-20,0.039413,,,930633,中证旅游,CNY,CN10Y
2011-06-21,0.039003,,,930633,中证旅游,CNY,CN10Y
2011-06-22,0.039555,,,930633,中证旅游,CNY,CN10Y
2011-06-23,0.039691,,,930633,中证旅游,CNY,CN10Y
2011-06-24,0.038963,,,930633,中证旅游,CNY,CN10Y
2011-06-27,0.038703,,,930633,中证旅游,CNY,CN10Y
2011-06-28,0.038801,,,930633,中证旅游,CNY,CN10Y
2011-06-29,0.038833,,,930633,中证旅游,CNY,CN10Y
2011-06-30,0.038857,,,930633,中证旅游,CNY,CN10Y
2011-07-01,0.038775,,,930633,中证旅游,CNY,CN10Y
2011-07-04,0.038842,,,930633,中证旅游,CNY,CN10Y
2011-07-05,0.038909,,,930633,中证旅游,CNY,CN10Y
2011-07-06,0.039116,,,930633,中证旅游,CNY,CN10Y
2011-07-07,0.039021,,,930633,中证旅游,CNY,CN10Y
2011-07-08,0.038881,,,930633,中证旅游,CNY,CN10Y
2011-07-11,0.038923,,,930633,中证旅游,CNY,CN10Y
2011-07-12,0.0388989999999999,,,930633,中证旅游,CNY,CN10Y
2011-07-13,0.038913,,,930633,中证旅游,CNY,CN10Y
2011-07-14,0.0392039999999999,,,930633,中证旅游,CNY,CN10Y
2011-07-15,0.039278,,,930633,中证旅游,CNY,CN10Y
2011-07-18,0.039558,,,930633,中证旅游,CNY,CN10Y
2011-07-19,0.040088,,,930633,中证旅游,CNY,CN10Y
2011-07-20,0.040715,,,930633,中证旅游,CNY,CN10Y
2011-07-21,0.0408889999999999,,,930633,中证旅游,CNY,CN10Y
2011-07-22,0.040671,,,930633,中证旅游,CNY,CN10Y
2011-07-25,0.040663,,,930633,中证旅游,CNY,CN10Y
2011-07-26,0.040753,,,930633,中证旅游,CNY,CN10Y
2011-07-27,0.0408549999999999,,,930633,中证旅游,CNY,CN10Y
2011-07-28,0.040627,,,930633,中证旅游,CNY,CN10Y
2011-07-29,0.040477,,,930633,中证旅游,CNY,CN10Y
2011-08-01,0.040502,,,930633,中证旅游,CNY,CN10Y
2011-08-02,0.040615,,,930633,中证旅游,CNY,CN10Y
2011-08-03,0.041201,,,930633,中证旅游,CNY,CN10Y
2011-08-04,0.040911,,,930633,中证旅游,CNY,CN10Y
2011-08-05,0.040423,,,930633,中证旅游,CNY,CN10Y
2011-08-08,0.040007,,,930633,中证旅游,CNY,CN10Y
2011-08-09,0.039554,,,930633,中证旅游,CNY,CN10Y
2011-08-10,0.039639,,,930633,中证旅游,CNY,CN10Y
2011-08-11,0.039291,,,930633,中证旅游,CNY,CN10Y
2011-08-12,0.039268,,,930633,中证旅游,CNY,CN10Y
2011-08-15,0.0392309999999999,,,930633,中证旅游,CNY,CN10Y
2011-08-16,0.039492,,,930633,中证旅游,CNY,CN10Y
2011-08-17,0.039432,,,930633,中证旅游,CNY,CN10Y
2011-08-18,0.03956,,,930633,中证旅游,CNY,CN10Y
2011-08-19,0.039331,,,930633,中证旅游,CNY,CN10Y
2011-08-22,0.039325,,,930633,中证旅游,CNY,CN10Y
2011-08-23,0.039356,,,930633,中证旅游,CNY,CN10Y
2011-08-24,0.039501,,,930633,中证旅游,CNY,CN10Y
2011-08-25,0.03975,,,930633,中证旅游,CNY,CN10Y
2011-08-26,0.039886,,,930633,中证旅游,CNY,CN10Y
2011-08-29,0.040994,,,930633,中证旅游,CNY,CN10Y
2011-08-30,0.041303,,,930633,中证旅游,CNY,CN10Y
2011-08-31,0.04105,,,930633,中证旅游,CNY,CN10Y
2011-09-01,0.040708,,,930633,中证旅游,CNY,CN10Y
2011-09-02,0.0407,,,930633,中证旅游,CNY,CN10Y
2011-09-05,0.0405009999999999,,,930633,中证旅游,CNY,CN10Y
2011-09-06,0.040107,,,930633,中证旅游,CNY,CN10Y
2011-09-07,0.0405,,,930633,中证旅游,CNY,CN10Y
2011-09-08,0.04065,,,930633,中证旅游,CNY,CN10Y
2011-09-09,0.040452,,,930633,中证旅游,CNY,CN10Y
2011-09-13,0.040208,,,930633,中证旅游,CNY,CN10Y
2011-09-14,0.0402099999999999,,,930633,中证旅游,CNY,CN10Y
2011-09-15,0.040495,,,930633,中证旅游,CNY,CN10Y
2011-09-16,0.040752,,,930633,中证旅游,CNY,CN10Y
2011-09-19,0.040801,,,930633,中证旅游,CNY,CN10Y
2011-09-20,0.040801,,,930633,中证旅游,CNY,CN10Y
2011-09-21,0.040908,,,930633,中证旅游,CNY,CN10Y
2011-09-22,0.040676,,,930633,中证旅游,CNY,CN10Y
2011-09-23,0.039662,,,930633,中证旅游,CNY,CN10Y
2011-09-26,0.0388779999999999,,,930633,中证旅游,CNY,CN10Y
2011-09-27,0.039158,,,930633,中证旅游,CNY,CN10Y
2011-09-28,0.039203,,,930633,中证旅游,CNY,CN10Y
2011-09-29,0.03884,,,930633,中证旅游,CNY,CN10Y
2011-09-30,0.038605,,,930633,中证旅游,CNY,CN10Y
2011-10-08,0.038605,,,930633,中证旅游,CNY,CN10Y
2011-10-09,0.038056,,,930633,中证旅游,CNY,CN10Y
2011-10-10,0.0377059999999999,,,930633,中证旅游,CNY,CN10Y
2011-10-11,0.037593,,,930633,中证旅游,CNY,CN10Y
2011-10-12,0.038005,,,930633,中证旅游,CNY,CN10Y
2011-10-13,0.038205,,,930633,中证旅游,CNY,CN10Y
2011-10-14,0.037707,,,930633,中证旅游,CNY,CN10Y
2011-10-17,0.037906,,,930633,中证旅游,CNY,CN10Y
2011-10-18,0.0374069999999999,,,930633,中证旅游,CNY,CN10Y
2011-10-19,0.037311,,,930633,中证旅游,CNY,CN10Y
2011-10-20,0.037266,,,930633,中证旅游,CNY,CN10Y
2011-10-21,0.037385,,,930633,中证旅游,CNY,CN10Y
2011-10-24,0.037533,,,930633,中证旅游,CNY,CN10Y
2011-10-25,0.03796,,,930633,中证旅游,CNY,CN10Y
2011-10-26,0.037918,,,930633,中证旅游,CNY,CN10Y
2011-10-27,0.0380319999999999,,,930633,中证旅游,CNY,CN10Y
2011-10-28,0.03787,,,930633,中证旅游,CNY,CN10Y
2011-10-31,0.037607,,,930633,中证旅游,CNY,CN10Y
2011-11-01,0.037395,,,930633,中证旅游,CNY,CN10Y
2011-11-02,0.037208,,,930633,中证旅游,CNY,CN10Y
2011-11-03,0.037233,,,930633,中证旅游,CNY,CN10Y
2011-11-04,0.037158,,,930633,中证旅游,CNY,CN10Y
2011-11-07,0.037333,,,930633,中证旅游,CNY,CN10Y
2011-11-08,0.036988,,,930633,中证旅游,CNY,CN10Y
2011-11-09,0.036436,,,930633,中证旅游,CNY,CN10Y
2011-11-10,0.035563,,,930633,中证旅游,CNY,CN10Y
2011-11-11,0.035916,,,930633,中证旅游,CNY,CN10Y
2011-11-14,0.035807,,,930633,中证旅游,CNY,CN10Y
2011-11-15,0.036563,,,930633,中证旅游,CNY,CN10Y
2011-11-16,0.03626,,,930633,中证旅游,CNY,CN10Y
2011-11-17,0.03636,,,930633,中证旅游,CNY,CN10Y
2011-11-18,0.036412,,,930633,中证旅游,CNY,CN10Y
2011-11-21,0.036598,,,930633,中证旅游,CNY,CN10Y
2011-11-22,0.036412,,,930633,中证旅游,CNY,CN10Y
2011-11-23,0.035914,,,930633,中证旅游,CNY,CN10Y
2011-11-24,0.036103,,,930633,中证旅游,CNY,CN10Y
2011-11-25,0.036115,,,930633,中证旅游,CNY,CN10Y
2011-11-28,0.036402,,,930633,中证旅游,CNY,CN10Y
2011-11-29,0.036315,,,930633,中证旅游,CNY,CN10Y
2011-11-30,0.036091,,,930633,中证旅游,CNY,CN10Y
2011-12-01,0.035005,,,930633,中证旅游,CNY,CN10Y
2011-12-02,0.03472,,,930633,中证旅游,CNY,CN10Y
2011-12-05,0.03442,,,930633,中证旅游,CNY,CN10Y
2011-12-06,0.03479,,,930633,中证旅游,CNY,CN10Y
2011-12-07,0.03489,,,930633,中证旅游,CNY,CN10Y
2011-12-08,0.034953,,,930633,中证旅游,CNY,CN10Y
2011-12-09,0.034817,,,930633,中证旅游,CNY,CN10Y
2011-12-12,0.034927,,,930633,中证旅游,CNY,CN10Y
2011-12-13,0.034982,,,930633,中证旅游,CNY,CN10Y
2011-12-14,0.034807,,,930633,中证旅游,CNY,CN10Y
2011-12-15,0.03489,,,930633,中证旅游,CNY,CN10Y
2011-12-16,0.034637,,,930633,中证旅游,CNY,CN10Y
2011-12-19,0.034702,,,930633,中证旅游,CNY,CN10Y
2011-12-20,0.034655,,,930633,中证旅游,CNY,CN10Y
2011-12-21,0.034709,,,930633,中证旅游,CNY,CN10Y
2011-12-22,0.034752,,,930633,中证旅游,CNY,CN10Y
2011-12-23,0.034803,,,930633,中证旅游,CNY,CN10Y
2011-12-26,0.0346519999999999,,,930633,中证旅游,CNY,CN10Y
2011-12-27,0.034603,,,930633,中证旅游,CNY,CN10Y
2011-12-28,0.034603,,,930633,中证旅游,CNY,CN10Y
2011-12-29,0.034453,,,930633,中证旅游,CNY,CN10Y
2011-12-30,0.034303,,,930633,中证旅游,CNY,CN10Y
2011-12-31,0.034211,,,930633,中证旅游,CNY,CN10Y
2012-01-04,0.0343949999999999,,,930633,中证旅游,CNY,CN10Y
2012-01-05,0.034304,,,930633,中证旅游,CNY,CN10Y
2012-01-06,0.03397,,,930633,中证旅游,CNY,CN10Y
2012-01-09,0.0338059999999999,,,930633,中证旅游,CNY,CN10Y
2012-01-10,0.03403,,,930633,中证旅游,CNY,CN10Y
2012-01-11,0.0342079999999999,,,930633,中证旅游,CNY,CN10Y
2012-01-12,0.03402,,,930633,中证旅游,CNY,CN10Y
2012-01-13,0.034108,,,930633,中证旅游,CNY,CN10Y
2012-01-16,0.034233,,,930633,中证旅游,CNY,CN10Y
2012-01-17,0.034045,,,930633,中证旅游,CNY,CN10Y
2012-01-18,0.033957,,,930633,中证旅游,CNY,CN10Y
2012-01-19,0.0337579999999999,,,930633,中证旅游,CNY,CN10Y
2012-01-20,0.033808,,,930633,中证旅游,CNY,CN10Y
2012-01-21,0.033811,,,930633,中证旅游,CNY,CN10Y
2012-01-29,0.033812,,,930633,中证旅游,CNY,CN10Y
2012-01-30,0.034005,,,930633,中证旅游,CNY,CN10Y
2012-01-31,0.034064,,,930633,中证旅游,CNY,CN10Y
2012-02-01,0.034318,,,930633,中证旅游,CNY,CN10Y
2012-02-02,0.0344099999999999,,,930633,中证旅游,CNY,CN10Y
2012-02-03,0.03436,,,930633,中证旅游,CNY,CN10Y
2012-02-06,0.0347849999999999,,,930633,中证旅游,CNY,CN10Y
2012-02-07,0.03481,,,930633,中证旅游,CNY,CN10Y
2012-02-08,0.035098,,,930633,中证旅游,CNY,CN10Y
2012-02-09,0.035409,,,930633,中证旅游,CNY,CN10Y
2012-02-10,0.03521,,,930633,中证旅游,CNY,CN10Y
2012-02-13,0.035148,,,930633,中证旅游,CNY,CN10Y
2012-02-14,0.03516,,,930633,中证旅游,CNY,CN10Y
2012-02-15,0.035335,,,930633,中证旅游,CNY,CN10Y
2012-02-16,0.035361,,,930633,中证旅游,CNY,CN10Y
2012-02-17,0.035361,,,930633,中证旅游,CNY,CN10Y
2012-02-20,0.035116,,,930633,中证旅游,CNY,CN10Y
2012-02-21,0.035164,,,930633,中证旅游,CNY,CN10Y
2012-02-22,0.035276,,,930633,中证旅游,CNY,CN10Y
2012-02-23,0.035254,,,930633,中证旅游,CNY,CN10Y
2012-02-24,0.035164,,,930633,中证旅游,CNY,CN10Y
2012-02-27,0.035501,,,930633,中证旅游,CNY,CN10Y
2012-02-28,0.035464,,,930633,中证旅游,CNY,CN10Y
2012-02-29,0.0353399999999999,,,930633,中证旅游,CNY,CN10Y
2012-03-01,0.0355,,,930633,中证旅游,CNY,CN10Y
2012-03-02,0.035616,,,930633,中证旅游,CNY,CN10Y
2012-03-05,0.035614,,,930633,中证旅游,CNY,CN10Y
2012-03-06,0.0354649999999999,,,930633,中证旅游,CNY,CN10Y
2012-03-07,0.035316,,,930633,中证旅游,CNY,CN10Y
2012-03-08,0.035316,,,930633,中证旅游,CNY,CN10Y
2012-03-09,0.035367,,,930633,中证旅游,CNY,CN10Y
2012-03-12,0.035242,,,930633,中证旅游,CNY,CN10Y
2012-03-13,0.0354009999999999,,,930633,中证旅游,CNY,CN10Y
2012-03-14,0.035451,,,930633,中证旅游,CNY,CN10Y
2012-03-15,0.035589,,,930633,中证旅游,CNY,CN10Y
2012-03-16,0.035483,,,930633,中证旅游,CNY,CN10Y
2012-03-19,0.03559,,,930633,中证旅游,CNY,CN10Y
2012-03-20,0.035601,,,930633,中证旅游,CNY,CN10Y
2012-03-21,0.035608,,,930633,中证旅游,CNY,CN10Y
2012-03-22,0.035502,,,930633,中证旅游,CNY,CN10Y
2012-03-23,0.035267,,,930633,中证旅游,CNY,CN10Y
2012-03-26,0.035247,,,930633,中证旅游,CNY,CN10Y
2012-03-27,0.035403,,,930633,中证旅游,CNY,CN10Y
2012-03-28,0.035223,,,930633,中证旅游,CNY,CN10Y
2012-03-29,0.035143,,,930633,中证旅游,CNY,CN10Y
2012-03-30,0.035054,,,930633,中证旅游,CNY,CN10Y
2012-03-31,0.035004,,,930633,中证旅游,CNY,CN10Y
2012-04-01,0.035204,,,930633,中证旅游,CNY,CN10Y
2012-04-05,0.035191,,,930633,中证旅游,CNY,CN10Y
2012-04-06,0.035203,,,930633,中证旅游,CNY,CN10Y
2012-04-09,0.035352,,,930633,中证旅游,CNY,CN10Y
2012-04-10,0.035366,,,930633,中证旅游,CNY,CN10Y
2012-04-11,0.035308,,,930633,中证旅游,CNY,CN10Y
2012-04-12,0.035407,,,930633,中证旅游,CNY,CN10Y
2012-04-13,0.0352769999999999,,,930633,中证旅游,CNY,CN10Y
2012-04-16,0.035318,,,930633,中证旅游,CNY,CN10Y
2012-04-17,0.035291,,,930633,中证旅游,CNY,CN10Y
2012-04-18,0.035366,,,930633,中证旅游,CNY,CN10Y
2012-04-19,0.035518,,,930633,中证旅游,CNY,CN10Y
2012-04-20,0.035414,,,930633,中证旅游,CNY,CN10Y
2012-04-23,0.035407,,,930633,中证旅游,CNY,CN10Y
2012-04-24,0.035302,,,930633,中证旅游,CNY,CN10Y
2012-04-25,0.035369,,,930633,中证旅游,CNY,CN10Y
2012-04-26,0.035357,,,930633,中证旅游,CNY,CN10Y
2012-04-27,0.035389,,,930633,中证旅游,CNY,CN10Y
2012-04-28,0.035391,,,930633,中证旅游,CNY,CN10Y
2012-05-02,0.035449,,,930633,中证旅游,CNY,CN10Y
2012-05-03,0.035454,,,930633,中证旅游,CNY,CN10Y
2012-05-04,0.035512,,,930633,中证旅游,CNY,CN10Y
2012-05-07,0.035518,,,930633,中证旅游,CNY,CN10Y
2012-05-08,0.03552,,,930633,中证旅游,CNY,CN10Y
2012-05-09,0.035414,,,930633,中证旅游,CNY,CN10Y
2012-05-10,0.035287,,,930633,中证旅游,CNY,CN10Y
2012-05-11,0.034907,,,930633,中证旅游,CNY,CN10Y
2012-05-14,0.034461,,,930633,中证旅游,CNY,CN10Y
2012-05-15,0.03405,,,930633,中证旅游,CNY,CN10Y
2012-05-16,0.033618,,,930633,中证旅游,CNY,CN10Y
2012-05-17,0.034116,,,930633,中证旅游,CNY,CN10Y
2012-05-18,0.033614,,,930633,中证旅游,CNY,CN10Y
2012-05-21,0.033866,,,930633,中证旅游,CNY,CN10Y
2012-05-22,0.033948,,,930633,中证旅游,CNY,CN10Y
2012-05-23,0.033825,,,930633,中证旅游,CNY,CN10Y
2012-05-24,0.0336189999999999,,,930633,中证旅游,CNY,CN10Y
2012-05-25,0.033019,,,930633,中证旅游,CNY,CN10Y
2012-05-28,0.033418,,,930633,中证旅游,CNY,CN10Y
2012-05-29,0.033718,,,930633,中证旅游,CNY,CN10Y
2012-05-30,0.033766,,,930633,中证旅游,CNY,CN10Y
2012-05-31,0.033443,,,930633,中证旅游,CNY,CN10Y
2012-06-01,0.033416,,,930633,中证旅游,CNY,CN10Y
2012-06-04,0.033469,,,930633,中证旅游,CNY,CN10Y
2012-06-05,0.033568,,,930633,中证旅游,CNY,CN10Y
2012-06-06,0.0336,,,930633,中证旅游,CNY,CN10Y
2012-06-07,0.033751,,,930633,中证旅游,CNY,CN10Y
2012-06-08,0.033101,,,930633,中证旅游,CNY,CN10Y
2012-06-11,0.033491,,,930633,中证旅游,CNY,CN10Y
2012-06-12,0.033747,,,930633,中证旅游,CNY,CN10Y
2012-06-13,0.0339089999999999,,,930633,中证旅游,CNY,CN10Y
2012-06-14,0.034009,,,930633,中证旅游,CNY,CN10Y
2012-06-15,0.033932,,,930633,中证旅游,CNY,CN10Y
2012-06-18,0.034107,,,930633,中证旅游,CNY,CN10Y
2012-06-19,0.034093,,,930633,中证旅游,CNY,CN10Y
2012-06-20,0.034101,,,930633,中证旅游,CNY,CN10Y
2012-06-21,0.034001,,,930633,中证旅游,CNY,CN10Y
2012-06-25,0.033677,,,930633,中证旅游,CNY,CN10Y
2012-06-26,0.033653,,,930633,中证旅游,CNY,CN10Y
2012-06-27,0.033252,,,930633,中证旅游,CNY,CN10Y
2012-06-28,0.033253,,,930633,中证旅游,CNY,CN10Y
2012-06-29,0.033253,,,930633,中证旅游,CNY,CN10Y
2012-07-02,0.033353,,,930633,中证旅游,CNY,CN10Y
2012-07-03,0.033204,,,930633,中证旅游,CNY,CN10Y
2012-07-04,0.033195,,,930633,中证旅游,CNY,CN10Y
2012-07-05,0.033193,,,930633,中证旅游,CNY,CN10Y
2012-07-06,0.0329599999999999,,,930633,中证旅游,CNY,CN10Y
2012-07-09,0.032709,,,930633,中证旅游,CNY,CN10Y
2012-07-10,0.032549,,,930633,中证旅游,CNY,CN10Y
2012-07-11,0.0323979999999999,,,930633,中证旅游,CNY,CN10Y
2012-07-12,0.032502,,,930633,中证旅游,CNY,CN10Y
2012-07-13,0.032591,,,930633,中证旅游,CNY,CN10Y
2012-07-16,0.0327519999999999,,,930633,中证旅游,CNY,CN10Y
2012-07-17,0.03285,,,930633,中证旅游,CNY,CN10Y
2012-07-18,0.032858,,,930633,中证旅游,CNY,CN10Y
2012-07-19,0.03286,,,930633,中证旅游,CNY,CN10Y
2012-07-20,0.03281,,,930633,中证旅游,CNY,CN10Y
2012-07-23,0.03276,,,930633,中证旅游,CNY,CN10Y
2012-07-24,0.032759,,,930633,中证旅游,CNY,CN10Y
2012-07-25,0.03276,,,930633,中证旅游,CNY,CN10Y
2012-07-26,0.032763,,,930633,中证旅游,CNY,CN10Y
2012-07-27,0.032764,,,930633,中证旅游,CNY,CN10Y
2012-07-30,0.032755,,,930633,中证旅游,CNY,CN10Y
2012-07-31,0.032915,,,930633,中证旅游,CNY,CN10Y
2012-08-01,0.032921,,,930633,中证旅游,CNY,CN10Y
2012-08-02,0.032861,,,930633,中证旅游,CNY,CN10Y
2012-08-03,0.032902,,,930633,中证旅游,CNY,CN10Y
2012-08-06,0.0331,,,930633,中证旅游,CNY,CN10Y
2012-08-07,0.0333,,,930633,中证旅游,CNY,CN10Y
2012-08-08,0.033545,,,930633,中证旅游,CNY,CN10Y
2012-08-09,0.033023,,,930633,中证旅游,CNY,CN10Y
2012-08-10,0.032825,,,930633,中证旅游,CNY,CN10Y
2012-08-13,0.033029,,,930633,中证旅游,CNY,CN10Y
2012-08-14,0.033105,,,930633,中证旅游,CNY,CN10Y
2012-08-15,0.033402,,,930633,中证旅游,CNY,CN10Y
2012-08-16,0.033467,,,930633,中证旅游,CNY,CN10Y
2012-08-17,0.033342,,,930633,中证旅游,CNY,CN10Y
2012-08-20,0.033564,,,930633,中证旅游,CNY,CN10Y
2012-08-21,0.033578,,,930633,中证旅游,CNY,CN10Y
2012-08-22,0.033935,,,930633,中证旅游,CNY,CN10Y
2012-08-23,0.033702,,,930633,中证旅游,CNY,CN10Y
2012-08-24,0.033364,,,930633,中证旅游,CNY,CN10Y
2012-08-27,0.033498,,,930633,中证旅游,CNY,CN10Y
2012-08-28,0.033634,,,930633,中证旅游,CNY,CN10Y
2012-08-29,0.033943,,,930633,中证旅游,CNY,CN10Y
2012-08-30,0.033904,,,930633,中证旅游,CNY,CN10Y
2012-08-31,0.033928,,,930633,中证旅游,CNY,CN10Y
2012-09-03,0.034001,,,930633,中证旅游,CNY,CN10Y
2012-09-04,0.033836,,,930633,中证旅游,CNY,CN10Y
2012-09-05,0.033887,,,930633,中证旅游,CNY,CN10Y
2012-09-06,0.033963,,,930633,中证旅游,CNY,CN10Y
2012-09-07,0.034162,,,930633,中证旅游,CNY,CN10Y
2012-09-10,0.034611,,,930633,中证旅游,CNY,CN10Y
2012-09-11,0.034714,,,930633,中证旅游,CNY,CN10Y
2012-09-12,0.0349089999999999,,,930633,中证旅游,CNY,CN10Y
2012-09-13,0.034834,,,930633,中证旅游,CNY,CN10Y
2012-09-14,0.035485,,,930633,中证旅游,CNY,CN10Y
2012-09-17,0.035717,,,930633,中证旅游,CNY,CN10Y
2012-09-18,0.035216,,,930633,中证旅游,CNY,CN10Y
2012-09-19,0.035166,,,930633,中证旅游,CNY,CN10Y
2012-09-20,0.035171,,,930633,中证旅游,CNY,CN10Y
2012-09-21,0.034998,,,930633,中证旅游,CNY,CN10Y
2012-09-24,0.034956,,,930633,中证旅游,CNY,CN10Y
2012-09-25,0.034676,,,930633,中证旅游,CNY,CN10Y
2012-09-26,0.034444,,,930633,中证旅游,CNY,CN10Y
2012-09-27,0.034525,,,930633,中证旅游,CNY,CN10Y
2012-09-28,0.034575,,,930633,中证旅游,CNY,CN10Y
2012-09-29,0.034574,,,930633,中证旅游,CNY,CN10Y
2012-10-08,0.034814,,,930633,中证旅游,CNY,CN10Y
2012-10-09,0.034921,,,930633,中证旅游,CNY,CN10Y
2012-10-10,0.035036,,,930633,中证旅游,CNY,CN10Y
2012-10-11,0.03499,,,930633,中证旅游,CNY,CN10Y
2012-10-12,0.034807,,,930633,中证旅游,CNY,CN10Y
2012-10-15,0.03473,,,930633,中证旅游,CNY,CN10Y
2012-10-16,0.0349029999999999,,,930633,中证旅游,CNY,CN10Y
2012-10-17,0.035036,,,930633,中证旅游,CNY,CN10Y
2012-10-18,0.03519,,,930633,中证旅游,CNY,CN10Y
2012-10-19,0.03535,,,930633,中证旅游,CNY,CN10Y
2012-10-22,0.035293,,,930633,中证旅游,CNY,CN10Y
2012-10-23,0.035454,,,930633,中证旅游,CNY,CN10Y
2012-10-24,0.035478,,,930633,中证旅游,CNY,CN10Y
2012-10-25,0.035672,,,930633,中证旅游,CNY,CN10Y
2012-10-26,0.035727,,,930633,中证旅游,CNY,CN10Y
2012-10-29,0.035668,,,930633,中证旅游,CNY,CN10Y
2012-10-30,0.035648,,,930633,中证旅游,CNY,CN10Y
2012-10-31,0.035739,,,930633,中证旅游,CNY,CN10Y
2012-11-01,0.0359839999999999,,,930633,中证旅游,CNY,CN10Y
2012-11-02,0.035852,,,930633,中证旅游,CNY,CN10Y
2012-11-05,0.035872,,,930633,中证旅游,CNY,CN10Y
2012-11-06,0.035771,,,930633,中证旅游,CNY,CN10Y
2012-11-07,0.035644,,,930633,中证旅游,CNY,CN10Y
2012-11-08,0.035609,,,930633,中证旅游,CNY,CN10Y
2012-11-09,0.035594,,,930633,中证旅游,CNY,CN10Y
2012-11-12,0.035585,,,930633,中证旅游,CNY,CN10Y
2012-11-13,0.03547,,,930633,中证旅游,CNY,CN10Y
2012-11-14,0.035356,,,930633,中证旅游,CNY,CN10Y
2012-11-15,0.035279,,,930633,中证旅游,CNY,CN10Y
2012-11-16,0.035133,,,930633,中证旅游,CNY,CN10Y
2012-11-19,0.03501,,,930633,中证旅游,CNY,CN10Y
2012-11-20,0.0351109999999999,,,930633,中证旅游,CNY,CN10Y
2012-11-21,0.035205,,,930633,中证旅游,CNY,CN10Y
2012-11-22,0.035357,,,930633,中证旅游,CNY,CN10Y
2012-11-23,0.035428,,,930633,中证旅游,CNY,CN10Y
2012-11-26,0.035511,,,930633,中证旅游,CNY,CN10Y
2012-11-27,0.03557,,,930633,中证旅游,CNY,CN10Y
2012-11-28,0.035535,,,930633,中证旅游,CNY,CN10Y
2012-11-29,0.035311,,,930633,中证旅游,CNY,CN10Y
2012-11-30,0.035332,,,930633,中证旅游,CNY,CN10Y
2012-12-03,0.035397,,,930633,中证旅游,CNY,CN10Y
2012-12-04,0.035498,,,930633,中证旅游,CNY,CN10Y
2012-12-05,0.035622,,,930633,中证旅游,CNY,CN10Y
2012-12-06,0.03558,,,930633,中证旅游,CNY,CN10Y
2012-12-07,0.035689,,,930633,中证旅游,CNY,CN10Y
2012-12-10,0.035707,,,930633,中证旅游,CNY,CN10Y
2012-12-11,0.0356579999999999,,,930633,中证旅游,CNY,CN10Y
2012-12-12,0.035666,,,930633,中证旅游,CNY,CN10Y
2012-12-13,0.035649,,,930633,中证旅游,CNY,CN10Y
2012-12-14,0.035781,,,930633,中证旅游,CNY,CN10Y
2012-12-17,0.035814,,,930633,中证旅游,CNY,CN10Y
2012-12-18,0.035843,,,930633,中证旅游,CNY,CN10Y
2012-12-19,0.035942,,,930633,中证旅游,CNY,CN10Y
2012-12-20,0.036086,,,930633,中证旅游,CNY,CN10Y
2012-12-21,0.03606,,,930633,中证旅游,CNY,CN10Y
2012-12-24,0.036009,,,930633,中证旅游,CNY,CN10Y
2012-12-25,0.035955,,,930633,中证旅游,CNY,CN10Y
2012-12-26,0.035925,,,930633,中证旅游,CNY,CN10Y
2012-12-27,0.035803,,,930633,中证旅游,CNY,CN10Y
2012-12-28,0.035752,,,930633,中证旅游,CNY,CN10Y
2012-12-31,0.035738,,,930633,中证旅游,CNY,CN10Y
2013-01-04,0.036062,,,930633,中证旅游,CNY,CN10Y
2013-01-05,0.036003,,,930633,中证旅游,CNY,CN10Y
2013-01-06,0.03595,,,930633,中证旅游,CNY,CN10Y
2013-01-07,0.035965,,,930633,中证旅游,CNY,CN10Y
2013-01-08,0.035943,,,930633,中证旅游,CNY,CN10Y
2013-01-09,0.03575,,,930633,中证旅游,CNY,CN10Y
2013-01-10,0.03595,,,930633,中证旅游,CNY,CN10Y
2013-01-11,0.0359989999999999,,,930633,中证旅游,CNY,CN10Y
2013-01-14,0.036023,,,930633,中证旅游,CNY,CN10Y
2013-01-15,0.036008,,,930633,中证旅游,CNY,CN10Y
2013-01-16,0.0360469999999999,,,930633,中证旅游,CNY,CN10Y
2013-01-17,0.035986,,,930633,中证旅游,CNY,CN10Y
2013-01-18,0.035834,,,930633,中证旅游,CNY,CN10Y
2013-01-21,0.035743,,,930633,中证旅游,CNY,CN10Y
2013-01-22,0.035705,,,930633,中证旅游,CNY,CN10Y
2013-01-23,0.035682,,,930633,中证旅游,CNY,CN10Y
2013-01-24,0.035816,,,930633,中证旅游,CNY,CN10Y
2013-01-25,0.035837,,,930633,中证旅游,CNY,CN10Y
2013-01-28,0.036042,,,930633,中证旅游,CNY,CN10Y
2013-01-29,0.036116,,,930633,中证旅游,CNY,CN10Y
2013-01-30,0.036053,,,930633,中证旅游,CNY,CN10Y
2013-01-31,0.036054,,,930633,中证旅游,CNY,CN10Y
2013-02-01,0.036004,,,930633,中证旅游,CNY,CN10Y
2013-02-04,0.036016,,,930633,中证旅游,CNY,CN10Y
2013-02-05,0.03591,,,930633,中证旅游,CNY,CN10Y
2013-02-06,0.035922,,,930633,中证旅游,CNY,CN10Y
2013-02-07,0.035928,,,930633,中证旅游,CNY,CN10Y
2013-02-08,0.035859,,,930633,中证旅游,CNY,CN10Y
2013-02-16,0.035922,,,930633,中证旅游,CNY,CN10Y
2013-02-17,0.035847,,,930633,中证旅游,CNY,CN10Y
2013-02-18,0.035929,,,930633,中证旅游,CNY,CN10Y
2013-02-19,0.035931,,,930633,中证旅游,CNY,CN10Y
2013-02-20,0.035632,,,930633,中证旅游,CNY,CN10Y
2013-02-21,0.035623,,,930633,中证旅游,CNY,CN10Y
2013-02-22,0.035708,,,930633,中证旅游,CNY,CN10Y
2013-02-25,0.035821,,,930633,中证旅游,CNY,CN10Y
2013-02-26,0.035948,,,930633,中证旅游,CNY,CN10Y
2013-02-27,0.035904,,,930633,中证旅游,CNY,CN10Y
2013-02-28,0.0359569999999999,,,930633,中证旅游,CNY,CN10Y
2013-03-01,0.035878,,,930633,中证旅游,CNY,CN10Y
2013-03-04,0.035785,,,930633,中证旅游,CNY,CN10Y
2013-03-05,0.03576,,,930633,中证旅游,CNY,CN10Y
2013-03-06,0.035802,,,930633,中证旅游,CNY,CN10Y
2013-03-07,0.035813,,,930633,中证旅游,CNY,CN10Y
2013-03-08,0.035816,,,930633,中证旅游,CNY,CN10Y
2013-03-11,0.03583,,,930633,中证旅游,CNY,CN10Y
2013-03-12,0.035897,,,930633,中证旅游,CNY,CN10Y
2013-03-13,0.035898,,,930633,中证旅游,CNY,CN10Y
2013-03-14,0.035919,,,930633,中证旅游,CNY,CN10Y
2013-03-15,0.035919,,,930633,中证旅游,CNY,CN10Y
2013-03-18,0.035971,,,930633,中证旅游,CNY,CN10Y
2013-03-19,0.035922,,,930633,中证旅游,CNY,CN10Y
2013-03-20,0.035722,,,930633,中证旅游,CNY,CN10Y
2013-03-21,0.035819,,,930633,中证旅游,CNY,CN10Y
2013-03-22,0.035816,,,930633,中证旅游,CNY,CN10Y
2013-03-25,0.0357699999999999,,,930633,中证旅游,CNY,CN10Y
2013-03-26,0.035717,,,930633,中证旅游,CNY,CN10Y
2013-03-27,0.035611,,,930633,中证旅游,CNY,CN10Y
2013-03-28,0.035505,,,930633,中证旅游,CNY,CN10Y
2013-03-29,0.035392,,,930633,中证旅游,CNY,CN10Y
2013-04-01,0.035303,,,930633,中证旅游,CNY,CN10Y
2013-04-02,0.035106,,,930633,中证旅游,CNY,CN10Y
2013-04-03,0.035005,,,930633,中证旅游,CNY,CN10Y
2013-04-07,0.034907,,,930633,中证旅游,CNY,CN10Y
2013-04-08,0.034905,,,930633,中证旅游,CNY,CN10Y
2013-04-09,0.034705,,,930633,中证旅游,CNY,CN10Y
2013-04-10,0.034624,,,930633,中证旅游,CNY,CN10Y
2013-04-11,0.034705,,,930633,中证旅游,CNY,CN10Y
2013-04-12,0.034655,,,930633,中证旅游,CNY,CN10Y
2013-04-15,0.034405,,,930633,中证旅游,CNY,CN10Y
2013-04-16,0.034005,,,930633,中证旅游,CNY,CN10Y
2013-04-17,0.034131,,,930633,中证旅游,CNY,CN10Y
2013-04-18,0.0344309999999999,,,930633,中证旅游,CNY,CN10Y
2013-04-19,0.034503,,,930633,中证旅游,CNY,CN10Y
2013-04-22,0.034867,,,930633,中证旅游,CNY,CN10Y
2013-04-23,0.034629,,,930633,中证旅游,CNY,CN10Y
2013-04-24,0.034498,,,930633,中证旅游,CNY,CN10Y
2013-04-25,0.034314,,,930633,中证旅游,CNY,CN10Y
2013-04-26,0.0343129999999999,,,930633,中证旅游,CNY,CN10Y
2013-04-27,0.034311,,,930633,中证旅游,CNY,CN10Y
2013-04-28,0.034314,,,930633,中证旅游,CNY,CN10Y
2013-05-02,0.034119,,,930633,中证旅游,CNY,CN10Y
2013-05-03,0.034212,,,930633,中证旅游,CNY,CN10Y
2013-05-06,0.034354,,,930633,中证旅游,CNY,CN10Y
2013-05-07,0.034261,,,930633,中证旅游,CNY,CN10Y
2013-05-08,0.034345,,,930633,中证旅游,CNY,CN10Y
2013-05-09,0.034317,,,930633,中证旅游,CNY,CN10Y
2013-05-10,0.034212,,,930633,中证旅游,CNY,CN10Y
2013-05-13,0.034238,,,930633,中证旅游,CNY,CN10Y
2013-05-14,0.034248,,,930633,中证旅游,CNY,CN10Y
2013-05-15,0.034218,,,930633,中证旅游,CNY,CN10Y
2013-05-16,0.034219,,,930633,中证旅游,CNY,CN10Y
2013-05-17,0.034213,,,930633,中证旅游,CNY,CN10Y
2013-05-20,0.034253,,,930633,中证旅游,CNY,CN10Y
2013-05-21,0.034253,,,930633,中证旅游,CNY,CN10Y
2013-05-22,0.0341529999999999,,,930633,中证旅游,CNY,CN10Y
2013-05-23,0.03413,,,930633,中证旅游,CNY,CN10Y
2013-05-24,0.0341809999999999,,,930633,中证旅游,CNY,CN10Y
2013-05-27,0.034166,,,930633,中证旅游,CNY,CN10Y
2013-05-28,0.034206,,,930633,中证旅游,CNY,CN10Y
2013-05-29,0.03434,,,930633,中证旅游,CNY,CN10Y
2013-05-30,0.03434,,,930633,中证旅游,CNY,CN10Y
2013-05-31,0.034399,,,930633,中证旅游,CNY,CN10Y
2013-06-03,0.034478,,,930633,中证旅游,CNY,CN10Y
2013-06-04,0.034603,,,930633,中证旅游,CNY,CN10Y
2013-06-05,0.034615,,,930633,中证旅游,CNY,CN10Y
2013-06-06,0.034651,,,930633,中证旅游,CNY,CN10Y
2013-06-07,0.034822,,,930633,中证旅游,CNY,CN10Y
2013-06-08,0.034822,,,930633,中证旅游,CNY,CN10Y
2013-06-09,0.034491,,,930633,中证旅游,CNY,CN10Y
2013-06-13,0.034591,,,930633,中证旅游,CNY,CN10Y
2013-06-14,0.034689,,,930633,中证旅游,CNY,CN10Y
2013-06-17,0.0347849999999999,,,930633,中证旅游,CNY,CN10Y
2013-06-18,0.0348179999999999,,,930633,中证旅游,CNY,CN10Y
2013-06-19,0.035516,,,930633,中证旅游,CNY,CN10Y
2013-06-20,0.037016,,,930633,中证旅游,CNY,CN10Y
2013-06-21,0.036014,,,930633,中证旅游,CNY,CN10Y
2013-06-24,0.0359989999999999,,,930633,中证旅游,CNY,CN10Y
2013-06-25,0.0359989999999999,,,930633,中证旅游,CNY,CN10Y
2013-06-26,0.0355,,,930633,中证旅游,CNY,CN10Y
2013-06-27,0.035231,,,930633,中证旅游,CNY,CN10Y
2013-06-28,0.035125,,,930633,中证旅游,CNY,CN10Y
2013-07-01,0.035245,,,930633,中证旅游,CNY,CN10Y
2013-07-02,0.035243,,,930633,中证旅游,CNY,CN10Y
2013-07-03,0.035302,,,930633,中证旅游,CNY,CN10Y
2013-07-04,0.035102,,,930633,中证旅游,CNY,CN10Y
2013-07-05,0.035127,,,930633,中证旅游,CNY,CN10Y
2013-07-08,0.035177,,,930633,中证旅游,CNY,CN10Y
2013-07-09,0.035202,,,930633,中证旅游,CNY,CN10Y
2013-07-10,0.035802,,,930633,中证旅游,CNY,CN10Y
2013-07-11,0.0359019999999999,,,930633,中证旅游,CNY,CN10Y
2013-07-12,0.036001,,,930633,中证旅游,CNY,CN10Y
2013-07-15,0.0361019999999999,,,930633,中证旅游,CNY,CN10Y
2013-07-16,0.03619,,,930633,中证旅游,CNY,CN10Y
2013-07-17,0.03669,,,930633,中证旅游,CNY,CN10Y
2013-07-18,0.036903,,,930633,中证旅游,CNY,CN10Y
2013-07-19,0.037051,,,930633,中证旅游,CNY,CN10Y
2013-07-22,0.037401,,,930633,中证旅游,CNY,CN10Y
2013-07-23,0.037602,,,930633,中证旅游,CNY,CN10Y
2013-07-24,0.037952,,,930633,中证旅游,CNY,CN10Y
2013-07-25,0.0371019999999999,,,930633,中证旅游,CNY,CN10Y
2013-07-26,0.037152,,,930633,中证旅游,CNY,CN10Y
2013-07-29,0.037228,,,930633,中证旅游,CNY,CN10Y
2013-07-30,0.037227,,,930633,中证旅游,CNY,CN10Y
2013-07-31,0.037214,,,930633,中证旅游,CNY,CN10Y
2013-08-01,0.0370529999999999,,,930633,中证旅游,CNY,CN10Y
2013-08-02,0.037034,,,930633,中证旅游,CNY,CN10Y
2013-08-05,0.037104,,,930633,中证旅游,CNY,CN10Y
2013-08-06,0.037153,,,930633,中证旅游,CNY,CN10Y
2013-08-07,0.037703,,,930633,中证旅游,CNY,CN10Y
2013-08-08,0.0384549999999999,,,930633,中证旅游,CNY,CN10Y
2013-08-09,0.038407,,,930633,中证旅游,CNY,CN10Y
2013-08-12,0.038513,,,930633,中证旅游,CNY,CN10Y
2013-08-13,0.0392519999999999,,,930633,中证旅游,CNY,CN10Y
2013-08-14,0.039516,,,930633,中证旅游,CNY,CN10Y
2013-08-15,0.039602,,,930633,中证旅游,CNY,CN10Y
2013-08-16,0.039401,,,930633,中证旅游,CNY,CN10Y
2013-08-19,0.040103,,,930633,中证旅游,CNY,CN10Y
2013-08-20,0.040881,,,930633,中证旅游,CNY,CN10Y
2013-08-21,0.040382,,,930633,中证旅游,CNY,CN10Y
2013-08-22,0.040302,,,930633,中证旅游,CNY,CN10Y
2013-08-23,0.039916,,,930633,中证旅游,CNY,CN10Y
2013-08-26,0.039555,,,930633,中证旅游,CNY,CN10Y
2013-08-27,0.0396539999999999,,,930633,中证旅游,CNY,CN10Y
2013-08-28,0.040222,,,930633,中证旅游,CNY,CN10Y
2013-08-29,0.0403,,,930633,中证旅游,CNY,CN10Y
2013-08-30,0.040354,,,930633,中证旅游,CNY,CN10Y
2013-09-02,0.0403559999999999,,,930633,中证旅游,CNY,CN10Y
2013-09-03,0.040404,,,930633,中证旅游,CNY,CN10Y
2013-09-04,0.0405499999999999,,,930633,中证旅游,CNY,CN10Y
2013-09-05,0.0405499999999999,,,930633,中证旅游,CNY,CN10Y
2013-09-06,0.040455,,,930633,中证旅游,CNY,CN10Y
2013-09-09,0.0405499999999999,,,930633,中证旅游,CNY,CN10Y
2013-09-10,0.04065,,,930633,中证旅游,CNY,CN10Y
2013-09-11,0.041341,,,930633,中证旅游,CNY,CN10Y
2013-09-12,0.041291,,,930633,中证旅游,CNY,CN10Y
2013-09-13,0.041406,,,930633,中证旅游,CNY,CN10Y
2013-09-16,0.041201,,,930633,中证旅游,CNY,CN10Y
2013-09-17,0.040721,,,930633,中证旅游,CNY,CN10Y
2013-09-18,0.040502,,,930633,中证旅游,CNY,CN10Y
2013-09-22,0.039851,,,930633,中证旅游,CNY,CN10Y
2013-09-23,0.040095,,,930633,中证旅游,CNY,CN10Y
2013-09-24,0.040201,,,930633,中证旅游,CNY,CN10Y
2013-09-25,0.040202,,,930633,中证旅游,CNY,CN10Y
2013-09-26,0.039901,,,930633,中证旅游,CNY,CN10Y
2013-09-27,0.040002,,,930633,中证旅游,CNY,CN10Y
2013-09-29,0.040002,,,930633,中证旅游,CNY,CN10Y
2013-09-30,0.039954,,,930633,中证旅游,CNY,CN10Y
2013-10-08,0.039903,,,930633,中证旅游,CNY,CN10Y
2013-10-09,0.040316,,,930633,中证旅游,CNY,CN10Y
2013-10-10,0.040166,,,930633,中证旅游,CNY,CN10Y
2013-10-11,0.040265,,,930633,中证旅游,CNY,CN10Y
2013-10-12,0.040263,,,930633,中证旅游,CNY,CN10Y
2013-10-14,0.040663,,,930633,中证旅游,CNY,CN10Y
2013-10-15,0.040791,,,930633,中证旅游,CNY,CN10Y
2013-10-16,0.0409659999999999,,,930633,中证旅游,CNY,CN10Y
2013-10-17,0.0409659999999999,,,930633,中证旅游,CNY,CN10Y
2013-10-18,0.041055,,,930633,中证旅游,CNY,CN10Y
2013-10-21,0.041105,,,930633,中证旅游,CNY,CN10Y
2013-10-22,0.0413049999999999,,,930633,中证旅游,CNY,CN10Y
2013-10-23,0.041491,,,930633,中证旅游,CNY,CN10Y
2013-10-24,0.04194,,,930633,中证旅游,CNY,CN10Y
2013-10-25,0.04214,,,930633,中证旅游,CNY,CN10Y
2013-10-28,0.0420399999999999,,,930633,中证旅游,CNY,CN10Y
2013-10-29,0.0421729999999999,,,930633,中证旅游,CNY,CN10Y
2013-10-30,0.0421729999999999,,,930633,中证旅游,CNY,CN10Y
2013-10-31,0.041806,,,930633,中证旅游,CNY,CN10Y
2013-11-01,0.0415559999999999,,,930633,中证旅游,CNY,CN10Y
2013-11-04,0.041731,,,930633,中证旅游,CNY,CN10Y
2013-11-05,0.042106,,,930633,中证旅游,CNY,CN10Y
2013-11-06,0.042206,,,930633,中证旅游,CNY,CN10Y
2013-11-07,0.042945,,,930633,中证旅游,CNY,CN10Y
2013-11-08,0.043186,,,930633,中证旅游,CNY,CN10Y
2013-11-11,0.044034,,,930633,中证旅游,CNY,CN10Y
2013-11-12,0.044146,,,930633,中证旅游,CNY,CN10Y
2013-11-13,0.0446279999999999,,,930633,中证旅游,CNY,CN10Y
2013-11-14,0.045006,,,930633,中证旅游,CNY,CN10Y
2013-11-15,0.046006,,,930633,中证旅游,CNY,CN10Y
2013-11-18,0.046619,,,930633,中证旅游,CNY,CN10Y
2013-11-19,0.046722,,,930633,中证旅游,CNY,CN10Y
2013-11-20,0.047222,,,930633,中证旅游,CNY,CN10Y
2013-11-21,0.0470089999999999,,,930633,中证旅游,CNY,CN10Y
2013-11-22,0.046509,,,930633,中证旅游,CNY,CN10Y
2013-11-25,0.046159,,,930633,中证旅游,CNY,CN10Y
2013-11-26,0.046059,,,930633,中证旅游,CNY,CN10Y
2013-11-27,0.0455109999999999,,,930633,中证旅游,CNY,CN10Y
2013-11-28,0.044313,,,930633,中证旅游,CNY,CN10Y
2013-11-29,0.043612,,,930633,中证旅游,CNY,CN10Y
2013-12-02,0.044812,,,930633,中证旅游,CNY,CN10Y
2013-12-03,0.044412,,,930633,中证旅游,CNY,CN10Y
2013-12-04,0.0442619999999999,,,930633,中证旅游,CNY,CN10Y
2013-12-05,0.044962,,,930633,中证旅游,CNY,CN10Y
2013-12-06,0.045162,,,930633,中证旅游,CNY,CN10Y
2013-12-09,0.0454129999999999,,,930633,中证旅游,CNY,CN10Y
2013-12-10,0.046012,,,930633,中证旅游,CNY,CN10Y
2013-12-11,0.046213,,,930633,中证旅游,CNY,CN10Y
2013-12-12,0.045913,,,930633,中证旅游,CNY,CN10Y
2013-12-13,0.045411,,,930633,中证旅游,CNY,CN10Y
2013-12-16,0.0455389999999999,,,930633,中证旅游,CNY,CN10Y
2013-12-17,0.045639,,,930633,中证旅游,CNY,CN10Y
2013-12-18,0.045814,,,930633,中证旅游,CNY,CN10Y
2013-12-19,0.046016,,,930633,中证旅游,CNY,CN10Y
2013-12-20,0.046016,,,930633,中证旅游,CNY,CN10Y
2013-12-23,0.046017,,,930633,中证旅游,CNY,CN10Y
2013-12-24,0.045566,,,930633,中证旅游,CNY,CN10Y
2013-12-25,0.045666,,,930633,中证旅游,CNY,CN10Y
2013-12-26,0.045579,,,930633,中证旅游,CNY,CN10Y
2013-12-27,0.045437,,,930633,中证旅游,CNY,CN10Y
2013-12-30,0.045437,,,930633,中证旅游,CNY,CN10Y
2013-12-31,0.045518,,,930633,中证旅游,CNY,CN10Y
2014-01-02,0.0460179999999999,,,930633,中证旅游,CNY,CN10Y
2014-01-03,0.046415,,,930633,中证旅游,CNY,CN10Y
2014-01-06,0.046569,,,930633,中证旅游,CNY,CN10Y
2014-01-07,0.04642,,,930633,中证旅游,CNY,CN10Y
2014-01-08,0.045919,,,930633,中证旅游,CNY,CN10Y
2014-01-09,0.0459689999999999,,,930633,中证旅游,CNY,CN10Y
2014-01-10,0.046016,,,930633,中证旅游,CNY,CN10Y
2014-01-13,0.04597,,,930633,中证旅游,CNY,CN10Y
2014-01-14,0.04602,,,930633,中证旅游,CNY,CN10Y
2014-01-15,0.045523,,,930633,中证旅游,CNY,CN10Y
2014-01-16,0.045871,,,930633,中证旅游,CNY,CN10Y
2014-01-17,0.0459689999999999,,,930633,中证旅游,CNY,CN10Y
2014-01-20,0.045923,,,930633,中证旅游,CNY,CN10Y
2014-01-21,0.045423,,,930633,中证旅游,CNY,CN10Y
2014-01-22,0.045023,,,930633,中证旅游,CNY,CN10Y
2014-01-23,0.044825,,,930633,中证旅游,CNY,CN10Y
2014-01-24,0.0451229999999999,,,930633,中证旅游,CNY,CN10Y
2014-01-26,0.044777,,,930633,中证旅游,CNY,CN10Y
2014-01-27,0.044802,,,930633,中证旅游,CNY,CN10Y
2014-01-28,0.045027,,,930633,中证旅游,CNY,CN10Y
2014-01-29,0.045102,,,930633,中证旅游,CNY,CN10Y
2014-01-30,0.045019,,,930633,中证旅游,CNY,CN10Y
2014-02-07,0.044781,,,930633,中证旅游,CNY,CN10Y
2014-02-08,0.04468,,,930633,中证旅游,CNY,CN10Y
2014-02-10,0.044831,,,930633,中证旅游,CNY,CN10Y
2014-02-11,0.044881,,,930633,中证旅游,CNY,CN10Y
2014-02-12,0.0447829999999999,,,930633,中证旅游,CNY,CN10Y
2014-02-13,0.0447829999999999,,,930633,中证旅游,CNY,CN10Y
2014-02-14,0.044781,,,930633,中证旅游,CNY,CN10Y
2014-02-17,0.0451349999999999,,,930633,中证旅游,CNY,CN10Y
2014-02-18,0.045385,,,930633,中证旅游,CNY,CN10Y
2014-02-19,0.045535,,,930633,中证旅游,CNY,CN10Y
2014-02-20,0.045336,,,930633,中证旅游,CNY,CN10Y
2014-02-21,0.0452339999999999,,,930633,中证旅游,CNY,CN10Y
2014-02-24,0.044836,,,930633,中证旅游,CNY,CN10Y
2014-02-25,0.044336,,,930633,中证旅游,CNY,CN10Y
2014-02-26,0.044496,,,930633,中证旅游,CNY,CN10Y
2014-02-27,0.043896,,,930633,中证旅游,CNY,CN10Y
2014-02-28,0.044276,,,930633,中证旅游,CNY,CN10Y
2014-03-03,0.044576,,,930633,中证旅游,CNY,CN10Y
2014-03-04,0.045026,,,930633,中证旅游,CNY,CN10Y
2014-03-05,0.045176,,,930633,中证旅游,CNY,CN10Y
2014-03-06,0.045145,,,930633,中证旅游,CNY,CN10Y
2014-03-07,0.0451419999999999,,,930633,中证旅游,CNY,CN10Y
2014-03-10,0.045043,,,930633,中证旅游,CNY,CN10Y
2014-03-11,0.045125,,,930633,中证旅游,CNY,CN10Y
2014-03-12,0.0450239999999999,,,930633,中证旅游,CNY,CN10Y
2014-03-13,0.0450239999999999,,,930633,中证旅游,CNY,CN10Y
2014-03-14,0.044924,,,930633,中证旅游,CNY,CN10Y
2014-03-17,0.04482,,,930633,中证旅游,CNY,CN10Y
2014-03-18,0.045095,,,930633,中证旅游,CNY,CN10Y
2014-03-19,0.045095,,,930633,中证旅游,CNY,CN10Y
2014-03-20,0.045195,,,930633,中证旅游,CNY,CN10Y
2014-03-21,0.045044,,,930633,中证旅游,CNY,CN10Y
2014-03-24,0.045148,,,930633,中证旅游,CNY,CN10Y
2014-03-25,0.0451919999999999,,,930633,中证旅游,CNY,CN10Y
2014-03-26,0.044992,,,930633,中证旅游,CNY,CN10Y
2014-03-27,0.045109,,,930633,中证旅游,CNY,CN10Y
2014-03-28,0.045104,,,930633,中证旅游,CNY,CN10Y
2014-03-31,0.045004,,,930633,中证旅游,CNY,CN10Y
2014-04-01,0.044954,,,930633,中证旅游,CNY,CN10Y
2014-04-02,0.044904,,,930633,中证旅游,CNY,CN10Y
2014-04-03,0.044904,,,930633,中证旅游,CNY,CN10Y
2014-04-04,0.044904,,,930633,中证旅游,CNY,CN10Y
2014-04-08,0.044499,,,930633,中证旅游,CNY,CN10Y
2014-04-09,0.044771,,,930633,中证旅游,CNY,CN10Y
2014-04-10,0.044571,,,930633,中证旅游,CNY,CN10Y
2014-04-11,0.044521,,,930633,中证旅游,CNY,CN10Y
2014-04-14,0.044248,,,930633,中证旅游,CNY,CN10Y
2014-04-15,0.044001,,,930633,中证旅游,CNY,CN10Y
2014-04-16,0.043601,,,930633,中证旅游,CNY,CN10Y
2014-04-17,0.0427489999999999,,,930633,中证旅游,CNY,CN10Y
2014-04-18,0.0429969999999999,,,930633,中证旅游,CNY,CN10Y
2014-04-21,0.0429969999999999,,,930633,中证旅游,CNY,CN10Y
2014-04-22,0.0429969999999999,,,930633,中证旅游,CNY,CN10Y
2014-04-23,0.043297,,,930633,中证旅游,CNY,CN10Y
2014-04-24,0.043394,,,930633,中证旅游,CNY,CN10Y
2014-04-25,0.043294,,,930633,中证旅游,CNY,CN10Y
2014-04-28,0.043301,,,930633,中证旅游,CNY,CN10Y
2014-04-29,0.043202,,,930633,中证旅游,CNY,CN10Y
2014-04-30,0.043002,,,930633,中证旅游,CNY,CN10Y
2014-05-04,0.0429019999999999,,,930633,中证旅游,CNY,CN10Y
2014-05-05,0.043002,,,930633,中证旅游,CNY,CN10Y
2014-05-06,0.042803,,,930633,中证旅游,CNY,CN10Y
2014-05-07,0.042803,,,930633,中证旅游,CNY,CN10Y
2014-05-08,0.042303,,,930633,中证旅游,CNY,CN10Y
2014-05-09,0.041205,,,930633,中证旅游,CNY,CN10Y
2014-05-12,0.041205,,,930633,中证旅游,CNY,CN10Y
2014-05-13,0.041505,,,930633,中证旅游,CNY,CN10Y
2014-05-14,0.041704,,,930633,中证旅游,CNY,CN10Y
2014-05-15,0.0419149999999999,,,930633,中证旅游,CNY,CN10Y
2014-05-16,0.041919,,,930633,中证旅游,CNY,CN10Y
2014-05-19,0.0417079999999999,,,930633,中证旅游,CNY,CN10Y
2014-05-20,0.0417699999999999,,,930633,中证旅游,CNY,CN10Y
2014-05-21,0.0417699999999999,,,930633,中证旅游,CNY,CN10Y
2014-05-22,0.0417699999999999,,,930633,中证旅游,CNY,CN10Y
2014-05-23,0.041574,,,930633,中证旅游,CNY,CN10Y
2014-05-26,0.0416739999999999,,,930633,中证旅游,CNY,CN10Y
2014-05-27,0.041574,,,930633,中证旅游,CNY,CN10Y
2014-05-28,0.0414569999999999,,,930633,中证旅游,CNY,CN10Y
2014-05-29,0.041159,,,930633,中证旅游,CNY,CN10Y
2014-05-30,0.040714,,,930633,中证旅游,CNY,CN10Y
2014-06-03,0.040214,,,930633,中证旅游,CNY,CN10Y
2014-06-04,0.040114,,,930633,中证旅游,CNY,CN10Y
2014-06-05,0.0403139999999999,,,930633,中证旅游,CNY,CN10Y
2014-06-06,0.040614,,,930633,中证旅游,CNY,CN10Y
2014-06-09,0.040714,,,930633,中证旅游,CNY,CN10Y
2014-06-10,0.040614,,,930633,中证旅游,CNY,CN10Y
2014-06-11,0.040614,,,930633,中证旅游,CNY,CN10Y
2014-06-12,0.04064,,,930633,中证旅游,CNY,CN10Y
2014-06-13,0.0408399999999999,,,930633,中证旅游,CNY,CN10Y
2014-06-16,0.04064,,,930633,中证旅游,CNY,CN10Y
2014-06-17,0.04054,,,930633,中证旅游,CNY,CN10Y
2014-06-18,0.04054,,,930633,中证旅游,CNY,CN10Y
2014-06-19,0.040408,,,930633,中证旅游,CNY,CN10Y
2014-06-20,0.0405149999999999,,,930633,中证旅游,CNY,CN10Y
2014-06-23,0.0405149999999999,,,930633,中证旅游,CNY,CN10Y
2014-06-24,0.0405149999999999,,,930633,中证旅游,CNY,CN10Y
2014-06-25,0.0405569999999999,,,930633,中证旅游,CNY,CN10Y
2014-06-26,0.040472,,,930633,中证旅游,CNY,CN10Y
2014-06-27,0.040485,,,930633,中证旅游,CNY,CN10Y
2014-06-30,0.040612,,,930633,中证旅游,CNY,CN10Y
2014-07-01,0.040812,,,930633,中证旅游,CNY,CN10Y
2014-07-02,0.041212,,,930633,中证旅游,CNY,CN10Y
2014-07-03,0.041503,,,930633,中证旅游,CNY,CN10Y
2014-07-04,0.041747,,,930633,中证旅游,CNY,CN10Y
2014-07-07,0.041212,,,930633,中证旅游,CNY,CN10Y
2014-07-08,0.041162,,,930633,中证旅游,CNY,CN10Y
2014-07-09,0.041276,,,930633,中证旅游,CNY,CN10Y
2014-07-10,0.041298,,,930633,中证旅游,CNY,CN10Y
2014-07-11,0.041198,,,930633,中证旅游,CNY,CN10Y
2014-07-14,0.041298,,,930633,中证旅游,CNY,CN10Y
2014-07-15,0.041571,,,930633,中证旅游,CNY,CN10Y
2014-07-16,0.042171,,,930633,中证旅游,CNY,CN10Y
2014-07-17,0.04267,,,930633,中证旅游,CNY,CN10Y
2014-07-18,0.043019,,,930633,中证旅游,CNY,CN10Y
2014-07-21,0.043017,,,930633,中证旅游,CNY,CN10Y
2014-07-22,0.042717,,,930633,中证旅游,CNY,CN10Y
2014-07-23,0.042967,,,930633,中证旅游,CNY,CN10Y
2014-07-24,0.042967,,,930633,中证旅游,CNY,CN10Y
2014-07-25,0.042711,,,930633,中证旅游,CNY,CN10Y
2014-07-28,0.042713,,,930633,中证旅游,CNY,CN10Y
2014-07-29,0.042805,,,930633,中证旅游,CNY,CN10Y
2014-07-30,0.042905,,,930633,中证旅游,CNY,CN10Y
2014-07-31,0.042655,,,930633,中证旅游,CNY,CN10Y
2014-08-01,0.0425689999999999,,,930633,中证旅游,CNY,CN10Y
2014-08-04,0.04253,,,930633,中证旅游,CNY,CN10Y
2014-08-05,0.042576,,,930633,中证旅游,CNY,CN10Y
2014-08-06,0.042463,,,930633,中证旅游,CNY,CN10Y
2014-08-07,0.042563,,,930633,中证旅游,CNY,CN10Y
2014-08-08,0.042712,,,930633,中证旅游,CNY,CN10Y
2014-08-11,0.042815,,,930633,中证旅游,CNY,CN10Y
2014-08-12,0.042815,,,930633,中证旅游,CNY,CN10Y
2014-08-13,0.04255,,,930633,中证旅游,CNY,CN10Y
2014-08-14,0.0421,,,930633,中证旅游,CNY,CN10Y
2014-08-15,0.042002,,,930633,中证旅游,CNY,CN10Y
2014-08-18,0.042153,,,930633,中证旅游,CNY,CN10Y
2014-08-19,0.042422,,,930633,中证旅游,CNY,CN10Y
2014-08-20,0.042523,,,930633,中证旅游,CNY,CN10Y
2014-08-21,0.042512,,,930633,中证旅游,CNY,CN10Y
2014-08-22,0.04256,,,930633,中证旅游,CNY,CN10Y
2014-08-25,0.042524,,,930633,中证旅游,CNY,CN10Y
2014-08-26,0.042462,,,930633,中证旅游,CNY,CN10Y
2014-08-27,0.04231,,,930633,中证旅游,CNY,CN10Y
2014-08-28,0.0422539999999999,,,930633,中证旅游,CNY,CN10Y
2014-08-29,0.042361,,,930633,中证旅游,CNY,CN10Y
2014-09-01,0.042405,,,930633,中证旅游,CNY,CN10Y
2014-09-02,0.04249,,,930633,中证旅游,CNY,CN10Y
2014-09-03,0.04264,,,930633,中证旅游,CNY,CN10Y
2014-09-04,0.042814,,,930633,中证旅游,CNY,CN10Y
2014-09-05,0.0429279999999999,,,930633,中证旅游,CNY,CN10Y
2014-09-09,0.042868,,,930633,中证旅游,CNY,CN10Y
2014-09-10,0.042934,,,930633,中证旅游,CNY,CN10Y
2014-09-11,0.042937,,,930633,中证旅游,CNY,CN10Y
2014-09-12,0.042793,,,930633,中证旅游,CNY,CN10Y
2014-09-15,0.0425969999999999,,,930633,中证旅游,CNY,CN10Y
2014-09-16,0.042634,,,930633,中证旅游,CNY,CN10Y
2014-09-17,0.042008,,,930633,中证旅游,CNY,CN10Y
2014-09-18,0.0414379999999999,,,930633,中证旅游,CNY,CN10Y
2014-09-19,0.04031,,,930633,中证旅游,CNY,CN10Y
2014-09-22,0.04011,,,930633,中证旅游,CNY,CN10Y
2014-09-23,0.039911,,,930633,中证旅游,CNY,CN10Y
2014-09-24,0.040425,,,930633,中证旅游,CNY,CN10Y
2014-09-25,0.040025,,,930633,中证旅游,CNY,CN10Y
2014-09-26,0.0400919999999999,,,930633,中证旅游,CNY,CN10Y
2014-09-28,0.040227,,,930633,中证旅游,CNY,CN10Y
2014-09-29,0.039925,,,930633,中证旅游,CNY,CN10Y
2014-09-30,0.039824,,,930633,中证旅游,CNY,CN10Y
2014-10-08,0.03993,,,930633,中证旅游,CNY,CN10Y
2014-10-09,0.040014,,,930633,中证旅游,CNY,CN10Y
2014-10-10,0.040131,,,930633,中证旅游,CNY,CN10Y
2014-10-11,0.039965,,,930633,中证旅游,CNY,CN10Y
2014-10-13,0.0399529999999999,,,930633,中证旅游,CNY,CN10Y
2014-10-14,0.039015,,,930633,中证旅游,CNY,CN10Y
2014-10-15,0.038215,,,930633,中证旅游,CNY,CN10Y
2014-10-16,0.038116,,,930633,中证旅游,CNY,CN10Y
2014-10-17,0.03811,,,930633,中证旅游,CNY,CN10Y
2014-10-20,0.037441,,,930633,中证旅游,CNY,CN10Y
2014-10-21,0.037323,,,930633,中证旅游,CNY,CN10Y
2014-10-22,0.037929,,,930633,中证旅游,CNY,CN10Y
2014-10-23,0.038108,,,930633,中证旅游,CNY,CN10Y
2014-10-24,0.038013,,,930633,中证旅游,CNY,CN10Y
2014-10-27,0.037756,,,930633,中证旅游,CNY,CN10Y
2014-10-28,0.037424,,,930633,中证旅游,CNY,CN10Y
2014-10-29,0.037176,,,930633,中证旅游,CNY,CN10Y
2014-10-30,0.037688,,,930633,中证旅游,CNY,CN10Y
2014-10-31,0.037559,,,930633,中证旅游,CNY,CN10Y
2014-11-03,0.037007,,,930633,中证旅游,CNY,CN10Y
2014-11-04,0.036412,,,930633,中证旅游,CNY,CN10Y
2014-11-05,0.0361169999999999,,,930633,中证旅游,CNY,CN10Y
2014-11-06,0.036223,,,930633,中证旅游,CNY,CN10Y
2014-11-07,0.0356309999999999,,,930633,中证旅游,CNY,CN10Y
2014-11-10,0.035132,,,930633,中证旅游,CNY,CN10Y
2014-11-11,0.034981,,,930633,中证旅游,CNY,CN10Y
2014-11-12,0.03556,,,930633,中证旅游,CNY,CN10Y
2014-11-13,0.035924,,,930633,中证旅游,CNY,CN10Y
2014-11-14,0.036466,,,930633,中证旅游,CNY,CN10Y
2014-11-17,0.0366089999999999,,,930633,中证旅游,CNY,CN10Y
2014-11-18,0.03607,,,930633,中证旅游,CNY,CN10Y
2014-11-19,0.036154,,,930633,中证旅游,CNY,CN10Y
2014-11-20,0.036521,,,930633,中证旅游,CNY,CN10Y
2014-11-21,0.036514,,,930633,中证旅游,CNY,CN10Y
2014-11-24,0.034767,,,930633,中证旅游,CNY,CN10Y
2014-11-25,0.035216,,,930633,中证旅游,CNY,CN10Y
2014-11-26,0.035228,,,930633,中证旅游,CNY,CN10Y
2014-11-27,0.035243,,,930633,中证旅游,CNY,CN10Y
2014-11-28,0.035249,,,930633,中证旅游,CNY,CN10Y
2014-12-01,0.035145,,,930633,中证旅游,CNY,CN10Y
2014-12-02,0.035553,,,930633,中证旅游,CNY,CN10Y
2014-12-03,0.036238,,,930633,中证旅游,CNY,CN10Y
2014-12-04,0.036633,,,930633,中证旅游,CNY,CN10Y
2014-12-05,0.037759,,,930633,中证旅游,CNY,CN10Y
2014-12-08,0.037918,,,930633,中证旅游,CNY,CN10Y
2014-12-09,0.037532,,,930633,中证旅游,CNY,CN10Y
2014-12-10,0.037111,,,930633,中证旅游,CNY,CN10Y
2014-12-11,0.037282,,,930633,中证旅游,CNY,CN10Y
2014-12-12,0.037513,,,930633,中证旅游,CNY,CN10Y
2014-12-15,0.037815,,,930633,中证旅游,CNY,CN10Y
2014-12-16,0.037522,,,930633,中证旅游,CNY,CN10Y
2014-12-17,0.037377,,,930633,中证旅游,CNY,CN10Y
2014-12-18,0.037614,,,930633,中证旅游,CNY,CN10Y
2014-12-19,0.037106,,,930633,中证旅游,CNY,CN10Y
2014-12-22,0.03703,,,930633,中证旅游,CNY,CN10Y
2014-12-23,0.036604,,,930633,中证旅游,CNY,CN10Y
2014-12-24,0.035975,,,930633,中证旅游,CNY,CN10Y
2014-12-25,0.036305,,,930633,中证旅游,CNY,CN10Y
2014-12-26,0.036339,,,930633,中证旅游,CNY,CN10Y
2014-12-29,0.036213,,,930633,中证旅游,CNY,CN10Y
2014-12-30,0.036213,,,930633,中证旅游,CNY,CN10Y
2014-12-31,0.036219,,,930633,中证旅游,CNY,CN10Y
2015-01-04,0.036285,,,930633,中证旅游,CNY,CN10Y
2015-01-05,0.036251,,,930633,中证旅游,CNY,CN10Y
2015-01-06,0.0363529999999999,,,930633,中证旅游,CNY,CN10Y
2015-01-07,0.036408,,,930633,中证旅游,CNY,CN10Y
2015-01-08,0.036415,,,930633,中证旅游,CNY,CN10Y
2015-01-09,0.036348,,,930633,中证旅游,CNY,CN10Y
2015-01-12,0.036371,,,930633,中证旅游,CNY,CN10Y
2015-01-13,0.035836,,,930633,中证旅游,CNY,CN10Y
2015-01-14,0.035411,,,930633,中证旅游,CNY,CN10Y
2015-01-15,0.035464,,,930633,中证旅游,CNY,CN10Y
2015-01-16,0.035017,,,930633,中证旅游,CNY,CN10Y
2015-01-19,0.03475,,,930633,中证旅游,CNY,CN10Y
2015-01-20,0.034711,,,930633,中证旅游,CNY,CN10Y
2015-01-21,0.034672,,,930633,中证旅游,CNY,CN10Y
2015-01-22,0.034521,,,930633,中证旅游,CNY,CN10Y
2015-01-23,0.03452,,,930633,中证旅游,CNY,CN10Y
2015-01-26,0.0343409999999999,,,930633,中证旅游,CNY,CN10Y
2015-01-27,0.034309,,,930633,中证旅游,CNY,CN10Y
2015-01-28,0.034767,,,930633,中证旅游,CNY,CN10Y
2015-01-29,0.034966,,,930633,中证旅游,CNY,CN10Y
2015-01-30,0.035019,,,930633,中证旅游,CNY,CN10Y
2015-02-02,0.034729,,,930633,中证旅游,CNY,CN10Y
2015-02-03,0.034533,,,930633,中证旅游,CNY,CN10Y
2015-02-04,0.034589,,,930633,中证旅游,CNY,CN10Y
2015-02-05,0.034018,,,930633,中证旅游,CNY,CN10Y
2015-02-06,0.034325,,,930633,中证旅游,CNY,CN10Y
2015-02-09,0.034236,,,930633,中证旅游,CNY,CN10Y
2015-02-10,0.0342989999999999,,,930633,中证旅游,CNY,CN10Y
2015-02-11,0.033955,,,930633,中证旅游,CNY,CN10Y
2015-02-12,0.033865,,,930633,中证旅游,CNY,CN10Y
2015-02-13,0.033552,,,930633,中证旅游,CNY,CN10Y
2015-02-15,0.0336249999999999,,,930633,中证旅游,CNY,CN10Y
2015-02-16,0.033374,,,930633,中证旅游,CNY,CN10Y
2015-02-17,0.033373,,,930633,中证旅游,CNY,CN10Y
2015-02-25,0.03349,,,930633,中证旅游,CNY,CN10Y
2015-02-26,0.033594,,,930633,中证旅游,CNY,CN10Y
2015-02-27,0.033745,,,930633,中证旅游,CNY,CN10Y
2015-02-28,0.033602,,,930633,中证旅游,CNY,CN10Y
2015-03-02,0.033883,,,930633,中证旅游,CNY,CN10Y
2015-03-03,0.034022,,,930633,中证旅游,CNY,CN10Y
2015-03-04,0.0338689999999999,,,930633,中证旅游,CNY,CN10Y
2015-03-05,0.034369,,,930633,中证旅游,CNY,CN10Y
2015-03-06,0.034753,,,930633,中证旅游,CNY,CN10Y
2015-03-09,0.034922,,,930633,中证旅游,CNY,CN10Y
2015-03-10,0.035228,,,930633,中证旅游,CNY,CN10Y
2015-03-11,0.034466,,,930633,中证旅游,CNY,CN10Y
2015-03-12,0.034412,,,930633,中证旅游,CNY,CN10Y
2015-03-13,0.034879,,,930633,中证旅游,CNY,CN10Y
2015-03-16,0.035301,,,930633,中证旅游,CNY,CN10Y
2015-03-17,0.035428,,,930633,中证旅游,CNY,CN10Y
2015-03-18,0.0355189999999999,,,930633,中证旅游,CNY,CN10Y
2015-03-19,0.035348,,,930633,中证旅游,CNY,CN10Y
2015-03-20,0.034958,,,930633,中证旅游,CNY,CN10Y
2015-03-23,0.034933,,,930633,中证旅游,CNY,CN10Y
2015-03-24,0.034841,,,930633,中证旅游,CNY,CN10Y
2015-03-25,0.035037,,,930633,中证旅游,CNY,CN10Y
2015-03-26,0.03544,,,930633,中证旅游,CNY,CN10Y
2015-03-27,0.035678,,,930633,中证旅游,CNY,CN10Y
2015-03-30,0.035849,,,930633,中证旅游,CNY,CN10Y
2015-03-31,0.036483,,,930633,中证旅游,CNY,CN10Y
2015-04-01,0.035997,,,930633,中证旅游,CNY,CN10Y
2015-04-02,0.035438,,,930633,中证旅游,CNY,CN10Y
2015-04-03,0.03572,,,930633,中证旅游,CNY,CN10Y
2015-04-07,0.035987,,,930633,中证旅游,CNY,CN10Y
2015-04-08,0.036938,,,930633,中证旅游,CNY,CN10Y
2015-04-09,0.03704,,,930633,中证旅游,CNY,CN10Y
2015-04-10,0.036947,,,930633,中证旅游,CNY,CN10Y
2015-04-13,0.0366849999999999,,,930633,中证旅游,CNY,CN10Y
2015-04-14,0.036211,,,930633,中证旅游,CNY,CN10Y
2015-04-15,0.035954,,,930633,中证旅游,CNY,CN10Y
2015-04-16,0.0356,,,930633,中证旅游,CNY,CN10Y
2015-04-17,0.035627,,,930633,中证旅游,CNY,CN10Y
2015-04-20,0.034554,37.36,-0.007787404710920771,930633,中证旅游,CNY,CN10Y
2015-04-21,0.034055,38.6,-0.008148264248704667,930633,中证旅游,CNY,CN10Y
2015-04-22,0.034052,39.89,-0.008983060416144398,930633,中证旅游,CNY,CN10Y
2015-04-23,0.034151,40.72,-0.009593043222003928,930633,中证旅游,CNY,CN10Y
2015-04-24,0.034454,41.68,-0.01046167754318618,930633,中证旅游,CNY,CN10Y
2015-04-27,0.033952,41.92,-0.010097038167938936,930633,中证旅游,CNY,CN10Y
2015-04-28,0.033804,39.95,-0.008772710888610764,930633,中证旅游,CNY,CN10Y
2015-04-29,0.034,41.12,-0.00968093385214008,930633,中证旅游,CNY,CN10Y
2015-04-30,0.033503,41.78,-0.009568102920057442,930633,中证旅游,CNY,CN10Y
2015-05-04,0.033804,40.1,-0.008866344139650876,930633,中证旅游,CNY,CN10Y
2015-05-05,0.034006,38.84,-0.008259347064881569,930633,中证旅游,CNY,CN10Y
2015-05-06,0.03456,38.54,-0.00861293201868189,930633,中证旅游,CNY,CN10Y
2015-05-07,0.034401,38.18,-0.008209276584599266,930633,中证旅游,CNY,CN10Y
2015-05-08,0.033703,39.08,-0.008114463664278398,930633,中证旅游,CNY,CN10Y
2015-05-11,0.033752,40.22,-0.008888747886623569,930633,中证旅游,CNY,CN10Y
2015-05-12,0.034002,40.66,-0.009407804230201669,930633,中证旅游,CNY,CN10Y
2015-05-13,0.034002,40.63,-0.009389644597587989,930633,中证旅游,CNY,CN10Y
2015-05-14,0.033803,40.05,-0.008834210986267164,930633,中证旅游,CNY,CN10Y
2015-05-15,0.033907,40.02,-0.00891949375312344,930633,中证旅游,CNY,CN10Y
2015-05-18,0.034109,40.25,-0.009264279503105592,930633,中证旅游,CNY,CN10Y
2015-05-19,0.034311,41.3,-0.01009792493946731,930633,中证旅游,CNY,CN10Y
2015-05-20,0.034282,42.03,-0.010489470854151799,930633,中证旅游,CNY,CN10Y
2015-05-21,0.034257,40.02,-0.009269493753123442,930633,中证旅游,CNY,CN10Y
2015-05-22,0.0341599999999999,39.83,-0.009053296510168111,930633,中证旅游,CNY,CN10Y
2015-05-25,0.03431,40.47,-0.009600338522362244,930633,中证旅游,CNY,CN10Y
2015-05-26,0.0352139999999999,42.07,-0.011444092702638357,930633,中证旅游,CNY,CN10Y
2015-05-27,0.035055,43.97,-0.012312220832385718,930633,中证旅游,CNY,CN10Y
2015-05-28,0.0356519999999999,42.52,-0.012133655691439222,930633,中证旅游,CNY,CN10Y
2015-05-29,0.035954,43.65,-0.013044492554410078,930633,中证旅游,CNY,CN10Y
2015-06-01,0.036404,45.49,-0.014421146625632007,930633,中证旅游,CNY,CN10Y
2015-06-02,0.03588,46.06,-0.014169188015631787,930633,中证旅游,CNY,CN10Y
2015-06-03,0.036111,45.61,-0.014185983556237663,930633,中证旅游,CNY,CN10Y
2015-06-04,0.035912,45.48,-0.013924313104661388,930633,中证旅游,CNY,CN10Y
2015-06-05,0.035814,46.45,-0.014285474703982778,930633,中证旅游,CNY,CN10Y
2015-06-08,0.035613,46.57,-0.014139948679407342,930633,中证旅游,CNY,CN10Y
2015-06-09,0.035565,46.09,-0.01386831959210241,930633,中证旅游,CNY,CN10Y
2015-06-10,0.035912,47.75,-0.014969591623036647,930633,中证旅游,CNY,CN10Y
2015-06-11,0.036197,48.13,-0.015419937876584251,930633,中证旅游,CNY,CN10Y
2015-06-12,0.036226,48.33,-0.015534917856403891,930633,中证旅游,CNY,CN10Y
2015-06-15,0.036681,47.74,-0.015734204859656473,930633,中证旅游,CNY,CN10Y
2015-06-16,0.036099,46.55,-0.014616722878625133,930633,中证旅游,CNY,CN10Y
2015-06-17,0.036052,47.31,-0.01491481969985204,930633,中证旅游,CNY,CN10Y
2015-06-18,0.03573,46.34,-0.014150371169615882,930633,中证旅游,CNY,CN10Y
2015-06-19,0.035825,43.62,-0.012899736359468134,930633,中证旅游,CNY,CN10Y
2015-06-23,0.036054,44.5,-0.013582089887640453,930633,中证旅游,CNY,CN10Y
2015-06-24,0.036079,45.59,-0.014144365211669226,930633,中证旅游,CNY,CN10Y
2015-06-25,0.036028,44.5,-0.013556089887640448,930633,中证旅游,CNY,CN10Y
2015-06-26,0.03608,40.72,-0.011522043222003928,930633,中证旅游,CNY,CN10Y
2015-06-29,0.03603,39.46,-0.010687881398884946,930633,中证旅游,CNY,CN10Y
2015-06-30,0.035976,41.56,-0.01191440230991338,930633,中证旅游,CNY,CN10Y
2015-07-01,0.036127,39.8,-0.01100137185929648,930633,中证旅游,CNY,CN10Y
2015-07-02,0.036223,37.45,-0.009520730307076102,930633,中证旅游,CNY,CN10Y
2015-07-03,0.035719,35.68,-0.007692094170403587,930633,中证旅游,CNY,CN10Y
2015-07-06,0.034917,34.46,-0.005897847359257108,930633,中证旅游,CNY,CN10Y
2015-07-07,0.034361,32.11,-0.0032180538772967927,930633,中证旅游,CNY,CN10Y
2015-07-08,0.034307,31.07,-0.002121612166076599,930633,中证旅游,CNY,CN10Y
2015-07-09,0.034358,32.24,-0.0033406302729528554,930633,中证旅游,CNY,CN10Y
2015-07-10,0.034885,33.52,-0.0050520644391408125,930633,中证旅游,CNY,CN10Y
2015-07-13,0.0350139999999999,35.12,-0.006540195899772106,930633,中证旅游,CNY,CN10Y
2015-07-14,0.035341,35.13,-0.006875301167093652,930633,中证旅游,CNY,CN10Y
2015-07-15,0.035495,33.45,-0.005599633781763827,930633,中证旅游,CNY,CN10Y
2015-07-16,0.0352079999999999,33.6,-0.005446095238095139,930633,中证旅游,CNY,CN10Y
2015-07-17,0.035123,35.5,-0.0069539859154929586,930633,中证旅游,CNY,CN10Y
2015-07-20,0.035009,36.33,-0.0074835389485273865,930633,中证旅游,CNY,CN10Y
2015-07-21,0.0352139999999999,37.44,-0.008504598290598187,930633,中证旅游,CNY,CN10Y
2015-07-22,0.035145,37.83,-0.00871095294739625,930633,中证旅游,CNY,CN10Y
2015-07-23,0.034751,38.56,-0.008817390041493775,930633,中证旅游,CNY,CN10Y
2015-07-24,0.034602,38.43,-0.008580662503252668,930633,中证旅游,CNY,CN10Y
2015-07-27,0.034602,35.9,-0.00674684679665738,930633,中证旅游,CNY,CN10Y
2015-07-28,0.034401,35.12,-0.005927195899772208,930633,中证旅游,CNY,CN10Y
2015-07-29,0.034302,36.74,-0.007083709308655418,930633,中证旅游,CNY,CN10Y
2015-07-30,0.034402,36.27,-0.006831004687069209,930633,中证旅游,CNY,CN10Y
2015-07-31,0.034752,35.71,-0.006748639596751611,930633,中证旅游,CNY,CN10Y
2015-08-03,0.0347,34.49,-0.005706088721368515,930633,中证旅游,CNY,CN10Y
2015-08-04,0.0347,35.86,-0.0068137757947573895,930633,中证旅游,CNY,CN10Y
2015-08-05,0.034701,35.02,-0.006145888635065683,930633,中证旅游,CNY,CN10Y
2015-08-06,0.0346,34.35,-0.0054879184861717605,930633,中证旅游,CNY,CN10Y
2015-08-07,0.034553,35.51,-0.006391918614474794,930633,中证旅游,CNY,CN10Y
2015-08-10,0.034755,37.56,-0.00813093184238552,930633,中证旅游,CNY,CN10Y
2015-08-11,0.0352559999999999,38.86,-0.009522598044261348,930633,中证旅游,CNY,CN10Y
2015-08-12,0.035402,37.39,-0.008656880984220384,930633,中证旅游,CNY,CN10Y
2015-08-13,0.035153,37.93,-0.00878864460848932,930633,中证旅游,CNY,CN10Y
2015-08-14,0.035052,38.22,-0.008887688121402407,930633,中证旅游,CNY,CN10Y
2015-08-17,0.035176,38.42,-0.009147889640812076,930633,中证旅游,CNY,CN10Y
2015-08-18,0.035126,35.08,-0.006619728620296462,930633,中证旅游,CNY,CN10Y
2015-08-19,0.0352009999999999,35.56,-0.007079515185601702,930633,中证旅游,CNY,CN10Y
2015-08-20,0.035051,34.52,-0.006082286210892237,930633,中证旅游,CNY,CN10Y
2015-08-21,0.0349509999999999,32.47,-0.004153340622112617,930633,中证旅游,CNY,CN10Y
2015-08-24,0.034701,29.61,-0.0009286258020938867,930633,中证旅游,CNY,CN10Y
2015-08-25,0.034577,27.23,0.002147201248622846,930633,中证旅游,CNY,CN10Y
2015-08-26,0.03429,26.7,0.003163183520599251,930633,中证旅游,CNY,CN10Y
2015-08-27,0.033902,28.31,0.0014212073472271297,930633,中证旅游,CNY,CN10Y
2015-08-28,0.033803,29.97,-0.00043629996663329534,930633,中证旅游,CNY,CN10Y
2015-08-31,0.033252,29.35,0.0008195502555366288,930633,中证旅游,CNY,CN10Y
2015-09-01,0.033002,29.54,0.0008504035206499672,930633,中证旅游,CNY,CN10Y
2015-09-02,0.033002,29.48,0.0009193025780189976,930633,中证旅游,CNY,CN10Y
2015-09-06,0.033203,29.48,0.0007183025780189908,930633,中证旅游,CNY,CN10Y
2015-09-07,0.033353,28.89,0.0012610533056420861,930633,中证旅游,CNY,CN10Y
2015-09-08,0.033603,30.1,-0.0003804086378737595,930633,中证旅游,CNY,CN10Y
2015-09-09,0.033478,31.02,-0.0012407337201805271,930633,中证旅游,CNY,CN10Y
2015-09-10,0.033453,30.75,-0.0009326747967479607,930633,中证旅游,CNY,CN10Y
2015-09-11,0.0334039999999999,30.83,-0.000968060979565255,930633,中证旅游,CNY,CN10Y
2015-09-14,0.033303,29.0,0.0011797586206896554,930633,中证旅游,CNY,CN10Y
2015-09-15,0.033104,28.26,0.0022817041755130926,930633,中证旅游,CNY,CN10Y
2015-09-16,0.033103,30.24,-3.4216931216926594e-05,930633,中证旅游,CNY,CN10Y
2015-09-17,0.033204,29.46,0.0007403312966734604,930633,中证旅游,CNY,CN10Y
2015-09-18,0.033105,30.28,-7.990092470278043e-05,930633,中证旅游,CNY,CN10Y
2015-09-21,0.033204,31.93,-0.0018854907610397695,930633,中证旅游,CNY,CN10Y
2015-09-22,0.033255,31.62,-0.0016294465528146757,930633,中证旅游,CNY,CN10Y
2015-09-23,0.033354,31.02,-0.001116733720180528,930633,中证旅游,CNY,CN10Y
2015-09-24,0.03318,31.35,-0.0012820733652312635,930633,中证旅游,CNY,CN10Y
2015-09-25,0.033101,30.7,-0.0005277100977198676,930633,中证旅游,CNY,CN10Y
2015-09-28,0.032906,31.64,-0.0013004374209860947,930633,中证旅游,CNY,CN10Y
2015-09-29,0.032457,30.77,4.2187520311993965e-05,930633,中证旅游,CNY,CN10Y
2015-09-30,0.032362,30.41,0.0005219197632357758,930633,中证旅游,CNY,CN10Y
2015-10-08,0.032409,31.03,-0.00018212278440219581,930633,中证旅游,CNY,CN10Y
2015-10-09,0.031486,30.79,0.0009920772978239678,930633,中证旅游,CNY,CN10Y
2015-10-10,0.031612,30.79,0.0008660772978239667,930633,中证旅游,CNY,CN10Y
2015-10-12,0.031488,31.96,-0.00019888861076345493,930633,中证旅游,CNY,CN10Y
2015-10-13,0.0310639999999999,32.15,4.019906687412894e-05,930633,中证旅游,CNY,CN10Y
2015-10-14,0.030414,31.59,0.0012415872111427688,930633,中证旅游,CNY,CN10Y
2015-10-15,0.0308139999999999,32.43,2.164600678394163e-05,930633,中证旅游,CNY,CN10Y
2015-10-16,0.031216,33.06,-0.0009679661222020582,930633,中证旅游,CNY,CN10Y
2015-10-19,0.031214,33.61,-0.0014609503124070194,930633,中证旅游,CNY,CN10Y
2015-10-20,0.030615,33.99,-0.0011945822300676694,930633,中证旅游,CNY,CN10Y
2015-10-21,0.0306159999999999,32.6,5.884662576697078e-05,930633,中证旅游,CNY,CN10Y
2015-10-22,0.030516,33.57,-0.0007274983616324115,930633,中证旅游,CNY,CN10Y
2015-10-23,0.0304,34.25,-0.001202919708029198,930633,中证旅游,CNY,CN10Y
2015-10-26,0.0302,34.27,-0.0010199591479428116,930633,中证旅游,CNY,CN10Y
2015-10-27,0.0298,34.43,-0.000755562009875109,930633,中证旅游,CNY,CN10Y
2015-10-28,0.02987,33.48,-1.4217443249676942e-06,930633,中证旅游,CNY,CN10Y
2015-10-29,0.0305,33.44,-0.0005956937799043022,930633,中证旅游,CNY,CN10Y
2015-10-30,0.0306,33.14,-0.0004249849124924564,930633,中证旅游,CNY,CN10Y
2015-11-02,0.030525,32.13,0.000598560535325237,930633,中证旅游,CNY,CN10Y
2015-11-03,0.0308,31.82,0.0006267756128221225,930633,中证旅游,CNY,CN10Y
2015-11-04,0.031351,33.29,-0.0013119492340042012,930633,中证旅游,CNY,CN10Y
2015-11-05,0.03115,34.66,-0.002298297749567222,930633,中证旅游,CNY,CN10Y
2015-11-06,0.03125,35.77,-0.003293611965334082,930633,中证旅游,CNY,CN10Y
2015-11-09,0.032099,36.39,-0.004618923055784558,930633,中证旅游,CNY,CN10Y
2015-11-10,0.032001,36.44,-0.004558628979143799,930633,中证旅游,CNY,CN10Y
2015-11-11,0.0312259999999999,36.6,-0.003903595628415201,930633,中证旅游,CNY,CN10Y
2015-11-12,0.031351,36.58,-0.004013657189721156,930633,中证旅游,CNY,CN10Y
2015-11-13,0.031251,35.8,-0.0033180391061452506,930633,中证旅游,CNY,CN10Y
2015-11-16,0.031352,35.79,-0.0034112344230231885,930633,中证旅游,CNY,CN10Y
2015-11-17,0.031252,36.03,-0.003497351096308634,930633,中证旅游,CNY,CN10Y
2015-11-18,0.031402,36.02,-0.0036396457523598033,930633,中证旅游,CNY,CN10Y
2015-11-19,0.031402,36.51,-0.004012243768830456,930633,中证旅游,CNY,CN10Y
2015-11-20,0.031251,36.3,-0.0037027906336088157,930633,中证旅游,CNY,CN10Y
2015-11-23,0.0313019999999999,35.89,-0.0034390855391472942,930633,中证旅游,CNY,CN10Y
2015-11-24,0.031077,35.72,-0.0030814792833146684,930633,中证旅游,CNY,CN10Y
2015-11-25,0.030853,35.98,-0.0030597815453029427,930633,中证旅游,CNY,CN10Y
2015-11-26,0.030503,35.9,-0.002647846796657378,930633,中证旅游,CNY,CN10Y
2015-11-27,0.0306029999999999,34.06,-0.0012430469759247414,930633,中证旅游,CNY,CN10Y
2015-11-30,0.030404,33.84,-0.0008531725768321542,930633,中证旅游,CNY,CN10Y
2015-12-01,0.0305039999999999,34.72,-0.0017021566820275488,930633,中证旅游,CNY,CN10Y
2015-12-02,0.030454,35.12,-0.0019801958997722052,930633,中证旅游,CNY,CN10Y
2015-12-03,0.030304,35.7,-0.0022927955182072864,930633,中证旅游,CNY,CN10Y
2015-12-04,0.030254,35.73,-0.0022663145815840988,930633,中证旅游,CNY,CN10Y
2015-12-07,0.03028,36.31,-0.0027393775819333534,930633,中证旅游,CNY,CN10Y
2015-12-08,0.030005,35.56,-0.0018835151856018036,930633,中证旅游,CNY,CN10Y
2015-12-09,0.0299679999999999,35.74,-0.0019881454952433257,930633,中证旅游,CNY,CN10Y
2015-12-10,0.030018,36.02,-0.0022556457523598035,930633,中证旅游,CNY,CN10Y
2015-12-11,0.029931,35.21,-0.0015299775631922759,930633,中证旅游,CNY,CN10Y
2015-12-14,0.030306,36.27,-0.0027350046870692063,930633,中证旅游,CNY,CN10Y
2015-12-15,0.030157,36.65,-0.002871870395634378,930633,中证旅游,CNY,CN10Y
2015-12-16,0.030007,36.33,-0.002481538948527387,930633,中证旅游,CNY,CN10Y
2015-12-17,0.029857,37.83,-0.003422952947396248,930633,中证旅游,CNY,CN10Y
2015-12-18,0.029408,38.16,-0.0032025492662473773,930633,中证旅游,CNY,CN10Y
2015-12-21,0.028811,38.92,-0.0031172692702980467,930633,中证旅游,CNY,CN10Y
2015-12-22,0.02861,38.79,-0.0028301598350090225,930633,中证旅游,CNY,CN10Y
2015-12-23,0.02846,38.61,-0.002559974099974098,930633,中证旅游,CNY,CN10Y
2015-12-24,0.02801,38.2,-0.0018319895287958153,930633,中证旅游,CNY,CN10Y
2015-12-25,0.028061,38.3,-0.0019513394255874644,930633,中证旅游,CNY,CN10Y
2015-12-28,0.027961,37.47,-0.001272982919669069,930633,中证旅游,CNY,CN10Y
2015-12-29,0.028061,37.62,-0.0014793944710260465,930633,中证旅游,CNY,CN10Y
2015-12-30,0.0282609999999999,37.97,-0.0019244184882801219,930633,中证旅游,CNY,CN10Y
2015-12-31,0.028212,37.46,-0.0015168585157501364,930633,中证旅游,CNY,CN10Y
2016-01-04,0.02871,34.83,8.814240597190826e-07,930633,中证旅游,CNY,CN10Y
2016-01-05,0.028911,34.53,4.9324355632783534e-05,930633,中证旅游,CNY,CN10Y
2016-01-06,0.0288609999999999,33.85,0.0006810974889218113,930633,中证旅游,CNY,CN10Y
2016-01-07,0.028511,31.24,0.0034992432778489097,930633,中证旅游,CNY,CN10Y
2016-01-08,0.028362,31.89,0.00299579241141424,930633,中证旅游,CNY,CN10Y
2016-01-11,0.028187,30.56,0.004535513089005235,930633,中证旅游,CNY,CN10Y
2016-01-12,0.027887,31.06,0.004308750160978755,930633,中证旅游,CNY,CN10Y
2016-01-13,0.027237,30.48,0.005571398950131232,930633,中证旅游,CNY,CN10Y
2016-01-14,0.027513,31.19,0.004548558191728117,930633,中证旅游,CNY,CN10Y
2016-01-15,0.027464,30.14,0.005714500331785003,930633,中证旅游,CNY,CN10Y
2016-01-18,0.027764,30.31,0.0052284117452985855,930633,中证旅游,CNY,CN10Y
2016-01-19,0.027964,31.16,0.004128426187419768,930633,中证旅游,CNY,CN10Y
2016-01-20,0.028114,30.59,0.004576421706440015,930633,中证旅游,CNY,CN10Y
2016-01-21,0.0279139999999999,29.86,0.0055756182183524135,930633,中证旅游,CNY,CN10Y
2016-01-22,0.027741,29.99,0.005603448149383131,930633,中证旅游,CNY,CN10Y
2016-01-25,0.02859,30.31,0.004402411745298585,930633,中证旅游,CNY,CN10Y
2016-01-26,0.028616,28.24,0.006794764872521248,930633,中证旅游,CNY,CN10Y
2016-01-27,0.029016,27.73,0.007046026685899744,930633,中证旅游,CNY,CN10Y
2016-01-28,0.028866,27.28,0.007790891495601169,930633,中证旅游,CNY,CN10Y
2016-01-29,0.028419,28.24,0.006991764872521247,930633,中证旅游,CNY,CN10Y
2016-02-01,0.028368,28.48,0.006744359550561799,930633,中证旅游,CNY,CN10Y
2016-02-02,0.028818,29.23,0.005393426616489904,930633,中证旅游,CNY,CN10Y
2016-02-03,0.028918,29.25,0.005270034188034192,930633,中证旅游,CNY,CN10Y
2016-02-04,0.02855,29.79,0.005018311513930854,930633,中证旅游,CNY,CN10Y
2016-02-05,0.0285349999999999,29.68,0.005157722371967752,930633,中证旅游,CNY,CN10Y
2016-02-06,0.0285349999999999,29.68,0.005157722371967752,930633,中证旅游,CNY,CN10Y
2016-02-14,0.028221,29.68,0.005471722371967653,930633,中证旅游,CNY,CN10Y
2016-02-15,0.028371,29.57,0.005447058843422385,930633,中证旅游,CNY,CN10Y
2016-02-16,0.028376,30.24,0.0046927830687830754,930633,中证旅游,CNY,CN10Y
2016-02-17,0.028351,30.3,0.004652300330032999,930633,中证旅游,CNY,CN10Y
2016-02-18,0.028351,29.95,0.005037981636060097,930633,中证旅游,CNY,CN10Y
2016-02-19,0.028251,29.86,0.005238618218352316,930633,中证旅游,CNY,CN10Y
2016-02-22,0.028426,30.47,0.004393166393173616,930633,中证旅游,CNY,CN10Y
2016-02-23,0.028451,30.33,0.004519656116056713,930633,中证旅游,CNY,CN10Y
2016-02-24,0.028676,30.75,0.003844325203252036,930633,中证旅游,CNY,CN10Y
2016-02-25,0.028651,28.49,0.0064490351000351005,930633,中证旅游,CNY,CN10Y
2016-02-26,0.028551,28.64,0.006365201117318434,930633,中证旅游,CNY,CN10Y
2016-02-29,0.028502,27.58,0.007756158085569259,930633,中证旅游,CNY,CN10Y
2016-03-01,0.028527,28.27,0.006846187124159884,930633,中证旅游,CNY,CN10Y
2016-03-02,0.028752,29.58,0.005054626098715348,930633,中证旅游,CNY,CN10Y
2016-03-03,0.029002,29.54,0.004850403520649964,930633,中证旅游,CNY,CN10Y
2016-03-04,0.028952,28.72,0.005866941504178276,930633,中证旅游,CNY,CN10Y
2016-03-07,0.029303,29.13,0.005025870580157913,930633,中证旅游,CNY,CN10Y
2016-03-08,0.029352,29.34,0.004731162917518749,930633,中证旅游,CNY,CN10Y
2016-03-09,0.028928,28.8,0.005794222222222225,930633,中证旅游,CNY,CN10Y
2016-03-10,0.0286529999999999,28.26,0.006732704175513193,930633,中证旅游,CNY,CN10Y
2016-03-11,0.028453,28.16,0.00705836363636364,930633,中证旅游,CNY,CN10Y
2016-03-14,0.028504,29.06,0.005907562284927732,930633,中证旅游,CNY,CN10Y
2016-03-15,0.028404,28.93,0.006162194262011755,930633,中证旅游,CNY,CN10Y
2016-03-16,0.028054,28.36,0.00720693088857546,930633,中证旅游,CNY,CN10Y
2016-03-17,0.028154,29.2,0.006092575342465753,930633,中证旅游,CNY,CN10Y
2016-03-18,0.028229,29.96,0.00514883711615487,930633,中证旅游,CNY,CN10Y
2016-03-21,0.0283049999999999,30.56,0.004417513089005336,930633,中证旅游,CNY,CN10Y
2016-03-22,0.028304,30.4,0.004590736842105262,930633,中证旅游,CNY,CN10Y
2016-03-23,0.028307,30.5,0.004479885245901642,930633,中证旅游,CNY,CN10Y
2016-03-24,0.028309,30.3,0.004694300330032999,930633,中证旅游,CNY,CN10Y
2016-03-25,0.028311,30.66,0.0043047860404435735,930633,中证旅游,CNY,CN10Y
2016-03-28,0.028665,30.52,0.004100399737876802,930633,中证旅游,CNY,CN10Y
2016-03-29,0.02851,29.57,0.005308058843422385,930633,中证旅游,CNY,CN10Y
2016-03-30,0.028362,30.36,0.004576076416337289,930633,中证旅游,CNY,CN10Y
2016-03-31,0.028419,30.65,0.0042074274061990255,930633,中证旅游,CNY,CN10Y
2016-04-01,0.028422,30.51,0.004354138970829233,930633,中证旅游,CNY,CN10Y
2016-04-05,0.028637,30.98,0.0036418896061975493,930633,中证旅游,CNY,CN10Y
2016-04-06,0.028689,30.86,0.003715406999351911,930633,中证旅游,CNY,CN10Y
2016-04-07,0.029049,30.2,0.004063582781456958,930633,中证旅游,CNY,CN10Y
2016-04-08,0.029158,30.04,0.004130948069241015,930633,中证旅游,CNY,CN10Y
2016-04-11,0.029091,30.52,0.003674399737876803,930633,中证旅游,CNY,CN10Y
2016-04-12,0.0291,30.39,0.003805561039815726,930633,中证旅游,CNY,CN10Y
2016-04-13,0.029271,30.73,0.0032704904002603327,930633,中证旅游,CNY,CN10Y
2016-04-14,0.029352,31.02,0.002885266279819474,930633,中证旅游,CNY,CN10Y
2016-04-15,0.0291509999999999,30.82,0.003295463335496532,930633,中证旅游,CNY,CN10Y
2016-04-18,0.029047,30.64,0.0035900757180156624,930633,中证旅游,CNY,CN10Y
2016-04-19,0.02906,30.66,0.003555786040443574,930633,中证旅游,CNY,CN10Y
2016-04-20,0.029258,29.45,0.004697857385398983,930633,中证旅游,CNY,CN10Y
2016-04-21,0.0292079999999999,29.17,0.005073796366129681,930633,中证旅游,CNY,CN10Y
2016-04-22,0.0293089999999999,28.88,0.005317038781163536,930633,中证旅游,CNY,CN10Y
2016-04-25,0.029362,28.54,0.0056765423966363,930633,中证旅游,CNY,CN10Y
2016-04-26,0.029212,28.59,0.0057652647778943696,930633,中证旅游,CNY,CN10Y
2016-04-27,0.029108,28.68,0.005759503486750351,930633,中证旅游,CNY,CN10Y
2016-04-28,0.028863,28.6,0.006102034965034961,930633,中证旅游,CNY,CN10Y
2016-04-29,0.028913,28.73,0.005893822137138877,930633,中证旅游,CNY,CN10Y
2016-05-03,0.02889,30.49,0.003907638570022964,930633,中证旅游,CNY,CN10Y
2016-05-04,0.028965,30.57,0.003746808963035652,930633,中证旅游,CNY,CN10Y
2016-05-05,0.029017,30.64,0.003620075718015661,930633,中证旅游,CNY,CN10Y
2016-05-06,0.029016,29.77,0.0045748632851864285,930633,中证旅游,CNY,CN10Y
2016-05-09,0.028818,28.91,0.005772107229332409,930633,中证旅游,CNY,CN10Y
2016-05-10,0.0289999999999999,28.76,0.005770514603616231,930633,中证旅游,CNY,CN10Y
2016-05-11,0.029075,28.64,0.0058412011173184335,930633,中证旅游,CNY,CN10Y
2016-05-12,0.028975,28.14,0.0065616027007818,930633,中证旅游,CNY,CN10Y
2016-05-13,0.02905,28.11,0.006524528637495551,930633,中证旅游,CNY,CN10Y
2016-05-16,0.029275,28.22,0.006160861091424521,930633,中证旅游,CNY,CN10Y
2016-05-17,0.0293,28.04,0.006363338088445081,930633,中证旅游,CNY,CN10Y
2016-05-18,0.02955,27.52,0.006787209302325584,930633,中证旅游,CNY,CN10Y
2016-05-19,0.0296,27.51,0.006750418029807338,930633,中证旅游,CNY,CN10Y
2016-05-20,0.0295,27.58,0.00675815808556926,930633,中证旅游,CNY,CN10Y
2016-05-23,0.02955,28.0,0.006164285714285712,930633,中证旅游,CNY,CN10Y
2016-05-24,0.02935,27.52,0.006987209302325582,930633,中证旅游,CNY,CN10Y
2016-05-25,0.029401,27.5,0.006962636363636362,930633,中证旅游,CNY,CN10Y
2016-05-26,0.029401,27.39,0.007108675063891932,930633,中证旅游,CNY,CN10Y
2016-05-27,0.029451,27.42,0.007018730123997081,930633,中证旅游,CNY,CN10Y
2016-05-30,0.0297759999999999,27.2,0.006988705882353043,930633,中证旅游,CNY,CN10Y
2016-05-31,0.029851,28.22,0.005584861091424521,930633,中证旅游,CNY,CN10Y
2016-06-01,0.029952,28.26,0.005433704175513095,930633,中证旅游,CNY,CN10Y
2016-06-02,0.030127,28.31,0.00519620734722713,930633,中证旅游,CNY,CN10Y
2016-06-03,0.030152,28.44,0.005009744022503513,930633,中证旅游,CNY,CN10Y
2016-06-06,0.030041,28.5,0.00504671929824561,930633,中证旅游,CNY,CN10Y
2016-06-07,0.030071,28.45,0.005078384885764502,930633,中证旅游,CNY,CN10Y
2016-06-08,0.030077,28.35,0.0051963686067019385,930633,中证旅游,CNY,CN10Y
2016-06-12,0.030053,28.35,0.005220368606701938,930633,中证旅游,CNY,CN10Y
2016-06-13,0.029979,27.79,0.0060051669665347265,930633,中证旅游,CNY,CN10Y
2016-06-14,0.029654,27.73,0.006408026685899744,930633,中证旅游,CNY,CN10Y
2016-06-15,0.029604,28.36,0.005656930888575461,930633,中证旅游,CNY,CN10Y
2016-06-16,0.029455,27.88,0.006413005738880918,930633,中证旅游,CNY,CN10Y
2016-06-17,0.029379,27.94,0.006411980672870434,930633,中证旅游,CNY,CN10Y
2016-06-20,0.029481,27.9,0.006361293906810041,930633,中证旅游,CNY,CN10Y
2016-06-21,0.029405,27.78,0.006592120230381568,930633,中证旅游,CNY,CN10Y
2016-06-22,0.029307,28.12,0.006254877667140821,930633,中证旅游,CNY,CN10Y
2016-06-23,0.029307,27.97,0.006445592062924561,930633,中证旅游,CNY,CN10Y
2016-06-24,0.0288079999999999,27.81,0.007150288385472953,930633,中证旅游,CNY,CN10Y
2016-06-27,0.02831,28.12,0.007251877667140822,930633,中证旅游,CNY,CN10Y
2016-06-28,0.02861,28.48,0.0065023595505618,930633,中证旅游,CNY,CN10Y
2016-06-29,0.028586,28.46,0.006551034434293744,930633,中证旅游,CNY,CN10Y
2016-06-30,0.028411,28.33,0.0068872703847511485,930633,中证旅游,CNY,CN10Y
2016-07-01,0.0280379999999999,28.62,0.006902600978336924,930633,中证旅游,CNY,CN10Y
2016-07-04,0.028314,29.05,0.006109407917383819,930633,中证旅游,CNY,CN10Y
2016-07-05,0.0285139999999999,29.05,0.005909407917383917,930633,中证旅游,CNY,CN10Y
2016-07-06,0.028365,29.04,0.00607026170798898,930633,中证旅游,CNY,CN10Y
2016-07-07,0.028066,29.04,0.006369261707988981,930633,中证旅游,CNY,CN10Y
2016-07-08,0.028016,29.04,0.0064192617079889824,930633,中证旅游,CNY,CN10Y
2016-07-11,0.028268,28.84,0.0064060638002773895,930633,中证旅游,CNY,CN10Y
2016-07-12,0.028368,29.3,0.0057616928327645055,930633,中证旅游,CNY,CN10Y
2016-07-13,0.028493,29.68,0.0051997223719676515,930633,中证旅游,CNY,CN10Y
2016-07-14,0.028395,29.58,0.005411626098715348,930633,中证旅游,CNY,CN10Y
2016-07-15,0.028271,29.57,0.0055470588434223846,930633,中证旅游,CNY,CN10Y
2016-07-18,0.028271,29.27,0.005893673727365902,930633,中证旅游,CNY,CN10Y
2016-07-19,0.028197,29.24,0.006002726402188782,930633,中证旅游,CNY,CN10Y
2016-07-20,0.027996,29.29,0.006145345168999658,930633,中证旅游,CNY,CN10Y
2016-07-21,0.027806,29.37,0.006242348655090223,930633,中证旅游,CNY,CN10Y
2016-07-22,0.027907,29.1,0.006457261168384874,930633,中证旅游,CNY,CN10Y
2016-07-25,0.028068,29.17,0.006213796366129582,930633,中证旅游,CNY,CN10Y
2016-07-26,0.0279139999999999,29.48,0.0060073025780190935,930633,中证旅游,CNY,CN10Y
2016-07-27,0.027967,28.71,0.006864069313827936,930633,中证旅游,CNY,CN10Y
2016-07-28,0.027867,28.71,0.006964069313827936,930633,中证旅游,CNY,CN10Y
2016-07-29,0.027768,28.7,0.007075205574912889,930633,中证旅游,CNY,CN10Y
2016-08-01,0.02783,28.42,0.007356488388458829,930633,中证旅游,CNY,CN10Y
2016-08-02,0.0277919999999999,28.59,0.007185264777894468,930633,中证旅游,CNY,CN10Y
2016-08-03,0.027718,28.61,0.007234813701502973,930633,中证旅游,CNY,CN10Y
2016-08-04,0.027694,28.72,0.007124941504178275,930633,中证旅游,CNY,CN10Y
2016-08-05,0.027534,28.6,0.007431034965034961,930633,中证旅游,CNY,CN10Y
2016-08-08,0.027472,28.97,0.00704646738004833,930633,中证旅游,CNY,CN10Y
2016-08-09,0.027125,29.16,0.007168552812071332,930633,中证旅游,CNY,CN10Y
2016-08-10,0.0269499999999999,29.0,0.007532758620689754,930633,中证旅游,CNY,CN10Y
2016-08-11,0.026875,28.89,0.007739053305642087,930633,中证旅游,CNY,CN10Y
2016-08-12,0.026701,29.44,0.007266391304347825,930633,中证旅游,CNY,CN10Y
2016-08-15,0.0264009999999999,30.15,0.00676649585406312,930633,中证旅游,CNY,CN10Y
2016-08-16,0.0266509999999999,30.03,0.006649033300033396,930633,中证旅游,CNY,CN10Y
2016-08-17,0.026901,29.82,0.006633540576794099,930633,中证旅游,CNY,CN10Y
2016-08-18,0.026801,29.99,0.006543448149383131,930633,中证旅游,CNY,CN10Y
2016-08-19,0.027001,29.86,0.0064886182183523135,930633,中证旅游,CNY,CN10Y
2016-08-22,0.026801,29.87,0.006677406427854034,930633,中证旅游,CNY,CN10Y
2016-08-23,0.027201,30.09,0.006032632436025257,930633,中证旅游,CNY,CN10Y
2016-08-24,0.027301,30.13,0.0058885121141719204,930633,中证旅游,CNY,CN10Y
2016-08-25,0.027201,29.97,0.006165700033366705,930633,中证旅游,CNY,CN10Y
2016-08-26,0.026927,30.02,0.006384125916055965,930633,中证旅游,CNY,CN10Y
2016-08-29,0.0270639999999999,30.07,0.00619173661456611,930633,中证旅游,CNY,CN10Y
2016-08-30,0.027527,30.1,0.005695591362126242,930633,中证旅游,CNY,CN10Y
2016-08-31,0.027425,30.27,0.00561100925008259,930633,中证旅游,CNY,CN10Y
2016-09-01,0.027452,28.89,0.007162053305642086,930633,中证旅游,CNY,CN10Y
2016-09-02,0.027452,29.12,0.006888659340659336,930633,中证旅游,CNY,CN10Y
2016-09-05,0.027503,29.25,0.006685034188034192,930633,中证旅游,CNY,CN10Y
2016-09-06,0.027628,29.55,0.006212947546531303,930633,中证旅游,CNY,CN10Y
2016-09-07,0.027853,29.67,0.005851078193461406,930633,中证旅游,CNY,CN10Y
2016-09-08,0.027753,29.6,0.006030783783783779,930633,中证旅游,CNY,CN10Y
2016-09-09,0.0276779999999999,29.85,0.00582283752093812,930633,中证旅游,CNY,CN10Y
2016-09-12,0.027916,29.54,0.005936403520649964,930633,中证旅游,CNY,CN10Y
2016-09-13,0.027654,29.76,0.005948150537634405,930633,中证旅游,CNY,CN10Y
2016-09-14,0.027579,29.46,0.0063653312966734585,930633,中证旅游,CNY,CN10Y
2016-09-18,0.027655,29.46,0.006289331296673459,930633,中证旅游,CNY,CN10Y
2016-09-19,0.027605,29.9,0.005839816053511703,930633,中证旅游,CNY,CN10Y
2016-09-20,0.027431,29.72,0.006216375504710634,930633,中证旅游,CNY,CN10Y
2016-09-21,0.0275179999999999,29.77,0.006072863285186528,930633,中证旅游,CNY,CN10Y
2016-09-22,0.027456,30.0,0.005877333333333332,930633,中证旅游,CNY,CN10Y
2016-09-23,0.027318,29.96,0.006059837116154872,930633,中证旅游,CNY,CN10Y
2016-09-26,0.027157,29.17,0.007124796366129581,930633,中证旅游,CNY,CN10Y
2016-09-27,0.0271439999999999,29.22,0.007079134839151364,930633,中证旅游,CNY,CN10Y
2016-09-28,0.027244,28.95,0.007298314335060448,930633,中证旅游,CNY,CN10Y
2016-09-29,0.027282,29.02,0.007176993797381119,930633,中证旅游,CNY,CN10Y
2016-09-30,0.027258,29.1,0.007106261168384875,930633,中证旅游,CNY,CN10Y
2016-10-08,0.0270469999999999,29.1,0.007317261168384975,930633,中证旅游,CNY,CN10Y
2016-10-09,0.02676,29.1,0.0076042611683848765,930633,中证旅游,CNY,CN10Y
2016-10-10,0.026735,29.59,0.0070602010814464385,930633,中证旅游,CNY,CN10Y
2016-10-11,0.026835,29.73,0.006801057854019511,930633,中证旅游,CNY,CN10Y
2016-10-12,0.027098,29.66,0.006617441672285906,930633,中证旅游,CNY,CN10Y
2016-10-13,0.02701,29.61,0.006762374197906117,930633,中证旅游,CNY,CN10Y
2016-10-14,0.0269519999999999,29.58,0.006854626098715448,930633,中证旅游,CNY,CN10Y
2016-10-17,0.0269039999999999,29.32,0.007202412005457126,930633,中证旅游,CNY,CN10Y
2016-10-18,0.026965,29.63,0.006784578130273371,930633,中证旅游,CNY,CN10Y
2016-10-19,0.026664,29.75,0.006949445378151259,930633,中证旅游,CNY,CN10Y
2016-10-20,0.026518,29.79,0.007050311513930853,930633,中证旅游,CNY,CN10Y
2016-10-21,0.026451,29.7,0.007219033670033671,930633,中证旅游,CNY,CN10Y
2016-10-24,0.026595,29.95,0.006793981636060098,930633,中证旅游,CNY,CN10Y
2016-10-25,0.026859,30.16,0.006297498673740055,930633,中证旅游,CNY,CN10Y
2016-10-26,0.0272,30.07,0.006055736614566012,930633,中证旅游,CNY,CN10Y
2016-10-27,0.027068,29.98,0.006287570380253505,930633,中证旅游,CNY,CN10Y
2016-10-28,0.027027,29.65,0.006699812816188869,930633,中证旅游,CNY,CN10Y
2016-10-31,0.027425,29.55,0.006415947546531301,930633,中证旅游,CNY,CN10Y
2016-11-01,0.0273749999999999,27.51,0.00897541802980744,930633,中证旅游,CNY,CN10Y
2016-11-02,0.027372,27.31,0.00924462394727206,930633,中证旅游,CNY,CN10Y
2016-11-03,0.027301,27.37,0.009235353671903541,930633,中证旅游,CNY,CN10Y
2016-11-04,0.027339,27.32,0.009264221083455346,930633,中证旅游,CNY,CN10Y
2016-11-07,0.027475,27.14,0.009370983787767136,930633,中证旅游,CNY,CN10Y
2016-11-08,0.027634,27.3,0.008996036630036633,930633,中证旅游,CNY,CN10Y
2016-11-09,0.027651,27.03,0.009344930447650762,930633,中证旅游,CNY,CN10Y
2016-11-10,0.027926,27.35,0.008637071297989032,930633,中证旅游,CNY,CN10Y
2016-11-11,0.0281499999999999,27.34,0.008426444769568494,930633,中证旅游,CNY,CN10Y
2016-11-14,0.0285769999999999,27.41,0.007906035388544425,930633,中证旅游,CNY,CN10Y
2016-11-15,0.028501,27.5,0.007862636363636363,930633,中证旅游,CNY,CN10Y
2016-11-16,0.028652,27.44,0.007791148688046642,930633,中证旅游,CNY,CN10Y
2016-11-17,0.029055,27.36,0.007494707602339178,930633,中证旅游,CNY,CN10Y
2016-11-18,0.028901,27.28,0.007755891495601169,930633,中证旅游,CNY,CN10Y
2016-11-21,0.028851,27.31,0.007765623947272059,930633,中证旅游,CNY,CN10Y
2016-11-22,0.028689,27.66,0.007464289949385396,930633,中证旅游,CNY,CN10Y
2016-11-23,0.028451,27.5,0.007912636363636361,930633,中证旅游,CNY,CN10Y
2016-11-24,0.028502,27.58,0.007756158085569259,930633,中证旅游,CNY,CN10Y
2016-11-25,0.02865,27.74,0.007399026676279747,930633,中证旅游,CNY,CN10Y
2016-11-28,0.028502,27.72,0.00757303607503608,930633,中证旅游,CNY,CN10Y
2016-11-29,0.028906,27.48,0.007484101892285294,930633,中证旅游,CNY,CN10Y
2016-11-30,0.029502,27.37,0.00703435367190354,930633,中证旅游,CNY,CN10Y
2016-12-01,0.029893,27.82,0.006052363048166785,930633,中证旅游,CNY,CN10Y
2016-12-02,0.029895,27.46,0.006521605972323378,930633,中证旅游,CNY,CN10Y
2016-12-05,0.030302,27.03,0.006693930447650761,930633,中证旅游,CNY,CN10Y
2016-12-06,0.0311509999999999,26.88,0.006051380952381051,930633,中证旅游,CNY,CN10Y
2016-12-07,0.0308769999999999,27.06,0.006077915003695592,930633,中证旅游,CNY,CN10Y
2016-12-08,0.030753,26.79,0.006574360955580446,930633,中证旅游,CNY,CN10Y
2016-12-09,0.030853,26.78,0.006488299477221807,930633,中证旅游,CNY,CN10Y
2016-12-12,0.031458,25.76,0.007361875776397513,930633,中证旅游,CNY,CN10Y
2016-12-13,0.031863,25.74,0.006987038850038853,930633,中证旅游,CNY,CN10Y
2016-12-14,0.032186,25.54,0.006968267815191859,930633,中证旅游,CNY,CN10Y
2016-12-15,0.033315,25.59,0.005762764751856199,930633,中证旅游,CNY,CN10Y
2016-12-16,0.032803,25.85,0.005881719535783363,930633,中证旅游,CNY,CN10Y
2016-12-19,0.033316,26.34,0.004649072133637057,930633,中证旅游,CNY,CN10Y
2016-12-20,0.033739,26.24,0.004370756097560977,930633,中证旅游,CNY,CN10Y
2016-12-21,0.032815,26.42,0.005035113550340649,930633,中证旅游,CNY,CN10Y
2016-12-22,0.031908,26.52,0.005799390648567118,930633,中证旅游,CNY,CN10Y
2016-12-23,0.031769,26.38,0.006138505686125853,930633,中证旅游,CNY,CN10Y
2016-12-26,0.031551,26.36,0.006385267071320179,930633,中证旅游,CNY,CN10Y
2016-12-27,0.0316279999999999,26.31,0.006380361839604817,930633,中证旅游,CNY,CN10Y
2016-12-28,0.031223,26.25,0.006872238095238098,930633,中证旅游,CNY,CN10Y
2016-12-29,0.0304709999999999,26.2,0.00769693893129781,930633,中证旅游,CNY,CN10Y
2016-12-30,0.030115,26.28,0.007936750380517502,930633,中证旅游,CNY,CN10Y
2016-12-31,0.030115,26.28,0.007936750380517502,930633,中证旅游,CNY,CN10Y
2017-01-03,0.031054,26.49,0.006696094375235939,930633,中证旅游,CNY,CN10Y
2017-01-04,0.031823,26.7,0.005630183520599255,930633,中证旅游,CNY,CN10Y
2017-01-05,0.032086,26.8,0.005227432835820889,930633,中证旅游,CNY,CN10Y
2017-01-06,0.031953,26.71,0.005486161362785472,930633,中证旅游,CNY,CN10Y
2017-01-09,0.031692,26.9,0.005482721189591082,930633,中证旅游,CNY,CN10Y
2017-01-10,0.031792,26.78,0.005549299477221804,930633,中证旅游,CNY,CN10Y
2017-01-11,0.032055,26.8,0.005258432835820892,930633,中证旅游,CNY,CN10Y
2017-01-12,0.031888,26.63,0.005663633496057079,930633,中证旅游,CNY,CN10Y
2017-01-13,0.032022,26.37,0.005899880925293893,930633,中证旅游,CNY,CN10Y
2017-01-16,0.032496,25.77,0.006308811796662789,930633,中证旅游,CNY,CN10Y
2017-01-17,0.032692,26.0,0.005769538461538465,930633,中证旅游,CNY,CN10Y
2017-01-18,0.032682,25.99,0.005794337052712581,930633,中证旅游,CNY,CN10Y
2017-01-19,0.032584,25.94,0.005966501156515029,930633,中证旅游,CNY,CN10Y
2017-01-20,0.03244,26.18,0.005757097020626434,930633,中证旅游,CNY,CN10Y
2017-01-22,0.0325499999999999,26.18,0.005647097020626532,930633,中证旅游,CNY,CN10Y
2017-01-23,0.032429,26.37,0.005492880925293896,930633,中证旅游,CNY,CN10Y
2017-01-24,0.032837,26.31,0.005171361839604718,930633,中证旅游,CNY,CN10Y
2017-01-25,0.033463,26.46,0.004329894935752081,930633,中证旅游,CNY,CN10Y
2017-01-26,0.0334649999999999,26.62,0.004100740045078988,930633,中证旅游,CNY,CN10Y
2017-02-03,0.034214,26.54,0.0034649751318764146,930633,中证旅游,CNY,CN10Y
2017-02-04,0.034099,26.54,0.0035799751318764186,930633,中证旅游,CNY,CN10Y
2017-02-06,0.034905,26.66,0.0026043773443360854,930633,中证旅游,CNY,CN10Y
2017-02-07,0.034866,26.57,0.0027704320662401208,930633,中证旅游,CNY,CN10Y
2017-02-08,0.034591,26.63,0.0029606334960570815,930633,中证旅游,CNY,CN10Y
2017-02-09,0.034148,26.89,0.0030405459278542227,930633,中证旅游,CNY,CN10Y
2017-02-10,0.0343679999999999,26.77,0.002987248412402041,930633,中证旅游,CNY,CN10Y
2017-02-13,0.034192,27.03,0.00280393044765076,930633,中证旅游,CNY,CN10Y
2017-02-14,0.034107,26.87,0.003109226274655749,930633,中证旅游,CNY,CN10Y
2017-02-15,0.034058,26.66,0.003451377344336086,930633,中证旅游,CNY,CN10Y
2017-02-16,0.033559,26.84,0.0036988241430700453,930633,中证旅游,CNY,CN10Y
2017-02-17,0.033311,26.64,0.004226537537537538,930633,中证旅游,CNY,CN10Y
2017-02-20,0.032812,27.04,0.00417024852071006,930633,中证旅游,CNY,CN10Y
2017-02-21,0.033013,27.25,0.0036842477064220197,930633,中证旅游,CNY,CN10Y
2017-02-22,0.032839,27.35,0.0037240712979890317,930633,中证旅游,CNY,CN10Y
2017-02-23,0.032714,27.33,0.0038758280278082743,930633,中证旅游,CNY,CN10Y
2017-02-24,0.032916,27.52,0.0034212093023255827,930633,中证旅游,CNY,CN10Y
2017-02-27,0.032871,27.81,0.0030872883854728556,930633,中证旅游,CNY,CN10Y
2017-02-28,0.03292,27.92,0.002896618911174785,930633,中证旅游,CNY,CN10Y
2017-03-01,0.033252,27.99,0.0024750453733476327,930633,中证旅游,CNY,CN10Y
2017-03-02,0.033483,27.84,0.0024365402298850564,930633,中证旅游,CNY,CN10Y
2017-03-03,0.033573,27.88,0.0022950057388809175,930633,中证旅游,CNY,CN10Y
2017-03-06,0.033615,28.14,0.001921602700781802,930633,中证旅游,CNY,CN10Y
2017-03-07,0.033643,28.43,0.0015311118536756943,930633,中证旅游,CNY,CN10Y
2017-03-08,0.034088,28.4,0.0011232676056338042,930633,中证旅游,CNY,CN10Y
2017-03-09,0.034151,28.11,0.0014235286374955497,930633,中证旅游,CNY,CN10Y
2017-03-10,0.034156,28.08,0.0014565356125356144,930633,中证旅游,CNY,CN10Y
2017-03-13,0.033851,28.2,0.001609992907801422,930633,中证旅游,CNY,CN10Y
2017-03-14,0.033653,28.39,0.0015706703064459274,930633,中证旅游,CNY,CN10Y
2017-03-15,0.033524,28.24,0.0018867648725212488,930633,中证旅游,CNY,CN10Y
2017-03-16,0.033097,28.38,0.002139081747709652,930633,中证旅游,CNY,CN10Y
2017-03-17,0.033124,28.29,0.0022241795687522117,930633,中证旅游,CNY,CN10Y
2017-03-20,0.033141,28.53,0.00190982369435682,930633,中证旅游,CNY,CN10Y
2017-03-21,0.033141,28.6,0.0018240349650349638,930633,中证旅游,CNY,CN10Y
2017-03-22,0.033068,29.21,0.0011668510783978056,930633,中证旅游,CNY,CN10Y
2017-03-23,0.033034,29.49,0.0008757999321803989,930633,中证旅游,CNY,CN10Y
2017-03-24,0.032529,29.75,0.0010844453781512567,930633,中证旅游,CNY,CN10Y
2017-03-27,0.032451,29.69,0.0012303742000673579,930633,中证旅游,CNY,CN10Y
2017-03-28,0.032626,29.58,0.0011806260987153455,930633,中证旅游,CNY,CN10Y
2017-03-29,0.032695,29.33,0.0013997834981247861,930633,中证旅游,CNY,CN10Y
2017-03-30,0.03289,29.04,0.001545261707988979,930633,中证旅游,CNY,CN10Y
2017-03-31,0.0328279999999999,29.07,0.0015717248022016836,930633,中证旅游,CNY,CN10Y
2017-04-01,0.03273,29.07,0.0016697248022015804,930633,中证旅游,CNY,CN10Y
2017-04-05,0.033102,29.71,0.0005567007741501193,930633,中证旅游,CNY,CN10Y
2017-04-06,0.033109,29.69,0.000572374200067359,930633,中证旅游,CNY,CN10Y
2017-04-07,0.032966,29.99,0.0003784481493831274,930633,中证旅游,CNY,CN10Y
2017-04-10,0.033166,29.98,0.0001895703802535023,930633,中证旅游,CNY,CN10Y
2017-04-11,0.033209,29.86,0.00028061821835231177,930633,中证旅游,CNY,CN10Y
2017-04-12,0.033283,29.28,0.0008700054644808705,930633,中证旅游,CNY,CN10Y
2017-04-13,0.03322,29.32,0.0008864120054570268,930633,中证旅游,CNY,CN10Y
2017-04-14,0.033599,28.74,0.0011957112038970125,930633,中证旅游,CNY,CN10Y
2017-04-17,0.0341599999999999,28.79,0.0005742827370615808,930633,中证旅游,CNY,CN10Y
2017-04-18,0.034064,28.87,0.0005740325597506091,930633,中证旅游,CNY,CN10Y
2017-04-19,0.034065,28.89,0.0005490533056420888,930633,中证旅游,CNY,CN10Y
2017-04-20,0.03424,29.16,5.355281207133217e-05,930633,中证旅游,CNY,CN10Y
2017-04-21,0.034614,28.9,-1.1923875432522102e-05,930633,中证旅游,CNY,CN10Y
2017-04-24,0.034991,28.4,0.0002202676056338032,930633,中证旅游,CNY,CN10Y
2017-04-25,0.034568,28.63,0.00036039678658749547,930633,中证旅游,CNY,CN10Y
2017-04-26,0.034519,28.76,0.0002515146036161306,930633,中证旅游,CNY,CN10Y
2017-04-27,0.034494,28.47,0.0006306926589392386,930633,中证旅游,CNY,CN10Y
2017-04-28,0.034668,28.48,0.0004443595505618028,930633,中证旅游,CNY,CN10Y
2017-05-02,0.03487,23.24,0.008159259896729783,930633,中证旅游,CNY,CN10Y
2017-05-03,0.035219,22.88,0.008487293706293711,930633,中证旅游,CNY,CN10Y
2017-05-04,0.035517,22.88,0.008189293706293711,930633,中证旅游,CNY,CN10Y
2017-05-05,0.035592,22.66,0.008538626654898504,930633,中证旅游,CNY,CN10Y
2017-05-08,0.036042,22.56,0.008284241134751777,930633,中证旅游,CNY,CN10Y
2017-05-09,0.0363249999999999,22.62,0.007883664898320167,930633,中证旅游,CNY,CN10Y
2017-05-10,0.0369,22.47,0.007603782821539833,930633,中证旅游,CNY,CN10Y
2017-05-11,0.0364,22.43,0.008183147570218458,930633,中证旅游,CNY,CN10Y
2017-05-12,0.036525,22.65,0.00762511037527594,930633,中证旅游,CNY,CN10Y
2017-05-15,0.0361,22.95,0.00747298474945534,930633,中证旅游,CNY,CN10Y
2017-05-16,0.036225,23.16,0.0069528929188255595,930633,中证旅游,CNY,CN10Y
2017-05-17,0.036275,23.22,0.0067913221360895795,930633,中证旅游,CNY,CN10Y
2017-05-18,0.0360749999999999,23.32,0.00680664665523166,930633,中证旅游,CNY,CN10Y
2017-05-19,0.03625,23.12,0.007002595155709342,930633,中证旅游,CNY,CN10Y
2017-05-22,0.036601,23.14,0.006614211754537594,930633,中证旅游,CNY,CN10Y
2017-05-23,0.036725,22.86,0.007019531933508315,930633,中证旅游,CNY,CN10Y
2017-05-24,0.036601,22.86,0.007143531933508314,930633,中证旅游,CNY,CN10Y
2017-05-25,0.036476,23.2,0.00662744827586207,930633,中证旅游,CNY,CN10Y
2017-05-26,0.036501,23.21,0.006583877208099956,930633,中证旅游,CNY,CN10Y
2017-05-27,0.036499,23.21,0.006585877208099958,930633,中证旅游,CNY,CN10Y
2017-05-31,0.0361019999999999,23.07,0.007244337234503788,930633,中证旅游,CNY,CN10Y
2017-06-01,0.036152,22.96,0.007402006968641114,930633,中证旅游,CNY,CN10Y
2017-06-02,0.036277,23.09,0.007031791684711998,930633,中证旅游,CNY,CN10Y
2017-06-05,0.036152,23.21,0.006932877208099958,930633,中证旅游,CNY,CN10Y
2017-06-06,0.036328,23.38,0.006443599657827204,930633,中证旅游,CNY,CN10Y
2017-06-07,0.036427,23.96,0.005309227045075124,930633,中证旅游,CNY,CN10Y
2017-06-08,0.036478,24.05,0.005102041580041579,930633,中证旅游,CNY,CN10Y
2017-06-09,0.036303,24.2,0.005019314049586776,930633,中证旅游,CNY,CN10Y
2017-06-12,0.035841,23.01,0.0076183654932638,930633,中证旅游,CNY,CN10Y
2017-06-13,0.035754,23.05,0.007629947939262471,930633,中证旅游,CNY,CN10Y
2017-06-14,0.035354,22.88,0.008352293706293715,930633,中证旅游,CNY,CN10Y
2017-06-15,0.035554,22.81,0.008286420868040337,930633,中证旅游,CNY,CN10Y
2017-06-16,0.03568,19.96,0.014420200400801594,930633,中证旅游,CNY,CN10Y
2017-06-19,0.035006,20.12,0.014695789264413513,930633,中证旅游,CNY,CN10Y
2017-06-20,0.034881,19.89,0.015395520864756158,930633,中证旅游,CNY,CN10Y
2017-06-21,0.035406,20.06,0.014444448654037892,930633,中证旅游,CNY,CN10Y
2017-06-22,0.035607,19.87,0.014720126321087067,930633,中证旅游,CNY,CN10Y
2017-06-23,0.035457,19.92,0.014743803212851396,930633,中证旅游,CNY,CN10Y
2017-06-26,0.035134,20.29,0.014151362247412522,930633,中证旅游,CNY,CN10Y
2017-06-27,0.035084,20.56,0.013554132295719848,930633,中证旅游,CNY,CN10Y
2017-06-28,0.035333,20.42,0.013638596474045049,930633,中证旅游,CNY,CN10Y
2017-06-29,0.035483,20.43,0.013464626040137054,930633,中证旅游,CNY,CN10Y
2017-06-30,0.035683,20.74,0.012533007714561235,930633,中证旅游,CNY,CN10Y
2017-07-03,0.036033,20.66,0.012369710551790897,930633,中证旅游,CNY,CN10Y
2017-07-04,0.036009,20.41,0.012986590396864284,930633,中证旅游,CNY,CN10Y
2017-07-05,0.03576,20.55,0.012901800486618,930633,中证旅游,CNY,CN10Y
2017-07-06,0.03566,20.37,0.013431801669121259,930633,中证旅游,CNY,CN10Y
2017-07-07,0.035897,20.24,0.013510114624505937,930633,中证旅游,CNY,CN10Y
2017-07-10,0.035911,20.15,0.01371679156327544,930633,中证旅游,CNY,CN10Y
2017-07-11,0.035836,20.17,0.013742582052553291,930633,中证旅游,CNY,CN10Y
2017-07-12,0.035749,20.22,0.013706984174085064,930633,中证旅游,CNY,CN10Y
2017-07-13,0.035643,20.08,0.014157796812749007,930633,中证旅游,CNY,CN10Y
2017-07-14,0.035637,20.06,0.01421344865403789,930633,中证旅游,CNY,CN10Y
2017-07-17,0.035626,19.15,0.01659332114882507,930633,中证旅游,CNY,CN10Y
2017-07-18,0.035851,19.24,0.016124051975051977,930633,中证旅游,CNY,CN10Y
2017-07-19,0.035901,19.58,0.015171522982635341,930633,中证旅游,CNY,CN10Y
2017-07-20,0.03574,19.62,0.015228399592252799,930633,中证旅游,CNY,CN10Y
2017-07-21,0.035829,19.61,0.015165390617032128,930633,中证旅游,CNY,CN10Y
2017-07-24,0.035769,19.62,0.015199399592252798,930633,中证旅游,CNY,CN10Y
2017-07-25,0.03592,19.63,0.015022435048395316,930633,中证旅游,CNY,CN10Y
2017-07-26,0.03617,19.56,0.014954744376278119,930633,中证旅游,CNY,CN10Y
2017-07-27,0.036021,19.85,0.014356833753148612,930633,中证旅游,CNY,CN10Y
2017-07-28,0.036034,19.82,0.014420086781029268,930633,中证旅游,CNY,CN10Y
2017-07-31,0.03626,19.88,0.01404181086519115,930633,中证旅游,CNY,CN10Y
2017-08-01,0.036373,19.89,0.013903520864756158,930633,中证旅游,CNY,CN10Y
2017-08-02,0.036311,19.92,0.013889803212851395,930633,中证旅游,CNY,CN10Y
2017-08-03,0.0362619999999999,19.62,0.014706399592252901,930633,中证旅游,CNY,CN10Y
2017-08-04,0.0362619999999999,19.31,0.015524639047125949,930633,中证旅游,CNY,CN10Y
2017-08-07,0.036626,19.3,0.015187471502590671,930633,中证旅游,CNY,CN10Y
2017-08-08,0.036538,19.43,0.0149288039114771,930633,中证旅游,CNY,CN10Y
2017-08-09,0.0366,19.57,0.01449862033725089,930633,中证旅游,CNY,CN10Y
2017-08-10,0.036375,19.32,0.015384834368530019,930633,中证旅游,CNY,CN10Y
2017-08-11,0.036163,18.99,0.016496294365455508,930633,中证旅游,CNY,CN10Y
2017-08-14,0.035925,19.2,0.016158333333333337,930633,中证旅游,CNY,CN10Y
2017-08-15,0.035801,19.31,0.015985639047125848,930633,中证旅游,CNY,CN10Y
2017-08-16,0.035988,19.58,0.015084522982635344,930633,中证旅游,CNY,CN10Y
2017-08-17,0.035926,19.73,0.014758237202230108,930633,中证旅游,CNY,CN10Y
2017-08-18,0.035951,19.98,0.01409905005005005,930633,中证旅游,CNY,CN10Y
2017-08-21,0.036181,20.07,0.01364461036372696,930633,中证旅游,CNY,CN10Y
2017-08-22,0.036201,19.87,0.01412612632108707,930633,中证旅游,CNY,CN10Y
2017-08-23,0.036152,19.79,0.014378570995452256,930633,中证旅游,CNY,CN10Y
2017-08-24,0.036252,19.58,0.014820522982635344,930633,中证旅游,CNY,CN10Y
2017-08-25,0.036327,19.79,0.014203570995452254,930633,中证旅游,CNY,CN10Y
2017-08-28,0.036502,19.97,0.01357311266900351,930633,中证旅游,CNY,CN10Y
2017-08-29,0.036303,19.92,0.013897803212851396,930633,中证旅游,CNY,CN10Y
2017-08-30,0.036303,19.98,0.013747050050050044,930633,中证旅游,CNY,CN10Y
2017-08-31,0.036265,19.93,0.013910614651279483,930633,中证旅游,CNY,CN10Y
2017-09-01,0.0363529999999999,21.93,0.009246635202918477,930633,中证旅游,CNY,CN10Y
2017-09-04,0.036454,22.79,0.007424894251864857,930633,中证旅游,CNY,CN10Y
2017-09-05,0.036641,22.85,0.007122676148796497,930633,中证旅游,CNY,CN10Y
2017-09-06,0.036554,22.76,0.007382731107205616,930633,中证旅游,CNY,CN10Y
2017-09-07,0.036155,22.65,0.007995110375275942,930633,中证旅游,CNY,CN10Y
2017-09-08,0.0360049999999999,23.04,0.007397777777777878,930633,中证旅游,CNY,CN10Y
2017-09-11,0.036156,23.17,0.007003257660768231,930633,中证旅游,CNY,CN10Y
2017-09-12,0.036181,23.13,0.007052895373973196,930633,中证旅游,CNY,CN10Y
2017-09-13,0.036356,23.18,0.006784638481449529,930633,中证旅游,CNY,CN10Y
2017-09-14,0.035982,23.79,0.006052468263976464,930633,中证旅游,CNY,CN10Y
2017-09-15,0.035982,23.64,0.006319184433164128,930633,中证旅游,CNY,CN10Y
2017-09-18,0.03622,23.43,0.0064603243704652105,930633,中证旅游,CNY,CN10Y
2017-09-19,0.036158,23.28,0.006797326460481097,930633,中证旅游,CNY,CN10Y
2017-09-20,0.036209,23.33,0.006654266180882988,930633,中证旅游,CNY,CN10Y
2017-09-21,0.036334,23.17,0.006825257660768233,930633,中证旅游,CNY,CN10Y
2017-09-22,0.036209,23.03,0.007212623968736433,930633,中证旅游,CNY,CN10Y
2017-09-25,0.035985,22.48,0.008498985765124555,930633,中证旅游,CNY,CN10Y
2017-09-26,0.036172,22.64,0.007997611307420494,930633,中证旅游,CNY,CN10Y
2017-09-27,0.0362349999999999,22.46,0.008288597506678638,930633,中证旅游,CNY,CN10Y
2017-09-28,0.036136,22.42,0.00846703300624442,930633,中证旅游,CNY,CN10Y
2017-09-29,0.036136,22.57,0.008170601683650865,930633,中证旅游,CNY,CN10Y
2017-09-30,0.036136,22.57,0.008170601683650865,930633,中证旅游,CNY,CN10Y
2017-10-09,0.036477,22.45,0.008066429844097993,930633,中证旅游,CNY,CN10Y
2017-10-10,0.0364699999999999,22.59,0.007797374944665883,930633,中证旅游,CNY,CN10Y
2017-10-11,0.0365399999999999,22.8,0.007319649122807116,930633,中证旅游,CNY,CN10Y
2017-10-12,0.036765,22.56,0.0075612411347517755,930633,中证旅游,CNY,CN10Y
2017-10-13,0.03674,22.8,0.007119649122807013,930633,中证旅游,CNY,CN10Y
2017-10-16,0.037054,22.38,0.007628752457551388,930633,中证旅游,CNY,CN10Y
2017-10-17,0.037409,22.37,0.007293726866338848,930633,中证旅游,CNY,CN10Y
2017-10-18,0.037366,22.43,0.007217147570218456,930633,中证旅游,CNY,CN10Y
2017-10-19,0.037167,22.46,0.007356597506678539,930633,中证旅游,CNY,CN10Y
2017-10-20,0.037217,22.51,0.0072077001332740975,930633,中证旅游,CNY,CN10Y
2017-10-23,0.037231,22.55,0.007114898004434586,930633,中证旅游,CNY,CN10Y
2017-10-24,0.03722,22.67,0.006891160123511243,930633,中证旅游,CNY,CN10Y
2017-10-25,0.037768,22.92,0.005862017452006978,930633,中证旅游,CNY,CN10Y
2017-10-26,0.037769,22.98,0.005747100957354222,930633,中证旅游,CNY,CN10Y
2017-10-27,0.038266,23.09,0.005042791684711993,930633,中证旅游,CNY,CN10Y
2017-10-30,0.039115,22.97,0.004420045711798,930633,中证旅游,CNY,CN10Y
2017-10-31,0.038917,23.54,0.0035638836023789283,930633,中证旅游,CNY,CN10Y
2017-11-01,0.03863,20.08,0.01117079681274901,930633,中证旅游,CNY,CN10Y
2017-11-02,0.038718,19.99,0.011307012506253128,930633,中证旅游,CNY,CN10Y
2017-11-03,0.038816,19.68,0.011997008130081296,930633,中证旅游,CNY,CN10Y
2017-11-06,0.038694,19.84,0.011709225806451617,930633,中证旅游,CNY,CN10Y
2017-11-07,0.038813,19.8,0.011692050505050504,930633,中证旅游,CNY,CN10Y
2017-11-08,0.038725,19.94,0.011425451354062179,930633,中证旅游,CNY,CN10Y
2017-11-09,0.038863,20.23,0.010568537320810673,930633,中证旅游,CNY,CN10Y
2017-11-10,0.039,20.4,0.010019607843137261,930633,中证旅游,CNY,CN10Y
2017-11-13,0.0395,20.66,0.008902710551790899,930633,中证旅游,CNY,CN10Y
2017-11-14,0.039525,20.21,0.00995545522018803,930633,中证旅游,CNY,CN10Y
2017-11-15,0.0395,20.04,0.010400199600798403,930633,中证旅游,CNY,CN10Y
2017-11-16,0.0392249999999999,20.26,0.010133341559723688,930633,中证旅游,CNY,CN10Y
2017-11-17,0.0392,19.96,0.010900200400801599,930633,中证旅游,CNY,CN10Y
2017-11-20,0.0394,19.88,0.010901810865191153,930633,中证旅游,CNY,CN10Y
2017-11-21,0.0395,20.57,0.00911448711716091,930633,中证旅游,CNY,CN10Y
2017-11-22,0.03985,20.23,0.009581537320810678,930633,中证旅游,CNY,CN10Y
2017-11-23,0.039851,19.74,0.010807561296859176,930633,中证旅游,CNY,CN10Y
2017-11-24,0.039463,19.79,0.011067570995452254,930633,中证旅游,CNY,CN10Y
2017-11-27,0.039501,19.25,0.01244705194805195,930633,中证旅游,CNY,CN10Y
2017-11-28,0.039601,19.21,0.012455220718375848,930633,中证旅游,CNY,CN10Y
2017-11-29,0.039101,19.7,0.011660421319796957,930633,中证旅游,CNY,CN10Y
2017-11-30,0.038901,19.63,0.012041435048395319,930633,中证旅游,CNY,CN10Y
2017-12-01,0.038852,19.6,0.012168408163265303,930633,中证旅游,CNY,CN10Y
2017-12-04,0.038902,19.31,0.012884639047125848,930633,中证旅游,CNY,CN10Y
2017-12-05,0.038752,19.18,0.013385643378519288,930633,中证旅游,CNY,CN10Y
2017-12-06,0.038752,19.29,0.01308833177812338,930633,中证旅游,CNY,CN10Y
2017-12-07,0.038927,19.07,0.013511384897745143,930633,中证旅游,CNY,CN10Y
2017-12-08,0.039102,19.5,0.012180051282051282,930633,中证旅游,CNY,CN10Y
2017-12-11,0.039303,20.88,0.008589720306513414,930633,中证旅游,CNY,CN10Y
2017-12-12,0.039378,20.76,0.008791556840077062,930633,中证旅游,CNY,CN10Y
2017-12-13,0.039303,20.79,0.008797048100048104,930633,中证旅游,CNY,CN10Y
2017-12-14,0.039104,20.4,0.009915607843137261,930633,中证旅游,CNY,CN10Y
2017-12-15,0.038904,20.14,0.010748432969215488,930633,中证旅游,CNY,CN10Y
2017-12-18,0.038904,20.15,0.010723791563275437,930633,中证旅游,CNY,CN10Y
2017-12-19,0.039005,20.36,0.010110913555992147,930633,中证旅游,CNY,CN10Y
2017-12-20,0.039005,20.3,0.010256083743842362,930633,中证旅游,CNY,CN10Y
2017-12-21,0.039005,20.44,0.009918679060665361,930633,中证旅游,CNY,CN10Y
2017-12-22,0.03878,20.35,0.010360049140049135,930633,中证旅游,CNY,CN10Y
2017-12-25,0.038731,20.27,0.010602991119881597,930633,中证旅游,CNY,CN10Y
2017-12-26,0.038881,20.48,0.009947125000000001,930633,中证旅游,CNY,CN10Y
2017-12-27,0.038956,20.21,0.01052445522018803,930633,中证旅游,CNY,CN10Y
2017-12-28,0.038857,20.53,0.009852206039941545,930633,中证旅游,CNY,CN10Y
2017-12-29,0.038807,20.83,0.009200681228996643,930633,中证旅游,CNY,CN10Y
2017-12-30,0.038807,20.83,0.009200681228996643,930633,中证旅游,CNY,CN10Y
2017-12-31,0.038807,20.83,0.009200681228996643,930633,中证旅游,CNY,CN10Y
2018-01-02,0.039008,21.01,0.008588382674916704,930633,中证旅游,CNY,CN10Y
2018-01-03,0.039162,21.68,0.0069634612546125435,930633,中证旅游,CNY,CN10Y
2018-01-04,0.039319,21.72,0.006721515653775323,930633,中证旅游,CNY,CN10Y
2018-01-05,0.039212,21.95,0.006346086560364471,930633,中证旅游,CNY,CN10Y
2018-01-08,0.03911,22.02,0.0063032606721162565,930633,中证旅游,CNY,CN10Y
2018-01-09,0.038909,21.95,0.006649086560364469,930633,中证旅游,CNY,CN10Y
2018-01-10,0.039201,21.91,0.006440259698767686,930633,中证旅游,CNY,CN10Y
2018-01-11,0.039546,22.0,0.005908545454545458,930633,中证旅游,CNY,CN10Y
2018-01-12,0.039337,21.97,0.006179613563950845,930633,中证旅游,CNY,CN10Y
2018-01-15,0.03965,22.28,0.005233303411131061,930633,中证旅游,CNY,CN10Y
2018-01-16,0.039596,22.67,0.004515160123511247,930633,中证旅游,CNY,CN10Y
2018-01-17,0.039597,22.79,0.004281894251864857,930633,中证旅游,CNY,CN10Y
2018-01-18,0.039797,22.84,0.003985837127845886,930633,中证旅游,CNY,CN10Y
2018-01-19,0.039754,22.8,0.0041056491228070174,930633,中证旅游,CNY,CN10Y
2018-01-22,0.039522,23.19,0.00360003536006899,930633,中证旅游,CNY,CN10Y
2018-01-23,0.039414,23.28,0.003541326460481102,930633,中证旅游,CNY,CN10Y
2018-01-24,0.039507,23.39,0.0032463133817870887,930633,中证旅游,CNY,CN10Y
2018-01-25,0.039435,23.42,0.003263548249359524,930633,中证旅游,CNY,CN10Y
2018-01-26,0.039365,23.55,0.0030978450106157115,930633,中证旅游,CNY,CN10Y
2018-01-29,0.039368,23.16,0.0038098929188255595,930633,中证旅游,CNY,CN10Y
2018-01-30,0.039292,23.08,0.004035556325823225,930633,中证旅游,CNY,CN10Y
2018-01-31,0.03914,23.27,0.0038337859905457697,930633,中证旅游,CNY,CN10Y
2018-02-01,0.039066,23.05,0.004317947939262476,930633,中证旅游,CNY,CN10Y
2018-02-02,0.0390919999999999,23.65,0.003191298097251688,930633,中证旅游,CNY,CN10Y
2018-02-05,0.039167,23.49,0.003404306939123032,930633,中证旅游,CNY,CN10Y
2018-02-06,0.038825,22.13,0.006362528242205158,930633,中证旅游,CNY,CN10Y
2018-02-07,0.0387,21.46,0.007898322460391426,930633,中证旅游,CNY,CN10Y
2018-02-08,0.038801,21.71,0.007260722708429292,930633,中证旅游,CNY,CN10Y
2018-02-09,0.0388,20.79,0.0093000481000481,930633,中证旅游,CNY,CN10Y
2018-02-11,0.038775,20.79,0.009325048100048104,930633,中证旅游,CNY,CN10Y
2018-02-12,0.03875,21.33,0.008132325363338022,930633,中证旅游,CNY,CN10Y
2018-02-13,0.0387,21.81,0.0071505272810637385,930633,中证旅游,CNY,CN10Y
2018-02-14,0.038702,21.98,0.006793905368516831,930633,中证旅游,CNY,CN10Y
2018-02-22,0.038752,22.63,0.0054371294741493575,930633,中证旅游,CNY,CN10Y
2018-02-23,0.038702,22.81,0.005138420868040339,930633,中证旅游,CNY,CN10Y
2018-02-24,0.038652,22.81,0.00518842086804034,930633,中证旅游,CNY,CN10Y
2018-02-26,0.038452,22.74,0.005523373790677223,930633,中证旅游,CNY,CN10Y
2018-02-27,0.038201,22.45,0.0063424298440979965,930633,中证旅游,CNY,CN10Y
2018-02-28,0.038202,22.43,0.0063811475702184595,930633,中证旅游,CNY,CN10Y
2018-03-01,0.038201,22.83,0.005601014892685066,930633,中证旅游,CNY,CN10Y
2018-03-02,0.038352,22.5,0.006092444444444449,930633,中证旅游,CNY,CN10Y
2018-03-05,0.038453,22.44,0.006110279857397503,930633,中证旅游,CNY,CN10Y
2018-03-06,0.038253,22.9,0.0054151222707423605,930633,中证旅游,CNY,CN10Y
2018-03-07,0.038203,22.83,0.005599014892685064,930633,中证旅游,CNY,CN10Y
2018-03-08,0.038203,23.15,0.004993544276457887,930633,中证旅游,CNY,CN10Y
2018-03-09,0.038278,23.54,0.004202883602378929,930633,中证旅游,CNY,CN10Y
2018-03-12,0.038243,23.51,0.004292091450446615,930633,中证旅游,CNY,CN10Y
2018-03-13,0.038362,23.47,0.0042455841499787,930633,中证旅游,CNY,CN10Y
2018-03-14,0.038413,23.43,0.00426732437046521,930633,中证旅游,CNY,CN10Y
2018-03-15,0.038257,23.18,0.004883638481449529,930633,中证旅游,CNY,CN10Y
2018-03-16,0.038154,22.95,0.00541898474945534,930633,中证旅游,CNY,CN10Y
2018-03-19,0.038104,22.96,0.005450006968641112,930633,中证旅游,CNY,CN10Y
2018-03-20,0.037906,22.91,0.005743061545176779,930633,中证旅游,CNY,CN10Y
2018-03-21,0.03763,23.01,0.005829365493263801,930633,中证旅游,CNY,CN10Y
2018-03-22,0.03748,22.78,0.006418156277436346,930633,中证旅游,CNY,CN10Y
2018-03-23,0.0370049999999999,22.23,0.007979255510571402,930633,中证旅游,CNY,CN10Y
2018-03-26,0.037307,22.07,0.008003376076121428,930633,中证旅游,CNY,CN10Y
2018-03-27,0.037432,22.45,0.007111429844097995,930633,中证旅游,CNY,CN10Y
2018-03-28,0.037406,22.39,0.007256795891022773,930633,中证旅游,CNY,CN10Y
2018-03-29,0.037456,22.32,0.007346867383512541,930633,中证旅游,CNY,CN10Y
2018-03-30,0.0374069999999999,22.17,0.007698999097880119,930633,中证旅游,CNY,CN10Y
2018-04-02,0.037357,22.44,0.007206279857397503,930633,中证旅游,CNY,CN10Y
2018-04-03,0.037507,22.13,0.007680528242205158,930633,中证旅游,CNY,CN10Y
2018-04-04,0.0372339999999999,22.03,0.008158646391284712,930633,中证旅游,CNY,CN10Y
2018-04-08,0.037008,22.03,0.008384646391284611,930633,中证旅游,CNY,CN10Y
2018-04-09,0.036959,22.12,0.008248956600361665,930633,中证旅游,CNY,CN10Y
2018-04-10,0.037159,22.3,0.00768404932735426,930633,中证旅游,CNY,CN10Y
2018-04-11,0.037109,22.26,0.007814629829290203,930633,中证旅游,CNY,CN10Y
2018-04-12,0.037109,22.33,0.007673803403493058,930633,中证旅游,CNY,CN10Y
2018-04-13,0.037062,22.41,0.007560936189201249,930633,中证旅游,CNY,CN10Y
2018-04-16,0.0365609999999999,22.28,0.00832230341113116,930633,中证旅游,CNY,CN10Y
2018-04-17,0.0365119999999999,21.21,0.010635571900047248,930633,中证旅游,CNY,CN10Y
2018-04-18,0.035013,21.4,0.011715971962616825,930633,中证旅游,CNY,CN10Y
2018-04-19,0.035064,21.78,0.01084968227731864,930633,中证旅游,CNY,CN10Y
2018-04-20,0.035215,21.55,0.011188712296983754,930633,中证旅游,CNY,CN10Y
2018-04-23,0.036019,21.21,0.011128571900047145,930633,中证旅游,CNY,CN10Y
2018-04-24,0.035855,21.63,0.01037708506703653,930633,中证旅游,CNY,CN10Y
2018-04-25,0.036118,21.68,0.010007461254612549,930633,中证旅游,CNY,CN10Y
2018-04-26,0.036344,21.31,0.01058232566870014,930633,中证旅游,CNY,CN10Y
2018-04-27,0.036364,21.28,0.010628481203007516,930633,中证旅游,CNY,CN10Y
2018-04-28,0.036217,21.28,0.010775481203007517,930633,中证旅游,CNY,CN10Y
2018-05-02,0.036665,20.18,0.01288901387512388,930633,中证旅游,CNY,CN10Y
2018-05-03,0.036467,20.39,0.012576648847474253,930633,中证旅游,CNY,CN10Y
2018-05-04,0.036319,20.29,0.012966362247412523,930633,中证旅游,CNY,CN10Y
2018-05-07,0.036518,20.62,0.01197860523763336,930633,中证旅游,CNY,CN10Y
2018-05-08,0.036922,20.88,0.010970720306513408,930633,中证旅游,CNY,CN10Y
2018-05-09,0.0370739999999999,20.96,0.010635923664122235,930633,中证旅游,CNY,CN10Y
2018-05-10,0.036924,21.32,0.009980315196998123,930633,中证旅游,CNY,CN10Y
2018-05-11,0.036882,21.15,0.010399323877068566,930633,中证旅游,CNY,CN10Y
2018-05-14,0.036937,21.22,0.010188353440150809,930633,中证旅游,CNY,CN10Y
2018-05-15,0.037151,21.32,0.009753315196998118,930633,中证旅游,CNY,CN10Y
2018-05-16,0.037076,21.38,0.009696684752104778,930633,中证旅游,CNY,CN10Y
2018-05-17,0.03712,21.15,0.010161323877068563,930633,中证旅游,CNY,CN10Y
2018-05-18,0.037099,21.26,0.009937688617121354,930633,中证旅游,CNY,CN10Y
2018-05-21,0.036939,21.42,0.009746340802987856,930633,中证旅游,CNY,CN10Y
2018-05-22,0.0366999999999999,21.4,0.010028971962616928,930633,中证旅游,CNY,CN10Y
2018-05-23,0.0364,21.17,0.01083665564478034,930633,中证旅游,CNY,CN10Y
2018-05-24,0.036501,21.1,0.01089236492890995,930633,中证旅游,CNY,CN10Y
2018-05-25,0.036126,21.11,0.011244914258645197,930633,中证旅游,CNY,CN10Y
2018-05-28,0.036101,21.19,0.01109107173194903,930633,中证旅游,CNY,CN10Y
2018-05-29,0.036001,21.35,0.010837407494145197,930633,中证旅游,CNY,CN10Y
2018-05-30,0.035976,21.31,0.01095032566870014,930633,中证旅游,CNY,CN10Y
2018-05-31,0.0361289999999999,22.26,0.008794629829290308,930633,中证旅游,CNY,CN10Y
2018-06-01,0.036202,22.03,0.009190646391284613,930633,中证旅游,CNY,CN10Y
2018-06-04,0.036532,22.1,0.00871686877828054,930633,中证旅游,CNY,CN10Y
2018-06-05,0.036602,22.32,0.008200867383512542,930633,中证旅游,CNY,CN10Y
2018-06-06,0.036602,22.16,0.008524353790613719,930633,中证旅游,CNY,CN10Y
2018-06-07,0.036702,22.18,0.008383662759242565,930633,中证旅游,CNY,CN10Y
2018-06-08,0.036453,21.95,0.009105086560364468,930633,中证旅游,CNY,CN10Y
2018-06-11,0.036502,21.41,0.010205146193367584,930633,中证旅游,CNY,CN10Y
2018-06-12,0.036853,22.0,0.008601545454545459,930633,中证旅游,CNY,CN10Y
2018-06-13,0.036627,22.0,0.008827545454545456,930633,中证旅游,CNY,CN10Y
2018-06-14,0.036227,21.94,0.009351851412944388,930633,中证旅游,CNY,CN10Y
2018-06-15,0.036028,21.71,0.010033722708429296,930633,中证旅游,CNY,CN10Y
2018-06-18,0.036028,21.71,0.010033722708429296,930633,中证旅游,CNY,CN10Y
2018-06-19,0.0356029999999999,21.02,0.011970739295908764,930633,中证旅游,CNY,CN10Y
2018-06-20,0.036054,21.14,0.011249689687795647,930633,中证旅游,CNY,CN10Y
2018-06-21,0.035753,21.23,0.011350155911446065,930633,中证旅游,CNY,CN10Y
2018-06-22,0.035604,21.41,0.011103146193367587,930633,中证旅游,CNY,CN10Y
2018-06-25,0.035803,21.63,0.010429085067036527,930633,中证旅游,CNY,CN10Y
2018-06-26,0.035804,21.16,0.011454979206049147,930633,中证旅游,CNY,CN10Y
2018-06-27,0.035529,20.3,0.013732083743842362,930633,中证旅游,CNY,CN10Y
2018-06-28,0.035304,20.31,0.013932829148202854,930633,中证旅游,CNY,CN10Y
2018-06-29,0.034756,20.81,0.01329782027871216,930633,中证旅游,CNY,CN10Y
2018-07-02,0.034668,20.29,0.014617362247412523,930633,中证旅游,CNY,CN10Y
2018-07-03,0.034955,19.87,0.015372126321087067,930633,中证旅游,CNY,CN10Y
2018-07-04,0.035107,19.8,0.015398050505050505,930633,中证旅游,CNY,CN10Y
2018-07-05,0.035005,19.44,0.01643532921810699,930633,中证旅游,CNY,CN10Y
2018-07-06,0.035259,19.28,0.016608219917012446,930633,中证旅游,CNY,CN10Y
2018-07-09,0.035432,19.89,0.014844520864756162,930633,中证旅游,CNY,CN10Y
2018-07-10,0.035431,20.21,0.01404945522018803,930633,中证旅游,CNY,CN10Y
2018-07-11,0.035107,20.11,0.014619504226752858,930633,中证旅游,CNY,CN10Y
2018-07-12,0.035158,20.5,0.013622487804878049,930633,中证旅游,CNY,CN10Y
2018-07-13,0.034858,21.08,0.01258033017077799,930633,中证旅游,CNY,CN10Y
2018-07-16,0.034808,21.31,0.012118325668700143,930633,中证旅游,CNY,CN10Y
2018-07-17,0.034808,21.2,0.012361811320754722,930633,中证旅游,CNY,CN10Y
2018-07-18,0.034708,21.43,0.011955555762949134,930633,中证旅游,CNY,CN10Y
2018-07-19,0.034409,21.23,0.012694155911446063,930633,中证旅游,CNY,CN10Y
2018-07-20,0.035135,21.26,0.011901688617121355,930633,中证旅游,CNY,CN10Y
2018-07-23,0.035186,20.81,0.01286782027871216,930633,中证旅游,CNY,CN10Y
2018-07-24,0.035615,21.04,0.011913517110266163,930633,中证旅游,CNY,CN10Y
2018-07-25,0.035614,21.51,0.01087600464900046,930633,中证旅游,CNY,CN10Y
2018-07-26,0.035361,21.22,0.01176435344015081,930633,中证旅游,CNY,CN10Y
2018-07-27,0.035212,21.05,0.012293938242280283,930633,中证旅游,CNY,CN10Y
2018-07-30,0.035213,20.62,0.013283605237633361,930633,中证旅游,CNY,CN10Y
2018-07-31,0.0348119999999999,20.63,0.013661097430925938,930633,中证旅游,CNY,CN10Y
2018-08-01,0.034638,20.53,0.014071206039941546,930633,中证旅游,CNY,CN10Y
2018-08-02,0.034713,19.79,0.01581757099545225,930633,中证旅游,CNY,CN10Y
2018-08-03,0.034567,19.17,0.017597840897235255,930633,中证旅游,CNY,CN10Y
2018-08-06,0.034568,18.33,0.019987373704309877,930633,中证旅游,CNY,CN10Y
2018-08-07,0.034876,18.73,0.018514282968499732,930633,中证旅游,CNY,CN10Y
2018-08-08,0.035222,18.46,0.01894918093174431,930633,中证旅游,CNY,CN10Y
2018-08-09,0.035476,18.98,0.017211038988408853,930633,中证旅游,CNY,CN10Y
2018-08-10,0.035525,19.25,0.01642305194805195,930633,中证旅游,CNY,CN10Y
2018-08-13,0.035826,19.27,0.016068135962636225,930633,中证旅游,CNY,CN10Y
2018-08-14,0.0355189999999999,19.09,0.01686444683080157,930633,中证旅游,CNY,CN10Y
2018-08-15,0.035829,18.54,0.01810843257820928,930633,中证旅游,CNY,CN10Y
2018-08-16,0.036141,18.3,0.018503808743169398,930633,中证旅游,CNY,CN10Y
2018-08-17,0.036524,17.93,0.019248448410485224,930633,中证旅游,CNY,CN10Y
2018-08-20,0.036326,18.01,0.019198708495280395,930633,中证旅游,CNY,CN10Y
2018-08-21,0.0363,18.64,0.0173480686695279,930633,中证旅游,CNY,CN10Y
2018-08-22,0.0360749999999999,18.26,0.018689512595837995,930633,中证旅游,CNY,CN10Y
2018-08-23,0.036101,18.18,0.018904500550055006,930633,中证旅游,CNY,CN10Y
2018-08-24,0.036278,18.14,0.018848791620727674,930633,中证旅游,CNY,CN10Y
2018-08-27,0.036303,19.11,0.016025623757195184,930633,中证旅游,CNY,CN10Y
2018-08-28,0.036101,19.1,0.01625502094240837,930633,中证旅游,CNY,CN10Y
2018-08-29,0.036101,18.81,0.017062211057947904,930633,中证旅游,CNY,CN10Y
2018-08-30,0.035801,18.87,0.01719317064122946,930633,中证旅游,CNY,CN10Y
2018-08-31,0.035751,18.47,0.01839085165132648,930633,中证旅游,CNY,CN10Y
2018-09-03,0.035951,17.78,0.020291969628796397,930633,中证旅游,CNY,CN10Y
2018-09-04,0.036101,17.82,0.02001572278338945,930633,中证旅游,CNY,CN10Y
2018-09-05,0.036101,17.39,0.021403312823461758,930633,中证旅游,CNY,CN10Y
2018-09-06,0.036101,17.14,0.022242057176196033,930633,中证旅游,CNY,CN10Y
2018-09-07,0.036301,17.56,0.020646608200455586,930633,中证旅游,CNY,CN10Y
2018-09-10,0.036551,17.11,0.021894353594389244,930633,中证旅游,CNY,CN10Y
2018-09-11,0.036751,17.2,0.02138853488372093,930633,中证旅游,CNY,CN10Y
2018-09-12,0.036551,16.98,0.022341815076560655,930633,中证旅游,CNY,CN10Y
2018-09-13,0.036526,17.28,0.02134437037037036,930633,中证旅游,CNY,CN10Y
2018-09-14,0.036351,17.28,0.021519370370370362,930633,中证旅游,CNY,CN10Y
2018-09-17,0.036327,17.1,0.02215253216374269,930633,中证旅游,CNY,CN10Y
2018-09-18,0.036452,17.39,0.02105231282346176,930633,中证旅游,CNY,CN10Y
2018-09-19,0.0367269999999999,17.87,0.019232709009513252,930633,中证旅游,CNY,CN10Y
2018-09-20,0.037003,17.96,0.01867628730512249,930633,中证旅游,CNY,CN10Y
2018-09-21,0.036752,18.58,0.017069313240043064,930633,中证旅游,CNY,CN10Y
2018-09-25,0.0367539999999999,18.34,0.017771627044711115,930633,中证旅游,CNY,CN10Y
2018-09-26,0.036503,18.5,0.017551054054054056,930633,中证旅游,CNY,CN10Y
2018-09-27,0.036253,18.16,0.018813079295154182,930633,中证旅游,CNY,CN10Y
2018-09-28,0.036154,18.56,0.01772531034482759,930633,中证旅游,CNY,CN10Y
2018-09-29,0.036104,18.56,0.017775310344827593,930633,中证旅游,CNY,CN10Y
2018-09-30,0.036103,18.56,0.017776310344827587,930633,中证旅游,CNY,CN10Y
2018-10-08,0.036155,17.51,0.02095522272986864,930633,中证旅游,CNY,CN10Y
2018-10-09,0.036156,17.43,0.021216346528973036,930633,中证旅游,CNY,CN10Y
2018-10-10,0.036156,17.28,0.021714370370370363,930633,中证旅游,CNY,CN10Y
2018-10-11,0.035806,16.28,0.025619061425061422,930633,中证旅游,CNY,CN10Y
2018-10-12,0.035831,16.7,0.024049239520958082,930633,中证旅游,CNY,CN10Y
2018-10-15,0.035857,16.47,0.024859454159077116,930633,中证旅游,CNY,CN10Y
2018-10-16,0.035757,16.08,0.02643205472636817,930633,中证旅游,CNY,CN10Y
2018-10-17,0.035807,15.41,0.029085926670992863,930633,中证旅游,CNY,CN10Y
2018-10-18,0.035508,14.88,0.031696301075268815,930633,中证旅游,CNY,CN10Y
2018-10-19,0.0356579999999999,15.32,0.029616151436031427,930633,中证旅游,CNY,CN10Y
2018-10-22,0.03591,16.42,0.024991339829476246,930633,中证旅游,CNY,CN10Y
2018-10-23,0.035709,16.09,0.026441403977625857,930633,中证旅游,CNY,CN10Y
2018-10-24,0.035409,15.87,0.027602972274732206,930633,中证旅游,CNY,CN10Y
2018-10-25,0.035409,15.93,0.027365639045825486,930633,中证旅游,CNY,CN10Y
2018-10-26,0.03541,15.55,0.028898681672025722,930633,中证旅游,CNY,CN10Y
2018-10-29,0.0351109999999999,14.64,0.03319501092896184,930633,中证旅游,CNY,CN10Y
2018-10-30,0.035161,15.03,0.031372599467731216,930633,中证旅游,CNY,CN10Y
2018-10-31,0.035086,15.64,0.028852618925831207,930633,中证旅游,CNY,CN10Y
2018-11-01,0.0349359999999999,15.02,0.03164189613848213,930633,中证旅游,CNY,CN10Y
2018-11-02,0.035461,16.06,0.026805500622665013,930633,中证旅游,CNY,CN10Y
2018-11-05,0.035312,15.86,0.02773970239596469,930633,中证旅游,CNY,CN10Y
2018-11-06,0.035113,15.7,0.028581267515923568,930633,中证旅游,CNY,CN10Y
2018-11-07,0.034813,15.7,0.02888126751592357,930633,中证旅游,CNY,CN10Y
2018-11-08,0.034813,15.67,0.02900320931716656,930633,中证旅游,CNY,CN10Y
2018-11-09,0.034763,15.59,0.02938068184733804,930633,中证旅游,CNY,CN10Y
2018-11-12,0.034865,15.71,0.028788723742838952,930633,中证旅游,CNY,CN10Y
2018-11-13,0.03474,15.8,0.02855113924050632,930633,中证旅游,CNY,CN10Y
2018-11-14,0.034218,15.66,0.02963896040868455,930633,中证旅游,CNY,CN10Y
2018-11-15,0.033915,15.92,0.028899070351758788,930633,中证旅游,CNY,CN10Y
2018-11-16,0.033515,16.12,0.028519739454094285,930633,中证旅游,CNY,CN10Y
2018-11-19,0.033772,16.12,0.028262739454094285,930633,中证旅游,CNY,CN10Y
2018-11-20,0.033771,15.74,0.029761401524777638,930633,中证旅游,CNY,CN10Y
2018-11-21,0.0337159999999999,15.9,0.02917708176100639,930633,中证旅游,CNY,CN10Y
2018-11-22,0.033917,15.79,0.029414222292590247,930633,中证旅游,CNY,CN10Y
2018-11-23,0.033917,15.49,0.030640779212395094,930633,中证旅游,CNY,CN10Y
2018-11-26,0.034151,15.35,0.03099557980456026,930633,中证旅游,CNY,CN10Y
2018-11-27,0.034,15.31,0.03131678641410843,930633,中证旅游,CNY,CN10Y
2018-11-28,0.0337,15.8,0.02959113924050632,930633,中证旅游,CNY,CN10Y
2018-11-29,0.0336,15.43,0.031208813998703823,930633,中证旅游,CNY,CN10Y
2018-11-30,0.0335499999999999,15.64,0.030388618925831307,930633,中证旅游,CNY,CN10Y
2018-12-03,0.0335,16.15,0.028419504643962853,930633,中证旅游,CNY,CN10Y
2018-12-04,0.03305,16.32,0.028224509803921563,930633,中证旅游,CNY,CN10Y
2018-12-05,0.03275,16.28,0.02867506142506142,930633,中证旅游,CNY,CN10Y
2018-12-06,0.032751,16.03,0.029632031815346217,930633,中证旅游,CNY,CN10Y
2018-12-07,0.032853,16.08,0.029336054726368167,930633,中证旅游,CNY,CN10Y
2018-12-10,0.032678,15.83,0.030493193935565377,930633,中证旅游,CNY,CN10Y
2018-12-11,0.032652,16.07,0.02957575357809583,930633,中证旅游,CNY,CN10Y
2018-12-12,0.032703,16.21,0.02898731462060456,930633,中证旅游,CNY,CN10Y
2018-12-13,0.033311,16.48,0.027368611650485437,930633,中证旅游,CNY,CN10Y
2018-12-14,0.033468,16.12,0.02856673945409429,930633,中证旅游,CNY,CN10Y
2018-12-17,0.033713,15.99,0.02882608692933083,930633,中证旅游,CNY,CN10Y
2018-12-18,0.033714,15.83,0.029457193935565375,930633,中证旅游,CNY,CN10Y
2018-12-19,0.033412,15.69,0.03032286297004462,930633,中证旅游,CNY,CN10Y
2018-12-20,0.033003,15.64,0.03093561892583121,930633,中证旅游,CNY,CN10Y
2018-12-21,0.033168,15.42,0.031682843060959795,930633,中证旅游,CNY,CN10Y
2018-12-24,0.033483,15.64,0.030455618925831207,930633,中证旅游,CNY,CN10Y
2018-12-25,0.033113,15.58,0.03107185237483954,930633,中证旅游,CNY,CN10Y
2018-12-26,0.033011,15.61,0.031050499039077514,930633,中证旅游,CNY,CN10Y
2018-12-27,0.032709,15.64,0.031229618925831204,930633,中证旅游,CNY,CN10Y
2018-12-28,0.032315,15.91,0.030538551225644243,930633,中证旅游,CNY,CN10Y
2018-12-29,0.032265,15.91,0.030588551225644245,930633,中证旅游,CNY,CN10Y
2018-12-30,0.032265,15.91,0.030588551225644245,930633,中证旅游,CNY,CN10Y
2018-12-31,0.032265,15.91,0.030588551225644245,930633,中证旅游,CNY,CN10Y
2019-01-02,0.031734,15.49,0.0328237792123951,930633,中证旅游,CNY,CN10Y
2019-01-03,0.03141,15.07,0.03494700066357,930633,中证旅游,CNY,CN10Y
2019-01-04,0.031513,15.23,0.03414688181221273,930633,中证旅游,CNY,CN10Y
2019-01-07,0.031507,15.45,0.03321791909385114,930633,中证旅游,CNY,CN10Y
2019-01-08,0.031211,15.49,0.033346779212395095,930633,中证旅游,CNY,CN10Y
2019-01-09,0.0311059999999999,15.78,0.032265356147021654,930633,中证旅游,CNY,CN10Y
2019-01-10,0.031006,15.73,0.03256679084551812,930633,中证旅游,CNY,CN10Y
2019-01-11,0.031058,15.81,0.032193106894370646,930633,中证旅游,CNY,CN10Y
2019-01-14,0.031297,15.46,0.033386053040103496,930633,中证旅游,CNY,CN10Y
2019-01-15,0.031383,15.81,0.03186810689437065,930633,中证旅游,CNY,CN10Y
2019-01-16,0.030745,15.8,0.03254613924050632,930633,中证旅游,CNY,CN10Y
2019-01-17,0.03076,15.68,0.03301551020408164,930633,中证旅游,CNY,CN10Y
2019-01-18,0.03091,15.64,0.033028618925831206,930633,中证旅游,CNY,CN10Y
2019-01-21,0.031037,15.82,0.03217412515802781,930633,中证旅游,CNY,CN10Y
2019-01-22,0.031071,15.64,0.032867618925831205,930633,中证旅游,CNY,CN10Y
2019-01-23,0.03119,15.58,0.03299485237483954,930633,中证旅游,CNY,CN10Y
2019-01-24,0.031338,15.31,0.03397878641410843,930633,中证旅游,CNY,CN10Y
2019-01-25,0.031398,15.38,0.033621505851755516,930633,中证旅游,CNY,CN10Y
2019-01-28,0.031397,15.2,0.03439247368421052,930633,中证旅游,CNY,CN10Y
2019-01-29,0.031246,15.32,0.03402815143603133,930633,中证旅游,CNY,CN10Y
2019-01-30,0.0311509999999999,15.02,0.03542689613848213,930633,中证旅游,CNY,CN10Y
2019-01-31,0.031037,15.01,0.03558525183211193,930633,中证旅游,CNY,CN10Y
2019-02-01,0.031032,15.17,0.03488757811470006,930633,中证旅游,CNY,CN10Y
2019-02-02,0.030978,15.17,0.03494157811470006,930633,中证旅游,CNY,CN10Y
2019-02-03,0.0309669999999999,15.17,0.034952578114700164,930633,中证旅游,CNY,CN10Y
2019-02-11,0.03067,15.73,0.032902790845518115,930633,中证旅游,CNY,CN10Y
2019-02-12,0.030748,15.81,0.03250310689437065,930633,中证旅游,CNY,CN10Y
2019-02-13,0.030719,16.23,0.030895294516327786,930633,中证旅游,CNY,CN10Y
2019-02-14,0.030726,16.47,0.029990454159077116,930633,中证旅游,CNY,CN10Y
2019-02-15,0.030794,16.07,0.03143375357809583,930633,中证旅游,CNY,CN10Y
2019-02-18,0.031094,16.58,0.02921963088057902,930633,中证旅游,CNY,CN10Y
2019-02-19,0.031279,16.57,0.029071030175015083,930633,中证旅游,CNY,CN10Y
2019-02-20,0.031196,16.73,0.02857686312014345,930633,中证旅游,CNY,CN10Y
2019-02-21,0.031361,16.66,0.028663009603841536,930633,中证旅游,CNY,CN10Y
2019-02-22,0.031451,16.77,0.028179292188431723,930633,中证旅游,CNY,CN10Y
2019-02-25,0.031787,17.46,0.025486768613974795,930633,中证旅游,CNY,CN10Y
2019-02-26,0.031878,17.15,0.026431037900874643,930633,中证旅游,CNY,CN10Y
2019-02-27,0.0316889999999999,17.28,0.026181370370370466,930633,中证旅游,CNY,CN10Y
2019-02-28,0.0317309999999999,17.42,0.025674281285878398,930633,中证旅游,CNY,CN10Y
2019-03-01,0.0318699999999999,17.58,0.025012821387940948,930633,中证旅游,CNY,CN10Y
2019-03-04,0.032023,17.66,0.024602141562853903,930633,中证旅游,CNY,CN10Y
2019-03-05,0.032149,17.61,0.02463691709256105,930633,中证旅游,CNY,CN10Y
2019-03-06,0.032021,17.59,0.024829483229107448,930633,中证旅游,CNY,CN10Y
2019-03-07,0.031572,17.56,0.025375608200455584,930633,中证旅游,CNY,CN10Y
2019-03-08,0.031423,16.87,0.02785382276229994,930633,中证旅游,CNY,CN10Y
2019-03-11,0.031374,17.32,0.026362720554272516,930633,中证旅游,CNY,CN10Y
2019-03-12,0.031424,17.39,0.02608031282346176,930633,中证旅游,CNY,CN10Y
2019-03-13,0.031375,17.25,0.026596014492753624,930633,中证旅游,CNY,CN10Y
2019-03-14,0.031475,17.1,0.027004532163742684,930633,中证旅游,CNY,CN10Y
2019-03-15,0.031376,17.41,0.026062253877082137,930633,中证旅游,CNY,CN10Y
2019-03-18,0.031377,17.93,0.024395448410485222,930633,中证旅游,CNY,CN10Y
2019-03-19,0.031377,17.99,0.02420943690939411,930633,中证旅游,CNY,CN10Y
2019-03-20,0.031453,18.19,0.023522261132490375,930633,中证旅游,CNY,CN10Y
2019-03-21,0.031291,18.29,0.023383685620557683,930633,中证旅游,CNY,CN10Y
2019-03-22,0.03108,18.72,0.022338803418803423,930633,中证旅游,CNY,CN10Y
2019-03-25,0.030831,18.31,0.02378396450027308,930633,中证旅游,CNY,CN10Y
2019-03-26,0.030633,18.13,0.024524198014340873,930633,中证旅游,CNY,CN10Y
2019-03-27,0.030882,18.53,0.023084540744738258,930633,中证旅游,CNY,CN10Y
2019-03-28,0.030634,18.67,0.02292786395286555,930633,中证旅游,CNY,CN10Y
2019-03-29,0.030683,19.36,0.020969892561983474,930633,中证旅游,CNY,CN10Y
2019-04-01,0.031332,19.89,0.018944520864756162,930633,中证旅游,CNY,CN10Y
2019-04-02,0.031681,20.05,0.01819431172069825,930633,中证旅游,CNY,CN10Y
2019-04-03,0.032331,20.48,0.016497125,930633,中证旅游,CNY,CN10Y
2019-04-04,0.032679,20.6,0.01586468932038835,930633,中证旅游,CNY,CN10Y
2019-04-08,0.032482,20.49,0.016322294777940463,930633,中证旅游,CNY,CN10Y
2019-04-09,0.0328819999999999,20.68,0.015473899419729313,930633,中证旅游,CNY,CN10Y
2019-04-10,0.032932,20.57,0.015682487117160908,930633,中证旅游,CNY,CN10Y
2019-04-11,0.032784,20.29,0.01650136224741252,930633,中证旅游,CNY,CN10Y
2019-04-12,0.033334,20.09,0.016442007964161273,930633,中证旅游,CNY,CN10Y
2019-04-15,0.033736,20.13,0.015941098857426728,930633,中证旅游,CNY,CN10Y
2019-04-16,0.033937,20.61,0.014583135856380394,930633,中证旅游,CNY,CN10Y
2019-04-17,0.033938,20.64,0.014511612403100768,930633,中证旅游,CNY,CN10Y
2019-04-18,0.033589,20.72,0.014673548262548262,930633,中证旅游,CNY,CN10Y
2019-04-19,0.033741,20.91,0.014083007651841221,930633,中证旅游,CNY,CN10Y
2019-04-22,0.034091,20.46,0.014784855327468226,930633,中证旅游,CNY,CN10Y
2019-04-23,0.033993,20.23,0.015438537320810672,930633,中证旅游,CNY,CN10Y
2019-04-24,0.034343,20.5,0.014437487804878052,930633,中证旅游,CNY,CN10Y
2019-04-25,0.034193,20.18,0.015361013875123883,930633,中证旅游,CNY,CN10Y
2019-04-26,0.034043,19.82,0.016411086781029267,930633,中证旅游,CNY,CN10Y
2019-04-28,0.034043,19.82,0.016411086781029267,930633,中证旅游,CNY,CN10Y
2019-04-29,0.034268,20.04,0.015632199600798403,930633,中证旅游,CNY,CN10Y
2019-04-30,0.0338689999999999,19.75,0.016763911392405163,930633,中证旅游,CNY,CN10Y
2019-05-05,0.033849,19.75,0.016783911392405065,930633,中证旅游,CNY,CN10Y
2019-05-06,0.0335499999999999,16.86,0.025761981020166178,930633,中证旅游,CNY,CN10Y
2019-05-07,0.033551,16.95,0.025446050147492627,930633,中证旅游,CNY,CN10Y
2019-05-08,0.033426,16.58,0.026887630880579022,930633,中证旅游,CNY,CN10Y
2019-05-09,0.033116,16.4,0.027859609756097567,930633,中证旅游,CNY,CN10Y
2019-05-10,0.033017,17.01,0.02577194767783656,930633,中证旅游,CNY,CN10Y
2019-05-13,0.032709,16.85,0.02663818100890207,930633,中证旅游,CNY,CN10Y
2019-05-14,0.032859,16.65,0.027201060060060067,930633,中证旅游,CNY,CN10Y
2019-05-15,0.032762,17.09,0.025751750731421885,930633,中证旅游,CNY,CN10Y
2019-05-16,0.032662,17.2,0.025477534883720933,930633,中证旅游,CNY,CN10Y
2019-05-17,0.032665,16.64,0.02743115384615384,930633,中证旅游,CNY,CN10Y
2019-05-20,0.032717,16.46,0.028036341433778852,930633,中证旅游,CNY,CN10Y
2019-05-21,0.03299,16.61,0.027214695966285375,930633,中证旅游,CNY,CN10Y
2019-05-22,0.033264,16.66,0.026760009603841534,930633,中证旅游,CNY,CN10Y
2019-05-23,0.0331,16.32,0.02817450980392157,930633,中证旅游,CNY,CN10Y
2019-05-24,0.033125,16.29,0.028262354205033764,930633,中证旅游,CNY,CN10Y
2019-05-27,0.0335,16.5,0.027106060606060606,930633,中证旅游,CNY,CN10Y
2019-05-28,0.0331,16.75,0.026601492537313434,930633,中证旅游,CNY,CN10Y
2019-05-29,0.032875,16.56,0.027511473429951694,930633,中证旅游,CNY,CN10Y
2019-05-30,0.03275,16.39,0.028262812690665037,930633,中证旅游,CNY,CN10Y
2019-05-31,0.032751,16.48,0.027928611650485435,930633,中证旅游,CNY,CN10Y
2019-06-03,0.032401,16.33,0.028835987140232708,930633,中证旅游,CNY,CN10Y
2019-06-04,0.032101,16.14,0.029856868649318462,930633,中证旅游,CNY,CN10Y
2019-06-05,0.0321,16.1,0.03001180124223602,930633,中证旅游,CNY,CN10Y
2019-06-06,0.032136,15.82,0.031075125158027808,930633,中证旅游,CNY,CN10Y
2019-06-10,0.032251,16.14,0.029706868649318457,930633,中证旅游,CNY,CN10Y
2019-06-11,0.032651,16.68,0.02730103836930456,930633,中证旅游,CNY,CN10Y
2019-06-12,0.032601,16.66,0.027423009603841537,930633,中证旅游,CNY,CN10Y
2019-06-13,0.032451,16.56,0.027935473429951695,930633,中证旅游,CNY,CN10Y
2019-06-14,0.032302,16.54,0.028157492140266027,930633,中证旅游,CNY,CN10Y
2019-06-17,0.032252,16.56,0.028134473429951692,930633,中证旅游,CNY,CN10Y
2019-06-18,0.032302,16.45,0.028488273556231007,930633,中证旅游,CNY,CN10Y
2019-06-19,0.032427,16.88,0.026814706161137444,930633,中证旅游,CNY,CN10Y
2019-06-20,0.032352,17.36,0.025251686635944702,930633,中证旅游,CNY,CN10Y
2019-06-21,0.032303,17.44,0.0250364495412844,930633,中证旅游,CNY,CN10Y
2019-06-24,0.0324529999999999,17.45,0.02485359025787976,930633,中证旅游,CNY,CN10Y
2019-06-25,0.032353,17.27,0.025550879559930517,930633,中证旅游,CNY,CN10Y
2019-06-26,0.0324529999999999,17.29,0.025383899942163203,930633,中证旅游,CNY,CN10Y
2019-06-27,0.032553,17.58,0.024329821387940848,930633,中证旅游,CNY,CN10Y
2019-06-28,0.032254,17.68,0.02430708597285068,930633,中证旅游,CNY,CN10Y
2019-07-01,0.032254,18.14,0.022872791620727674,930633,中证旅游,CNY,CN10Y
2019-07-02,0.0317039999999999,18.28,0.023000595185995724,930633,中证旅游,CNY,CN10Y
2019-07-03,0.031554,17.93,0.024218448410485226,930633,中证旅游,CNY,CN10Y
2019-07-04,0.031479,17.51,0.02563122272986864,930633,中证旅游,CNY,CN10Y
2019-07-05,0.031705,17.77,0.024569620146314017,930633,中证旅游,CNY,CN10Y
2019-07-08,0.031805,17.37,0.02576552389176741,930633,中证旅游,CNY,CN10Y
2019-07-09,0.03168,17.4,0.0257912643678161,930633,中证旅游,CNY,CN10Y
2019-07-10,0.031706,17.66,0.024919141562853908,930633,中证旅游,CNY,CN10Y
2019-07-11,0.03168,17.57,0.02523519635742743,930633,中证旅游,CNY,CN10Y
2019-07-12,0.0315309999999999,17.75,0.024807028169014186,930633,中证旅游,CNY,CN10Y
2019-07-15,0.031782,17.85,0.02424040896358543,930633,中证旅游,CNY,CN10Y
2019-07-16,0.031732,17.8,0.02444777528089887,930633,中证旅游,CNY,CN10Y
2019-07-17,0.031757,17.64,0.024932342403628113,930633,中证旅游,CNY,CN10Y
2019-07-18,0.031608,17.47,0.02563298454493418,930633,中证旅游,CNY,CN10Y
2019-07-19,0.031559,17.68,0.025002085972850682,930633,中证旅游,CNY,CN10Y
2019-07-22,0.031484,17.72,0.024949408577878113,930633,中证旅游,CNY,CN10Y
2019-07-23,0.031484,17.62,0.025269688989784336,930633,中证旅游,CNY,CN10Y
2019-07-24,0.0317099999999999,17.7,0.02478717514124304,930633,中证旅游,CNY,CN10Y
2019-07-25,0.0316349999999999,17.88,0.024293411633109725,930633,中证旅游,CNY,CN10Y
2019-07-26,0.031661,18.05,0.023740662049861493,930633,中证旅游,CNY,CN10Y
2019-07-29,0.031836,18.1,0.02341261878453038,930633,中证旅游,CNY,CN10Y
2019-07-30,0.031761,18.15,0.023335418732782373,930633,中证旅游,CNY,CN10Y
2019-07-31,0.031552,18.07,0.023788343110127286,930633,中证旅游,CNY,CN10Y
2019-08-01,0.031487,17.87,0.02447270900951315,930633,中证旅游,CNY,CN10Y
2019-08-02,0.030914,17.86,0.025077041433370664,930633,中证旅游,CNY,CN10Y
2019-08-05,0.0305629999999999,17.22,0.02750900929152159,930633,中证旅游,CNY,CN10Y
2019-08-06,0.030613,17.06,0.028003647127784297,930633,中证旅游,CNY,CN10Y
2019-08-07,0.030514,17.08,0.028034009367681502,930633,中证旅游,CNY,CN10Y
2019-08-08,0.030465,17.25,0.027506014492753625,930633,中证旅游,CNY,CN10Y
2019-08-09,0.030216,17.09,0.028297750731421885,930633,中证旅游,CNY,CN10Y
2019-08-12,0.0303909999999999,17.25,0.027580014492753723,930633,中证旅游,CNY,CN10Y
2019-08-13,0.030041,17.02,0.028713406580493536,930633,中证旅游,CNY,CN10Y
2019-08-14,0.030105,17.28,0.027765370370370364,930633,中证旅游,CNY,CN10Y
2019-08-15,0.030115,17.19,0.028058356602675968,930633,中证旅游,CNY,CN10Y
2019-08-16,0.030217,17.64,0.026472342403628113,930633,中证旅游,CNY,CN10Y
2019-08-19,0.030191,17.9,0.0256749217877095,930633,中证旅游,CNY,CN10Y
2019-08-20,0.0303169999999999,17.95,0.025393306406685343,930633,中证旅游,CNY,CN10Y
2019-08-21,0.030567,17.89,0.02533014924538848,930633,中证旅游,CNY,CN10Y
2019-08-22,0.030543,18.24,0.024281561403508775,930633,中证旅游,CNY,CN10Y
2019-08-23,0.030644,18.29,0.02403068562055768,930633,中证旅游,CNY,CN10Y
2019-08-26,0.030494,18.13,0.024663198014340873,930633,中证旅游,CNY,CN10Y
2019-08-27,0.03052,18.34,0.024005627044711014,930633,中证旅游,CNY,CN10Y
2019-08-28,0.03052,18.31,0.024094964500273083,930633,中证旅游,CNY,CN10Y
2019-08-29,0.0303209999999999,18.33,0.02423437370430998,930633,中证旅游,CNY,CN10Y
2019-08-30,0.030573,18.37,0.023863581382689163,930633,中证旅游,CNY,CN10Y
2019-09-02,0.0307229999999999,17.29,0.027113899942163202,930633,中证旅游,CNY,CN10Y
2019-09-03,0.030624,17.38,0.026913399309551216,930633,中证旅游,CNY,CN10Y
2019-09-04,0.030473,17.25,0.027498014492753624,930633,中证旅游,CNY,CN10Y
2019-09-05,0.030173,17.27,0.02773087955993052,930633,中证旅游,CNY,CN10Y
2019-09-06,0.030173,17.44,0.0271664495412844,930633,中证旅游,CNY,CN10Y
2019-09-09,0.03025,17.54,0.026762542759407072,930633,中证旅游,CNY,CN10Y
2019-09-10,0.030425,17.39,0.02707931282346176,930633,中证旅游,CNY,CN10Y
2019-09-11,0.030525,17.23,0.027513305281485777,930633,中证旅游,CNY,CN10Y
2019-09-12,0.030876,17.38,0.026661399309551213,930633,中证旅游,CNY,CN10Y
2019-09-16,0.030926,17.35,0.026710887608069164,930633,中证旅游,CNY,CN10Y
2019-09-17,0.031076,17.15,0.02723303790087464,930633,中证旅游,CNY,CN10Y
2019-09-18,0.031277,17.36,0.0263266866359447,930633,中证旅游,CNY,CN10Y
2019-09-19,0.031053,17.73,0.02534857924421884,930633,中证旅游,CNY,CN10Y
2019-09-20,0.0309799999999999,17.5,0.02616285714285724,930633,中证旅游,CNY,CN10Y
2019-09-23,0.0310049999999999,17.32,0.026731720554272614,930633,中证旅游,CNY,CN10Y
2019-09-24,0.0312049999999999,17.51,0.02590522272986874,930633,中证旅游,CNY,CN10Y
2019-09-25,0.031157,17.48,0.02605123798627002,930633,中证旅游,CNY,CN10Y
2019-09-26,0.031381,17.36,0.0262226866359447,930633,中证旅游,CNY,CN10Y
2019-09-27,0.031482,17.33,0.026221404500865554,930633,中证旅游,CNY,CN10Y
2019-09-29,0.031434,17.33,0.02626940450086556,930633,中证旅游,CNY,CN10Y
2019-09-30,0.0314109999999999,17.27,0.02649287955993062,930633,中证旅游,CNY,CN10Y
2019-10-08,0.031063,17.5,0.02607985714285714,930633,中证旅游,CNY,CN10Y
2019-10-09,0.031089,17.17,0.02715211822947,930633,中证旅游,CNY,CN10Y
2019-10-10,0.031289,17.41,0.02614925387708214,930633,中证旅游,CNY,CN10Y
2019-10-11,0.031564,17.34,0.02610612687427912,930633,中证旅游,CNY,CN10Y
2019-10-12,0.031716,17.34,0.025954126874279122,930633,中证旅游,CNY,CN10Y
2019-10-14,0.031641,17.45,0.025665590257879657,930633,中证旅游,CNY,CN10Y
2019-10-15,0.031668,17.57,0.025247196357427427,930633,中证旅游,CNY,CN10Y
2019-10-16,0.031693,17.69,0.02483611249293386,930633,中证旅游,CNY,CN10Y
2019-10-17,0.031569,17.71,0.0248962738565782,930633,中证旅游,CNY,CN10Y
2019-10-18,0.0318699999999999,17.48,0.02533823798627012,930633,中证旅游,CNY,CN10Y
2019-10-21,0.0321959999999999,17.48,0.02501223798627012,930633,中证旅游,CNY,CN10Y
2019-10-22,0.0321959999999999,17.52,0.02488162557077636,930633,中证旅游,CNY,CN10Y
2019-10-23,0.032122,17.22,0.02595000929152149,930633,中证旅游,CNY,CN10Y
2019-10-24,0.0321959999999999,16.84,0.02718642280285046,930633,中证旅游,CNY,CN10Y
2019-10-25,0.032372,17.06,0.0262446471277843,930633,中证旅游,CNY,CN10Y
2019-10-28,0.032924,17.23,0.025114305281485776,930633,中证旅游,CNY,CN10Y
2019-10-29,0.033029,17.18,0.025178217694994176,930633,中证旅游,CNY,CN10Y
2019-10-30,0.033125,17.0,0.025698529411764703,930633,中证旅游,CNY,CN10Y
2019-10-31,0.03288,17.06,0.0257366471277843,930633,中证旅游,CNY,CN10Y
2019-11-01,0.032757,17.11,0.025688353594389243,930633,中证旅游,CNY,CN10Y
2019-11-04,0.032954,17.45,0.024352590257879662,930633,中证旅游,CNY,CN10Y
2019-11-05,0.032454,17.46,0.0248197686139748,930633,中证旅游,CNY,CN10Y
2019-11-06,0.032555,17.37,0.025015523891767408,930633,中证旅游,CNY,CN10Y
2019-11-07,0.032736,17.25,0.025235014492753623,930633,中证旅游,CNY,CN10Y
2019-11-08,0.032765,17.19,0.025408356602675965,930633,中证旅游,CNY,CN10Y
2019-11-11,0.032463,16.78,0.027131755661501784,930633,中证旅游,CNY,CN10Y
2019-11-12,0.0325499999999999,16.75,0.027151492537313533,930633,中证旅游,CNY,CN10Y
2019-11-13,0.03237,16.58,0.027943630880579017,930633,中证旅游,CNY,CN10Y
2019-11-14,0.032555,16.49,0.02808781382656156,930633,中证旅游,CNY,CN10Y
2019-11-15,0.032355,16.38,0.028695061050061053,930633,中证旅游,CNY,CN10Y
2019-11-18,0.031993,16.64,0.02810315384615384,930633,中证旅游,CNY,CN10Y
2019-11-19,0.031743,16.8,0.02778080952380952,930633,中证旅游,CNY,CN10Y
2019-11-20,0.031747,16.75,0.027954492537313434,930633,中证旅游,CNY,CN10Y
2019-11-21,0.031749,16.68,0.02820303836930456,930633,中证旅游,CNY,CN10Y
2019-11-22,0.031747,16.47,0.028969454159077118,930633,中证旅游,CNY,CN10Y
2019-11-25,0.031875,16.36,0.02924969437652812,930633,中证旅游,CNY,CN10Y
2019-11-26,0.031675,16.58,0.028638630880579018,930633,中证旅游,CNY,CN10Y
2019-11-27,0.0317,16.48,0.02897961165048544,930633,中证旅游,CNY,CN10Y
2019-11-28,0.03165,16.39,0.02936281269066504,930633,中证旅游,CNY,CN10Y
2019-11-29,0.03165,16.47,0.029066454159077118,930633,中证旅游,CNY,CN10Y
2019-12-02,0.032062,16.59,0.028215275467148887,930633,中证旅游,CNY,CN10Y
2019-12-03,0.0317459999999999,16.7,0.028134239520958185,930633,中证旅游,CNY,CN10Y
2019-12-04,0.031751,16.66,0.028273009603841534,930633,中证旅游,CNY,CN10Y
2019-12-05,0.031776,16.9,0.0273955976331361,930633,中证旅游,CNY,CN10Y
2019-12-06,0.031751,17.03,0.026968906048150318,930633,中证旅游,CNY,CN10Y
2019-12-09,0.031903,16.95,0.027094050147492624,930633,中证旅游,CNY,CN10Y
2019-12-10,0.031776,17.22,0.02629600929152149,930633,中证旅游,CNY,CN10Y
2019-12-11,0.031702,17.26,0.026235427578215523,930633,中证旅游,CNY,CN10Y
2019-12-12,0.031652,17.32,0.026084720554272516,930633,中证旅游,CNY,CN10Y
2019-12-13,0.0318279999999999,17.62,0.024925688989784436,930633,中证旅游,CNY,CN10Y
2019-12-16,0.031854,17.46,0.025419768613974797,930633,中证旅游,CNY,CN10Y
2019-12-17,0.0321329999999999,17.57,0.02478219635742753,930633,中证旅游,CNY,CN10Y
2019-12-18,0.032139,17.6,0.024679181818181815,930633,中证旅游,CNY,CN10Y
2019-12-19,0.032139,17.64,0.024550342403628113,930633,中证旅游,CNY,CN10Y
2019-12-20,0.031808,17.93,0.02396444841048522,930633,中证旅游,CNY,CN10Y
2019-12-23,0.031661,17.82,0.02445572278338945,930633,中证旅游,CNY,CN10Y
2019-12-24,0.031535,17.97,0.024113302726766837,930633,中证旅游,CNY,CN10Y
2019-12-25,0.031463,18.07,0.023877343110127285,930633,中证旅游,CNY,CN10Y
2019-12-26,0.031137,18.26,0.023627512595837893,930633,中证旅游,CNY,CN10Y
2019-12-27,0.031292,18.22,0.023592742041712404,930633,中证旅游,CNY,CN10Y
2019-12-30,0.031322,18.38,0.023084964091403697,930633,中证旅游,CNY,CN10Y
2019-12-31,0.031365,18.33,0.02319037370430988,930633,中证旅游,CNY,CN10Y
2020-01-02,0.031485,18.56,0.02239431034482759,930633,中证旅游,CNY,CN10Y
2020-01-03,0.031428,18.55,0.022480355795148246,930633,中证旅游,CNY,CN10Y
2020-01-06,0.031352,18.56,0.022527310344827592,930633,中证旅游,CNY,CN10Y
2020-01-07,0.031379,18.81,0.021784211057947908,930633,中证旅游,CNY,CN10Y
2020-01-08,0.031337,18.59,0.02245536148466918,930633,中证旅游,CNY,CN10Y
2020-01-09,0.031184,19.0,0.021447578947368418,930633,中证旅游,CNY,CN10Y
2020-01-10,0.030819,18.94,0.021979310454065468,930633,中证旅游,CNY,CN10Y
2020-01-13,0.03084,18.71,0.022607354355959376,930633,中证旅游,CNY,CN10Y
2020-01-14,0.030994,18.5,0.023060054054054056,930633,中证旅游,CNY,CN10Y
2020-01-15,0.030897,18.42,0.023391816503800213,930633,中证旅游,CNY,CN10Y
2020-01-16,0.030918,18.4,0.023429826086956526,930633,中证旅游,CNY,CN10Y
2020-01-17,0.030832,18.37,0.023604581382689165,930633,中证旅游,CNY,CN10Y
2020-01-19,0.03078,18.37,0.023656581382689165,930633,中证旅游,CNY,CN10Y
2020-01-20,0.0307759999999999,17.72,0.02565740857787821,930633,中证旅游,CNY,CN10Y
2020-01-21,0.030337,17.08,0.028211009367681502,930633,中证旅游,CNY,CN10Y
2020-01-22,0.030282,17.21,0.027823752469494475,930633,中证旅游,CNY,CN10Y
2020-01-23,0.029932,16.53,0.030564067755595885,930633,中证旅游,CNY,CN10Y
2020-02-03,0.028231,15.0,0.03843566666666667,930633,中证旅游,CNY,CN10Y
2020-02-04,0.028551,15.13,0.03754285327164573,930633,中证旅游,CNY,CN10Y
2020-02-05,0.02844,15.48,0.03615948320413436,930633,中证旅游,CNY,CN10Y
2020-02-06,0.028392,15.95,0.03430392476489029,930633,中证旅游,CNY,CN10Y
2020-02-07,0.028024,16.08,0.03416505472636817,930633,中证旅游,CNY,CN10Y
2020-02-10,0.0278719999999999,15.96,0.034784641604010125,930633,中证旅游,CNY,CN10Y
2020-02-11,0.02834,16.08,0.033849054726368163,930633,中证旅游,CNY,CN10Y
2020-02-12,0.028333,16.17,0.03350991898577613,930633,中证旅游,CNY,CN10Y
2020-02-13,0.028201,15.94,0.03453425721455458,930633,中证旅游,CNY,CN10Y
2020-02-14,0.028631,16.18,0.03317369715698393,930633,中证旅游,CNY,CN10Y
2020-02-17,0.028928,16.37,0.032159354917532065,930633,中证旅游,CNY,CN10Y
2020-02-18,0.028664,16.28,0.032761061425061425,930633,中证旅游,CNY,CN10Y
2020-02-19,0.028776,16.66,0.031248009603841536,930633,中证旅游,CNY,CN10Y
2020-02-20,0.028857,17.23,0.029181305281485777,930633,中证旅游,CNY,CN10Y
2020-02-21,0.02847,17.1,0.030009532163742688,930633,中证旅游,CNY,CN10Y
2020-02-24,0.02812,16.69,0.03179611743559017,930633,中证旅游,CNY,CN10Y
2020-02-25,0.02822,16.57,0.03213003017501509,930633,中证旅游,CNY,CN10Y
2020-02-26,0.0279729999999999,16.43,0.03289127267194167,930633,中证旅游,CNY,CN10Y
2020-02-27,0.027702,16.44,0.0331252506082725,930633,中证旅游,CNY,CN10Y
2020-02-28,0.027376,15.95,0.03531992476489029,930633,中证旅游,CNY,CN10Y
2020-03-02,0.0274279999999999,16.18,0.034376697156984035,930633,中证旅游,CNY,CN10Y
2020-03-03,0.027478,16.2,0.0342503950617284,930633,中证旅游,CNY,CN10Y
2020-03-04,0.02673,16.25,0.03480846153846154,930633,中证旅游,CNY,CN10Y
2020-03-05,0.026829,16.92,0.032272654846335694,930633,中证旅游,CNY,CN10Y
2020-03-06,0.02628,16.73,0.03349286312014345,930633,中证旅游,CNY,CN10Y
2020-03-09,0.025205,15.95,0.037490924764890285,930633,中证旅游,CNY,CN10Y
2020-03-10,0.02613,16.48,0.03454961165048544,930633,中证旅游,CNY,CN10Y
2020-03-11,0.0260789999999999,16.74,0.033658156511350165,930633,中证旅游,CNY,CN10Y
2020-03-12,0.026379,16.24,0.035197354679802964,930633,中证旅游,CNY,CN10Y
2020-03-13,0.0267589999999999,16.58,0.03355463088057912,930633,中证旅游,CNY,CN10Y
2020-03-16,0.026758,15.65,0.037139763578274754,930633,中证旅游,CNY,CN10Y
2020-03-17,0.027135,15.44,0.03763183937823835,930633,中证旅游,CNY,CN10Y
2020-03-18,0.027136,15.03,0.03939759946773121,930633,中证旅游,CNY,CN10Y
2020-03-19,0.027299,14.57,0.04133517982155113,930633,中证旅游,CNY,CN10Y
2020-03-20,0.026815,15.26,0.038715799475753605,930633,中证旅游,CNY,CN10Y
2020-03-23,0.0263149999999999,14.59,0.04222509595613443,930633,中证旅游,CNY,CN10Y
2020-03-24,0.0262889999999999,15.0,0.04037766666666677,930633,中证旅游,CNY,CN10Y
2020-03-25,0.0262889999999999,15.38,0.03873050585175562,930633,中证旅游,CNY,CN10Y
2020-03-26,0.0259399999999999,15.06,0.04046106241699877,930633,中证旅游,CNY,CN10Y
2020-03-27,0.02609,15.01,0.040532251832111926,930633,中证旅游,CNY,CN10Y
2020-03-30,0.026142,14.28,0.043886011204481795,930633,中证旅游,CNY,CN10Y
2020-03-31,0.025899,14.14,0.04482235785007072,930633,中证旅游,CNY,CN10Y
2020-04-01,0.02555,14.21,0.044822976776917656,930633,中证旅游,CNY,CN10Y
2020-04-02,0.025854,14.6,0.0426391506849315,930633,中证旅游,CNY,CN10Y
2020-04-03,0.025965,14.73,0.041923662593346914,930633,中证旅游,CNY,CN10Y
2020-04-07,0.025112,15.23,0.040547881812212735,930633,中证旅游,CNY,CN10Y
2020-04-08,0.024824,15.38,0.04019550585175552,930633,中证旅游,CNY,CN10Y
2020-04-09,0.025226,15.68,0.038549510204081636,930633,中证旅游,CNY,CN10Y
2020-04-10,0.025403,15.56,0.038864352185089976,930633,中证旅游,CNY,CN10Y
2020-04-13,0.025658,15.48,0.03894148320413436,930633,中证旅游,CNY,CN10Y
2020-04-14,0.025591,15.66,0.038265960408684546,930633,中证旅游,CNY,CN10Y
2020-04-15,0.025455,15.32,0.039819151436031326,930633,中证旅游,CNY,CN10Y
2020-04-16,0.025276,15.33,0.039955572080887146,930633,中证旅游,CNY,CN10Y
2020-04-17,0.02559,15.93,0.03718463904582549,930633,中证旅游,CNY,CN10Y
2020-04-20,0.02592,16.09,0.03623040397762586,930633,中证旅游,CNY,CN10Y
2020-04-21,0.0257909999999999,15.92,0.03702307035175889,930633,中证旅游,CNY,CN10Y
2020-04-22,0.025567,16.34,0.03563251040391677,930633,中证旅游,CNY,CN10Y
2020-04-23,0.025227,16.42,0.035674339829476244,930633,中证旅游,CNY,CN10Y
2020-04-24,0.0250999999999999,16.51,0.03546935190793468,930633,中证旅游,CNY,CN10Y
2020-04-26,0.025205,16.51,0.03536435190793458,930633,中证旅游,CNY,CN10Y
2020-04-27,0.025345,16.45,0.035445273556231005,930633,中证旅游,CNY,CN10Y
2020-04-28,0.025254,16.69,0.03466211743559017,930633,中证旅游,CNY,CN10Y
2020-04-29,0.025009,16.93,0.03405774542232723,930633,中证旅游,CNY,CN10Y
2020-04-30,0.02538,17.32,0.032356720554272515,930633,中证旅游,CNY,CN10Y
2020-05-06,0.025809,20.67,0.02257029366231253,930633,中证旅游,CNY,CN10Y
2020-05-07,0.026298,20.82,0.021732739673390972,930633,中证旅游,CNY,CN10Y
2020-05-08,0.0262069999999999,21.09,0.021208836889521198,930633,中证旅游,CNY,CN10Y
2020-05-09,0.0264,21.09,0.0210158368895211,930633,中证旅游,CNY,CN10Y
2020-05-11,0.026698,20.66,0.0217047105517909,930633,中证旅游,CNY,CN10Y
2020-05-12,0.0266029999999999,20.77,0.021543364949446416,930633,中证旅游,CNY,CN10Y
2020-05-13,0.027076,20.68,0.02127989941972921,930633,中证旅游,CNY,CN10Y
2020-05-14,0.026989,20.39,0.022054648847474254,930633,中证旅游,CNY,CN10Y
2020-05-15,0.02682,20.23,0.022611537320810674,930633,中证旅游,CNY,CN10Y
2020-05-18,0.027253,20.19,0.022276470034670627,930633,中证旅游,CNY,CN10Y
2020-05-19,0.0272719999999999,20.64,0.02117761240310087,930633,中证旅游,CNY,CN10Y
2020-05-20,0.0269,20.4,0.02211960784313726,930633,中证旅游,CNY,CN10Y
2020-05-21,0.02685,20.33,0.022338391539596658,930633,中证旅游,CNY,CN10Y
2020-05-22,0.0261759999999999,19.96,0.023924200400801697,930633,中证旅游,CNY,CN10Y
2020-05-25,0.026852,20.27,0.022481991119881597,930633,中证旅游,CNY,CN10Y
2020-05-26,0.027402,21.27,0.019612574518100615,930633,中证旅游,CNY,CN10Y
2020-05-27,0.027527,21.43,0.019136555762949137,930633,中证旅游,CNY,CN10Y
2020-05-28,0.027201,21.22,0.019924353440150807,930633,中证旅游,CNY,CN10Y
2020-05-29,0.0270529999999999,21.02,0.020520739295908762,930633,中证旅游,CNY,CN10Y
2020-06-01,0.027253,21.49,0.01928027128897162,930633,中证旅游,CNY,CN10Y
2020-06-02,0.027852,21.06,0.019631380816714155,930633,中证旅游,CNY,CN10Y
2020-06-03,0.027901,21.3,0.019047356807511736,930633,中证旅游,CNY,CN10Y
2020-06-04,0.028301,21.08,0.01913733017077799,930633,中证旅游,CNY,CN10Y
2020-06-05,0.028475,21.9,0.01718710045662101,930633,中证旅游,CNY,CN10Y
2020-06-08,0.0281009999999999,22.04,0.017271050816697015,930633,中证旅游,CNY,CN10Y
2020-06-09,0.028031,22.5,0.016413444444444446,930633,中证旅游,CNY,CN10Y
2020-06-10,0.028201,22.1,0.01704786877828054,930633,中证旅游,CNY,CN10Y
2020-06-11,0.0277009999999999,22.23,0.017283255510571402,930633,中证旅游,CNY,CN10Y
2020-06-12,0.027451,23.51,0.015084091450446615,930633,中证旅游,CNY,CN10Y
2020-06-15,0.027878,23.18,0.015262638481449528,930633,中证旅游,CNY,CN10Y
2020-06-16,0.0284019999999999,24.1,0.013091775933610057,930633,中证旅游,CNY,CN10Y
2020-06-17,0.0288019999999999,23.77,0.01326783592763998,930633,中证旅游,CNY,CN10Y
2020-06-18,0.028527,24.23,0.012744151465125874,930633,中证旅游,CNY,CN10Y
2020-06-19,0.028752,24.52,0.012031034257748777,930633,中证旅游,CNY,CN10Y
2020-06-22,0.029153,23.98,0.012548417848206837,930633,中证旅游,CNY,CN10Y
2020-06-23,0.029127,24.11,0.0123495657403567,930633,中证旅游,CNY,CN10Y
2020-06-24,0.028614,24.15,0.012793867494824016,930633,中证旅游,CNY,CN10Y
2020-06-28,0.028404,24.15,0.013003867494824017,930633,中证旅游,CNY,CN10Y
2020-06-29,0.028504,25.2,0.011178539682539679,930633,中证旅游,CNY,CN10Y
2020-06-30,0.0282299999999999,26.78,0.009111299477221904,930633,中证旅游,CNY,CN10Y
2020-07-01,0.028456,28.58,0.0065335031490552885,930633,中证旅游,CNY,CN10Y
2020-07-02,0.028584,28.72,0.006234941504178276,930633,中证旅游,CNY,CN10Y
2020-07-03,0.028974,31.0,0.0032840645161290316,930633,中证旅游,CNY,CN10Y
2020-07-06,0.029959,33.56,-0.00016162216924910794,930633,中证旅游,CNY,CN10Y
2020-07-07,0.030158,33.09,6.261045633121354e-05,930633,中证旅游,CNY,CN10Y
2020-07-08,0.030632,33.42,-0.0007097977259126267,930633,中证旅游,CNY,CN10Y
2020-07-09,0.030809,33.46,-0.000922568439928273,930633,中证旅游,CNY,CN10Y
2020-07-10,0.030305,34.43,-0.0012605620098751075,930633,中证旅游,CNY,CN10Y
2020-07-13,0.0305569999999999,33.57,-0.0007684983616323103,930633,中证旅游,CNY,CN10Y
2020-07-14,0.030057,33.11,0.00014535578375113323,930633,中证旅游,CNY,CN10Y
2020-07-15,0.029559,33.31,0.00046201471029720664,930633,中证旅游,CNY,CN10Y
2020-07-16,0.029459,30.5,0.003327885245901642,930633,中证旅游,CNY,CN10Y
2020-07-17,0.029507,32.64,0.0011302549019607845,930633,中证旅游,CNY,CN10Y
2020-07-20,0.0293109999999999,33.8,0.0002747988165681496,930633,中证旅游,CNY,CN10Y
2020-07-21,0.029011,33.8,0.0005747988165680507,930633,中证旅游,CNY,CN10Y
2020-07-22,0.0288609999999999,34.97,-0.0002650606233913777,930633,中证旅游,CNY,CN10Y
2020-07-23,0.029064,37.01,-0.0020442756011888677,930633,中证旅游,CNY,CN10Y
2020-07-24,0.028612,33.85,0.0009300974889217134,930633,中证旅游,CNY,CN10Y
2020-07-27,0.028791,33.16,0.001365815440289509,930633,中证旅游,CNY,CN10Y
2020-07-28,0.029214,34.04,0.00016320329024676825,930633,中证旅游,CNY,CN10Y
2020-07-29,0.029415,35.05,-0.0008843295292439365,930633,中证旅游,CNY,CN10Y
2020-07-30,0.0293639999999999,35.89,-0.0015010855391472955,930633,中证旅游,CNY,CN10Y
2020-07-31,0.029664,38.08,-0.0034034957983193267,930633,中证旅游,CNY,CN10Y
2020-08-03,0.029466,37.87,-0.0030598737787166583,930633,中证旅游,CNY,CN10Y
2020-08-04,0.029365,36.44,-0.0019226289791437964,930633,中证旅游,CNY,CN10Y
2020-08-05,0.029592,36.43,-0.00214209607466374,930633,中证旅游,CNY,CN10Y
2020-08-06,0.029816,35.86,-0.0019297757947573865,930633,中证旅游,CNY,CN10Y
2020-08-07,0.029918,36.16,-0.0022631327433628307,930633,中证旅游,CNY,CN10Y
2020-08-10,0.029543,35.47,-0.0013501609811107963,930633,中证旅游,CNY,CN10Y
2020-08-11,0.029544,35.39,-0.0012874303475558097,930633,中证旅游,CNY,CN10Y
2020-08-12,0.02962,34.28,-0.00044847141190198364,930633,中证旅游,CNY,CN10Y
2020-08-13,0.0295549999999999,34.09,-0.00022088442358453309,930633,中证旅游,CNY,CN10Y
2020-08-14,0.029369,34.4,-0.00029923255813953456,930633,中证旅游,CNY,CN10Y
2020-08-17,0.029421,34.64,-0.0005526397228637417,930633,中证旅游,CNY,CN10Y
2020-08-18,0.029771,35.09,-0.0012728523795953288,930633,中证旅游,CNY,CN10Y
2020-08-19,0.029921,33.67,-0.0002209702999702995,930633,中证旅游,CNY,CN10Y
2020-08-20,0.029973,32.94,0.00038522707953855817,930633,中证旅游,CNY,CN10Y
2020-08-21,0.029823,33.63,-8.764466250371639e-05,930633,中证旅游,CNY,CN10Y
2020-08-24,0.029998,34.1,-0.0006724868035190637,930633,中证旅游,CNY,CN10Y
2020-08-25,0.030424,34.73,-0.0016304497552548196,930633,中证旅游,CNY,CN10Y
2020-08-26,0.030511,33.67,-0.0008109702999702997,930633,中证旅游,CNY,CN10Y
2020-08-27,0.0305989999999999,33.7,-0.0009254094955488644,930633,中证旅游,CNY,CN10Y
2020-08-28,0.030672,35.66,-0.002629375210319685,930633,中证旅游,CNY,CN10Y
2020-08-31,0.030177,34.29,-0.0010139787109944565,930633,中证旅游,CNY,CN10Y
2020-09-01,0.030478,39.1,-0.004902552429667521,930633,中证旅游,CNY,CN10Y
2020-09-02,0.031027,39.93,-0.005983173303280739,930633,中证旅游,CNY,CN10Y
2020-09-03,0.031051,39.72,-0.005874766364551861,930633,中证旅游,CNY,CN10Y
2020-09-04,0.031228,39.11,-0.005659091792380465,930633,中证旅游,CNY,CN10Y
2020-09-07,0.031454,37.86,-0.005040899101954571,930633,中证旅游,CNY,CN10Y
2020-09-08,0.03123,37.27,-0.004398768446471697,930633,中证旅游,CNY,CN10Y
2020-09-09,0.030805,36.04,-0.003058052164261929,930633,中证旅游,CNY,CN10Y
2020-09-10,0.030833,37.02,-0.0038205742841707184,930633,中证旅游,CNY,CN10Y
2020-09-11,0.031346,37.24,-0.004493153598281417,930633,中证旅游,CNY,CN10Y
2020-09-14,0.031532,38.39,-0.005483549882781973,930633,中证旅游,CNY,CN10Y
2020-09-15,0.031083,39.65,-0.005862319041614123,930633,中证旅游,CNY,CN10Y
2020-09-16,0.0312599999999999,38.96,-0.0055926488706364505,930633,中证旅游,CNY,CN10Y
2020-09-17,0.031334,38.21,-0.005162840617639362,930633,中证旅游,CNY,CN10Y
2020-09-18,0.031162,38.85,-0.00542197425997426,930633,中证旅游,CNY,CN10Y
2020-09-21,0.030999,37.82,-0.004557963511369646,930633,中证旅游,CNY,CN10Y
2020-09-22,0.030863,37.33,-0.004074893919099921,930633,中证旅游,CNY,CN10Y
2020-09-23,0.03089,38.68,-0.005036845915201656,930633,中证旅游,CNY,CN10Y
2020-09-24,0.03084,37.8,-0.004384973544973542,930633,中证旅游,CNY,CN10Y
2020-09-25,0.031295,38.53,-0.0053411977679730105,930633,中证旅游,CNY,CN10Y
2020-09-27,0.031324,38.53,-0.005370197767973005,930633,中证旅游,CNY,CN10Y
2020-09-28,0.0310919999999999,39.41,-0.005717729510276479,930633,中证旅游,CNY,CN10Y
2020-09-29,0.031292,39.39,-0.0059048458999746145,930633,中证旅游,CNY,CN10Y
2020-09-30,0.031482,39.2,-0.005971795918367353,930633,中证旅游,CNY,CN10Y
2020-10-09,0.031873,36.68,-0.004610186477644492,930633,中证旅游,CNY,CN10Y
2020-10-10,0.031898,36.68,-0.004635186477644496,930633,中证旅游,CNY,CN10Y
2020-10-12,0.031861,37.97,-0.0055244184882802215,930633,中证旅游,CNY,CN10Y
2020-10-13,0.03195,38.02,-0.005648053655970542,930633,中证旅游,CNY,CN10Y
2020-10-14,0.03215,37.16,-0.005239343379978466,930633,中证旅游,CNY,CN10Y
2020-10-15,0.0323,36.3,-0.004751790633608817,930633,中证旅游,CNY,CN10Y
2020-10-16,0.032202,36.32,-0.00466896035242291,930633,中证旅游,CNY,CN10Y
2020-10-19,0.032005,35.87,-0.0041265500418176705,930633,中证旅游,CNY,CN10Y
2020-10-20,0.031955,35.94,-0.004130848636616578,930633,中证旅游,CNY,CN10Y
2020-10-21,0.031855,35.51,-0.003693918614474795,930633,中证旅游,CNY,CN10Y
2020-10-22,0.031707,35.5,-0.003537985915492956,930633,中证旅游,CNY,CN10Y
2020-10-23,0.031957,35.19,-0.003539836032963907,930633,中证旅游,CNY,CN10Y
2020-10-26,0.031934,34.22,-0.0027113232028053748,930633,中证旅游,CNY,CN10Y
2020-10-27,0.031609,34.15,-0.002326423133235722,930633,中证旅游,CNY,CN10Y
2020-10-28,0.03181,35.83,-0.0039004270164666455,930633,中证旅游,CNY,CN10Y
2020-10-29,0.03186,35.94,-0.0040358486366165805,930633,中证旅游,CNY,CN10Y
2020-10-30,0.03181,35.83,-0.0039004270164666455,930633,中证旅游,CNY,CN10Y
2020-11-02,0.031785,32.63,-0.0011383558075390779,930633,中证旅游,CNY,CN10Y
2020-11-03,0.031762,33.16,-0.0016051845597104888,930633,中证旅游,CNY,CN10Y
2020-11-04,0.031687,33.9,-0.0021884749262536876,930633,中证旅游,CNY,CN10Y
2020-11-05,0.0319119999999999,33.71,-0.0022472121032333613,930633,中证旅游,CNY,CN10Y
2020-11-06,0.032063,33.3,-0.002032969969969968,930633,中证旅游,CNY,CN10Y
2020-11-09,0.032363,33.78,-0.002759684428656012,930633,中证旅游,CNY,CN10Y
2020-11-10,0.032241,32.3,-0.001281247678018571,930633,中证旅游,CNY,CN10Y
2020-11-11,0.032391,32.17,-0.0013061383276344457,930633,中证旅游,CNY,CN10Y
2020-11-12,0.032614,33.63,-0.0028786446625037147,930633,中证旅游,CNY,CN10Y
2020-11-13,0.032715,33.14,-0.0025399849124924587,930633,中证旅游,CNY,CN10Y
2020-11-16,0.032741,32.48,-0.0019528226600985174,930633,中证旅游,CNY,CN10Y
2020-11-17,0.032866,32.11,-0.0017230538772967895,930633,中证旅游,CNY,CN10Y
2020-11-18,0.03324,31.45,-0.0014434976152623222,930633,中证旅游,CNY,CN10Y
2020-11-19,0.033487,32.42,-0.002641842689697721,930633,中证旅游,CNY,CN10Y
2020-11-20,0.0331,32.58,-0.0024063228974831145,930633,中证旅游,CNY,CN10Y
2020-11-23,0.03265,32.83,-0.002190054827901307,930633,中证旅游,CNY,CN10Y
2020-11-24,0.0329,33.54,-0.003084853905784137,930633,中证旅游,CNY,CN10Y
2020-11-25,0.032675,32.9,-0.0022798632218845004,930633,中证旅游,CNY,CN10Y
2020-11-26,0.03285,33.22,-0.0027476520168573104,930633,中证旅游,CNY,CN10Y
2020-11-27,0.033,33.66,-0.0032911467617349963,930633,中证旅游,CNY,CN10Y
2020-11-30,0.0325,33.51,-0.0026581617427633535,930633,中证旅游,CNY,CN10Y
2020-12-01,0.032725,33.83,-0.0031654374815252677,930633,中证旅游,CNY,CN10Y
2020-12-02,0.032925,33.72,-0.0032690094899169644,930633,中证旅游,CNY,CN10Y
2020-12-03,0.032851,33.68,-0.0031597885985748184,930633,中证旅游,CNY,CN10Y
2020-12-04,0.032651,33.85,-0.0031089025110782875,930633,中证旅游,CNY,CN10Y
2020-12-07,0.032701,35.18,-0.004275758385446277,930633,中证旅游,CNY,CN10Y
2020-12-08,0.032551,35.15,-0.004101497866287336,930633,中证旅游,CNY,CN10Y
2020-12-09,0.032726,34.34,-0.003605440885264998,930633,中证旅游,CNY,CN10Y
2020-12-10,0.032601,34.96,-0.0039968810068649885,930633,中证旅游,CNY,CN10Y
2020-12-11,0.032951,34.63,-0.0040743034940802815,930633,中证旅游,CNY,CN10Y
2020-12-14,0.032851,35.98,-0.0050577815453029425,930633,中证旅游,CNY,CN10Y
2020-12-15,0.032777,36.68,-0.005514186477644494,930633,中证旅游,CNY,CN10Y
2020-12-16,0.0327519999999999,37.12,-0.005812344827586104,930633,中证旅游,CNY,CN10Y
2020-12-17,0.032802,37.71,-0.006283835057014055,930633,中证旅游,CNY,CN10Y
2020-12-18,0.032902,36.46,-0.005474682391662097,930633,中证旅游,CNY,CN10Y
2020-12-21,0.032652,37.94,-0.00629459356879283,930633,中证旅游,CNY,CN10Y
2020-12-22,0.032278,38.68,-0.006424845915201656,930633,中证旅游,CNY,CN10Y
2020-12-23,0.032153,39.87,-0.007071485076498619,930633,中证旅游,CNY,CN10Y
2020-12-24,0.032303,40.4,-0.007550524752475245,930633,中证旅游,CNY,CN10Y
2020-12-25,0.031878,41.2,-0.007606155339805822,930633,中证旅游,CNY,CN10Y
2020-12-28,0.031629,40.98,-0.007226852611029767,930633,中证旅游,CNY,CN10Y
2020-12-29,0.031554,40.82,-0.007056204801567857,930633,中证旅游,CNY,CN10Y
2020-12-30,0.031204,41.75,-0.007251904191616764,930633,中证旅游,CNY,CN10Y
2020-12-31,0.031429,44.48,-0.008946985611510788,930633,中证旅游,CNY,CN10Y
2021-01-04,0.03178,45.5,-0.009801978021978023,930633,中证旅游,CNY,CN10Y
2021-01-05,0.031305,45.53,-0.009341459477267736,930633,中证旅游,CNY,CN10Y
2021-01-06,0.031256,44.88,-0.008974360071301247,930633,中证旅游,CNY,CN10Y
2021-01-07,0.031256,47.58,-0.010238765868011767,930633,中证旅游,CNY,CN10Y
2021-01-08,0.031456,45.19,-0.009327210444788667,930633,中证旅游,CNY,CN10Y
2021-01-11,0.031632,45.85,-0.009821749182115595,930633,中证旅游,CNY,CN10Y
2021-01-12,0.031457,48.21,-0.010714415473968057,930633,中证旅游,CNY,CN10Y
2021-01-13,0.031157,46.04,-0.009436756733275414,930633,中证旅游,CNY,CN10Y
2021-01-14,0.031059,43.59,-0.008117958476714843,930633,中证旅游,CNY,CN10Y
2021-01-15,0.031508,43.5,-0.008519494252873565,930633,中证旅游,CNY,CN10Y
2021-01-18,0.031658,42.83,-0.00830987952369834,930633,中证旅游,CNY,CN10Y
2021-01-19,0.031609,42.17,-0.007895459568413563,930633,中证旅游,CNY,CN10Y
2021-01-20,0.03161,42.73,-0.008207238474139945,930633,中证旅游,CNY,CN10Y
2021-01-21,0.031335,42.36,-0.007727823418319169,930633,中证旅游,CNY,CN10Y
2021-01-22,0.031185,43.73,-0.008317403384404298,930633,中证旅游,CNY,CN10Y
2021-01-25,0.031323,46.93,-0.010014668442360961,930633,中证旅游,CNY,CN10Y
2021-01-26,0.031585,45.75,-0.009727076502732242,930633,中证旅游,CNY,CN10Y
2021-01-27,0.031636,45.86,-0.009830505015263842,930633,中证旅游,CNY,CN10Y
2021-01-28,0.0319609999999999,44.41,-0.009443548975455875,930633,中证旅游,CNY,CN10Y
2021-01-29,0.031786,45.41,-0.009764418850473463,930633,中证旅游,CNY,CN10Y
2021-02-01,0.031712,46.98,-0.01042634653043848,930633,中证旅游,CNY,CN10Y
2021-02-02,0.031862,50.01,-0.011865999200159967,930633,中证旅游,CNY,CN10Y
2021-02-03,0.032112,51.38,-0.012649173997664465,930633,中证旅游,CNY,CN10Y
2021-02-04,0.032347,49.85,-0.012286819458375127,930633,中证旅游,CNY,CN10Y
2021-02-05,0.032164,52.3,-0.013043541108986614,930633,中证旅游,CNY,CN10Y
2021-02-07,0.032168,52.3,-0.013047541108986618,930633,中证旅游,CNY,CN10Y
2021-02-08,0.03237,53.96,-0.013837753891771686,930633,中证旅游,CNY,CN10Y
2021-02-09,0.032303,54.44,-0.013934153563556206,930633,中证旅游,CNY,CN10Y
2021-02-10,0.032449,57.86,-0.015165902868994122,930633,中证旅游,CNY,CN10Y
2021-02-18,0.032831,57.54,-0.01545178554049357,930633,中证旅游,CNY,CN10Y
2021-02-19,0.032578,56.62,-0.014916396326386437,930633,中证旅游,CNY,CN10Y
2021-02-20,0.032605,56.62,-0.014943396326386436,930633,中证旅游,CNY,CN10Y
2021-02-22,0.032736,52.56,-0.01371012480974125,930633,中证旅游,CNY,CN10Y
2021-02-23,0.032635,51.72,-0.013300119876256764,930633,中证旅游,CNY,CN10Y
2021-02-24,0.032627,49.7,-0.012506275653923545,930633,中证旅游,CNY,CN10Y
2021-02-25,0.032723,50.42,-0.012889600555335189,930633,中证旅游,CNY,CN10Y
2021-02-26,0.032798,48.7,-0.012264119096509242,930633,中证旅游,CNY,CN10Y
2021-03-01,0.032475,50.75,-0.012770566502463051,930633,中证旅游,CNY,CN10Y
2021-03-02,0.0324739999999999,49.94,-0.012449971165398376,930633,中证旅游,CNY,CN10Y
2021-03-03,0.032553,51.09,-0.012979697983949892,930633,中证旅游,CNY,CN10Y
2021-03-04,0.0326549999999999,49.1,-0.012288401221995825,930633,中证旅游,CNY,CN10Y
2021-03-05,0.032457,48.26,-0.011735905926232904,930633,中证旅游,CNY,CN10Y
2021-03-08,0.032404,44.84,-0.010102483496877791,930633,中证旅游,CNY,CN10Y
2021-03-09,0.032478,45.47,-0.010485477457664392,930633,中证旅游,CNY,CN10Y
2021-03-10,0.032353,47.4,-0.011255953586497891,930633,中证旅游,CNY,CN10Y
2021-03-11,0.032506,47.87,-0.011616089826613746,930633,中证旅游,CNY,CN10Y
2021-03-12,0.0326129999999999,49.14,-0.01226297964997955,930633,中证旅游,CNY,CN10Y
2021-03-15,0.03274,48.05,-0.011928345473465139,930633,中证旅游,CNY,CN10Y
2021-03-16,0.032614,48.15,-0.011845568016614742,930633,中证旅游,CNY,CN10Y
2021-03-17,0.032564,49.37,-0.012308784281952603,930633,中证旅游,CNY,CN10Y
2021-03-18,0.0325919999999999,50.34,-0.01272708144616597,930633,中证旅游,CNY,CN10Y
2021-03-19,0.032364,49.5,-0.012161979797979793,930633,中证旅游,CNY,CN10Y
2021-03-22,0.032309,50.07,-0.012336960854803274,930633,中证旅游,CNY,CN10Y
2021-03-23,0.032105,48.66,-0.011554239621866007,930633,中证旅游,CNY,CN10Y
2021-03-24,0.03193,47.47,-0.01086406361912787,930633,中证旅游,CNY,CN10Y
2021-03-25,0.031882,48.14,-0.01110925384295804,930633,中证旅游,CNY,CN10Y
2021-03-26,0.031985,50.27,-0.01209241993236523,930633,中证旅游,CNY,CN10Y
2021-03-29,0.031962,51.28,-0.012461219968798749,930633,中证旅游,CNY,CN10Y
2021-03-30,0.03206,51.52,-0.012650062111801242,930633,中证旅游,CNY,CN10Y
2021-03-31,0.031887,50.13,-0.011938865150608418,930633,中证旅游,CNY,CN10Y
2021-04-01,0.03196,52.09,-0.012762457285467464,930633,中证旅游,CNY,CN10Y
2021-04-02,0.032013,53.59,-0.013352802201903342,930633,中证旅游,CNY,CN10Y
2021-04-06,0.032087,51.52,-0.012677062111801241,930633,中证旅游,CNY,CN10Y
2021-04-07,0.032215,50.99,-0.012603311433614435,930633,中证旅游,CNY,CN10Y
2021-04-08,0.032221,50.81,-0.012539834875024601,930633,中证旅游,CNY,CN10Y
2021-04-09,0.032121,49.99,-0.012116999199839964,930633,中证旅游,CNY,CN10Y
2021-04-12,0.031948,49.0,-0.011539836734693876,930633,中证旅游,CNY,CN10Y
2021-04-13,0.031626,44.76,-0.009284623771224309,930633,中证旅游,CNY,CN10Y
2021-04-14,0.031651,48.07,-0.01084800436862908,930633,中证旅游,CNY,CN10Y
2021-04-15,0.031728,47.1,-0.010496577494692145,930633,中证旅游,CNY,CN10Y
2021-04-16,0.031631,47.42,-0.01054285153943484,930633,中证旅游,CNY,CN10Y
2021-04-19,0.031559,48.49,-0.010936191173437821,930633,中证旅游,CNY,CN10Y
2021-04-20,0.031554,48.32,-0.010858635761589401,930633,中证旅游,CNY,CN10Y
2021-04-21,0.03153,49.34,-0.01126246858532631,930633,中证旅游,CNY,CN10Y
2021-04-22,0.031614,48.89,-0.01115991941092248,930633,中证旅游,CNY,CN10Y
2021-04-23,0.031719,49.0,-0.011310836734693876,930633,中证旅游,CNY,CN10Y
2021-04-25,0.031841,49.0,-0.01143283673469388,930633,中证旅游,CNY,CN10Y
2021-04-26,0.032024,49.12,-0.011665693811074913,930633,中证旅游,CNY,CN10Y
2021-04-27,0.032078,50.05,-0.012097980019980022,930633,中证旅游,CNY,CN10Y
2021-04-28,0.031979,50.54,-0.012192692125049465,930633,中证旅游,CNY,CN10Y
2021-04-29,0.031872,57.45,-0.01446555961705831,930633,中证旅游,CNY,CN10Y
2021-04-30,0.03164,57.59,-0.014275874283729818,930633,中证旅游,CNY,CN10Y
2021-05-06,0.031507,30.78,0.000981628979857048,930633,中证旅游,CNY,CN10Y
2021-05-07,0.031589,30.07,0.0016667366145660112,930633,中证旅游,CNY,CN10Y
2021-05-08,0.031582,30.07,0.0016737366145660112,930633,中证旅游,CNY,CN10Y
2021-05-10,0.03146,30.89,0.0009129362253156303,930633,中证旅游,CNY,CN10Y
2021-05-11,0.03138,30.9,0.0009824595469255723,930633,中证旅游,CNY,CN10Y
2021-05-12,0.03131,31.18,0.000761840923669023,930633,中证旅游,CNY,CN10Y
2021-05-13,0.031366,30.49,0.0014316385700229653,930633,中证旅游,CNY,CN10Y
2021-05-14,0.031422,31.76,6.414609571788604e-05,930633,中证旅游,CNY,CN10Y
2021-05-17,0.031524,32.54,-0.0007925925015365744,930633,中证旅游,CNY,CN10Y
2021-05-18,0.031457,32.53,-0.0007161454042422383,930633,中证旅游,CNY,CN10Y
2021-05-19,0.031298,33.16,-0.0011411845597104897,930633,中证旅游,CNY,CN10Y
2021-05-20,0.0310009999999999,33.05,-0.0007438139183054936,930633,中证旅游,CNY,CN10Y
2021-05-21,0.030876,32.5,-0.00010676923076922973,930633,中证旅游,CNY,CN10Y
2021-05-24,0.03085,32.72,-0.00028765281173593824,930633,中证旅游,CNY,CN10Y
2021-05-25,0.03085,34.41,-0.001788680616099967,930633,中证旅游,CNY,CN10Y
2021-05-26,0.0306,34.46,-0.00158084735925711,930633,中证旅游,CNY,CN10Y
2021-05-27,0.030725,34.81,-0.00199762280953749,930633,中证旅游,CNY,CN10Y
2021-05-28,0.030825,34.67,-0.0019816195558119455,930633,中证旅游,CNY,CN10Y
2021-05-31,0.0304499999999999,33.82,-0.0008816972205794409,930633,中证旅游,CNY,CN10Y
2021-06-01,0.0304,33.79,-0.0008054453980467571,930633,中证旅游,CNY,CN10Y
2021-06-02,0.03065,33.16,-0.0004931845597104904,930633,中证旅游,CNY,CN10Y
2021-06-03,0.03055,33.15,-0.00038408748114630506,930633,中证旅游,CNY,CN10Y
2021-06-04,0.0309249999999999,32.68,-0.0003252447980415171,930633,中证旅游,CNY,CN10Y
2021-06-07,0.0311,32.52,-0.00034969249692497206,930633,中证旅游,CNY,CN10Y
2021-06-08,0.0311,32.56,-0.00038746928746928935,930633,中证旅游,CNY,CN10Y
2021-06-09,0.031051,32.01,0.00018923742580443867,930633,中证旅游,CNY,CN10Y
2021-06-10,0.031,32.01,0.00024023742580443763,930633,中证旅游,CNY,CN10Y
2021-06-11,0.031276,31.79,0.00018043284051588726,930633,中证旅游,CNY,CN10Y
2021-06-15,0.031176,30.55,0.0015572242225859283,930633,中证旅游,CNY,CN10Y
2021-06-16,0.031301,29.85,0.002199837520938018,930633,中证旅游,CNY,CN10Y
2021-06-17,0.031401,29.52,0.0024743387533875394,930633,中证旅游,CNY,CN10Y
2021-06-18,0.031202,29.61,0.0025703741979061154,930633,中证旅游,CNY,CN10Y
2021-06-21,0.0309529999999999,29.14,0.0033640899107756674,930633,中证旅游,CNY,CN10Y
2021-06-22,0.0308769999999999,29.53,0.0029868672536404635,930633,中证旅游,CNY,CN10Y
2021-06-23,0.030853,30.47,0.001966166393173617,930633,中证旅游,CNY,CN10Y
2021-06-24,0.030828,30.21,0.002273621979476989,930633,中证旅游,CNY,CN10Y
2021-06-25,0.030827,30.47,0.0019921663931736153,930633,中证旅游,CNY,CN10Y
2021-06-28,0.030903,31.39,0.0009542793883402373,930633,中证旅游,CNY,CN10Y
2021-06-29,0.030853,30.78,0.0016356289798570497,930633,中证旅游,CNY,CN10Y
2021-06-30,0.030778,30.55,0.0019552242225859273,930633,中证旅游,CNY,CN10Y
2021-07-01,0.030878,30.65,0.0017484274061990261,930633,中证旅游,CNY,CN10Y
2021-07-02,0.0308029999999999,29.01,0.0036678721130645603,930633,中证旅游,CNY,CN10Y
2021-07-05,0.030754,28.86,0.0038960346500346472,930633,中证旅游,CNY,CN10Y
2021-07-06,0.030854,29.09,0.003522074252320387,930633,中证旅游,CNY,CN10Y
2021-07-07,0.030554,28.53,0.004496823694356816,930633,中证旅游,CNY,CN10Y
2021-07-08,0.02983,27.94,0.005960980672870434,930633,中证旅游,CNY,CN10Y
2021-07-09,0.030105,27.61,0.006113761318362915,930633,中证旅游,CNY,CN10Y
2021-07-12,0.029431,29.26,0.004745349965823646,930633,中证旅游,CNY,CN10Y
2021-07-13,0.029256,29.5,0.004642305084745762,930633,中证旅游,CNY,CN10Y
2021-07-14,0.029356,28.88,0.005270038781163437,930633,中证旅游,CNY,CN10Y
2021-07-15,0.029557,29.13,0.004771870580157912,930633,中证旅游,CNY,CN10Y
2021-07-16,0.029432,28.29,0.005916179568752213,930633,中证旅游,CNY,CN10Y
2021-07-19,0.029483,29.58,0.004323626098715349,930633,中证旅游,CNY,CN10Y
2021-07-20,0.029258,29.77,0.004332863285186429,930633,中证旅游,CNY,CN10Y
2021-07-21,0.029184,29.0,0.005298758620689653,930633,中证旅游,CNY,CN10Y
2021-07-22,0.0292839999999999,28.79,0.005450282737061579,930633,中证旅游,CNY,CN10Y
2021-07-23,0.029134,28.32,0.006176734463276837,930633,中证旅游,CNY,CN10Y
2021-07-26,0.028711,26.92,0.008436102526002971,930633,中证旅游,CNY,CN10Y
2021-07-27,0.02911,26.07,0.009248266206367473,930633,中证旅游,CNY,CN10Y
2021-07-28,0.029312,25.69,0.009613652004671073,930633,中证旅游,CNY,CN10Y
2021-07-29,0.0288399999999999,26.28,0.009211750380517601,930633,中证旅游,CNY,CN10Y
2021-07-30,0.028363,24.81,0.011943328093510681,930633,中证旅游,CNY,CN10Y
2021-08-02,0.028212,24.71,0.012257445568595711,930633,中证旅游,CNY,CN10Y
2021-08-03,0.0283369999999999,25.95,0.01019864547206176,930633,中证旅游,CNY,CN10Y
2021-08-04,0.028338,26.03,0.010079210910487895,930633,中证旅游,CNY,CN10Y
2021-08-05,0.027988,26.09,0.010340861632809506,930633,中证旅游,CNY,CN10Y
2021-08-06,0.0281389999999999,25.79,0.010635718883288195,930633,中证旅游,CNY,CN10Y
2021-08-09,0.0286149999999999,26.66,0.008894377344336183,930633,中证旅游,CNY,CN10Y
2021-08-10,0.028766,27.22,0.007971692872887584,930633,中证旅游,CNY,CN10Y
2021-08-11,0.028841,26.7,0.008612183520599254,930633,中证旅游,CNY,CN10Y
2021-08-12,0.0285659999999999,26.12,0.009718839203675441,930633,中证旅游,CNY,CN10Y
2021-08-13,0.0287919999999999,26.46,0.00900089493575218,930633,中证旅游,CNY,CN10Y
2021-08-16,0.028943,27.01,0.008080324694557568,930633,中证旅游,CNY,CN10Y
2021-08-17,0.0288189999999999,25.55,0.010319943248532387,930633,中证旅游,CNY,CN10Y
2021-08-18,0.028494,24.83,0.011779862263391061,930633,中证旅游,CNY,CN10Y
2021-08-19,0.028395,24.76,0.011992722132471729,930633,中证旅游,CNY,CN10Y
2021-08-20,0.02852,24.09,0.012991000415110001,930633,中证旅游,CNY,CN10Y
2021-08-23,0.028672,24.41,0.012294816878328552,930633,中证旅游,CNY,CN10Y
2021-08-24,0.028522,25.08,0.011350408293460928,930633,中证旅游,CNY,CN10Y
2021-08-25,0.028547,25.74,0.010303038850038856,930633,中证旅游,CNY,CN10Y
2021-08-26,0.028848,25.46,0.010429297721916732,930633,中证旅游,CNY,CN10Y
2021-08-27,0.028698,25.06,0.011206229848363926,930633,中证旅游,CNY,CN10Y
2021-08-30,0.028505,24.89,0.011671777822418645,930633,中证旅游,CNY,CN10Y
2021-08-31,0.02845,23.95,0.013303653444676409,930633,中证旅游,CNY,CN10Y
2021-09-01,0.028226,25.2,0.01145653968253968,930633,中证旅游,CNY,CN10Y
2021-09-02,0.028301,24.62,0.012316384240454913,930633,中证旅游,CNY,CN10Y
2021-09-03,0.028327,25.44,0.010981176100628928,930633,中证旅游,CNY,CN10Y
2021-09-06,0.028354,25.98,0.010137147036181678,930633,中证旅游,CNY,CN10Y
2021-09-07,0.0286039999999999,26.56,0.009046602409638657,930633,中证旅游,CNY,CN10Y
2021-09-08,0.0287049999999999,26.47,0.009073617302606824,930633,中证旅游,CNY,CN10Y
2021-09-09,0.02873,26.29,0.009307276531000386,930633,中证旅游,CNY,CN10Y
2021-09-10,0.028656,27.09,0.008257990402362497,930633,中证旅游,CNY,CN10Y
2021-09-13,0.028908,26.55,0.00875678342749529,930633,中证旅游,CNY,CN10Y
2021-09-14,0.028858,26.07,0.009500266206367472,930633,中证旅游,CNY,CN10Y
2021-09-15,0.029009,25.01,0.01097500639744102,930633,中证旅游,CNY,CN10Y
2021-09-16,0.028885,25.44,0.010423176100628928,930633,中证旅游,CNY,CN10Y
2021-09-17,0.0287849999999999,26.2,0.00938293893129781,930633,中证旅游,CNY,CN10Y
2021-09-18,0.028717,26.2,0.009450938931297712,930633,中证旅游,CNY,CN10Y
2021-09-22,0.028639,25.29,0.010902320680110714,930633,中证旅游,CNY,CN10Y
2021-09-23,0.028565,25.12,0.011243917197452227,930633,中证旅游,CNY,CN10Y
2021-09-24,0.028719,26.09,0.009609861632809504,930633,中证旅游,CNY,CN10Y
2021-09-26,0.028797,26.09,0.009531861632809505,930633,中证旅游,CNY,CN10Y
2021-09-27,0.028825,26.69,0.008642216185837392,930633,中证旅游,CNY,CN10Y
2021-09-28,0.028769,26.56,0.008881602409638558,930633,中证旅游,CNY,CN10Y
2021-09-29,0.0286459999999999,26.26,0.009434731150038178,930633,中证旅游,CNY,CN10Y
2021-09-30,0.028776,27.05,0.00819257670979667,930633,中证旅游,CNY,CN10Y
2021-10-08,0.029131,27.88,0.0067370057388809156,930633,中证旅游,CNY,CN10Y
2021-10-09,0.029186,27.88,0.006682005738880916,930633,中证旅游,CNY,CN10Y
2021-10-11,0.02958,27.54,0.006730820624546118,930633,中证旅游,CNY,CN10Y
2021-10-12,0.029657,27.92,0.006159618911174784,930633,中证旅游,CNY,CN10Y
2021-10-13,0.029578,28.82,0.0051201263011797365,930633,中证旅游,CNY,CN10Y
2021-10-14,0.029581,28.45,0.0055683848857645026,930633,中证旅游,CNY,CN10Y
2021-10-15,0.029683,28.16,0.0058283636363636385,930633,中证旅游,CNY,CN10Y
2021-10-18,0.030426,27.27,0.006244333700036672,930633,中证旅游,CNY,CN10Y
2021-10-19,0.030102,27.14,0.006743983787767135,930633,中证旅游,CNY,CN10Y
2021-10-20,0.0299779999999999,27.04,0.00700424852071016,930633,中证旅游,CNY,CN10Y
2021-10-21,0.029702,26.9,0.0074727211895910806,930633,中证旅游,CNY,CN10Y
2021-10-22,0.0299529999999999,27.81,0.006005288385472953,930633,中证旅游,CNY,CN10Y
2021-10-25,0.029879,27.38,0.006644009495982473,930633,中证旅游,CNY,CN10Y
2021-10-26,0.02978,27.35,0.006783071297989031,930633,中证旅游,CNY,CN10Y
2021-10-27,0.029781,26.76,0.007588207772795213,930633,中证旅游,CNY,CN10Y
2021-10-28,0.029682,27.19,0.007096227289444645,930633,中证旅游,CNY,CN10Y
2021-10-29,0.0297319999999999,27.47,0.006671349108118046,930633,中证旅游,CNY,CN10Y
2021-11-01,0.029435,25.45,0.009857730844793713,930633,中证旅游,CNY,CN10Y
2021-11-02,0.029259,23.77,0.012810835927639881,930633,中证旅游,CNY,CN10Y
2021-11-03,0.0293849999999999,24.22,0.01190319157720902,930633,中证旅游,CNY,CN10Y
2021-11-04,0.029261,24.68,0.011257638573743924,930633,中证旅游,CNY,CN10Y
2021-11-05,0.028911,24.4,0.012072606557377054,930633,中证旅游,CNY,CN10Y
2021-11-08,0.029013,24.44,0.011903530278232401,930633,中证旅游,CNY,CN10Y
2021-11-09,0.028988,24.38,0.012029227235438887,930633,中证旅游,CNY,CN10Y
2021-11-10,0.0291389999999999,24.38,0.011878227235438986,930633,中证旅游,CNY,CN10Y
2021-11-11,0.029365,24.68,0.011153638573743924,930633,中证旅游,CNY,CN10Y
2021-11-12,0.0293909999999999,24.18,0.011965492969396297,930633,中证旅游,CNY,CN10Y
2021-11-15,0.029269,24.73,0.011167716538617065,930633,中证旅游,CNY,CN10Y
2021-11-16,0.029244,25.06,0.010660229848363928,930633,中证旅游,CNY,CN10Y
2021-11-17,0.029295,24.73,0.011141716538617064,930633,中证旅游,CNY,CN10Y
2021-11-18,0.029146,24.1,0.012347775933609959,930633,中证旅游,CNY,CN10Y
2021-11-19,0.029302,24.25,0.011935113402061853,930633,中证旅游,CNY,CN10Y
2021-11-22,0.028876,24.06,0.012686759767248548,930633,中证旅游,CNY,CN10Y
2021-11-23,0.028875,23.8,0.01314180672268907,930633,中证旅游,CNY,CN10Y
2021-11-24,0.0286,23.84,0.013346308724832216,930633,中证旅游,CNY,CN10Y
2021-11-25,0.02855,23.04,0.014852777777777777,930633,中证旅游,CNY,CN10Y
2021-11-26,0.0282,22.92,0.015430017452006981,930633,中证旅游,CNY,CN10Y
2021-11-29,0.02825,22.14,0.016917118337850045,930633,中证旅游,CNY,CN10Y
2021-11-30,0.02825,22.29,0.01661316733961418,930633,中证旅游,CNY,CN10Y
2021-12-01,0.028401,22.16,0.016725353790613722,930633,中证旅游,CNY,CN10Y
2021-12-02,0.028601,22.05,0.016750473922902492,930633,中证旅游,CNY,CN10Y
2021-12-03,0.0287009999999999,22.29,0.01616216733961428,930633,中证旅游,CNY,CN10Y
2021-12-06,0.028176,22.97,0.015359045711797997,930633,中证旅游,CNY,CN10Y
2021-12-07,0.028451,23.19,0.014671035360068991,930633,中证旅游,CNY,CN10Y
2021-12-08,0.028551,23.4,0.014184042735042736,930633,中证旅游,CNY,CN10Y
2021-12-09,0.028526,24.58,0.012157482506102529,930633,中证旅游,CNY,CN10Y
2021-12-10,0.028426,24.63,0.012174893219650831,930633,中证旅游,CNY,CN10Y
2021-12-13,0.028552,24.55,0.012181197556008147,930633,中证旅游,CNY,CN10Y
2021-12-14,0.028477,24.41,0.012489816878328553,930633,中证旅游,CNY,CN10Y
2021-12-15,0.028502,23.99,0.013182035014589415,930633,中证旅游,CNY,CN10Y
2021-12-16,0.0285769999999999,24.17,0.012796603640877216,930633,中证旅游,CNY,CN10Y
2021-12-17,0.028512,23.49,0.014059306939123033,930633,中证旅游,CNY,CN10Y
2021-12-20,0.028533,23.06,0.014832134431916739,930633,中证旅游,CNY,CN10Y
2021-12-21,0.028508,23.49,0.014063306939123034,930633,中证旅游,CNY,CN10Y
2021-12-22,0.028303,23.38,0.014468599657827205,930633,中证旅游,CNY,CN10Y
2021-12-23,0.0281429999999999,23.27,0.01483078599054587,930633,中证旅游,CNY,CN10Y
2021-12-24,0.028203,23.95,0.01355065344467641,930633,中证旅游,CNY,CN10Y
2021-12-27,0.028128,24.22,0.013160191577208921,930633,中证旅游,CNY,CN10Y
2021-12-28,0.0280039999999999,24.45,0.012895795501022597,930633,中证旅游,CNY,CN10Y
2021-12-29,0.027854,24.0,0.013812666666666664,930633,中证旅游,CNY,CN10Y
2021-12-30,0.027654,24.17,0.013719603640877116,930633,中证旅游,CNY,CN10Y
2021-12-31,0.0277539999999999,24.32,0.013364421052631682,930633,中证旅游,CNY,CN10Y
2022-01-04,0.0278549999999999,24.09,0.0136560004151101,930633,中证旅游,CNY,CN10Y
2022-01-05,0.028045,24.3,0.013107263374485596,930633,中证旅游,CNY,CN10Y
2022-01-06,0.028205,23.96,0.013531227045075124,930633,中证旅游,CNY,CN10Y
2022-01-07,0.0281809999999999,23.72,0.01397751602023619,930633,中证旅游,CNY,CN10Y
2022-01-10,0.028056,23.77,0.01401383592763988,930633,中证旅游,CNY,CN10Y
2022-01-11,0.027957,23.28,0.0149983264604811,930633,中证旅游,CNY,CN10Y
2022-01-12,0.027957,24.24,0.013297125412541255,930633,中证旅游,CNY,CN10Y
2022-01-13,0.027858,23.75,0.014247263157894735,930633,中证旅游,CNY,CN10Y
2022-01-14,0.0279349999999999,23.07,0.015411337234503785,930633,中证旅游,CNY,CN10Y
2022-01-17,0.02786,22.3,0.01698304932735426,930633,中证旅游,CNY,CN10Y
2022-01-18,0.027415,22.43,0.01716814757021846,930633,中证旅游,CNY,CN10Y
2022-01-19,0.0273139999999999,22.37,0.017388726866338945,930633,中证旅游,CNY,CN10Y
2022-01-20,0.027271,22.81,0.01656942086804034,930633,中证旅游,CNY,CN10Y
2022-01-21,0.0271,23.4,0.015635042735042737,930633,中证旅游,CNY,CN10Y
2022-01-24,0.026751,23.91,0.015072504809703052,930633,中证旅游,CNY,CN10Y
2022-01-25,0.026979,23.81,0.015020160016799667,930633,中证旅游,CNY,CN10Y
2022-01-26,0.027146,23.71,0.01503029692113032,930633,中证旅游,CNY,CN10Y
2022-01-27,0.0273479999999999,23.25,0.015662752688172146,930633,中证旅游,CNY,CN10Y
2022-01-28,0.027021,23.58,0.015387821034775238,930633,中证旅游,CNY,CN10Y
2022-01-29,0.027013,23.58,0.015395821034775239,930633,中证旅游,CNY,CN10Y
2022-01-30,0.026997,23.58,0.015411821034775237,930633,中证旅游,CNY,CN10Y
2022-02-07,0.027256,23.84,0.014690308724832218,930633,中证旅游,CNY,CN10Y
2022-02-08,0.027227,23.98,0.014474417848206834,930633,中证旅游,CNY,CN10Y
2022-02-09,0.027328,24.17,0.014045603640877116,930633,中证旅游,CNY,CN10Y
2022-02-10,0.027328,25.45,0.01196473084479371,930633,中证旅游,CNY,CN10Y
2022-02-11,0.027891,25.46,0.011386297721916731,930633,中证旅游,CNY,CN10Y
2022-02-14,0.028018,25.51,0.01118231360250882,930633,中证旅游,CNY,CN10Y
2022-02-15,0.027968,24.96,0.01209610256410256,930633,中证旅游,CNY,CN10Y
2022-02-16,0.027892,25.11,0.011932771007566706,930633,中证旅游,CNY,CN10Y
2022-02-17,0.027799,24.65,0.012768951318458416,930633,中证旅游,CNY,CN10Y
2022-02-18,0.027975,24.87,0.012234087253719342,930633,中证旅游,CNY,CN10Y
2022-02-21,0.0283,24.37,0.012734058268362741,930633,中证旅游,CNY,CN10Y
2022-02-22,0.0282,23.86,0.013711148365465217,930633,中证旅游,CNY,CN10Y
2022-02-23,0.0279,23.74,0.014222999157540016,930633,中证旅游,CNY,CN10Y
2022-02-24,0.027875,23.02,0.015565486533449174,930633,中证旅游,CNY,CN10Y
2022-02-25,0.02775,23.52,0.014767006802721087,930633,中证旅游,CNY,CN10Y
2022-02-28,0.02775,22.86,0.015994531933508315,930633,中证旅游,CNY,CN10Y
2022-03-01,0.028025,23.45,0.014618923240938164,930633,中证旅游,CNY,CN10Y
2022-03-02,0.028175,22.92,0.015455017452006982,930633,中证旅游,CNY,CN10Y
2022-03-03,0.0283,22.76,0.01563673110720562,930633,中证旅游,CNY,CN10Y
2022-03-04,0.028125,23.01,0.015334365493263797,930633,中证旅游,CNY,CN10Y
2022-03-07,0.028126,21.64,0.01808472088724584,930633,中证旅游,CNY,CN10Y
2022-03-08,0.028276,21.5,0.018235627906976744,930633,中证旅游,CNY,CN10Y
2022-03-09,0.028426,21.24,0.01865497928436912,930633,中证旅游,CNY,CN10Y
2022-03-10,0.028502,21.24,0.01857897928436912,930633,中证旅游,CNY,CN10Y
2022-03-11,0.027902,21.3,0.019046356807511735,930633,中证旅游,CNY,CN10Y
2022-03-14,0.027677,19.75,0.022955911392405062,930633,中证旅游,CNY,CN10Y
2022-03-15,0.0281769999999999,18.5,0.025877054054054157,930633,中证旅游,CNY,CN10Y
2022-03-16,0.0279519999999999,19.69,0.02283520162519055,930633,中证旅游,CNY,CN10Y
2022-03-17,0.0278759999999999,20.36,0.021239913555992244,930633,中证旅游,CNY,CN10Y
2022-03-18,0.027927,20.59,0.020640265662943177,930633,中证旅游,CNY,CN10Y
2022-03-21,0.028127,20.23,0.021304537320810675,930633,中证旅游,CNY,CN10Y
2022-03-22,0.028302,19.98,0.021748050050050045,930633,中证旅游,CNY,CN10Y
2022-03-23,0.028302,19.93,0.02187361465127948,930633,中证旅游,CNY,CN10Y
2022-03-24,0.028052,19.63,0.022890435048395316,930633,中证旅游,CNY,CN10Y
2022-03-25,0.027972,19.25,0.02397605194805195,930633,中证旅游,CNY,CN10Y
2022-03-28,0.0279029999999999,19.09,0.02448044683080157,930633,中证旅游,CNY,CN10Y
2022-03-29,0.027853,18.79,0.0253667977647685,930633,中证旅游,CNY,CN10Y
2022-03-30,0.027703,20.0,0.022297000000000004,930633,中证旅游,CNY,CN10Y
2022-03-31,0.027878,19.72,0.02283193914807303,930633,中证旅游,CNY,CN10Y
2022-04-01,0.027743,20.81,0.02031082027871216,930633,中证旅游,CNY,CN10Y
2022-04-02,0.027714,20.81,0.020339820278712162,930633,中证旅游,CNY,CN10Y
2022-04-06,0.027604,20.04,0.022296199600798403,930633,中证旅游,CNY,CN10Y
2022-04-07,0.0273939999999999,19.88,0.02290781086519125,930633,中证旅游,CNY,CN10Y
2022-04-08,0.0275289999999999,19.93,0.02264661465127958,930633,中证旅游,CNY,CN10Y
2022-04-11,0.0276799999999999,19.02,0.024896235541535326,930633,中证旅游,CNY,CN10Y
2022-04-12,0.027705,20.61,0.020815135856380396,930633,中证旅游,CNY,CN10Y
2022-04-13,0.027631,20.5,0.02114948780487805,930633,中证旅游,CNY,CN10Y
2022-04-14,0.027656,21.44,0.018985791044776115,930633,中证旅游,CNY,CN10Y
2022-04-15,0.027578,21.44,0.019063791044776117,930633,中证旅游,CNY,CN10Y
2022-04-18,0.028107,21.2,0.01906281132075472,930633,中证旅游,CNY,CN10Y
2022-04-19,0.028208,21.07,0.019252844803037492,930633,中证旅游,CNY,CN10Y
2022-04-20,0.02833,21.33,0.01855232536333802,930633,中证旅游,CNY,CN10Y
2022-04-21,0.028259,20.49,0.02054529477794046,930633,中证旅游,CNY,CN10Y
2022-04-22,0.028409,20.55,0.020252800486618,930633,中证旅游,CNY,CN10Y
2022-04-24,0.028335,20.55,0.020326800486618002,930633,中证旅游,CNY,CN10Y
2022-04-25,0.0281599999999999,19.97,0.02191511266900361,930633,中证旅游,CNY,CN10Y
2022-04-26,0.02826,20.39,0.020783648847474252,930633,中证旅游,CNY,CN10Y
2022-04-27,0.028411,20.65,0.020015150121065382,930633,中证旅游,CNY,CN10Y
2022-04-28,0.0284859999999999,20.44,0.02043767906066546,930633,中证旅游,CNY,CN10Y
2022-04-29,0.028386,20.6,0.020157689320388347,930633,中证旅游,CNY,CN10Y
2022-05-05,0.0282819999999999,40.03,-0.003300735948038872,930633,中证旅游,CNY,CN10Y
2022-05-06,0.028273,36.75,-0.001062115646258504,930633,中证旅游,CNY,CN10Y
2022-05-07,0.0282629999999999,36.75,-0.0010521156462584037,930633,中证旅游,CNY,CN10Y
2022-05-09,0.028154,35.98,-0.0003607815453029427,930633,中证旅游,CNY,CN10Y
2022-05-10,0.028089,37.13,-0.0011566003231887959,930633,中证旅游,CNY,CN10Y
2022-05-11,0.0282399999999999,38.94,-0.0025594658448894712,930633,中证旅游,CNY,CN10Y
2022-05-12,0.028055,38.37,-0.0019929723742507163,930633,中证旅游,CNY,CN10Y
2022-05-13,0.02814,38.69,-0.002293528043422071,930633,中证旅游,CNY,CN10Y
2022-05-16,0.028216,38.95,-0.002542059050064188,930633,中证旅游,CNY,CN10Y
2022-05-17,0.028178,38.84,-0.0024313470648815692,930633,中证旅游,CNY,CN10Y
2022-05-18,0.027801,37.91,-0.0014227356897916071,930633,中证旅游,CNY,CN10Y
2022-05-19,0.027774,37.49,-0.0011002203254201134,930633,中证旅游,CNY,CN10Y
2022-05-20,0.0279,38.98,-0.002245818368394048,930633,中证旅游,CNY,CN10Y
2022-05-23,0.027675,37.33,-0.0008868939190999209,930633,中证旅游,CNY,CN10Y
2022-05-24,0.02765,36.68,-0.00038718647764449457,930633,中证旅游,CNY,CN10Y
2022-05-25,0.027575,37.12,-0.0006353448275862039,930633,中证旅游,CNY,CN10Y
2022-05-26,0.0271,37.04,-0.00010215982721382272,930633,中证旅游,CNY,CN10Y
2022-05-27,0.026974,37.44,-0.0002645982905982898,930633,中证旅游,CNY,CN10Y
2022-05-30,0.027225,38.88,-0.0015048353909465038,930633,中证旅游,CNY,CN10Y
2022-05-31,0.027426,39.57,-0.0021543295425827634,930633,中证旅游,CNY,CN10Y
2022-06-01,0.027551,39.21,-0.002047301963784748,930633,中证旅游,CNY,CN10Y
2022-06-02,0.027601,39.03,-0.001979683064309505,930633,中证旅游,CNY,CN10Y
2022-06-06,0.027776,39.78,-0.0026377395676219183,930633,中证旅游,CNY,CN10Y
2022-06-07,0.027576,40.41,-0.002829650086612224,930633,中证旅游,CNY,CN10Y
2022-06-08,0.0276609999999999,41.65,-0.0036513961584632854,930633,中证旅游,CNY,CN10Y
2022-06-09,0.027576,40.62,-0.002957585425898572,930633,中证旅游,CNY,CN10Y
2022-06-10,0.027526,40.83,-0.0030342047514082746,930633,中证旅游,CNY,CN10Y
2022-06-13,0.027652,39.66,-0.0024376782652546607,930633,中证旅游,CNY,CN10Y
2022-06-14,0.027702,40.21,-0.0028325645361850296,930633,中证旅游,CNY,CN10Y
2022-06-15,0.027827,40.5,-0.0031356419753086444,930633,中证旅游,CNY,CN10Y
2022-06-16,0.027728,40.51,-0.0030427371019501326,930633,中证旅游,CNY,CN10Y
2022-06-17,0.027752,41.72,-0.0037826807286673036,930633,中证旅游,CNY,CN10Y
2022-06-20,0.027853,43.22,-0.004715563627950021,930633,中证旅游,CNY,CN10Y
2022-06-21,0.027853,43.31,-0.004763644193027015,930633,中证旅游,CNY,CN10Y
2022-06-22,0.027773,42.48,-0.004232510357815439,930633,中证旅游,CNY,CN10Y
2022-06-23,0.027803,43.59,-0.004861958476714844,930633,中证旅游,CNY,CN10Y
2022-06-24,0.027978,44.31,-0.005409730986233357,930633,中证旅游,CNY,CN10Y
2022-06-27,0.028329,46.75,-0.006938625668449199,930633,中证旅游,CNY,CN10Y
2022-06-28,0.028414,48.73,-0.007892760517135233,930633,中证旅游,CNY,CN10Y
2022-06-29,0.028294,48.11,-0.007508300561213883,930633,中证旅游,CNY,CN10Y
2022-06-30,0.028205,50.86,-0.008543183248132129,930633,中证旅游,CNY,CN10Y
2022-07-01,0.028255,48.91,-0.007809283377632384,930633,中证旅游,CNY,CN10Y
2022-07-04,0.028445,48.9,-0.007995102249488753,930633,中证旅游,CNY,CN10Y
2022-07-05,0.028333,47.9,-0.007456173277661796,930633,中证旅游,CNY,CN10Y
2022-07-06,0.028356,45.82,-0.0065314692274116085,930633,中证旅游,CNY,CN10Y
2022-07-07,0.028356,45.96,-0.00659794952132289,930633,中证旅游,CNY,CN10Y
2022-07-08,0.028384,46.3,-0.006785727861771056,930633,中证旅游,CNY,CN10Y
2022-07-11,0.028266,45.34,-0.006210419938244376,930633,中证旅游,CNY,CN10Y
2022-07-12,0.028117,44.54,-0.005665271216883698,930633,中证旅游,CNY,CN10Y
2022-07-13,0.028067,44.97,-0.005829953079830998,930633,中证旅游,CNY,CN10Y
2022-07-14,0.027907,45.52,-0.005938634446397192,930633,中证旅游,CNY,CN10Y
2022-07-15,0.027857,44.96,-0.005615007117437721,930633,中证旅游,CNY,CN10Y
2022-07-18,0.027837,45.33,-0.005776554378998454,930633,中证旅游,CNY,CN10Y
2022-07-19,0.027859,45.55,-0.005905103183315035,930633,中证旅游,CNY,CN10Y
2022-07-20,0.02771,46.71,-0.006301308071076855,930633,中证旅游,CNY,CN10Y
2022-07-21,0.027635,45.79,-0.005796170561257915,930633,中证旅游,CNY,CN10Y
2022-07-22,0.02787,46.54,-0.0063831070047271135,930633,中证旅游,CNY,CN10Y
2022-07-25,0.02779,47.31,-0.006652819699852038,930633,中证旅游,CNY,CN10Y
2022-07-26,0.0277,47.65,-0.006713641133263375,930633,中证旅游,CNY,CN10Y
2022-07-27,0.0277009999999999,46.65,-0.006264772775991325,930633,中证旅游,CNY,CN10Y
2022-07-28,0.02785,47.52,-0.006806228956228958,930633,中证旅游,CNY,CN10Y
2022-07-29,0.0275599999999999,45.47,-0.005567477457664293,930633,中证旅游,CNY,CN10Y
2022-08-01,0.027292,45.85,-0.0054817491821155945,930633,中证旅游,CNY,CN10Y
2022-08-02,0.0273139999999999,44.77,-0.004977614027250294,930633,中证旅游,CNY,CN10Y
2022-08-03,0.027218,43.59,-0.004276958476714842,930633,中证旅游,CNY,CN10Y
2022-08-04,0.0271919999999999,43.73,-0.004324403384404197,930633,中证旅游,CNY,CN10Y
2022-08-05,0.027339,43.5,-0.004350494252873562,930633,中证旅游,CNY,CN10Y
2022-08-08,0.027409,41.97,-0.0035824572313557304,930633,中证旅游,CNY,CN10Y
2022-08-09,0.0274,43.1,-0.004198143851508122,930633,中证旅游,CNY,CN10Y
2022-08-10,0.027366,42.71,-0.003952279559822056,930633,中证旅游,CNY,CN10Y
2022-08-11,0.027317,43.77,-0.004470301347955223,930633,中证旅游,CNY,CN10Y
2022-08-12,0.027347,43.1,-0.004145143851508121,930633,中证旅游,CNY,CN10Y
2022-08-15,0.0265819999999999,42.78,-0.0032065909303411813,930633,中证旅游,CNY,CN10Y
2022-08-16,0.0263459999999999,41.94,-0.0025024139246541677,930633,中证旅游,CNY,CN10Y
2022-08-17,0.026124,42.59,-0.0026443099319089017,930633,中证旅游,CNY,CN10Y
2022-08-18,0.0258,41.54,-0.0017268175252768414,930633,中证旅游,CNY,CN10Y
2022-08-19,0.025875,41.5,-0.0017786144578313227,930633,中证旅游,CNY,CN10Y
2022-08-22,0.0259249999999999,42.38,-0.002328964134025384,930633,中证旅游,CNY,CN10Y
2022-08-23,0.026075,42.41,-0.002495655505776937,930633,中证旅游,CNY,CN10Y
2022-08-24,0.0260999999999999,41.69,-0.0021134324778123263,930633,中证旅游,CNY,CN10Y
2022-08-25,0.0263899999999999,42.39,-0.002799530549657838,930633,中证旅游,CNY,CN10Y
2022-08-26,0.02643,42.58,-0.0029447956787224012,930633,中证旅游,CNY,CN10Y
2022-08-29,0.026225,42.61,-0.0027563306735508067,930633,中证旅游,CNY,CN10Y
2022-08-30,0.02613,42.35,-0.0025172491145218426,930633,中证旅游,CNY,CN10Y
2022-08-31,0.026225,43.0,-0.0029691860465116265,930633,中证旅游,CNY,CN10Y
2022-09-01,0.026125,41.25,-0.0018825757575757565,930633,中证旅游,CNY,CN10Y
2022-09-02,0.026226,39.92,-0.0011758997995992004,930633,中证旅游,CNY,CN10Y
2022-09-05,0.02618,39.81,-0.0010606832454157257,930633,中证旅游,CNY,CN10Y
2022-09-06,0.02614,40.43,-0.0014058916646054916,930633,中证旅游,CNY,CN10Y
2022-09-07,0.026215,40.73,-0.0016630726737048816,930633,中证旅游,CNY,CN10Y
2022-09-08,0.0262559999999999,41.27,-0.0020253239641385007,930633,中证旅游,CNY,CN10Y
2022-09-09,0.02635,42.27,-0.0026925597350366676,930633,中证旅游,CNY,CN10Y
2022-09-13,0.026427,42.51,-0.0029031232651140874,930633,中证旅游,CNY,CN10Y
2022-09-14,0.026625,42.32,-0.0029955103969754246,930633,中证旅游,CNY,CN10Y
2022-09-15,0.026625,42.35,-0.0030122491145218415,930633,中证旅游,CNY,CN10Y
2022-09-16,0.02673,41.66,-0.002726159385501678,930633,中证旅游,CNY,CN10Y
2022-09-19,0.02675,41.77,-0.0028093727555661974,930633,中证旅游,CNY,CN10Y
2022-09-20,0.02664,42.82,-0.0032864269033162086,930633,中证旅游,CNY,CN10Y
2022-09-21,0.026451,41.14,-0.0021437564414195434,930633,中证旅游,CNY,CN10Y
2022-09-22,0.026501,41.33,-0.002305500362932495,930633,中证旅游,CNY,CN10Y
2022-09-23,0.026802,40.87,-0.002334175189625639,930633,中证旅游,CNY,CN10Y
2022-09-26,0.0271539999999999,42.62,-0.0036908371656498296,930633,中证旅游,CNY,CN10Y
2022-09-27,0.027051,44.32,-0.004487823104693138,930633,中证旅游,CNY,CN10Y
2022-09-28,0.027401,44.19,-0.004771445802217694,930633,中证旅游,CNY,CN10Y
2022-09-29,0.027501,43.03,-0.004261399721124798,930633,中证旅游,CNY,CN10Y
2022-09-30,0.027601,43.16,-0.004431398517145503,930633,中证旅游,CNY,CN10Y
2022-10-08,0.0276259999999999,43.16,-0.004456398517145403,930633,中证旅游,CNY,CN10Y
2022-10-09,0.027452,43.16,-0.004282398517145503,930633,中证旅游,CNY,CN10Y
2022-10-10,0.027402,41.01,-0.0030177034869544005,930633,中证旅游,CNY,CN10Y
2022-10-11,0.027426,40.53,-0.0027529183320996777,930633,中证旅游,CNY,CN10Y
2022-10-12,0.0273519999999999,39.69,-0.002156736709498515,930633,中证旅游,CNY,CN10Y
2022-10-13,0.027252,39.61,-0.0020058500378692216,930633,中证旅游,CNY,CN10Y
2022-10-14,0.026977,40.67,-0.0023888514875829887,930633,中证旅游,CNY,CN10Y
2022-10-17,0.027002,40.97,-0.0025938965096412026,930633,中证旅游,CNY,CN10Y
2022-10-18,0.027002,41.4,-0.0028474106280193257,930633,中证旅游,CNY,CN10Y
2022-10-19,0.027052,39.51,-0.0017419519109086283,930633,中证旅游,CNY,CN10Y
2022-10-20,0.0271749999999999,39.57,-0.001903329542582665,930633,中证旅游,CNY,CN10Y
2022-10-21,0.0272779999999999,38.75,-0.0014715483870966738,930633,中证旅游,CNY,CN10Y
2022-10-24,0.027153,36.9,-5.272899728997124e-05,930633,中证旅游,CNY,CN10Y
2022-10-25,0.0272779999999999,37.83,-0.0008439529473961462,930633,中证旅游,CNY,CN10Y
2022-10-26,0.027025,38.23,-0.0008675320428982447,930633,中证旅游,CNY,CN10Y
2022-10-27,0.026953,37.52,-0.0003005479744136487,930633,中证旅游,CNY,CN10Y
2022-10-28,0.0266529999999999,37.09,0.00030844513345925154,930633,中证旅游,CNY,CN10Y
2022-10-31,0.0264329999999999,35.64,0.0016253613916948247,930633,中证旅游,CNY,CN10Y
2022-11-01,0.026629,73.12,-0.012952851203501094,930633,中证旅游,CNY,CN10Y
2022-11-02,0.026854,75.14,-0.013545509182858663,930633,中证旅游,CNY,CN10Y
2022-11-03,0.026776,74.93,-0.013430210596556788,930633,中证旅游,CNY,CN10Y
2022-11-04,0.027023,79.97,-0.014518310741528071,930633,中证旅游,CNY,CN10Y
2022-11-07,0.027003,77.96,-0.014175909184197023,930633,中证旅游,CNY,CN10Y
2022-11-08,0.026853,77.51,-0.013951438911108243,930633,中证旅游,CNY,CN10Y
2022-11-09,0.026953,76.7,-0.013915190352020863,930633,中证旅游,CNY,CN10Y
2022-11-10,0.027028,76.9,-0.014024098829648895,930633,中证旅游,CNY,CN10Y
2022-11-11,0.027354,79.47,-0.014770635208254687,930633,中证旅游,CNY,CN10Y
2022-11-14,0.028354,76.35,-0.015256423051735428,930633,中证旅游,CNY,CN10Y
2022-11-15,0.028155,77.66,-0.015278358228174091,930633,中证旅游,CNY,CN10Y
2022-11-16,0.028329,78.42,-0.015577150981892374,930633,中证旅游,CNY,CN10Y
2022-11-17,0.028026,78.1,-0.015221902688860433,930633,中证旅游,CNY,CN10Y
2022-11-18,0.02825,77.02,-0.015266359387172163,930633,中证旅游,CNY,CN10Y
2022-11-21,0.02818,74.55,-0.01476618376928236,930633,中证旅游,CNY,CN10Y
2022-11-22,0.028276,74.1,-0.014780723346828608,930633,中证旅游,CNY,CN10Y
2022-11-23,0.027975,73.31,-0.014334296139680808,930633,中证旅游,CNY,CN10Y
2022-11-24,0.02795,72.54,-0.014164502343534602,930633,中证旅游,CNY,CN10Y
2022-11-25,0.0283,72.9,-0.014582578875171467,930633,中证旅游,CNY,CN10Y
2022-11-28,0.0286,75.43,-0.015342675328118787,930633,中证旅游,CNY,CN10Y
2022-11-29,0.0288,80.28,-0.01634359740906826,930633,中证旅游,CNY,CN10Y
2022-11-30,0.0288499999999999,81.47,-0.016575543144715744,930633,中证旅游,CNY,CN10Y
2022-12-01,0.0286,82.94,-0.016543091391367254,930633,中证旅游,CNY,CN10Y
2022-12-02,0.028676,81.43,-0.016395513692742232,930633,中证旅游,CNY,CN10Y
2022-12-05,0.028902,83.16,-0.016876987974987975,930633,中证旅游,CNY,CN10Y
2022-12-06,0.029152,85.06,-0.017395592758053142,930633,中证旅游,CNY,CN10Y
2022-12-07,0.028702,86.59,-0.01715332232359395,930633,中证旅游,CNY,CN10Y
2022-12-08,0.028853,86.75,-0.01732562247838617,930633,中证旅游,CNY,CN10Y
2022-12-09,0.0289029999999999,86.13,-0.017292643562057255,930633,中证旅游,CNY,CN10Y
2022-12-12,0.028902,87.0,-0.017407747126436782,930633,中证旅游,CNY,CN10Y
2022-12-13,0.028952,86.58,-0.01740198844998845,930633,中证旅游,CNY,CN10Y
2022-12-14,0.028655,88.65,-0.017374684151156235,930633,中证旅游,CNY,CN10Y
2022-12-15,0.0288289999999999,88.11,-0.017479550448303155,930633,中证旅游,CNY,CN10Y
2022-12-16,0.028856,89.18,-0.01764272348060103,930633,中证旅游,CNY,CN10Y
2022-12-19,0.028632,87.56,-0.017211259936043857,930633,中证旅游,CNY,CN10Y
2022-12-20,0.028732,85.53,-0.017040195954635802,930633,中证旅游,CNY,CN10Y
2022-12-21,0.028606,86.72,-0.017074634686346863,930633,中证旅游,CNY,CN10Y
2022-12-22,0.0285029999999999,88.39,-0.017189502998076606,930633,中证旅游,CNY,CN10Y
2022-12-23,0.028251,88.9,-0.01700240607424072,930633,中证旅游,CNY,CN10Y
2022-12-26,0.028378,87.76,-0.016983287146763903,930633,中证旅游,CNY,CN10Y
2022-12-27,0.028657,87.78,-0.017264883344725448,930633,中证旅游,CNY,CN10Y
2022-12-28,0.0285029999999999,87.96,-0.01713419599818089,930633,中证旅游,CNY,CN10Y
2022-12-29,0.028376,86.91,-0.016869844206650556,930633,中证旅游,CNY,CN10Y
2022-12-30,0.028353,87.11,-0.016873261738032372,930633,中证旅游,CNY,CN10Y
2022-12-31,0.028353,87.11,-0.016873261738032372,930633,中证旅游,CNY,CN10Y
2023-01-03,0.028228,86.16,-0.01662168616527391,930633,中证旅游,CNY,CN10Y
2023-01-04,0.028103,86.81,-0.016583589793802558,930633,中证旅游,CNY,CN10Y
2023-01-05,0.028304,90.11,-0.017206452557984683,930633,中证旅游,CNY,CN10Y
2023-01-06,0.028328,89.23,-0.01712100683626583,930633,中证旅游,CNY,CN10Y
2023-01-09,0.028428,89.54,-0.017259807013625193,930633,中证旅游,CNY,CN10Y
2023-01-10,0.028602,91.48,-0.017670648885002187,930633,中证旅游,CNY,CN10Y
2023-01-11,0.028603,90.18,-0.017514066755378133,930633,中证旅游,CNY,CN10Y
2023-01-12,0.028778,88.89,-0.017528140623242212,930633,中证旅游,CNY,CN10Y
2023-01-13,0.0290099999999999,90.45,-0.01795416804864556,930633,中证旅游,CNY,CN10Y
2023-01-16,0.029167,91.6,-0.018249969432314408,930633,中证旅游,CNY,CN10Y
2023-01-17,0.029017,91.1,-0.01804005159165752,930633,中证旅游,CNY,CN10Y
2023-01-18,0.029222,90.36,-0.018155156263833558,930633,中证旅游,CNY,CN10Y
2023-01-19,0.0291449999999999,91.27,-0.01818849731565674,930633,中证旅游,CNY,CN10Y
2023-01-20,0.029331,91.17,-0.018362479653394756,930633,中证旅游,CNY,CN10Y
2023-01-28,0.029341,91.17,-0.018372479653394756,930633,中证旅游,CNY,CN10Y
2023-01-29,0.029219,91.17,-0.018250479653394755,930633,中证旅游,CNY,CN10Y
2023-01-30,0.029133,87.16,-0.017659847177604403,930633,中证旅游,CNY,CN10Y
2023-01-31,0.028977,85.22,-0.017242665336775403,930633,中证旅游,CNY,CN10Y
2023-02-01,0.029101,85.22,-0.017366665336775403,930633,中证旅游,CNY,CN10Y
2023-02-02,0.02897,86.08,-0.017352899628252788,930633,中证旅游,CNY,CN10Y
2023-02-03,0.028943,84.61,-0.01712406606784068,930633,中证旅游,CNY,CN10Y
2023-02-06,0.029017,82.98,-0.01696590335020487,930633,中证旅游,CNY,CN10Y
2023-02-07,0.028964,82.69,-0.016870639255048978,930633,中证旅游,CNY,CN10Y
2023-02-08,0.028973,82.42,-0.016840022567338023,930633,中证旅游,CNY,CN10Y
2023-02-09,0.028912,83.57,-0.01694598348689721,930633,中证旅游,CNY,CN10Y
2023-02-10,0.029003,83.94,-0.01708972861567787,930633,中证旅游,CNY,CN10Y
2023-02-13,0.028943,85.65,-0.017267576765907764,930633,中证旅游,CNY,CN10Y
2023-02-14,0.028914,84.7,-0.01710762455726092,930633,中证旅游,CNY,CN10Y
2023-02-15,0.028918,82.95,-0.016862544906570222,930633,中证旅游,CNY,CN10Y
2023-02-16,0.028907,84.34,-0.017050229784206783,930633,中证旅游,CNY,CN10Y
2023-02-17,0.0289199999999999,82.76,-0.01683686805219903,930633,中证旅游,CNY,CN10Y
2023-02-20,0.0291699999999999,84.72,-0.017366411709159486,930633,中证旅游,CNY,CN10Y
2023-02-21,0.02919,83.96,-0.01727956646021915,930633,中证旅游,CNY,CN10Y
2023-02-22,0.029175,82.74,-0.017088947304810247,930633,中证旅游,CNY,CN10Y
2023-02-23,0.02922,82.48,-0.017095848690591657,930633,中证旅游,CNY,CN10Y
2023-02-24,0.029126,81.51,-0.0168575666789351,930633,中证旅游,CNY,CN10Y
2023-02-27,0.029117,81.69,-0.016875599583792388,930633,中证旅游,CNY,CN10Y
2023-02-28,0.029017,81.95,-0.016814437461866994,930633,中证旅游,CNY,CN10Y
2023-03-01,0.028977,81.88,-0.01676400537371763,930633,中证旅游,CNY,CN10Y
2023-03-02,0.0291109999999999,81.6,-0.016856098039215586,930633,中证旅游,CNY,CN10Y
2023-03-03,0.029026,81.95,-0.016823437461866993,930633,中证旅游,CNY,CN10Y
2023-03-06,0.028826,81.01,-0.016481844957412665,930633,中证旅游,CNY,CN10Y
2023-03-07,0.0287259999999999,79.64,-0.01616949573078845,930633,中证旅游,CNY,CN10Y
2023-03-08,0.028828,79.27,-0.016212887094739496,930633,中证旅游,CNY,CN10Y
2023-03-09,0.028752,78.06,-0.015941341532154752,930633,中证旅游,CNY,CN10Y
2023-03-10,0.028627,76.59,-0.01557046520433477,930633,中证旅游,CNY,CN10Y
2023-03-13,0.028703,78.23,-0.01592018010993225,930633,中证旅游,CNY,CN10Y
2023-03-14,0.028652,77.57,-0.015760418202913497,930633,中证旅游,CNY,CN10Y
2023-03-15,0.028652,76.35,-0.015554423051735428,930633,中证旅游,CNY,CN10Y
2023-03-16,0.028552,76.54,-0.01548693598118631,930633,中证旅游,CNY,CN10Y
2023-03-17,0.028602,76.67,-0.01555908882222512,930633,中证旅游,CNY,CN10Y
2023-03-20,0.028504,76.1,-0.015363395532194481,930633,中证旅游,CNY,CN10Y
2023-03-21,0.0286039999999999,78.03,-0.015788416250160094,930633,中证旅游,CNY,CN10Y
2023-03-22,0.0285769999999999,76.76,-0.015549381448671086,930633,中证旅游,CNY,CN10Y
2023-03-23,0.028652,76.5,-0.015580104575163399,930633,中证旅游,CNY,CN10Y
2023-03-24,0.028676,76.96,-0.015682237006237006,930633,中证旅游,CNY,CN10Y
2023-03-27,0.028551,76.65,-0.01550468558382257,930633,中证旅游,CNY,CN10Y
2023-03-28,0.0285559999999999,75.72,-0.015349449550977185,930633,中证旅游,CNY,CN10Y
2023-03-29,0.028532,75.89,-0.015355033337725654,930633,中证旅游,CNY,CN10Y
2023-03-30,0.028603,78.26,-0.015825080245336062,930633,中证旅游,CNY,CN10Y
2023-03-31,0.0285279999999999,76.8,-0.015507166666666567,930633,中证旅游,CNY,CN10Y
2023-04-03,0.0286039999999999,77.38,-0.01568076402171094,930633,中证旅游,CNY,CN10Y
2023-04-04,0.028584,75.66,-0.015366976473698122,930633,中证旅游,CNY,CN10Y
2023-04-06,0.028605,75.51,-0.015361720964110714,930633,中证旅游,CNY,CN10Y
2023-04-07,0.028464,77.29,-0.015525715616509252,930633,中证旅游,CNY,CN10Y
2023-04-10,0.0284549999999999,76.87,-0.015446023806426335,930633,中证旅游,CNY,CN10Y
2023-04-11,0.028203,76.63,-0.015153280568967765,930633,中证旅游,CNY,CN10Y
2023-04-12,0.028158,74.55,-0.01474418376928236,930633,中证旅游,CNY,CN10Y
2023-04-13,0.028277,75.1,-0.014961420772303594,930633,中证旅游,CNY,CN10Y
2023-04-14,0.028281,73.85,-0.014740038591740013,930633,中证旅游,CNY,CN10Y
2023-04-17,0.028432,75.61,-0.01520623621214125,930633,中证旅游,CNY,CN10Y
2023-04-18,0.028319,75.46,-0.0150669459316194,930633,中证旅游,CNY,CN10Y
2023-04-19,0.028333,74.49,-0.014908379245536313,930633,中证旅游,CNY,CN10Y
2023-04-20,0.028332,72.36,-0.014512210060807076,930633,中证旅游,CNY,CN10Y
2023-04-21,0.028258,70.58,-0.014089680362708981,930633,中证旅游,CNY,CN10Y
2023-04-23,0.02822,70.58,-0.014051680362708981,930633,中证旅游,CNY,CN10Y
2023-04-24,0.028176,68.84,-0.013649561882626381,930633,中证旅游,CNY,CN10Y
2023-04-25,0.028157,68.19,-0.013492093122158676,930633,中证旅游,CNY,CN10Y
2023-04-26,0.028058,68.54,-0.013467979573971405,930633,中证旅游,CNY,CN10Y
2023-04-27,0.027852,68.65,-0.013285357611070648,930633,中证旅游,CNY,CN10Y
2023-04-28,0.027788,68.7,-0.013231959243085881,930633,中证旅游,CNY,CN10Y
2023-05-04,0.027613,78.81,-0.014924254916888719,930633,中证旅游,CNY,CN10Y
2023-05-05,0.027338,78.58,-0.014612115551030798,930633,中证旅游,CNY,CN10Y
2023-05-06,0.027311,78.58,-0.014585115551030795,930633,中证旅游,CNY,CN10Y
2023-05-08,0.027484,76.84,-0.01446994482040604,930633,中证旅游,CNY,CN10Y
2023-05-09,0.027383,75.8,-0.014190387862796834,930633,中证旅游,CNY,CN10Y
2023-05-10,0.02721,74.83,-0.013846375785112924,930633,中证旅游,CNY,CN10Y
2023-05-11,0.02701,74.43,-0.013574557302163106,930633,中证旅游,CNY,CN10Y
2023-05-12,0.027058,72.53,-0.013270601682062594,930633,中证旅游,CNY,CN10Y
2023-05-15,0.02719,73.88,-0.01365453708716838,930633,中证旅游,CNY,CN10Y
2023-05-16,0.027129,72.43,-0.013322566201850064,930633,中证旅游,CNY,CN10Y
2023-05-17,0.02721,71.5,-0.013223986013986016,930633,中证旅游,CNY,CN10Y
2023-05-18,0.027184,70.17,-0.012932895539404304,930633,中证旅游,CNY,CN10Y
2023-05-19,0.027151,70.81,-0.013028700889704845,930633,中证旅游,CNY,CN10Y
2023-05-22,0.027132,72.73,-0.013382515605664788,930633,中证旅游,CNY,CN10Y
2023-05-23,0.026962,71.42,-0.012960319798375806,930633,中证旅游,CNY,CN10Y
2023-05-24,0.027037,69.97,-0.012745160640274401,930633,中证旅游,CNY,CN10Y
2023-05-25,0.027065,68.94,-0.012559633014215258,930633,中证旅游,CNY,CN10Y
2023-05-26,0.027205,68.94,-0.01269963301421526,930633,中证旅游,CNY,CN10Y
2023-05-29,0.0269499999999999,67.62,-0.01216147589470561,930633,中证旅游,CNY,CN10Y
2023-05-30,0.027,67.79,-0.012248561734769141,930633,中证旅游,CNY,CN10Y
2023-05-31,0.02685,66.54,-0.011821445746919146,930633,中证旅游,CNY,CN10Y
2023-06-01,0.026825,65.76,-0.011618187347931876,930633,中证旅游,CNY,CN10Y
2023-06-02,0.026951,66.4,-0.01189075903614458,930633,中证旅游,CNY,CN10Y
2023-06-05,0.026926,65.75,-0.011716874524714828,930633,中证旅游,CNY,CN10Y
2023-06-06,0.026826,64.66,-0.011360488091555829,930633,中证旅游,CNY,CN10Y
2023-06-07,0.026827,64.75,-0.011382984555984556,930633,中证旅游,CNY,CN10Y
2023-06-08,0.026822,65.17,-0.011477516341875094,930633,中证旅游,CNY,CN10Y
2023-06-09,0.026703,64.74,-0.011256599011430337,930633,中证旅游,CNY,CN10Y
2023-06-12,0.026704,65.8,-0.011506431610942247,930633,中证旅游,CNY,CN10Y
2023-06-13,0.026227,66.1,-0.011098406959152797,930633,中证旅游,CNY,CN10Y
2023-06-14,0.026178,66.48,-0.011135882069795428,930633,中证旅游,CNY,CN10Y
2023-06-15,0.026482,70.03,-0.01220240554048265,930633,中证旅游,CNY,CN10Y
2023-06-16,0.0266259999999999,70.03,-0.01234640554048255,930633,中证旅游,CNY,CN10Y
2023-06-19,0.026876,68.71,-0.012322077717944985,930633,中证旅游,CNY,CN10Y
2023-06-20,0.026751,67.84,-0.012010433962264153,930633,中证旅游,CNY,CN10Y
2023-06-21,0.026701,66.06,-0.011563246442627913,930633,中证旅游,CNY,CN10Y
2023-06-25,0.026576,66.06,-0.011438246442627913,930633,中证旅游,CNY,CN10Y
2023-06-26,0.026677,63.81,-0.011005475160633129,930633,中证旅游,CNY,CN10Y
2023-06-27,0.026676,63.84,-0.011011839598997493,930633,中证旅游,CNY,CN10Y
2023-06-28,0.0266509999999999,63.12,-0.010808160963244513,930633,中证旅游,CNY,CN10Y
2023-06-29,0.026526,60.91,-0.010108334592021016,930633,中证旅游,CNY,CN10Y
2023-06-30,0.026351,60.81,-0.0099063362933728,930633,中证旅游,CNY,CN10Y
2023-07-03,0.026402,63.66,-0.010693548853283063,930633,中证旅游,CNY,CN10Y
2023-07-04,0.026477,63.84,-0.010812839598997495,930633,中证旅游,CNY,CN10Y
2023-07-05,0.026402,62.64,-0.010437759897828861,930633,中证旅游,CNY,CN10Y
2023-07-06,0.026392,61.85,-0.010223851253031525,930633,中证旅游,CNY,CN10Y
2023-07-07,0.026403,61.39,-0.010113702068740838,930633,中证旅游,CNY,CN10Y
2023-07-10,0.026403,64.62,-0.010927914887031879,930633,中证旅游,CNY,CN10Y
2023-07-11,0.026353,64.03,-0.010735320787131034,930633,中证旅游,CNY,CN10Y
2023-07-12,0.026378,64.02,-0.01075788128709778,930633,中证旅游,CNY,CN10Y
2023-07-13,0.026413,65.15,-0.011063805832693783,930633,中证旅游,CNY,CN10Y
2023-07-14,0.026444,64.19,-0.01086524941579685,930633,中证旅游,CNY,CN10Y
2023-07-17,0.026364,63.37,-0.010583662300773233,930633,中证旅游,CNY,CN10Y
2023-07-18,0.026234,62.8,-0.010310433121019109,930633,中证旅游,CNY,CN10Y
2023-07-19,0.026233,62.64,-0.010268759897828862,930633,中证旅游,CNY,CN10Y
2023-07-20,0.026214,62.29,-0.010160058757424949,930633,中证旅游,CNY,CN10Y
2023-07-21,0.0260789999999999,62.57,-0.010096899952053602,930633,中证旅游,CNY,CN10Y
2023-07-24,0.025934,61.73,-0.009734421189049082,930633,中证旅游,CNY,CN10Y
2023-07-25,0.0266299999999999,64.61,-0.011152519733787239,930633,中证旅游,CNY,CN10Y
2023-07-26,0.02643,64.77,-0.010990753435232358,930633,中证旅游,CNY,CN10Y
2023-07-27,0.026395,65.99,-0.011241188816487344,930633,中证旅游,CNY,CN10Y
2023-07-28,0.026533,67.88,-0.011801120212139068,930633,中证旅游,CNY,CN10Y
2023-07-31,0.026597,68.45,-0.011987796201607013,930633,中证旅游,CNY,CN10Y
2023-08-01,0.026607,67.21,-0.011728261717006395,930633,中证旅游,CNY,CN10Y
2023-08-02,0.026525,66.81,-0.0115571808112558,930633,中证旅游,CNY,CN10Y
2023-08-03,0.026435,67.26,-0.011567322331251859,930633,中证旅游,CNY,CN10Y
2023-08-04,0.026469,67.83,-0.011726260799056464,930633,中证旅游,CNY,CN10Y
2023-08-07,0.026462,67.52,-0.011651573459715639,930633,中证旅游,CNY,CN10Y
2023-08-08,0.026454,67.04,-0.011537532219570405,930633,中证旅游,CNY,CN10Y
2023-08-09,0.026461,66.59,-0.011443730139660609,930633,中证旅游,CNY,CN10Y
2023-08-10,0.026475,66.48,-0.011432882069795426,930633,中证旅游,CNY,CN10Y
2023-08-11,0.026381,65.33,-0.01107409658656054,930633,中证旅游,CNY,CN10Y
2023-08-14,0.026212,64.88,-0.010798929716399504,930633,中证旅游,CNY,CN10Y
2023-08-15,0.0257589999999999,63.49,-0.010008488108363422,930633,中证旅游,CNY,CN10Y
2023-08-16,0.025649,63.53,-0.00990840500550921,930633,中证旅游,CNY,CN10Y
2023-08-17,0.025678,64.81,-0.010248282363832743,930633,中证旅游,CNY,CN10Y
2023-08-18,0.025639,62.19,-0.00955924441228493,930633,中证旅游,CNY,CN10Y
2023-08-21,0.025403,62.49,-0.009400439590334451,930633,中证旅游,CNY,CN10Y
2023-08-22,0.025564,61.55,-0.009317046303818032,930633,中证旅游,CNY,CN10Y
2023-08-23,0.025535,60.16,-0.008912659574468084,930633,中证旅游,CNY,CN10Y
2023-08-24,0.025543,60.82,-0.009101040118382111,930633,中证旅游,CNY,CN10Y
2023-08-25,0.025702,58.71,-0.008669126554249701,930633,中证旅游,CNY,CN10Y
2023-08-28,0.025837,59.87,-0.00913414381159178,930633,中证旅游,CNY,CN10Y
2023-08-29,0.0256999999999999,60.91,-0.009282334592020915,930633,中证旅游,CNY,CN10Y
2023-08-30,0.0256,60.26,-0.009005243942914042,930633,中证旅游,CNY,CN10Y
2023-08-31,0.025575,59.21,-0.00868596098631988,930633,中证旅游,CNY,CN10Y
2023-09-01,0.0258499999999999,59.65,-0.009085540653813815,930633,中证旅游,CNY,CN10Y
2023-09-04,0.026124,62.48,-0.010118878361075546,930633,中证旅游,CNY,CN10Y
2023-09-05,0.02615,61.96,-0.010010555196901225,930633,中证旅游,CNY,CN10Y
2023-09-06,0.026375,61.3,-0.010061786296900486,930633,中证旅游,CNY,CN10Y
2023-09-07,0.02635,60.33,-0.009774498591082377,930633,中证旅游,CNY,CN10Y
2023-09-08,0.026375,59.74,-0.009635796786072983,930633,中证旅游,CNY,CN10Y
2023-09-11,0.0263,60.56,-0.00978745046235139,930633,中证旅游,CNY,CN10Y
2023-09-12,0.02623,59.9,-0.00953550918196995,930633,中证旅游,CNY,CN10Y
2023-09-13,0.02615,59.18,-0.009252399459276781,930633,中证旅游,CNY,CN10Y
2023-09-14,0.026075,58.25,-0.008907618025751074,930633,中证旅游,CNY,CN10Y
2023-09-15,0.0264,58.61,-0.009338065176591026,930633,中证旅游,CNY,CN10Y
2023-09-18,0.0265,61.27,-0.010178798759588707,930633,中证旅游,CNY,CN10Y
2023-09-19,0.026625,59.96,-0.009947214809873248,930633,中证旅游,CNY,CN10Y
2023-09-20,0.02665,59.21,-0.009760960986319879,930633,中证旅游,CNY,CN10Y
2023-09-21,0.026576,57.58,-0.00920885863146926,930633,中证旅游,CNY,CN10Y
2023-09-22,0.026776,58.9,-0.00979807130730051,930633,中证旅游,CNY,CN10Y
2023-09-25,0.026976,57.95,-0.00971974460742019,930633,中证旅游,CNY,CN10Y
2023-09-26,0.026951,57.79,-0.009646968160581415,930633,中证旅游,CNY,CN10Y
2023-09-27,0.0268769999999999,58.08,-0.00965936914600541,930633,中证旅游,CNY,CN10Y
2023-09-28,0.026751,57.6,-0.009389888888888889,930633,中证旅游,CNY,CN10Y
2023-10-07,0.0266509999999999,57.6,-0.009289888888888789,930633,中证旅游,CNY,CN10Y
2023-10-08,0.0266259999999999,57.6,-0.009264888888888788,930633,中证旅游,CNY,CN10Y
2023-10-09,0.026702,54.3,-0.00828579373848987,930633,中证旅游,CNY,CN10Y
2023-10-10,0.0268109999999999,54.36,-0.00841512067696826,930633,中证旅游,CNY,CN10Y
2023-10-11,0.026976,53.89,-0.008419681573575803,930633,中证旅游,CNY,CN10Y
2023-10-12,0.026911,54.22,-0.008467621172998895,930633,中证旅游,CNY,CN10Y
2023-10-13,0.026702,52.58,-0.007683361734499808,930633,中证旅游,CNY,CN10Y
2023-10-16,0.026777,51.45,-0.007340654033041787,930633,中证旅游,CNY,CN10Y
2023-10-17,0.026882,51.79,-0.007573253137671366,930633,中证旅游,CNY,CN10Y
2023-10-18,0.027052,50.83,-0.007378578792051938,930633,中证旅游,CNY,CN10Y
2023-10-19,0.0271769999999999,50.16,-0.0072407958532694355,930633,中证旅游,CNY,CN10Y
2023-10-20,0.027052,49.9,-0.007011919839679359,930633,中证旅游,CNY,CN10Y
2023-10-23,0.0270469999999999,48.71,-0.0065173346335453755,930633,中证旅游,CNY,CN10Y
2023-10-24,0.0271769999999999,48.95,-0.0067479908069457625,930633,中证旅游,CNY,CN10Y
2023-10-25,0.027052,49.31,-0.006772137903062261,930633,中证旅游,CNY,CN10Y
2023-10-26,0.027152,49.18,-0.0068185311102074014,930633,中证旅游,CNY,CN10Y
2023-10-27,0.0271329999999999,51.16,-0.007586479280687935,930633,中证旅游,CNY,CN10Y
2023-10-30,0.027141,51.6,-0.007761155038759689,930633,中证旅游,CNY,CN10Y
2023-10-31,0.026938,51.23,-0.007418187390201052,930633,中证旅游,CNY,CN10Y
2023-11-01,0.026853,50.89,-0.0072027740224012565,930633,中证旅游,CNY,CN10Y
2023-11-02,0.026553,50.34,-0.006688081446166071,930633,中证旅游,CNY,CN10Y
2023-11-03,0.026613,51.19,-0.007077934557530769,930633,中证旅游,CNY,CN10Y
2023-11-06,0.026554,51.99,-0.007319531833044818,930633,中证旅游,CNY,CN10Y
2023-11-07,0.026632,51.55,-0.007233357904946652,930633,中证旅游,CNY,CN10Y
2023-11-08,0.0264639999999999,51.9,-0.00719617726396907,930633,中证旅游,CNY,CN10Y
2023-11-09,0.026494,51.69,-0.007147898239504739,930633,中证旅游,CNY,CN10Y
2023-11-10,0.026444,50.96,-0.006820766091051804,930633,中证旅游,CNY,CN10Y
2023-11-13,0.026454,51.32,-0.006968419329696024,930633,中证旅游,CNY,CN10Y
2023-11-14,0.026573,51.35,-0.0070988033106134385,930633,中证旅游,CNY,CN10Y
2023-11-15,0.026633,51.62,-0.007260663696241766,930633,中证旅游,CNY,CN10Y
2023-11-16,0.026558,50.91,-0.006915493616185424,930633,中证旅游,CNY,CN10Y
2023-11-17,0.026524,50.58,-0.006753339659944641,930633,中证旅游,CNY,CN10Y
2023-11-20,0.026584,51.28,-0.007083219968798751,930633,中证旅游,CNY,CN10Y
2023-11-21,0.026684,51.52,-0.007274062111801243,930633,中证旅游,CNY,CN10Y
2023-11-22,0.026823,50.73,-0.007110798147053024,930633,中证旅游,CNY,CN10Y
2023-11-23,0.027023,51.01,-0.007419000784159965,930633,中证旅游,CNY,CN10Y
2023-11-24,0.0270529999999999,50.32,-0.0071801860095388505,930633,中证旅游,CNY,CN10Y
2023-11-27,0.027108,49.86,-0.007051842759727235,930633,中证旅游,CNY,CN10Y
2023-11-28,0.026898,50.0,-0.006897999999999998,930633,中证旅游,CNY,CN10Y
2023-11-29,0.026826,49.2,-0.006500796747967479,930633,中证旅游,CNY,CN10Y
2023-11-30,0.02668,49.58,-0.006510576845502217,930633,中证旅游,CNY,CN10Y
2023-12-01,0.026625,49.01,-0.006221000816159967,930633,中证旅游,CNY,CN10Y
2023-12-04,0.026725,48.59,-0.006144633669479316,930633,中证旅游,CNY,CN10Y
2023-12-05,0.02665,47.14,-0.005436593126856175,930633,中证旅游,CNY,CN10Y
2023-12-06,0.026725,47.3,-0.005583350951374206,930633,中证旅游,CNY,CN10Y
2023-12-07,0.02664,46.5,-0.005134623655913977,930633,中证旅游,CNY,CN10Y
2023-12-08,0.026636,46.06,-0.0049251880156317845,930633,中证旅游,CNY,CN10Y
2023-12-11,0.02644,39.82,-0.001326991461577099,930633,中证旅游,CNY,CN10Y
2023-12-12,0.026375,39.9,-0.001312343358395987,930633,中证旅游,CNY,CN10Y
2023-12-13,0.026226,38.56,-0.0002923900414937772,930633,中证旅游,CNY,CN10Y
2023-12-14,0.026376,38.46,-0.0003749599583983375,930633,中证旅游,CNY,CN10Y
2023-12-15,0.026227,38.33,-0.00013777484998695605,930633,中证旅游,CNY,CN10Y
2023-12-18,0.026126,37.46,0.0005691414842498646,930633,中证旅游,CNY,CN10Y
2023-12-19,0.026191,37.62,0.00039060552897395365,930633,中证旅游,CNY,CN10Y
2023-12-20,0.026222,36.96,0.0008342770562770573,930633,中证旅游,CNY,CN10Y
2023-12-21,0.025901,38.17,0.000297585276395073,930633,中证旅游,CNY,CN10Y
2023-12-22,0.0258769999999999,37.86,0.0005361008980455315,930633,中证旅游,CNY,CN10Y
2023-12-25,0.025678,37.89,0.0007141879123779352,930633,中证旅游,CNY,CN10Y
2023-12-26,0.025804,37.42,0.0009196771779796872,930633,中证旅游,CNY,CN10Y
2023-12-27,0.025577,37.29,0.0012398409761330137,930633,中证旅游,CNY,CN10Y
2023-12-28,0.0256939999999999,39.6,-0.0004414747474746489,930633,中证旅游,CNY,CN10Y
2023-12-29,0.025553,39.3,-0.00010770737913485748,930633,中证旅游,CNY,CN10Y
2023-12-31,0.025553,39.3,-0.00010770737913485748,930633,中证旅游,CNY,CN10Y
2024-01-02,0.025601,38.52,0.00035953997923156636,930633,中证旅游,CNY,CN10Y
2024-01-03,0.025531,38.68,0.00032215408479834354,930633,中证旅游,CNY,CN10Y
2024-01-04,0.0253679999999999,38.12,0.0008649485834208784,930633,中证旅游,CNY,CN10Y
2024-01-05,0.025175,37.45,0.0015272696929238966,930633,中证旅游,CNY,CN10Y
2024-01-08,0.025136,36.68,0.0021268135223555078,930633,中证旅游,CNY,CN10Y
2024-01-09,0.024862,38.47,0.0011322812581232161,930633,中证旅游,CNY,CN10Y
2024-01-10,0.024982,38.83,0.0007712835436518156,930633,中证旅游,CNY,CN10Y
2024-01-11,0.024992,38.85,0.000748025740025738,930633,中证旅游,CNY,CN10Y
2024-01-12,0.025172,38.27,0.0009581280376273829,930633,中证旅游,CNY,CN10Y
2024-01-15,0.025212,39.05,0.0003961946222791335,930633,中证旅游,CNY,CN10Y
2024-01-16,0.025252,39.53,4.524260055653942e-05,930633,中证旅游,CNY,CN10Y
2024-01-17,0.025077,37.96,0.001266519494204428,930633,中证旅游,CNY,CN10Y
2024-01-18,0.025092,39.17,0.00043774214960428867,930633,中证旅游,CNY,CN10Y
2024-01-19,0.025027,39.52,0.00027664372469635504,930633,中证旅游,CNY,CN10Y
2024-01-22,0.024922,38.11,0.0013178320650747838,930633,中证旅游,CNY,CN10Y
2024-01-23,0.025042,37.95,0.0013084611330698298,930633,中证旅游,CNY,CN10Y
2024-01-24,0.025042,38.47,0.0009522812581232165,930633,中证旅游,CNY,CN10Y
2024-01-25,0.024984,40.31,-0.0001762599851153554,930633,中证旅游,CNY,CN10Y
2024-01-26,0.024994,40.23,-0.00013692816306238795,930633,中证旅游,CNY,CN10Y
2024-01-29,0.02494,39.47,0.00039569799847985823,930633,中证旅游,CNY,CN10Y
2024-01-30,0.024557,38.27,0.0015731280376273839,930633,中证旅游,CNY,CN10Y
2024-01-31,0.0243299999999999,36.84,0.0028144082519002064,930633,中证旅游,CNY,CN10Y
2024-02-01,0.024354,37.0,0.002673027027027028,930633,中证旅游,CNY,CN10Y
2024-02-02,0.0242439999999999,36.47,0.003175797093501607,930633,中证旅游,CNY,CN10Y
2024-02-04,0.024053,36.47,0.0033667970935015064,930633,中证旅游,CNY,CN10Y
2024-02-05,0.024002,35.83,0.0039075729835333535,930633,中证旅游,CNY,CN10Y
2024-02-06,0.024525,37.74,0.0019720853206147276,930633,中证旅游,CNY,CN10Y
2024-02-07,0.0241529999999999,38.47,0.0018412812581233146,930633,中证旅游,CNY,CN10Y
2024-02-08,0.0243789999999999,39.15,0.0011637841634739195,930633,中证旅游,CNY,CN10Y
2024-02-09,0.024302,39.15,0.0012407841634738195,930633,中证旅游,CNY,CN10Y
2024-02-18,0.0243929999999999,39.15,0.0011497841634739193,930633,中证旅游,CNY,CN10Y
2024-02-19,0.024344,39.75,0.000813232704402516,930633,中证旅游,CNY,CN10Y
2024-02-20,0.024134,39.61,0.0011121499621307776,930633,中证旅游,CNY,CN10Y
2024-02-21,0.024119,40.35,0.0006641474597273815,930633,中证旅游,CNY,CN10Y
2024-02-22,0.024033,40.5,0.0006583580246913578,930633,中证旅游,CNY,CN10Y
2024-02-23,0.024009,40.44,0.0007189920870425345,930633,中证旅游,CNY,CN10Y
2024-02-26,0.0237889999999999,39.84,0.0013114016064257987,930633,中证旅游,CNY,CN10Y
2024-02-27,0.023809,40.13,0.0011100132070769979,930633,中证旅游,CNY,CN10Y
2024-02-28,0.023376,39.62,0.0018637778899545689,930633,中证旅游,CNY,CN10Y
2024-02-29,0.023375,40.41,0.001371349913387776,930633,中证旅游,CNY,CN10Y
2024-03-01,0.023675,40.33,0.0011204376394743365,930633,中证旅游,CNY,CN10Y
2024-03-04,0.023475,39.83,0.001631703489831788,930633,中证旅游,CNY,CN10Y
2024-03-05,0.023169,39.68,0.0020326129032258097,930633,中证旅游,CNY,CN10Y
2024-03-06,0.02265,39.47,0.0026856979984798586,930633,中证旅游,CNY,CN10Y
2024-03-07,0.022776,38.82,0.002983917568263779,930633,中证旅游,CNY,CN10Y
2024-03-08,0.022825,38.38,0.0032302371026576293,930633,中证旅游,CNY,CN10Y
2024-03-11,0.02305,39.59,0.0022089037635766584,930633,中证旅游,CNY,CN10Y
2024-03-12,0.023476,40.96,0.0009380624999999997,930633,中证旅游,CNY,CN10Y
2024-03-13,0.023326,40.81,0.0011777980887037465,930633,中证旅游,CNY,CN10Y
2024-03-14,0.0234249999999999,41.19,0.0008527373148823521,930633,中证旅游,CNY,CN10Y
2024-03-15,0.0232,41.49,0.0009021932995902648,930633,中证旅游,CNY,CN10Y
2024-03-18,0.022926,41.63,0.0010951386019697334,930633,中证旅游,CNY,CN10Y
2024-03-19,0.022801,40.92,0.001636927663734116,930633,中证旅游,CNY,CN10Y
2024-03-20,0.022951,40.96,0.0014630625000000008,930633,中证旅游,CNY,CN10Y
2024-03-21,0.022851,40.82,0.0016467951984321418,930633,中证旅游,CNY,CN10Y
2024-03-22,0.023051,39.79,0.0020809426991706473,930633,中证旅游,CNY,CN10Y
2024-03-25,0.023151,39.57,0.002120670457417234,930633,中证旅游,CNY,CN10Y
2024-03-26,0.0231749999999999,39.62,0.0020647778899546693,930633,中证旅游,CNY,CN10Y
2024-03-27,0.0228759999999999,38.89,0.002837551041398916,930633,中证旅游,CNY,CN10Y
2024-03-28,0.023026,39.86,0.0020618073256397397,930633,中证旅游,CNY,CN10Y
2024-03-29,0.0229009999999999,39.67,0.002306965717166723,930633,中证旅游,CNY,CN10Y
2024-04-01,0.023082,40.75,0.0014578773006134992,930633,中证旅游,CNY,CN10Y
2024-04-02,0.022927,40.18,0.0019610039820806384,930633,中证旅游,CNY,CN10Y
2024-04-03,0.022837,39.81,0.002282316754584273,930633,中证旅游,CNY,CN10Y
2024-04-07,0.022937,39.81,0.0021823167545842737,930633,中证旅游,CNY,CN10Y
2024-04-08,0.022822,38.85,0.0029180257400257398,930633,中证旅游,CNY,CN10Y
2024-04-09,0.022802,39.3,0.0026432926208651425,930633,中证旅游,CNY,CN10Y
2024-04-10,0.022972,38.61,0.002928025900025902,930633,中证旅游,CNY,CN10Y
2024-04-11,0.022928,38.76,0.002871793601651188,930633,中证旅游,CNY,CN10Y
2024-04-12,0.022837,38.15,0.003375319790301444,930633,中证旅游,CNY,CN10Y
2024-04-15,0.022798,38.14,0.0034211924488725745,930633,中证旅游,CNY,CN10Y
2024-04-16,0.022723,36.88,0.0043919674620390425,930633,中证旅游,CNY,CN10Y
2024-04-17,0.022608,37.58,0.004001898882384249,930633,中证旅游,CNY,CN10Y
2024-04-18,0.0225369999999999,37.53,0.004108350386357679,930633,中证旅游,CNY,CN10Y
2024-04-19,0.02254,36.12,0.005145492801771873,930633,中证旅游,CNY,CN10Y
2024-04-22,0.022435,36.52,0.004947256297918947,930633,中证旅游,CNY,CN10Y
2024-04-23,0.02226,35.94,0.00556415136338342,930633,中证旅游,CNY,CN10Y
2024-04-24,0.022727,36.23,0.004874435274634284,930633,中证旅游,CNY,CN10Y
2024-04-25,0.022612,36.22,0.004997055770292656,930633,中证旅游,CNY,CN10Y
2024-04-26,0.0230839999999999,37.01,0.003935724398811232,930633,中证旅游,CNY,CN10Y
2024-04-28,0.0232439999999999,37.01,0.0037757243988112317,930633,中证旅游,CNY,CN10Y
2024-04-29,0.02353,37.95,0.0028204611330698293,930633,中证旅游,CNY,CN10Y
2024-04-30,0.023028,37.25,0.003817637583892617,930633,中证旅游,CNY,CN10Y
2024-05-06,0.023081,35.95,0.004735411682892904,930633,中证旅游,CNY,CN10Y
2024-05-07,0.022896,35.71,0.005107360403248388,930633,中证旅游,CNY,CN10Y
2024-05-08,0.022955,35.1,0.005535028490028491,930633,中证旅游,CNY,CN10Y
2024-05-09,0.023186,35.42,0.005046636928289102,930633,中证旅游,CNY,CN10Y
2024-05-10,0.0231219999999999,35.41,0.005118609997176043,930633,中证旅游,CNY,CN10Y
2024-05-11,0.023361,35.41,0.0048796099971759425,930633,中证旅游,CNY,CN10Y
2024-05-13,0.0229,35.1,0.00559002849002849,930633,中证旅游,CNY,CN10Y
2024-05-14,0.022938,35.16,0.005503410693970423,930633,中证旅游,CNY,CN10Y
2024-05-15,0.02302,34.93,0.005608685943315202,930633,中证旅游,CNY,CN10Y
2024-05-16,0.023147,35.0,0.00542442857142857,930633,中证旅游,CNY,CN10Y
2024-05-17,0.023077,35.84,0.004824785714285712,930633,中证旅游,CNY,CN10Y
2024-05-20,0.023105,36.59,0.004224871549603715,930633,中证旅游,CNY,CN10Y
2024-05-21,0.023141,36.39,0.004339076944215446,930633,中证旅游,CNY,CN10Y
2024-05-22,0.023123,36.57,0.004221818156959253,930633,中证旅游,CNY,CN10Y
2024-05-23,0.0230629999999999,35.64,0.004995361391694826,930633,中证旅游,CNY,CN10Y
2024-05-24,0.023134,35.15,0.005315502133712662,930633,中证旅游,CNY,CN10Y
2024-05-27,0.0230839999999999,35.34,0.0052125478211659144,930633,中证旅游,CNY,CN10Y
2024-05-28,0.022994,34.86,0.005692173264486518,930633,中证旅游,CNY,CN10Y
2024-05-29,0.022776,34.98,0.005811764436821042,930633,中证旅游,CNY,CN10Y
2024-05-30,0.022826,34.64,0.0060423602771362585,930633,中证旅游,CNY,CN10Y
2024-05-31,0.022926,34.43,0.006118437990124893,930633,中证旅游,CNY,CN10Y
2024-06-03,0.022853,34.15,0.006429576866764278,930633,中证旅游,CNY,CN10Y
2024-06-04,0.022854,34.77,0.00590642565429968,930633,中证旅游,CNY,CN10Y
2024-06-05,0.022808,34.61,0.006085383415197921,930633,中证旅游,CNY,CN10Y
2024-06-06,0.022828,34.07,0.0065233354857646,930633,中证旅游,CNY,CN10Y
2024-06-07,0.022833,34.25,0.006364080291970803,930633,中证旅游,CNY,CN10Y
2024-06-11,0.022791,33.89,0.006716229271171437,930633,中证旅游,CNY,CN10Y
2024-06-12,0.02276,33.85,0.006782097488921713,930633,中证旅游,CNY,CN10Y
2024-06-13,0.0226779999999999,33.55,0.00712825931445614,930633,中证旅游,CNY,CN10Y
2024-06-14,0.0225579999999999,33.51,0.007283838257236747,930633,中证旅游,CNY,CN10Y
2024-06-17,0.022609,33.38,0.007349058717795082,930633,中证旅游,CNY,CN10Y
2024-06-18,0.0225369999999999,33.45,0.007358366218236271,930633,中证旅游,CNY,CN10Y
2024-06-19,0.022429,32.95,0.007920013657056142,930633,中证旅游,CNY,CN10Y
2024-06-20,0.022445,32.22,0.008591623215394167,930633,中证旅游,CNY,CN10Y
2024-06-21,0.0225709999999999,32.12,0.008562250311332606,930633,中证旅游,CNY,CN10Y
2024-06-24,0.022451,31.64,0.009154562579013904,930633,中证旅游,CNY,CN10Y
2024-06-25,0.02235,31.57,0.009325641431738991,930633,中证旅游,CNY,CN10Y
2024-06-26,0.022225,31.93,0.009093509238960226,930633,中证旅游,CNY,CN10Y
2024-06-27,0.022081,31.56,0.009604678073510776,930633,中证旅游,CNY,CN10Y
2024-06-28,0.022058,31.52,0.009667888324873093,930633,中证旅游,CNY,CN10Y
2024-07-01,0.022486,31.79,0.008970432840515886,930633,中证旅游,CNY,CN10Y
2024-07-02,0.022369,31.63,0.00924655485298767,930633,中证旅游,CNY,CN10Y
2024-07-03,0.0224259999999999,32.53,0.00831485459575786,930633,中证旅游,CNY,CN10Y
2024-07-04,0.022502,31.5,0.009244031746031743,930633,中证旅游,CNY,CN10Y
2024-07-05,0.022754,31.6,0.00889156962025316,930633,中证旅游,CNY,CN10Y
2024-07-08,0.022904,31.06,0.009291750160978753,930633,中证旅游,CNY,CN10Y
2024-07-09,0.022698,31.53,0.009017826197272438,930633,中证旅游,CNY,CN10Y
2024-07-10,0.022707,31.29,0.009252092361776928,930633,中证旅游,CNY,CN10Y
2024-07-11,0.022648,32.47,0.00814965937788728,930633,中证旅游,CNY,CN10Y
2024-07-12,0.022604,32.5,0.008165230769230772,930633,中证旅游,CNY,CN10Y
2024-07-15,0.022541,32.23,0.008485993484331374,930633,中证旅游,CNY,CN10Y
2024-07-16,0.0226129999999999,32.35,0.008298901081916638,930633,中证旅游,CNY,CN10Y
2024-07-17,0.0225979999999999,32.94,0.007760227079538658,930633,中证旅游,CNY,CN10Y
2024-07-18,0.022673,32.95,0.0076760136570561445,930633,中证旅游,CNY,CN10Y
2024-07-19,0.022614,33.03,0.007661507114744174,930633,中证旅游,CNY,CN10Y
2024-07-22,0.022461,32.8,0.008026804878048785,930633,中证旅游,CNY,CN10Y
2024-07-23,0.022322,32.11,0.008820946122703208,930633,中证旅游,CNY,CN10Y
2024-07-24,0.022381,31.69,0.009174695803092454,930633,中证旅游,CNY,CN10Y
2024-07-25,0.022168,32.0,0.009082,930633,中证旅游,CNY,CN10Y
2024-07-26,0.0219439999999999,32.15,0.009160199066874129,930633,中证旅游,CNY,CN10Y
2024-07-29,0.021574,31.58,0.010091611146295126,930633,中证旅游,CNY,CN10Y
2024-07-30,0.02148,31.58,0.010185611146295126,930633,中证旅游,CNY,CN10Y
2024-07-31,0.021494,32.75,0.009040351145038168,930633,中证旅游,CNY,CN10Y
2024-08-01,0.021297,32.46,0.009510147258163893,930633,中证旅游,CNY,CN10Y
2024-08-02,0.021277,32.41,0.009577674483184206,930633,中证旅游,CNY,CN10Y
2024-08-05,0.021376,32.73,0.009177009471432941,930633,中证旅游,CNY,CN10Y
2024-08-06,0.0214909999999999,33.16,0.00866581544028961,930633,中证旅游,CNY,CN10Y
2024-08-07,0.021414,32.81,0.009064512648582747,930633,中证旅游,CNY,CN10Y
2024-08-08,0.02181,32.82,0.008659226081657527,930633,中证旅游,CNY,CN10Y
2024-08-09,0.021986,32.25,0.009021751937984497,930633,中证旅游,CNY,CN10Y
2024-08-12,0.022508,31.73,0.00900791553734636,930633,中证旅游,CNY,CN10Y
2024-08-13,0.0222549999999999,31.66,0.009330596967782788,930633,中证旅游,CNY,CN10Y
2024-08-14,0.021966,31.34,0.009942104658583278,930633,中证旅游,CNY,CN10Y
2024-08-15,0.02205,31.63,0.00956555485298767,930633,中证旅游,CNY,CN10Y
2024-08-16,0.021978,31.45,0.009818502384737676,930633,中证旅游,CNY,CN10Y
2024-08-19,0.021816,31.45,0.009980502384737678,930633,中证旅游,CNY,CN10Y
2024-08-20,0.0217099999999999,31.11,0.010434005143040926,930633,中证旅游,CNY,CN10Y
2024-08-21,0.02167,30.91,0.010681989647363315,930633,中证旅游,CNY,CN10Y
2024-08-22,0.021582,30.39,0.011323561039815726,930633,中证旅游,CNY,CN10Y
2024-08-23,0.021547,30.56,0.011175513089005235,930633,中证旅游,CNY,CN10Y
2024-08-26,0.0216279999999999,30.53,0.011126667540124566,930633,中证旅游,CNY,CN10Y
2024-08-27,0.021903,30.11,0.011308557622052476,930633,中证旅游,CNY,CN10Y
2024-08-28,0.021673,30.01,0.011649225924691763,930633,中证旅游,CNY,CN10Y
2024-08-29,0.021703,30.07,0.01155273661456601,930633,中证旅游,CNY,CN10Y
2024-08-30,0.0217039999999999,30.71,0.010858683165092902,930633,中证旅游,CNY,CN10Y
2024-09-02,0.021457,25.7,0.017453505836575876,930633,中证旅游,CNY,CN10Y
2024-09-03,0.021432,25.86,0.017237760247486467,930633,中证旅游,CNY,CN10Y
2024-09-04,0.021336,25.9,0.01727403861003861,930633,中证旅游,CNY,CN10Y
2024-09-05,0.021338,26.03,0.017079210910487894,930633,中证旅游,CNY,CN10Y
2024-09-06,0.0213879999999999,25.63,0.01762877721420221,930633,中证旅游,CNY,CN10Y
2024-09-09,0.021267,25.39,0.018118584875935408,930633,中证旅游,CNY,CN10Y
2024-09-10,0.021143,25.08,0.01872940829346093,930633,中证旅游,CNY,CN10Y
2024-09-11,0.021044,25.01,0.01894000639744102,930633,中证旅游,CNY,CN10Y
2024-09-12,0.020998,24.83,0.01927586226339106,930633,中证旅游,CNY,CN10Y
2024-09-13,0.020724,24.69,0.01977822762251924,930633,中证旅游,CNY,CN10Y
2024-09-14,0.020425,24.69,0.02007722762251924,930633,中证旅游,CNY,CN10Y
2024-09-18,0.0204029999999999,24.46,0.02048007440719552,930633,中证旅游,CNY,CN10Y
2024-09-19,0.02045,24.95,0.01963016032064128,930633,中证旅游,CNY,CN10Y
2024-09-20,0.0204309999999999,24.89,0.019745777822418743,930633,中证旅游,CNY,CN10Y
2024-09-23,0.020381,24.84,0.019876648953301126,930633,中证旅游,CNY,CN10Y
2024-09-24,0.020728,25.88,0.017911876352395672,930633,中证旅游,CNY,CN10Y
2024-09-25,0.0204369999999999,26.18,0.01776009702062653,930633,中证旅游,CNY,CN10Y
2024-09-26,0.020787,27.91,0.01504245180938732,930633,中证旅游,CNY,CN10Y
2024-09-27,0.021714,29.69,0.011967374200067358,930633,中证旅游,CNY,CN10Y
2024-09-29,0.022534,29.69,0.01114737420006736,930633,中证旅游,CNY,CN10Y
2024-09-30,0.021518,32.39,0.009355726458783575,930633,中证旅游,CNY,CN10Y
2024-10-08,0.021928,33.28,0.00812007692307692,930633,中证旅游,CNY,CN10Y
2024-10-09,0.02176,30.33,0.011210656116056712,930633,中证旅游,CNY,CN10Y
2024-10-10,0.0214409999999999,30.31,0.011551411745298685,930633,中证旅游,CNY,CN10Y
2024-10-11,0.021392,29.45,0.012563857385398981,930633,中证旅游,CNY,CN10Y
2024-10-12,0.0214409999999999,29.45,0.012514857385399081,930633,中证旅游,CNY,CN10Y
2024-10-14,0.021368,29.3,0.012761692832764505,930633,中证旅游,CNY,CN10Y
2024-10-15,0.021254,28.64,0.013662201117318435,930633,中证旅游,CNY,CN10Y
2024-10-16,0.021331,28.35,0.013942368606701939,930633,中证旅游,CNY,CN10Y
2024-10-17,0.021084,28.04,0.014579338088445082,930633,中证旅游,CNY,CN10Y
2024-10-18,0.021209,28.89,0.013405053305642088,930633,中证旅游,CNY,CN10Y
2024-10-21,0.021211,29.49,0.012698799932180399,930633,中证旅游,CNY,CN10Y
2024-10-22,0.0214579999999999,29.67,0.012246078193461504,930633,中证旅游,CNY,CN10Y
2024-10-23,0.021559,29.87,0.011919406427854034,930633,中证旅游,CNY,CN10Y
2024-10-24,0.021661,29.53,0.012202867253640365,930633,中证旅游,CNY,CN10Y
2024-10-25,0.021539,29.75,0.01207444537815126,930633,中证旅游,CNY,CN10Y
2024-10-28,0.021617,30.2,0.011495582781456955,930633,中证旅游,CNY,CN10Y
2024-10-29,0.021598,29.73,0.012038057854019513,930633,中证旅游,CNY,CN10Y
2024-10-30,0.0215969999999999,29.73,0.01203905785401961,930633,中证旅游,CNY,CN10Y
2024-10-31,0.021476,29.48,0.012445302578018996,930633,中证旅游,CNY,CN10Y
2024-11-01,0.021406,33.87,0.00811865308532625,930633,中证旅游,CNY,CN10Y
2024-11-04,0.021275,34.63,0.007601696505919721,930633,中证旅游,CNY,CN10Y
2024-11-05,0.021106,35.47,0.007086839018889204,930633,中证旅游,CNY,CN10Y
2024-11-06,0.021234,35.55,0.006895395218002816,930633,中证旅游,CNY,CN10Y
2024-11-07,0.021115,37.11,0.005831914578280788,930633,中证旅游,CNY,CN10Y
2024-11-08,0.021067,36.71,0.006173533914464725,930633,中证旅游,CNY,CN10Y
2024-11-11,0.02092,36.28,0.006643395810363835,930633,中证旅游,CNY,CN10Y
2024-11-12,0.020729,36.26,0.006849599007170436,930633,中证旅游,CNY,CN10Y
2024-11-13,0.020876,35.95,0.006940411682892906,930633,中证旅游,CNY,CN10Y
2024-11-14,0.020808,35.31,0.007512589068252619,930633,中证旅游,CNY,CN10Y
2024-11-15,0.020948,35.2,0.007461090909090907,930633,中证旅游,CNY,CN10Y
2024-11-18,0.021117,35.03,0.007429959748786751,930633,中证旅游,CNY,CN10Y
2024-11-19,0.020947,35.23,0.007437899233607721,930633,中证旅游,CNY,CN10Y
2024-11-20,0.021025,35.45,0.007183744710860366,930633,中证旅游,CNY,CN10Y
2024-11-21,0.0208429999999999,35.26,0.007517748723766409,930633,中证旅游,CNY,CN10Y
2024-11-22,0.020832,34.3,0.00832251895043732,930633,中证旅游,CNY,CN10Y
2024-11-25,0.020682,34.4,0.008387767441860466,930633,中证旅游,CNY,CN10Y
2024-11-26,0.020657,34.49,0.008336911278631488,930633,中证旅游,CNY,CN10Y
2024-11-27,0.020553,34.92,0.0080838843069874,930633,中证旅游,CNY,CN10Y
2024-11-28,0.020304,34.86,0.00838217326448652,930633,中证旅游,CNY,CN10Y
2024-11-29,0.020206,35.05,0.008324670470756065,930633,中证旅游,CNY,CN10Y
2024-12-02,0.01981,36.03,0.007944648903691367,930633,中证旅游,CNY,CN10Y
2024-12-03,0.019886,35.62,0.008188115665356543,930633,中证旅游,CNY,CN10Y
2024-12-04,0.019612,35.08,0.008894271379703535,930633,中证旅游,CNY,CN10Y
2024-12-05,0.019462,35.22,0.008930958546280524,930633,中证旅游,CNY,CN10Y
2024-12-06,0.019539,35.81,0.008386160569673274,930633,中证旅游,CNY,CN10Y
2024-12-09,0.019168,35.59,0.008929780275358241,930633,中证旅游,CNY,CN10Y
2024-12-10,0.018468,36.07,0.009255870252287222,930633,中证旅游,CNY,CN10Y
2024-12-11,0.018218,36.49,0.009186768429706765,930633,中证旅游,CNY,CN10Y
2024-12-12,0.018172,37.23,0.008688059092130003,930633,中证旅游,CNY,CN10Y
2024-12-13,0.017771,36.77,0.009425083763937993,930633,中证旅游,CNY,CN10Y
2024-12-16,0.017215,36.64,0.010077576419213974,930633,中证旅游,CNY,CN10Y
2024-12-17,0.017237,35.96,0.010571676307007786,930633,中证旅游,CNY,CN10Y
2024-12-18,0.017564,35.65,0.010486490883590466,930633,中证旅游,CNY,CN10Y
2024-12-19,0.017417,35.48,0.010767892897406994,930633,中证旅游,CNY,CN10Y
2024-12-20,0.017018,35.37,0.011254547356516827,930633,中证旅游,CNY,CN10Y
2024-12-23,0.017019,34.9,0.01163429512893983,930633,中证旅游,CNY,CN10Y
2024-12-24,0.017166,35.23,0.011218899233607721,930633,中证旅游,CNY,CN10Y
2024-12-25,0.017365,35.09,0.011133147620404672,930633,中证旅游,CNY,CN10Y
2024-12-26,0.017122,35.06,0.01140053280091272,930633,中证旅游,CNY,CN10Y
2024-12-27,0.016929,35.32,0.011383570781426953,930633,中证旅游,CNY,CN10Y
2024-12-30,0.017128,34.91,0.011517087367516474,930633,中证旅游,CNY,CN10Y
2024-12-31,0.016752,34.37,0.012343141111434391,930633,中证旅游,CNY,CN10Y
2025-01-02,0.0160769999999999,33.62,0.0136671998810233,930633,中证旅游,CNY,CN10Y
2025-01-03,0.016041,32.73,0.01451200947143294,930633,中证旅游,CNY,CN10Y
2025-01-06,0.015966,32.42,0.014879157310302281,930633,中证旅游,CNY,CN10Y
2025-01-07,0.016093,32.51,0.014666766225776687,930633,中证旅游,CNY,CN10Y
2025-01-08,0.016069,32.38,0.014814261272390362,930633,中证旅游,CNY,CN10Y
2025-01-09,0.016368,32.15,0.014736199066874029,930633,中证旅游,CNY,CN10Y
2025-01-10,0.016338,31.51,0.015397956839098698,930633,中证旅游,CNY,CN10Y
2025-01-13,0.016592,31.56,0.015093678073510777,930633,中证旅游,CNY,CN10Y
2025-01-14,0.016446,32.59,0.014238258975145749,930633,中证旅游,CNY,CN10Y
2025-01-15,0.01633,32.6,0.01434484662576687,930633,中证旅游,CNY,CN10Y
2025-01-16,0.016394,32.67,0.014215121518212429,930633,中证旅游,CNY,CN10Y
2025-01-17,0.016593,32.77,0.013922715593530664,930633,中证旅游,CNY,CN10Y
2025-01-20,0.016747,32.9,0.0136481367781155,930633,中证旅游,CNY,CN10Y
2025-01-21,0.016496,32.9,0.013899136778115502,930633,中证旅游,CNY,CN10Y
2025-01-22,0.016602,32.37,0.01429080197713933,930633,中证旅游,CNY,CN10Y
2025-01-23,0.016645,32.37,0.014247801977139329,930633,中证旅游,CNY,CN10Y
2025-01-24,0.016565,32.71,0.014006690614490981,930633,中证旅游,CNY,CN10Y
2025-01-26,0.016537,32.71,0.014034690614490981,930633,中证旅游,CNY,CN10Y
2025-01-27,0.0162989999999999,32.52,0.014451307503075127,930633,中证旅游,CNY,CN10Y
2025-02-05,0.016207,31.91,0.015131138514572234,930633,中证旅游,CNY,CN10Y
2025-02-06,0.015958,32.17,0.015126861672365557,930633,中证旅游,CNY,CN10Y
2025-02-07,0.016032,32.35,0.014879901081916537,930633,中证旅游,CNY,CN10Y
2025-02-08,0.016057,32.35,0.01485490108191654,930633,中证旅游,CNY,CN10Y
2025-02-10,0.016342,32.68,0.014257755201958384,930633,中证旅游,CNY,CN10Y
2025-02-11,0.016274,32.22,0.014762623215394167,930633,中证旅游,CNY,CN10Y
2025-02-12,0.016336,32.44,0.01449014056720099,930633,中证旅游,CNY,CN10Y
2025-02-13,0.016346,32.52,0.014404307503075028,930633,中证旅游,CNY,CN10Y
2025-02-14,0.016546,32.39,0.014327726458783573,930633,中证旅游,CNY,CN10Y
2025-02-17,0.016934,32.21,0.01411225892579944,930633,中证旅游,CNY,CN10Y
2025-02-18,0.017006,31.56,0.014679678073510775,930633,中证旅游,CNY,CN10Y
2025-02-19,0.016626,31.73,0.014889915537346362,930633,中证旅游,CNY,CN10Y
2025-02-20,0.01685,31.66,0.014735596967782687,930633,中证旅游,CNY,CN10Y
2025-02-21,0.0172,31.84,0.014207035175879394,930633,中证旅游,CNY,CN10Y
2025-02-24,0.017625,32.21,0.013421258925799442,930633,中证旅游,CNY,CN10Y
2025-02-25,0.017275,31.91,0.014063138514572235,930633,中证旅游,CNY,CN10Y
2025-02-26,0.017251,32.0,0.013999000000000001,930633,中证旅游,CNY,CN10Y
2025-02-27,0.017576,32.7,0.013005039755351677,930633,中证旅游,CNY,CN10Y
2025-02-28,0.017152,32.36,0.013750348578491965,930633,中证旅游,CNY,CN10Y
2025-03-03,0.016955,32.2,0.014100900621118007,930633,中证旅游,CNY,CN10Y
2025-03-04,0.017079,32.25,0.013928751937984495,930633,中证旅游,CNY,CN10Y
2025-03-05,0.017083,32.33,0.01384802381688834,930633,中证旅游,CNY,CN10Y
2025-03-06,0.017455,32.65,0.013172871362940278,930633,中证旅游,CNY,CN10Y
2025-03-07,0.018002,32.62,0.012654039239730228,930633,中证旅游,CNY,CN10Y
2025-03-10,0.018128,32.53,0.012612854595757762,930633,中证旅游,CNY,CN10Y
2025-03-11,0.0188529999999999,32.81,0.011625512648582845,930633,中证旅游,CNY,CN10Y
2025-03-12,0.018334,32.46,0.012473147258163893,930633,中证旅游,CNY,CN10Y
2025-03-13,0.018565,32.4,0.012299197530864198,930633,中证旅游,CNY,CN10Y
2025-03-14,0.018317,33.19,0.011812557095510698,930633,中证旅游,CNY,CN10Y
2025-03-17,0.0189569999999999,33.3,0.011073030030030132,930633,中证旅游,CNY,CN10Y
2025-03-18,0.018885,33.19,0.011244557095510699,930633,中证旅游,CNY,CN10Y
2025-03-19,0.018708,33.15,0.011457912518853697,930633,中证旅游,CNY,CN10Y
2025-03-20,0.018309,32.97,0.012021603579011223,930633,中证旅游,CNY,CN10Y
2025-03-21,0.018458,32.76,0.012067030525030529,930633,中证旅游,CNY,CN10Y
2025-03-24,0.018413,33.16,0.011743815440289511,930633,中证旅游,CNY,CN10Y
2025-03-25,0.018183,33.48,0.011685578255675032,930633,中证旅游,CNY,CN10Y
2025-03-26,0.017943,33.57,0.01184550163836759,930633,中证旅游,CNY,CN10Y
2025-03-27,0.018062,33.33,0.011941000300030005,930633,中证旅游,CNY,CN10Y
2025-03-28,0.018126,32.89,0.012278378230465188,930633,中证旅游,CNY,CN10Y
2025-03-31,0.018129,32.36,0.012773348578491966,930633,中证旅游,CNY,CN10Y
2025-04-01,0.018104,32.62,0.01255203923973023,930633,中证旅游,CNY,CN10Y
2025-04-02,0.017887,32.64,0.012750254901960783,930633,中证旅游,CNY,CN10Y
2025-04-03,0.01718,32.93,0.013187446097783176,930633,中证旅游,CNY,CN10Y
2025-04-07,0.016318,30.61,0.016351062397909184,930633,中证旅游,CNY,CN10Y
2025-04-08,0.016633,31.97,0.014646324366593685,930633,中证旅游,CNY,CN10Y
2025-04-09,0.016508,33.94,0.012955759575721867,930633,中证旅游,CNY,CN10Y
2025-04-10,0.016444,34.59,0.012466089621277824,930633,中证旅游,CNY,CN10Y
2025-04-11,0.016568,34.16,0.012706004683840751,930633,中证旅游,CNY,CN10Y
2025-04-14,0.016584,34.28,0.012587528588098015,930633,中证旅游,CNY,CN10Y
2025-04-15,0.016583,33.74,0.013055411381149969,930633,中证旅游,CNY,CN10Y
2025-04-16,0.01643,34.4,0.012639767441860465,930633,中证旅游,CNY,CN10Y
2025-04-17,0.016522,34.57,0.012404815157651145,930633,中证旅游,CNY,CN10Y
2025-04-18,0.016493,33.73,0.013154198339756895,930633,中证旅游,CNY,CN10Y
2025-04-21,0.016664,33.68,0.013027211401425178,930633,中证旅游,CNY,CN10Y
2025-04-22,0.016509,33.43,0.013404251570445707,930633,中证旅游,CNY,CN10Y
2025-04-23,0.016611,32.96,0.013728805825242718,930633,中证旅游,CNY,CN10Y
2025-04-24,0.01664,32.91,0.013745900941962933,930633,中证旅游,CNY,CN10Y
2025-04-25,0.016606,33.04,0.01366034382566586,930633,中证旅游,CNY,CN10Y
2025-04-27,0.016607,33.04,0.01365934382566586,930633,中证旅游,CNY,CN10Y
2025-04-28,0.016483,32.74,0.014060677458766033,930633,中证旅游,CNY,CN10Y
2025-04-29,0.016241,32.53,0.014499854595757762,930633,中证旅游,CNY,CN10Y
2025-04-30,0.016243,32.56,0.01446953071253071,930633,中证旅游,CNY,CN10Y
2025-05-06,0.016298,33.21,0.013813412225233364,930633,中证旅游,CNY,CN10Y
2025-05-07,0.016418,33.18,0.013720637733574445,930633,中证旅游,CNY,CN10Y
2025-05-08,0.016331,33.1,0.013880480362537764,930633,中证旅游,CNY,CN10Y
2025-05-09,0.016351,32.83,0.01410894517209869,930633,中证旅游,CNY,CN10Y
2025-05-12,0.01688,33.16,0.01327681544028951,930633,中证旅游,CNY,CN10Y
2025-05-13,0.016704,33.25,0.01337118796992481,930633,中证旅游,CNY,CN10Y
2025-05-14,0.016736,33.25,0.01333918796992481,930633,中证旅游,CNY,CN10Y
2025-05-15,0.016798,33.14,0.013377015087507542,930633,中证旅游,CNY,CN10Y
2025-05-16,0.016793,33.26,0.01327314552014432,930633,中证旅游,CNY,CN10Y
2025-05-19,0.016893,33.28,0.013155076923076922,930633,中证旅游,CNY,CN10Y
2025-05-20,0.017004,33.45,0.012891366218236174,930633,中证旅游,CNY,CN10Y
2025-05-21,0.0171,33.52,0.012732935560859186,930633,中证旅游,CNY,CN10Y
2025-05-22,0.017186,33.23,0.012907289196509183,930633,中证旅游,CNY,CN10Y
2025-05-23,0.017208,32.85,0.013233400304414,930633,中证旅游,CNY,CN10Y
2025-05-26,0.017201,33.17,0.01294672384684956,930633,中证旅游,CNY,CN10Y
2025-05-27,0.017261,33.27,0.012796108506161707,930633,中证旅游,CNY,CN10Y
2025-05-28,0.016832,33.37,0.013135036260113878,930633,中证旅游,CNY,CN10Y
2025-05-29,0.016877,33.44,0.013027306220095698,930633,中证旅游,CNY,CN10Y
2025-05-30,0.016712,33.08,0.013517746070133011,930633,中证旅游,CNY,CN10Y
2025-06-03,0.0167639999999999,33.22,0.013338347983142786,930633,中证旅游,CNY,CN10Y
2025-06-04,0.016704,33.44,0.013200306220095697,930633,中证旅游,CNY,CN10Y
2025-06-05,0.016741,33.34,0.013253001199760046,930633,中证旅游,CNY,CN10Y
2025-06-06,0.016547,33.37,0.013420036260113878,930633,中证旅游,CNY,CN10Y
2025-06-09,0.016559,33.51,0.013282838257236647,930633,中证旅游,CNY,CN10Y
2025-06-10,0.016569,33.38,0.013389058717795083,930633,中证旅游,CNY,CN10Y
2025-06-11,0.01642,33.57,0.01336850163836759,930633,中证旅游,CNY,CN10Y
2025-06-12,0.016475,33.35,0.013510007496251874,930633,中证旅游,CNY,CN10Y
2025-06-13,0.01644,32.74,0.014103677458766034,930633,中证旅游,CNY,CN10Y
2025-06-16,0.016432,33.3,0.013598030030030035,930633,中证旅游,CNY,CN10Y
2025-06-17,0.016364,33.28,0.01368407692307692,930633,中证旅游,CNY,CN10Y
2025-06-18,0.016384,33.1,0.013827480362537763,930633,中证旅游,CNY,CN10Y
2025-06-19,0.016425,32.97,0.013905603579011223,930633,中证旅游,CNY,CN10Y
2025-06-20,0.016396,32.78,0.014110406345332518,930633,中证旅游,CNY,CN10Y
2025-06-23,0.016418,32.74,0.014125677458766035,930633,中证旅游,CNY,CN10Y
2025-06-24,0.0164799999999999,33.23,0.013613289196509282,930633,中证旅游,CNY,CN10Y
2025-06-25,0.016544,33.57,0.01324450163836759,930633,中证旅游,CNY,CN10Y
2025-06-26,0.016462,33.69,0.013220398337785693,930633,中证旅游,CNY,CN10Y
2025-06-27,0.016462,33.53,0.013362038174768862,930633,中证旅游,CNY,CN10Y
2025-06-30,0.016469,33.56,0.01332837783075089,930633,中证旅游,CNY,CN10Y
2025-07-01,0.016433,33.42,0.013489202274087373,930633,中证旅游,CNY,CN10Y
2025-07-02,0.016396,33.39,0.013553086552860135,930633,中证旅游,CNY,CN10Y
2025-07-03,0.016407,33.36,0.013569019184652278,930633,中证旅游,CNY,CN10Y
2025-07-04,0.016433,33.37,0.013534036260113878,930633,中证旅游,CNY,CN10Y
2025-07-07,0.016406,33.41,0.0135251583358276,930633,中证旅游,CNY,CN10Y
2025-07-08,0.016444,33.58,0.013335630732578919,930633,中证旅游,CNY,CN10Y
2025-07-09,0.016446,33.55,0.01336025931445604,930633,中证旅游,CNY,CN10Y
2025-07-10,0.016616,33.68,0.013075211401425181,930633,中证旅游,CNY,CN10Y
2025-07-11,0.016653,33.81,0.012924048210588582,930633,中证旅游,CNY,CN10Y
2025-07-14,0.016726,33.64,0.013000516052318667,930633,中证旅游,CNY,CN10Y
2025-07-15,0.016557,33.28,0.013491076923076922,930633,中证旅游,CNY,CN10Y
2025-07-16,0.016617,33.38,0.013341058717795083,930633,中证旅游,CNY,CN10Y
2025-07-17,0.01663,33.5,0.013220746268656717,930633,中证旅游,CNY,CN10Y
2025-07-18,0.016652,33.79,0.012942554601953243,930633,中证旅游,CNY,CN10Y
2025-07-21,0.016774,34.13,0.012525736302373275,930633,中证旅游,CNY,CN10Y
2025-07-22,0.016907,34.49,0.012086911278631488,930633,中证旅游,CNY,CN10Y
2025-07-23,0.017041,34.38,0.012045678301337983,930633,中证旅游,CNY,CN10Y
2025-07-24,0.017376,35.91,0.010471396268448903,930633,中证旅游,CNY,CN10Y
2025-07-25,0.017324,35.41,0.010916609997175943,930633,中证旅游,CNY,CN10Y
2025-07-28,0.0171459999999999,34.98,0.011441764436821142,930633,中证旅游,CNY,CN10Y
2025-07-29,0.017466,34.85,0.011228404591104735,930633,中证旅游,CNY,CN10Y
2025-07-30,0.01718,34.93,0.0114486859433152,930633,中证旅游,CNY,CN10Y
2025-07-31,0.017044,34.26,0.01214455808523059,930633,中证旅游,CNY,CN10Y
2025-08-01,0.017059,34.12,0.012249323563892148,930633,中证旅游,CNY,CN10Y
2025-08-04,0.017083,34.14,0.012208154071470415,930633,中证旅游,CNY,CN10Y
2025-08-05,0.017061,34.34,0.012059559114735,930633,中证旅游,CNY,CN10Y
2025-08-06,0.016999,34.2,0.012240766081871343,930633,中证旅游,CNY,CN10Y
2025-08-07,0.016894,34.25,0.012303080291970803,930633,中证旅游,CNY,CN10Y
2025-08-08,0.016891,34.36,0.01221260884749709,930633,中证旅游,CNY,CN10Y
2025-08-11,0.017203,34.47,0.011807733971569482,930633,中证旅游,CNY,CN10Y
2025-08-12,0.017271,34.43,0.01177343799012489,930633,中证旅游,CNY,CN10Y
2025-08-13,0.017262,34.52,0.011706713789107762,930633,中证旅游,CNY,CN10Y
2025-08-14,0.017341,34.17,0.0119244375182909,930633,中证旅游,CNY,CN10Y
2025-08-15,0.0174649999999999,34.43,0.01157943799012499,930633,中证旅游,CNY,CN10Y
2025-08-18,0.017872,34.73,0.010921550244745181,930633,中证旅游,CNY,CN10Y
2025-08-19,0.017725,34.78,0.011027156411730878,930633,中证旅游,CNY,CN10Y
2025-08-20,0.01782,35.16,0.010621410693970424,930633,中证旅游,CNY,CN10Y
2025-08-21,0.017667,35.3,0.010661611898017002,930633,中证旅游,CNY,CN10Y
2025-08-22,0.017818,35.37,0.010454547356516825,930633,中证旅游,CNY,CN10Y
2025-08-25,0.017643,35.89,0.010219914460852606,930633,中证旅游,CNY,CN10Y
2025-08-26,0.017598,36.26,0.009980599007170438,930633,中证旅游,CNY,CN10Y
2025-08-27,0.017988,35.51,0.010173081385525206,930633,中证旅游,CNY,CN10Y
2025-08-28,0.018478,35.7,0.009533204481792713,930633,中证旅游,CNY,CN10Y
2025-08-29,0.018379,35.78,0.00956957462269424,930633,中证旅游,CNY,CN10Y
2025-09-01,0.018257,41.3,0.005956075060532692,930633,中证旅游,CNY,CN10Y
2025-09-02,0.018167,41.07,0.006181672997321648,930633,中证旅游,CNY,CN10Y
2025-09-03,0.017984,40.66,0.0066101957697983285,930633,中证旅游,CNY,CN10Y
2025-09-04,0.01806,41.02,0.006318352023403216,930633,中证旅游,CNY,CN10Y
2025-09-05,0.01826,41.65,0.005749603841536617,930633,中证旅游,CNY,CN10Y
2025-09-08,0.018514,42.17,0.005199540431586436,930633,中证旅游,CNY,CN10Y
2025-09-09,0.018641,42.02,0.005157191337458351,930633,中证旅游,CNY,CN10Y
2025-09-10,0.018992,42.02,0.004806191337458354,930633,中证旅游,CNY,CN10Y
2025-09-11,0.018743,42.06,0.005032558725630052,930633,中证旅游,CNY,CN10Y
2025-09-12,0.01867,41.99,0.005145194093831865,930633,中证旅游,CNY,CN10Y
2025-09-15,0.018724,41.93,0.005125272597185784,930633,中证旅游,CNY,CN10Y
2025-09-16,0.018527,42.54,0.004980287259050309,930633,中证旅游,CNY,CN10Y
2025-09-17,0.018349,42.63,0.00510865892563922,930633,中证旅游,CNY,CN10Y
2025-09-18,0.018546,42.43,0.005022230025925053,930633,中证旅游,CNY,CN10Y
2025-09-19,0.018789,43.15,0.004385971031286212,930633,中证旅游,CNY,CN10Y
2025-09-22,0.018647,42.5,0.004882411764705882,930633,中证旅游,CNY,CN10Y
2025-09-23,0.01877,41.43,0.0053670987207337685,930633,中证旅游,CNY,CN10Y
2025-09-24,0.0190219999999999,41.42,0.005120926122646162,930633,中证旅游,CNY,CN10Y
2025-09-25,0.01884,41.35,0.005343796856106409,930633,中证旅游,CNY,CN10Y
2025-09-26,0.018768,41.27,0.0054626760358614,930633,中证旅游,CNY,CN10Y
2025-09-28,0.018781,41.27,0.005449676035861401,930633,中证旅游,CNY,CN10Y
2025-09-29,0.01887,41.45,0.005255452352231602,930633,中证旅游,CNY,CN10Y
2025-09-30,0.018605,41.65,0.005404603841536616,930633,中证旅游,CNY,CN10Y
2025-10-09,0.018466,41.05,0.005894535931790502,930633,中证旅游,CNY,CN10Y
2025-10-10,0.01846,40.91,0.005983901246638966,930633,中证旅游,CNY,CN10Y
2025-10-11,0.018206,40.91,0.006237901246638967,930633,中证旅游,CNY,CN10Y
2025-10-13,0.018383,40.42,0.0063572276100940135,930633,中证旅游,CNY,CN10Y
2025-10-14,0.018368,40.57,0.006280755237860487,930633,中证旅游,CNY,CN10Y
2025-10-15,0.018449,41.61,0.005583684450853159,930633,中证旅游,CNY,CN10Y
2025-10-16,0.018407,41.57,0.005648809477988934,930633,中证旅游,CNY,CN10Y
2025-10-17,0.018246,41.76,0.0057003601532567075,930633,中证旅游,CNY,CN10Y
2025-10-20,0.018498,42.47,0.00504803249352484,930633,中证旅游,CNY,CN10Y
2025-10-21,0.018357,42.47,0.005189032493524842,930633,中证旅游,CNY,CN10Y
2025-10-22,0.018293,42.07,0.005476907297361541,930633,中证旅游,CNY,CN10Y
2025-10-23,0.018391,42.27,0.00526644026496333,930633,中证旅游,CNY,CN10Y
2025-10-24,0.018486,41.82,0.005426003825920612,930633,中证旅游,CNY,CN10Y
2025-10-27,0.018423,41.75,0.005529095808383237,930633,中证旅游,CNY,CN10Y
2025-10-28,0.018179,41.8,0.005744444976076554,930633,中证旅游,CNY,CN10Y
2025-10-29,0.018208,42.39,0.005382469450342063,930633,中证旅游,CNY,CN10Y
2025-10-30,0.018098,42.5,0.0054314117647058825,930633,中证旅游,CNY,CN10Y
2025-10-31,0.017954,42.66,0.00548716268166901,930633,中证旅游,CNY,CN10Y
2025-11-03,0.017944,43.35,0.0051240507497116485,930633,中证旅游,CNY,CN10Y
2025-11-04,0.017984,43.32,0.005100025854108955,930633,中证旅游,CNY,CN10Y
2025-11-05,0.017964,44.0,0.004763272727272727,930633,中证旅游,CNY,CN10Y
2025-11-06,0.0181,43.44,0.00492025782688766,930633,中证旅游,CNY,CN10Y
2025-11-07,0.018142,44.01,0.004580108611679165,930633,中证旅游,CNY,CN10Y
2025-11-10,0.018139,46.22,0.003496655560363479,930633,中证旅游,CNY,CN10Y
2025-11-11,0.018119,46.77,0.0032622272824460105,930633,中证旅游,CNY,CN10Y
2025-11-12,0.018071,46.6,0.0033882274678111585,930633,中证旅游,CNY,CN10Y
2025-11-13,0.018126,47.22,0.003051467174925878,930633,中证旅游,CNY,CN10Y
2025-11-14,0.01814,46.7,0.003273276231263382,930633,中证旅游,CNY,CN10Y
2025-11-17,0.018109,46.21,0.0035313375892663916,930633,中证旅游,CNY,CN10Y
2025-11-18,0.018121,45.46,0.003876360316761987,930633,中证旅游,CNY,CN10Y
2025-11-19,0.018179,45.0,0.004043222222222222,930633,中证旅游,CNY,CN10Y
2025-11-20,0.018135,44.53,0.004321770716370986,930633,中证旅游,CNY,CN10Y
2025-11-21,0.018166,43.5,0.004822505747126435,930633,中证旅游,CNY,CN10Y
2025-11-24,0.01821,43.25,0.004911387283236993,930633,中证旅游,CNY,CN10Y
2025-11-25,0.018301,43.19,0.004852507756425099,930633,中证旅游,CNY,CN10Y
2025-11-26,0.018462,43.31,0.004627355806972985,930633,中证旅游,CNY,CN10Y
2025-11-27,0.0185369999999999,42.96,0.004740467411545723,930633,中证旅游,CNY,CN10Y
2025-11-28,0.0184119999999999,43.15,0.004762971031286312,930633,中证旅游,CNY,CN10Y
2025-12-01,0.018366,44.61,0.004050498542927595,930633,中证旅游,CNY,CN10Y
2025-12-02,0.018442,44.41,0.004075451024544024,930633,中证旅游,CNY,CN10Y
2025-12-03,0.018519,44.36,0.004023831379621281,930633,中证旅游,CNY,CN10Y
2025-12-04,0.018718,43.9,0.004061043280182235,930633,中证旅游,CNY,CN10Y
2025-12-05,0.01848,43.75,0.004377142857142857,930633,中证旅游,CNY,CN10Y
2025-12-08,0.018499,44.12,0.004166457842248412,930633,中证旅游,CNY,CN10Y
2025-12-09,0.018425,43.23,0.004707084200786492,930633,中证旅游,CNY,CN10Y
2025-12-10,0.018447,44.02,0.004269946842344385,930633,中证旅游,CNY,CN10Y
2025-12-11,0.018404,43.09,0.004803240659085634,930633,中证旅游,CNY,CN10Y
2025-12-12,0.018396,43.08,0.004816627669452185,930633,中证旅游,CNY,CN10Y
2025-12-15,0.018488,43.12,0.004703094619666049,930633,中证旅游,CNY,CN10Y
2025-12-16,0.018458,43.43,0.004567558369790468,930633,中证旅游,CNY,CN10Y
2025-12-17,0.01834,44.13,0.0043203217765692276,930633,中证旅游,CNY,CN10Y
2025-12-18,0.0183559999999999,45.47,0.0036365225423357073,930633,中证旅游,CNY,CN10Y
2025-12-19,0.018308,46.86,0.003032162185232605,930633,中证旅游,CNY,CN10Y
2025-12-22,0.018415,48.05,0.002396654526534859,930633,中证旅游,CNY,CN10Y
2025-12-23,0.018352,47.44,0.002727258010118045,930633,中证旅游,CNY,CN10Y
2025-12-24,0.0183559999999999,47.31,0.0027811803001480603,930633,中证旅游,CNY,CN10Y
2025-12-25,0.018386,46.99,0.0028951236433283657,930633,中证旅游,CNY,CN10Y
2025-12-26,0.018376,48.04,0.002439986677768527,930633,中证旅游,CNY,CN10Y
2025-12-29,0.018584,48.16,0.0021801196013289045,930633,中证旅游,CNY,CN10Y
2025-12-30,0.018582,47.49,0.0024750646451884573,930633,中证旅游,CNY,CN10Y
2025-12-31,0.018473,48.83,0.0020062135981978313,930633,中证旅游,CNY,CN10Y
2026-01-04,0.018427,48.83,0.002052213598197832,930633,中证旅游,CNY,CN10Y
2026-01-05,0.018584,47.79,0.00234087968194183,930633,中证旅游,CNY,CN10Y
2026-01-06,0.018829,47.74,0.002117795140343527,930633,中证旅游,CNY,CN10Y
2026-01-07,0.0190189999999999,48.18,0.0017365002075551,930633,中证旅游,CNY,CN10Y
2026-01-08,0.018905,48.02,0.0019196563931695096,930633,中证旅游,CNY,CN10Y
2026-01-09,0.018782,48.21,0.0019605845260319416,930633,中证旅游,CNY,CN10Y
2026-01-12,0.018585,48.45,0.0020548348813209487,930633,中证旅游,CNY,CN10Y
2026-01-13,0.018519,47.51,0.0025292003788676062,930633,中证旅游,CNY,CN10Y
2026-01-14,0.018494,47.01,0.0027780697723888553,930633,中证旅游,CNY,CN10Y
2026-01-15,0.018544,47.02,0.002723545725223306,930633,中证旅游,CNY,CN10Y
2026-01-16,0.018424,46.4,0.0031277241379310365,930633,中证旅游,CNY,CN10Y
2026-01-19,0.018393,48.19,0.002358193193608634,930633,中证旅游,CNY,CN10Y
2026-01-20,0.018326,48.94,0.0021071834899877434,930633,中证旅游,CNY,CN10Y
2026-01-21,0.018312,48.47,0.0023193183412420076,930633,中证旅游,CNY,CN10Y
2026-01-22,0.018425,48.23,0.002308982998133941,930633,中证旅游,CNY,CN10Y
2026-01-23,0.018298,48.05,0.0025136545265348614,930633,中证旅游,CNY,CN10Y
2026-01-26,0.018242,47.49,0.0028150646451884573,930633,中证旅游,CNY,CN10Y
2026-01-27,0.018311,46.84,0.00303827412467976,930633,中证旅游,CNY,CN10Y
2026-01-28,0.018164,46.33,0.0034202866393265724,930633,中证旅游,CNY,CN10Y
2026-01-29,0.018174,46.79,0.003198088053002781,930633,中证旅游,CNY,CN10Y
2026-01-30,0.018112,46.54,0.003374892995272886,930633,中证旅游,CNY,CN10Y
2026-02-02,0.0182,46.02,0.003529682746631898,930633,中证旅游,CNY,CN10Y
2026-02-03,0.018172,46.79,0.0032000880530027795,930633,中证旅游,CNY,CN10Y
2026-02-04,0.018193,47.97,0.002653362309776943,930633,中证旅游,CNY,CN10Y
2026-02-05,0.018169,48.58,0.0024156027171675573,930633,中证旅游,CNY,CN10Y
2026-02-06,0.018102,48.03,0.002718320632937747,930633,中证旅游,CNY,CN10Y
2026-02-09,0.0181139999999999,49.0,0.00229416326530622,930633,中证旅游,CNY,CN10Y
2026-02-10,0.018094,48.49,0.002528808826562177,930633,中证旅游,CNY,CN10Y
2026-02-11,0.017994,48.21,0.002748584526031942,930633,中证旅游,CNY,CN10Y
2026-02-12,0.017893,47.24,0.0032755012701100768,930633,中证旅游,CNY,CN10Y
2026-02-13,0.017928,47.04,0.003330503401360544,930633,中证旅游,CNY,CN10Y
2026-02-14,0.017899,47.04,0.003359503401360542,930633,中证旅游,CNY,CN10Y
2026-02-24,0.018023,45.42,0.003993732716864814,930633,中证旅游,CNY,CN10Y
2026-02-25,0.018158,45.16,0.003985489813994686,930633,中证旅游,CNY,CN10Y
2026-02-26,0.018288,44.79,0.004038412145568208,930633,中证旅游,CNY,CN10Y
2026-02-27,0.017877,44.93,0.004379843979523703,930633,中证旅游,CNY,CN10Y
2026-02-28,0.017753,44.93,0.004503843979523702,930633,中证旅游,CNY,CN10Y
2026-03-02,0.017761,43.57,0.005190572182694517,930633,中证旅游,CNY,CN10Y
2026-03-03,0.017807,42.76,0.005579342376052388,930633,中证旅游,CNY,CN10Y
2026-03-04,0.017768,42.48,0.005772489642184561,930633,中证旅游,CNY,CN10Y
2026-03-05,0.017779,42.18,0.00592891844476055,930633,中证旅游,CNY,CN10Y
2026-03-06,0.01781,42.66,0.0056311626816690115,930633,中证旅游,CNY,CN10Y
2026-03-09,0.018054,41.55,0.006013388688327317,930633,中证旅游,CNY,CN10Y
2026-03-10,0.018055,42.03,0.0057375291458482,930633,中证旅游,CNY,CN10Y
2026-03-11,0.018075,41.75,0.005877095808383234,930633,中证旅游,CNY,CN10Y
2026-03-12,0.018052,41.74,0.005905834211787253,930633,中证旅游,CNY,CN10Y
2026-03-13,0.018143,41.66,0.005860840614498323,930633,中证旅游,CNY,CN10Y
2026-03-16,0.018312,41.84,0.005588573613766731,930633,中证旅游,CNY,CN10Y
2026-03-17,0.018314,41.88,0.005563745940783189,930633,中证旅游,CNY,CN10Y
2026-03-18,0.018175,41.63,0.005846138601969732,930633,中证旅游,CNY,CN10Y
2026-03-19,0.018252,40.59,0.006384610002463657,930633,中证旅游,CNY,CN10Y
2026-03-20,0.018299,40.29,0.006521054604120131,930633,中证旅游,CNY,CN10Y
2026-03-23,0.018316,38.3,0.007793660574412536,930633,中证旅游,CNY,CN10Y
2026-03-24,0.018272,38.93,0.007415130747495505,930633,中证旅游,CNY,CN10Y
2026-03-25,0.018233,40.01,0.006760751562109476,930633,中证旅游,CNY,CN10Y
2026-03-26,0.018194,39.54,0.007096844714213457,930633,中证旅游,CNY,CN10Y
2026-03-27,0.018172,39.91,0.006884376847907794,930633,中证旅游,CNY,CN10Y
2026-03-30,0.018063,39.58,0.007202285497726127,930633,中证旅游,CNY,CN10Y
2026-03-31,0.018171,39.28,0.00728724847250509,930633,中证旅游,CNY,CN10Y
2026-04-01,0.018244,40.42,0.006496227610094014,930633,中证旅游,CNY,CN10Y
2026-04-02,0.018209,39.7,0.006979916876574305,930633,中证旅游,CNY,CN10Y
2026-04-03,0.018199,38.99,0.007448601949217745,930633,中证旅游,CNY,CN10Y
2026-04-07,0.018171,38.78,0.007615487880350696,930633,中证旅游,CNY,CN10Y
2026-04-08,0.018136,40.4,0.006616475247524754,930633,中证旅游,CNY,CN10Y
2026-04-09,0.018192,39.38,0.007201600812595226,930633,中证旅游,CNY,CN10Y
2026-04-10,0.018128,39.48,0.007201280648429589,930633,中证旅游,CNY,CN10Y
2026-04-13,0.0179329999999999,39.22,0.007564195308516163,930633,中证旅游,CNY,CN10Y
2026-04-14,0.0178289999999999,39.34,0.00759042043721413,930633,中证旅游,CNY,CN10Y
2026-04-15,0.017809,39.41,0.007565270489723424,930633,中证旅游,CNY,CN10Y
2026-04-16,0.0178119999999999,39.66,0.007402321734745438,930633,中证旅游,CNY,CN10Y
2026-04-17,0.017623,39.09,0.00795899027884369,930633,中证旅游,CNY,CN10Y
2026-04-20,0.017627,39.54,0.007663844714213455,930633,中证旅游,CNY,CN10Y
2026-04-21,0.0175099999999999,39.45,0.007838542458808717,930633,中证旅游,CNY,CN10Y
2026-04-22,0.0173889999999999,39.01,0.008245452704434861,930633,中证旅游,CNY,CN10Y
2026-04-23,0.0175479999999999,38.73,0.008271777949909732,930633,中证旅游,CNY,CN10Y
2026-04-24,0.017601,38.37,0.008461027625749285,930633,中证旅游,CNY,CN10Y
2026-04-27,0.017697,38.31,0.0084058452101279,930633,中证旅游,CNY,CN10Y
2026-04-28,0.017654,37.88,0.008745155227032734,930633,中证旅游,CNY,CN10Y
2026-04-29,0.017444,38.53,0.008509802232026992,930633,中证旅游,CNY,CN10Y
2026-04-30,0.017473,38.26,0.008663957658128597,930633,中证旅游,CNY,CN10Y
2026-05-06,0.017654,34.13,0.011645736302373276,930633,中证旅游,CNY,CN10Y
2026-05-07,0.0176309999999999,34.4,0.011438767441860564,930633,中证旅游,CNY,CN10Y
2026-05-08,0.017648,34.73,0.01114555024474518,930633,中证旅游,CNY,CN10Y
2026-05-09,0.0176699999999999,34.73,0.011123550244745279,930633,中证旅游,CNY,CN10Y
2026-05-11,0.017622,34.33,0.011507041654529569,930633,中证旅游,CNY,CN10Y
2026-05-12,0.017592,33.94,0.011871759575721865,930633,中证旅游,CNY,CN10Y
2026-05-13,0.017514,34.07,0.011837335485764603,930633,中证旅游,CNY,CN10Y
2026-05-14,0.017588,33.45,0.012307366218236172,930633,中证旅游,CNY,CN10Y
2026-05-15,0.017658,32.65,0.012969871362940276,930633,中证旅游,CNY,CN10Y
2026-05-18,0.017585,32.08,0.01358706982543641,930633,中证旅游,CNY,CN10Y
2026-05-19,0.017345,32.52,0.013405307503075028,930633,中证旅游,CNY,CN10Y
2026-05-20,0.0173819999999999,32.24,0.013635369727047243,930633,中证旅游,CNY,CN10Y
2026-05-21,0.0174479999999999,32.4,0.013416197530864298,930633,中证旅游,CNY,CN10Y
2026-05-22,0.017519,31.97,0.013760324366593683,930633,中证旅游,CNY,CN10Y
2026-05-25,0.017484,32.71,0.013087690614490981,930633,中证旅游,CNY,CN10Y
2026-05-26,0.017405,32.82,0.013064226081657526,930633,中证旅游,CNY,CN10Y
2026-05-27,0.017216,32.43,0.013619646006783843,930633,中证旅游,CNY,CN10Y
2026-05-28,0.017193,31.95,0.014105904538341159,930633,中证旅游,CNY,CN10Y
2026-05-29,0.01709,32.85,0.013351400304414,930633,中证旅游,CNY,CN10Y
2026-06-01,0.017009,32.66,0.013609493570116354,930633,中证旅游,CNY,CN10Y
2026-06-02,0.017036,32.03,0.014184730565095224,930633,中证旅游,CNY,CN10Y
2026-06-03,0.017128,31.39,0.014729279388340236,930633,中证旅游,CNY,CN10Y
2026-06-04,0.017081,31.01,0.015166662044501775,930633,中证旅游,CNY,CN10Y
2026-06-05,0.017207,31.25,0.014793,930633,中证旅游,CNY,CN10Y
2026-06-08,0.017275,30.33,0.015695656116056715,930633,中证旅游,CNY,CN10Y
2026-06-09,0.017376,30.56,0.015346513089005236,930633,中证旅游,CNY,CN10Y
2026-06-10,0.017476,30.8,0.014991532467532466,930633,中证旅游,CNY,CN10Y
2026-06-11,0.017475,30.1,0.01574759136212624,930633,中证旅游,CNY,CN10Y
2026-06-12,0.0174269999999999,31.22,0.014603749519538856,930633,中证旅游,CNY,CN10Y
2026-06-15,0.017446,30.35,0.015502929159802305,930633,中证旅游,CNY,CN10Y
2026-06-16,0.017324,29.82,0.0162105405767941,930633,中证旅游,CNY,CN10Y
2026-06-17,0.01727,29.63,0.01647957813027337,930633,中证旅游,CNY,CN10Y
2026-06-18,0.017299,28.83,0.0173870908775581,930633,中证旅游,CNY,CN10Y
2026-06-22,0.017375,28.87,0.017263032559750605,930633,中证旅游,CNY,CN10Y
2026-06-23,0.017437,28.55,0.017589269702276707,930633,中证旅游,CNY,CN10Y
2026-06-24,0.017454,28.33,0.017844270384751146,930633,中证旅游,CNY,CN10Y
2026-06-25,0.017351,29.24,0.016848726402188784,930633,中证旅游,CNY,CN10Y
2026-06-26,0.017314,28.51,0.017761412136092596,930633,中证旅游,CNY,CN10Y
2026-06-27,0.017314,28.34,0.017971815102328866,930633,中证旅游,CNY,CN10Y
2026-06-28,0.017314,28.34,0.017971815102328866,930633,中证旅游,CNY,CN10Y
2026-06-29,0.01717,28.34,0.018115815102328865,930633,中证旅游,CNY,CN10Y
2026-06-30,0.01733,27.86,0.01856375448671931,930633,中证旅游,CNY,CN10Y
2026-07-01,0.017447999999999998,28.61,0.017504813701502975,930633,中证旅游,CNY,CN10Y
2026-07-02,0.017410000000000002,28.26,0.017975704175513092,930633,中证旅游,CNY,CN10Y
2026-07-03,0.017463,28.15,0.018060978685612794,930633,中证旅游,CNY,CN10Y
2026-07-06,0.017379,28.43,0.017795111853675695,930633,中证旅游,CNY,CN10Y
2026-07-07,0.017405999999999998,27.75,0.018630036036036038,930633,中证旅游,CNY,CN10Y
2026-07-08,0.017384999999999998,27.72,0.01869003607503608,930633,中证旅游,CNY,CN10Y
2026-07-09,0.017376,27.26,0.019307785766691125,930633,中证旅游,CNY,CN10Y
2026-07-10,0.017398,27.73,0.018664026685899743,930633,中证旅游,CNY,CN10Y
2026-07-13,0.017442,27.05,0.01952657670979667,930633,中证旅游,CNY,CN10Y
2026-07-14,0.017402,27.29,0.019241459142543056,930633,中证旅游,CNY,CN10Y
2026-07-15,0.017405999999999998,27.92,0.018410618911174785,930633,中证旅游,CNY,CN10Y
2026-07-16,0.017437,27.93,0.01836679520229144,930633,中证旅游,CNY,CN10Y
2026-07-17,0.017404,27.49,0.018972864314296112,930633,中证旅游,CNY,CN10Y
2026-07-20,0.017453,27.76,0.01857005475504323,930633,中证旅游,CNY,CN10Y
2026-07-21,0.01745,27.78,0.018547120230381568,930633,中证旅游,CNY,CN10Y
2026-07-22,0.017297,28.06,0.018340918745545262,930633,中证旅游,CNY,CN10Y
2026-07-23,0.017325,28.29,0.018023179568752212,930633,中证旅游,CNY,CN10Y
2026-07-24,0.017282,27.49,0.019094864314296113,930633,中证旅游,CNY,CN10Y
2026-07-27,0.017337,28.1,0.01825018861209964,930633,中证旅游,CNY,CN10Y
2026-07-28,0.017351000000000002,28.29,0.01799717956875221,930633,中证旅游,CNY,CN10Y
2026-07-29,0.017329,28.67,0.017550665155214504,930633,中证旅游,CNY,CN10Y
