Date,IndexClose,Bond_Yield_10Y,PE,ERP,IndexCode,IndexName,Currency,BondCode
2005-04-08,985.73,,,,930598,稀土产业,CNY,CN10Y
2006-03-01,,0.0289999999999999,,,930598,稀土产业,CNY,CN10Y
2006-03-02,,0.0289999999999999,,,930598,稀土产业,CNY,CN10Y
2006-03-03,,0.0287,,,930598,稀土产业,CNY,CN10Y
2006-03-06,,0.0293,,,930598,稀土产业,CNY,CN10Y
2006-03-07,,0.0289999999999999,,,930598,稀土产业,CNY,CN10Y
2006-03-08,,0.0288,,,930598,稀土产业,CNY,CN10Y
2006-03-09,,0.0288,,,930598,稀土产业,CNY,CN10Y
2006-03-10,,0.0289,,,930598,稀土产业,CNY,CN10Y
2006-03-13,,0.0289999999999999,,,930598,稀土产业,CNY,CN10Y
2006-03-14,,0.0289999999999999,,,930598,稀土产业,CNY,CN10Y
2006-03-15,,0.0291,,,930598,稀土产业,CNY,CN10Y
2006-03-16,,0.0291,,,930598,稀土产业,CNY,CN10Y
2006-03-17,,0.0292,,,930598,稀土产业,CNY,CN10Y
2006-03-20,,0.0293,,,930598,稀土产业,CNY,CN10Y
2006-03-21,,0.0292,,,930598,稀土产业,CNY,CN10Y
2006-03-22,,0.0293,,,930598,稀土产业,CNY,CN10Y
2006-03-23,,0.02912,,,930598,稀土产业,CNY,CN10Y
2006-03-24,,0.0289999999999999,,,930598,稀土产业,CNY,CN10Y
2006-03-27,,0.0292,,,930598,稀土产业,CNY,CN10Y
2006-03-28,,0.0292,,,930598,稀土产业,CNY,CN10Y
2006-03-29,,0.0294,,,930598,稀土产业,CNY,CN10Y
2006-03-30,,0.0294,,,930598,稀土产业,CNY,CN10Y
2006-03-31,,0.0294,,,930598,稀土产业,CNY,CN10Y
2006-04-03,,0.0292,,,930598,稀土产业,CNY,CN10Y
2006-04-04,,0.0292,,,930598,稀土产业,CNY,CN10Y
2006-04-05,,0.0291,,,930598,稀土产业,CNY,CN10Y
2006-04-06,,0.0294,,,930598,稀土产业,CNY,CN10Y
2006-04-07,,0.029291,,,930598,稀土产业,CNY,CN10Y
2006-04-10,,0.0293,,,930598,稀土产业,CNY,CN10Y
2006-04-11,,0.0297,,,930598,稀土产业,CNY,CN10Y
2006-04-12,,0.0298,,,930598,稀土产业,CNY,CN10Y
2006-04-13,,0.029405,,,930598,稀土产业,CNY,CN10Y
2006-04-14,,0.0295,,,930598,稀土产业,CNY,CN10Y
2006-04-17,,0.0294,,,930598,稀土产业,CNY,CN10Y
2006-04-18,,0.0301,,,930598,稀土产业,CNY,CN10Y
2006-04-19,,0.0301,,,930598,稀土产业,CNY,CN10Y
2006-04-20,,0.03,,,930598,稀土产业,CNY,CN10Y
2006-04-21,,0.03048,,,930598,稀土产业,CNY,CN10Y
2006-04-24,,0.0305,,,930598,稀土产业,CNY,CN10Y
2006-04-25,,0.0306,,,930598,稀土产业,CNY,CN10Y
2006-04-26,,0.0305,,,930598,稀土产业,CNY,CN10Y
2006-04-27,,0.0301,,,930598,稀土产业,CNY,CN10Y
2006-04-28,,0.0301,,,930598,稀土产业,CNY,CN10Y
2006-04-29,,0.03,,,930598,稀土产业,CNY,CN10Y
2006-04-30,,0.03,,,930598,稀土产业,CNY,CN10Y
2006-05-08,,0.0302,,,930598,稀土产业,CNY,CN10Y
2006-05-09,,0.03,,,930598,稀土产业,CNY,CN10Y
2006-05-10,,0.03,,,930598,稀土产业,CNY,CN10Y
2006-05-11,,0.03,,,930598,稀土产业,CNY,CN10Y
2006-05-12,,0.0302,,,930598,稀土产业,CNY,CN10Y
2006-05-15,,0.0302999999999999,,,930598,稀土产业,CNY,CN10Y
2006-05-16,,0.0302,,,930598,稀土产业,CNY,CN10Y
2006-05-17,,0.03,,,930598,稀土产业,CNY,CN10Y
2006-05-18,,0.03,,,930598,稀土产业,CNY,CN10Y
2006-05-19,,0.0299,,,930598,稀土产业,CNY,CN10Y
2006-05-22,,0.03,,,930598,稀土产业,CNY,CN10Y
2006-05-23,,0.0302,,,930598,稀土产业,CNY,CN10Y
2006-05-24,,0.03,,,930598,稀土产业,CNY,CN10Y
2006-05-25,,0.03,,,930598,稀土产业,CNY,CN10Y
2006-05-26,,0.03,,,930598,稀土产业,CNY,CN10Y
2006-05-29,,0.0302999999999999,,,930598,稀土产业,CNY,CN10Y
2006-05-30,,0.0302,,,930598,稀土产业,CNY,CN10Y
2006-05-31,,0.0302,,,930598,稀土产业,CNY,CN10Y
2006-06-01,,0.0302999999999999,,,930598,稀土产业,CNY,CN10Y
2006-06-02,,0.0305,,,930598,稀土产业,CNY,CN10Y
2006-06-05,,0.0302999999999999,,,930598,稀土产业,CNY,CN10Y
2006-06-06,,0.0302,,,930598,稀土产业,CNY,CN10Y
2006-06-07,,0.0305,,,930598,稀土产业,CNY,CN10Y
2006-06-08,,0.0305,,,930598,稀土产业,CNY,CN10Y
2006-06-09,,0.0302999999999999,,,930598,稀土产业,CNY,CN10Y
2006-06-12,,0.0305,,,930598,稀土产业,CNY,CN10Y
2006-06-13,,0.0308,,,930598,稀土产业,CNY,CN10Y
2006-06-14,,0.0308999999999999,,,930598,稀土产业,CNY,CN10Y
2006-06-15,,0.031,,,930598,稀土产业,CNY,CN10Y
2006-06-16,,0.031,,,930598,稀土产业,CNY,CN10Y
2006-06-19,,0.0312,,,930598,稀土产业,CNY,CN10Y
2006-06-20,,0.031,,,930598,稀土产业,CNY,CN10Y
2006-06-21,,0.0315,,,930598,稀土产业,CNY,CN10Y
2006-06-22,,0.0312,,,930598,稀土产业,CNY,CN10Y
2006-06-23,,0.0313,,,930598,稀土产业,CNY,CN10Y
2006-06-26,,0.0315,,,930598,稀土产业,CNY,CN10Y
2006-06-27,,0.0315,,,930598,稀土产业,CNY,CN10Y
2006-06-28,,0.0315,,,930598,稀土产业,CNY,CN10Y
2006-06-29,,0.0315,,,930598,稀土产业,CNY,CN10Y
2006-06-30,,0.03165,,,930598,稀土产业,CNY,CN10Y
2006-07-03,,0.03159,,,930598,稀土产业,CNY,CN10Y
2006-07-04,,0.0315,,,930598,稀土产业,CNY,CN10Y
2006-07-05,,0.0318,,,930598,稀土产业,CNY,CN10Y
2006-07-06,,0.03172,,,930598,稀土产业,CNY,CN10Y
2006-07-07,,0.0318,,,930598,稀土产业,CNY,CN10Y
2006-07-10,,0.031729,,,930598,稀土产业,CNY,CN10Y
2006-07-11,,0.0316889999999999,,,930598,稀土产业,CNY,CN10Y
2006-07-12,,0.032,,,930598,稀土产业,CNY,CN10Y
2006-07-13,,0.0323,,,930598,稀土产业,CNY,CN10Y
2006-07-14,,0.03235,,,930598,稀土产业,CNY,CN10Y
2006-07-17,,0.032,,,930598,稀土产业,CNY,CN10Y
2006-07-18,,0.032,,,930598,稀土产业,CNY,CN10Y
2006-07-19,,0.0319,,,930598,稀土产业,CNY,CN10Y
2006-07-20,,0.032,,,930598,稀土产业,CNY,CN10Y
2006-07-21,,0.032,,,930598,稀土产业,CNY,CN10Y
2006-07-24,,0.0325,,,930598,稀土产业,CNY,CN10Y
2006-07-25,,0.0324,,,930598,稀土产业,CNY,CN10Y
2006-07-26,,0.0325,,,930598,稀土产业,CNY,CN10Y
2006-07-27,,0.03275,,,930598,稀土产业,CNY,CN10Y
2006-07-28,,0.0325,,,930598,稀土产业,CNY,CN10Y
2006-07-31,,0.0326,,,930598,稀土产业,CNY,CN10Y
2006-08-01,,0.0325,,,930598,稀土产业,CNY,CN10Y
2006-08-02,,0.0325,,,930598,稀土产业,CNY,CN10Y
2006-08-03,,0.0324,,,930598,稀土产业,CNY,CN10Y
2006-08-04,,0.0325,,,930598,稀土产业,CNY,CN10Y
2006-08-07,,0.0325,,,930598,稀土产业,CNY,CN10Y
2006-08-08,,0.0325,,,930598,稀土产业,CNY,CN10Y
2006-08-09,,0.0326,,,930598,稀土产业,CNY,CN10Y
2006-08-10,,0.0326,,,930598,稀土产业,CNY,CN10Y
2006-08-11,,0.0325499999999999,,,930598,稀土产业,CNY,CN10Y
2006-08-14,,0.03245,,,930598,稀土产业,CNY,CN10Y
2006-08-15,,0.03245,,,930598,稀土产业,CNY,CN10Y
2006-08-16,,0.0324,,,930598,稀土产业,CNY,CN10Y
2006-08-17,,0.0324,,,930598,稀土产业,CNY,CN10Y
2006-08-18,,0.032,,,930598,稀土产业,CNY,CN10Y
2006-08-21,,0.0326,,,930598,稀土产业,CNY,CN10Y
2006-08-22,,0.03254,,,930598,稀土产业,CNY,CN10Y
2006-08-23,,0.03251,,,930598,稀土产业,CNY,CN10Y
2006-08-24,,0.03248,,,930598,稀土产业,CNY,CN10Y
2006-08-25,,0.032389,,,930598,稀土产业,CNY,CN10Y
2006-08-28,,0.03256,,,930598,稀土产业,CNY,CN10Y
2006-08-29,,0.0325,,,930598,稀土产业,CNY,CN10Y
2006-08-30,,0.0324,,,930598,稀土产业,CNY,CN10Y
2006-08-31,,0.03238,,,930598,稀土产业,CNY,CN10Y
2006-09-01,,0.0323,,,930598,稀土产业,CNY,CN10Y
2006-09-04,,0.0323,,,930598,稀土产业,CNY,CN10Y
2006-09-05,,0.03225,,,930598,稀土产业,CNY,CN10Y
2006-09-06,,0.0321,,,930598,稀土产业,CNY,CN10Y
2006-09-07,,0.03201,,,930598,稀土产业,CNY,CN10Y
2006-09-08,,0.032,,,930598,稀土产业,CNY,CN10Y
2006-09-11,,0.032,,,930598,稀土产业,CNY,CN10Y
2006-09-12,,0.0318,,,930598,稀土产业,CNY,CN10Y
2006-09-13,,0.0318,,,930598,稀土产业,CNY,CN10Y
2006-09-14,,0.03172,,,930598,稀土产业,CNY,CN10Y
2006-09-15,,0.0317,,,930598,稀土产业,CNY,CN10Y
2006-09-18,,0.0315499999999999,,,930598,稀土产业,CNY,CN10Y
2006-09-19,,0.0315,,,930598,稀土产业,CNY,CN10Y
2006-09-20,,0.0313,,,930598,稀土产业,CNY,CN10Y
2006-09-21,,0.0311,,,930598,稀土产业,CNY,CN10Y
2006-09-22,,0.0305,,,930598,稀土产业,CNY,CN10Y
2006-09-25,,0.03,,,930598,稀土产业,CNY,CN10Y
2006-09-26,,0.03,,,930598,稀土产业,CNY,CN10Y
2006-09-27,,0.03,,,930598,稀土产业,CNY,CN10Y
2006-09-28,,0.03,,,930598,稀土产业,CNY,CN10Y
2006-09-29,,0.03,,,930598,稀土产业,CNY,CN10Y
2006-09-30,,0.02999,,,930598,稀土产业,CNY,CN10Y
2006-10-08,,0.03,,,930598,稀土产业,CNY,CN10Y
2006-10-09,,0.03,,,930598,稀土产业,CNY,CN10Y
2006-10-10,,0.0299,,,930598,稀土产业,CNY,CN10Y
2006-10-11,,0.0297,,,930598,稀土产业,CNY,CN10Y
2006-10-12,,0.029552,,,930598,稀土产业,CNY,CN10Y
2006-10-13,,0.0295409999999999,,,930598,稀土产业,CNY,CN10Y
2006-10-16,,0.029567,,,930598,稀土产业,CNY,CN10Y
2006-10-17,,0.029533,,,930598,稀土产业,CNY,CN10Y
2006-10-18,,0.029535,,,930598,稀土产业,CNY,CN10Y
2006-10-19,,0.02954,,,930598,稀土产业,CNY,CN10Y
2006-10-20,,0.029523,,,930598,稀土产业,CNY,CN10Y
2006-10-23,,0.0294919999999999,,,930598,稀土产业,CNY,CN10Y
2006-10-24,,0.0293849999999999,,,930598,稀土产业,CNY,CN10Y
2006-10-25,,0.029498,,,930598,稀土产业,CNY,CN10Y
2006-10-26,,0.0293739999999999,,,930598,稀土产业,CNY,CN10Y
2006-10-27,,0.029397,,,930598,稀土产业,CNY,CN10Y
2006-10-30,,0.0294059999999999,,,930598,稀土产业,CNY,CN10Y
2006-10-31,,0.029512,,,930598,稀土产业,CNY,CN10Y
2006-11-01,,0.029545,,,930598,稀土产业,CNY,CN10Y
2006-11-02,,0.029557,,,930598,稀土产业,CNY,CN10Y
2006-11-03,,0.029561,,,930598,稀土产业,CNY,CN10Y
2006-11-06,,0.029844,,,930598,稀土产业,CNY,CN10Y
2006-11-07,,0.02989,,,930598,稀土产业,CNY,CN10Y
2006-11-08,,0.029781,,,930598,稀土产业,CNY,CN10Y
2006-11-09,,0.02972,,,930598,稀土产业,CNY,CN10Y
2006-11-10,,0.0295949999999999,,,930598,稀土产业,CNY,CN10Y
2006-11-13,,0.029494,,,930598,稀土产业,CNY,CN10Y
2006-11-14,,0.029682,,,930598,稀土产业,CNY,CN10Y
2006-11-15,,0.029688,,,930598,稀土产业,CNY,CN10Y
2006-11-16,,0.029725,,,930598,稀土产业,CNY,CN10Y
2006-11-17,,0.029632,,,930598,稀土产业,CNY,CN10Y
2006-11-20,,0.029806,,,930598,稀土产业,CNY,CN10Y
2006-11-21,,0.029785,,,930598,稀土产业,CNY,CN10Y
2006-11-22,,0.030518,,,930598,稀土产业,CNY,CN10Y
2006-11-23,,0.030609,,,930598,稀土产业,CNY,CN10Y
2006-11-24,,0.030655,,,930598,稀土产业,CNY,CN10Y
2006-11-27,,0.0302,,,930598,稀土产业,CNY,CN10Y
2006-11-28,,0.029886,,,930598,稀土产业,CNY,CN10Y
2006-11-29,,0.029811,,,930598,稀土产业,CNY,CN10Y
2006-11-30,,0.029781,,,930598,稀土产业,CNY,CN10Y
2006-12-01,,0.0299359999999999,,,930598,稀土产业,CNY,CN10Y
2006-12-04,,0.029895,,,930598,稀土产业,CNY,CN10Y
2006-12-05,,0.029912,,,930598,稀土产业,CNY,CN10Y
2006-12-06,,0.029851,,,930598,稀土产业,CNY,CN10Y
2006-12-07,,0.0299469999999999,,,930598,稀土产业,CNY,CN10Y
2006-12-08,,0.030351,,,930598,稀土产业,CNY,CN10Y
2006-12-11,,0.030527,,,930598,稀土产业,CNY,CN10Y
2006-12-12,,0.030393,,,930598,稀土产业,CNY,CN10Y
2006-12-13,,0.030461,,,930598,稀土产业,CNY,CN10Y
2006-12-14,,0.030335,,,930598,稀土产业,CNY,CN10Y
2006-12-15,,0.030402,,,930598,稀土产业,CNY,CN10Y
2006-12-18,,0.030307,,,930598,稀土产业,CNY,CN10Y
2006-12-19,,0.030232,,,930598,稀土产业,CNY,CN10Y
2006-12-20,,0.030267,,,930598,稀土产业,CNY,CN10Y
2006-12-21,,0.0301989999999999,,,930598,稀土产业,CNY,CN10Y
2006-12-22,,0.030364,,,930598,稀土产业,CNY,CN10Y
2006-12-25,,0.030408,,,930598,稀土产业,CNY,CN10Y
2006-12-26,,0.030419,,,930598,稀土产业,CNY,CN10Y
2006-12-27,,0.030408,,,930598,稀土产业,CNY,CN10Y
2006-12-28,,0.03026,,,930598,稀土产业,CNY,CN10Y
2006-12-29,,0.030202,,,930598,稀土产业,CNY,CN10Y
2006-12-30,,0.0302039999999999,,,930598,稀土产业,CNY,CN10Y
2006-12-31,,0.030269,,,930598,稀土产业,CNY,CN10Y
2007-01-04,,0.030239,,,930598,稀土产业,CNY,CN10Y
2007-01-05,,0.030211,,,930598,稀土产业,CNY,CN10Y
2007-01-08,,0.030356,,,930598,稀土产业,CNY,CN10Y
2007-01-09,,0.0302309999999999,,,930598,稀土产业,CNY,CN10Y
2007-01-10,,0.030102,,,930598,稀土产业,CNY,CN10Y
2007-01-11,,0.030047,,,930598,稀土产业,CNY,CN10Y
2007-01-12,,0.030202,,,930598,稀土产业,CNY,CN10Y
2007-01-15,,0.030167,,,930598,稀土产业,CNY,CN10Y
2007-01-16,,0.030175,,,930598,稀土产业,CNY,CN10Y
2007-01-17,,0.0301759999999999,,,930598,稀土产业,CNY,CN10Y
2007-01-18,,0.0302729999999999,,,930598,稀土产业,CNY,CN10Y
2007-01-19,,0.03032,,,930598,稀土产业,CNY,CN10Y
2007-01-22,,0.030277,,,930598,稀土产业,CNY,CN10Y
2007-01-23,,0.030373,,,930598,稀土产业,CNY,CN10Y
2007-01-24,,0.030267,,,930598,稀土产业,CNY,CN10Y
2007-01-25,,0.03032,,,930598,稀土产业,CNY,CN10Y
2007-01-26,,0.0303739999999999,,,930598,稀土产业,CNY,CN10Y
2007-01-29,,0.030427,,,930598,稀土产业,CNY,CN10Y
2007-01-30,,0.030559,,,930598,稀土产业,CNY,CN10Y
2007-01-31,,0.030671,,,930598,稀土产业,CNY,CN10Y
2007-02-01,,0.030676,,,930598,稀土产业,CNY,CN10Y
2007-02-02,,0.030598,,,930598,稀土产业,CNY,CN10Y
2007-02-05,,0.0307649999999999,,,930598,稀土产业,CNY,CN10Y
2007-02-06,,0.030705,,,930598,稀土产业,CNY,CN10Y
2007-02-07,,0.030704,,,930598,稀土产业,CNY,CN10Y
2007-02-08,,0.0308139999999999,,,930598,稀土产业,CNY,CN10Y
2007-02-09,,0.031171,,,930598,稀土产业,CNY,CN10Y
2007-02-12,,0.031355,,,930598,稀土产业,CNY,CN10Y
2007-02-13,,0.031367,,,930598,稀土产业,CNY,CN10Y
2007-02-14,,0.03137,,,930598,稀土产业,CNY,CN10Y
2007-02-15,,0.031365,,,930598,稀土产业,CNY,CN10Y
2007-02-16,,0.031361,,,930598,稀土产业,CNY,CN10Y
2007-02-17,,0.0311,,,930598,稀土产业,CNY,CN10Y
2007-02-25,,0.0311,,,930598,稀土产业,CNY,CN10Y
2007-02-26,,0.0312,,,930598,稀土产业,CNY,CN10Y
2007-02-27,,0.0314679999999999,,,930598,稀土产业,CNY,CN10Y
2007-02-28,,0.031466,,,930598,稀土产业,CNY,CN10Y
2007-03-01,,0.031553,,,930598,稀土产业,CNY,CN10Y
2007-03-02,,0.0316829999999999,,,930598,稀土产业,CNY,CN10Y
2007-03-05,,0.031726,,,930598,稀土产业,CNY,CN10Y
2007-03-06,,0.03179,,,930598,稀土产业,CNY,CN10Y
2007-03-07,,0.0319,,,930598,稀土产业,CNY,CN10Y
2007-03-08,,0.032192,,,930598,稀土产业,CNY,CN10Y
2007-03-09,,0.03223,,,930598,稀土产业,CNY,CN10Y
2007-03-12,,0.032278,,,930598,稀土产业,CNY,CN10Y
2007-03-13,,0.0320509999999999,,,930598,稀土产业,CNY,CN10Y
2007-03-14,,0.032332,,,930598,稀土产业,CNY,CN10Y
2007-03-15,,0.0328759999999999,,,930598,稀土产业,CNY,CN10Y
2007-03-16,,0.0330419999999999,,,930598,稀土产业,CNY,CN10Y
2007-03-19,,0.03337,,,930598,稀土产业,CNY,CN10Y
2007-03-20,,0.0336,,,930598,稀土产业,CNY,CN10Y
2007-03-21,,0.034,,,930598,稀土产业,CNY,CN10Y
2007-03-22,,0.03395,,,930598,稀土产业,CNY,CN10Y
2007-03-23,,0.034235,,,930598,稀土产业,CNY,CN10Y
2007-03-26,,0.0342,,,930598,稀土产业,CNY,CN10Y
2007-03-27,,0.0342,,,930598,稀土产业,CNY,CN10Y
2007-03-28,,0.034245,,,930598,稀土产业,CNY,CN10Y
2007-03-29,,0.034386,,,930598,稀土产业,CNY,CN10Y
2007-03-30,,0.034338,,,930598,稀土产业,CNY,CN10Y
2007-04-02,,0.0343,,,930598,稀土产业,CNY,CN10Y
2007-04-03,,0.034277,,,930598,稀土产业,CNY,CN10Y
2007-04-04,,0.0344,,,930598,稀土产业,CNY,CN10Y
2007-04-05,,0.034441,,,930598,稀土产业,CNY,CN10Y
2007-04-06,,0.034615,,,930598,稀土产业,CNY,CN10Y
2007-04-09,,0.03488,,,930598,稀土产业,CNY,CN10Y
2007-04-10,,0.034829,,,930598,稀土产业,CNY,CN10Y
2007-04-11,,0.0349299999999999,,,930598,稀土产业,CNY,CN10Y
2007-04-12,,0.0349359999999999,,,930598,稀土产业,CNY,CN10Y
2007-04-13,,0.035202,,,930598,稀土产业,CNY,CN10Y
2007-04-16,,0.035327,,,930598,稀土产业,CNY,CN10Y
2007-04-17,,0.035391,,,930598,稀土产业,CNY,CN10Y
2007-04-18,,0.0356,,,930598,稀土产业,CNY,CN10Y
2007-04-19,,0.0356999999999999,,,930598,稀土产业,CNY,CN10Y
2007-04-20,,0.0358,,,930598,稀土产业,CNY,CN10Y
2007-04-23,,0.0359,,,930598,稀土产业,CNY,CN10Y
2007-04-24,,0.036139,,,930598,稀土产业,CNY,CN10Y
2007-04-25,,0.036349,,,930598,稀土产业,CNY,CN10Y
2007-04-26,,0.035931,,,930598,稀土产业,CNY,CN10Y
2007-04-27,,0.035914,,,930598,稀土产业,CNY,CN10Y
2007-04-28,,0.035883,,,930598,稀土产业,CNY,CN10Y
2007-04-29,,0.0358,,,930598,稀土产业,CNY,CN10Y
2007-04-30,,0.035916,,,930598,稀土产业,CNY,CN10Y
2007-05-08,,0.035933,,,930598,稀土产业,CNY,CN10Y
2007-05-09,,0.035906,,,930598,稀土产业,CNY,CN10Y
2007-05-10,,0.0363,,,930598,稀土产业,CNY,CN10Y
2007-05-11,,0.0368,,,930598,稀土产业,CNY,CN10Y
2007-05-14,,0.037,,,930598,稀土产业,CNY,CN10Y
2007-05-15,,0.037992,,,930598,稀土产业,CNY,CN10Y
2007-05-16,,0.0383,,,930598,稀土产业,CNY,CN10Y
2007-05-17,,0.0383,,,930598,稀土产业,CNY,CN10Y
2007-05-18,,0.0383,,,930598,稀土产业,CNY,CN10Y
2007-05-21,,0.03966,,,930598,稀土产业,CNY,CN10Y
2007-05-22,,0.0405,,,930598,稀土产业,CNY,CN10Y
2007-05-23,,0.04064,,,930598,稀土产业,CNY,CN10Y
2007-05-24,,0.0403,,,930598,稀土产业,CNY,CN10Y
2007-05-25,,0.0405,,,930598,稀土产业,CNY,CN10Y
2007-05-28,,0.0407,,,930598,稀土产业,CNY,CN10Y
2007-05-29,,0.0408,,,930598,稀土产业,CNY,CN10Y
2007-05-30,,0.0407,,,930598,稀土产业,CNY,CN10Y
2007-05-31,,0.0406,,,930598,稀土产业,CNY,CN10Y
2007-06-01,,0.0408,,,930598,稀土产业,CNY,CN10Y
2007-06-04,,0.041393,,,930598,稀土产业,CNY,CN10Y
2007-06-05,,0.041309,,,930598,稀土产业,CNY,CN10Y
2007-06-06,,0.041442,,,930598,稀土产业,CNY,CN10Y
2007-06-07,,0.041427,,,930598,稀土产业,CNY,CN10Y
2007-06-08,,0.041624,,,930598,稀土产业,CNY,CN10Y
2007-06-11,,0.0413759999999999,,,930598,稀土产业,CNY,CN10Y
2007-06-12,,0.042199,,,930598,稀土产业,CNY,CN10Y
2007-06-13,,0.04232,,,930598,稀土产业,CNY,CN10Y
2007-06-14,,0.042669,,,930598,稀土产业,CNY,CN10Y
2007-06-15,,0.043483,,,930598,稀土产业,CNY,CN10Y
2007-06-18,,0.043496,,,930598,稀土产业,CNY,CN10Y
2007-06-19,,0.0439689999999999,,,930598,稀土产业,CNY,CN10Y
2007-06-20,,0.044408,,,930598,稀土产业,CNY,CN10Y
2007-06-21,,0.0447,,,930598,稀土产业,CNY,CN10Y
2007-06-22,,0.0444,,,930598,稀土产业,CNY,CN10Y
2007-06-25,,0.0441999999999999,,,930598,稀土产业,CNY,CN10Y
2007-06-26,,0.044,,,930598,稀土产业,CNY,CN10Y
2007-06-27,,0.043985,,,930598,稀土产业,CNY,CN10Y
2007-06-28,,0.044538,,,930598,稀土产业,CNY,CN10Y
2007-06-29,,0.0445,,,930598,稀土产业,CNY,CN10Y
2007-07-02,,0.0445,,,930598,稀土产业,CNY,CN10Y
2007-07-03,,0.044726,,,930598,稀土产业,CNY,CN10Y
2007-07-04,,0.044745,,,930598,稀土产业,CNY,CN10Y
2007-07-05,,0.04475,,,930598,稀土产业,CNY,CN10Y
2007-07-06,,0.044261,,,930598,稀土产业,CNY,CN10Y
2007-07-09,,0.044172,,,930598,稀土产业,CNY,CN10Y
2007-07-10,,0.044896,,,930598,稀土产业,CNY,CN10Y
2007-07-11,,0.0447729999999999,,,930598,稀土产业,CNY,CN10Y
2007-07-12,,0.044777,,,930598,稀土产业,CNY,CN10Y
2007-07-13,,0.044634,,,930598,稀土产业,CNY,CN10Y
2007-07-16,,0.0445399999999999,,,930598,稀土产业,CNY,CN10Y
2007-07-17,,0.044542,,,930598,稀土产业,CNY,CN10Y
2007-07-18,,0.0445469999999999,,,930598,稀土产业,CNY,CN10Y
2007-07-19,,0.04455,,,930598,稀土产业,CNY,CN10Y
2007-07-20,,0.044551,,,930598,稀土产业,CNY,CN10Y
2007-07-23,,0.04477,,,930598,稀土产业,CNY,CN10Y
2007-07-24,,0.0446509999999999,,,930598,稀土产业,CNY,CN10Y
2007-07-25,,0.0433,,,930598,稀土产业,CNY,CN10Y
2007-07-26,,0.043086,,,930598,稀土产业,CNY,CN10Y
2007-07-27,,0.043399,,,930598,稀土产业,CNY,CN10Y
2007-07-30,,0.042848,,,930598,稀土产业,CNY,CN10Y
2007-07-31,,0.0434009999999999,,,930598,稀土产业,CNY,CN10Y
2007-08-01,,0.042857,,,930598,稀土产业,CNY,CN10Y
2007-08-02,,0.042594,,,930598,稀土产业,CNY,CN10Y
2007-08-03,,0.042855,,,930598,稀土产业,CNY,CN10Y
2007-08-06,,0.043861,,,930598,稀土产业,CNY,CN10Y
2007-08-07,,0.043775,,,930598,稀土产业,CNY,CN10Y
2007-08-08,,0.043166,,,930598,稀土产业,CNY,CN10Y
2007-08-09,,0.043178,,,930598,稀土产业,CNY,CN10Y
2007-08-10,,0.043378,,,930598,稀土产业,CNY,CN10Y
2007-08-13,,0.04357,,,930598,稀土产业,CNY,CN10Y
2007-08-14,,0.0435679999999999,,,930598,稀土产业,CNY,CN10Y
2007-08-15,,0.0435409999999999,,,930598,稀土产业,CNY,CN10Y
2007-08-16,,0.043529,,,930598,稀土产业,CNY,CN10Y
2007-08-17,,0.043038,,,930598,稀土产业,CNY,CN10Y
2007-08-20,,0.042636,,,930598,稀土产业,CNY,CN10Y
2007-08-21,,0.042445,,,930598,稀土产业,CNY,CN10Y
2007-08-22,,0.04227,,,930598,稀土产业,CNY,CN10Y
2007-08-23,,0.042064,,,930598,稀土产业,CNY,CN10Y
2007-08-24,,0.042164,,,930598,稀土产业,CNY,CN10Y
2007-08-27,,0.04136,,,930598,稀土产业,CNY,CN10Y
2007-08-28,,0.042049,,,930598,稀土产业,CNY,CN10Y
2007-08-29,,0.042766,,,930598,稀土产业,CNY,CN10Y
2007-08-30,,0.042739,,,930598,稀土产业,CNY,CN10Y
2007-08-31,,0.042743,,,930598,稀土产业,CNY,CN10Y
2007-09-03,,0.04235,,,930598,稀土产业,CNY,CN10Y
2007-09-04,,0.042328,,,930598,稀土产业,CNY,CN10Y
2007-09-05,,0.04244,,,930598,稀土产业,CNY,CN10Y
2007-09-06,,0.0426769999999999,,,930598,稀土产业,CNY,CN10Y
2007-09-07,,0.042872,,,930598,稀土产业,CNY,CN10Y
2007-09-10,,0.042946,,,930598,稀土产业,CNY,CN10Y
2007-09-11,,0.043615,,,930598,稀土产业,CNY,CN10Y
2007-09-12,,0.043788,,,930598,稀土产业,CNY,CN10Y
2007-09-13,,0.043892,,,930598,稀土产业,CNY,CN10Y
2007-09-14,,0.044893,,,930598,稀土产业,CNY,CN10Y
2007-09-17,,0.0454209999999999,,,930598,稀土产业,CNY,CN10Y
2007-09-18,,0.045436,,,930598,稀土产业,CNY,CN10Y
2007-09-19,,0.0454739999999999,,,930598,稀土产业,CNY,CN10Y
2007-09-20,,0.045477,,,930598,稀土产业,CNY,CN10Y
2007-09-21,,0.04495,,,930598,稀土产业,CNY,CN10Y
2007-09-24,,0.04493,,,930598,稀土产业,CNY,CN10Y
2007-09-25,,0.044859,,,930598,稀土产业,CNY,CN10Y
2007-09-26,,0.04445,,,930598,稀土产业,CNY,CN10Y
2007-09-27,,0.0441999999999999,,,930598,稀土产业,CNY,CN10Y
2007-09-28,,0.0438999999999999,,,930598,稀土产业,CNY,CN10Y
2007-09-29,,0.04396,,,930598,稀土产业,CNY,CN10Y
2007-09-30,,0.043877,,,930598,稀土产业,CNY,CN10Y
2007-10-08,,0.0436639999999999,,,930598,稀土产业,CNY,CN10Y
2007-10-09,,0.0437,,,930598,稀土产业,CNY,CN10Y
2007-10-10,,0.043737,,,930598,稀土产业,CNY,CN10Y
2007-10-11,,0.043732,,,930598,稀土产业,CNY,CN10Y
2007-10-12,,0.043723,,,930598,稀土产业,CNY,CN10Y
2007-10-15,,0.043746,,,930598,稀土产业,CNY,CN10Y
2007-10-16,,0.043743,,,930598,稀土产业,CNY,CN10Y
2007-10-17,,0.0445,,,930598,稀土产业,CNY,CN10Y
2007-10-18,,0.0446,,,930598,稀土产业,CNY,CN10Y
2007-10-19,,0.0447,,,930598,稀土产业,CNY,CN10Y
2007-10-22,,0.0448,,,930598,稀土产业,CNY,CN10Y
2007-10-23,,0.04485,,,930598,稀土产业,CNY,CN10Y
2007-10-24,,0.04485,,,930598,稀土产业,CNY,CN10Y
2007-10-25,,0.04485,,,930598,稀土产业,CNY,CN10Y
2007-10-26,,0.04485,,,930598,稀土产业,CNY,CN10Y
2007-10-29,,0.0448,,,930598,稀土产业,CNY,CN10Y
2007-10-30,,0.04484,,,930598,稀土产业,CNY,CN10Y
2007-10-31,,0.044937,,,930598,稀土产业,CNY,CN10Y
2007-11-01,,0.045,,,930598,稀土产业,CNY,CN10Y
2007-11-02,,0.045,,,930598,稀土产业,CNY,CN10Y
2007-11-05,,0.045263,,,930598,稀土产业,CNY,CN10Y
2007-11-06,,0.045248,,,930598,稀土产业,CNY,CN10Y
2007-11-07,,0.045441,,,930598,稀土产业,CNY,CN10Y
2007-11-08,,0.045441,,,930598,稀土产业,CNY,CN10Y
2007-11-09,,0.045743,,,930598,稀土产业,CNY,CN10Y
2007-11-12,,0.0458629999999999,,,930598,稀土产业,CNY,CN10Y
2007-11-13,,0.045861,,,930598,稀土产业,CNY,CN10Y
2007-11-14,,0.045922,,,930598,稀土产业,CNY,CN10Y
2007-11-15,,0.045973,,,930598,稀土产业,CNY,CN10Y
2007-11-16,,0.045974,,,930598,稀土产业,CNY,CN10Y
2007-11-19,,0.045822,,,930598,稀土产业,CNY,CN10Y
2007-11-20,,0.045569,,,930598,稀土产业,CNY,CN10Y
2007-11-21,,0.04545,,,930598,稀土产业,CNY,CN10Y
2007-11-22,,0.0455,,,930598,稀土产业,CNY,CN10Y
2007-11-23,,0.0454,,,930598,稀土产业,CNY,CN10Y
2007-11-26,,0.04535,,,930598,稀土产业,CNY,CN10Y
2007-11-27,,0.045247,,,930598,稀土产业,CNY,CN10Y
2007-11-28,,0.045089,,,930598,稀土产业,CNY,CN10Y
2007-11-29,,0.045084,,,930598,稀土产业,CNY,CN10Y
2007-11-30,,0.045086,,,930598,稀土产业,CNY,CN10Y
2007-12-03,,0.045085,,,930598,稀土产业,CNY,CN10Y
2007-12-04,,0.045085,,,930598,稀土产业,CNY,CN10Y
2007-12-05,,0.045096,,,930598,稀土产业,CNY,CN10Y
2007-12-06,,0.045038,,,930598,稀土产业,CNY,CN10Y
2007-12-07,,0.045043,,,930598,稀土产业,CNY,CN10Y
2007-12-10,,0.044996,,,930598,稀土产业,CNY,CN10Y
2007-12-11,,0.0451159999999999,,,930598,稀土产业,CNY,CN10Y
2007-12-12,,0.045118,,,930598,稀土产业,CNY,CN10Y
2007-12-13,,0.045067,,,930598,稀土产业,CNY,CN10Y
2007-12-14,,0.044251,,,930598,稀土产业,CNY,CN10Y
2007-12-17,,0.044282,,,930598,稀土产业,CNY,CN10Y
2007-12-18,,0.044279,,,930598,稀土产业,CNY,CN10Y
2007-12-19,,0.04428,,,930598,稀土产业,CNY,CN10Y
2007-12-20,,0.044282,,,930598,稀土产业,CNY,CN10Y
2007-12-21,,0.044526,,,930598,稀土产业,CNY,CN10Y
2007-12-24,,0.044517,,,930598,稀土产业,CNY,CN10Y
2007-12-25,,0.044528,,,930598,稀土产业,CNY,CN10Y
2007-12-26,,0.044541,,,930598,稀土产业,CNY,CN10Y
2007-12-27,,0.044005,,,930598,稀土产业,CNY,CN10Y
2007-12-28,,0.044357,,,930598,稀土产业,CNY,CN10Y
2007-12-29,,0.044253,,,930598,稀土产业,CNY,CN10Y
2008-01-02,,0.044363,,,930598,稀土产业,CNY,CN10Y
2008-01-03,,0.044263,,,930598,稀土产业,CNY,CN10Y
2008-01-04,,0.044013,,,930598,稀土产业,CNY,CN10Y
2008-01-07,,0.043948,,,930598,稀土产业,CNY,CN10Y
2008-01-08,,0.044024,,,930598,稀土产业,CNY,CN10Y
2008-01-09,,0.044022,,,930598,稀土产业,CNY,CN10Y
2008-01-10,,0.0440669999999999,,,930598,稀土产业,CNY,CN10Y
2008-01-11,,0.043893,,,930598,稀土产业,CNY,CN10Y
2008-01-14,,0.04402,,,930598,稀土产业,CNY,CN10Y
2008-01-15,,0.044022,,,930598,稀土产业,CNY,CN10Y
2008-01-16,,0.044028,,,930598,稀土产业,CNY,CN10Y
2008-01-17,,0.043978,,,930598,稀土产业,CNY,CN10Y
2008-01-18,,0.0440299999999999,,,930598,稀土产业,CNY,CN10Y
2008-01-21,,0.0437769999999999,,,930598,稀土产业,CNY,CN10Y
2008-01-22,,0.0436789999999999,,,930598,稀土产业,CNY,CN10Y
2008-01-23,,0.042883,,,930598,稀土产业,CNY,CN10Y
2008-01-24,,0.042433,,,930598,稀土产业,CNY,CN10Y
2008-01-25,,0.04244,,,930598,稀土产业,CNY,CN10Y
2008-01-28,,0.042226,,,930598,稀土产业,CNY,CN10Y
2008-01-29,,0.042539,,,930598,稀土产业,CNY,CN10Y
2008-01-30,,0.042502,,,930598,稀土产业,CNY,CN10Y
2008-01-31,,0.0419369999999999,,,930598,稀土产业,CNY,CN10Y
2008-02-01,,0.041308,,,930598,稀土产业,CNY,CN10Y
2008-02-02,,0.041307,,,930598,稀土产业,CNY,CN10Y
2008-02-03,,0.041309,,,930598,稀土产业,CNY,CN10Y
2008-02-04,,0.041311,,,930598,稀土产业,CNY,CN10Y
2008-02-05,,0.041458,,,930598,稀土产业,CNY,CN10Y
2008-02-13,,0.041559,,,930598,稀土产业,CNY,CN10Y
2008-02-14,,0.041561,,,930598,稀土产业,CNY,CN10Y
2008-02-15,,0.041791,,,930598,稀土产业,CNY,CN10Y
2008-02-18,,0.041924,,,930598,稀土产业,CNY,CN10Y
2008-02-19,,0.042176,,,930598,稀土产业,CNY,CN10Y
2008-02-20,,0.041744,,,930598,稀土产业,CNY,CN10Y
2008-02-21,,0.041818,,,930598,稀土产业,CNY,CN10Y
2008-02-22,,0.0416,,,930598,稀土产业,CNY,CN10Y
2008-02-25,,0.041439,,,930598,稀土产业,CNY,CN10Y
2008-02-26,,0.041413,,,930598,稀土产业,CNY,CN10Y
2008-02-27,,0.041436,,,930598,稀土产业,CNY,CN10Y
2008-02-28,,0.041283,,,930598,稀土产业,CNY,CN10Y
2008-02-29,,0.041283,,,930598,稀土产业,CNY,CN10Y
2008-03-03,,0.0412849999999999,,,930598,稀土产业,CNY,CN10Y
2008-03-04,,0.041521,,,930598,稀土产业,CNY,CN10Y
2008-03-05,,0.041635,,,930598,稀土产业,CNY,CN10Y
2008-03-06,,0.041768,,,930598,稀土产业,CNY,CN10Y
2008-03-07,,0.04176,,,930598,稀土产业,CNY,CN10Y
2008-03-10,,0.041768,,,930598,稀土产业,CNY,CN10Y
2008-03-11,,0.041953,,,930598,稀土产业,CNY,CN10Y
2008-03-12,,0.041954,,,930598,稀土产业,CNY,CN10Y
2008-03-13,,0.0417,,,930598,稀土产业,CNY,CN10Y
2008-03-14,,0.0415,,,930598,稀土产业,CNY,CN10Y
2008-03-17,,0.0412479999999999,,,930598,稀土产业,CNY,CN10Y
2008-03-18,,0.041151,,,930598,稀土产业,CNY,CN10Y
2008-03-19,,0.04075,,,930598,稀土产业,CNY,CN10Y
2008-03-20,,0.0408,,,930598,稀土产业,CNY,CN10Y
2008-03-21,,0.0408,,,930598,稀土产业,CNY,CN10Y
2008-03-24,,0.04077,,,930598,稀土产业,CNY,CN10Y
2008-03-25,,0.040511,,,930598,稀土产业,CNY,CN10Y
2008-03-26,,0.040404,,,930598,稀土产业,CNY,CN10Y
2008-03-27,,0.040008,,,930598,稀土产业,CNY,CN10Y
2008-03-28,,0.040116,,,930598,稀土产业,CNY,CN10Y
2008-03-31,,0.04046,,,930598,稀土产业,CNY,CN10Y
2008-04-01,,0.040563,,,930598,稀土产业,CNY,CN10Y
2008-04-02,,0.040517,,,930598,稀土产业,CNY,CN10Y
2008-04-03,,0.040444,,,930598,稀土产业,CNY,CN10Y
2008-04-07,,0.04045,,,930598,稀土产业,CNY,CN10Y
2008-04-08,,0.0404509999999999,,,930598,稀土产业,CNY,CN10Y
2008-04-09,,0.0404509999999999,,,930598,稀土产业,CNY,CN10Y
2008-04-10,,0.0404049999999999,,,930598,稀土产业,CNY,CN10Y
2008-04-11,,0.040457,,,930598,稀土产业,CNY,CN10Y
2008-04-14,,0.040436,,,930598,稀土产业,CNY,CN10Y
2008-04-15,,0.040244,,,930598,稀土产业,CNY,CN10Y
2008-04-16,,0.040184,,,930598,稀土产业,CNY,CN10Y
2008-04-17,,0.040185,,,930598,稀土产业,CNY,CN10Y
2008-04-18,,0.0400849999999999,,,930598,稀土产业,CNY,CN10Y
2008-04-21,,0.040087,,,930598,稀土产业,CNY,CN10Y
2008-04-22,,0.04009,,,930598,稀土产业,CNY,CN10Y
2008-04-23,,0.040244,,,930598,稀土产业,CNY,CN10Y
2008-04-24,,0.040601,,,930598,稀土产业,CNY,CN10Y
2008-04-25,,0.040654,,,930598,稀土产业,CNY,CN10Y
2008-04-28,,0.040707,,,930598,稀土产业,CNY,CN10Y
2008-04-29,,0.040736,,,930598,稀土产业,CNY,CN10Y
2008-04-30,,0.040725,,,930598,稀土产业,CNY,CN10Y
2008-05-04,,0.040704,,,930598,稀土产业,CNY,CN10Y
2008-05-05,,0.040631,,,930598,稀土产业,CNY,CN10Y
2008-05-06,,0.040632,,,930598,稀土产业,CNY,CN10Y
2008-05-07,,0.04135,,,930598,稀土产业,CNY,CN10Y
2008-05-08,,0.041253,,,930598,稀土产业,CNY,CN10Y
2008-05-09,,0.04121,,,930598,稀土产业,CNY,CN10Y
2008-05-12,,0.041517,,,930598,稀土产业,CNY,CN10Y
2008-05-13,,0.041486,,,930598,稀土产业,CNY,CN10Y
2008-05-14,,0.041653,,,930598,稀土产业,CNY,CN10Y
2008-05-15,,0.041691,,,930598,稀土产业,CNY,CN10Y
2008-05-16,,0.041493,,,930598,稀土产业,CNY,CN10Y
2008-05-19,,0.041669,,,930598,稀土产业,CNY,CN10Y
2008-05-20,,0.041676,,,930598,稀土产业,CNY,CN10Y
2008-05-21,,0.041677,,,930598,稀土产业,CNY,CN10Y
2008-05-22,,0.041631,,,930598,稀土产业,CNY,CN10Y
2008-05-23,,0.0416319999999999,,,930598,稀土产业,CNY,CN10Y
2008-05-26,,0.041636,,,930598,稀土产业,CNY,CN10Y
2008-05-27,,0.041618,,,930598,稀土产业,CNY,CN10Y
2008-05-28,,0.041676,,,930598,稀土产业,CNY,CN10Y
2008-05-29,,0.041636,,,930598,稀土产业,CNY,CN10Y
2008-05-30,,0.041589,,,930598,稀土产业,CNY,CN10Y
2008-06-02,,0.041626,,,930598,稀土产业,CNY,CN10Y
2008-06-03,,0.041588,,,930598,稀土产业,CNY,CN10Y
2008-06-04,,0.041589,,,930598,稀土产业,CNY,CN10Y
2008-06-05,,0.0415909999999999,,,930598,稀土产业,CNY,CN10Y
2008-06-06,,0.0416169999999999,,,930598,稀土产业,CNY,CN10Y
2008-06-10,,0.042069,,,930598,稀土产业,CNY,CN10Y
2008-06-11,,0.043193,,,930598,稀土产业,CNY,CN10Y
2008-06-12,,0.043009,,,930598,稀土产业,CNY,CN10Y
2008-06-13,,0.043128,,,930598,稀土产业,CNY,CN10Y
2008-06-16,,0.0431789999999999,,,930598,稀土产业,CNY,CN10Y
2008-06-17,,0.043354,,,930598,稀土产业,CNY,CN10Y
2008-06-18,,0.043356,,,930598,稀土产业,CNY,CN10Y
2008-06-19,,0.043358,,,930598,稀土产业,CNY,CN10Y
2008-06-20,,0.0442129999999999,,,930598,稀土产业,CNY,CN10Y
2008-06-23,,0.044716,,,930598,稀土产业,CNY,CN10Y
2008-06-24,,0.044626,,,930598,稀土产业,CNY,CN10Y
2008-06-25,,0.044582,,,930598,稀土产业,CNY,CN10Y
2008-06-26,,0.045182,,,930598,稀土产业,CNY,CN10Y
2008-06-27,,0.0455799999999999,,,930598,稀土产业,CNY,CN10Y
2008-06-30,,0.045285,,,930598,稀土产业,CNY,CN10Y
2008-07-01,,0.045309,,,930598,稀土产业,CNY,CN10Y
2008-07-02,,0.04536,,,930598,稀土产业,CNY,CN10Y
2008-07-03,,0.045311,,,930598,稀土产业,CNY,CN10Y
2008-07-04,,0.045313,,,930598,稀土产业,CNY,CN10Y
2008-07-07,,0.045529,,,930598,稀土产业,CNY,CN10Y
2008-07-08,,0.045331,,,930598,稀土产业,CNY,CN10Y
2008-07-09,,0.0450589999999999,,,930598,稀土产业,CNY,CN10Y
2008-07-10,,0.044725,,,930598,稀土产业,CNY,CN10Y
2008-07-11,,0.044562,,,930598,稀土产业,CNY,CN10Y
2008-07-14,,0.044328,,,930598,稀土产业,CNY,CN10Y
2008-07-15,,0.044332,,,930598,稀土产业,CNY,CN10Y
2008-07-16,,0.0443379999999999,,,930598,稀土产业,CNY,CN10Y
2008-07-17,,0.04434,,,930598,稀土产业,CNY,CN10Y
2008-07-18,,0.044236,,,930598,稀土产业,CNY,CN10Y
2008-07-21,,0.0441899999999999,,,930598,稀土产业,CNY,CN10Y
2008-07-22,,0.044135,,,930598,稀土产业,CNY,CN10Y
2008-07-23,,0.0441359999999999,,,930598,稀土产业,CNY,CN10Y
2008-07-24,,0.044137,,,930598,稀土产业,CNY,CN10Y
2008-07-25,,0.044342,,,930598,稀土产业,CNY,CN10Y
2008-07-28,,0.044374,,,930598,稀土产业,CNY,CN10Y
2008-07-29,,0.0444,,,930598,稀土产业,CNY,CN10Y
2008-07-30,,0.044351,,,930598,稀土产业,CNY,CN10Y
2008-07-31,,0.044401,,,930598,稀土产业,CNY,CN10Y
2008-08-01,,0.0446009999999999,,,930598,稀土产业,CNY,CN10Y
2008-08-04,,0.044612,,,930598,稀土产业,CNY,CN10Y
2008-08-05,,0.044565,,,930598,稀土产业,CNY,CN10Y
2008-08-06,,0.044411,,,930598,稀土产业,CNY,CN10Y
2008-08-07,,0.0452379999999999,,,930598,稀土产业,CNY,CN10Y
2008-08-08,,0.044988,,,930598,稀土产业,CNY,CN10Y
2008-08-11,,0.045596,,,930598,稀土产业,CNY,CN10Y
2008-08-12,,0.045139,,,930598,稀土产业,CNY,CN10Y
2008-08-13,,0.045038,,,930598,稀土产业,CNY,CN10Y
2008-08-14,,0.044736,,,930598,稀土产业,CNY,CN10Y
2008-08-15,,0.044133,,,930598,稀土产业,CNY,CN10Y
2008-08-18,,0.044141,,,930598,稀土产业,CNY,CN10Y
2008-08-19,,0.044042,,,930598,稀土产业,CNY,CN10Y
2008-08-20,,0.043944,,,930598,稀土产业,CNY,CN10Y
2008-08-21,,0.043689,,,930598,稀土产业,CNY,CN10Y
2008-08-22,,0.043554,,,930598,稀土产业,CNY,CN10Y
2008-08-25,,0.043431,,,930598,稀土产业,CNY,CN10Y
2008-08-26,,0.043292,,,930598,稀土产业,CNY,CN10Y
2008-08-27,,0.0430959999999999,,,930598,稀土产业,CNY,CN10Y
2008-08-28,,0.042753,,,930598,稀土产业,CNY,CN10Y
2008-08-29,,0.042234,,,930598,稀土产业,CNY,CN10Y
2008-09-01,,0.041363,,,930598,稀土产业,CNY,CN10Y
2008-09-02,,0.041714,,,930598,稀土产业,CNY,CN10Y
2008-09-03,,0.0414109999999999,,,930598,稀土产业,CNY,CN10Y
2008-09-04,,0.041643,,,930598,稀土产业,CNY,CN10Y
2008-09-05,,0.041703,,,930598,稀土产业,CNY,CN10Y
2008-09-08,,0.041705,,,930598,稀土产业,CNY,CN10Y
2008-09-09,,0.041429,,,930598,稀土产业,CNY,CN10Y
2008-09-10,,0.0410149999999999,,,930598,稀土产业,CNY,CN10Y
2008-09-11,,0.040631,,,930598,稀土产业,CNY,CN10Y
2008-09-12,,0.039712,,,930598,稀土产业,CNY,CN10Y
2008-09-16,,0.038,,,930598,稀土产业,CNY,CN10Y
2008-09-17,,0.037119,,,930598,稀土产业,CNY,CN10Y
2008-09-18,,0.03712,,,930598,稀土产业,CNY,CN10Y
2008-09-19,,0.0369,,,930598,稀土产业,CNY,CN10Y
2008-09-22,,0.0375939999999999,,,930598,稀土产业,CNY,CN10Y
2008-09-23,,0.037612,,,930598,稀土产业,CNY,CN10Y
2008-09-24,,0.037601,,,930598,稀土产业,CNY,CN10Y
2008-09-25,,0.037276,,,930598,稀土产业,CNY,CN10Y
2008-09-26,,0.037282,,,930598,稀土产业,CNY,CN10Y
2008-09-27,,0.037143,,,930598,稀土产业,CNY,CN10Y
2008-09-28,,0.037155,,,930598,稀土产业,CNY,CN10Y
2008-10-06,,0.036809,,,930598,稀土产业,CNY,CN10Y
2008-10-07,,0.035309,,,930598,稀土产业,CNY,CN10Y
2008-10-08,,0.033499,,,930598,稀土产业,CNY,CN10Y
2008-10-09,,0.0315,,,930598,稀土产业,CNY,CN10Y
2008-10-10,,0.03051,,,930598,稀土产业,CNY,CN10Y
2008-10-13,,0.0312599999999999,,,930598,稀土产业,CNY,CN10Y
2008-10-14,,0.031593,,,930598,稀土产业,CNY,CN10Y
2008-10-15,,0.031062,,,930598,稀土产业,CNY,CN10Y
2008-10-16,,0.031267,,,930598,稀土产业,CNY,CN10Y
2008-10-17,,0.031768,,,930598,稀土产业,CNY,CN10Y
2008-10-20,,0.03182,,,930598,稀土产业,CNY,CN10Y
2008-10-21,,0.031826,,,930598,稀土产业,CNY,CN10Y
2008-10-22,,0.031922,,,930598,稀土产业,CNY,CN10Y
2008-10-23,,0.031978,,,930598,稀土产业,CNY,CN10Y
2008-10-24,,0.031931,,,930598,稀土产业,CNY,CN10Y
2008-10-27,,0.031522,,,930598,稀土产业,CNY,CN10Y
2008-10-28,,0.031042,,,930598,稀土产业,CNY,CN10Y
2008-10-29,,0.030694,,,930598,稀土产业,CNY,CN10Y
2008-10-30,,0.030703,,,930598,稀土产业,CNY,CN10Y
2008-10-31,,0.030751,,,930598,稀土产业,CNY,CN10Y
2008-11-03,,0.030549,,,930598,稀土产业,CNY,CN10Y
2008-11-04,,0.030569,,,930598,稀土产业,CNY,CN10Y
2008-11-05,,0.030676,,,930598,稀土产业,CNY,CN10Y
2008-11-06,,0.030424,,,930598,稀土产业,CNY,CN10Y
2008-11-07,,0.029767,,,930598,稀土产业,CNY,CN10Y
2008-11-10,,0.029005,,,930598,稀土产业,CNY,CN10Y
2008-11-11,,0.029221,,,930598,稀土产业,CNY,CN10Y
2008-11-12,,0.028969,,,930598,稀土产业,CNY,CN10Y
2008-11-13,,0.028639,,,930598,稀土产业,CNY,CN10Y
2008-11-14,,0.0294819999999999,,,930598,稀土产业,CNY,CN10Y
2008-11-17,,0.029984,,,930598,稀土产业,CNY,CN10Y
2008-11-18,,0.0299739999999999,,,930598,稀土产业,CNY,CN10Y
2008-11-19,,0.030885,,,930598,稀土产业,CNY,CN10Y
2008-11-20,,0.030531,,,930598,稀土产业,CNY,CN10Y
2008-11-21,,0.030049,,,930598,稀土产业,CNY,CN10Y
2008-11-24,,0.030638,,,930598,稀土产业,CNY,CN10Y
2008-11-25,,0.031728,,,930598,稀土产业,CNY,CN10Y
2008-11-26,,0.031034,,,930598,稀土产业,CNY,CN10Y
2008-11-27,,0.029064,,,930598,稀土产业,CNY,CN10Y
2008-11-28,,0.029905,,,930598,稀土产业,CNY,CN10Y
2008-12-01,,0.030378,,,930598,稀土产业,CNY,CN10Y
2008-12-02,,0.030306,,,930598,稀土产业,CNY,CN10Y
2008-12-03,,0.029467,,,930598,稀土产业,CNY,CN10Y
2008-12-04,,0.0293429999999999,,,930598,稀土产业,CNY,CN10Y
2008-12-05,,0.029061,,,930598,稀土产业,CNY,CN10Y
2008-12-08,,0.029053,,,930598,稀土产业,CNY,CN10Y
2008-12-09,,0.030072,,,930598,稀土产业,CNY,CN10Y
2008-12-10,,0.03013,,,930598,稀土产业,CNY,CN10Y
2008-12-11,,0.03004,,,930598,稀土产业,CNY,CN10Y
2008-12-12,,0.029237,,,930598,稀土产业,CNY,CN10Y
2008-12-15,,0.029186,,,930598,稀土产业,CNY,CN10Y
2008-12-16,,0.029243,,,930598,稀土产业,CNY,CN10Y
2008-12-17,,0.0281,,,930598,稀土产业,CNY,CN10Y
2008-12-18,,0.0270429999999999,,,930598,稀土产业,CNY,CN10Y
2008-12-19,,0.027384,,,930598,稀土产业,CNY,CN10Y
2008-12-22,,0.0273899999999999,,,930598,稀土产业,CNY,CN10Y
2008-12-23,,0.0268869999999999,,,930598,稀土产业,CNY,CN10Y
2008-12-24,,0.027045,,,930598,稀土产业,CNY,CN10Y
2008-12-25,,0.0270469999999999,,,930598,稀土产业,CNY,CN10Y
2008-12-26,,0.027301,,,930598,稀土产业,CNY,CN10Y
2008-12-29,,0.027559,,,930598,稀土产业,CNY,CN10Y
2008-12-30,,0.027566,,,930598,稀土产业,CNY,CN10Y
2008-12-31,,0.027521,,,930598,稀土产业,CNY,CN10Y
2009-01-04,,0.027102,,,930598,稀土产业,CNY,CN10Y
2009-01-05,,0.0273,,,930598,稀土产业,CNY,CN10Y
2009-01-06,,0.026909,,,930598,稀土产业,CNY,CN10Y
2009-01-07,,0.026711,,,930598,稀土产业,CNY,CN10Y
2009-01-08,,0.026716,,,930598,稀土产业,CNY,CN10Y
2009-01-09,,0.026722,,,930598,稀土产业,CNY,CN10Y
2009-01-12,,0.027,,,930598,稀土产业,CNY,CN10Y
2009-01-13,,0.0282569999999999,,,930598,稀土产业,CNY,CN10Y
2009-01-14,,0.028818,,,930598,稀土产业,CNY,CN10Y
2009-01-15,,0.029897,,,930598,稀土产业,CNY,CN10Y
2009-01-16,,0.02994,,,930598,稀土产业,CNY,CN10Y
2009-01-19,,0.030123,,,930598,稀土产业,CNY,CN10Y
2009-01-20,,0.0309949999999999,,,930598,稀土产业,CNY,CN10Y
2009-01-21,,0.031398,,,930598,稀土产业,CNY,CN10Y
2009-01-22,,0.030619,,,930598,稀土产业,CNY,CN10Y
2009-01-23,,0.030367,,,930598,稀土产业,CNY,CN10Y
2009-01-24,,0.030368,,,930598,稀土产业,CNY,CN10Y
2009-02-01,,0.0305019999999999,,,930598,稀土产业,CNY,CN10Y
2009-02-02,,0.031433,,,930598,稀土产业,CNY,CN10Y
2009-02-03,,0.031766,,,930598,稀土产业,CNY,CN10Y
2009-02-04,,0.032946,,,930598,稀土产业,CNY,CN10Y
2009-02-05,,0.034013,,,930598,稀土产业,CNY,CN10Y
2009-02-06,,0.0329669999999999,,,930598,稀土产业,CNY,CN10Y
2009-02-09,,0.03269,,,930598,稀土产业,CNY,CN10Y
2009-02-10,,0.033001,,,930598,稀土产业,CNY,CN10Y
2009-02-11,,0.032323,,,930598,稀土产业,CNY,CN10Y
2009-02-12,,0.031271,,,930598,稀土产业,CNY,CN10Y
2009-02-13,,0.031321,,,930598,稀土产业,CNY,CN10Y
2009-02-16,,0.031547,,,930598,稀土产业,CNY,CN10Y
2009-02-17,,0.031897,,,930598,稀土产业,CNY,CN10Y
2009-02-18,,0.031703,,,930598,稀土产业,CNY,CN10Y
2009-02-19,,0.031385,,,930598,稀土产业,CNY,CN10Y
2009-02-20,,0.031583,,,930598,稀土产业,CNY,CN10Y
2009-02-23,,0.031555,,,930598,稀土产业,CNY,CN10Y
2009-02-24,,0.031508,,,930598,稀土产业,CNY,CN10Y
2009-02-25,,0.031412,,,930598,稀土产业,CNY,CN10Y
2009-02-26,,0.0314469999999999,,,930598,稀土产业,CNY,CN10Y
2009-02-27,,0.031508,,,930598,稀土产业,CNY,CN10Y
2009-03-02,,0.031582,,,930598,稀土产业,CNY,CN10Y
2009-03-03,,0.031755,,,930598,稀土产业,CNY,CN10Y
2009-03-04,,0.032075,,,930598,稀土产业,CNY,CN10Y
2009-03-05,,0.03231,,,930598,稀土产业,CNY,CN10Y
2009-03-06,,0.032291,,,930598,稀土产业,CNY,CN10Y
2009-03-09,,0.0320359999999999,,,930598,稀土产业,CNY,CN10Y
2009-03-10,,0.03178,,,930598,稀土产业,CNY,CN10Y
2009-03-11,,0.031331,,,930598,稀土产业,CNY,CN10Y
2009-03-12,,0.031524,,,930598,稀土产业,CNY,CN10Y
2009-03-13,,0.03148,,,930598,稀土产业,CNY,CN10Y
2009-03-16,,0.031534,,,930598,稀土产业,CNY,CN10Y
2009-03-17,,0.031249,,,930598,稀土产业,CNY,CN10Y
2009-03-18,,0.031,,,930598,稀土产业,CNY,CN10Y
2009-03-19,,0.030768,,,930598,稀土产业,CNY,CN10Y
2009-03-20,,0.030772,,,930598,稀土产业,CNY,CN10Y
2009-03-23,,0.030831,,,930598,稀土产业,CNY,CN10Y
2009-03-24,,0.031295,,,930598,稀土产业,CNY,CN10Y
2009-03-25,,0.031297,,,930598,稀土产业,CNY,CN10Y
2009-03-26,,0.031606,,,930598,稀土产业,CNY,CN10Y
2009-03-27,,0.031594,,,930598,稀土产业,CNY,CN10Y
2009-03-30,,0.031608,,,930598,稀土产业,CNY,CN10Y
2009-03-31,,0.031612,,,930598,稀土产业,CNY,CN10Y
2009-04-01,,0.031618,,,930598,稀土产业,CNY,CN10Y
2009-04-02,,0.031714,,,930598,稀土产业,CNY,CN10Y
2009-04-03,,0.031805,,,930598,稀土产业,CNY,CN10Y
2009-04-07,,0.031805,,,930598,稀土产业,CNY,CN10Y
2009-04-08,,0.031869,,,930598,稀土产业,CNY,CN10Y
2009-04-09,,0.031949,,,930598,稀土产业,CNY,CN10Y
2009-04-10,,0.0319539999999999,,,930598,稀土产业,CNY,CN10Y
2009-04-13,,0.031953,,,930598,稀土产业,CNY,CN10Y
2009-04-14,,0.032044,,,930598,稀土产业,CNY,CN10Y
2009-04-15,,0.032114,,,930598,稀土产业,CNY,CN10Y
2009-04-16,,0.031841,,,930598,稀土产业,CNY,CN10Y
2009-04-17,,0.031634,,,930598,稀土产业,CNY,CN10Y
2009-04-20,,0.031412,,,930598,稀土产业,CNY,CN10Y
2009-04-21,,0.031616,,,930598,稀土产业,CNY,CN10Y
2009-04-22,,0.031609,,,930598,稀土产业,CNY,CN10Y
2009-04-23,,0.031618,,,930598,稀土产业,CNY,CN10Y
2009-04-24,,0.0315709999999999,,,930598,稀土产业,CNY,CN10Y
2009-04-27,,0.031579,,,930598,稀土产业,CNY,CN10Y
2009-04-28,,0.031532,,,930598,稀土产业,CNY,CN10Y
2009-04-29,,0.031286,,,930598,稀土产业,CNY,CN10Y
2009-04-30,,0.031072,,,930598,稀土产业,CNY,CN10Y
2009-05-04,,0.0310919999999999,,,930598,稀土产业,CNY,CN10Y
2009-05-05,,0.031036,,,930598,稀土产业,CNY,CN10Y
2009-05-06,,0.030795,,,930598,稀土产业,CNY,CN10Y
2009-05-07,,0.030739,,,930598,稀土产业,CNY,CN10Y
2009-05-08,,0.030701,,,930598,稀土产业,CNY,CN10Y
2009-05-11,,0.030698,,,930598,稀土产业,CNY,CN10Y
2009-05-12,,0.030662,,,930598,稀土产业,CNY,CN10Y
2009-05-13,,0.030365,,,930598,稀土产业,CNY,CN10Y
2009-05-14,,0.030318,,,930598,稀土产业,CNY,CN10Y
2009-05-15,,0.0303209999999999,,,930598,稀土产业,CNY,CN10Y
2009-05-18,,0.030277,,,930598,稀土产业,CNY,CN10Y
2009-05-19,,0.030384,,,930598,稀土产业,CNY,CN10Y
2009-05-20,,0.030386,,,930598,稀土产业,CNY,CN10Y
2009-05-21,,0.030388,,,930598,稀土产业,CNY,CN10Y
2009-05-22,,0.030434,,,930598,稀土产业,CNY,CN10Y
2009-05-25,,0.030441,,,930598,稀土产业,CNY,CN10Y
2009-05-26,,0.030546,,,930598,稀土产业,CNY,CN10Y
2009-05-27,,0.03039,,,930598,稀土产业,CNY,CN10Y
2009-05-31,,0.030409,,,930598,稀土产业,CNY,CN10Y
2009-06-01,,0.030615,,,930598,稀土产业,CNY,CN10Y
2009-06-02,,0.030515,,,930598,稀土产业,CNY,CN10Y
2009-06-03,,0.03065,,,930598,稀土产业,CNY,CN10Y
2009-06-04,,0.031349,,,930598,稀土产业,CNY,CN10Y
2009-06-05,,0.031474,,,930598,稀土产业,CNY,CN10Y
2009-06-08,,0.031543,,,930598,稀土产业,CNY,CN10Y
2009-06-09,,0.031481,,,930598,稀土产业,CNY,CN10Y
2009-06-10,,0.03166,,,930598,稀土产业,CNY,CN10Y
2009-06-11,,0.0317,,,930598,稀土产业,CNY,CN10Y
2009-06-12,,0.031868,,,930598,稀土产业,CNY,CN10Y
2009-06-15,,0.031947,,,930598,稀土产业,CNY,CN10Y
2009-06-16,,0.031476,,,930598,稀土产业,CNY,CN10Y
2009-06-17,,0.031332,,,930598,稀土产业,CNY,CN10Y
2009-06-18,,0.031536,,,930598,稀土产业,CNY,CN10Y
2009-06-19,,0.031543,,,930598,稀土产业,CNY,CN10Y
2009-06-22,,0.031876,,,930598,稀土产业,CNY,CN10Y
2009-06-23,,0.032325,,,930598,稀土产业,CNY,CN10Y
2009-06-24,,0.032397,,,930598,稀土产业,CNY,CN10Y
2009-06-25,,0.032525,,,930598,稀土产业,CNY,CN10Y
2009-06-26,,0.032628,,,930598,稀土产业,CNY,CN10Y
2009-06-29,,0.032456,,,930598,稀土产业,CNY,CN10Y
2009-06-30,,0.032403,,,930598,稀土产业,CNY,CN10Y
2009-07-01,,0.0323,,,930598,稀土产业,CNY,CN10Y
2009-07-02,,0.032277,,,930598,稀土产业,CNY,CN10Y
2009-07-03,,0.032534,,,930598,稀土产业,CNY,CN10Y
2009-07-06,,0.032702,,,930598,稀土产业,CNY,CN10Y
2009-07-07,,0.032706,,,930598,稀土产业,CNY,CN10Y
2009-07-08,,0.032709,,,930598,稀土产业,CNY,CN10Y
2009-07-09,,0.033068,,,930598,稀土产业,CNY,CN10Y
2009-07-10,,0.033056,,,930598,稀土产业,CNY,CN10Y
2009-07-13,,0.03306,,,930598,稀土产业,CNY,CN10Y
2009-07-14,,0.033322,,,930598,稀土产业,CNY,CN10Y
2009-07-15,,0.033816,,,930598,稀土产业,CNY,CN10Y
2009-07-16,,0.034421,,,930598,稀土产业,CNY,CN10Y
2009-07-17,,0.03451,,,930598,稀土产业,CNY,CN10Y
2009-07-20,,0.03478,,,930598,稀土产业,CNY,CN10Y
2009-07-21,,0.034697,,,930598,稀土产业,CNY,CN10Y
2009-07-22,,0.034522,,,930598,稀土产业,CNY,CN10Y
2009-07-23,,0.034511,,,930598,稀土产业,CNY,CN10Y
2009-07-24,,0.034588,,,930598,稀土产业,CNY,CN10Y
2009-07-27,,0.035091,,,930598,稀土产业,CNY,CN10Y
2009-07-28,,0.034866,,,930598,稀土产业,CNY,CN10Y
2009-07-29,,0.0350199999999999,,,930598,稀土产业,CNY,CN10Y
2009-07-30,,0.034905,,,930598,稀土产业,CNY,CN10Y
2009-07-31,,0.03503,,,930598,稀土产业,CNY,CN10Y
2009-08-03,,0.035034,,,930598,稀土产业,CNY,CN10Y
2009-08-04,,0.03515,,,930598,稀土产业,CNY,CN10Y
2009-08-05,,0.035165,,,930598,稀土产业,CNY,CN10Y
2009-08-06,,0.035167,,,930598,稀土产业,CNY,CN10Y
2009-08-07,,0.035168,,,930598,稀土产业,CNY,CN10Y
2009-08-10,,0.035177,,,930598,稀土产业,CNY,CN10Y
2009-08-11,,0.0351799999999999,,,930598,稀土产业,CNY,CN10Y
2009-08-12,,0.035209,,,930598,稀土产业,CNY,CN10Y
2009-08-13,,0.0351869999999999,,,930598,稀土产业,CNY,CN10Y
2009-08-14,,0.0351799999999999,,,930598,稀土产业,CNY,CN10Y
2009-08-17,,0.035231,,,930598,稀土产业,CNY,CN10Y
2009-08-18,,0.035242,,,930598,稀土产业,CNY,CN10Y
2009-08-19,,0.035255,,,930598,稀土产业,CNY,CN10Y
2009-08-20,,0.035162,,,930598,稀土产业,CNY,CN10Y
2009-08-21,,0.035276,,,930598,稀土产业,CNY,CN10Y
2009-08-24,,0.034886,,,930598,稀土产业,CNY,CN10Y
2009-08-25,,0.034966,,,930598,稀土产业,CNY,CN10Y
2009-08-26,,0.03485,,,930598,稀土产业,CNY,CN10Y
2009-08-27,,0.034847,,,930598,稀土产业,CNY,CN10Y
2009-08-28,,0.0348,,,930598,稀土产业,CNY,CN10Y
2009-08-31,,0.034805,,,930598,稀土产业,CNY,CN10Y
2009-09-01,,0.03481,,,930598,稀土产业,CNY,CN10Y
2009-09-02,,0.034982,,,930598,稀土产业,CNY,CN10Y
2009-09-03,,0.034862,,,930598,稀土产业,CNY,CN10Y
2009-09-04,,0.034698,,,930598,稀土产业,CNY,CN10Y
2009-09-07,,0.034317,,,930598,稀土产业,CNY,CN10Y
2009-09-08,,0.034268,,,930598,稀土产业,CNY,CN10Y
2009-09-09,,0.034323,,,930598,稀土产业,CNY,CN10Y
2009-09-10,,0.03451,,,930598,稀土产业,CNY,CN10Y
2009-09-11,,0.0346519999999999,,,930598,稀土产业,CNY,CN10Y
2009-09-14,,0.0346309999999999,,,930598,稀土产业,CNY,CN10Y
2009-09-15,,0.034581,,,930598,稀土产业,CNY,CN10Y
2009-09-16,,0.034535,,,930598,稀土产业,CNY,CN10Y
2009-09-17,,0.034636,,,930598,稀土产业,CNY,CN10Y
2009-09-18,,0.034741,,,930598,稀土产业,CNY,CN10Y
2009-09-21,,0.035132,,,930598,稀土产业,CNY,CN10Y
2009-09-22,,0.035212,,,930598,稀土产业,CNY,CN10Y
2009-09-23,,0.035126,,,930598,稀土产业,CNY,CN10Y
2009-09-24,,0.0350959999999999,,,930598,稀土产业,CNY,CN10Y
2009-09-25,,0.035101,,,930598,稀土产业,CNY,CN10Y
2009-09-27,,0.035103,,,930598,稀土产业,CNY,CN10Y
2009-09-28,,0.034917,,,930598,稀土产业,CNY,CN10Y
2009-09-29,,0.035,,,930598,稀土产业,CNY,CN10Y
2009-09-30,,0.035132,,,930598,稀土产业,CNY,CN10Y
2009-10-09,,0.035542,,,930598,稀土产业,CNY,CN10Y
2009-10-10,,0.035541,,,930598,稀土产业,CNY,CN10Y
2009-10-12,,0.036043,,,930598,稀土产业,CNY,CN10Y
2009-10-13,,0.036305,,,930598,稀土产业,CNY,CN10Y
2009-10-14,,0.036787,,,930598,稀土产业,CNY,CN10Y
2009-10-15,,0.037,,,930598,稀土产业,CNY,CN10Y
2009-10-16,,0.037058,,,930598,稀土产业,CNY,CN10Y
2009-10-19,,0.036789,,,930598,稀土产业,CNY,CN10Y
2009-10-20,,0.036773,,,930598,稀土产业,CNY,CN10Y
2009-10-21,,0.036933,,,930598,稀土产业,CNY,CN10Y
2009-10-22,,0.036587,,,930598,稀土产业,CNY,CN10Y
2009-10-23,,0.03692,,,930598,稀土产业,CNY,CN10Y
2009-10-26,,0.036925,,,930598,稀土产业,CNY,CN10Y
2009-10-27,,0.036905,,,930598,稀土产业,CNY,CN10Y
2009-10-28,,0.036855,,,930598,稀土产业,CNY,CN10Y
2009-10-29,,0.036818,,,930598,稀土产业,CNY,CN10Y
2009-10-30,,0.036886,,,930598,稀土产业,CNY,CN10Y
2009-11-02,,0.03692,,,930598,稀土产业,CNY,CN10Y
2009-11-03,,0.036944,,,930598,稀土产业,CNY,CN10Y
2009-11-04,,0.037038,,,930598,稀土产业,CNY,CN10Y
2009-11-05,,0.037247,,,930598,稀土产业,CNY,CN10Y
2009-11-06,,0.037303,,,930598,稀土产业,CNY,CN10Y
2009-11-09,,0.037313,,,930598,稀土产业,CNY,CN10Y
2009-11-10,,0.037281,,,930598,稀土产业,CNY,CN10Y
2009-11-11,,0.036988,,,930598,稀土产业,CNY,CN10Y
2009-11-12,,0.036918,,,930598,稀土产业,CNY,CN10Y
2009-11-13,,0.036921,,,930598,稀土产业,CNY,CN10Y
2009-11-16,,0.036927,,,930598,稀土产业,CNY,CN10Y
2009-11-17,,0.036956,,,930598,稀土产业,CNY,CN10Y
2009-11-18,,0.036885,,,930598,稀土产业,CNY,CN10Y
2009-11-19,,0.0368659999999999,,,930598,稀土产业,CNY,CN10Y
2009-11-20,,0.036648,,,930598,稀土产业,CNY,CN10Y
2009-11-23,,0.036703,,,930598,稀土产业,CNY,CN10Y
2009-11-24,,0.036504,,,930598,稀土产业,CNY,CN10Y
2009-11-25,,0.03651,,,930598,稀土产业,CNY,CN10Y
2009-11-26,,0.036459,,,930598,稀土产业,CNY,CN10Y
2009-11-27,,0.035759,,,930598,稀土产业,CNY,CN10Y
2009-11-30,,0.035569,,,930598,稀土产业,CNY,CN10Y
2009-12-01,,0.035723,,,930598,稀土产业,CNY,CN10Y
2009-12-02,,0.035725,,,930598,稀土产业,CNY,CN10Y
2009-12-03,,0.035929,,,930598,稀土产业,CNY,CN10Y
2009-12-04,,0.035983,,,930598,稀土产业,CNY,CN10Y
2009-12-07,,0.0362,,,930598,稀土产业,CNY,CN10Y
2009-12-08,,0.036292,,,930598,稀土产业,CNY,CN10Y
2009-12-09,,0.036251,,,930598,稀土产业,CNY,CN10Y
2009-12-10,,0.036258,,,930598,稀土产业,CNY,CN10Y
2009-12-11,,0.036257,,,930598,稀土产业,CNY,CN10Y
2009-12-14,,0.036348,,,930598,稀土产业,CNY,CN10Y
2009-12-15,,0.036314,,,930598,稀土产业,CNY,CN10Y
2009-12-16,,0.036339,,,930598,稀土产业,CNY,CN10Y
2009-12-17,,0.036365,,,930598,稀土产业,CNY,CN10Y
2009-12-18,,0.036393,,,930598,稀土产业,CNY,CN10Y
2009-12-21,,0.036508,,,930598,稀土产业,CNY,CN10Y
2009-12-22,,0.036507,,,930598,稀土产业,CNY,CN10Y
2009-12-23,,0.036589,,,930598,稀土产业,CNY,CN10Y
2009-12-24,,0.036565,,,930598,稀土产业,CNY,CN10Y
2009-12-25,,0.036543,,,930598,稀土产业,CNY,CN10Y
2009-12-28,,0.0365,,,930598,稀土产业,CNY,CN10Y
2009-12-29,,0.036426,,,930598,稀土产业,CNY,CN10Y
2009-12-30,,0.036429,,,930598,稀土产业,CNY,CN10Y
2009-12-31,,0.0364219999999999,,,930598,稀土产业,CNY,CN10Y
2010-01-04,,0.036603,,,930598,稀土产业,CNY,CN10Y
2010-01-05,,0.036606,,,930598,稀土产业,CNY,CN10Y
2010-01-06,,0.036425,,,930598,稀土产业,CNY,CN10Y
2010-01-07,,0.036543,,,930598,稀土产业,CNY,CN10Y
2010-01-08,,0.036614,,,930598,稀土产业,CNY,CN10Y
2010-01-11,,0.036696,,,930598,稀土产业,CNY,CN10Y
2010-01-12,,0.036694,,,930598,稀土产业,CNY,CN10Y
2010-01-13,,0.0370529999999999,,,930598,稀土产业,CNY,CN10Y
2010-01-14,,0.036868,,,930598,稀土产业,CNY,CN10Y
2010-01-15,,0.036871,,,930598,稀土产业,CNY,CN10Y
2010-01-18,,0.036852,,,930598,稀土产业,CNY,CN10Y
2010-01-19,,0.036559,,,930598,稀土产业,CNY,CN10Y
2010-01-20,,0.0364,,,930598,稀土产业,CNY,CN10Y
2010-01-21,,0.036558,,,930598,稀土产业,CNY,CN10Y
2010-01-22,,0.0363,,,930598,稀土产业,CNY,CN10Y
2010-01-25,,0.036,,,930598,稀土产业,CNY,CN10Y
2010-01-26,,0.035838,,,930598,稀土产业,CNY,CN10Y
2010-01-27,,0.035648,,,930598,稀土产业,CNY,CN10Y
2010-01-28,,0.035879,,,930598,稀土产业,CNY,CN10Y
2010-01-29,,0.0358,,,930598,稀土产业,CNY,CN10Y
2010-02-01,,0.035406,,,930598,稀土产业,CNY,CN10Y
2010-02-02,,0.034956,,,930598,稀土产业,CNY,CN10Y
2010-02-03,,0.034648,,,930598,稀土产业,CNY,CN10Y
2010-02-04,,0.035006,,,930598,稀土产业,CNY,CN10Y
2010-02-05,,0.034733,,,930598,稀土产业,CNY,CN10Y
2010-02-08,,0.034706,,,930598,稀土产业,CNY,CN10Y
2010-02-09,,0.0347429999999999,,,930598,稀土产业,CNY,CN10Y
2010-02-10,,0.034615,,,930598,稀土产业,CNY,CN10Y
2010-02-11,,0.034516,,,930598,稀土产业,CNY,CN10Y
2010-02-12,,0.03457,,,930598,稀土产业,CNY,CN10Y
2010-02-20,,0.034889,,,930598,稀土产业,CNY,CN10Y
2010-02-21,,0.034841,,,930598,稀土产业,CNY,CN10Y
2010-02-22,,0.035149,,,930598,稀土产业,CNY,CN10Y
2010-02-23,,0.0351,,,930598,稀土产业,CNY,CN10Y
2010-02-24,,0.0346459999999999,,,930598,稀土产业,CNY,CN10Y
2010-02-25,,0.034448,,,930598,稀土产业,CNY,CN10Y
2010-02-26,,0.033753,,,930598,稀土产业,CNY,CN10Y
2010-03-01,,0.033613,,,930598,稀土产业,CNY,CN10Y
2010-03-02,,0.033414,,,930598,稀土产业,CNY,CN10Y
2010-03-03,,0.033169,,,930598,稀土产业,CNY,CN10Y
2010-03-04,,0.033518,,,930598,稀土产业,CNY,CN10Y
2010-03-05,,0.033537,,,930598,稀土产业,CNY,CN10Y
2010-03-08,,0.033602,,,930598,稀土产业,CNY,CN10Y
2010-03-09,,0.033817,,,930598,稀土产业,CNY,CN10Y
2010-03-10,,0.03403,,,930598,稀土产业,CNY,CN10Y
2010-03-11,,0.034559,,,930598,稀土产业,CNY,CN10Y
2010-03-12,,0.034526,,,930598,稀土产业,CNY,CN10Y
2010-03-15,,0.034484,,,930598,稀土产业,CNY,CN10Y
2010-03-16,,0.034331,,,930598,稀土产业,CNY,CN10Y
2010-03-17,,0.033829,,,930598,稀土产业,CNY,CN10Y
2010-03-18,,0.033639,,,930598,稀土产业,CNY,CN10Y
2010-03-19,,0.033805,,,930598,稀土产业,CNY,CN10Y
2010-03-22,,0.034216,,,930598,稀土产业,CNY,CN10Y
2010-03-23,,0.034062,,,930598,稀土产业,CNY,CN10Y
2010-03-24,,0.033961,,,930598,稀土产业,CNY,CN10Y
2010-03-25,,0.034168,,,930598,稀土产业,CNY,CN10Y
2010-03-26,,0.034582,,,930598,稀土产业,CNY,CN10Y
2010-03-29,,0.034784,,,930598,稀土产业,CNY,CN10Y
2010-03-30,,0.034959,,,930598,稀土产业,CNY,CN10Y
2010-03-31,,0.0348179999999999,,,930598,稀土产业,CNY,CN10Y
2010-04-01,,0.034742,,,930598,稀土产业,CNY,CN10Y
2010-04-02,,0.0348,,,930598,稀土产业,CNY,CN10Y
2010-04-06,,0.035021,,,930598,稀土产业,CNY,CN10Y
2010-04-07,,0.035182,,,930598,稀土产业,CNY,CN10Y
2010-04-08,,0.035549,,,930598,稀土产业,CNY,CN10Y
2010-04-09,,0.035468,,,930598,稀土产业,CNY,CN10Y
2010-04-12,,0.035343,,,930598,稀土产业,CNY,CN10Y
2010-04-13,,0.035031,,,930598,稀土产业,CNY,CN10Y
2010-04-14,,0.035043,,,930598,稀土产业,CNY,CN10Y
2010-04-15,,0.035071,,,930598,稀土产业,CNY,CN10Y
2010-04-16,,0.034813,,,930598,稀土产业,CNY,CN10Y
2010-04-19,,0.034116,,,930598,稀土产业,CNY,CN10Y
2010-04-20,,0.034086,,,930598,稀土产业,CNY,CN10Y
2010-04-21,,0.034354,,,930598,稀土产业,CNY,CN10Y
2010-04-22,,0.034093,,,930598,稀土产业,CNY,CN10Y
2010-04-23,,0.034106,,,930598,稀土产业,CNY,CN10Y
2010-04-26,,0.033715,,,930598,稀土产业,CNY,CN10Y
2010-04-27,,0.033768,,,930598,稀土产业,CNY,CN10Y
2010-04-28,,0.033456,,,930598,稀土产业,CNY,CN10Y
2010-04-29,,0.033607,,,930598,稀土产业,CNY,CN10Y
2010-04-30,,0.033565,,,930598,稀土产业,CNY,CN10Y
2010-05-04,,0.033826,,,930598,稀土产业,CNY,CN10Y
2010-05-05,,0.033636,,,930598,稀土产业,CNY,CN10Y
2010-05-06,,0.033485,,,930598,稀土产业,CNY,CN10Y
2010-05-07,,0.032721,,,930598,稀土产业,CNY,CN10Y
2010-05-10,,0.033027,,,930598,稀土产业,CNY,CN10Y
2010-05-11,,0.032983,,,930598,稀土产业,CNY,CN10Y
2010-05-12,,0.032781,,,930598,稀土产业,CNY,CN10Y
2010-05-13,,0.032686,,,930598,稀土产业,CNY,CN10Y
2010-05-14,,0.032687,,,930598,稀土产业,CNY,CN10Y
2010-05-17,,0.032257,,,930598,稀土产业,CNY,CN10Y
2010-05-18,,0.032118,,,930598,稀土产业,CNY,CN10Y
2010-05-19,,0.031865,,,930598,稀土产业,CNY,CN10Y
2010-05-20,,0.032078,,,930598,稀土产业,CNY,CN10Y
2010-05-21,,0.031972,,,930598,稀土产业,CNY,CN10Y
2010-05-24,,0.032277,,,930598,稀土产业,CNY,CN10Y
2010-05-25,,0.0320299999999999,,,930598,稀土产业,CNY,CN10Y
2010-05-26,,0.0322719999999999,,,930598,稀土产业,CNY,CN10Y
2010-05-27,,0.032416,,,930598,稀土产业,CNY,CN10Y
2010-05-28,,0.032529,,,930598,稀土产业,CNY,CN10Y
2010-05-31,,0.03243,,,930598,稀土产业,CNY,CN10Y
2010-06-01,,0.032726,,,930598,稀土产业,CNY,CN10Y
2010-06-02,,0.032748,,,930598,稀土产业,CNY,CN10Y
2010-06-03,,0.032478,,,930598,稀土产业,CNY,CN10Y
2010-06-04,,0.032512,,,930598,稀土产业,CNY,CN10Y
2010-06-07,,0.03226,,,930598,稀土产业,CNY,CN10Y
2010-06-08,,0.0324319999999999,,,930598,稀土产业,CNY,CN10Y
2010-06-09,,0.032845,,,930598,稀土产业,CNY,CN10Y
2010-06-10,,0.032891,,,930598,稀土产业,CNY,CN10Y
2010-06-11,,0.0333199999999999,,,930598,稀土产业,CNY,CN10Y
2010-06-12,,0.033282,,,930598,稀土产业,CNY,CN10Y
2010-06-13,,0.033282,,,930598,稀土产业,CNY,CN10Y
2010-06-17,,0.033296,,,930598,稀土产业,CNY,CN10Y
2010-06-18,,0.033836,,,930598,稀土产业,CNY,CN10Y
2010-06-21,,0.033925,,,930598,稀土产业,CNY,CN10Y
2010-06-22,,0.033807,,,930598,稀土产业,CNY,CN10Y
2010-06-23,,0.034129,,,930598,稀土产业,CNY,CN10Y
2010-06-24,,0.034179,,,930598,稀土产业,CNY,CN10Y
2010-06-25,,0.033822,,,930598,稀土产业,CNY,CN10Y
2010-06-28,,0.033435,,,930598,稀土产业,CNY,CN10Y
2010-06-29,,0.032909,,,930598,稀土产业,CNY,CN10Y
2010-06-30,,0.03279,,,930598,稀土产业,CNY,CN10Y
2010-07-01,,0.032848,,,930598,稀土产业,CNY,CN10Y
2010-07-02,,0.032665,,,930598,稀土产业,CNY,CN10Y
2010-07-05,,0.032517,,,930598,稀土产业,CNY,CN10Y
2010-07-06,,0.032168,,,930598,稀土产业,CNY,CN10Y
2010-07-07,,0.032233,,,930598,稀土产业,CNY,CN10Y
2010-07-08,,0.032382,,,930598,稀土产业,CNY,CN10Y
2010-07-09,,0.032347,,,930598,稀土产业,CNY,CN10Y
2010-07-12,,0.032146,,,930598,稀土产业,CNY,CN10Y
2010-07-13,,0.031767,,,930598,稀土产业,CNY,CN10Y
2010-07-14,,0.031744,,,930598,稀土产业,CNY,CN10Y
2010-07-15,,0.031817,,,930598,稀土产业,CNY,CN10Y
2010-07-16,,0.031976,,,930598,稀土产业,CNY,CN10Y
2010-07-19,,0.031901,,,930598,稀土产业,CNY,CN10Y
2010-07-20,,0.032086,,,930598,稀土产业,CNY,CN10Y
2010-07-21,,0.032144,,,930598,稀土产业,CNY,CN10Y
2010-07-22,,0.032161,,,930598,稀土产业,CNY,CN10Y
2010-07-23,,0.032528,,,930598,稀土产业,CNY,CN10Y
2010-07-26,,0.032813,,,930598,稀土产业,CNY,CN10Y
2010-07-27,,0.032816,,,930598,稀土产业,CNY,CN10Y
2010-07-28,,0.032982,,,930598,稀土产业,CNY,CN10Y
2010-07-29,,0.032993,,,930598,稀土产业,CNY,CN10Y
2010-07-30,,0.032996,,,930598,稀土产业,CNY,CN10Y
2010-08-02,,0.033131,,,930598,稀土产业,CNY,CN10Y
2010-08-03,,0.033105,,,930598,稀土产业,CNY,CN10Y
2010-08-04,,0.032971,,,930598,稀土产业,CNY,CN10Y
2010-08-05,,0.0329669999999999,,,930598,稀土产业,CNY,CN10Y
2010-08-06,,0.032922,,,930598,稀土产业,CNY,CN10Y
2010-08-09,,0.032975,,,930598,稀土产业,CNY,CN10Y
2010-08-10,,0.032972,,,930598,稀土产业,CNY,CN10Y
2010-08-11,,0.032685,,,930598,稀土产业,CNY,CN10Y
2010-08-12,,0.03223,,,930598,稀土产业,CNY,CN10Y
2010-08-13,,0.032374,,,930598,稀土产业,CNY,CN10Y
2010-08-16,,0.032504,,,930598,稀土产业,CNY,CN10Y
2010-08-17,,0.032461,,,930598,稀土产业,CNY,CN10Y
2010-08-18,,0.03245,,,930598,稀土产业,CNY,CN10Y
2010-08-19,,0.032501,,,930598,稀土产业,CNY,CN10Y
2010-08-20,,0.032389,,,930598,稀土产业,CNY,CN10Y
2010-08-23,,0.032346,,,930598,稀土产业,CNY,CN10Y
2010-08-24,,0.032229,,,930598,稀土产业,CNY,CN10Y
2010-08-25,,0.0321539999999999,,,930598,稀土产业,CNY,CN10Y
2010-08-26,,0.032322,,,930598,稀土产业,CNY,CN10Y
2010-08-27,,0.032379,,,930598,稀土产业,CNY,CN10Y
2010-08-30,,0.032304,,,930598,稀土产业,CNY,CN10Y
2010-08-31,,0.032301,,,930598,稀土产业,CNY,CN10Y
2010-09-01,,0.032358,,,930598,稀土产业,CNY,CN10Y
2010-09-02,,0.032418,,,930598,稀土产业,CNY,CN10Y
2010-09-03,,0.032406,,,930598,稀土产业,CNY,CN10Y
2010-09-06,,0.03258,,,930598,稀土产业,CNY,CN10Y
2010-09-07,,0.032739,,,930598,稀土产业,CNY,CN10Y
2010-09-08,,0.032632,,,930598,稀土产业,CNY,CN10Y
2010-09-09,,0.032681,,,930598,稀土产业,CNY,CN10Y
2010-09-10,,0.032989,,,930598,稀土产业,CNY,CN10Y
2010-09-13,,0.033251,,,930598,稀土产业,CNY,CN10Y
2010-09-14,,0.033205,,,930598,稀土产业,CNY,CN10Y
2010-09-15,,0.033443,,,930598,稀土产业,CNY,CN10Y
2010-09-16,,0.033401,,,930598,稀土产业,CNY,CN10Y
2010-09-17,,0.033504,,,930598,稀土产业,CNY,CN10Y
2010-09-19,,0.0335,,,930598,稀土产业,CNY,CN10Y
2010-09-20,,0.033388,,,930598,稀土产业,CNY,CN10Y
2010-09-21,,0.033391,,,930598,稀土产业,CNY,CN10Y
2010-09-25,,0.033387,,,930598,稀土产业,CNY,CN10Y
2010-09-26,,0.033428,,,930598,稀土产业,CNY,CN10Y
2010-09-27,,0.033378,,,930598,稀土产业,CNY,CN10Y
2010-09-28,,0.033371,,,930598,稀土产业,CNY,CN10Y
2010-09-29,,0.03331,,,930598,稀土产业,CNY,CN10Y
2010-09-30,,0.033183,,,930598,稀土产业,CNY,CN10Y
2010-10-08,,0.033342,,,930598,稀土产业,CNY,CN10Y
2010-10-09,,0.033584,,,930598,稀土产业,CNY,CN10Y
2010-10-11,,0.03404,,,930598,稀土产业,CNY,CN10Y
2010-10-12,,0.034179,,,930598,稀土产业,CNY,CN10Y
2010-10-13,,0.0342709999999999,,,930598,稀土产业,CNY,CN10Y
2010-10-14,,0.034275,,,930598,稀土产业,CNY,CN10Y
2010-10-15,,0.034247,,,930598,稀土产业,CNY,CN10Y
2010-10-18,,0.034182,,,930598,稀土产业,CNY,CN10Y
2010-10-19,,0.034205,,,930598,稀土产业,CNY,CN10Y
2010-10-20,,0.036201,,,930598,稀土产业,CNY,CN10Y
2010-10-21,,0.03637,,,930598,稀土产业,CNY,CN10Y
2010-10-22,,0.036358,,,930598,稀土产业,CNY,CN10Y
2010-10-25,,0.0364069999999999,,,930598,稀土产业,CNY,CN10Y
2010-10-26,,0.036944,,,930598,稀土产业,CNY,CN10Y
2010-10-27,,0.036975,,,930598,稀土产业,CNY,CN10Y
2010-10-28,,0.036863,,,930598,稀土产业,CNY,CN10Y
2010-10-29,,0.036821,,,930598,稀土产业,CNY,CN10Y
2010-11-01,,0.036941,,,930598,稀土产业,CNY,CN10Y
2010-11-02,,0.0374969999999999,,,930598,稀土产业,CNY,CN10Y
2010-11-03,,0.038113,,,930598,稀土产业,CNY,CN10Y
2010-11-04,,0.0384339999999999,,,930598,稀土产业,CNY,CN10Y
2010-11-05,,0.038458,,,930598,稀土产业,CNY,CN10Y
2010-11-08,,0.038392,,,930598,稀土产业,CNY,CN10Y
2010-11-09,,0.038445,,,930598,稀土产业,CNY,CN10Y
2010-11-10,,0.0392039999999999,,,930598,稀土产业,CNY,CN10Y
2010-11-11,,0.0395299999999999,,,930598,稀土产业,CNY,CN10Y
2010-11-12,,0.039534,,,930598,稀土产业,CNY,CN10Y
2010-11-15,,0.03945,,,930598,稀土产业,CNY,CN10Y
2010-11-16,,0.0390649999999999,,,930598,稀土产业,CNY,CN10Y
2010-11-17,,0.0385999999999999,,,930598,稀土产业,CNY,CN10Y
2010-11-18,,0.038336,,,930598,稀土产业,CNY,CN10Y
2010-11-19,,0.0387,,,930598,稀土产业,CNY,CN10Y
2010-11-22,,0.039161,,,930598,稀土产业,CNY,CN10Y
2010-11-23,,0.039317,,,930598,稀土产业,CNY,CN10Y
2010-11-24,,0.039533,,,930598,稀土产业,CNY,CN10Y
2010-11-25,,0.039674,,,930598,稀土产业,CNY,CN10Y
2010-11-26,,0.040123,,,930598,稀土产业,CNY,CN10Y
2010-11-29,,0.0399589999999999,,,930598,稀土产业,CNY,CN10Y
2010-11-30,,0.03971,,,930598,稀土产业,CNY,CN10Y
2010-12-01,,0.038919,,,930598,稀土产业,CNY,CN10Y
2010-12-02,,0.038609,,,930598,稀土产业,CNY,CN10Y
2010-12-03,,0.038699,,,930598,稀土产业,CNY,CN10Y
2010-12-06,,0.038696,,,930598,稀土产业,CNY,CN10Y
2010-12-07,,0.038435,,,930598,稀土产业,CNY,CN10Y
2010-12-08,,0.038609,,,930598,稀土产业,CNY,CN10Y
2010-12-09,,0.039024,,,930598,稀土产业,CNY,CN10Y
2010-12-10,,0.038888,,,930598,稀土产业,CNY,CN10Y
2010-12-13,,0.038509,,,930598,稀土产业,CNY,CN10Y
2010-12-14,,0.038521,,,930598,稀土产业,CNY,CN10Y
2010-12-15,,0.0381499999999999,,,930598,稀土产业,CNY,CN10Y
2010-12-16,,0.0380439999999999,,,930598,稀土产业,CNY,CN10Y
2010-12-17,,0.038058,,,930598,稀土产业,CNY,CN10Y
2010-12-20,,0.03785,,,930598,稀土产业,CNY,CN10Y
2010-12-21,,0.037956,,,930598,稀土产业,CNY,CN10Y
2010-12-22,,0.0380039999999999,,,930598,稀土产业,CNY,CN10Y
2010-12-23,,0.038108,,,930598,稀土产业,CNY,CN10Y
2010-12-24,,0.038136,,,930598,稀土产业,CNY,CN10Y
2010-12-27,,0.038913,,,930598,稀土产业,CNY,CN10Y
2010-12-28,,0.039118,,,930598,稀土产业,CNY,CN10Y
2010-12-29,,0.039019,,,930598,稀土产业,CNY,CN10Y
2010-12-30,,0.0388,,,930598,稀土产业,CNY,CN10Y
2010-12-31,,0.038799,,,930598,稀土产业,CNY,CN10Y
2011-01-04,,0.038606,,,930598,稀土产业,CNY,CN10Y
2011-01-05,,0.038132,,,930598,稀土产业,CNY,CN10Y
2011-01-06,,0.038339,,,930598,稀土产业,CNY,CN10Y
2011-01-07,,0.038237,,,930598,稀土产业,CNY,CN10Y
2011-01-10,,0.038449,,,930598,稀土产业,CNY,CN10Y
2011-01-11,,0.038703,,,930598,稀土产业,CNY,CN10Y
2011-01-12,,0.03855,,,930598,稀土产业,CNY,CN10Y
2011-01-13,,0.038831,,,930598,稀土产业,CNY,CN10Y
2011-01-14,,0.0391559999999999,,,930598,稀土产业,CNY,CN10Y
2011-01-17,,0.039651,,,930598,稀土产业,CNY,CN10Y
2011-01-18,,0.039954,,,930598,稀土产业,CNY,CN10Y
2011-01-19,,0.039752,,,930598,稀土产业,CNY,CN10Y
2011-01-20,,0.039749,,,930598,稀土产业,CNY,CN10Y
2011-01-21,,0.039837,,,930598,稀土产业,CNY,CN10Y
2011-01-24,,0.039918,,,930598,稀土产业,CNY,CN10Y
2011-01-25,,0.040152,,,930598,稀土产业,CNY,CN10Y
2011-01-26,,0.039991,,,930598,稀土产业,CNY,CN10Y
2011-01-27,,0.0400579999999999,,,930598,稀土产业,CNY,CN10Y
2011-01-28,,0.040096,,,930598,稀土产业,CNY,CN10Y
2011-01-30,,0.0401,,,930598,稀土产业,CNY,CN10Y
2011-01-31,,0.040187,,,930598,稀土产业,CNY,CN10Y
2011-02-01,,0.040186,,,930598,稀土产业,CNY,CN10Y
2011-02-09,,0.041006,,,930598,稀土产业,CNY,CN10Y
2011-02-10,,0.041158,,,930598,稀土产业,CNY,CN10Y
2011-02-11,,0.041062,,,930598,稀土产业,CNY,CN10Y
2011-02-12,,0.041087,,,930598,稀土产业,CNY,CN10Y
2011-02-14,,0.040552,,,930598,稀土产业,CNY,CN10Y
2011-02-15,,0.040454,,,930598,稀土产业,CNY,CN10Y
2011-02-16,,0.04045,,,930598,稀土产业,CNY,CN10Y
2011-02-17,,0.040449,,,930598,稀土产业,CNY,CN10Y
2011-02-18,,0.04045,,,930598,稀土产业,CNY,CN10Y
2011-02-21,,0.0407019999999999,,,930598,稀土产业,CNY,CN10Y
2011-02-22,,0.0404,,,930598,稀土产业,CNY,CN10Y
2011-02-23,,0.039946,,,930598,稀土产业,CNY,CN10Y
2011-02-24,,0.039132,,,930598,稀土产业,CNY,CN10Y
2011-02-25,,0.039566,,,930598,稀土产业,CNY,CN10Y
2011-02-28,,0.039314,,,930598,稀土产业,CNY,CN10Y
2011-03-01,,0.039259,,,930598,稀土产业,CNY,CN10Y
2011-03-02,,0.039233,,,930598,稀土产业,CNY,CN10Y
2011-03-03,,0.039279,,,930598,稀土产业,CNY,CN10Y
2011-03-04,,0.039388,,,930598,稀土产业,CNY,CN10Y
2011-03-07,,0.039351,,,930598,稀土产业,CNY,CN10Y
2011-03-08,,0.039078,,,930598,稀土产业,CNY,CN10Y
2011-03-09,,0.038879,,,930598,稀土产业,CNY,CN10Y
2011-03-10,,0.039321,,,930598,稀土产业,CNY,CN10Y
2011-03-11,,0.039328,,,930598,稀土产业,CNY,CN10Y
2011-03-14,,0.039074,,,930598,稀土产业,CNY,CN10Y
2011-03-15,,0.038659,,,930598,稀土产业,CNY,CN10Y
2011-03-16,,0.0385999999999999,,,930598,稀土产业,CNY,CN10Y
2011-03-17,,0.038326,,,930598,稀土产业,CNY,CN10Y
2011-03-18,,0.038489,,,930598,稀土产业,CNY,CN10Y
2011-03-21,,0.038774,,,930598,稀土产业,CNY,CN10Y
2011-03-22,,0.038987,,,930598,稀土产业,CNY,CN10Y
2011-03-23,,0.039037,,,930598,稀土产业,CNY,CN10Y
2011-03-24,,0.038762,,,930598,稀土产业,CNY,CN10Y
2011-03-25,,0.038714,,,930598,稀土产业,CNY,CN10Y
2011-03-28,,0.038807,,,930598,稀土产业,CNY,CN10Y
2011-03-29,,0.0390439999999999,,,930598,稀土产业,CNY,CN10Y
2011-03-30,,0.039069,,,930598,稀土产业,CNY,CN10Y
2011-03-31,,0.03912,,,930598,稀土产业,CNY,CN10Y
2011-04-01,,0.039126,,,930598,稀土产业,CNY,CN10Y
2011-04-02,,0.039078,,,930598,稀土产业,CNY,CN10Y
2011-04-06,,0.039203,,,930598,稀土产业,CNY,CN10Y
2011-04-07,,0.039167,,,930598,稀土产业,CNY,CN10Y
2011-04-08,,0.039081,,,930598,稀土产业,CNY,CN10Y
2011-04-11,,0.038928,,,930598,稀土产业,CNY,CN10Y
2011-04-12,,0.0387,,,930598,稀土产业,CNY,CN10Y
2011-04-13,,0.038703,,,930598,稀土产业,CNY,CN10Y
2011-04-14,,0.038707,,,930598,稀土产业,CNY,CN10Y
2011-04-15,,0.038709,,,930598,稀土产业,CNY,CN10Y
2011-04-18,,0.03896,,,930598,稀土产业,CNY,CN10Y
2011-04-19,,0.038911,,,930598,稀土产业,CNY,CN10Y
2011-04-20,,0.038913,,,930598,稀土产业,CNY,CN10Y
2011-04-21,,0.038912,,,930598,稀土产业,CNY,CN10Y
2011-04-22,,0.038966,,,930598,稀土产业,CNY,CN10Y
2011-04-25,,0.038961,,,930598,稀土产业,CNY,CN10Y
2011-04-26,,0.03896,,,930598,稀土产业,CNY,CN10Y
2011-04-27,,0.038812,,,930598,稀土产业,CNY,CN10Y
2011-04-28,,0.0387,,,930598,稀土产业,CNY,CN10Y
2011-04-29,,0.038713,,,930598,稀土产业,CNY,CN10Y
2011-05-03,,0.038752,,,930598,稀土产业,CNY,CN10Y
2011-05-04,,0.038772,,,930598,稀土产业,CNY,CN10Y
2011-05-05,,0.038715,,,930598,稀土产业,CNY,CN10Y
2011-05-06,,0.038308,,,930598,稀土产业,CNY,CN10Y
2011-05-09,,0.038378,,,930598,稀土产业,CNY,CN10Y
2011-05-10,,0.038326,,,930598,稀土产业,CNY,CN10Y
2011-05-11,,0.038334,,,930598,稀土产业,CNY,CN10Y
2011-05-12,,0.038211,,,930598,稀土产业,CNY,CN10Y
2011-05-13,,0.038363,,,930598,稀土产业,CNY,CN10Y
2011-05-16,,0.038432,,,930598,稀土产业,CNY,CN10Y
2011-05-17,,0.038318,,,930598,稀土产业,CNY,CN10Y
2011-05-18,,0.038338,,,930598,稀土产业,CNY,CN10Y
2011-05-19,,0.038309,,,930598,稀土产业,CNY,CN10Y
2011-05-20,,0.038429,,,930598,稀土产业,CNY,CN10Y
2011-05-23,,0.0384,,,930598,稀土产业,CNY,CN10Y
2011-05-24,,0.038414,,,930598,稀土产业,CNY,CN10Y
2011-05-25,,0.038382,,,930598,稀土产业,CNY,CN10Y
2011-05-26,,0.038352,,,930598,稀土产业,CNY,CN10Y
2011-05-27,,0.038217,,,930598,稀土产业,CNY,CN10Y
2011-05-30,,0.038256,,,930598,稀土产业,CNY,CN10Y
2011-05-31,,0.038311,,,930598,稀土产业,CNY,CN10Y
2011-06-01,,0.038311,,,930598,稀土产业,CNY,CN10Y
2011-06-02,,0.0383369999999999,,,930598,稀土产业,CNY,CN10Y
2011-06-03,,0.0383369999999999,,,930598,稀土产业,CNY,CN10Y
2011-06-07,,0.038341,,,930598,稀土产业,CNY,CN10Y
2011-06-08,,0.038572,,,930598,稀土产业,CNY,CN10Y
2011-06-09,,0.038726,,,930598,稀土产业,CNY,CN10Y
2011-06-10,,0.03894,,,930598,稀土产业,CNY,CN10Y
2011-06-13,,0.039036,,,930598,稀土产业,CNY,CN10Y
2011-06-14,,0.039406,,,930598,稀土产业,CNY,CN10Y
2011-06-15,,0.039986,,,930598,稀土产业,CNY,CN10Y
2011-06-16,,0.039839,,,930598,稀土产业,CNY,CN10Y
2011-06-17,,0.039803,,,930598,稀土产业,CNY,CN10Y
2011-06-20,,0.039413,,,930598,稀土产业,CNY,CN10Y
2011-06-21,,0.039003,,,930598,稀土产业,CNY,CN10Y
2011-06-22,,0.039555,,,930598,稀土产业,CNY,CN10Y
2011-06-23,,0.039691,,,930598,稀土产业,CNY,CN10Y
2011-06-24,,0.038963,,,930598,稀土产业,CNY,CN10Y
2011-06-27,,0.038703,,,930598,稀土产业,CNY,CN10Y
2011-06-28,,0.038801,,,930598,稀土产业,CNY,CN10Y
2011-06-29,,0.038833,,,930598,稀土产业,CNY,CN10Y
2011-06-30,,0.038857,,,930598,稀土产业,CNY,CN10Y
2011-07-01,,0.038775,,,930598,稀土产业,CNY,CN10Y
2011-07-04,,0.038842,,,930598,稀土产业,CNY,CN10Y
2011-07-05,,0.038909,,,930598,稀土产业,CNY,CN10Y
2011-07-06,,0.039116,,,930598,稀土产业,CNY,CN10Y
2011-07-07,,0.039021,,,930598,稀土产业,CNY,CN10Y
2011-07-08,,0.038881,,,930598,稀土产业,CNY,CN10Y
2011-07-11,,0.038923,,,930598,稀土产业,CNY,CN10Y
2011-07-12,,0.0388989999999999,,,930598,稀土产业,CNY,CN10Y
2011-07-13,,0.038913,,,930598,稀土产业,CNY,CN10Y
2011-07-14,,0.0392039999999999,,,930598,稀土产业,CNY,CN10Y
2011-07-15,,0.039278,,,930598,稀土产业,CNY,CN10Y
2011-07-18,,0.039558,,,930598,稀土产业,CNY,CN10Y
2011-07-19,,0.040088,,,930598,稀土产业,CNY,CN10Y
2011-07-20,,0.040715,,,930598,稀土产业,CNY,CN10Y
2011-07-21,,0.0408889999999999,,,930598,稀土产业,CNY,CN10Y
2011-07-22,,0.040671,,,930598,稀土产业,CNY,CN10Y
2011-07-25,,0.040663,,,930598,稀土产业,CNY,CN10Y
2011-07-26,,0.040753,,,930598,稀土产业,CNY,CN10Y
2011-07-27,,0.0408549999999999,,,930598,稀土产业,CNY,CN10Y
2011-07-28,,0.040627,,,930598,稀土产业,CNY,CN10Y
2011-07-29,,0.040477,,,930598,稀土产业,CNY,CN10Y
2011-08-01,,0.040502,,,930598,稀土产业,CNY,CN10Y
2011-08-02,,0.040615,,,930598,稀土产业,CNY,CN10Y
2011-08-03,,0.041201,,,930598,稀土产业,CNY,CN10Y
2011-08-04,,0.040911,,,930598,稀土产业,CNY,CN10Y
2011-08-05,,0.040423,,,930598,稀土产业,CNY,CN10Y
2011-08-08,,0.040007,,,930598,稀土产业,CNY,CN10Y
2011-08-09,,0.039554,,,930598,稀土产业,CNY,CN10Y
2011-08-10,,0.039639,,,930598,稀土产业,CNY,CN10Y
2011-08-11,,0.039291,,,930598,稀土产业,CNY,CN10Y
2011-08-12,,0.039268,,,930598,稀土产业,CNY,CN10Y
2011-08-15,,0.0392309999999999,,,930598,稀土产业,CNY,CN10Y
2011-08-16,,0.039492,,,930598,稀土产业,CNY,CN10Y
2011-08-17,,0.039432,,,930598,稀土产业,CNY,CN10Y
2011-08-18,,0.03956,,,930598,稀土产业,CNY,CN10Y
2011-08-19,,0.039331,,,930598,稀土产业,CNY,CN10Y
2011-08-22,,0.039325,,,930598,稀土产业,CNY,CN10Y
2011-08-23,,0.039356,,,930598,稀土产业,CNY,CN10Y
2011-08-24,,0.039501,,,930598,稀土产业,CNY,CN10Y
2011-08-25,,0.03975,,,930598,稀土产业,CNY,CN10Y
2011-08-26,,0.039886,,,930598,稀土产业,CNY,CN10Y
2011-08-29,,0.040994,,,930598,稀土产业,CNY,CN10Y
2011-08-30,,0.041303,,,930598,稀土产业,CNY,CN10Y
2011-08-31,,0.04105,,,930598,稀土产业,CNY,CN10Y
2011-09-01,,0.040708,,,930598,稀土产业,CNY,CN10Y
2011-09-02,,0.0407,,,930598,稀土产业,CNY,CN10Y
2011-09-05,,0.0405009999999999,,,930598,稀土产业,CNY,CN10Y
2011-09-06,,0.040107,,,930598,稀土产业,CNY,CN10Y
2011-09-07,,0.0405,,,930598,稀土产业,CNY,CN10Y
2011-09-08,,0.04065,,,930598,稀土产业,CNY,CN10Y
2011-09-09,,0.040452,,,930598,稀土产业,CNY,CN10Y
2011-09-13,,0.040208,,,930598,稀土产业,CNY,CN10Y
2011-09-14,,0.0402099999999999,,,930598,稀土产业,CNY,CN10Y
2011-09-15,,0.040495,,,930598,稀土产业,CNY,CN10Y
2011-09-16,,0.040752,,,930598,稀土产业,CNY,CN10Y
2011-09-19,,0.040801,,,930598,稀土产业,CNY,CN10Y
2011-09-20,,0.040801,,,930598,稀土产业,CNY,CN10Y
2011-09-21,,0.040908,,,930598,稀土产业,CNY,CN10Y
2011-09-22,,0.040676,,,930598,稀土产业,CNY,CN10Y
2011-09-23,,0.039662,,,930598,稀土产业,CNY,CN10Y
2011-09-26,,0.0388779999999999,,,930598,稀土产业,CNY,CN10Y
2011-09-27,,0.039158,,,930598,稀土产业,CNY,CN10Y
2011-09-28,,0.039203,,,930598,稀土产业,CNY,CN10Y
2011-09-29,,0.03884,,,930598,稀土产业,CNY,CN10Y
2011-09-30,,0.038605,,,930598,稀土产业,CNY,CN10Y
2011-10-08,,0.038605,,,930598,稀土产业,CNY,CN10Y
2011-10-09,,0.038056,,,930598,稀土产业,CNY,CN10Y
2011-10-10,,0.0377059999999999,,,930598,稀土产业,CNY,CN10Y
2011-10-11,,0.037593,,,930598,稀土产业,CNY,CN10Y
2011-10-12,,0.038005,,,930598,稀土产业,CNY,CN10Y
2011-10-13,,0.038205,,,930598,稀土产业,CNY,CN10Y
2011-10-14,,0.037707,,,930598,稀土产业,CNY,CN10Y
2011-10-17,,0.037906,,,930598,稀土产业,CNY,CN10Y
2011-10-18,,0.0374069999999999,,,930598,稀土产业,CNY,CN10Y
2011-10-19,,0.037311,,,930598,稀土产业,CNY,CN10Y
2011-10-20,,0.037266,,,930598,稀土产业,CNY,CN10Y
2011-10-21,,0.037385,,,930598,稀土产业,CNY,CN10Y
2011-10-24,,0.037533,,,930598,稀土产业,CNY,CN10Y
2011-10-25,,0.03796,,,930598,稀土产业,CNY,CN10Y
2011-10-26,,0.037918,,,930598,稀土产业,CNY,CN10Y
2011-10-27,,0.0380319999999999,,,930598,稀土产业,CNY,CN10Y
2011-10-28,,0.03787,,,930598,稀土产业,CNY,CN10Y
2011-10-31,,0.037607,,,930598,稀土产业,CNY,CN10Y
2011-11-01,,0.037395,,,930598,稀土产业,CNY,CN10Y
2011-11-02,,0.037208,,,930598,稀土产业,CNY,CN10Y
2011-11-03,,0.037233,,,930598,稀土产业,CNY,CN10Y
2011-11-04,,0.037158,,,930598,稀土产业,CNY,CN10Y
2011-11-07,,0.037333,,,930598,稀土产业,CNY,CN10Y
2011-11-08,,0.036988,,,930598,稀土产业,CNY,CN10Y
2011-11-09,,0.036436,,,930598,稀土产业,CNY,CN10Y
2011-11-10,,0.035563,,,930598,稀土产业,CNY,CN10Y
2011-11-11,,0.035916,,,930598,稀土产业,CNY,CN10Y
2011-11-14,,0.035807,,,930598,稀土产业,CNY,CN10Y
2011-11-15,,0.036563,,,930598,稀土产业,CNY,CN10Y
2011-11-16,,0.03626,,,930598,稀土产业,CNY,CN10Y
2011-11-17,,0.03636,,,930598,稀土产业,CNY,CN10Y
2011-11-18,,0.036412,,,930598,稀土产业,CNY,CN10Y
2011-11-21,,0.036598,,,930598,稀土产业,CNY,CN10Y
2011-11-22,,0.036412,,,930598,稀土产业,CNY,CN10Y
2011-11-23,,0.035914,,,930598,稀土产业,CNY,CN10Y
2011-11-24,,0.036103,,,930598,稀土产业,CNY,CN10Y
2011-11-25,,0.036115,,,930598,稀土产业,CNY,CN10Y
2011-11-28,,0.036402,,,930598,稀土产业,CNY,CN10Y
2011-11-29,,0.036315,,,930598,稀土产业,CNY,CN10Y
2011-11-30,,0.036091,,,930598,稀土产业,CNY,CN10Y
2011-12-01,,0.035005,,,930598,稀土产业,CNY,CN10Y
2011-12-02,,0.03472,,,930598,稀土产业,CNY,CN10Y
2011-12-05,,0.03442,,,930598,稀土产业,CNY,CN10Y
2011-12-06,,0.03479,,,930598,稀土产业,CNY,CN10Y
2011-12-07,,0.03489,,,930598,稀土产业,CNY,CN10Y
2011-12-08,,0.034953,,,930598,稀土产业,CNY,CN10Y
2011-12-09,,0.034817,,,930598,稀土产业,CNY,CN10Y
2011-12-12,,0.034927,,,930598,稀土产业,CNY,CN10Y
2011-12-13,,0.034982,,,930598,稀土产业,CNY,CN10Y
2011-12-14,,0.034807,,,930598,稀土产业,CNY,CN10Y
2011-12-15,,0.03489,,,930598,稀土产业,CNY,CN10Y
2011-12-16,,0.034637,,,930598,稀土产业,CNY,CN10Y
2011-12-19,,0.034702,,,930598,稀土产业,CNY,CN10Y
2011-12-20,,0.034655,,,930598,稀土产业,CNY,CN10Y
2011-12-21,,0.034709,,,930598,稀土产业,CNY,CN10Y
2011-12-22,,0.034752,,,930598,稀土产业,CNY,CN10Y
2011-12-23,,0.034803,,,930598,稀土产业,CNY,CN10Y
2011-12-26,,0.0346519999999999,,,930598,稀土产业,CNY,CN10Y
2011-12-27,,0.034603,,,930598,稀土产业,CNY,CN10Y
2011-12-28,,0.034603,,,930598,稀土产业,CNY,CN10Y
2011-12-29,,0.034453,,,930598,稀土产业,CNY,CN10Y
2011-12-30,,0.034303,,,930598,稀土产业,CNY,CN10Y
2011-12-31,,0.034211,,,930598,稀土产业,CNY,CN10Y
2012-01-04,985.73,0.0343949999999999,,,930598,稀土产业,CNY,CN10Y
2012-01-05,944.54,0.034304,,,930598,稀土产业,CNY,CN10Y
2012-01-06,969.0,0.03397,,,930598,稀土产业,CNY,CN10Y
2012-01-09,1018.34,0.0338059999999999,,,930598,稀土产业,CNY,CN10Y
2012-01-10,1055.6,0.03403,,,930598,稀土产业,CNY,CN10Y
2012-01-11,1076.14,0.0342079999999999,,,930598,稀土产业,CNY,CN10Y
2012-01-12,1088.31,0.03402,,,930598,稀土产业,CNY,CN10Y
2012-01-13,1089.3,0.034108,,,930598,稀土产业,CNY,CN10Y
2012-01-16,1027.2,0.034233,,,930598,稀土产业,CNY,CN10Y
2012-01-17,1112.42,0.034045,,,930598,稀土产业,CNY,CN10Y
2012-01-18,1108.68,0.033957,,,930598,稀土产业,CNY,CN10Y
2012-01-19,1121.5,0.0337579999999999,,,930598,稀土产业,CNY,CN10Y
2012-01-20,1112.42,0.033808,,,930598,稀土产业,CNY,CN10Y
2012-01-21,,0.033811,,,930598,稀土产业,CNY,CN10Y
2012-01-29,,0.033812,,,930598,稀土产业,CNY,CN10Y
2012-01-30,1107.66,0.034005,,,930598,稀土产业,CNY,CN10Y
2012-01-31,1123.2,0.034064,,,930598,稀土产业,CNY,CN10Y
2012-02-01,1096.59,0.034318,,,930598,稀土产业,CNY,CN10Y
2012-02-02,1117.99,0.0344099999999999,,,930598,稀土产业,CNY,CN10Y
2012-02-03,1125.18,0.03436,,,930598,稀土产业,CNY,CN10Y
2012-02-06,1131.74,0.0347849999999999,,,930598,稀土产业,CNY,CN10Y
2012-02-07,1107.29,0.03481,,,930598,稀土产业,CNY,CN10Y
2012-02-08,1167.66,0.035098,,,930598,稀土产业,CNY,CN10Y
2012-02-09,1162.01,0.035409,,,930598,稀土产业,CNY,CN10Y
2012-02-10,1165.29,0.03521,,,930598,稀土产业,CNY,CN10Y
2012-02-13,1173.37,0.035148,,,930598,稀土产业,CNY,CN10Y
2012-02-14,1167.28,0.03516,,,930598,稀土产业,CNY,CN10Y
2012-02-15,1185.89,0.035335,,,930598,稀土产业,CNY,CN10Y
2012-02-16,1183.77,0.035361,,,930598,稀土产业,CNY,CN10Y
2012-02-17,1182.47,0.035361,,,930598,稀土产业,CNY,CN10Y
2012-02-20,1176.89,0.035116,,,930598,稀土产业,CNY,CN10Y
2012-02-21,1184.95,0.035164,,,930598,稀土产业,CNY,CN10Y
2012-02-22,1201.34,0.035276,,,930598,稀土产业,CNY,CN10Y
2012-02-23,1214.33,0.035254,,,930598,稀土产业,CNY,CN10Y
2012-02-24,1221.95,0.035164,,,930598,稀土产业,CNY,CN10Y
2012-02-27,1237.8,0.035501,,,930598,稀土产业,CNY,CN10Y
2012-02-28,1238.12,0.035464,,,930598,稀土产业,CNY,CN10Y
2012-02-29,1239.08,0.0353399999999999,,,930598,稀土产业,CNY,CN10Y
2012-03-01,1238.61,0.0355,,,930598,稀土产业,CNY,CN10Y
2012-03-02,1258.5,0.035616,,,930598,稀土产业,CNY,CN10Y
2012-03-05,1266.76,0.035614,,,930598,稀土产业,CNY,CN10Y
2012-03-06,1244.74,0.0354649999999999,,,930598,稀土产业,CNY,CN10Y
2012-03-07,1228.1,0.035316,,,930598,稀土产业,CNY,CN10Y
2012-03-08,1276.65,0.035316,,,930598,稀土产业,CNY,CN10Y
2012-03-09,1310.87,0.035367,,,930598,稀土产业,CNY,CN10Y
2012-03-12,1335.7,0.035242,,,930598,稀土产业,CNY,CN10Y
2012-03-13,1343.15,0.0354009999999999,,,930598,稀土产业,CNY,CN10Y
2012-03-14,1319.23,0.035451,,,930598,稀土产业,CNY,CN10Y
2012-03-15,1304.73,0.035589,,,930598,稀土产业,CNY,CN10Y
2012-03-16,1354.42,0.035483,,,930598,稀土产业,CNY,CN10Y
2012-03-19,1391.53,0.03559,,,930598,稀土产业,CNY,CN10Y
2012-03-20,1382.17,0.035601,,,930598,稀土产业,CNY,CN10Y
2012-03-21,1400.63,0.035608,,,930598,稀土产业,CNY,CN10Y
2012-03-22,1363.46,0.035502,,,930598,稀土产业,CNY,CN10Y
2012-03-23,1340.75,0.035267,,,930598,稀土产业,CNY,CN10Y
2012-03-26,1326.21,0.035247,,,930598,稀土产业,CNY,CN10Y
2012-03-27,1352.57,0.035403,,,930598,稀土产业,CNY,CN10Y
2012-03-28,1291.11,0.035223,,,930598,稀土产业,CNY,CN10Y
2012-03-29,1265.69,0.035143,,,930598,稀土产业,CNY,CN10Y
2012-03-30,1249.77,0.035054,,,930598,稀土产业,CNY,CN10Y
2012-03-31,,0.035004,,,930598,稀土产业,CNY,CN10Y
2012-04-01,,0.035204,,,930598,稀土产业,CNY,CN10Y
2012-04-05,1316.06,0.035191,,,930598,稀土产业,CNY,CN10Y
2012-04-06,1313.27,0.035203,,,930598,稀土产业,CNY,CN10Y
2012-04-09,1301.36,0.035352,,,930598,稀土产业,CNY,CN10Y
2012-04-10,1300.21,0.035366,,,930598,稀土产业,CNY,CN10Y
2012-04-11,1284.81,0.035308,,,930598,稀土产业,CNY,CN10Y
2012-04-12,1308.88,0.035407,,,930598,稀土产业,CNY,CN10Y
2012-04-13,1339.63,0.0352769999999999,,,930598,稀土产业,CNY,CN10Y
2012-04-16,1328.65,0.035318,,,930598,稀土产业,CNY,CN10Y
2012-04-17,1315.49,0.035291,,,930598,稀土产业,CNY,CN10Y
2012-04-18,1337.25,0.035366,,,930598,稀土产业,CNY,CN10Y
2012-04-19,1327.59,0.035518,,,930598,稀土产业,CNY,CN10Y
2012-04-20,1327.44,0.035414,,,930598,稀土产业,CNY,CN10Y
2012-04-23,1294.4,0.035407,,,930598,稀土产业,CNY,CN10Y
2012-04-24,1279.72,0.035302,,,930598,稀土产业,CNY,CN10Y
2012-04-25,1309.63,0.035369,,,930598,稀土产业,CNY,CN10Y
2012-04-26,1300.53,0.035357,,,930598,稀土产业,CNY,CN10Y
2012-04-27,1303.07,0.035389,,,930598,稀土产业,CNY,CN10Y
2012-04-28,,0.035391,,,930598,稀土产业,CNY,CN10Y
2012-05-02,1359.85,0.035449,,,930598,稀土产业,CNY,CN10Y
2012-05-03,1359.59,0.035454,,,930598,稀土产业,CNY,CN10Y
2012-05-04,1412.79,0.035512,,,930598,稀土产业,CNY,CN10Y
2012-05-07,1429.79,0.035518,,,930598,稀土产业,CNY,CN10Y
2012-05-08,1463.91,0.03552,,,930598,稀土产业,CNY,CN10Y
2012-05-09,1431.87,0.035414,,,930598,稀土产业,CNY,CN10Y
2012-05-10,1478.67,0.035287,,,930598,稀土产业,CNY,CN10Y
2012-05-11,1459.0,0.034907,,,930598,稀土产业,CNY,CN10Y
2012-05-14,1426.58,0.034461,,,930598,稀土产业,CNY,CN10Y
2012-05-15,1442.06,0.03405,,,930598,稀土产业,CNY,CN10Y
2012-05-16,1431.93,0.033618,,,930598,稀土产业,CNY,CN10Y
2012-05-17,1442.98,0.034116,,,930598,稀土产业,CNY,CN10Y
2012-05-18,1434.04,0.033614,,,930598,稀土产业,CNY,CN10Y
2012-05-21,1476.68,0.033866,,,930598,稀土产业,CNY,CN10Y
2012-05-22,1475.89,0.033948,,,930598,稀土产业,CNY,CN10Y
2012-05-23,1451.36,0.033825,,,930598,稀土产业,CNY,CN10Y
2012-05-24,1454.17,0.0336189999999999,,,930598,稀土产业,CNY,CN10Y
2012-05-25,1450.46,0.033019,,,930598,稀土产业,CNY,CN10Y
2012-05-28,1447.33,0.033418,,,930598,稀土产业,CNY,CN10Y
2012-05-29,1498.44,0.033718,,,930598,稀土产业,CNY,CN10Y
2012-05-30,1490.51,0.033766,,,930598,稀土产业,CNY,CN10Y
2012-05-31,1488.0,0.033443,,,930598,稀土产业,CNY,CN10Y
2012-06-01,1510.33,0.033416,,,930598,稀土产业,CNY,CN10Y
2012-06-04,1469.24,0.033469,,,930598,稀土产业,CNY,CN10Y
2012-06-05,1459.01,0.033568,,,930598,稀土产业,CNY,CN10Y
2012-06-06,1469.71,0.0336,,,930598,稀土产业,CNY,CN10Y
2012-06-07,1461.5,0.033751,,,930598,稀土产业,CNY,CN10Y
2012-06-08,1443.91,0.033101,,,930598,稀土产业,CNY,CN10Y
2012-06-11,1476.27,0.033491,,,930598,稀土产业,CNY,CN10Y
2012-06-12,1469.46,0.033747,,,930598,稀土产业,CNY,CN10Y
2012-06-13,1486.28,0.0339089999999999,,,930598,稀土产业,CNY,CN10Y
2012-06-14,1469.32,0.034009,,,930598,稀土产业,CNY,CN10Y
2012-06-15,1459.22,0.033932,,,930598,稀土产业,CNY,CN10Y
2012-06-18,1467.85,0.034107,,,930598,稀土产业,CNY,CN10Y
2012-06-19,1438.28,0.034093,,,930598,稀土产业,CNY,CN10Y
2012-06-20,1441.04,0.034101,,,930598,稀土产业,CNY,CN10Y
2012-06-21,1434.1,0.034001,,,930598,稀土产业,CNY,CN10Y
2012-06-25,1370.91,0.033677,,,930598,稀土产业,CNY,CN10Y
2012-06-26,1356.82,0.033653,,,930598,稀土产业,CNY,CN10Y
2012-06-27,1332.3,0.033252,,,930598,稀土产业,CNY,CN10Y
2012-06-28,1294.32,0.033253,,,930598,稀土产业,CNY,CN10Y
2012-06-29,1324.6,0.033253,,,930598,稀土产业,CNY,CN10Y
2012-07-02,1353.16,0.033353,,,930598,稀土产业,CNY,CN10Y
2012-07-03,1343.03,0.033204,,,930598,稀土产业,CNY,CN10Y
2012-07-04,1347.74,0.033195,,,930598,稀土产业,CNY,CN10Y
2012-07-05,1315.41,0.033193,,,930598,稀土产业,CNY,CN10Y
2012-07-06,1371.45,0.0329599999999999,,,930598,稀土产业,CNY,CN10Y
2012-07-09,1348.91,0.032709,,,930598,稀土产业,CNY,CN10Y
2012-07-10,1346.71,0.032549,,,930598,稀土产业,CNY,CN10Y
2012-07-11,1358.57,0.0323979999999999,,,930598,稀土产业,CNY,CN10Y
2012-07-12,1381.52,0.032502,,,930598,稀土产业,CNY,CN10Y
2012-07-13,1372.47,0.032591,,,930598,稀土产业,CNY,CN10Y
2012-07-16,1332.24,0.0327519999999999,,,930598,稀土产业,CNY,CN10Y
2012-07-17,1341.79,0.03285,,,930598,稀土产业,CNY,CN10Y
2012-07-18,1349.02,0.032858,,,930598,稀土产业,CNY,CN10Y
2012-07-19,1349.4,0.03286,,,930598,稀土产业,CNY,CN10Y
2012-07-20,1331.92,0.03281,,,930598,稀土产业,CNY,CN10Y
2012-07-23,1314.31,0.03276,,,930598,稀土产业,CNY,CN10Y
2012-07-24,1318.48,0.032759,,,930598,稀土产业,CNY,CN10Y
2012-07-25,1305.62,0.03276,,,930598,稀土产业,CNY,CN10Y
2012-07-26,1297.86,0.032763,,,930598,稀土产业,CNY,CN10Y
2012-07-27,1266.85,0.032764,,,930598,稀土产业,CNY,CN10Y
2012-07-30,1238.53,0.032755,,,930598,稀土产业,CNY,CN10Y
2012-07-31,1202.95,0.032915,,,930598,稀土产业,CNY,CN10Y
2012-08-01,1239.57,0.032921,,,930598,稀土产业,CNY,CN10Y
2012-08-02,1224.78,0.032861,,,930598,稀土产业,CNY,CN10Y
2012-08-03,1254.98,0.032902,,,930598,稀土产业,CNY,CN10Y
2012-08-06,1329.4,0.0331,,,930598,稀土产业,CNY,CN10Y
2012-08-07,1354.69,0.0333,,,930598,稀土产业,CNY,CN10Y
2012-08-08,1345.85,0.033545,,,930598,稀土产业,CNY,CN10Y
2012-08-09,1362.14,0.033023,,,930598,稀土产业,CNY,CN10Y
2012-08-10,1353.5,0.032825,,,930598,稀土产业,CNY,CN10Y
2012-08-13,1339.35,0.033029,,,930598,稀土产业,CNY,CN10Y
2012-08-14,1322.44,0.033105,,,930598,稀土产业,CNY,CN10Y
2012-08-15,1305.18,0.033402,,,930598,稀土产业,CNY,CN10Y
2012-08-16,1301.21,0.033467,,,930598,稀土产业,CNY,CN10Y
2012-08-17,1307.04,0.033342,,,930598,稀土产业,CNY,CN10Y
2012-08-20,1307.05,0.033564,,,930598,稀土产业,CNY,CN10Y
2012-08-21,1312.3,0.033578,,,930598,稀土产业,CNY,CN10Y
2012-08-22,1286.55,0.033935,,,930598,稀土产业,CNY,CN10Y
2012-08-23,1318.25,0.033702,,,930598,稀土产业,CNY,CN10Y
2012-08-24,1285.58,0.033364,,,930598,稀土产业,CNY,CN10Y
2012-08-27,1208.86,0.033498,,,930598,稀土产业,CNY,CN10Y
2012-08-28,1209.94,0.033634,,,930598,稀土产业,CNY,CN10Y
2012-08-29,1167.42,0.033943,,,930598,稀土产业,CNY,CN10Y
2012-08-30,1159.19,0.033904,,,930598,稀土产业,CNY,CN10Y
2012-08-31,1151.66,0.033928,,,930598,稀土产业,CNY,CN10Y
2012-09-03,1167.47,0.034001,,,930598,稀土产业,CNY,CN10Y
2012-09-04,1160.98,0.033836,,,930598,稀土产业,CNY,CN10Y
2012-09-05,1158.74,0.033887,,,930598,稀土产业,CNY,CN10Y
2012-09-06,1169.22,0.033963,,,930598,稀土产业,CNY,CN10Y
2012-09-07,1241.2,0.034162,,,930598,稀土产业,CNY,CN10Y
2012-09-10,1244.14,0.034611,,,930598,稀土产业,CNY,CN10Y
2012-09-11,1242.85,0.034714,,,930598,稀土产业,CNY,CN10Y
2012-09-12,1256.72,0.0349089999999999,,,930598,稀土产业,CNY,CN10Y
2012-09-13,1231.03,0.034834,,,930598,稀土产业,CNY,CN10Y
2012-09-14,1243.14,0.035485,,,930598,稀土产业,CNY,CN10Y
2012-09-17,1197.42,0.035717,,,930598,稀土产业,CNY,CN10Y
2012-09-18,1177.04,0.035216,,,930598,稀土产业,CNY,CN10Y
2012-09-19,1192.01,0.035166,,,930598,稀土产业,CNY,CN10Y
2012-09-20,1143.79,0.035171,,,930598,稀土产业,CNY,CN10Y
2012-09-21,1147.79,0.034998,,,930598,稀土产业,CNY,CN10Y
2012-09-24,1155.72,0.034956,,,930598,稀土产业,CNY,CN10Y
2012-09-25,1142.17,0.034676,,,930598,稀土产业,CNY,CN10Y
2012-09-26,1118.33,0.034444,,,930598,稀土产业,CNY,CN10Y
2012-09-27,1145.7,0.034525,,,930598,稀土产业,CNY,CN10Y
2012-09-28,1178.76,0.034575,,,930598,稀土产业,CNY,CN10Y
2012-09-29,,0.034574,,,930598,稀土产业,CNY,CN10Y
2012-10-08,1163.15,0.034814,,,930598,稀土产业,CNY,CN10Y
2012-10-09,1186.43,0.034921,,,930598,稀土产业,CNY,CN10Y
2012-10-10,1192.36,0.035036,,,930598,稀土产业,CNY,CN10Y
2012-10-11,1180.38,0.03499,,,930598,稀土产业,CNY,CN10Y
2012-10-12,1169.39,0.034807,,,930598,稀土产业,CNY,CN10Y
2012-10-15,1139.74,0.03473,,,930598,稀土产业,CNY,CN10Y
2012-10-16,1137.78,0.0349029999999999,,,930598,稀土产业,CNY,CN10Y
2012-10-17,1152.86,0.035036,,,930598,稀土产业,CNY,CN10Y
2012-10-18,1167.65,0.03519,,,930598,稀土产业,CNY,CN10Y
2012-10-19,1164.6,0.03535,,,930598,稀土产业,CNY,CN10Y
2012-10-22,1153.35,0.035293,,,930598,稀土产业,CNY,CN10Y
2012-10-23,1151.91,0.035454,,,930598,稀土产业,CNY,CN10Y
2012-10-24,1137.33,0.035478,,,930598,稀土产业,CNY,CN10Y
2012-10-25,1125.01,0.035672,,,930598,稀土产业,CNY,CN10Y
2012-10-26,1077.38,0.035727,,,930598,稀土产业,CNY,CN10Y
2012-10-29,1063.38,0.035668,,,930598,稀土产业,CNY,CN10Y
2012-10-30,1075.05,0.035648,,,930598,稀土产业,CNY,CN10Y
2012-10-31,1082.76,0.035739,,,930598,稀土产业,CNY,CN10Y
2012-11-01,1118.67,0.0359839999999999,,,930598,稀土产业,CNY,CN10Y
2012-11-02,1111.31,0.035852,,,930598,稀土产业,CNY,CN10Y
2012-11-05,1110.96,0.035872,,,930598,稀土产业,CNY,CN10Y
2012-11-06,1107.69,0.035771,,,930598,稀土产业,CNY,CN10Y
2012-11-07,1124.34,0.035644,,,930598,稀土产业,CNY,CN10Y
2012-11-08,1088.93,0.035609,,,930598,稀土产业,CNY,CN10Y
2012-11-09,1079.66,0.035594,,,930598,稀土产业,CNY,CN10Y
2012-11-12,1095.19,0.035585,,,930598,稀土产业,CNY,CN10Y
2012-11-13,1081.28,0.03547,,,930598,稀土产业,CNY,CN10Y
2012-11-14,1099.08,0.035356,,,930598,稀土产业,CNY,CN10Y
2012-11-15,1067.73,0.035279,,,930598,稀土产业,CNY,CN10Y
2012-11-16,1056.75,0.035133,,,930598,稀土产业,CNY,CN10Y
2012-11-19,1064.51,0.03501,,,930598,稀土产业,CNY,CN10Y
2012-11-20,1063.59,0.0351109999999999,,,930598,稀土产业,CNY,CN10Y
2012-11-21,1072.44,0.035205,,,930598,稀土产业,CNY,CN10Y
2012-11-22,1056.33,0.035357,,,930598,稀土产业,CNY,CN10Y
2012-11-23,1064.13,0.035428,,,930598,稀土产业,CNY,CN10Y
2012-11-26,1058.03,0.035511,,,930598,稀土产业,CNY,CN10Y
2012-11-27,1017.43,0.03557,,,930598,稀土产业,CNY,CN10Y
2012-11-28,981.19,0.035535,,,930598,稀土产业,CNY,CN10Y
2012-11-29,964.42,0.035311,,,930598,稀土产业,CNY,CN10Y
2012-11-30,979.77,0.035332,,,930598,稀土产业,CNY,CN10Y
2012-12-03,947.21,0.035397,,,930598,稀土产业,CNY,CN10Y
2012-12-04,960.41,0.035498,,,930598,稀土产业,CNY,CN10Y
2012-12-05,1005.47,0.035622,,,930598,稀土产业,CNY,CN10Y
2012-12-06,994.99,0.03558,,,930598,稀土产业,CNY,CN10Y
2012-12-07,1015.91,0.035689,,,930598,稀土产业,CNY,CN10Y
2012-12-10,1039.85,0.035707,,,930598,稀土产业,CNY,CN10Y
2012-12-11,1033.83,0.0356579999999999,,,930598,稀土产业,CNY,CN10Y
2012-12-12,1037.78,0.035666,,,930598,稀土产业,CNY,CN10Y
2012-12-13,1015.37,0.035649,,,930598,稀土产业,CNY,CN10Y
2012-12-14,1061.67,0.035781,,,930598,稀土产业,CNY,CN10Y
2012-12-17,1085.99,0.035814,,,930598,稀土产业,CNY,CN10Y
2012-12-18,1120.0,0.035843,,,930598,稀土产业,CNY,CN10Y
2012-12-19,1119.98,0.035942,,,930598,稀土产业,CNY,CN10Y
2012-12-20,1165.22,0.036086,,,930598,稀土产业,CNY,CN10Y
2012-12-21,1152.07,0.03606,,,930598,稀土产业,CNY,CN10Y
2012-12-24,1154.13,0.036009,,,930598,稀土产业,CNY,CN10Y
2012-12-25,1161.79,0.035955,,,930598,稀土产业,CNY,CN10Y
2012-12-26,1167.21,0.035925,,,930598,稀土产业,CNY,CN10Y
2012-12-27,1170.56,0.035803,,,930598,稀土产业,CNY,CN10Y
2012-12-28,1176.6,0.035752,,,930598,稀土产业,CNY,CN10Y
2012-12-31,1184.79,0.035738,,,930598,稀土产业,CNY,CN10Y
2013-01-04,1190.69,0.036062,,,930598,稀土产业,CNY,CN10Y
2013-01-05,,0.036003,,,930598,稀土产业,CNY,CN10Y
2013-01-06,,0.03595,,,930598,稀土产业,CNY,CN10Y
2013-01-07,1177.43,0.035965,,,930598,稀土产业,CNY,CN10Y
2013-01-08,1200.19,0.035943,,,930598,稀土产业,CNY,CN10Y
2013-01-09,1180.64,0.03575,,,930598,稀土产业,CNY,CN10Y
2013-01-10,1193.32,0.03595,,,930598,稀土产业,CNY,CN10Y
2013-01-11,1168.88,0.0359989999999999,,,930598,稀土产业,CNY,CN10Y
2013-01-14,1203.85,0.036023,,,930598,稀土产业,CNY,CN10Y
2013-01-15,1228.91,0.036008,,,930598,稀土产业,CNY,CN10Y
2013-01-16,1231.1,0.0360469999999999,,,930598,稀土产业,CNY,CN10Y
2013-01-17,1204.26,0.035986,,,930598,稀土产业,CNY,CN10Y
2013-01-18,1211.69,0.035834,,,930598,稀土产业,CNY,CN10Y
2013-01-21,1204.89,0.035743,,,930598,稀土产业,CNY,CN10Y
2013-01-22,1190.62,0.035705,,,930598,稀土产业,CNY,CN10Y
2013-01-23,1201.29,0.035682,,,930598,稀土产业,CNY,CN10Y
2013-01-24,1178.18,0.035816,,,930598,稀土产业,CNY,CN10Y
2013-01-25,1173.85,0.035837,,,930598,稀土产业,CNY,CN10Y
2013-01-28,1202.79,0.036042,,,930598,稀土产业,CNY,CN10Y
2013-01-29,1210.92,0.036116,,,930598,稀土产业,CNY,CN10Y
2013-01-30,1195.26,0.036053,,,930598,稀土产业,CNY,CN10Y
2013-01-31,1201.31,0.036054,,,930598,稀土产业,CNY,CN10Y
2013-02-01,1184.97,0.036004,,,930598,稀土产业,CNY,CN10Y
2013-02-04,1180.01,0.036016,,,930598,稀土产业,CNY,CN10Y
2013-02-05,1186.04,0.03591,,,930598,稀土产业,CNY,CN10Y
2013-02-06,1201.85,0.035922,,,930598,稀土产业,CNY,CN10Y
2013-02-07,1199.21,0.035928,,,930598,稀土产业,CNY,CN10Y
2013-02-08,1266.05,0.035859,,,930598,稀土产业,CNY,CN10Y
2013-02-16,,0.035922,,,930598,稀土产业,CNY,CN10Y
2013-02-17,,0.035847,,,930598,稀土产业,CNY,CN10Y
2013-02-18,1253.2,0.035929,,,930598,稀土产业,CNY,CN10Y
2013-02-19,1229.21,0.035931,,,930598,稀土产业,CNY,CN10Y
2013-02-20,1233.65,0.035632,,,930598,稀土产业,CNY,CN10Y
2013-02-21,1195.6,0.035623,,,930598,稀土产业,CNY,CN10Y
2013-02-22,1215.18,0.035708,,,930598,稀土产业,CNY,CN10Y
2013-02-25,1215.12,0.035821,,,930598,稀土产业,CNY,CN10Y
2013-02-26,1202.36,0.035948,,,930598,稀土产业,CNY,CN10Y
2013-02-27,1211.28,0.035904,,,930598,稀土产业,CNY,CN10Y
2013-02-28,1241.93,0.0359569999999999,,,930598,稀土产业,CNY,CN10Y
2013-03-01,1248.19,0.035878,,,930598,稀土产业,CNY,CN10Y
2013-03-04,1213.9,0.035785,,,930598,稀土产业,CNY,CN10Y
2013-03-05,1233.59,0.03576,,,930598,稀土产业,CNY,CN10Y
2013-03-06,1241.98,0.035802,,,930598,稀土产业,CNY,CN10Y
2013-03-07,1236.68,0.035813,,,930598,稀土产业,CNY,CN10Y
2013-03-08,1240.1,0.035816,,,930598,稀土产业,CNY,CN10Y
2013-03-11,1228.78,0.03583,,,930598,稀土产业,CNY,CN10Y
2013-03-12,1220.12,0.035897,,,930598,稀土产业,CNY,CN10Y
2013-03-13,1226.23,0.035898,,,930598,稀土产业,CNY,CN10Y
2013-03-14,1222.56,0.035919,,,930598,稀土产业,CNY,CN10Y
2013-03-15,1221.35,0.035919,,,930598,稀土产业,CNY,CN10Y
2013-03-18,1180.44,0.035971,,,930598,稀土产业,CNY,CN10Y
2013-03-19,1169.89,0.035922,,,930598,稀土产业,CNY,CN10Y
2013-03-20,1208.2,0.035722,,,930598,稀土产业,CNY,CN10Y
2013-03-21,1208.55,0.035819,,,930598,稀土产业,CNY,CN10Y
2013-03-22,1216.27,0.035816,,,930598,稀土产业,CNY,CN10Y
2013-03-25,1252.52,0.0357699999999999,,,930598,稀土产业,CNY,CN10Y
2013-03-26,1222.34,0.035717,,,930598,稀土产业,CNY,CN10Y
2013-03-27,1226.84,0.035611,,,930598,稀土产业,CNY,CN10Y
2013-03-28,1176.56,0.035505,,,930598,稀土产业,CNY,CN10Y
2013-03-29,1161.29,0.035392,,,930598,稀土产业,CNY,CN10Y
2013-04-01,1163.11,0.035303,,,930598,稀土产业,CNY,CN10Y
2013-04-02,1159.43,0.035106,,,930598,稀土产业,CNY,CN10Y
2013-04-03,1159.62,0.035005,,,930598,稀土产业,CNY,CN10Y
2013-04-07,,0.034907,,,930598,稀土产业,CNY,CN10Y
2013-04-08,1144.95,0.034905,,,930598,稀土产业,CNY,CN10Y
2013-04-09,1182.27,0.034705,,,930598,稀土产业,CNY,CN10Y
2013-04-10,1182.34,0.034624,,,930598,稀土产业,CNY,CN10Y
2013-04-11,1162.61,0.034705,,,930598,稀土产业,CNY,CN10Y
2013-04-12,1149.09,0.034655,,,930598,稀土产业,CNY,CN10Y
2013-04-15,1119.95,0.034405,,,930598,稀土产业,CNY,CN10Y
2013-04-16,1122.45,0.034005,,,930598,稀土产业,CNY,CN10Y
2013-04-17,1122.23,0.034131,,,930598,稀土产业,CNY,CN10Y
2013-04-18,1118.8,0.0344309999999999,,,930598,稀土产业,CNY,CN10Y
2013-04-19,1152.26,0.034503,,,930598,稀土产业,CNY,CN10Y
2013-04-22,1154.25,0.034867,,,930598,稀土产业,CNY,CN10Y
2013-04-23,1123.87,0.034629,,,930598,稀土产业,CNY,CN10Y
2013-04-24,1150.19,0.034498,,,930598,稀土产业,CNY,CN10Y
2013-04-25,1138.16,0.034314,,,930598,稀土产业,CNY,CN10Y
2013-04-26,1127.45,0.0343129999999999,,,930598,稀土产业,CNY,CN10Y
2013-04-27,,0.034311,,,930598,稀土产业,CNY,CN10Y
2013-04-28,,0.034314,,,930598,稀土产业,CNY,CN10Y
2013-05-02,1100.67,0.034119,,,930598,稀土产业,CNY,CN10Y
2013-05-03,1118.31,0.034212,,,930598,稀土产业,CNY,CN10Y
2013-05-06,1166.8,0.034354,,,930598,稀土产业,CNY,CN10Y
2013-05-07,1188.42,0.034261,,,930598,稀土产业,CNY,CN10Y
2013-05-08,1186.03,0.034345,,,930598,稀土产业,CNY,CN10Y
2013-05-09,1188.55,0.034317,,,930598,稀土产业,CNY,CN10Y
2013-05-10,1184.06,0.034212,,,930598,稀土产业,CNY,CN10Y
2013-05-13,1190.27,0.034238,,,930598,稀土产业,CNY,CN10Y
2013-05-14,1176.5,0.034248,,,930598,稀土产业,CNY,CN10Y
2013-05-15,1185.57,0.034218,,,930598,稀土产业,CNY,CN10Y
2013-05-16,1194.94,0.034219,,,930598,稀土产业,CNY,CN10Y
2013-05-17,1207.77,0.034213,,,930598,稀土产业,CNY,CN10Y
2013-05-20,1236.69,0.034253,,,930598,稀土产业,CNY,CN10Y
2013-05-21,1239.35,0.034253,,,930598,稀土产业,CNY,CN10Y
2013-05-22,1241.02,0.0341529999999999,,,930598,稀土产业,CNY,CN10Y
2013-05-23,1216.74,0.03413,,,930598,稀土产业,CNY,CN10Y
2013-05-24,1240.0,0.0341809999999999,,,930598,稀土产业,CNY,CN10Y
2013-05-27,1237.37,0.034166,,,930598,稀土产业,CNY,CN10Y
2013-05-28,1245.84,0.034206,,,930598,稀土产业,CNY,CN10Y
2013-05-29,1255.18,0.03434,,,930598,稀土产业,CNY,CN10Y
2013-05-30,1235.73,0.03434,,,930598,稀土产业,CNY,CN10Y
2013-05-31,1215.84,0.034399,,,930598,稀土产业,CNY,CN10Y
2013-06-03,1200.21,0.034478,,,930598,稀土产业,CNY,CN10Y
2013-06-04,1181.51,0.034603,,,930598,稀土产业,CNY,CN10Y
2013-06-05,1192.07,0.034615,,,930598,稀土产业,CNY,CN10Y
2013-06-06,1171.36,0.034651,,,930598,稀土产业,CNY,CN10Y
2013-06-07,1141.42,0.034822,,,930598,稀土产业,CNY,CN10Y
2013-06-08,,0.034822,,,930598,稀土产业,CNY,CN10Y
2013-06-09,,0.034491,,,930598,稀土产业,CNY,CN10Y
2013-06-13,1092.61,0.034591,,,930598,稀土产业,CNY,CN10Y
2013-06-14,1105.14,0.034689,,,930598,稀土产业,CNY,CN10Y
2013-06-17,1099.47,0.0347849999999999,,,930598,稀土产业,CNY,CN10Y
2013-06-18,1107.57,0.0348179999999999,,,930598,稀土产业,CNY,CN10Y
2013-06-19,1129.95,0.035516,,,930598,稀土产业,CNY,CN10Y
2013-06-20,1083.12,0.037016,,,930598,稀土产业,CNY,CN10Y
2013-06-21,1076.36,0.036014,,,930598,稀土产业,CNY,CN10Y
2013-06-24,993.04,0.0359989999999999,,,930598,稀土产业,CNY,CN10Y
2013-06-25,978.08,0.0359989999999999,,,930598,稀土产业,CNY,CN10Y
2013-06-26,994.98,0.0355,,,930598,稀土产业,CNY,CN10Y
2013-06-27,973.94,0.035231,,,930598,稀土产业,CNY,CN10Y
2013-06-28,971.94,0.035125,,,930598,稀土产业,CNY,CN10Y
2013-07-01,995.06,0.035245,,,930598,稀土产业,CNY,CN10Y
2013-07-02,996.61,0.035243,,,930598,稀土产业,CNY,CN10Y
2013-07-03,982.51,0.035302,,,930598,稀土产业,CNY,CN10Y
2013-07-04,1031.58,0.035102,,,930598,稀土产业,CNY,CN10Y
2013-07-05,1053.66,0.035127,,,930598,稀土产业,CNY,CN10Y
2013-07-08,1008.92,0.035177,,,930598,稀土产业,CNY,CN10Y
2013-07-09,1015.82,0.035202,,,930598,稀土产业,CNY,CN10Y
2013-07-10,1090.91,0.035802,,,930598,稀土产业,CNY,CN10Y
2013-07-11,1146.05,0.0359019999999999,,,930598,稀土产业,CNY,CN10Y
2013-07-12,1119.53,0.036001,,,930598,稀土产业,CNY,CN10Y
2013-07-15,1133.13,0.0361019999999999,,,930598,稀土产业,CNY,CN10Y
2013-07-16,1145.39,0.03619,,,930598,稀土产业,CNY,CN10Y
2013-07-17,1113.83,0.03669,,,930598,稀土产业,CNY,CN10Y
2013-07-18,1102.37,0.036903,,,930598,稀土产业,CNY,CN10Y
2013-07-19,1045.12,0.037051,,,930598,稀土产业,CNY,CN10Y
2013-07-22,1069.18,0.037401,,,930598,稀土产业,CNY,CN10Y
2013-07-23,1118.7,0.037602,,,930598,稀土产业,CNY,CN10Y
2013-07-24,1126.23,0.037952,,,930598,稀土产业,CNY,CN10Y
2013-07-25,1101.79,0.0371019999999999,,,930598,稀土产业,CNY,CN10Y
2013-07-26,1099.76,0.037152,,,930598,稀土产业,CNY,CN10Y
2013-07-29,1084.82,0.037228,,,930598,稀土产业,CNY,CN10Y
2013-07-30,1111.98,0.037227,,,930598,稀土产业,CNY,CN10Y
2013-07-31,1097.35,0.037214,,,930598,稀土产业,CNY,CN10Y
2013-08-01,1120.01,0.0370529999999999,,,930598,稀土产业,CNY,CN10Y
2013-08-02,1119.58,0.037034,,,930598,稀土产业,CNY,CN10Y
2013-08-05,1134.45,0.037104,,,930598,稀土产业,CNY,CN10Y
2013-08-06,1153.14,0.037153,,,930598,稀土产业,CNY,CN10Y
2013-08-07,1141.21,0.037703,,,930598,稀土产业,CNY,CN10Y
2013-08-08,1148.44,0.0384549999999999,,,930598,稀土产业,CNY,CN10Y
2013-08-09,1207.42,0.038407,,,930598,稀土产业,CNY,CN10Y
2013-08-12,1240.7,0.038513,,,930598,稀土产业,CNY,CN10Y
2013-08-13,1240.58,0.0392519999999999,,,930598,稀土产业,CNY,CN10Y
2013-08-14,1225.56,0.039516,,,930598,稀土产业,CNY,CN10Y
2013-08-15,1215.41,0.039602,,,930598,稀土产业,CNY,CN10Y
2013-08-16,1171.79,0.039401,,,930598,稀土产业,CNY,CN10Y
2013-08-19,1211.67,0.040103,,,930598,稀土产业,CNY,CN10Y
2013-08-20,1194.41,0.040881,,,930598,稀土产业,CNY,CN10Y
2013-08-21,1205.25,0.040382,,,930598,稀土产业,CNY,CN10Y
2013-08-22,1186.89,0.040302,,,930598,稀土产业,CNY,CN10Y
2013-08-23,1178.38,0.039916,,,930598,稀土产业,CNY,CN10Y
2013-08-26,1198.25,0.039555,,,930598,稀土产业,CNY,CN10Y
2013-08-27,1221.5,0.0396539999999999,,,930598,稀土产业,CNY,CN10Y
2013-08-28,1224.83,0.040222,,,930598,稀土产业,CNY,CN10Y
2013-08-29,1206.76,0.0403,,,930598,稀土产业,CNY,CN10Y
2013-08-30,1175.13,0.040354,,,930598,稀土产业,CNY,CN10Y
2013-09-02,1183.5,0.0403559999999999,,,930598,稀土产业,CNY,CN10Y
2013-09-03,1188.32,0.040404,,,930598,稀土产业,CNY,CN10Y
2013-09-04,1199.94,0.0405499999999999,,,930598,稀土产业,CNY,CN10Y
2013-09-05,1176.24,0.0405499999999999,,,930598,稀土产业,CNY,CN10Y
2013-09-06,1181.63,0.040455,,,930598,稀土产业,CNY,CN10Y
2013-09-09,1202.9,0.0405499999999999,,,930598,稀土产业,CNY,CN10Y
2013-09-10,1224.5,0.04065,,,930598,稀土产业,CNY,CN10Y
2013-09-11,1237.73,0.041341,,,930598,稀土产业,CNY,CN10Y
2013-09-12,1224.0,0.041291,,,930598,稀土产业,CNY,CN10Y
2013-09-13,1231.18,0.041406,,,930598,稀土产业,CNY,CN10Y
2013-09-16,1218.2,0.041201,,,930598,稀土产业,CNY,CN10Y
2013-09-17,1189.33,0.040721,,,930598,稀土产业,CNY,CN10Y
2013-09-18,1189.85,0.040502,,,930598,稀土产业,CNY,CN10Y
2013-09-22,,0.039851,,,930598,稀土产业,CNY,CN10Y
2013-09-23,1215.18,0.040095,,,930598,稀土产业,CNY,CN10Y
2013-09-24,1202.43,0.040201,,,930598,稀土产业,CNY,CN10Y
2013-09-25,1191.53,0.040202,,,930598,稀土产业,CNY,CN10Y
2013-09-26,1182.24,0.039901,,,930598,稀土产业,CNY,CN10Y
2013-09-27,1186.54,0.040002,,,930598,稀土产业,CNY,CN10Y
2013-09-29,,0.040002,,,930598,稀土产业,CNY,CN10Y
2013-09-30,1194.65,0.039954,,,930598,稀土产业,CNY,CN10Y
2013-10-08,1198.02,0.039903,,,930598,稀土产业,CNY,CN10Y
2013-10-09,1206.19,0.040316,,,930598,稀土产业,CNY,CN10Y
2013-10-10,1201.41,0.040166,,,930598,稀土产业,CNY,CN10Y
2013-10-11,1211.3,0.040265,,,930598,稀土产业,CNY,CN10Y
2013-10-12,,0.040263,,,930598,稀土产业,CNY,CN10Y
2013-10-14,1201.27,0.040663,,,930598,稀土产业,CNY,CN10Y
2013-10-15,1208.7,0.040791,,,930598,稀土产业,CNY,CN10Y
2013-10-16,1168.08,0.0409659999999999,,,930598,稀土产业,CNY,CN10Y
2013-10-17,1173.56,0.0409659999999999,,,930598,稀土产业,CNY,CN10Y
2013-10-18,1172.67,0.041055,,,930598,稀土产业,CNY,CN10Y
2013-10-21,1188.25,0.041105,,,930598,稀土产业,CNY,CN10Y
2013-10-22,1184.16,0.0413049999999999,,,930598,稀土产业,CNY,CN10Y
2013-10-23,1196.71,0.041491,,,930598,稀土产业,CNY,CN10Y
2013-10-24,1183.15,0.04194,,,930598,稀土产业,CNY,CN10Y
2013-10-25,1154.43,0.04214,,,930598,稀土产业,CNY,CN10Y
2013-10-28,1140.71,0.0420399999999999,,,930598,稀土产业,CNY,CN10Y
2013-10-29,1115.25,0.0421729999999999,,,930598,稀土产业,CNY,CN10Y
2013-10-30,1123.44,0.0421729999999999,,,930598,稀土产业,CNY,CN10Y
2013-10-31,1115.21,0.041806,,,930598,稀土产业,CNY,CN10Y
2013-11-01,1136.75,0.0415559999999999,,,930598,稀土产业,CNY,CN10Y
2013-11-04,1146.17,0.041731,,,930598,稀土产业,CNY,CN10Y
2013-11-05,1170.18,0.042106,,,930598,稀土产业,CNY,CN10Y
2013-11-06,1167.06,0.042206,,,930598,稀土产业,CNY,CN10Y
2013-11-07,1150.14,0.042945,,,930598,稀土产业,CNY,CN10Y
2013-11-08,1118.6,0.043186,,,930598,稀土产业,CNY,CN10Y
2013-11-11,1113.55,0.044034,,,930598,稀土产业,CNY,CN10Y
2013-11-12,1117.82,0.044146,,,930598,稀土产业,CNY,CN10Y
2013-11-13,1102.0,0.0446279999999999,,,930598,稀土产业,CNY,CN10Y
2013-11-14,1123.6,0.045006,,,930598,稀土产业,CNY,CN10Y
2013-11-15,1140.58,0.046006,,,930598,稀土产业,CNY,CN10Y
2013-11-18,1160.57,0.046619,,,930598,稀土产业,CNY,CN10Y
2013-11-19,1156.99,0.046722,,,930598,稀土产业,CNY,CN10Y
2013-11-20,1160.39,0.047222,,,930598,稀土产业,CNY,CN10Y
2013-11-21,1146.85,0.0470089999999999,,,930598,稀土产业,CNY,CN10Y
2013-11-22,1135.84,0.046509,,,930598,稀土产业,CNY,CN10Y
2013-11-25,1128.46,0.046159,,,930598,稀土产业,CNY,CN10Y
2013-11-26,1132.82,0.046059,,,930598,稀土产业,CNY,CN10Y
2013-11-27,1147.7,0.0455109999999999,,,930598,稀土产业,CNY,CN10Y
2013-11-28,1198.57,0.044313,,,930598,稀土产业,CNY,CN10Y
2013-11-29,1184.79,0.043612,,,930598,稀土产业,CNY,CN10Y
2013-12-02,1147.75,0.044812,,,930598,稀土产业,CNY,CN10Y
2013-12-03,1171.84,0.044412,,,930598,稀土产业,CNY,CN10Y
2013-12-04,1183.04,0.0442619999999999,,,930598,稀土产业,CNY,CN10Y
2013-12-05,1176.75,0.044962,,,930598,稀土产业,CNY,CN10Y
2013-12-06,1176.95,0.045162,,,930598,稀土产业,CNY,CN10Y
2013-12-09,1178.33,0.0454129999999999,,,930598,稀土产业,CNY,CN10Y
2013-12-10,1182.86,0.046012,,,930598,稀土产业,CNY,CN10Y
2013-12-11,1168.48,0.046213,,,930598,稀土产业,CNY,CN10Y
2013-12-12,1157.39,0.045913,,,930598,稀土产业,CNY,CN10Y
2013-12-13,1161.1,0.045411,,,930598,稀土产业,CNY,CN10Y
2013-12-16,1138.93,0.0455389999999999,,,930598,稀土产业,CNY,CN10Y
2013-12-17,1130.81,0.045639,,,930598,稀土产业,CNY,CN10Y
2013-12-18,1140.2,0.045814,,,930598,稀土产业,CNY,CN10Y
2013-12-19,1134.28,0.046016,,,930598,稀土产业,CNY,CN10Y
2013-12-20,1096.96,0.046016,,,930598,稀土产业,CNY,CN10Y
2013-12-23,1092.11,0.046017,,,930598,稀土产业,CNY,CN10Y
2013-12-24,1088.7,0.045566,,,930598,稀土产业,CNY,CN10Y
2013-12-25,1096.32,0.045666,,,930598,稀土产业,CNY,CN10Y
2013-12-26,1066.7,0.045579,,,930598,稀土产业,CNY,CN10Y
2013-12-27,1081.02,0.045437,,,930598,稀土产业,CNY,CN10Y
2013-12-30,1082.43,0.045437,,,930598,稀土产业,CNY,CN10Y
2013-12-31,1101.88,0.045518,,,930598,稀土产业,CNY,CN10Y
2014-01-02,1103.57,0.0460179999999999,,,930598,稀土产业,CNY,CN10Y
2014-01-03,1119.39,0.046415,,,930598,稀土产业,CNY,CN10Y
2014-01-06,1096.36,0.046569,,,930598,稀土产业,CNY,CN10Y
2014-01-07,1094.27,0.04642,,,930598,稀土产业,CNY,CN10Y
2014-01-08,1081.62,0.045919,,,930598,稀土产业,CNY,CN10Y
2014-01-09,1063.83,0.0459689999999999,,,930598,稀土产业,CNY,CN10Y
2014-01-10,1043.42,0.046016,,,930598,稀土产业,CNY,CN10Y
2014-01-13,1048.84,0.04597,,,930598,稀土产业,CNY,CN10Y
2014-01-14,1053.99,0.04602,,,930598,稀土产业,CNY,CN10Y
2014-01-15,1048.49,0.045523,,,930598,稀土产业,CNY,CN10Y
2014-01-16,1066.62,0.045871,,,930598,稀土产业,CNY,CN10Y
2014-01-17,1045.82,0.0459689999999999,,,930598,稀土产业,CNY,CN10Y
2014-01-20,1033.63,0.045923,,,930598,稀土产业,CNY,CN10Y
2014-01-21,1042.57,0.045423,,,930598,稀土产业,CNY,CN10Y
2014-01-22,1069.59,0.045023,,,930598,稀土产业,CNY,CN10Y
2014-01-23,1066.61,0.044825,,,930598,稀土产业,CNY,CN10Y
2014-01-24,1083.74,0.0451229999999999,,,930598,稀土产业,CNY,CN10Y
2014-01-26,,0.044777,,,930598,稀土产业,CNY,CN10Y
2014-01-27,1077.4,0.044802,,,930598,稀土产业,CNY,CN10Y
2014-01-28,1076.28,0.045027,,,930598,稀土产业,CNY,CN10Y
2014-01-29,1077.79,0.045102,,,930598,稀土产业,CNY,CN10Y
2014-01-30,1066.54,0.045019,,,930598,稀土产业,CNY,CN10Y
2014-02-07,1076.12,0.044781,,,930598,稀土产业,CNY,CN10Y
2014-02-08,,0.04468,,,930598,稀土产业,CNY,CN10Y
2014-02-10,1143.19,0.044831,,,930598,稀土产业,CNY,CN10Y
2014-02-11,1145.73,0.044881,,,930598,稀土产业,CNY,CN10Y
2014-02-12,1154.0,0.0447829999999999,,,930598,稀土产业,CNY,CN10Y
2014-02-13,1144.59,0.0447829999999999,,,930598,稀土产业,CNY,CN10Y
2014-02-14,1161.25,0.044781,,,930598,稀土产业,CNY,CN10Y
2014-02-17,1177.24,0.0451349999999999,,,930598,稀土产业,CNY,CN10Y
2014-02-18,1165.87,0.045385,,,930598,稀土产业,CNY,CN10Y
2014-02-19,1169.54,0.045535,,,930598,稀土产业,CNY,CN10Y
2014-02-20,1165.01,0.045336,,,930598,稀土产业,CNY,CN10Y
2014-02-21,1151.67,0.0452339999999999,,,930598,稀土产业,CNY,CN10Y
2014-02-24,1134.63,0.044836,,,930598,稀土产业,CNY,CN10Y
2014-02-25,1097.74,0.044336,,,930598,稀土产业,CNY,CN10Y
2014-02-26,1130.79,0.044496,,,930598,稀土产业,CNY,CN10Y
2014-02-27,1118.05,0.043896,,,930598,稀土产业,CNY,CN10Y
2014-02-28,1131.26,0.044276,,,930598,稀土产业,CNY,CN10Y
2014-03-03,1146.2,0.044576,,,930598,稀土产业,CNY,CN10Y
2014-03-04,1152.85,0.045026,,,930598,稀土产业,CNY,CN10Y
2014-03-05,1146.32,0.045176,,,930598,稀土产业,CNY,CN10Y
2014-03-06,1142.27,0.045145,,,930598,稀土产业,CNY,CN10Y
2014-03-07,1138.86,0.0451419999999999,,,930598,稀土产业,CNY,CN10Y
2014-03-10,1089.06,0.045043,,,930598,稀土产业,CNY,CN10Y
2014-03-11,1082.91,0.045125,,,930598,稀土产业,CNY,CN10Y
2014-03-12,1086.6,0.0450239999999999,,,930598,稀土产业,CNY,CN10Y
2014-03-13,1094.67,0.0450239999999999,,,930598,稀土产业,CNY,CN10Y
2014-03-14,1087.31,0.044924,,,930598,稀土产业,CNY,CN10Y
2014-03-17,1106.67,0.04482,,,930598,稀土产业,CNY,CN10Y
2014-03-18,1115.14,0.045095,,,930598,稀土产业,CNY,CN10Y
2014-03-19,1109.24,0.045095,,,930598,稀土产业,CNY,CN10Y
2014-03-20,1076.59,0.045195,,,930598,稀土产业,CNY,CN10Y
2014-03-21,1102.42,0.045044,,,930598,稀土产业,CNY,CN10Y
2014-03-24,1108.18,0.045148,,,930598,稀土产业,CNY,CN10Y
2014-03-25,1106.59,0.0451919999999999,,,930598,稀土产业,CNY,CN10Y
2014-03-26,1124.23,0.044992,,,930598,稀土产业,CNY,CN10Y
2014-03-27,1093.88,0.045109,,,930598,稀土产业,CNY,CN10Y
2014-03-28,1078.45,0.045104,,,930598,稀土产业,CNY,CN10Y
2014-03-31,1067.8,0.045004,,,930598,稀土产业,CNY,CN10Y
2014-04-01,1081.67,0.044954,,,930598,稀土产业,CNY,CN10Y
2014-04-02,1081.88,0.044904,,,930598,稀土产业,CNY,CN10Y
2014-04-03,1077.52,0.044904,,,930598,稀土产业,CNY,CN10Y
2014-04-04,1112.55,0.044904,,,930598,稀土产业,CNY,CN10Y
2014-04-08,1125.39,0.044499,,,930598,稀土产业,CNY,CN10Y
2014-04-09,1136.74,0.044771,,,930598,稀土产业,CNY,CN10Y
2014-04-10,1137.83,0.044571,,,930598,稀土产业,CNY,CN10Y
2014-04-11,1125.27,0.044521,,,930598,稀土产业,CNY,CN10Y
2014-04-14,1137.39,0.044248,,,930598,稀土产业,CNY,CN10Y
2014-04-15,1129.39,0.044001,,,930598,稀土产业,CNY,CN10Y
2014-04-16,1114.24,0.043601,,,930598,稀土产业,CNY,CN10Y
2014-04-17,1111.75,0.0427489999999999,,,930598,稀土产业,CNY,CN10Y
2014-04-18,1117.43,0.0429969999999999,,,930598,稀土产业,CNY,CN10Y
2014-04-21,1098.65,0.0429969999999999,,,930598,稀土产业,CNY,CN10Y
2014-04-22,1087.83,0.0429969999999999,,,930598,稀土产业,CNY,CN10Y
2014-04-23,1082.87,0.043297,,,930598,稀土产业,CNY,CN10Y
2014-04-24,1073.35,0.043394,,,930598,稀土产业,CNY,CN10Y
2014-04-25,1050.52,0.043294,,,930598,稀土产业,CNY,CN10Y
2014-04-28,1027.17,0.043301,,,930598,稀土产业,CNY,CN10Y
2014-04-29,1041.38,0.043202,,,930598,稀土产业,CNY,CN10Y
2014-04-30,1040.46,0.043002,,,930598,稀土产业,CNY,CN10Y
2014-05-04,,0.0429019999999999,,,930598,稀土产业,CNY,CN10Y
2014-05-05,1046.25,0.043002,,,930598,稀土产业,CNY,CN10Y
2014-05-06,1057.57,0.042803,,,930598,稀土产业,CNY,CN10Y
2014-05-07,1038.41,0.042803,,,930598,稀土产业,CNY,CN10Y
2014-05-08,1036.63,0.042303,,,930598,稀土产业,CNY,CN10Y
2014-05-09,1044.25,0.041205,,,930598,稀土产业,CNY,CN10Y
2014-05-12,1092.55,0.041205,,,930598,稀土产业,CNY,CN10Y
2014-05-13,1073.98,0.041505,,,930598,稀土产业,CNY,CN10Y
2014-05-14,1072.57,0.041704,,,930598,稀土产业,CNY,CN10Y
2014-05-15,1052.73,0.0419149999999999,,,930598,稀土产业,CNY,CN10Y
2014-05-16,1051.98,0.041919,,,930598,稀土产业,CNY,CN10Y
2014-05-19,1046.85,0.0417079999999999,,,930598,稀土产业,CNY,CN10Y
2014-05-20,1042.52,0.0417699999999999,,,930598,稀土产业,CNY,CN10Y
2014-05-21,1052.5,0.0417699999999999,,,930598,稀土产业,CNY,CN10Y
2014-05-22,1045.93,0.0417699999999999,,,930598,稀土产业,CNY,CN10Y
2014-05-23,1052.0,0.041574,,,930598,稀土产业,CNY,CN10Y
2014-05-26,1066.36,0.0416739999999999,,,930598,稀土产业,CNY,CN10Y
2014-05-27,1065.67,0.041574,,,930598,稀土产业,CNY,CN10Y
2014-05-28,1076.9,0.0414569999999999,,,930598,稀土产业,CNY,CN10Y
2014-05-29,1064.92,0.041159,,,930598,稀土产业,CNY,CN10Y
2014-05-30,1073.01,0.040714,,,930598,稀土产业,CNY,CN10Y
2014-06-03,1066.0,0.040214,,,930598,稀土产业,CNY,CN10Y
2014-06-04,1049.8,0.040114,,,930598,稀土产业,CNY,CN10Y
2014-06-05,1066.04,0.0403139999999999,,,930598,稀土产业,CNY,CN10Y
2014-06-06,1059.54,0.040614,,,930598,稀土产业,CNY,CN10Y
2014-06-09,1066.79,0.040714,,,930598,稀土产业,CNY,CN10Y
2014-06-10,1070.38,0.040614,,,930598,稀土产业,CNY,CN10Y
2014-06-11,1073.08,0.040614,,,930598,稀土产业,CNY,CN10Y
2014-06-12,1065.83,0.04064,,,930598,稀土产业,CNY,CN10Y
2014-06-13,1078.7,0.0408399999999999,,,930598,稀土产业,CNY,CN10Y
2014-06-16,1078.54,0.04064,,,930598,稀土产业,CNY,CN10Y
2014-06-17,1073.29,0.04054,,,930598,稀土产业,CNY,CN10Y
2014-06-18,1073.89,0.04054,,,930598,稀土产业,CNY,CN10Y
2014-06-19,1046.56,0.040408,,,930598,稀土产业,CNY,CN10Y
2014-06-20,1051.39,0.0405149999999999,,,930598,稀土产业,CNY,CN10Y
2014-06-23,1062.14,0.0405149999999999,,,930598,稀土产业,CNY,CN10Y
2014-06-24,1094.6,0.0405149999999999,,,930598,稀土产业,CNY,CN10Y
2014-06-25,1078.53,0.0405569999999999,,,930598,稀土产业,CNY,CN10Y
2014-06-26,1081.53,0.040472,,,930598,稀土产业,CNY,CN10Y
2014-06-27,1088.94,0.040485,,,930598,稀土产业,CNY,CN10Y
2014-06-30,1107.61,0.040612,,,930598,稀土产业,CNY,CN10Y
2014-07-01,1112.27,0.040812,,,930598,稀土产业,CNY,CN10Y
2014-07-02,1110.67,0.041212,,,930598,稀土产业,CNY,CN10Y
2014-07-03,1119.73,0.041503,,,930598,稀土产业,CNY,CN10Y
2014-07-04,1111.49,0.041747,,,930598,稀土产业,CNY,CN10Y
2014-07-07,1107.17,0.041212,,,930598,稀土产业,CNY,CN10Y
2014-07-08,1116.42,0.041162,,,930598,稀土产业,CNY,CN10Y
2014-07-09,1115.79,0.041276,,,930598,稀土产业,CNY,CN10Y
2014-07-10,1140.98,0.041298,,,930598,稀土产业,CNY,CN10Y
2014-07-11,1141.6,0.041198,,,930598,稀土产业,CNY,CN10Y
2014-07-14,1169.22,0.041298,,,930598,稀土产业,CNY,CN10Y
2014-07-15,1172.61,0.041571,,,930598,稀土产业,CNY,CN10Y
2014-07-16,1158.1,0.042171,,,930598,稀土产业,CNY,CN10Y
2014-07-17,1152.0,0.04267,,,930598,稀土产业,CNY,CN10Y
2014-07-18,1148.3,0.043019,,,930598,稀土产业,CNY,CN10Y
2014-07-21,1150.08,0.043017,,,930598,稀土产业,CNY,CN10Y
2014-07-22,1189.48,0.042717,,,930598,稀土产业,CNY,CN10Y
2014-07-23,1176.9,0.042967,,,930598,稀土产业,CNY,CN10Y
2014-07-24,1191.35,0.042967,,,930598,稀土产业,CNY,CN10Y
2014-07-25,1226.65,0.042711,,,930598,稀土产业,CNY,CN10Y
2014-07-28,1245.11,0.042713,,,930598,稀土产业,CNY,CN10Y
2014-07-29,1250.51,0.042805,,,930598,稀土产业,CNY,CN10Y
2014-07-30,1243.69,0.042905,,,930598,稀土产业,CNY,CN10Y
2014-07-31,1261.42,0.042655,,,930598,稀土产业,CNY,CN10Y
2014-08-01,1238.72,0.0425689999999999,,,930598,稀土产业,CNY,CN10Y
2014-08-04,1289.16,0.04253,,,930598,稀土产业,CNY,CN10Y
2014-08-05,1295.87,0.042576,,,930598,稀土产业,CNY,CN10Y
2014-08-06,1323.89,0.042463,,,930598,稀土产业,CNY,CN10Y
2014-08-07,1312.67,0.042563,,,930598,稀土产业,CNY,CN10Y
2014-08-08,1306.46,0.042712,,,930598,稀土产业,CNY,CN10Y
2014-08-11,1323.18,0.042815,,,930598,稀土产业,CNY,CN10Y
2014-08-12,1323.3,0.042815,,,930598,稀土产业,CNY,CN10Y
2014-08-13,1320.83,0.04255,,,930598,稀土产业,CNY,CN10Y
2014-08-14,1294.99,0.0421,,,930598,稀土产业,CNY,CN10Y
2014-08-15,1303.56,0.042002,,,930598,稀土产业,CNY,CN10Y
2014-08-18,1328.92,0.042153,,,930598,稀土产业,CNY,CN10Y
2014-08-19,1326.57,0.042422,,,930598,稀土产业,CNY,CN10Y
2014-08-20,1333.62,0.042523,,,930598,稀土产业,CNY,CN10Y
2014-08-21,1326.86,0.042512,,,930598,稀土产业,CNY,CN10Y
2014-08-22,1328.55,0.04256,,,930598,稀土产业,CNY,CN10Y
2014-08-25,1328.44,0.042524,,,930598,稀土产业,CNY,CN10Y
2014-08-26,1305.99,0.042462,,,930598,稀土产业,CNY,CN10Y
2014-08-27,1307.77,0.04231,,,930598,稀土产业,CNY,CN10Y
2014-08-28,1288.7,0.0422539999999999,,,930598,稀土产业,CNY,CN10Y
2014-08-29,1296.68,0.042361,,,930598,稀土产业,CNY,CN10Y
2014-09-01,1315.06,0.042405,,,930598,稀土产业,CNY,CN10Y
2014-09-02,1334.03,0.04249,,,930598,稀土产业,CNY,CN10Y
2014-09-03,1342.38,0.04264,,,930598,稀土产业,CNY,CN10Y
2014-09-04,1343.47,0.042814,,,930598,稀土产业,CNY,CN10Y
2014-09-05,1354.36,0.0429279999999999,,,930598,稀土产业,CNY,CN10Y
2014-09-09,1352.5,0.042868,,,930598,稀土产业,CNY,CN10Y
2014-09-10,1355.91,0.042934,,,930598,稀土产业,CNY,CN10Y
2014-09-11,1341.12,0.042937,,,930598,稀土产业,CNY,CN10Y
2014-09-12,1355.79,0.042793,,,930598,稀土产业,CNY,CN10Y
2014-09-15,1371.06,0.0425969999999999,,,930598,稀土产业,CNY,CN10Y
2014-09-16,1325.86,0.042634,,,930598,稀土产业,CNY,CN10Y
2014-09-17,1331.9,0.042008,,,930598,稀土产业,CNY,CN10Y
2014-09-18,1333.26,0.0414379999999999,,,930598,稀土产业,CNY,CN10Y
2014-09-19,1342.53,0.04031,,,930598,稀土产业,CNY,CN10Y
2014-09-22,1313.71,0.04011,,,930598,稀土产业,CNY,CN10Y
2014-09-23,1324.38,0.039911,,,930598,稀土产业,CNY,CN10Y
2014-09-24,1358.72,0.040425,,,930598,稀土产业,CNY,CN10Y
2014-09-25,1369.54,0.040025,,,930598,稀土产业,CNY,CN10Y
2014-09-26,1366.04,0.0400919999999999,,,930598,稀土产业,CNY,CN10Y
2014-09-28,,0.040227,,,930598,稀土产业,CNY,CN10Y
2014-09-29,1369.34,0.039925,,,930598,稀土产业,CNY,CN10Y
2014-09-30,1369.57,0.039824,,,930598,稀土产业,CNY,CN10Y
2014-10-08,1384.49,0.03993,,,930598,稀土产业,CNY,CN10Y
2014-10-09,1397.56,0.040014,,,930598,稀土产业,CNY,CN10Y
2014-10-10,1378.16,0.040131,,,930598,稀土产业,CNY,CN10Y
2014-10-11,,0.039965,,,930598,稀土产业,CNY,CN10Y
2014-10-13,1388.76,0.0399529999999999,,,930598,稀土产业,CNY,CN10Y
2014-10-14,1387.32,0.039015,,,930598,稀土产业,CNY,CN10Y
2014-10-15,1378.79,0.038215,,,930598,稀土产业,CNY,CN10Y
2014-10-16,1349.66,0.038116,,,930598,稀土产业,CNY,CN10Y
2014-10-17,1340.56,0.03811,,,930598,稀土产业,CNY,CN10Y
2014-10-20,1353.43,0.037441,,,930598,稀土产业,CNY,CN10Y
2014-10-21,1333.47,0.037323,,,930598,稀土产业,CNY,CN10Y
2014-10-22,1315.13,0.037929,,,930598,稀土产业,CNY,CN10Y
2014-10-23,1294.91,0.038108,,,930598,稀土产业,CNY,CN10Y
2014-10-24,1305.89,0.038013,,,930598,稀土产业,CNY,CN10Y
2014-10-27,1311.46,0.037756,,,930598,稀土产业,CNY,CN10Y
2014-10-28,1340.78,0.037424,,,930598,稀土产业,CNY,CN10Y
2014-10-29,1357.04,0.037176,,,930598,稀土产业,CNY,CN10Y
2014-10-30,1355.54,0.037688,,,930598,稀土产业,CNY,CN10Y
2014-10-31,1372.31,0.037559,,,930598,稀土产业,CNY,CN10Y
2014-11-03,1381.01,0.037007,,,930598,稀土产业,CNY,CN10Y
2014-11-04,1376.07,0.036412,,,930598,稀土产业,CNY,CN10Y
2014-11-05,1363.32,0.0361169999999999,,,930598,稀土产业,CNY,CN10Y
2014-11-06,1366.77,0.036223,,,930598,稀土产业,CNY,CN10Y
2014-11-07,1354.12,0.0356309999999999,,,930598,稀土产业,CNY,CN10Y
2014-11-10,1374.6,0.035132,,,930598,稀土产业,CNY,CN10Y
2014-11-11,1349.13,0.034981,,,930598,稀土产业,CNY,CN10Y
2014-11-12,1367.35,0.03556,,,930598,稀土产业,CNY,CN10Y
2014-11-13,1389.33,0.035924,,,930598,稀土产业,CNY,CN10Y
2014-11-14,1368.61,0.036466,,,930598,稀土产业,CNY,CN10Y
2014-11-17,1363.71,0.0366089999999999,,,930598,稀土产业,CNY,CN10Y
2014-11-18,1364.18,0.03607,,,930598,稀土产业,CNY,CN10Y
2014-11-19,1357.75,0.036154,,,930598,稀土产业,CNY,CN10Y
2014-11-20,1355.68,0.036521,,,930598,稀土产业,CNY,CN10Y
2014-11-21,1372.13,0.036514,,,930598,稀土产业,CNY,CN10Y
2014-11-24,1392.99,0.034767,,,930598,稀土产业,CNY,CN10Y
2014-11-25,1416.42,0.035216,,,930598,稀土产业,CNY,CN10Y
2014-11-26,1413.47,0.035228,,,930598,稀土产业,CNY,CN10Y
2014-11-27,1423.35,0.035243,,,930598,稀土产业,CNY,CN10Y
2014-11-28,1409.87,0.035249,,,930598,稀土产业,CNY,CN10Y
2014-12-01,1405.51,0.035145,,,930598,稀土产业,CNY,CN10Y
2014-12-02,1435.08,0.035553,,,930598,稀土产业,CNY,CN10Y
2014-12-03,1502.32,0.036238,,,930598,稀土产业,CNY,CN10Y
2014-12-04,1530.78,0.036633,,,930598,稀土产业,CNY,CN10Y
2014-12-05,1476.05,0.037759,,,930598,稀土产业,CNY,CN10Y
2014-12-08,1504.89,0.037918,,,930598,稀土产业,CNY,CN10Y
2014-12-09,1442.14,0.037532,,,930598,稀土产业,CNY,CN10Y
2014-12-10,1491.0,0.037111,,,930598,稀土产业,CNY,CN10Y
2014-12-11,1507.89,0.037282,,,930598,稀土产业,CNY,CN10Y
2014-12-12,1518.86,0.037513,,,930598,稀土产业,CNY,CN10Y
2014-12-15,1508.67,0.037815,,,930598,稀土产业,CNY,CN10Y
2014-12-16,1506.29,0.037522,,,930598,稀土产业,CNY,CN10Y
2014-12-17,1472.35,0.037377,,,930598,稀土产业,CNY,CN10Y
2014-12-18,1525.33,0.037614,,,930598,稀土产业,CNY,CN10Y
2014-12-19,1534.76,0.037106,,,930598,稀土产业,CNY,CN10Y
2014-12-22,1503.46,0.03703,,,930598,稀土产业,CNY,CN10Y
2014-12-23,1485.11,0.036604,,,930598,稀土产业,CNY,CN10Y
2014-12-24,1506.44,0.035975,,,930598,稀土产业,CNY,CN10Y
2014-12-25,1522.86,0.036305,,,930598,稀土产业,CNY,CN10Y
2014-12-26,1542.49,0.036339,,,930598,稀土产业,CNY,CN10Y
2014-12-29,1547.29,0.036213,,,930598,稀土产业,CNY,CN10Y
2014-12-30,1500.06,0.036213,,,930598,稀土产业,CNY,CN10Y
2014-12-31,1506.45,0.036219,,,930598,稀土产业,CNY,CN10Y
2015-01-04,,0.036285,,,930598,稀土产业,CNY,CN10Y
2015-01-05,1587.74,0.036251,,,930598,稀土产业,CNY,CN10Y
2015-01-06,1568.7,0.0363529999999999,,,930598,稀土产业,CNY,CN10Y
2015-01-07,1581.22,0.036408,,,930598,稀土产业,CNY,CN10Y
2015-01-08,1550.58,0.036415,,,930598,稀土产业,CNY,CN10Y
2015-01-09,1533.3,0.036348,,,930598,稀土产业,CNY,CN10Y
2015-01-12,1506.73,0.036371,,,930598,稀土产业,CNY,CN10Y
2015-01-13,1518.5,0.035836,,,930598,稀土产业,CNY,CN10Y
2015-01-14,1482.18,0.035411,,,930598,稀土产业,CNY,CN10Y
2015-01-15,1502.16,0.035464,,,930598,稀土产业,CNY,CN10Y
2015-01-16,1519.08,0.035017,,,930598,稀土产业,CNY,CN10Y
2015-01-19,1425.76,0.03475,,,930598,稀土产业,CNY,CN10Y
2015-01-20,1467.88,0.034711,,,930598,稀土产业,CNY,CN10Y
2015-01-21,1526.3,0.034672,,,930598,稀土产业,CNY,CN10Y
2015-01-22,1567.06,0.034521,,,930598,稀土产业,CNY,CN10Y
2015-01-23,1566.8,0.03452,,,930598,稀土产业,CNY,CN10Y
2015-01-26,1635.73,0.0343409999999999,,,930598,稀土产业,CNY,CN10Y
2015-01-27,1625.91,0.034309,,,930598,稀土产业,CNY,CN10Y
2015-01-28,1605.98,0.034767,,,930598,稀土产业,CNY,CN10Y
2015-01-29,1598.85,0.034966,,,930598,稀土产业,CNY,CN10Y
2015-01-30,1593.14,0.035019,,,930598,稀土产业,CNY,CN10Y
2015-02-02,1580.63,0.034729,,,930598,稀土产业,CNY,CN10Y
2015-02-03,1594.39,0.034533,,,930598,稀土产业,CNY,CN10Y
2015-02-04,1587.1,0.034589,77.38,-0.02166576402171104,930598,稀土产业,CNY,CN10Y
2015-02-05,1555.72,0.034018,75.18,-0.02071659005054536,930598,稀土产业,CNY,CN10Y
2015-02-06,1516.41,0.034325,73.04,-0.020633871851040528,930598,稀土产业,CNY,CN10Y
2015-02-09,1524.54,0.034236,73.4,-0.020612021798365125,930598,稀土产业,CNY,CN10Y
2015-02-10,1540.12,0.0342989999999999,74.19,-0.020820094487127544,930598,稀土产业,CNY,CN10Y
2015-02-11,1560.45,0.033955,75.39,-0.02069064133174161,930598,稀土产业,CNY,CN10Y
2015-02-12,1560.78,0.033865,75.11,-0.020551193582745306,930598,稀土产业,CNY,CN10Y
2015-02-13,1584.17,0.033552,76.23,-0.020433805063623245,930598,稀土产业,CNY,CN10Y
2015-02-15,,0.0336249999999999,76.23,-0.020506805063623144,930598,稀土产业,CNY,CN10Y
2015-02-16,1608.67,0.033374,77.31,-0.02043906273444574,930598,稀土产业,CNY,CN10Y
2015-02-17,1593.15,0.033373,76.68,-0.020331789775691188,930598,稀土产业,CNY,CN10Y
2015-02-25,1580.49,0.03349,76.42,-0.020404420308819678,930598,稀土产业,CNY,CN10Y
2015-02-26,1624.14,0.033594,78.63,-0.020876207808724404,930598,稀土产业,CNY,CN10Y
2015-02-27,1634.03,0.033745,79.16,-0.021112357251136936,930598,稀土产业,CNY,CN10Y
2015-02-28,,0.033602,79.16,-0.02096935725113694,930598,稀土产业,CNY,CN10Y
2015-03-02,1665.23,0.033883,80.67,-0.021486818024048594,930598,稀土产业,CNY,CN10Y
2015-03-03,1655.23,0.034022,79.86,-0.021500086651640368,930598,稀土产业,CNY,CN10Y
2015-03-04,1654.19,0.0338689999999999,79.79,-0.021336101140493696,930598,稀土产业,CNY,CN10Y
2015-03-05,1645.27,0.034369,79.03,-0.02171557724914589,930598,稀土产业,CNY,CN10Y
2015-03-06,1656.96,0.034753,79.66,-0.022199648255084106,930598,稀土产业,CNY,CN10Y
2015-03-09,1671.44,0.034922,80.03,-0.022426685742846432,930598,稀土产业,CNY,CN10Y
2015-03-10,1670.65,0.035228,80.25,-0.02276694080996885,930598,稀土产业,CNY,CN10Y
2015-03-11,1651.83,0.034466,79.59,-0.021901607488377932,930598,稀土产业,CNY,CN10Y
2015-03-12,1669.69,0.034412,80.47,-0.02198500857462408,930598,稀土产业,CNY,CN10Y
2015-03-13,1694.8,0.034879,82.72,-0.0227900251450677,930598,稀土产业,CNY,CN10Y
2015-03-16,1728.53,0.035301,84.82,-0.023511327752888465,930598,稀土产业,CNY,CN10Y
2015-03-17,1747.32,0.035428,85.44,-0.023723880149812734,930598,稀土产业,CNY,CN10Y
2015-03-18,1774.5,0.0355189999999999,87.1,-0.02403794374282424,930598,稀土产业,CNY,CN10Y
2015-03-19,1801.56,0.035348,88.54,-0.024053669753783598,930598,稀土产业,CNY,CN10Y
2015-03-20,1802.52,0.034958,88.3,-0.02363297168742922,930598,稀土产业,CNY,CN10Y
2015-03-23,1842.53,0.034933,89.82,-0.023799622133155195,930598,稀土产业,CNY,CN10Y
2015-03-24,1835.84,0.034841,89.67,-0.023688998215679713,930598,稀土产业,CNY,CN10Y
2015-03-25,1821.4,0.035037,88.87,-0.023784608866884212,930598,稀土产业,CNY,CN10Y
2015-03-26,1828.79,0.03544,89.55,-0.024273054159687325,930598,稀土产业,CNY,CN10Y
2015-03-27,1854.95,0.035678,91.52,-0.024751426573426574,930598,稀土产业,CNY,CN10Y
2015-03-30,1878.68,0.035849,92.34,-0.02501945700671432,930598,稀土产业,CNY,CN10Y
2015-03-31,1877.75,0.036483,91.87,-0.025598053880483293,930598,稀土产业,CNY,CN10Y
2015-04-01,1917.25,0.035997,93.57,-0.02530981393609063,930598,稀土产业,CNY,CN10Y
2015-04-02,1946.99,0.035438,94.53,-0.02485934772030043,930598,稀土产业,CNY,CN10Y
2015-04-03,1954.59,0.03572,94.72,-0.02516256756756757,930598,稀土产业,CNY,CN10Y
2015-04-07,1994.97,0.035987,96.47,-0.025621083134653257,930598,稀土产业,CNY,CN10Y
2015-04-08,1972.73,0.036938,95.9,-0.02651047132429614,930598,稀土产业,CNY,CN10Y
2015-04-09,1930.32,0.03704,93.58,-0.026353955973498606,930598,稀土产业,CNY,CN10Y
2015-04-10,1982.46,0.036947,95.86,-0.026515120175255584,930598,稀土产业,CNY,CN10Y
2015-04-13,2006.25,0.0366849999999999,96.54,-0.026326599337062256,930598,稀土产业,CNY,CN10Y
2015-04-14,2002.42,0.036211,97.41,-0.025945113540704237,930598,稀土产业,CNY,CN10Y
2015-04-15,1944.17,0.035954,93.76,-0.025288470989761093,930598,稀土产业,CNY,CN10Y
2015-04-16,1969.88,0.0356,94.55,-0.025023585404547858,930598,稀土产业,CNY,CN10Y
2015-04-17,2023.74,0.035627,96.83,-0.025299622121243415,930598,稀土产业,CNY,CN10Y
2015-04-20,2044.53,0.034554,98.18,-0.024368626196781422,930598,稀土产业,CNY,CN10Y
2015-04-21,2095.24,0.034055,102.03,-0.024253961089875528,930598,稀土产业,CNY,CN10Y
2015-04-22,2139.15,0.034052,103.71,-0.02440972828078295,930598,稀土产业,CNY,CN10Y
2015-04-23,2250.25,0.034151,107.93,-0.02488573547669786,930598,稀土产业,CNY,CN10Y
2015-04-24,2230.99,0.034454,106.94,-0.02510296203478586,930598,稀土产业,CNY,CN10Y
2015-04-27,2231.2,0.033952,106.29,-0.024543777213284414,930598,稀土产业,CNY,CN10Y
2015-04-28,2165.81,0.033804,101.98,-0.023998155716807218,930598,稀土产业,CNY,CN10Y
2015-04-29,2227.94,0.034,105.03,-0.02447891078739408,930598,稀土产业,CNY,CN10Y
2015-04-30,2180.42,0.033503,103.12,-0.02380556012412723,930598,稀土产业,CNY,CN10Y
2015-05-04,2209.91,0.033804,92.7,-0.023016513484358146,930598,稀土产业,CNY,CN10Y
2015-05-05,2141.98,0.034006,89.28,-0.022805283154121864,930598,稀土产业,CNY,CN10Y
2015-05-06,2115.19,0.03456,88.52,-0.023263117939448713,930598,稀土产业,CNY,CN10Y
2015-05-07,2065.34,0.034401,86.16,-0.022794686165273907,930598,稀土产业,CNY,CN10Y
2015-05-08,2120.91,0.033703,88.2,-0.022365131519274373,930598,稀土产业,CNY,CN10Y
2015-05-11,2186.5,0.033752,83.77,-0.021814552226334008,930598,稀土产业,CNY,CN10Y
2015-05-12,2206.13,0.034002,84.04,-0.022102904331270823,930598,稀土产业,CNY,CN10Y
2015-05-13,2229.36,0.034002,91.39,-0.0230598837947259,930598,稀土产业,CNY,CN10Y
2015-05-14,2350.52,0.033803,96.59,-0.02344996138316596,930598,稀土产业,CNY,CN10Y
2015-05-15,2348.5,0.033907,96.13,-0.023504420160199727,930598,稀土产业,CNY,CN10Y
2015-05-18,2304.98,0.034109,94.11,-0.0234831366486027,930598,稀土产业,CNY,CN10Y
2015-05-19,2356.57,0.034311,96.15,-0.023910583983359338,930598,稀土产业,CNY,CN10Y
2015-05-20,2378.04,0.034282,97.43,-0.02401822087652674,930598,稀土产业,CNY,CN10Y
2015-05-21,2422.33,0.034257,99.15,-0.024171271306101867,930598,稀土产业,CNY,CN10Y
2015-05-22,2470.35,0.0341599999999999,101.35,-0.02429320177602358,930598,稀土产业,CNY,CN10Y
2015-05-25,2522.16,0.03431,103.21,-0.024621016374382326,930598,稀土产业,CNY,CN10Y
2015-05-26,2575.28,0.0352139999999999,104.65,-0.025658338270425126,930598,稀土产业,CNY,CN10Y
2015-05-27,2593.89,0.035055,103.09,-0.025354738092928514,930598,稀土产业,CNY,CN10Y
2015-05-28,2411.27,0.0356519999999999,95.9,-0.02522447132429604,930598,稀土产业,CNY,CN10Y
2015-05-29,2389.98,0.035954,108.87,-0.02676873316799853,930598,稀土产业,CNY,CN10Y
2015-06-01,2503.5,0.036404,113.51,-0.027594203506299004,930598,稀土产业,CNY,CN10Y
2015-06-02,2556.89,0.03588,115.21,-0.027200197899487893,930598,稀土产业,CNY,CN10Y
2015-06-03,2572.38,0.036111,114.7,-0.02739260418482999,930598,稀土产业,CNY,CN10Y
2015-06-04,2534.52,0.035912,113.17,-0.027075735972430855,930598,稀土产业,CNY,CN10Y
2015-06-05,2621.82,0.035814,117.41,-0.027296837918405585,930598,稀土产业,CNY,CN10Y
2015-06-08,2632.22,0.035613,119.02,-0.027211050747773483,930598,稀土产业,CNY,CN10Y
2015-06-09,2643.2,0.035565,119.55,-0.027200299038059386,930598,稀土产业,CNY,CN10Y
2015-06-10,2628.05,0.035912,118.86,-0.027498740703348477,930598,稀土产业,CNY,CN10Y
2015-06-11,2659.43,0.036197,120.61,-0.027905813531216316,930598,稀土产业,CNY,CN10Y
2015-06-12,2676.02,0.036226,121.47,-0.027993514612661564,930598,稀土产业,CNY,CN10Y
2015-06-15,2638.51,0.036681,120.47,-0.028380178218643644,930598,稀土产业,CNY,CN10Y
2015-06-16,2536.8,0.036099,114.58,-0.02737147338104381,930598,稀土产业,CNY,CN10Y
2015-06-17,2584.44,0.036052,116.63,-0.027477876704107007,930598,稀土产业,CNY,CN10Y
2015-06-18,2503.0,0.03573,112.74,-0.026860033705871915,930598,稀土产业,CNY,CN10Y
2015-06-19,2330.39,0.035825,105.07,-0.02630753545255544,930598,稀土产业,CNY,CN10Y
2015-06-23,2328.86,0.036054,105.86,-0.026607561307387118,930598,稀土产业,CNY,CN10Y
2015-06-24,2402.04,0.036079,109.31,-0.026930706156801758,930598,稀土产业,CNY,CN10Y
2015-06-25,2320.99,0.036028,104.65,-0.026472338270425225,930598,稀土产业,CNY,CN10Y
2015-06-26,2127.61,0.03608,94.83,-0.025534813877464937,930598,稀土产业,CNY,CN10Y
2015-06-29,1985.73,0.03603,87.62,-0.02461708057521114,930598,稀土产业,CNY,CN10Y
2015-06-30,2089.28,0.035976,93.36,-0.02526477463581834,930598,稀土产业,CNY,CN10Y
2015-07-01,1954.08,0.036127,87.52,-0.024701040219378426,930598,稀土产业,CNY,CN10Y
2015-07-02,1811.25,0.036223,81.2,-0.02390772906403941,930598,稀土产业,CNY,CN10Y
2015-07-03,1695.14,0.035719,75.21,-0.022422895758542748,930598,稀土产业,CNY,CN10Y
2015-07-06,1675.13,0.034917,76.38,-0.02182456742602775,930598,稀土产业,CNY,CN10Y
2015-07-07,1613.37,0.034361,74.64,-0.020963357984994643,930598,稀土产业,CNY,CN10Y
2015-07-08,1564.75,0.034307,72.39,-0.020492937284155268,930598,稀土产业,CNY,CN10Y
2015-07-09,1643.14,0.034358,77.59,-0.02146974120376337,930598,稀土产业,CNY,CN10Y
2015-07-10,1739.58,0.034885,83.27,-0.022875873063528278,930598,稀土产业,CNY,CN10Y
2015-07-13,1830.62,0.0350139999999999,87.55,-0.02359195545402617,930598,稀土产业,CNY,CN10Y
2015-07-14,1839.84,0.035341,85.86,-0.023694133007221056,930598,稀土产业,CNY,CN10Y
2015-07-15,1771.65,0.035495,82.96,-0.02344099807135969,930598,稀土产业,CNY,CN10Y
2015-07-16,1813.92,0.0352079999999999,84.9,-0.023429436984687767,930598,稀土产业,CNY,CN10Y
2015-07-17,1898.06,0.035123,88.63,-0.023840138666365793,930598,稀土产业,CNY,CN10Y
2015-07-20,1900.79,0.035009,88.06,-0.023653106291165113,930598,稀土产业,CNY,CN10Y
2015-07-21,1926.65,0.0352139999999999,88.85,-0.023959075970737095,930598,稀土产业,CNY,CN10Y
2015-07-22,1948.18,0.035145,89.44,-0.023964320214669054,930598,稀土产业,CNY,CN10Y
2015-07-23,2013.38,0.034751,92.48,-0.023937851211072662,930598,稀土产业,CNY,CN10Y
2015-07-24,1990.14,0.034602,90.85,-0.02359484534947716,930598,稀土产业,CNY,CN10Y
2015-07-27,1826.59,0.034602,82.57,-0.022491063824633645,930598,稀土产业,CNY,CN10Y
2015-07-28,1734.11,0.034401,78.04,-0.021587058431573554,930598,稀土产业,CNY,CN10Y
2015-07-29,1826.03,0.034302,82.57,-0.022191063824633643,930598,稀土产业,CNY,CN10Y
2015-07-30,1778.7,0.034402,79.96,-0.02189574687343672,930598,稀土产业,CNY,CN10Y
2015-07-31,1763.63,0.034752,79.26,-0.022135295483219783,930598,稀土产业,CNY,CN10Y
2015-08-03,1723.96,0.0347,78.12,-0.021899180747567845,930598,稀土产业,CNY,CN10Y
2015-08-04,1816.32,0.0347,82.31,-0.022550807921273237,930598,稀土产业,CNY,CN10Y
2015-08-05,1799.73,0.034701,81.27,-0.022396336532545837,930598,稀土产业,CNY,CN10Y
2015-08-06,1826.97,0.0346,82.13,-0.022424181176184096,930598,稀土产业,CNY,CN10Y
2015-08-07,1876.75,0.034553,84.36,-0.022699040777619726,930598,稀土产业,CNY,CN10Y
2015-08-10,1973.1,0.034755,89.19,-0.02354298071532683,930598,稀土产业,CNY,CN10Y
2015-08-11,1976.07,0.0352559999999999,89.54,-0.024087807013625097,930598,稀土产业,CNY,CN10Y
2015-08-12,1928.81,0.035402,87.35,-0.02395380309101317,930598,稀土产业,CNY,CN10Y
2015-08-13,2002.1,0.035153,91.41,-0.024213277868942125,930598,稀土产业,CNY,CN10Y
2015-08-14,1986.01,0.035052,90.17,-0.023961836974603527,930598,稀土产业,CNY,CN10Y
2015-08-17,2044.43,0.035176,92.82,-0.024402459814695104,930598,稀土产业,CNY,CN10Y
2015-08-18,1869.56,0.035126,84.18,-0.02324669375148491,930598,稀土产业,CNY,CN10Y
2015-08-19,1902.89,0.0352009999999999,86.17,-0.023596033074155635,930598,稀土产业,CNY,CN10Y
2015-08-20,1821.19,0.035051,82.48,-0.02292684869059166,930598,稀土产业,CNY,CN10Y
2015-08-21,1743.37,0.0349509999999999,78.88,-0.02227351521298164,930598,稀土产业,CNY,CN10Y
2015-08-24,1595.6,0.034701,71.69,-0.020752053145487517,930598,稀土产业,CNY,CN10Y
2015-08-25,1463.0,0.034577,65.07,-0.019208934839403714,930598,稀土产业,CNY,CN10Y
2015-08-26,1381.77,0.03429,61.12,-0.017928743455497383,930598,稀土产业,CNY,CN10Y
2015-08-27,1438.64,0.033902,64.07,-0.018294071172155455,930598,稀土产业,CNY,CN10Y
2015-08-28,1523.15,0.033803,68.34,-0.01917028124085455,930598,稀土产业,CNY,CN10Y
2015-08-31,1513.65,0.033252,69.22,-0.018805308292401037,930598,稀土产业,CNY,CN10Y
2015-09-01,1471.57,0.033002,39.39,-0.007614845899974611,930598,稀土产业,CNY,CN10Y
2015-09-02,1466.8,0.033002,39.54,-0.007711155285786541,930598,稀土产业,CNY,CN10Y
2015-09-06,,0.033203,39.54,-0.007912155285786548,930598,稀土产业,CNY,CN10Y
2015-09-07,1450.63,0.033353,39.06,-0.007751361495135691,930598,稀土产业,CNY,CN10Y
2015-09-08,1493.77,0.033603,40.59,-0.008966389997536343,930598,稀土产业,CNY,CN10Y
2015-09-09,1531.72,0.033478,41.98,-0.009657132920438304,930598,稀土产业,CNY,CN10Y
2015-09-10,1508.65,0.033453,41.16,-0.00915756754130223,930598,稀土产业,CNY,CN10Y
2015-09-11,1508.52,0.0334039999999999,40.92,-0.008966072336265785,930598,稀土产业,CNY,CN10Y
2015-09-14,1412.49,0.033303,38.27,-0.007172871962372616,930598,稀土产业,CNY,CN10Y
2015-09-15,1322.54,0.033104,35.75,-0.0051319720279720295,930598,稀土产业,CNY,CN10Y
2015-09-16,1411.42,0.033103,38.56,-0.007169390041493778,930598,稀土产业,CNY,CN10Y
2015-09-17,1388.03,0.033204,37.53,-0.006558649613642418,930598,稀土产业,CNY,CN10Y
2015-09-18,1408.49,0.033105,38.01,-0.0067961339121283895,930598,稀土产业,CNY,CN10Y
2015-09-21,1443.66,0.033204,39.24,-0.0077198002038735974,930598,稀土产业,CNY,CN10Y
2015-09-22,1454.14,0.033255,39.68,-0.008053387096774191,930598,稀土产业,CNY,CN10Y
2015-09-23,1434.91,0.033354,39.25,-0.007876292993630574,930598,稀土产业,CNY,CN10Y
2015-09-24,1451.51,0.03318,39.01,-0.007545547295565239,930598,稀土产业,CNY,CN10Y
2015-09-25,1411.02,0.033101,37.54,-0.006462747469366009,930598,稀土产业,CNY,CN10Y
2015-09-28,1424.54,0.032906,36.87,-0.00578367832926498,930598,稀土产业,CNY,CN10Y
2015-09-29,1388.44,0.032457,35.88,-0.004586319955406915,930598,稀土产业,CNY,CN10Y
2015-09-30,1399.92,0.032362,34.67,-0.0035186195558119457,930598,稀土产业,CNY,CN10Y
2015-10-08,1448.55,0.032409,36.25,-0.0048227931034482766,930598,稀土产业,CNY,CN10Y
2015-10-09,1480.58,0.031486,37.25,-0.004640362416107383,930598,稀土产业,CNY,CN10Y
2015-10-10,,0.031612,37.25,-0.004766362416107384,930598,稀土产业,CNY,CN10Y
2015-10-12,1540.84,0.031488,39.07,-0.00589291425646276,930598,稀土产业,CNY,CN10Y
2015-10-13,1545.59,0.0310639999999999,39.21,-0.0055603019637846494,930598,稀土产业,CNY,CN10Y
2015-10-14,1581.68,0.030414,39.81,-0.005294683245415727,930598,稀土产业,CNY,CN10Y
2015-10-15,1609.75,0.0308139999999999,40.62,-0.006195585425898473,930598,稀土产业,CNY,CN10Y
2015-10-16,1617.74,0.031216,40.66,-0.006621804230201672,930598,稀土产业,CNY,CN10Y
2015-10-19,1612.97,0.031214,40.46,-0.0064982313395946616,930598,稀土产业,CNY,CN10Y
2015-10-20,1628.63,0.030615,40.92,-0.006177072336265885,930598,稀土产业,CNY,CN10Y
2015-10-21,1552.34,0.0306159999999999,38.64,-0.004736082815734892,930598,稀土产业,CNY,CN10Y
2015-10-22,1629.54,0.030516,40.66,-0.005921804230201673,930598,稀土产业,CNY,CN10Y
2015-10-23,1655.96,0.0304,41.34,-0.006210353168843736,930598,稀土产业,CNY,CN10Y
2015-10-26,1655.26,0.0302,41.44,-0.0060687258687258695,930598,稀土产业,CNY,CN10Y
2015-10-27,1660.95,0.0298,41.61,-0.005767315549146841,930598,稀土产业,CNY,CN10Y
2015-10-28,1643.28,0.02987,41.13,-0.005556846584001948,930598,稀土产业,CNY,CN10Y
2015-10-29,1643.91,0.0305,41.23,-0.00624581615328644,930598,稀土产业,CNY,CN10Y
2015-10-30,1631.28,0.0306,40.83,-0.006108204751408275,930598,稀土产业,CNY,CN10Y
2015-11-02,1615.9,0.030525,48.14,-0.009752253842958039,930598,稀土产业,CNY,CN10Y
2015-11-03,1625.85,0.0308,48.33,-0.01010891785640389,930598,稀土产业,CNY,CN10Y
2015-11-04,1703.12,0.031351,51.1,-0.011781528375733853,930598,稀土产业,CNY,CN10Y
2015-11-05,1715.38,0.03115,51.14,-0.011595834962847086,930598,稀土产业,CNY,CN10Y
2015-11-06,1742.37,0.03125,52.15,-0.012074544582933843,930598,稀土产业,CNY,CN10Y
2015-11-09,1761.0,0.032099,52.67,-0.013112859882285933,930598,稀土产业,CNY,CN10Y
2015-11-10,1775.97,0.032001,53.44,-0.013288425149700599,930598,稀土产业,CNY,CN10Y
2015-11-11,1785.84,0.0312259999999999,53.78,-0.01263172703607279,930598,稀土产业,CNY,CN10Y
2015-11-12,1851.9,0.031351,56.07,-0.013516150704476544,930598,稀土产业,CNY,CN10Y
2015-11-13,1800.77,0.031251,54.16,-0.01278718906942393,930598,稀土产业,CNY,CN10Y
2015-11-16,1819.8,0.031352,54.69,-0.013067121594441393,930598,稀土产业,CNY,CN10Y
2015-11-17,1797.52,0.031252,53.69,-0.012626557645744087,930598,稀土产业,CNY,CN10Y
2015-11-18,1748.09,0.031402,51.92,-0.01214159938366718,930598,稀土产业,CNY,CN10Y
2015-11-19,1786.56,0.031402,53.34,-0.012654343457067868,930598,稀土产业,CNY,CN10Y
2015-11-20,1796.37,0.031251,53.7,-0.012629026070763504,930598,稀土产业,CNY,CN10Y
2015-11-23,1757.65,0.0313019999999999,52.54,-0.012268882375332978,930598,稀土产业,CNY,CN10Y
2015-11-24,1777.69,0.031077,53.34,-0.01232934345706787,930598,稀土产业,CNY,CN10Y
2015-11-25,1808.36,0.030853,54.73,-0.012581485291430657,930598,稀土产业,CNY,CN10Y
2015-11-26,1806.02,0.030503,54.71,-0.012224805885578505,930598,稀土产业,CNY,CN10Y
2015-11-27,1689.81,0.0306029999999999,50.51,-0.010804940209859334,930598,稀土产业,CNY,CN10Y
2015-11-30,1693.68,0.030404,50.43,-0.010574533412651198,930598,稀土产业,CNY,CN10Y
2015-12-01,1704.09,0.0305039999999999,50.91,-0.010861493616185325,930598,稀土产业,CNY,CN10Y
2015-12-02,1707.14,0.030454,50.95,-0.010826914622178607,930598,稀土产业,CNY,CN10Y
2015-12-03,1736.02,0.030304,52.1,-0.011110142034548947,930598,稀土产业,CNY,CN10Y
2015-12-04,1726.72,0.030254,51.34,-0.010776010128554735,930598,稀土产业,CNY,CN10Y
2015-12-07,1740.9,0.03028,51.87,-0.0110010333526123,930598,稀土产业,CNY,CN10Y
2015-12-08,1705.06,0.030005,50.0,-0.010005,930598,稀土产业,CNY,CN10Y
2015-12-09,1702.31,0.0299679999999999,50.48,-0.010158174326465826,930598,稀土产业,CNY,CN10Y
2015-12-10,1689.22,0.030018,50.6,-0.010255154150197628,930598,稀土产业,CNY,CN10Y
2015-12-11,1699.88,0.029931,51.03,-0.01033468410738781,930598,稀土产业,CNY,CN10Y
2015-12-14,1750.51,0.030306,50.74,-0.010597683090264091,930598,稀土产业,CNY,CN10Y
2015-12-15,1755.6,0.030157,51.38,-0.010694173997664463,930598,稀土产业,CNY,CN10Y
2015-12-16,1746.6,0.030007,51.4,-0.010551747081712061,930598,稀土产业,CNY,CN10Y
2015-12-17,1799.11,0.029857,53.19,-0.01105647358526039,930598,稀土产业,CNY,CN10Y
2015-12-18,1776.96,0.029408,52.66,-0.0104182544625902,930598,稀土产业,CNY,CN10Y
2015-12-21,1823.2,0.028811,54.18,-0.01035400479881875,930598,稀土产业,CNY,CN10Y
2015-12-22,1878.43,0.02861,55.85,-0.010704897045658014,930598,稀土产业,CNY,CN10Y
2015-12-23,1838.69,0.02846,54.84,-0.010225134938001458,930598,稀土产业,CNY,CN10Y
2015-12-24,1821.14,0.02801,54.33,-0.009603962819804895,930598,稀土产业,CNY,CN10Y
2015-12-25,1824.56,0.028061,54.57,-0.009735912955836538,930598,稀土产业,CNY,CN10Y
2015-12-28,1760.02,0.027961,52.66,-0.0089712544625902,930598,稀土产业,CNY,CN10Y
2015-12-29,1759.1,0.028061,52.73,-0.009096463682912951,930598,稀土产业,CNY,CN10Y
2015-12-30,1789.25,0.0282609999999999,53.56,-0.009590350261388998,930598,稀土产业,CNY,CN10Y
2015-12-31,1765.21,0.028212,52.92,-0.00931555253212396,930598,稀土产业,CNY,CN10Y
2016-01-04,1595.58,0.02871,47.98,-0.007867982492705292,930598,稀土产业,CNY,CN10Y
2016-01-05,1592.36,0.028911,48.05,-0.00809934547346514,930598,稀土产业,CNY,CN10Y
2016-01-06,1647.61,0.0288609999999999,49.53,-0.008671216030688374,930598,稀土产业,CNY,CN10Y
2016-01-07,1488.05,0.028511,44.73,-0.0061546396154706015,930598,稀土产业,CNY,CN10Y
2016-01-08,1528.07,0.028362,45.56,-0.006412921861281826,930598,稀土产业,CNY,CN10Y
2016-01-11,1418.33,0.028187,42.31,-0.0045519255495154835,930598,稀土产业,CNY,CN10Y
2016-01-12,1420.87,0.027887,42.42,-0.004313214049976425,930598,稀土产业,CNY,CN10Y
2016-01-13,1380.8,0.027237,41.06,-0.002882396980029227,930598,稀土产业,CNY,CN10Y
2016-01-14,1432.52,0.027513,42.78,-0.00413759093034128,930598,稀土产业,CNY,CN10Y
2016-01-15,1361.15,0.027464,40.78,-0.0029421755762628725,930598,稀土产业,CNY,CN10Y
2016-01-18,1375.54,0.027764,41.26,-0.0035274512845370823,930598,稀土产业,CNY,CN10Y
2016-01-19,1429.68,0.027964,42.94,-0.004675690731252909,930598,稀土产业,CNY,CN10Y
2016-01-20,1418.77,0.028114,42.5,-0.004584588235294118,930598,稀土产业,CNY,CN10Y
2016-01-21,1347.15,0.0279139999999999,40.2,-0.0030383781094526392,930598,稀土产业,CNY,CN10Y
2016-01-22,1374.19,0.027741,41.08,-0.0033982541382667937,930598,稀土产业,CNY,CN10Y
2016-01-25,1394.05,0.02859,41.62,-0.00456308986064392,930598,稀土产业,CNY,CN10Y
2016-01-26,1277.53,0.028616,37.88,-0.0022168447729672656,930598,稀土产业,CNY,CN10Y
2016-01-27,1281.39,0.029016,37.96,-0.0026724805057955735,930598,稀土产业,CNY,CN10Y
2016-01-28,1192.42,0.028866,35.3,-0.0005373881019829982,930598,稀土产业,CNY,CN10Y
2016-01-29,1244.03,0.028419,36.83,-0.0012672215585120827,930598,稀土产业,CNY,CN10Y
2016-02-01,1216.69,0.028368,36.15,-0.0007054827109266928,930598,稀土产业,CNY,CN10Y
2016-02-02,1265.96,0.028818,37.58,-0.002208101117615751,930598,稀土产业,CNY,CN10Y
2016-02-03,1265.28,0.028918,37.62,-0.0023363944710260466,930598,稀土产业,CNY,CN10Y
2016-02-04,1298.85,0.02855,38.63,-0.0026633833807921323,930598,稀土产业,CNY,CN10Y
2016-02-05,1273.15,0.0285349999999999,38.1,-0.002288280839894914,930598,稀土产业,CNY,CN10Y
2016-02-06,,0.0285349999999999,38.1,-0.002288280839894914,930598,稀土产业,CNY,CN10Y
2016-02-14,,0.028221,38.1,-0.001974280839895013,930598,稀土产业,CNY,CN10Y
2016-02-15,1286.98,0.028371,39.04,-0.002756245901639344,930598,稀土产业,CNY,CN10Y
2016-02-16,1334.79,0.028376,40.48,-0.003672442687747031,930598,稀土产业,CNY,CN10Y
2016-02-17,1348.8,0.028351,40.82,-0.0038532048015678597,930598,稀土产业,CNY,CN10Y
2016-02-18,1353.38,0.028351,40.88,-0.0038891604696673215,930598,稀土产业,CNY,CN10Y
2016-02-19,1349.97,0.028251,40.71,-0.0036870108081552416,930598,稀土产业,CNY,CN10Y
2016-02-22,1409.69,0.028426,42.4,-0.00484109433962264,930598,稀土产业,CNY,CN10Y
2016-02-23,1414.88,0.028451,42.5,-0.004921588235294119,930598,稀土产业,CNY,CN10Y
2016-02-24,1413.18,0.028676,42.41,-0.005096655505776936,930598,稀土产业,CNY,CN10Y
2016-02-25,1289.99,0.028651,38.66,-0.0027844712881531265,930598,稀土产业,CNY,CN10Y
2016-02-26,1320.53,0.028551,39.5,-0.0032345443037974687,930598,稀土产业,CNY,CN10Y
2016-02-29,1252.2,0.028502,37.33,-0.0017138939190999188,930598,稀土产业,CNY,CN10Y
2016-03-01,1282.55,0.028527,38.37,-0.0024649723742507165,930598,稀土产业,CNY,CN10Y
2016-03-02,1375.15,0.028752,41.02,-0.004373647976596784,930598,稀土产业,CNY,CN10Y
2016-03-03,1368.49,0.029002,40.82,-0.0045042048015678585,930598,稀土产业,CNY,CN10Y
2016-03-04,1350.77,0.028952,40.17,-0.004057800348518794,930598,稀土产业,CNY,CN10Y
2016-03-07,1393.15,0.029303,41.3,-0.005089924939467309,930598,稀土产业,CNY,CN10Y
2016-03-08,1387.05,0.029352,40.83,-0.004860204751408276,930598,稀土产业,CNY,CN10Y
2016-03-09,1318.35,0.028928,39.13,-0.00337216049067212,930598,稀土产业,CNY,CN10Y
2016-03-10,1294.38,0.0286529999999999,38.61,-0.0027529740999739996,930598,稀土产业,CNY,CN10Y
2016-03-11,1289.4,0.028453,38.5,-0.0024789740259740234,930598,稀土产业,CNY,CN10Y
2016-03-14,1331.03,0.028504,39.87,-0.0034224850764986194,930598,稀土产业,CNY,CN10Y
2016-03-15,1321.68,0.028404,39.67,-0.003196034282833375,930598,稀土产业,CNY,CN10Y
2016-03-16,1299.68,0.028054,38.96,-0.0023866488706365506,930598,稀土产业,CNY,CN10Y
2016-03-17,1343.33,0.028154,40.38,-0.003389264982664685,930598,稀土产业,CNY,CN10Y
2016-03-18,1388.53,0.028229,41.87,-0.004345551229997611,930598,稀土产业,CNY,CN10Y
2016-03-21,1424.88,0.0283049999999999,42.95,-0.00502211292200223,930598,稀土产业,CNY,CN10Y
2016-03-22,1419.54,0.028304,42.85,-0.0049667771295215865,930598,稀土产业,CNY,CN10Y
2016-03-23,1447.91,0.028307,43.51,-0.005323777752240862,930598,稀土产业,CNY,CN10Y
2016-03-24,1404.36,0.028309,42.38,-0.004712964134025485,930598,稀土产业,CNY,CN10Y
2016-03-25,1415.38,0.028311,42.79,-0.004941053750876372,930598,稀土产业,CNY,CN10Y
2016-03-28,1414.15,0.028665,42.74,-0.00526771408516612,930598,稀土产业,CNY,CN10Y
2016-03-29,1401.3,0.02851,42.26,-0.004846961665877898,930598,稀土产业,CNY,CN10Y
2016-03-30,1442.68,0.028362,43.61,-0.0054314794771841285,930598,稀土产业,CNY,CN10Y
2016-03-31,1430.73,0.028419,43.26,-0.005302957466481736,930598,稀土产业,CNY,CN10Y
2016-04-01,1444.77,0.028422,43.68,-0.005528227106227107,930598,稀土产业,CNY,CN10Y
2016-04-05,1469.64,0.028637,44.47,-0.0061499300652125,930598,稀土产业,CNY,CN10Y
2016-04-06,1472.24,0.028689,44.35,-0.006141085682074408,930598,稀土产业,CNY,CN10Y
2016-04-07,1440.73,0.029049,43.33,-0.005970301638587583,930598,稀土产业,CNY,CN10Y
2016-04-08,1432.38,0.029158,42.84,-0.005815329598506072,930598,稀土产业,CNY,CN10Y
2016-04-11,1468.92,0.029091,44.34,-0.00653800045105999,930598,稀土产业,CNY,CN10Y
2016-04-12,1457.91,0.0291,43.97,-0.006357220832385716,930598,稀土产业,CNY,CN10Y
2016-04-13,1499.26,0.029271,45.16,-0.007127510186005312,930598,稀土产业,CNY,CN10Y
2016-04-14,1500.04,0.029352,45.37,-0.007311003746969361,930598,稀土产业,CNY,CN10Y
2016-04-15,1499.5,0.0291509999999999,45.37,-0.007110003746969261,930598,稀土产业,CNY,CN10Y
2016-04-18,1475.96,0.029047,44.52,-0.006585185085354897,930598,稀土产业,CNY,CN10Y
2016-04-19,1509.02,0.02906,45.56,-0.007110921861281826,930598,稀土产业,CNY,CN10Y
2016-04-20,1504.46,0.029258,45.57,-0.007313738424402017,930598,稀土产业,CNY,CN10Y
2016-04-21,1541.21,0.0292079999999999,46.48,-0.00769337005163501,930598,稀土产业,CNY,CN10Y
2016-04-22,1497.97,0.0293089999999999,45.28,-0.007224194346289653,930598,稀土产业,CNY,CN10Y
2016-04-25,1484.13,0.029362,45.19,-0.007233210444788668,930598,稀土产业,CNY,CN10Y
2016-04-26,1489.3,0.029212,45.38,-0.007175860731599825,930598,稀土产业,CNY,CN10Y
2016-04-27,1475.19,0.029108,44.95,-0.006861058954393772,930598,稀土产业,CNY,CN10Y
2016-04-28,1459.15,0.028863,44.59,-0.006436446961202064,930598,稀土产业,CNY,CN10Y
2016-04-29,1478.36,0.028913,45.06,-0.006720367953839328,930598,稀土产业,CNY,CN10Y
2016-05-03,1524.23,0.02889,50.08,-0.008921948881789137,930598,稀土产业,CNY,CN10Y
2016-05-04,1528.1,0.028965,50.33,-0.009096134512219353,930598,稀土产业,CNY,CN10Y
2016-05-05,1537.29,0.029017,50.56,-0.009238518987341775,930598,稀土产业,CNY,CN10Y
2016-05-06,1491.57,0.029016,46.23,-0.007385024443002378,930598,稀土产业,CNY,CN10Y
2016-05-09,1396.64,0.028818,43.51,-0.005834777752240863,930598,稀土产业,CNY,CN10Y
2016-05-10,1381.07,0.0289999999999999,43.34,-0.005926626672819468,930598,稀土产业,CNY,CN10Y
2016-05-11,1378.08,0.029075,43.13,-0.005889282402040345,930598,稀土产业,CNY,CN10Y
2016-05-12,1420.33,0.028975,44.01,-0.006252891388320837,930598,稀土产业,CNY,CN10Y
2016-05-13,1416.85,0.02905,43.8,-0.006218949771689495,930598,稀土产业,CNY,CN10Y
2016-05-16,1470.26,0.029275,45.33,-0.007214554378998452,930598,稀土产业,CNY,CN10Y
2016-05-17,1470.89,0.0293,45.84,-0.007484991273996509,930598,稀土产业,CNY,CN10Y
2016-05-18,1453.63,0.02955,45.24,-0.007445667550839967,930598,稀土产业,CNY,CN10Y
2016-05-19,1510.61,0.0296,46.72,-0.008195890410958907,930598,稀土产业,CNY,CN10Y
2016-05-20,1516.68,0.0295,47.1,-0.008268577494692144,930598,稀土产业,CNY,CN10Y
2016-05-23,1525.37,0.02955,47.47,-0.00848406361912787,930598,稀土产业,CNY,CN10Y
2016-05-24,1513.24,0.02935,47.07,-0.008105045676651795,930598,稀土产业,CNY,CN10Y
2016-05-25,1483.34,0.029401,46.26,-0.007784052313013403,930598,稀土产业,CNY,CN10Y
2016-05-26,1543.33,0.029401,47.94,-0.008541592407175634,930598,稀土产业,CNY,CN10Y
2016-05-27,1532.79,0.029451,47.38,-0.008345048121570286,930598,稀土产业,CNY,CN10Y
2016-05-30,1532.62,0.0297759999999999,47.44,-0.008696741989881854,930598,稀土产业,CNY,CN10Y
2016-05-31,1637.54,0.029851,50.42,-0.010017600555335186,930598,稀土产业,CNY,CN10Y
2016-06-01,1654.79,0.029952,50.75,-0.010247566502463053,930598,稀土产业,CNY,CN10Y
2016-06-02,1658.24,0.030127,50.9,-0.010480634577603145,930598,稀土产业,CNY,CN10Y
2016-06-03,1652.15,0.030152,50.79,-0.010463084859224259,930598,稀土产业,CNY,CN10Y
2016-06-06,1655.05,0.030041,50.88,-0.010386911949685537,930598,稀土产业,CNY,CN10Y
2016-06-07,1652.88,0.030071,51.15,-0.010520657869012708,930598,稀土产业,CNY,CN10Y
2016-06-08,1609.92,0.030077,50.03,-0.01008899280431741,930598,稀土产业,CNY,CN10Y
2016-06-12,,0.030053,50.03,-0.01006499280431741,930598,稀土产业,CNY,CN10Y
2016-06-13,1554.84,0.029979,48.51,-0.009364693671407954,930598,稀土产业,CNY,CN10Y
2016-06-14,1578.95,0.029654,49.26,-0.009353553390174584,930598,稀土产业,CNY,CN10Y
2016-06-15,1646.46,0.029604,50.91,-0.009961493616185424,930598,稀土产业,CNY,CN10Y
2016-06-16,1648.38,0.029455,51.09,-0.009881697983949892,930598,稀土产业,CNY,CN10Y
2016-06-17,1646.96,0.029379,48.48,-0.008751937293729372,930598,稀土产业,CNY,CN10Y
2016-06-20,1651.54,0.029481,48.62,-0.008913332373508845,930598,稀土产业,CNY,CN10Y
2016-06-21,1619.08,0.029405,47.62,-0.008405419991600167,930598,稀土产业,CNY,CN10Y
2016-06-22,1643.36,0.029307,48.45,-0.00866716511867905,930598,稀土产业,CNY,CN10Y
2016-06-23,1589.82,0.029307,47.59,-0.00829418218113049,930598,稀土产业,CNY,CN10Y
2016-06-24,1558.36,0.0288079999999999,46.71,-0.007399308071076756,930598,稀土产业,CNY,CN10Y
2016-06-27,1602.36,0.02831,47.92,-0.007441886477462436,930598,稀土产业,CNY,CN10Y
2016-06-28,1605.97,0.02861,48.03,-0.007789679367062253,930598,稀土产业,CNY,CN10Y
2016-06-29,1637.32,0.028586,48.38,-0.007916301777594049,930598,稀土产业,CNY,CN10Y
2016-06-30,1613.22,0.028411,47.8,-0.007490497907949787,930598,稀土产业,CNY,CN10Y
2016-07-01,1615.86,0.0280379999999999,47.78,-0.007108740895772191,930598,稀土产业,CNY,CN10Y
2016-07-04,1657.21,0.028314,48.76,-0.007805386382280555,930598,稀土产业,CNY,CN10Y
2016-07-05,1671.8,0.0285139999999999,49.14,-0.008163979649979551,930598,稀土产业,CNY,CN10Y
2016-07-06,1668.35,0.028365,49.12,-0.008006693811074918,930598,稀土产业,CNY,CN10Y
2016-07-07,1714.54,0.028066,50.28,-0.008177376292760542,930598,稀土产业,CNY,CN10Y
2016-07-08,1701.58,0.028016,50.1,-0.008055920159680638,930598,稀土产业,CNY,CN10Y
2016-07-11,1720.91,0.028268,50.73,-0.008555798147053026,930598,稀土产业,CNY,CN10Y
2016-07-12,1742.67,0.028368,51.38,-0.008905173997664464,930598,稀土产业,CNY,CN10Y
2016-07-13,1735.6,0.028493,51.27,-0.008988416422859375,930598,稀土产业,CNY,CN10Y
2016-07-14,1713.51,0.028395,50.77,-0.008698328737443372,930598,稀土产业,CNY,CN10Y
2016-07-15,1704.34,0.028271,50.57,-0.008496430096895394,930598,稀土产业,CNY,CN10Y
2016-07-18,1702.89,0.028271,50.33,-0.008402134512219352,930598,稀土产业,CNY,CN10Y
2016-07-19,1704.14,0.028197,50.26,-0.008300461997612415,930598,稀土产业,CNY,CN10Y
2016-07-20,1701.99,0.027996,50.29,-0.008111331079737522,930598,稀土产业,CNY,CN10Y
2016-07-21,1686.48,0.027806,49.96,-0.007789987189751803,930598,稀土产业,CNY,CN10Y
2016-07-22,1677.21,0.027907,49.85,-0.007846819458375127,930598,稀土产业,CNY,CN10Y
2016-07-25,1670.69,0.028068,49.83,-0.007999768011238209,930598,稀土产业,CNY,CN10Y
2016-07-26,1685.28,0.0279139999999999,50.24,-0.008009541401273787,930598,稀土产业,CNY,CN10Y
2016-07-27,1588.73,0.027967,47.73,-0.00701581625811858,930598,稀土产业,CNY,CN10Y
2016-07-28,1580.58,0.027867,47.22,-0.006689532825074122,930598,稀土产业,CNY,CN10Y
2016-07-29,1554.58,0.027768,46.42,-0.006225561395950024,930598,稀土产业,CNY,CN10Y
2016-08-01,1537.8,0.02783,46.06,-0.006119188015631785,930598,稀土产业,CNY,CN10Y
2016-08-02,1545.92,0.0277919999999999,46.32,-0.00620305354058712,930598,稀土产业,CNY,CN10Y
2016-08-03,1549.69,0.027718,46.3,-0.006119727861771056,930598,稀土产业,CNY,CN10Y
2016-08-04,1572.58,0.027694,46.85,-0.0063492828175026675,930598,稀土产业,CNY,CN10Y
2016-08-05,1562.6,0.027534,46.57,-0.006060948679407343,930598,稀土产业,CNY,CN10Y
2016-08-08,1580.36,0.027472,47.22,-0.006294532825074122,930598,稀土产业,CNY,CN10Y
2016-08-09,1599.19,0.027125,47.7,-0.006160639412997906,930598,稀土产业,CNY,CN10Y
2016-08-10,1603.9,0.0269499999999999,47.7,-0.005985639412997807,930598,稀土产业,CNY,CN10Y
2016-08-11,1578.05,0.026875,46.89,-0.005548491149498826,930598,稀土产业,CNY,CN10Y
2016-08-12,1588.16,0.026701,47.25,-0.005536978835978836,930598,稀土产业,CNY,CN10Y
2016-08-15,1614.99,0.0264009999999999,48.16,-0.005636880398670996,930598,稀土产业,CNY,CN10Y
2016-08-16,1627.93,0.0266509999999999,48.82,-0.0061675915608356245,930598,稀土产业,CNY,CN10Y
2016-08-17,1622.9,0.026901,48.61,-0.006329101213742028,930598,稀土产业,CNY,CN10Y
2016-08-18,1620.69,0.026801,48.97,-0.00638033428629773,930598,稀土产业,CNY,CN10Y
2016-08-19,1646.45,0.027001,49.08,-0.006626101874490628,930598,稀土产业,CNY,CN10Y
2016-08-22,1603.97,0.026801,47.87,-0.005911089826613744,930598,稀土产业,CNY,CN10Y
2016-08-23,1604.89,0.027201,47.87,-0.006311089826613745,930598,稀土产业,CNY,CN10Y
2016-08-24,1602.8,0.027301,47.91,-0.006428530786892088,930598,稀土产业,CNY,CN10Y
2016-08-25,1584.85,0.027201,47.38,-0.006095048121570284,930598,稀土产业,CNY,CN10Y
2016-08-26,1593.55,0.026927,47.54,-0.005892082036180059,930598,稀土产业,CNY,CN10Y
2016-08-29,1594.69,0.0270639999999999,47.6,-0.006055596638655365,930598,稀土产业,CNY,CN10Y
2016-08-30,1594.66,0.027527,47.64,-0.006536235936188076,930598,稀土产业,CNY,CN10Y
2016-08-31,1606.41,0.027425,47.82,-0.006513247595148475,930598,稀土产业,CNY,CN10Y
2016-09-01,1589.94,0.027452,46.86,-0.006111837814767394,930598,稀土产业,CNY,CN10Y
2016-09-02,1584.79,0.027452,51.61,-0.00807591009494284,930598,稀土产业,CNY,CN10Y
2016-09-05,1592.97,0.027503,51.9,-0.00823517726396917,930598,稀土产业,CNY,CN10Y
2016-09-06,1612.74,0.027628,52.62,-0.008623819080197642,930598,稀土产业,CNY,CN10Y
2016-09-07,1613.2,0.027853,52.67,-0.00886685988228593,930598,稀土产业,CNY,CN10Y
2016-09-08,1608.3,0.027753,52.5,-0.00870538095238095,930598,稀土产业,CNY,CN10Y
2016-09-09,1596.04,0.0276779999999999,52.2,-0.008520911877394538,930598,稀土产业,CNY,CN10Y
2016-09-12,1525.88,0.027916,50.3,-0.008035284294234592,930598,稀土产业,CNY,CN10Y
2016-09-13,1534.76,0.027654,50.51,-0.007855940209859434,930598,稀土产业,CNY,CN10Y
2016-09-14,1534.32,0.027579,50.25,-0.007678502487562189,930598,稀土产业,CNY,CN10Y
2016-09-18,,0.027655,50.25,-0.0077545024875621885,930598,稀土产业,CNY,CN10Y
2016-09-19,1550.27,0.027605,50.52,-0.00781085906571655,930598,稀土产业,CNY,CN10Y
2016-09-20,1542.31,0.027431,50.28,-0.0075423762927605414,930598,稀土产业,CNY,CN10Y
2016-09-21,1555.7,0.0275179999999999,50.62,-0.007762962465428583,930598,稀土产业,CNY,CN10Y
2016-09-22,1554.36,0.027456,50.74,-0.007747683090264093,930598,稀土产业,CNY,CN10Y
2016-09-23,1539.62,0.027318,50.35,-0.007457026812313802,930598,稀土产业,CNY,CN10Y
2016-09-26,1501.29,0.027157,48.94,-0.006723816510012259,930598,稀土产业,CNY,CN10Y
2016-09-27,1508.16,0.0271439999999999,49.11,-0.006781548360822544,930598,稀土产业,CNY,CN10Y
2016-09-28,1501.72,0.027244,48.93,-0.006806640506846515,930598,稀土产业,CNY,CN10Y
2016-09-29,1504.4,0.027282,49.01,-0.006878000816159968,930598,稀土产业,CNY,CN10Y
2016-09-30,1510.64,0.027258,49.17,-0.00692039576977832,930598,稀土产业,CNY,CN10Y
2016-10-08,,0.0270469999999999,49.17,-0.00670939576977822,930598,稀土产业,CNY,CN10Y
2016-10-09,,0.02676,49.17,-0.006422395769778318,930598,稀土产业,CNY,CN10Y
2016-10-10,1542.58,0.026735,50.25,-0.006834502487562188,930598,稀土产业,CNY,CN10Y
2016-10-11,1562.66,0.026835,50.93,-0.0072002071470646,930598,稀土产业,CNY,CN10Y
2016-10-12,1560.77,0.027098,50.82,-0.00742070759543487,930598,稀土产业,CNY,CN10Y
2016-10-13,1571.88,0.02701,51.15,-0.007459657869012707,930598,稀土产业,CNY,CN10Y
2016-10-14,1559.33,0.0269519999999999,50.84,-0.007282448465774881,930598,稀土产业,CNY,CN10Y
2016-10-17,1555.01,0.0269039999999999,50.72,-0.007187911671924192,930598,稀土产业,CNY,CN10Y
2016-10-18,1588.78,0.026965,51.75,-0.007641328502415459,930598,稀土产业,CNY,CN10Y
2016-10-19,1591.8,0.026664,51.78,-0.007351524140594826,930598,稀土产业,CNY,CN10Y
2016-10-20,1587.64,0.026518,51.66,-0.007160663569492836,930598,稀土产业,CNY,CN10Y
2016-10-21,1584.94,0.026451,51.68,-0.007101154798761607,930598,稀土产业,CNY,CN10Y
2016-10-24,1600.32,0.026595,52.2,-0.007437911877394638,930598,稀土产业,CNY,CN10Y
2016-10-25,1618.04,0.026859,52.63,-0.007858429982899488,930598,稀土产业,CNY,CN10Y
2016-10-26,1599.65,0.0272,52.15,-0.008024544582933842,930598,稀土产业,CNY,CN10Y
2016-10-27,1599.67,0.027068,52.12,-0.007881507290867226,930598,稀土产业,CNY,CN10Y
2016-10-28,1582.56,0.027027,51.51,-0.007613293923509998,930598,稀土产业,CNY,CN10Y
2016-10-31,1584.87,0.027425,51.45,-0.00798865403304179,930598,稀土产业,CNY,CN10Y
2016-11-01,1598.18,0.0273749999999999,44.4,-0.0048524774774773745,930598,稀土产业,CNY,CN10Y
2016-11-02,1591.82,0.027372,44.04,-0.004665369663941873,930598,稀土产业,CNY,CN10Y
2016-11-03,1596.43,0.027301,44.4,-0.004778477477477474,930598,稀土产业,CNY,CN10Y
2016-11-04,1616.37,0.027339,44.62,-0.004927525324966379,930598,稀土产业,CNY,CN10Y
2016-11-07,1630.28,0.027475,44.98,-0.005242896843041349,930598,稀土产业,CNY,CN10Y
2016-11-08,1627.4,0.027634,44.87,-0.005347394250055714,930598,稀土产业,CNY,CN10Y
2016-11-09,1627.07,0.027651,44.84,-0.0053494834968777875,930598,稀土产业,CNY,CN10Y
2016-11-10,1648.32,0.027926,45.48,-0.005938313104661388,930598,稀土产业,CNY,CN10Y
2016-11-11,1683.79,0.0281499999999999,46.61,-0.006695376528641824,930598,稀土产业,CNY,CN10Y
2016-11-14,1673.42,0.0285769999999999,46.54,-0.007090107004727016,930598,稀土产业,CNY,CN10Y
2016-11-15,1662.91,0.028501,46.2,-0.006855978354978354,930598,稀土产业,CNY,CN10Y
2016-11-16,1660.38,0.028652,46.01,-0.0069175944359921755,930598,稀土产业,CNY,CN10Y
2016-11-17,1667.17,0.029055,46.11,-0.007367730427239212,930598,稀土产业,CNY,CN10Y
2016-11-18,1645.86,0.028901,45.61,-0.006975983556237665,930598,稀土产业,CNY,CN10Y
2016-11-21,1643.04,0.028851,45.85,-0.007040749182115596,930598,稀土产业,CNY,CN10Y
2016-11-22,1661.09,0.028689,46.31,-0.007095391708054417,930598,稀土产业,CNY,CN10Y
2016-11-23,1640.45,0.028451,45.79,-0.006612170561257916,930598,稀土产业,CNY,CN10Y
2016-11-24,1647.52,0.028502,46.02,-0.006772317253368101,930598,稀土产业,CNY,CN10Y
2016-11-25,1643.24,0.02865,46.12,-0.006967432784041629,930598,稀土产业,CNY,CN10Y
2016-11-28,1664.04,0.028502,46.83,-0.00714816698697416,930598,稀土产业,CNY,CN10Y
2016-11-29,1641.97,0.028906,46.43,-0.0073682011630411375,930598,稀土产业,CNY,CN10Y
2016-11-30,1615.46,0.029502,45.7,-0.007620161925601752,930598,稀土产业,CNY,CN10Y
2016-12-01,1627.72,0.029893,46.07,-0.008186900586064683,930598,稀土产业,CNY,CN10Y
2016-12-02,1592.94,0.029895,45.13,-0.007736790383337029,930598,稀土产业,CNY,CN10Y
2016-12-05,1578.57,0.030302,44.58,-0.00787041633019291,930598,稀土产业,CNY,CN10Y
2016-12-06,1586.8,0.0311509999999999,44.67,-0.00876461092455777,930598,稀土产业,CNY,CN10Y
2016-12-07,1606.76,0.0308769999999999,45.24,-0.008772667550839868,930598,稀土产业,CNY,CN10Y
2016-12-08,1604.5,0.030753,45.08,-0.008570213842058562,930598,稀土产业,CNY,CN10Y
2016-12-09,1603.63,0.030853,45.07,-0.008665291990237408,930598,稀土产业,CNY,CN10Y
2016-12-12,1525.74,0.031458,43.71,-0.008579940059482954,930598,稀土产业,CNY,CN10Y
2016-12-13,1530.66,0.031863,44.27,-0.009274339507567207,930598,稀土产业,CNY,CN10Y
2016-12-14,1501.6,0.032186,43.6,-0.00925022018348624,930598,稀土产业,CNY,CN10Y
2016-12-15,1510.85,0.033315,43.59,-0.01037395847671484,930598,稀土产业,CNY,CN10Y
2016-12-16,1509.74,0.032803,43.39,-0.009756215026503801,930598,稀土产业,CNY,CN10Y
2016-12-19,1522.15,0.033316,43.62,-0.01039073635946813,930598,稀土产业,CNY,CN10Y
2016-12-20,1516.61,0.033739,43.26,-0.010622957466481734,930598,稀土产业,CNY,CN10Y
2016-12-21,1535.06,0.032815,43.86,-0.010015182398540809,930598,稀土产业,CNY,CN10Y
2016-12-22,1539.65,0.031908,43.96,-0.009160047315741583,930598,稀土产业,CNY,CN10Y
2016-12-23,1516.4,0.031769,43.34,-0.008695626672819565,930598,稀土产业,CNY,CN10Y
2016-12-26,1511.76,0.031551,43.4,-0.008509525345622122,930598,稀土产业,CNY,CN10Y
2016-12-27,1507.33,0.0316279999999999,43.34,-0.008554626672819466,930598,稀土产业,CNY,CN10Y
2016-12-28,1503.29,0.031223,43.17,-0.00805876557794765,930598,稀土产业,CNY,CN10Y
2016-12-29,1505.8,0.0304709999999999,43.2,-0.007322851851851754,930598,稀土产业,CNY,CN10Y
2016-12-30,1506.75,0.030115,43.07,-0.006896982818667286,930598,稀土产业,CNY,CN10Y
2016-12-31,,0.030115,43.07,-0.006896982818667286,930598,稀土产业,CNY,CN10Y
2017-01-03,1522.24,0.031054,43.51,-0.008070777752240861,930598,稀土产业,CNY,CN10Y
2017-01-04,1553.45,0.031823,44.22,-0.009208798281320665,930598,稀土产业,CNY,CN10Y
2017-01-05,1549.08,0.032086,44.2,-0.009461565610859732,930598,稀土产业,CNY,CN10Y
2017-01-06,1535.29,0.031953,43.98,-0.009215391996361982,930598,稀土产业,CNY,CN10Y
2017-01-09,1544.13,0.031692,44.32,-0.009128823104693137,930598,稀土产业,CNY,CN10Y
2017-01-10,1545.32,0.031792,44.29,-0.009213539850982163,930598,稀土产业,CNY,CN10Y
2017-01-11,1528.3,0.032055,43.91,-0.00928114438624459,930598,稀土产业,CNY,CN10Y
2017-01-12,1502.16,0.031888,43.15,-0.008713028968713787,930598,稀土产业,CNY,CN10Y
2017-01-13,1479.18,0.032022,42.67,-0.008586330911647531,930598,稀土产业,CNY,CN10Y
2017-01-16,1432.37,0.032496,41.59,-0.008451758595816303,930598,稀土产业,CNY,CN10Y
2017-01-17,1443.64,0.032692,41.94,-0.008848413924654266,930598,稀土产业,CNY,CN10Y
2017-01-18,1437.74,0.032682,41.75,-0.008729904191616768,930598,稀土产业,CNY,CN10Y
2017-01-19,1423.16,0.032584,41.59,-0.008539758595816307,930598,稀土产业,CNY,CN10Y
2017-01-20,1441.88,0.03244,42.12,-0.00869830959164292,930598,稀土产业,CNY,CN10Y
2017-01-22,,0.0325499999999999,42.12,-0.008808309591642822,930598,稀土产业,CNY,CN10Y
2017-01-23,1462.15,0.032429,42.67,-0.008993330911647529,930598,稀土产业,CNY,CN10Y
2017-01-24,1461.82,0.032837,42.6,-0.00936282159624413,930598,稀土产业,CNY,CN10Y
2017-01-25,1464.54,0.033463,42.85,-0.010125777129521587,930598,稀土产业,CNY,CN10Y
2017-01-26,1502.55,0.0334649999999999,43.75,-0.01060785714285704,930598,稀土产业,CNY,CN10Y
2017-02-03,1492.58,0.034214,43.36,-0.011151269372693728,930598,稀土产业,CNY,CN10Y
2017-02-04,,0.034099,43.36,-0.011036269372693724,930598,稀土产业,CNY,CN10Y
2017-02-06,1505.76,0.034905,43.53,-0.011932337468412588,930598,稀土产业,CNY,CN10Y
2017-02-07,1510.22,0.034866,43.51,-0.011882777752240864,930598,稀土产业,CNY,CN10Y
2017-02-08,1516.44,0.034591,43.69,-0.011702467154955362,930598,稀土产业,CNY,CN10Y
2017-02-09,1528.09,0.034148,44.04,-0.01144136966394187,930598,稀土产业,CNY,CN10Y
2017-02-10,1532.0,0.0343679999999999,44.25,-0.011769129943502724,930598,稀土产业,CNY,CN10Y
2017-02-13,1553.22,0.034192,44.78,-0.011860602054488613,930598,稀土产业,CNY,CN10Y
2017-02-14,1561.88,0.034107,45.13,-0.011948790383337026,930598,稀土产业,CNY,CN10Y
2017-02-15,1539.13,0.034058,44.5,-0.011586089887640448,930598,稀土产业,CNY,CN10Y
2017-02-16,1575.91,0.033559,45.32,-0.011493686672550747,930598,稀土产业,CNY,CN10Y
2017-02-17,1556.62,0.033311,44.67,-0.010924610924557869,930598,稀土产业,CNY,CN10Y
2017-02-20,1568.74,0.032812,45.12,-0.010648879432624114,930598,稀土产业,CNY,CN10Y
2017-02-21,1582.97,0.033013,45.45,-0.011010799779978,930598,稀土产业,CNY,CN10Y
2017-02-22,1586.02,0.032839,45.46,-0.010841639683238011,930598,稀土产业,CNY,CN10Y
2017-02-23,1595.84,0.032714,45.62,-0.01079378956597983,930598,稀土产业,CNY,CN10Y
2017-02-24,1583.64,0.032916,45.29,-0.0108360706557739,930598,稀土产业,CNY,CN10Y
2017-02-27,1572.59,0.032871,45.09,-0.010693133510756264,930598,稀土产业,CNY,CN10Y
2017-02-28,1584.0,0.03292,45.33,-0.010859554378998451,930598,稀土产业,CNY,CN10Y
2017-03-01,1592.7,0.033252,45.56,-0.011302921861281824,930598,稀土产业,CNY,CN10Y
2017-03-02,1591.05,0.033483,45.49,-0.011500146625632007,930598,稀土产业,CNY,CN10Y
2017-03-03,1594.26,0.033573,45.48,-0.011585313104661387,930598,稀土产业,CNY,CN10Y
2017-03-06,1615.14,0.033615,45.9,-0.011828507625272329,930598,稀土产业,CNY,CN10Y
2017-03-07,1601.6,0.033643,45.72,-0.011770734033245842,930598,稀土产业,CNY,CN10Y
2017-03-08,1588.91,0.034088,45.34,-0.012032419938244377,930598,稀土产业,CNY,CN10Y
2017-03-09,1574.62,0.034151,44.85,-0.011854455964325532,930598,稀土产业,CNY,CN10Y
2017-03-10,1576.74,0.034156,44.97,-0.011918953079830995,930598,稀土产业,CNY,CN10Y
2017-03-13,1597.96,0.033851,45.48,-0.011863313104661388,930598,稀土产业,CNY,CN10Y
2017-03-14,1589.92,0.033653,45.33,-0.011592554378998456,930598,稀土产业,CNY,CN10Y
2017-03-15,1591.3,0.033524,45.47,-0.01153147745766439,930598,稀土产业,CNY,CN10Y
2017-03-16,1608.37,0.033097,45.9,-0.011310507625272331,930598,稀土产业,CNY,CN10Y
2017-03-17,1602.56,0.033124,45.58,-0.011184552874067572,930598,稀土产业,CNY,CN10Y
2017-03-20,1610.97,0.033141,45.93,-0.011368737861963855,930598,稀土产业,CNY,CN10Y
2017-03-21,1607.29,0.033141,45.83,-0.011321231289548327,930598,稀土产业,CNY,CN10Y
2017-03-22,1603.45,0.033068,45.77,-0.011219627703736072,930598,稀土产业,CNY,CN10Y
2017-03-23,1608.0,0.033034,45.94,-0.011266477144101002,930598,稀土产业,CNY,CN10Y
2017-03-24,1604.84,0.032529,46.04,-0.010808756733275415,930598,稀土产业,CNY,CN10Y
2017-03-27,1599.88,0.032451,45.81,-0.010621705086225716,930598,稀土产业,CNY,CN10Y
2017-03-28,1596.56,0.032626,45.57,-0.01068173842440202,930598,稀土产业,CNY,CN10Y
2017-03-29,1589.34,0.032695,45.46,-0.010697639683238013,930598,稀土产业,CNY,CN10Y
2017-03-30,1536.88,0.03289,44.07,-0.010198826866348994,930598,稀土产业,CNY,CN10Y
2017-03-31,1546.26,0.0328279999999999,44.32,-0.010264823104693038,930598,稀土产业,CNY,CN10Y
2017-04-01,,0.03273,44.32,-0.010166823104693141,930598,稀土产业,CNY,CN10Y
2017-04-05,1596.07,0.033102,45.85,-0.011291749182115594,930598,稀土产业,CNY,CN10Y
2017-04-06,1597.15,0.033109,45.95,-0.011346214363438523,930598,稀土产业,CNY,CN10Y
2017-04-07,1593.93,0.032966,45.85,-0.011155749182115596,930598,稀土产业,CNY,CN10Y
2017-04-10,1578.43,0.033166,45.57,-0.011221738424402019,930598,稀土产业,CNY,CN10Y
2017-04-11,1586.83,0.033209,45.8,-0.011374938864628821,930598,稀土产业,CNY,CN10Y
2017-04-12,1579.21,0.033283,45.56,-0.011333921861281827,930598,稀土产业,CNY,CN10Y
2017-04-13,1585.29,0.03322,45.81,-0.011390705086225715,930598,稀土产业,CNY,CN10Y
2017-04-14,1567.6,0.033599,45.33,-0.01153855437899845,930598,稀土产业,CNY,CN10Y
2017-04-17,1553.09,0.0341599999999999,44.98,-0.011927896843041248,930598,稀土产业,CNY,CN10Y
2017-04-18,1528.7,0.034064,44.44,-0.011561749774977495,930598,稀土产业,CNY,CN10Y
2017-04-19,1490.46,0.034065,42.95,-0.010782112922002329,930598,稀土产业,CNY,CN10Y
2017-04-20,1486.03,0.03424,42.74,-0.01084271408516612,930598,稀土产业,CNY,CN10Y
2017-04-21,1480.23,0.034614,42.64,-0.011161842401500938,930598,稀土产业,CNY,CN10Y
2017-04-24,1423.05,0.034991,41.03,-0.010618589568608339,930598,稀土产业,CNY,CN10Y
2017-04-25,1416.07,0.034568,40.72,-0.010010043222003929,930598,稀土产业,CNY,CN10Y
2017-04-26,1414.58,0.034519,38.8,-0.00874580412371134,930598,稀土产业,CNY,CN10Y
2017-04-27,1433.98,0.034494,39.08,-0.008905463664278399,930598,稀土产业,CNY,CN10Y
2017-04-28,1436.61,0.034668,39.12,-0.009105627811860938,930598,稀土产业,CNY,CN10Y
2017-05-02,1429.01,0.03487,63.22,-0.019052220816197403,930598,稀土产业,CNY,CN10Y
2017-05-03,1425.51,0.035219,62.74,-0.019280204972904048,930598,稀土产业,CNY,CN10Y
2017-05-04,1421.53,0.035517,62.61,-0.019545110525475164,930598,稀土产业,CNY,CN10Y
2017-05-05,1416.08,0.035592,62.48,-0.019586878361075543,930598,稀土产业,CNY,CN10Y
2017-05-08,1382.75,0.036042,61.53,-0.019789765317731186,930598,稀土产业,CNY,CN10Y
2017-05-09,1416.96,0.0363249999999999,62.63,-0.02035821092128363,930598,稀土产业,CNY,CN10Y
2017-05-10,1379.06,0.0369,61.12,-0.020538743455497385,930598,稀土产业,CNY,CN10Y
2017-05-11,1371.78,0.0364,60.92,-0.01998502954694682,930598,稀土产业,CNY,CN10Y
2017-05-12,1366.25,0.036525,60.56,-0.02001245046235139,930598,稀土产业,CNY,CN10Y
2017-05-15,1361.26,0.0361,60.44,-0.019554665784248842,930598,稀土产业,CNY,CN10Y
2017-05-16,1394.77,0.036225,61.7,-0.02001754457050243,930598,稀土产业,CNY,CN10Y
2017-05-17,1395.38,0.036275,61.62,-0.020046502758844533,930598,稀土产业,CNY,CN10Y
2017-05-18,1385.32,0.0360749999999999,61.18,-0.01972978914677989,930598,稀土产业,CNY,CN10Y
2017-05-19,1385.79,0.03625,61.29,-0.019934124653287647,930598,稀土产业,CNY,CN10Y
2017-05-22,1366.53,0.036601,60.57,-0.02009117665510979,930598,稀土产业,CNY,CN10Y
2017-05-23,1334.14,0.036725,59.57,-0.019938026691287563,930598,稀土产业,CNY,CN10Y
2017-05-24,1339.73,0.036601,59.74,-0.019861796786072985,930598,稀土产业,CNY,CN10Y
2017-05-25,1351.12,0.036476,60.27,-0.019883997345279576,930598,稀土产业,CNY,CN10Y
2017-05-26,1344.23,0.036501,59.99,-0.01983155509251542,930598,稀土产业,CNY,CN10Y
2017-05-27,,0.036499,59.99,-0.019829555092515418,930598,稀土产业,CNY,CN10Y
2017-05-31,1340.34,0.0361019999999999,57.64,-0.01875293684941003,930598,稀土产业,CNY,CN10Y
2017-06-01,1307.42,0.036152,56.44,-0.018434069454287737,930598,稀土产业,CNY,CN10Y
2017-06-02,1306.52,0.036277,56.32,-0.018521318181818177,930598,稀土产业,CNY,CN10Y
2017-06-05,1315.74,0.036152,56.67,-0.018505979177695427,930598,稀土产业,CNY,CN10Y
2017-06-06,1318.91,0.036328,56.86,-0.018740944073162152,930598,稀土产业,CNY,CN10Y
2017-06-07,1346.19,0.036427,57.93,-0.019164786984291388,930598,稀土产业,CNY,CN10Y
2017-06-08,1342.15,0.036478,57.7,-0.019146977469670708,930598,稀土产业,CNY,CN10Y
2017-06-09,1346.72,0.036303,57.79,-0.018998968160581418,930598,稀土产业,CNY,CN10Y
2017-06-12,1322.47,0.035841,56.86,-0.01825394407316215,930598,稀土产业,CNY,CN10Y
2017-06-13,1352.69,0.035754,58.07,-0.018533404167384193,930598,稀土产业,CNY,CN10Y
2017-06-14,1359.4,0.035354,58.27,-0.018192510382701216,930598,稀土产业,CNY,CN10Y
2017-06-15,1366.12,0.035554,58.53,-0.018468744575431406,930598,稀土产业,CNY,CN10Y
2017-06-16,1369.12,0.03568,58.66,-0.01863260825093761,930598,稀土产业,CNY,CN10Y
2017-06-19,1378.82,0.035006,59.04,-0.018068330623306234,930598,稀土产业,CNY,CN10Y
2017-06-20,1402.82,0.034881,59.96,-0.01820321480987325,930598,稀土产业,CNY,CN10Y
2017-06-21,1396.37,0.035406,59.78,-0.01867799732351957,930598,稀土产业,CNY,CN10Y
2017-06-22,1378.77,0.035607,59.06,-0.018675066373179817,930598,稀土产业,CNY,CN10Y
2017-06-23,1383.83,0.035457,59.31,-0.018596436857191034,930598,稀土产业,CNY,CN10Y
2017-06-26,1403.44,0.035134,60.21,-0.018525463212091014,930598,稀土产业,CNY,CN10Y
2017-06-27,1398.52,0.035084,59.99,-0.018414555092515418,930598,稀土产业,CNY,CN10Y
2017-06-28,1397.6,0.035333,60.01,-0.0186691106482253,930598,稀土产业,CNY,CN10Y
2017-06-29,1399.44,0.035483,60.16,-0.018860659574468086,930598,稀土产业,CNY,CN10Y
2017-06-30,1399.05,0.035683,60.01,-0.019019110648225295,930598,稀土产业,CNY,CN10Y
2017-07-03,1415.13,0.036033,60.86,-0.019601846533026622,930598,稀土产业,CNY,CN10Y
2017-07-04,1404.43,0.036009,60.32,-0.01943075066312997,930598,稀土产业,CNY,CN10Y
2017-07-05,1431.22,0.03576,61.44,-0.019483958333333332,930598,稀土产业,CNY,CN10Y
2017-07-06,1465.12,0.03566,62.95,-0.019774376489277202,930598,稀土产业,CNY,CN10Y
2017-07-07,1524.26,0.035897,65.69,-0.02067398279799056,930598,稀土产业,CNY,CN10Y
2017-07-10,1519.61,0.035911,65.64,-0.020676386959171233,930598,稀土产业,CNY,CN10Y
2017-07-11,1479.71,0.035836,64.0,-0.020211,930598,稀土产业,CNY,CN10Y
2017-07-12,1499.34,0.035749,64.73,-0.020300212729800714,930598,稀土产业,CNY,CN10Y
2017-07-13,1525.25,0.035643,66.13,-0.020521270074096477,930598,稀土产业,CNY,CN10Y
2017-07-14,1513.99,0.035637,65.59,-0.02039077344107334,930598,稀土产业,CNY,CN10Y
2017-07-17,1453.68,0.035626,61.37,-0.019331393514746616,930598,稀土产业,CNY,CN10Y
2017-07-18,1485.47,0.035851,63.14,-0.020013179284130506,930598,稀土产业,CNY,CN10Y
2017-07-19,1532.47,0.035901,65.2,-0.020563576687116565,930598,稀土产业,CNY,CN10Y
2017-07-20,1542.89,0.03574,65.5,-0.02047282442748092,930598,稀土产业,CNY,CN10Y
2017-07-21,1530.84,0.035829,64.82,-0.020401662758407896,930598,稀土产业,CNY,CN10Y
2017-07-24,1536.48,0.035769,64.97,-0.020377280744959213,930598,稀土产业,CNY,CN10Y
2017-07-25,1537.92,0.03592,64.95,-0.02052354118552733,930598,稀土产业,CNY,CN10Y
2017-07-26,1574.22,0.03617,66.43,-0.021116560289026046,930598,稀土产业,CNY,CN10Y
2017-07-27,1565.6,0.036021,65.96,-0.020860296543359608,930598,稀土产业,CNY,CN10Y
2017-07-28,1619.58,0.036034,68.12,-0.021354023487962417,930598,稀土产业,CNY,CN10Y
2017-07-31,1697.15,0.03626,72.5,-0.02246689655172414,930598,稀土产业,CNY,CN10Y
2017-08-01,1671.6,0.036373,71.56,-0.022398712688652882,930598,稀土产业,CNY,CN10Y
2017-08-02,1675.01,0.036311,72.57,-0.022531201185062702,930598,稀土产业,CNY,CN10Y
2017-08-03,1703.04,0.0362619999999999,73.9,-0.022730200270635895,930598,稀土产业,CNY,CN10Y
2017-08-04,1664.85,0.0362619999999999,72.55,-0.022478402481047453,930598,稀土产业,CNY,CN10Y
2017-08-07,1741.89,0.036626,76.03,-0.02347329711955807,930598,稀土产业,CNY,CN10Y
2017-08-08,1752.05,0.036538,76.36,-0.023442138292299634,930598,稀土产业,CNY,CN10Y
2017-08-09,1798.92,0.0366,78.2,-0.023812276214833762,930598,稀土产业,CNY,CN10Y
2017-08-10,1799.87,0.036375,77.63,-0.023493382068787837,930598,稀土产业,CNY,CN10Y
2017-08-11,1700.66,0.036163,72.78,-0.022422961527892277,930598,稀土产业,CNY,CN10Y
2017-08-14,1767.12,0.035925,75.5,-0.02267996688741722,930598,稀土产业,CNY,CN10Y
2017-08-15,1769.52,0.035801,75.53,-0.022561227724083144,930598,稀土产业,CNY,CN10Y
2017-08-16,1733.35,0.035988,74.14,-0.022500004316158617,930598,稀土产业,CNY,CN10Y
2017-08-17,1745.15,0.035926,74.71,-0.022540910989158076,930598,稀土产业,CNY,CN10Y
2017-08-18,1698.9,0.035951,72.66,-0.02218826947426369,930598,稀土产业,CNY,CN10Y
2017-08-21,1730.93,0.036181,74.42,-0.022743751948400965,930598,稀土产业,CNY,CN10Y
2017-08-22,1740.88,0.036201,74.71,-0.022815910989158073,930598,稀土产业,CNY,CN10Y
2017-08-23,1692.79,0.036152,72.6,-0.022377895316804404,930598,稀土产业,CNY,CN10Y
2017-08-24,1673.46,0.036252,66.48,-0.021209882069795426,930598,稀土产业,CNY,CN10Y
2017-08-25,1705.87,0.036327,68.04,-0.02162976308054086,930598,稀土产业,CNY,CN10Y
2017-08-28,1736.94,0.036502,69.23,-0.022057395059945112,930598,稀土产业,CNY,CN10Y
2017-08-29,1719.19,0.036303,68.47,-0.02169806353147364,930598,稀土产业,CNY,CN10Y
2017-08-30,1753.91,0.036303,70.32,-0.02208229465301479,930598,稀土产业,CNY,CN10Y
2017-08-31,1761.93,0.036265,70.42,-0.022064488781596135,930598,稀土产业,CNY,CN10Y
2017-09-01,1802.21,0.0363529999999999,78.19,-0.023563640746898477,930598,稀土产业,CNY,CN10Y
2017-09-04,1833.72,0.036454,79.39,-0.02385795515808036,930598,稀土产业,CNY,CN10Y
2017-09-05,1809.19,0.036641,78.19,-0.023851640746898578,930598,稀土产业,CNY,CN10Y
2017-09-06,1830.69,0.036554,78.9,-0.023879728770595694,930598,稀土产业,CNY,CN10Y
2017-09-07,1803.05,0.036155,77.5,-0.02325177419354839,930598,稀土产业,CNY,CN10Y
2017-09-08,1817.97,0.0360049999999999,77.76,-0.023144917695473152,930598,稀土产业,CNY,CN10Y
2017-09-11,1878.76,0.036156,80.36,-0.02371199800895968,930598,稀土产业,CNY,CN10Y
2017-09-12,1901.52,0.036181,81.28,-0.023877850393700786,930598,稀土产业,CNY,CN10Y
2017-09-13,1912.6,0.036356,81.75,-0.02412358409785933,930598,稀土产业,CNY,CN10Y
2017-09-14,1872.4,0.035982,80.03,-0.02348668574284643,930598,稀土产业,CNY,CN10Y
2017-09-15,1823.65,0.035982,77.96,-0.023154909184197024,930598,稀土产业,CNY,CN10Y
2017-09-18,1842.99,0.03622,78.78,-0.02352642294998731,930598,稀土产业,CNY,CN10Y
2017-09-19,1831.71,0.036158,78.14,-0.02336045712823138,930598,稀土产业,CNY,CN10Y
2017-09-20,1860.17,0.036209,79.24,-0.02358911105502271,930598,稀土产业,CNY,CN10Y
2017-09-21,1819.48,0.036334,77.81,-0.023482181467677676,930598,稀土产业,CNY,CN10Y
2017-09-22,1832.98,0.036209,78.23,-0.02342618010993225,930598,稀土产业,CNY,CN10Y
2017-09-25,1761.84,0.035985,75.45,-0.022731189529489732,930598,稀土产业,CNY,CN10Y
2017-09-26,1778.07,0.036172,76.11,-0.02303312206017606,930598,稀土产业,CNY,CN10Y
2017-09-27,1795.02,0.0362349999999999,76.67,-0.02319208882222502,930598,稀土产业,CNY,CN10Y
2017-09-28,1777.6,0.036136,76.05,-0.02298675608152531,930598,稀土产业,CNY,CN10Y
2017-09-29,1784.93,0.036136,76.28,-0.023026403775563715,930598,稀土产业,CNY,CN10Y
2017-09-30,,0.036136,76.28,-0.023026403775563715,930598,稀土产业,CNY,CN10Y
2017-10-09,1800.63,0.036477,76.9,-0.023473098829648896,930598,稀土产业,CNY,CN10Y
2017-10-10,1779.06,0.0364699999999999,76.01,-0.023313836337323937,930598,稀土产业,CNY,CN10Y
2017-10-11,1757.86,0.0365399999999999,75.37,-0.02327212153376665,930598,稀土产业,CNY,CN10Y
2017-10-12,1738.2,0.036765,74.7,-0.023378119143239624,930598,稀土产业,CNY,CN10Y
2017-10-13,1740.84,0.03674,74.74,-0.023360283649986623,930598,稀土产业,CNY,CN10Y
2017-10-16,1725.67,0.037054,74.24,-0.023584172413793097,930598,稀土产业,CNY,CN10Y
2017-10-17,1711.14,0.037409,73.7,-0.0238404789687924,930598,稀土产业,CNY,CN10Y
2017-10-18,1691.66,0.037366,72.75,-0.023620295532646052,930598,稀土产业,CNY,CN10Y
2017-10-19,1685.74,0.037167,72.42,-0.02335865976249655,930598,稀土产业,CNY,CN10Y
2017-10-20,1717.11,0.037217,73.88,-0.02368153708716838,930598,稀土产业,CNY,CN10Y
2017-10-23,1711.88,0.037231,73.69,-0.023660637671325827,930598,稀土产业,CNY,CN10Y
2017-10-24,1708.59,0.03722,73.8,-0.02366986449864499,930598,稀土产业,CNY,CN10Y
2017-10-25,1721.8,0.037768,74.3,-0.02430904979811575,930598,稀土产业,CNY,CN10Y
2017-10-26,1729.99,0.037769,74.77,-0.02439465199946502,930598,稀土产业,CNY,CN10Y
2017-10-27,1700.64,0.038266,73.87,-0.024728704751590634,930598,稀土产业,CNY,CN10Y
2017-10-30,1656.62,0.039115,72.1,-0.02524537447988904,930598,稀土产业,CNY,CN10Y
2017-10-31,1676.41,0.038917,72.67,-0.02515616334113114,930598,稀土产业,CNY,CN10Y
2017-11-01,1678.16,0.03863,52.97,-0.01975138946573532,930598,稀土产业,CNY,CN10Y
2017-11-02,1654.63,0.038718,52.24,-0.01957558039816233,930598,稀土产业,CNY,CN10Y
2017-11-03,1636.63,0.038816,51.52,-0.019406062111801247,930598,稀土产业,CNY,CN10Y
2017-11-06,1665.39,0.038694,52.43,-0.019620950219340072,930598,稀土产业,CNY,CN10Y
2017-11-07,1680.29,0.038813,53.08,-0.019973512434061792,930598,稀土产业,CNY,CN10Y
2017-11-08,1688.54,0.038725,53.32,-0.01997031132783196,930598,稀土产业,CNY,CN10Y
2017-11-09,1693.72,0.038863,53.4,-0.020136408239700376,930598,稀土产业,CNY,CN10Y
2017-11-10,1709.82,0.039,53.82,-0.02041954663693794,930598,稀土产业,CNY,CN10Y
2017-11-13,1750.32,0.0395,55.07,-0.021341292899945526,930598,稀土产业,CNY,CN10Y
2017-11-14,1726.81,0.039525,54.56,-0.021196554252199414,930598,稀土产业,CNY,CN10Y
2017-11-15,1687.92,0.0395,53.44,-0.020787425149700597,930598,稀土产业,CNY,CN10Y
2017-11-16,1688.13,0.0392249999999999,53.33,-0.020473828051753133,930598,稀土产业,CNY,CN10Y
2017-11-17,1619.0,0.0392,51.43,-0.01975609566400933,930598,稀土产业,CNY,CN10Y
2017-11-20,1641.14,0.0394,52.16,-0.020228220858895703,930598,稀土产业,CNY,CN10Y
2017-11-21,1646.94,0.0395,52.27,-0.02036856705567247,930598,稀土产业,CNY,CN10Y
2017-11-22,1651.62,0.03985,52.45,-0.020784223069590085,930598,稀土产业,CNY,CN10Y
2017-11-23,1607.63,0.039851,51.23,-0.02033118739020105,930598,稀土产业,CNY,CN10Y
2017-11-24,1639.82,0.039463,52.16,-0.020291220858895703,930598,稀土产业,CNY,CN10Y
2017-11-27,1603.92,0.039501,51.24,-0.0199849968774395,930598,稀土产业,CNY,CN10Y
2017-11-28,1627.83,0.039601,52.0,-0.020370230769230765,930598,稀土产业,CNY,CN10Y
2017-11-29,1652.01,0.039101,52.78,-0.020154429329291394,930598,稀土产业,CNY,CN10Y
2017-11-30,1625.7,0.038901,51.97,-0.019659129690205886,930598,稀土产业,CNY,CN10Y
2017-12-01,1632.37,0.038852,52.18,-0.019687569183595245,930598,稀土产业,CNY,CN10Y
2017-12-04,1623.28,0.038902,52.19,-0.019741241233952864,930598,稀土产业,CNY,CN10Y
2017-12-05,1564.87,0.038752,50.45,-0.018930394449950448,930598,稀土产业,CNY,CN10Y
2017-12-06,1579.37,0.038752,50.85,-0.01908631661750246,930598,稀土产业,CNY,CN10Y
2017-12-07,1585.79,0.038927,50.77,-0.019230328737443375,930598,稀土产业,CNY,CN10Y
2017-12-08,1598.84,0.039102,51.17,-0.019559299198749266,930598,稀土产业,CNY,CN10Y
2017-12-11,1613.59,0.039303,51.99,-0.020068531833044814,930598,稀土产业,CNY,CN10Y
2017-12-12,1600.22,0.039378,51.58,-0.019990640558355956,930598,稀土产业,CNY,CN10Y
2017-12-13,1621.24,0.039303,52.29,-0.02017888449034232,930598,稀土产业,CNY,CN10Y
2017-12-14,1605.41,0.039104,51.86,-0.01982131585036637,930598,稀土产业,CNY,CN10Y
2017-12-15,1591.33,0.038904,51.44,-0.019463875583203734,930598,稀土产业,CNY,CN10Y
2017-12-18,1587.36,0.038904,51.27,-0.019399416422859375,930598,稀土产业,CNY,CN10Y
2017-12-19,1592.34,0.039005,51.45,-0.019568654033041786,930598,稀土产业,CNY,CN10Y
2017-12-20,1567.04,0.039005,50.85,-0.019339316617502458,930598,稀土产业,CNY,CN10Y
2017-12-21,1583.46,0.039005,51.36,-0.019534595015576323,930598,稀土产业,CNY,CN10Y
2017-12-22,1590.96,0.03878,51.55,-0.019381357904946654,930598,稀土产业,CNY,CN10Y
2017-12-25,1566.29,0.038731,50.89,-0.01908077402240126,930598,稀土产业,CNY,CN10Y
2017-12-26,1570.82,0.038881,51.01,-0.019277000784159965,930598,稀土产业,CNY,CN10Y
2017-12-27,1572.12,0.038956,50.92,-0.019317351139041632,930598,稀土产业,CNY,CN10Y
2017-12-28,1616.27,0.038857,52.27,-0.019725567055672473,930598,稀土产业,CNY,CN10Y
2017-12-29,1620.46,0.038807,52.27,-0.01967556705567247,930598,稀土产业,CNY,CN10Y
2017-12-30,,0.038807,52.27,-0.01967556705567247,930598,稀土产业,CNY,CN10Y
2017-12-31,,0.038807,52.27,-0.01967556705567247,930598,稀土产业,CNY,CN10Y
2018-01-02,1635.53,0.039008,52.85,-0.020086524124881742,930598,稀土产业,CNY,CN10Y
2018-01-03,1636.59,0.039162,52.88,-0.020251258698941003,930598,稀土产业,CNY,CN10Y
2018-01-04,1642.28,0.039319,53.02,-0.02045819275745002,930598,稀土产业,CNY,CN10Y
2018-01-05,1625.71,0.039212,52.5,-0.020164380952380948,930598,稀土产业,CNY,CN10Y
2018-01-08,1644.54,0.03911,53.16,-0.020298863807373963,930598,稀土产业,CNY,CN10Y
2018-01-09,1653.76,0.038909,53.51,-0.020220904316950103,930598,稀土产业,CNY,CN10Y
2018-01-10,1641.57,0.039201,53.1,-0.020368608286252355,930598,稀土产业,CNY,CN10Y
2018-01-11,1635.5,0.039546,52.83,-0.020617360969146317,930598,稀土产业,CNY,CN10Y
2018-01-12,1608.8,0.039337,52.29,-0.02021288449034232,930598,稀土产业,CNY,CN10Y
2018-01-15,1538.89,0.03965,50.34,-0.01978508144616607,930598,稀土产业,CNY,CN10Y
2018-01-16,1538.46,0.039596,50.46,-0.019778322631787554,930598,稀土产业,CNY,CN10Y
2018-01-17,1528.35,0.039597,50.23,-0.019688578737806092,930598,稀土产业,CNY,CN10Y
2018-01-18,1545.23,0.039797,50.85,-0.02013131661750246,930598,稀土产业,CNY,CN10Y
2018-01-19,1541.05,0.039754,50.65,-0.02001066337611056,930598,稀土产业,CNY,CN10Y
2018-01-22,1554.5,0.039522,51.18,-0.019983117624071903,930598,稀土产业,CNY,CN10Y
2018-01-23,1563.15,0.039414,51.31,-0.019924621711167413,930598,稀土产业,CNY,CN10Y
2018-01-24,1555.55,0.039507,51.01,-0.019903000784159967,930598,稀土产业,CNY,CN10Y
2018-01-25,1561.49,0.039435,51.45,-0.019998654033041786,930598,稀土产业,CNY,CN10Y
2018-01-26,1541.88,0.039365,50.76,-0.019664448384554764,930598,稀土产业,CNY,CN10Y
2018-01-29,1528.77,0.039368,50.59,-0.019601247677406605,930598,稀土产业,CNY,CN10Y
2018-01-30,1529.14,0.039292,50.49,-0.019486097841156666,930598,稀土产业,CNY,CN10Y
2018-01-31,1476.52,0.03914,49.19,-0.018810664769262044,930598,稀土产业,CNY,CN10Y
2018-02-01,1415.25,0.039066,47.49,-0.018008935354811538,930598,稀土产业,CNY,CN10Y
2018-02-02,1432.11,0.0390919999999999,48.15,-0.018323568016614642,930598,稀土产业,CNY,CN10Y
2018-02-05,1424.28,0.039167,47.92,-0.018298886477462438,930598,稀土产业,CNY,CN10Y
2018-02-06,1344.78,0.038825,45.83,-0.01700523128954833,930598,稀土产业,CNY,CN10Y
2018-02-07,1350.09,0.0387,45.89,-0.01690876007844846,930598,稀土产业,CNY,CN10Y
2018-02-08,1369.85,0.038801,46.35,-0.017226026968716293,930598,稀土产业,CNY,CN10Y
2018-02-09,1312.85,0.0388,44.39,-0.016272403694525796,930598,稀土产业,CNY,CN10Y
2018-02-11,,0.038775,44.39,-0.01624740369452579,930598,稀土产业,CNY,CN10Y
2018-02-12,1355.69,0.03875,45.53,-0.016786459477267736,930598,稀土产业,CNY,CN10Y
2018-02-13,1363.6,0.0387,48.51,-0.018085693671407953,930598,稀土产业,CNY,CN10Y
2018-02-14,1368.71,0.038702,48.75,-0.018189179487179487,930598,稀土产业,CNY,CN10Y
2018-02-22,1409.8,0.038752,50.14,-0.018807843637814122,930598,稀土产业,CNY,CN10Y
2018-02-23,1406.2,0.038702,49.88,-0.018653884522854852,930598,稀土产业,CNY,CN10Y
2018-02-24,,0.038652,49.88,-0.01860388452285485,930598,稀土产业,CNY,CN10Y
2018-02-26,1432.62,0.038452,50.15,-0.018511820538384845,930598,稀土产业,CNY,CN10Y
2018-02-27,1420.07,0.038201,49.3,-0.01791702434077079,930598,稀土产业,CNY,CN10Y
2018-02-28,1445.23,0.038202,49.54,-0.018016291481631006,930598,稀土产业,CNY,CN10Y
2018-03-01,1446.73,0.038201,49.25,-0.01789643147208122,930598,稀土产业,CNY,CN10Y
2018-03-02,1457.61,0.038352,49.27,-0.018055673635072052,930598,稀土产业,CNY,CN10Y
2018-03-05,1453.37,0.038453,49.1,-0.018086401221995927,930598,稀土产业,CNY,CN10Y
2018-03-06,1482.45,0.038253,50.31,-0.018376235937189428,930598,稀土产业,CNY,CN10Y
2018-03-07,1453.08,0.038203,49.38,-0.01795188618874038,930598,稀土产业,CNY,CN10Y
2018-03-08,1457.68,0.038203,49.47,-0.017988728724479482,930598,稀土产业,CNY,CN10Y
2018-03-09,1469.04,0.038278,49.76,-0.01818153697749196,930598,稀土产业,CNY,CN10Y
2018-03-12,1500.07,0.038243,50.84,-0.01857344846577498,930598,稀土产业,CNY,CN10Y
2018-03-13,1483.63,0.038362,50.19,-0.018437712293285516,930598,稀土产业,CNY,CN10Y
2018-03-14,1499.61,0.038413,50.78,-0.0187202075620323,930598,稀土产业,CNY,CN10Y
2018-03-15,1494.85,0.038257,50.65,-0.018513663376110562,930598,稀土产业,CNY,CN10Y
2018-03-16,1474.17,0.038154,50.02,-0.01816199680127949,930598,稀土产业,CNY,CN10Y
2018-03-19,1462.75,0.038104,49.49,-0.017897897757122652,930598,稀土产业,CNY,CN10Y
2018-03-20,1454.56,0.037906,49.21,-0.0175849270473481,930598,稀土产业,CNY,CN10Y
2018-03-21,1444.47,0.03763,49.0,-0.017221836734693876,930598,稀土产业,CNY,CN10Y
2018-03-22,1442.7,0.03748,48.92,-0.01703846279640229,930598,稀土产业,CNY,CN10Y
2018-03-23,1356.88,0.0370049999999999,46.24,-0.01537870242214523,930598,稀土产业,CNY,CN10Y
2018-03-26,1390.85,0.037307,46.9,-0.015985038379530917,930598,稀土产业,CNY,CN10Y
2018-03-27,1426.46,0.037432,47.94,-0.016572592407175634,930598,稀土产业,CNY,CN10Y
2018-03-28,1409.47,0.037406,47.32,-0.016273286559594254,930598,稀土产业,CNY,CN10Y
2018-03-29,1425.2,0.037456,47.8,-0.01653549790794979,930598,稀土产业,CNY,CN10Y
2018-03-30,1440.18,0.0374069999999999,48.0,-0.016573666666666566,930598,稀土产业,CNY,CN10Y
2018-04-02,1438.86,0.037357,47.66,-0.016375044481745697,930598,稀土产业,CNY,CN10Y
2018-04-03,1411.24,0.037507,46.69,-0.01608913750267723,930598,稀土产业,CNY,CN10Y
2018-04-04,1399.35,0.0372339999999999,46.4,-0.015682275862068863,930598,稀土产业,CNY,CN10Y
2018-04-08,,0.037008,46.4,-0.015456275862068963,930598,稀土产业,CNY,CN10Y
2018-04-09,1433.43,0.036959,47.33,-0.015830751531798012,930598,稀土产业,CNY,CN10Y
2018-04-10,1440.49,0.037159,47.65,-0.016172641133263374,930598,稀土产业,CNY,CN10Y
2018-04-11,1450.93,0.037109,47.97,-0.01626263769022306,930598,稀土产业,CNY,CN10Y
2018-04-12,1424.43,0.037109,47.1,-0.01587757749469215,930598,稀土产业,CNY,CN10Y
2018-04-13,1417.21,0.037062,46.84,-0.015712725875320237,930598,稀土产业,CNY,CN10Y
2018-04-16,1400.24,0.0365609999999999,46.42,-0.015018561395949922,930598,稀土产业,CNY,CN10Y
2018-04-17,1370.73,0.0365119999999999,45.72,-0.014639734033245741,930598,稀土产业,CNY,CN10Y
2018-04-18,1384.42,0.035013,45.95,-0.013250214363438526,930598,稀土产业,CNY,CN10Y
2018-04-19,1419.52,0.035064,47.27,-0.013908933361540088,930598,稀土产业,CNY,CN10Y
2018-04-20,1381.06,0.035215,46.08,-0.013513611111111115,930598,稀土产业,CNY,CN10Y
2018-04-23,1361.29,0.036019,45.25,-0.013919552486187849,930598,稀土产业,CNY,CN10Y
2018-04-24,1377.8,0.035855,45.65,-0.01394919496166484,930598,稀土产业,CNY,CN10Y
2018-04-25,1369.17,0.036118,45.48,-0.014130313104661386,930598,稀土产业,CNY,CN10Y
2018-04-26,1340.61,0.036344,44.67,-0.01395761092455787,930598,稀土产业,CNY,CN10Y
2018-04-27,1332.22,0.036364,44.57,-0.013927383441776981,930598,稀土产业,CNY,CN10Y
2018-04-28,,0.036217,44.57,-0.01378038344177698,930598,稀土产业,CNY,CN10Y
2018-05-02,1322.28,0.036665,37.84,-0.010237938689217765,930598,稀土产业,CNY,CN10Y
2018-05-03,1331.89,0.036467,38.15,-0.010254680209698556,930598,稀土产业,CNY,CN10Y
2018-05-04,1329.9,0.036319,38.04,-0.010030882229232384,930598,稀土产业,CNY,CN10Y
2018-05-07,1351.46,0.036518,38.55,-0.010577662775616083,930598,稀土产业,CNY,CN10Y
2018-05-08,1359.17,0.036922,38.74,-0.011108886938564797,930598,稀土产业,CNY,CN10Y
2018-05-09,1355.82,0.0370739999999999,38.56,-0.011140390041493677,930598,稀土产业,CNY,CN10Y
2018-05-10,1354.12,0.036924,38.54,-0.010976932018681888,930598,稀土产业,CNY,CN10Y
2018-05-11,1363.62,0.036882,38.64,-0.01100208281573499,930598,稀土产业,CNY,CN10Y
2018-05-14,1361.95,0.036937,38.81,-0.01117044498840505,930598,稀土产业,CNY,CN10Y
2018-05-15,1368.61,0.037151,38.88,-0.011430835390946508,930598,稀土产业,CNY,CN10Y
2018-05-16,1352.98,0.037076,38.41,-0.01104111325175735,930598,稀土产业,CNY,CN10Y
2018-05-17,1345.16,0.03712,38.18,-0.010928276584599265,930598,稀土产业,CNY,CN10Y
2018-05-18,1344.56,0.037099,38.15,-0.010886680209698556,930598,稀土产业,CNY,CN10Y
2018-05-21,1362.35,0.036939,38.7,-0.011099206718346254,930598,稀土产业,CNY,CN10Y
2018-05-22,1362.24,0.0366999999999999,38.62,-0.010806680476436976,930598,稀土产业,CNY,CN10Y
2018-05-23,1338.6,0.0364,37.11,-0.009453085421719215,930598,稀土产业,CNY,CN10Y
2018-05-24,1334.12,0.036501,36.9,-0.00940072899728997,930598,稀土产业,CNY,CN10Y
2018-05-25,1312.72,0.036126,36.35,-0.00861568363136176,930598,稀土产业,CNY,CN10Y
2018-05-28,1292.61,0.036101,35.53,-0.007955770616380524,930598,稀土产业,CNY,CN10Y
2018-05-29,1280.94,0.036001,35.19,-0.007583836032963906,930598,稀土产业,CNY,CN10Y
2018-05-30,1247.16,0.035976,34.14,-0.006684845928529585,930598,稀土产业,CNY,CN10Y
2018-05-31,1259.15,0.0361289999999999,34.47,-0.007118266028430416,930598,稀土产业,CNY,CN10Y
2018-06-01,1243.24,0.036202,34.09,-0.00686788442358463,930598,稀土产业,CNY,CN10Y
2018-06-04,1224.45,0.036532,33.65,-0.006814317979197623,930598,稀土产业,CNY,CN10Y
2018-06-05,1246.61,0.036602,34.3,-0.007447481049562683,930598,稀土产业,CNY,CN10Y
2018-06-06,1247.72,0.036602,34.34,-0.007481440885265003,930598,稀土产业,CNY,CN10Y
2018-06-07,1244.41,0.036702,34.2,-0.007462233918128655,930598,稀土产业,CNY,CN10Y
2018-06-08,1220.99,0.036453,33.6,-0.006691095238095239,930598,稀土产业,CNY,CN10Y
2018-06-11,1220.38,0.036502,33.63,-0.006766644662503717,930598,稀土产业,CNY,CN10Y
2018-06-12,1229.12,0.036853,33.79,-0.007258445398046754,930598,稀土产业,CNY,CN10Y
2018-06-13,1211.0,0.036627,33.31,-0.006605985289702795,930598,稀土产业,CNY,CN10Y
2018-06-14,1228.19,0.036227,33.69,-0.006544601662214308,930598,稀土产业,CNY,CN10Y
2018-06-15,1213.25,0.036028,33.43,-0.006114748429554291,930598,稀土产业,CNY,CN10Y
2018-06-18,1213.24,0.036028,33.43,-0.006114748429554291,930598,稀土产业,CNY,CN10Y
2018-06-19,1119.28,0.0356029999999999,30.54,-0.0028590576293384684,930598,稀土产业,CNY,CN10Y
2018-06-20,1115.52,0.036054,30.38,-0.003137607636603028,930598,稀土产业,CNY,CN10Y
2018-06-21,1094.36,0.035753,30.17,-0.002607491216440175,930598,稀土产业,CNY,CN10Y
2018-06-22,1107.22,0.035604,30.46,-0.0027740590938936313,930598,稀土产业,CNY,CN10Y
2018-06-25,1092.66,0.035803,29.85,-0.002302162479061981,930598,稀土产业,CNY,CN10Y
2018-06-26,1102.31,0.035804,29.91,-0.0023703657639585415,930598,稀土产业,CNY,CN10Y
2018-06-27,1113.93,0.035529,29.98,-0.0021734296197464947,930598,稀土产业,CNY,CN10Y
2018-06-28,1099.06,0.035304,29.61,-0.001531625802093886,930598,稀土产业,CNY,CN10Y
2018-06-29,1125.88,0.034756,30.27,-0.0017199907499174105,930598,稀土产业,CNY,CN10Y
2018-07-02,1104.42,0.034668,29.44,-0.0007006086956521732,930598,稀土产业,CNY,CN10Y
2018-07-03,1108.32,0.034955,29.55,-0.0011140524534686974,930598,稀土产业,CNY,CN10Y
2018-07-04,1096.0,0.035107,29.2,-0.0008604246575342478,930598,稀土产业,CNY,CN10Y
2018-07-05,1048.35,0.035005,27.79,0.0009791669665347238,930598,稀土产业,CNY,CN10Y
2018-07-06,1055.26,0.035259,27.96,0.0005063791130185957,930598,稀土产业,CNY,CN10Y
2018-07-09,1089.75,0.035432,28.99,-0.0009373466712659512,930598,稀土产业,CNY,CN10Y
2018-07-10,1101.99,0.035431,29.35,-0.0013594497444633716,930598,稀土产业,CNY,CN10Y
2018-07-11,1076.11,0.035107,28.73,-0.0003001778628611215,930598,稀土产业,CNY,CN10Y
2018-07-12,1104.68,0.035158,29.41,-0.0011559598775926563,930598,稀土产业,CNY,CN10Y
2018-07-13,1108.81,0.034858,29.5,-0.0009596949152542375,930598,稀土产业,CNY,CN10Y
2018-07-16,1097.45,0.034808,28.96,-0.0002776132596685049,930598,稀土产业,CNY,CN10Y
2018-07-17,1094.06,0.034808,28.69,4.735029627047499e-05,930598,稀土产业,CNY,CN10Y
2018-07-18,1085.04,0.034708,28.49,0.00039203510003509717,930598,稀土产业,CNY,CN10Y
2018-07-19,1086.83,0.034409,28.59,0.0005682647778943659,930598,稀土产业,CNY,CN10Y
2018-07-20,1092.78,0.035135,28.8,-0.0004127777777777758,930598,稀土产业,CNY,CN10Y
2018-07-23,1110.29,0.035186,29.23,-0.0009745733835100981,930598,稀土产业,CNY,CN10Y
2018-07-24,1135.95,0.035615,30.06,-0.002348200266134394,930598,稀土产业,CNY,CN10Y
2018-07-25,1132.56,0.035614,30.03,-0.0023139666999667033,930598,稀土产业,CNY,CN10Y
2018-07-26,1126.05,0.035361,29.85,-0.0018601624790619761,930598,稀土产业,CNY,CN10Y
2018-07-27,1121.66,0.035212,29.9,-0.001767183946488296,930598,稀土产业,CNY,CN10Y
2018-07-30,1112.88,0.035213,29.63,-0.0014634218697266305,930598,稀土产业,CNY,CN10Y
2018-07-31,1109.76,0.0348119999999999,29.56,-0.0009825006765898855,930598,稀土产业,CNY,CN10Y
2018-08-01,1084.04,0.034638,28.8,8.422222222222164e-05,930598,稀土产业,CNY,CN10Y
2018-08-02,1050.06,0.034713,27.94,0.0010779806728704322,930598,稀土产业,CNY,CN10Y
2018-08-03,1041.44,0.034567,27.68,0.0015601676300578057,930598,稀土产业,CNY,CN10Y
2018-08-06,1019.94,0.034568,27.13,0.002291565057132329,930598,稀土产业,CNY,CN10Y
2018-08-07,1053.34,0.034876,28.12,0.0006858776671408232,930598,稀土产业,CNY,CN10Y
2018-08-08,1038.2,0.035222,27.84,0.0006975402298850519,930598,稀土产业,CNY,CN10Y
2018-08-09,1061.68,0.035476,28.46,-0.00033896556570625624,930598,稀土产业,CNY,CN10Y
2018-08-10,1061.17,0.035525,28.37,-0.0002764980613323975,930598,稀土产业,CNY,CN10Y
2018-08-13,1058.33,0.035826,28.31,-0.0005027926527728654,930598,稀土产业,CNY,CN10Y
2018-08-14,1067.91,0.0355189999999999,28.42,-0.0003325116115410684,930598,稀土产业,CNY,CN10Y
2018-08-15,1039.37,0.035829,27.62,0.0003766480811006473,930598,稀土产业,CNY,CN10Y
2018-08-16,1024.66,0.036141,27.29,0.0005024591425430575,930598,稀土产业,CNY,CN10Y
2018-08-17,1003.66,0.036524,26.8,0.0007894328358208913,930598,稀土产业,CNY,CN10Y
2018-08-20,1013.21,0.036326,27.14,0.0005199837877671379,930598,稀土产业,CNY,CN10Y
2018-08-21,1024.23,0.0363,27.5,6.363636363636294e-05,930598,稀土产业,CNY,CN10Y
2018-08-22,1009.36,0.0360749999999999,27.13,0.0007845650571324317,930598,稀土产业,CNY,CN10Y
2018-08-23,1011.46,0.036101,27.19,0.0006772272894446443,930598,稀土产业,CNY,CN10Y
2018-08-24,1008.73,0.036278,27.19,0.0005002272894446477,930598,稀土产业,CNY,CN10Y
2018-08-27,1022.14,0.036303,27.41,0.00018003538854432372,930598,稀土产业,CNY,CN10Y
2018-08-28,1030.11,0.036101,27.62,0.00010464808110064588,930598,稀土产业,CNY,CN10Y
2018-08-29,1014.34,0.036101,27.18,0.0006907586460632789,930598,稀土产业,CNY,CN10Y
2018-08-30,998.98,0.035801,26.81,0.0014985151063036176,930598,稀土产业,CNY,CN10Y
2018-08-31,987.69,0.035751,26.48,0.002013350453172205,930598,稀土产业,CNY,CN10Y
2018-09-03,987.07,0.035951,28.58,-0.0009614968509447097,930598,稀土产业,CNY,CN10Y
2018-09-04,997.32,0.036101,28.85,-0.0014389549393414233,930598,稀土产业,CNY,CN10Y
2018-09-05,982.4,0.036101,28.48,-0.000988640449438201,930598,稀土产业,CNY,CN10Y
2018-09-06,975.89,0.036101,28.24,-0.0006902351274787541,930598,稀土产业,CNY,CN10Y
2018-09-07,978.39,0.036301,28.29,-0.0009528204312477875,930598,稀土产业,CNY,CN10Y
2018-09-10,942.52,0.036551,27.32,5.222108345534493e-05,930598,稀土产业,CNY,CN10Y
2018-09-11,940.42,0.036751,27.32,-0.00014777891654465386,930598,稀土产业,CNY,CN10Y
2018-09-12,943.94,0.036551,27.33,3.882802780827421e-05,930598,稀土产业,CNY,CN10Y
2018-09-13,954.48,0.036526,27.63,-0.0003334556641331893,930598,稀土产业,CNY,CN10Y
2018-09-14,959.84,0.036351,27.78,-0.00035387976961843287,930598,稀土产业,CNY,CN10Y
2018-09-17,941.89,0.036327,27.26,0.0003567857666911256,930598,稀土产业,CNY,CN10Y
2018-09-18,957.62,0.036452,27.78,-0.0004548797696184298,930598,稀土产业,CNY,CN10Y
2018-09-19,968.67,0.0367269999999999,28.05,-0.0010763761140818937,930598,稀土产业,CNY,CN10Y
2018-09-20,985.93,0.037003,28.47,-0.0018783073410607656,930598,稀土产业,CNY,CN10Y
2018-09-21,992.32,0.036752,28.68,-0.0018844965132496505,930598,稀土产业,CNY,CN10Y
2018-09-25,983.53,0.0367539999999999,28.36,-0.0014930691114244388,930598,稀土产业,CNY,CN10Y
2018-09-26,987.11,0.036503,28.59,-0.0015257352221056328,930598,稀土产业,CNY,CN10Y
2018-09-27,969.22,0.036253,28.1,-0.0006658113879003599,930598,稀土产业,CNY,CN10Y
2018-09-28,1001.31,0.036154,29.29,-0.0020126548310003406,930598,稀土产业,CNY,CN10Y
2018-09-29,,0.036104,29.29,-0.001962654831000339,930598,稀土产业,CNY,CN10Y
2018-09-30,,0.036103,29.29,-0.001961654831000345,930598,稀土产业,CNY,CN10Y
2018-10-08,985.88,0.036155,28.77,-0.0013965710809871398,930598,稀土产业,CNY,CN10Y
2018-10-09,989.35,0.036156,28.87,-0.0015179674402493945,930598,稀土产业,CNY,CN10Y
2018-10-10,976.29,0.036156,28.32,-0.0008452655367231637,930598,稀土产业,CNY,CN10Y
2018-10-11,898.87,0.035806,26.22,0.00233282532418002,930598,稀土产业,CNY,CN10Y
2018-10-12,883.94,0.035831,26.16,0.002395299694189598,930598,稀土产业,CNY,CN10Y
2018-10-15,861.95,0.035857,25.6,0.0032055,930598,稀土产业,CNY,CN10Y
2018-10-16,845.57,0.035757,25.2,0.003925539682539683,930598,稀土产业,CNY,CN10Y
2018-10-17,850.85,0.035807,25.33,0.003671878799842092,930598,稀土产业,CNY,CN10Y
2018-10-18,817.15,0.035508,24.34,0.005576634346754317,930598,稀土产业,CNY,CN10Y
2018-10-19,832.9,0.0356579999999999,24.83,0.004615862263391161,930598,稀土产业,CNY,CN10Y
2018-10-22,877.22,0.03591,26.19,0.0022725124093165364,930598,稀土产业,CNY,CN10Y
2018-10-23,863.4,0.035709,25.62,0.0033230062451210032,930598,稀土产业,CNY,CN10Y
2018-10-24,864.86,0.035409,25.67,0.0035469797428905256,930598,稀土产业,CNY,CN10Y
2018-10-25,867.26,0.035409,25.73,0.003456137971239795,930598,稀土产业,CNY,CN10Y
2018-10-26,874.63,0.03541,25.98,0.003081147036181682,930598,稀土产业,CNY,CN10Y
2018-10-29,857.95,0.0351109999999999,25.45,0.004181730844793813,930598,稀土产业,CNY,CN10Y
2018-10-30,873.94,0.035161,26.0,0.003300538461538466,930598,稀土产业,CNY,CN10Y
2018-10-31,919.09,0.035086,27.19,0.0016922272894446463,930598,稀土产业,CNY,CN10Y
2018-11-01,915.92,0.0349359999999999,28.74,-0.0001412887961028883,930598,稀土产业,CNY,CN10Y
2018-11-02,934.57,0.035461,29.38,-0.0014242402995234826,930598,稀土产业,CNY,CN10Y
2018-11-05,937.37,0.035312,29.46,-0.0013676687033265453,930598,稀土产业,CNY,CN10Y
2018-11-06,943.82,0.035113,29.54,-0.0012605964793500346,930598,稀土产业,CNY,CN10Y
2018-11-07,933.39,0.034813,29.29,-0.0006716548310003387,930598,稀土产业,CNY,CN10Y
2018-11-08,924.87,0.034813,29.06,-0.00040143771507226284,930598,稀土产业,CNY,CN10Y
2018-11-09,918.31,0.034763,28.75,1.9608695652172103e-05,930598,稀土产业,CNY,CN10Y
2018-11-12,948.64,0.034865,29.7,-0.0011949663299663307,930598,稀土产业,CNY,CN10Y
2018-11-13,965.52,0.03474,30.3,-0.0017366996699669998,930598,稀土产业,CNY,CN10Y
2018-11-14,959.68,0.034218,30.24,-0.0011492169312169245,930598,稀土产业,CNY,CN10Y
2018-11-15,976.38,0.033915,30.62,-0.0012566067929457858,930598,稀土产业,CNY,CN10Y
2018-11-16,983.23,0.033515,30.58,-0.000813888162197518,930598,稀土产业,CNY,CN10Y
2018-11-19,997.01,0.033772,30.99,-0.0015035262988060683,930598,稀土产业,CNY,CN10Y
2018-11-20,962.17,0.033771,30.01,-0.0004487740753082378,930598,稀土产业,CNY,CN10Y
2018-11-21,964.82,0.0337159999999999,30.06,-0.000449200266134292,930598,稀土产业,CNY,CN10Y
2018-11-22,965.04,0.033917,30.03,-0.0006169666999667062,930598,稀土产业,CNY,CN10Y
2018-11-23,908.77,0.033917,28.51,0.001158412136092593,930598,稀土产业,CNY,CN10Y
2018-11-26,908.84,0.034151,28.51,0.000924412136092595,930598,稀土产业,CNY,CN10Y
2018-11-27,919.58,0.034,28.69,0.0008553502962704712,930598,稀土产业,CNY,CN10Y
2018-11-28,932.63,0.0337,29.15,0.0006053173241852491,930598,稀土产业,CNY,CN10Y
2018-11-29,920.78,0.0336,28.72,0.0012189415041782767,930598,稀土产业,CNY,CN10Y
2018-11-30,926.79,0.0335499999999999,28.83,0.001136090877558199,930598,稀土产业,CNY,CN10Y
2018-12-03,956.42,0.0335,29.68,0.00019272237196765046,930598,稀土产业,CNY,CN10Y
2018-12-04,956.81,0.03305,29.72,0.0005973755047106316,930598,稀土产业,CNY,CN10Y
2018-12-05,951.49,0.03275,29.51,0.001136818027787187,930598,稀土产业,CNY,CN10Y
2018-12-06,935.53,0.032751,29.04,0.0016842617079889793,930598,稀土产业,CNY,CN10Y
2018-12-07,933.92,0.032853,29.03,0.0015941236651739535,930598,稀土产业,CNY,CN10Y
2018-12-10,920.69,0.032678,28.55,0.002348269702276709,930598,稀土产业,CNY,CN10Y
2018-12-11,924.77,0.032652,28.71,0.0021790693138279346,930598,稀土产业,CNY,CN10Y
2018-12-12,928.38,0.032703,28.81,0.0020071700798333925,930598,稀土产业,CNY,CN10Y
2018-12-13,935.9,0.033311,29.15,0.0009943173241852496,930598,稀土产业,CNY,CN10Y
2018-12-14,904.7,0.033468,28.37,0.0017805019386676058,930598,稀土产业,CNY,CN10Y
2018-12-17,903.76,0.033713,28.31,0.0016102073472271314,930598,稀土产业,CNY,CN10Y
2018-12-18,895.89,0.033714,28.1,0.0018731886120996397,930598,稀土产业,CNY,CN10Y
2018-12-19,883.42,0.033412,27.68,0.002715167630057809,930598,稀土产业,CNY,CN10Y
2018-12-20,887.27,0.033003,27.75,0.003033036036036038,930598,稀土产业,CNY,CN10Y
2018-12-21,880.04,0.033168,27.57,0.0031033093942691298,930598,稀土产业,CNY,CN10Y
2018-12-24,885.74,0.033483,27.7,0.0026180830324909754,930598,稀土产业,CNY,CN10Y
2018-12-25,868.99,0.033113,27.23,0.003611201248622846,930598,稀土产业,CNY,CN10Y
2018-12-26,866.03,0.033011,27.1,0.003889369003690038,930598,稀土产业,CNY,CN10Y
2018-12-27,855.11,0.032709,26.8,0.00460443283582089,930598,稀土产业,CNY,CN10Y
2018-12-28,859.47,0.032315,26.91,0.004845906726124116,930598,稀土产业,CNY,CN10Y
2018-12-29,,0.032265,26.91,0.004895906726124118,930598,稀土产业,CNY,CN10Y
2018-12-30,,0.032265,26.91,0.004895906726124118,930598,稀土产业,CNY,CN10Y
2018-12-31,,0.032265,26.91,0.004895906726124118,930598,稀土产业,CNY,CN10Y
2019-01-02,854.79,0.031734,26.68,0.005747259370314846,930598,稀土产业,CNY,CN10Y
2019-01-03,862.72,0.03141,26.83,0.005861710771524413,930598,稀土产业,CNY,CN10Y
2019-01-04,894.44,0.031513,27.72,0.00456203607503608,930598,稀土产业,CNY,CN10Y
2019-01-07,917.71,0.031507,28.21,0.003941422545196735,930598,稀土产业,CNY,CN10Y
2019-01-08,925.27,0.031211,28.4,0.004000267605633805,930598,稀土产业,CNY,CN10Y
2019-01-09,927.14,0.0311059999999999,28.41,0.004092873636043746,930598,稀土产业,CNY,CN10Y
2019-01-10,920.82,0.031006,28.3,0.004329689045936398,930598,稀土产业,CNY,CN10Y
2019-01-11,938.86,0.031058,28.68,0.0038095034867503506,930598,稀土产业,CNY,CN10Y
2019-01-14,945.0,0.031297,28.79,0.003437282737061481,930598,稀土产业,CNY,CN10Y
2019-01-15,954.66,0.031383,29.07,0.0030167248022015813,930598,稀土产业,CNY,CN10Y
2019-01-16,944.66,0.030745,28.78,0.004001351633078527,930598,稀土产业,CNY,CN10Y
2019-01-17,949.68,0.03076,28.83,0.003926090877558099,930598,稀土产业,CNY,CN10Y
2019-01-18,956.58,0.03091,29.24,0.003289726402188782,930598,稀土产业,CNY,CN10Y
2019-01-21,957.02,0.031037,29.18,0.0032330479780671682,930598,稀土产业,CNY,CN10Y
2019-01-22,937.78,0.031071,28.58,0.003918503149055286,930598,稀土产业,CNY,CN10Y
2019-01-23,944.78,0.03119,28.68,0.0036775034867503505,930598,稀土产业,CNY,CN10Y
2019-01-24,946.51,0.031338,28.81,0.0033721700798333976,930598,稀土产业,CNY,CN10Y
2019-01-25,937.39,0.031398,28.75,0.003384608695652172,930598,稀土产业,CNY,CN10Y
2019-01-28,931.54,0.031397,28.79,0.0033372827370614783,930598,稀土产业,CNY,CN10Y
2019-01-29,903.89,0.031246,28.2,0.004214992907801422,930598,稀土产业,CNY,CN10Y
2019-01-30,894.86,0.0311509999999999,28.02,0.004537793718772408,930598,稀土产业,CNY,CN10Y
2019-01-31,876.18,0.031037,27.63,0.005155544335866815,930598,稀土产业,CNY,CN10Y
2019-02-01,909.24,0.031032,28.56,0.003982005602240896,930598,稀土产业,CNY,CN10Y
2019-02-02,,0.030978,28.56,0.004036005602240898,930598,稀土产业,CNY,CN10Y
2019-02-03,,0.0309669999999999,28.56,0.004047005602240996,930598,稀土产业,CNY,CN10Y
2019-02-11,940.45,0.03067,29.4,0.0033436054421768745,930598,稀土产业,CNY,CN10Y
2019-02-12,951.6,0.030748,29.72,0.0028993755047106336,930598,稀土产业,CNY,CN10Y
2019-02-13,975.09,0.030719,30.49,0.0020786385700229636,930598,稀土产业,CNY,CN10Y
2019-02-14,982.39,0.030726,30.68,0.0018685241199478501,930598,稀土产业,CNY,CN10Y
2019-02-15,980.93,0.030794,30.61,0.001875062397909185,930598,稀土产业,CNY,CN10Y
2019-02-18,1023.99,0.031094,31.84,0.0003130351758793941,930598,稀土产业,CNY,CN10Y
2019-02-19,1020.89,0.031279,31.57,0.00039664143173898797,930598,稀土产业,CNY,CN10Y
2019-02-20,1037.15,0.031196,31.97,8.33243665936817e-05,930598,稀土产业,CNY,CN10Y
2019-02-21,1022.83,0.031361,31.47,0.00041529488401652326,930598,稀土产业,CNY,CN10Y
2019-02-22,1042.68,0.031451,31.88,-8.337139272270727e-05,930598,稀土产业,CNY,CN10Y
2019-02-25,1120.43,0.031787,34.34,-0.0026664408852650028,930598,稀土产业,CNY,CN10Y
2019-02-26,1131.55,0.031878,35.1,-0.003387971509971506,930598,稀土产业,CNY,CN10Y
2019-02-27,1109.65,0.0316889999999999,34.35,-0.0025769184861716594,930598,稀土产业,CNY,CN10Y
2019-02-28,1111.17,0.0317309999999999,35.06,-0.0032084671990871803,930598,稀土产业,CNY,CN10Y
2019-03-01,1124.35,0.0318699999999999,35.59,-0.003772219724641656,930598,稀土产业,CNY,CN10Y
2019-03-04,1150.37,0.032023,36.44,-0.0045806289791438005,930598,稀土产业,CNY,CN10Y
2019-03-05,1189.15,0.032149,37.62,-0.005567394471026044,930598,稀土产业,CNY,CN10Y
2019-03-06,1233.27,0.032021,39.45,-0.006672457541191383,930598,稀土产业,CNY,CN10Y
2019-03-07,1276.5,0.031572,40.73,-0.007020072673704886,930598,稀土产业,CNY,CN10Y
2019-03-08,1194.78,0.031423,37.92,-0.005051691983122365,930598,稀土产业,CNY,CN10Y
2019-03-11,1236.85,0.031374,38.99,-0.005726398050782254,930598,稀土产业,CNY,CN10Y
2019-03-12,1251.64,0.031424,39.32,-0.005991650050864699,930598,稀土产业,CNY,CN10Y
2019-03-13,1225.38,0.031375,38.54,-0.005427932018681889,930598,稀土产业,CNY,CN10Y
2019-03-14,1206.15,0.031475,37.94,-0.005117593568792832,930598,稀土产业,CNY,CN10Y
2019-03-15,1231.26,0.031376,38.56,-0.005442390041493779,930598,稀土产业,CNY,CN10Y
2019-03-18,1270.19,0.031377,39.57,-0.0061053295425827665,930598,稀土产业,CNY,CN10Y
2019-03-19,1273.73,0.031377,39.52,-0.0060733562753036464,930598,稀土产业,CNY,CN10Y
2019-03-20,1260.37,0.031453,39.43,-0.0060916000507228,930598,稀土产业,CNY,CN10Y
2019-03-21,1267.12,0.031291,39.5,-0.005974544303797468,930598,稀土产业,CNY,CN10Y
2019-03-22,1268.13,0.03108,39.39,-0.005692845899974614,930598,稀土产业,CNY,CN10Y
2019-03-25,1253.48,0.030831,38.61,-0.0049309740999741,930598,稀土产业,CNY,CN10Y
2019-03-26,1216.64,0.030633,37.66,-0.004079627721720658,930598,稀土产业,CNY,CN10Y
2019-03-27,1214.02,0.030882,37.44,-0.004172598290598288,930598,稀土产业,CNY,CN10Y
2019-03-28,1190.72,0.030634,36.92,-0.003548409534127845,930598,稀土产业,CNY,CN10Y
2019-03-29,1224.45,0.030683,36.71,-0.003442466085535275,930598,稀土产业,CNY,CN10Y
2019-04-01,1266.79,0.031332,37.94,-0.004974593568792828,930598,稀土产业,CNY,CN10Y
2019-04-02,1289.89,0.031681,38.35,-0.005605380704041724,930598,稀土产业,CNY,CN10Y
2019-04-03,1284.02,0.032331,38.15,-0.006118680209698555,930598,稀土产业,CNY,CN10Y
2019-04-04,1301.81,0.032679,38.44,-0.0066644318418314225,930598,稀土产业,CNY,CN10Y
2019-04-08,1309.58,0.032482,38.7,-0.006642206718346252,930598,稀土产业,CNY,CN10Y
2019-04-09,1295.34,0.0328819999999999,38.33,-0.006792774849986853,930598,稀土产业,CNY,CN10Y
2019-04-10,1278.42,0.032932,37.96,-0.006588480505795576,930598,稀土产业,CNY,CN10Y
2019-04-11,1255.39,0.032784,37.31,-0.00598153417314393,930598,稀土产业,CNY,CN10Y
2019-04-12,1252.1,0.033334,37.03,-0.006328869025114776,930598,稀土产业,CNY,CN10Y
2019-04-15,1236.83,0.033736,36.69,-0.006480617061869719,930598,稀土产业,CNY,CN10Y
2019-04-16,1279.51,0.033937,37.74,-0.007439914679385273,930598,稀土产业,CNY,CN10Y
2019-04-17,1302.29,0.033938,38.25,-0.0077942091503267995,930598,稀土产业,CNY,CN10Y
2019-04-18,1290.14,0.033589,37.84,-0.007161938689217762,930598,稀土产业,CNY,CN10Y
2019-04-19,1307.31,0.033741,38.26,-0.0076040423418714045,930598,稀土产业,CNY,CN10Y
2019-04-22,1301.37,0.034091,38.03,-0.00779596976071523,930598,稀土产业,CNY,CN10Y
2019-04-23,1289.78,0.033993,37.96,-0.007649480505795576,930598,稀土产业,CNY,CN10Y
2019-04-24,1309.33,0.034343,38.47,-0.008348718741876784,930598,稀土产业,CNY,CN10Y
2019-04-25,1250.13,0.034193,37.05,-0.00720244669365722,930598,稀土产业,CNY,CN10Y
2019-04-26,1224.43,0.034043,35.89,-0.006180085539147392,930598,稀土产业,CNY,CN10Y
2019-04-28,,0.034043,35.89,-0.006180085539147392,930598,稀土产业,CNY,CN10Y
2019-04-29,1163.79,0.034268,34.27,-0.00508795914794281,930598,稀土产业,CNY,CN10Y
2019-04-30,1167.28,0.0338689999999999,34.59,-0.004958910378722075,930598,稀土产业,CNY,CN10Y
2019-05-05,,0.033849,34.59,-0.004938910378722173,930598,稀土产业,CNY,CN10Y
2019-05-06,1071.93,0.0335499999999999,30.24,-0.00048121693121682546,930598,稀土产业,CNY,CN10Y
2019-05-07,1085.49,0.033551,30.53,-0.0007963324598755303,930598,稀土产业,CNY,CN10Y
2019-05-08,1081.86,0.033426,30.32,-0.0004444696569920817,930598,稀土产业,CNY,CN10Y
2019-05-09,1079.0,0.033116,30.43,-0.00025369306605323855,930598,稀土产业,CNY,CN10Y
2019-05-10,1116.84,0.033017,31.37,-0.0011394099458080925,930598,稀土产业,CNY,CN10Y
2019-05-13,1104.46,0.032709,30.83,-0.00027306097956535796,930598,稀土产业,CNY,CN10Y
2019-05-14,1103.08,0.032859,30.83,-0.0004230609795653553,930598,稀土产业,CNY,CN10Y
2019-05-15,1127.92,0.032762,31.52,-0.001036111675126905,930598,稀土产业,CNY,CN10Y
2019-05-16,1208.08,0.032662,33.89,-0.003154770728828561,930598,稀土产业,CNY,CN10Y
2019-05-17,1158.55,0.032665,32.57,-0.001961898986797668,930598,稀土产业,CNY,CN10Y
2019-05-20,1197.91,0.032717,33.68,-0.003025788598574823,930598,稀土产业,CNY,CN10Y
2019-05-21,1283.86,0.03299,35.9,-0.005134846796657377,930598,稀土产业,CNY,CN10Y
2019-05-22,1245.7,0.033264,34.88,-0.004594275229357802,930598,稀土产业,CNY,CN10Y
2019-05-23,1235.64,0.0331,34.65,-0.0042399711399711375,930598,稀土产业,CNY,CN10Y
2019-05-24,1197.61,0.033125,33.67,-0.0034249702999703015,930598,稀土产业,CNY,CN10Y
2019-05-27,1246.1,0.0335,34.83,-0.0047891185759402835,930598,稀土产业,CNY,CN10Y
2019-05-28,1250.09,0.0331,35.07,-0.004585600228115196,930598,稀土产业,CNY,CN10Y
2019-05-29,1315.14,0.032875,36.68,-0.005612186477644495,930598,稀土产业,CNY,CN10Y
2019-05-30,1303.73,0.03275,36.21,-0.005133319524993098,930598,稀土产业,CNY,CN10Y
2019-05-31,1307.94,0.032751,36.56,-0.005398702407002191,930598,稀土产业,CNY,CN10Y
2019-06-03,1256.33,0.032401,35.51,-0.004239918614474793,930598,稀土产业,CNY,CN10Y
2019-06-04,1221.16,0.032101,34.53,-0.003140675644367215,930598,稀土产业,CNY,CN10Y
2019-06-05,1223.36,0.0321,34.64,-0.003231639722863739,930598,稀土产业,CNY,CN10Y
2019-06-06,1237.27,0.032136,35.07,-0.003621600228115196,930598,稀土产业,CNY,CN10Y
2019-06-10,1264.99,0.032251,35.53,-0.004105770616380525,930598,稀土产业,CNY,CN10Y
2019-06-11,1341.83,0.032651,37.39,-0.005905880984220381,930598,稀土产业,CNY,CN10Y
2019-06-12,1346.94,0.032601,37.7,-0.006075801061007958,930598,稀土产业,CNY,CN10Y
2019-06-13,1357.44,0.032451,37.71,-0.0059328350570140576,930598,稀土产业,CNY,CN10Y
2019-06-14,1307.58,0.032302,36.64,-0.005009423580786022,930598,稀土产业,CNY,CN10Y
2019-06-17,1317.76,0.032252,38.24,-0.0061013723849372425,930598,稀土产业,CNY,CN10Y
2019-06-18,1283.98,0.032302,37.36,-0.005535404710920767,930598,稀土产业,CNY,CN10Y
2019-06-19,1289.75,0.032427,37.58,-0.005817101117615749,930598,稀土产业,CNY,CN10Y
2019-06-20,1283.75,0.032352,37.47,-0.005663982919669068,930598,稀土产业,CNY,CN10Y
2019-06-21,1295.88,0.032303,37.94,-0.005945593568792828,930598,稀土产业,CNY,CN10Y
2019-06-24,1309.45,0.0324529999999999,38.59,-0.006539550919927344,930598,稀土产业,CNY,CN10Y
2019-06-25,1258.44,0.032353,37.22,-0.005485724341751746,930598,稀土产业,CNY,CN10Y
2019-06-26,1239.29,0.0324529999999999,36.56,-0.005100702407002087,930598,稀土产业,CNY,CN10Y
2019-06-27,1242.01,0.032553,36.6,-0.0052305956284153,930598,稀土产业,CNY,CN10Y
2019-06-28,1253.52,0.032254,36.94,-0.00518307417433676,930598,稀土产业,CNY,CN10Y
2019-07-01,1260.81,0.032254,36.95,-0.00519040054127199,930598,稀土产业,CNY,CN10Y
2019-07-02,1251.23,0.0317039999999999,36.71,-0.004463466085535175,930598,稀土产业,CNY,CN10Y
2019-07-03,1225.83,0.031554,36.0,-0.0037762222222222225,930598,稀土产业,CNY,CN10Y
2019-07-04,1221.91,0.031479,35.78,-0.0035304253773057598,930598,稀土产业,CNY,CN10Y
2019-07-05,1221.0,0.031705,35.81,-0.0037798394303267223,930598,稀土产业,CNY,CN10Y
2019-07-08,1168.45,0.031805,34.49,-0.0028110887213685133,930598,稀土产业,CNY,CN10Y
2019-07-09,1177.55,0.03168,34.85,-0.0029855954088952655,930598,稀土产业,CNY,CN10Y
2019-07-10,1164.47,0.031706,34.52,-0.002737286210892236,930598,稀土产业,CNY,CN10Y
2019-07-11,1158.19,0.03168,34.34,-0.002559440885265,930598,稀土产业,CNY,CN10Y
2019-07-12,1157.86,0.0315309999999999,34.37,-0.0024358588885655084,930598,稀土产业,CNY,CN10Y
2019-07-15,1177.18,0.031782,34.8,-0.0030463678160919487,930598,稀土产业,CNY,CN10Y
2019-07-16,1175.6,0.031732,34.66,-0.0028802977495672247,930598,稀土产业,CNY,CN10Y
2019-07-17,1179.19,0.031757,34.8,-0.0030213678160919515,930598,稀土产业,CNY,CN10Y
2019-07-18,1183.99,0.031608,34.86,-0.002921826735513479,930598,稀土产业,CNY,CN10Y
2019-07-19,1181.4,0.031559,34.83,-0.0028481185759402783,930598,稀土产业,CNY,CN10Y
2019-07-22,1117.55,0.031484,33.05,-0.0012268139183055915,930598,稀土产业,CNY,CN10Y
2019-07-23,1127.93,0.031484,33.3,-0.0014539699699699649,930598,稀土产业,CNY,CN10Y
2019-07-24,1137.2,0.0317099999999999,33.55,-0.0019037406855438588,930598,稀土产业,CNY,CN10Y
2019-07-25,1140.36,0.0316349999999999,33.69,-0.0019526016622142053,930598,稀土产业,CNY,CN10Y
2019-07-26,1131.24,0.031661,33.4,-0.0017208802395209596,930598,稀土产业,CNY,CN10Y
2019-07-29,1125.02,0.031836,33.18,-0.0016973622664255596,930598,稀土产业,CNY,CN10Y
2019-07-30,1131.86,0.031761,33.32,-0.0017489951980792298,930598,稀土产业,CNY,CN10Y
2019-07-31,1126.18,0.031552,33.21,-0.001440587774766633,930598,稀土产业,CNY,CN10Y
2019-08-01,1111.24,0.031487,32.79,-0.0009898972247636487,930598,稀土产业,CNY,CN10Y
2019-08-02,1157.03,0.030914,34.06,-0.0015540469759248408,930598,稀土产业,CNY,CN10Y
2019-08-05,1152.92,0.0305629999999999,34.03,-0.0011771639729649327,930598,稀土产业,CNY,CN10Y
2019-08-06,1123.67,0.030613,33.48,-0.0007444217443249683,930598,稀土产业,CNY,CN10Y
2019-08-07,1155.33,0.030514,34.49,-0.0015200887213685128,930598,稀土产业,CNY,CN10Y
2019-08-08,1134.5,0.030465,33.99,-0.0010445822300676685,930598,稀土产业,CNY,CN10Y
2019-08-09,1120.46,0.030216,33.6,-0.00045409523809523955,930598,稀土产业,CNY,CN10Y
2019-08-12,1111.81,0.0303909999999999,33.18,-0.0002523622664254571,930598,稀土产业,CNY,CN10Y
2019-08-13,1108.54,0.030041,33.14,0.00013401508750754063,930598,稀土产业,CNY,CN10Y
2019-08-14,1101.37,0.030105,32.75,0.00042935114503816693,930598,稀土产业,CNY,CN10Y
2019-08-15,1096.51,0.030115,32.55,0.0006069662058371776,930598,稀土产业,CNY,CN10Y
2019-08-16,1125.81,0.030217,33.22,-0.00011465201685731397,930598,稀土产业,CNY,CN10Y
2019-08-19,1149.94,0.030191,33.85,-0.0006489025110782871,930598,稀土产业,CNY,CN10Y
2019-08-20,1161.2,0.0303169999999999,34.07,-0.0009656645142352982,930598,稀土产业,CNY,CN10Y
2019-08-21,1147.12,0.030567,33.75,-0.0009373703703703697,930598,稀土产业,CNY,CN10Y
2019-08-22,1152.16,0.030543,33.71,-0.0008782121032334632,930598,稀土产业,CNY,CN10Y
2019-08-23,1173.71,0.030644,34.14,-0.001352845928529585,930598,稀土产业,CNY,CN10Y
2019-08-26,1167.93,0.030494,34.26,-0.0013054419147694105,930598,稀土产业,CNY,CN10Y
2019-08-27,1182.35,0.03052,34.65,-0.0016599711399711385,930598,稀土产业,CNY,CN10Y
2019-08-28,1165.95,0.03052,34.25,-0.0013229197080291966,930598,稀土产业,CNY,CN10Y
2019-08-29,1163.92,0.0303209999999999,34.19,-0.0010726817782976475,930598,稀土产业,CNY,CN10Y
2019-08-30,1171.97,0.030573,34.45,-0.001545423802612484,930598,稀土产业,CNY,CN10Y
2019-09-02,1180.61,0.0307229999999999,38.75,-0.004916548387096674,930598,稀土产业,CNY,CN10Y
2019-09-03,1192.37,0.030624,39.33,-0.005198116450546655,930598,稀土产业,CNY,CN10Y
2019-09-04,1206.49,0.030473,40.02,-0.00548549375312344,930598,稀土产业,CNY,CN10Y
2019-09-05,1212.06,0.030173,40.12,-0.0052477756729810525,930598,稀土产业,CNY,CN10Y
2019-09-06,1206.79,0.030173,39.9,-0.005110343358395986,930598,稀土产业,CNY,CN10Y
2019-09-09,1234.54,0.03025,40.73,-0.005698072673704882,930598,稀土产业,CNY,CN10Y
2019-09-10,1234.21,0.030425,40.47,-0.005715338522362244,930598,稀土产业,CNY,CN10Y
2019-09-11,1238.57,0.030525,40.44,-0.005797007912957466,930598,稀土产业,CNY,CN10Y
2019-09-12,1230.63,0.030876,40.21,-0.006006564536185029,930598,稀土产业,CNY,CN10Y
2019-09-16,1226.74,0.030926,40.21,-0.006056564536185027,930598,稀土产业,CNY,CN10Y
2019-09-17,1201.29,0.031076,39.53,-0.00577875739944346,930598,稀土产业,CNY,CN10Y
2019-09-18,1202.91,0.031277,39.84,-0.0061765983935743,930598,稀土产业,CNY,CN10Y
2019-09-19,1219.78,0.031053,40.31,-0.006245259985115357,930598,稀土产业,CNY,CN10Y
2019-09-20,1218.56,0.0309799999999999,40.1,-0.006042344139650775,930598,稀土产业,CNY,CN10Y
2019-09-23,1198.39,0.0310049999999999,39.37,-0.005604949199898297,930598,稀土产业,CNY,CN10Y
2019-09-24,1194.3,0.0312049999999999,38.99,-0.005557398050782154,930598,稀土产业,CNY,CN10Y
2019-09-25,1172.44,0.031157,38.15,-0.004944680209698557,930598,稀土产业,CNY,CN10Y
2019-09-26,1124.0,0.031381,36.62,-0.004073517749863458,930598,稀土产业,CNY,CN10Y
2019-09-27,1133.96,0.031482,36.98,-0.004440355868036778,930598,稀土产业,CNY,CN10Y
2019-09-29,,0.031434,36.98,-0.0043923558680367715,930598,稀土产业,CNY,CN10Y
2019-09-30,1123.3,0.0314109999999999,36.58,-0.004073657189721056,930598,稀土产业,CNY,CN10Y
2019-10-08,1136.51,0.031063,37.2,-0.0041812795698924765,930598,稀土产业,CNY,CN10Y
2019-10-09,1150.21,0.031089,37.59,-0.004486180101090715,930598,稀土产业,CNY,CN10Y
2019-10-10,1161.58,0.031289,38.16,-0.0050835492662473745,930598,稀土产业,CNY,CN10Y
2019-10-11,1155.34,0.031564,37.97,-0.005227418488280223,930598,稀土产业,CNY,CN10Y
2019-10-12,,0.031716,37.97,-0.005379418488280222,930598,稀土产业,CNY,CN10Y
2019-10-14,1162.46,0.031641,38.1,-0.005394280839895016,930598,稀土产业,CNY,CN10Y
2019-10-15,1140.51,0.031668,37.17,-0.0047645832660747935,930598,稀土产业,CNY,CN10Y
2019-10-16,1129.45,0.031693,36.85,-0.004555957937584804,930598,稀土产业,CNY,CN10Y
2019-10-17,1126.59,0.031569,36.82,-0.004409847365562193,930598,稀土产业,CNY,CN10Y
2019-10-18,1101.62,0.0318699999999999,35.9,-0.004014846796657277,930598,稀土产业,CNY,CN10Y
2019-10-21,1100.31,0.0321959999999999,35.88,-0.004325319955406814,930598,稀土产业,CNY,CN10Y
2019-10-22,1110.19,0.0321959999999999,36.16,-0.004541132743362729,930598,稀土产业,CNY,CN10Y
2019-10-23,1097.28,0.032122,35.72,-0.004126479283314666,930598,稀土产业,CNY,CN10Y
2019-10-24,1094.13,0.0321959999999999,35.6,-0.004106112359550461,930598,稀土产业,CNY,CN10Y
2019-10-25,1106.73,0.032372,36.18,-0.00473242012161415,930598,稀土产业,CNY,CN10Y
2019-10-28,1125.94,0.032924,36.79,-0.00574270073389508,930598,稀土产业,CNY,CN10Y
2019-10-29,1106.02,0.033029,36.19,-0.005397057474440456,930598,稀土产业,CNY,CN10Y
2019-10-30,1088.21,0.033125,35.88,-0.005254319955406917,930598,稀土产业,CNY,CN10Y
2019-10-31,1074.38,0.03288,35.29,-0.004543360725417965,930598,稀土产业,CNY,CN10Y
2019-11-01,1091.51,0.032757,39.12,-0.007194627811860942,930598,稀土产业,CNY,CN10Y
2019-11-04,1091.64,0.032954,39.42,-0.007586166412988329,930598,稀土产业,CNY,CN10Y
2019-11-05,1095.3,0.032454,39.74,-0.0072904368394564635,930598,稀土产业,CNY,CN10Y
2019-11-06,1090.84,0.032555,39.47,-0.007219302001520142,930598,稀土产业,CNY,CN10Y
2019-11-07,1093.23,0.032736,39.6,-0.007483474747474749,930598,稀土产业,CNY,CN10Y
2019-11-08,1095.01,0.032765,39.76,-0.007614094567404427,930598,稀土产业,CNY,CN10Y
2019-11-11,1074.68,0.032463,39.12,-0.006900627811860939,930598,稀土产业,CNY,CN10Y
2019-11-12,1059.99,0.0325499999999999,38.42,-0.006521889640811976,930598,稀土产业,CNY,CN10Y
2019-11-13,1058.43,0.03237,38.31,-0.006267154789872102,930598,稀土产业,CNY,CN10Y
2019-11-14,1059.59,0.032555,38.35,-0.006479380704041724,930598,稀土产业,CNY,CN10Y
2019-11-15,1060.23,0.032355,38.3,-0.006245339425587467,930598,稀土产业,CNY,CN10Y
2019-11-18,1061.11,0.031993,38.39,-0.005944549882781976,930598,稀土产业,CNY,CN10Y
2019-11-19,1076.15,0.031743,38.84,-0.005996347064881568,930598,稀土产业,CNY,CN10Y
2019-11-20,1087.42,0.031747,39.18,-0.006223773864216433,930598,稀土产业,CNY,CN10Y
2019-11-21,1077.64,0.031749,39.07,-0.006153914256462757,930598,稀土产业,CNY,CN10Y
2019-11-22,1073.16,0.031747,38.91,-0.006046665895656639,930598,稀土产业,CNY,CN10Y
2019-11-25,1073.49,0.031875,38.8,-0.006101804123711339,930598,稀土产业,CNY,CN10Y
2019-11-26,1070.93,0.031675,38.76,-0.005875206398348813,930598,稀土产业,CNY,CN10Y
2019-11-27,1074.88,0.0317,38.89,-0.005986448958601183,930598,稀土产业,CNY,CN10Y
2019-11-28,1066.89,0.03165,38.41,-0.005615113251757349,930598,稀土产业,CNY,CN10Y
2019-11-29,1063.07,0.03165,38.21,-0.0054788406176393585,930598,稀土产业,CNY,CN10Y
2019-12-02,1057.88,0.032062,38.03,-0.005766969760715227,930598,稀土产业,CNY,CN10Y
2019-12-03,1064.93,0.0317459999999999,38.2,-0.005567989528795714,930598,稀土产业,CNY,CN10Y
2019-12-04,1082.75,0.031751,38.78,-0.005964512119649306,930598,稀土产业,CNY,CN10Y
2019-12-05,1090.3,0.031776,39.14,-0.006226689831374553,930598,稀土产业,CNY,CN10Y
2019-12-06,1093.89,0.031751,39.27,-0.006286268652915716,930598,稀土产业,CNY,CN10Y
2019-12-09,1098.98,0.031903,39.48,-0.006573719351570414,930598,稀土产业,CNY,CN10Y
2019-12-10,1102.82,0.031776,39.57,-0.006504329542582763,930598,稀土产业,CNY,CN10Y
2019-12-11,1089.28,0.031702,39.09,-0.006120009721156311,930598,稀土产业,CNY,CN10Y
2019-12-12,1094.5,0.031652,39.1,-0.006076552429667519,930598,稀土产业,CNY,CN10Y
2019-12-13,1103.94,0.0318279999999999,39.5,-0.006511544303797367,930598,稀土产业,CNY,CN10Y
2019-12-16,1121.93,0.031854,40.35,-0.007070852540272617,930598,稀土产业,CNY,CN10Y
2019-12-17,1148.83,0.0321329999999999,41.05,-0.007772464068209396,930598,稀土产业,CNY,CN10Y
2019-12-18,1159.55,0.032139,41.5,-0.008042614457831325,930598,稀土产业,CNY,CN10Y
2019-12-19,1166.44,0.032139,41.48,-0.008030996142719384,930598,稀土产业,CNY,CN10Y
2019-12-20,1143.91,0.031808,40.87,-0.0073401751896256424,930598,稀土产业,CNY,CN10Y
2019-12-23,1119.29,0.031661,39.84,-0.0065605983935743024,930598,稀土产业,CNY,CN10Y
2019-12-24,1158.66,0.031535,40.9,-0.007085122249388752,930598,稀土产业,CNY,CN10Y
2019-12-25,1162.46,0.031463,40.72,-0.006905043222003925,930598,稀土产业,CNY,CN10Y
2019-12-26,1172.95,0.031137,40.94,-0.00671101074743527,930598,稀土产业,CNY,CN10Y
2019-12-27,1183.27,0.031292,41.24,-0.007043697381183319,930598,稀土产业,CNY,CN10Y
2019-12-30,1189.14,0.031322,41.42,-0.007179073877353941,930598,稀土产业,CNY,CN10Y
2019-12-31,1184.31,0.031365,41.25,-0.007122575757575755,930598,稀土产业,CNY,CN10Y
2020-01-02,1203.71,0.031485,42.12,-0.0077433095916429225,930598,稀土产业,CNY,CN10Y
2020-01-03,1211.37,0.031428,42.44,-0.007865323279924594,930598,稀土产业,CNY,CN10Y
2020-01-06,1249.46,0.031352,43.4,-0.008310525345622117,930598,稀土产业,CNY,CN10Y
2020-01-07,1245.22,0.031379,43.36,-0.008316269372693724,930598,稀土产业,CNY,CN10Y
2020-01-08,1235.4,0.031337,42.92,-0.008037838769804285,930598,稀土产业,CNY,CN10Y
2020-01-09,1243.58,0.031184,43.28,-0.008078639556377078,930598,稀土产业,CNY,CN10Y
2020-01-10,1235.02,0.030819,42.88,-0.0074981044776119415,930598,稀土产业,CNY,CN10Y
2020-01-13,1251.54,0.03084,43.36,-0.007777269372693726,930598,稀土产业,CNY,CN10Y
2020-01-14,1256.61,0.030994,43.29,-0.007893976899976899,930598,稀土产业,CNY,CN10Y
2020-01-15,1242.46,0.030897,42.77,-0.00751612555529577,930598,稀土产业,CNY,CN10Y
2020-01-16,1245.55,0.030918,43.14,-0.007737656930922578,930598,稀土产业,CNY,CN10Y
2020-01-17,1236.77,0.030832,42.77,-0.007451125555295767,930598,稀土产业,CNY,CN10Y
2020-01-19,,0.03078,42.77,-0.007399125555295767,930598,稀土产业,CNY,CN10Y
2020-01-20,1250.42,0.0307759999999999,43.5,-0.007787494252873464,930598,稀土产业,CNY,CN10Y
2020-01-21,1219.85,0.030337,42.39,-0.006746530549657938,930598,稀土产业,CNY,CN10Y
2020-01-22,1231.47,0.030282,42.74,-0.006884714085166121,930598,稀土产业,CNY,CN10Y
2020-01-23,1180.85,0.029932,41.4,-0.005777410628019324,930598,稀土产业,CNY,CN10Y
2020-02-03,1063.09,0.028231,37.28,-0.0014069656652360499,930598,稀土产业,CNY,CN10Y
2020-02-04,1043.52,0.028551,36.86,-0.0014213201302224615,930598,稀土产业,CNY,CN10Y
2020-02-05,1076.03,0.02844,37.83,-0.0020059529473962466,930598,稀土产业,CNY,CN10Y
2020-02-06,1094.68,0.028392,38.21,-0.0022208406176393615,930598,稀土产业,CNY,CN10Y
2020-02-07,1104.26,0.028024,38.05,-0.00174279106438896,930598,稀土产业,CNY,CN10Y
2020-02-10,1134.06,0.0278719999999999,38.75,-0.0020655483870966745,930598,稀土产业,CNY,CN10Y
2020-02-11,1132.64,0.02834,39.23,-0.0028493041040020366,930598,稀土产业,CNY,CN10Y
2020-02-12,1169.03,0.028333,39.98,-0.0033204937468734354,930598,稀土产业,CNY,CN10Y
2020-02-13,1169.78,0.028201,39.73,-0.003031103196576894,930598,稀土产业,CNY,CN10Y
2020-02-14,1171.87,0.028631,40.03,-0.0036497359480389714,930598,稀土产业,CNY,CN10Y
2020-02-17,1214.86,0.028928,41.3,-0.004714924939467308,930598,稀土产业,CNY,CN10Y
2020-02-18,1253.79,0.028664,42.35,-0.005051249114521841,930598,稀土产业,CNY,CN10Y
2020-02-19,1223.28,0.028776,41.51,-0.004685419417007949,930598,稀土产业,CNY,CN10Y
2020-02-20,1251.93,0.028857,42.52,-0.005338655691439324,930598,稀土产业,CNY,CN10Y
2020-02-21,1272.57,0.02847,43.1,-0.00526814385150812,930598,稀土产业,CNY,CN10Y
2020-02-24,1290.18,0.02812,43.47,-0.00511562916954221,930598,稀土产业,CNY,CN10Y
2020-02-25,1284.02,0.02822,42.93,-0.004926266014442113,930598,稀土产业,CNY,CN10Y
2020-02-26,1239.94,0.0279729999999999,41.71,-0.00399793406856859,930598,稀土产业,CNY,CN10Y
2020-02-27,1233.07,0.027702,41.38,-0.003535736104398262,930598,稀土产业,CNY,CN10Y
2020-02-28,1140.81,0.027376,38.65,-0.0015027787839586026,930598,稀土产业,CNY,CN10Y
2020-03-02,1189.35,0.0274279999999999,40.25,-0.002583279503105492,930598,稀土产业,CNY,CN10Y
2020-03-03,1199.13,0.027478,40.59,-0.0028413899975363414,930598,稀土产业,CNY,CN10Y
2020-03-04,1203.14,0.02673,40.63,-0.0021176445975879914,930598,稀土产业,CNY,CN10Y
2020-03-05,1222.21,0.026829,41.22,-0.0025689320718098006,930598,稀土产业,CNY,CN10Y
2020-03-06,1206.42,0.02628,40.63,-0.0016676445975879924,930598,稀土产业,CNY,CN10Y
2020-03-09,1148.34,0.025205,38.74,0.0006081130614352045,930598,稀土产业,CNY,CN10Y
2020-03-10,1180.06,0.02613,39.56,-0.0008519413549039449,930598,稀土产业,CNY,CN10Y
2020-03-11,1168.7,0.0260789999999999,39.14,-0.0005296898313744552,930598,稀土产业,CNY,CN10Y
2020-03-12,1141.96,0.026379,38.19,-0.00019413485205551154,930598,稀土产业,CNY,CN10Y
2020-03-13,1133.11,0.0267589999999999,37.83,-0.0003249529473961475,930598,稀土产业,CNY,CN10Y
2020-03-16,1085.68,0.026758,36.21,0.0008586804750069024,930598,稀土产业,CNY,CN10Y
2020-03-17,1075.33,0.027135,35.71,0.0008683604032483881,930598,稀土产业,CNY,CN10Y
2020-03-18,1059.06,0.027136,35.36,0.0011445429864253391,930598,稀土产业,CNY,CN10Y
2020-03-19,1069.84,0.027299,35.63,0.0007672363177097935,930598,稀土产业,CNY,CN10Y
2020-03-20,1071.87,0.026815,35.72,0.0011805207166853335,930598,稀土产业,CNY,CN10Y
2020-03-23,1014.42,0.0263149999999999,33.85,0.003227097488921811,930598,稀土产业,CNY,CN10Y
2020-03-24,1035.81,0.0262889999999999,34.38,0.0027976783013380843,930598,稀土产业,CNY,CN10Y
2020-03-25,1060.95,0.0262889999999999,35.43,0.0019356683601468687,930598,稀土产业,CNY,CN10Y
2020-03-26,1056.33,0.0259399999999999,35.09,0.0025581476204047694,930598,稀土产业,CNY,CN10Y
2020-03-27,1041.61,0.02609,34.8,0.0026456321839080504,930598,稀土产业,CNY,CN10Y
2020-03-30,1019.51,0.026142,33.98,0.003287075927015895,930598,稀土产业,CNY,CN10Y
2020-03-31,1041.18,0.025899,34.56,0.0030361851851851834,930598,稀土产业,CNY,CN10Y
2020-04-01,1042.71,0.02555,34.75,0.0032269784172661888,930598,稀土产业,CNY,CN10Y
2020-04-02,1060.15,0.025854,35.41,0.002386609997175944,930598,稀土产业,CNY,CN10Y
2020-04-03,1049.86,0.025965,35.14,0.002492598178713716,930598,稀土产业,CNY,CN10Y
2020-04-07,1072.6,0.025112,35.88,0.0027586800445930856,930598,稀土产业,CNY,CN10Y
2020-04-08,1076.45,0.024824,36.0,0.0029537777777777774,930598,稀土产业,CNY,CN10Y
2020-04-09,1072.32,0.025226,35.82,0.0026913646007816865,930598,稀土产业,CNY,CN10Y
2020-04-10,1046.19,0.025403,35.0,0.003168428571428572,930598,稀土产业,CNY,CN10Y
2020-04-13,1035.28,0.025658,34.66,0.0031937022504327783,930598,稀土产业,CNY,CN10Y
2020-04-14,1059.73,0.025591,35.59,0.0025067802753582433,930598,稀土产业,CNY,CN10Y
2020-04-15,1052.13,0.025455,35.36,0.002825542986425341,930598,稀土产业,CNY,CN10Y
2020-04-16,1051.28,0.025276,35.43,0.002948668360146768,930598,稀土产业,CNY,CN10Y
2020-04-17,1062.69,0.02559,35.65,0.002460490883590464,930598,稀土产业,CNY,CN10Y
2020-04-20,1061.83,0.02592,35.57,0.0021935788585886982,930598,稀土产业,CNY,CN10Y
2020-04-21,1040.6,0.0257909999999999,34.87,0.002886946659019316,930598,稀土产业,CNY,CN10Y
2020-04-22,1063.57,0.025567,35.46,0.0026337896221094205,930598,稀土产业,CNY,CN10Y
2020-04-23,1049.35,0.025227,34.95,0.0033853032904148754,930598,稀土产业,CNY,CN10Y
2020-04-24,1032.51,0.0250999999999999,34.37,0.003995141111434491,930598,稀土产业,CNY,CN10Y
2020-04-26,,0.025205,34.37,0.0038901411114343892,930598,稀土产业,CNY,CN10Y
2020-04-27,1019.91,0.025345,34.21,0.003886218941829875,930598,稀土产业,CNY,CN10Y
2020-04-28,1000.33,0.025254,33.88,0.004261938606847697,930598,稀土产业,CNY,CN10Y
2020-04-29,1002.22,0.025009,33.76,0.004611853080568721,930598,稀土产业,CNY,CN10Y
2020-04-30,1043.29,0.02538,35.24,0.0029968444948921674,930598,稀土产业,CNY,CN10Y
2020-05-06,1086.68,0.025809,40.25,-0.0009642795031055904,930598,稀土产业,CNY,CN10Y
2020-05-07,1075.06,0.026298,39.67,-0.001090034282833375,930598,稀土产业,CNY,CN10Y
2020-05-08,1080.99,0.0262069999999999,39.92,-0.0011568997995991016,930598,稀土产业,CNY,CN10Y
2020-05-09,,0.0264,39.92,-0.001349899799599201,930598,稀土产业,CNY,CN10Y
2020-05-11,1073.85,0.026698,39.66,-0.0014836782652546607,930598,稀土产业,CNY,CN10Y
2020-05-12,1070.28,0.0266029999999999,39.57,-0.0013313295425826654,930598,稀土产业,CNY,CN10Y
2020-05-13,1072.38,0.027076,39.59,-0.00181709623642334,930598,稀土产业,CNY,CN10Y
2020-05-14,1076.59,0.026989,39.79,-0.0018570573008293532,930598,稀土产业,CNY,CN10Y
2020-05-15,1079.2,0.02682,39.83,-0.0017132965101682128,930598,稀土产业,CNY,CN10Y
2020-05-18,1097.55,0.027253,40.37,-0.0024821305424820375,930598,稀土产业,CNY,CN10Y
2020-05-19,1099.54,0.0272719999999999,40.67,-0.0026838514875828882,930598,稀土产业,CNY,CN10Y
2020-05-20,1083.1,0.0269,40.19,-0.0020181886041303783,930598,稀土产业,CNY,CN10Y
2020-05-21,1080.31,0.02685,40.08,-0.0018999001996007972,930598,稀土产业,CNY,CN10Y
2020-05-22,1088.06,0.0261759999999999,40.21,-0.0013065645361849294,930598,稀土产业,CNY,CN10Y
2020-05-25,1077.06,0.026852,39.68,-0.0016503870967741925,930598,稀土产业,CNY,CN10Y
2020-05-26,1100.19,0.027402,40.37,-0.0026311305424820373,930598,稀土产业,CNY,CN10Y
2020-05-27,1114.71,0.027527,40.62,-0.0029085854258985716,930598,稀土产业,CNY,CN10Y
2020-05-28,1133.26,0.027201,40.93,-0.0027690430002443173,930598,稀土产业,CNY,CN10Y
2020-05-29,1147.13,0.0270529999999999,41.42,-0.002910073877353838,930598,稀土产业,CNY,CN10Y
2020-06-01,1171.05,0.027253,42.62,-0.0037898371656499286,930598,稀土产业,CNY,CN10Y
2020-06-02,1176.55,0.027852,43.2,-0.004703851851851851,930598,稀土产业,CNY,CN10Y
2020-06-03,1162.88,0.027901,42.89,-0.004585541851247377,930598,稀土产业,CNY,CN10Y
2020-06-04,1156.12,0.028301,42.62,-0.004837837165649929,930598,稀土产业,CNY,CN10Y
2020-06-05,1161.17,0.028475,42.81,-0.005115971735575802,930598,稀土产业,CNY,CN10Y
2020-06-08,1156.16,0.0281009999999999,42.88,-0.004780104477611843,930598,稀土产业,CNY,CN10Y
2020-06-09,1154.32,0.028031,42.8,-0.0046665140186915866,930598,稀土产业,CNY,CN10Y
2020-06-10,1146.64,0.028201,42.49,-0.0046660506001412125,930598,稀土产业,CNY,CN10Y
2020-06-11,1166.98,0.0277009999999999,42.96,-0.004423532588454276,930598,稀土产业,CNY,CN10Y
2020-06-12,1153.5,0.027451,42.37,-0.0038493950908661777,930598,稀土产业,CNY,CN10Y
2020-06-15,1127.65,0.027878,41.35,-0.0036942031438935916,930598,稀土产业,CNY,CN10Y
2020-06-16,1147.61,0.0284019999999999,41.95,-0.004564097735399186,930598,稀土产业,CNY,CN10Y
2020-06-17,1139.07,0.0288019999999999,41.57,-0.0047461905220109665,930598,稀土产业,CNY,CN10Y
2020-06-18,1146.26,0.028527,42.05,-0.004745787158145064,930598,稀土产业,CNY,CN10Y
2020-06-19,1148.94,0.028752,42.3,-0.005111338061465718,930598,稀土产业,CNY,CN10Y
2020-06-22,1159.1,0.029153,42.55,-0.0056512373678025835,930598,稀土产业,CNY,CN10Y
2020-06-23,1155.85,0.029127,42.44,-0.005564323279924597,930598,稀土产业,CNY,CN10Y
2020-06-24,1135.38,0.028614,41.96,-0.004781778836987608,930598,稀土产业,CNY,CN10Y
2020-06-28,,0.028404,41.96,-0.004571778836987606,930598,稀土产业,CNY,CN10Y
2020-06-29,1118.1,0.028504,41.14,-0.004196756441419546,930598,稀土产业,CNY,CN10Y
2020-06-30,1134.25,0.0282299999999999,41.69,-0.004243432477812326,930598,稀土产业,CNY,CN10Y
2020-07-01,1145.77,0.028456,41.94,-0.004612413924654266,930598,稀土产业,CNY,CN10Y
2020-07-02,1171.06,0.028584,43.23,-0.005451915799213506,930598,稀土产业,CNY,CN10Y
2020-07-03,1187.73,0.028974,43.72,-0.006101172918572734,930598,稀土产业,CNY,CN10Y
2020-07-06,1255.99,0.029959,46.24,-0.00833270242214533,930598,稀土产业,CNY,CN10Y
2020-07-07,1264.89,0.030158,46.71,-0.008749308071076857,930598,稀土产业,CNY,CN10Y
2020-07-08,1341.33,0.030632,49.78,-0.010543611088790678,930598,稀土产业,CNY,CN10Y
2020-07-09,1380.1,0.030809,51.07,-0.011228032700215392,930598,稀土产业,CNY,CN10Y
2020-07-10,1353.66,0.030305,50.03,-0.010316992804317408,930598,稀土产业,CNY,CN10Y
2020-07-13,1398.72,0.0305569999999999,51.46,-0.011124431014380001,930598,稀土产业,CNY,CN10Y
2020-07-14,1387.71,0.030057,50.77,-0.010360328737443372,930598,稀土产业,CNY,CN10Y
2020-07-15,1335.57,0.029559,48.69,-0.009020901827890736,930598,稀土产业,CNY,CN10Y
2020-07-16,1289.35,0.029459,46.93,-0.008150668442360964,930598,稀土产业,CNY,CN10Y
2020-07-17,1256.98,0.029507,45.82,-0.007682469227411608,930598,稀土产业,CNY,CN10Y
2020-07-20,1340.01,0.0293109999999999,48.82,-0.008827591560835624,930598,稀土产业,CNY,CN10Y
2020-07-21,1323.64,0.029011,48.33,-0.008319917856403888,930598,稀土产业,CNY,CN10Y
2020-07-22,1339.49,0.0288609999999999,49.09,-0.008490252393562745,930598,稀土产业,CNY,CN10Y
2020-07-23,1349.64,0.029064,49.39,-0.00881698643450091,930598,稀土产业,CNY,CN10Y
2020-07-24,1287.46,0.028612,46.97,-0.0073218147753885444,930598,稀土产业,CNY,CN10Y
2020-07-27,1277.42,0.028791,46.41,-0.007243919629390215,930598,稀土产业,CNY,CN10Y
2020-07-28,1294.7,0.029214,47.09,-0.007978068804417076,930598,稀土产业,CNY,CN10Y
2020-07-29,1319.57,0.029415,48.14,-0.00864225384295804,930598,稀土产业,CNY,CN10Y
2020-07-30,1311.05,0.0293639999999999,47.95,-0.008508942648592185,930598,稀土产业,CNY,CN10Y
2020-07-31,1323.44,0.029664,49.15,-0.009318120040691758,930598,稀土产业,CNY,CN10Y
2020-08-03,1377.85,0.029466,51.25,-0.00995380487804878,930598,稀土产业,CNY,CN10Y
2020-08-04,1357.74,0.029365,50.52,-0.009570859065716548,930598,稀土产业,CNY,CN10Y
2020-08-05,1400.11,0.029592,51.74,-0.010264593737920373,930598,稀土产业,CNY,CN10Y
2020-08-06,1407.59,0.029816,51.64,-0.010451166537567776,930598,稀土产业,CNY,CN10Y
2020-08-07,1406.68,0.029918,51.63,-0.01054941584350184,930598,稀土产业,CNY,CN10Y
2020-08-10,1379.06,0.029543,50.58,-0.009772339659944642,930598,稀土产业,CNY,CN10Y
2020-08-11,1353.58,0.029544,49.89,-0.009499902986570455,930598,稀土产业,CNY,CN10Y
2020-08-12,1326.81,0.02962,49.34,-0.009352468585326307,930598,稀土产业,CNY,CN10Y
2020-08-13,1331.09,0.0295549999999999,49.17,-0.00921739576977822,930598,稀土产业,CNY,CN10Y
2020-08-14,1338.92,0.029369,49.47,-0.00915472872447948,930598,稀土产业,CNY,CN10Y
2020-08-17,1368.87,0.029421,50.53,-0.009630776370472986,930598,稀土产业,CNY,CN10Y
2020-08-18,1362.18,0.029771,50.22,-0.009858614496216646,930598,稀土产业,CNY,CN10Y
2020-08-19,1340.24,0.029921,49.25,-0.00961643147208122,930598,稀土产业,CNY,CN10Y
2020-08-20,1314.03,0.029973,48.38,-0.009303301777594048,930598,稀土产业,CNY,CN10Y
2020-08-21,1314.37,0.029823,48.38,-0.009153301777594047,930598,稀土产业,CNY,CN10Y
2020-08-24,1325.46,0.029998,49.06,-0.009614795760293518,930598,稀土产业,CNY,CN10Y
2020-08-25,1312.29,0.030424,48.57,-0.009835159151739756,930598,稀土产业,CNY,CN10Y
2020-08-26,1269.18,0.030511,47.09,-0.009275068804417076,930598,稀土产业,CNY,CN10Y
2020-08-27,1283.02,0.0305989999999999,47.59,-0.00958618218113039,930598,稀土产业,CNY,CN10Y
2020-08-28,1303.52,0.030672,48.5,-0.010053443298969074,930598,稀土产业,CNY,CN10Y
2020-08-31,1289.61,0.030177,47.94,-0.009317592407175633,930598,稀土产业,CNY,CN10Y
2020-09-01,1299.94,0.030478,48.36,-0.009799753515301903,930598,稀土产业,CNY,CN10Y
2020-09-02,1290.58,0.031027,47.94,-0.010167592407175633,930598,稀土产业,CNY,CN10Y
2020-09-03,1265.4,0.031051,46.86,-0.009710837814767392,930598,稀土产业,CNY,CN10Y
2020-09-04,1267.83,0.031228,46.88,-0.009896941979522185,930598,稀土产业,CNY,CN10Y
2020-09-07,1261.74,0.031454,46.45,-0.009925474703982782,930598,稀土产业,CNY,CN10Y
2020-09-08,1284.63,0.03123,47.28,-0.010079407783417937,930598,稀土产业,CNY,CN10Y
2020-09-09,1266.34,0.030805,46.09,-0.009108319592102409,930598,稀土产业,CNY,CN10Y
2020-09-10,1230.22,0.030833,44.95,-0.008586058954393773,930598,稀土产业,CNY,CN10Y
2020-09-11,1249.57,0.031346,45.79,-0.009507170561257914,930598,稀土产业,CNY,CN10Y
2020-09-14,1285.38,0.031532,47.21,-0.010350047023935605,930598,稀土产业,CNY,CN10Y
2020-09-15,1271.29,0.031083,46.78,-0.009706343309106455,930598,稀土产业,CNY,CN10Y
2020-09-16,1262.62,0.0312599999999999,46.25,-0.009638378378378276,930598,稀土产业,CNY,CN10Y
2020-09-17,1264.66,0.031334,46.33,-0.009749713360673429,930598,稀土产业,CNY,CN10Y
2020-09-18,1290.89,0.031162,47.16,-0.00995758948261238,930598,稀土产业,CNY,CN10Y
2020-09-21,1286.19,0.030999,47.04,-0.009740496598639455,930598,稀土产业,CNY,CN10Y
2020-09-22,1254.15,0.030863,46.04,-0.009142756733275414,930598,稀土产业,CNY,CN10Y
2020-09-23,1266.83,0.03089,46.67,-0.009462959074351834,930598,稀土产业,CNY,CN10Y
2020-09-24,1225.82,0.03084,45.08,-0.008657213842058562,930598,稀土产业,CNY,CN10Y
2020-09-25,1213.23,0.031295,44.65,-0.00889858342665174,930598,稀土产业,CNY,CN10Y
2020-09-27,,0.031324,44.65,-0.008927583426651734,930598,稀土产业,CNY,CN10Y
2020-09-28,1205.58,0.0310919999999999,44.57,-0.008655383441776882,930598,稀土产业,CNY,CN10Y
2020-09-29,1215.49,0.031292,44.84,-0.00899048349687779,930598,稀土产业,CNY,CN10Y
2020-09-30,1205.72,0.031482,44.69,-0.00910562944730365,930598,稀土产业,CNY,CN10Y
2020-10-09,1255.1,0.031873,46.79,-0.010500911946997218,930598,稀土产业,CNY,CN10Y
2020-10-10,,0.031898,46.79,-0.010525911946997223,930598,稀土产业,CNY,CN10Y
2020-10-12,1290.89,0.031861,48.37,-0.011187028530080627,930598,稀土产业,CNY,CN10Y
2020-10-13,1291.48,0.03195,48.27,-0.011233198674124714,930598,稀土产业,CNY,CN10Y
2020-10-14,1279.26,0.03215,47.97,-0.011303637690223054,930598,稀土产业,CNY,CN10Y
2020-10-15,1276.99,0.0323,48.05,-0.011488345473465143,930598,稀土产业,CNY,CN10Y
2020-10-16,1263.29,0.032202,47.38,-0.011096048121570286,930598,稀土产业,CNY,CN10Y
2020-10-19,1258.52,0.032005,47.38,-0.010899048121570283,930598,稀土产业,CNY,CN10Y
2020-10-20,1269.91,0.031955,47.98,-0.01111298249270529,930598,稀土产业,CNY,CN10Y
2020-10-21,1247.02,0.031855,47.11,-0.010628084270855445,930598,稀土产业,CNY,CN10Y
2020-10-22,1243.29,0.031707,47.03,-0.0104439763980438,930598,稀土产业,CNY,CN10Y
2020-10-23,1229.58,0.031957,46.47,-0.010437740262534967,930598,稀土产业,CNY,CN10Y
2020-10-26,1234.31,0.031934,47.14,-0.010720593126856172,930598,稀土产业,CNY,CN10Y
2020-10-27,1239.58,0.031609,47.27,-0.010453933361540088,930598,稀土产业,CNY,CN10Y
2020-10-28,1257.59,0.03181,48.47,-0.011178681658757992,930598,稀土产业,CNY,CN10Y
2020-10-29,1253.31,0.03186,48.06,-0.011052675821889305,930598,稀土产业,CNY,CN10Y
2020-10-30,1212.87,0.03181,46.53,-0.010318489146787017,930598,稀土产业,CNY,CN10Y
2020-11-02,1222.2,0.031785,41.44,-0.007653725868725869,930598,稀土产业,CNY,CN10Y
2020-11-03,1264.9,0.031762,42.61,-0.008293330673550807,930598,稀土产业,CNY,CN10Y
2020-11-04,1266.93,0.031687,42.83,-0.008338879523698342,930598,稀土产业,CNY,CN10Y
2020-11-05,1288.08,0.0319119999999999,43.44,-0.008891742173112237,930598,稀土产业,CNY,CN10Y
2020-11-06,1289.12,0.032063,43.2,-0.008914851851851854,930598,稀土产业,CNY,CN10Y
2020-11-09,1324.69,0.032363,44.85,-0.010066455964325535,930598,稀土产业,CNY,CN10Y
2020-11-10,1316.53,0.032241,44.74,-0.009889636566830576,930598,稀土产业,CNY,CN10Y
2020-11-11,1301.42,0.032391,43.81,-0.009565161150422281,930598,稀土产业,CNY,CN10Y
2020-11-12,1294.99,0.032614,43.63,-0.009693990831996332,930598,稀土产业,CNY,CN10Y
2020-11-13,1313.36,0.032715,43.73,-0.009847403384404298,930598,稀土产业,CNY,CN10Y
2020-11-16,1347.1,0.032741,44.71,-0.010374639006933573,930598,稀土产业,CNY,CN10Y
2020-11-17,1322.64,0.032866,43.66,-0.009961739807604213,930598,稀土产业,CNY,CN10Y
2020-11-18,1339.59,0.03324,44.28,-0.010656440831074976,930598,稀土产业,CNY,CN10Y
2020-11-19,1327.01,0.033487,44.06,-0.010790676804357698,930598,稀土产业,CNY,CN10Y
2020-11-20,1357.12,0.0331,44.8,-0.010778571428571426,930598,稀土产业,CNY,CN10Y
2020-11-23,1389.22,0.03265,45.81,-0.010820705086225714,930598,稀土产业,CNY,CN10Y
2020-11-24,1430.96,0.0329,47.02,-0.011632454274776691,930598,稀土产业,CNY,CN10Y
2020-11-25,1418.21,0.032675,46.63,-0.011229578597469442,930598,稀土产业,CNY,CN10Y
2020-11-26,1427.54,0.03285,47.11,-0.011623084270855441,930598,稀土产业,CNY,CN10Y
2020-11-27,1397.91,0.033,46.67,-0.011572959074351834,930598,稀土产业,CNY,CN10Y
2020-11-30,1391.4,0.0325,47.15,-0.011291092258748674,930598,稀土产业,CNY,CN10Y
2020-12-01,1408.39,0.032725,47.64,-0.011734235936188074,930598,稀土产业,CNY,CN10Y
2020-12-02,1402.14,0.032925,47.57,-0.011903347698129077,930598,稀土产业,CNY,CN10Y
2020-12-03,1374.17,0.032851,46.56,-0.011373336769759448,930598,稀土产业,CNY,CN10Y
2020-12-04,1387.29,0.032651,46.86,-0.011310837814767393,930598,稀土产业,CNY,CN10Y
2020-12-07,1387.85,0.032701,46.88,-0.011369941979522187,930598,稀土产业,CNY,CN10Y
2020-12-08,1379.03,0.032551,46.64,-0.011110176672384217,930598,稀土产业,CNY,CN10Y
2020-12-09,1344.04,0.032726,45.46,-0.01072863968323801,930598,稀土产业,CNY,CN10Y
2020-12-10,1349.38,0.032601,45.67,-0.010704788044668272,930598,稀土产业,CNY,CN10Y
2020-12-11,1311.18,0.032951,44.43,-0.010443685122664866,930598,稀土产业,CNY,CN10Y
2020-12-14,1320.78,0.032851,44.59,-0.010424446961202063,930598,稀土产业,CNY,CN10Y
2020-12-15,1320.05,0.032777,44.63,-0.010370546941519159,930598,稀土产业,CNY,CN10Y
2020-12-16,1312.61,0.0327519999999999,43.97,-0.010009220832385615,930598,稀土产业,CNY,CN10Y
2020-12-17,1350.35,0.032802,44.88,-0.010520360071301246,930598,稀土产业,CNY,CN10Y
2020-12-18,1366.8,0.032902,45.37,-0.010861003746969362,930598,稀土产业,CNY,CN10Y
2020-12-21,1396.09,0.032652,46.02,-0.010922317253368102,930598,稀土产业,CNY,CN10Y
2020-12-22,1343.25,0.032278,44.31,-0.009709730986233359,930598,稀土产业,CNY,CN10Y
2020-12-23,1391.35,0.032153,46.02,-0.010423317253368102,930598,稀土产业,CNY,CN10Y
2020-12-24,1380.26,0.032303,45.61,-0.010377983556237664,930598,稀土产业,CNY,CN10Y
2020-12-25,1424.47,0.031878,46.93,-0.010569668442360961,930598,稀土产业,CNY,CN10Y
2020-12-28,1407.76,0.031629,46.19,-0.009979292271054336,930598,稀土产业,CNY,CN10Y
2020-12-29,1362.3,0.031554,44.71,-0.009187639006933573,930598,稀土产业,CNY,CN10Y
2020-12-30,1392.67,0.031204,45.24,-0.009099667550839966,930598,稀土产业,CNY,CN10Y
2020-12-31,1412.99,0.031429,45.8,-0.009594938864628817,930598,稀土产业,CNY,CN10Y
2021-01-04,1457.19,0.03178,47.08,-0.010539558198810538,930598,稀土产业,CNY,CN10Y
2021-01-05,1470.2,0.031305,47.64,-0.010314235936188076,930598,稀土产业,CNY,CN10Y
2021-01-06,1457.44,0.031256,47.29,-0.01010988031296257,930598,稀土产业,CNY,CN10Y
2021-01-07,1474.18,0.031256,48.31,-0.010556351894017803,930598,稀土产业,CNY,CN10Y
2021-01-08,1465.7,0.031456,48.06,-0.010648675821889303,930598,稀土产业,CNY,CN10Y
2021-01-11,1445.86,0.031632,47.37,-0.010521592569136585,930598,稀土产业,CNY,CN10Y
2021-01-12,1466.66,0.031457,48.3,-0.01075306625258799,930598,稀土产业,CNY,CN10Y
2021-01-13,1480.49,0.031157,48.75,-0.010644179487179488,930598,稀土产业,CNY,CN10Y
2021-01-14,1440.9,0.031059,47.29,-0.009912880312962571,930598,稀土产业,CNY,CN10Y
2021-01-15,1423.82,0.031508,46.48,-0.00999337005163511,930598,稀土产业,CNY,CN10Y
2021-01-18,1477.65,0.031658,48.0,-0.010824666666666666,930598,稀土产业,CNY,CN10Y
2021-01-19,1421.74,0.031609,46.19,-0.009959292271054337,930598,稀土产业,CNY,CN10Y
2021-01-20,1493.85,0.03161,48.22,-0.01087171712982165,930598,稀土产业,CNY,CN10Y
2021-01-21,1579.52,0.031335,50.51,-0.011536940209859434,930598,稀土产业,CNY,CN10Y
2021-01-22,1577.12,0.031185,50.47,-0.011371249256984347,930598,稀土产业,CNY,CN10Y
2021-01-25,1555.18,0.031323,49.4,-0.011080085020242911,930598,稀土产业,CNY,CN10Y
2021-01-26,1564.83,0.031585,49.47,-0.011370728724479483,930598,稀土产业,CNY,CN10Y
2021-01-27,1529.83,0.031636,48.19,-0.010884806806391364,930598,稀土产业,CNY,CN10Y
2021-01-28,1486.73,0.0319609999999999,46.64,-0.01052017667238412,930598,稀土产业,CNY,CN10Y
2021-01-29,1464.99,0.031786,45.93,-0.01001373786196386,930598,稀土产业,CNY,CN10Y
2021-02-01,1451.36,0.031712,45.95,-0.00994921436343852,930598,稀土产业,CNY,CN10Y
2021-02-02,1493.04,0.031862,47.0,-0.010585404255319151,930598,稀土产业,CNY,CN10Y
2021-02-03,1519.22,0.032112,47.01,-0.010839930227611146,930598,稀土产业,CNY,CN10Y
2021-02-04,1450.79,0.032347,45.03,-0.01013958272262936,930598,稀土产业,CNY,CN10Y
2021-02-05,1364.31,0.032164,42.64,-0.008711842401500938,930598,稀土产业,CNY,CN10Y
2021-02-07,,0.032168,42.64,-0.008715842401500942,930598,稀土产业,CNY,CN10Y
2021-02-08,1386.87,0.03237,43.39,-0.009323215026503805,930598,稀土产业,CNY,CN10Y
2021-02-09,1456.08,0.032303,45.65,-0.01039719496166484,930598,稀土产业,CNY,CN10Y
2021-02-10,1492.56,0.032449,46.65,-0.011012772775991424,930598,稀土产业,CNY,CN10Y
2021-02-18,1566.4,0.032831,48.49,-0.012208191173437823,930598,稀土产业,CNY,CN10Y
2021-02-19,1592.7,0.032578,48.92,-0.012136462796402292,930598,稀土产业,CNY,CN10Y
2021-02-20,,0.032605,48.92,-0.012163462796402291,930598,稀土产业,CNY,CN10Y
2021-02-22,1656.21,0.032736,51.11,-0.013170357268636277,930598,稀土产业,CNY,CN10Y
2021-02-23,1676.31,0.032635,51.05,-0.013046361410381974,930598,稀土产业,CNY,CN10Y
2021-02-24,1611.09,0.032627,49.31,-0.012347137903062265,930598,稀土产业,CNY,CN10Y
2021-02-25,1590.92,0.032723,48.85,-0.012252170931422727,930598,稀土产业,CNY,CN10Y
2021-02-26,1587.5,0.032798,48.61,-0.012226101213742027,930598,稀土产业,CNY,CN10Y
2021-03-01,1692.97,0.032475,51.62,-0.013102663696241763,930598,稀土产业,CNY,CN10Y
2021-03-02,1672.35,0.0324739999999999,51.22,-0.012950376415462608,930598,稀土产业,CNY,CN10Y
2021-03-03,1746.12,0.032553,52.99,-0.01368151481411587,930598,稀土产业,CNY,CN10Y
2021-03-04,1759.15,0.0326549999999999,52.46,-0.013592857415173364,930598,稀土产业,CNY,CN10Y
2021-03-05,1686.81,0.032457,50.36,-0.012599970611596505,930598,稀土产业,CNY,CN10Y
2021-03-08,1652.23,0.032404,49.73,-0.012295413633621556,930598,稀土产业,CNY,CN10Y
2021-03-09,1561.98,0.032478,47.47,-0.01141206361912787,930598,稀土产业,CNY,CN10Y
2021-03-10,1556.3,0.032353,47.24,-0.011184498729889924,930598,稀土产业,CNY,CN10Y
2021-03-11,1634.66,0.032506,49.78,-0.012417611088790678,930598,稀土产业,CNY,CN10Y
2021-03-12,1638.61,0.0326129999999999,49.97,-0.012600992795677304,930598,稀土产业,CNY,CN10Y
2021-03-15,1650.27,0.03274,50.01,-0.012743999200159964,930598,稀土产业,CNY,CN10Y
2021-03-16,1613.82,0.032614,48.88,-0.012155734860883796,930598,稀土产业,CNY,CN10Y
2021-03-17,1608.48,0.032564,48.51,-0.011949693671407958,930598,稀土产业,CNY,CN10Y
2021-03-18,1571.41,0.0325919999999999,47.4,-0.01149495358649779,930598,稀土产业,CNY,CN10Y
2021-03-19,1562.73,0.032364,47.11,-0.01113708427085544,930598,稀土产业,CNY,CN10Y
2021-03-22,1582.16,0.032309,47.74,-0.011362204859656472,930598,稀土产业,CNY,CN10Y
2021-03-23,1508.52,0.032105,45.55,-0.010151103183315038,930598,稀土产业,CNY,CN10Y
2021-03-24,1463.27,0.03193,44.06,-0.009233676804357695,930598,稀土产业,CNY,CN10Y
2021-03-25,1469.27,0.031882,44.09,-0.009201119981855299,930598,稀土产业,CNY,CN10Y
2021-03-26,1509.23,0.031985,45.54,-0.010026282389108476,930598,稀土产业,CNY,CN10Y
2021-03-29,1498.3,0.031962,45.28,-0.00987719434628975,930598,稀土产业,CNY,CN10Y
2021-03-30,1539.39,0.03206,46.26,-0.010443052313013401,930598,稀土产业,CNY,CN10Y
2021-03-31,1501.57,0.031887,45.07,-0.009699291990237408,930598,稀土产业,CNY,CN10Y
2021-04-01,1502.83,0.03196,45.31,-0.00988981681747959,930598,稀土产业,CNY,CN10Y
2021-04-02,1489.15,0.032013,45.05,-0.009815441731409542,930598,稀土产业,CNY,CN10Y
2021-04-06,1505.54,0.032087,45.7,-0.010205161925601749,930598,稀土产业,CNY,CN10Y
2021-04-07,1531.93,0.032215,46.14,-0.010541831382748158,930598,稀土产业,CNY,CN10Y
2021-04-08,1524.95,0.032221,46.06,-0.010510188015631784,930598,稀土产业,CNY,CN10Y
2021-04-09,1533.8,0.032121,46.4,-0.01056927586206896,930598,稀土产业,CNY,CN10Y
2021-04-12,1485.43,0.031948,44.81,-0.009631552778397678,930598,稀土产业,CNY,CN10Y
2021-04-13,1454.84,0.031626,44.2,-0.00900156561085973,930598,稀土产业,CNY,CN10Y
2021-04-14,1471.1,0.031651,44.66,-0.009259598298253468,930598,稀土产业,CNY,CN10Y
2021-04-15,1480.37,0.031728,44.92,-0.00946620124666073,930598,稀土产业,CNY,CN10Y
2021-04-16,1480.31,0.031631,44.86,-0.00933942621489077,930598,稀土产业,CNY,CN10Y
2021-04-19,1517.41,0.031559,46.08,-0.009857611111111109,930598,稀土产业,CNY,CN10Y
2021-04-20,1535.04,0.031554,46.41,-0.010006919629390213,930598,稀土产业,CNY,CN10Y
2021-04-21,1518.87,0.03153,46.12,-0.009847432784041633,930598,稀土产业,CNY,CN10Y
2021-04-22,1522.53,0.031614,46.17,-0.009954914013428639,930598,稀土产业,CNY,CN10Y
2021-04-23,1518.45,0.031719,46.19,-0.010069292271054336,930598,稀土产业,CNY,CN10Y
2021-04-25,,0.031841,46.19,-0.01019129227105434,930598,稀土产业,CNY,CN10Y
2021-04-26,1509.71,0.032024,45.95,-0.01026121436343852,930598,稀土产业,CNY,CN10Y
2021-04-27,1494.48,0.032078,45.61,-0.010152983556237668,930598,稀土产业,CNY,CN10Y
2021-04-28,1513.51,0.031979,46.0,-0.010239869565217392,930598,稀土产业,CNY,CN10Y
2021-04-29,1494.08,0.031872,45.6,-0.00994217543859649,930598,稀土产业,CNY,CN10Y
2021-04-30,1480.97,0.03164,45.11,-0.009471966304588783,930598,稀土产业,CNY,CN10Y
2021-05-06,1508.14,0.031507,33.12,-0.0013137632850241526,930598,稀土产业,CNY,CN10Y
2021-05-07,1548.2,0.031589,34.2,-0.0023492339181286556,930598,稀土产业,CNY,CN10Y
2021-05-08,,0.031582,34.2,-0.0023422339181286556,930598,稀土产业,CNY,CN10Y
2021-05-10,1601.49,0.03146,35.51,-0.0032989186144747953,930598,稀土产业,CNY,CN10Y
2021-05-11,1557.93,0.03138,34.64,-0.0025116397228637406,930598,稀土产业,CNY,CN10Y
2021-05-12,1574.56,0.03131,35.0,-0.002738571428571427,930598,稀土产业,CNY,CN10Y
2021-05-13,1509.01,0.031366,33.04,-0.0010996561743341383,930598,稀土产业,CNY,CN10Y
2021-05-14,1524.59,0.031422,33.26,-0.0013558544798556796,930598,稀土产业,CNY,CN10Y
2021-05-17,1536.62,0.031524,33.56,-0.0017266221692491118,930598,稀土产业,CNY,CN10Y
2021-05-18,1540.36,0.031457,33.63,-0.0017216446625037164,930598,稀土产业,CNY,CN10Y
2021-05-19,1549.07,0.031298,33.66,-0.0015891467617349941,930598,稀土产业,CNY,CN10Y
2021-05-20,1511.46,0.0310009999999999,32.85,-0.0005595996955858988,930598,稀土产业,CNY,CN10Y
2021-05-21,1510.89,0.030876,33.07,-0.0006371127910492907,930598,稀土产业,CNY,CN10Y
2021-05-24,1489.94,0.03085,32.58,-0.000156322897483116,930598,稀土产业,CNY,CN10Y
2021-05-25,1506.48,0.03085,33.0,-0.0005469696969696951,930598,稀土产业,CNY,CN10Y
2021-05-26,1531.16,0.0306,33.41,-0.0006688416641723975,930598,稀土产业,CNY,CN10Y
2021-05-27,1540.32,0.030725,33.67,-0.0010249702999702986,930598,稀土产业,CNY,CN10Y
2021-05-28,1538.64,0.030825,33.57,-0.0010364983616324118,930598,稀土产业,CNY,CN10Y
2021-05-31,1593.63,0.0304499999999999,34.52,-0.0014812862108921389,930598,稀土产业,CNY,CN10Y
2021-06-01,1592.64,0.0304,34.58,-0.0014815500289184491,930598,稀土产业,CNY,CN10Y
2021-06-02,1582.1,0.03065,34.26,-0.0014614419147694103,930598,稀土产业,CNY,CN10Y
2021-06-03,1615.64,0.03055,34.81,-0.001822622809537492,930598,稀土产业,CNY,CN10Y
2021-06-04,1619.85,0.0309249999999999,34.73,-0.0021314497552547204,930598,稀土产业,CNY,CN10Y
2021-06-07,1618.12,0.0311,34.69,-0.0022732487748630716,930598,稀土产业,CNY,CN10Y
2021-06-08,1589.86,0.0311,34.07,-0.0017486645142353978,930598,稀土产业,CNY,CN10Y
2021-06-09,1584.57,0.031051,33.99,-0.0016305822300676683,930598,稀土产业,CNY,CN10Y
2021-06-10,1582.94,0.031,33.9,-0.0015014749262536875,930598,稀土产业,CNY,CN10Y
2021-06-11,1560.19,0.031276,33.66,-0.001567146761734993,930598,稀土产业,CNY,CN10Y
2021-06-15,1521.9,0.031176,33.8,-0.0015902011834319496,930598,稀土产业,CNY,CN10Y
2021-06-16,1474.74,0.031301,32.79,-0.00080389722476365,930598,稀土产业,CNY,CN10Y
2021-06-17,1489.36,0.031401,33.04,-0.0011346561743341387,930598,稀土产业,CNY,CN10Y
2021-06-18,1516.14,0.031202,33.5,-0.0013512537313432847,930598,稀土产业,CNY,CN10Y
2021-06-21,1537.48,0.0309529999999999,33.91,-0.0014631739899733584,930598,稀土产业,CNY,CN10Y
2021-06-22,1564.12,0.0308769999999999,34.51,-0.0018998919153867429,930598,稀土产业,CNY,CN10Y
2021-06-23,1577.75,0.030853,35.03,-0.002306040251213247,930598,稀土产业,CNY,CN10Y
2021-06-24,1588.33,0.030828,35.35,-0.0025394568599717143,930598,稀土产业,CNY,CN10Y
2021-06-25,1596.33,0.030827,35.66,-0.002784375210319684,930598,稀土产业,CNY,CN10Y
2021-06-28,1587.18,0.030903,35.37,-0.002630452643483175,930598,稀土产业,CNY,CN10Y
2021-06-29,1587.77,0.030853,35.26,-0.0024922512762336896,930598,稀土产业,CNY,CN10Y
2021-06-30,1614.54,0.030778,35.78,-0.0028294253773057595,930598,稀土产业,CNY,CN10Y
2021-07-01,1561.41,0.030878,34.67,-0.002034619555811943,930598,稀土产业,CNY,CN10Y
2021-07-02,1602.14,0.0308029999999999,35.46,-0.00260221037789048,930598,稀土产业,CNY,CN10Y
2021-07-05,1666.8,0.030754,36.83,-0.003602221558512083,930598,稀土产业,CNY,CN10Y
2021-07-06,1678.71,0.030854,37.03,-0.0038488690251147727,930598,稀土产业,CNY,CN10Y
2021-07-07,1762.79,0.030554,38.89,-0.004840448958601185,930598,稀土产业,CNY,CN10Y
2021-07-08,1790.71,0.02983,39.4,-0.004449289340101522,930598,稀土产业,CNY,CN10Y
2021-07-09,1898.82,0.030105,41.89,-0.006232954165671999,930598,稀土产业,CNY,CN10Y
2021-07-12,1941.49,0.029431,42.7,-0.006011796252927401,930598,稀土产业,CNY,CN10Y
2021-07-13,1947.98,0.029256,43.1,-0.006054143851508122,930598,稀土产业,CNY,CN10Y
2021-07-14,1896.03,0.029356,41.94,-0.005512413924654267,930598,稀土产业,CNY,CN10Y
2021-07-15,1986.32,0.029557,43.97,-0.006814220832385715,930598,稀土产业,CNY,CN10Y
2021-07-16,1984.67,0.029432,43.77,-0.006585301347955222,930598,稀土产业,CNY,CN10Y
2021-07-19,1970.31,0.029483,43.42,-0.006452138645785352,930598,稀土产业,CNY,CN10Y
2021-07-20,2000.23,0.029258,43.95,-0.006504871444823663,930598,稀土产业,CNY,CN10Y
2021-07-21,2106.84,0.029184,46.42,-0.007641561395950024,930598,稀土产业,CNY,CN10Y
2021-07-22,2166.44,0.0292839999999999,48.11,-0.008498300561213784,930598,稀土产业,CNY,CN10Y
2021-07-23,2169.93,0.029134,48.17,-0.008374190990242891,930598,稀土产业,CNY,CN10Y
2021-07-26,2172.6,0.028711,48.08,-0.00791233111480865,930598,稀土产业,CNY,CN10Y
2021-07-27,2072.34,0.02911,46.01,-0.007375594435992176,930598,稀土产业,CNY,CN10Y
2021-07-28,2033.71,0.029312,44.91,-0.0070452442663103965,930598,稀土产业,CNY,CN10Y
2021-07-29,2170.24,0.0288399999999999,48.0,-0.008006666666666568,930598,稀土产业,CNY,CN10Y
2021-07-30,2270.36,0.028363,50.46,-0.008545322631787554,930598,稀土产业,CNY,CN10Y
2021-08-02,2254.62,0.028212,49.9,-0.00817191983967936,930598,稀土产业,CNY,CN10Y
2021-08-03,2125.58,0.0283369999999999,47.03,-0.007073976398043701,930598,稀土产业,CNY,CN10Y
2021-08-04,2260.21,0.028338,50.02,-0.008345996801279489,930598,稀土产业,CNY,CN10Y
2021-08-05,2215.75,0.027988,49.25,-0.007683431472081219,930598,稀土产业,CNY,CN10Y
2021-08-06,2307.06,0.0281389999999999,50.96,-0.008515766091051705,930598,稀土产业,CNY,CN10Y
2021-08-09,2276.22,0.0286149999999999,50.28,-0.008726376292760442,930598,稀土产业,CNY,CN10Y
2021-08-10,2267.6,0.028766,49.99,-0.008761999199839967,930598,稀土产业,CNY,CN10Y
2021-08-11,2325.56,0.028841,51.1,-0.009271528375733855,930598,稀土产业,CNY,CN10Y
2021-08-12,2328.5,0.0285659999999999,51.35,-0.00909180331061334,930598,稀土产业,CNY,CN10Y
2021-08-13,2338.46,0.0287919999999999,51.42,-0.009344314274601223,930598,稀土产业,CNY,CN10Y
2021-08-16,2218.36,0.028943,48.8,-0.008451196721311473,930598,稀土产业,CNY,CN10Y
2021-08-17,2165.75,0.0288189999999999,47.76,-0.007880976549413634,930598,稀土产业,CNY,CN10Y
2021-08-18,2183.14,0.028494,48.02,-0.007669343606830487,930598,稀土产业,CNY,CN10Y
2021-08-19,2191.35,0.028395,48.12,-0.0076136201163757265,930598,稀土产业,CNY,CN10Y
2021-08-20,2231.04,0.02852,49.07,-0.008140949663745671,930598,稀土产业,CNY,CN10Y
2021-08-23,2331.3,0.028672,51.21,-0.009144563952353055,930598,稀土产业,CNY,CN10Y
2021-08-24,2365.0,0.028522,52.25,-0.009383244019138755,930598,稀土产业,CNY,CN10Y
2021-08-25,2415.58,0.028547,53.52,-0.009862396113602394,930598,稀土产业,CNY,CN10Y
2021-08-26,2452.01,0.028848,54.73,-0.010576485291430657,930598,稀土产业,CNY,CN10Y
2021-08-27,2491.55,0.028698,55.48,-0.010673486661860129,930598,稀土产业,CNY,CN10Y
2021-08-30,2571.26,0.028505,57.39,-0.011080361561247604,930598,稀土产业,CNY,CN10Y
2021-08-31,2667.68,0.02845,60.07,-0.0118027551190278,930598,稀土产业,CNY,CN10Y
2021-09-01,2507.0,0.028226,43.75,-0.005368857142857144,930598,稀土产业,CNY,CN10Y
2021-09-02,2583.79,0.028301,45.2,-0.0061771061946902656,930598,稀土产业,CNY,CN10Y
2021-09-03,2500.94,0.028327,43.65,-0.00541749255441008,930598,稀土产业,CNY,CN10Y
2021-09-06,2502.04,0.028354,43.71,-0.005475940059482955,930598,稀土产业,CNY,CN10Y
2021-09-07,2610.33,0.0286039999999999,45.59,-0.006669365211669127,930598,稀土产业,CNY,CN10Y
2021-09-08,2608.97,0.0287049999999999,45.83,-0.006885231289548231,930598,稀土产业,CNY,CN10Y
2021-09-09,2666.3,0.02873,46.94,-0.007426207925010649,930598,稀土产业,CNY,CN10Y
2021-09-10,2709.95,0.028656,47.49,-0.007598935354811542,930598,稀土产业,CNY,CN10Y
2021-09-13,2728.87,0.028908,48.16,-0.008143880398671095,930598,稀土产业,CNY,CN10Y
2021-09-14,2703.71,0.028858,47.35,-0.007738675818373814,930598,稀土产业,CNY,CN10Y
2021-09-15,2687.83,0.029009,46.97,-0.007718814775388546,930598,稀土产业,CNY,CN10Y
2021-09-16,2565.82,0.028885,45.3,-0.00680994481236203,930598,稀土产业,CNY,CN10Y
2021-09-17,2506.93,0.0287849999999999,44.13,-0.006124678223430675,930598,稀土产业,CNY,CN10Y
2021-09-18,,0.028717,44.13,-0.006056678223430773,930598,稀土产业,CNY,CN10Y
2021-09-22,2516.19,0.028639,44.37,-0.0061012492675231005,930598,稀土产业,CNY,CN10Y
2021-09-23,2524.33,0.028565,44.74,-0.006213636566830577,930598,稀土产业,CNY,CN10Y
2021-09-24,2481.83,0.028719,43.85,-0.005913982896237173,930598,稀土产业,CNY,CN10Y
2021-09-26,,0.028797,43.85,-0.005991982896237171,930598,稀土产业,CNY,CN10Y
2021-09-27,2270.33,0.028825,40.05,-0.003856210986267164,930598,稀土产业,CNY,CN10Y
2021-09-28,2262.01,0.028769,40.13,-0.0038499867929230012,930598,稀土产业,CNY,CN10Y
2021-09-29,2148.42,0.0286459999999999,38.14,-0.0024268075511273274,930598,稀土产业,CNY,CN10Y
2021-09-30,2217.83,0.028776,39.18,-0.003252773864216435,930598,稀土产业,CNY,CN10Y
2021-10-08,2189.22,0.029131,38.51,-0.003163718774344324,930598,稀土产业,CNY,CN10Y
2021-10-09,,0.029186,38.51,-0.0032187187743443237,930598,稀土产业,CNY,CN10Y
2021-10-11,2181.26,0.02958,38.28,-0.003456698014629049,930598,稀土产业,CNY,CN10Y
2021-10-12,2099.47,0.029657,36.8,-0.0024830869565217357,930598,稀土产业,CNY,CN10Y
2021-10-13,2151.08,0.029578,37.64,-0.0030105185972369823,930598,稀土产业,CNY,CN10Y
2021-10-14,2151.37,0.029581,37.54,-0.0029427474693660104,930598,稀土产业,CNY,CN10Y
2021-10-15,2175.24,0.029683,37.96,-0.0033394805057955744,930598,稀土产业,CNY,CN10Y
2021-10-18,2213.92,0.030426,38.57,-0.004499113819030336,930598,稀土产业,CNY,CN10Y
2021-10-19,2215.63,0.030102,38.48,-0.004114474012474011,930598,稀土产业,CNY,CN10Y
2021-10-20,2250.23,0.0299779999999999,39.05,-0.004369805377720769,930598,稀土产业,CNY,CN10Y
2021-10-21,2299.23,0.029702,39.89,-0.004633060416144398,930598,稀土产业,CNY,CN10Y
2021-10-22,2238.18,0.0299529999999999,38.62,-0.004059680476436976,930598,稀土产业,CNY,CN10Y
2021-10-25,2314.62,0.029879,39.92,-0.0048288997995992,930598,稀土产业,CNY,CN10Y
2021-10-26,2352.59,0.02978,40.69,-0.005203937085278939,930598,稀土产业,CNY,CN10Y
2021-10-27,2348.68,0.029781,40.61,-0.005156523270130508,930598,稀土产业,CNY,CN10Y
2021-10-28,2239.93,0.029682,38.6,-0.003775264248704665,930598,稀土产业,CNY,CN10Y
2021-10-29,2269.93,0.0297319999999999,39.0,-0.004090974358974261,930598,稀土产业,CNY,CN10Y
2021-11-01,2232.17,0.029435,32.41,0.0014196744831842072,930598,稀土产业,CNY,CN10Y
2021-11-02,2186.4,0.029259,31.76,0.0022271460957178843,930598,稀土产业,CNY,CN10Y
2021-11-03,2205.52,0.0293849999999999,32.06,0.001806515907673209,930598,稀土产业,CNY,CN10Y
2021-11-04,2253.89,0.029261,32.66,0.0013574935701163547,930598,稀土产业,CNY,CN10Y
2021-11-05,2226.22,0.028911,32.06,0.0022805159076731106,930598,稀土产业,CNY,CN10Y
2021-11-08,2299.05,0.029013,33.16,0.0011438154402895091,930598,稀土产业,CNY,CN10Y
2021-11-09,2293.03,0.028988,32.94,0.001370227079538558,930598,稀土产业,CNY,CN10Y
2021-11-10,2261.66,0.0291389999999999,32.5,0.0016302307692308698,930598,稀土产业,CNY,CN10Y
2021-11-11,2249.18,0.029365,32.4,0.0014991975308642005,930598,稀土产业,CNY,CN10Y
2021-11-12,2277.32,0.0293909999999999,32.67,0.0012181215182125275,930598,稀土产业,CNY,CN10Y
2021-11-15,2228.77,0.029269,31.88,0.0020986286072772926,930598,稀土产业,CNY,CN10Y
2021-11-16,2205.14,0.029244,31.42,0.002582861871419477,930598,稀土产业,CNY,CN10Y
2021-11-17,2311.1,0.029295,32.73,0.0012580094714329387,930598,稀土产业,CNY,CN10Y
2021-11-18,2327.33,0.029146,32.97,0.0011846035790112237,930598,稀土产业,CNY,CN10Y
2021-11-19,2327.68,0.029302,32.99,0.0010102158229766574,930598,稀土产业,CNY,CN10Y
2021-11-22,2418.73,0.028876,34.2,0.0003637660818713445,930598,稀土产业,CNY,CN10Y
2021-11-23,2452.32,0.028875,34.74,-8.973805411629718e-05,930598,稀土产业,CNY,CN10Y
2021-11-24,2542.19,0.0286,36.05,-0.0008607489597780849,930598,稀土产业,CNY,CN10Y
2021-11-25,2542.51,0.02855,35.95,-0.0007335883171070944,930598,稀土产业,CNY,CN10Y
2021-11-26,2625.83,0.0282,37.19,-0.0013110513578919042,930598,稀土产业,CNY,CN10Y
2021-11-29,2651.57,0.02825,37.27,-0.0014187684464716972,930598,稀土产业,CNY,CN10Y
2021-11-30,2608.99,0.02825,36.59,-0.0009201284503962855,930598,稀土产业,CNY,CN10Y
2021-12-01,2586.6,0.028401,36.37,-0.0009058116579598527,930598,稀土产业,CNY,CN10Y
2021-12-02,2628.87,0.028601,37.19,-0.0017120513578919062,930598,稀土产业,CNY,CN10Y
2021-12-03,2591.61,0.0287009999999999,36.6,-0.0013785956284152016,930598,稀土产业,CNY,CN10Y
2021-12-06,2576.17,0.028176,36.49,-0.0007712315702932335,930598,稀土产业,CNY,CN10Y
2021-12-07,2523.87,0.028451,35.98,-0.0006577815453029448,930598,稀土产业,CNY,CN10Y
2021-12-08,2563.41,0.028551,36.58,-0.0012136571897211589,930598,稀土产业,CNY,CN10Y
2021-12-09,2549.57,0.028526,36.57,-0.0011811818430407447,930598,稀土产业,CNY,CN10Y
2021-12-10,2562.25,0.028426,36.68,-0.0011631864776444935,930598,稀土产业,CNY,CN10Y
2021-12-13,2580.8,0.028552,38.13,-0.0023259312876999783,930598,稀土产业,CNY,CN10Y
2021-12-14,2530.88,0.028477,37.34,-0.001696068023567223,930598,稀土产业,CNY,CN10Y
2021-12-15,2525.68,0.028502,37.28,-0.0016779656652360503,930598,稀土产业,CNY,CN10Y
2021-12-16,2548.07,0.0285769999999999,37.66,-0.0020236277217205584,930598,稀土产业,CNY,CN10Y
2021-12-17,2478.73,0.028512,36.66,-0.0012343131478450599,930598,稀土产业,CNY,CN10Y
2021-12-20,2463.34,0.028533,36.51,-0.0011432437688304563,930598,稀土产业,CNY,CN10Y
2021-12-21,2455.5,0.028508,36.36,-0.001005249724972495,930598,稀土产业,CNY,CN10Y
2021-12-22,2464.48,0.028303,36.32,-0.0007699603524229069,930598,稀土产业,CNY,CN10Y
2021-12-23,2472.97,0.0281429999999999,36.55,-0.0007832188782488717,930598,稀土产业,CNY,CN10Y
2021-12-24,2376.53,0.028203,35.0,0.00036842857142857163,930598,稀土产业,CNY,CN10Y
2021-12-27,2364.62,0.028128,34.64,0.0007403602771362573,930598,稀土产业,CNY,CN10Y
2021-12-28,2407.5,0.0280039999999999,35.35,0.0002845431400283864,930598,稀土产业,CNY,CN10Y
2021-12-29,2383.55,0.027854,34.96,0.0007501189931350093,930598,稀土产业,CNY,CN10Y
2021-12-30,2401.5,0.027654,35.16,0.0007874106939704216,930598,稀土产业,CNY,CN10Y
2021-12-31,2411.74,0.0277539999999999,35.31,0.0005665890682527187,930598,稀土产业,CNY,CN10Y
2022-01-04,2357.35,0.0278549999999999,34.55,0.0010885600578872216,930598,稀土产业,CNY,CN10Y
2022-01-05,2270.64,0.028045,33.27,0.002012108506161705,930598,稀土产业,CNY,CN10Y
2022-01-06,2303.5,0.028205,33.74,0.0014334113811499682,930598,稀土产业,CNY,CN10Y
2022-01-07,2255.13,0.0281809999999999,33.21,0.0019304122252334632,930598,稀土产业,CNY,CN10Y
2022-01-10,2256.39,0.028056,33.3,0.001974030030030032,930598,稀土产业,CNY,CN10Y
2022-01-11,2232.94,0.027957,33.05,0.0023001860816944074,930598,稀土产业,CNY,CN10Y
2022-01-12,2270.93,0.027957,33.44,0.001947306220095698,930598,稀土产业,CNY,CN10Y
2022-01-13,2205.87,0.027858,32.47,0.002939659377887281,930598,稀土产业,CNY,CN10Y
2022-01-14,2231.26,0.0279349999999999,32.81,0.002543512648582845,930598,稀土产业,CNY,CN10Y
2022-01-17,2224.98,0.02786,32.57,0.0028431010132023322,930598,稀土产业,CNY,CN10Y
2022-01-18,2223.63,0.027415,32.6,0.0032598466257668726,930598,稀土产业,CNY,CN10Y
2022-01-19,2171.63,0.0273139999999999,31.93,0.004004509238960327,930598,稀土产业,CNY,CN10Y
2022-01-20,2100.48,0.027271,30.95,0.005039177705977383,930598,稀土产业,CNY,CN10Y
2022-01-21,2091.43,0.0271,30.74,0.005430904359141189,930598,稀土产业,CNY,CN10Y
2022-01-24,2127.38,0.026751,31.29,0.005208092361776929,930598,稀土产业,CNY,CN10Y
2022-01-25,2059.52,0.026979,30.29,0.006035196104324864,930598,稀土产业,CNY,CN10Y
2022-01-26,2086.0,0.027146,30.68,0.00544852411994785,930598,稀土产业,CNY,CN10Y
2022-01-27,2022.13,0.0273479999999999,29.74,0.006276747814391491,930598,稀土产业,CNY,CN10Y
2022-01-28,1998.81,0.027021,29.33,0.007073783498124788,930598,稀土产业,CNY,CN10Y
2022-01-29,,0.027013,29.33,0.007081783498124789,930598,稀土产业,CNY,CN10Y
2022-01-30,,0.026997,29.33,0.007097783498124788,930598,稀土产业,CNY,CN10Y
2022-02-07,2081.82,0.027256,30.75,0.005264325203252037,930598,稀土产业,CNY,CN10Y
2022-02-08,2086.96,0.027227,30.9,0.005135459546925569,930598,稀土产业,CNY,CN10Y
2022-02-09,2136.63,0.027328,31.64,0.0042775625790139014,930598,稀土产业,CNY,CN10Y
2022-02-10,2131.97,0.027328,31.62,0.004297553447185323,930598,稀土产业,CNY,CN10Y
2022-02-11,2093.85,0.027891,31.06,0.004304750160978754,930598,稀土产业,CNY,CN10Y
2022-02-14,2107.47,0.028018,31.26,0.003971763275751758,930598,稀土产业,CNY,CN10Y
2022-02-15,2136.13,0.027968,31.63,0.003647554852987671,930598,稀土产业,CNY,CN10Y
2022-02-16,2182.99,0.027892,32.34,0.003029459492888062,930598,稀土产业,CNY,CN10Y
2022-02-17,2220.38,0.027799,32.96,0.002540805825242718,930598,稀土产业,CNY,CN10Y
2022-02-18,2215.59,0.027975,32.88,0.0024386253041362507,930598,稀土产业,CNY,CN10Y
2022-02-21,2216.18,0.0283,32.81,0.002178512648582747,930598,稀土产业,CNY,CN10Y
2022-02-22,2226.66,0.0282,32.97,0.0021306035790112227,930598,稀土产业,CNY,CN10Y
2022-02-23,2265.17,0.0279,33.43,0.002013251570445705,930598,稀土产业,CNY,CN10Y
2022-02-24,2225.31,0.027875,32.81,0.0026035126485827453,930598,稀土产业,CNY,CN10Y
2022-02-25,2268.35,0.02775,33.59,0.002020765108663291,930598,稀土产业,CNY,CN10Y
2022-02-28,2295.97,0.02775,34.02,0.001644473838918279,930598,稀土产业,CNY,CN10Y
2022-03-01,2260.75,0.028025,33.43,0.001888251570445705,930598,稀土产业,CNY,CN10Y
2022-03-02,2266.64,0.028175,33.58,0.0016046307325789204,930598,稀土产业,CNY,CN10Y
2022-03-03,2243.19,0.0283,33.32,0.001712004801920769,930598,稀土产业,CNY,CN10Y
2022-03-04,2201.24,0.028125,32.72,0.00243734718826406,930598,稀土产业,CNY,CN10Y
2022-03-07,2141.06,0.028126,31.84,0.0032810351758793925,930598,稀土产业,CNY,CN10Y
2022-03-08,2044.55,0.028276,30.38,0.004640392363396976,930598,稀土产业,CNY,CN10Y
2022-03-09,2004.73,0.028426,29.8,0.005131046979865772,930598,稀土产业,CNY,CN10Y
2022-03-10,2050.22,0.028502,30.42,0.004371109796186719,930598,稀土产业,CNY,CN10Y
2022-03-11,2050.18,0.027902,30.43,0.004960306933946761,930598,稀土产业,CNY,CN10Y
2022-03-14,1979.27,0.027677,29.37,0.006371348655090224,930598,稀土产业,CNY,CN10Y
2022-03-15,1876.82,0.0281769999999999,27.81,0.007781288385472953,930598,稀土产业,CNY,CN10Y
2022-03-16,1954.69,0.0279519999999999,28.98,0.0065545562456867795,930598,稀土产业,CNY,CN10Y
2022-03-17,1995.25,0.0278759999999999,29.54,0.005976403520650063,930598,稀土产业,CNY,CN10Y
2022-03-18,2003.2,0.027927,29.66,0.005788441672285906,930598,稀土产业,CNY,CN10Y
2022-03-21,2021.1,0.028127,29.97,0.005239700033366705,930598,稀土产业,CNY,CN10Y
2022-03-22,2016.23,0.028302,29.95,0.005086981636060098,930598,稀土产业,CNY,CN10Y
2022-03-23,2021.32,0.028302,29.93,0.005109293017039759,930598,稀土产业,CNY,CN10Y
2022-03-24,2006.73,0.028052,29.74,0.0055727478143913906,930598,稀土产业,CNY,CN10Y
2022-03-25,1972.46,0.027972,29.23,0.006239426616489904,930598,稀土产业,CNY,CN10Y
2022-03-28,1946.39,0.0279029999999999,28.92,0.006675146611341727,930598,稀土产业,CNY,CN10Y
2022-03-29,1920.62,0.027853,28.5,0.007234719298245613,930598,稀土产业,CNY,CN10Y
2022-03-30,1974.49,0.027703,29.21,0.006531851078397807,930598,稀土产业,CNY,CN10Y
2022-03-31,1933.57,0.027878,28.59,0.007099264777894368,930598,稀土产业,CNY,CN10Y
2022-04-01,1937.27,0.027743,28.64,0.007173201117318433,930598,稀土产业,CNY,CN10Y
2022-04-02,,0.027714,28.64,0.007202201117318435,930598,稀土产业,CNY,CN10Y
2022-04-06,1926.0,0.027604,28.58,0.007385503149055287,930598,稀土产业,CNY,CN10Y
2022-04-07,1886.1,0.0273939999999999,28.02,0.008294793718772408,930598,稀土产业,CNY,CN10Y
2022-04-08,1877.92,0.0275289999999999,27.9,0.00831329390681014,930598,稀土产业,CNY,CN10Y
2022-04-11,1776.25,0.0276799999999999,26.37,0.010241880925293996,930598,稀土产业,CNY,CN10Y
2022-04-12,1818.23,0.027705,26.99,0.009345759540570583,930598,稀土产业,CNY,CN10Y
2022-04-13,1805.95,0.027631,26.86,0.009599081906180192,930598,稀土产业,CNY,CN10Y
2022-04-14,1813.14,0.027656,26.97,0.009422235076010387,930598,稀土产业,CNY,CN10Y
2022-04-15,1778.53,0.027578,26.5,0.010157849056603774,930598,稀土产业,CNY,CN10Y
2022-04-18,1785.12,0.028107,26.51,0.00961461448509996,930598,稀土产业,CNY,CN10Y
2022-04-19,1807.09,0.028208,26.84,0.009049824143070043,930598,稀土产业,CNY,CN10Y
2022-04-20,1761.22,0.02833,26.11,0.009969502106472614,930598,稀土产业,CNY,CN10Y
2022-04-21,1684.01,0.028259,25.0,0.011741000000000001,930598,稀土产业,CNY,CN10Y
2022-04-22,1655.31,0.028409,24.56,0.012307612377850167,930598,稀土产业,CNY,CN10Y
2022-04-24,,0.028335,24.56,0.012381612377850168,930598,稀土产业,CNY,CN10Y
2022-04-25,1504.75,0.0281599999999999,22.33,0.01662280340349316,930598,稀土产业,CNY,CN10Y
2022-04-26,1463.0,0.02826,21.7,0.01782294930875576,930598,稀土产业,CNY,CN10Y
2022-04-27,1570.76,0.028411,23.29,0.014525882782310005,930598,稀土产业,CNY,CN10Y
2022-04-28,1557.99,0.0284859999999999,23.06,0.014879134431916838,930598,稀土产业,CNY,CN10Y
2022-04-29,1643.34,0.028386,24.25,0.012851113402061853,930598,稀土产业,CNY,CN10Y
2022-05-05,1664.99,0.0282819999999999,22.95,0.01529098474945544,930598,稀土产业,CNY,CN10Y
2022-05-06,1615.75,0.028273,22.23,0.016711255510571302,930598,稀土产业,CNY,CN10Y
2022-05-07,,0.0282629999999999,22.23,0.016721255510571402,930598,稀土产业,CNY,CN10Y
2022-05-09,1674.22,0.028154,23.03,0.015267623968736432,930598,稀土产业,CNY,CN10Y
2022-05-10,1700.33,0.028089,23.37,0.014700901583226355,930598,稀土产业,CNY,CN10Y
2022-05-11,1735.15,0.0282399999999999,23.88,0.013636046901172632,930598,稀土产业,CNY,CN10Y
2022-05-12,1732.59,0.028055,23.79,0.013979468263976464,930598,稀土产业,CNY,CN10Y
2022-05-13,1740.81,0.02814,23.88,0.013736046901172534,930598,稀土产业,CNY,CN10Y
2022-05-16,1736.38,0.028216,23.81,0.013783160016799665,930598,稀土产业,CNY,CN10Y
2022-05-17,1779.55,0.028178,24.38,0.012839227235438885,930598,稀土产业,CNY,CN10Y
2022-05-18,1789.99,0.027801,24.48,0.01304867320261438,930598,稀土产业,CNY,CN10Y
2022-05-19,1827.37,0.027774,24.96,0.01229010256410256,930598,稀土产业,CNY,CN10Y
2022-05-20,1871.65,0.0279,25.62,0.011132006245121,930598,稀土产业,CNY,CN10Y
2022-05-23,1918.46,0.027675,26.44,0.010146482602117996,930598,稀土产业,CNY,CN10Y
2022-05-24,1844.35,0.02765,25.41,0.01170458480913026,930598,稀土产业,CNY,CN10Y
2022-05-25,1864.21,0.027575,25.6,0.011487500000000001,930598,稀土产业,CNY,CN10Y
2022-05-26,1862.26,0.0271,25.58,0.011993041438623932,930598,稀土产业,CNY,CN10Y
2022-05-27,1857.72,0.026974,25.51,0.01222631360250882,930598,稀土产业,CNY,CN10Y
2022-05-30,1869.44,0.027225,25.65,0.011761354775828466,930598,稀土产业,CNY,CN10Y
2022-05-31,1886.19,0.027426,25.89,0.01119895171881035,930598,稀土产业,CNY,CN10Y
2022-06-01,1875.74,0.027551,25.68,0.01138980996884735,930598,稀土产业,CNY,CN10Y
2022-06-02,1935.01,0.027601,26.5,0.010134849056603772,930598,稀土产业,CNY,CN10Y
2022-06-06,2003.36,0.027776,27.44,0.008667148688046643,930598,稀土产业,CNY,CN10Y
2022-06-07,1987.68,0.027576,27.2,0.009188705882352943,930598,稀土产业,CNY,CN10Y
2022-06-08,2019.16,0.0276609999999999,27.7,0.008440083032491073,930598,稀土产业,CNY,CN10Y
2022-06-09,1987.74,0.027576,27.29,0.009067459142543057,930598,稀土产业,CNY,CN10Y
2022-06-10,2059.09,0.027526,28.18,0.007960160397444998,930598,稀土产业,CNY,CN10Y
2022-06-13,2104.71,0.027652,28.76,0.007118514603616132,930598,稀土产业,CNY,CN10Y
2022-06-14,2114.59,0.027702,28.86,0.006948034650034646,930598,稀土产业,CNY,CN10Y
2022-06-15,2080.59,0.027827,28.41,0.007371873636043646,930598,稀土产业,CNY,CN10Y
2022-06-16,2092.76,0.027728,28.54,0.0073105423966363,930598,稀土产业,CNY,CN10Y
2022-06-17,2134.69,0.027752,29.02,0.006706993797381121,930598,稀土产业,CNY,CN10Y
2022-06-20,2142.71,0.027853,29.04,0.006582261707988982,930598,稀土产业,CNY,CN10Y
2022-06-21,2068.21,0.027853,28.14,0.007683602700781802,930598,稀土产业,CNY,CN10Y
2022-06-22,2059.24,0.027773,28.15,0.007750978685612794,930598,稀土产业,CNY,CN10Y
2022-06-23,2117.13,0.027803,28.77,0.0069554289190128585,930598,稀土产业,CNY,CN10Y
2022-06-24,2147.97,0.027978,29.32,0.006128412005457027,930598,稀土产业,CNY,CN10Y
2022-06-27,2180.38,0.028329,29.75,0.005284445378151259,930598,稀土产业,CNY,CN10Y
2022-06-28,2228.56,0.028414,30.18,0.004720526176275681,930598,稀土产业,CNY,CN10Y
2022-06-29,2125.94,0.028294,28.81,0.006416170079833396,930598,稀土产业,CNY,CN10Y
2022-06-30,2183.63,0.028205,29.5,0.005693305084745762,930598,稀土产业,CNY,CN10Y
2022-07-01,2188.64,0.028255,29.73,0.005381057854019513,930598,稀土产业,CNY,CN10Y
2022-07-04,2230.58,0.028445,30.09,0.004788632436025255,930598,稀土产业,CNY,CN10Y
2022-07-05,2236.71,0.028333,30.21,0.00476862197947699,930598,稀土产业,CNY,CN10Y
2022-07-06,2197.85,0.028356,29.61,0.005416374197906117,930598,稀土产业,CNY,CN10Y
2022-07-07,2225.59,0.028356,29.94,0.005044133600534399,930598,稀土产业,CNY,CN10Y
2022-07-08,2205.23,0.028384,29.73,0.005252057854019512,930598,稀土产业,CNY,CN10Y
2022-07-11,2147.17,0.028266,28.9,0.006336076124567477,930598,稀土产业,CNY,CN10Y
2022-07-12,2095.51,0.028117,28.22,0.00731886109142452,930598,稀土产业,CNY,CN10Y
2022-07-13,2124.42,0.028067,28.55,0.006959269702276706,930598,稀土产业,CNY,CN10Y
2022-07-14,2154.59,0.027907,28.87,0.006731032559750605,930598,稀土产业,CNY,CN10Y
2022-07-15,2143.76,0.027857,28.58,0.007132503149055287,930598,稀土产业,CNY,CN10Y
2022-07-18,2184.85,0.027837,29.16,0.006456552812071331,930598,稀土产业,CNY,CN10Y
2022-07-19,2210.93,0.027859,29.45,0.006096857385398984,930598,稀土产业,CNY,CN10Y
2022-07-20,2225.73,0.02771,29.58,0.006096626098715349,930598,稀土产业,CNY,CN10Y
2022-07-21,2192.99,0.027635,29.16,0.006658552812071332,930598,稀土产业,CNY,CN10Y
2022-07-22,2176.57,0.02787,28.95,0.00667231433506045,930598,稀土产业,CNY,CN10Y
2022-07-25,2135.54,0.02779,28.5,0.007297719298245613,930598,稀土产业,CNY,CN10Y
2022-07-26,2167.46,0.0277,28.86,0.006950034650034648,930598,稀土产业,CNY,CN10Y
2022-07-27,2209.47,0.0277009999999999,29.31,0.006417048447628901,930598,稀土产业,CNY,CN10Y
2022-07-28,2229.92,0.02785,29.63,0.005899578130273371,930598,稀土产业,CNY,CN10Y
2022-07-29,2219.05,0.0275599999999999,29.59,0.006235201081446536,930598,稀土产业,CNY,CN10Y
2022-08-01,2228.67,0.027292,29.57,0.006526058843422385,930598,稀土产业,CNY,CN10Y
2022-08-02,2130.07,0.0273139999999999,28.27,0.008059187124159983,930598,稀土产业,CNY,CN10Y
2022-08-03,2138.07,0.027218,28.46,0.007919034434293745,930598,稀土产业,CNY,CN10Y
2022-08-04,2139.26,0.0271919999999999,28.48,0.0079203595505619,930598,稀土产业,CNY,CN10Y
2022-08-05,2183.74,0.027339,29.03,0.007108123665173955,930598,稀土产业,CNY,CN10Y
2022-08-08,2212.77,0.027409,29.35,0.006662550255536626,930598,稀土产业,CNY,CN10Y
2022-08-09,2234.36,0.0274,29.62,0.006360972316002696,930598,稀土产业,CNY,CN10Y
2022-08-10,2232.89,0.027366,29.6,0.006417783783783777,930598,稀土产业,CNY,CN10Y
2022-08-11,2248.47,0.027317,29.85,0.0061838375209380195,930598,稀土产业,CNY,CN10Y
2022-08-12,2228.38,0.027347,29.64,0.0063911916329284744,930598,稀土产业,CNY,CN10Y
2022-08-15,2278.23,0.0265819999999999,30.25,0.0064758512396695216,930598,稀土产业,CNY,CN10Y
2022-08-16,2252.17,0.0263459999999999,29.85,0.00715483752093812,930598,稀土产业,CNY,CN10Y
2022-08-17,2234.57,0.026124,29.65,0.007602812816188867,930598,稀土产业,CNY,CN10Y
2022-08-18,2250.73,0.0258,29.8,0.007757046979865772,930598,稀土产业,CNY,CN10Y
2022-08-19,2179.04,0.025875,28.91,0.00871510722933241,930598,稀土产业,CNY,CN10Y
2022-08-22,2209.8,0.0259249999999999,29.3,0.008204692832764607,930598,稀土产业,CNY,CN10Y
2022-08-23,2208.75,0.026075,29.24,0.008124726402188781,930598,稀土产业,CNY,CN10Y
2022-08-24,2110.74,0.0260999999999999,28.06,0.009537918745545361,930598,稀土产业,CNY,CN10Y
2022-08-25,2093.72,0.0263899999999999,27.88,0.009478005738881017,930598,稀土产业,CNY,CN10Y
2022-08-26,2119.72,0.02643,28.18,0.009056160397444998,930598,稀土产业,CNY,CN10Y
2022-08-29,2114.65,0.026225,28.1,0.009362188612099642,930598,稀土产业,CNY,CN10Y
2022-08-30,2089.09,0.02613,27.79,0.009854166966534725,930598,稀土产业,CNY,CN10Y
2022-08-31,2004.21,0.026225,26.81,0.011074515106303619,930598,稀土产业,CNY,CN10Y
2022-09-01,1987.79,0.026125,24.82,0.014165088638195007,930598,稀土产业,CNY,CN10Y
2022-09-02,1997.23,0.026226,24.93,0.01388631448054553,930598,稀土产业,CNY,CN10Y
2022-09-05,1996.72,0.02618,24.94,0.013916230954290298,930598,稀土产业,CNY,CN10Y
2022-09-06,2053.93,0.02614,25.6,0.0129225,930598,稀土产业,CNY,CN10Y
2022-09-07,2079.55,0.026215,25.94,0.012335501156515032,930598,稀土产业,CNY,CN10Y
2022-09-08,2050.34,0.0262559999999999,25.57,0.012852330074305928,930598,稀土产业,CNY,CN10Y
2022-09-09,2056.49,0.02635,25.7,0.012560505836575878,930598,稀土产业,CNY,CN10Y
2022-09-13,2063.9,0.026427,25.79,0.012347718883288096,930598,稀土产业,CNY,CN10Y
2022-09-14,2028.3,0.026625,25.35,0.012822731755424064,930598,稀土产业,CNY,CN10Y
2022-09-15,1946.83,0.026625,24.42,0.01432504095004095,930598,稀土产业,CNY,CN10Y
2022-09-16,1885.83,0.02673,23.64,0.015571184433164128,930598,稀土产业,CNY,CN10Y
2022-09-19,1864.04,0.02675,23.36,0.01605821917808219,930598,稀土产业,CNY,CN10Y
2022-09-20,1917.07,0.02664,24.01,0.015009312786339022,930598,稀土产业,CNY,CN10Y
2022-09-21,1945.86,0.026451,24.39,0.014549410004100042,930598,稀土产业,CNY,CN10Y
2022-09-22,1942.06,0.026501,24.27,0.014702131437989287,930598,稀土产业,CNY,CN10Y
2022-09-23,1909.89,0.026802,23.91,0.015021504809703053,930598,稀土产业,CNY,CN10Y
2022-09-26,1889.0,0.0271539999999999,23.57,0.01527281374628775,930598,稀土产业,CNY,CN10Y
2022-09-27,1903.74,0.027051,23.75,0.015054263157894737,930598,稀土产业,CNY,CN10Y
2022-09-28,1815.69,0.027401,22.68,0.016690710758377424,930598,稀土产业,CNY,CN10Y
2022-09-29,1825.2,0.027501,22.78,0.016397156277436344,930598,稀土产业,CNY,CN10Y
2022-09-30,1787.74,0.027601,22.4,0.017041857142857143,930598,稀土产业,CNY,CN10Y
2022-10-08,,0.0276259999999999,22.4,0.017016857142857243,930598,稀土产业,CNY,CN10Y
2022-10-09,,0.027452,22.4,0.017190857142857143,930598,稀土产业,CNY,CN10Y
2022-10-10,1746.47,0.027402,21.9,0.01826010045662101,930598,稀土产业,CNY,CN10Y
2022-10-11,1777.22,0.027426,22.23,0.017558255510571302,930598,稀土产业,CNY,CN10Y
2022-10-12,1826.93,0.0273519999999999,22.79,0.016526894251864956,930598,稀土产业,CNY,CN10Y
2022-10-13,1847.33,0.027252,23.08,0.016075556325823227,930598,稀土产业,CNY,CN10Y
2022-10-14,1888.74,0.026977,23.54,0.015503883602378928,930598,稀土产业,CNY,CN10Y
2022-10-17,1890.23,0.027002,23.56,0.01544282173174873,930598,稀土产业,CNY,CN10Y
2022-10-18,1887.99,0.027002,23.51,0.015533091450446613,930598,稀土产业,CNY,CN10Y
2022-10-19,1862.12,0.027052,23.17,0.01610725766076823,930598,稀土产业,CNY,CN10Y
2022-10-20,1840.96,0.0271749999999999,22.94,0.016416979075850144,930598,稀土产业,CNY,CN10Y
2022-10-21,1831.95,0.0272779999999999,22.81,0.01656242086804044,930598,稀土产业,CNY,CN10Y
2022-10-24,1822.87,0.027153,22.63,0.01703612947414936,930598,稀土产业,CNY,CN10Y
2022-10-25,1823.77,0.0272779999999999,22.64,0.016891611307420597,930598,稀土产业,CNY,CN10Y
2022-10-26,1845.02,0.027025,22.94,0.016566979075850044,930598,稀土产业,CNY,CN10Y
2022-10-27,1834.51,0.026953,22.8,0.016906649122807014,930598,稀土产业,CNY,CN10Y
2022-10-28,1749.48,0.0266529999999999,21.76,0.019302882352941274,930598,稀土产业,CNY,CN10Y
2022-10-31,1746.51,0.0264329999999999,21.68,0.019692461254612645,930598,稀土产业,CNY,CN10Y
2022-11-01,1831.24,0.026629,20.24,0.022778114624505935,930598,稀土产业,CNY,CN10Y
2022-11-02,1865.55,0.026854,20.63,0.021619097430925837,930598,稀土产业,CNY,CN10Y
2022-11-03,1869.73,0.026776,20.69,0.021556527791203477,930598,稀土产业,CNY,CN10Y
2022-11-04,1929.86,0.027023,21.35,0.019815407494145197,930598,稀土产业,CNY,CN10Y
2022-11-07,1951.53,0.027003,21.6,0.019293296296296295,930598,稀土产业,CNY,CN10Y
2022-11-08,1950.81,0.026853,21.58,0.019486202965708996,930598,稀土产业,CNY,CN10Y
2022-11-09,1927.97,0.026953,21.31,0.01997332566870014,930598,稀土产业,CNY,CN10Y
2022-11-10,1900.31,0.027028,20.86,0.02091063854266539,930598,稀土产业,CNY,CN10Y
2022-11-11,1901.11,0.027354,20.91,0.020470007651841222,930598,稀土产业,CNY,CN10Y
2022-11-14,1861.41,0.028354,20.52,0.02037894346978558,930598,稀土产业,CNY,CN10Y
2022-11-15,1906.75,0.028155,21.03,0.019396117451260103,930598,稀土产业,CNY,CN10Y
2022-11-16,1878.22,0.028329,20.72,0.019933548262548263,930598,稀土产业,CNY,CN10Y
2022-11-17,1860.61,0.028026,20.52,0.02070694346978558,930598,稀土产业,CNY,CN10Y
2022-11-18,1839.08,0.02825,20.34,0.020914208456243855,930598,稀土产业,CNY,CN10Y
2022-11-21,1850.26,0.02818,20.48,0.020648125,930598,稀土产业,CNY,CN10Y
2022-11-22,1832.49,0.028276,20.28,0.021033664694280075,930598,稀土产业,CNY,CN10Y
2022-11-23,1848.14,0.027975,20.45,0.020924755501222497,930598,稀土产业,CNY,CN10Y
2022-11-24,1857.36,0.02795,20.52,0.02078294346978558,930598,稀土产业,CNY,CN10Y
2022-11-25,1826.05,0.0283,20.19,0.021229470034670628,930598,稀土产业,CNY,CN10Y
2022-11-28,1809.4,0.0286,20.02,0.02135004995004995,930598,稀土产业,CNY,CN10Y
2022-11-29,1838.22,0.0288,20.33,0.020388391539596658,930598,稀土产业,CNY,CN10Y
2022-11-30,1841.22,0.0288499999999999,20.37,0.020241801669121356,930598,稀土产业,CNY,CN10Y
2022-12-01,1862.63,0.0286,20.61,0.019920135856380396,930598,稀土产业,CNY,CN10Y
2022-12-02,1856.97,0.028676,20.51,0.02008070404680643,930598,稀土产业,CNY,CN10Y
2022-12-05,1896.4,0.028902,20.98,0.018762442326024784,930598,稀土产业,CNY,CN10Y
2022-12-06,1888.41,0.029152,20.93,0.018626308647873863,930598,稀土产业,CNY,CN10Y
2022-12-07,1879.65,0.028702,20.84,0.01928264491362764,930598,稀土产业,CNY,CN10Y
2022-12-08,1862.75,0.028853,20.64,0.01959661240310077,930598,稀土产业,CNY,CN10Y
2022-12-09,1873.23,0.0289029999999999,20.76,0.019266556840077165,930598,稀土产业,CNY,CN10Y
2022-12-12,1836.06,0.028902,20.73,0.019337266763145195,930598,稀土产业,CNY,CN10Y
2022-12-13,1844.52,0.028952,20.83,0.019055681228996646,930598,稀土产业,CNY,CN10Y
2022-12-14,1838.58,0.028655,20.77,0.019491364949446317,930598,稀土产业,CNY,CN10Y
2022-12-15,1847.79,0.0288289999999999,20.79,0.0192710481000482,930598,稀土产业,CNY,CN10Y
2022-12-16,1811.48,0.028856,20.39,0.020187648847474253,930598,稀土产业,CNY,CN10Y
2022-12-19,1777.79,0.028632,20.0,0.021368,930598,稀土产业,CNY,CN10Y
2022-12-20,1777.97,0.028732,19.99,0.02129301250625313,930598,稀土产业,CNY,CN10Y
2022-12-21,1757.21,0.028606,19.73,0.022078237202230108,930598,稀土产业,CNY,CN10Y
2022-12-22,1718.33,0.0285029999999999,19.33,0.023230057423693846,930598,稀土产业,CNY,CN10Y
2022-12-23,1716.74,0.028251,19.31,0.02353563904712585,930598,稀土产业,CNY,CN10Y
2022-12-26,1754.01,0.028378,19.74,0.022280561296859173,930598,稀土产业,CNY,CN10Y
2022-12-27,1789.22,0.028657,20.14,0.02099543296921549,930598,稀土产业,CNY,CN10Y
2022-12-28,1775.8,0.0285029999999999,19.99,0.02152201250625323,930598,稀土产业,CNY,CN10Y
2022-12-29,1756.8,0.028376,19.78,0.022180117290192113,930598,稀土产业,CNY,CN10Y
2022-12-30,1748.2,0.028353,19.68,0.0224600081300813,930598,稀土产业,CNY,CN10Y
2022-12-31,,0.028353,19.68,0.0224600081300813,930598,稀土产业,CNY,CN10Y
2023-01-03,1793.29,0.028228,20.21,0.021252455220188027,930598,稀土产业,CNY,CN10Y
2023-01-04,1768.52,0.028103,19.9,0.022148256281407038,930598,稀土产业,CNY,CN10Y
2023-01-05,1787.14,0.028304,20.17,0.021274582052553292,930598,稀土产业,CNY,CN10Y
2023-01-06,1815.76,0.028328,20.56,0.020310132295719846,930598,稀土产业,CNY,CN10Y
2023-01-09,1839.81,0.028428,20.87,0.019487668423574505,930598,稀土产业,CNY,CN10Y
2023-01-10,1825.96,0.028602,20.75,0.019590771084337353,930598,稀土产业,CNY,CN10Y
2023-01-11,1816.69,0.028603,20.66,0.0197997105517909,930598,稀土产业,CNY,CN10Y
2023-01-12,1818.62,0.028778,20.69,0.019554527791203476,930598,稀土产业,CNY,CN10Y
2023-01-13,1818.73,0.0290099999999999,20.7,0.01929917874396145,930598,稀土产业,CNY,CN10Y
2023-01-16,1840.76,0.029167,20.95,0.018565696897374702,930598,稀土产业,CNY,CN10Y
2023-01-17,1848.54,0.029017,21.04,0.018511517110266162,930598,稀土产业,CNY,CN10Y
2023-01-18,1853.69,0.029222,21.1,0.018171364928909948,930598,稀土产业,CNY,CN10Y
2023-01-19,1862.42,0.0291449999999999,21.21,0.018002571900047247,930598,稀土产业,CNY,CN10Y
2023-01-20,1918.08,0.029331,21.84,0.016456545787545785,930598,稀土产业,CNY,CN10Y
2023-01-28,,0.029341,21.84,0.016446545787545785,930598,稀土产业,CNY,CN10Y
2023-01-29,,0.029219,21.84,0.016568545787545786,930598,稀土产业,CNY,CN10Y
2023-01-30,1957.35,0.029133,22.3,0.01571004932735426,930598,稀土产业,CNY,CN10Y
2023-01-31,1976.57,0.028977,22.5,0.015467444444444447,930598,稀土产业,CNY,CN10Y
2023-02-01,2038.39,0.029101,23.24,0.013928259896729783,930598,稀土产业,CNY,CN10Y
2023-02-02,2020.77,0.02897,23.03,0.014451623968736432,930598,稀土产业,CNY,CN10Y
2023-02-03,1998.92,0.028943,22.75,0.01501304395604396,930598,稀土产业,CNY,CN10Y
2023-02-06,1982.32,0.029017,22.58,0.015269979627989372,930598,稀土产业,CNY,CN10Y
2023-02-07,1996.27,0.028964,22.71,0.01506946543372963,930598,稀土产业,CNY,CN10Y
2023-02-08,1974.38,0.028973,22.46,0.015550597506678539,930598,稀土产业,CNY,CN10Y
2023-02-09,1999.95,0.028912,22.74,0.015063373790677223,930598,稀土产业,CNY,CN10Y
2023-02-10,1982.74,0.029003,22.53,0.015382264092321345,930598,稀土产业,CNY,CN10Y
2023-02-13,1996.4,0.028943,22.68,0.015148710758377423,930598,稀土产业,CNY,CN10Y
2023-02-14,2010.81,0.028914,22.84,0.014868837127845886,930598,稀土产业,CNY,CN10Y
2023-02-15,1995.93,0.028918,22.67,0.015193160123511247,930598,稀土产业,CNY,CN10Y
2023-02-16,1934.63,0.028907,21.97,0.016609613563950843,930598,稀土产业,CNY,CN10Y
2023-02-17,1928.49,0.0289199999999999,21.91,0.016721259698767785,930598,稀土产业,CNY,CN10Y
2023-02-20,1955.96,0.0291699999999999,22.26,0.015753629829290305,930598,稀土产业,CNY,CN10Y
2023-02-21,1991.1,0.02919,22.66,0.014940626654898502,930598,稀土产业,CNY,CN10Y
2023-02-22,1977.7,0.029175,22.52,0.015229973357015987,930598,稀土产业,CNY,CN10Y
2023-02-23,1979.76,0.02922,22.55,0.015125898004434587,930598,稀土产业,CNY,CN10Y
2023-02-24,1959.28,0.029126,22.3,0.01571704932735426,930598,稀土产业,CNY,CN10Y
2023-02-27,1945.97,0.029117,22.14,0.016050118337850045,930598,稀土产业,CNY,CN10Y
2023-02-28,1955.58,0.029017,22.27,0.015886457566232602,930598,稀土产业,CNY,CN10Y
2023-03-01,1971.24,0.028977,22.46,0.015546597506678538,930598,稀土产业,CNY,CN10Y
2023-03-02,1925.59,0.0291109999999999,21.92,0.01650943795620448,930598,稀土产业,CNY,CN10Y
2023-03-03,1926.18,0.029026,21.93,0.016573635202918376,930598,稀土产业,CNY,CN10Y
2023-03-06,1916.44,0.028826,21.81,0.017024527281063736,930598,稀土产业,CNY,CN10Y
2023-03-07,1881.41,0.0287259999999999,21.45,0.017894046620046723,930598,稀土产业,CNY,CN10Y
2023-03-08,1881.16,0.028828,21.43,0.017835555762949137,930598,稀土产业,CNY,CN10Y
2023-03-09,1872.65,0.028752,21.33,0.018130325363338022,930598,稀土产业,CNY,CN10Y
2023-03-10,1838.69,0.028627,20.95,0.0191056968973747,930598,稀土产业,CNY,CN10Y
2023-03-13,1838.57,0.028703,20.97,0.018984172150691467,930598,稀土产业,CNY,CN10Y
2023-03-14,1820.84,0.028652,20.78,0.01947119538017324,930598,稀土产业,CNY,CN10Y
2023-03-15,1837.33,0.028652,20.96,0.019057923664122133,930598,稀土产业,CNY,CN10Y
2023-03-16,1790.61,0.028552,20.4,0.02046760784313726,930598,稀土产业,CNY,CN10Y
2023-03-17,1801.58,0.028602,20.55,0.020059800486618002,930598,稀土产业,CNY,CN10Y
2023-03-20,1808.93,0.028504,20.65,0.01992215012106538,930598,稀土产业,CNY,CN10Y
2023-03-21,1834.72,0.0286039999999999,20.94,0.01915149188156648,930598,稀土产业,CNY,CN10Y
2023-03-22,1828.03,0.0285769999999999,20.84,0.019407644913627738,930598,稀土产业,CNY,CN10Y
2023-03-23,1836.42,0.028652,20.98,0.019012442326024784,930598,稀土产业,CNY,CN10Y
2023-03-24,1835.44,0.028676,20.97,0.019011172150691466,930598,稀土产业,CNY,CN10Y
2023-03-27,1830.57,0.028551,20.89,0.019318794159885112,930598,稀土产业,CNY,CN10Y
2023-03-28,1803.31,0.0285559999999999,20.58,0.02003486491739563,930598,稀土产业,CNY,CN10Y
2023-03-29,1796.86,0.028532,20.5,0.020248487804878052,930598,稀土产业,CNY,CN10Y
2023-03-30,1802.04,0.028603,20.58,0.019987864917395532,930598,稀土产业,CNY,CN10Y
2023-03-31,1817.36,0.0285279999999999,20.77,0.019618364949446417,930598,稀土产业,CNY,CN10Y
2023-04-03,1841.84,0.0286039999999999,21.05,0.018901938242280383,930598,稀土产业,CNY,CN10Y
2023-04-04,1821.51,0.028584,20.87,0.019331668423574505,930598,稀土产业,CNY,CN10Y
2023-04-06,1833.82,0.028605,21.04,0.018923517110266165,930598,稀土产业,CNY,CN10Y
2023-04-07,1829.94,0.028464,20.98,0.019200442326024785,930598,稀土产业,CNY,CN10Y
2023-04-10,1827.04,0.0284549999999999,20.99,0.019186734159123493,930598,稀土产业,CNY,CN10Y
2023-04-11,1845.52,0.028203,21.22,0.018922353440150808,930598,稀土产业,CNY,CN10Y
2023-04-12,1852.12,0.028158,21.32,0.018746315196998122,930598,稀土产业,CNY,CN10Y
2023-04-13,1838.75,0.028277,21.17,0.018959655644780343,930598,稀土产业,CNY,CN10Y
2023-04-14,1856.58,0.028281,21.39,0.01846981813931744,930598,稀土产业,CNY,CN10Y
2023-04-17,1874.59,0.028432,21.65,0.017757376443418016,930598,稀土产业,CNY,CN10Y
2023-04-18,1859.0,0.028319,21.46,0.018279322460391424,930598,稀土产业,CNY,CN10Y
2023-04-19,1841.75,0.028333,21.26,0.018703688617121354,930598,稀土产业,CNY,CN10Y
2023-04-20,1819.15,0.028332,20.99,0.019309734159123394,930598,稀土产业,CNY,CN10Y
2023-04-21,1767.3,0.028258,20.38,0.020809713444553485,930598,稀土产业,CNY,CN10Y
2023-04-23,,0.02822,20.38,0.020847713444553485,930598,稀土产业,CNY,CN10Y
2023-04-24,1752.12,0.028176,20.21,0.021304455220188027,930598,稀土产业,CNY,CN10Y
2023-04-25,1708.53,0.028157,19.75,0.02247591139240506,930598,稀土产业,CNY,CN10Y
2023-04-26,1739.44,0.028058,20.11,0.021668504226752858,930598,稀土产业,CNY,CN10Y
2023-04-27,1731.05,0.027852,20.01,0.022123012493753123,930598,稀土产业,CNY,CN10Y
2023-04-28,1746.88,0.027788,20.2,0.021716950495049507,930598,稀土产业,CNY,CN10Y
2023-05-04,1729.58,0.027613,22.01,0.017820893684688775,930598,稀土产业,CNY,CN10Y
2023-05-05,1701.3,0.027338,21.65,0.018851376443418014,930598,稀土产业,CNY,CN10Y
2023-05-06,,0.027311,21.65,0.018878376443418016,930598,稀土产业,CNY,CN10Y
2023-05-08,1722.75,0.027484,21.93,0.018115635202918375,930598,稀土产业,CNY,CN10Y
2023-05-09,1727.39,0.027383,21.96,0.01815434061930783,930598,稀土产业,CNY,CN10Y
2023-05-10,1735.19,0.02721,22.02,0.018203260672116254,930598,稀土产业,CNY,CN10Y
2023-05-11,1730.18,0.02701,21.93,0.018589635202918377,930598,稀土产业,CNY,CN10Y
2023-05-12,1692.62,0.027058,21.41,0.019649146193367585,930598,稀土产业,CNY,CN10Y
2023-05-15,1734.59,0.02719,21.91,0.018451259698767687,930598,稀土产业,CNY,CN10Y
2023-05-16,1726.03,0.027129,21.8,0.018742559633027518,930598,稀土产业,CNY,CN10Y
2023-05-17,1731.92,0.02721,21.86,0.01853565416285453,930598,稀土产业,CNY,CN10Y
2023-05-18,1730.61,0.027184,21.87,0.01854073708276177,930598,稀土产业,CNY,CN10Y
2023-05-19,1723.04,0.027151,21.76,0.01880488235294117,930598,稀土产业,CNY,CN10Y
2023-05-22,1722.0,0.027132,21.72,0.018908515653775323,930598,稀土产业,CNY,CN10Y
2023-05-23,1699.18,0.026962,21.42,0.019723340802987856,930598,稀土产业,CNY,CN10Y
2023-05-24,1691.42,0.027037,21.29,0.019933408642555196,930598,稀土产业,CNY,CN10Y
2023-05-25,1684.59,0.027065,21.18,0.020149353163361666,930598,稀土产业,CNY,CN10Y
2023-05-26,1676.39,0.027205,21.1,0.02018836492890995,930598,稀土产业,CNY,CN10Y
2023-05-29,1670.16,0.0269499999999999,21.05,0.020555938242280383,930598,稀土产业,CNY,CN10Y
2023-05-30,1670.76,0.027,21.1,0.02039336492890995,930598,稀土产业,CNY,CN10Y
2023-05-31,1665.89,0.02685,21.04,0.020678517110266165,930598,稀土产业,CNY,CN10Y
2023-06-01,1671.31,0.026825,21.08,0.020613330170777988,930598,稀土产业,CNY,CN10Y
2023-06-02,1705.39,0.026951,21.53,0.019495818392940085,930598,稀土产业,CNY,CN10Y
2023-06-05,1694.42,0.026926,21.37,0.01986857182966776,930598,稀土产业,CNY,CN10Y
2023-06-06,1657.61,0.026826,20.93,0.020952308647873865,930598,稀土产业,CNY,CN10Y
2023-06-07,1650.33,0.026827,20.84,0.02115764491362764,930598,稀土产业,CNY,CN10Y
2023-06-08,1654.41,0.026822,20.92,0.02097914722753346,930598,稀土产业,CNY,CN10Y
2023-06-09,1666.01,0.026703,21.07,0.02075784480303749,930598,稀土产业,CNY,CN10Y
2023-06-12,1673.91,0.026704,21.31,0.020222325668700143,930598,稀土产业,CNY,CN10Y
2023-06-13,1674.42,0.026227,21.3,0.020721356807511734,930598,稀土产业,CNY,CN10Y
2023-06-14,1671.92,0.026178,21.31,0.020748325668700142,930598,稀土产业,CNY,CN10Y
2023-06-15,1701.22,0.026482,21.66,0.01968605170821791,930598,稀土产业,CNY,CN10Y
2023-06-16,1716.29,0.0266259999999999,21.76,0.019329882352941273,930598,稀土产业,CNY,CN10Y
2023-06-19,1709.15,0.026876,21.65,0.019313376443418014,930598,稀土产业,CNY,CN10Y
2023-06-20,1707.37,0.026751,21.62,0.01950246901017576,930598,稀土产业,CNY,CN10Y
2023-06-21,1684.51,0.026701,21.31,0.020225325668700143,930598,稀土产业,CNY,CN10Y
2023-06-25,,0.026576,21.31,0.020350325668700143,930598,稀土产业,CNY,CN10Y
2023-06-26,1675.39,0.026677,21.18,0.020537353163361666,930598,稀土产业,CNY,CN10Y
2023-06-27,1691.63,0.026676,21.41,0.020031146193367586,930598,稀土产业,CNY,CN10Y
2023-06-28,1685.42,0.0266509999999999,21.34,0.020209356138706756,930598,稀土产业,CNY,CN10Y
2023-06-29,1715.65,0.026526,21.75,0.019451011494252872,930598,稀土产业,CNY,CN10Y
2023-06-30,1734.59,0.026351,21.95,0.01920708656036447,930598,稀土产业,CNY,CN10Y
2023-07-03,1740.94,0.026402,22.02,0.019011260672116257,930598,稀土产业,CNY,CN10Y
2023-07-04,1750.74,0.026477,22.14,0.018690118337850045,930598,稀土产业,CNY,CN10Y
2023-07-05,1810.76,0.026402,22.93,0.017208989969472312,930598,稀土产业,CNY,CN10Y
2023-07-06,1772.38,0.026392,22.46,0.01813159750667854,930598,稀土产业,CNY,CN10Y
2023-07-07,1759.1,0.026403,22.37,0.018299726866338847,930598,稀土产业,CNY,CN10Y
2023-07-10,1750.25,0.026403,22.22,0.018601500450045005,930598,稀土产业,CNY,CN10Y
2023-07-11,1758.22,0.026353,22.31,0.01846994935006724,930598,稀土产业,CNY,CN10Y
2023-07-12,1743.67,0.026378,21.89,0.01930496025582458,930598,稀土产业,CNY,CN10Y
2023-07-13,1763.71,0.026413,22.19,0.018652344749887334,930598,稀土产业,CNY,CN10Y
2023-07-14,1742.87,0.026444,21.92,0.01917643795620438,930598,稀土产业,CNY,CN10Y
2023-07-17,1705.54,0.026364,21.44,0.020277791044776117,930598,稀土产业,CNY,CN10Y
2023-07-18,1712.47,0.026234,21.55,0.020169712296983756,930598,稀土产业,CNY,CN10Y
2023-07-19,1701.52,0.026233,21.4,0.020495971962616828,930598,稀土产业,CNY,CN10Y
2023-07-20,1690.35,0.026214,21.27,0.020800574518100613,930598,稀土产业,CNY,CN10Y
2023-07-21,1682.17,0.0260789999999999,21.16,0.02117997920604925,930598,稀土产业,CNY,CN10Y
2023-07-24,1669.95,0.025934,21.02,0.021639739295908664,930598,稀土产业,CNY,CN10Y
2023-07-25,1702.4,0.0266299999999999,21.46,0.019968322460391524,930598,稀土产业,CNY,CN10Y
2023-07-26,1689.35,0.02643,21.25,0.020628823529411765,930598,稀土产业,CNY,CN10Y
2023-07-27,1679.62,0.026395,21.12,0.02095348484848485,930598,稀土产业,CNY,CN10Y
2023-07-28,1694.22,0.026533,21.31,0.02039332566870014,930598,稀土产业,CNY,CN10Y
2023-07-31,1710.9,0.026597,21.54,0.01982825533890437,930598,稀土产业,CNY,CN10Y
2023-08-01,1717.51,0.026607,21.6,0.019689296296296295,930598,稀土产业,CNY,CN10Y
2023-08-02,1710.81,0.026525,21.53,0.019921818392940084,930598,稀土产业,CNY,CN10Y
2023-08-03,1708.5,0.026435,21.49,0.02009827128897162,930598,稀土产业,CNY,CN10Y
2023-08-04,1713.56,0.026469,21.54,0.01995625533890437,930598,稀土产业,CNY,CN10Y
2023-08-07,1721.87,0.026462,21.7,0.019620949308755763,930598,稀土产业,CNY,CN10Y
2023-08-08,1715.71,0.026454,21.65,0.019735376443418017,930598,稀土产业,CNY,CN10Y
2023-08-09,1700.31,0.026461,21.46,0.020137322460391426,930598,稀土产业,CNY,CN10Y
2023-08-10,1698.81,0.026475,21.44,0.020166791044776117,930598,稀土产业,CNY,CN10Y
2023-08-11,1659.75,0.026381,20.93,0.021397308647873862,930598,稀土产业,CNY,CN10Y
2023-08-14,1654.95,0.026212,20.88,0.021680720306513412,930598,稀土产业,CNY,CN10Y
2023-08-15,1638.36,0.0257589999999999,20.66,0.022643710551791,930598,稀土产业,CNY,CN10Y
2023-08-16,1617.21,0.025649,20.37,0.023442801669121254,930598,稀土产业,CNY,CN10Y
2023-08-17,1632.01,0.025678,20.56,0.022960132295719846,930598,稀土产业,CNY,CN10Y
2023-08-18,1602.38,0.025639,20.18,0.023915013875123885,930598,稀土产业,CNY,CN10Y
2023-08-21,1586.33,0.025403,19.98,0.024647050050050048,930598,稀土产业,CNY,CN10Y
2023-08-22,1583.39,0.025564,19.96,0.024536200400801598,930598,稀土产业,CNY,CN10Y
2023-08-23,1541.7,0.025535,19.42,0.025958305870236866,930598,稀土产业,CNY,CN10Y
2023-08-24,1543.17,0.025543,19.48,0.025791702258726897,930598,稀土产业,CNY,CN10Y
2023-08-25,1518.6,0.025702,19.14,0.0265446039707419,930598,稀土产业,CNY,CN10Y
2023-08-28,1541.1,0.025837,19.42,0.025656305870236866,930598,稀土产业,CNY,CN10Y
2023-08-29,1579.44,0.0256999999999999,19.9,0.024551256281407138,930598,稀土产业,CNY,CN10Y
2023-08-30,1577.14,0.0256,19.88,0.02470181086519115,930598,稀土产业,CNY,CN10Y
2023-08-31,1564.5,0.025575,19.76,0.02503228744939271,930598,稀土产业,CNY,CN10Y
2023-09-01,1580.4,0.0258499999999999,20.04,0.024050199600798502,930598,稀土产业,CNY,CN10Y
2023-09-04,1623.26,0.026124,20.65,0.02230215012106538,930598,稀土产业,CNY,CN10Y
2023-09-05,1618.62,0.02615,20.59,0.022417265662943178,930598,稀土产业,CNY,CN10Y
2023-09-06,1619.28,0.026375,20.6,0.02216868932038835,930598,稀土产业,CNY,CN10Y
2023-09-07,1587.88,0.02635,20.21,0.02313045522018803,930598,稀土产业,CNY,CN10Y
2023-09-08,1583.57,0.026375,20.13,0.02330209885742673,930598,稀土产业,CNY,CN10Y
2023-09-11,1598.35,0.0263,20.34,0.022864208456243856,930598,稀土产业,CNY,CN10Y
2023-09-12,1601.15,0.02623,20.34,0.022934208456243856,930598,稀土产业,CNY,CN10Y
2023-09-13,1581.83,0.02615,20.11,0.023576504226752858,930598,稀土产业,CNY,CN10Y
2023-09-14,1574.74,0.026075,20.04,0.023825199600798402,930598,稀土产业,CNY,CN10Y
2023-09-15,1575.61,0.0264,20.05,0.02347531172069825,930598,稀土产业,CNY,CN10Y
2023-09-18,1587.36,0.0265,20.18,0.023054013875123885,930598,稀土产业,CNY,CN10Y
2023-09-19,1564.99,0.026625,19.9,0.02362625628140704,930598,稀土产业,CNY,CN10Y
2023-09-20,1545.93,0.02665,19.65,0.024240585241730284,930598,稀土产业,CNY,CN10Y
2023-09-21,1533.83,0.026576,19.5,0.02470605128205128,930598,稀土产业,CNY,CN10Y
2023-09-22,1557.88,0.026776,19.79,0.02375457099545225,930598,稀土产业,CNY,CN10Y
2023-09-25,1540.63,0.026976,19.59,0.02407045227156713,930598,稀土产业,CNY,CN10Y
2023-09-26,1525.67,0.026951,19.41,0.02456883513652756,930598,稀土产业,CNY,CN10Y
2023-09-27,1533.2,0.0268769999999999,19.49,0.024431363263212005,930598,稀土产业,CNY,CN10Y
2023-09-28,1542.71,0.026751,19.6,0.0242694081632653,930598,稀土产业,CNY,CN10Y
2023-10-07,,0.0266509999999999,19.6,0.0243694081632654,930598,稀土产业,CNY,CN10Y
2023-10-08,,0.0266259999999999,19.6,0.0243944081632654,930598,稀土产业,CNY,CN10Y
2023-10-09,1540.52,0.026702,19.59,0.02434445227156713,930598,稀土产业,CNY,CN10Y
2023-10-10,1544.2,0.0268109999999999,19.63,0.024131435048395416,930598,稀土产业,CNY,CN10Y
2023-10-11,1544.27,0.026976,19.63,0.023966435048395317,930598,稀土产业,CNY,CN10Y
2023-10-12,1567.62,0.026911,19.93,0.02326461465127948,930598,稀土产业,CNY,CN10Y
2023-10-13,1549.51,0.026702,19.67,0.02413684087442806,930598,稀土产业,CNY,CN10Y
2023-10-16,1521.54,0.026777,19.34,0.02492930816959669,930598,稀土产业,CNY,CN10Y
2023-10-17,1515.94,0.026882,19.28,0.024985219917012445,930598,稀土产业,CNY,CN10Y
2023-10-18,1484.08,0.027052,18.92,0.025802122621564477,930598,稀土产业,CNY,CN10Y
2023-10-19,1467.09,0.0271769999999999,18.71,0.026270354355959476,930598,稀土产业,CNY,CN10Y
2023-10-20,1463.14,0.027052,18.61,0.02668255131649651,930598,稀土产业,CNY,CN10Y
2023-10-23,1412.73,0.0270469999999999,17.93,0.028725448410485323,930598,稀土产业,CNY,CN10Y
2023-10-24,1444.66,0.0271769999999999,18.32,0.02740815283842805,930598,稀土产业,CNY,CN10Y
2023-10-25,1455.35,0.027052,18.47,0.027089851651326477,930598,稀土产业,CNY,CN10Y
2023-10-26,1467.02,0.027152,18.67,0.026409863952865553,930598,稀土产业,CNY,CN10Y
2023-10-27,1493.43,0.0271329999999999,19.0,0.025498578947368518,930598,稀土产业,CNY,CN10Y
2023-10-30,1507.44,0.027141,19.21,0.024915220718375847,930598,稀土产业,CNY,CN10Y
2023-10-31,1502.66,0.026938,19.17,0.025226840897235255,930598,稀土产业,CNY,CN10Y
2023-11-01,1506.29,0.026853,19.23,0.025149080083203327,930598,稀土产业,CNY,CN10Y
2023-11-02,1488.76,0.026553,19.0,0.026078578947368418,930598,稀土产业,CNY,CN10Y
2023-11-03,1509.41,0.026613,19.23,0.025389080083203324,930598,稀土产业,CNY,CN10Y
2023-11-06,1539.71,0.026554,19.57,0.02454462033725089,930598,稀土产业,CNY,CN10Y
2023-11-07,1541.39,0.026632,19.59,0.02441445227156713,930598,稀土产业,CNY,CN10Y
2023-11-08,1532.44,0.0264639999999999,19.48,0.024870702258726996,930598,稀土产业,CNY,CN10Y
2023-11-09,1530.89,0.026494,19.46,0.024893461459403906,930598,稀土产业,CNY,CN10Y
2023-11-10,1525.99,0.026444,19.4,0.025102391752577325,930598,稀土产业,CNY,CN10Y
2023-11-13,1535.8,0.026454,19.48,0.0248807022587269,930598,稀土产业,CNY,CN10Y
2023-11-14,1536.74,0.026573,19.53,0.02463027700972862,930598,稀土产业,CNY,CN10Y
2023-11-15,1557.82,0.026633,19.8,0.023872050505050504,930598,稀土产业,CNY,CN10Y
2023-11-16,1535.98,0.026558,19.53,0.02464527700972862,930598,稀土产业,CNY,CN10Y
2023-11-17,1544.57,0.026524,19.63,0.024418435048395318,930598,稀土产业,CNY,CN10Y
2023-11-20,1557.3,0.026584,19.78,0.02397211729019211,930598,稀土产业,CNY,CN10Y
2023-11-21,1545.86,0.026684,19.66,0.024180699898270604,930598,稀土产业,CNY,CN10Y
2023-11-22,1515.2,0.026823,19.24,0.02515205197505198,930598,稀土产业,CNY,CN10Y
2023-11-23,1528.23,0.027023,19.43,0.024443803911477102,930598,稀土产业,CNY,CN10Y
2023-11-24,1508.12,0.0270529999999999,19.18,0.02508464337851939,930598,稀土产业,CNY,CN10Y
2023-11-27,1498.24,0.027108,19.05,0.025385438320209973,930598,稀土产业,CNY,CN10Y
2023-11-28,1507.06,0.026898,19.17,0.025266840897235257,930598,稀土产业,CNY,CN10Y
2023-11-29,1503.32,0.026826,19.11,0.025502623757195187,930598,稀土产业,CNY,CN10Y
2023-11-30,1492.85,0.02668,18.99,0.02597929436545551,930598,稀土产业,CNY,CN10Y
2023-12-01,1489.8,0.026625,18.95,0.026145448548812667,930598,稀土产业,CNY,CN10Y
2023-12-04,1491.11,0.026725,18.94,0.026073310454065468,930598,稀土产业,CNY,CN10Y
2023-12-05,1462.44,0.02665,18.56,0.02722931034482759,930598,稀土产业,CNY,CN10Y
2023-12-06,1484.68,0.026725,18.8,0.02646648936170213,930598,稀土产业,CNY,CN10Y
2023-12-07,1476.07,0.02664,18.75,0.026693333333333336,930598,稀土产业,CNY,CN10Y
2023-12-08,1471.8,0.026636,18.67,0.02692586395286555,930598,稀土产业,CNY,CN10Y
2023-12-11,1478.73,0.02644,18.88,0.026526101694915257,930598,稀土产业,CNY,CN10Y
2023-12-12,1475.02,0.026375,18.85,0.02667539787798408,930598,稀土产业,CNY,CN10Y
2023-12-13,1454.48,0.026226,18.59,0.027566361484669177,930598,稀土产业,CNY,CN10Y
2023-12-14,1442.01,0.026376,18.45,0.027824542005420057,930598,稀土产业,CNY,CN10Y
2023-12-15,1435.94,0.026227,18.38,0.0281799640914037,930598,稀土产业,CNY,CN10Y
2023-12-18,1407.72,0.026126,18.06,0.029244985603543747,930598,稀土产业,CNY,CN10Y
2023-12-19,1402.17,0.026191,18.01,0.029333708495280393,930598,稀土产业,CNY,CN10Y
2023-12-20,1384.24,0.026222,17.82,0.029894722783389453,930598,稀土产业,CNY,CN10Y
2023-12-21,1404.2,0.025901,18.06,0.029469985603543747,930598,稀土产业,CNY,CN10Y
2023-12-22,1418.12,0.0258769999999999,18.27,0.02885753749315828,930598,稀土产业,CNY,CN10Y
2023-12-25,1429.47,0.025678,18.4,0.028669826086956528,930598,稀土产业,CNY,CN10Y
2023-12-26,1413.24,0.025804,18.19,0.029171261132490377,930598,稀土产业,CNY,CN10Y
2023-12-27,1418.46,0.025577,18.31,0.029037964500273083,930598,稀土产业,CNY,CN10Y
2023-12-28,1462.46,0.0256939999999999,18.82,0.027440962805526135,930598,稀土产业,CNY,CN10Y
2023-12-29,1471.55,0.025553,18.97,0.027161812862414342,930598,稀土产业,CNY,CN10Y
2023-12-31,,0.025553,18.97,0.027161812862414342,930598,稀土产业,CNY,CN10Y
2024-01-02,1468.9,0.025601,18.95,0.027169448548812668,930598,稀土产业,CNY,CN10Y
2024-01-03,1455.07,0.025531,18.72,0.02788780341880342,930598,稀土产业,CNY,CN10Y
2024-01-04,1433.97,0.0253679999999999,18.46,0.028803180931744412,930598,稀土产业,CNY,CN10Y
2024-01-05,1413.05,0.025175,18.2,0.029770054945054945,930598,稀土产业,CNY,CN10Y
2024-01-08,1380.55,0.025136,17.79,0.031075354693648118,930598,稀土产业,CNY,CN10Y
2024-01-09,1384.14,0.024862,17.82,0.03125472278338945,930598,稀土产业,CNY,CN10Y
2024-01-10,1380.98,0.024982,17.76,0.031324306306306296,930598,稀土产业,CNY,CN10Y
2024-01-11,1406.79,0.024992,18.05,0.030409662049861494,930598,稀土产业,CNY,CN10Y
2024-01-12,1398.25,0.025172,17.95,0.030538306406685242,930598,稀土产业,CNY,CN10Y
2024-01-15,1385.88,0.025212,17.82,0.030904722783389453,930598,稀土产业,CNY,CN10Y
2024-01-16,1383.71,0.025252,17.79,0.030959354693648116,930598,稀土产业,CNY,CN10Y
2024-01-17,1346.92,0.025077,17.3,0.03272646820809248,930598,稀土产业,CNY,CN10Y
2024-01-18,1342.85,0.025092,17.25,0.03287901449275363,930598,稀土产业,CNY,CN10Y
2024-01-19,1332.49,0.025027,17.12,0.03338421495327103,930598,稀土产业,CNY,CN10Y
2024-01-22,1264.78,0.024922,16.23,0.036692294516327786,930598,稀土产业,CNY,CN10Y
2024-01-23,1283.03,0.025042,16.44,0.035785250608272506,930598,稀土产业,CNY,CN10Y
2024-01-24,1300.3,0.025042,16.7,0.03483823952095809,930598,稀土产业,CNY,CN10Y
2024-01-25,1343.77,0.024984,17.3,0.032819468208092485,930598,稀土产业,CNY,CN10Y
2024-01-26,1335.16,0.024994,17.21,0.03311175246949448,930598,稀土产业,CNY,CN10Y
2024-01-29,1311.17,0.02494,16.94,0.03409187721369539,930598,稀土产业,CNY,CN10Y
2024-01-30,1272.92,0.024557,16.46,0.03619634143377885,930598,稀土产业,CNY,CN10Y
2024-01-31,1233.01,0.0243299999999999,16.0,0.0381700000000001,930598,稀土产业,CNY,CN10Y
2024-02-01,1218.79,0.024354,15.8,0.03893713924050632,930598,稀土产业,CNY,CN10Y
2024-02-02,1169.19,0.0242439999999999,15.17,0.04167557811470016,930598,稀土产业,CNY,CN10Y
2024-02-04,,0.024053,15.17,0.041866578114700057,930598,稀土产业,CNY,CN10Y
2024-02-05,1112.38,0.024002,14.48,0.04505877348066299,930598,稀土产业,CNY,CN10Y
2024-02-06,1200.11,0.024525,15.59,0.039618681847338036,930598,稀土产业,CNY,CN10Y
2024-02-07,1284.45,0.0241529999999999,16.67,0.035835002399520186,930598,稀土产业,CNY,CN10Y
2024-02-08,1313.7,0.0243789999999999,17.0,0.034444529411764804,930598,稀土产业,CNY,CN10Y
2024-02-09,,0.024302,17.0,0.0345215294117647,930598,稀土产业,CNY,CN10Y
2024-02-18,,0.0243929999999999,17.0,0.034430529411764804,930598,稀土产业,CNY,CN10Y
2024-02-19,1310.26,0.024344,17.0,0.0344795294117647,930598,稀土产业,CNY,CN10Y
2024-02-20,1302.07,0.024134,16.9,0.0350375976331361,930598,稀土产业,CNY,CN10Y
2024-02-21,1310.0,0.024119,17.02,0.034635406580493536,930598,稀土产业,CNY,CN10Y
2024-02-22,1324.34,0.024033,17.2,0.03410653488372093,930598,稀土产业,CNY,CN10Y
2024-02-23,1335.5,0.024009,17.35,0.03362788760806916,930598,稀土产业,CNY,CN10Y
2024-02-26,1342.45,0.0237889999999999,17.41,0.03364925387708224,930598,稀土产业,CNY,CN10Y
2024-02-27,1367.42,0.023809,17.76,0.0324973063063063,930598,稀土产业,CNY,CN10Y
2024-02-28,1326.36,0.023376,17.21,0.034729752469494474,930598,稀土产业,CNY,CN10Y
2024-02-29,1366.11,0.023375,17.72,0.03305840857787811,930598,稀土产业,CNY,CN10Y
2024-03-01,1379.08,0.023675,17.91,0.03215972920156337,930598,稀土产业,CNY,CN10Y
2024-03-04,1378.62,0.023475,17.94,0.032266360089186166,930598,稀土产业,CNY,CN10Y
2024-03-05,1375.14,0.023169,17.91,0.03266572920156337,930598,稀土产业,CNY,CN10Y
2024-03-06,1380.22,0.02265,17.99,0.032936436909394115,930598,稀土产业,CNY,CN10Y
2024-03-07,1393.6,0.022776,18.19,0.03219926113249037,930598,稀土产业,CNY,CN10Y
2024-03-08,1405.55,0.022825,18.4,0.03152282608695653,930598,稀土产业,CNY,CN10Y
2024-03-11,1429.45,0.02305,18.67,0.03051186395286555,930598,稀土产业,CNY,CN10Y
2024-03-12,1416.15,0.023476,18.43,0.030783359739555077,930598,稀土产业,CNY,CN10Y
2024-03-13,1416.17,0.023326,18.46,0.030845180931744313,930598,稀土产业,CNY,CN10Y
2024-03-14,1411.99,0.0234249999999999,18.43,0.030834359739555176,930598,稀土产业,CNY,CN10Y
2024-03-15,1451.14,0.0232,18.94,0.02959831045406547,930598,稀土产业,CNY,CN10Y
2024-03-18,1477.99,0.022926,19.28,0.028941219917012446,930598,稀土产业,CNY,CN10Y
2024-03-19,1495.51,0.022801,19.41,0.02871883513652756,930598,稀土产业,CNY,CN10Y
2024-03-20,1495.11,0.022951,19.41,0.02856883513652756,930598,稀土产业,CNY,CN10Y
2024-03-21,1497.06,0.022851,19.5,0.02843105128205128,930598,稀土产业,CNY,CN10Y
2024-03-22,1465.7,0.023051,19.13,0.029222915316257193,930598,稀土产业,CNY,CN10Y
2024-03-25,1444.58,0.023151,18.94,0.029647310454065465,930598,稀土产业,CNY,CN10Y
2024-03-26,1437.92,0.0231749999999999,18.85,0.02987539787798418,930598,稀土产业,CNY,CN10Y
2024-03-27,1394.66,0.0228759999999999,18.3,0.031768808743169494,930598,稀土产业,CNY,CN10Y
2024-03-28,1425.11,0.023026,18.68,0.03050719057815846,930598,稀土产业,CNY,CN10Y
2024-03-29,1449.47,0.0229009999999999,19.06,0.029564897166841658,930598,稀土产业,CNY,CN10Y
2024-04-01,1474.92,0.023082,19.31,0.02870463904712585,930598,稀土产业,CNY,CN10Y
2024-04-02,1490.16,0.022927,19.48,0.028407702258726897,930598,稀土产业,CNY,CN10Y
2024-04-03,1514.27,0.022837,19.81,0.02764255577990914,930598,稀土产业,CNY,CN10Y
2024-04-07,,0.022937,19.81,0.02754255577990914,930598,稀土产业,CNY,CN10Y
2024-04-08,1493.52,0.022822,19.53,0.02838127700972862,930598,稀土产业,CNY,CN10Y
2024-04-09,1541.0,0.022802,20.04,0.027098199600798404,930598,稀土产业,CNY,CN10Y
2024-04-10,1494.78,0.022972,19.5,0.02831005128205128,930598,稀土产业,CNY,CN10Y
2024-04-11,1491.46,0.022928,19.48,0.028406702258726896,930598,稀土产业,CNY,CN10Y
2024-04-12,1480.73,0.022837,19.37,0.028789226122870413,930598,稀土产业,CNY,CN10Y
2024-04-15,1466.61,0.022798,19.27,0.029096135962636223,930598,稀土产业,CNY,CN10Y
2024-04-16,1403.8,0.022723,18.42,0.03156581650380021,930598,稀土产业,CNY,CN10Y
2024-04-17,1459.35,0.022608,19.16,0.02958406680584551,930598,稀土产业,CNY,CN10Y
2024-04-18,1459.03,0.0225369999999999,19.14,0.029709603970742,930598,稀土产业,CNY,CN10Y
2024-04-19,1428.8,0.02254,18.75,0.030793333333333336,930598,稀土产业,CNY,CN10Y
2024-04-22,1411.09,0.022435,18.55,0.03147335579514825,930598,稀土产业,CNY,CN10Y
2024-04-23,1376.79,0.02226,18.03,0.03320311702717693,930598,稀土产业,CNY,CN10Y
2024-04-24,1412.31,0.022727,18.53,0.031239540744738257,930598,稀土产业,CNY,CN10Y
2024-04-25,1416.33,0.022612,18.63,0.031064865271068172,930598,稀土产业,CNY,CN10Y
2024-04-26,1441.02,0.0230839999999999,18.98,0.029603038988408954,930598,稀土产业,CNY,CN10Y
2024-04-28,,0.0232439999999999,18.98,0.029443038988408953,930598,稀土产业,CNY,CN10Y
2024-04-29,1468.39,0.02353,19.29,0.028310331778123383,930598,稀土产业,CNY,CN10Y
2024-04-30,1437.87,0.023028,18.91,0.029854072977260705,930598,稀土产业,CNY,CN10Y
2024-05-06,1467.23,0.023081,32.17,0.008003861672365557,930598,稀土产业,CNY,CN10Y
2024-05-07,1479.32,0.022896,32.5,0.007873230769230771,930598,稀土产业,CNY,CN10Y
2024-05-08,1463.97,0.022955,32.17,0.008129861672365558,930598,稀土产业,CNY,CN10Y
2024-05-09,1503.69,0.023186,32.96,0.007153805825242721,930598,稀土产业,CNY,CN10Y
2024-05-10,1490.29,0.0231219999999999,32.69,0.0074683946160906504,930598,稀土产业,CNY,CN10Y
2024-05-11,,0.023361,32.69,0.00722939461609055,930598,稀土产业,CNY,CN10Y
2024-05-13,1465.92,0.0229,32.22,0.008136623215394167,930598,稀土产业,CNY,CN10Y
2024-05-14,1464.12,0.022938,32.24,0.008079369727047144,930598,稀土产业,CNY,CN10Y
2024-05-15,1441.95,0.02302,31.72,0.008505851197982348,930598,稀土产业,CNY,CN10Y
2024-05-16,1432.67,0.023147,31.52,0.008578888324873093,930598,稀土产业,CNY,CN10Y
2024-05-17,1452.22,0.023077,31.94,0.008231703819661866,930598,稀土产业,CNY,CN10Y
2024-05-20,1476.36,0.023105,32.56,0.007607530712530709,930598,稀土产业,CNY,CN10Y
2024-05-21,1448.26,0.023141,32.01,0.008099237425804439,930598,稀土产业,CNY,CN10Y
2024-05-22,1457.64,0.023123,32.12,0.008010250311332505,930598,稀土产业,CNY,CN10Y
2024-05-23,1415.58,0.0230629999999999,31.19,0.008998558191728217,930598,稀土产业,CNY,CN10Y
2024-05-24,1401.33,0.023134,30.85,0.009280910858995139,930598,稀土产业,CNY,CN10Y
2024-05-27,1413.77,0.0230839999999999,31.29,0.00887509236177703,930598,稀土产业,CNY,CN10Y
2024-05-28,1408.83,0.022994,31.24,0.00901624327784891,930598,稀土产业,CNY,CN10Y
2024-05-29,1434.66,0.022776,31.86,0.008611319522912744,930598,稀土产业,CNY,CN10Y
2024-05-30,1414.89,0.022826,31.45,0.008970502384737677,930598,稀土产业,CNY,CN10Y
2024-05-31,1408.86,0.022926,31.31,0.009012677738741617,930598,稀土产业,CNY,CN10Y
2024-06-03,1378.4,0.022853,30.63,0.009794730982696703,930598,稀土产业,CNY,CN10Y
2024-06-04,1386.1,0.022854,30.8,0.009613532467532465,930598,稀土产业,CNY,CN10Y
2024-06-05,1362.57,0.022808,30.23,0.010271722130334105,930598,稀土产业,CNY,CN10Y
2024-06-06,1339.64,0.022828,29.88,0.010639202141900936,930598,稀土产业,CNY,CN10Y
2024-06-07,1342.3,0.022833,29.94,0.0105671336005344,930598,稀土产业,CNY,CN10Y
2024-06-11,1340.42,0.022791,29.79,0.010777311513930854,930598,稀土产业,CNY,CN10Y
2024-06-12,1352.84,0.02276,29.99,0.01058444814938313,930598,稀土产业,CNY,CN10Y
2024-06-13,1336.42,0.0226779999999999,29.6,0.011105783783783879,930598,稀土产业,CNY,CN10Y
2024-06-14,1344.85,0.0225579999999999,29.78,0.011021583613163296,930598,稀土产业,CNY,CN10Y
2024-06-17,1344.4,0.022609,29.7,0.011061033670033669,930598,稀土产业,CNY,CN10Y
2024-06-18,1360.81,0.0225369999999999,30.03,0.010763033300033396,930598,稀土产业,CNY,CN10Y
2024-06-19,1346.62,0.022429,29.81,0.011116790003354578,930598,稀土产业,CNY,CN10Y
2024-06-20,1316.35,0.022445,29.29,0.011696345168999658,930598,稀土产业,CNY,CN10Y
2024-06-21,1309.79,0.0225709999999999,29.17,0.011710796366129681,930598,稀土产业,CNY,CN10Y
2024-06-24,1275.15,0.022451,28.45,0.012698384885764503,930598,稀土产业,CNY,CN10Y
2024-06-25,1273.81,0.02235,28.48,0.012762359550561802,930598,稀土产业,CNY,CN10Y
2024-06-26,1308.22,0.022225,29.16,0.01206855281207133,930598,稀土产业,CNY,CN10Y
2024-06-27,1283.97,0.022081,28.66,0.012810835310537335,930598,稀土产业,CNY,CN10Y
2024-06-28,1308.04,0.022058,29.35,0.012013550255536624,930598,稀土产业,CNY,CN10Y
2024-07-01,1336.9,0.022486,30.03,0.010814033300033297,930598,稀土产业,CNY,CN10Y
2024-07-02,1308.26,0.022369,29.41,0.011633040122407345,930598,稀土产业,CNY,CN10Y
2024-07-03,1292.04,0.0224259999999999,29.01,0.01204487211306456,930598,稀土产业,CNY,CN10Y
2024-07-04,1265.03,0.022502,28.5,0.012585719298245611,930598,稀土产业,CNY,CN10Y
2024-07-05,1282.51,0.022754,28.88,0.011872038781163437,930598,稀土产业,CNY,CN10Y
2024-07-08,1265.37,0.022904,28.69,0.011951350296270473,930598,稀土产业,CNY,CN10Y
2024-07-09,1290.8,0.022698,29.39,0.01132717863218782,930598,稀土产业,CNY,CN10Y
2024-07-10,1275.57,0.022707,28.86,0.011943034650034646,930598,稀土产业,CNY,CN10Y
2024-07-11,1318.0,0.022648,29.73,0.01098805785401951,930598,稀土产业,CNY,CN10Y
2024-07-12,1300.71,0.022604,29.43,0.01137493306150187,930598,稀土产业,CNY,CN10Y
2024-07-15,1289.33,0.022541,29.26,0.011635349965823646,930598,稀土产业,CNY,CN10Y
2024-07-16,1299.08,0.0226129999999999,29.44,0.011354391304347924,930598,稀土产业,CNY,CN10Y
2024-07-17,1276.94,0.0225979999999999,28.69,0.012257350296270574,930598,稀土产业,CNY,CN10Y
2024-07-18,1276.89,0.022673,28.72,0.012145941504178276,930598,稀土产业,CNY,CN10Y
2024-07-19,1277.24,0.022614,28.64,0.012302201117318435,930598,稀土产业,CNY,CN10Y
2024-07-22,1279.13,0.022461,28.73,0.01234582213713888,930598,稀土产业,CNY,CN10Y
2024-07-23,1242.3,0.022322,27.84,0.013597540229885054,930598,稀土产业,CNY,CN10Y
2024-07-24,1227.5,0.022381,27.52,0.013956209302325582,930598,稀土产业,CNY,CN10Y
2024-07-25,1230.5,0.022168,27.43,0.014288434560699961,930598,稀土产业,CNY,CN10Y
2024-07-26,1262.18,0.0219439999999999,28.12,0.01361787766714092,930598,稀土产业,CNY,CN10Y
2024-07-29,1260.32,0.021574,28.12,0.013987877667140821,930598,稀土产业,CNY,CN10Y
2024-07-30,1258.22,0.02148,27.96,0.014285379113018595,930598,稀土产业,CNY,CN10Y
2024-07-31,1302.61,0.021494,28.94,0.013060250172771251,930598,稀土产业,CNY,CN10Y
2024-08-01,1299.57,0.021297,28.83,0.013389090877558098,930598,稀土产业,CNY,CN10Y
2024-08-02,1282.34,0.021277,28.36,0.013983930888575458,930598,稀土产业,CNY,CN10Y
2024-08-05,1248.95,0.021376,27.58,0.01488215808556926,930598,稀土产业,CNY,CN10Y
2024-08-06,1262.92,0.0214909999999999,27.86,0.014402754486719412,930598,稀土产业,CNY,CN10Y
2024-08-07,1260.97,0.021414,27.83,0.014518446999640677,930598,稀土产业,CNY,CN10Y
2024-08-08,1257.39,0.02181,27.78,0.014187120230381569,930598,稀土产业,CNY,CN10Y
2024-08-09,1250.28,0.021986,27.71,0.01410205485384338,930598,稀土产业,CNY,CN10Y
2024-08-12,1243.82,0.022508,27.64,0.013671450072358898,930598,稀土产业,CNY,CN10Y
2024-08-13,1254.3,0.0222549999999999,27.82,0.013690363048166884,930598,稀土产业,CNY,CN10Y
2024-08-14,1238.05,0.021966,27.46,0.01445060597232338,930598,稀土产业,CNY,CN10Y
2024-08-15,1247.25,0.02205,27.68,0.014077167630057806,930598,稀土产业,CNY,CN10Y
2024-08-16,1238.35,0.021978,27.6,0.014253884057971015,930598,稀土产业,CNY,CN10Y
2024-08-19,1242.49,0.021816,27.77,0.014194082823190495,930598,稀土产业,CNY,CN10Y
2024-08-20,1221.03,0.0217099999999999,27.32,0.014893221083455446,930598,稀土产业,CNY,CN10Y
2024-08-21,1232.21,0.02167,27.62,0.014535648081100649,930598,稀土产业,CNY,CN10Y
2024-08-22,1214.36,0.021582,27.3,0.015048036630036631,930598,稀土产业,CNY,CN10Y
2024-08-23,1209.2,0.021547,27.25,0.01515024770642202,930598,稀土产业,CNY,CN10Y
2024-08-26,1237.35,0.0216279999999999,27.81,0.014330288385472952,930598,稀土产业,CNY,CN10Y
2024-08-27,1214.92,0.021903,27.36,0.01464670760233918,930598,稀土产业,CNY,CN10Y
2024-08-28,1221.57,0.021673,27.47,0.014730349108117945,930598,稀土产业,CNY,CN10Y
2024-08-29,1251.48,0.021703,28.05,0.013947623885918005,930598,稀土产业,CNY,CN10Y
2024-08-30,1272.92,0.0217039999999999,28.55,0.013322269702276807,930598,稀土产业,CNY,CN10Y
2024-09-02,1251.04,0.021457,25.13,0.01833607600477517,930598,稀土产业,CNY,CN10Y
2024-09-03,1262.7,0.021432,25.33,0.01804687879984209,930598,稀土产业,CNY,CN10Y
2024-09-04,1251.63,0.021336,24.95,0.01874416032064128,930598,稀土产业,CNY,CN10Y
2024-09-05,1253.04,0.021338,24.89,0.018838777822418645,930598,稀土产业,CNY,CN10Y
2024-09-06,1230.15,0.0213879999999999,24.53,0.019378408479413065,930598,稀土产业,CNY,CN10Y
2024-09-09,1221.4,0.021267,24.31,0.01986833525298231,930598,稀土产业,CNY,CN10Y
2024-09-10,1219.01,0.021143,24.21,0.020162245766212308,930598,稀土产业,CNY,CN10Y
2024-09-11,1222.61,0.021044,24.17,0.020329603640877117,930598,稀土产业,CNY,CN10Y
2024-09-12,1215.85,0.020998,24.08,0.02053023920265781,930598,稀土产业,CNY,CN10Y
2024-09-13,1197.32,0.020724,23.83,0.02123991103650861,930598,稀土产业,CNY,CN10Y
2024-09-14,,0.020425,23.83,0.02153891103650861,930598,稀土产业,CNY,CN10Y
2024-09-18,1193.83,0.0204029999999999,23.89,0.021455518208455517,930598,稀土产业,CNY,CN10Y
2024-09-19,1224.91,0.02045,24.56,0.020266612377850168,930598,稀土产业,CNY,CN10Y
2024-09-20,1223.11,0.0204309999999999,24.6,0.02021940650406514,930598,稀土产业,CNY,CN10Y
2024-09-23,1215.73,0.020381,24.45,0.020518795501022497,930598,稀土产业,CNY,CN10Y
2024-09-24,1263.91,0.020728,25.37,0.018688633819471816,930598,稀土产业,CNY,CN10Y
2024-09-25,1273.38,0.0204369999999999,25.59,0.018640764751856297,930598,稀土产业,CNY,CN10Y
2024-09-26,1316.39,0.020787,26.52,0.016920390648567117,930598,稀土产业,CNY,CN10Y
2024-09-27,1387.68,0.021714,27.83,0.014218446999640675,930598,稀土产业,CNY,CN10Y
2024-09-29,,0.022534,27.83,0.013398446999640677,930598,稀土产业,CNY,CN10Y
2024-09-30,1527.38,0.021518,30.62,0.011140393207054216,930598,稀土产业,CNY,CN10Y
2024-10-08,1633.44,0.021928,32.33,0.00900302381688834,930598,稀土产业,CNY,CN10Y
2024-10-09,1492.84,0.02176,29.53,0.012103867253640363,930598,稀土产业,CNY,CN10Y
2024-10-10,1510.57,0.0214409999999999,30.22,0.011649668431502416,930598,稀土产业,CNY,CN10Y
2024-10-11,1444.82,0.021392,29.08,0.012995895460797803,930598,稀土产业,CNY,CN10Y
2024-10-12,,0.0214409999999999,29.08,0.012946895460797903,930598,稀土产业,CNY,CN10Y
2024-10-14,1482.8,0.021368,30.03,0.011932033300033295,930598,稀土产业,CNY,CN10Y
2024-10-15,1442.83,0.021254,29.09,0.013122074252320388,930598,稀土产业,CNY,CN10Y
2024-10-16,1434.34,0.021331,28.98,0.01317555624568668,930598,稀土产业,CNY,CN10Y
2024-10-17,1422.6,0.021084,28.71,0.013747069313827937,930598,稀土产业,CNY,CN10Y
2024-10-18,1470.9,0.021209,29.63,0.012540578130273372,930598,稀土产业,CNY,CN10Y
2024-10-21,1500.61,0.021211,30.19,0.011912550844650545,930598,稀土产业,CNY,CN10Y
2024-10-22,1534.38,0.0214579999999999,30.82,0.01098846333549653,930598,稀土产业,CNY,CN10Y
2024-10-23,1554.5,0.021559,31.09,0.010605683177870699,930598,稀土产业,CNY,CN10Y
2024-10-24,1528.49,0.021661,30.69,0.010922903551645484,930598,稀土产业,CNY,CN10Y
2024-10-25,1576.72,0.021539,31.31,0.010399677738741616,930598,稀土产业,CNY,CN10Y
2024-10-28,1595.27,0.021617,31.73,0.00989891553734636,930598,稀土产业,CNY,CN10Y
2024-10-29,1572.49,0.021598,31.23,0.010422493115593984,930598,稀土产业,CNY,CN10Y
2024-10-30,1570.91,0.0215969999999999,31.0,0.01066106451612913,930598,稀土产业,CNY,CN10Y
2024-10-31,1609.4,0.021476,31.5,0.010270031746031746,930598,稀土产业,CNY,CN10Y
2024-11-01,1709.89,0.021406,27.94,0.014384980672870432,930598,稀土产业,CNY,CN10Y
2024-11-04,1700.42,0.021275,27.81,0.014683288385472854,930598,稀土产业,CNY,CN10Y
2024-11-05,1793.31,0.021106,29.18,0.013164047978067167,930598,稀土产业,CNY,CN10Y
2024-11-06,1828.1,0.021234,29.64,0.012504191632928475,930598,稀土产业,CNY,CN10Y
2024-11-07,1821.22,0.021115,29.62,0.012645972316002698,930598,稀土产业,CNY,CN10Y
2024-11-08,1804.63,0.021067,29.36,0.012992945504087198,930598,稀土产业,CNY,CN10Y
2024-11-11,1835.98,0.02092,29.79,0.012648311513930852,930598,稀土产业,CNY,CN10Y
2024-11-12,1808.14,0.020729,29.32,0.013377412005457025,930598,稀土产业,CNY,CN10Y
2024-11-13,1825.81,0.020876,29.6,0.01290778378378378,930598,稀土产业,CNY,CN10Y
2024-11-14,1739.46,0.020808,28.32,0.014502734463276837,930598,稀土产业,CNY,CN10Y
2024-11-15,1692.94,0.020948,27.71,0.015140054853843378,930598,稀土产业,CNY,CN10Y
2024-11-18,1654.88,0.021117,27.01,0.015906324694557567,930598,稀土产业,CNY,CN10Y
2024-11-19,1687.41,0.020947,27.52,0.015390209302325583,930598,稀土产业,CNY,CN10Y
2024-11-20,1708.78,0.021025,27.77,0.014985082823190495,930598,稀土产业,CNY,CN10Y
2024-11-21,1708.93,0.0208429999999999,27.76,0.015180054755043328,930598,稀土产业,CNY,CN10Y
2024-11-22,1702.09,0.020832,27.6,0.015399884057971016,930598,稀土产业,CNY,CN10Y
2024-11-25,1708.94,0.020682,27.58,0.01557615808556926,930598,稀土产业,CNY,CN10Y
2024-11-26,1659.95,0.020657,26.89,0.016531545927854222,930598,稀土产业,CNY,CN10Y
2024-11-27,1676.87,0.020553,27.26,0.016130785766691125,930598,稀土产业,CNY,CN10Y
2024-11-28,1653.01,0.020304,26.84,0.016953824143070045,930598,稀土产业,CNY,CN10Y
2024-11-29,1685.06,0.020206,27.38,0.016317009495982474,930598,稀土产业,CNY,CN10Y
2024-12-02,1718.82,0.01981,27.88,0.016058005738880915,930598,稀土产业,CNY,CN10Y
2024-12-03,1725.15,0.019886,27.96,0.015879379113018594,930598,稀土产业,CNY,CN10Y
2024-12-04,1723.04,0.019612,28.02,0.016076793718772308,930598,稀土产业,CNY,CN10Y
2024-12-05,1712.0,0.019462,27.79,0.016522166966534725,930598,稀土产业,CNY,CN10Y
2024-12-06,1716.45,0.019539,27.82,0.016406363048166783,930598,稀土产业,CNY,CN10Y
2024-12-09,1699.12,0.019168,27.59,0.017077016310257338,930598,稀土产业,CNY,CN10Y
2024-12-10,1710.85,0.018468,27.78,0.01752912023038157,930598,稀土产业,CNY,CN10Y
2024-12-11,1725.78,0.018218,28.18,0.017268160397444995,930598,稀土产业,CNY,CN10Y
2024-12-12,1714.85,0.018172,27.98,0.017567814152966404,930598,稀土产业,CNY,CN10Y
2024-12-13,1675.2,0.017771,27.33,0.018818828027808276,930598,稀土产业,CNY,CN10Y
2024-12-16,1649.23,0.017215,26.76,0.02015420777279521,930598,稀土产业,CNY,CN10Y
2024-12-17,1634.27,0.017237,26.56,0.02041360240963856,930598,稀土产业,CNY,CN10Y
2024-12-18,1636.84,0.017564,26.61,0.02001585719654265,930598,稀土产业,CNY,CN10Y
2024-12-19,1640.68,0.017417,26.71,0.020022161362785475,930598,稀土产业,CNY,CN10Y
2024-12-20,1643.67,0.017018,26.63,0.02053363349605708,930598,稀土产业,CNY,CN10Y
2024-12-23,1611.12,0.017019,26.1,0.021295176245210726,930598,稀土产业,CNY,CN10Y
2024-12-24,1637.36,0.017166,26.53,0.020527177534866187,930598,稀土产业,CNY,CN10Y
2024-12-25,1612.99,0.017365,26.14,0.020890547054322875,930598,稀土产业,CNY,CN10Y
2024-12-26,1633.13,0.017122,26.54,0.020556975131876418,930598,稀土产业,CNY,CN10Y
2024-12-27,1639.27,0.016929,26.53,0.020764177534866188,930598,稀土产业,CNY,CN10Y
2024-12-30,1637.45,0.017128,26.59,0.020480123354644605,930598,稀土产业,CNY,CN10Y
2024-12-31,1583.35,0.016752,25.76,0.022067875776397513,930598,稀土产业,CNY,CN10Y
2025-01-02,1540.61,0.0160769999999999,25.09,0.023779516540454463,930598,稀土产业,CNY,CN10Y
2025-01-03,1515.85,0.016041,24.8,0.02428158064516129,930598,稀土产业,CNY,CN10Y
2025-01-06,1536.25,0.015966,24.96,0.02409810256410256,930598,稀土产业,CNY,CN10Y
2025-01-07,1571.77,0.016093,25.5,0.023122686274509804,930598,稀土产业,CNY,CN10Y
2025-01-08,1547.48,0.016069,25.11,0.023755771007566706,930598,稀土产业,CNY,CN10Y
2025-01-09,1561.8,0.016368,25.42,0.022971103068450037,930598,稀土产业,CNY,CN10Y
2025-01-10,1549.03,0.016338,25.27,0.023234615749901072,930598,稀土产业,CNY,CN10Y
2025-01-13,1565.19,0.016592,25.52,0.02259295297805643,930598,稀土产业,CNY,CN10Y
2025-01-14,1628.57,0.016446,26.55,0.02121878342749529,930598,稀土产业,CNY,CN10Y
2025-01-15,1621.45,0.01633,26.4,0.02154878787878788,930598,稀土产业,CNY,CN10Y
2025-01-16,1625.91,0.016394,26.62,0.021171740045078886,930598,稀土产业,CNY,CN10Y
2025-01-17,1631.44,0.016593,26.71,0.020846161362785474,930598,稀土产业,CNY,CN10Y
2025-01-20,1623.69,0.016747,26.67,0.02074831308586426,930598,稀土产业,CNY,CN10Y
2025-01-21,1617.33,0.016496,26.6,0.021097984962406013,930598,稀土产业,CNY,CN10Y
2025-01-22,1606.55,0.016602,26.46,0.021190894935752082,930598,稀土产业,CNY,CN10Y
2025-01-23,1602.45,0.016645,26.35,0.02130566413662239,930598,稀土产业,CNY,CN10Y
2025-01-24,1634.37,0.016565,27.0,0.020472037037037035,930598,稀土产业,CNY,CN10Y
2025-01-26,,0.016537,27.0,0.020500037037037035,930598,稀土产业,CNY,CN10Y
2025-01-27,1594.44,0.0162989999999999,26.33,0.0216804910748197,930598,稀土产业,CNY,CN10Y
2025-02-05,1625.49,0.016207,26.8,0.021106432835820893,930598,稀土产业,CNY,CN10Y
2025-02-06,1701.28,0.015958,27.9,0.01988429390681004,930598,稀土产业,CNY,CN10Y
2025-02-07,1715.27,0.016032,28.23,0.019391308537017354,930598,稀土产业,CNY,CN10Y
2025-02-08,,0.016057,28.23,0.019366308537017356,930598,稀土产业,CNY,CN10Y
2025-02-10,1716.32,0.016342,28.17,0.01915675754348598,930598,稀土产业,CNY,CN10Y
2025-02-11,1703.91,0.016274,27.99,0.01945304537334763,930598,稀土产业,CNY,CN10Y
2025-02-12,1711.31,0.016336,28.05,0.019314623885918005,930598,稀土产业,CNY,CN10Y
2025-02-13,1673.35,0.016346,27.38,0.020177009495982473,930598,稀土产业,CNY,CN10Y
2025-02-14,1673.59,0.016546,27.45,0.019883872495446268,930598,稀土产业,CNY,CN10Y
2025-02-17,1678.41,0.016934,27.49,0.01944286431429611,930598,稀土产业,CNY,CN10Y
2025-02-18,1653.37,0.017006,27.05,0.01996257670979667,930598,稀土产业,CNY,CN10Y
2025-02-19,1707.74,0.016626,27.95,0.019152175313059034,930598,稀土产业,CNY,CN10Y
2025-02-20,1729.99,0.01685,28.3,0.018485689045936397,930598,稀土产业,CNY,CN10Y
2025-02-21,1736.08,0.0172,28.53,0.017850823694356817,930598,稀土产业,CNY,CN10Y
2025-02-24,1741.17,0.017625,28.56,0.0173890056022409,930598,稀土产业,CNY,CN10Y
2025-02-25,1725.7,0.017275,28.23,0.018148308537017356,930598,稀土产业,CNY,CN10Y
2025-02-26,1748.08,0.017251,28.58,0.017738503149055288,930598,稀土产业,CNY,CN10Y
2025-02-27,1732.32,0.017576,28.22,0.01785986109142452,930598,稀土产业,CNY,CN10Y
2025-02-28,1690.79,0.017152,27.48,0.019238101892285295,930598,稀土产业,CNY,CN10Y
2025-03-03,1723.74,0.016955,27.93,0.01884879520229144,930598,稀土产业,CNY,CN10Y
2025-03-04,1734.24,0.017079,28.1,0.01850818861209964,930598,稀土产业,CNY,CN10Y
2025-03-05,1724.78,0.017083,28.1,0.01850418861209964,930598,稀土产业,CNY,CN10Y
2025-03-06,1746.41,0.017455,28.54,0.0175835423966363,930598,稀土产业,CNY,CN10Y
2025-03-07,1760.29,0.018002,28.73,0.016804822137138877,930598,稀土产业,CNY,CN10Y
2025-03-10,1772.02,0.018128,28.9,0.01647407612456748,930598,稀土产业,CNY,CN10Y
2025-03-11,1806.59,0.0188529999999999,29.19,0.0154053076396027,930598,稀土产业,CNY,CN10Y
2025-03-12,1794.5,0.018334,29.11,0.016018456200618345,930598,稀土产业,CNY,CN10Y
2025-03-13,1770.65,0.018565,28.65,0.016339013961605583,930598,稀土产业,CNY,CN10Y
2025-03-14,1785.47,0.018317,28.89,0.016297053305642087,930598,稀土产业,CNY,CN10Y
2025-03-17,1784.23,0.0189569999999999,28.89,0.015657053305642186,930598,稀土产业,CNY,CN10Y
2025-03-18,1805.59,0.018885,29.26,0.015291349965823646,930598,稀土产业,CNY,CN10Y
2025-03-19,1800.2,0.018708,29.15,0.015597317324185251,930598,稀土产业,CNY,CN10Y
2025-03-20,1787.02,0.018309,28.98,0.01619755624568668,930598,稀土产业,CNY,CN10Y
2025-03-21,1743.58,0.018458,28.26,0.016927704175513095,930598,稀土产业,CNY,CN10Y
2025-03-24,1751.2,0.018413,28.5,0.016674719298245613,930598,稀土产业,CNY,CN10Y
2025-03-25,1748.09,0.018183,28.41,0.017015873636043646,930598,稀土产业,CNY,CN10Y
2025-03-26,1783.66,0.017943,28.86,0.016707034650034647,930598,稀土产业,CNY,CN10Y
2025-03-27,1757.47,0.018062,28.46,0.017075034434293743,930598,稀土产业,CNY,CN10Y
2025-03-28,1747.17,0.018126,28.2,0.01733499290780142,930598,稀土产业,CNY,CN10Y
2025-03-31,1700.31,0.018129,27.54,0.018181820624546118,930598,稀土产业,CNY,CN10Y
2025-04-01,1709.86,0.018104,27.71,0.01798405485384338,930598,稀土产业,CNY,CN10Y
2025-04-02,1714.28,0.017887,27.69,0.01822712062116287,930598,稀土产业,CNY,CN10Y
2025-04-03,1703.32,0.01718,27.26,0.019503785766691123,930598,稀土产业,CNY,CN10Y
2025-04-07,1573.68,0.016318,24.98,0.023714025620496397,930598,稀土产业,CNY,CN10Y
2025-04-08,1583.21,0.016633,24.85,0.02360844869215292,930598,稀土产业,CNY,CN10Y
2025-04-09,1613.75,0.016508,25.28,0.023048962025316453,930598,稀土产业,CNY,CN10Y
2025-04-10,1629.21,0.016444,25.7,0.022466505836575876,930598,稀土产业,CNY,CN10Y
2025-04-11,1628.67,0.016568,25.7,0.022342505836575877,930598,稀土产业,CNY,CN10Y
2025-04-14,1636.83,0.016584,25.85,0.02210071953578336,930598,稀土产业,CNY,CN10Y
2025-04-15,1620.78,0.016583,25.56,0.02254063067292645,930598,稀土产业,CNY,CN10Y
2025-04-16,1608.61,0.01643,25.36,0.023002176656151417,930598,稀土产业,CNY,CN10Y
2025-04-17,1598.3,0.016522,25.21,0.02314479888932963,930598,稀土产业,CNY,CN10Y
2025-04-18,1584.83,0.016493,25.11,0.023331771007566705,930598,稀土产业,CNY,CN10Y
2025-04-21,1610.76,0.016664,25.6,0.0223985,930598,稀土产业,CNY,CN10Y
2025-04-22,1593.69,0.016509,25.33,0.02296987879984209,930598,稀土产业,CNY,CN10Y
2025-04-23,1626.19,0.016611,25.91,0.021984137012736396,930598,稀土产业,CNY,CN10Y
2025-04-24,1604.44,0.01664,25.59,0.022437764751856198,930598,稀土产业,CNY,CN10Y
2025-04-25,1609.57,0.016606,25.7,0.022304505836575877,930598,稀土产业,CNY,CN10Y
2025-04-27,,0.016607,25.7,0.022303505836575876,930598,稀土产业,CNY,CN10Y
2025-04-28,1608.11,0.016483,25.59,0.022594764751856195,930598,稀土产业,CNY,CN10Y
2025-04-29,1610.59,0.016241,25.63,0.02277577721420211,930598,稀土产业,CNY,CN10Y
2025-04-30,1623.12,0.016243,25.86,0.022426760247486466,930598,稀土产业,CNY,CN10Y
2025-05-06,1698.44,0.016298,27.04,0.02068424852071006,930598,稀土产业,CNY,CN10Y
2025-05-07,1690.93,0.016418,26.92,0.020729102526002973,930598,稀土产业,CNY,CN10Y
2025-05-08,1702.96,0.016331,27.09,0.0205829904023625,930598,稀土产业,CNY,CN10Y
2025-05-09,1690.14,0.016351,26.85,0.020892947858472993,930598,稀土产业,CNY,CN10Y
2025-05-12,1723.12,0.01688,27.39,0.019629675063891933,930598,稀土产业,CNY,CN10Y
2025-05-13,1707.18,0.016704,27.13,0.02015556505713233,930598,稀土产业,CNY,CN10Y
2025-05-14,1726.05,0.016736,27.44,0.01970714868804664,930598,稀土产业,CNY,CN10Y
2025-05-15,1724.14,0.016798,27.33,0.019791828027808274,930598,稀土产业,CNY,CN10Y
2025-05-16,1719.07,0.016793,27.21,0.019958194413818447,930598,稀土产业,CNY,CN10Y
2025-05-19,1700.82,0.016893,26.96,0.020198988130563797,930598,稀土产业,CNY,CN10Y
2025-05-20,1711.24,0.017004,27.14,0.019841983787767137,930598,稀土产业,CNY,CN10Y
2025-05-21,1703.91,0.0171,27.1,0.019800369003690036,930598,稀土产业,CNY,CN10Y
2025-05-22,1673.64,0.017186,26.64,0.020351537537537538,930598,稀土产业,CNY,CN10Y
2025-05-23,1663.74,0.017208,26.48,0.020556350453172202,930598,稀土产业,CNY,CN10Y
2025-05-26,1675.77,0.017201,26.62,0.020364740045078884,930598,稀土产业,CNY,CN10Y
2025-05-27,1657.56,0.017261,26.31,0.020747361839604718,930598,稀土产业,CNY,CN10Y
2025-05-28,1652.17,0.016832,26.27,0.021234235249333842,930598,稀土产业,CNY,CN10Y
2025-05-29,1676.62,0.016877,26.65,0.020646452157598503,930598,稀土产业,CNY,CN10Y
2025-05-30,1651.12,0.016712,26.27,0.02135423524933384,930598,稀土产业,CNY,CN10Y
2025-06-03,1673.56,0.0167639999999999,26.6,0.020829984962406112,930598,稀土产业,CNY,CN10Y
2025-06-04,1710.94,0.016704,27.1,0.020196369003690037,930598,稀土产业,CNY,CN10Y
2025-06-05,1724.7,0.016741,27.31,0.01987562394727206,930598,稀土产业,CNY,CN10Y
2025-06-06,1719.29,0.016547,27.23,0.020177201248622843,930598,稀土产业,CNY,CN10Y
2025-06-09,1759.67,0.016559,27.81,0.019399288385472852,930598,稀土产业,CNY,CN10Y
2025-06-10,1757.63,0.016569,27.74,0.019480026676279745,930598,稀土产业,CNY,CN10Y
2025-06-11,1813.92,0.01642,28.6,0.01854503496503496,930598,稀土产业,CNY,CN10Y
2025-06-12,1813.03,0.016475,28.61,0.018477813701502973,930598,稀土产业,CNY,CN10Y
2025-06-13,1793.49,0.01644,28.31,0.01888320734722713,930598,稀土产业,CNY,CN10Y
2025-06-16,1817.13,0.016432,29.04,0.018003261707988983,930598,稀土产业,CNY,CN10Y
2025-06-17,1803.75,0.016364,28.81,0.018346170079833395,930598,稀土产业,CNY,CN10Y
2025-06-18,1771.28,0.016384,28.36,0.01887693088857546,930598,稀土产业,CNY,CN10Y
2025-06-19,1737.24,0.016425,27.75,0.019611036036036037,930598,稀土产业,CNY,CN10Y
2025-06-20,1731.81,0.016396,27.64,0.019783450072358898,930598,稀土产业,CNY,CN10Y
2025-06-23,1750.26,0.016418,27.92,0.019398618911174784,930598,稀土产业,CNY,CN10Y
2025-06-24,1781.04,0.0164799999999999,28.35,0.018793368606702037,930598,稀土产业,CNY,CN10Y
2025-06-25,1792.02,0.016544,28.55,0.018482269702276708,930598,稀土产业,CNY,CN10Y
2025-06-26,1770.94,0.016462,28.26,0.018923704175513093,930598,稀土产业,CNY,CN10Y
2025-06-27,1789.1,0.016462,28.42,0.01872448838845883,930598,稀土产业,CNY,CN10Y
2025-06-30,1826.41,0.016469,28.91,0.018121107229332408,930598,稀土产业,CNY,CN10Y
2025-07-01,1828.49,0.016433,29.01,0.01803787211306446,930598,稀土产业,CNY,CN10Y
2025-07-02,1816.8,0.016396,28.9,0.018206076124567476,930598,稀土产业,CNY,CN10Y
2025-07-03,1823.09,0.016407,29.01,0.01806387211306446,930598,稀土产业,CNY,CN10Y
2025-07-04,1792.36,0.016433,28.59,0.018544264777894368,930598,稀土产业,CNY,CN10Y
2025-07-07,1795.68,0.016406,28.58,0.018583503149055287,930598,稀土产业,CNY,CN10Y
2025-07-08,1830.18,0.016444,29.08,0.017943895460797804,930598,稀土产业,CNY,CN10Y
2025-07-09,1802.98,0.016446,28.68,0.01842150348675035,930598,稀土产业,CNY,CN10Y
2025-07-10,1863.62,0.016616,29.57,0.017202058843422387,930598,稀土产业,CNY,CN10Y
2025-07-11,1960.02,0.016653,31.08,0.015522032175032174,930598,稀土产业,CNY,CN10Y
2025-07-14,1956.08,0.016726,30.98,0.015552889606197547,930598,稀土产业,CNY,CN10Y
2025-07-15,1936.73,0.016557,30.72,0.015995083333333337,930598,稀土产业,CNY,CN10Y
2025-07-16,1931.95,0.016617,30.62,0.016041393207054215,930598,稀土产业,CNY,CN10Y
2025-07-17,1955.26,0.01663,30.97,0.01565931223764934,930598,稀土产业,CNY,CN10Y
2025-07-18,2026.31,0.016652,31.99,0.01460776867771179,930598,稀土产业,CNY,CN10Y
2025-07-21,2090.29,0.016774,32.99,0.013538215822976658,930598,稀土产业,CNY,CN10Y
2025-07-22,2094.61,0.016907,33.07,0.013331887208950711,930598,稀土产业,CNY,CN10Y
2025-07-23,2099.7,0.017041,33.19,0.013088557095510697,930598,稀土产业,CNY,CN10Y
2025-07-24,2208.86,0.017376,34.91,0.011269087367516476,930598,稀土产业,CNY,CN10Y
2025-07-25,2219.71,0.017324,34.96,0.01128011899313501,930598,稀土产业,CNY,CN10Y
2025-07-28,2253.94,0.0171459999999999,35.42,0.0110866369282892,930598,稀土产业,CNY,CN10Y
2025-07-29,2239.93,0.017466,35.38,0.010798556246466931,930598,稀土产业,CNY,CN10Y
2025-07-30,2208.37,0.01718,35.22,0.011212958546280523,930598,稀土产业,CNY,CN10Y
2025-07-31,2146.0,0.017044,34.1,0.012281513196480937,930598,稀土产业,CNY,CN10Y
2025-08-01,2105.73,0.017059,33.4,0.01288111976047904,930598,稀土产业,CNY,CN10Y
2025-08-04,2122.4,0.017083,33.62,0.0126611998810232,930598,稀土产业,CNY,CN10Y
2025-08-05,2134.26,0.017061,33.9,0.012437525073746312,930598,稀土产业,CNY,CN10Y
2025-08-06,2154.46,0.016999,34.18,0.012257875365710942,930598,稀土产业,CNY,CN10Y
2025-08-07,2223.86,0.016894,35.2,0.011515090909090909,930598,稀土产业,CNY,CN10Y
2025-08-08,2220.0,0.016891,35.05,0.011639670470756064,930598,稀土产业,CNY,CN10Y
2025-08-11,2237.02,0.017203,35.24,0.011173844494892168,930598,稀土产业,CNY,CN10Y
2025-08-12,2197.95,0.017271,34.7,0.01154744380403458,930598,稀土产业,CNY,CN10Y
2025-08-13,2235.55,0.017262,35.32,0.011050570781426954,930598,稀土产业,CNY,CN10Y
2025-08-14,2232.76,0.017341,35.29,0.010995639274582036,930598,稀土产业,CNY,CN10Y
2025-08-15,2304.93,0.0174649999999999,36.37,0.010030188342040246,930598,稀土产业,CNY,CN10Y
2025-08-18,2426.26,0.017872,38.22,0.008292311878597594,930598,稀土产业,CNY,CN10Y
2025-08-19,2460.23,0.017725,38.72,0.008101446280991735,930598,稀土产业,CNY,CN10Y
2025-08-20,2495.01,0.01782,39.34,0.007599420437214031,930598,稀土产业,CNY,CN10Y
2025-08-21,2447.94,0.017667,38.64,0.00821291718426501,930598,稀土产业,CNY,CN10Y
2025-08-22,2503.21,0.017818,39.45,0.007530542458808617,930598,稀土产业,CNY,CN10Y
2025-08-25,2664.94,0.017643,42.2,0.006053682464454976,930598,稀土产业,CNY,CN10Y
2025-08-26,2601.75,0.017598,41.35,0.006585796856106409,930598,稀土产业,CNY,CN10Y
2025-08-27,2649.57,0.017988,41.97,0.005838542768644268,930598,稀土产业,CNY,CN10Y
2025-08-28,2739.37,0.018478,43.4,0.00456347465437788,930598,稀土产业,CNY,CN10Y
2025-08-29,2770.49,0.018379,43.65,0.004530507445589922,930598,稀土产业,CNY,CN10Y
2025-09-01,2765.89,0.018257,43.26,0.004859042533518265,930598,稀土产业,CNY,CN10Y
2025-09-02,2676.82,0.018167,41.8,0.005756444976076556,930598,稀土产业,CNY,CN10Y
2025-09-03,2630.6,0.017984,41.01,0.006400296513045599,930598,稀土产业,CNY,CN10Y
2025-09-04,2500.18,0.01806,39.0,0.0075810256410256405,930598,稀土产业,CNY,CN10Y
2025-09-05,2599.61,0.01826,40.44,0.006467992087042535,930598,稀土产业,CNY,CN10Y
2025-09-08,2618.38,0.018514,40.62,0.006104414574101429,930598,稀土产业,CNY,CN10Y
2025-09-09,2578.15,0.018641,40.05,0.006327789013732835,930598,稀土产业,CNY,CN10Y
2025-09-10,2558.26,0.018992,39.79,0.006139942699170647,930598,稀土产业,CNY,CN10Y
2025-09-11,2642.39,0.018743,41.16,0.005552432458697767,930598,稀土产业,CNY,CN10Y
2025-09-12,2714.25,0.01867,42.2,0.0050266824644549755,930598,稀土产业,CNY,CN10Y
2025-09-15,2691.97,0.018724,41.92,0.005130961832061066,930598,稀土产业,CNY,CN10Y
2025-09-16,2662.33,0.018527,41.55,0.005540388688327319,930598,稀土产业,CNY,CN10Y
2025-09-17,2709.16,0.018349,42.11,0.005398328425552126,930598,稀土产业,CNY,CN10Y
2025-09-18,2648.25,0.018546,41.09,0.005790821611097587,930598,稀土产业,CNY,CN10Y
2025-09-19,2597.59,0.018789,40.35,0.005994147459727383,930598,稀土产业,CNY,CN10Y
2025-09-22,2625.47,0.018647,40.85,0.005832804161566705,930598,稀土产业,CNY,CN10Y
2025-09-23,2575.8,0.01877,40.07,0.006186326428749691,930598,稀土产业,CNY,CN10Y
2025-09-24,2599.71,0.0190219999999999,40.43,0.005712108335394608,930598,稀土产业,CNY,CN10Y
2025-09-25,2616.16,0.01884,40.71,0.005723989191844758,930598,稀土产业,CNY,CN10Y
2025-09-26,2588.4,0.018768,40.2,0.0061076218905472615,930598,稀土产业,CNY,CN10Y
2025-09-28,,0.018781,40.2,0.006094621890547262,930598,稀土产业,CNY,CN10Y
2025-09-29,2644.84,0.01887,41.35,0.005313796856106407,930598,稀土产业,CNY,CN10Y
2025-09-30,2701.71,0.018605,42.16,0.005114165085388995,930598,稀土产业,CNY,CN10Y
2025-10-09,2885.83,0.018466,44.86,0.00382557378510923,930598,稀土产业,CNY,CN10Y
2025-10-10,2802.36,0.01846,43.63,0.004460009168003664,930598,稀土产业,CNY,CN10Y
2025-10-11,,0.018206,43.63,0.004714009168003665,930598,稀土产业,CNY,CN10Y
2025-10-13,2979.69,0.018383,46.19,0.0032667077289456614,930598,稀土产业,CNY,CN10Y
2025-10-14,2917.23,0.018368,45.49,0.0036148533743679927,930598,稀土产业,CNY,CN10Y
2025-10-15,2913.88,0.018449,45.38,0.0035871392684001732,930598,稀土产业,CNY,CN10Y
2025-10-16,2826.55,0.018407,44.09,0.004273880018144702,930598,稀土产业,CNY,CN10Y
2025-10-17,2749.11,0.018246,42.8,0.0051184859813084155,930598,稀土产业,CNY,CN10Y
2025-10-20,2752.58,0.018498,42.81,0.004861028264424198,930598,稀土产业,CNY,CN10Y
2025-10-21,2788.81,0.018357,43.44,0.004663257826887663,930598,稀土产业,CNY,CN10Y
2025-10-22,2746.52,0.018293,42.82,0.005060573096683792,930598,稀土产业,CNY,CN10Y
2025-10-23,2729.96,0.018391,42.61,0.0050776693264491905,930598,稀土产业,CNY,CN10Y
2025-10-24,2793.34,0.018486,43.65,0.004423507445589923,930598,稀土产业,CNY,CN10Y
2025-10-27,2869.05,0.018423,44.75,0.003923368715083801,930598,稀土产业,CNY,CN10Y
2025-10-28,2829.14,0.018179,44.12,0.004486457842248413,930598,稀土产业,CNY,CN10Y
2025-10-29,2898.91,0.018208,45.26,0.003886564737074681,930598,稀土产业,CNY,CN10Y
2025-10-30,2923.77,0.018098,45.62,0.00382221043402017,930598,稀土产业,CNY,CN10Y
2025-10-31,2842.64,0.017954,44.26,0.004639764121102577,930598,稀土产业,CNY,CN10Y
2025-11-03,2802.25,0.017944,43.84,0.004866218978102188,930598,稀土产业,CNY,CN10Y
2025-11-04,2766.24,0.017984,43.43,0.005041558369790467,930598,稀土产业,CNY,CN10Y
2025-11-05,2761.81,0.017964,43.31,0.005125355806972983,930598,稀土产业,CNY,CN10Y
2025-11-06,2800.88,0.0181,44.13,0.004560321776569225,930598,稀土产业,CNY,CN10Y
2025-11-07,2795.13,0.018142,43.86,0.00465781760145919,930598,稀土产业,CNY,CN10Y
2025-11-10,2758.63,0.018139,43.31,0.004950355806972985,930598,稀土产业,CNY,CN10Y
2025-11-11,2727.65,0.018119,42.76,0.005267342376052388,930598,稀土产业,CNY,CN10Y
2025-11-12,2683.3,0.018071,42.37,0.005530604909133822,930598,稀土产业,CNY,CN10Y
2025-11-13,2743.37,0.018126,43.21,0.005016791020597083,930598,稀土产业,CNY,CN10Y
2025-11-14,2704.15,0.01814,42.39,0.005450469450342062,930598,稀土产业,CNY,CN10Y
2025-11-17,2719.72,0.018109,42.26,0.005554038334122102,930598,稀土产业,CNY,CN10Y
2025-11-18,2667.67,0.018121,41.35,0.006062796856106407,930598,稀土产业,CNY,CN10Y
2025-11-19,2685.05,0.018179,41.65,0.005830603841536615,930598,稀土产业,CNY,CN10Y
2025-11-20,2684.81,0.018135,41.52,0.0059497784200385345,930598,稀土产业,CNY,CN10Y
2025-11-21,2550.23,0.018166,39.6,0.0070865252525252505,930598,稀土产业,CNY,CN10Y
2025-11-24,2570.46,0.01821,40.08,0.006740099800399201,930598,稀土产业,CNY,CN10Y
2025-11-25,2599.26,0.018301,40.5,0.006390358024691355,930598,稀土产业,CNY,CN10Y
2025-11-26,2585.81,0.018462,40.29,0.006358054604120131,930598,稀土产业,CNY,CN10Y
2025-11-27,2577.99,0.0185369999999999,40.2,0.006338621890547361,930598,稀土产业,CNY,CN10Y
2025-11-28,2623.71,0.0184119999999999,40.78,0.006109824423737226,930598,稀土产业,CNY,CN10Y
2025-12-01,2683.08,0.018366,41.79,0.005563169657812873,930598,稀土产业,CNY,CN10Y
2025-12-02,2642.2,0.018442,41.28,0.0057828062015503855,930598,稀土产业,CNY,CN10Y
2025-12-03,2639.4,0.018519,41.4,0.005635589371980675,930598,稀土产业,CNY,CN10Y
2025-12-04,2619.94,0.018718,41.11,0.005606981756263684,930598,稀土产业,CNY,CN10Y
2025-12-05,2681.61,0.01848,42.18,0.005227918444760549,930598,稀土产业,CNY,CN10Y
2025-12-08,2705.8,0.018499,42.43,0.005069230025925051,930598,稀土产业,CNY,CN10Y
2025-12-09,2665.52,0.018425,41.68,0.005567322456813819,930598,稀土产业,CNY,CN10Y
2025-12-10,2665.89,0.018447,41.62,0.005579910139356079,930598,稀土产业,CNY,CN10Y
2025-12-11,2648.4,0.018404,41.35,0.005779796856106408,930598,稀土产业,CNY,CN10Y
2025-12-12,2678.83,0.018396,42.01,0.005407856224708404,930598,稀土产业,CNY,CN10Y
2025-12-15,2647.8,0.018488,41.43,0.005649098720733766,930598,稀土产业,CNY,CN10Y
2025-12-16,2571.55,0.018458,40.28,0.006368216484607746,930598,稀土产业,CNY,CN10Y
2025-12-17,2633.76,0.01834,41.21,0.005925954865323952,930598,稀土产业,CNY,CN10Y
2025-12-18,2600.06,0.0183559999999999,34.67,0.010487380444188156,930598,稀土产业,CNY,CN10Y
2025-12-19,2660.0,0.018308,35.45,0.009900744710860363,930598,稀土产业,CNY,CN10Y
2025-12-22,2711.32,0.018415,36.16,0.009239867256637169,930598,稀土产业,CNY,CN10Y
2025-12-23,2712.52,0.018352,36.05,0.009387251040221915,930598,稀土产业,CNY,CN10Y
2025-12-24,2727.28,0.0183559999999999,36.31,0.009184622418066748,930598,稀土产业,CNY,CN10Y
2025-12-25,2755.47,0.018386,36.65,0.008899129604365622,930598,稀土产业,CNY,CN10Y
2025-12-26,2784.85,0.018376,37.12,0.008563655172413795,930598,稀土产业,CNY,CN10Y
2025-12-29,2784.08,0.018584,37.11,0.008362914578280787,930598,稀土产业,CNY,CN10Y
2025-12-30,2801.04,0.018582,37.46,0.008113141484249863,930598,稀土产业,CNY,CN10Y
2025-12-31,2806.7,0.018473,37.52,0.008179452025586353,930598,稀土产业,CNY,CN10Y
2026-01-04,,0.018427,37.52,0.008225452025586354,930598,稀土产业,CNY,CN10Y
2026-01-05,2872.02,0.018584,38.47,0.007410281258123215,930598,稀土产业,CNY,CN10Y
2026-01-06,2949.68,0.018829,39.65,0.006391680958385878,930598,稀土产业,CNY,CN10Y
2026-01-07,3043.89,0.0190189999999999,40.81,0.005484798088703845,930598,稀土产业,CNY,CN10Y
2026-01-08,3012.76,0.018905,40.39,0.005853603614756127,930598,稀土产业,CNY,CN10Y
2026-01-09,3114.25,0.018782,41.8,0.005141444976076555,930598,稀土产业,CNY,CN10Y
2026-01-12,3235.8,0.018585,43.32,0.004499025854108954,930598,稀土产业,CNY,CN10Y
2026-01-13,3163.1,0.018519,42.28,0.005132844843897824,930598,稀土产业,CNY,CN10Y
2026-01-14,3126.42,0.018494,41.74,0.005463834211787252,930598,稀土产业,CNY,CN10Y
2026-01-15,3117.27,0.018544,41.61,0.0054886844508531575,930598,稀土产业,CNY,CN10Y
2026-01-16,3110.0,0.018424,41.51,0.005666580582992051,930598,稀土产业,CNY,CN10Y
2026-01-19,3135.34,0.018393,41.66,0.005610840614498323,930598,稀土产业,CNY,CN10Y
2026-01-20,3082.9,0.018326,40.94,0.006099989252564733,930598,稀土产业,CNY,CN10Y
2026-01-21,3130.12,0.018312,41.44,0.005819274131274133,930598,稀土产业,CNY,CN10Y
2026-01-22,3162.71,0.018425,41.77,0.005515627244433802,930598,稀土产业,CNY,CN10Y
2026-01-23,3243.01,0.018298,42.66,0.005143162681669013,930598,稀土产业,CNY,CN10Y
2026-01-26,3260.74,0.018242,42.88,0.005078895522388056,930598,稀土产业,CNY,CN10Y
2026-01-27,3213.68,0.018311,42.34,0.00530732782239017,930598,稀土产业,CNY,CN10Y
2026-01-28,3282.22,0.018164,43.52,0.004813941176470587,930598,稀土产业,CNY,CN10Y
2026-01-29,3310.46,0.018174,44.14,0.004481188038060715,930598,稀土产业,CNY,CN10Y
2026-01-30,3122.04,0.018112,41.54,0.005961182474723159,930598,稀土产业,CNY,CN10Y
2026-02-02,2960.75,0.0182,39.25,0.007277707006369427,930598,稀土产业,CNY,CN10Y
2026-02-03,3096.42,0.018172,40.99,0.0062241941937057794,930598,稀土产业,CNY,CN10Y
2026-02-04,3103.1,0.018193,41.12,0.006126066147859922,930598,稀土产业,CNY,CN10Y
2026-02-05,2967.58,0.018169,39.36,0.007237504065040649,930598,稀土产业,CNY,CN10Y
2026-02-06,3015.15,0.018102,39.89,0.006966939583855601,930598,稀土产业,CNY,CN10Y
2026-02-09,3115.35,0.0181139999999999,41.2,0.006157844660194273,930598,稀土产业,CNY,CN10Y
2026-02-10,3138.59,0.018094,41.61,0.00593868445085316,930598,稀土产业,CNY,CN10Y
2026-02-11,3217.21,0.017994,42.49,0.005540949399858788,930598,稀土产业,CNY,CN10Y
2026-02-12,3272.76,0.017893,43.09,0.005314240659085635,930598,稀土产业,CNY,CN10Y
2026-02-13,3181.43,0.017928,41.87,0.00595544877000239,930598,稀土产业,CNY,CN10Y
2026-02-14,,0.017899,41.87,0.005984448770002388,930598,稀土产业,CNY,CN10Y
2026-02-24,3240.16,0.018023,42.55,0.005478762632197414,930598,稀土产业,CNY,CN10Y
2026-02-25,3437.2,0.018158,45.01,0.0040592850477671645,930598,稀土产业,CNY,CN10Y
2026-02-26,3412.24,0.018288,44.86,0.004003573785109231,930598,稀土产业,CNY,CN10Y
2026-02-27,3546.86,0.017877,46.6,0.003582227467811158,930598,稀土产业,CNY,CN10Y
2026-02-28,,0.017753,46.6,0.0037062274678111573,930598,稀土产业,CNY,CN10Y
2026-03-02,3534.45,0.017761,46.7,0.003652276231263383,930598,稀土产业,CNY,CN10Y
2026-03-03,3306.95,0.017807,43.79,0.005029263987211693,930598,稀土产业,CNY,CN10Y
2026-03-04,3339.75,0.017768,44.36,0.0047748313796212825,930598,稀土产业,CNY,CN10Y
2026-03-05,3328.87,0.017779,44.34,0.004773999548940009,930598,稀土产业,CNY,CN10Y
2026-03-06,3298.58,0.01781,43.79,0.005026263987211694,930598,稀土产业,CNY,CN10Y
2026-03-09,3264.16,0.018054,43.32,0.005030025854108954,930598,稀土产业,CNY,CN10Y
2026-03-10,3301.56,0.018055,43.72,0.0048178270814272645,930598,稀土产业,CNY,CN10Y
2026-03-11,3270.47,0.018075,43.37,0.004982412958266083,930598,稀土产业,CNY,CN10Y
2026-03-12,3257.68,0.018052,43.38,0.005000097740894421,930598,稀土产业,CNY,CN10Y
2026-03-13,3190.08,0.018143,42.32,0.005486489603024575,930598,稀土产业,CNY,CN10Y
2026-03-16,3120.64,0.018312,41.37,0.005860105390379504,930598,稀土产业,CNY,CN10Y
2026-03-17,3032.91,0.018314,40.19,0.006567811395869622,930598,稀土产业,CNY,CN10Y
2026-03-18,3053.16,0.018175,40.37,0.006595869457517962,930598,稀土产业,CNY,CN10Y
2026-03-19,2906.27,0.018252,38.43,0.007769337496747332,930598,稀土产业,CNY,CN10Y
2026-03-20,2856.18,0.018299,37.71,0.008219164942985944,930598,稀土产业,CNY,CN10Y
2026-03-23,2760.04,0.018316,36.35,0.009194316368638239,930598,稀土产业,CNY,CN10Y
2026-03-24,2810.31,0.018272,36.97,0.008776958615093321,930598,稀土产业,CNY,CN10Y
2026-03-25,2888.37,0.018233,38.0,0.00808278947368421,930598,稀土产业,CNY,CN10Y
2026-03-26,2846.77,0.018194,37.3,0.008615651474530833,930598,稀土产业,CNY,CN10Y
2026-03-27,2902.15,0.018172,37.85,0.008248079260237778,930598,稀土产业,CNY,CN10Y
2026-03-30,2891.7,0.018063,37.84,0.00836406131078224,930598,稀土产业,CNY,CN10Y
2026-03-31,2845.35,0.018171,37.16,0.008739656620021533,930598,稀土产业,CNY,CN10Y
2026-04-01,2878.13,0.018244,37.69,0.008288236667551078,930598,稀土产业,CNY,CN10Y
2026-04-02,2809.42,0.018209,36.83,0.008942778441487918,930598,稀土产业,CNY,CN10Y
2026-04-03,2781.29,0.018199,36.46,0.009228317608337904,930598,稀土产业,CNY,CN10Y
2026-04-07,2841.08,0.018171,37.28,0.00865303433476395,930598,稀土产业,CNY,CN10Y
2026-04-08,2964.56,0.018136,39.0,0.007505025641025641,930598,稀土产业,CNY,CN10Y
2026-04-09,2979.24,0.018192,39.33,0.007233883549453344,930598,稀土产业,CNY,CN10Y
2026-04-10,2992.53,0.018128,39.32,0.007304349949135303,930598,稀土产业,CNY,CN10Y
2026-04-13,3031.1,0.0179329999999999,39.67,0.007274965717166723,930598,稀土产业,CNY,CN10Y
2026-04-14,3039.4,0.0178289999999999,39.65,0.007391680958385976,930598,稀土产业,CNY,CN10Y
2026-04-15,2984.36,0.017809,38.99,0.007838601949217747,930598,稀土产业,CNY,CN10Y
2026-04-16,3054.32,0.0178119999999999,39.83,0.0072947034898318865,930598,稀土产业,CNY,CN10Y
2026-04-17,3079.37,0.017623,40.06,0.0073395561657513715,930598,稀土产业,CNY,CN10Y
2026-04-20,3139.53,0.017627,40.77,0.00690083909737552,930598,稀土产业,CNY,CN10Y
2026-04-21,3130.99,0.0175099999999999,40.62,0.007108414574101527,930598,稀土产业,CNY,CN10Y
2026-04-22,3147.73,0.0173889999999999,40.89,0.0070668571777941815,930598,稀土产业,CNY,CN10Y
2026-04-23,3014.35,0.0175479999999999,39.25,0.007929707006369528,930598,稀土产业,CNY,CN10Y
2026-04-24,3014.35,0.017601,39.05,0.008007194622279133,930598,稀土产业,CNY,CN10Y
2026-04-27,3008.25,0.017697,38.9,0.00800994087403599,930598,稀土产业,CNY,CN10Y
2026-04-28,2952.23,0.017654,38.18,0.008537723415400735,930598,稀土产业,CNY,CN10Y
2026-04-29,3108.37,0.017444,39.87,0.007637514923501381,930598,稀土产业,CNY,CN10Y
2026-04-30,3141.52,0.017473,39.96,0.007552025025025024,930598,稀土产业,CNY,CN10Y
2026-05-06,3238.13,0.017654,35.44,0.010562704288939056,930598,稀土产业,CNY,CN10Y
2026-05-07,3242.11,0.0176309999999999,35.6,0.010458887640449537,930598,稀土产业,CNY,CN10Y
2026-05-08,3238.57,0.017648,35.7,0.010363204481792714,930598,稀土产业,CNY,CN10Y
2026-05-09,,0.0176699999999999,35.7,0.010341204481792814,930598,稀土产业,CNY,CN10Y
2026-05-11,3324.37,0.017622,36.56,0.009730297592997813,930598,稀土产业,CNY,CN10Y
2026-05-12,3222.96,0.017592,35.53,0.010553229383619477,930598,稀土产业,CNY,CN10Y
2026-05-13,3268.34,0.017514,36.14,0.010156171555063643,930598,稀土产业,CNY,CN10Y
2026-05-14,3161.77,0.017588,35.16,0.010853410693970424,930598,稀土产业,CNY,CN10Y
2026-05-15,3133.28,0.017658,34.87,0.011019946659019217,930598,稀土产业,CNY,CN10Y
2026-05-18,3092.66,0.017585,34.4,0.011484767441860465,930598,稀土产业,CNY,CN10Y
2026-05-19,3047.32,0.017345,34.0,0.012066764705882353,930598,稀土产业,CNY,CN10Y
2026-05-20,3072.35,0.0173819999999999,34.23,0.011832139643587598,930598,稀土产业,CNY,CN10Y
2026-05-21,3001.62,0.0174479999999999,33.5,0.012402746268656815,930598,稀土产业,CNY,CN10Y
2026-05-22,3075.89,0.017519,34.47,0.011491733971569482,930598,稀土产业,CNY,CN10Y
2026-05-25,3091.42,0.017484,34.68,0.011351063437139562,930598,稀土产业,CNY,CN10Y
2026-05-26,3098.53,0.017405,35.02,0.01115011136493432,930598,稀土产业,CNY,CN10Y
2026-05-27,3006.92,0.017216,33.9,0.012282525073746314,930598,稀土产业,CNY,CN10Y
2026-05-28,3075.59,0.017193,34.57,0.011733815157651144,930598,稀土产业,CNY,CN10Y
2026-05-29,2944.08,0.01709,33.1,0.013121480362537762,930598,稀土产业,CNY,CN10Y
2026-06-01,2914.14,0.017009,32.81,0.013469512648582746,930598,稀土产业,CNY,CN10Y
2026-06-02,2953.68,0.017036,33.38,0.012922058717795084,930598,稀土产业,CNY,CN10Y
2026-06-03,3018.75,0.017128,34.13,0.012171736302373275,930598,稀土产业,CNY,CN10Y
2026-06-04,3020.84,0.017081,33.98,0.012348075927015895,930598,稀土产业,CNY,CN10Y
2026-06-05,3025.38,0.017207,33.89,0.012300229271171435,930598,稀土产业,CNY,CN10Y
2026-06-08,2888.7,0.017275,32.25,0.013732751937984497,930598,稀土产业,CNY,CN10Y
2026-06-09,2998.23,0.017376,33.35,0.012609007496251875,930598,稀土产业,CNY,CN10Y
2026-06-10,2946.99,0.017476,32.63,0.013170644192460924,930598,稀土产业,CNY,CN10Y
2026-06-11,2970.17,0.017475,32.76,0.013050030525030527,930598,稀土产业,CNY,CN10Y
2026-06-12,3024.95,0.0174269999999999,33.41,0.0125041583358277,930598,稀土产业,CNY,CN10Y
2026-06-13,,0.0174269999999999,34.7,0.01139144380403468,930598,稀土产业,CNY,CN10Y
2026-06-14,,0.0174269999999999,34.7,0.01139144380403468,930598,稀土产业,CNY,CN10Y
2026-06-15,3117.45,0.017446,34.7,0.011372443804034581,930598,稀土产业,CNY,CN10Y
2026-06-16,3222.66,0.017324,35.89,0.010538914460852606,930598,稀土产业,CNY,CN10Y
2026-06-17,3183.35,0.01727,35.59,0.010827780275358242,930598,稀土产业,CNY,CN10Y
2026-06-18,3283.02,0.017299,36.76,0.009904482045701851,930598,稀土产业,CNY,CN10Y
2026-06-19,,0.017299,38.23,0.008858467957101757,930598,稀土产业,CNY,CN10Y
2026-06-20,,0.017299,38.23,0.008858467957101757,930598,稀土产业,CNY,CN10Y
2026-06-21,,0.017299,38.23,0.008858467957101757,930598,稀土产业,CNY,CN10Y
2026-06-22,3416.54,0.017375,38.23,0.008782467957101754,930598,稀土产业,CNY,CN10Y
2026-06-23,3211.41,0.017437,35.94,0.010387151363383418,930598,稀土产业,CNY,CN10Y
2026-06-24,3211.86,0.017454,35.9,0.01040115320334262,930598,稀土产业,CNY,CN10Y
2026-06-25,3222.63,0.017351,36.11,0.010342159789531988,930598,稀土产业,CNY,CN10Y
2026-06-26,3096.54,0.017314,34.78,0.01143815641173088,930598,稀土产业,CNY,CN10Y
2026-06-27,,0.017314,34.23,0.0119001396435875,930598,稀土产业,CNY,CN10Y
2026-06-28,,0.017314,34.23,0.0119001396435875,930598,稀土产业,CNY,CN10Y
2026-06-29,3052.01,0.01717,34.23,0.012044139643587498,930598,稀土产业,CNY,CN10Y
2026-06-30,3146.45,0.01733,35.28,0.011014671201814055,930598,稀土产业,CNY,CN10Y
2026-07-01,3139.76,0.0174479999999999,35.25,0.010920794326241233,930598,稀土产业,CNY,CN10Y
2026-07-02,3122.53,0.01741,35.03,0.011136959748786753,930598,稀土产业,CNY,CN10Y
2026-07-03,3146.9,0.017463,35.36,0.01081754298642534,930598,稀土产业,CNY,CN10Y
2026-07-04,,0.017463,34.0,0.011948764705882353,930598,稀土产业,CNY,CN10Y
2026-07-05,,0.017463,34.0,0.011948764705882353,930598,稀土产业,CNY,CN10Y
2026-07-06,3036.54,0.017379,34.0,0.012032764705882354,930598,稀土产业,CNY,CN10Y
2026-07-07,2996.58,0.0174059999999999,33.35,0.012579007496251973,930598,稀土产业,CNY,CN10Y
2026-07-08,2862.43,0.0173849999999999,31.9,0.013962962382445245,930598,稀土产业,CNY,CN10Y
2026-07-09,2814.35,0.017376,31.58,0.014289611146295126,930598,稀土产业,CNY,CN10Y
2026-07-10,2811.45,0.017398,31.56,0.014287678073510775,930598,稀土产业,CNY,CN10Y
2026-07-11,,0.017398,29.37,0.016650348655090224,930598,稀土产业,CNY,CN10Y
2026-07-12,,0.017398,29.37,0.016650348655090224,930598,稀土产业,CNY,CN10Y
2026-07-13,2623.9,0.017442,29.37,0.016606348655090225,930598,稀土产业,CNY,CN10Y
2026-07-14,2691.36,0.017402,30.08,0.01584268085106383,930598,稀土产业,CNY,CN10Y
2026-07-15,2633.84,0.0174059999999999,29.48,0.016515302578019093,930598,稀土产业,CNY,CN10Y
2026-07-16,2565.95,0.017437,28.71,0.017394069313827934,930598,稀土产业,CNY,CN10Y
2026-07-17,2435.58,0.017404,27.13,0.01945556505713233,930598,稀土产业,CNY,CN10Y
2026-07-18,,0.017404,26.69,0.020063216185837392,930598,稀土产业,CNY,CN10Y
2026-07-19,,0.017404,26.69,0.020063216185837392,930598,稀土产业,CNY,CN10Y
2026-07-20,2380.87,0.017453,26.69,0.020014216185837392,930598,稀土产业,CNY,CN10Y
2026-07-21,2488.25,0.01745,27.9,0.01839229390681004,930598,稀土产业,CNY,CN10Y
2026-07-22,2469.85,0.017297,27.72,0.01877803607503608,930598,稀土产业,CNY,CN10Y
2026-07-23,2538.15,0.017325,28.4,0.017886267605633804,930598,稀土产业,CNY,CN10Y
2026-07-24,2456.9,0.017282,27.53,0.01904201017072285,930598,稀土产业,CNY,CN10Y
2026-07-25,,0.017282,28.2,0.018178992907801422,930598,稀土产业,CNY,CN10Y
2026-07-26,,0.017282,28.2,0.018178992907801422,930598,稀土产业,CNY,CN10Y
2026-07-27,2519.45,0.017337,28.2,0.01812399290780142,930598,稀土产业,CNY,CN10Y
2026-07-28,2457.32,0.017351,27.47,0.01905234910811795,930598,稀土产业,CNY,CN10Y
2026-07-29,2488.18,0.017329,27.81,0.018629288385472852,930598,稀土产业,CNY,CN10Y
2026-07-30,2443.12,0.017196,27.32,0.019407221083455346,930598,稀土产业,CNY,CN10Y
2026-07-31,2490.85,0.017141,27.88,0.018727005738880916,930598,稀土产业,CNY,CN10Y
2026-08-01,,0.017141,28.21,0.018307422545196735,930598,稀土产业,CNY,CN10Y
2026-08-02,,0.017141,28.21,0.018307422545196735,930598,稀土产业,CNY,CN10Y
2026-08-03,2526.4,0.017169,28.21,0.018279422545196735,930598,稀土产业,CNY,CN10Y
2026-08-04,2577.86,0.017126,28.85,0.01753604506065858,930598,稀土产业,CNY,CN10Y
2026-08-05,2669.6,0.017137,29.92,0.016285459893048124,930598,稀土产业,CNY,CN10Y
2026-08-06,2687.73,0.017143,30.15,0.01602449585406302,930598,稀土产业,CNY,CN10Y
2026-08-07,2777.54,0.017114,31.12,0.015019676092544985,930598,稀土产业,CNY,CN10Y
2026-08-10,2804.74,0.017074,31.4,0.014773133757961784,930598,稀土产业,CNY,CN10Y
2026-08-11,2734.87,0.017161,30.62,0.015497393207054216,930598,稀土产业,CNY,CN10Y
2026-08-12,2749.13,0.017141,30.74,0.015389904359141188,930598,稀土产业,CNY,CN10Y
2026-08-13,2693.79,0.017032000000000002,30.05,0.016245870216306153,930598,稀土产业,CNY,CN10Y
2026-08-14,2761.31,0.016964,30.75,0.015556325203252036,930598,稀土产业,CNY,CN10Y
2026-08-17,2816.59,0.016923999999999998,31.48,0.014842200762388822,930598,稀土产业,CNY,CN10Y
2026-08-18,2809.57,0.016864,31.44,0.014942615776081424,930598,稀土产业,CNY,CN10Y
2026-08-19,2698.3,0.016831,30.19,0.016292550844650547,930598,稀土产业,CNY,CN10Y
2026-08-20,2651.29,0.016832,29.59,0.016963201081446437,930598,稀土产业,CNY,CN10Y
2026-08-21,2668.06,0.016839,29.77,0.01675186328518643,930598,稀土产业,CNY,CN10Y
2026-08-24,2650.43,0.016794,29.5,0.017104305084745763,930598,稀土产业,CNY,CN10Y
2026-08-25,2625.92,0.016815,29.29,0.017326345168999658,930598,稀土产业,CNY,CN10Y
2026-08-26,2633.01,0.016887,29.36,0.017172945504087198,930598,稀土产业,CNY,CN10Y
2026-08-27,2696.15,0.016988,30.09,0.016245632436025257,930598,稀土产业,CNY,CN10Y
2026-08-28,2681.2,0.016949000000000002,29.92,0.01647345989304812,930598,稀土产业,CNY,CN10Y
2026-08-31,2686.62,0.016883,30.02,0.016428125916055965,930598,稀土产业,CNY,CN10Y
2026-09-01,2641.26,0.016834000000000002,28.79,0.017900282737061478,930598,稀土产业,CNY,CN10Y
