Date,IndexClose,Bond_Yield_10Y,PE,ERP,IndexCode,IndexName,Currency,BondCode
2005-04-08,1019.73,,,,000819,有色金属,CNY,CN10Y
2005-04-11,1013.22,,,,000819,有色金属,CNY,CN10Y
2005-04-12,995.05,,,,000819,有色金属,CNY,CN10Y
2005-04-13,1019.81,,,,000819,有色金属,CNY,CN10Y
2005-04-14,999.57,,,,000819,有色金属,CNY,CN10Y
2005-04-15,977.16,,,,000819,有色金属,CNY,CN10Y
2005-04-18,969.01,,,,000819,有色金属,CNY,CN10Y
2005-04-19,976.29,,,,000819,有色金属,CNY,CN10Y
2005-04-20,958.75,,,,000819,有色金属,CNY,CN10Y
2005-04-21,948.44,,,,000819,有色金属,CNY,CN10Y
2005-04-22,932.35,,,,000819,有色金属,CNY,CN10Y
2005-04-25,914.37,,,,000819,有色金属,CNY,CN10Y
2005-04-26,925.36,,,,000819,有色金属,CNY,CN10Y
2005-04-27,914.7,,,,000819,有色金属,CNY,CN10Y
2005-04-28,938.37,,,,000819,有色金属,CNY,CN10Y
2005-04-29,914.57,,,,000819,有色金属,CNY,CN10Y
2005-05-09,883.24,,,,000819,有色金属,CNY,CN10Y
2005-05-10,877.83,,,,000819,有色金属,CNY,CN10Y
2005-05-11,857.48,,,,000819,有色金属,CNY,CN10Y
2005-05-12,846.31,,,,000819,有色金属,CNY,CN10Y
2005-05-13,846.44,,,,000819,有色金属,CNY,CN10Y
2005-05-16,810.55,,,,000819,有色金属,CNY,CN10Y
2005-05-17,819.57,,,,000819,有色金属,CNY,CN10Y
2005-05-18,834.11,,,,000819,有色金属,CNY,CN10Y
2005-05-19,833.14,,,,000819,有色金属,CNY,CN10Y
2005-05-20,826.1,,,,000819,有色金属,CNY,CN10Y
2005-05-23,803.89,,,,000819,有色金属,CNY,CN10Y
2005-05-24,815.62,,,,000819,有色金属,CNY,CN10Y
2005-05-25,819.67,,,,000819,有色金属,CNY,CN10Y
2005-05-26,809.9,,,,000819,有色金属,CNY,CN10Y
2005-05-27,802.16,,,,000819,有色金属,CNY,CN10Y
2005-05-30,812.51,,,,000819,有色金属,CNY,CN10Y
2005-05-31,811.26,,,,000819,有色金属,CNY,CN10Y
2005-06-01,790.04,,,,000819,有色金属,CNY,CN10Y
2005-06-02,777.45,,,,000819,有色金属,CNY,CN10Y
2005-06-03,769.24,,,,000819,有色金属,CNY,CN10Y
2005-06-06,787.32,,,,000819,有色金属,CNY,CN10Y
2005-06-07,789.1,,,,000819,有色金属,CNY,CN10Y
2005-06-08,856.92,,,,000819,有色金属,CNY,CN10Y
2005-06-09,866.92,,,,000819,有色金属,CNY,CN10Y
2005-06-10,837.65,,,,000819,有色金属,CNY,CN10Y
2005-06-13,834.25,,,,000819,有色金属,CNY,CN10Y
2005-06-14,820.16,,,,000819,有色金属,CNY,CN10Y
2005-06-15,797.94,,,,000819,有色金属,CNY,CN10Y
2005-06-16,807.48,,,,000819,有色金属,CNY,CN10Y
2005-06-17,803.19,,,,000819,有色金属,CNY,CN10Y
2005-06-20,831.97,,,,000819,有色金属,CNY,CN10Y
2005-06-21,822.41,,,,000819,有色金属,CNY,CN10Y
2005-06-22,824.18,,,,000819,有色金属,CNY,CN10Y
2005-06-23,813.79,,,,000819,有色金属,CNY,CN10Y
2005-06-24,819.23,,,,000819,有色金属,CNY,CN10Y
2005-06-27,839.62,,,,000819,有色金属,CNY,CN10Y
2005-06-28,823.34,,,,000819,有色金属,CNY,CN10Y
2005-06-29,822.18,,,,000819,有色金属,CNY,CN10Y
2005-06-30,801.49,,,,000819,有色金属,CNY,CN10Y
2005-07-01,774.63,,,,000819,有色金属,CNY,CN10Y
2005-07-04,761.51,,,,000819,有色金属,CNY,CN10Y
2005-07-05,758.34,,,,000819,有色金属,CNY,CN10Y
2005-07-06,760.37,,,,000819,有色金属,CNY,CN10Y
2005-07-07,764.49,,,,000819,有色金属,CNY,CN10Y
2005-07-08,739.91,,,,000819,有色金属,CNY,CN10Y
2005-07-11,733.68,,,,000819,有色金属,CNY,CN10Y
2005-07-12,761.11,,,,000819,有色金属,CNY,CN10Y
2005-07-13,747.04,,,,000819,有色金属,CNY,CN10Y
2005-07-14,748.89,,,,000819,有色金属,CNY,CN10Y
2005-07-15,735.32,,,,000819,有色金属,CNY,CN10Y
2005-07-18,717.26,,,,000819,有色金属,CNY,CN10Y
2005-07-19,712.16,,,,000819,有色金属,CNY,CN10Y
2005-07-20,715.6,,,,000819,有色金属,CNY,CN10Y
2005-07-21,718.01,,,,000819,有色金属,CNY,CN10Y
2005-07-22,732.97,,,,000819,有色金属,CNY,CN10Y
2005-07-25,726.36,,,,000819,有色金属,CNY,CN10Y
2005-07-26,746.81,,,,000819,有色金属,CNY,CN10Y
2005-07-27,765.23,,,,000819,有色金属,CNY,CN10Y
2005-07-28,771.41,,,,000819,有色金属,CNY,CN10Y
2005-07-29,771.12,,,,000819,有色金属,CNY,CN10Y
2005-08-01,777.25,,,,000819,有色金属,CNY,CN10Y
2005-08-02,790.92,,,,000819,有色金属,CNY,CN10Y
2005-08-03,797.79,,,,000819,有色金属,CNY,CN10Y
2005-08-04,789.82,,,,000819,有色金属,CNY,CN10Y
2005-08-05,812.39,,,,000819,有色金属,CNY,CN10Y
2005-08-08,825.28,,,,000819,有色金属,CNY,CN10Y
2005-08-09,834.66,,,,000819,有色金属,CNY,CN10Y
2005-08-10,842.21,,,,000819,有色金属,CNY,CN10Y
2005-08-11,853.56,,,,000819,有色金属,CNY,CN10Y
2005-08-12,833.25,,,,000819,有色金属,CNY,CN10Y
2005-08-15,860.41,,,,000819,有色金属,CNY,CN10Y
2005-08-16,863.0,,,,000819,有色金属,CNY,CN10Y
2005-08-17,877.74,,,,000819,有色金属,CNY,CN10Y
2005-08-18,839.99,,,,000819,有色金属,CNY,CN10Y
2005-08-19,835.68,,,,000819,有色金属,CNY,CN10Y
2005-08-22,846.83,,,,000819,有色金属,CNY,CN10Y
2005-08-23,834.36,,,,000819,有色金属,CNY,CN10Y
2005-08-24,843.07,,,,000819,有色金属,CNY,CN10Y
2005-08-25,850.34,,,,000819,有色金属,CNY,CN10Y
2005-08-26,853.94,,,,000819,有色金属,CNY,CN10Y
2005-08-29,841.97,,,,000819,有色金属,CNY,CN10Y
2005-08-30,836.9,,,,000819,有色金属,CNY,CN10Y
2005-08-31,851.67,,,,000819,有色金属,CNY,CN10Y
2005-09-01,872.14,,,,000819,有色金属,CNY,CN10Y
2005-09-02,874.97,,,,000819,有色金属,CNY,CN10Y
2005-09-05,890.2,,,,000819,有色金属,CNY,CN10Y
2005-09-06,878.2,,,,000819,有色金属,CNY,CN10Y
2005-09-07,912.33,,,,000819,有色金属,CNY,CN10Y
2005-09-08,919.37,,,,000819,有色金属,CNY,CN10Y
2005-09-09,911.5,,,,000819,有色金属,CNY,CN10Y
2005-09-12,920.9,,,,000819,有色金属,CNY,CN10Y
2005-09-13,938.3,,,,000819,有色金属,CNY,CN10Y
2005-09-14,941.74,,,,000819,有色金属,CNY,CN10Y
2005-09-15,940.61,,,,000819,有色金属,CNY,CN10Y
2005-09-16,938.44,,,,000819,有色金属,CNY,CN10Y
2005-09-19,947.25,,,,000819,有色金属,CNY,CN10Y
2005-09-20,937.35,,,,000819,有色金属,CNY,CN10Y
2005-09-21,923.49,,,,000819,有色金属,CNY,CN10Y
2005-09-22,900.83,,,,000819,有色金属,CNY,CN10Y
2005-09-23,889.5,,,,000819,有色金属,CNY,CN10Y
2005-09-26,898.07,,,,000819,有色金属,CNY,CN10Y
2005-09-27,883.85,,,,000819,有色金属,CNY,CN10Y
2005-09-28,876.56,,,,000819,有色金属,CNY,CN10Y
2005-09-29,893.17,,,,000819,有色金属,CNY,CN10Y
2005-09-30,898.2,,,,000819,有色金属,CNY,CN10Y
2005-10-10,891.52,,,,000819,有色金属,CNY,CN10Y
2005-10-11,913.69,,,,000819,有色金属,CNY,CN10Y
2005-10-12,923.39,,,,000819,有色金属,CNY,CN10Y
2005-10-13,913.1,,,,000819,有色金属,CNY,CN10Y
2005-10-14,900.25,,,,000819,有色金属,CNY,CN10Y
2005-10-17,905.8,,,,000819,有色金属,CNY,CN10Y
2005-10-18,921.74,,,,000819,有色金属,CNY,CN10Y
2005-10-19,912.03,,,,000819,有色金属,CNY,CN10Y
2005-10-20,910.81,,,,000819,有色金属,CNY,CN10Y
2005-10-21,917.59,,,,000819,有色金属,CNY,CN10Y
2005-10-24,924.98,,,,000819,有色金属,CNY,CN10Y
2005-10-25,903.94,,,,000819,有色金属,CNY,CN10Y
2005-10-26,883.15,,,,000819,有色金属,CNY,CN10Y
2005-10-27,872.78,,,,000819,有色金属,CNY,CN10Y
2005-10-28,851.78,,,,000819,有色金属,CNY,CN10Y
2005-10-31,857.85,,,,000819,有色金属,CNY,CN10Y
2005-11-01,853.22,,,,000819,有色金属,CNY,CN10Y
2005-11-02,868.24,,,,000819,有色金属,CNY,CN10Y
2005-11-03,859.83,,,,000819,有色金属,CNY,CN10Y
2005-11-04,858.83,,,,000819,有色金属,CNY,CN10Y
2005-11-07,860.49,,,,000819,有色金属,CNY,CN10Y
2005-11-08,871.94,,,,000819,有色金属,CNY,CN10Y
2005-11-09,864.73,,,,000819,有色金属,CNY,CN10Y
2005-11-10,842.7,,,,000819,有色金属,CNY,CN10Y
2005-11-11,847.34,,,,000819,有色金属,CNY,CN10Y
2005-11-14,860.12,,,,000819,有色金属,CNY,CN10Y
2005-11-15,855.12,,,,000819,有色金属,CNY,CN10Y
2005-11-16,861.6,,,,000819,有色金属,CNY,CN10Y
2005-11-17,860.11,,,,000819,有色金属,CNY,CN10Y
2005-11-18,886.24,,,,000819,有色金属,CNY,CN10Y
2005-11-21,888.63,,,,000819,有色金属,CNY,CN10Y
2005-11-22,868.67,,,,000819,有色金属,CNY,CN10Y
2005-11-23,877.46,,,,000819,有色金属,CNY,CN10Y
2005-11-24,880.18,,,,000819,有色金属,CNY,CN10Y
2005-11-25,879.54,,,,000819,有色金属,CNY,CN10Y
2005-11-28,876.06,,,,000819,有色金属,CNY,CN10Y
2005-11-29,866.84,,,,000819,有色金属,CNY,CN10Y
2005-11-30,867.88,,,,000819,有色金属,CNY,CN10Y
2005-12-01,869.46,,,,000819,有色金属,CNY,CN10Y
2005-12-02,874.71,,,,000819,有色金属,CNY,CN10Y
2005-12-05,858.51,,,,000819,有色金属,CNY,CN10Y
2005-12-06,861.48,,,,000819,有色金属,CNY,CN10Y
2005-12-07,873.41,,,,000819,有色金属,CNY,CN10Y
2005-12-08,878.7,,,,000819,有色金属,CNY,CN10Y
2005-12-09,895.12,,,,000819,有色金属,CNY,CN10Y
2005-12-12,905.83,,,,000819,有色金属,CNY,CN10Y
2005-12-13,909.58,,,,000819,有色金属,CNY,CN10Y
2005-12-14,917.93,,,,000819,有色金属,CNY,CN10Y
2005-12-15,906.34,,,,000819,有色金属,CNY,CN10Y
2005-12-16,918.18,,,,000819,有色金属,CNY,CN10Y
2005-12-19,917.34,,,,000819,有色金属,CNY,CN10Y
2005-12-20,919.95,,,,000819,有色金属,CNY,CN10Y
2005-12-21,915.46,,,,000819,有色金属,CNY,CN10Y
2005-12-22,924.05,,,,000819,有色金属,CNY,CN10Y
2005-12-23,930.31,,,,000819,有色金属,CNY,CN10Y
2005-12-26,936.93,,,,000819,有色金属,CNY,CN10Y
2005-12-27,931.65,,,,000819,有色金属,CNY,CN10Y
2005-12-28,935.06,,,,000819,有色金属,CNY,CN10Y
2005-12-29,946.64,,,,000819,有色金属,CNY,CN10Y
2005-12-30,941.2,,,,000819,有色金属,CNY,CN10Y
2006-01-04,971.94,,,,000819,有色金属,CNY,CN10Y
2006-01-05,993.03,,,,000819,有色金属,CNY,CN10Y
2006-01-06,1002.05,,,,000819,有色金属,CNY,CN10Y
2006-01-09,1026.62,,,,000819,有色金属,CNY,CN10Y
2006-01-10,1049.13,,,,000819,有色金属,CNY,CN10Y
2006-01-11,1068.79,,,,000819,有色金属,CNY,CN10Y
2006-01-12,1080.65,,,,000819,有色金属,CNY,CN10Y
2006-01-13,1090.73,,,,000819,有色金属,CNY,CN10Y
2006-01-16,1094.42,,,,000819,有色金属,CNY,CN10Y
2006-01-17,1086.92,,,,000819,有色金属,CNY,CN10Y
2006-01-18,1118.84,,,,000819,有色金属,CNY,CN10Y
2006-01-19,1140.22,,,,000819,有色金属,CNY,CN10Y
2006-01-20,1182.03,,,,000819,有色金属,CNY,CN10Y
2006-01-23,1219.25,,,,000819,有色金属,CNY,CN10Y
2006-01-24,1201.07,,,,000819,有色金属,CNY,CN10Y
2006-01-25,1209.93,,,,000819,有色金属,CNY,CN10Y
2006-02-06,1285.8,,,,000819,有色金属,CNY,CN10Y
2006-02-07,1291.17,,,,000819,有色金属,CNY,CN10Y
2006-02-08,1242.18,,,,000819,有色金属,CNY,CN10Y
2006-02-09,1239.74,,,,000819,有色金属,CNY,CN10Y
2006-02-10,1239.08,,,,000819,有色金属,CNY,CN10Y
2006-02-13,1190.35,,,,000819,有色金属,CNY,CN10Y
2006-02-14,1234.0,,,,000819,有色金属,CNY,CN10Y
2006-02-15,1233.55,,,,000819,有色金属,CNY,CN10Y
2006-02-16,1221.34,,,,000819,有色金属,CNY,CN10Y
2006-02-17,1200.23,,,,000819,有色金属,CNY,CN10Y
2006-02-20,1191.17,,,,000819,有色金属,CNY,CN10Y
2006-02-21,1217.81,,,,000819,有色金属,CNY,CN10Y
2006-02-22,1221.11,,,,000819,有色金属,CNY,CN10Y
2006-02-23,1221.66,,,,000819,有色金属,CNY,CN10Y
2006-02-24,1223.94,,,,000819,有色金属,CNY,CN10Y
2006-02-27,1216.42,,,,000819,有色金属,CNY,CN10Y
2006-02-28,1214.32,,,,000819,有色金属,CNY,CN10Y
2006-03-01,1224.42,0.0289999999999999,,,000819,有色金属,CNY,CN10Y
2006-03-02,1211.9,0.0289999999999999,,,000819,有色金属,CNY,CN10Y
2006-03-03,1222.27,0.0287,,,000819,有色金属,CNY,CN10Y
2006-03-06,1219.67,0.0293,,,000819,有色金属,CNY,CN10Y
2006-03-07,1182.44,0.0289999999999999,,,000819,有色金属,CNY,CN10Y
2006-03-08,1170.88,0.0288,,,000819,有色金属,CNY,CN10Y
2006-03-09,1161.06,0.0288,,,000819,有色金属,CNY,CN10Y
2006-03-10,1171.17,0.0289,,,000819,有色金属,CNY,CN10Y
2006-03-13,1184.23,0.0289999999999999,,,000819,有色金属,CNY,CN10Y
2006-03-14,1191.76,0.0289999999999999,,,000819,有色金属,CNY,CN10Y
2006-03-15,1222.37,0.0291,,,000819,有色金属,CNY,CN10Y
2006-03-16,1225.36,0.0291,,,000819,有色金属,CNY,CN10Y
2006-03-17,1222.85,0.0292,,,000819,有色金属,CNY,CN10Y
2006-03-20,1254.42,0.0293,,,000819,有色金属,CNY,CN10Y
2006-03-21,1271.84,0.0292,,,000819,有色金属,CNY,CN10Y
2006-03-22,1300.49,0.0293,,,000819,有色金属,CNY,CN10Y
2006-03-23,1303.97,0.02912,,,000819,有色金属,CNY,CN10Y
2006-03-24,1307.18,0.0289999999999999,,,000819,有色金属,CNY,CN10Y
2006-03-27,1317.35,0.0292,,,000819,有色金属,CNY,CN10Y
2006-03-28,1336.92,0.0292,,,000819,有色金属,CNY,CN10Y
2006-03-29,1363.92,0.0294,,,000819,有色金属,CNY,CN10Y
2006-03-30,1348.46,0.0294,,,000819,有色金属,CNY,CN10Y
2006-03-31,1431.34,0.0294,,,000819,有色金属,CNY,CN10Y
2006-04-03,1488.94,0.0292,,,000819,有色金属,CNY,CN10Y
2006-04-04,1506.2,0.0292,,,000819,有色金属,CNY,CN10Y
2006-04-05,1531.09,0.0291,,,000819,有色金属,CNY,CN10Y
2006-04-06,1582.4,0.0294,,,000819,有色金属,CNY,CN10Y
2006-04-07,1603.88,0.029291,,,000819,有色金属,CNY,CN10Y
2006-04-10,1625.39,0.0293,,,000819,有色金属,CNY,CN10Y
2006-04-11,1621.51,0.0297,,,000819,有色金属,CNY,CN10Y
2006-04-12,1594.6,0.0298,,,000819,有色金属,CNY,CN10Y
2006-04-13,1533.96,0.029405,,,000819,有色金属,CNY,CN10Y
2006-04-14,1585.28,0.0295,,,000819,有色金属,CNY,CN10Y
2006-04-17,1576.02,0.0294,,,000819,有色金属,CNY,CN10Y
2006-04-18,1651.9,0.0301,,,000819,有色金属,CNY,CN10Y
2006-04-19,1729.8,0.0301,,,000819,有色金属,CNY,CN10Y
2006-04-20,1779.76,0.03,,,000819,有色金属,CNY,CN10Y
2006-04-21,1775.43,0.03048,,,000819,有色金属,CNY,CN10Y
2006-04-24,1890.28,0.0305,,,000819,有色金属,CNY,CN10Y
2006-04-25,1973.2,0.0306,,,000819,有色金属,CNY,CN10Y
2006-04-26,1891.36,0.0305,,,000819,有色金属,CNY,CN10Y
2006-04-27,1931.34,0.0301,,,000819,有色金属,CNY,CN10Y
2006-04-28,1942.35,0.0301,,,000819,有色金属,CNY,CN10Y
2006-04-29,,0.03,,,000819,有色金属,CNY,CN10Y
2006-04-30,,0.03,,,000819,有色金属,CNY,CN10Y
2006-05-08,2065.65,0.0302,,,000819,有色金属,CNY,CN10Y
2006-05-09,2108.45,0.03,,,000819,有色金属,CNY,CN10Y
2006-05-10,2178.93,0.03,,,000819,有色金属,CNY,CN10Y
2006-05-11,2275.99,0.03,,,000819,有色金属,CNY,CN10Y
2006-05-12,2431.52,0.0302,,,000819,有色金属,CNY,CN10Y
2006-05-15,2593.32,0.0302999999999999,,,000819,有色金属,CNY,CN10Y
2006-05-16,2439.35,0.0302,,,000819,有色金属,CNY,CN10Y
2006-05-17,2385.54,0.03,,,000819,有色金属,CNY,CN10Y
2006-05-18,2304.83,0.03,,,000819,有色金属,CNY,CN10Y
2006-05-19,2319.75,0.0299,,,000819,有色金属,CNY,CN10Y
2006-05-22,2186.58,0.03,,,000819,有色金属,CNY,CN10Y
2006-05-23,2138.75,0.0302,,,000819,有色金属,CNY,CN10Y
2006-05-24,2207.44,0.03,,,000819,有色金属,CNY,CN10Y
2006-05-25,2125.5,0.03,,,000819,有色金属,CNY,CN10Y
2006-05-26,2167.84,0.03,,,000819,有色金属,CNY,CN10Y
2006-05-29,2216.04,0.0302999999999999,,,000819,有色金属,CNY,CN10Y
2006-05-30,2312.44,0.0302,,,000819,有色金属,CNY,CN10Y
2006-05-31,2230.51,0.0302,,,000819,有色金属,CNY,CN10Y
2006-06-01,2230.3,0.0302999999999999,,,000819,有色金属,CNY,CN10Y
2006-06-02,2153.07,0.0305,,,000819,有色金属,CNY,CN10Y
2006-06-05,2231.14,0.0302999999999999,,,000819,有色金属,CNY,CN10Y
2006-06-06,2173.34,0.0302,,,000819,有色金属,CNY,CN10Y
2006-06-07,2045.62,0.0305,,,000819,有色金属,CNY,CN10Y
2006-06-08,2063.71,0.0305,,,000819,有色金属,CNY,CN10Y
2006-06-09,1938.0,0.0302999999999999,,,000819,有色金属,CNY,CN10Y
2006-06-12,1959.65,0.0305,,,000819,有色金属,CNY,CN10Y
2006-06-13,2019.19,0.0308,,,000819,有色金属,CNY,CN10Y
2006-06-14,1914.65,0.0308999999999999,,,000819,有色金属,CNY,CN10Y
2006-06-15,1920.0,0.031,,,000819,有色金属,CNY,CN10Y
2006-06-16,1963.53,0.031,,,000819,有色金属,CNY,CN10Y
2006-06-19,1984.02,0.0312,,,000819,有色金属,CNY,CN10Y
2006-06-20,2005.29,0.031,,,000819,有色金属,CNY,CN10Y
2006-06-21,2058.16,0.0315,,,000819,有色金属,CNY,CN10Y
2006-06-22,2044.71,0.0312,,,000819,有色金属,CNY,CN10Y
2006-06-23,2029.59,0.0313,,,000819,有色金属,CNY,CN10Y
2006-06-26,2034.81,0.0315,,,000819,有色金属,CNY,CN10Y
2006-06-27,2072.25,0.0315,,,000819,有色金属,CNY,CN10Y
2006-06-28,2050.09,0.0315,,,000819,有色金属,CNY,CN10Y
2006-06-29,2120.21,0.0315,,,000819,有色金属,CNY,CN10Y
2006-06-30,2168.7,0.03165,,,000819,有色金属,CNY,CN10Y
2006-07-03,2270.95,0.03159,,,000819,有色金属,CNY,CN10Y
2006-07-04,2310.07,0.0315,,,000819,有色金属,CNY,CN10Y
2006-07-05,2244.76,0.0318,,,000819,有色金属,CNY,CN10Y
2006-07-06,2270.7,0.03172,,,000819,有色金属,CNY,CN10Y
2006-07-07,2306.03,0.0318,,,000819,有色金属,CNY,CN10Y
2006-07-10,2291.41,0.031729,,,000819,有色金属,CNY,CN10Y
2006-07-11,2368.13,0.0316889999999999,,,000819,有色金属,CNY,CN10Y
2006-07-12,2419.51,0.032,,,000819,有色金属,CNY,CN10Y
2006-07-13,2228.36,0.0323,,,000819,有色金属,CNY,CN10Y
2006-07-14,2241.62,0.03235,,,000819,有色金属,CNY,CN10Y
2006-07-17,2268.32,0.032,,,000819,有色金属,CNY,CN10Y
2006-07-18,2243.69,0.032,,,000819,有色金属,CNY,CN10Y
2006-07-19,2120.6,0.0319,,,000819,有色金属,CNY,CN10Y
2006-07-20,2123.3,0.032,,,000819,有色金属,CNY,CN10Y
2006-07-21,2134.58,0.032,,,000819,有色金属,CNY,CN10Y
2006-07-24,2114.69,0.0325,,,000819,有色金属,CNY,CN10Y
2006-07-25,2178.51,0.0324,,,000819,有色金属,CNY,CN10Y
2006-07-26,2171.2,0.0325,,,000819,有色金属,CNY,CN10Y
2006-07-27,2152.75,0.03275,,,000819,有色金属,CNY,CN10Y
2006-07-28,2148.24,0.0325,,,000819,有色金属,CNY,CN10Y
2006-07-31,2052.32,0.0326,,,000819,有色金属,CNY,CN10Y
2006-08-01,2034.36,0.0325,,,000819,有色金属,CNY,CN10Y
2006-08-02,1974.98,0.0325,,,000819,有色金属,CNY,CN10Y
2006-08-03,1932.63,0.0324,,,000819,有色金属,CNY,CN10Y
2006-08-04,1836.13,0.0325,,,000819,有色金属,CNY,CN10Y
2006-08-07,1841.0,0.0325,,,000819,有色金属,CNY,CN10Y
2006-08-08,1890.73,0.0325,,,000819,有色金属,CNY,CN10Y
2006-08-09,1903.31,0.0326,,,000819,有色金属,CNY,CN10Y
2006-08-10,1965.58,0.0326,,,000819,有色金属,CNY,CN10Y
2006-08-11,1944.42,0.0325499999999999,,,000819,有色金属,CNY,CN10Y
2006-08-14,1860.72,0.03245,,,000819,有色金属,CNY,CN10Y
2006-08-15,1901.6,0.03245,,,000819,有色金属,CNY,CN10Y
2006-08-16,1980.33,0.0324,,,000819,有色金属,CNY,CN10Y
2006-08-17,1985.89,0.0324,,,000819,有色金属,CNY,CN10Y
2006-08-18,1944.44,0.032,,,000819,有色金属,CNY,CN10Y
2006-08-21,1973.66,0.0326,,,000819,有色金属,CNY,CN10Y
2006-08-22,2046.89,0.03254,,,000819,有色金属,CNY,CN10Y
2006-08-23,2027.12,0.03251,,,000819,有色金属,CNY,CN10Y
2006-08-24,2058.71,0.03248,,,000819,有色金属,CNY,CN10Y
2006-08-25,2043.07,0.032389,,,000819,有色金属,CNY,CN10Y
2006-08-28,2088.93,0.03256,,,000819,有色金属,CNY,CN10Y
2006-08-29,2093.62,0.0325,,,000819,有色金属,CNY,CN10Y
2006-08-30,2088.55,0.0324,,,000819,有色金属,CNY,CN10Y
2006-08-31,2133.64,0.03238,,,000819,有色金属,CNY,CN10Y
2006-09-01,2114.29,0.0323,,,000819,有色金属,CNY,CN10Y
2006-09-04,2139.18,0.0323,,,000819,有色金属,CNY,CN10Y
2006-09-05,2136.29,0.03225,,,000819,有色金属,CNY,CN10Y
2006-09-06,2213.72,0.0321,,,000819,有色金属,CNY,CN10Y
2006-09-07,2185.47,0.03201,,,000819,有色金属,CNY,CN10Y
2006-09-08,2157.29,0.032,,,000819,有色金属,CNY,CN10Y
2006-09-11,2093.65,0.032,,,000819,有色金属,CNY,CN10Y
2006-09-12,2086.85,0.0318,,,000819,有色金属,CNY,CN10Y
2006-09-13,2057.09,0.0318,,,000819,有色金属,CNY,CN10Y
2006-09-14,2084.47,0.03172,,,000819,有色金属,CNY,CN10Y
2006-09-15,2079.59,0.0317,,,000819,有色金属,CNY,CN10Y
2006-09-18,2116.4,0.0315499999999999,,,000819,有色金属,CNY,CN10Y
2006-09-19,2127.9,0.0315,,,000819,有色金属,CNY,CN10Y
2006-09-20,2107.26,0.0313,,,000819,有色金属,CNY,CN10Y
2006-09-21,2108.78,0.0311,,,000819,有色金属,CNY,CN10Y
2006-09-22,2083.33,0.0305,,,000819,有色金属,CNY,CN10Y
2006-09-25,2055.54,0.03,,,000819,有色金属,CNY,CN10Y
2006-09-26,2031.08,0.03,,,000819,有色金属,CNY,CN10Y
2006-09-27,2045.99,0.03,,,000819,有色金属,CNY,CN10Y
2006-09-28,2078.22,0.03,,,000819,有色金属,CNY,CN10Y
2006-09-29,2090.95,0.03,,,000819,有色金属,CNY,CN10Y
2006-09-30,,0.02999,,,000819,有色金属,CNY,CN10Y
2006-10-08,,0.03,,,000819,有色金属,CNY,CN10Y
2006-10-09,2119.89,0.03,,,000819,有色金属,CNY,CN10Y
2006-10-10,2124.79,0.0299,,,000819,有色金属,CNY,CN10Y
2006-10-11,2117.23,0.0297,,,000819,有色金属,CNY,CN10Y
2006-10-12,2107.07,0.029552,,,000819,有色金属,CNY,CN10Y
2006-10-13,2132.79,0.0295409999999999,,,000819,有色金属,CNY,CN10Y
2006-10-16,2113.68,0.029567,,,000819,有色金属,CNY,CN10Y
2006-10-17,2188.43,0.029533,,,000819,有色金属,CNY,CN10Y
2006-10-18,2197.46,0.029535,,,000819,有色金属,CNY,CN10Y
2006-10-19,2194.96,0.02954,,,000819,有色金属,CNY,CN10Y
2006-10-20,2250.86,0.029523,,,000819,有色金属,CNY,CN10Y
2006-10-23,2198.54,0.0294919999999999,,,000819,有色金属,CNY,CN10Y
2006-10-24,2221.48,0.0293849999999999,,,000819,有色金属,CNY,CN10Y
2006-10-25,2199.84,0.029498,,,000819,有色金属,CNY,CN10Y
2006-10-26,2176.3,0.0293739999999999,,,000819,有色金属,CNY,CN10Y
2006-10-27,2100.16,0.029397,,,000819,有色金属,CNY,CN10Y
2006-10-30,2131.05,0.0294059999999999,,,000819,有色金属,CNY,CN10Y
2006-10-31,2169.44,0.029512,,,000819,有色金属,CNY,CN10Y
2006-11-01,2239.36,0.029545,,,000819,有色金属,CNY,CN10Y
2006-11-02,2240.78,0.029557,,,000819,有色金属,CNY,CN10Y
2006-11-03,2247.18,0.029561,,,000819,有色金属,CNY,CN10Y
2006-11-06,2312.14,0.029844,,,000819,有色金属,CNY,CN10Y
2006-11-07,2342.71,0.02989,,,000819,有色金属,CNY,CN10Y
2006-11-08,2298.48,0.029781,,,000819,有色金属,CNY,CN10Y
2006-11-09,2297.84,0.02972,,,000819,有色金属,CNY,CN10Y
2006-11-10,2260.82,0.0295949999999999,,,000819,有色金属,CNY,CN10Y
2006-11-13,2128.75,0.029494,,,000819,有色金属,CNY,CN10Y
2006-11-14,2151.9,0.029682,,,000819,有色金属,CNY,CN10Y
2006-11-15,2158.56,0.029688,,,000819,有色金属,CNY,CN10Y
2006-11-16,2128.86,0.029725,,,000819,有色金属,CNY,CN10Y
2006-11-17,2137.88,0.029632,,,000819,有色金属,CNY,CN10Y
2006-11-20,2091.39,0.029806,,,000819,有色金属,CNY,CN10Y
2006-11-21,2137.53,0.029785,,,000819,有色金属,CNY,CN10Y
2006-11-22,2163.25,0.030518,,,000819,有色金属,CNY,CN10Y
2006-11-23,2195.82,0.030609,,,000819,有色金属,CNY,CN10Y
2006-11-24,2260.06,0.030655,,,000819,有色金属,CNY,CN10Y
2006-11-27,2353.71,0.0302,,,000819,有色金属,CNY,CN10Y
2006-11-28,2323.13,0.029886,,,000819,有色金属,CNY,CN10Y
2006-11-29,2389.02,0.029811,,,000819,有色金属,CNY,CN10Y
2006-11-30,2407.42,0.029781,,,000819,有色金属,CNY,CN10Y
2006-12-01,2460.99,0.0299359999999999,,,000819,有色金属,CNY,CN10Y
2006-12-04,2525.36,0.029895,,,000819,有色金属,CNY,CN10Y
2006-12-05,2573.94,0.029912,,,000819,有色金属,CNY,CN10Y
2006-12-06,2518.16,0.029851,,,000819,有色金属,CNY,CN10Y
2006-12-07,2435.76,0.0299469999999999,,,000819,有色金属,CNY,CN10Y
2006-12-08,2373.43,0.030351,,,000819,有色金属,CNY,CN10Y
2006-12-11,2445.23,0.030527,,,000819,有色金属,CNY,CN10Y
2006-12-12,2446.48,0.030393,,,000819,有色金属,CNY,CN10Y
2006-12-13,2497.45,0.030461,,,000819,有色金属,CNY,CN10Y
2006-12-14,2487.9,0.030335,,,000819,有色金属,CNY,CN10Y
2006-12-15,2568.37,0.030402,,,000819,有色金属,CNY,CN10Y
2006-12-18,2610.83,0.030307,,,000819,有色金属,CNY,CN10Y
2006-12-19,2570.47,0.030232,,,000819,有色金属,CNY,CN10Y
2006-12-20,2608.04,0.030267,,,000819,有色金属,CNY,CN10Y
2006-12-21,2592.95,0.0301989999999999,,,000819,有色金属,CNY,CN10Y
2006-12-22,2587.34,0.030364,,,000819,有色金属,CNY,CN10Y
2006-12-25,2589.68,0.030408,,,000819,有色金属,CNY,CN10Y
2006-12-26,2543.11,0.030419,,,000819,有色金属,CNY,CN10Y
2006-12-27,2573.34,0.030408,,,000819,有色金属,CNY,CN10Y
2006-12-28,2527.06,0.03026,,,000819,有色金属,CNY,CN10Y
2006-12-29,2583.9,0.030202,,,000819,有色金属,CNY,CN10Y
2006-12-30,,0.0302039999999999,,,000819,有色金属,CNY,CN10Y
2006-12-31,,0.030269,,,000819,有色金属,CNY,CN10Y
2007-01-04,2576.9,0.030239,,,000819,有色金属,CNY,CN10Y
2007-01-05,2628.93,0.030211,,,000819,有色金属,CNY,CN10Y
2007-01-08,2731.51,0.030356,,,000819,有色金属,CNY,CN10Y
2007-01-09,2811.93,0.0302309999999999,,,000819,有色金属,CNY,CN10Y
2007-01-10,2939.28,0.030102,,,000819,有色金属,CNY,CN10Y
2007-01-11,2874.6,0.030047,,,000819,有色金属,CNY,CN10Y
2007-01-12,2790.23,0.030202,,,000819,有色金属,CNY,CN10Y
2007-01-15,2902.79,0.030167,,,000819,有色金属,CNY,CN10Y
2007-01-16,3001.73,0.030175,,,000819,有色金属,CNY,CN10Y
2007-01-17,2925.17,0.0301759999999999,,,000819,有色金属,CNY,CN10Y
2007-01-18,3025.43,0.0302729999999999,,,000819,有色金属,CNY,CN10Y
2007-01-19,3141.06,0.03032,,,000819,有色金属,CNY,CN10Y
2007-01-22,3276.03,0.030277,,,000819,有色金属,CNY,CN10Y
2007-01-23,3364.47,0.030373,,,000819,有色金属,CNY,CN10Y
2007-01-24,3343.75,0.030267,,,000819,有色金属,CNY,CN10Y
2007-01-25,3178.53,0.03032,,,000819,有色金属,CNY,CN10Y
2007-01-26,3304.95,0.0303739999999999,,,000819,有色金属,CNY,CN10Y
2007-01-29,3479.73,0.030427,,,000819,有色金属,CNY,CN10Y
2007-01-30,3422.48,0.030559,,,000819,有色金属,CNY,CN10Y
2007-01-31,3220.05,0.030671,,,000819,有色金属,CNY,CN10Y
2007-02-01,3243.81,0.030676,,,000819,有色金属,CNY,CN10Y
2007-02-02,3103.94,0.030598,,,000819,有色金属,CNY,CN10Y
2007-02-05,3067.28,0.0307649999999999,,,000819,有色金属,CNY,CN10Y
2007-02-06,3161.27,0.030705,,,000819,有色金属,CNY,CN10Y
2007-02-07,3233.03,0.030704,,,000819,有色金属,CNY,CN10Y
2007-02-08,3321.55,0.0308139999999999,,,000819,有色金属,CNY,CN10Y
2007-02-09,3345.71,0.031171,,,000819,有色金属,CNY,CN10Y
2007-02-12,3431.56,0.031355,,,000819,有色金属,CNY,CN10Y
2007-02-13,3504.3,0.031367,,,000819,有色金属,CNY,CN10Y
2007-02-14,3590.19,0.03137,,,000819,有色金属,CNY,CN10Y
2007-02-15,3732.66,0.031365,,,000819,有色金属,CNY,CN10Y
2007-02-16,3779.36,0.031361,,,000819,有色金属,CNY,CN10Y
2007-02-17,,0.0311,,,000819,有色金属,CNY,CN10Y
2007-02-25,,0.0311,,,000819,有色金属,CNY,CN10Y
2007-02-26,3988.86,0.0312,,,000819,有色金属,CNY,CN10Y
2007-02-27,3657.74,0.0314679999999999,,,000819,有色金属,CNY,CN10Y
2007-02-28,3866.15,0.031466,,,000819,有色金属,CNY,CN10Y
2007-03-01,3710.73,0.031553,,,000819,有色金属,CNY,CN10Y
2007-03-02,3732.12,0.0316829999999999,,,000819,有色金属,CNY,CN10Y
2007-03-05,3694.6,0.031726,,,000819,有色金属,CNY,CN10Y
2007-03-06,3720.77,0.03179,,,000819,有色金属,CNY,CN10Y
2007-03-07,3851.67,0.0319,,,000819,有色金属,CNY,CN10Y
2007-03-08,3976.82,0.032192,,,000819,有色金属,CNY,CN10Y
2007-03-09,4006.38,0.03223,,,000819,有色金属,CNY,CN10Y
2007-03-12,3963.84,0.032278,,,000819,有色金属,CNY,CN10Y
2007-03-13,3972.72,0.0320509999999999,,,000819,有色金属,CNY,CN10Y
2007-03-14,3891.95,0.032332,,,000819,有色金属,CNY,CN10Y
2007-03-15,3964.67,0.0328759999999999,,,000819,有色金属,CNY,CN10Y
2007-03-16,3932.19,0.0330419999999999,,,000819,有色金属,CNY,CN10Y
2007-03-19,3996.61,0.03337,,,000819,有色金属,CNY,CN10Y
2007-03-20,4067.42,0.0336,,,000819,有色金属,CNY,CN10Y
2007-03-21,4097.53,0.034,,,000819,有色金属,CNY,CN10Y
2007-03-22,4091.13,0.03395,,,000819,有色金属,CNY,CN10Y
2007-03-23,4185.42,0.034235,,,000819,有色金属,CNY,CN10Y
2007-03-26,4227.98,0.0342,,,000819,有色金属,CNY,CN10Y
2007-03-27,4299.57,0.0342,,,000819,有色金属,CNY,CN10Y
2007-03-28,4257.84,0.034245,,,000819,有色金属,CNY,CN10Y
2007-03-29,4193.01,0.034386,,,000819,有色金属,CNY,CN10Y
2007-03-30,4197.82,0.034338,,,000819,有色金属,CNY,CN10Y
2007-04-02,4241.3,0.0343,,,000819,有色金属,CNY,CN10Y
2007-04-03,4329.21,0.034277,,,000819,有色金属,CNY,CN10Y
2007-04-04,4322.93,0.0344,,,000819,有色金属,CNY,CN10Y
2007-04-05,4371.27,0.034441,,,000819,有色金属,CNY,CN10Y
2007-04-06,4509.64,0.034615,,,000819,有色金属,CNY,CN10Y
2007-04-09,4659.64,0.03488,,,000819,有色金属,CNY,CN10Y
2007-04-10,4928.94,0.034829,,,000819,有色金属,CNY,CN10Y
2007-04-11,5044.31,0.0349299999999999,,,000819,有色金属,CNY,CN10Y
2007-04-12,5196.14,0.0349359999999999,,,000819,有色金属,CNY,CN10Y
2007-04-13,5044.99,0.035202,,,000819,有色金属,CNY,CN10Y
2007-04-16,5181.51,0.035327,,,000819,有色金属,CNY,CN10Y
2007-04-17,5386.78,0.035391,,,000819,有色金属,CNY,CN10Y
2007-04-18,5502.15,0.0356,,,000819,有色金属,CNY,CN10Y
2007-04-19,5208.9,0.0356999999999999,,,000819,有色金属,CNY,CN10Y
2007-04-20,5464.2,0.0358,,,000819,有色金属,CNY,CN10Y
2007-04-23,5618.05,0.0359,,,000819,有色金属,CNY,CN10Y
2007-04-24,5587.17,0.036139,,,000819,有色金属,CNY,CN10Y
2007-04-25,5467.38,0.036349,,,000819,有色金属,CNY,CN10Y
2007-04-26,5475.43,0.035931,,,000819,有色金属,CNY,CN10Y
2007-04-27,5397.22,0.035914,,,000819,有色金属,CNY,CN10Y
2007-04-28,,0.035883,,,000819,有色金属,CNY,CN10Y
2007-04-29,,0.0358,,,000819,有色金属,CNY,CN10Y
2007-04-30,5437.75,0.035916,,,000819,有色金属,CNY,CN10Y
2007-05-08,5647.25,0.035933,,,000819,有色金属,CNY,CN10Y
2007-05-09,5550.63,0.035906,,,000819,有色金属,CNY,CN10Y
2007-05-10,5635.85,0.0363,,,000819,有色金属,CNY,CN10Y
2007-05-11,5532.73,0.0368,,,000819,有色金属,CNY,CN10Y
2007-05-14,5511.82,0.037,,,000819,有色金属,CNY,CN10Y
2007-05-15,5356.13,0.037992,,,000819,有色金属,CNY,CN10Y
2007-05-16,5506.48,0.0383,,,000819,有色金属,CNY,CN10Y
2007-05-17,5630.95,0.0383,,,000819,有色金属,CNY,CN10Y
2007-05-18,5560.79,0.0383,,,000819,有色金属,CNY,CN10Y
2007-05-21,5695.23,0.03966,,,000819,有色金属,CNY,CN10Y
2007-05-22,5803.78,0.0405,,,000819,有色金属,CNY,CN10Y
2007-05-23,5894.14,0.04064,,,000819,有色金属,CNY,CN10Y
2007-05-24,5800.36,0.0403,,,000819,有色金属,CNY,CN10Y
2007-05-25,5881.44,0.0405,,,000819,有色金属,CNY,CN10Y
2007-05-28,6178.36,0.0407,,,000819,有色金属,CNY,CN10Y
2007-05-29,6384.04,0.0408,,,000819,有色金属,CNY,CN10Y
2007-05-30,5888.73,0.0407,,,000819,有色金属,CNY,CN10Y
2007-05-31,5982.05,0.0406,,,000819,有色金属,CNY,CN10Y
2007-06-01,5912.44,0.0408,,,000819,有色金属,CNY,CN10Y
2007-06-04,5401.08,0.041393,,,000819,有色金属,CNY,CN10Y
2007-06-05,5539.6,0.041309,,,000819,有色金属,CNY,CN10Y
2007-06-06,5835.15,0.041442,,,000819,有色金属,CNY,CN10Y
2007-06-07,5991.87,0.041427,,,000819,有色金属,CNY,CN10Y
2007-06-08,6356.51,0.041624,,,000819,有色金属,CNY,CN10Y
2007-06-11,6519.63,0.0413759999999999,,,000819,有色金属,CNY,CN10Y
2007-06-12,6871.02,0.042199,,,000819,有色金属,CNY,CN10Y
2007-06-13,6915.81,0.04232,,,000819,有色金属,CNY,CN10Y
2007-06-14,7003.98,0.042669,,,000819,有色金属,CNY,CN10Y
2007-06-15,7027.75,0.043483,,,000819,有色金属,CNY,CN10Y
2007-06-18,7163.25,0.043496,,,000819,有色金属,CNY,CN10Y
2007-06-19,7100.12,0.0439689999999999,,,000819,有色金属,CNY,CN10Y
2007-06-20,6776.07,0.044408,,,000819,有色金属,CNY,CN10Y
2007-06-21,6818.9,0.0447,,,000819,有色金属,CNY,CN10Y
2007-06-22,6554.5,0.0444,,,000819,有色金属,CNY,CN10Y
2007-06-25,6247.15,0.0441999999999999,,,000819,有色金属,CNY,CN10Y
2007-06-26,6416.87,0.044,,,000819,有色金属,CNY,CN10Y
2007-06-27,6567.8,0.043985,,,000819,有色金属,CNY,CN10Y
2007-06-28,6153.72,0.044538,,,000819,有色金属,CNY,CN10Y
2007-06-29,5917.98,0.0445,,,000819,有色金属,CNY,CN10Y
2007-07-02,5959.19,0.0445,,,000819,有色金属,CNY,CN10Y
2007-07-03,6411.48,0.044726,,,000819,有色金属,CNY,CN10Y
2007-07-04,6138.15,0.044745,,,000819,有色金属,CNY,CN10Y
2007-07-05,5755.58,0.04475,,,000819,有色金属,CNY,CN10Y
2007-07-06,6048.2,0.044261,,,000819,有色金属,CNY,CN10Y
2007-07-09,6215.7,0.044172,,,000819,有色金属,CNY,CN10Y
2007-07-10,6090.57,0.044896,,,000819,有色金属,CNY,CN10Y
2007-07-11,6187.29,0.0447729999999999,,,000819,有色金属,CNY,CN10Y
2007-07-12,6136.35,0.044777,,,000819,有色金属,CNY,CN10Y
2007-07-13,6152.2,0.044634,,,000819,有色金属,CNY,CN10Y
2007-07-16,5944.77,0.0445399999999999,,,000819,有色金属,CNY,CN10Y
2007-07-17,6033.88,0.044542,,,000819,有色金属,CNY,CN10Y
2007-07-18,5931.34,0.0445469999999999,,,000819,有色金属,CNY,CN10Y
2007-07-19,6028.13,0.04455,,,000819,有色金属,CNY,CN10Y
2007-07-20,6172.39,0.044551,,,000819,有色金属,CNY,CN10Y
2007-07-23,6504.7,0.04477,,,000819,有色金属,CNY,CN10Y
2007-07-24,6496.86,0.0446509999999999,,,000819,有色金属,CNY,CN10Y
2007-07-25,6753.97,0.0433,,,000819,有色金属,CNY,CN10Y
2007-07-26,6868.19,0.043086,,,000819,有色金属,CNY,CN10Y
2007-07-27,6891.65,0.043399,,,000819,有色金属,CNY,CN10Y
2007-07-30,7105.1,0.042848,,,000819,有色金属,CNY,CN10Y
2007-07-31,7490.78,0.0434009999999999,,,000819,有色金属,CNY,CN10Y
2007-08-01,7104.72,0.042857,,,000819,有色金属,CNY,CN10Y
2007-08-02,7421.68,0.042594,,,000819,有色金属,CNY,CN10Y
2007-08-03,7712.07,0.042855,,,000819,有色金属,CNY,CN10Y
2007-08-06,8184.27,0.043861,,,000819,有色金属,CNY,CN10Y
2007-08-07,8297.64,0.043775,,,000819,有色金属,CNY,CN10Y
2007-08-08,8094.22,0.043166,,,000819,有色金属,CNY,CN10Y
2007-08-09,8248.78,0.043178,,,000819,有色金属,CNY,CN10Y
2007-08-10,8281.26,0.043378,,,000819,有色金属,CNY,CN10Y
2007-08-13,7937.76,0.04357,,,000819,有色金属,CNY,CN10Y
2007-08-14,8080.75,0.0435679999999999,,,000819,有色金属,CNY,CN10Y
2007-08-15,7985.46,0.0435409999999999,,,000819,有色金属,CNY,CN10Y
2007-08-16,8093.52,0.043529,,,000819,有色金属,CNY,CN10Y
2007-08-17,7980.91,0.043038,,,000819,有色金属,CNY,CN10Y
2007-08-20,8319.7,0.042636,,,000819,有色金属,CNY,CN10Y
2007-08-21,8741.78,0.042445,,,000819,有色金属,CNY,CN10Y
2007-08-22,9087.42,0.04227,,,000819,有色金属,CNY,CN10Y
2007-08-23,9130.9,0.042064,,,000819,有色金属,CNY,CN10Y
2007-08-24,9389.05,0.042164,,,000819,有色金属,CNY,CN10Y
2007-08-27,9815.83,0.04136,,,000819,有色金属,CNY,CN10Y
2007-08-28,10330.54,0.042049,,,000819,有色金属,CNY,CN10Y
2007-08-29,9994.46,0.042766,,,000819,有色金属,CNY,CN10Y
2007-08-30,9798.14,0.042739,,,000819,有色金属,CNY,CN10Y
2007-08-31,9915.3,0.042743,,,000819,有色金属,CNY,CN10Y
2007-09-03,9991.4,0.04235,,,000819,有色金属,CNY,CN10Y
2007-09-04,9888.12,0.042328,,,000819,有色金属,CNY,CN10Y
2007-09-05,10149.5,0.04244,,,000819,有色金属,CNY,CN10Y
2007-09-06,10109.92,0.0426769999999999,,,000819,有色金属,CNY,CN10Y
2007-09-07,9852.94,0.042872,,,000819,有色金属,CNY,CN10Y
2007-09-10,9862.83,0.042946,,,000819,有色金属,CNY,CN10Y
2007-09-11,9599.07,0.043615,,,000819,有色金属,CNY,CN10Y
2007-09-12,10059.72,0.043788,,,000819,有色金属,CNY,CN10Y
2007-09-13,10235.73,0.043892,,,000819,有色金属,CNY,CN10Y
2007-09-14,10223.15,0.044893,,,000819,有色金属,CNY,CN10Y
2007-09-17,10331.86,0.0454209999999999,,,000819,有色金属,CNY,CN10Y
2007-09-18,10631.13,0.045436,,,000819,有色金属,CNY,CN10Y
2007-09-19,10455.07,0.0454739999999999,,,000819,有色金属,CNY,CN10Y
2007-09-20,10661.36,0.045477,,,000819,有色金属,CNY,CN10Y
2007-09-21,11028.36,0.04495,,,000819,有色金属,CNY,CN10Y
2007-09-24,11478.5,0.04493,,,000819,有色金属,CNY,CN10Y
2007-09-25,11147.95,0.044859,,,000819,有色金属,CNY,CN10Y
2007-09-26,10788.34,0.04445,,,000819,有色金属,CNY,CN10Y
2007-09-27,11194.71,0.0441999999999999,,,000819,有色金属,CNY,CN10Y
2007-09-28,11499.4,0.0438999999999999,,,000819,有色金属,CNY,CN10Y
2007-09-29,,0.04396,,,000819,有色金属,CNY,CN10Y
2007-09-30,,0.043877,,,000819,有色金属,CNY,CN10Y
2007-10-08,11352.84,0.0436639999999999,,,000819,有色金属,CNY,CN10Y
2007-10-09,11520.93,0.0437,,,000819,有色金属,CNY,CN10Y
2007-10-10,11612.1,0.043737,,,000819,有色金属,CNY,CN10Y
2007-10-11,11879.38,0.043732,,,000819,有色金属,CNY,CN10Y
2007-10-12,12247.01,0.043723,,,000819,有色金属,CNY,CN10Y
2007-10-15,12402.23,0.043746,,,000819,有色金属,CNY,CN10Y
2007-10-16,12240.56,0.043743,,,000819,有色金属,CNY,CN10Y
2007-10-17,12187.88,0.0445,,,000819,有色金属,CNY,CN10Y
2007-10-18,11603.08,0.0446,,,000819,有色金属,CNY,CN10Y
2007-10-19,11722.79,0.0447,,,000819,有色金属,CNY,CN10Y
2007-10-22,11235.37,0.0448,,,000819,有色金属,CNY,CN10Y
2007-10-23,11280.32,0.04485,,,000819,有色金属,CNY,CN10Y
2007-10-24,11312.05,0.04485,,,000819,有色金属,CNY,CN10Y
2007-10-25,10666.43,0.04485,,,000819,有色金属,CNY,CN10Y
2007-10-26,10652.58,0.04485,,,000819,有色金属,CNY,CN10Y
2007-10-29,10986.67,0.0448,,,000819,有色金属,CNY,CN10Y
2007-10-30,11268.64,0.04484,,,000819,有色金属,CNY,CN10Y
2007-10-31,11273.35,0.044937,,,000819,有色金属,CNY,CN10Y
2007-11-01,10881.41,0.045,,,000819,有色金属,CNY,CN10Y
2007-11-02,10373.98,0.045,,,000819,有色金属,CNY,CN10Y
2007-11-05,10118.16,0.045263,,,000819,有色金属,CNY,CN10Y
2007-11-06,9912.02,0.045248,,,000819,有色金属,CNY,CN10Y
2007-11-07,10131.27,0.045441,,,000819,有色金属,CNY,CN10Y
2007-11-08,9505.05,0.045441,,,000819,有色金属,CNY,CN10Y
2007-11-09,9099.33,0.045743,,,000819,有色金属,CNY,CN10Y
2007-11-12,8629.3,0.0458629999999999,,,000819,有色金属,CNY,CN10Y
2007-11-13,8525.0,0.045861,,,000819,有色金属,CNY,CN10Y
2007-11-14,9151.97,0.045922,,,000819,有色金属,CNY,CN10Y
2007-11-15,9188.42,0.045973,,,000819,有色金属,CNY,CN10Y
2007-11-16,9013.34,0.045974,,,000819,有色金属,CNY,CN10Y
2007-11-19,8923.26,0.045822,,,000819,有色金属,CNY,CN10Y
2007-11-20,9001.06,0.045569,,,000819,有色金属,CNY,CN10Y
2007-11-21,8882.53,0.04545,,,000819,有色金属,CNY,CN10Y
2007-11-22,8252.8,0.0455,,,000819,有色金属,CNY,CN10Y
2007-11-23,8298.85,0.0454,,,000819,有色金属,CNY,CN10Y
2007-11-26,8172.88,0.04535,,,000819,有色金属,CNY,CN10Y
2007-11-27,8191.65,0.045247,,,000819,有色金属,CNY,CN10Y
2007-11-28,8071.53,0.045089,,,000819,有色金属,CNY,CN10Y
2007-11-29,8324.78,0.045084,,,000819,有色金属,CNY,CN10Y
2007-11-30,8047.23,0.045086,,,000819,有色金属,CNY,CN10Y
2007-12-03,7999.99,0.045085,,,000819,有色金属,CNY,CN10Y
2007-12-04,8127.26,0.045085,,,000819,有色金属,CNY,CN10Y
2007-12-05,8514.59,0.045096,,,000819,有色金属,CNY,CN10Y
2007-12-06,8393.76,0.045038,,,000819,有色金属,CNY,CN10Y
2007-12-07,8567.81,0.045043,,,000819,有色金属,CNY,CN10Y
2007-12-10,8948.37,0.044996,,,000819,有色金属,CNY,CN10Y
2007-12-11,8880.07,0.0451159999999999,,,000819,有色金属,CNY,CN10Y
2007-12-12,8722.76,0.045118,,,000819,有色金属,CNY,CN10Y
2007-12-13,8308.52,0.045067,,,000819,有色金属,CNY,CN10Y
2007-12-14,8462.3,0.044251,,,000819,有色金属,CNY,CN10Y
2007-12-17,8204.57,0.044282,,,000819,有色金属,CNY,CN10Y
2007-12-18,8159.26,0.044279,,,000819,有色金属,CNY,CN10Y
2007-12-19,8373.41,0.04428,,,000819,有色金属,CNY,CN10Y
2007-12-20,8496.66,0.044282,,,000819,有色金属,CNY,CN10Y
2007-12-21,8795.33,0.044526,,,000819,有色金属,CNY,CN10Y
2007-12-24,8907.45,0.044517,,,000819,有色金属,CNY,CN10Y
2007-12-25,8951.81,0.044528,,,000819,有色金属,CNY,CN10Y
2007-12-26,9167.07,0.044541,,,000819,有色金属,CNY,CN10Y
2007-12-27,9364.78,0.044005,,,000819,有色金属,CNY,CN10Y
2007-12-28,9317.29,0.044357,,,000819,有色金属,CNY,CN10Y
2007-12-29,,0.044253,,,000819,有色金属,CNY,CN10Y
2008-01-02,9264.36,0.044363,,,000819,有色金属,CNY,CN10Y
2008-01-03,9471.33,0.044263,,,000819,有色金属,CNY,CN10Y
2008-01-04,9908.48,0.044013,,,000819,有色金属,CNY,CN10Y
2008-01-07,9952.07,0.043948,,,000819,有色金属,CNY,CN10Y
2008-01-08,9884.78,0.044024,,,000819,有色金属,CNY,CN10Y
2008-01-09,10223.33,0.044022,,,000819,有色金属,CNY,CN10Y
2008-01-10,10386.53,0.0440669999999999,,,000819,有色金属,CNY,CN10Y
2008-01-11,10245.58,0.043893,,,000819,有色金属,CNY,CN10Y
2008-01-14,10283.2,0.04402,,,000819,有色金属,CNY,CN10Y
2008-01-15,10461.78,0.044022,,,000819,有色金属,CNY,CN10Y
2008-01-16,10032.95,0.044028,,,000819,有色金属,CNY,CN10Y
2008-01-17,9650.73,0.043978,,,000819,有色金属,CNY,CN10Y
2008-01-18,9773.18,0.0440299999999999,,,000819,有色金属,CNY,CN10Y
2008-01-21,9230.78,0.0437769999999999,,,000819,有色金属,CNY,CN10Y
2008-01-22,8511.25,0.0436789999999999,,,000819,有色金属,CNY,CN10Y
2008-01-23,8744.44,0.042883,,,000819,有色金属,CNY,CN10Y
2008-01-24,8697.3,0.042433,,,000819,有色金属,CNY,CN10Y
2008-01-25,8874.8,0.04244,,,000819,有色金属,CNY,CN10Y
2008-01-28,8252.79,0.042226,,,000819,有色金属,CNY,CN10Y
2008-01-29,8274.52,0.042539,,,000819,有色金属,CNY,CN10Y
2008-01-30,8339.77,0.042502,,,000819,有色金属,CNY,CN10Y
2008-01-31,8123.9,0.0419369999999999,,,000819,有色金属,CNY,CN10Y
2008-02-01,7809.54,0.041308,,,000819,有色金属,CNY,CN10Y
2008-02-02,,0.041307,,,000819,有色金属,CNY,CN10Y
2008-02-03,,0.041309,,,000819,有色金属,CNY,CN10Y
2008-02-04,8429.55,0.041311,,,000819,有色金属,CNY,CN10Y
2008-02-05,8519.16,0.041458,,,000819,有色金属,CNY,CN10Y
2008-02-13,8375.94,0.041559,,,000819,有色金属,CNY,CN10Y
2008-02-14,8455.7,0.041561,,,000819,有色金属,CNY,CN10Y
2008-02-15,8313.65,0.041791,,,000819,有色金属,CNY,CN10Y
2008-02-18,8393.87,0.041924,,,000819,有色金属,CNY,CN10Y
2008-02-19,8781.99,0.042176,,,000819,有色金属,CNY,CN10Y
2008-02-20,8815.56,0.041744,,,000819,有色金属,CNY,CN10Y
2008-02-21,8820.07,0.041818,,,000819,有色金属,CNY,CN10Y
2008-02-22,8760.44,0.0416,,,000819,有色金属,CNY,CN10Y
2008-02-25,8478.92,0.041439,,,000819,有色金属,CNY,CN10Y
2008-02-26,8285.1,0.041413,,,000819,有色金属,CNY,CN10Y
2008-02-27,8411.49,0.041436,,,000819,有色金属,CNY,CN10Y
2008-02-28,8494.31,0.041283,,,000819,有色金属,CNY,CN10Y
2008-02-29,8633.77,0.041283,,,000819,有色金属,CNY,CN10Y
2008-03-03,8882.81,0.0412849999999999,,,000819,有色金属,CNY,CN10Y
2008-03-04,8842.74,0.041521,,,000819,有色金属,CNY,CN10Y
2008-03-05,8712.58,0.041635,,,000819,有色金属,CNY,CN10Y
2008-03-06,8893.24,0.041768,,,000819,有色金属,CNY,CN10Y
2008-03-07,8904.7,0.04176,,,000819,有色金属,CNY,CN10Y
2008-03-10,8486.26,0.041768,,,000819,有色金属,CNY,CN10Y
2008-03-11,8366.4,0.041953,,,000819,有色金属,CNY,CN10Y
2008-03-12,8144.74,0.041954,,,000819,有色金属,CNY,CN10Y
2008-03-13,7826.62,0.0417,,,000819,有色金属,CNY,CN10Y
2008-03-14,7881.72,0.0415,,,000819,有色金属,CNY,CN10Y
2008-03-17,7405.89,0.0412479999999999,,,000819,有色金属,CNY,CN10Y
2008-03-18,6880.87,0.041151,,,000819,有色金属,CNY,CN10Y
2008-03-19,7002.01,0.04075,,,000819,有色金属,CNY,CN10Y
2008-03-20,6952.52,0.0408,,,000819,有色金属,CNY,CN10Y
2008-03-21,7130.47,0.0408,,,000819,有色金属,CNY,CN10Y
2008-03-24,6785.19,0.04077,,,000819,有色金属,CNY,CN10Y
2008-03-25,6760.7,0.040511,,,000819,有色金属,CNY,CN10Y
2008-03-26,6829.7,0.040404,,,000819,有色金属,CNY,CN10Y
2008-03-27,6439.26,0.040008,,,000819,有色金属,CNY,CN10Y
2008-03-28,6645.25,0.040116,,,000819,有色金属,CNY,CN10Y
2008-03-31,6320.19,0.04046,,,000819,有色金属,CNY,CN10Y
2008-04-01,5843.7,0.040563,,,000819,有色金属,CNY,CN10Y
2008-04-02,5574.09,0.040517,,,000819,有色金属,CNY,CN10Y
2008-04-03,5856.69,0.040444,,,000819,有色金属,CNY,CN10Y
2008-04-07,6302.9,0.04045,,,000819,有色金属,CNY,CN10Y
2008-04-08,6393.64,0.0404509999999999,,,000819,有色金属,CNY,CN10Y
2008-04-09,6051.77,0.0404509999999999,,,000819,有色金属,CNY,CN10Y
2008-04-10,6241.74,0.0404049999999999,,,000819,有色金属,CNY,CN10Y
2008-04-11,6265.98,0.040457,,,000819,有色金属,CNY,CN10Y
2008-04-14,5793.55,0.040436,,,000819,有色金属,CNY,CN10Y
2008-04-15,5992.67,0.040244,,,000819,有色金属,CNY,CN10Y
2008-04-16,5773.64,0.040184,,,000819,有色金属,CNY,CN10Y
2008-04-17,5612.36,0.040185,,,000819,有色金属,CNY,CN10Y
2008-04-18,5362.12,0.0400849999999999,,,000819,有色金属,CNY,CN10Y
2008-04-21,5209.23,0.040087,,,000819,有色金属,CNY,CN10Y
2008-04-22,4967.66,0.04009,,,000819,有色金属,CNY,CN10Y
2008-04-23,5222.94,0.040244,,,000819,有色金属,CNY,CN10Y
2008-04-24,5652.53,0.040601,,,000819,有色金属,CNY,CN10Y
2008-04-25,5794.41,0.040654,,,000819,有色金属,CNY,CN10Y
2008-04-28,5582.21,0.040707,,,000819,有色金属,CNY,CN10Y
2008-04-29,5658.33,0.040736,,,000819,有色金属,CNY,CN10Y
2008-04-30,5860.69,0.040725,,,000819,有色金属,CNY,CN10Y
2008-05-04,,0.040704,,,000819,有色金属,CNY,CN10Y
2008-05-05,6201.04,0.040631,,,000819,有色金属,CNY,CN10Y
2008-05-06,6069.38,0.040632,,,000819,有色金属,CNY,CN10Y
2008-05-07,5813.76,0.04135,,,000819,有色金属,CNY,CN10Y
2008-05-08,6012.07,0.041253,,,000819,有色金属,CNY,CN10Y
2008-05-09,5986.45,0.04121,,,000819,有色金属,CNY,CN10Y
2008-05-12,6013.32,0.041517,,,000819,有色金属,CNY,CN10Y
2008-05-13,5815.44,0.041486,,,000819,有色金属,CNY,CN10Y
2008-05-14,6215.18,0.041653,,,000819,有色金属,CNY,CN10Y
2008-05-15,6095.48,0.041691,,,000819,有色金属,CNY,CN10Y
2008-05-16,6082.52,0.041493,,,000819,有色金属,CNY,CN10Y
2008-05-19,6093.91,0.041669,,,000819,有色金属,CNY,CN10Y
2008-05-20,5669.7,0.041676,,,000819,有色金属,CNY,CN10Y
2008-05-21,5784.05,0.041677,,,000819,有色金属,CNY,CN10Y
2008-05-22,5616.26,0.041631,,,000819,有色金属,CNY,CN10Y
2008-05-23,5460.61,0.0416319999999999,,,000819,有色金属,CNY,CN10Y
2008-05-26,5268.98,0.041636,,,000819,有色金属,CNY,CN10Y
2008-05-27,5356.86,0.041618,,,000819,有色金属,CNY,CN10Y
2008-05-28,5526.91,0.041676,,,000819,有色金属,CNY,CN10Y
2008-05-29,5320.96,0.041636,,,000819,有色金属,CNY,CN10Y
2008-05-30,5280.98,0.041589,,,000819,有色金属,CNY,CN10Y
2008-06-02,5362.24,0.041626,,,000819,有色金属,CNY,CN10Y
2008-06-03,5259.0,0.041588,,,000819,有色金属,CNY,CN10Y
2008-06-04,5097.89,0.041589,,,000819,有色金属,CNY,CN10Y
2008-06-05,5032.87,0.0415909999999999,,,000819,有色金属,CNY,CN10Y
2008-06-06,5045.08,0.0416169999999999,,,000819,有色金属,CNY,CN10Y
2008-06-10,4535.25,0.042069,,,000819,有色金属,CNY,CN10Y
2008-06-11,4287.23,0.043193,,,000819,有色金属,CNY,CN10Y
2008-06-12,4310.92,0.043009,,,000819,有色金属,CNY,CN10Y
2008-06-13,4032.59,0.043128,,,000819,有色金属,CNY,CN10Y
2008-06-16,3902.32,0.0431789999999999,,,000819,有色金属,CNY,CN10Y
2008-06-17,3629.65,0.043354,,,000819,有色金属,CNY,CN10Y
2008-06-18,3918.8,0.043356,,,000819,有色金属,CNY,CN10Y
2008-06-19,3535.96,0.043358,,,000819,有色金属,CNY,CN10Y
2008-06-20,3611.12,0.0442129999999999,,,000819,有色金属,CNY,CN10Y
2008-06-23,3609.88,0.044716,,,000819,有色金属,CNY,CN10Y
2008-06-24,3697.5,0.044626,,,000819,有色金属,CNY,CN10Y
2008-06-25,3899.72,0.044582,,,000819,有色金属,CNY,CN10Y
2008-06-26,4093.65,0.045182,,,000819,有色金属,CNY,CN10Y
2008-06-27,3829.13,0.0455799999999999,,,000819,有色金属,CNY,CN10Y
2008-06-30,3796.21,0.045285,,,000819,有色金属,CNY,CN10Y
2008-07-01,3737.23,0.045309,,,000819,有色金属,CNY,CN10Y
2008-07-02,3798.81,0.04536,,,000819,有色金属,CNY,CN10Y
2008-07-03,4019.7,0.045311,,,000819,有色金属,CNY,CN10Y
2008-07-04,3882.75,0.045313,,,000819,有色金属,CNY,CN10Y
2008-07-07,4069.13,0.045529,,,000819,有色金属,CNY,CN10Y
2008-07-08,4180.32,0.045331,,,000819,有色金属,CNY,CN10Y
2008-07-09,4354.17,0.0450589999999999,,,000819,有色金属,CNY,CN10Y
2008-07-10,4251.69,0.044725,,,000819,有色金属,CNY,CN10Y
2008-07-11,4311.28,0.044562,,,000819,有色金属,CNY,CN10Y
2008-07-14,4347.79,0.044328,,,000819,有色金属,CNY,CN10Y
2008-07-15,4187.66,0.044332,,,000819,有色金属,CNY,CN10Y
2008-07-16,3891.61,0.0443379999999999,,,000819,有色金属,CNY,CN10Y
2008-07-17,3822.31,0.04434,,,000819,有色金属,CNY,CN10Y
2008-07-18,4000.53,0.044236,,,000819,有色金属,CNY,CN10Y
2008-07-21,4131.01,0.0441899999999999,,,000819,有色金属,CNY,CN10Y
2008-07-22,4130.21,0.044135,,,000819,有色金属,CNY,CN10Y
2008-07-23,4041.74,0.0441359999999999,,,000819,有色金属,CNY,CN10Y
2008-07-24,4127.29,0.044137,,,000819,有色金属,CNY,CN10Y
2008-07-25,4060.11,0.044342,,,000819,有色金属,CNY,CN10Y
2008-07-28,4106.23,0.044374,,,000819,有色金属,CNY,CN10Y
2008-07-29,4008.53,0.0444,,,000819,有色金属,CNY,CN10Y
2008-07-30,3963.68,0.044351,,,000819,有色金属,CNY,CN10Y
2008-07-31,3882.42,0.044401,,,000819,有色金属,CNY,CN10Y
2008-08-01,3872.43,0.0446009999999999,,,000819,有色金属,CNY,CN10Y
2008-08-04,3730.39,0.044612,,,000819,有色金属,CNY,CN10Y
2008-08-05,3524.64,0.044565,,,000819,有色金属,CNY,CN10Y
2008-08-06,3564.34,0.044411,,,000819,有色金属,CNY,CN10Y
2008-08-07,3552.29,0.0452379999999999,,,000819,有色金属,CNY,CN10Y
2008-08-08,3299.15,0.044988,,,000819,有色金属,CNY,CN10Y
2008-08-11,2981.66,0.045596,,,000819,有色金属,CNY,CN10Y
2008-08-12,2908.52,0.045139,,,000819,有色金属,CNY,CN10Y
2008-08-13,2996.37,0.045038,,,000819,有色金属,CNY,CN10Y
2008-08-14,2954.42,0.044736,,,000819,有色金属,CNY,CN10Y
2008-08-15,2955.21,0.044133,,,000819,有色金属,CNY,CN10Y
2008-08-18,2703.17,0.044141,,,000819,有色金属,CNY,CN10Y
2008-08-19,2756.88,0.044042,,,000819,有色金属,CNY,CN10Y
2008-08-20,3011.89,0.043944,,,000819,有色金属,CNY,CN10Y
2008-08-21,2929.17,0.043689,,,000819,有色金属,CNY,CN10Y
2008-08-22,2886.87,0.043554,,,000819,有色金属,CNY,CN10Y
2008-08-25,2837.14,0.043431,,,000819,有色金属,CNY,CN10Y
2008-08-26,2715.41,0.043292,,,000819,有色金属,CNY,CN10Y
2008-08-27,2735.01,0.0430959999999999,,,000819,有色金属,CNY,CN10Y
2008-08-28,2720.57,0.042753,,,000819,有色金属,CNY,CN10Y
2008-08-29,2800.43,0.042234,,,000819,有色金属,CNY,CN10Y
2008-09-01,2685.81,0.041363,,,000819,有色金属,CNY,CN10Y
2008-09-02,2667.99,0.041714,,,000819,有色金属,CNY,CN10Y
2008-09-03,2603.29,0.0414109999999999,,,000819,有色金属,CNY,CN10Y
2008-09-04,2662.88,0.041643,,,000819,有色金属,CNY,CN10Y
2008-09-05,2529.68,0.041703,,,000819,有色金属,CNY,CN10Y
2008-09-08,2377.74,0.041705,,,000819,有色金属,CNY,CN10Y
2008-09-09,2381.16,0.041429,,,000819,有色金属,CNY,CN10Y
2008-09-10,2375.17,0.0410149999999999,,,000819,有色金属,CNY,CN10Y
2008-09-11,2299.92,0.040631,,,000819,有色金属,CNY,CN10Y
2008-09-12,2331.83,0.039712,,,000819,有色金属,CNY,CN10Y
2008-09-16,2288.67,0.038,,,000819,有色金属,CNY,CN10Y
2008-09-17,2289.55,0.037119,,,000819,有色金属,CNY,CN10Y
2008-09-18,2290.01,0.03712,,,000819,有色金属,CNY,CN10Y
2008-09-19,2507.37,0.0369,,,000819,有色金属,CNY,CN10Y
2008-09-22,2687.47,0.0375939999999999,,,000819,有色金属,CNY,CN10Y
2008-09-23,2549.44,0.037612,,,000819,有色金属,CNY,CN10Y
2008-09-24,2552.28,0.037601,,,000819,有色金属,CNY,CN10Y
2008-09-25,2622.32,0.037276,,,000819,有色金属,CNY,CN10Y
2008-09-26,2602.78,0.037282,,,000819,有色金属,CNY,CN10Y
2008-09-27,,0.037143,,,000819,有色金属,CNY,CN10Y
2008-09-28,,0.037155,,,000819,有色金属,CNY,CN10Y
2008-10-06,2393.5,0.036809,,,000819,有色金属,CNY,CN10Y
2008-10-07,2358.01,0.035309,,,000819,有色金属,CNY,CN10Y
2008-10-08,2358.09,0.033499,,,000819,有色金属,CNY,CN10Y
2008-10-09,2311.35,0.0315,,,000819,有色金属,CNY,CN10Y
2008-10-10,2146.82,0.03051,,,000819,有色金属,CNY,CN10Y
2008-10-13,2166.75,0.0312599999999999,,,000819,有色金属,CNY,CN10Y
2008-10-14,2139.47,0.031593,,,000819,有色金属,CNY,CN10Y
2008-10-15,2089.82,0.031062,,,000819,有色金属,CNY,CN10Y
2008-10-16,1908.26,0.031267,,,000819,有色金属,CNY,CN10Y
2008-10-17,1924.19,0.031768,,,000819,有色金属,CNY,CN10Y
2008-10-20,1992.87,0.03182,,,000819,有色金属,CNY,CN10Y
2008-10-21,2013.66,0.031826,,,000819,有色金属,CNY,CN10Y
2008-10-22,1926.17,0.031922,,,000819,有色金属,CNY,CN10Y
2008-10-23,1920.78,0.031978,,,000819,有色金属,CNY,CN10Y
2008-10-24,1880.94,0.031931,,,000819,有色金属,CNY,CN10Y
2008-10-27,1719.01,0.031522,,,000819,有色金属,CNY,CN10Y
2008-10-28,1779.89,0.031042,,,000819,有色金属,CNY,CN10Y
2008-10-29,1721.5,0.030694,,,000819,有色金属,CNY,CN10Y
2008-10-30,1771.87,0.030703,,,000819,有色金属,CNY,CN10Y
2008-10-31,1718.29,0.030751,,,000819,有色金属,CNY,CN10Y
2008-11-03,1701.73,0.030549,,,000819,有色金属,CNY,CN10Y
2008-11-04,1663.2,0.030569,,,000819,有色金属,CNY,CN10Y
2008-11-05,1733.95,0.030676,,,000819,有色金属,CNY,CN10Y
2008-11-06,1684.95,0.030424,,,000819,有色金属,CNY,CN10Y
2008-11-07,1713.43,0.029767,,,000819,有色金属,CNY,CN10Y
2008-11-10,1866.77,0.029005,,,000819,有色金属,CNY,CN10Y
2008-11-11,1869.45,0.029221,,,000819,有色金属,CNY,CN10Y
2008-11-12,1904.46,0.028969,,,000819,有色金属,CNY,CN10Y
2008-11-13,2009.78,0.028639,,,000819,有色金属,CNY,CN10Y
2008-11-14,2141.96,0.0294819999999999,,,000819,有色金属,CNY,CN10Y
2008-11-17,2254.81,0.029984,,,000819,有色金属,CNY,CN10Y
2008-11-18,2047.74,0.0299739999999999,,,000819,有色金属,CNY,CN10Y
2008-11-19,2187.37,0.030885,,,000819,有色金属,CNY,CN10Y
2008-11-20,2212.82,0.030531,,,000819,有色金属,CNY,CN10Y
2008-11-21,2142.14,0.030049,,,000819,有色金属,CNY,CN10Y
2008-11-24,2064.23,0.030638,,,000819,有色金属,CNY,CN10Y
2008-11-25,2085.78,0.031728,,,000819,有色金属,CNY,CN10Y
2008-11-26,2078.03,0.031034,,,000819,有色金属,CNY,CN10Y
2008-11-27,2111.65,0.029064,,,000819,有色金属,CNY,CN10Y
2008-11-28,2057.93,0.029905,,,000819,有色金属,CNY,CN10Y
2008-12-01,2163.21,0.030378,,,000819,有色金属,CNY,CN10Y
2008-12-02,2189.05,0.030306,,,000819,有色金属,CNY,CN10Y
2008-12-03,2288.66,0.029467,,,000819,有色金属,CNY,CN10Y
2008-12-04,2290.14,0.0293429999999999,,,000819,有色金属,CNY,CN10Y
2008-12-05,2330.27,0.029061,,,000819,有色金属,CNY,CN10Y
2008-12-08,2470.76,0.029053,,,000819,有色金属,CNY,CN10Y
2008-12-09,2479.94,0.030072,,,000819,有色金属,CNY,CN10Y
2008-12-10,2514.83,0.03013,,,000819,有色金属,CNY,CN10Y
2008-12-11,2457.72,0.03004,,,000819,有色金属,CNY,CN10Y
2008-12-12,2309.58,0.029237,,,000819,有色金属,CNY,CN10Y
2008-12-15,2339.54,0.029186,,,000819,有色金属,CNY,CN10Y
2008-12-16,2377.23,0.029243,,,000819,有色金属,CNY,CN10Y
2008-12-17,2411.89,0.0281,,,000819,有色金属,CNY,CN10Y
2008-12-18,2452.93,0.0270429999999999,,,000819,有色金属,CNY,CN10Y
2008-12-19,2457.32,0.027384,,,000819,有色金属,CNY,CN10Y
2008-12-22,2442.47,0.0273899999999999,,,000819,有色金属,CNY,CN10Y
2008-12-23,2282.67,0.0268869999999999,,,000819,有色金属,CNY,CN10Y
2008-12-24,2207.38,0.027045,,,000819,有色金属,CNY,CN10Y
2008-12-25,2192.32,0.0270469999999999,,,000819,有色金属,CNY,CN10Y
2008-12-26,2180.19,0.027301,,,000819,有色金属,CNY,CN10Y
2008-12-29,2197.29,0.027559,,,000819,有色金属,CNY,CN10Y
2008-12-30,2146.94,0.027566,,,000819,有色金属,CNY,CN10Y
2008-12-31,2097.13,0.027521,,,000819,有色金属,CNY,CN10Y
2009-01-04,,0.027102,,,000819,有色金属,CNY,CN10Y
2009-01-05,2223.55,0.0273,,,000819,有色金属,CNY,CN10Y
2009-01-06,2305.38,0.026909,,,000819,有色金属,CNY,CN10Y
2009-01-07,2324.06,0.026711,,,000819,有色金属,CNY,CN10Y
2009-01-08,2240.6,0.026716,,,000819,有色金属,CNY,CN10Y
2009-01-09,2327.79,0.026722,,,000819,有色金属,CNY,CN10Y
2009-01-12,2414.79,0.027,,,000819,有色金属,CNY,CN10Y
2009-01-13,2305.96,0.0282569999999999,,,000819,有色金属,CNY,CN10Y
2009-01-14,2434.67,0.028818,,,000819,有色金属,CNY,CN10Y
2009-01-15,2461.97,0.029897,,,000819,有色金属,CNY,CN10Y
2009-01-16,2491.69,0.02994,,,000819,有色金属,CNY,CN10Y
2009-01-19,2485.58,0.030123,,,000819,有色金属,CNY,CN10Y
2009-01-20,2511.52,0.0309949999999999,,,000819,有色金属,CNY,CN10Y
2009-01-21,2489.13,0.031398,,,000819,有色金属,CNY,CN10Y
2009-01-22,2579.84,0.030619,,,000819,有色金属,CNY,CN10Y
2009-01-23,2534.15,0.030367,,,000819,有色金属,CNY,CN10Y
2009-01-24,,0.030368,,,000819,有色金属,CNY,CN10Y
2009-02-01,,0.0305019999999999,,,000819,有色金属,CNY,CN10Y
2009-02-02,2626.4,0.031433,,,000819,有色金属,CNY,CN10Y
2009-02-03,2742.85,0.031766,,,000819,有色金属,CNY,CN10Y
2009-02-04,2820.77,0.032946,,,000819,有色金属,CNY,CN10Y
2009-02-05,2773.18,0.034013,,,000819,有色金属,CNY,CN10Y
2009-02-06,2974.98,0.0329669999999999,,,000819,有色金属,CNY,CN10Y
2009-02-09,3199.04,0.03269,,,000819,有色金属,CNY,CN10Y
2009-02-10,3334.28,0.033001,,,000819,有色金属,CNY,CN10Y
2009-02-11,3323.77,0.032323,,,000819,有色金属,CNY,CN10Y
2009-02-12,3321.36,0.031271,,,000819,有色金属,CNY,CN10Y
2009-02-13,3433.53,0.031321,,,000819,有色金属,CNY,CN10Y
2009-02-16,3472.93,0.031547,,,000819,有色金属,CNY,CN10Y
2009-02-17,3464.56,0.031897,,,000819,有色金属,CNY,CN10Y
2009-02-18,3334.14,0.031703,,,000819,有色金属,CNY,CN10Y
2009-02-19,3339.43,0.031385,,,000819,有色金属,CNY,CN10Y
2009-02-20,3483.6,0.031583,,,000819,有色金属,CNY,CN10Y
2009-02-23,3636.82,0.031555,,,000819,有色金属,CNY,CN10Y
2009-02-24,3573.15,0.031508,,,000819,有色金属,CNY,CN10Y
2009-02-25,3593.34,0.031412,,,000819,有色金属,CNY,CN10Y
2009-02-26,3315.19,0.0314469999999999,,,000819,有色金属,CNY,CN10Y
2009-02-27,3053.22,0.031508,,,000819,有色金属,CNY,CN10Y
2009-03-02,3112.25,0.031582,,,000819,有色金属,CNY,CN10Y
2009-03-03,3048.58,0.031755,,,000819,有色金属,CNY,CN10Y
2009-03-04,3278.22,0.032075,,,000819,有色金属,CNY,CN10Y
2009-03-05,3348.33,0.03231,,,000819,有色金属,CNY,CN10Y
2009-03-06,3322.86,0.032291,,,000819,有色金属,CNY,CN10Y
2009-03-09,3124.86,0.0320359999999999,,,000819,有色金属,CNY,CN10Y
2009-03-10,3198.63,0.03178,,,000819,有色金属,CNY,CN10Y
2009-03-11,3179.79,0.031331,,,000819,有色金属,CNY,CN10Y
2009-03-12,3202.81,0.031524,,,000819,有色金属,CNY,CN10Y
2009-03-13,3167.97,0.03148,,,000819,有色金属,CNY,CN10Y
2009-03-16,3260.19,0.031534,,,000819,有色金属,CNY,CN10Y
2009-03-17,3449.62,0.031249,,,000819,有色金属,CNY,CN10Y
2009-03-18,3535.03,0.031,,,000819,有色金属,CNY,CN10Y
2009-03-19,3650.04,0.030768,,,000819,有色金属,CNY,CN10Y
2009-03-20,3889.43,0.030772,,,000819,有色金属,CNY,CN10Y
2009-03-23,4009.0,0.030831,,,000819,有色金属,CNY,CN10Y
2009-03-24,3930.63,0.031295,,,000819,有色金属,CNY,CN10Y
2009-03-25,3920.31,0.031297,,,000819,有色金属,CNY,CN10Y
2009-03-26,4144.01,0.031606,,,000819,有色金属,CNY,CN10Y
2009-03-27,4117.99,0.031594,,,000819,有色金属,CNY,CN10Y
2009-03-30,4039.65,0.031608,,,000819,有色金属,CNY,CN10Y
2009-03-31,4024.5,0.031612,,,000819,有色金属,CNY,CN10Y
2009-04-01,4120.2,0.031618,,,000819,有色金属,CNY,CN10Y
2009-04-02,4128.42,0.031714,,,000819,有色金属,CNY,CN10Y
2009-04-03,3991.51,0.031805,,,000819,有色金属,CNY,CN10Y
2009-04-07,4085.96,0.031805,,,000819,有色金属,CNY,CN10Y
2009-04-08,3899.7,0.031869,,,000819,有色金属,CNY,CN10Y
2009-04-09,3957.37,0.031949,,,000819,有色金属,CNY,CN10Y
2009-04-10,4191.07,0.0319539999999999,,,000819,有色金属,CNY,CN10Y
2009-04-13,4264.57,0.031953,,,000819,有色金属,CNY,CN10Y
2009-04-14,4238.8,0.032044,,,000819,有色金属,CNY,CN10Y
2009-04-15,4333.28,0.032114,,,000819,有色金属,CNY,CN10Y
2009-04-16,4434.66,0.031841,,,000819,有色金属,CNY,CN10Y
2009-04-17,4257.22,0.031634,,,000819,有色金属,CNY,CN10Y
2009-04-20,4320.03,0.031412,,,000819,有色金属,CNY,CN10Y
2009-04-21,4256.89,0.031616,,,000819,有色金属,CNY,CN10Y
2009-04-22,3980.75,0.031609,,,000819,有色金属,CNY,CN10Y
2009-04-23,4044.93,0.031618,,,000819,有色金属,CNY,CN10Y
2009-04-24,3996.27,0.0315709999999999,,,000819,有色金属,CNY,CN10Y
2009-04-27,3886.76,0.031579,,,000819,有色金属,CNY,CN10Y
2009-04-28,3855.38,0.031532,,,000819,有色金属,CNY,CN10Y
2009-04-29,3934.82,0.031286,,,000819,有色金属,CNY,CN10Y
2009-04-30,3963.73,0.031072,,,000819,有色金属,CNY,CN10Y
2009-05-04,4135.34,0.0310919999999999,,,000819,有色金属,CNY,CN10Y
2009-05-05,4147.93,0.031036,,,000819,有色金属,CNY,CN10Y
2009-05-06,4216.59,0.030795,,,000819,有色金属,CNY,CN10Y
2009-05-07,4268.13,0.030739,,,000819,有色金属,CNY,CN10Y
2009-05-08,4222.38,0.030701,,,000819,有色金属,CNY,CN10Y
2009-05-11,4086.58,0.030698,,,000819,有色金属,CNY,CN10Y
2009-05-12,4142.76,0.030662,,,000819,有色金属,CNY,CN10Y
2009-05-13,4236.28,0.030365,,,000819,有色金属,CNY,CN10Y
2009-05-14,4184.2,0.030318,,,000819,有色金属,CNY,CN10Y
2009-05-15,4168.7,0.0303209999999999,,,000819,有色金属,CNY,CN10Y
2009-05-18,4218.66,0.030277,,,000819,有色金属,CNY,CN10Y
2009-05-19,4439.6,0.030384,,,000819,有色金属,CNY,CN10Y
2009-05-20,4375.63,0.030386,,,000819,有色金属,CNY,CN10Y
2009-05-21,4392.14,0.030388,,,000819,有色金属,CNY,CN10Y
2009-05-22,4332.63,0.030434,,,000819,有色金属,CNY,CN10Y
2009-05-25,4444.36,0.030441,,,000819,有色金属,CNY,CN10Y
2009-05-26,4347.77,0.030546,,,000819,有色金属,CNY,CN10Y
2009-05-27,4426.57,0.03039,,,000819,有色金属,CNY,CN10Y
2009-05-31,,0.030409,,,000819,有色金属,CNY,CN10Y
2009-06-01,4660.99,0.030615,,,000819,有色金属,CNY,CN10Y
2009-06-02,4706.36,0.030515,,,000819,有色金属,CNY,CN10Y
2009-06-03,4890.21,0.03065,,,000819,有色金属,CNY,CN10Y
2009-06-04,4923.84,0.031349,,,000819,有色金属,CNY,CN10Y
2009-06-05,4939.03,0.031474,,,000819,有色金属,CNY,CN10Y
2009-06-08,4907.67,0.031543,,,000819,有色金属,CNY,CN10Y
2009-06-09,4833.33,0.031481,,,000819,有色金属,CNY,CN10Y
2009-06-10,4883.36,0.03166,,,000819,有色金属,CNY,CN10Y
2009-06-11,4799.68,0.0317,,,000819,有色金属,CNY,CN10Y
2009-06-12,4697.13,0.031868,,,000819,有色金属,CNY,CN10Y
2009-06-15,4658.3,0.031947,,,000819,有色金属,CNY,CN10Y
2009-06-16,4718.28,0.031476,,,000819,有色金属,CNY,CN10Y
2009-06-17,4801.1,0.031332,,,000819,有色金属,CNY,CN10Y
2009-06-18,4823.05,0.031536,,,000819,有色金属,CNY,CN10Y
2009-06-19,4749.26,0.031543,,,000819,有色金属,CNY,CN10Y
2009-06-22,4783.17,0.031876,,,000819,有色金属,CNY,CN10Y
2009-06-23,4728.01,0.032325,,,000819,有色金属,CNY,CN10Y
2009-06-24,4986.26,0.032397,,,000819,有色金属,CNY,CN10Y
2009-06-25,4925.66,0.032525,,,000819,有色金属,CNY,CN10Y
2009-06-26,4908.84,0.032628,,,000819,有色金属,CNY,CN10Y
2009-06-29,4917.27,0.032456,,,000819,有色金属,CNY,CN10Y
2009-06-30,5062.17,0.032403,,,000819,有色金属,CNY,CN10Y
2009-07-01,5072.75,0.0323,,,000819,有色金属,CNY,CN10Y
2009-07-02,5184.54,0.032277,,,000819,有色金属,CNY,CN10Y
2009-07-03,5126.11,0.032534,,,000819,有色金属,CNY,CN10Y
2009-07-06,5165.57,0.032702,,,000819,有色金属,CNY,CN10Y
2009-07-07,5098.87,0.032706,,,000819,有色金属,CNY,CN10Y
2009-07-08,5109.52,0.032709,,,000819,有色金属,CNY,CN10Y
2009-07-09,5163.71,0.033068,,,000819,有色金属,CNY,CN10Y
2009-07-10,5190.45,0.033056,,,000819,有色金属,CNY,CN10Y
2009-07-13,5075.07,0.03306,,,000819,有色金属,CNY,CN10Y
2009-07-14,5148.88,0.033322,,,000819,有色金属,CNY,CN10Y
2009-07-15,5410.84,0.033816,,,000819,有色金属,CNY,CN10Y
2009-07-16,5435.98,0.034421,,,000819,有色金属,CNY,CN10Y
2009-07-17,5704.4,0.03451,,,000819,有色金属,CNY,CN10Y
2009-07-20,6076.41,0.03478,,,000819,有色金属,CNY,CN10Y
2009-07-21,5928.45,0.034697,,,000819,有色金属,CNY,CN10Y
2009-07-22,6020.29,0.034522,,,000819,有色金属,CNY,CN10Y
2009-07-23,6083.8,0.034511,,,000819,有色金属,CNY,CN10Y
2009-07-24,6321.45,0.034588,,,000819,有色金属,CNY,CN10Y
2009-07-27,6720.76,0.035091,,,000819,有色金属,CNY,CN10Y
2009-07-28,6624.73,0.034866,,,000819,有色金属,CNY,CN10Y
2009-07-29,6066.72,0.0350199999999999,,,000819,有色金属,CNY,CN10Y
2009-07-30,6166.18,0.034905,,,000819,有色金属,CNY,CN10Y
2009-07-31,6572.44,0.03503,,,000819,有色金属,CNY,CN10Y
2009-08-03,6749.66,0.035034,,,000819,有色金属,CNY,CN10Y
2009-08-04,6821.91,0.03515,,,000819,有色金属,CNY,CN10Y
2009-08-05,6876.75,0.035165,,,000819,有色金属,CNY,CN10Y
2009-08-06,6571.62,0.035167,,,000819,有色金属,CNY,CN10Y
2009-08-07,6196.54,0.035168,,,000819,有色金属,CNY,CN10Y
2009-08-10,6338.03,0.035177,,,000819,有色金属,CNY,CN10Y
2009-08-11,6163.66,0.0351799999999999,,,000819,有色金属,CNY,CN10Y
2009-08-12,5741.14,0.035209,,,000819,有色金属,CNY,CN10Y
2009-08-13,6009.12,0.0351869999999999,,,000819,有色金属,CNY,CN10Y
2009-08-14,5861.49,0.0351799999999999,,,000819,有色金属,CNY,CN10Y
2009-08-17,5308.03,0.035231,,,000819,有色金属,CNY,CN10Y
2009-08-18,5493.69,0.035242,,,000819,有色金属,CNY,CN10Y
2009-08-19,5077.02,0.035255,,,000819,有色金属,CNY,CN10Y
2009-08-20,5321.99,0.035162,,,000819,有色金属,CNY,CN10Y
2009-08-21,5413.96,0.035276,,,000819,有色金属,CNY,CN10Y
2009-08-24,5602.67,0.034886,,,000819,有色金属,CNY,CN10Y
2009-08-25,5365.03,0.034966,,,000819,有色金属,CNY,CN10Y
2009-08-26,5471.65,0.03485,,,000819,有色金属,CNY,CN10Y
2009-08-27,5380.65,0.034847,,,000819,有色金属,CNY,CN10Y
2009-08-28,5296.92,0.0348,,,000819,有色金属,CNY,CN10Y
2009-08-31,4830.28,0.034805,,,000819,有色金属,CNY,CN10Y
2009-09-01,4631.8,0.03481,,,000819,有色金属,CNY,CN10Y
2009-09-02,4652.28,0.034982,,,000819,有色金属,CNY,CN10Y
2009-09-03,5080.71,0.034862,,,000819,有色金属,CNY,CN10Y
2009-09-04,5224.4,0.034698,,,000819,有色金属,CNY,CN10Y
2009-09-07,5362.48,0.034317,,,000819,有色金属,CNY,CN10Y
2009-09-08,5552.62,0.034268,,,000819,有色金属,CNY,CN10Y
2009-09-09,5708.99,0.034323,,,000819,有色金属,CNY,CN10Y
2009-09-10,5630.9,0.03451,,,000819,有色金属,CNY,CN10Y
2009-09-11,5649.61,0.0346519999999999,,,000819,有色金属,CNY,CN10Y
2009-09-14,5727.79,0.0346309999999999,,,000819,有色金属,CNY,CN10Y
2009-09-15,5887.36,0.034581,,,000819,有色金属,CNY,CN10Y
2009-09-16,5988.36,0.034535,,,000819,有色金属,CNY,CN10Y
2009-09-17,6060.55,0.034636,,,000819,有色金属,CNY,CN10Y
2009-09-18,5738.15,0.034741,,,000819,有色金属,CNY,CN10Y
2009-09-21,5728.46,0.035132,,,000819,有色金属,CNY,CN10Y
2009-09-22,5585.89,0.035212,,,000819,有色金属,CNY,CN10Y
2009-09-23,5389.6,0.035126,,,000819,有色金属,CNY,CN10Y
2009-09-24,5396.64,0.0350959999999999,,,000819,有色金属,CNY,CN10Y
2009-09-25,5226.06,0.035101,,,000819,有色金属,CNY,CN10Y
2009-09-27,,0.035103,,,000819,有色金属,CNY,CN10Y
2009-09-28,4965.17,0.034917,,,000819,有色金属,CNY,CN10Y
2009-09-29,4930.18,0.035,,,000819,有色金属,CNY,CN10Y
2009-09-30,5078.54,0.035132,,,000819,有色金属,CNY,CN10Y
2009-10-09,5560.99,0.035542,,,000819,有色金属,CNY,CN10Y
2009-10-10,,0.035541,,,000819,有色金属,CNY,CN10Y
2009-10-12,5523.06,0.036043,,,000819,有色金属,CNY,CN10Y
2009-10-13,5610.13,0.036305,,,000819,有色金属,CNY,CN10Y
2009-10-14,5678.6,0.036787,,,000819,有色金属,CNY,CN10Y
2009-10-15,5650.04,0.037,,,000819,有色金属,CNY,CN10Y
2009-10-16,5633.41,0.037058,,,000819,有色金属,CNY,CN10Y
2009-10-19,5907.61,0.036789,,,000819,有色金属,CNY,CN10Y
2009-10-20,5981.86,0.036773,,,000819,有色金属,CNY,CN10Y
2009-10-21,5960.09,0.036933,,,000819,有色金属,CNY,CN10Y
2009-10-22,5928.34,0.036587,,,000819,有色金属,CNY,CN10Y
2009-10-23,6066.71,0.03692,,,000819,有色金属,CNY,CN10Y
2009-10-26,6121.52,0.036925,,,000819,有色金属,CNY,CN10Y
2009-10-27,5839.16,0.036905,,,000819,有色金属,CNY,CN10Y
2009-10-28,5869.24,0.036855,,,000819,有色金属,CNY,CN10Y
2009-10-29,5583.17,0.036818,,,000819,有色金属,CNY,CN10Y
2009-10-30,5651.19,0.036886,,,000819,有色金属,CNY,CN10Y
2009-11-02,5781.75,0.03692,,,000819,有色金属,CNY,CN10Y
2009-11-03,5896.54,0.036944,,,000819,有色金属,CNY,CN10Y
2009-11-04,6021.63,0.037038,,,000819,有色金属,CNY,CN10Y
2009-11-05,6005.33,0.037247,,,000819,有色金属,CNY,CN10Y
2009-11-06,6088.96,0.037303,,,000819,有色金属,CNY,CN10Y
2009-11-09,6216.2,0.037313,,,000819,有色金属,CNY,CN10Y
2009-11-10,6107.46,0.037281,,,000819,有色金属,CNY,CN10Y
2009-11-11,6049.23,0.036988,,,000819,有色金属,CNY,CN10Y
2009-11-12,6061.09,0.036918,,,000819,有色金属,CNY,CN10Y
2009-11-13,6120.35,0.036921,,,000819,有色金属,CNY,CN10Y
2009-11-16,6346.18,0.036927,,,000819,有色金属,CNY,CN10Y
2009-11-17,6326.98,0.036956,,,000819,有色金属,CNY,CN10Y
2009-11-18,6327.94,0.036885,,,000819,有色金属,CNY,CN10Y
2009-11-19,6363.45,0.0368659999999999,,,000819,有色金属,CNY,CN10Y
2009-11-20,6288.88,0.036648,,,000819,有色金属,CNY,CN10Y
2009-11-23,6460.62,0.036703,,,000819,有色金属,CNY,CN10Y
2009-11-24,6231.22,0.036504,,,000819,有色金属,CNY,CN10Y
2009-11-25,6468.76,0.03651,,,000819,有色金属,CNY,CN10Y
2009-11-26,6364.16,0.036459,,,000819,有色金属,CNY,CN10Y
2009-11-27,5980.82,0.035759,,,000819,有色金属,CNY,CN10Y
2009-11-30,6163.57,0.035569,,,000819,有色金属,CNY,CN10Y
2009-12-01,6270.08,0.035723,,,000819,有色金属,CNY,CN10Y
2009-12-02,6594.09,0.035725,,,000819,有色金属,CNY,CN10Y
2009-12-03,6500.36,0.035929,,,000819,有色金属,CNY,CN10Y
2009-12-04,6416.97,0.035983,,,000819,有色金属,CNY,CN10Y
2009-12-07,6404.65,0.0362,,,000819,有色金属,CNY,CN10Y
2009-12-08,6406.56,0.036292,,,000819,有色金属,CNY,CN10Y
2009-12-09,6251.54,0.036251,,,000819,有色金属,CNY,CN10Y
2009-12-10,6316.51,0.036258,,,000819,有色金属,CNY,CN10Y
2009-12-11,6319.59,0.036257,,,000819,有色金属,CNY,CN10Y
2009-12-14,6412.95,0.036348,,,000819,有色金属,CNY,CN10Y
2009-12-15,6366.58,0.036314,,,000819,有色金属,CNY,CN10Y
2009-12-16,6288.49,0.036339,,,000819,有色金属,CNY,CN10Y
2009-12-17,6117.71,0.036365,,,000819,有色金属,CNY,CN10Y
2009-12-18,5793.03,0.036393,,,000819,有色金属,CNY,CN10Y
2009-12-21,5818.79,0.036508,,,000819,有色金属,CNY,CN10Y
2009-12-22,5568.13,0.036507,,,000819,有色金属,CNY,CN10Y
2009-12-23,5627.18,0.036589,,,000819,有色金属,CNY,CN10Y
2009-12-24,5932.29,0.036565,,,000819,有色金属,CNY,CN10Y
2009-12-25,5856.2,0.036543,,,000819,有色金属,CNY,CN10Y
2009-12-28,5980.57,0.0365,,,000819,有色金属,CNY,CN10Y
2009-12-29,5993.31,0.036426,,,000819,有色金属,CNY,CN10Y
2009-12-30,6014.47,0.036429,,,000819,有色金属,CNY,CN10Y
2009-12-31,6055.37,0.0364219999999999,,,000819,有色金属,CNY,CN10Y
2010-01-04,6034.55,0.036603,,,000819,有色金属,CNY,CN10Y
2010-01-05,6227.24,0.036606,,,000819,有色金属,CNY,CN10Y
2010-01-06,6245.31,0.036425,,,000819,有色金属,CNY,CN10Y
2010-01-07,6165.21,0.036543,,,000819,有色金属,CNY,CN10Y
2010-01-08,6094.25,0.036614,,,000819,有色金属,CNY,CN10Y
2010-01-11,6157.3,0.036696,,,000819,有色金属,CNY,CN10Y
2010-01-12,6222.47,0.036694,,,000819,有色金属,CNY,CN10Y
2010-01-13,5944.1,0.0370529999999999,,,000819,有色金属,CNY,CN10Y
2010-01-14,6004.51,0.036868,,,000819,有色金属,CNY,CN10Y
2010-01-15,6025.77,0.036871,,,000819,有色金属,CNY,CN10Y
2010-01-18,6038.9,0.036852,,,000819,有色金属,CNY,CN10Y
2010-01-19,6109.56,0.036559,,,000819,有色金属,CNY,CN10Y
2010-01-20,5893.79,0.0364,,,000819,有色金属,CNY,CN10Y
2010-01-21,5798.41,0.036558,,,000819,有色金属,CNY,CN10Y
2010-01-22,5616.46,0.0363,,,000819,有色金属,CNY,CN10Y
2010-01-25,5594.86,0.036,,,000819,有色金属,CNY,CN10Y
2010-01-26,5388.09,0.035838,,,000819,有色金属,CNY,CN10Y
2010-01-27,5269.04,0.035648,,,000819,有色金属,CNY,CN10Y
2010-01-28,5236.94,0.035879,,,000819,有色金属,CNY,CN10Y
2010-01-29,5205.79,0.0358,,,000819,有色金属,CNY,CN10Y
2010-02-01,5015.57,0.035406,,,000819,有色金属,CNY,CN10Y
2010-02-02,5120.74,0.034956,,,000819,有色金属,CNY,CN10Y
2010-02-03,5317.76,0.034648,,,000819,有色金属,CNY,CN10Y
2010-02-04,5223.09,0.035006,,,000819,有色金属,CNY,CN10Y
2010-02-05,5043.04,0.034733,,,000819,有色金属,CNY,CN10Y
2010-02-08,5058.38,0.034706,,,000819,有色金属,CNY,CN10Y
2010-02-09,5176.8,0.0347429999999999,,,000819,有色金属,CNY,CN10Y
2010-02-10,5230.82,0.034615,,,000819,有色金属,CNY,CN10Y
2010-02-11,5277.3,0.034516,,,000819,有色金属,CNY,CN10Y
2010-02-12,5381.96,0.03457,,,000819,有色金属,CNY,CN10Y
2010-02-20,,0.034889,,,000819,有色金属,CNY,CN10Y
2010-02-21,,0.034841,,,000819,有色金属,CNY,CN10Y
2010-02-22,5356.37,0.035149,,,000819,有色金属,CNY,CN10Y
2010-02-23,5262.84,0.0351,,,000819,有色金属,CNY,CN10Y
2010-02-24,5334.29,0.0346459999999999,,,000819,有色金属,CNY,CN10Y
2010-02-25,5412.36,0.034448,,,000819,有色金属,CNY,CN10Y
2010-02-26,5348.48,0.033753,,,000819,有色金属,CNY,CN10Y
2010-03-01,5532.77,0.033613,,,000819,有色金属,CNY,CN10Y
2010-03-02,5413.55,0.033414,,,000819,有色金属,CNY,CN10Y
2010-03-03,5460.86,0.033169,,,000819,有色金属,CNY,CN10Y
2010-03-04,5290.7,0.033518,,,000819,有色金属,CNY,CN10Y
2010-03-05,5311.88,0.033537,,,000819,有色金属,CNY,CN10Y
2010-03-08,5347.48,0.033602,,,000819,有色金属,CNY,CN10Y
2010-03-09,5361.18,0.033817,,,000819,有色金属,CNY,CN10Y
2010-03-10,5375.82,0.03403,,,000819,有色金属,CNY,CN10Y
2010-03-11,5317.25,0.034559,,,000819,有色金属,CNY,CN10Y
2010-03-12,5249.47,0.034526,,,000819,有色金属,CNY,CN10Y
2010-03-15,5138.39,0.034484,,,000819,有色金属,CNY,CN10Y
2010-03-16,5173.97,0.034331,,,000819,有色金属,CNY,CN10Y
2010-03-17,5296.68,0.033829,,,000819,有色金属,CNY,CN10Y
2010-03-18,5283.72,0.033639,,,000819,有色金属,CNY,CN10Y
2010-03-19,5445.02,0.033805,,,000819,有色金属,CNY,CN10Y
2010-03-22,5401.47,0.034216,,,000819,有色金属,CNY,CN10Y
2010-03-23,5370.61,0.034062,,,000819,有色金属,CNY,CN10Y
2010-03-24,5345.07,0.033961,,,000819,有色金属,CNY,CN10Y
2010-03-25,5243.15,0.034168,,,000819,有色金属,CNY,CN10Y
2010-03-26,5305.23,0.034582,,,000819,有色金属,CNY,CN10Y
2010-03-29,5461.59,0.034784,,,000819,有色金属,CNY,CN10Y
2010-03-30,5511.0,0.034959,,,000819,有色金属,CNY,CN10Y
2010-03-31,5458.98,0.0348179999999999,,,000819,有色金属,CNY,CN10Y
2010-04-01,5570.39,0.034742,,,000819,有色金属,CNY,CN10Y
2010-04-02,5671.63,0.0348,,,000819,有色金属,CNY,CN10Y
2010-04-06,5715.51,0.035021,,,000819,有色金属,CNY,CN10Y
2010-04-07,5714.05,0.035182,,,000819,有色金属,CNY,CN10Y
2010-04-08,5640.77,0.035549,,,000819,有色金属,CNY,CN10Y
2010-04-09,5730.75,0.035468,,,000819,有色金属,CNY,CN10Y
2010-04-12,5799.29,0.035343,,,000819,有色金属,CNY,CN10Y
2010-04-13,5813.59,0.035031,,,000819,有色金属,CNY,CN10Y
2010-04-14,5952.3,0.035043,,,000819,有色金属,CNY,CN10Y
2010-04-15,5920.28,0.035071,,,000819,有色金属,CNY,CN10Y
2010-04-16,5857.88,0.034813,,,000819,有色金属,CNY,CN10Y
2010-04-19,5546.46,0.034116,,,000819,有色金属,CNY,CN10Y
2010-04-20,5666.08,0.034086,,,000819,有色金属,CNY,CN10Y
2010-04-21,5759.99,0.034354,,,000819,有色金属,CNY,CN10Y
2010-04-22,5833.71,0.034093,,,000819,有色金属,CNY,CN10Y
2010-04-23,5793.14,0.034106,,,000819,有色金属,CNY,CN10Y
2010-04-26,5768.04,0.033715,,,000819,有色金属,CNY,CN10Y
2010-04-27,5626.06,0.033768,,,000819,有色金属,CNY,CN10Y
2010-04-28,5617.25,0.033456,,,000819,有色金属,CNY,CN10Y
2010-04-29,5433.9,0.033607,,,000819,有色金属,CNY,CN10Y
2010-04-30,5383.68,0.033565,,,000819,有色金属,CNY,CN10Y
2010-05-04,5421.29,0.033826,,,000819,有色金属,CNY,CN10Y
2010-05-05,5387.04,0.033636,,,000819,有色金属,CNY,CN10Y
2010-05-06,5194.71,0.033485,,,000819,有色金属,CNY,CN10Y
2010-05-07,5103.63,0.032721,,,000819,有色金属,CNY,CN10Y
2010-05-10,5115.26,0.033027,,,000819,有色金属,CNY,CN10Y
2010-05-11,5107.8,0.032983,,,000819,有色金属,CNY,CN10Y
2010-05-12,5035.52,0.032781,,,000819,有色金属,CNY,CN10Y
2010-05-13,5198.93,0.032686,,,000819,有色金属,CNY,CN10Y
2010-05-14,5189.18,0.032687,,,000819,有色金属,CNY,CN10Y
2010-05-17,4966.38,0.032257,,,000819,有色金属,CNY,CN10Y
2010-05-18,4972.3,0.032118,,,000819,有色金属,CNY,CN10Y
2010-05-19,4972.69,0.031865,,,000819,有色金属,CNY,CN10Y
2010-05-20,4828.95,0.032078,,,000819,有色金属,CNY,CN10Y
2010-05-21,4887.94,0.031972,,,000819,有色金属,CNY,CN10Y
2010-05-24,5098.7,0.032277,,,000819,有色金属,CNY,CN10Y
2010-05-25,5088.13,0.0320299999999999,,,000819,有色金属,CNY,CN10Y
2010-05-26,5076.09,0.0322719999999999,,,000819,有色金属,CNY,CN10Y
2010-05-27,5277.08,0.032416,,,000819,有色金属,CNY,CN10Y
2010-05-28,5265.49,0.032529,,,000819,有色金属,CNY,CN10Y
2010-05-31,5052.52,0.03243,,,000819,有色金属,CNY,CN10Y
2010-06-01,5103.35,0.032726,,,000819,有色金属,CNY,CN10Y
2010-06-02,5074.09,0.032748,,,000819,有色金属,CNY,CN10Y
2010-06-03,5029.87,0.032478,,,000819,有色金属,CNY,CN10Y
2010-06-04,5005.76,0.032512,,,000819,有色金属,CNY,CN10Y
2010-06-07,4915.12,0.03226,,,000819,有色金属,CNY,CN10Y
2010-06-08,4936.75,0.0324319999999999,,,000819,有色金属,CNY,CN10Y
2010-06-09,5082.71,0.032845,,,000819,有色金属,CNY,CN10Y
2010-06-10,5033.3,0.032891,,,000819,有色金属,CNY,CN10Y
2010-06-11,5073.69,0.0333199999999999,,,000819,有色金属,CNY,CN10Y
2010-06-12,,0.033282,,,000819,有色金属,CNY,CN10Y
2010-06-13,,0.033282,,,000819,有色金属,CNY,CN10Y
2010-06-17,5040.79,0.033296,,,000819,有色金属,CNY,CN10Y
2010-06-18,4885.82,0.033836,,,000819,有色金属,CNY,CN10Y
2010-06-21,5012.74,0.033925,,,000819,有色金属,CNY,CN10Y
2010-06-22,4980.76,0.033807,,,000819,有色金属,CNY,CN10Y
2010-06-23,4915.8,0.034129,,,000819,有色金属,CNY,CN10Y
2010-06-24,4877.44,0.034179,,,000819,有色金属,CNY,CN10Y
2010-06-25,4832.43,0.033822,,,000819,有色金属,CNY,CN10Y
2010-06-28,4784.82,0.033435,,,000819,有色金属,CNY,CN10Y
2010-06-29,4487.94,0.032909,,,000819,有色金属,CNY,CN10Y
2010-06-30,4356.19,0.03279,,,000819,有色金属,CNY,CN10Y
2010-07-01,4242.15,0.032848,,,000819,有色金属,CNY,CN10Y
2010-07-02,4139.3,0.032665,,,000819,有色金属,CNY,CN10Y
2010-07-05,4050.27,0.032517,,,000819,有色金属,CNY,CN10Y
2010-07-06,4182.73,0.032168,,,000819,有色金属,CNY,CN10Y
2010-07-07,4195.23,0.032233,,,000819,有色金属,CNY,CN10Y
2010-07-08,4236.5,0.032382,,,000819,有色金属,CNY,CN10Y
2010-07-09,4347.75,0.032347,,,000819,有色金属,CNY,CN10Y
2010-07-12,4395.13,0.032146,,,000819,有色金属,CNY,CN10Y
2010-07-13,4274.29,0.031767,,,000819,有色金属,CNY,CN10Y
2010-07-14,4342.69,0.031744,,,000819,有色金属,CNY,CN10Y
2010-07-15,4222.15,0.031817,,,000819,有色金属,CNY,CN10Y
2010-07-16,4231.16,0.031976,,,000819,有色金属,CNY,CN10Y
2010-07-19,4343.07,0.031901,,,000819,有色金属,CNY,CN10Y
2010-07-20,4540.4,0.032086,,,000819,有色金属,CNY,CN10Y
2010-07-21,4525.15,0.032144,,,000819,有色金属,CNY,CN10Y
2010-07-22,4625.24,0.032161,,,000819,有色金属,CNY,CN10Y
2010-07-23,4631.26,0.032528,,,000819,有色金属,CNY,CN10Y
2010-07-26,4741.9,0.032813,,,000819,有色金属,CNY,CN10Y
2010-07-27,4686.51,0.032816,,,000819,有色金属,CNY,CN10Y
2010-07-28,4790.52,0.032982,,,000819,有色金属,CNY,CN10Y
2010-07-29,4870.64,0.032993,,,000819,有色金属,CNY,CN10Y
2010-07-30,4896.81,0.032996,,,000819,有色金属,CNY,CN10Y
2010-08-02,4976.12,0.033131,,,000819,有色金属,CNY,CN10Y
2010-08-03,4901.33,0.033105,,,000819,有色金属,CNY,CN10Y
2010-08-04,4936.58,0.032971,,,000819,有色金属,CNY,CN10Y
2010-08-05,4904.75,0.0329669999999999,,,000819,有色金属,CNY,CN10Y
2010-08-06,5001.25,0.032922,,,000819,有色金属,CNY,CN10Y
2010-08-09,5150.59,0.032975,,,000819,有色金属,CNY,CN10Y
2010-08-10,4988.67,0.032972,,,000819,有色金属,CNY,CN10Y
2010-08-11,5014.92,0.032685,,,000819,有色金属,CNY,CN10Y
2010-08-12,4965.54,0.03223,,,000819,有色金属,CNY,CN10Y
2010-08-13,5066.97,0.032374,,,000819,有色金属,CNY,CN10Y
2010-08-16,5181.08,0.032504,,,000819,有色金属,CNY,CN10Y
2010-08-17,5204.75,0.032461,,,000819,有色金属,CNY,CN10Y
2010-08-18,5308.24,0.03245,,,000819,有色金属,CNY,CN10Y
2010-08-19,5369.02,0.032501,,,000819,有色金属,CNY,CN10Y
2010-08-20,5195.78,0.032389,,,000819,有色金属,CNY,CN10Y
2010-08-23,5186.12,0.032346,,,000819,有色金属,CNY,CN10Y
2010-08-24,5199.96,0.032229,,,000819,有色金属,CNY,CN10Y
2010-08-25,5110.62,0.0321539999999999,,,000819,有色金属,CNY,CN10Y
2010-08-26,5113.59,0.032322,,,000819,有色金属,CNY,CN10Y
2010-08-27,5142.66,0.032379,,,000819,有色金属,CNY,CN10Y
2010-08-30,5355.53,0.032304,,,000819,有色金属,CNY,CN10Y
2010-08-31,5428.53,0.032301,,,000819,有色金属,CNY,CN10Y
2010-09-01,5378.01,0.032358,,,000819,有色金属,CNY,CN10Y
2010-09-02,5486.95,0.032418,,,000819,有色金属,CNY,CN10Y
2010-09-03,5493.25,0.032406,,,000819,有色金属,CNY,CN10Y
2010-09-06,5544.61,0.03258,,,000819,有色金属,CNY,CN10Y
2010-09-07,5620.06,0.032739,,,000819,有色金属,CNY,CN10Y
2010-09-08,5847.26,0.032632,,,000819,有色金属,CNY,CN10Y
2010-09-09,5739.61,0.032681,,,000819,有色金属,CNY,CN10Y
2010-09-10,5693.88,0.032989,,,000819,有色金属,CNY,CN10Y
2010-09-13,5783.78,0.033251,,,000819,有色金属,CNY,CN10Y
2010-09-14,5760.77,0.033205,,,000819,有色金属,CNY,CN10Y
2010-09-15,5652.47,0.033443,,,000819,有色金属,CNY,CN10Y
2010-09-16,5524.83,0.033401,,,000819,有色金属,CNY,CN10Y
2010-09-17,5613.26,0.033504,,,000819,有色金属,CNY,CN10Y
2010-09-19,,0.0335,,,000819,有色金属,CNY,CN10Y
2010-09-20,5541.76,0.033388,,,000819,有色金属,CNY,CN10Y
2010-09-21,5491.71,0.033391,,,000819,有色金属,CNY,CN10Y
2010-09-25,,0.033387,,,000819,有色金属,CNY,CN10Y
2010-09-26,,0.033428,,,000819,有色金属,CNY,CN10Y
2010-09-27,5772.83,0.033378,,,000819,有色金属,CNY,CN10Y
2010-09-28,5931.32,0.033371,,,000819,有色金属,CNY,CN10Y
2010-09-29,5981.53,0.03331,,,000819,有色金属,CNY,CN10Y
2010-09-30,6218.42,0.033183,,,000819,有色金属,CNY,CN10Y
2010-10-08,6612.5,0.033342,,,000819,有色金属,CNY,CN10Y
2010-10-09,,0.033584,,,000819,有色金属,CNY,CN10Y
2010-10-11,6785.06,0.03404,,,000819,有色金属,CNY,CN10Y
2010-10-12,7180.44,0.034179,,,000819,有色金属,CNY,CN10Y
2010-10-13,7216.61,0.0342709999999999,,,000819,有色金属,CNY,CN10Y
2010-10-14,7507.95,0.034275,,,000819,有色金属,CNY,CN10Y
2010-10-15,7696.34,0.034247,,,000819,有色金属,CNY,CN10Y
2010-10-18,7172.14,0.034182,,,000819,有色金属,CNY,CN10Y
2010-10-19,7417.26,0.034205,,,000819,有色金属,CNY,CN10Y
2010-10-20,7303.25,0.036201,,,000819,有色金属,CNY,CN10Y
2010-10-21,7548.59,0.03637,,,000819,有色金属,CNY,CN10Y
2010-10-22,7640.37,0.036358,,,000819,有色金属,CNY,CN10Y
2010-10-25,8145.67,0.0364069999999999,,,000819,有色金属,CNY,CN10Y
2010-10-26,7994.98,0.036944,,,000819,有色金属,CNY,CN10Y
2010-10-27,7773.28,0.036975,,,000819,有色金属,CNY,CN10Y
2010-10-28,7748.46,0.036863,,,000819,有色金属,CNY,CN10Y
2010-10-29,7860.02,0.036821,,,000819,有色金属,CNY,CN10Y
2010-11-01,8337.83,0.036941,,,000819,有色金属,CNY,CN10Y
2010-11-02,8335.44,0.0374969999999999,,,000819,有色金属,CNY,CN10Y
2010-11-03,7856.6,0.038113,,,000819,有色金属,CNY,CN10Y
2010-11-04,8072.37,0.0384339999999999,,,000819,有色金属,CNY,CN10Y
2010-11-05,8202.28,0.038458,,,000819,有色金属,CNY,CN10Y
2010-11-08,8175.77,0.038392,,,000819,有色金属,CNY,CN10Y
2010-11-09,8304.47,0.038445,,,000819,有色金属,CNY,CN10Y
2010-11-10,8404.9,0.0392039999999999,,,000819,有色金属,CNY,CN10Y
2010-11-11,8374.65,0.0395299999999999,,,000819,有色金属,CNY,CN10Y
2010-11-12,7791.52,0.039534,,,000819,有色金属,CNY,CN10Y
2010-11-15,7602.19,0.03945,,,000819,有色金属,CNY,CN10Y
2010-11-16,7018.73,0.0390649999999999,,,000819,有色金属,CNY,CN10Y
2010-11-17,6795.2,0.0385999999999999,,,000819,有色金属,CNY,CN10Y
2010-11-18,7044.52,0.038336,,,000819,有色金属,CNY,CN10Y
2010-11-19,7062.21,0.0387,,,000819,有色金属,CNY,CN10Y
2010-11-22,7132.17,0.039161,,,000819,有色金属,CNY,CN10Y
2010-11-23,6823.82,0.039317,,,000819,有色金属,CNY,CN10Y
2010-11-24,6994.5,0.039533,,,000819,有色金属,CNY,CN10Y
2010-11-25,7092.13,0.039674,,,000819,有色金属,CNY,CN10Y
2010-11-26,6928.29,0.040123,,,000819,有色金属,CNY,CN10Y
2010-11-29,6709.74,0.0399589999999999,,,000819,有色金属,CNY,CN10Y
2010-11-30,6764.01,0.03971,,,000819,有色金属,CNY,CN10Y
2010-12-01,6818.83,0.038919,,,000819,有色金属,CNY,CN10Y
2010-12-02,6891.28,0.038609,,,000819,有色金属,CNY,CN10Y
2010-12-03,6877.11,0.038699,,,000819,有色金属,CNY,CN10Y
2010-12-06,6918.86,0.038696,,,000819,有色金属,CNY,CN10Y
2010-12-07,7115.21,0.038435,,,000819,有色金属,CNY,CN10Y
2010-12-08,7001.66,0.038609,,,000819,有色金属,CNY,CN10Y
2010-12-09,6862.42,0.039024,,,000819,有色金属,CNY,CN10Y
2010-12-10,7014.4,0.038888,,,000819,有色金属,CNY,CN10Y
2010-12-13,7351.24,0.038509,,,000819,有色金属,CNY,CN10Y
2010-12-14,7401.87,0.038521,,,000819,有色金属,CNY,CN10Y
2010-12-15,7290.88,0.0381499999999999,,,000819,有色金属,CNY,CN10Y
2010-12-16,7182.08,0.0380439999999999,,,000819,有色金属,CNY,CN10Y
2010-12-17,7227.36,0.038058,,,000819,有色金属,CNY,CN10Y
2010-12-20,7147.88,0.03785,,,000819,有色金属,CNY,CN10Y
2010-12-21,7242.21,0.037956,,,000819,有色金属,CNY,CN10Y
2010-12-22,7211.58,0.0380039999999999,,,000819,有色金属,CNY,CN10Y
2010-12-23,7100.95,0.038108,,,000819,有色金属,CNY,CN10Y
2010-12-24,6965.45,0.038136,,,000819,有色金属,CNY,CN10Y
2010-12-27,6785.49,0.038913,,,000819,有色金属,CNY,CN10Y
2010-12-28,6688.96,0.039118,,,000819,有色金属,CNY,CN10Y
2010-12-29,6745.48,0.039019,,,000819,有色金属,CNY,CN10Y
2010-12-30,6871.15,0.0388,,,000819,有色金属,CNY,CN10Y
2010-12-31,7247.4,0.038799,,,000819,有色金属,CNY,CN10Y
2011-01-04,7433.67,0.038606,,,000819,有色金属,CNY,CN10Y
2011-01-05,7271.3,0.038132,,,000819,有色金属,CNY,CN10Y
2011-01-06,7274.58,0.038339,,,000819,有色金属,CNY,CN10Y
2011-01-07,7083.75,0.038237,,,000819,有色金属,CNY,CN10Y
2011-01-10,6937.8,0.038449,,,000819,有色金属,CNY,CN10Y
2011-01-11,6947.92,0.038703,,,000819,有色金属,CNY,CN10Y
2011-01-12,6927.47,0.03855,,,000819,有色金属,CNY,CN10Y
2011-01-13,6870.2,0.038831,,,000819,有色金属,CNY,CN10Y
2011-01-14,6556.63,0.0391559999999999,,,000819,有色金属,CNY,CN10Y
2011-01-17,6390.42,0.039651,,,000819,有色金属,CNY,CN10Y
2011-01-18,6416.13,0.039954,,,000819,有色金属,CNY,CN10Y
2011-01-19,6635.71,0.039752,,,000819,有色金属,CNY,CN10Y
2011-01-20,6331.32,0.039749,,,000819,有色金属,CNY,CN10Y
2011-01-21,6309.56,0.039837,,,000819,有色金属,CNY,CN10Y
2011-01-24,6130.68,0.039918,,,000819,有色金属,CNY,CN10Y
2011-01-25,5991.23,0.040152,,,000819,有色金属,CNY,CN10Y
2011-01-26,6056.57,0.039991,,,000819,有色金属,CNY,CN10Y
2011-01-27,6240.17,0.0400579999999999,,,000819,有色金属,CNY,CN10Y
2011-01-28,6288.03,0.040096,,,000819,有色金属,CNY,CN10Y
2011-01-30,,0.0401,,,000819,有色金属,CNY,CN10Y
2011-01-31,6436.23,0.040187,,,000819,有色金属,CNY,CN10Y
2011-02-01,6565.87,0.040186,,,000819,有色金属,CNY,CN10Y
2011-02-09,6383.52,0.041006,,,000819,有色金属,CNY,CN10Y
2011-02-10,6525.36,0.041158,,,000819,有色金属,CNY,CN10Y
2011-02-11,6537.41,0.041062,,,000819,有色金属,CNY,CN10Y
2011-02-12,,0.041087,,,000819,有色金属,CNY,CN10Y
2011-02-14,6804.54,0.040552,,,000819,有色金属,CNY,CN10Y
2011-02-15,6974.02,0.040454,,,000819,有色金属,CNY,CN10Y
2011-02-16,7152.92,0.04045,,,000819,有色金属,CNY,CN10Y
2011-02-17,7144.62,0.040449,,,000819,有色金属,CNY,CN10Y
2011-02-18,7079.27,0.04045,,,000819,有色金属,CNY,CN10Y
2011-02-21,7196.16,0.0407019999999999,,,000819,有色金属,CNY,CN10Y
2011-02-22,7039.52,0.0404,,,000819,有色金属,CNY,CN10Y
2011-02-23,7147.89,0.039946,,,000819,有色金属,CNY,CN10Y
2011-02-24,7186.75,0.039132,,,000819,有色金属,CNY,CN10Y
2011-02-25,7206.11,0.039566,,,000819,有色金属,CNY,CN10Y
2011-02-28,7246.63,0.039314,,,000819,有色金属,CNY,CN10Y
2011-03-01,7314.21,0.039259,,,000819,有色金属,CNY,CN10Y
2011-03-02,7256.16,0.039233,,,000819,有色金属,CNY,CN10Y
2011-03-03,7126.04,0.039279,,,000819,有色金属,CNY,CN10Y
2011-03-04,7224.59,0.039388,,,000819,有色金属,CNY,CN10Y
2011-03-07,7441.2,0.039351,,,000819,有色金属,CNY,CN10Y
2011-03-08,7485.11,0.039078,,,000819,有色金属,CNY,CN10Y
2011-03-09,7419.19,0.038879,,,000819,有色金属,CNY,CN10Y
2011-03-10,7219.77,0.039321,,,000819,有色金属,CNY,CN10Y
2011-03-11,7181.65,0.039328,,,000819,有色金属,CNY,CN10Y
2011-03-14,7107.78,0.039074,,,000819,有色金属,CNY,CN10Y
2011-03-15,7002.84,0.038659,,,000819,有色金属,CNY,CN10Y
2011-03-16,7277.95,0.0385999999999999,,,000819,有色金属,CNY,CN10Y
2011-03-17,7075.95,0.038326,,,000819,有色金属,CNY,CN10Y
2011-03-18,7104.03,0.038489,,,000819,有色金属,CNY,CN10Y
2011-03-21,7095.58,0.038774,,,000819,有色金属,CNY,CN10Y
2011-03-22,7161.56,0.038987,,,000819,有色金属,CNY,CN10Y
2011-03-23,7247.38,0.039037,,,000819,有色金属,CNY,CN10Y
2011-03-24,7201.36,0.038762,,,000819,有色金属,CNY,CN10Y
2011-03-25,7399.08,0.038714,,,000819,有色金属,CNY,CN10Y
2011-03-28,7493.55,0.038807,,,000819,有色金属,CNY,CN10Y
2011-03-29,7301.05,0.0390439999999999,,,000819,有色金属,CNY,CN10Y
2011-03-30,7463.36,0.039069,,,000819,有色金属,CNY,CN10Y
2011-03-31,7420.03,0.03912,,,000819,有色金属,CNY,CN10Y
2011-04-01,7439.25,0.039126,,,000819,有色金属,CNY,CN10Y
2011-04-02,,0.039078,,,000819,有色金属,CNY,CN10Y
2011-04-06,7623.93,0.039203,,,000819,有色金属,CNY,CN10Y
2011-04-07,7618.26,0.039167,,,000819,有色金属,CNY,CN10Y
2011-04-08,7742.23,0.039081,,,000819,有色金属,CNY,CN10Y
2011-04-11,7731.17,0.038928,,,000819,有色金属,CNY,CN10Y
2011-04-12,7540.08,0.0387,,,000819,有色金属,CNY,CN10Y
2011-04-13,7503.94,0.038703,,,000819,有色金属,CNY,CN10Y
2011-04-14,7489.25,0.038707,,,000819,有色金属,CNY,CN10Y
2011-04-15,7477.07,0.038709,,,000819,有色金属,CNY,CN10Y
2011-04-18,7418.81,0.03896,,,000819,有色金属,CNY,CN10Y
2011-04-19,7216.11,0.038911,,,000819,有色金属,CNY,CN10Y
2011-04-20,7334.64,0.038913,,,000819,有色金属,CNY,CN10Y
2011-04-21,7413.93,0.038912,,,000819,有色金属,CNY,CN10Y
2011-04-22,7426.83,0.038966,,,000819,有色金属,CNY,CN10Y
2011-04-25,7186.83,0.038961,,,000819,有色金属,CNY,CN10Y
2011-04-26,7066.0,0.03896,,,000819,有色金属,CNY,CN10Y
2011-04-27,6960.74,0.038812,,,000819,有色金属,CNY,CN10Y
2011-04-28,6791.05,0.0387,,,000819,有色金属,CNY,CN10Y
2011-04-29,6931.52,0.038713,,,000819,有色金属,CNY,CN10Y
2011-05-03,6894.19,0.038752,,,000819,有色金属,CNY,CN10Y
2011-05-04,6693.81,0.038772,,,000819,有色金属,CNY,CN10Y
2011-05-05,6615.77,0.038715,,,000819,有色金属,CNY,CN10Y
2011-05-06,6594.58,0.038308,,,000819,有色金属,CNY,CN10Y
2011-05-09,6648.59,0.038378,,,000819,有色金属,CNY,CN10Y
2011-05-10,6793.39,0.038326,,,000819,有色金属,CNY,CN10Y
2011-05-11,6742.81,0.038334,,,000819,有色金属,CNY,CN10Y
2011-05-12,6528.4,0.038211,,,000819,有色金属,CNY,CN10Y
2011-05-13,6657.71,0.038363,,,000819,有色金属,CNY,CN10Y
2011-05-16,6549.05,0.038432,,,000819,有色金属,CNY,CN10Y
2011-05-17,6576.85,0.038318,,,000819,有色金属,CNY,CN10Y
2011-05-18,6598.84,0.038338,,,000819,有色金属,CNY,CN10Y
2011-05-19,6570.82,0.038309,,,000819,有色金属,CNY,CN10Y
2011-05-20,6660.54,0.038429,,,000819,有色金属,CNY,CN10Y
2011-05-23,6436.0,0.0384,,,000819,有色金属,CNY,CN10Y
2011-05-24,6555.08,0.038414,,,000819,有色金属,CNY,CN10Y
2011-05-25,6482.24,0.038382,,,000819,有色金属,CNY,CN10Y
2011-05-26,6456.5,0.038352,,,000819,有色金属,CNY,CN10Y
2011-05-27,6301.74,0.038217,,,000819,有色金属,CNY,CN10Y
2011-05-30,6214.66,0.038256,,,000819,有色金属,CNY,CN10Y
2011-05-31,6358.83,0.038311,,,000819,有色金属,CNY,CN10Y
2011-06-01,6389.48,0.038311,,,000819,有色金属,CNY,CN10Y
2011-06-02,6380.62,0.0383369999999999,,,000819,有色金属,CNY,CN10Y
2011-06-03,6451.01,0.0383369999999999,,,000819,有色金属,CNY,CN10Y
2011-06-07,6631.84,0.038341,,,000819,有色金属,CNY,CN10Y
2011-06-08,6672.26,0.038572,,,000819,有色金属,CNY,CN10Y
2011-06-09,6563.69,0.038726,,,000819,有色金属,CNY,CN10Y
2011-06-10,6505.2,0.03894,,,000819,有色金属,CNY,CN10Y
2011-06-13,6571.78,0.039036,,,000819,有色金属,CNY,CN10Y
2011-06-14,6651.13,0.039406,,,000819,有色金属,CNY,CN10Y
2011-06-15,6571.98,0.039986,,,000819,有色金属,CNY,CN10Y
2011-06-16,6453.2,0.039839,,,000819,有色金属,CNY,CN10Y
2011-06-17,6228.8,0.039803,,,000819,有色金属,CNY,CN10Y
2011-06-20,6158.52,0.039413,,,000819,有色金属,CNY,CN10Y
2011-06-21,6203.21,0.039003,,,000819,有色金属,CNY,CN10Y
2011-06-22,6179.85,0.039555,,,000819,有色金属,CNY,CN10Y
2011-06-23,6280.96,0.039691,,,000819,有色金属,CNY,CN10Y
2011-06-24,6423.88,0.038963,,,000819,有色金属,CNY,CN10Y
2011-06-27,6451.41,0.038703,,,000819,有色金属,CNY,CN10Y
2011-06-28,6553.44,0.038801,,,000819,有色金属,CNY,CN10Y
2011-06-29,6436.2,0.038833,,,000819,有色金属,CNY,CN10Y
2011-06-30,6564.04,0.038857,,,000819,有色金属,CNY,CN10Y
2011-07-01,6598.28,0.038775,,,000819,有色金属,CNY,CN10Y
2011-07-04,6877.98,0.038842,,,000819,有色金属,CNY,CN10Y
2011-07-05,6887.11,0.038909,,,000819,有色金属,CNY,CN10Y
2011-07-06,6931.31,0.039116,,,000819,有色金属,CNY,CN10Y
2011-07-07,6855.44,0.039021,,,000819,有色金属,CNY,CN10Y
2011-07-08,6841.97,0.038881,11.72,0.046443232081911257,000819,有色金属,CNY,CN10Y
2011-07-11,6880.78,0.038923,11.72,0.046401232081911256,000819,有色金属,CNY,CN10Y
2011-07-12,6724.68,0.0388989999999999,11.72,0.046425232081911356,000819,有色金属,CNY,CN10Y
2011-07-13,6924.34,0.038913,11.72,0.04641123208191125,000819,有色金属,CNY,CN10Y
2011-07-14,7060.39,0.0392039999999999,11.72,0.04612023208191136,000819,有色金属,CNY,CN10Y
2011-07-15,7113.59,0.039278,11.68,0.04633843835616438,000819,有色金属,CNY,CN10Y
2011-07-18,7073.94,0.039558,11.63,0.04642652278589853,000819,有色金属,CNY,CN10Y
2011-07-19,7079.93,0.040088,12.85,0.03773301167315175,000819,有色金属,CNY,CN10Y
2011-07-20,7009.19,0.040715,12.88,0.036924751552795024,000819,有色金属,CNY,CN10Y
2011-07-21,6851.76,0.0408889999999999,12.79,0.037297082877247964,000819,有色金属,CNY,CN10Y
2011-07-22,6860.2,0.040671,12.81,0.037393012490242,000819,有色金属,CNY,CN10Y
2011-07-25,6666.27,0.040663,12.52,0.03920920447284345,000819,有色金属,CNY,CN10Y
2011-07-26,6760.35,0.040753,12.61,0.03854914115781127,000819,有色金属,CNY,CN10Y
2011-07-27,6922.25,0.0408549999999999,12.63,0.038321563737133905,000819,有色金属,CNY,CN10Y
2011-07-28,6923.53,0.040627,12.57,0.03892749482895783,000819,有色金属,CNY,CN10Y
2011-07-29,6759.17,0.040477,12.61,0.03882514115781127,000819,有色金属,CNY,CN10Y
2011-08-01,6805.79,0.040502,12.61,0.03880014115781127,000819,有色金属,CNY,CN10Y
2011-08-02,6710.18,0.040615,12.61,0.03868714115781127,000819,有色金属,CNY,CN10Y
2011-08-03,6743.36,0.041201,12.42,0.03931429790660225,000819,有色金属,CNY,CN10Y
2011-08-04,6734.51,0.040911,12.42,0.03960429790660225,000819,有色金属,CNY,CN10Y
2011-08-05,6565.11,0.040423,12.15,0.04188152674897119,000819,有色金属,CNY,CN10Y
2011-08-08,6375.84,0.040007,11.75,0.0450993829787234,000819,有色金属,CNY,CN10Y
2011-08-09,6381.88,0.039554,11.77,0.04540776720475786,000819,有色金属,CNY,CN10Y
2011-08-10,6433.31,0.039639,11.85,0.044749185654008435,000819,有色金属,CNY,CN10Y
2011-08-11,6502.88,0.039291,11.98,0.04418145409015025,000819,有色金属,CNY,CN10Y
2011-08-12,6504.69,0.039268,12.0,0.04406533333333333,000819,有色金属,CNY,CN10Y
2011-08-15,6572.19,0.0392309999999999,12.16,0.043005842105263266,000819,有色金属,CNY,CN10Y
2011-08-16,6559.03,0.039492,12.08,0.04328945695364239,000819,有色金属,CNY,CN10Y
2011-08-17,6493.91,0.039432,12.06,0.04348673963515754,000819,有色金属,CNY,CN10Y
2011-08-18,6430.89,0.03956,11.9,0.044473613445378146,000819,有色金属,CNY,CN10Y
2011-08-19,6369.74,0.039331,11.79,0.04548664206955048,000819,有色金属,CNY,CN10Y
2011-08-22,6306.48,0.039325,11.7,0.04614508547008547,000819,有色金属,CNY,CN10Y
2011-08-23,6371.88,0.039356,11.87,0.04488999831508003,000819,有色金属,CNY,CN10Y
2011-08-24,6314.2,0.039501,11.79,0.045316642069550474,000819,有色金属,CNY,CN10Y
2011-08-25,6471.18,0.03975,12.19,0.04228445447087777,000819,有色金属,CNY,CN10Y
2011-08-26,6505.67,0.039886,12.16,0.042350842105263166,000819,有色金属,CNY,CN10Y
2011-08-29,6402.5,0.040994,11.97,0.04254818880534669,000819,有色金属,CNY,CN10Y
2011-08-30,6355.73,0.041303,11.97,0.042239188805346696,000819,有色金属,CNY,CN10Y
2011-08-31,6356.7,0.04105,12.0,0.042283333333333326,000819,有色金属,CNY,CN10Y
2011-09-01,6297.33,0.040708,11.98,0.04276445409015025,000819,有色金属,CNY,CN10Y
2011-09-02,6239.19,0.0407,11.86,0.04361703204047218,000819,有色金属,CNY,CN10Y
2011-09-05,6120.77,0.0405009999999999,11.68,0.04511543835616448,000819,有色金属,CNY,CN10Y
2011-09-06,6120.86,0.040107,11.66,0.04565629331046312,000819,有色金属,CNY,CN10Y
2011-09-07,6223.97,0.0405,11.86,0.04381703204047218,000819,有色金属,CNY,CN10Y
2011-09-08,6174.86,0.04065,11.81,0.044024005080440305,000819,有色金属,CNY,CN10Y
2011-09-09,6154.13,0.040452,11.84,0.044007459459459455,000819,有色金属,CNY,CN10Y
2011-09-13,5988.88,0.040208,11.76,0.04482601360544217,000819,有色金属,CNY,CN10Y
2011-09-14,6027.24,0.0402099999999999,11.79,0.04460764206955058,000819,有色金属,CNY,CN10Y
2011-09-15,6013.35,0.040495,11.75,0.0446113829787234,000819,有色金属,CNY,CN10Y
2011-09-16,6016.83,0.040752,11.78,0.04413764346349747,000819,有色金属,CNY,CN10Y
2011-09-19,5875.04,0.040801,11.6,0.04540589655172415,000819,有色金属,CNY,CN10Y
2011-09-20,5891.89,0.040801,11.64,0.0451096529209622,000819,有色金属,CNY,CN10Y
2011-09-21,6114.23,0.040908,11.89,0.04319628931875526,000819,有色金属,CNY,CN10Y
2011-09-22,5899.53,0.040676,11.58,0.04567978583765112,000819,有色金属,CNY,CN10Y
2011-09-23,5817.79,0.039662,11.53,0.04706826886383347,000819,有色金属,CNY,CN10Y
2011-09-26,5660.94,0.0388779999999999,11.35,0.0492277268722468,000819,有色金属,CNY,CN10Y
2011-09-27,5702.39,0.039158,11.47,0.04802595815170009,000819,有色金属,CNY,CN10Y
2011-09-28,5646.88,0.039203,11.42,0.04836267425569177,000819,有色金属,CNY,CN10Y
2011-09-29,5451.59,0.03884,11.41,0.048802418930762495,000819,有色金属,CNY,CN10Y
2011-09-30,5473.14,0.038605,11.41,0.049037418930762494,000819,有色金属,CNY,CN10Y
2011-10-08,,0.038605,11.41,0.049037418930762494,000819,有色金属,CNY,CN10Y
2011-10-09,,0.038056,11.41,0.049586418930762495,000819,有色金属,CNY,CN10Y
2011-10-10,5414.17,0.0377059999999999,11.34,0.050477421516754946,000819,有色金属,CNY,CN10Y
2011-10-11,5391.79,0.037593,11.4,0.05012629824561403,000819,有色金属,CNY,CN10Y
2011-10-12,5565.63,0.038005,11.69,0.04753819931565441,000819,有色金属,CNY,CN10Y
2011-10-13,5639.36,0.038205,11.76,0.04682901360544217,000819,有色金属,CNY,CN10Y
2011-10-14,5613.81,0.037707,11.74,0.04747187563884157,000819,有色金属,CNY,CN10Y
2011-10-17,5600.26,0.037906,11.81,0.0467680050804403,000819,有色金属,CNY,CN10Y
2011-10-18,5360.81,0.0374069999999999,11.6,0.048799896551724245,000819,有色金属,CNY,CN10Y
2011-10-19,5304.81,0.037311,11.61,0.048821644272179165,000819,有色金属,CNY,CN10Y
2011-10-20,5153.36,0.037266,11.48,0.04984201393728222,000819,有色金属,CNY,CN10Y
2011-10-21,4991.52,0.037385,11.47,0.04979895815170009,000819,有色金属,CNY,CN10Y
2011-10-24,5107.49,0.037533,11.74,0.04764587563884157,000819,有色金属,CNY,CN10Y
2011-10-25,5293.26,0.03796,11.85,0.046428185654008435,000819,有色金属,CNY,CN10Y
2011-10-26,5360.21,0.037918,11.91,0.04604505625524769,000819,有色金属,CNY,CN10Y
2011-10-27,5332.06,0.0380319999999999,11.97,0.045510188805346796,000819,有色金属,CNY,CN10Y
2011-10-28,5477.63,0.03787,12.1,0.044774628099173555,000819,有色金属,CNY,CN10Y
2011-10-31,5455.22,0.037607,12.04,0.045449478405315616,000819,有色金属,CNY,CN10Y
2011-11-01,5410.12,0.037395,12.06,0.045523739635157545,000819,有色金属,CNY,CN10Y
2011-11-02,5456.52,0.037208,12.22,0.044625060556464806,000819,有色金属,CNY,CN10Y
2011-11-03,5528.14,0.037233,12.21,0.044667081900081895,000819,有色金属,CNY,CN10Y
2011-11-04,5633.73,0.037158,12.32,0.04401083116883117,000819,有色金属,CNY,CN10Y
2011-11-07,5594.66,0.037333,12.21,0.0445670819000819,000819,有色金属,CNY,CN10Y
2011-11-08,5563.5,0.036988,12.26,0.04457806851549755,000819,有色金属,CNY,CN10Y
2011-11-09,5626.61,0.036436,12.33,0.04466700081103,000819,有色金属,CNY,CN10Y
2011-11-10,5473.29,0.035563,12.09,0.047149985938792396,000819,有色金属,CNY,CN10Y
2011-11-11,5492.57,0.035916,12.12,0.04659225082508251,000819,有色金属,CNY,CN10Y
2011-11-14,5628.85,0.035807,12.34,0.04523027714748785,000819,有色金属,CNY,CN10Y
2011-11-15,5653.22,0.036563,12.29,0.04480396501220506,000819,有色金属,CNY,CN10Y
2011-11-16,5484.93,0.03626,11.99,0.04714283569641367,000819,有色金属,CNY,CN10Y
2011-11-17,5453.65,0.03636,11.98,0.047112454090150246,000819,有色金属,CNY,CN10Y
2011-11-18,5263.41,0.036412,11.83,0.04811885376162299,000819,有色金属,CNY,CN10Y
2011-11-21,5284.56,0.036598,11.81,0.048076005080440305,000819,有色金属,CNY,CN10Y
2011-11-22,5266.22,0.036412,11.81,0.048262005080440304,000819,有色金属,CNY,CN10Y
2011-11-23,5209.74,0.035914,11.73,0.04933749190110827,000819,有色金属,CNY,CN10Y
2011-11-24,5178.94,0.036103,11.78,0.04878664346349746,000819,有色金属,CNY,CN10Y
2011-11-25,5169.44,0.036115,9.74,0.06655440451745379,000819,有色金属,CNY,CN10Y
2011-11-28,5189.86,0.036402,9.76,0.06605701639344264,000819,有色金属,CNY,CN10Y
2011-11-29,5287.26,0.036315,9.85,0.06520784263959391,000819,有色金属,CNY,CN10Y
2011-11-30,5051.1,0.036091,9.59,0.06818428675703858,000819,有色金属,CNY,CN10Y
2011-12-01,5226.35,0.035005,9.83,0.06672439979654121,000819,有色金属,CNY,CN10Y
2011-12-02,5122.14,0.03472,9.77,0.06763414534288639,000819,有色金属,CNY,CN10Y
2011-12-05,4979.99,0.03442,9.76,0.06803901639344262,000819,有色金属,CNY,CN10Y
2011-12-06,4948.56,0.03479,9.73,0.06798492291880781,000819,有色金属,CNY,CN10Y
2011-12-07,4953.96,0.03489,9.76,0.06756901639344262,000819,有色金属,CNY,CN10Y
2011-12-08,4933.26,0.034953,9.75,0.06761110256410256,000819,有色金属,CNY,CN10Y
2011-12-09,4866.85,0.034817,9.72,0.06806365843621398,000819,有色金属,CNY,CN10Y
2011-12-12,4824.72,0.034927,9.63,0.06891515991692626,000819,有色金属,CNY,CN10Y
2011-12-13,4640.18,0.034982,9.57,0.0695112079414838,000819,有色金属,CNY,CN10Y
2011-12-14,4554.71,0.034807,9.55,0.06990504188481675,000819,有色金属,CNY,CN10Y
2011-12-15,4276.01,0.03489,9.4,0.07149297872340427,000819,有色金属,CNY,CN10Y
2011-12-16,4371.26,0.034637,9.56,0.06996551046025104,000819,有色金属,CNY,CN10Y
2011-12-19,4315.99,0.034702,9.53,0.07022979433368312,000819,有色金属,CNY,CN10Y
2011-12-20,4321.44,0.034655,9.54,0.07016680293501049,000819,有色金属,CNY,CN10Y
2011-12-21,4201.22,0.034709,9.5,0.07055415789473685,000819,有色金属,CNY,CN10Y
2011-12-22,4182.25,0.034752,9.52,0.0702900168067227,000819,有色金属,CNY,CN10Y
2011-12-23,4199.07,0.034803,9.6,0.06936366666666667,000819,有色金属,CNY,CN10Y
2011-12-26,4174.53,0.0346519999999999,9.53,0.07027979433368323,000819,有色金属,CNY,CN10Y
2011-12-27,4099.8,0.034603,9.48,0.07088223206751054,000819,有色金属,CNY,CN10Y
2011-12-28,4138.98,0.034603,9.52,0.07043901680672268,000819,有色金属,CNY,CN10Y
2011-12-29,4109.83,0.034453,9.55,0.07025904188481674,000819,有色金属,CNY,CN10Y
2011-12-30,4222.32,0.034303,9.63,0.06953915991692626,000819,有色金属,CNY,CN10Y
2011-12-31,,0.034211,9.63,0.06963115991692626,000819,有色金属,CNY,CN10Y
2012-01-04,4145.26,0.0343949999999999,9.63,0.06944715991692636,000819,有色金属,CNY,CN10Y
2012-01-05,4026.13,0.034304,9.63,0.06953815991692626,000819,有色金属,CNY,CN10Y
2012-01-06,4109.02,0.03397,9.63,0.06987215991692626,000819,有色金属,CNY,CN10Y
2012-01-09,4326.03,0.0338059999999999,9.63,0.07003615991692635,000819,有色金属,CNY,CN10Y
2012-01-10,4550.24,0.03403,9.63,0.06981215991692627,000819,有色金属,CNY,CN10Y
2012-01-11,4575.57,0.0342079999999999,9.63,0.06963415991692637,000819,有色金属,CNY,CN10Y
2012-01-12,4625.34,0.03402,9.63,0.06982215991692625,000819,有色金属,CNY,CN10Y
2012-01-13,4572.98,0.034108,9.63,0.06973415991692626,000819,有色金属,CNY,CN10Y
2012-01-16,4359.09,0.034233,9.63,0.06960915991692626,000819,有色金属,CNY,CN10Y
2012-01-17,4786.4,0.034045,9.63,0.06979715991692625,000819,有色金属,CNY,CN10Y
2012-01-18,4767.21,0.033957,9.63,0.06988515991692626,000819,有色金属,CNY,CN10Y
2012-01-19,4930.21,0.0337579999999999,9.63,0.07008415991692636,000819,有色金属,CNY,CN10Y
2012-01-20,4899.31,0.033808,9.63,0.07003415991692627,000819,有色金属,CNY,CN10Y
2012-01-21,,0.033811,9.63,0.07003115991692627,000819,有色金属,CNY,CN10Y
2012-01-29,,0.033812,9.63,0.07003015991692627,000819,有色金属,CNY,CN10Y
2012-01-30,4882.83,0.034005,9.63,0.06983715991692627,000819,有色金属,CNY,CN10Y
2012-01-31,4901.69,0.034064,9.63,0.06977815991692626,000819,有色金属,CNY,CN10Y
2012-02-01,4749.49,0.034318,9.63,0.06952415991692626,000819,有色金属,CNY,CN10Y
2012-02-02,4875.56,0.0344099999999999,9.63,0.06943215991692636,000819,有色金属,CNY,CN10Y
2012-02-03,4911.88,0.03436,9.63,0.06948215991692626,000819,有色金属,CNY,CN10Y
2012-02-06,4900.69,0.0347849999999999,9.63,0.06905715991692636,000819,有色金属,CNY,CN10Y
2012-02-07,4826.37,0.03481,9.63,0.06903215991692627,000819,有色金属,CNY,CN10Y
2012-02-08,5140.4,0.035098,9.63,0.06874415991692626,000819,有色金属,CNY,CN10Y
2012-02-09,5090.67,0.035409,9.63,0.06843315991692625,000819,有色金属,CNY,CN10Y
2012-02-10,5077.85,0.03521,9.63,0.06863215991692626,000819,有色金属,CNY,CN10Y
2012-02-13,5091.04,0.035148,9.63,0.06869415991692626,000819,有色金属,CNY,CN10Y
2012-02-14,5059.24,0.03516,9.63,0.06868215991692626,000819,有色金属,CNY,CN10Y
2012-02-15,5142.05,0.035335,9.63,0.06850715991692627,000819,有色金属,CNY,CN10Y
2012-02-16,5108.25,0.035361,9.63,0.06848115991692627,000819,有色金属,CNY,CN10Y
2012-02-17,5104.19,0.035361,9.63,0.06848115991692627,000819,有色金属,CNY,CN10Y
2012-02-20,5110.36,0.035116,9.63,0.06872615991692627,000819,有色金属,CNY,CN10Y
2012-02-21,5153.76,0.035164,9.63,0.06867815991692626,000819,有色金属,CNY,CN10Y
2012-02-22,5215.22,0.035276,9.63,0.06856615991692626,000819,有色金属,CNY,CN10Y
2012-02-23,5270.22,0.035254,9.63,0.06858815991692627,000819,有色金属,CNY,CN10Y
2012-02-24,5310.52,0.035164,9.63,0.06867815991692626,000819,有色金属,CNY,CN10Y
2012-02-27,5352.92,0.035501,9.63,0.06834115991692627,000819,有色金属,CNY,CN10Y
2012-02-28,5334.97,0.035464,9.63,0.06837815991692625,000819,有色金属,CNY,CN10Y
2012-02-29,5358.35,0.0353399999999999,9.63,0.06850215991692636,000819,有色金属,CNY,CN10Y
2012-03-01,5309.46,0.0355,9.63,0.06834215991692627,000819,有色金属,CNY,CN10Y
2012-03-02,5390.92,0.035616,9.63,0.06822615991692627,000819,有色金属,CNY,CN10Y
2012-03-05,5412.93,0.035614,9.63,0.06822815991692627,000819,有色金属,CNY,CN10Y
2012-03-06,5288.9,0.0354649999999999,9.63,0.06837715991692636,000819,有色金属,CNY,CN10Y
2012-03-07,5175.76,0.035316,9.63,0.06852615991692626,000819,有色金属,CNY,CN10Y
2012-03-08,5321.09,0.035316,10.24,0.06234025,000819,有色金属,CNY,CN10Y
2012-03-09,5434.68,0.035367,10.28,0.06190926459143969,000819,有色金属,CNY,CN10Y
2012-03-12,5489.5,0.035242,10.22,0.06260535812133072,000819,有色金属,CNY,CN10Y
2012-03-13,5519.83,0.0354009999999999,10.31,0.06159221047526683,000819,有色金属,CNY,CN10Y
2012-03-14,5345.08,0.035451,10.15,0.06307116748768471,000819,有色金属,CNY,CN10Y
2012-03-15,5247.08,0.035589,10.12,0.06322522924901186,000819,有色金属,CNY,CN10Y
2012-03-16,5394.1,0.035483,10.1,0.06352690099009901,000819,有色金属,CNY,CN10Y
2012-03-19,5538.77,0.03559,10.07,0.06371486593843098,000819,有色金属,CNY,CN10Y
2012-03-20,5432.76,0.035601,9.99,0.0644991001001001,000819,有色金属,CNY,CN10Y
2012-03-21,5573.9,0.035608,9.96,0.0647936064257028,000819,有色金属,CNY,CN10Y
2012-03-22,5456.55,0.035502,9.96,0.0648996064257028,000819,有色金属,CNY,CN10Y
2012-03-23,5359.14,0.035267,9.91,0.06564117356205854,000819,有色金属,CNY,CN10Y
2012-03-26,5346.28,0.035247,9.91,0.06566117356205853,000819,有色金属,CNY,CN10Y
2012-03-27,5417.52,0.035403,9.91,0.06550517356205854,000819,有色金属,CNY,CN10Y
2012-03-28,5163.78,0.035223,9.91,0.06568517356205852,000819,有色金属,CNY,CN10Y
2012-03-29,5006.92,0.035143,9.91,0.06576517356205852,000819,有色金属,CNY,CN10Y
2012-03-30,4954.6,0.035054,9.91,0.06585417356205853,000819,有色金属,CNY,CN10Y
2012-03-31,,0.035004,9.91,0.06590417356205852,000819,有色金属,CNY,CN10Y
2012-04-01,,0.035204,9.91,0.06570417356205853,000819,有色金属,CNY,CN10Y
2012-04-05,5143.57,0.035191,9.8,0.0668498163265306,000819,有色金属,CNY,CN10Y
2012-04-06,5152.11,0.035203,9.89,0.06590923458038422,000819,有色金属,CNY,CN10Y
2012-04-09,5107.72,0.035352,9.82,0.06648099389002035,000819,有色金属,CNY,CN10Y
2012-04-10,5140.11,0.035366,9.89,0.06574623458038423,000819,有色金属,CNY,CN10Y
2012-04-11,5114.57,0.035308,10.07,0.06399686593843099,000819,有色金属,CNY,CN10Y
2012-04-12,5210.07,0.035407,10.06,0.06399657852882704,000819,有色金属,CNY,CN10Y
2012-04-13,5292.96,0.0352769999999999,27.98,0.0004628141529665064,000819,有色金属,CNY,CN10Y
2012-04-16,5240.0,0.035318,27.6,0.0009138840579710136,000819,有色金属,CNY,CN10Y
2012-04-17,5188.05,0.035291,27.44,0.0011521486880466392,000819,有色金属,CNY,CN10Y
2012-04-18,5304.7,0.035366,28.1,0.00022118861209963897,000819,有色金属,CNY,CN10Y
2012-04-19,5299.68,0.035518,28.09,8.185760056959868e-05,000819,有色金属,CNY,CN10Y
2012-04-20,5335.06,0.035414,28.27,-4.081287584011689e-05,000819,有色金属,CNY,CN10Y
2012-04-23,5238.97,0.035407,27.95,0.00037117531305903145,000819,有色金属,CNY,CN10Y
2012-04-24,5204.46,0.035302,27.95,0.0004761753130590324,000819,有色金属,CNY,CN10Y
2012-04-25,5319.11,0.035369,27.95,0.00040917531305903476,000819,有色金属,CNY,CN10Y
2012-04-26,5356.59,0.035357,28.46,-0.0002199655657062552,000819,有色金属,CNY,CN10Y
2012-04-27,5339.86,0.035389,28.37,-0.00014049806133239334,000819,有色金属,CNY,CN10Y
2012-04-28,,0.035391,28.37,-0.00014249806133239534,000819,有色金属,CNY,CN10Y
2012-05-02,5576.8,0.035449,29.63,-0.0016994218697266306,000819,有色金属,CNY,CN10Y
2012-05-03,5574.39,0.035454,31.87,-0.004076529024160655,000819,有色金属,CNY,CN10Y
2012-05-04,5679.68,0.035512,30.17,-0.0023664912164401766,000819,有色金属,CNY,CN10Y
2012-05-07,5742.36,0.035518,30.52,-0.002752600262123199,000819,有色金属,CNY,CN10Y
2012-05-08,5768.8,0.03552,30.61,-0.0028509376020908195,000819,有色金属,CNY,CN10Y
2012-05-09,5607.61,0.035414,29.75,-0.001800554621848742,000819,有色金属,CNY,CN10Y
2012-05-10,5672.15,0.035287,29.97,-0.0019202999666332946,000819,有色金属,CNY,CN10Y
2012-05-11,5598.49,0.034907,29.58,-0.0011003739012846528,000819,有色金属,CNY,CN10Y
2012-05-14,5486.06,0.034461,29.0,2.1758620689656116e-05,000819,有色金属,CNY,CN10Y
2012-05-15,5460.97,0.03405,28.91,0.0005401072293324122,000819,有色金属,CNY,CN10Y
2012-05-16,5411.67,0.033618,29.11,0.0007344562006183428,000819,有色金属,CNY,CN10Y
2012-05-17,5500.62,0.034116,29.11,0.00023645620061834433,000819,有色金属,CNY,CN10Y
2012-05-18,5449.02,0.033614,28.82,0.0010841263011797386,000819,有色金属,CNY,CN10Y
2012-05-21,5560.38,0.033866,29.41,0.00013604012240734514,000819,有色金属,CNY,CN10Y
2012-05-22,5589.02,0.033948,29.64,-0.00020980836707152478,000819,有色金属,CNY,CN10Y
2012-05-23,5493.7,0.033825,29.09,0.0005510742523203854,000819,有色金属,CNY,CN10Y
2012-05-24,5480.04,0.0336189999999999,29.09,0.0007570742523204874,000819,有色金属,CNY,CN10Y
2012-05-25,5462.79,0.033019,28.95,0.0015233143350604494,000819,有色金属,CNY,CN10Y
2012-05-28,5515.49,0.033418,29.23,0.0007934266164899006,000819,有色金属,CNY,CN10Y
2012-05-29,5663.62,0.033718,29.92,-0.0002955401069518748,000819,有色金属,CNY,CN10Y
2012-05-30,5626.86,0.033766,29.76,-0.0001638494623655909,000819,有色金属,CNY,CN10Y
2012-05-31,5618.81,0.033443,29.72,0.0002043755047106341,000819,有色金属,CNY,CN10Y
2012-06-01,5657.94,0.033416,30.11,-0.00020444237794752657,000819,有色金属,CNY,CN10Y
2012-06-04,5537.16,0.033469,29.5,0.00042930508474576384,000819,有色金属,CNY,CN10Y
2012-06-05,5493.82,0.033568,29.5,0.000330305084745762,000819,有色金属,CNY,CN10Y
2012-06-06,5584.2,0.0336,29.5,0.00029830508474576467,000819,有色金属,CNY,CN10Y
2012-06-07,5526.53,0.033751,29.5,0.00014730508474575937,000819,有色金属,CNY,CN10Y
2012-06-08,5442.83,0.033101,12.22,0.048732060556464805,000819,有色金属,CNY,CN10Y
2012-06-11,5562.86,0.033491,29.41,0.0005110401224073455,000819,有色金属,CNY,CN10Y
2012-06-12,5512.27,0.033747,29.15,0.0005583173241852507,000819,有色金属,CNY,CN10Y
2012-06-13,5578.2,0.0339089999999999,29.48,1.2302578019096622e-05,000819,有色金属,CNY,CN10Y
2012-06-14,5524.1,0.034009,29.2,0.00023757534246575396,000819,有色金属,CNY,CN10Y
2012-06-15,5538.56,0.033932,29.29,0.00020934516899966116,000819,有色金属,CNY,CN10Y
2012-06-18,5564.59,0.034107,29.43,-0.0001280669384981295,000819,有色金属,CNY,CN10Y
2012-06-19,5486.57,0.034093,29.11,0.0002594562006183465,000819,有色金属,CNY,CN10Y
2012-06-20,5494.91,0.034101,29.09,0.00027507425232038696,000819,有色金属,CNY,CN10Y
2012-06-21,5399.96,0.034001,28.57,0.0010007500875043734,000819,有色金属,CNY,CN10Y
2012-06-25,5177.46,0.033677,27.42,0.0027927301239970836,000819,有色金属,CNY,CN10Y
2012-06-26,5168.78,0.033653,27.39,0.0028566750638919294,000819,有色金属,CNY,CN10Y
2012-06-27,5090.23,0.033252,26.99,0.003798759540570587,000819,有色金属,CNY,CN10Y
2012-06-28,4977.06,0.033253,26.41,0.004611445285876564,000819,有色金属,CNY,CN10Y
2012-06-29,5081.04,0.033253,26.97,0.0038252350760103887,000819,有色金属,CNY,CN10Y
2012-07-02,5137.28,0.033353,27.05,0.003615576709796668,000819,有色金属,CNY,CN10Y
2012-07-03,5116.54,0.033204,27.14,0.0036419837877671377,000819,有色金属,CNY,CN10Y
2012-07-04,5142.91,0.033195,27.3,0.0034350366300366295,000819,有色金属,CNY,CN10Y
2012-07-05,5039.36,0.033193,26.74,0.004204157816005985,000819,有色金属,CNY,CN10Y
2012-07-06,5181.37,0.0329599999999999,27.47,0.0034433491081180476,000819,有色金属,CNY,CN10Y
2012-07-09,5059.12,0.032709,26.84,0.004548824143070042,000819,有色金属,CNY,CN10Y
2012-07-10,5040.38,0.032549,26.77,0.004806248412401938,000819,有色金属,CNY,CN10Y
2012-07-11,5073.81,0.0323979999999999,26.93,0.004735308577794382,000819,有色金属,CNY,CN10Y
2012-07-12,5169.55,0.032502,27.42,0.003967730123997079,000819,有色金属,CNY,CN10Y
2012-07-13,5128.92,0.032591,27.2,0.0041737058823529405,000819,有色金属,CNY,CN10Y
2012-07-16,4996.35,0.0327519999999999,26.5,0.004983849056603873,000819,有色金属,CNY,CN10Y
2012-07-17,5044.19,0.03285,26.71,0.004589161362785477,000819,有色金属,CNY,CN10Y
2012-07-18,5058.25,0.032858,26.78,0.004483299477221807,000819,有色金属,CNY,CN10Y
2012-07-19,5065.2,0.03286,26.82,0.004425607755406409,000819,有色金属,CNY,CN10Y
2012-07-20,5002.79,0.03281,26.82,0.0044756077554064105,000819,有色金属,CNY,CN10Y
2012-07-23,4917.22,0.03276,26.02,0.005671975403535742,000819,有色金属,CNY,CN10Y
2012-07-24,4924.1,0.032759,26.04,0.005643457757296466,000819,有色金属,CNY,CN10Y
2012-07-25,4887.3,0.03276,26.04,0.005642457757296472,000819,有色金属,CNY,CN10Y
2012-07-26,4885.38,0.032763,25.85,0.005921719535783361,000819,有色金属,CNY,CN10Y
2012-07-27,4869.37,0.032764,25.78,0.006025759503491074,000819,有色金属,CNY,CN10Y
2012-07-30,4748.86,0.032755,25.18,0.006959058776806991,000819,有色金属,CNY,CN10Y
2012-07-31,4661.54,0.032915,24.69,0.0075872276225192395,000819,有色金属,CNY,CN10Y
2012-08-01,4764.91,0.032921,25.25,0.0066829603960396056,000819,有色金属,CNY,CN10Y
2012-08-02,4693.24,0.032861,24.91,0.007283520272982735,000819,有色金属,CNY,CN10Y
2012-08-03,4779.25,0.032902,25.38,0.006499103230890466,000819,有色金属,CNY,CN10Y
2012-08-06,4987.76,0.0331,26.51,0.004621614485099963,000819,有色金属,CNY,CN10Y
2012-08-07,5074.43,0.0333,26.97,0.0037782350760103833,000819,有色金属,CNY,CN10Y
2012-08-08,5082.71,0.033545,27.03,0.0034509304476507616,000819,有色金属,CNY,CN10Y
2012-08-09,5105.22,0.033023,27.15,0.003809412523020264,000819,有色金属,CNY,CN10Y
2012-08-10,5046.51,0.032825,26.82,0.004460607755406409,000819,有色金属,CNY,CN10Y
2012-08-13,4977.62,0.033029,26.45,0.004778183364839317,000819,有色金属,CNY,CN10Y
2012-08-14,4966.23,0.033105,26.39,0.004788141341417203,000819,有色金属,CNY,CN10Y
2012-08-15,4887.94,0.033402,25.97,0.005103968425105895,000819,有色金属,CNY,CN10Y
2012-08-16,4874.47,0.033467,25.88,0.005172876352395675,000819,有色金属,CNY,CN10Y
2012-08-17,4897.82,0.033342,26.01,0.005104751249519417,000819,有色金属,CNY,CN10Y
2012-08-20,4890.58,0.033564,25.95,0.004971645472061664,000819,有色金属,CNY,CN10Y
2012-08-21,4929.73,0.033578,26.16,0.004648299694189603,000819,有色金属,CNY,CN10Y
2012-08-22,4872.12,0.033935,25.85,0.004749719535783362,000819,有色金属,CNY,CN10Y
2012-08-23,4998.03,0.033702,26.51,0.004019614485099958,000819,有色金属,CNY,CN10Y
2012-08-24,4890.1,0.033364,25.96,0.005156801232665639,000819,有色金属,CNY,CN10Y
2012-08-27,4730.8,0.033498,25.08,0.006374408293460927,000819,有色金属,CNY,CN10Y
2012-08-28,4729.92,0.033634,25.07,0.006254312724371762,000819,有色金属,CNY,CN10Y
2012-08-29,4613.76,0.033943,24.43,0.006990278755628326,000819,有色金属,CNY,CN10Y
2012-08-30,4555.54,0.033904,24.13,0.007538188147534194,000819,有色金属,CNY,CN10Y
2012-08-31,4507.19,0.033928,25.38,0.0054731032308904665,000819,有色金属,CNY,CN10Y
2012-09-03,4594.95,0.034001,25.38,0.005400103230890463,000819,有色金属,CNY,CN10Y
2012-09-04,4550.97,0.033836,25.67,0.0051199797428905305,000819,有色金属,CNY,CN10Y
2012-09-05,4563.9,0.033887,25.78,0.004902759503491075,000819,有色金属,CNY,CN10Y
2012-09-06,4624.46,0.033963,26.13,0.004307187523918871,000819,有色金属,CNY,CN10Y
2012-09-07,4875.82,0.034162,27.61,0.0020567613183629166,000819,有色金属,CNY,CN10Y
2012-09-10,4954.34,0.034611,28.04,0.0010523380884450775,000819,有色金属,CNY,CN10Y
2012-09-11,4932.5,0.034714,27.93,0.0010897952022914381,000819,有色金属,CNY,CN10Y
2012-09-12,5012.18,0.0349089999999999,28.36,0.00035193088857556065,000819,有色金属,CNY,CN10Y
2012-09-13,4887.48,0.034834,27.64,0.0013454500723589016,000819,有色金属,CNY,CN10Y
2012-09-14,5023.59,0.035485,28.43,-0.00031088814632430906,000819,有色金属,CNY,CN10Y
2012-09-17,4923.09,0.035717,27.91,0.00011245180938732058,000819,有色金属,CNY,CN10Y
2012-09-18,4802.54,0.035216,27.23,0.0015082012486228452,000819,有色金属,CNY,CN10Y
2012-09-19,4974.38,0.035166,28.23,0.00025730853701735196,000819,有色金属,CNY,CN10Y
2012-09-20,4795.66,0.035171,27.19,0.0016072272894446446,000819,有色金属,CNY,CN10Y
2012-09-21,4883.93,0.034998,27.67,0.0011422240693892277,000819,有色金属,CNY,CN10Y
2012-09-24,4908.73,0.034956,27.82,0.0009893630481667831,000819,有色金属,CNY,CN10Y
2012-09-25,4802.79,0.034676,27.21,0.002075194413818447,000819,有色金属,CNY,CN10Y
2012-09-26,4683.64,0.034444,26.56,0.003206602409638555,000819,有色金属,CNY,CN10Y
2012-09-27,4829.16,0.034525,27.37,0.00201135367190354,000819,有色金属,CNY,CN10Y
2012-09-28,4974.74,0.034575,28.21,0.0008734225451967337,000819,有色金属,CNY,CN10Y
2012-09-29,,0.034574,28.21,0.0008744225451967347,000819,有色金属,CNY,CN10Y
2012-10-08,4879.76,0.034814,27.66,0.0013392899493853971,000819,有色金属,CNY,CN10Y
2012-10-09,4970.45,0.034921,28.17,0.0005777575434859766,000819,有色金属,CNY,CN10Y
2012-10-10,4984.77,0.035036,28.27,0.00033718712415988644,000819,有色金属,CNY,CN10Y
2012-10-11,4936.32,0.03499,27.96,0.0007753791130185941,000819,有色金属,CNY,CN10Y
2012-10-12,4891.5,0.034807,27.71,0.0012810548538433816,000819,有色金属,CNY,CN10Y
2012-10-15,4777.59,0.03473,27.08,0.0021976218611521464,000819,有色金属,CNY,CN10Y
2012-10-16,4766.17,0.0349029999999999,27.02,0.0021066225018505844,000819,有色金属,CNY,CN10Y
2012-10-17,4803.25,0.035036,27.25,0.0016612477064220227,000819,有色金属,CNY,CN10Y
2012-10-18,4866.94,0.03519,27.6,0.0010418840579710167,000819,有色金属,CNY,CN10Y
2012-10-19,4828.89,0.03535,27.35,0.0012130712979890323,000819,有色金属,CNY,CN10Y
2012-10-22,4793.53,0.035293,27.14,0.001552983787767137,000819,有色金属,CNY,CN10Y
2012-10-23,4768.42,0.035454,27.03,0.0015419304476507606,000819,有色金属,CNY,CN10Y
2012-10-24,4720.24,0.035478,26.72,0.0019471497005988034,000819,有色金属,CNY,CN10Y
2012-10-25,4707.64,0.035672,26.65,0.0018514521575985002,000819,有色金属,CNY,CN10Y
2012-10-26,4537.84,0.035727,25.7,0.003183505836575874,000819,有色金属,CNY,CN10Y
2012-10-29,4490.71,0.035668,25.36,0.003764176656151419,000819,有色金属,CNY,CN10Y
2012-10-30,4493.44,0.035648,25.36,0.003784176656151418,000819,有色金属,CNY,CN10Y
2012-10-31,4518.94,0.035739,28.64,-0.0008227988826815663,000819,有色金属,CNY,CN10Y
2012-11-01,4648.66,0.0359839999999999,29.56,-0.002154500676589885,000819,有色金属,CNY,CN10Y
2012-11-02,4628.18,0.035852,29.42,-0.0018615173351461609,000819,有色金属,CNY,CN10Y
2012-11-05,4592.94,0.035872,29.17,-0.0015902036338704198,000819,有色金属,CNY,CN10Y
2012-11-06,4601.01,0.035771,29.28,-0.0016179945355191266,000819,有色金属,CNY,CN10Y
2012-11-07,4681.01,0.035644,29.86,-0.002154381781647688,000819,有色金属,CNY,CN10Y
2012-11-08,4543.58,0.035609,29.01,-0.0011381278869355416,000819,有色金属,CNY,CN10Y
2012-11-09,4523.93,0.035594,28.86,-0.0009439653499653533,000819,有色金属,CNY,CN10Y
2012-11-12,4567.89,0.035585,29.13,-0.0012561294198420864,000819,有色金属,CNY,CN10Y
2012-11-13,4477.43,0.03547,28.57,-0.00046824991249562464,000819,有色金属,CNY,CN10Y
2012-11-14,4543.88,0.035356,28.99,-0.0008613466712659515,000819,有色金属,CNY,CN10Y
2012-11-15,4442.1,0.035279,28.35,-5.631393298059784e-06,000819,有色金属,CNY,CN10Y
2012-11-16,4392.75,0.035133,28.01,0.0005685351660121366,000819,有色金属,CNY,CN10Y
2012-11-19,4431.05,0.03501,28.32,0.00030073446327683745,000819,有色金属,CNY,CN10Y
2012-11-20,4418.97,0.0351109999999999,28.27,0.0002621871241599849,000819,有色金属,CNY,CN10Y
2012-11-21,4467.35,0.035205,28.55,-0.0001787302977232924,000819,有色金属,CNY,CN10Y
2012-11-22,4411.32,0.035357,28.16,0.00015436363636363998,000819,有色金属,CNY,CN10Y
2012-11-23,4440.35,0.035428,28.36,-0.00016706911142454206,000819,有色金属,CNY,CN10Y
2012-11-26,4442.32,0.035511,28.38,-0.00027491825229034733,000819,有色金属,CNY,CN10Y
2012-11-27,4317.62,0.03557,27.56,0.0007144702467343986,000819,有色金属,CNY,CN10Y
2012-11-28,4188.78,0.035535,26.73,0.0018761485222596325,000819,有色金属,CNY,CN10Y
2012-11-29,4119.83,0.035311,26.3,0.0027118136882129246,000819,有色金属,CNY,CN10Y
2012-11-30,4178.0,0.035332,26.68,0.002149259370314842,000819,有色金属,CNY,CN10Y
2012-12-03,4077.77,0.035397,26.01,0.0030497512495194154,000819,有色金属,CNY,CN10Y
2012-12-04,4114.2,0.035498,26.21,0.0026553765738267787,000819,有色金属,CNY,CN10Y
2012-12-05,4292.58,0.035622,27.43,0.0008344345606999606,000819,有色金属,CNY,CN10Y
2012-12-06,4242.21,0.03558,27.08,0.0013476218611521429,000819,有色金属,CNY,CN10Y
2012-12-07,4335.08,0.035689,27.67,0.00045122406938923054,000819,有色金属,CNY,CN10Y
2012-12-10,4406.03,0.035707,28.14,-0.00017039729921820151,000819,有色金属,CNY,CN10Y
2012-12-11,4388.19,0.0356579999999999,28.02,3.079371877241083e-05,000819,有色金属,CNY,CN10Y
2012-12-12,4435.11,0.035666,28.36,-0.00040506911142454416,000819,有色金属,CNY,CN10Y
2012-12-13,4329.31,0.035649,27.65,0.0005173652802893322,000819,有色金属,CNY,CN10Y
2012-12-14,4511.89,0.035781,28.85,-0.0011189549393414225,000819,有色金属,CNY,CN10Y
2012-12-17,4573.91,0.035814,29.25,-0.0016259658119658071,000819,有色金属,CNY,CN10Y
2012-12-18,4637.86,0.035843,29.69,-0.0021616257999326413,000819,有色金属,CNY,CN10Y
2012-12-19,4602.0,0.035942,29.42,-0.0019515173351461607,000819,有色金属,CNY,CN10Y
2012-12-20,4710.55,0.036086,30.25,-0.0030281487603305776,000819,有色金属,CNY,CN10Y
2012-12-21,4650.74,0.03606,29.85,-0.0025591624790619813,000819,有色金属,CNY,CN10Y
2012-12-24,4652.43,0.036009,29.89,-0.0025529946470391404,000819,有色金属,CNY,CN10Y
2012-12-25,4723.85,0.035955,30.28,-0.002929900924702779,000819,有色金属,CNY,CN10Y
2012-12-26,4777.61,0.035925,30.64,-0.0032879242819843363,000819,有色金属,CNY,CN10Y
2012-12-27,4756.48,0.035803,30.49,-0.003005361429977038,000819,有色金属,CNY,CN10Y
2012-12-28,4804.35,0.035752,30.76,-0.0032422470741222398,000819,有色金属,CNY,CN10Y
2012-12-31,4867.84,0.035738,31.17,-0.003655869746551174,000819,有色金属,CNY,CN10Y
2013-01-04,4886.13,0.036062,30.8,-0.0035944675324675324,000819,有色金属,CNY,CN10Y
2013-01-05,,0.036003,30.8,-0.003535467532467536,000819,有色金属,CNY,CN10Y
2013-01-06,,0.03595,30.8,-0.0034824675324675383,000819,有色金属,CNY,CN10Y
2013-01-07,4832.04,0.035965,30.46,-0.0031350590938936315,000819,有色金属,CNY,CN10Y
2013-01-08,4858.94,0.035943,30.65,-0.0033165725938009774,000819,有色金属,CNY,CN10Y
2013-01-09,4825.67,0.03575,30.43,-0.002887693066053236,000819,有色金属,CNY,CN10Y
2013-01-10,4850.14,0.03595,30.6,-0.0032702614379084977,000819,有色金属,CNY,CN10Y
2013-01-11,4732.02,0.0359989999999999,29.87,-0.002520593572145867,000819,有色金属,CNY,CN10Y
2013-01-14,4866.71,0.036023,30.74,-0.003492095640858811,000819,有色金属,CNY,CN10Y
2013-01-15,4938.87,0.036008,31.22,-0.003977250480461242,000819,有色金属,CNY,CN10Y
2013-01-16,5011.18,0.0360469999999999,31.72,-0.004521148802017552,000819,有色金属,CNY,CN10Y
2013-01-17,4883.58,0.035986,30.92,-0.00364447347994825,000819,有色金属,CNY,CN10Y
2013-01-18,4933.96,0.035834,31.22,-0.0038032504804612413,000819,有色金属,CNY,CN10Y
2013-01-21,4910.8,0.035743,31.09,-0.0035783168221293,000819,有色金属,CNY,CN10Y
2013-01-22,4842.54,0.035705,30.64,-0.0030679242819843383,000819,有色金属,CNY,CN10Y
2013-01-23,4854.56,0.035682,30.72,-0.003129916666666663,000819,有色金属,CNY,CN10Y
2013-01-24,4750.72,0.035816,30.04,-0.002527051930758986,000819,有色金属,CNY,CN10Y
2013-01-25,4767.28,0.035837,30.12,-0.0026364687915006665,000819,有色金属,CNY,CN10Y
2013-01-28,4860.33,0.036042,30.72,-0.003489916666666662,000819,有色金属,CNY,CN10Y
2013-01-29,4918.69,0.036116,31.12,-0.003982323907455017,000819,有色金属,CNY,CN10Y
2013-01-30,4897.23,0.036053,31.0,-0.0037949354838709703,000819,有色金属,CNY,CN10Y
2013-01-31,5003.17,0.036054,31.71,-0.0045182068748029075,000819,有色金属,CNY,CN10Y
2013-02-01,4973.81,0.036004,31.49,-0.004247886948237536,000819,有色金属,CNY,CN10Y
2013-02-04,5052.85,0.036016,31.91,-0.004677861485427766,000819,有色金属,CNY,CN10Y
2013-02-05,5064.88,0.03591,31.94,-0.004601296180338131,000819,有色金属,CNY,CN10Y
2013-02-06,5067.54,0.035922,32.01,-0.004681762574195565,000819,有色金属,CNY,CN10Y
2013-02-07,5066.04,0.035928,31.96,-0.0046388886107634544,000819,有色金属,CNY,CN10Y
2013-02-08,5112.03,0.035859,32.27,-0.0048704657576696675,000819,有色金属,CNY,CN10Y
2013-02-16,,0.035922,32.27,-0.004933465757669668,000819,有色金属,CNY,CN10Y
2013-02-17,,0.035847,32.27,-0.004858465757669662,000819,有色金属,CNY,CN10Y
2013-02-18,4989.21,0.035929,31.46,-0.004142604577240944,000819,有色金属,CNY,CN10Y
2013-02-19,4886.94,0.035931,30.79,-0.0034529227021760298,000819,有色金属,CNY,CN10Y
2013-02-20,4923.51,0.035632,31.07,-0.0034466121660765986,000819,有色金属,CNY,CN10Y
2013-02-21,4718.15,0.035623,29.79,-0.002054688486069149,000819,有色金属,CNY,CN10Y
2013-02-22,4759.38,0.035708,30.1,-0.0024854086378737553,000819,有色金属,CNY,CN10Y
2013-02-25,4744.86,0.035821,29.99,-0.002476551850616869,000819,有色金属,CNY,CN10Y
2013-02-26,4657.55,0.035948,29.47,-0.002015186969799798,000819,有色金属,CNY,CN10Y
2013-02-27,4692.87,0.035904,29.7,-0.002233966329966329,000819,有色金属,CNY,CN10Y
2013-02-28,4787.22,0.0359569999999999,30.31,-0.0029645882547013128,000819,有色金属,CNY,CN10Y
2013-03-01,4755.35,0.035878,30.11,-0.0026664423779475255,000819,有色金属,CNY,CN10Y
2013-03-04,4567.96,0.035785,28.9,-0.0011829238754325205,000819,有色金属,CNY,CN10Y
2013-03-05,4635.02,0.03576,29.32,-0.0016535879945429738,000819,有色金属,CNY,CN10Y
2013-03-06,4672.56,0.035802,29.57,-0.001983941156577615,000819,有色金属,CNY,CN10Y
2013-03-07,4677.87,0.035813,29.57,-0.001994941156577612,000819,有色金属,CNY,CN10Y
2013-03-08,4654.18,0.035816,29.44,-0.0018486086956521763,000819,有色金属,CNY,CN10Y
2013-03-11,4646.2,0.03583,29.41,-0.0018279598775926553,000819,有色金属,CNY,CN10Y
2013-03-12,4587.32,0.035897,28.99,-0.0014023466712659513,000819,有色金属,CNY,CN10Y
2013-03-13,4615.55,0.035898,29.16,-0.0016044471879286676,000819,有色金属,CNY,CN10Y
2013-03-14,4554.48,0.035919,28.73,-0.0011121778628611217,000819,有色金属,CNY,CN10Y
2013-03-15,4528.85,0.035919,28.62,-0.000978399021663176,000819,有色金属,CNY,CN10Y
2013-03-18,4392.76,0.035971,27.79,1.3166966534722269e-05,000819,有色金属,CNY,CN10Y
2013-03-19,4413.66,0.035922,27.8,4.9223021582729676e-05,000819,有色金属,CNY,CN10Y
2013-03-20,4514.72,0.035722,28.49,-0.0006219648999648969,000819,有色金属,CNY,CN10Y
2013-03-21,4509.12,0.035819,28.44,-0.000657255977496482,000819,有色金属,CNY,CN10Y
2013-03-22,4511.15,0.035816,28.41,-0.0006171263639563537,000819,有色金属,CNY,CN10Y
2013-03-25,4558.49,0.0357699999999999,28.76,-0.0009994853963837674,000819,有色金属,CNY,CN10Y
2013-03-26,4467.89,0.035717,28.19,-0.0002434278112805957,000819,有色金属,CNY,CN10Y
2013-03-27,4472.72,0.035611,28.2,-0.00015000709219857578,000819,有色金属,CNY,CN10Y
2013-03-28,4358.92,0.035505,27.46,0.0009116059723233774,000819,有色金属,CNY,CN10Y
2013-03-29,4318.05,0.035392,27.21,0.0013591944138184459,000819,有色金属,CNY,CN10Y
2013-04-01,4270.28,0.035303,27.11,0.0015837576540022116,000819,有色金属,CNY,CN10Y
2013-04-02,4270.61,0.035106,27.15,0.0017264125230202626,000819,有色金属,CNY,CN10Y
2013-04-03,4265.02,0.035005,27.1,0.0018953690036900353,000819,有色金属,CNY,CN10Y
2013-04-07,,0.034907,27.1,0.001993369003690036,000819,有色金属,CNY,CN10Y
2013-04-08,4247.61,0.034905,26.95,0.00220075139146568,000819,有色金属,CNY,CN10Y
2013-04-09,4309.34,0.034705,27.36,0.0018447076023391795,000819,有色金属,CNY,CN10Y
2013-04-10,4344.93,0.034624,27.48,0.0017661018922852934,000819,有色金属,CNY,CN10Y
2013-04-11,4278.06,0.034705,27.08,0.0022226218611521437,000819,有色金属,CNY,CN10Y
2013-04-12,4243.8,0.034655,26.84,0.0026028241430700455,000819,有色金属,CNY,CN10Y
2013-04-15,4085.55,0.034405,25.91,0.004190137012736399,000819,有色金属,CNY,CN10Y
2013-04-16,4071.57,0.034005,25.81,0.004739672607516468,000819,有色金属,CNY,CN10Y
2013-04-17,4055.74,0.034131,25.68,0.004809809968847348,000819,有色金属,CNY,CN10Y
2013-04-18,4037.26,0.0344309999999999,25.59,0.004646764751856297,000819,有色金属,CNY,CN10Y
2013-04-19,4149.73,0.034503,26.32,0.0034909209726443763,000819,有色金属,CNY,CN10Y
2013-04-22,4148.85,0.034867,26.28,0.0031847503805174995,000819,有色金属,CNY,CN10Y
2013-04-23,4031.64,0.034629,25.54,0.004525267815191858,000819,有色金属,CNY,CN10Y
2013-04-24,4097.25,0.034498,25.97,0.004007968425105896,000819,有色金属,CNY,CN10Y
2013-04-25,4078.11,0.034314,25.9,0.004296038610038612,000819,有色金属,CNY,CN10Y
2013-04-26,4064.46,0.0343129999999999,25.81,0.004431672607516569,000819,有色金属,CNY,CN10Y
2013-04-27,,0.034311,25.81,0.004433672607516467,000819,有色金属,CNY,CN10Y
2013-04-28,,0.034314,25.81,0.004430672607516471,000819,有色金属,CNY,CN10Y
2013-05-02,3979.78,0.034119,29.73,-0.00048294214598048474,000819,有色金属,CNY,CN10Y
2013-05-03,4041.06,0.034212,30.22,-0.0011213315684976827,000819,有色金属,CNY,CN10Y
2013-05-06,4161.43,0.034354,32.66,-0.003735506429883649,000819,有色金属,CNY,CN10Y
2013-05-07,4211.47,0.034261,33.1,-0.004049519637462237,000819,有色金属,CNY,CN10Y
2013-05-08,4203.28,0.034345,33.06,-0.004096966122202058,000819,有色金属,CNY,CN10Y
2013-05-09,4208.21,0.034317,33.1,-0.004105519637462238,000819,有色金属,CNY,CN10Y
2013-05-10,4210.32,0.034212,33.15,-0.004046087481146304,000819,有色金属,CNY,CN10Y
2013-05-13,4196.21,0.034238,32.85,-0.0037965996955859962,000819,有色金属,CNY,CN10Y
2013-05-14,4144.87,0.034248,32.38,-0.0033647387276096383,000819,有色金属,CNY,CN10Y
2013-05-15,4143.62,0.034218,32.37,-0.0033251980228606696,000819,有色金属,CNY,CN10Y
2013-05-16,4165.35,0.034219,32.54,-0.0034875925015365704,000819,有色金属,CNY,CN10Y
2013-05-17,4231.65,0.034213,33.06,-0.003964966122202058,000819,有色金属,CNY,CN10Y
2013-05-20,4282.16,0.034253,33.51,-0.004411161742763351,000819,有色金属,CNY,CN10Y
2013-05-21,4300.51,0.034253,33.4,-0.004312880239520957,000819,有色金属,CNY,CN10Y
2013-05-22,4306.78,0.0341529999999999,33.47,-0.00427549775918723,000819,有色金属,CNY,CN10Y
2013-05-23,4228.41,0.03413,32.85,-0.0036885996955859993,000819,有色金属,CNY,CN10Y
2013-05-24,4277.18,0.0341809999999999,33.26,-0.00411485447985558,000819,有色金属,CNY,CN10Y
2013-05-27,4259.92,0.034166,33.13,-0.003981876848777547,000819,有色金属,CNY,CN10Y
2013-05-28,4338.3,0.034206,33.69,-0.004523601662214306,000819,有色金属,CNY,CN10Y
2013-05-29,4330.96,0.03434,33.6,-0.004578095238095242,000819,有色金属,CNY,CN10Y
2013-05-30,4310.43,0.03434,33.45,-0.004444633781763831,000819,有色金属,CNY,CN10Y
2013-05-31,4273.36,0.034399,33.2,-0.004278518072289159,000819,有色金属,CNY,CN10Y
2013-06-03,4241.05,0.034478,32.07,-0.0032962101652634877,000819,有色金属,CNY,CN10Y
2013-06-04,4183.22,0.034603,31.61,-0.0029674416323948113,000819,有色金属,CNY,CN10Y
2013-06-05,4192.54,0.034615,31.71,-0.0030792068748029047,000819,有色金属,CNY,CN10Y
2013-06-06,4133.9,0.034651,31.32,-0.002722519795657727,000819,有色金属,CNY,CN10Y
2013-06-07,4046.77,0.034822,30.71,-0.0022593168349071963,000819,有色金属,CNY,CN10Y
2013-06-08,,0.034822,30.71,-0.0022593168349071963,000819,有色金属,CNY,CN10Y
2013-06-09,,0.034491,30.71,-0.0019283168349071983,000819,有色金属,CNY,CN10Y
2013-06-13,3884.71,0.034591,29.41,-0.0005889598775926513,000819,有色金属,CNY,CN10Y
2013-06-14,3900.06,0.034689,29.56,-0.0008595006765899846,000819,有色金属,CNY,CN10Y
2013-06-17,3875.16,0.0347849999999999,29.38,-0.0007482402995233825,000819,有色金属,CNY,CN10Y
2013-06-18,3868.39,0.0348179999999999,29.31,-0.0006999515523710975,000819,有色金属,CNY,CN10Y
2013-06-19,3871.05,0.035516,29.34,-0.0014328370824812503,000819,有色金属,CNY,CN10Y
2013-06-20,3717.99,0.037016,28.2,-0.0015550070921985792,000819,有色金属,CNY,CN10Y
2013-06-21,3687.91,0.036014,27.93,-0.0002102047977085575,000819,有色金属,CNY,CN10Y
2013-06-24,3414.19,0.0359989999999999,25.96,0.002521801232665738,000819,有色金属,CNY,CN10Y
2013-06-25,3354.9,0.0359989999999999,25.59,0.003078764751856297,000819,有色金属,CNY,CN10Y
2013-06-26,3362.48,0.0355,25.67,0.0034559797428905317,000819,有色金属,CNY,CN10Y
2013-06-27,3308.87,0.035231,25.24,0.004388651347068152,000819,有色金属,CNY,CN10Y
2013-06-28,3317.06,0.035125,25.28,0.004431962025316448,000819,有色金属,CNY,CN10Y
2013-07-01,3341.56,0.035245,27.09,0.0016689904023624996,000819,有色金属,CNY,CN10Y
2013-07-02,3324.9,0.035243,26.95,0.001862751391465682,000819,有色金属,CNY,CN10Y
2013-07-03,3272.42,0.035302,26.51,0.0024196144850999607,000819,有色金属,CNY,CN10Y
2013-07-04,3385.82,0.035102,27.49,0.0012748643142961105,000819,有色金属,CNY,CN10Y
2013-07-05,3429.36,0.035127,27.79,0.0008571669665347267,000819,有色金属,CNY,CN10Y
2013-07-08,3241.48,0.035177,26.29,0.0028602765310003844,000819,有色金属,CNY,CN10Y
2013-07-09,3263.12,0.035202,26.44,0.0026194826021180007,000819,有色金属,CNY,CN10Y
2013-07-10,3435.19,0.035802,27.79,0.00018216696653472475,000819,有色金属,CNY,CN10Y
2013-07-11,3603.11,0.0359019999999999,29.11,-0.0015495437993815545,000819,有色金属,CNY,CN10Y
2013-07-12,3494.71,0.036001,28.33,-0.000702729615248851,000819,有色金属,CNY,CN10Y
2013-07-15,3521.56,0.0361019999999999,28.55,-0.0010757302977231903,000819,有色金属,CNY,CN10Y
2013-07-16,3527.74,0.03619,28.6,-0.0012249650349650393,000819,有色金属,CNY,CN10Y
2013-07-17,3459.2,0.03669,28.04,-0.00102666191155492,000819,有色金属,CNY,CN10Y
2013-07-18,3385.4,0.036903,27.44,-0.0004598513119533562,000819,有色金属,CNY,CN10Y
2013-07-19,3267.07,0.037051,26.51,0.0006706144850999601,000819,有色金属,CNY,CN10Y
2013-07-22,3350.77,0.037401,27.22,-0.0006633071271124127,000819,有色金属,CNY,CN10Y
2013-07-23,3476.71,0.037602,28.22,-0.0021661389085754768,000819,有色金属,CNY,CN10Y
2013-07-24,3445.47,0.037952,27.97,-0.0021994079370754385,000819,有色金属,CNY,CN10Y
2013-07-25,3397.5,0.0371019999999999,27.63,-0.0009094556641330853,000819,有色金属,CNY,CN10Y
2013-07-26,3380.22,0.037152,27.46,-0.0007353940276766183,000819,有色金属,CNY,CN10Y
2013-07-29,3319.09,0.037228,26.97,-0.00014976492398961067,000819,有色金属,CNY,CN10Y
2013-07-30,3375.98,0.037227,27.4,-0.0007306496350364955,000819,有色金属,CNY,CN10Y
2013-07-31,3358.49,0.037214,27.31,-0.0005973760527279368,000819,有色金属,CNY,CN10Y
2013-08-01,3428.21,0.0370529999999999,27.88,-0.0011849942611189823,000819,有色金属,CNY,CN10Y
2013-08-02,3421.43,0.037034,27.78,-0.001036879769618429,000819,有色金属,CNY,CN10Y
2013-08-05,3465.61,0.037104,28.13,-0.0015547643085673593,000819,有色金属,CNY,CN10Y
2013-08-06,3502.78,0.037153,28.38,-0.001916918252290345,000819,有色金属,CNY,CN10Y
2013-08-07,3482.42,0.037703,28.24,-0.0022922351274787534,000819,有色金属,CNY,CN10Y
2013-08-08,3507.48,0.0384549999999999,28.43,-0.0032808881463242054,000819,有色金属,CNY,CN10Y
2013-08-09,3656.31,0.038407,29.55,-0.004566052453468694,000819,有色金属,CNY,CN10Y
2013-08-12,3808.64,0.038513,30.77,-0.006013812479688005,000819,有色金属,CNY,CN10Y
2013-08-13,3787.21,0.0392519999999999,30.57,-0.006540191036964245,000819,有色金属,CNY,CN10Y
2013-08-14,3724.81,0.039516,30.03,-0.006215966699966706,000819,有色金属,CNY,CN10Y
2013-08-15,3711.85,0.039602,29.91,-0.006168365763958537,000819,有色金属,CNY,CN10Y
2013-08-16,3653.16,0.039401,29.47,-0.005468186969799796,000819,有色金属,CNY,CN10Y
2013-08-19,3740.11,0.040103,30.17,-0.0069574912164401745,000819,有色金属,CNY,CN10Y
2013-08-20,3665.64,0.040881,29.56,-0.007051500676589988,000819,有色金属,CNY,CN10Y
2013-08-21,3700.32,0.040382,29.82,-0.006847459423205901,000819,有色金属,CNY,CN10Y
2013-08-22,3652.57,0.040302,29.41,-0.006299959877592652,000819,有色金属,CNY,CN10Y
2013-08-23,3628.97,0.039916,29.24,-0.005716273597811218,000819,有色金属,CNY,CN10Y
2013-08-26,3704.55,0.039555,29.86,-0.006065381781647686,000819,有色金属,CNY,CN10Y
2013-08-27,3753.66,0.0396539999999999,30.26,-0.006607073364177034,000819,有色金属,CNY,CN10Y
2013-08-28,3867.83,0.040222,31.23,-0.008201506884406018,000819,有色金属,CNY,CN10Y
2013-08-29,3779.03,0.0403,30.53,-0.007545332459875535,000819,有色金属,CNY,CN10Y
2013-08-30,3702.17,0.040354,29.89,-0.006897994647039142,000819,有色金属,CNY,CN10Y
2013-09-02,3744.84,0.0403559999999999,33.11,-0.010153644216248765,000819,有色金属,CNY,CN10Y
2013-09-03,3750.01,0.040404,33.17,-0.010256276153150442,000819,有色金属,CNY,CN10Y
2013-09-04,3776.67,0.0405499999999999,33.34,-0.010555998800239854,000819,有色金属,CNY,CN10Y
2013-09-05,3708.82,0.0405499999999999,32.81,-0.010071487351417153,000819,有色金属,CNY,CN10Y
2013-09-06,3724.03,0.040455,32.88,-0.010041374695863747,000819,有色金属,CNY,CN10Y
2013-09-09,3803.59,0.0405499999999999,33.54,-0.010734853905784037,000819,有色金属,CNY,CN10Y
2013-09-10,3849.37,0.04065,33.9,-0.011151474926253686,000819,有色金属,CNY,CN10Y
2013-09-11,3895.96,0.041341,34.14,-0.012049845928529587,000819,有色金属,CNY,CN10Y
2013-09-12,3837.99,0.041291,33.66,-0.011582146761734996,000819,有色金属,CNY,CN10Y
2013-09-13,3820.59,0.041406,33.54,-0.011590853905784137,000819,有色金属,CNY,CN10Y
2013-09-16,3781.22,0.041201,33.22,-0.011098652016857315,000819,有色金属,CNY,CN10Y
2013-09-17,3690.29,0.040721,32.42,-0.009875842689697718,000819,有色金属,CNY,CN10Y
2013-09-18,3697.83,0.040502,32.51,-0.009742233774223317,000819,有色金属,CNY,CN10Y
2013-09-22,,0.039851,32.51,-0.009091233774223311,000819,有色金属,CNY,CN10Y
2013-09-23,3753.68,0.040095,32.97,-0.009764396420988777,000819,有色金属,CNY,CN10Y
2013-09-24,3695.54,0.040201,32.46,-0.009393852741836108,000819,有色金属,CNY,CN10Y
2013-09-25,3689.88,0.040202,32.25,-0.009194248062015506,000819,有色金属,CNY,CN10Y
2013-09-26,3635.86,0.039901,31.74,-0.008395013862633895,000819,有色金属,CNY,CN10Y
2013-09-27,3659.19,0.040002,31.76,-0.008515853904282118,000819,有色金属,CNY,CN10Y
2013-09-29,,0.040002,31.76,-0.008515853904282118,000819,有色金属,CNY,CN10Y
2013-09-30,3680.76,0.039954,31.95,-0.008655095461658845,000819,有色金属,CNY,CN10Y
2013-10-08,3688.52,0.039903,32.1,-0.00875035202492212,000819,有色金属,CNY,CN10Y
2013-10-09,3689.89,0.040316,32.14,-0.009202123210952082,000819,有色金属,CNY,CN10Y
2013-10-10,3674.34,0.040166,31.91,-0.008827861485427767,000819,有色金属,CNY,CN10Y
2013-10-11,3702.63,0.040265,32.11,-0.009122053877296792,000819,有色金属,CNY,CN10Y
2013-10-12,,0.040263,32.11,-0.00912005387729679,000819,有色金属,CNY,CN10Y
2013-10-14,3669.57,0.040663,31.86,-0.009275680477087253,000819,有色金属,CNY,CN10Y
2013-10-15,3693.17,0.040791,32.08,-0.00961893017456359,000819,有色金属,CNY,CN10Y
2013-10-16,3624.8,0.0409659999999999,31.54,-0.009260229549777954,000819,有色金属,CNY,CN10Y
2013-10-17,3607.37,0.0409659999999999,31.34,-0.00905789534141662,000819,有色金属,CNY,CN10Y
2013-10-18,3611.35,0.041055,31.4,-0.009207866242038218,000819,有色金属,CNY,CN10Y
2013-10-21,3635.65,0.041105,31.61,-0.009469441632394812,000819,有色金属,CNY,CN10Y
2013-10-22,3625.33,0.0413049999999999,31.44,-0.009498384223918473,000819,有色金属,CNY,CN10Y
2013-10-23,3627.35,0.041491,31.51,-0.009755043160901304,000819,有色金属,CNY,CN10Y
2013-10-24,3575.38,0.04194,31.03,-0.009713122784402194,000819,有色金属,CNY,CN10Y
2013-10-25,3493.87,0.04214,30.31,-0.009147588254701411,000819,有色金属,CNY,CN10Y
2013-10-28,3458.43,0.0420399999999999,29.96,-0.008662162883845026,000819,有色金属,CNY,CN10Y
2013-10-29,3393.85,0.0421729999999999,29.5,-0.008274694915254135,000819,有色金属,CNY,CN10Y
2013-10-30,3429.81,0.0421729999999999,29.78,-0.008593416386836701,000819,有色金属,CNY,CN10Y
2013-10-31,3410.25,0.041806,29.63,-0.008056421869726632,000819,有色金属,CNY,CN10Y
2013-11-01,3455.53,0.0415559999999999,32.0,-0.010305999999999899,000819,有色金属,CNY,CN10Y
2013-11-04,3455.06,0.041731,32.02,-0.01050051905059338,000819,有色金属,CNY,CN10Y
2013-11-05,3489.0,0.042106,32.27,-0.011117465757669663,000819,有色金属,CNY,CN10Y
2013-11-06,3470.36,0.042206,32.12,-0.011072749688667494,000819,有色金属,CNY,CN10Y
2013-11-07,3435.23,0.042945,31.83,-0.011528097706566126,000819,有色金属,CNY,CN10Y
2013-11-08,3362.41,0.043186,31.16,-0.011093573812580235,000819,有色金属,CNY,CN10Y
2013-11-11,3337.31,0.044034,30.92,-0.01169247347994825,000819,有色金属,CNY,CN10Y
2013-11-12,3364.81,0.044146,31.21,-0.012104987504005127,000819,有色金属,CNY,CN10Y
2013-11-13,3303.01,0.0446279999999999,30.68,-0.012033475880052047,000819,有色金属,CNY,CN10Y
2013-11-14,3328.65,0.045006,30.92,-0.01266447347994825,000819,有色金属,CNY,CN10Y
2013-11-15,3387.97,0.046006,31.46,-0.01421960457724094,000819,有色金属,CNY,CN10Y
2013-11-18,3453.49,0.046619,32.05,-0.015417751950078003,000819,有色金属,CNY,CN10Y
2013-11-19,3436.52,0.046722,31.87,-0.015344529024160655,000819,有色金属,CNY,CN10Y
2013-11-20,3453.09,0.047222,32.06,-0.01603048409232689,000819,有色金属,CNY,CN10Y
2013-11-21,3414.17,0.0470089999999999,31.66,-0.01542340303221721,000819,有色金属,CNY,CN10Y
2013-11-22,3411.25,0.046509,31.72,-0.014983148802017655,000819,有色金属,CNY,CN10Y
2013-11-25,3379.85,0.046159,31.3,-0.01421011821086262,000819,有色金属,CNY,CN10Y
2013-11-26,3380.42,0.046059,31.28,-0.0140896905370844,000819,有色金属,CNY,CN10Y
2013-11-27,3409.77,0.0455109999999999,31.47,-0.013734705115983376,000819,有色金属,CNY,CN10Y
2013-11-28,3540.02,0.044313,32.71,-0.013741309385509017,000819,有色金属,CNY,CN10Y
2013-11-29,3504.32,0.043612,32.38,-0.012728738727609636,000819,有色金属,CNY,CN10Y
2013-12-02,3438.8,0.044812,31.88,-0.013444371392722705,000819,有色金属,CNY,CN10Y
2013-12-03,3494.43,0.044412,32.39,-0.013538273541216426,000819,有色金属,CNY,CN10Y
2013-12-04,3515.88,0.0442619999999999,32.53,-0.013521145404242138,000819,有色金属,CNY,CN10Y
2013-12-05,3506.41,0.044962,32.41,-0.014107325516815795,000819,有色金属,CNY,CN10Y
2013-12-06,3503.55,0.045162,32.38,-0.014278738727609638,000819,有色金属,CNY,CN10Y
2013-12-09,3496.89,0.0454129999999999,32.3,-0.01445324767801847,000819,有色金属,CNY,CN10Y
2013-12-10,3492.77,0.046012,32.27,-0.015023465757669663,000819,有色金属,CNY,CN10Y
2013-12-11,3445.93,0.046213,31.89,-0.014855207588585759,000819,有色金属,CNY,CN10Y
2013-12-12,3420.14,0.045913,31.64,-0.0143074374209861,000819,有色金属,CNY,CN10Y
2013-12-13,3411.99,0.045411,31.58,-0.013745388853704875,000819,有色金属,CNY,CN10Y
2013-12-16,3342.23,0.0455389999999999,32.09,-0.014376644125895819,000819,有色金属,CNY,CN10Y
2013-12-17,3322.44,0.045639,31.91,-0.014300861485427765,000819,有色金属,CNY,CN10Y
2013-12-18,3328.28,0.045814,31.94,-0.014505296180338134,000819,有色金属,CNY,CN10Y
2013-12-19,3307.09,0.046016,31.84,-0.014608964824120607,000819,有色金属,CNY,CN10Y
2013-12-20,3196.77,0.046016,30.71,-0.013453316834907199,000819,有色金属,CNY,CN10Y
2013-12-23,3182.04,0.046017,30.6,-0.013337261437908497,000819,有色金属,CNY,CN10Y
2013-12-24,3186.56,0.045566,30.67,-0.012960848386044999,000819,有色金属,CNY,CN10Y
2013-12-25,3209.94,0.045666,30.93,-0.013334929841577754,000819,有色金属,CNY,CN10Y
2013-12-26,3171.4,0.045579,30.64,-0.01294192428198434,000819,有色金属,CNY,CN10Y
2013-12-27,3199.42,0.045437,30.87,-0.013043090055069644,000819,有色金属,CNY,CN10Y
2013-12-30,3190.66,0.045437,30.78,-0.01294837102014295,000819,有色金属,CNY,CN10Y
2013-12-31,3220.49,0.045518,31.1,-0.013363659163987143,000819,有色金属,CNY,CN10Y
2014-01-02,3213.65,0.0460179999999999,31.06,-0.013822249839021146,000819,有色金属,CNY,CN10Y
2014-01-03,3213.45,0.046415,31.02,-0.014177733720180524,000819,有色金属,CNY,CN10Y
2014-01-06,3137.44,0.046569,30.28,-0.013543900924702777,000819,有色金属,CNY,CN10Y
2014-01-07,3135.56,0.04642,30.24,-0.013351216931216929,000819,有色金属,CNY,CN10Y
2014-01-08,3101.09,0.045919,29.89,-0.012462994647039143,000819,有色金属,CNY,CN10Y
2014-01-09,3039.89,0.0459689999999999,29.29,-0.01182765483100024,000819,有色金属,CNY,CN10Y
2014-01-10,3032.65,0.046016,29.19,-0.0117576923603974,000819,有色金属,CNY,CN10Y
2014-01-13,3077.03,0.04597,29.57,-0.012151941156577611,000819,有色金属,CNY,CN10Y
2014-01-14,3079.15,0.04602,29.65,-0.01229318718381113,000819,有色金属,CNY,CN10Y
2014-01-15,3049.93,0.045523,29.38,-0.011486240299523484,000819,有色金属,CNY,CN10Y
2014-01-16,3099.71,0.045871,29.86,-0.012381381781647688,000819,有色金属,CNY,CN10Y
2014-01-17,3034.06,0.0459689999999999,29.25,-0.011780965811965707,000819,有色金属,CNY,CN10Y
2014-01-20,3009.75,0.045923,29.01,-0.011452127886935538,000819,有色金属,CNY,CN10Y
2014-01-21,3032.33,0.045423,29.24,-0.011223273597811216,000819,有色金属,CNY,CN10Y
2014-01-22,3099.97,0.045023,29.91,-0.01158936576395854,000819,有色金属,CNY,CN10Y
2014-01-23,3077.31,0.044825,29.68,-0.011132277628032344,000819,有色金属,CNY,CN10Y
2014-01-24,3129.94,0.0451229999999999,30.19,-0.011999449155349354,000819,有色金属,CNY,CN10Y
2014-01-26,,0.044777,30.19,-0.011653449155349452,000819,有色金属,CNY,CN10Y
2014-01-27,3113.16,0.044802,30.05,-0.011524129783693847,000819,有色金属,CNY,CN10Y
2014-01-28,3111.89,0.045027,30.03,-0.011726966699966701,000819,有色金属,CNY,CN10Y
2014-01-29,3106.24,0.045102,29.99,-0.011757551850616874,000819,有色金属,CNY,CN10Y
2014-01-30,3073.46,0.045019,29.69,-0.011337625799932645,000819,有色金属,CNY,CN10Y
2014-02-07,3084.96,0.044781,29.79,-0.011212688486069149,000819,有色金属,CNY,CN10Y
2014-02-08,,0.04468,29.79,-0.011111688486069145,000819,有色金属,CNY,CN10Y
2014-02-10,3207.17,0.044831,30.96,-0.012531258397932822,000819,有色金属,CNY,CN10Y
2014-02-11,3252.0,0.044881,31.35,-0.01298307336523126,000819,有色金属,CNY,CN10Y
2014-02-12,3254.08,0.0447829999999999,31.41,-0.012946005412288977,000819,有色金属,CNY,CN10Y
2014-02-13,3262.59,0.0447829999999999,31.51,-0.013047043160901203,000819,有色金属,CNY,CN10Y
2014-02-14,3291.45,0.044781,31.84,-0.013373964824120607,000819,有色金属,CNY,CN10Y
2014-02-17,3325.7,0.0451349999999999,32.21,-0.014088741074200457,000819,有色金属,CNY,CN10Y
2014-02-18,3274.43,0.045385,31.68,-0.013819343434343434,000819,有色金属,CNY,CN10Y
2014-02-19,3293.03,0.045535,31.87,-0.014157529024160655,000819,有色金属,CNY,CN10Y
2014-02-20,3268.48,0.045336,31.6,-0.013690430379746842,000819,有色金属,CNY,CN10Y
2014-02-21,3247.81,0.0452339999999999,31.36,-0.013346244897959082,000819,有色金属,CNY,CN10Y
2014-02-24,3183.23,0.044836,30.69,-0.012252096448354517,000819,有色金属,CNY,CN10Y
2014-02-25,3099.2,0.044336,29.85,-0.01083516247906198,000819,有色金属,CNY,CN10Y
2014-02-26,3208.4,0.044496,30.87,-0.012102090055069646,000819,有色金属,CNY,CN10Y
2014-02-27,3147.0,0.043896,30.21,-0.010794378020523007,000819,有色金属,CNY,CN10Y
2014-02-28,3198.33,0.044276,30.74,-0.011745095640858814,000819,有色金属,CNY,CN10Y
2014-03-03,3238.92,0.044576,31.16,-0.01248357381258023,000819,有色金属,CNY,CN10Y
2014-03-04,3247.64,0.045026,31.29,-0.013066907638223067,000819,有色金属,CNY,CN10Y
2014-03-05,3204.86,0.045176,30.82,-0.01272953666450357,000819,有色金属,CNY,CN10Y
2014-03-06,3186.83,0.045145,30.65,-0.012518572593800972,000819,有色金属,CNY,CN10Y
2014-03-07,3200.24,0.0451419999999999,30.88,-0.012758580310880722,000819,有色金属,CNY,CN10Y
2014-03-10,3059.57,0.045043,29.45,-0.011087142614601017,000819,有色金属,CNY,CN10Y
2014-03-11,3067.38,0.045125,29.51,-0.01123818197221281,000819,有色金属,CNY,CN10Y
2014-03-12,3103.99,0.0450239999999999,29.94,-0.011623866399465499,000819,有色金属,CNY,CN10Y
2014-03-13,3108.8,0.0450239999999999,30.31,-0.012031588254701311,000819,有色金属,CNY,CN10Y
2014-03-14,3088.86,0.044924,30.1,-0.011701408637873757,000819,有色金属,CNY,CN10Y
2014-03-17,3127.66,0.04482,30.47,-0.012000833606826383,000819,有色金属,CNY,CN10Y
2014-03-18,3122.43,0.045095,30.43,-0.012232693066053242,000819,有色金属,CNY,CN10Y
2014-03-19,3096.66,0.045095,30.17,-0.011949491216440178,000819,有色金属,CNY,CN10Y
2014-03-20,3027.24,0.045195,29.5,-0.011296694915254236,000819,有色金属,CNY,CN10Y
2014-03-21,3100.99,0.045044,30.23,-0.011964277869665897,000819,有色金属,CNY,CN10Y
2014-03-24,3126.14,0.045148,30.44,-0.012296488830486202,000819,有色金属,CNY,CN10Y
2014-03-25,3134.36,0.0451919999999999,30.46,-0.012362059093893533,000819,有色金属,CNY,CN10Y
2014-03-26,3150.89,0.044992,30.67,-0.012386848386044993,000819,有色金属,CNY,CN10Y
2014-03-27,3097.97,0.045109,30.14,-0.011930499668215001,000819,有色金属,CNY,CN10Y
2014-03-28,3086.63,0.045104,29.94,-0.0117038663994656,000819,有色金属,CNY,CN10Y
2014-03-31,3068.23,0.045004,29.81,-0.011458209996645423,000819,有色金属,CNY,CN10Y
2014-04-01,3089.83,0.044954,30.02,-0.011642874083944037,000819,有色金属,CNY,CN10Y
2014-04-02,3103.58,0.044904,30.14,-0.011725499668214998,000819,有色金属,CNY,CN10Y
2014-04-03,3103.59,0.044904,30.14,-0.011725499668214998,000819,有色金属,CNY,CN10Y
2014-04-04,3153.62,0.044904,30.65,-0.012277572593800974,000819,有色金属,CNY,CN10Y
2014-04-08,3198.67,0.044499,31.09,-0.0123343168221293,000819,有色金属,CNY,CN10Y
2014-04-09,3203.57,0.044771,31.17,-0.012688869746551174,000819,有色金属,CNY,CN10Y
2014-04-10,3211.15,0.044571,31.23,-0.012550506884406017,000819,有色金属,CNY,CN10Y
2014-04-11,3194.32,0.044521,31.09,-0.012356316822129301,000819,有色金属,CNY,CN10Y
2014-04-14,3222.69,0.044248,31.38,-0.012380568514977694,000819,有色金属,CNY,CN10Y
2014-04-15,3181.63,0.044001,31.02,-0.011763733720180525,000819,有色金属,CNY,CN10Y
2014-04-16,3157.24,0.043601,30.73,-0.01105950959973967,000819,有色金属,CNY,CN10Y
2014-04-17,3150.19,0.0427489999999999,30.63,-0.010101269017303197,000819,有色金属,CNY,CN10Y
2014-04-18,3158.29,0.0429969999999999,30.7,-0.010423710097719772,000819,有色金属,CNY,CN10Y
2014-04-21,3108.74,0.0429969999999999,30.2,-0.009884417218542947,000819,有色金属,CNY,CN10Y
2014-04-22,3096.13,0.0429969999999999,30.02,-0.00968587408394394,000819,有色金属,CNY,CN10Y
2014-04-23,3101.26,0.043297,30.06,-0.010030200266134395,000819,有色金属,CNY,CN10Y
2014-04-24,3084.37,0.043394,29.89,-0.009937994647039143,000819,有色金属,CNY,CN10Y
2014-04-25,3045.73,0.043294,29.56,-0.009464500676589986,000819,有色金属,CNY,CN10Y
2014-04-28,2992.01,0.043301,29.03,-0.008853876334826045,000819,有色金属,CNY,CN10Y
2014-04-29,3024.29,0.043202,29.29,-0.00906065483100034,000819,有色金属,CNY,CN10Y
2014-04-30,3019.51,0.043002,29.29,-0.00886065483100034,000819,有色金属,CNY,CN10Y
2014-05-04,,0.0429019999999999,29.29,-0.00876065483100024,000819,有色金属,CNY,CN10Y
2014-05-05,3035.8,0.043002,34.04,-0.01362479670975323,000819,有色金属,CNY,CN10Y
2014-05-06,3042.59,0.042803,34.12,-0.013494676436107852,000819,有色金属,CNY,CN10Y
2014-05-07,3018.04,0.042803,33.85,-0.013260902511078289,000819,有色金属,CNY,CN10Y
2014-05-08,3026.37,0.042303,34.04,-0.012925796709753232,000819,有色金属,CNY,CN10Y
2014-05-09,3082.72,0.041205,34.89,-0.012543492404700485,000819,有色金属,CNY,CN10Y
2014-05-12,3244.66,0.041205,36.97,-0.014156041384906677,000819,有色金属,CNY,CN10Y
2014-05-13,3184.66,0.041505,36.33,-0.013979538948527388,000819,有色金属,CNY,CN10Y
2014-05-14,3153.79,0.041704,35.82,-0.013786635399218313,000819,有色金属,CNY,CN10Y
2014-05-15,3090.85,0.0419149999999999,34.92,-0.013278115693012498,000819,有色金属,CNY,CN10Y
2014-05-16,3098.43,0.041919,34.99,-0.013339405830237211,000819,有色金属,CNY,CN10Y
2014-05-19,3092.54,0.0417079999999999,34.91,-0.013062912632483423,000819,有色金属,CNY,CN10Y
2014-05-20,3068.69,0.0417699999999999,34.57,-0.012843184842348754,000819,有色金属,CNY,CN10Y
2014-05-21,3087.68,0.0417699999999999,34.85,-0.013075595408895163,000819,有色金属,CNY,CN10Y
2014-05-22,3064.92,0.0417699999999999,34.52,-0.012801286210892136,000819,有色金属,CNY,CN10Y
2014-05-23,3077.72,0.041574,34.67,-0.012730619555811944,000819,有色金属,CNY,CN10Y
2014-05-26,3098.74,0.0416739999999999,34.93,-0.013045314056684697,000819,有色金属,CNY,CN10Y
2014-05-27,3081.69,0.041574,34.69,-0.012747248774863072,000819,有色金属,CNY,CN10Y
2014-05-28,3100.98,0.0414569999999999,34.89,-0.012795492404700383,000819,有色金属,CNY,CN10Y
2014-05-29,3069.11,0.041159,34.67,-0.012315619555811945,000819,有色金属,CNY,CN10Y
2014-05-30,3095.11,0.040714,35.08,-0.012207728620296465,000819,有色金属,CNY,CN10Y
2014-06-03,3091.38,0.040214,35.05,-0.011683329529243936,000819,有色金属,CNY,CN10Y
2014-06-04,3040.94,0.040114,34.38,-0.011027321698662013,000819,有色金属,CNY,CN10Y
2014-06-05,3067.58,0.0403139999999999,34.68,-0.011478936562860337,000819,有色金属,CNY,CN10Y
2014-06-06,3053.82,0.040614,34.5,-0.011628492753623185,000819,有色金属,CNY,CN10Y
2014-06-09,3057.42,0.040714,34.48,-0.011711679814385149,000819,有色金属,CNY,CN10Y
2014-06-10,3075.66,0.040614,34.66,-0.011762297749567219,000819,有色金属,CNY,CN10Y
2014-06-11,3097.84,0.040614,34.93,-0.011985314056684796,000819,有色金属,CNY,CN10Y
2014-06-12,3088.48,0.04064,34.8,-0.011904367816091953,000819,有色金属,CNY,CN10Y
2014-06-13,3111.4,0.0408399999999999,35.1,-0.012349971509971407,000819,有色金属,CNY,CN10Y
2014-06-16,3121.68,0.04064,35.85,-0.012745997210599724,000819,有色金属,CNY,CN10Y
2014-06-17,3102.77,0.04054,35.62,-0.012465884334643455,000819,有色金属,CNY,CN10Y
2014-06-18,3147.64,0.04054,36.41,-0.013075017852238392,000819,有色金属,CNY,CN10Y
2014-06-19,3076.38,0.040408,35.54,-0.012270689926842993,000819,有色金属,CNY,CN10Y
2014-06-20,3105.54,0.0405149999999999,35.84,-0.012613214285714186,000819,有色金属,CNY,CN10Y
2014-06-23,3170.28,0.0405149999999999,36.64,-0.013222423580785923,000819,有色金属,CNY,CN10Y
2014-06-24,3214.48,0.0405149999999999,37.02,-0.013502574284170617,000819,有色金属,CNY,CN10Y
2014-06-25,3165.13,0.0405569999999999,36.37,-0.013061811657959752,000819,有色金属,CNY,CN10Y
2014-06-26,3181.82,0.040472,36.65,-0.01318687039563438,000819,有色金属,CNY,CN10Y
2014-06-27,3178.5,0.040485,36.57,-0.013140181843040746,000819,有色金属,CNY,CN10Y
2014-06-30,3204.06,0.040612,36.88,-0.01349703253796096,000819,有色金属,CNY,CN10Y
2014-07-01,3247.42,0.040812,37.45,-0.014109730307076105,000819,有色金属,CNY,CN10Y
2014-07-02,3234.04,0.041212,37.35,-0.014438238286479249,000819,有色金属,CNY,CN10Y
2014-07-03,3289.03,0.041503,37.93,-0.015138644608489321,000819,有色金属,CNY,CN10Y
2014-07-04,3264.71,0.041747,37.63,-0.015172458410842415,000819,有色金属,CNY,CN10Y
2014-07-07,3233.52,0.041212,37.26,-0.014373567364465913,000819,有色金属,CNY,CN10Y
2014-07-08,3264.88,0.041162,37.62,-0.014580394471026045,000819,有色金属,CNY,CN10Y
2014-07-09,3239.6,0.041276,37.32,-0.014480715969989282,000819,有色金属,CNY,CN10Y
2014-07-10,3271.98,0.041298,37.62,-0.014716394471026049,000819,有色金属,CNY,CN10Y
2014-07-11,3296.45,0.041198,37.95,-0.01484753886693017,000819,有色金属,CNY,CN10Y
2014-07-14,3362.3,0.041298,38.72,-0.015471553719008265,000819,有色金属,CNY,CN10Y
2014-07-15,3346.52,0.041571,38.49,-0.01559022577292803,000819,有色金属,CNY,CN10Y
2014-07-16,3319.99,0.042171,38.19,-0.015986134852055512,000819,有色金属,CNY,CN10Y
2014-07-17,3326.31,0.04267,38.41,-0.01663511325175735,000819,有色金属,CNY,CN10Y
2014-07-18,3323.55,0.043019,38.27,-0.01688887196237262,000819,有色金属,CNY,CN10Y
2014-07-21,3295.71,0.043017,37.78,-0.016547968766543145,000819,有色金属,CNY,CN10Y
2014-07-22,3402.13,0.042717,38.88,-0.016996835390946503,000819,有色金属,CNY,CN10Y
2014-07-23,3407.63,0.042967,38.96,-0.01729964887063655,000819,有色金属,CNY,CN10Y
2014-07-24,3444.56,0.042967,39.33,-0.017541116450546654,000819,有色金属,CNY,CN10Y
2014-07-25,3554.89,0.042711,40.79,-0.01819518730080902,000819,有色金属,CNY,CN10Y
2014-07-28,3645.69,0.042713,41.87,-0.01882955122999761,000819,有色金属,CNY,CN10Y
2014-07-29,3653.58,0.042805,41.88,-0.018927254059216813,000819,有色金属,CNY,CN10Y
2014-07-30,3621.83,0.042905,41.55,-0.01883761131167268,000819,有色金属,CNY,CN10Y
2014-07-31,3713.38,0.042655,42.64,-0.019202842401500938,000819,有色金属,CNY,CN10Y
2014-08-01,3625.95,0.0425689999999999,41.55,-0.01850161131167258,000819,有色金属,CNY,CN10Y
2014-08-04,3735.06,0.04253,42.73,-0.019127238474139944,000819,有色金属,CNY,CN10Y
2014-08-05,3751.09,0.042576,42.87,-0.01924966456729648,000819,有色金属,CNY,CN10Y
2014-08-06,3826.57,0.042463,43.54,-0.01949561368856224,000819,有色金属,CNY,CN10Y
2014-08-07,3774.36,0.042563,42.82,-0.019209426903316205,000819,有色金属,CNY,CN10Y
2014-08-08,3799.51,0.042712,43.06,-0.019488590803529958,000819,有色金属,CNY,CN10Y
2014-08-11,3849.4,0.042815,43.61,-0.01988447947718413,000819,有色金属,CNY,CN10Y
2014-08-12,3851.84,0.042815,43.59,-0.019873958476714842,000819,有色金属,CNY,CN10Y
2014-08-13,3853.09,0.04255,43.81,-0.019724161150422276,000819,有色金属,CNY,CN10Y
2014-08-14,3768.18,0.0421,42.9,-0.018789976689976687,000819,有色金属,CNY,CN10Y
2014-08-15,3777.84,0.042002,42.99,-0.018740776459641777,000819,有色金属,CNY,CN10Y
2014-08-18,3822.96,0.042153,43.37,-0.01909558704173392,000819,有色金属,CNY,CN10Y
2014-08-19,3812.59,0.042422,43.22,-0.019284563627950023,000819,有色金属,CNY,CN10Y
2014-08-20,3804.74,0.042523,43.17,-0.019358765577947648,000819,有色金属,CNY,CN10Y
2014-08-21,3807.15,0.042512,43.13,-0.019326282402040346,000819,有色金属,CNY,CN10Y
2014-08-22,3804.4,0.04256,43.12,-0.01936890538033395,000819,有色金属,CNY,CN10Y
2014-08-25,3773.67,0.042524,42.74,-0.01912671408516612,000819,有色金属,CNY,CN10Y
2014-08-26,3724.26,0.042462,42.23,-0.018782151551030073,000819,有色金属,CNY,CN10Y
2014-08-27,3724.28,0.04231,42.23,-0.018630151551030073,000819,有色金属,CNY,CN10Y
2014-08-28,3686.29,0.0422539999999999,41.72,-0.018284680728667208,000819,有色金属,CNY,CN10Y
2014-08-29,3710.02,0.042361,42.04,-0.01857413035204567,000819,有色金属,CNY,CN10Y
2014-09-01,3765.4,0.042405,43.35,-0.019336949250288348,000819,有色金属,CNY,CN10Y
2014-09-02,3821.63,0.04249,43.93,-0.01972651263373549,000819,有色金属,CNY,CN10Y
2014-09-03,3850.53,0.04264,44.21,-0.020020683103370275,000819,有色金属,CNY,CN10Y
2014-09-04,3862.99,0.042814,44.4,-0.020291477477477473,000819,有色金属,CNY,CN10Y
2014-09-05,3903.74,0.0429279999999999,44.83,-0.020621508811063914,000819,有色金属,CNY,CN10Y
2014-09-09,3900.78,0.042868,44.72,-0.020506640429338106,000819,有色金属,CNY,CN10Y
2014-09-10,3892.86,0.042934,44.61,-0.020517501457072405,000819,有色金属,CNY,CN10Y
2014-09-11,3869.11,0.042937,44.42,-0.020424618190004507,000819,有色金属,CNY,CN10Y
2014-09-12,3901.49,0.042793,44.81,-0.020476552778397678,000819,有色金属,CNY,CN10Y
2014-09-15,3923.14,0.0425969999999999,45.08,-0.02041421384205846,000819,有色金属,CNY,CN10Y
2014-09-16,3826.01,0.042634,43.92,-0.019865329690346083,000819,有色金属,CNY,CN10Y
2014-09-17,3868.48,0.042008,44.43,-0.01950068512266486,000819,有色金属,CNY,CN10Y
2014-09-18,3871.57,0.0414379999999999,44.41,-0.018920548975455875,000819,有色金属,CNY,CN10Y
2014-09-19,3879.92,0.04031,44.49,-0.01783303888514273,000819,有色金属,CNY,CN10Y
2014-09-22,3793.24,0.04011,43.48,-0.01711091996320147,000819,有色金属,CNY,CN10Y
2014-09-23,3820.75,0.039911,43.79,-0.01707473601278831,000819,有色金属,CNY,CN10Y
2014-09-24,3899.71,0.040425,44.61,-0.018008501457072407,000819,有色金属,CNY,CN10Y
2014-09-25,3907.08,0.040025,45.53,-0.018061459477267734,000819,有色金属,CNY,CN10Y
2014-09-26,3910.71,0.0400919999999999,45.72,-0.01821973403324574,000819,有色金属,CNY,CN10Y
2014-09-28,,0.040227,45.72,-0.01835473403324584,000819,有色金属,CNY,CN10Y
2014-09-29,3912.37,0.039925,45.8,-0.01809093886462882,000819,有色金属,CNY,CN10Y
2014-09-30,3937.36,0.039824,46.17,-0.018164914013428634,000819,有色金属,CNY,CN10Y
2014-10-08,3951.12,0.03993,46.3,-0.018331727861771056,000819,有色金属,CNY,CN10Y
2014-10-09,3992.38,0.040014,46.8,-0.018646478632478633,000819,有色金属,CNY,CN10Y
2014-10-10,3941.7,0.040131,46.24,-0.01850470242214533,000819,有色金属,CNY,CN10Y
2014-10-11,,0.039965,46.24,-0.01833870242214533,000819,有色金属,CNY,CN10Y
2014-10-13,3975.15,0.0399529999999999,46.64,-0.01851217667238412,000819,有色金属,CNY,CN10Y
2014-10-14,3967.04,0.039015,46.49,-0.01750499784899979,000819,有色金属,CNY,CN10Y
2014-10-15,3950.53,0.038215,46.33,-0.016630713360673427,000819,有色金属,CNY,CN10Y
2014-10-16,3885.96,0.038116,45.43,-0.016104113581333918,000819,有色金属,CNY,CN10Y
2014-10-17,3853.25,0.03811,45.01,-0.015892714952232833,000819,有色金属,CNY,CN10Y
2014-10-20,3892.19,0.037441,45.46,-0.015443639683238013,000819,有色金属,CNY,CN10Y
2014-10-21,3852.65,0.037323,45.49,-0.01534014662563201,000819,有色金属,CNY,CN10Y
2014-10-22,3797.64,0.037929,44.89,-0.015652323680106925,000819,有色金属,CNY,CN10Y
2014-10-23,3726.97,0.038108,44.13,-0.015447678223430777,000819,有色金属,CNY,CN10Y
2014-10-24,3740.82,0.038013,44.24,-0.015409021699819166,000819,有色金属,CNY,CN10Y
2014-10-27,3746.77,0.037756,44.29,-0.01517753985098216,000819,有色金属,CNY,CN10Y
2014-10-28,3822.56,0.037424,45.21,-0.015304999778809999,000819,有色金属,CNY,CN10Y
2014-10-29,3864.33,0.037176,45.69,-0.01528937272926242,000819,有色金属,CNY,CN10Y
2014-10-30,3869.21,0.037688,45.73,-0.015820516947299364,000819,有色金属,CNY,CN10Y
2014-10-31,3905.68,0.037559,46.15,-0.015890527627302278,000819,有色金属,CNY,CN10Y
2014-11-03,3925.27,0.037007,43.51,-0.014023777752240861,000819,有色金属,CNY,CN10Y
2014-11-04,3952.92,0.036412,43.73,-0.013544403384404297,000819,有色金属,CNY,CN10Y
2014-11-05,3881.1,0.0361169999999999,42.96,-0.012839532588454276,000819,有色金属,CNY,CN10Y
2014-11-06,3879.8,0.036223,42.96,-0.012945532588454375,000819,有色金属,CNY,CN10Y
2014-11-07,3831.73,0.0356309999999999,42.36,-0.012023823418319066,000819,有色金属,CNY,CN10Y
2014-11-10,3893.74,0.035132,43.03,-0.011892399721124793,000819,有色金属,CNY,CN10Y
2014-11-11,3810.96,0.034981,42.24,-0.011306757575757574,000819,有色金属,CNY,CN10Y
2014-11-12,3872.16,0.03556,43.03,-0.012320399721124798,000819,有色金属,CNY,CN10Y
2014-11-13,3940.22,0.035924,43.81,-0.013098161150422276,000819,有色金属,CNY,CN10Y
2014-11-14,3892.39,0.036466,43.23,-0.013333915799213506,000819,有色金属,CNY,CN10Y
2014-11-17,3891.95,0.0366089999999999,43.27,-0.013498299745782198,000819,有色金属,CNY,CN10Y
2014-11-18,3880.45,0.03607,43.16,-0.0129003985171455,000819,有色金属,CNY,CN10Y
2014-11-19,3861.8,0.036154,42.97,-0.01288194973237142,000819,有色金属,CNY,CN10Y
2014-11-20,3855.07,0.036521,42.91,-0.013216408995572124,000819,有色金属,CNY,CN10Y
2014-11-21,3908.62,0.036514,43.57,-0.013562427817305482,000819,有色金属,CNY,CN10Y
2014-11-24,4006.28,0.034767,44.84,-0.012465483496877788,000819,有色金属,CNY,CN10Y
2014-11-25,4138.21,0.035216,46.57,-0.01374294867940734,000819,有色金属,CNY,CN10Y
2014-11-26,4143.95,0.035228,46.73,-0.013828470789642628,000819,有色金属,CNY,CN10Y
2014-11-27,4166.59,0.035243,47.02,-0.01397545427477669,000819,有色金属,CNY,CN10Y
2014-11-28,4135.83,0.035249,46.65,-0.013812772775991428,000819,有色金属,CNY,CN10Y
2014-12-01,4120.56,0.035145,46.45,-0.013616474703982782,000819,有色金属,CNY,CN10Y
2014-12-02,4196.66,0.035553,47.28,-0.014402407783417937,000819,有色金属,CNY,CN10Y
2014-12-03,4459.61,0.036238,50.44,-0.01641246471054718,000819,有色金属,CNY,CN10Y
2014-12-04,4579.75,0.036633,51.86,-0.01735031585036637,000819,有色金属,CNY,CN10Y
2014-12-05,4434.28,0.037759,50.21,-0.01784264867556264,000819,有色金属,CNY,CN10Y
2014-12-08,4499.76,0.037918,50.86,-0.018256183248132128,000819,有色金属,CNY,CN10Y
2014-12-09,4307.91,0.037532,48.6,-0.016955868312757204,000819,有色金属,CNY,CN10Y
2014-12-10,4456.84,0.037111,50.29,-0.01722633107973752,000819,有色金属,CNY,CN10Y
2014-12-11,4480.23,0.037282,50.49,-0.017476097841156668,000819,有色金属,CNY,CN10Y
2014-12-12,4535.01,0.037513,51.27,-0.018008416422859372,000819,有色金属,CNY,CN10Y
2014-12-15,4524.01,0.037815,51.53,-0.01840882883757035,000819,有色金属,CNY,CN10Y
2014-12-16,4535.21,0.037522,51.64,-0.018157166537567777,000819,有色金属,CNY,CN10Y
2014-12-17,4417.83,0.037377,50.34,-0.01751208144616607,000819,有色金属,CNY,CN10Y
2014-12-18,4505.32,0.037614,51.36,-0.018143595015576327,000819,有色金属,CNY,CN10Y
2014-12-19,4545.28,0.037106,51.96,-0.01786042648190916,000819,有色金属,CNY,CN10Y
2014-12-22,4524.63,0.03703,51.67,-0.017676409909038127,000819,有色金属,CNY,CN10Y
2014-12-23,4351.02,0.036604,49.62,-0.016450835953244657,000819,有色金属,CNY,CN10Y
2014-12-24,4346.33,0.035975,49.33,-0.015703360024325968,000819,有色金属,CNY,CN10Y
2014-12-25,4416.4,0.036305,50.13,-0.016356865150608416,000819,有色金属,CNY,CN10Y
2014-12-26,4478.68,0.036339,50.91,-0.01669649361618543,000819,有色金属,CNY,CN10Y
2014-12-29,4469.24,0.036213,50.71,-0.016493023663971606,000819,有色金属,CNY,CN10Y
2014-12-30,4386.98,0.036213,49.93,-0.016184960745043064,000819,有色金属,CNY,CN10Y
2014-12-31,4422.93,0.036219,50.28,-0.016330376292760542,000819,有色金属,CNY,CN10Y
2015-01-04,,0.036285,50.28,-0.01639637629276054,000819,有色金属,CNY,CN10Y
2015-01-05,4731.33,0.036251,53.86,-0.017684345711102858,000819,有色金属,CNY,CN10Y
2015-01-06,4689.05,0.0363529999999999,53.48,-0.017654421091996907,000819,有色金属,CNY,CN10Y
2015-01-07,4773.18,0.036408,54.56,-0.01807955425219942,000819,有色金属,CNY,CN10Y
2015-01-08,4645.95,0.036415,53.17,-0.017607401730299045,000819,有色金属,CNY,CN10Y
2015-01-09,4582.1,0.036348,52.4,-0.017264030534351143,000819,有色金属,CNY,CN10Y
2015-01-12,4508.19,0.036371,51.66,-0.017013663569492837,000819,有色金属,CNY,CN10Y
2015-01-13,4510.64,0.035836,51.54,-0.016433594101668607,000819,有色金属,CNY,CN10Y
2015-01-14,4388.74,0.035411,50.1,-0.015450920159680637,000819,有色金属,CNY,CN10Y
2015-01-15,4445.53,0.035464,50.66,-0.015724560600078957,000819,有色金属,CNY,CN10Y
2015-01-16,4518.95,0.035017,51.61,-0.01564091009494284,000819,有色金属,CNY,CN10Y
2015-01-19,4276.54,0.03475,48.95,-0.014320990806945866,000819,有色金属,CNY,CN10Y
2015-01-20,4392.13,0.034711,50.27,-0.01481841993236523,000819,有色金属,CNY,CN10Y
2015-01-21,4564.49,0.034672,52.4,-0.015588030534351146,000819,有色金属,CNY,CN10Y
2015-01-22,4717.39,0.034521,54.24,-0.016084421828908558,000819,有色金属,CNY,CN10Y
2015-01-23,4663.43,0.03452,53.62,-0.015870242446848194,000819,有色金属,CNY,CN10Y
2015-01-26,4771.95,0.0343409999999999,54.84,-0.016106134938001358,000819,有色金属,CNY,CN10Y
2015-01-27,4749.48,0.034309,54.67,-0.016017432412657764,000819,有色金属,CNY,CN10Y
2015-01-28,4670.29,0.034767,53.73,-0.016155423599478875,000819,有色金属,CNY,CN10Y
2015-01-29,4630.72,0.034966,53.1,-0.016133608286252352,000819,有色金属,CNY,CN10Y
2015-01-30,4594.97,0.035019,52.74,-0.016058059537353054,000819,有色金属,CNY,CN10Y
2015-02-02,4543.4,0.034729,52.44,-0.015659587337909994,000819,有色金属,CNY,CN10Y
2015-02-03,4602.35,0.034533,52.82,-0.01560077735706172,000819,有色金属,CNY,CN10Y
2015-02-04,4569.57,0.034589,52.59,-0.015573978132724854,000819,有色金属,CNY,CN10Y
2015-02-05,4486.57,0.034018,51.86,-0.01473531585036637,000819,有色金属,CNY,CN10Y
2015-02-06,4373.45,0.034325,50.5,-0.014523019801980199,000819,有色金属,CNY,CN10Y
2015-02-09,4372.12,0.034236,50.45,-0.014414394449950449,000819,有色金属,CNY,CN10Y
2015-02-10,4439.59,0.0342989999999999,51.18,-0.0147601176240718,000819,有色金属,CNY,CN10Y
2015-02-11,4457.9,0.033955,51.33,-0.014473215468536915,000819,有色金属,CNY,CN10Y
2015-02-12,4458.94,0.033865,51.26,-0.014356611392898944,000819,有色金属,CNY,CN10Y
2015-02-13,4541.11,0.033552,52.31,-0.014435196329573696,000819,有色金属,CNY,CN10Y
2015-02-15,,0.0336249999999999,52.31,-0.014508196329573595,000819,有色金属,CNY,CN10Y
2015-02-16,4594.31,0.033374,52.9,-0.014470408317580341,000819,有色金属,CNY,CN10Y
2015-02-17,4598.93,0.033373,52.96,-0.014490824773413898,000819,有色金属,CNY,CN10Y
2015-02-25,4561.47,0.03349,52.5,-0.01444238095238095,000819,有色金属,CNY,CN10Y
2015-02-26,4723.17,0.033594,54.54,-0.015258833149981662,000819,有色金属,CNY,CN10Y
2015-02-27,4750.36,0.033745,54.97,-0.015553259050391118,000819,有色金属,CNY,CN10Y
2015-02-28,,0.033602,54.97,-0.015410259050391121,000819,有色金属,CNY,CN10Y
2015-03-02,4882.82,0.033883,56.37,-0.016143067411743837,000819,有色金属,CNY,CN10Y
2015-03-03,4906.96,0.034022,56.35,-0.016275771073646847,000819,有色金属,CNY,CN10Y
2015-03-04,4900.97,0.0338689999999999,56.33,-0.016116470264512593,000819,有色金属,CNY,CN10Y
2015-03-05,4896.36,0.034369,56.32,-0.016613318181818177,000819,有色金属,CNY,CN10Y
2015-03-06,4955.27,0.034753,56.87,-0.017169036574643925,000819,有色金属,CNY,CN10Y
2015-03-09,4939.15,0.034922,56.54,-0.01723540643792006,000819,有色金属,CNY,CN10Y
2015-03-10,4959.16,0.035228,56.76,-0.017609959126145176,000819,有色金属,CNY,CN10Y
2015-03-11,4907.62,0.034466,56.19,-0.016669239010500086,000819,有色金属,CNY,CN10Y
2015-03-12,4905.33,0.034412,56.25,-0.01663422222222222,000819,有色金属,CNY,CN10Y
2015-03-13,4930.62,0.034879,56.12,-0.01706004062722737,000819,有色金属,CNY,CN10Y
2015-03-16,5028.34,0.035301,57.33,-0.01785812541426827,000819,有色金属,CNY,CN10Y
2015-03-17,5129.13,0.035428,58.23,-0.018254721621157478,000819,有色金属,CNY,CN10Y
2015-03-18,5241.12,0.0355189999999999,60.62,-0.019022794127350605,000819,有色金属,CNY,CN10Y
2015-03-19,5313.73,0.035348,61.2,-0.019008130718954245,000819,有色金属,CNY,CN10Y
2015-03-20,5291.4,0.034958,60.97,-0.01855649106117763,000819,有色金属,CNY,CN10Y
2015-03-23,5434.94,0.034933,62.58,-0.018953453819111534,000819,有色金属,CNY,CN10Y
2015-03-24,5520.92,0.034841,63.77,-0.01915964513093931,000819,有色金属,CNY,CN10Y
2015-03-25,5464.81,0.035037,63.2,-0.01921421518987342,000819,有色金属,CNY,CN10Y
2015-03-26,5443.15,0.03544,62.95,-0.019554376489277204,000819,有色金属,CNY,CN10Y
2015-03-27,5476.06,0.035678,63.37,-0.019897662300773236,000819,有色金属,CNY,CN10Y
2015-03-30,5509.69,0.035849,63.65,-0.020138080911233307,000819,有色金属,CNY,CN10Y
2015-03-31,5478.5,0.036483,63.43,-0.020717589311051554,000819,有色金属,CNY,CN10Y
2015-04-01,5576.86,0.035997,64.46,-0.020483503257834317,000819,有色金属,CNY,CN10Y
2015-04-02,5704.96,0.035438,65.88,-0.02025888646023072,000819,有色金属,CNY,CN10Y
2015-04-03,5737.55,0.03572,66.3,-0.020637043740573152,000819,有色金属,CNY,CN10Y
2015-04-07,5929.75,0.035987,68.43,-0.021373526377319887,000819,有色金属,CNY,CN10Y
2015-04-08,5804.97,0.036938,67.01,-0.02201485420086554,000819,有色金属,CNY,CN10Y
2015-04-09,5653.83,0.03704,63.76,-0.02135618569636135,000819,有色金属,CNY,CN10Y
2015-04-10,5781.55,0.036947,65.2,-0.021609576687116563,000819,有色金属,CNY,CN10Y
2015-04-13,5866.01,0.0366849999999999,67.76,-0.02192703069657605,000819,有色金属,CNY,CN10Y
2015-04-14,5810.95,0.036211,67.09,-0.021305648978983457,000819,有色金属,CNY,CN10Y
2015-04-15,5688.28,0.035954,65.44,-0.02067282640586797,000819,有色金属,CNY,CN10Y
2015-04-16,5791.18,0.0356,65.41,-0.020311817764867755,000819,有色金属,CNY,CN10Y
2015-04-17,5948.68,0.035627,67.2,-0.02074604761904762,000819,有色金属,CNY,CN10Y
2015-04-20,5967.53,0.034554,67.27,-0.01968853248104653,000819,有色金属,CNY,CN10Y
2015-04-21,6090.1,0.034055,68.72,-0.019503195576251457,000819,有色金属,CNY,CN10Y
2015-04-22,6263.17,0.034052,72.07,-0.020176601082281115,000819,有色金属,CNY,CN10Y
2015-04-23,6514.57,0.034151,74.93,-0.020805210596556788,000819,有色金属,CNY,CN10Y
2015-04-24,6447.6,0.034454,74.61,-0.021050970915426882,000819,有色金属,CNY,CN10Y
2015-04-27,6475.6,0.033952,74.58,-0.020543579511933495,000819,有色金属,CNY,CN10Y
2015-04-28,6288.99,0.033804,72.23,-0.01995933711754119,000819,有色金属,CNY,CN10Y
2015-04-29,6506.98,0.034,75.35,-0.020728599867286,000819,有色金属,CNY,CN10Y
2015-04-30,6360.27,0.033503,73.94,-0.019978520692453337,000819,有色金属,CNY,CN10Y
2015-05-04,6345.26,0.033804,74.1,-0.020308723346828608,000819,有色金属,CNY,CN10Y
2015-05-05,6092.69,0.034006,71.7,-0.02005899860529986,000819,有色金属,CNY,CN10Y
2015-05-06,5988.48,0.03456,70.68,-0.020411726089417093,000819,有色金属,CNY,CN10Y
2015-05-07,5905.39,0.034401,68.94,-0.01989563301421526,000819,有色金属,CNY,CN10Y
2015-05-08,6032.13,0.033703,70.37,-0.01949239889157311,000819,有色金属,CNY,CN10Y
2015-05-11,6221.13,0.033752,70.19,-0.01950495626157572,000819,有色金属,CNY,CN10Y
2015-05-12,6239.1,0.034002,70.4,-0.01979745454545454,000819,有色金属,CNY,CN10Y
2015-05-13,6322.89,0.034002,74.91,-0.02065264744359898,000819,有色金属,CNY,CN10Y
2015-05-14,6528.21,0.033803,76.8,-0.020782166666666664,000819,有色金属,CNY,CN10Y
2015-05-15,6416.39,0.033907,75.12,-0.02059496592119276,000819,有色金属,CNY,CN10Y
2015-05-18,6302.29,0.034109,73.9,-0.020577200270635997,000819,有色金属,CNY,CN10Y
2015-05-19,6435.95,0.034311,75.25,-0.021021963455149503,000819,有色金属,CNY,CN10Y
2015-05-20,6456.97,0.034282,75.65,-0.021063229345670856,000819,有色金属,CNY,CN10Y
2015-05-21,6552.41,0.034257,76.91,-0.021254789624236124,000819,有色金属,CNY,CN10Y
2015-05-22,6719.8,0.0341599999999999,78.84,-0.021476083206494065,000819,有色金属,CNY,CN10Y
2015-05-25,6858.35,0.03431,80.16,-0.0218349500998004,000819,有色金属,CNY,CN10Y
2015-05-26,7013.65,0.0352139999999999,81.96,-0.023012926305514783,000819,有色金属,CNY,CN10Y
2015-05-27,7161.34,0.035055,83.9,-0.023136048867699648,000819,有色金属,CNY,CN10Y
2015-05-28,6713.08,0.0356519999999999,79.16,-0.023019357251136838,000819,有色金属,CNY,CN10Y
2015-05-29,6710.63,0.035954,79.63,-0.023395918874795932,000819,有色金属,CNY,CN10Y
2015-06-01,7034.72,0.036404,83.29,-0.024397756753511825,000819,有色金属,CNY,CN10Y
2015-06-02,7195.0,0.03588,83.52,-0.02390681992337165,000819,有色金属,CNY,CN10Y
2015-06-03,7216.98,0.036111,83.37,-0.024116277677821756,000819,有色金属,CNY,CN10Y
2015-06-04,7320.56,0.035912,85.45,-0.02420924985371562,000819,有色金属,CNY,CN10Y
2015-06-05,7626.67,0.035814,89.11,-0.024591914936595217,000819,有色金属,CNY,CN10Y
2015-06-08,7576.79,0.035613,87.97,-0.024245488348300558,000819,有色金属,CNY,CN10Y
2015-06-09,7613.84,0.035565,88.36,-0.024247661837935718,000819,有色金属,CNY,CN10Y
2015-06-10,7560.97,0.035912,87.95,-0.02454190335417851,000819,有色金属,CNY,CN10Y
2015-06-11,7623.13,0.036197,88.26,-0.02486683911171539,000819,有色金属,CNY,CN10Y
2015-06-12,7635.35,0.036226,88.35,-0.02490738087153367,000819,有色金属,CNY,CN10Y
2015-06-15,7538.36,0.036681,90.48,-0.025628833775419982,000819,有色金属,CNY,CN10Y
2015-06-16,7205.9,0.036099,86.31,-0.02451285702699571,000819,有色金属,CNY,CN10Y
2015-06-17,7389.99,0.036052,88.04,-0.024693526578827805,000819,有色金属,CNY,CN10Y
2015-06-18,7152.38,0.03573,85.26,-0.024001170537180386,000819,有色金属,CNY,CN10Y
2015-06-19,6655.45,0.035825,79.72,-0.023281096337180132,000819,有色金属,CNY,CN10Y
2015-06-23,6700.94,0.036054,80.14,-0.023575836785625158,000819,有色金属,CNY,CN10Y
2015-06-24,6906.7,0.036079,82.54,-0.023963661982069298,000819,有色金属,CNY,CN10Y
2015-06-25,6561.91,0.036028,78.34,-0.023263128925197853,000819,有色金属,CNY,CN10Y
2015-06-26,6007.16,0.03608,71.57,-0.022107665222858737,000819,有色金属,CNY,CN10Y
2015-06-29,5622.17,0.03603,66.53,-0.020999186833007666,000819,有色金属,CNY,CN10Y
2015-06-30,5922.39,0.035976,70.21,-0.02173301467027489,000819,有色金属,CNY,CN10Y
2015-07-01,5509.76,0.036127,65.57,-0.020876123074576786,000819,有色金属,CNY,CN10Y
2015-07-02,5080.35,0.036223,60.85,-0.01978914626129827,000819,有色金属,CNY,CN10Y
2015-07-03,4711.36,0.035719,57.36,-0.018285248256624826,000819,有色金属,CNY,CN10Y
2015-07-06,4609.06,0.034917,57.16,-0.017422248425472353,000819,有色金属,CNY,CN10Y
2015-07-07,4312.93,0.034361,53.63,-0.015714719932873395,000819,有色金属,CNY,CN10Y
2015-07-08,4100.95,0.034307,50.99,-0.014695311433614432,000819,有色金属,CNY,CN10Y
2015-07-09,4283.57,0.034358,53.46,-0.015652425738870185,000819,有色金属,CNY,CN10Y
2015-07-10,4521.89,0.034885,56.49,-0.017182751814480438,000819,有色金属,CNY,CN10Y
2015-07-13,4816.89,0.0350139999999999,59.98,-0.018341775925308335,000819,有色金属,CNY,CN10Y
2015-07-14,4790.33,0.035341,59.43,-0.018514481406696953,000819,有色金属,CNY,CN10Y
2015-07-15,4533.75,0.035495,56.21,-0.01770457125066714,000819,有色金属,CNY,CN10Y
2015-07-16,4658.33,0.0352079999999999,57.82,-0.017912946385333695,000819,有色金属,CNY,CN10Y
2015-07-17,4912.25,0.035123,60.72,-0.018653961791831358,000819,有色金属,CNY,CN10Y
2015-07-20,4959.06,0.035009,61.12,-0.01864774345549738,000819,有色金属,CNY,CN10Y
2015-07-21,5043.53,0.0352139999999999,62.45,-0.01920118975180134,000819,有色金属,CNY,CN10Y
2015-07-22,5031.28,0.035145,62.15,-0.019054895414320195,000819,有色金属,CNY,CN10Y
2015-07-23,5216.79,0.034751,64.12,-0.019155242046163444,000819,有色金属,CNY,CN10Y
2015-07-24,5181.62,0.034602,63.61,-0.018881201383430277,000819,有色金属,CNY,CN10Y
2015-07-27,4753.22,0.034602,58.53,-0.017516744575431405,000819,有色金属,CNY,CN10Y
2015-07-28,4572.52,0.034401,56.78,-0.016789164846777036,000819,有色金属,CNY,CN10Y
2015-07-29,4813.66,0.034302,59.49,-0.017492452176836443,000819,有色金属,CNY,CN10Y
2015-07-30,4666.12,0.034402,57.72,-0.01707698267498268,000819,有色金属,CNY,CN10Y
2015-07-31,4656.84,0.034752,57.58,-0.01738485863146926,000819,有色金属,CNY,CN10Y
2015-08-03,4583.22,0.0347,56.62,-0.017038396326386436,000819,有色金属,CNY,CN10Y
2015-08-04,4813.43,0.0347,59.3,-0.017836593591905568,000819,有色金属,CNY,CN10Y
2015-08-05,4728.54,0.034701,58.15,-0.017504095442820295,000819,有色金属,CNY,CN10Y
2015-08-06,4749.24,0.0346,58.29,-0.0174443986961743,000819,有色金属,CNY,CN10Y
2015-08-07,4868.81,0.034553,59.64,-0.01778572971160295,000819,有色金属,CNY,CN10Y
2015-08-10,5111.09,0.034755,62.37,-0.0187216506333173,000819,有色金属,CNY,CN10Y
2015-08-11,5213.95,0.0352559999999999,63.83,-0.01958938555538138,000819,有色金属,CNY,CN10Y
2015-08-12,5144.64,0.035402,62.97,-0.019521421946958873,000819,有色金属,CNY,CN10Y
2015-08-13,5309.17,0.035153,65.23,-0.019822630538095964,000819,有色金属,CNY,CN10Y
2015-08-14,5250.16,0.035052,64.37,-0.01951681280099425,000819,有色金属,CNY,CN10Y
2015-08-17,5385.94,0.035176,65.65,-0.01994370753998477,000819,有色金属,CNY,CN10Y
2015-08-18,4928.06,0.035126,60.26,-0.018531243942914038,000819,有色金属,CNY,CN10Y
2015-08-19,5005.44,0.0352009999999999,61.12,-0.01883974345549728,000819,有色金属,CNY,CN10Y
2015-08-20,4915.21,0.035051,60.37,-0.018486481199271158,000819,有色金属,CNY,CN10Y
2015-08-21,4698.21,0.0349509999999999,57.71,-0.017622980592618163,000819,有色金属,CNY,CN10Y
2015-08-24,4318.28,0.034701,53.24,-0.01591812997746056,000819,有色金属,CNY,CN10Y
2015-08-25,3959.15,0.034577,48.94,-0.014143816510012255,000819,有色金属,CNY,CN10Y
2015-08-26,3744.33,0.03429,46.53,-0.01279848914678702,000819,有色金属,CNY,CN10Y
2015-08-27,3876.16,0.033902,48.07,-0.013099004368629083,000819,有色金属,CNY,CN10Y
2015-08-28,4109.39,0.033803,50.98,-0.014187464495880736,000819,有色金属,CNY,CN10Y
2015-08-31,4022.55,0.033252,49.85,-0.013191819458375123,000819,有色金属,CNY,CN10Y
2015-09-01,3940.36,0.033002,52.15,-0.01382654458293384,000819,有色金属,CNY,CN10Y
2015-09-02,3861.92,0.033002,51.63,-0.013633415843501837,000819,有色金属,CNY,CN10Y
2015-09-06,,0.033203,51.63,-0.013834415843501844,000819,有色金属,CNY,CN10Y
2015-09-07,3880.95,0.033353,51.58,-0.013965640558355953,000819,有色金属,CNY,CN10Y
2015-09-08,3986.46,0.033603,52.79,-0.014660018374692177,000819,有色金属,CNY,CN10Y
2015-09-09,4120.2,0.033478,54.49,-0.015126008808955774,000819,有色金属,CNY,CN10Y
2015-09-10,4003.93,0.033453,52.86,-0.014535103670071884,000819,有色金属,CNY,CN10Y
2015-09-11,3992.48,0.0334039999999999,52.59,-0.014388978132724752,000819,有色金属,CNY,CN10Y
2015-09-14,3796.86,0.033303,50.06,-0.013326971234518578,000819,有色金属,CNY,CN10Y
2015-09-15,3548.68,0.033104,46.67,-0.011676959074351834,000819,有色金属,CNY,CN10Y
2015-09-16,3781.0,0.033103,49.64,-0.012957955680902498,000819,有色金属,CNY,CN10Y
2015-09-17,3714.89,0.033204,48.71,-0.012674334633545472,000819,有色金属,CNY,CN10Y
2015-09-18,3729.81,0.033105,48.81,-0.012617395001024382,000819,有色金属,CNY,CN10Y
2015-09-21,3812.56,0.033204,49.93,-0.013175960745043059,000819,有色金属,CNY,CN10Y
2015-09-22,3836.85,0.033255,50.11,-0.013298903412492517,000819,有色金属,CNY,CN10Y
2015-09-23,3747.32,0.033354,49.06,-0.01297079576029352,000819,有色金属,CNY,CN10Y
2015-09-24,3789.49,0.03318,47.43,-0.012096297701876452,000819,有色金属,CNY,CN10Y
2015-09-25,3702.93,0.033101,46.22,-0.01146534443963652,000819,有色金属,CNY,CN10Y
2015-09-28,3732.31,0.032906,46.63,-0.011460578597469438,000819,有色金属,CNY,CN10Y
2015-09-29,3638.53,0.032457,45.41,-0.010435418850473461,000819,有色金属,CNY,CN10Y
2015-09-30,3655.51,0.032362,44.57,-0.009925383441776982,000819,有色金属,CNY,CN10Y
2015-10-08,3785.53,0.032409,46.17,-0.010749914013428636,000819,有色金属,CNY,CN10Y
2015-10-09,3918.08,0.031486,47.89,-0.010604813948632281,000819,有色金属,CNY,CN10Y
2015-10-10,,0.031612,47.89,-0.010730813948632283,000819,有色金属,CNY,CN10Y
2015-10-12,4096.64,0.031488,50.23,-0.011579578737806094,000819,有色金属,CNY,CN10Y
2015-10-13,4088.85,0.0310639999999999,50.07,-0.011091960854803178,000819,有色金属,CNY,CN10Y
2015-10-14,4095.32,0.030414,50.05,-0.01043398001998002,000819,有色金属,CNY,CN10Y
2015-10-15,4185.41,0.0308139999999999,51.07,-0.011233032700215292,000819,有色金属,CNY,CN10Y
2015-10-16,4228.97,0.031216,51.45,-0.011779654033041789,000819,有色金属,CNY,CN10Y
2015-10-19,4219.8,0.031214,51.32,-0.011728419329696024,000819,有色金属,CNY,CN10Y
2015-10-20,4220.46,0.030615,51.33,-0.011133215468536916,000819,有色金属,CNY,CN10Y
2015-10-21,3978.04,0.0306159999999999,48.23,-0.009882017001865959,000819,有色金属,CNY,CN10Y
2015-10-22,4131.25,0.030516,50.03,-0.010527992804317411,000819,有色金属,CNY,CN10Y
2015-10-23,4227.52,0.0304,51.37,-0.010933385244306013,000819,有色金属,CNY,CN10Y
2015-10-26,4269.77,0.0302,52.03,-0.010980319046703827,000819,有色金属,CNY,CN10Y
2015-10-27,4285.54,0.0298,52.71,-0.010828267880857521,000819,有色金属,CNY,CN10Y
2015-10-28,4234.16,0.02987,51.61,-0.01049391009494284,000819,有色金属,CNY,CN10Y
2015-10-29,4229.83,0.0305,51.68,-0.011150154798761608,000819,有色金属,CNY,CN10Y
2015-10-30,4182.2,0.0306,51.2,-0.011068749999999999,000819,有色金属,CNY,CN10Y
2015-11-02,4112.7,0.030525,62.85,-0.014614101034208432,000819,有色金属,CNY,CN10Y
2015-11-03,4152.15,0.0308,63.5,-0.015051968503937009,000819,有色金属,CNY,CN10Y
2015-11-04,4349.06,0.031351,66.63,-0.016342745460003,000819,有色金属,CNY,CN10Y
2015-11-05,4395.01,0.03115,67.22,-0.01627347515620351,000819,有色金属,CNY,CN10Y
2015-11-06,4492.01,0.03125,68.84,-0.01672356188262638,000819,有色金属,CNY,CN10Y
2015-11-09,4516.13,0.032099,69.14,-0.01763559242117443,000819,有色金属,CNY,CN10Y
2015-11-10,4700.69,0.032001,72.3,-0.01816974135546335,000819,有色金属,CNY,CN10Y
2015-11-11,4662.46,0.0312259999999999,71.55,-0.01724975960866517,000819,有色金属,CNY,CN10Y
2015-11-12,4719.66,0.031351,72.25,-0.017510169550173007,000819,有色金属,CNY,CN10Y
2015-11-13,4584.39,0.031251,60.67,-0.014768389154442067,000819,有色金属,CNY,CN10Y
2015-11-16,4661.81,0.031352,61.42,-0.015070658417453597,000819,有色金属,CNY,CN10Y
2015-11-17,4612.18,0.031252,60.71,-0.014780249052874322,000819,有色金属,CNY,CN10Y
2015-11-18,4537.41,0.031402,59.96,-0.014724214809873248,000819,有色金属,CNY,CN10Y
2015-11-19,4644.39,0.031402,61.42,-0.015120658417453598,000819,有色金属,CNY,CN10Y
2015-11-20,4724.14,0.031251,63.05,-0.01539057176843775,000819,有色金属,CNY,CN10Y
2015-11-23,4630.63,0.0313019999999999,62.35,-0.015263507618283781,000819,有色金属,CNY,CN10Y
2015-11-24,4638.47,0.031077,62.18,-0.014994658411064652,000819,有色金属,CNY,CN10Y
2015-11-25,4713.93,0.030853,63.38,-0.01507515209845377,000819,有色金属,CNY,CN10Y
2015-11-26,4765.98,0.030503,63.88,-0.014848648090169066,000819,有色金属,CNY,CN10Y
2015-11-27,4479.38,0.0306029999999999,59.77,-0.013872198594612584,000819,有色金属,CNY,CN10Y
2015-11-30,4486.15,0.030404,59.45,-0.013583142136248949,000819,有色金属,CNY,CN10Y
2015-12-01,4473.78,0.0305039999999999,59.13,-0.01359211094199212,000819,有色金属,CNY,CN10Y
2015-12-02,4523.24,0.030454,59.73,-0.013711994307718061,000819,有色金属,CNY,CN10Y
2015-12-03,4579.5,0.030304,60.58,-0.01379690194783757,000819,有色金属,CNY,CN10Y
2015-12-04,4524.95,0.030254,59.86,-0.01354835349148012,000819,有色金属,CNY,CN10Y
2015-12-07,4585.72,0.03028,60.62,-0.013783794127350708,000819,有色金属,CNY,CN10Y
2015-12-08,4484.95,0.030005,58.95,-0.013041471586089908,000819,有色金属,CNY,CN10Y
2015-12-09,4505.88,0.0299679999999999,59.21,-0.01307896098631978,000819,有色金属,CNY,CN10Y
2015-12-10,4456.1,0.030018,58.67,-0.012973513891256179,000819,有色金属,CNY,CN10Y
2015-12-11,4534.21,0.029931,59.85,-0.01322256223893066,000819,有色金属,CNY,CN10Y
2015-12-14,4710.44,0.030306,61.1,-0.013939387888707036,000819,有色金属,CNY,CN10Y
2015-12-15,4692.55,0.030157,60.75,-0.01369609465020576,000819,有色金属,CNY,CN10Y
2015-12-16,4739.56,0.030007,61.09,-0.013637708790309379,000819,有色金属,CNY,CN10Y
2015-12-17,4804.94,0.029857,61.81,-0.013678388124898886,000819,有色金属,CNY,CN10Y
2015-12-18,4777.59,0.029408,61.21,-0.013070800196046398,000819,有色金属,CNY,CN10Y
2015-12-21,4820.62,0.028811,61.48,-0.012545547820429406,000819,有色金属,CNY,CN10Y
2015-12-22,4889.15,0.02861,62.16,-0.012522483912483912,000819,有色金属,CNY,CN10Y
2015-12-23,4796.08,0.02846,61.12,-0.012098743455497381,000819,有色金属,CNY,CN10Y
2015-12-24,4802.8,0.02801,61.11,-0.011646066110292914,000819,有色金属,CNY,CN10Y
2015-12-25,4801.52,0.028061,61.23,-0.01172913653437857,000819,有色金属,CNY,CN10Y
2015-12-28,4648.35,0.027961,59.46,-0.011142971072990244,000819,有色金属,CNY,CN10Y
2015-12-29,4691.61,0.028061,59.93,-0.01137486617720674,000819,有色金属,CNY,CN10Y
2015-12-30,4719.37,0.0282609999999999,60.21,-0.011652463212090916,000819,有色金属,CNY,CN10Y
2015-12-31,4648.67,0.028212,59.42,-0.011382649612924942,000819,有色金属,CNY,CN10Y
2016-01-04,4264.79,0.02871,54.51,-0.0103647422491286,000819,有色金属,CNY,CN10Y
2016-01-05,4234.72,0.028911,54.21,-0.010464218963290906,000819,有色金属,CNY,CN10Y
2016-01-06,4418.03,0.0288609999999999,56.86,-0.011273944073162054,000819,有色金属,CNY,CN10Y
2016-01-07,4035.28,0.028511,51.88,-0.009235749421742486,000819,有色金属,CNY,CN10Y
2016-01-08,4196.46,0.028362,54.08,-0.009870875739644968,000819,有色金属,CNY,CN10Y
2016-01-11,3976.13,0.028187,51.36,-0.008716595015576326,000819,有色金属,CNY,CN10Y
2016-01-12,3945.11,0.027887,51.06,-0.008302197806502154,000819,有色金属,CNY,CN10Y
2016-01-13,3814.23,0.027237,49.43,-0.007006370827432735,000819,有色金属,CNY,CN10Y
2016-01-14,3916.21,0.027513,50.76,-0.007812448384554766,000819,有色金属,CNY,CN10Y
2016-01-15,3755.12,0.027464,48.6,-0.0068878683127572005,000819,有色金属,CNY,CN10Y
2016-01-18,3767.45,0.027764,48.74,-0.0072469708658186305,000819,有色金属,CNY,CN10Y
2016-01-19,3887.89,0.027964,50.36,-0.008106970611596504,000819,有色金属,CNY,CN10Y
2016-01-20,3868.25,0.028114,50.27,-0.00822141993236523,000819,有色金属,CNY,CN10Y
2016-01-21,3700.11,0.0279139999999999,48.18,-0.0071584997924449,000819,有色金属,CNY,CN10Y
2016-01-22,3754.45,0.027741,48.86,-0.007274360622185835,000819,有色金属,CNY,CN10Y
2016-01-25,3807.31,0.02859,49.42,-0.008355277215702145,000819,有色金属,CNY,CN10Y
2016-01-26,3524.0,0.028616,45.92,-0.0068389965156794436,000819,有色金属,CNY,CN10Y
2016-01-27,3497.15,0.029016,45.47,-0.007023477457664393,000819,有色金属,CNY,CN10Y
2016-01-28,3303.73,0.028866,42.77,-0.005485125555295768,000819,有色金属,CNY,CN10Y
2016-01-29,3435.0,0.028419,44.41,-0.005901548975455976,000819,有色金属,CNY,CN10Y
2016-02-01,3394.64,0.028368,44.01,-0.005645891388320837,000819,有色金属,CNY,CN10Y
2016-02-02,3501.64,0.028818,45.24,-0.006713667550839967,000819,有色金属,CNY,CN10Y
2016-02-03,3532.81,0.028918,45.75,-0.00706007650273224,000819,有色金属,CNY,CN10Y
2016-02-04,3678.04,0.02855,47.85,-0.007651358411703238,000819,有色金属,CNY,CN10Y
2016-02-05,3638.35,0.0285349999999999,47.39,-0.007433501793627249,000819,有色金属,CNY,CN10Y
2016-02-06,,0.0285349999999999,47.39,-0.007433501793627249,000819,有色金属,CNY,CN10Y
2016-02-14,,0.028221,47.39,-0.007119501793627348,000819,有色金属,CNY,CN10Y
2016-02-15,3784.92,0.028371,49.6,-0.008209709677419356,000819,有色金属,CNY,CN10Y
2016-02-16,3860.23,0.028376,50.43,-0.008546533412651196,000819,有色金属,CNY,CN10Y
2016-02-17,3864.35,0.028351,50.31,-0.008474235937189427,000819,有色金属,CNY,CN10Y
2016-02-18,3864.64,0.028351,50.19,-0.008426712293285517,000819,有色金属,CNY,CN10Y
2016-02-19,3836.25,0.028251,49.75,-0.008150497487437184,000819,有色金属,CNY,CN10Y
2016-02-22,3965.15,0.028426,51.2,-0.00889475,000819,有色金属,CNY,CN10Y
2016-02-23,4014.64,0.028451,51.75,-0.00912732850241546,000819,有色金属,CNY,CN10Y
2016-02-24,4030.17,0.028676,51.88,-0.009400749421742485,000819,有色金属,CNY,CN10Y
2016-02-25,3739.64,0.028651,48.08,-0.00785233111480865,000819,有色金属,CNY,CN10Y
2016-02-26,3833.13,0.028551,49.02,-0.008151163198694411,000819,有色金属,CNY,CN10Y
2016-02-29,3706.18,0.028502,47.62,-0.007502419991600166,000819,有色金属,CNY,CN10Y
2016-03-01,3839.32,0.028527,49.62,-0.00837383595324466,000819,有色金属,CNY,CN10Y
2016-03-02,4074.25,0.028752,52.46,-0.009689857415173465,000819,有色金属,CNY,CN10Y
2016-03-03,4115.56,0.029002,52.82,-0.010069777357061719,000819,有色金属,CNY,CN10Y
2016-03-04,4066.43,0.028952,52.28,-0.009824226472838562,000819,有色金属,CNY,CN10Y
2016-03-07,4213.76,0.029303,54.39,-0.010917267328553044,000819,有色金属,CNY,CN10Y
2016-03-08,4183.69,0.029352,53.84,-0.010778448736998514,000819,有色金属,CNY,CN10Y
2016-03-09,3923.89,0.028928,50.59,-0.009161247677406604,000819,有色金属,CNY,CN10Y
2016-03-10,3850.57,0.0286529999999999,49.89,-0.008608902986570355,000819,有色金属,CNY,CN10Y
2016-03-11,3861.43,0.028453,50.13,-0.008504865150608418,000819,有色金属,CNY,CN10Y
2016-03-14,3959.02,0.028504,51.41,-0.009052531414121767,000819,有色金属,CNY,CN10Y
2016-03-15,3881.12,0.028404,50.39,-0.008558792617582852,000819,有色金属,CNY,CN10Y
2016-03-16,3853.29,0.028054,50.01,-0.008057999200159965,000819,有色金属,CNY,CN10Y
2016-03-17,3964.0,0.028154,51.35,-0.008679803310613438,000819,有色金属,CNY,CN10Y
2016-03-18,4100.31,0.028229,53.13,-0.009407242047807268,000819,有色金属,CNY,CN10Y
2016-03-21,4183.57,0.0283049999999999,54.08,-0.00981387573964487,000819,有色金属,CNY,CN10Y
2016-03-22,4165.96,0.028304,53.93,-0.009761444835898386,000819,有色金属,CNY,CN10Y
2016-03-23,4189.58,0.028307,54.15,-0.009839779316712833,000819,有色金属,CNY,CN10Y
2016-03-24,4069.13,0.028309,52.59,-0.009293978132724853,000819,有色金属,CNY,CN10Y
2016-03-25,4071.76,0.028311,52.55,-0.009281504281636536,000819,有色金属,CNY,CN10Y
2016-03-28,4080.08,0.028665,52.85,-0.00974352412488174,000819,有色金属,CNY,CN10Y
2016-03-29,4078.06,0.02851,52.64,-0.009513039513677813,000819,有色金属,CNY,CN10Y
2016-03-30,4208.18,0.028362,54.25,-0.009928820276497694,000819,有色金属,CNY,CN10Y
2016-03-31,4188.46,0.028419,54.19,-0.009965410776896104,000819,有色金属,CNY,CN10Y
2016-04-01,4232.28,0.028422,54.66,-0.010127085986095862,000819,有色金属,CNY,CN10Y
2016-04-05,4300.22,0.028637,55.32,-0.010560355025307302,000819,有色金属,CNY,CN10Y
2016-04-06,4285.0,0.028689,55.33,-0.010615622085667811,000819,有色金属,CNY,CN10Y
2016-04-07,4200.85,0.029049,54.3,-0.010632793738489868,000819,有色金属,CNY,CN10Y
2016-04-08,4182.94,0.029158,54.16,-0.010694189069423928,000819,有色金属,CNY,CN10Y
2016-04-11,4286.86,0.029091,55.63,-0.011115087722451913,000819,有色金属,CNY,CN10Y
2016-04-12,4245.13,0.0291,55.21,-0.010987339250135845,000819,有色金属,CNY,CN10Y
2016-04-13,4395.33,0.029271,57.14,-0.01177012495624781,000819,有色金属,CNY,CN10Y
2016-04-14,4371.89,0.029352,56.76,-0.011733959126145173,000819,有色金属,CNY,CN10Y
2016-04-15,4360.19,0.0291509999999999,56.65,-0.011498749338040497,000819,有色金属,CNY,CN10Y
2016-04-18,4296.38,0.029047,55.89,-0.011154711576310612,000819,有色金属,CNY,CN10Y
2016-04-19,4340.27,0.02906,56.46,-0.011348345731491322,000819,有色金属,CNY,CN10Y
2016-04-20,4252.98,0.029258,55.53,-0.011249716189447145,000819,有色金属,CNY,CN10Y
2016-04-21,4314.99,0.0292079999999999,56.14,-0.011395388671179094,000819,有色金属,CNY,CN10Y
2016-04-22,4232.42,0.0293089999999999,55.26,-0.011212727832066494,000819,有色金属,CNY,CN10Y
2016-04-25,4203.22,0.029362,54.89,-0.011143745308799417,000819,有色金属,CNY,CN10Y
2016-04-26,4205.81,0.029212,54.89,-0.010993745308799416,000819,有色金属,CNY,CN10Y
2016-04-27,4190.41,0.029108,54.88,-0.010886425655976677,000819,有色金属,CNY,CN10Y
2016-04-28,4151.97,0.028863,54.52,-0.010521107116654438,000819,有色金属,CNY,CN10Y
2016-04-29,4184.38,0.028913,54.97,-0.010721259050391122,000819,有色金属,CNY,CN10Y
2016-05-03,4304.17,0.02889,78.56,-0.016160875763747452,000819,有色金属,CNY,CN10Y
2016-05-04,4288.25,0.028965,78.37,-0.016205015311981628,000819,有色金属,CNY,CN10Y
2016-05-05,4318.58,0.029017,78.86,-0.0163363000253614,000819,有色金属,CNY,CN10Y
2016-05-06,4183.39,0.029016,76.4,-0.015926994764397906,000819,有色金属,CNY,CN10Y
2016-05-09,3984.04,0.028818,73.09,-0.015136237789027228,000819,有色金属,CNY,CN10Y
2016-05-10,3944.52,0.0289999999999999,72.47,-0.015201186697943878,000819,有色金属,CNY,CN10Y
2016-05-11,3938.93,0.029075,72.35,-0.015253299930891499,000819,有色金属,CNY,CN10Y
2016-05-12,3992.79,0.028975,72.97,-0.015270737974510073,000819,有色金属,CNY,CN10Y
2016-05-13,4017.65,0.02905,73.45,-0.015435296119809394,000819,有色金属,CNY,CN10Y
2016-05-16,4133.11,0.029275,75.34,-0.016001838332890893,000819,有色金属,CNY,CN10Y
2016-05-17,4111.85,0.0293,75.0,-0.015966666666666664,000819,有色金属,CNY,CN10Y
2016-05-18,4024.77,0.02955,73.53,-0.015950108799129607,000819,有色金属,CNY,CN10Y
2016-05-19,4112.91,0.0296,74.92,-0.016252429257875067,000819,有色金属,CNY,CN10Y
2016-05-20,4105.62,0.0295,74.6,-0.01609517426273458,000819,有色金属,CNY,CN10Y
2016-05-23,4136.26,0.02955,75.19,-0.01625035909030456,000819,有色金属,CNY,CN10Y
2016-05-24,4109.86,0.02935,74.88,-0.015995299145299145,000819,有色金属,CNY,CN10Y
2016-05-25,4039.38,0.029401,73.48,-0.01579185465432771,000819,有色金属,CNY,CN10Y
2016-05-26,4119.51,0.029401,75.1,-0.016085420772303592,000819,有色金属,CNY,CN10Y
2016-05-27,4075.04,0.029451,63.93,-0.013808891443766621,000819,有色金属,CNY,CN10Y
2016-05-30,4043.22,0.0297759999999999,63.23,-0.013960722441878754,000819,有色金属,CNY,CN10Y
2016-05-31,4241.75,0.029851,66.18,-0.014740694771834392,000819,有色金属,CNY,CN10Y
2016-06-01,4297.66,0.029952,65.98,-0.01479589208851167,000819,有色金属,CNY,CN10Y
2016-06-02,4320.48,0.030127,66.61,-0.01511423915328029,000819,有色金属,CNY,CN10Y
2016-06-03,4301.33,0.030152,66.24,-0.015055381642512078,000819,有色金属,CNY,CN10Y
2016-06-06,4355.21,0.030041,67.24,-0.015168900059488401,000819,有色金属,CNY,CN10Y
2016-06-07,4343.87,0.030071,67.09,-0.015165648978983457,000819,有色金属,CNY,CN10Y
2016-06-08,4304.66,0.030077,66.65,-0.015073249062265568,000819,有色金属,CNY,CN10Y
2016-06-12,,0.030053,66.65,-0.015049249062265568,000819,有色金属,CNY,CN10Y
2016-06-13,4210.55,0.029979,66.0,-0.014827484848484847,000819,有色金属,CNY,CN10Y
2016-06-14,4197.97,0.029654,65.75,-0.014444874524714829,000819,有色金属,CNY,CN10Y
2016-06-15,4373.65,0.029604,68.54,-0.015013979573971404,000819,有色金属,CNY,CN10Y
2016-06-16,4476.97,0.029455,70.38,-0.015246418016481952,000819,有色金属,CNY,CN10Y
2016-06-17,4464.57,0.029379,67.56,-0.014577342214328003,000819,有色金属,CNY,CN10Y
2016-06-20,4419.75,0.029481,66.83,-0.014517660182552745,000819,有色金属,CNY,CN10Y
2016-06-21,4319.01,0.029405,65.14,-0.014053449493398835,000819,有色金属,CNY,CN10Y
2016-06-22,4370.15,0.029307,65.74,-0.014095560997870397,000819,有色金属,CNY,CN10Y
2016-06-23,4283.36,0.029307,64.77,-0.013867753435232359,000819,有色金属,CNY,CN10Y
2016-06-24,4287.32,0.0288079999999999,64.11,-0.013209809390110646,000819,有色金属,CNY,CN10Y
2016-06-27,4343.11,0.02831,64.85,-0.012889799537393984,000819,有色金属,CNY,CN10Y
2016-06-28,4343.1,0.02861,64.85,-0.013189799537393986,000819,有色金属,CNY,CN10Y
2016-06-29,4420.86,0.028586,65.79,-0.013386121599027209,000819,有色金属,CNY,CN10Y
2016-06-30,4369.25,0.028411,65.02,-0.013031116887111656,000819,有色金属,CNY,CN10Y
2016-07-01,4401.08,0.0280379999999999,65.53,-0.012777813825728575,000819,有色金属,CNY,CN10Y
2016-07-04,4570.88,0.028314,67.93,-0.013592963639040188,000819,有色金属,CNY,CN10Y
2016-07-05,4577.6,0.0285139999999999,68.05,-0.013818922850844868,000819,有色金属,CNY,CN10Y
2016-07-06,4680.22,0.028365,69.94,-0.01406703031169574,000819,有色金属,CNY,CN10Y
2016-07-07,4819.8,0.028066,72.24,-0.014223253599114064,000819,有色金属,CNY,CN10Y
2016-07-08,4746.81,0.028016,71.21,-0.013973028507232128,000819,有色金属,CNY,CN10Y
2016-07-11,4871.68,0.028268,73.33,-0.014631016500750035,000819,有色金属,CNY,CN10Y
2016-07-12,4899.28,0.028368,73.38,-0.01474030853093486,000819,有色金属,CNY,CN10Y
2016-07-13,4938.82,0.028493,73.92,-0.014964861471861473,000819,有色金属,CNY,CN10Y
2016-07-14,4869.42,0.028395,72.81,-0.014660622854003571,000819,有色金属,CNY,CN10Y
2016-07-15,4853.2,0.028271,72.75,-0.01452529553264605,000819,有色金属,CNY,CN10Y
2016-07-18,4819.13,0.028271,72.25,-0.014430169550173011,000819,有色金属,CNY,CN10Y
2016-07-19,4823.44,0.028197,72.28,-0.01436191422246818,000819,有色金属,CNY,CN10Y
2016-07-20,4767.74,0.027996,71.22,-0.013955000280819994,000819,有色金属,CNY,CN10Y
2016-07-21,4748.86,0.027806,70.8,-0.013681706214689266,000819,有色金属,CNY,CN10Y
2016-07-22,4682.21,0.027907,69.8,-0.013580352435530086,000819,有色金属,CNY,CN10Y
2016-07-25,4638.83,0.028068,69.01,-0.013577346471525866,000819,有色金属,CNY,CN10Y
2016-07-26,4733.74,0.0279139999999999,70.42,-0.013713488781596039,000819,有色金属,CNY,CN10Y
2016-07-27,4515.07,0.027967,67.69,-0.013193769094400943,000819,有色金属,CNY,CN10Y
2016-07-28,4526.04,0.027867,67.87,-0.013132949609547665,000819,有色金属,CNY,CN10Y
2016-07-29,4441.32,0.027768,66.66,-0.012766499849984998,000819,有色金属,CNY,CN10Y
2016-08-01,4424.01,0.02783,66.43,-0.012776560289026044,000819,有色金属,CNY,CN10Y
2016-08-02,4445.37,0.0277919999999999,66.67,-0.012792749962501775,000819,有色金属,CNY,CN10Y
2016-08-03,4462.51,0.027718,66.99,-0.012790398865502312,000819,有色金属,CNY,CN10Y
2016-08-04,4482.87,0.027694,67.07,-0.01278420426420158,000819,有色金属,CNY,CN10Y
2016-08-05,4475.34,0.027534,66.88,-0.01258184688995215,000819,有色金属,CNY,CN10Y
2016-08-08,4468.98,0.027472,66.29,-0.01238676844169558,000819,有色金属,CNY,CN10Y
2016-08-09,4501.06,0.027125,66.76,-0.012145970641102458,000819,有色金属,CNY,CN10Y
2016-08-10,4562.66,0.0269499999999999,67.91,-0.012224628184361555,000819,有色金属,CNY,CN10Y
2016-08-11,4458.9,0.026875,66.41,-0.011817026803192288,000819,有色金属,CNY,CN10Y
2016-08-12,4489.62,0.026701,66.76,-0.011721970641102458,000819,有色金属,CNY,CN10Y
2016-08-15,4564.32,0.0264009999999999,67.78,-0.011647385364414183,000819,有色金属,CNY,CN10Y
2016-08-16,4600.74,0.0266509999999999,68.34,-0.012018281240854451,000819,有色金属,CNY,CN10Y
2016-08-17,4570.58,0.026901,67.87,-0.012166949609547667,000819,有色金属,CNY,CN10Y
2016-08-18,4564.44,0.026801,67.79,-0.01204956173476914,000819,有色金属,CNY,CN10Y
2016-08-19,4595.69,0.027001,67.9,-0.012273459499263626,000819,有色金属,CNY,CN10Y
2016-08-22,4498.23,0.026801,66.69,-0.011806248163142899,000819,有色金属,CNY,CN10Y
2016-08-23,4494.72,0.027201,66.64,-0.012194997599039616,000819,有色金属,CNY,CN10Y
2016-08-24,4485.7,0.027301,66.5,-0.012263406015037594,000819,有色金属,CNY,CN10Y
2016-08-25,4423.59,0.027201,65.64,-0.011966386959171236,000819,有色金属,CNY,CN10Y
2016-08-26,4440.17,0.026927,65.82,-0.011734049529018534,000819,有色金属,CNY,CN10Y
2016-08-29,4430.14,0.0270639999999999,65.64,-0.011829386959171137,000819,有色金属,CNY,CN10Y
2016-08-30,4427.72,0.027527,61.51,-0.011269480897415054,000819,有色金属,CNY,CN10Y
2016-08-31,4453.99,0.027425,61.82,-0.011249005176318345,000819,有色金属,CNY,CN10Y
2016-09-01,4430.16,0.027452,59.15,-0.0105458292476754,000819,有色金属,CNY,CN10Y
2016-09-02,4421.54,0.027452,85.02,-0.015690061632557047,000819,有色金属,CNY,CN10Y
2016-09-05,4469.54,0.027503,85.96,-0.015869682177757097,000819,有色金属,CNY,CN10Y
2016-09-06,4508.49,0.027628,86.61,-0.016081989146749798,000819,有色金属,CNY,CN10Y
2016-09-07,4501.05,0.027853,86.52,-0.016294978733240865,000819,有色金属,CNY,CN10Y
2016-09-08,4484.57,0.027753,86.2,-0.01615207192575406,000819,有色金属,CNY,CN10Y
2016-09-09,4454.81,0.0276779999999999,85.7,-0.016009388564760696,000819,有色金属,CNY,CN10Y
2016-09-12,4257.62,0.027916,82.16,-0.015744627069133398,000819,有色金属,CNY,CN10Y
2016-09-13,4280.48,0.027654,82.47,-0.015528378561901299,000819,有色金属,CNY,CN10Y
2016-09-14,4270.83,0.027579,82.26,-0.015422423292000973,000819,有色金属,CNY,CN10Y
2016-09-18,,0.027655,82.26,-0.015498423292000973,000819,有色金属,CNY,CN10Y
2016-09-19,4309.91,0.027605,82.8,-0.015527705314009663,000819,有色金属,CNY,CN10Y
2016-09-20,4302.94,0.027431,82.76,-0.015347868052199131,000819,有色金属,CNY,CN10Y
2016-09-21,4328.93,0.0275179999999999,83.27,-0.01550887306352818,000819,有色金属,CNY,CN10Y
2016-09-22,4323.04,0.027456,83.19,-0.015435324438033419,000819,有色金属,CNY,CN10Y
2016-09-23,4273.7,0.027318,82.32,-0.015170283770651116,000819,有色金属,CNY,CN10Y
2016-09-26,4160.99,0.027157,80.2,-0.014688172069825438,000819,有色金属,CNY,CN10Y
2016-09-27,4189.76,0.0271439999999999,80.7,-0.01475242627013621,000819,有色金属,CNY,CN10Y
2016-09-28,4165.79,0.027244,80.24,-0.014781387836490528,000819,有色金属,CNY,CN10Y
2016-09-29,4167.52,0.027282,80.3,-0.014828699875466998,000819,有色金属,CNY,CN10Y
2016-09-30,4202.17,0.027258,80.99,-0.014910796641560687,000819,有色金属,CNY,CN10Y
2016-10-08,,0.0270469999999999,80.99,-0.014699796641560587,000819,有色金属,CNY,CN10Y
2016-10-09,,0.02676,80.99,-0.014412796641560685,000819,有色金属,CNY,CN10Y
2016-10-10,4241.16,0.026735,81.5,-0.01446506134969325,000819,有色金属,CNY,CN10Y
2016-10-11,4264.57,0.026835,82.0,-0.014639878048780489,000819,有色金属,CNY,CN10Y
2016-10-12,4253.79,0.027098,81.69,-0.014856599583792386,000819,有色金属,CNY,CN10Y
2016-10-13,4262.02,0.02701,81.8,-0.014785061124694375,000819,有色金属,CNY,CN10Y
2016-10-14,4239.04,0.0269519999999999,81.38,-0.014663968542639369,000819,有色金属,CNY,CN10Y
2016-10-17,4267.35,0.0269039999999999,82.07,-0.014719279639332176,000819,有色金属,CNY,CN10Y
2016-10-18,4333.75,0.026965,83.31,-0.014961639058936502,000819,有色金属,CNY,CN10Y
2016-10-19,4346.89,0.026664,83.51,-0.014689386181295654,000819,有色金属,CNY,CN10Y
2016-10-20,4343.2,0.026518,83.46,-0.014536212317277737,000819,有色金属,CNY,CN10Y
2016-10-21,4317.96,0.026451,81.87,-0.014236513619152314,000819,有色金属,CNY,CN10Y
2016-10-24,4367.76,0.026595,82.91,-0.014533728742009408,000819,有色金属,CNY,CN10Y
2016-10-25,4432.83,0.026859,84.18,-0.014979693751484915,000819,有色金属,CNY,CN10Y
2016-10-26,4395.57,0.0272,83.53,-0.015228253322159702,000819,有色金属,CNY,CN10Y
2016-10-27,4385.95,0.027068,83.3,-0.01506319807923169,000819,有色金属,CNY,CN10Y
2016-10-28,4351.24,0.027027,82.72,-0.014938025145067696,000819,有色金属,CNY,CN10Y
2016-10-31,4402.92,0.027425,83.37,-0.01543027767782176,000819,有色金属,CNY,CN10Y
2016-11-01,4434.14,0.0273749999999999,65.44,-0.012093826405867869,000819,有色金属,CNY,CN10Y
2016-11-02,4456.22,0.027372,66.1,-0.012243406959152797,000819,有色金属,CNY,CN10Y
2016-11-03,4459.31,0.027301,66.06,-0.012163246442627913,000819,有色金属,CNY,CN10Y
2016-11-04,4456.85,0.027339,65.69,-0.01211598279799056,000819,有色金属,CNY,CN10Y
2016-11-07,4522.01,0.027475,66.47,-0.012430619076275011,000819,有色金属,CNY,CN10Y
2016-11-08,4508.35,0.027634,66.24,-0.012537381642512075,000819,有色金属,CNY,CN10Y
2016-11-09,4582.19,0.027651,67.79,-0.01289956173476914,000819,有色金属,CNY,CN10Y
2016-11-10,4629.34,0.027926,68.17,-0.013256790670382866,000819,有色金属,CNY,CN10Y
2016-11-11,4814.86,0.0281499999999999,70.67,-0.013999724069619258,000819,有色金属,CNY,CN10Y
2016-11-14,4788.26,0.0285769999999999,70.61,-0.014414700042486801,000819,有色金属,CNY,CN10Y
2016-11-15,4737.71,0.028501,69.98,-0.014211202915118605,000819,有色金属,CNY,CN10Y
2016-11-16,4720.55,0.028652,69.78,-0.014321246202350243,000819,有色金属,CNY,CN10Y
2016-11-17,4716.82,0.029055,69.62,-0.014691311404768747,000819,有色金属,CNY,CN10Y
2016-11-18,4659.98,0.028901,68.76,-0.014357660849331008,000819,有色金属,CNY,CN10Y
2016-11-21,4671.09,0.028851,68.86,-0.014328781004937556,000819,有色金属,CNY,CN10Y
2016-11-22,4737.25,0.028689,69.74,-0.01435002667049039,000819,有色金属,CNY,CN10Y
2016-11-23,4683.73,0.028451,69.02,-0.013962445957693422,000819,有色金属,CNY,CN10Y
2016-11-24,4719.81,0.028502,69.4,-0.014092778097982709,000819,有色金属,CNY,CN10Y
2016-11-25,4700.1,0.02865,69.22,-0.014203308292401039,000819,有色金属,CNY,CN10Y
2016-11-28,4813.07,0.028502,70.99,-0.014415508944921818,000819,有色金属,CNY,CN10Y
2016-11-29,4712.66,0.028906,69.68,-0.014554679678530427,000819,有色金属,CNY,CN10Y
2016-11-30,4609.61,0.029502,68.17,-0.014832790670382867,000819,有色金属,CNY,CN10Y
2016-12-01,4664.99,0.029893,69.02,-0.01540444595769342,000819,有色金属,CNY,CN10Y
2016-12-02,4578.84,0.029895,67.85,-0.015156606484893146,000819,有色金属,CNY,CN10Y
2016-12-05,4559.32,0.030302,67.46,-0.015478400830121551,000819,有色金属,CNY,CN10Y
2016-12-06,4541.05,0.0311509999999999,67.01,-0.016227854200865442,000819,有色金属,CNY,CN10Y
2016-12-07,4607.34,0.0308769999999999,68.0,-0.016171117647058725,000819,有色金属,CNY,CN10Y
2016-12-08,4614.48,0.030753,68.02,-0.01605144163481329,000819,有色金属,CNY,CN10Y
2016-12-09,4608.25,0.030853,68.56,-0.01626723570595099,000819,有色金属,CNY,CN10Y
2016-12-12,4420.22,0.031458,66.69,-0.016463248163142902,000819,有色金属,CNY,CN10Y
2016-12-13,4437.09,0.031863,66.97,-0.016930940869045844,000819,有色金属,CNY,CN10Y
2016-12-14,4424.56,0.032186,66.98,-0.01725617020005972,000819,有色金属,CNY,CN10Y
2016-12-15,4404.38,0.033315,66.49,-0.018275144382613923,000819,有色金属,CNY,CN10Y
2016-12-16,4363.7,0.032803,65.82,-0.017610049529018533,000819,有色金属,CNY,CN10Y
2016-12-19,4337.19,0.033316,65.35,-0.018013781178270846,000819,有色金属,CNY,CN10Y
2016-12-20,4323.18,0.033739,64.99,-0.01835201738729035,000819,有色金属,CNY,CN10Y
2016-12-21,4361.08,0.032815,65.7,-0.017594299847792996,000819,有色金属,CNY,CN10Y
2016-12-22,4338.58,0.031908,65.43,-0.01662449090631209,000819,有色金属,CNY,CN10Y
2016-12-23,4288.86,0.031769,64.59,-0.016286727202353305,000819,有色金属,CNY,CN10Y
2016-12-26,4267.08,0.031551,64.29,-0.015996481412350293,000819,有色金属,CNY,CN10Y
2016-12-27,4273.17,0.0316279999999999,64.45,-0.016112096198603466,000819,有色金属,CNY,CN10Y
2016-12-28,4272.08,0.031223,64.56,-0.015733532837670386,000819,有色金属,CNY,CN10Y
2016-12-29,4265.25,0.0304709999999999,64.58,-0.014986329823474661,000819,有色金属,CNY,CN10Y
2016-12-30,4250.5,0.030115,64.32,-0.014567736318407958,000819,有色金属,CNY,CN10Y
2016-12-31,,0.030115,64.32,-0.014567736318407958,000819,有色金属,CNY,CN10Y
2017-01-03,4288.26,0.031054,64.87,-0.015638553722830274,000819,有色金属,CNY,CN10Y
2017-01-04,4350.16,0.031823,65.87,-0.016641582055563986,000819,有色金属,CNY,CN10Y
2017-01-05,4375.07,0.032086,66.34,-0.01701213807657522,000819,有色金属,CNY,CN10Y
2017-01-06,4351.39,0.031953,66.02,-0.016806074825810362,000819,有色金属,CNY,CN10Y
2017-01-09,4370.85,0.031692,66.27,-0.016602215783914288,000819,有色金属,CNY,CN10Y
2017-01-10,4396.45,0.031792,66.83,-0.016828660182552746,000819,有色金属,CNY,CN10Y
2017-01-11,4377.88,0.032055,66.57,-0.01703321841670422,000819,有色金属,CNY,CN10Y
2017-01-12,4333.06,0.031888,65.94,-0.016722698210494387,000819,有色金属,CNY,CN10Y
2017-01-13,4264.84,0.032022,64.87,-0.016606553722830278,000819,有色金属,CNY,CN10Y
2017-01-16,4207.06,0.032496,64.28,-0.01693906160547604,000819,有色金属,CNY,CN10Y
2017-01-17,4235.86,0.032692,64.71,-0.01723843795394838,000819,有色金属,CNY,CN10Y
2017-01-18,4234.42,0.032682,64.57,-0.017194931702028807,000819,有色金属,CNY,CN10Y
2017-01-19,4203.87,0.032584,64.08,-0.01697850686641698,000819,有色金属,CNY,CN10Y
2017-01-20,4231.77,0.03244,64.53,-0.01694333178366651,000819,有色金属,CNY,CN10Y
2017-01-22,,0.0325499999999999,64.53,-0.01705333178366641,000819,有色金属,CNY,CN10Y
2017-01-23,4312.26,0.032429,65.75,-0.01721987452471483,000819,有色金属,CNY,CN10Y
2017-01-24,4301.23,0.032837,65.11,-0.01747837613269851,000819,有色金属,CNY,CN10Y
2017-01-25,4320.19,0.033463,65.35,-0.018160781178270847,000819,有色金属,CNY,CN10Y
2017-01-26,4438.93,0.0334649999999999,67.39,-0.01862600311618924,000819,有色金属,CNY,CN10Y
2017-02-03,4399.61,0.034214,66.8,-0.01924394011976048,000819,有色金属,CNY,CN10Y
2017-02-04,,0.034099,66.8,-0.019128940119760476,000819,有色金属,CNY,CN10Y
2017-02-06,4400.38,0.034905,66.83,-0.019941660182552744,000819,有色金属,CNY,CN10Y
2017-02-07,4430.91,0.034866,67.31,-0.020009366513148122,000819,有色金属,CNY,CN10Y
2017-02-08,4443.32,0.034591,67.46,-0.01976740083012155,000819,有色金属,CNY,CN10Y
2017-02-09,4460.3,0.034148,67.76,-0.01939003069657615,000819,有色金属,CNY,CN10Y
2017-02-10,4474.66,0.0343679999999999,67.97,-0.019655626894217938,000819,有色金属,CNY,CN10Y
2017-02-13,4538.96,0.034192,68.94,-0.01968663301421526,000819,有色金属,CNY,CN10Y
2017-02-14,4581.44,0.034107,69.53,-0.019724718970228677,000819,有色金属,CNY,CN10Y
2017-02-15,4481.68,0.034058,67.95,-0.019341296541574685,000819,有色金属,CNY,CN10Y
2017-02-16,4573.86,0.033559,69.21,-0.0191102209218321,000819,有色金属,CNY,CN10Y
2017-02-17,4520.08,0.033311,68.46,-0.01870393017820625,000819,有色金属,CNY,CN10Y
2017-02-20,4562.06,0.032812,68.99,-0.018317145673285982,000819,有色金属,CNY,CN10Y
2017-02-21,4612.0,0.033013,69.77,-0.018680192202952556,000819,有色金属,CNY,CN10Y
2017-02-22,4615.59,0.032839,69.85,-0.018522607730851823,000819,有色金属,CNY,CN10Y
2017-02-23,4692.04,0.032714,71.12,-0.0186532575928009,000819,有色金属,CNY,CN10Y
2017-02-24,4625.95,0.032916,70.06,-0.018642520125606625,000819,有色金属,CNY,CN10Y
2017-02-27,4595.32,0.032871,69.55,-0.018492854780733283,000819,有色金属,CNY,CN10Y
2017-02-28,4626.84,0.03292,69.93,-0.0186199856999857,000819,有色金属,CNY,CN10Y
2017-03-01,4647.84,0.033252,70.18,-0.01900292618979766,000819,有色金属,CNY,CN10Y
2017-03-02,4641.94,0.033483,69.98,-0.019193202915118605,000819,有色金属,CNY,CN10Y
2017-03-03,4589.96,0.033573,69.15,-0.019111684020245844,000819,有色金属,CNY,CN10Y
2017-03-06,4613.47,0.033615,69.54,-0.01923478717285016,000819,有色金属,CNY,CN10Y
2017-03-07,4575.81,0.033643,69.02,-0.01915444595769342,000819,有色金属,CNY,CN10Y
2017-03-08,4570.87,0.034088,69.02,-0.01959944595769342,000819,有色金属,CNY,CN10Y
2017-03-09,4517.09,0.034151,68.18,-0.019483942211792317,000819,有色金属,CNY,CN10Y
2017-03-10,4546.88,0.034156,68.48,-0.01955319626168224,000819,有色金属,CNY,CN10Y
2017-03-13,4617.03,0.033851,69.5,-0.019462510791366905,000819,有色金属,CNY,CN10Y
2017-03-14,4600.53,0.033653,69.27,-0.019216736105096003,000819,有色金属,CNY,CN10Y
2017-03-15,4622.38,0.033524,69.53,-0.019141718970228677,000819,有色金属,CNY,CN10Y
2017-03-16,4659.0,0.033097,70.08,-0.01882759360730594,000819,有色金属,CNY,CN10Y
2017-03-17,4593.2,0.033124,68.98,-0.018627044360684256,000819,有色金属,CNY,CN10Y
2017-03-20,4593.52,0.033141,69.03,-0.018654544835578733,000819,有色金属,CNY,CN10Y
2017-03-21,4564.37,0.033141,68.6,-0.01856374052478134,000819,有色金属,CNY,CN10Y
2017-03-22,4552.39,0.033068,68.48,-0.01846519626168224,000819,有色金属,CNY,CN10Y
2017-03-23,4571.88,0.033034,68.82,-0.018503340308049985,000819,有色金属,CNY,CN10Y
2017-03-24,4531.87,0.032529,68.28,-0.017883422964264796,000819,有色金属,CNY,CN10Y
2017-03-27,4532.51,0.032451,68.35,-0.01782042209217264,000819,有色金属,CNY,CN10Y
2017-03-28,4537.44,0.032626,68.48,-0.018023196261682244,000819,有色金属,CNY,CN10Y
2017-03-29,4538.5,0.032695,68.47,-0.01809006353147364,000819,有色金属,CNY,CN10Y
2017-03-30,4446.26,0.03289,67.01,-0.017966854200865544,000819,有色金属,CNY,CN10Y
2017-03-31,4488.43,0.0328279999999999,67.78,-0.01807438536441418,000819,有色金属,CNY,CN10Y
2017-04-01,,0.03273,67.78,-0.017976385364414284,000819,有色金属,CNY,CN10Y
2017-04-05,4637.72,0.033102,70.11,-0.01883869947225788,000819,有色金属,CNY,CN10Y
2017-04-06,4645.81,0.033109,70.22,-0.018868043007690117,000819,有色金属,CNY,CN10Y
2017-04-07,4662.88,0.032966,70.61,-0.018803700042486902,000819,有色金属,CNY,CN10Y
2017-04-10,4604.96,0.033166,69.8,-0.018839352435530088,000819,有色金属,CNY,CN10Y
2017-04-11,4625.91,0.033209,70.24,-0.018972097949886108,000819,有色金属,CNY,CN10Y
2017-04-12,4637.53,0.033283,70.25,-0.019048124555160143,000819,有色金属,CNY,CN10Y
2017-04-13,4670.43,0.03322,70.75,-0.01908572438162544,000819,有色金属,CNY,CN10Y
2017-04-14,4648.23,0.033599,70.54,-0.019422646158208108,000819,有色金属,CNY,CN10Y
2017-04-17,4620.62,0.0341599999999999,70.12,-0.01989873359954354,000819,有色金属,CNY,CN10Y
2017-04-18,4562.53,0.034064,69.29,-0.019631903016308266,000819,有色金属,CNY,CN10Y
2017-04-19,4461.28,0.034065,67.39,-0.01922600311618934,000819,有色金属,CNY,CN10Y
2017-04-20,4409.09,0.03424,66.65,-0.019236249062265568,000819,有色金属,CNY,CN10Y
2017-04-21,4392.11,0.034614,66.51,-0.01957866696737333,000819,有色金属,CNY,CN10Y
2017-04-24,4225.06,0.034991,64.02,-0.019370881287097783,000819,有色金属,CNY,CN10Y
2017-04-25,4241.61,0.034568,64.33,-0.0190231531167418,000819,有色金属,CNY,CN10Y
2017-04-26,4288.05,0.034519,64.97,-0.019127280744959212,000819,有色金属,CNY,CN10Y
2017-04-27,4317.99,0.034494,65.4,-0.01920348012232416,000819,有色金属,CNY,CN10Y
2017-04-28,4322.91,0.034668,65.48,-0.019396161270616982,000819,有色金属,CNY,CN10Y
2017-05-02,4325.05,0.03487,52.71,-0.01589826788085752,000819,有色金属,CNY,CN10Y
2017-05-03,4308.39,0.035219,52.5,-0.01617138095238095,000819,有色金属,CNY,CN10Y
2017-05-04,4229.08,0.035517,51.58,-0.016129640558355952,000819,有色金属,CNY,CN10Y
2017-05-05,4176.82,0.035592,50.94,-0.015961061641146444,000819,有色金属,CNY,CN10Y
2017-05-08,4140.4,0.036042,50.47,-0.016228249256984344,000819,有色金属,CNY,CN10Y
2017-05-09,4166.54,0.0363249999999999,50.82,-0.01664770759543477,000819,有色金属,CNY,CN10Y
2017-05-10,4062.84,0.0369,49.62,-0.016746835953244662,000819,有色金属,CNY,CN10Y
2017-05-11,4062.63,0.0364,49.59,-0.01623464408146804,000819,有色金属,CNY,CN10Y
2017-05-12,4059.28,0.036525,49.48,-0.016314814066289412,000819,有色金属,CNY,CN10Y
2017-05-15,4063.74,0.0361,49.5,-0.015897979797979796,000819,有色金属,CNY,CN10Y
2017-05-16,4174.35,0.036225,50.8,-0.01653996062992126,000819,有色金属,CNY,CN10Y
2017-05-17,4164.35,0.036275,50.69,-0.016547243045965675,000819,有色金属,CNY,CN10Y
2017-05-18,4119.52,0.0360749999999999,50.03,-0.01608699280431731,000819,有色金属,CNY,CN10Y
2017-05-19,4098.07,0.03625,49.5,-0.016047979797979794,000819,有色金属,CNY,CN10Y
2017-05-22,4059.26,0.036601,48.97,-0.016180334286297733,000819,有色金属,CNY,CN10Y
2017-05-23,3990.33,0.036725,48.03,-0.015904679367062254,000819,有色金属,CNY,CN10Y
2017-05-24,3996.67,0.036601,48.05,-0.015789345473465142,000819,有色金属,CNY,CN10Y
2017-05-25,4046.06,0.036476,48.6,-0.015899868312757203,000819,有色金属,CNY,CN10Y
2017-05-26,4042.91,0.036501,48.56,-0.01590791927512356,000819,有色金属,CNY,CN10Y
2017-05-27,,0.036499,48.56,-0.015905919275123557,000819,有色金属,CNY,CN10Y
2017-05-31,4021.07,0.0361019999999999,48.28,-0.01538948964374472,000819,有色金属,CNY,CN10Y
2017-06-01,3927.11,0.036152,47.13,-0.014934092085720347,000819,有色金属,CNY,CN10Y
2017-06-02,3944.81,0.036277,47.33,-0.01514875153179801,000819,有色金属,CNY,CN10Y
2017-06-05,3985.33,0.036152,47.86,-0.015257725031341408,000819,有色金属,CNY,CN10Y
2017-06-06,3987.54,0.036328,47.93,-0.015464240350511162,000819,有色金属,CNY,CN10Y
2017-06-07,4057.57,0.036427,48.73,-0.015905760517135235,000819,有色金属,CNY,CN10Y
2017-06-08,4052.12,0.036478,48.68,-0.01593568282662284,000819,有色金属,CNY,CN10Y
2017-06-09,4059.89,0.036303,48.76,-0.01579438638228056,000819,有色金属,CNY,CN10Y
2017-06-12,4014.18,0.035841,48.07,-0.01503800436862908,000819,有色金属,CNY,CN10Y
2017-06-13,4152.04,0.035754,49.73,-0.015645413633621555,000819,有色金属,CNY,CN10Y
2017-06-14,4173.98,0.035354,50.04,-0.01536998721023181,000819,有色金属,CNY,CN10Y
2017-06-15,4189.84,0.035554,50.24,-0.01564954140127389,000819,有色金属,CNY,CN10Y
2017-06-16,4222.14,0.03568,50.75,-0.015975566502463057,000819,有色金属,CNY,CN10Y
2017-06-19,4235.82,0.035006,50.9,-0.015359634577603146,000819,有色金属,CNY,CN10Y
2017-06-20,4282.56,0.034881,51.44,-0.015440875583203735,000819,有色金属,CNY,CN10Y
2017-06-21,4274.14,0.035406,51.38,-0.015943173997664463,000819,有色金属,CNY,CN10Y
2017-06-22,4236.05,0.035607,50.88,-0.015952911949685535,000819,有色金属,CNY,CN10Y
2017-06-23,4280.05,0.035457,51.42,-0.016009314274601325,000819,有色金属,CNY,CN10Y
2017-06-26,4357.18,0.035134,52.35,-0.016031803247373445,000819,有色金属,CNY,CN10Y
2017-06-27,4358.36,0.035084,52.43,-0.01601095021934007,000819,有色金属,CNY,CN10Y
2017-06-28,4364.82,0.035333,52.46,-0.016270857415173468,000819,有色金属,CNY,CN10Y
2017-06-29,4379.17,0.035483,52.66,-0.0164932544625902,000819,有色金属,CNY,CN10Y
2017-06-30,4404.4,0.035683,52.96,-0.016800824773413898,000819,有色金属,CNY,CN10Y
2017-07-03,4444.32,0.036033,53.4,-0.017306408239700376,000819,有色金属,CNY,CN10Y
2017-07-04,4397.77,0.036009,52.75,-0.017051654028436017,000819,有色金属,CNY,CN10Y
2017-07-05,4506.1,0.03576,54.1,-0.017275711645101666,000819,有色金属,CNY,CN10Y
2017-07-06,4598.49,0.03566,55.36,-0.017596416184971094,000819,有色金属,CNY,CN10Y
2017-07-07,4745.28,0.035897,57.26,-0.01843280160670625,000819,有色金属,CNY,CN10Y
2017-07-10,4743.45,0.035911,57.42,-0.01849546534308603,000819,有色金属,CNY,CN10Y
2017-07-11,4613.95,0.035836,55.79,-0.01791164079584155,000819,有色金属,CNY,CN10Y
2017-07-12,4712.17,0.035749,56.91,-0.018177395712528556,000819,有色金属,CNY,CN10Y
2017-07-13,4760.39,0.035643,57.46,-0.018239588931430562,000819,有色金属,CNY,CN10Y
2017-07-14,4756.09,0.035637,57.45,-0.018230559617058315,000819,有色金属,CNY,CN10Y
2017-07-17,4682.41,0.035626,55.78,-0.01769842739333094,000819,有色金属,CNY,CN10Y
2017-07-18,4777.27,0.035851,56.9,-0.01827630755711775,000819,有色金属,CNY,CN10Y
2017-07-19,4989.53,0.035901,59.57,-0.019114026691287565,000819,有色金属,CNY,CN10Y
2017-07-20,5008.41,0.03574,59.75,-0.019003598326359835,000819,有色金属,CNY,CN10Y
2017-07-21,5031.39,0.035829,60.04,-0.019173437041972018,000819,有色金属,CNY,CN10Y
2017-07-24,5010.32,0.035769,59.77,-0.019038198594612685,000819,有色金属,CNY,CN10Y
2017-07-25,5032.22,0.03592,59.87,-0.019217143811591782,000819,有色金属,CNY,CN10Y
2017-07-26,5102.17,0.03617,60.81,-0.0197253362933728,000819,有色金属,CNY,CN10Y
2017-07-27,5017.46,0.036021,60.05,-0.019368210657785177,000819,有色金属,CNY,CN10Y
2017-07-28,5165.43,0.036034,61.92,-0.019884129198966406,000819,有色金属,CNY,CN10Y
2017-07-31,5386.2,0.03626,64.53,-0.020763331783666513,000819,有色金属,CNY,CN10Y
2017-08-01,5344.82,0.036373,63.99,-0.020745558212220662,000819,有色金属,CNY,CN10Y
2017-08-02,5402.36,0.036311,64.63,-0.020838309299087115,000819,有色金属,CNY,CN10Y
2017-08-03,5480.98,0.0362619999999999,65.66,-0.021032027413950553,000819,有色金属,CNY,CN10Y
2017-08-04,5376.44,0.0362619999999999,64.31,-0.020712318768465146,000819,有色金属,CNY,CN10Y
2017-08-07,5544.96,0.036626,66.29,-0.021540768441695578,000819,有色金属,CNY,CN10Y
2017-08-08,5574.11,0.036538,66.62,-0.021527492644851397,000819,有色金属,CNY,CN10Y
2017-08-09,5691.59,0.0366,67.86,-0.021863778367226645,000819,有色金属,CNY,CN10Y
2017-08-10,5600.21,0.036375,66.63,-0.021366745460003,000819,有色金属,CNY,CN10Y
2017-08-11,5302.51,0.036163,63.07,-0.020307601236721106,000819,有色金属,CNY,CN10Y
2017-08-14,5449.55,0.035925,64.82,-0.020497662758407895,000819,有色金属,CNY,CN10Y
2017-08-15,5455.72,0.035801,64.77,-0.02036175343523236,000819,有色金属,CNY,CN10Y
2017-08-16,5348.0,0.035988,63.44,-0.020225074401008826,000819,有色金属,CNY,CN10Y
2017-08-17,5434.34,0.035926,64.45,-0.020410096198603567,000819,有色金属,CNY,CN10Y
2017-08-18,5319.24,0.035951,63.1,-0.020103139461172738,000819,有色金属,CNY,CN10Y
2017-08-21,5421.09,0.036181,64.33,-0.020636153116741798,000819,有色金属,CNY,CN10Y
2017-08-22,5488.19,0.036201,65.31,-0.020889409125708157,000819,有色金属,CNY,CN10Y
2017-08-23,5347.55,0.036152,63.58,-0.020423783579742054,000819,有色金属,CNY,CN10Y
2017-08-24,5315.81,0.036252,63.17,-0.020421700807345258,000819,有色金属,CNY,CN10Y
2017-08-25,5450.71,0.036327,64.8,-0.0208949012345679,000819,有色金属,CNY,CN10Y
2017-08-28,5567.24,0.036502,66.17,-0.02138941121354088,000819,有色金属,CNY,CN10Y
2017-08-29,5529.89,0.036303,65.9,-0.021128493171471932,000819,有色金属,CNY,CN10Y
2017-08-30,5632.32,0.036303,67.07,-0.021393204264201583,000819,有色金属,CNY,CN10Y
2017-08-31,5700.87,0.036265,68.2,-0.02160224340175953,000819,有色金属,CNY,CN10Y
2017-09-01,5838.53,0.0363529999999999,63.11,-0.02050765061004585,000819,有色金属,CNY,CN10Y
2017-09-04,5931.8,0.036454,64.09,-0.020850941800592916,000819,有色金属,CNY,CN10Y
2017-09-05,5917.33,0.036641,63.69,-0.020939948029517978,000819,有色金属,CNY,CN10Y
2017-09-06,5983.28,0.036554,64.53,-0.021057331783666516,000819,有色金属,CNY,CN10Y
2017-09-07,5877.11,0.036155,63.33,-0.02036469524711827,000819,有色金属,CNY,CN10Y
2017-09-08,5935.37,0.0360049999999999,63.95,-0.02036778342455033,000819,有色金属,CNY,CN10Y
2017-09-11,6135.76,0.036156,66.4,-0.02109575903614458,000819,有色金属,CNY,CN10Y
2017-09-12,6074.4,0.036181,65.58,-0.02093244861238182,000819,有色金属,CNY,CN10Y
2017-09-13,6116.58,0.036356,66.12,-0.02123198306110103,000819,有色金属,CNY,CN10Y
2017-09-14,6013.79,0.035982,65.03,-0.02060448193141627,000819,有色金属,CNY,CN10Y
2017-09-15,5854.86,0.035982,63.09,-0.02013162751624663,000819,有色金属,CNY,CN10Y
2017-09-18,5889.18,0.03622,63.54,-0.020481882278879447,000819,有色金属,CNY,CN10Y
2017-09-19,5858.85,0.036158,63.16,-0.02032519442685244,000819,有色金属,CNY,CN10Y
2017-09-20,5989.97,0.036209,64.71,-0.02075543795394838,000819,有色金属,CNY,CN10Y
2017-09-21,5819.67,0.036334,62.84,-0.02042056906429026,000819,有色金属,CNY,CN10Y
2017-09-22,5742.3,0.036209,61.95,-0.020066949959644875,000819,有色金属,CNY,CN10Y
2017-09-25,5612.01,0.035985,60.51,-0.019458805982482237,000819,有色金属,CNY,CN10Y
2017-09-26,5681.66,0.036172,61.24,-0.019842803396472895,000819,有色金属,CNY,CN10Y
2017-09-27,5780.16,0.0362349999999999,62.32,-0.020188786906290015,000819,有色金属,CNY,CN10Y
2017-09-28,5726.98,0.036136,61.78,-0.019949531887342185,000819,有色金属,CNY,CN10Y
2017-09-29,5740.56,0.036136,61.96,-0.019996555196901227,000819,有色金属,CNY,CN10Y
2017-09-30,,0.036136,61.96,-0.019996555196901227,000819,有色金属,CNY,CN10Y
2017-10-09,5772.38,0.036477,62.22,-0.02040499742847959,000819,有色金属,CNY,CN10Y
2017-10-10,5688.47,0.0364699999999999,61.28,-0.020151462140992067,000819,有色金属,CNY,CN10Y
2017-10-11,5615.18,0.0365399999999999,60.38,-0.019978224577674626,000819,有色金属,CNY,CN10Y
2017-10-12,5568.22,0.036765,59.88,-0.0200649331997328,000819,有色金属,CNY,CN10Y
2017-10-13,5596.47,0.03674,60.17,-0.020120422137277716,000819,有色金属,CNY,CN10Y
2017-10-16,5646.38,0.037054,60.74,-0.020590384590055973,000819,有色金属,CNY,CN10Y
2017-10-17,5521.0,0.037409,59.38,-0.02056831289996632,000819,有色金属,CNY,CN10Y
2017-10-18,5433.45,0.037366,58.28,-0.02020745504461222,000819,有色金属,CNY,CN10Y
2017-10-19,5421.18,0.037167,58.08,-0.019949369146005508,000819,有色金属,CNY,CN10Y
2017-10-20,5529.33,0.037217,59.35,-0.020367800336983995,000819,有色金属,CNY,CN10Y
2017-10-23,5502.65,0.037231,59.05,-0.02029619898391194,000819,有色金属,CNY,CN10Y
2017-10-24,5547.41,0.03722,59.51,-0.02041610149554697,000819,有色金属,CNY,CN10Y
2017-10-25,5529.0,0.037768,58.58,-0.020697327415500174,000819,有色金属,CNY,CN10Y
2017-10-26,5569.88,0.037769,59.13,-0.02085711094199222,000819,有色金属,CNY,CN10Y
2017-10-27,5476.72,0.038266,58.11,-0.021057257959043195,000819,有色金属,CNY,CN10Y
2017-10-30,5356.6,0.039115,56.65,-0.021462749338040595,000819,有色金属,CNY,CN10Y
2017-10-31,5447.3,0.038917,57.77,-0.02160697749697075,000819,有色金属,CNY,CN10Y
2017-11-01,5471.77,0.03863,47.35,-0.01751067581837381,000819,有色金属,CNY,CN10Y
2017-11-02,5406.45,0.038718,46.73,-0.017318470789642628,000819,有色金属,CNY,CN10Y
2017-11-03,5335.86,0.038816,46.06,-0.017105188015631788,000819,有色金属,CNY,CN10Y
2017-11-06,5344.89,0.038694,46.13,-0.017016133102102753,000819,有色金属,CNY,CN10Y
2017-11-07,5375.3,0.038813,46.37,-0.017247332542592194,000819,有色金属,CNY,CN10Y
2017-11-08,5401.27,0.038725,46.57,-0.017251948679407346,000819,有色金属,CNY,CN10Y
2017-11-09,5386.38,0.038863,46.43,-0.017325201163041138,000819,有色金属,CNY,CN10Y
2017-11-10,5353.95,0.039,46.11,-0.01731273042723921,000819,有色金属,CNY,CN10Y
2017-11-13,5351.54,0.0395,46.08,-0.017798611111111112,000819,有色金属,CNY,CN10Y
2017-11-14,5273.44,0.039525,45.56,-0.017575921861281825,000819,有色金属,CNY,CN10Y
2017-11-15,5139.3,0.0395,44.37,-0.0169622492675231,000819,有色金属,CNY,CN10Y
2017-11-16,5081.6,0.0392249999999999,43.78,-0.01638351987208761,000819,有色金属,CNY,CN10Y
2017-11-17,4964.15,0.0392,42.79,-0.01583005375087637,000819,有色金属,CNY,CN10Y
2017-11-20,5028.73,0.0394,43.34,-0.016326626672819564,000819,有色金属,CNY,CN10Y
2017-11-21,5007.4,0.0395,43.15,-0.016325028968713788,000819,有色金属,CNY,CN10Y
2017-11-22,5048.36,0.03985,43.53,-0.016877337468412586,000819,有色金属,CNY,CN10Y
2017-11-23,5005.2,0.039851,43.24,-0.016724265494912117,000819,有色金属,CNY,CN10Y
2017-11-24,5118.08,0.039463,44.33,-0.01690491292578389,000819,有色金属,CNY,CN10Y
2017-11-27,4986.95,0.039501,43.28,-0.01639563955637708,000819,有色金属,CNY,CN10Y
2017-11-28,5064.87,0.039601,44.04,-0.01689436966394187,000819,有色金属,CNY,CN10Y
2017-11-29,5169.28,0.039101,44.96,-0.016859007117437718,000819,有色金属,CNY,CN10Y
2017-11-30,5129.08,0.038901,44.65,-0.016504583426651735,000819,有色金属,CNY,CN10Y
2017-12-01,5118.59,0.038852,44.59,-0.016425446961202062,000819,有色金属,CNY,CN10Y
2017-12-04,5096.25,0.038902,44.34,-0.01634900045105999,000819,有色金属,CNY,CN10Y
2017-12-05,4940.59,0.038752,42.99,-0.01549077645964178,000819,有色金属,CNY,CN10Y
2017-12-06,4930.71,0.038752,42.83,-0.015403879523698344,000819,有色金属,CNY,CN10Y
2017-12-07,4912.63,0.038927,42.6,-0.015452821596244136,000819,有色金属,CNY,CN10Y
2017-12-08,4951.82,0.039102,43.03,-0.015862399721124795,000819,有色金属,CNY,CN10Y
2017-12-11,5011.77,0.039303,45.83,-0.017483231289548328,000819,有色金属,CNY,CN10Y
2017-12-12,5019.22,0.039378,45.98,-0.017629413658112224,000819,有色金属,CNY,CN10Y
2017-12-13,5025.97,0.039303,45.99,-0.017559142639704282,000819,有色金属,CNY,CN10Y
2017-12-14,5017.41,0.039104,45.98,-0.01735541365811222,000819,有色金属,CNY,CN10Y
2017-12-15,4978.81,0.038904,45.54,-0.016945282389108477,000819,有色金属,CNY,CN10Y
2017-12-18,4989.84,0.038904,45.57,-0.01695973842440202,000819,有色金属,CNY,CN10Y
2017-12-19,4974.83,0.039005,45.39,-0.016973715576118088,000819,有色金属,CNY,CN10Y
2017-12-20,4902.83,0.039005,44.72,-0.0166436404293381,000819,有色金属,CNY,CN10Y
2017-12-21,4950.57,0.039005,45.14,-0.016851699158174565,000819,有色金属,CNY,CN10Y
2017-12-22,4985.26,0.03878,45.39,-0.01674871557611809,000819,有色金属,CNY,CN10Y
2017-12-25,4984.96,0.038731,45.43,-0.016719113581333923,000819,有色金属,CNY,CN10Y
2017-12-26,5006.35,0.038881,45.25,-0.016781552486187845,000819,有色金属,CNY,CN10Y
2017-12-27,5058.07,0.038956,45.8,-0.017121938864628816,000819,有色金属,CNY,CN10Y
2017-12-28,5232.77,0.038857,47.4,-0.017759953586497894,000819,有色金属,CNY,CN10Y
2017-12-29,5209.4,0.038807,47.08,-0.017566558198810537,000819,有色金属,CNY,CN10Y
2017-12-30,,0.038807,47.08,-0.017566558198810537,000819,有色金属,CNY,CN10Y
2017-12-31,,0.038807,47.08,-0.017566558198810537,000819,有色金属,CNY,CN10Y
2018-01-02,5255.69,0.039008,47.49,-0.017950935354811542,000819,有色金属,CNY,CN10Y
2018-01-03,5312.83,0.039162,48.04,-0.018346013322231475,000819,有色金属,CNY,CN10Y
2018-01-04,5383.77,0.039319,48.68,-0.018776682826622842,000819,有色金属,CNY,CN10Y
2018-01-05,5351.72,0.039212,48.43,-0.01856364154449721,000819,有色金属,CNY,CN10Y
2018-01-08,5461.46,0.03911,49.42,-0.018875277215702143,000819,有色金属,CNY,CN10Y
2018-01-09,5471.04,0.038909,49.42,-0.018674277215702143,000819,有色金属,CNY,CN10Y
2018-01-10,5410.75,0.039201,48.91,-0.018755283377632385,000819,有色金属,CNY,CN10Y
2018-01-11,5428.06,0.039546,49.34,-0.019278468585326305,000819,有色金属,CNY,CN10Y
2018-01-12,5390.86,0.039337,48.9,-0.01888710224948875,000819,有色金属,CNY,CN10Y
2018-01-15,5203.58,0.03965,47.29,-0.01850388031296257,000819,有色金属,CNY,CN10Y
2018-01-16,5217.55,0.039596,47.74,-0.018649204859656474,000819,有色金属,CNY,CN10Y
2018-01-17,5142.11,0.039597,47.07,-0.018352045676651794,000819,有色金属,CNY,CN10Y
2018-01-18,5160.42,0.039797,47.26,-0.018637457046127803,000819,有色金属,CNY,CN10Y
2018-01-19,5175.78,0.039754,47.42,-0.018665851539434838,000819,有色金属,CNY,CN10Y
2018-01-22,5240.44,0.039522,48.05,-0.018710345473465142,000819,有色金属,CNY,CN10Y
2018-01-23,5320.95,0.039414,48.91,-0.018968283377632383,000819,有色金属,CNY,CN10Y
2018-01-24,5285.21,0.039507,48.64,-0.01894778947368421,000819,有色金属,CNY,CN10Y
2018-01-25,5349.82,0.039435,49.24,-0.01912630787977254,000819,有色金属,CNY,CN10Y
2018-01-26,5281.08,0.039365,48.59,-0.018784633669479314,000819,有色金属,CNY,CN10Y
2018-01-29,5297.32,0.039368,48.71,-0.018838334633545475,000819,有色金属,CNY,CN10Y
2018-01-30,5271.95,0.039292,48.21,-0.01854941547396806,000819,有色金属,CNY,CN10Y
2018-01-31,5222.7,0.03914,47.77,-0.01820635963994139,000819,有色金属,CNY,CN10Y
2018-02-01,5033.6,0.039066,46.03,-0.017341038018683464,000819,有色金属,CNY,CN10Y
2018-02-02,5176.14,0.0390919999999999,47.35,-0.01797267581837371,000819,有色金属,CNY,CN10Y
2018-02-05,5132.91,0.039167,46.91,-0.01784958367085909,000819,有色金属,CNY,CN10Y
2018-02-06,4942.08,0.038825,45.05,-0.01662744173140954,000819,有色金属,CNY,CN10Y
2018-02-07,4924.17,0.0387,44.81,-0.01638355277839768,000819,有色金属,CNY,CN10Y
2018-02-08,4874.58,0.038801,44.4,-0.016278477477477477,000819,有色金属,CNY,CN10Y
2018-02-09,4643.53,0.0388,42.12,-0.015058309591642925,000819,有色金属,CNY,CN10Y
2018-02-11,,0.038775,42.12,-0.01503330959164292,000819,有色金属,CNY,CN10Y
2018-02-12,4811.58,0.03875,43.65,-0.015840492554410078,000819,有色金属,CNY,CN10Y
2018-02-13,4839.55,0.0387,44.95,-0.016453058954393772,000819,有色金属,CNY,CN10Y
2018-02-14,4918.51,0.038702,45.65,-0.016796194961664842,000819,有色金属,CNY,CN10Y
2018-02-22,5083.13,0.038752,47.41,-0.017659403501371018,000819,有色金属,CNY,CN10Y
2018-02-23,5138.4,0.038702,48.11,-0.017916300561213884,000819,有色金属,CNY,CN10Y
2018-02-24,,0.038652,48.11,-0.017866300561213883,000819,有色金属,CNY,CN10Y
2018-02-26,5196.07,0.038452,48.98,-0.018035503470804407,000819,有色金属,CNY,CN10Y
2018-02-27,5072.86,0.038201,47.84,-0.017297989966555183,000819,有色金属,CNY,CN10Y
2018-02-28,5111.33,0.038202,48.32,-0.017506635761589402,000819,有色金属,CNY,CN10Y
2018-03-01,5107.55,0.038201,48.22,-0.01746271712982165,000819,有色金属,CNY,CN10Y
2018-03-02,5077.78,0.038352,47.94,-0.01749259240717563,000819,有色金属,CNY,CN10Y
2018-03-05,5062.9,0.038453,48.19,-0.017701806806391367,000819,有色金属,CNY,CN10Y
2018-03-06,5131.44,0.038253,48.8,-0.017761196721311476,000819,有色金属,CNY,CN10Y
2018-03-07,5075.02,0.038203,48.26,-0.017481905926232905,000819,有色金属,CNY,CN10Y
2018-03-08,5080.53,0.038203,48.09,-0.01740865606155126,000819,有色金属,CNY,CN10Y
2018-03-09,5083.41,0.038278,48.2,-0.01753111203319502,000819,有色金属,CNY,CN10Y
2018-03-12,5226.1,0.038243,49.69,-0.018118226403702958,000819,有色金属,CNY,CN10Y
2018-03-13,5206.93,0.038362,49.76,-0.01826553697749196,000819,有色金属,CNY,CN10Y
2018-03-14,5229.67,0.038413,49.81,-0.018336710098373826,000819,有色金属,CNY,CN10Y
2018-03-15,5236.91,0.038257,49.93,-0.01822896074504306,000819,有色金属,CNY,CN10Y
2018-03-16,5149.76,0.038154,49.08,-0.017779101874490628,000819,有色金属,CNY,CN10Y
2018-03-19,5123.07,0.038104,49.02,-0.01770416319869441,000819,有色金属,CNY,CN10Y
2018-03-20,5095.51,0.037906,48.7,-0.017372119096509243,000819,有色金属,CNY,CN10Y
2018-03-21,5052.1,0.03763,48.21,-0.016887415473968055,000819,有色金属,CNY,CN10Y
2018-03-22,5061.73,0.03748,48.23,-0.016746017001866058,000819,有色金属,CNY,CN10Y
2018-03-23,4792.0,0.0370049999999999,45.55,-0.015051103183314936,000819,有色金属,CNY,CN10Y
2018-03-26,4904.24,0.037307,46.69,-0.01588913750267723,000819,有色金属,CNY,CN10Y
2018-03-27,5031.91,0.037432,47.87,-0.016542089826613746,000819,有色金属,CNY,CN10Y
2018-03-28,4936.34,0.037406,46.83,-0.016052166986974162,000819,有色金属,CNY,CN10Y
2018-03-29,4941.24,0.037456,46.85,-0.01611128281750267,000819,有色金属,CNY,CN10Y
2018-03-30,4952.59,0.0374069999999999,46.92,-0.01609412702472283,000819,有色金属,CNY,CN10Y
2018-04-02,4940.23,0.037357,46.67,-0.015929959074351834,000819,有色金属,CNY,CN10Y
2018-04-03,4871.33,0.037507,46.06,-0.015796188015631783,000819,有色金属,CNY,CN10Y
2018-04-04,4832.26,0.0372339999999999,45.65,-0.01532819496166474,000819,有色金属,CNY,CN10Y
2018-04-08,,0.037008,45.65,-0.01510219496166484,000819,有色金属,CNY,CN10Y
2018-04-09,4862.44,0.036959,45.92,-0.015181996515679443,000819,有色金属,CNY,CN10Y
2018-04-10,4970.85,0.037159,46.7,-0.015745723768736616,000819,有色金属,CNY,CN10Y
2018-04-11,5015.83,0.037109,47.11,-0.015882084270855447,000819,有色金属,CNY,CN10Y
2018-04-12,4944.83,0.037109,46.41,-0.015561919629390217,000819,有色金属,CNY,CN10Y
2018-04-13,4906.91,0.037062,46.05,-0.015346473398479908,000819,有色金属,CNY,CN10Y
2018-04-16,4856.2,0.0365609999999999,45.58,-0.01462155287406747,000819,有色金属,CNY,CN10Y
2018-04-17,4736.43,0.0365119999999999,44.28,-0.013928440831074876,000819,有色金属,CNY,CN10Y
2018-04-18,4752.77,0.035013,44.42,-0.012500618190004507,000819,有色金属,CNY,CN10Y
2018-04-19,4865.85,0.035064,45.38,-0.013027860731599825,000819,有色金属,CNY,CN10Y
2018-04-20,4755.54,0.035215,44.29,-0.012636539850982165,000819,有色金属,CNY,CN10Y
2018-04-23,4710.43,0.036019,43.85,-0.013213982896237174,000819,有色金属,CNY,CN10Y
2018-04-24,4774.12,0.035855,44.58,-0.013423416330192908,000819,有色金属,CNY,CN10Y
2018-04-25,4741.64,0.036118,44.32,-0.013554823104693137,000819,有色金属,CNY,CN10Y
2018-04-26,4622.84,0.036344,43.14,-0.013163656930922578,000819,有色金属,CNY,CN10Y
2018-04-27,4645.02,0.036364,43.36,-0.013301269372693728,000819,有色金属,CNY,CN10Y
2018-04-28,,0.036217,43.36,-0.013154269372693726,000819,有色金属,CNY,CN10Y
2018-05-02,4635.53,0.036665,31.91,-0.00532686148542777,000819,有色金属,CNY,CN10Y
2018-05-03,4643.01,0.036467,31.91,-0.005128861485427766,000819,有色金属,CNY,CN10Y
2018-05-04,4634.59,0.036319,31.79,-0.004862567159484112,000819,有色金属,CNY,CN10Y
2018-05-07,4734.49,0.036518,32.44,-0.005691859432799012,000819,有色金属,CNY,CN10Y
2018-05-08,4754.33,0.036922,32.59,-0.006237741024854256,000819,有色金属,CNY,CN10Y
2018-05-09,4743.55,0.0370739999999999,32.45,-0.00625735901386739,000819,有色金属,CNY,CN10Y
2018-05-10,4758.98,0.036924,32.57,-0.006220898986797667,000819,有色金属,CNY,CN10Y
2018-05-11,4836.62,0.036882,33.2,-0.006761518072289158,000819,有色金属,CNY,CN10Y
2018-05-14,4848.42,0.036937,33.34,-0.006942998800239953,000819,有色金属,CNY,CN10Y
2018-05-15,4864.59,0.037151,33.43,-0.007237748429554297,000819,有色金属,CNY,CN10Y
2018-05-16,4803.96,0.037076,32.53,-0.006335145404242237,000819,有色金属,CNY,CN10Y
2018-05-17,4770.72,0.03712,32.31,-0.006169829774063759,000819,有色金属,CNY,CN10Y
2018-05-18,4806.55,0.037099,32.52,-0.006348692496924973,000819,有色金属,CNY,CN10Y
2018-05-21,4827.87,0.036939,32.69,-0.00634860538390945,000819,有色金属,CNY,CN10Y
2018-05-22,4830.37,0.0366999999999999,32.66,-0.006081506429883546,000819,有色金属,CNY,CN10Y
2018-05-23,4722.99,0.0364,31.66,-0.004814403032217314,000819,有色金属,CNY,CN10Y
2018-05-24,4718.36,0.036501,31.61,-0.004865441632394808,000819,有色金属,CNY,CN10Y
2018-05-25,4633.33,0.036126,31.01,-0.0038783379554982247,000819,有色金属,CNY,CN10Y
2018-05-28,4603.36,0.036101,30.81,-0.003644005517689064,000819,有色金属,CNY,CN10Y
2018-05-29,4592.94,0.036001,30.13,-0.002811487885828079,000819,有色金属,CNY,CN10Y
2018-05-30,4469.99,0.035976,29.23,-0.0017645733835100971,000819,有色金属,CNY,CN10Y
2018-05-31,4499.34,0.0361289999999999,29.42,-0.0021385173351460562,000819,有色金属,CNY,CN10Y
2018-06-01,4497.45,0.036202,29.29,-0.00206065483100034,000819,有色金属,CNY,CN10Y
2018-06-04,4443.13,0.036532,28.93,-0.001965805737988248,000819,有色金属,CNY,CN10Y
2018-06-05,4501.39,0.036602,29.36,-0.002542054495912806,000819,有色金属,CNY,CN10Y
2018-06-06,4561.47,0.036602,29.75,-0.0029885546218487435,000819,有色金属,CNY,CN10Y
2018-06-07,4568.4,0.036702,29.73,-0.0030659421459804867,000819,有色金属,CNY,CN10Y
2018-06-08,4479.71,0.036453,29.15,-0.0021476826758147494,000819,有色金属,CNY,CN10Y
2018-06-11,4517.29,0.036502,29.82,-0.0029674594232058996,000819,有色金属,CNY,CN10Y
2018-06-12,4520.39,0.036853,29.81,-0.0033072099966454174,000819,有色金属,CNY,CN10Y
2018-06-13,4453.61,0.036627,29.33,-0.002532216501875212,000819,有色金属,CNY,CN10Y
2018-06-14,4461.71,0.036227,29.39,-0.002201821367812183,000819,有色金属,CNY,CN10Y
2018-06-15,4387.49,0.036028,28.9,-0.0014259238754325207,000819,有色金属,CNY,CN10Y
2018-06-18,4387.48,0.036028,28.9,-0.0014259238754325207,000819,有色金属,CNY,CN10Y
2018-06-19,4115.29,0.0356029999999999,26.9,0.0015717211895911812,000819,有色金属,CNY,CN10Y
2018-06-20,4090.49,0.036054,26.83,0.0012177107715244107,000819,有色金属,CNY,CN10Y
2018-06-21,3980.89,0.035753,26.11,0.0025465021064726145,000819,有色金属,CNY,CN10Y
2018-06-22,4054.96,0.035604,26.61,0.0019758571965426547,000819,有色金属,CNY,CN10Y
2018-06-25,4037.93,0.035803,26.49,0.001947094375235936,000819,有色金属,CNY,CN10Y
2018-06-26,4060.24,0.035804,26.61,0.001775857196542649,000819,有色金属,CNY,CN10Y
2018-06-27,4042.35,0.035529,26.46,0.0022638949357520824,000819,有色金属,CNY,CN10Y
2018-06-28,3994.14,0.035304,26.13,0.0029661875239188687,000819,有色金属,CNY,CN10Y
2018-06-29,4086.64,0.034756,26.82,0.0025296077554064073,000819,有色金属,CNY,CN10Y
2018-07-02,3998.62,0.034668,26.18,0.003529097020626433,000819,有色金属,CNY,CN10Y
2018-07-03,4001.05,0.034955,26.26,0.003125731150038079,000819,有色金属,CNY,CN10Y
2018-07-04,3963.18,0.035107,25.99,0.0033693370527125843,000819,有色金属,CNY,CN10Y
2018-07-05,3837.01,0.035005,25.05,0.004915159680638721,000819,有色金属,CNY,CN10Y
2018-07-06,3868.54,0.035259,25.24,0.004360651347068152,000819,有色金属,CNY,CN10Y
2018-07-09,3950.22,0.035432,25.83,0.0032826728610143296,000819,有色金属,CNY,CN10Y
2018-07-10,4003.01,0.035431,25.73,0.0034341379712398007,000819,有色金属,CNY,CN10Y
2018-07-11,3944.64,0.035107,25.31,0.004403075069142635,000819,有色金属,CNY,CN10Y
2018-07-12,4016.85,0.035158,25.74,0.0036920388500388535,000819,有色金属,CNY,CN10Y
2018-07-13,4055.63,0.034858,26.03,0.0035592109104878936,000819,有色金属,CNY,CN10Y
2018-07-16,4022.02,0.034808,25.75,0.004026951456310678,000819,有色金属,CNY,CN10Y
2018-07-17,4031.41,0.034808,25.72,0.004072248833592536,000819,有色金属,CNY,CN10Y
2018-07-18,3981.43,0.034708,25.37,0.004708633819471814,000819,有色金属,CNY,CN10Y
2018-07-19,3943.18,0.034409,25.09,0.005447516540454361,000819,有色金属,CNY,CN10Y
2018-07-20,3979.64,0.035135,25.33,0.004343878799842091,000819,有色金属,CNY,CN10Y
2018-07-23,4060.23,0.035186,25.83,0.003528672861014326,000819,有色金属,CNY,CN10Y
2018-07-24,4148.36,0.035615,26.22,0.0025238253241800165,000819,有色金属,CNY,CN10Y
2018-07-25,4111.94,0.035614,26.01,0.0028327512495194135,000819,有色金属,CNY,CN10Y
2018-07-26,4079.0,0.035361,25.7,0.0035495058365758794,000819,有色金属,CNY,CN10Y
2018-07-27,4041.15,0.035212,25.47,0.00404987671770711,000819,有色金属,CNY,CN10Y
2018-07-30,4033.45,0.035213,25.43,0.004110633503735743,000819,有色金属,CNY,CN10Y
2018-07-31,4014.25,0.0348119999999999,25.31,0.004698075069142736,000819,有色金属,CNY,CN10Y
2018-08-01,3940.76,0.034638,24.83,0.005635862263391057,000819,有色金属,CNY,CN10Y
2018-08-02,3843.68,0.034713,24.22,0.006575191577208921,000819,有色金属,CNY,CN10Y
2018-08-03,3790.65,0.034567,23.96,0.007169227045075124,000819,有色金属,CNY,CN10Y
2018-08-06,3647.85,0.034568,22.97,0.008967045711797995,000819,有色金属,CNY,CN10Y
2018-08-07,3734.54,0.034876,23.52,0.00764100680272109,000819,有色金属,CNY,CN10Y
2018-08-08,3664.58,0.035222,23.04,0.008180777777777773,000819,有色金属,CNY,CN10Y
2018-08-09,3749.38,0.035476,23.62,0.006861002540220151,000819,有色金属,CNY,CN10Y
2018-08-10,3754.09,0.035525,23.68,0.006704729729729728,000819,有色金属,CNY,CN10Y
2018-08-13,3762.39,0.035826,23.76,0.006261542087542087,000819,有色金属,CNY,CN10Y
2018-08-14,3753.29,0.0355189999999999,23.68,0.006710729729729831,000819,有色金属,CNY,CN10Y
2018-08-15,3663.89,0.035829,23.14,0.007386211754537596,000819,有色金属,CNY,CN10Y
2018-08-16,3615.05,0.036141,22.87,0.007584404459991256,000819,有色金属,CNY,CN10Y
2018-08-17,3566.71,0.036524,22.55,0.007821898004434585,000819,有色金属,CNY,CN10Y
2018-08-20,3622.14,0.036326,22.89,0.007361199650502408,000819,有色金属,CNY,CN10Y
2018-08-21,3665.37,0.0363,23.13,0.006933895373973195,000819,有色金属,CNY,CN10Y
2018-08-22,3622.9,0.0360749999999999,22.84,0.007707837127845986,000819,有色金属,CNY,CN10Y
2018-08-23,3632.68,0.036101,22.92,0.007529017452006979,000819,有色金属,CNY,CN10Y
2018-08-24,3623.92,0.036278,22.83,0.007524014892685067,000819,有色金属,CNY,CN10Y
2018-08-27,3681.89,0.036303,23.16,0.006874892918825558,000819,有色金属,CNY,CN10Y
2018-08-28,3717.37,0.036101,23.37,0.006688901583226353,000819,有色金属,CNY,CN10Y
2018-08-29,3675.45,0.036101,23.07,0.007245337234503685,000819,有色金属,CNY,CN10Y
2018-08-30,3632.8,0.035801,22.84,0.007981837127845885,000819,有色金属,CNY,CN10Y
2018-08-31,3588.74,0.035751,22.54,0.008614572315882876,000819,有色金属,CNY,CN10Y
2018-09-03,3582.85,0.035951,22.49,0.008513206313917304,000819,有色金属,CNY,CN10Y
2018-09-04,3590.63,0.036101,22.55,0.008244898004434585,000819,有色金属,CNY,CN10Y
2018-09-05,3522.44,0.036101,22.15,0.009045726862302483,000819,有色金属,CNY,CN10Y
2018-09-06,3494.43,0.036101,21.96,0.009436340619307829,000819,有色金属,CNY,CN10Y
2018-09-07,3505.61,0.036301,22.04,0.009071050816696916,000819,有色金属,CNY,CN10Y
2018-09-10,3419.39,0.036551,21.45,0.010069046620046623,000819,有色金属,CNY,CN10Y
2018-09-11,3423.34,0.036751,21.49,0.00978227128897162,000819,有色金属,CNY,CN10Y
2018-09-12,3440.41,0.036551,21.62,0.009702469010175761,000819,有色金属,CNY,CN10Y
2018-09-13,3483.24,0.036526,21.9,0.009136100456621006,000819,有色金属,CNY,CN10Y
2018-09-14,3489.55,0.036351,21.89,0.009331960255824577,000819,有色金属,CNY,CN10Y
2018-09-17,3413.69,0.036327,21.39,0.010423818139317441,000819,有色金属,CNY,CN10Y
2018-09-18,3480.66,0.036452,21.83,0.009356520384791574,000819,有色金属,CNY,CN10Y
2018-09-19,3507.4,0.0367269999999999,22.01,0.008706893684688875,000819,有色金属,CNY,CN10Y
2018-09-20,3523.86,0.037003,22.13,0.008184528242205155,000819,有色金属,CNY,CN10Y
2018-09-21,3611.39,0.036752,22.64,0.007417611307420496,000819,有色金属,CNY,CN10Y
2018-09-25,3607.23,0.0367539999999999,22.6,0.0074937876106195705,000819,有色金属,CNY,CN10Y
2018-09-26,3617.53,0.036503,22.66,0.007627626654898502,000819,有色金属,CNY,CN10Y
2018-09-27,3577.86,0.036253,22.4,0.008389857142857143,000819,有色金属,CNY,CN10Y
2018-09-28,3622.03,0.036154,22.65,0.007996110375275943,000819,有色金属,CNY,CN10Y
2018-09-29,,0.036104,22.65,0.008046110375275944,000819,有色金属,CNY,CN10Y
2018-09-30,,0.036103,22.65,0.008047110375275938,000819,有色金属,CNY,CN10Y
2018-10-08,3523.39,0.036155,21.95,0.009403086560364468,000819,有色金属,CNY,CN10Y
2018-10-09,3576.61,0.036156,22.28,0.008727303411131059,000819,有色金属,CNY,CN10Y
2018-10-10,3539.66,0.036156,22.11,0.009072403437358663,000819,有色金属,CNY,CN10Y
2018-10-11,3300.35,0.035806,20.59,0.01276126566294318,000819,有色金属,CNY,CN10Y
2018-10-12,3279.36,0.035831,20.46,0.013044855327468227,000819,有色金属,CNY,CN10Y
2018-10-15,3214.3,0.035857,20.06,0.013993448654037892,000819,有色金属,CNY,CN10Y
2018-10-16,3141.84,0.035757,19.65,0.015133585241730287,000819,有色金属,CNY,CN10Y
2018-10-17,3121.16,0.035807,19.53,0.01539627700972862,000819,有色金属,CNY,CN10Y
2018-10-18,3007.7,0.035508,18.8,0.01768348936170213,000819,有色金属,CNY,CN10Y
2018-10-19,3071.27,0.0356579999999999,19.23,0.016344080083203427,000819,有色金属,CNY,CN10Y
2018-10-22,3220.59,0.03591,20.19,0.013619470034670629,000819,有色金属,CNY,CN10Y
2018-10-23,3168.52,0.035709,19.87,0.014618126321087069,000819,有色金属,CNY,CN10Y
2018-10-24,3190.25,0.035409,20.0,0.014591,000819,有色金属,CNY,CN10Y
2018-10-25,3198.72,0.035409,20.04,0.0144911996007984,000819,有色金属,CNY,CN10Y
2018-10-26,3213.21,0.03541,20.13,0.014267098857426733,000819,有色金属,CNY,CN10Y
2018-10-29,3147.03,0.0351109999999999,19.73,0.015573237202230208,000819,有色金属,CNY,CN10Y
2018-10-30,3181.99,0.035161,19.95,0.014964313283208026,000819,有色金属,CNY,CN10Y
2018-10-31,3266.92,0.035086,20.5,0.013694487804878051,000819,有色金属,CNY,CN10Y
2018-11-01,3279.1,0.0349359999999999,20.82,0.013094739673391073,000819,有色金属,CNY,CN10Y
2018-11-02,3373.52,0.035461,21.46,0.011137322460391424,000819,有色金属,CNY,CN10Y
2018-11-05,3361.86,0.035312,21.35,0.011526407494145192,000819,有色金属,CNY,CN10Y
2018-11-06,3348.42,0.035113,21.25,0.011945823529411766,000819,有色金属,CNY,CN10Y
2018-11-07,3375.04,0.034813,21.5,0.011698627906976747,000819,有色金属,CNY,CN10Y
2018-11-08,3314.51,0.034813,21.12,0.012535484848484851,000819,有色金属,CNY,CN10Y
2018-11-09,3271.22,0.034763,20.81,0.01329082027871216,000819,有色金属,CNY,CN10Y
2018-11-12,3322.93,0.034865,21.12,0.012483484848484848,000819,有色金属,CNY,CN10Y
2018-11-13,3366.33,0.03474,21.39,0.012010818139317439,000819,有色金属,CNY,CN10Y
2018-11-14,3344.0,0.034218,21.26,0.012818688617121356,000819,有色金属,CNY,CN10Y
2018-11-15,3390.88,0.033915,21.56,0.0124671892393321,000819,有色金属,CNY,CN10Y
2018-11-16,3402.34,0.033515,21.62,0.012738469010175758,000819,有色金属,CNY,CN10Y
2018-11-19,3416.71,0.033772,21.68,0.012353461254612542,000819,有色金属,CNY,CN10Y
2018-11-20,3372.03,0.033771,21.37,0.013023571829667756,000819,有色金属,CNY,CN10Y
2018-11-21,3348.7,0.0337159999999999,21.23,0.013387155911446166,000819,有色金属,CNY,CN10Y
2018-11-22,3334.05,0.033917,21.13,0.013409076668244202,000819,有色金属,CNY,CN10Y
2018-11-23,3181.86,0.033917,20.21,0.015563455220188024,000819,有色金属,CNY,CN10Y
2018-11-26,3153.02,0.034151,20.02,0.01579904995004995,000819,有色金属,CNY,CN10Y
2018-11-27,3177.03,0.034,20.19,0.015529470034670624,000819,有色金属,CNY,CN10Y
2018-11-28,3205.25,0.0337,20.36,0.015415913555992145,000819,有色金属,CNY,CN10Y
2018-11-29,3190.75,0.0336,20.29,0.015685362247412522,000819,有色金属,CNY,CN10Y
2018-11-30,3227.05,0.0335499999999999,20.51,0.015206704046806532,000819,有色金属,CNY,CN10Y
2018-12-03,3315.85,0.0335,21.07,0.01396084480303749,000819,有色金属,CNY,CN10Y
2018-12-04,3320.72,0.03305,21.1,0.014343364928909946,000819,有色金属,CNY,CN10Y
2018-12-05,3324.45,0.03275,21.14,0.014553689687795648,000819,有色金属,CNY,CN10Y
2018-12-06,3287.29,0.032751,20.91,0.01507300765184122,000819,有色金属,CNY,CN10Y
2018-12-07,3280.09,0.032853,20.86,0.01508563854266539,000819,有色金属,CNY,CN10Y
2018-12-10,3251.83,0.032678,20.69,0.01565452779120348,000819,有色金属,CNY,CN10Y
2018-12-11,3281.5,0.032652,20.88,0.015240720306513411,000819,有色金属,CNY,CN10Y
2018-12-12,3277.89,0.032703,20.88,0.015189720306513409,000819,有色金属,CNY,CN10Y
2018-12-13,3290.87,0.033311,20.97,0.014376172150691466,000819,有色金属,CNY,CN10Y
2018-12-14,3209.36,0.033468,20.48,0.015360125000000002,000819,有色金属,CNY,CN10Y
2018-12-17,3226.26,0.033713,20.33,0.015475391539596657,000819,有色金属,CNY,CN10Y
2018-12-18,3233.08,0.033714,20.39,0.015329648847474252,000819,有色金属,CNY,CN10Y
2018-12-19,3202.16,0.033412,20.2,0.01609295049504951,000819,有色金属,CNY,CN10Y
2018-12-20,3198.45,0.033003,20.19,0.01652647003467063,000819,有色金属,CNY,CN10Y
2018-12-21,3157.15,0.033168,19.93,0.01700761465127948,000819,有色金属,CNY,CN10Y
2018-12-24,3163.17,0.033483,19.98,0.016567050050050047,000819,有色金属,CNY,CN10Y
2018-12-25,3116.89,0.033113,19.7,0.017648421319796957,000819,有色金属,CNY,CN10Y
2018-12-26,3108.6,0.033011,19.66,0.017853699898270604,000819,有色金属,CNY,CN10Y
2018-12-27,3073.4,0.032709,19.43,0.0187578039114771,000819,有色金属,CNY,CN10Y
2018-12-28,3091.79,0.032315,19.53,0.018888277009728616,000819,有色金属,CNY,CN10Y
2018-12-29,,0.032265,19.53,0.018938277009728617,000819,有色金属,CNY,CN10Y
2018-12-30,,0.032265,19.53,0.018938277009728617,000819,有色金属,CNY,CN10Y
2018-12-31,,0.032265,19.53,0.018938277009728617,000819,有色金属,CNY,CN10Y
2019-01-02,3049.25,0.031734,19.29,0.020106331778123383,000819,有色金属,CNY,CN10Y
2019-01-03,3086.02,0.03141,19.5,0.01987205128205128,000819,有色金属,CNY,CN10Y
2019-01-04,3158.07,0.031513,19.93,0.018662614651279483,000819,有色金属,CNY,CN10Y
2019-01-07,3200.91,0.031507,20.18,0.018047013875123884,000819,有色金属,CNY,CN10Y
2019-01-08,3151.84,0.031211,19.85,0.01916683375314861,000819,有色金属,CNY,CN10Y
2019-01-09,3152.9,0.0311059999999999,19.86,0.019246467270896375,000819,有色金属,CNY,CN10Y
2019-01-10,3146.29,0.031006,19.83,0.01942264346949068,000819,有色金属,CNY,CN10Y
2019-01-11,3167.66,0.031058,19.95,0.019067313283208025,000819,有色金属,CNY,CN10Y
2019-01-14,3162.69,0.031297,19.9,0.01895425628140704,000819,有色金属,CNY,CN10Y
2019-01-15,3188.9,0.031383,20.08,0.018417796812749007,000819,有色金属,CNY,CN10Y
2019-01-16,3158.98,0.030745,19.89,0.01953152086475616,000819,有色金属,CNY,CN10Y
2019-01-17,3150.67,0.03076,19.82,0.019694086781029265,000819,有色金属,CNY,CN10Y
2019-01-18,3211.28,0.03091,20.2,0.018594950495049507,000819,有色金属,CNY,CN10Y
2019-01-21,3216.52,0.031037,20.26,0.01832134155972359,000819,有色金属,CNY,CN10Y
2019-01-22,3173.16,0.031071,20.01,0.01890401249375312,000819,有色金属,CNY,CN10Y
2019-01-23,3178.47,0.03119,20.06,0.018660448654037893,000819,有色金属,CNY,CN10Y
2019-01-24,3163.2,0.031338,19.96,0.0187622004008016,000819,有色金属,CNY,CN10Y
2019-01-25,3145.69,0.031398,19.86,0.018954467270896273,000819,有色金属,CNY,CN10Y
2019-01-28,3141.5,0.031397,19.84,0.019006225806451615,000819,有色金属,CNY,CN10Y
2019-01-29,3078.51,0.031246,19.5,0.02003605128205128,000819,有色金属,CNY,CN10Y
2019-01-30,3062.17,0.0311509999999999,19.43,0.0203158039114772,000819,有色金属,CNY,CN10Y
2019-01-31,3011.79,0.031037,19.17,0.021127840897235257,000819,有色金属,CNY,CN10Y
2019-02-01,3083.88,0.031032,19.61,0.019962390617032127,000819,有色金属,CNY,CN10Y
2019-02-02,,0.030978,19.61,0.02001639061703213,000819,有色金属,CNY,CN10Y
2019-02-03,,0.0309669999999999,19.61,0.020027390617032226,000819,有色金属,CNY,CN10Y
2019-02-11,3175.4,0.03067,20.17,0.018908582052553292,000819,有色金属,CNY,CN10Y
2019-02-12,3199.42,0.030748,20.32,0.018464598425196845,000819,有色金属,CNY,CN10Y
2019-02-13,3284.5,0.030719,20.82,0.01731173967339097,000819,有色金属,CNY,CN10Y
2019-02-14,3276.35,0.030726,20.79,0.0173740481000481,000819,有色金属,CNY,CN10Y
2019-02-15,3272.53,0.030794,20.77,0.01735236494944632,000819,有色金属,CNY,CN10Y
2019-02-18,3369.91,0.031094,21.39,0.01565681813931744,000819,有色金属,CNY,CN10Y
2019-02-19,3367.12,0.031279,21.36,0.015537479400749066,000819,有色金属,CNY,CN10Y
2019-02-20,3434.75,0.031196,21.78,0.014717682277318636,000819,有色金属,CNY,CN10Y
2019-02-21,3436.24,0.031361,21.76,0.014594882352941173,000819,有色金属,CNY,CN10Y
2019-02-22,3459.92,0.031451,21.92,0.01416943795620438,000819,有色金属,CNY,CN10Y
2019-02-25,3710.23,0.031787,23.43,0.01089332437046521,000819,有色金属,CNY,CN10Y
2019-02-26,3751.49,0.031878,23.66,0.010387426880811498,000819,有色金属,CNY,CN10Y
2019-02-27,3693.4,0.0316889999999999,23.29,0.011247882782310106,000819,有色金属,CNY,CN10Y
2019-02-28,3678.78,0.0317309999999999,23.39,0.011022313381787191,000819,有色金属,CNY,CN10Y
2019-03-01,3694.56,0.0318699999999999,23.47,0.010737584149978802,000819,有色金属,CNY,CN10Y
2019-03-04,3747.35,0.032023,23.79,0.010011468263976461,000819,有色金属,CNY,CN10Y
2019-03-05,3798.49,0.032149,24.05,0.009431041580041578,000819,有色金属,CNY,CN10Y
2019-03-06,3905.39,0.032021,24.68,0.008497638573743922,000819,有色金属,CNY,CN10Y
2019-03-07,3998.44,0.031572,25.19,0.008126292973402137,000819,有色金属,CNY,CN10Y
2019-03-08,3739.52,0.031423,23.61,0.010931934349851756,000819,有色金属,CNY,CN10Y
2019-03-11,3828.22,0.031374,24.14,0.010051020712510357,000819,有色金属,CNY,CN10Y
2019-03-12,3843.06,0.031424,24.22,0.009864191577208921,000819,有色金属,CNY,CN10Y
2019-03-13,3832.25,0.031375,24.14,0.010050020712510356,000819,有色金属,CNY,CN10Y
2019-03-14,3774.25,0.031475,23.79,0.010559468263976461,000819,有色金属,CNY,CN10Y
2019-03-15,3819.74,0.031376,24.06,0.010186759767248546,000819,有色金属,CNY,CN10Y
2019-03-18,3923.77,0.031377,24.73,0.009059716538617063,000819,有色金属,CNY,CN10Y
2019-03-19,3903.64,0.031377,24.61,0.009256888663145064,000819,有色金属,CNY,CN10Y
2019-03-20,3862.56,0.031453,24.35,0.009614761806981516,000819,有色金属,CNY,CN10Y
2019-03-21,3906.36,0.031291,24.6,0.00935940650406504,000819,有色金属,CNY,CN10Y
2019-03-22,3869.26,0.03108,24.35,0.009987761806981518,000819,有色金属,CNY,CN10Y
2019-03-25,3793.03,0.030831,23.89,0.011027518208455416,000819,有色金属,CNY,CN10Y
2019-03-26,3726.06,0.030633,23.48,0.011956437819420782,000819,有色金属,CNY,CN10Y
2019-03-27,3698.49,0.030882,23.35,0.011944552462526764,000819,有色金属,CNY,CN10Y
2019-03-28,3651.12,0.030634,23.12,0.012618595155709338,000819,有色金属,CNY,CN10Y
2019-03-29,3742.4,0.030683,23.67,0.011564570764681027,000819,有色金属,CNY,CN10Y
2019-04-01,3926.6,0.031332,24.81,0.008974328093510682,000819,有色金属,CNY,CN10Y
2019-04-02,4006.64,0.031681,25.26,0.007907281868566901,000819,有色金属,CNY,CN10Y
2019-04-03,4008.14,0.032331,25.3,0.007194691699604745,000819,有色金属,CNY,CN10Y
2019-04-04,4056.06,0.032679,25.58,0.006414041438623931,000819,有色金属,CNY,CN10Y
2019-04-08,4110.94,0.032482,25.87,0.006172812524159257,000819,有色金属,CNY,CN10Y
2019-04-09,4027.71,0.0328819999999999,25.35,0.006565731755424166,000819,有色金属,CNY,CN10Y
2019-04-10,3998.31,0.032932,25.16,0.006813627980922096,000819,有色金属,CNY,CN10Y
2019-04-11,3933.27,0.032784,24.76,0.007603722132471728,000819,有色金属,CNY,CN10Y
2019-04-12,3894.52,0.033334,24.53,0.007432408479412962,000819,有色金属,CNY,CN10Y
2019-04-15,3857.34,0.033736,24.31,0.007399335252982309,000819,有色金属,CNY,CN10Y
2019-04-16,3976.63,0.033937,25.01,0.006047006397441018,000819,有色金属,CNY,CN10Y
2019-04-17,3973.0,0.033938,24.99,0.006078006402561023,000819,有色金属,CNY,CN10Y
2019-04-18,3930.58,0.033589,24.7,0.00689682995951417,000819,有色金属,CNY,CN10Y
2019-04-19,3951.05,0.033741,24.82,0.006549088638195005,000819,有色金属,CNY,CN10Y
2019-04-22,3863.94,0.034091,24.32,0.007027421052631579,000819,有色金属,CNY,CN10Y
2019-04-23,3817.4,0.033993,24.03,0.007621648356221387,000819,有色金属,CNY,CN10Y
2019-04-24,3832.18,0.034343,24.13,0.0070991881475341925,000819,有色金属,CNY,CN10Y
2019-04-25,3705.99,0.034193,23.39,0.008560313381787088,000819,有色金属,CNY,CN10Y
2019-04-26,3639.53,0.034043,22.99,0.00945417268377556,000819,有色金属,CNY,CN10Y
2019-04-28,,0.034043,22.99,0.00945417268377556,000819,有色金属,CNY,CN10Y
2019-04-29,3484.69,0.034268,22.04,0.011104050816696916,000819,有色金属,CNY,CN10Y
2019-04-30,3501.85,0.0338689999999999,22.15,0.011277726862302585,000819,有色金属,CNY,CN10Y
2019-05-05,,0.033849,22.15,0.011297726862302487,000819,有色金属,CNY,CN10Y
2019-05-06,3267.35,0.0335499999999999,26.1,0.004764176245210826,000819,有色金属,CNY,CN10Y
2019-05-07,3291.56,0.033551,26.29,0.004486276531000387,000819,有色金属,CNY,CN10Y
2019-05-08,3298.98,0.033426,26.43,0.004409792659856228,000819,有色金属,CNY,CN10Y
2019-05-09,3262.2,0.033116,26.11,0.005183502106472615,000819,有色金属,CNY,CN10Y
2019-05-10,3342.06,0.033017,26.73,0.004394148522259632,000819,有色金属,CNY,CN10Y
2019-05-13,3301.87,0.032709,26.44,0.005112482602117996,000819,有色金属,CNY,CN10Y
2019-05-14,3308.15,0.032859,26.54,0.004819975131876417,000819,有色金属,CNY,CN10Y
2019-05-15,3346.51,0.032762,26.85,0.004481947858472994,000819,有色金属,CNY,CN10Y
2019-05-16,3469.04,0.032662,27.76,0.0033610547550432315,000819,有色金属,CNY,CN10Y
2019-05-17,3340.13,0.032665,26.77,0.00469024841240194,000819,有色金属,CNY,CN10Y
2019-05-20,3359.39,0.032717,26.89,0.0044715459278542175,000819,有色金属,CNY,CN10Y
2019-05-21,3474.91,0.03299,27.78,0.00300712023038157,000819,有色金属,CNY,CN10Y
2019-05-22,3416.96,0.033264,27.36,0.0032857076023391774,000819,有色金属,CNY,CN10Y
2019-05-23,3361.42,0.0331,26.94,0.004019524870081663,000819,有色金属,CNY,CN10Y
2019-05-24,3321.62,0.033125,26.69,0.00434221618583739,000819,有色金属,CNY,CN10Y
2019-05-27,3402.79,0.0335,27.33,0.0030898280278082724,000819,有色金属,CNY,CN10Y
2019-05-28,3395.19,0.0331,27.27,0.0035703337000366764,000819,有色金属,CNY,CN10Y
2019-05-29,3462.46,0.032875,27.78,0.003122120230381567,000819,有色金属,CNY,CN10Y
2019-05-30,3485.03,0.03275,28.0,0.002964285714285711,000819,有色金属,CNY,CN10Y
2019-05-31,3505.75,0.032751,28.2,0.0027099929078014187,000819,有色金属,CNY,CN10Y
2019-06-03,3459.53,0.032401,27.87,0.003479875493362039,000819,有色金属,CNY,CN10Y
2019-06-04,3401.68,0.032101,27.41,0.004382035388544328,000819,有色金属,CNY,CN10Y
2019-06-05,3431.0,0.0321,27.65,0.004066365280289336,000819,有色金属,CNY,CN10Y
2019-06-06,3400.51,0.032136,27.34,0.004440444769568397,000819,有色金属,CNY,CN10Y
2019-06-10,3431.38,0.032251,27.54,0.004059820624546115,000819,有色金属,CNY,CN10Y
2019-06-11,3538.49,0.032651,28.33,0.002647270384751148,000819,有色金属,CNY,CN10Y
2019-06-12,3598.15,0.032601,28.71,0.002230069313827937,000819,有色金属,CNY,CN10Y
2019-06-13,3588.31,0.032451,28.63,0.0024773967865874963,000819,有色金属,CNY,CN10Y
2019-06-14,3566.13,0.032302,28.49,0.0027980351000351025,000819,有色金属,CNY,CN10Y
2019-06-17,3556.14,0.032252,29.26,0.001924349965823642,000819,有色金属,CNY,CN10Y
2019-06-18,3532.57,0.032302,28.86,0.00234803465003465,000819,有色金属,CNY,CN10Y
2019-06-19,3533.34,0.032427,28.88,0.00219903878116344,000819,有色金属,CNY,CN10Y
2019-06-20,3588.85,0.032352,29.31,0.0017660484476288013,000819,有色金属,CNY,CN10Y
2019-06-21,3640.4,0.032303,29.77,0.0012878632851864302,000819,有色金属,CNY,CN10Y
2019-06-24,3680.08,0.0324529999999999,30.11,0.0007585576220525761,000819,有色金属,CNY,CN10Y
2019-06-25,3697.52,0.032353,30.28,0.0006720990752972222,000819,有色金属,CNY,CN10Y
2019-06-26,3588.72,0.0324529999999999,29.33,0.0016417834981248894,000819,有色金属,CNY,CN10Y
2019-06-27,3605.81,0.032553,29.43,0.0014259330615018703,000819,有色金属,CNY,CN10Y
2019-06-28,3597.87,0.032254,27.69,0.0038601206211628727,000819,有色金属,CNY,CN10Y
2019-07-01,3620.2,0.032254,27.84,0.0036655402298850573,000819,有色金属,CNY,CN10Y
2019-07-02,3651.66,0.0317039999999999,28.1,0.0038831886120997416,000819,有色金属,CNY,CN10Y
2019-07-03,3628.09,0.031554,27.93,0.004249795202291441,000819,有色金属,CNY,CN10Y
2019-07-04,3583.61,0.031479,27.57,0.004792309394269133,000819,有色金属,CNY,CN10Y
2019-07-05,3597.3,0.031705,27.7,0.004396083032490977,000819,有色金属,CNY,CN10Y
2019-07-08,3463.57,0.031805,26.71,0.005634161362785474,000819,有色金属,CNY,CN10Y
2019-07-09,3465.62,0.03168,26.75,0.005703177570093455,000819,有色金属,CNY,CN10Y
2019-07-10,3400.83,0.031706,26.12,0.0065788392036753435,000819,有色金属,CNY,CN10Y
2019-07-11,3444.54,0.03168,25.69,0.007245652004671074,000819,有色金属,CNY,CN10Y
2019-07-12,3431.23,0.0315309999999999,25.57,0.00757733007430593,000819,有色金属,CNY,CN10Y
2019-07-15,3460.14,0.031782,25.76,0.007037875776397515,000819,有色金属,CNY,CN10Y
2019-07-16,3463.7,0.031732,25.78,0.007057759503491072,000819,有色金属,CNY,CN10Y
2019-07-17,3447.32,0.031757,25.65,0.007229354775828464,000819,有色金属,CNY,CN10Y
2019-07-18,3449.25,0.031608,25.66,0.007363161340607952,000819,有色金属,CNY,CN10Y
2019-07-19,3516.5,0.031559,26.18,0.006638097020626434,000819,有色金属,CNY,CN10Y
2019-07-22,3385.37,0.031484,25.22,0.008167070578905637,000819,有色金属,CNY,CN10Y
2019-07-23,3388.36,0.031484,25.22,0.008167070578905637,000819,有色金属,CNY,CN10Y
2019-07-24,3423.87,0.0317099999999999,25.46,0.0075672977219168325,000819,有色金属,CNY,CN10Y
2019-07-25,3396.03,0.0316349999999999,25.24,0.007984651347068251,000819,有色金属,CNY,CN10Y
2019-07-26,3382.54,0.031661,25.14,0.008116247414478917,000819,有色金属,CNY,CN10Y
2019-07-29,3377.27,0.031836,25.11,0.007988771007566703,000819,有色金属,CNY,CN10Y
2019-07-30,3417.19,0.031761,25.41,0.007593584809130263,000819,有色金属,CNY,CN10Y
2019-07-31,3418.57,0.031552,25.42,0.007787103068450041,000819,有色金属,CNY,CN10Y
2019-08-01,3390.08,0.031487,25.19,0.008211292973402139,000819,有色金属,CNY,CN10Y
2019-08-02,3416.37,0.030914,25.39,0.008471584875935408,000819,有色金属,CNY,CN10Y
2019-08-05,3454.2,0.0305629999999999,25.74,0.008287038850038956,000819,有色金属,CNY,CN10Y
2019-08-06,3367.22,0.030613,25.15,0.009148431411530815,000819,有色金属,CNY,CN10Y
2019-08-07,3496.71,0.030514,26.15,0.0077269177820267695,000819,有色金属,CNY,CN10Y
2019-08-08,3479.08,0.030465,26.03,0.007952210910487895,000819,有色金属,CNY,CN10Y
2019-08-09,3450.68,0.030216,25.88,0.008423876352395672,000819,有色金属,CNY,CN10Y
2019-08-12,3421.5,0.0303909999999999,25.6,0.0086715000000001,000819,有色金属,CNY,CN10Y
2019-08-13,3468.51,0.030041,26.0,0.008420538461538462,000819,有色金属,CNY,CN10Y
2019-08-14,3443.47,0.030105,25.8,0.00865468992248062,000819,有色金属,CNY,CN10Y
2019-08-15,3431.88,0.030115,25.74,0.008735038850038856,000819,有色金属,CNY,CN10Y
2019-08-16,3445.72,0.030217,25.88,0.008422876352395671,000819,有色金属,CNY,CN10Y
2019-08-19,3485.3,0.030191,26.13,0.008079187523918872,000819,有色金属,CNY,CN10Y
2019-08-20,3523.91,0.0303169999999999,26.21,0.007836376573826881,000819,有色金属,CNY,CN10Y
2019-08-21,3475.34,0.030567,25.83,0.008147672861014327,000819,有色金属,CNY,CN10Y
2019-08-22,3468.28,0.030543,25.75,0.008291951456310676,000819,有色金属,CNY,CN10Y
2019-08-23,3457.37,0.030644,25.69,0.008281652004671073,000819,有色金属,CNY,CN10Y
2019-08-26,3476.79,0.030494,25.91,0.008101137012736397,000819,有色金属,CNY,CN10Y
2019-08-27,3512.41,0.03052,26.18,0.007677097020626432,000819,有色金属,CNY,CN10Y
2019-08-28,3484.4,0.03052,25.99,0.007956337052712585,000819,有色金属,CNY,CN10Y
2019-08-29,3498.85,0.0303209999999999,26.16,0.0079052996941897,000819,有色金属,CNY,CN10Y
2019-08-30,3493.6,0.030573,26.12,0.007711839203675342,000819,有色金属,CNY,CN10Y
2019-09-02,3536.06,0.0307229999999999,36.38,-0.003235369433754711,000819,有色金属,CNY,CN10Y
2019-09-03,3543.55,0.030624,36.47,-0.0032042029064984906,000819,有色金属,CNY,CN10Y
2019-09-04,3590.1,0.030473,36.92,-0.0033874095341278436,000819,有色金属,CNY,CN10Y
2019-09-05,3626.26,0.030173,37.23,-0.003312940907869995,000819,有色金属,CNY,CN10Y
2019-09-06,3573.12,0.030173,36.63,-0.0028729726999726993,000819,有色金属,CNY,CN10Y
2019-09-09,3629.17,0.03025,37.18,-0.0033538192576654108,000819,有色金属,CNY,CN10Y
2019-09-10,3632.84,0.030425,37.22,-0.0035577243417517466,000819,有色金属,CNY,CN10Y
2019-09-11,3625.04,0.030525,37.14,-0.0035998519116855164,000819,有色金属,CNY,CN10Y
2019-09-12,3617.21,0.030876,37.02,-0.0038635742841707198,000819,有色金属,CNY,CN10Y
2019-09-16,3639.11,0.030926,37.29,-0.004109159023866986,000819,有色金属,CNY,CN10Y
2019-09-17,3545.18,0.031076,36.36,-0.003573249724972496,000819,有色金属,CNY,CN10Y
2019-09-18,3533.7,0.031277,36.21,-0.0036603195249930963,000819,有色金属,CNY,CN10Y
2019-09-19,3571.83,0.031053,36.56,-0.003700702407002189,000819,有色金属,CNY,CN10Y
2019-09-20,3580.37,0.0309799999999999,36.66,-0.0037023131478449607,000819,有色金属,CNY,CN10Y
2019-09-23,3535.78,0.0310049999999999,36.17,-0.0033577785457560537,000819,有色金属,CNY,CN10Y
2019-09-24,3548.61,0.0312049999999999,36.24,-0.0036111810154524394,000819,有色金属,CNY,CN10Y
2019-09-25,3536.93,0.031157,36.1,-0.0034561689750692536,000819,有色金属,CNY,CN10Y
2019-09-26,3414.88,0.031381,34.86,-0.002694826735513481,000819,有色金属,CNY,CN10Y
2019-09-27,3406.63,0.031482,34.75,-0.0027050215827338145,000819,有色金属,CNY,CN10Y
2019-09-29,,0.031434,34.75,-0.002657021582733808,000819,有色金属,CNY,CN10Y
2019-09-30,3370.08,0.0314109999999999,34.42,-0.00235812376525266,000819,有色金属,CNY,CN10Y
2019-10-08,3363.15,0.031063,34.34,-0.0019424408852650003,000819,有色金属,CNY,CN10Y
2019-10-09,3404.7,0.031089,34.81,-0.00236162280953749,000819,有色金属,CNY,CN10Y
2019-10-10,3414.6,0.031289,34.89,-0.0026274924047004836,000819,有色金属,CNY,CN10Y
2019-10-11,3391.02,0.031564,34.63,-0.002687303494080282,000819,有色金属,CNY,CN10Y
2019-10-12,,0.031716,34.63,-0.0028393034940802815,000819,有色金属,CNY,CN10Y
2019-10-14,3403.72,0.031641,34.72,-0.002839156682027652,000819,有色金属,CNY,CN10Y
2019-10-15,3342.62,0.031668,34.12,-0.0023596764361078527,000819,有色金属,CNY,CN10Y
2019-10-16,3303.26,0.031693,33.72,-0.0020370094899169605,000819,有色金属,CNY,CN10Y
2019-10-17,3308.4,0.031569,33.74,-0.0019305886188500307,000819,有色金属,CNY,CN10Y
2019-10-18,3256.81,0.0318699999999999,33.22,-0.0017676520168572116,000819,有色金属,CNY,CN10Y
2019-10-21,3254.3,0.0321959999999999,33.15,-0.0020300874811462026,000819,有色金属,CNY,CN10Y
2019-10-22,3270.27,0.0321959999999999,33.32,-0.0021839951980791306,000819,有色金属,CNY,CN10Y
2019-10-23,3243.6,0.032122,33.07,-0.0018831127910492879,000819,有色金属,CNY,CN10Y
2019-10-24,3233.68,0.0321959999999999,32.9,-0.001800863221884396,000819,有色金属,CNY,CN10Y
2019-10-25,3255.09,0.032372,33.16,-0.0022151845597104883,000819,有色金属,CNY,CN10Y
2019-10-28,3305.58,0.032924,33.67,-0.0032239702999703017,000819,有色金属,CNY,CN10Y
2019-10-29,3253.48,0.033029,33.14,-0.0028539849124924604,000819,有色金属,CNY,CN10Y
2019-10-30,3214.96,0.033125,32.73,-0.0025719905285670613,000819,有色金属,CNY,CN10Y
2019-10-31,3202.84,0.03288,32.62,-0.0022239607602697713,000819,有色金属,CNY,CN10Y
2019-11-01,3234.35,0.032757,31.77,-0.0012807645577588914,000819,有色金属,CNY,CN10Y
2019-11-04,3255.75,0.032954,31.92,-0.0016256791979949864,000819,有色金属,CNY,CN10Y
2019-11-05,3281.1,0.032454,32.1,-0.0013013520249221151,000819,有色金属,CNY,CN10Y
2019-11-06,3283.0,0.032555,32.03,-0.001334269434904778,000819,有色金属,CNY,CN10Y
2019-11-07,3269.8,0.032736,31.89,-0.0013782075885857628,000819,有色金属,CNY,CN10Y
2019-11-08,3257.21,0.032765,31.77,-0.0012887645577588924,000819,有色金属,CNY,CN10Y
2019-11-11,3182.15,0.032463,31.06,-0.0002672498390212455,000819,有色金属,CNY,CN10Y
2019-11-12,3161.73,0.0325499999999999,30.86,-0.00014559300064798802,000819,有色金属,CNY,CN10Y
2019-11-13,3169.03,0.03237,31.01,-0.0001223379554982293,000819,有色金属,CNY,CN10Y
2019-11-14,3156.7,0.032555,30.92,-0.0002134734799482535,000819,有色金属,CNY,CN10Y
2019-11-15,3139.68,0.032355,30.76,0.00015475292587775746,000819,有色金属,CNY,CN10Y
2019-11-18,3154.31,0.031993,30.92,0.0003485265200517465,000819,有色金属,CNY,CN10Y
2019-11-19,3220.78,0.031743,31.45,5.3502384737676156e-05,000819,有色金属,CNY,CN10Y
2019-11-20,3240.85,0.031747,31.68,-0.00018134343434342975,000819,有色金属,CNY,CN10Y
2019-11-21,3229.7,0.031749,31.56,-6.332192648922375e-05,000819,有色金属,CNY,CN10Y
2019-11-22,3246.23,0.031747,31.73,-0.00023108446265363708,000819,有色金属,CNY,CN10Y
2019-11-25,3293.86,0.031875,32.11,-0.0007320538772967906,000819,有色金属,CNY,CN10Y
2019-11-26,3294.52,0.031675,32.08,-0.0005029301745635914,000819,有色金属,CNY,CN10Y
2019-11-27,3319.21,0.0317,32.21,-0.0006537410742005582,000819,有色金属,CNY,CN10Y
2019-11-28,3286.06,0.03165,31.93,-0.00033149076103976965,000819,有色金属,CNY,CN10Y
2019-11-29,3265.62,0.03165,31.59,5.587211142771276e-06,000819,有色金属,CNY,CN10Y
2019-12-02,3259.52,0.032062,31.52,-0.0003361116751269058,000819,有色金属,CNY,CN10Y
2019-12-03,3285.94,0.0317459999999999,31.74,-0.00024001386263379498,000819,有色金属,CNY,CN10Y
2019-12-04,3359.01,0.031751,32.5,-0.0009817692307692305,000819,有色金属,CNY,CN10Y
2019-12-05,3358.85,0.031776,32.45,-0.0009593590138674904,000819,有色金属,CNY,CN10Y
2019-12-06,3360.43,0.031751,32.49,-0.0009722988611880617,000819,有色金属,CNY,CN10Y
2019-12-09,3360.48,0.031903,32.47,-0.0011053406221127188,000819,有色金属,CNY,CN10Y
2019-12-10,3393.94,0.031776,32.78,-0.0012695936546674794,000819,有色金属,CNY,CN10Y
2019-12-11,3364.6,0.031702,32.57,-0.0009988989867976694,000819,有色金属,CNY,CN10Y
2019-12-12,3366.54,0.031652,32.58,-0.0009583228974831166,000819,有色金属,CNY,CN10Y
2019-12-13,3392.2,0.0318279999999999,32.8,-0.0013401951219511148,000819,有色金属,CNY,CN10Y
2019-12-16,3414.84,0.031854,32.27,-0.0008654657576696659,000819,有色金属,CNY,CN10Y
2019-12-17,3505.6,0.0321329999999999,33.1,-0.0019215196374621352,000819,有色金属,CNY,CN10Y
2019-12-18,3503.52,0.032139,33.07,-0.001900112791049291,000819,有色金属,CNY,CN10Y
2019-12-19,3506.2,0.032139,33.07,-0.001900112791049291,000819,有色金属,CNY,CN10Y
2019-12-20,3466.6,0.031808,32.71,-0.001236309385509022,000819,有色金属,CNY,CN10Y
2019-12-23,3438.51,0.031661,32.37,-0.0007681980228606729,000819,有色金属,CNY,CN10Y
2019-12-24,3589.8,0.031535,33.65,-0.0018173179791976211,000819,有色金属,CNY,CN10Y
2019-12-25,3593.73,0.031463,33.7,-0.0017894094955489617,000819,有色金属,CNY,CN10Y
2019-12-26,3637.43,0.031137,33.93,-0.0016645567344532874,000819,有色金属,CNY,CN10Y
2019-12-27,3733.15,0.031292,34.69,-0.0024652487748630728,000819,有色金属,CNY,CN10Y
2019-12-30,3766.67,0.031322,34.99,-0.0027424058302372156,000819,有色金属,CNY,CN10Y
2019-12-31,3781.62,0.031365,35.11,-0.002883086015380232,000819,有色金属,CNY,CN10Y
2020-01-02,3833.93,0.031485,35.55,-0.003355604781997184,000819,有色金属,CNY,CN10Y
2020-01-03,3897.46,0.031428,36.01,-0.003657936128853092,000819,有色金属,CNY,CN10Y
2020-01-06,4024.62,0.031352,37.14,-0.004426851911685514,000819,有色金属,CNY,CN10Y
2020-01-07,3981.83,0.031379,36.7,-0.004131043596730246,000819,有色金属,CNY,CN10Y
2020-01-08,3986.31,0.031337,36.81,-0.004170469165987501,000819,有色金属,CNY,CN10Y
2020-01-09,3929.19,0.031184,36.17,-0.003536778545756153,000819,有色金属,CNY,CN10Y
2020-01-10,3913.29,0.030819,35.99,-0.0030335040288969155,000819,有色金属,CNY,CN10Y
2020-01-13,3943.84,0.03084,36.25,-0.0032537931034482756,000819,有色金属,CNY,CN10Y
2020-01-14,4031.01,0.030994,36.92,-0.003908409534127844,000819,有色金属,CNY,CN10Y
2020-01-15,3940.82,0.030897,36.22,-0.0032879442297073444,000819,有色金属,CNY,CN10Y
2020-01-16,3918.29,0.030918,35.94,-0.003093848636616582,000819,有色金属,CNY,CN10Y
2020-01-17,3912.98,0.030832,35.88,-0.0029613199554069138,000819,有色金属,CNY,CN10Y
2020-01-19,,0.03078,35.88,-0.002909319955406914,000819,有色金属,CNY,CN10Y
2020-01-20,3925.57,0.0307759999999999,35.96,-0.002967323692992116,000819,有色金属,CNY,CN10Y
2020-01-21,3826.83,0.030337,35.05,-0.0018063295292439357,000819,有色金属,CNY,CN10Y
2020-01-22,3865.12,0.030282,35.21,-0.0018809775631922765,000819,有色金属,CNY,CN10Y
2020-01-23,3742.9,0.029932,34.04,-0.0005547967097532316,000819,有色金属,CNY,CN10Y
2020-02-03,3393.97,0.028231,30.92,0.004110526520051748,000819,有色金属,CNY,CN10Y
2020-02-04,3432.0,0.028551,31.07,0.0036343878339233984,000819,有色金属,CNY,CN10Y
2020-02-05,3524.71,0.02844,31.88,0.0029276286072772925,000819,有色金属,CNY,CN10Y
2020-02-06,3559.13,0.028392,32.21,0.00265425892579944,000819,有色金属,CNY,CN10Y
2020-02-07,3538.2,0.028024,32.06,0.0031675159076731095,000819,有色金属,CNY,CN10Y
2020-02-10,3668.66,0.0278719999999999,33.08,0.002357746070133112,000819,有色金属,CNY,CN10Y
2020-02-11,3684.43,0.02834,33.17,0.0018077238468495599,000819,有色金属,CNY,CN10Y
2020-02-12,3837.14,0.028333,34.37,0.0007621411114343904,000819,有色金属,CNY,CN10Y
2020-02-13,3878.76,0.028201,34.88,0.0004687247706421996,000819,有色金属,CNY,CN10Y
2020-02-14,3933.74,0.028631,35.48,-0.00044610710259300815,000819,有色金属,CNY,CN10Y
2020-02-17,4039.72,0.028928,36.34,-0.0014101133736929006,000819,有色金属,CNY,CN10Y
2020-02-18,4050.49,0.028664,36.53,-0.0012892395291541209,000819,有色金属,CNY,CN10Y
2020-02-19,3958.18,0.028776,35.99,-0.0009905040288969158,000819,有色金属,CNY,CN10Y
2020-02-20,3977.7,0.028857,36.25,-0.001270793103448277,000819,有色金属,CNY,CN10Y
2020-02-21,4040.86,0.02847,36.92,-0.0013844095341278423,000819,有色金属,CNY,CN10Y
2020-02-24,4017.46,0.02812,36.9,-0.0010197289972899704,000819,有色金属,CNY,CN10Y
2020-02-25,4018.84,0.02822,36.77,-0.0010239162360620065,000819,有色金属,CNY,CN10Y
2020-02-26,3904.9,0.0279729999999999,35.75,-9.720279719287184e-07,000819,有色金属,CNY,CN10Y
2020-02-27,3882.55,0.027702,35.58,0.0004036773468240572,000819,有色金属,CNY,CN10Y
2020-02-28,3629.7,0.027376,33.32,0.0026360048019207667,000819,有色金属,CNY,CN10Y
2020-03-02,3739.97,0.0274279999999999,34.38,0.0016586783013380832,000819,有色金属,CNY,CN10Y
2020-03-03,3777.06,0.027478,34.66,0.0013737022504327796,000819,有色金属,CNY,CN10Y
2020-03-04,3824.72,0.02673,35.08,0.0017762713797035354,000819,有色金属,CNY,CN10Y
2020-03-05,3867.44,0.026829,35.55,0.0013003952180028165,000819,有色金属,CNY,CN10Y
2020-03-06,3857.54,0.02628,35.52,0.0018731531531531488,000819,有色金属,CNY,CN10Y
2020-03-09,3665.25,0.025205,33.75,0.004424629629629629,000819,有色金属,CNY,CN10Y
2020-03-10,3709.95,0.02613,34.12,0.0031783235638921485,000819,有色金属,CNY,CN10Y
2020-03-11,3668.32,0.0260789999999999,33.84,0.0034718274231679454,000819,有色金属,CNY,CN10Y
2020-03-12,3564.88,0.026379,32.89,0.004025378230465188,000819,有色金属,CNY,CN10Y
2020-03-13,3493.08,0.0267589999999999,32.28,0.004219934324659329,000819,有色金属,CNY,CN10Y
2020-03-16,3351.1,0.026758,31.09,0.005406683177870696,000819,有色金属,CNY,CN10Y
2020-03-17,3303.01,0.027135,30.59,0.0055554217064400155,000819,有色金属,CNY,CN10Y
2020-03-18,3232.0,0.027136,29.93,0.00627529301703976,000819,有色金属,CNY,CN10Y
2020-03-19,3210.13,0.027299,29.7,0.006371033670033669,000819,有色金属,CNY,CN10Y
2020-03-20,3260.62,0.026815,30.2,0.006297582781456958,000819,有色金属,CNY,CN10Y
2020-03-23,3126.74,0.0263149999999999,29.02,0.008143993797381219,000819,有色金属,CNY,CN10Y
2020-03-24,3267.65,0.0262889999999999,30.32,0.0066925303430080164,000819,有色金属,CNY,CN10Y
2020-03-25,3347.81,0.0262889999999999,31.05,0.005917119162641,000819,有色金属,CNY,CN10Y
2020-03-26,3314.78,0.0259399999999999,30.79,0.006538077297824067,000819,有色金属,CNY,CN10Y
2020-03-27,3298.35,0.02609,30.69,0.006493903551645485,000819,有色金属,CNY,CN10Y
2020-03-30,3206.85,0.026142,29.82,0.007392540576794102,000819,有色金属,CNY,CN10Y
2020-03-31,3246.33,0.025899,30.19,0.007224550844650547,000819,有色金属,CNY,CN10Y
2020-04-01,3296.99,0.02555,30.59,0.007140421706440015,000819,有色金属,CNY,CN10Y
2020-04-02,3323.76,0.025854,30.81,0.006602994482310939,000819,有色金属,CNY,CN10Y
2020-04-03,3288.38,0.025965,30.58,0.006736111837802487,000819,有色金属,CNY,CN10Y
2020-04-07,3417.53,0.025112,31.76,0.006374146095717886,000819,有色金属,CNY,CN10Y
2020-04-08,3421.88,0.024824,31.72,0.0067018511979823475,000819,有色金属,CNY,CN10Y
2020-04-09,3413.73,0.025226,31.65,0.006369576619273308,000819,有色金属,CNY,CN10Y
2020-04-10,3359.49,0.025403,31.13,0.006720353678123996,000819,有色金属,CNY,CN10Y
2020-04-13,3350.3,0.025658,31.1,0.006496340836012859,000819,有色金属,CNY,CN10Y
2020-04-14,3469.77,0.025591,32.15,0.0055131990668740305,000819,有色金属,CNY,CN10Y
2020-04-15,3433.72,0.025455,31.82,0.005971775612822125,000819,有色金属,CNY,CN10Y
2020-04-16,3438.96,0.025276,31.84,0.006131035175879394,000819,有色金属,CNY,CN10Y
2020-04-17,3412.78,0.02559,31.59,0.006065587211142767,000819,有色金属,CNY,CN10Y
2020-04-20,3408.55,0.02592,31.54,0.005785770450221946,000819,有色金属,CNY,CN10Y
2020-04-21,3351.58,0.0257909999999999,31.07,0.006394387833923498,000819,有色金属,CNY,CN10Y
2020-04-22,3364.43,0.025567,31.18,0.006504840923669021,000819,有色金属,CNY,CN10Y
2020-04-23,3372.45,0.025227,31.26,0.00676276327575176,000819,有色金属,CNY,CN10Y
2020-04-24,3354.38,0.0250999999999999,31.08,0.007075032175032275,000819,有色金属,CNY,CN10Y
2020-04-26,,0.025205,31.08,0.006970032175032174,000819,有色金属,CNY,CN10Y
2020-04-27,3298.07,0.025345,30.6,0.007334738562091506,000819,有色金属,CNY,CN10Y
2020-04-28,3244.76,0.025254,30.06,0.008012799733865608,000819,有色金属,CNY,CN10Y
2020-04-29,3247.74,0.025009,30.08,0.00823568085106383,000819,有色金属,CNY,CN10Y
2020-04-30,3332.39,0.02538,30.83,0.007055939020434644,000819,有色金属,CNY,CN10Y
2020-05-06,3416.41,0.025809,36.57,0.001535818156959256,000819,有色金属,CNY,CN10Y
2020-05-07,3397.03,0.026298,36.33,0.0012274610514726135,000819,有色金属,CNY,CN10Y
2020-05-08,3443.47,0.0262069999999999,36.78,0.0009816895051659481,000819,有色金属,CNY,CN10Y
2020-05-09,,0.0264,36.78,0.0007886895051658488,000819,有色金属,CNY,CN10Y
2020-05-11,3396.83,0.026698,36.37,0.000797188342040147,000819,有色金属,CNY,CN10Y
2020-05-12,3366.07,0.0266029999999999,36.1,0.001097831024930846,000819,有色金属,CNY,CN10Y
2020-05-13,3388.13,0.027076,36.23,0.0005254352746342852,000819,有色金属,CNY,CN10Y
2020-05-14,3373.41,0.026989,36.46,0.0004383176083379049,000819,有色金属,CNY,CN10Y
2020-05-15,3414.27,0.02682,36.89,0.000287617240444564,000819,有色金属,CNY,CN10Y
2020-05-18,3516.01,0.027253,38.14,-0.0010338075511274261,000819,有色金属,CNY,CN10Y
2020-05-19,3475.39,0.0272719999999999,37.66,-0.0007186277217205578,000819,有色金属,CNY,CN10Y
2020-05-20,3482.29,0.0269,37.71,-0.0003818350570140572,000819,有色金属,CNY,CN10Y
2020-05-21,3420.73,0.02685,37.08,0.00011871628910464088,000819,有色金属,CNY,CN10Y
2020-05-22,3368.06,0.0261759999999999,36.5,0.0012212602739727005,000819,有色金属,CNY,CN10Y
2020-05-25,3328.67,0.026852,36.09,0.0008565065114990271,000819,有色金属,CNY,CN10Y
2020-05-26,3387.85,0.027402,36.68,-0.00013918647764449288,000819,有色金属,CNY,CN10Y
2020-05-27,3361.52,0.027527,36.44,-8.462897914379708e-05,000819,有色金属,CNY,CN10Y
2020-05-28,3421.93,0.027201,37.02,-0.0001885742841707186,000819,有色金属,CNY,CN10Y
2020-05-29,3438.19,0.0270529999999999,37.09,-9.155486654074951e-05,000819,有色金属,CNY,CN10Y
2020-06-01,3521.91,0.027253,37.91,-0.0008747356897916073,000819,有色金属,CNY,CN10Y
2020-06-02,3508.96,0.027852,37.68,-0.0013127218683651777,000819,有色金属,CNY,CN10Y
2020-06-03,3480.76,0.027901,37.37,-0.0011415672999732368,000819,有色金属,CNY,CN10Y
2020-06-04,3495.21,0.028301,36.68,-0.0010381864776444934,000819,有色金属,CNY,CN10Y
2020-06-05,3476.07,0.028475,36.55,-0.0011152188782489712,000819,有色金属,CNY,CN10Y
2020-06-08,3522.36,0.0281009999999999,37.01,-0.0010812756011887685,000819,有色金属,CNY,CN10Y
2020-06-09,3515.43,0.028031,36.94,-0.000960074174336762,000819,有色金属,CNY,CN10Y
2020-06-10,3498.17,0.028201,36.8,-0.0010270869565217368,000819,有色金属,CNY,CN10Y
2020-06-11,3522.99,0.0277009999999999,37.0,-0.0006739729729728708,000819,有色金属,CNY,CN10Y
2020-06-12,3477.04,0.027451,36.55,-9.121887824897063e-05,000819,有色金属,CNY,CN10Y
2020-06-15,3440.64,0.027878,36.82,-0.0007188473655621933,000819,有色金属,CNY,CN10Y
2020-06-16,3538.28,0.0284019999999999,37.91,-0.0020237356897915074,000819,有色金属,CNY,CN10Y
2020-06-17,3550.78,0.0288019999999999,38.11,-0.002562167934925117,000819,有色金属,CNY,CN10Y
2020-06-18,3569.21,0.028527,38.27,-0.0023968719623726174,000819,有色金属,CNY,CN10Y
2020-06-19,3585.32,0.028752,38.42,-0.002723889640812077,000819,有色金属,CNY,CN10Y
2020-06-22,3620.92,0.029153,38.82,-0.0033930824317362183,000819,有色金属,CNY,CN10Y
2020-06-23,3614.0,0.029127,38.66,-0.0032604712881531273,000819,有色金属,CNY,CN10Y
2020-06-24,3606.36,0.028614,38.62,-0.002720680476437077,000819,有色金属,CNY,CN10Y
2020-06-28,,0.028404,38.62,-0.002510680476437075,000819,有色金属,CNY,CN10Y
2020-06-29,3582.38,0.028504,38.54,-0.0025569320186818907,000819,有色金属,CNY,CN10Y
2020-06-30,3606.94,0.0282299999999999,38.8,-0.002456804123711239,000819,有色金属,CNY,CN10Y
2020-07-01,3670.02,0.028456,39.51,-0.0031459519109086273,000819,有色金属,CNY,CN10Y
2020-07-02,3713.57,0.028584,39.96,-0.0035589749749749752,000819,有色金属,CNY,CN10Y
2020-07-03,3780.03,0.028974,40.65,-0.004373753997539975,000819,有色金属,CNY,CN10Y
2020-07-06,4018.79,0.029959,43.16,-0.006789398517145502,000819,有色金属,CNY,CN10Y
2020-07-07,4063.59,0.030158,43.49,-0.007164208323752589,000819,有色金属,CNY,CN10Y
2020-07-08,4243.77,0.030632,45.33,-0.008571554378998453,000819,有色金属,CNY,CN10Y
2020-07-09,4417.94,0.030809,47.23,-0.009636016726656784,000819,有色金属,CNY,CN10Y
2020-07-10,4271.08,0.030305,45.55,-0.008351103183315035,000819,有色金属,CNY,CN10Y
2020-07-13,4497.33,0.0305569999999999,47.79,-0.00963212031805807,000819,有色金属,CNY,CN10Y
2020-07-14,4383.49,0.030057,46.7,-0.008643723768736618,000819,有色金属,CNY,CN10Y
2020-07-15,4239.88,0.029559,45.24,-0.0074546675508399655,000819,有色金属,CNY,CN10Y
2020-07-16,4060.14,0.029459,43.28,-0.0063536395563770776,000819,有色金属,CNY,CN10Y
2020-07-17,4043.97,0.029507,43.01,-0.0062565931178795615,000819,有色金属,CNY,CN10Y
2020-07-20,4265.35,0.0293109999999999,45.45,-0.0073087997799778995,000819,有色金属,CNY,CN10Y
2020-07-21,4261.78,0.029011,45.62,-0.007090789565979829,000819,有色金属,CNY,CN10Y
2020-07-22,4324.75,0.0288609999999999,46.35,-0.007286026968716192,000819,有色金属,CNY,CN10Y
2020-07-23,4334.72,0.029064,46.5,-0.007558623655913976,000819,有色金属,CNY,CN10Y
2020-07-24,4176.69,0.028612,44.85,-0.00631545596432553,000819,有色金属,CNY,CN10Y
2020-07-27,4329.85,0.028791,46.52,-0.007294869303525367,000819,有色金属,CNY,CN10Y
2020-07-28,4322.47,0.029214,46.38,-0.007652982319965505,000819,有色金属,CNY,CN10Y
2020-07-29,4370.89,0.029415,46.92,-0.008102127024722933,000819,有色金属,CNY,CN10Y
2020-07-30,4302.21,0.0293639999999999,46.25,-0.007742378378378278,000819,有色金属,CNY,CN10Y
2020-07-31,4354.55,0.029664,46.77,-0.00828277271755399,000819,有色金属,CNY,CN10Y
2020-08-03,4429.01,0.029466,47.52,-0.008422228956228957,000819,有色金属,CNY,CN10Y
2020-08-04,4434.35,0.029365,47.63,-0.00836982888935545,000819,有色金属,CNY,CN10Y
2020-08-05,4569.31,0.029592,49.13,-0.009237837573783839,000819,有色金属,CNY,CN10Y
2020-08-06,4680.62,0.029816,50.25,-0.009915502487562188,000819,有色金属,CNY,CN10Y
2020-08-07,4611.46,0.029918,49.51,-0.009720060189860633,000819,有色金属,CNY,CN10Y
2020-08-10,4484.12,0.029543,48.2,-0.008796112033195021,000819,有色金属,CNY,CN10Y
2020-08-11,4345.45,0.029544,46.68,-0.008121549271636677,000819,有色金属,CNY,CN10Y
2020-08-12,4254.7,0.02962,45.47,-0.007627477457664393,000819,有色金属,CNY,CN10Y
2020-08-13,4219.89,0.0295549999999999,45.13,-0.0073967903833369285,000819,有色金属,CNY,CN10Y
2020-08-14,4246.65,0.029369,45.49,-0.007386146625632008,000819,有色金属,CNY,CN10Y
2020-08-17,4387.91,0.029421,47.01,-0.008148930227611144,000819,有色金属,CNY,CN10Y
2020-08-18,4447.7,0.029771,47.68,-0.00879784563758389,000819,有色金属,CNY,CN10Y
2020-08-19,4406.03,0.029921,46.32,-0.00833205354058722,000819,有色金属,CNY,CN10Y
2020-08-20,4313.84,0.029973,45.42,-0.007956267283135185,000819,有色金属,CNY,CN10Y
2020-08-21,4307.99,0.029823,45.39,-0.007791715576118088,000819,有色金属,CNY,CN10Y
2020-08-24,4355.73,0.029998,45.79,-0.008159170561257915,000819,有色金属,CNY,CN10Y
2020-08-25,4268.05,0.030424,44.9,-0.008152285077951002,000819,有色金属,CNY,CN10Y
2020-08-26,4166.23,0.030511,43.91,-0.00773714438624459,000819,有色金属,CNY,CN10Y
2020-08-27,4205.16,0.0305989999999999,44.37,-0.008061249267523,000819,有色金属,CNY,CN10Y
2020-08-28,4272.37,0.030672,45.04,-0.008469513321492008,000819,有色金属,CNY,CN10Y
2020-08-31,4314.84,0.030177,45.46,-0.00817963968323801,000819,有色金属,CNY,CN10Y
2020-09-01,4402.35,0.030478,47.71,-0.009518033535946345,000819,有色金属,CNY,CN10Y
2020-09-02,4307.2,0.031027,46.69,-0.00960913750267723,000819,有色金属,CNY,CN10Y
2020-09-03,4237.01,0.031051,45.96,-0.00929294952132289,000819,有色金属,CNY,CN10Y
2020-09-04,4223.36,0.031228,45.83,-0.00940823128954833,000819,有色金属,CNY,CN10Y
2020-09-07,4191.61,0.031454,45.46,-0.009456639683238014,000819,有色金属,CNY,CN10Y
2020-09-08,4200.17,0.03123,45.53,-0.009266459477267737,000819,有色金属,CNY,CN10Y
2020-09-09,4092.65,0.030805,44.43,-0.008297685122664863,000819,有色金属,CNY,CN10Y
2020-09-10,4075.16,0.030833,44.24,-0.008229021699819167,000819,有色金属,CNY,CN10Y
2020-09-11,4081.96,0.031346,44.31,-0.008777730986233356,000819,有色金属,CNY,CN10Y
2020-09-14,4161.14,0.031532,45.14,-0.009378699158174564,000819,有色金属,CNY,CN10Y
2020-09-15,4203.82,0.031083,45.59,-0.009148365211669226,000819,有色金属,CNY,CN10Y
2020-09-16,4173.34,0.0312599999999999,45.18,-0.009126312527667008,000819,有色金属,CNY,CN10Y
2020-09-17,4117.71,0.031334,44.57,-0.008897383441776981,000819,有色金属,CNY,CN10Y
2020-09-18,4228.54,0.031162,45.78,-0.009318400174748796,000819,有色金属,CNY,CN10Y
2020-09-21,4205.8,0.030999,45.57,-0.009054738424402017,000819,有色金属,CNY,CN10Y
2020-09-22,4081.57,0.030863,44.28,-0.008279440831074979,000819,有色金属,CNY,CN10Y
2020-09-23,4059.6,0.03089,44.07,-0.008198826866348992,000819,有色金属,CNY,CN10Y
2020-09-24,3901.98,0.03084,41.76,-0.0068936398467432936,000819,有色金属,CNY,CN10Y
2020-09-25,3911.56,0.031295,41.81,-0.007377276967232723,000819,有色金属,CNY,CN10Y
2020-09-27,,0.031324,41.81,-0.007406276967232717,000819,有色金属,CNY,CN10Y
2020-09-28,3895.79,0.0310919999999999,41.66,-0.007088159385501579,000819,有色金属,CNY,CN10Y
2020-09-29,3928.11,0.031292,41.94,-0.007448413924654267,000819,有色金属,CNY,CN10Y
2020-09-30,3891.29,0.031482,41.54,-0.007408817525276844,000819,有色金属,CNY,CN10Y
2020-10-09,3998.51,0.031873,42.62,-0.008409837165649928,000819,有色金属,CNY,CN10Y
2020-10-10,,0.031898,42.62,-0.008434837165649932,000819,有色金属,CNY,CN10Y
2020-10-12,4114.19,0.031861,43.71,-0.008982940059482955,000819,有色金属,CNY,CN10Y
2020-10-13,4111.1,0.03195,43.64,-0.009035242896425297,000819,有色金属,CNY,CN10Y
2020-10-14,4055.27,0.03215,43.11,-0.00895352586406866,000819,有色金属,CNY,CN10Y
2020-10-15,4058.84,0.0323,43.03,-0.009060399721124799,000819,有色金属,CNY,CN10Y
2020-10-16,4036.43,0.032202,42.84,-0.008859329598506074,000819,有色金属,CNY,CN10Y
2020-10-19,4060.02,0.032005,43.15,-0.008830028968713786,000819,有色金属,CNY,CN10Y
2020-10-20,4077.8,0.031955,43.33,-0.008876301638587582,000819,有色金属,CNY,CN10Y
2020-10-21,4083.1,0.031855,43.38,-0.008802902259105582,000819,有色金属,CNY,CN10Y
2020-10-22,4062.37,0.031707,43.09,-0.008499759340914365,000819,有色金属,CNY,CN10Y
2020-10-23,4025.37,0.031957,42.69,-0.0085323103771375,000819,有色金属,CNY,CN10Y
2020-10-26,4014.38,0.031934,42.54,-0.00842671274094969,000819,有色金属,CNY,CN10Y
2020-10-27,4051.96,0.031609,42.92,-0.008309838769804286,000819,有色金属,CNY,CN10Y
2020-10-28,4098.32,0.03181,43.51,-0.00882677775224086,000819,有色金属,CNY,CN10Y
2020-10-29,4074.09,0.03186,43.29,-0.008759976899976898,000819,有色金属,CNY,CN10Y
2020-10-30,3976.7,0.03181,42.29,-0.008163747930952942,000819,有色金属,CNY,CN10Y
2020-11-02,4039.9,0.031785,40.62,-0.007166585425898573,000819,有色金属,CNY,CN10Y
2020-11-03,4223.88,0.031762,42.36,-0.008154823418319166,000819,有色金属,CNY,CN10Y
2020-11-04,4228.5,0.031687,42.34,-0.008068672177609829,000819,有色金属,CNY,CN10Y
2020-11-05,4292.22,0.0319119999999999,42.95,-0.00862911292200223,000819,有色金属,CNY,CN10Y
2020-11-06,4367.21,0.032063,43.66,-0.009158739807604215,000819,有色金属,CNY,CN10Y
2020-11-09,4512.09,0.032363,45.05,-0.010165441731409545,000819,有色金属,CNY,CN10Y
2020-11-10,4415.7,0.032241,44.1,-0.009565263038548752,000819,有色金属,CNY,CN10Y
2020-11-11,4375.35,0.032391,43.78,-0.009549519872087714,000819,有色金属,CNY,CN10Y
2020-11-12,4393.54,0.032614,43.97,-0.009871220832385712,000819,有色金属,CNY,CN10Y
2020-11-13,4438.65,0.032715,44.35,-0.01016708568207441,000819,有色金属,CNY,CN10Y
2020-11-16,4636.85,0.032741,46.38,-0.011179982319965504,000819,有色金属,CNY,CN10Y
2020-11-17,4576.19,0.032866,45.64,-0.010955395267309376,000819,有色金属,CNY,CN10Y
2020-11-18,4602.29,0.03324,46.03,-0.011515038018683466,000819,有色金属,CNY,CN10Y
2020-11-19,4549.37,0.033487,45.47,-0.011494477457664395,000819,有色金属,CNY,CN10Y
2020-11-20,4720.06,0.0331,47.0,-0.011823404255319147,000819,有色金属,CNY,CN10Y
2020-11-23,4865.28,0.03265,48.37,-0.011976028530080625,000819,有色金属,CNY,CN10Y
2020-11-24,4927.66,0.0329,48.83,-0.012420786401802168,000819,有色金属,CNY,CN10Y
2020-11-25,4772.93,0.032675,47.4,-0.011577953586497894,000819,有色金属,CNY,CN10Y
2020-11-26,4794.88,0.03285,47.58,-0.011832765868011765,000819,有色金属,CNY,CN10Y
2020-11-27,4779.12,0.033,47.42,-0.011911851539434842,000819,有色金属,CNY,CN10Y
2020-11-30,4843.16,0.0325,47.91,-0.01162753078689209,000819,有色金属,CNY,CN10Y
2020-12-01,4863.91,0.032725,48.18,-0.011969499792444997,000819,有色金属,CNY,CN10Y
2020-12-02,4844.93,0.032925,48.03,-0.012104679367062256,000819,有色金属,CNY,CN10Y
2020-12-03,4696.49,0.032851,46.63,-0.011405578597469438,000819,有色金属,CNY,CN10Y
2020-12-04,4805.72,0.032651,47.56,-0.011624927670311185,000819,有色金属,CNY,CN10Y
2020-12-07,4762.08,0.032701,47.04,-0.011442496598639457,000819,有色金属,CNY,CN10Y
2020-12-08,4778.42,0.032551,47.16,-0.011346589482612378,000819,有色金属,CNY,CN10Y
2020-12-09,4716.5,0.032726,46.5,-0.011220623655913975,000819,有色金属,CNY,CN10Y
2020-12-10,4654.69,0.032601,46.03,-0.010876038018683466,000819,有色金属,CNY,CN10Y
2020-12-11,4581.35,0.032951,45.35,-0.010900283351708933,000819,有色金属,CNY,CN10Y
2020-12-14,4639.44,0.032851,47.19,-0.011660069718160623,000819,有色金属,CNY,CN10Y
2020-12-15,4629.24,0.032777,47.06,-0.011527531236719082,000819,有色金属,CNY,CN10Y
2020-12-16,4624.17,0.0327519999999999,46.95,-0.011452745473908312,000819,有色金属,CNY,CN10Y
2020-12-17,4804.31,0.032802,48.81,-0.012314395001024377,000819,有色金属,CNY,CN10Y
2020-12-18,4903.88,0.032902,49.76,-0.012805536977491962,000819,有色金属,CNY,CN10Y
2020-12-21,5055.27,0.032652,51.23,-0.013132187390201052,000819,有色金属,CNY,CN10Y
2020-12-22,4813.25,0.032278,48.69,-0.011739901827890739,000819,有色金属,CNY,CN10Y
2020-12-23,4899.05,0.032153,49.45,-0.011930553083923157,000819,有色金属,CNY,CN10Y
2020-12-24,4914.68,0.032303,49.59,-0.012137644081468037,000819,有色金属,CNY,CN10Y
2020-12-25,5161.89,0.031878,51.98,-0.012639831473643705,000819,有色金属,CNY,CN10Y
2020-12-28,5190.06,0.031629,52.33,-0.012519502579782148,000819,有色金属,CNY,CN10Y
2020-12-29,4928.57,0.031554,49.82,-0.01148173986350863,000819,有色金属,CNY,CN10Y
2020-12-30,5067.0,0.031204,51.12,-0.011642184663536774,000819,有色金属,CNY,CN10Y
2020-12-31,5154.77,0.031429,52.02,-0.012205624375240292,000819,有色金属,CNY,CN10Y
2021-01-04,5449.34,0.03178,54.88,-0.013558425655976682,000819,有色金属,CNY,CN10Y
2021-01-05,5508.72,0.031305,55.38,-0.013247939689418564,000819,有色金属,CNY,CN10Y
2021-01-06,5535.71,0.031256,55.74,-0.01331556225331898,000819,有色金属,CNY,CN10Y
2021-01-07,5752.11,0.031256,57.94,-0.013996766309975834,000819,有色金属,CNY,CN10Y
2021-01-08,5731.41,0.031456,57.74,-0.014136983720124695,000819,有色金属,CNY,CN10Y
2021-01-11,5486.28,0.031632,55.07,-0.013473292899945526,000819,有色金属,CNY,CN10Y
2021-01-12,5612.45,0.031457,56.24,-0.013676061166429589,000819,有色金属,CNY,CN10Y
2021-01-13,5435.93,0.031157,54.56,-0.012828554252199417,000819,有色金属,CNY,CN10Y
2021-01-14,5326.9,0.031059,53.47,-0.012356924069571722,000819,有色金属,CNY,CN10Y
2021-01-15,5383.05,0.031508,54.06,-0.013010034776174621,000819,有色金属,CNY,CN10Y
2021-01-18,5464.89,0.031658,54.82,-0.013416482305727836,000819,有色金属,CNY,CN10Y
2021-01-19,5272.74,0.031609,53.02,-0.012748192757450018,000819,有色金属,CNY,CN10Y
2021-01-20,5431.62,0.03161,54.53,-0.013271470750045845,000819,有色金属,CNY,CN10Y
2021-01-21,5625.34,0.031335,56.31,-0.013576164979577341,000819,有色金属,CNY,CN10Y
2021-01-22,5678.05,0.031185,56.7,-0.013548315696649032,000819,有色金属,CNY,CN10Y
2021-01-25,5758.75,0.031323,57.35,-0.01388620836965998,000819,有色金属,CNY,CN10Y
2021-01-26,5654.46,0.031585,56.29,-0.013819855214069997,000819,有色金属,CNY,CN10Y
2021-01-27,5619.66,0.031636,55.98,-0.013772477313326183,000819,有色金属,CNY,CN10Y
2021-01-28,5412.22,0.0319609999999999,53.84,-0.013387448736998413,000819,有色金属,CNY,CN10Y
2021-01-29,5346.11,0.031786,53.23,-0.012999601352620703,000819,有色金属,CNY,CN10Y
2021-02-01,5407.1,0.031712,53.94,-0.013172882461994804,000819,有色金属,CNY,CN10Y
2021-02-02,5566.02,0.031862,55.34,-0.013791887965305387,000819,有色金属,CNY,CN10Y
2021-02-03,5596.47,0.032112,55.62,-0.014132855807263575,000819,有色金属,CNY,CN10Y
2021-02-04,5366.79,0.032347,53.41,-0.013623914435498971,000819,有色金属,CNY,CN10Y
2021-02-05,5098.67,0.032164,50.92,-0.012525351139041633,000819,有色金属,CNY,CN10Y
2021-02-07,,0.032168,50.92,-0.012529351139041637,000819,有色金属,CNY,CN10Y
2021-02-08,5307.65,0.03237,53.06,-0.01352341123256691,000819,有色金属,CNY,CN10Y
2021-02-09,5572.53,0.032303,55.6,-0.014317388489208632,000819,有色金属,CNY,CN10Y
2021-02-10,5722.12,0.032449,56.96,-0.014892820224719099,000819,有色金属,CNY,CN10Y
2021-02-18,6097.22,0.032831,60.66,-0.016345671941971642,000819,有色金属,CNY,CN10Y
2021-02-19,6182.63,0.032578,61.29,-0.016262124653287652,000819,有色金属,CNY,CN10Y
2021-02-20,,0.032605,61.29,-0.01628912465328765,000819,有色金属,CNY,CN10Y
2021-02-22,6478.98,0.032736,64.49,-0.017229719956582415,000819,有色金属,CNY,CN10Y
2021-02-23,6389.01,0.032635,63.69,-0.016933948029517976,000819,有色金属,CNY,CN10Y
2021-02-24,6105.41,0.032627,61.04,-0.016244300131061602,000819,有色金属,CNY,CN10Y
2021-02-25,6035.96,0.032723,60.51,-0.016196805982482236,000819,有色金属,CNY,CN10Y
2021-02-26,5766.1,0.032798,57.67,-0.015457961851916075,000819,有色金属,CNY,CN10Y
2021-03-01,5980.29,0.032475,59.62,-0.015702104998322707,000819,有色金属,CNY,CN10Y
2021-03-02,5778.99,0.0324739999999999,57.68,-0.015136968099861203,000819,有色金属,CNY,CN10Y
2021-03-03,5994.76,0.032553,59.75,-0.015816598326359833,000819,有色金属,CNY,CN10Y
2021-03-04,5758.85,0.0326549999999999,57.23,-0.015181646863533009,000819,有色金属,CNY,CN10Y
2021-03-05,5563.39,0.032457,55.45,-0.014422734896302976,000819,有色金属,CNY,CN10Y
2021-03-08,5408.05,0.032404,54.07,-0.0139094558905123,000819,有色金属,CNY,CN10Y
2021-03-09,5319.91,0.032478,53.27,-0.013705707903134974,000819,有色金属,CNY,CN10Y
2021-03-10,5315.77,0.032353,53.24,-0.013570129977460557,000819,有色金属,CNY,CN10Y
2021-03-11,5643.31,0.032506,56.58,-0.014831910215623894,000819,有色金属,CNY,CN10Y
2021-03-12,5576.25,0.0326129999999999,55.91,-0.014727111965658991,000819,有色金属,CNY,CN10Y
2021-03-15,5588.2,0.03274,55.95,-0.014866899016979445,000819,有色金属,CNY,CN10Y
2021-03-16,5470.25,0.032614,54.86,-0.014385782719650016,000819,有色金属,CNY,CN10Y
2021-03-17,5500.4,0.032564,55.1,-0.014415179673321236,000819,有色金属,CNY,CN10Y
2021-03-18,5500.79,0.0325919999999999,55.29,-0.014505546753481542,000819,有色金属,CNY,CN10Y
2021-03-19,5382.91,0.032364,54.1,-0.013879711645101662,000819,有色金属,CNY,CN10Y
2021-03-22,5401.38,0.032309,54.28,-0.01388600810611643,000819,有色金属,CNY,CN10Y
2021-03-23,5191.53,0.032105,52.19,-0.012944241233952866,000819,有色金属,CNY,CN10Y
2021-03-24,4975.22,0.03193,49.9,-0.01188991983967936,000819,有色金属,CNY,CN10Y
2021-03-25,5004.29,0.031882,50.2,-0.0119616812749004,000819,有色金属,CNY,CN10Y
2021-03-26,5175.45,0.031985,51.82,-0.012687431493631801,000819,有色金属,CNY,CN10Y
2021-03-29,5159.29,0.031962,51.72,-0.012627119876256764,000819,有色金属,CNY,CN10Y
2021-03-30,5231.17,0.03206,52.27,-0.012928567055672469,000819,有色金属,CNY,CN10Y
2021-03-31,5106.34,0.031887,51.02,-0.012286843198745588,000819,有色金属,CNY,CN10Y
2021-04-01,5151.62,0.03196,51.49,-0.012538753155952615,000819,有色金属,CNY,CN10Y
2021-04-02,5195.75,0.032013,51.99,-0.012778531833044816,000819,有色金属,CNY,CN10Y
2021-04-06,5224.25,0.032087,52.3,-0.012966541108986613,000819,有色金属,CNY,CN10Y
2021-04-07,5287.69,0.032215,52.9,-0.01331140831758034,000819,有色金属,CNY,CN10Y
2021-04-08,5354.26,0.032221,53.72,-0.013605959046909904,000819,有色金属,CNY,CN10Y
2021-04-09,5341.09,0.032121,53.55,-0.013446863678804852,000819,有色金属,CNY,CN10Y
2021-04-12,5118.89,0.031948,51.43,-0.01250409566400933,000819,有色金属,CNY,CN10Y
2021-04-13,5082.21,0.031626,51.06,-0.012041197806502157,000819,有色金属,CNY,CN10Y
2021-04-14,5204.25,0.031651,52.19,-0.012490241233952863,000819,有色金属,CNY,CN10Y
2021-04-15,5285.96,0.031728,53.03,-0.012870749387139356,000819,有色金属,CNY,CN10Y
2021-04-16,5255.73,0.031631,52.73,-0.012666463682912951,000819,有色金属,CNY,CN10Y
2021-04-19,5453.53,0.031559,54.6,-0.013243981684981681,000819,有色金属,CNY,CN10Y
2021-04-20,5402.33,0.031554,54.06,-0.013056034776174619,000819,有色金属,CNY,CN10Y
2021-04-21,5364.06,0.03153,53.72,-0.012914959046909907,000819,有色金属,CNY,CN10Y
2021-04-22,5386.47,0.031614,53.99,-0.01309205149101686,000819,有色金属,CNY,CN10Y
2021-04-23,5444.95,0.031719,54.65,-0.013420738334858184,000819,有色金属,CNY,CN10Y
2021-04-25,,0.031841,54.65,-0.013542738334858188,000819,有色金属,CNY,CN10Y
2021-04-26,5486.88,0.032024,55.14,-0.01388834530286543,000819,有色金属,CNY,CN10Y
2021-04-27,5498.86,0.032078,55.39,-0.014024199675031598,000819,有色金属,CNY,CN10Y
2021-04-28,5500.93,0.031979,55.32,-0.013902355025307303,000819,有色金属,CNY,CN10Y
2021-04-29,5553.21,0.031872,55.92,-0.0139893104434907,000819,有色金属,CNY,CN10Y
2021-04-30,5538.84,0.03164,55.72,-0.013693122756640346,000819,有色金属,CNY,CN10Y
2021-05-06,5678.44,0.031507,39.73,-0.006337103196576894,000819,有色金属,CNY,CN10Y
2021-05-07,5829.12,0.031589,40.8,-0.0070791960784313684,000819,有色金属,CNY,CN10Y
2021-05-08,,0.031582,40.8,-0.007072196078431368,000819,有色金属,CNY,CN10Y
2021-05-10,6117.56,0.03146,42.76,-0.008073657623947614,000819,有色金属,CNY,CN10Y
2021-05-11,5864.33,0.03138,41.06,-0.007025396980029224,000819,有色金属,CNY,CN10Y
2021-05-12,5893.07,0.03131,41.31,-0.0071027862503025875,000819,有色金属,CNY,CN10Y
2021-05-13,5596.49,0.031366,39.07,-0.005770914256462756,000819,有色金属,CNY,CN10Y
2021-05-14,5623.09,0.031422,39.22,-0.005924804691483935,000819,有色金属,CNY,CN10Y
2021-05-17,5788.1,0.031524,40.32,-0.006722412698412703,000819,有色金属,CNY,CN10Y
2021-05-18,5862.1,0.031457,40.85,-0.0069771958384332936,000819,有色金属,CNY,CN10Y
2021-05-19,5893.7,0.031298,40.96,-0.006883937499999999,000819,有色金属,CNY,CN10Y
2021-05-20,5715.61,0.0310009999999999,39.71,-0.005818426340971947,000819,有色金属,CNY,CN10Y
2021-05-21,5747.15,0.030876,39.93,-0.00583217330328074,000819,有色金属,CNY,CN10Y
2021-05-24,5706.12,0.03085,39.68,-0.005648387096774191,000819,有色金属,CNY,CN10Y
2021-05-25,5753.75,0.03085,40.11,-0.005918561455996011,000819,有色金属,CNY,CN10Y
2021-05-26,5805.43,0.0306,40.42,-0.005859772389905985,000819,有色金属,CNY,CN10Y
2021-05-27,5806.18,0.030725,40.45,-0.006003121137206427,000819,有色金属,CNY,CN10Y
2021-05-28,5894.88,0.030825,41.06,-0.006470396980029228,000819,有色金属,CNY,CN10Y
2021-05-31,6055.04,0.0304499999999999,42.05,-0.006668787158144965,000819,有色金属,CNY,CN10Y
2021-06-01,6062.71,0.0304,42.11,-0.006652671574447874,000819,有色金属,CNY,CN10Y
2021-06-02,5975.35,0.03065,41.46,-0.006530366618427402,000819,有色金属,CNY,CN10Y
2021-06-03,5976.42,0.03055,41.41,-0.006401243660951461,000819,有色金属,CNY,CN10Y
2021-06-04,5957.5,0.0309249999999999,41.25,-0.006682575757575658,000819,有色金属,CNY,CN10Y
2021-06-07,5930.22,0.0311,41.17,-0.006810468787952394,000819,有色金属,CNY,CN10Y
2021-06-08,5792.73,0.0311,40.27,-0.006267618574621308,000819,有色金属,CNY,CN10Y
2021-06-09,5810.86,0.031051,40.47,-0.006341338522362242,000819,有色金属,CNY,CN10Y
2021-06-10,5837.91,0.031,40.62,-0.006381585425898572,000819,有色金属,CNY,CN10Y
2021-06-11,5838.43,0.031276,40.66,-0.00668180423020167,000819,有色金属,CNY,CN10Y
2021-06-15,5648.51,0.031176,38.82,-0.005416082431736219,000819,有色金属,CNY,CN10Y
2021-06-16,5408.31,0.031301,37.25,-0.0044553624161073856,000819,有色金属,CNY,CN10Y
2021-06-17,5431.3,0.031401,37.46,-0.004705858515750134,000819,有色金属,CNY,CN10Y
2021-06-18,5526.4,0.031202,38.0,-0.0048862105263157915,000819,有色金属,CNY,CN10Y
2021-06-21,5497.27,0.0309529999999999,37.72,-0.004441865323435743,000819,有色金属,CNY,CN10Y
2021-06-22,5519.84,0.0308769999999999,37.87,-0.00447087377871656,000819,有色金属,CNY,CN10Y
2021-06-23,5612.54,0.030853,38.42,-0.004824889640812076,000819,有色金属,CNY,CN10Y
2021-06-24,5575.09,0.030828,38.13,-0.0046019312876999785,000819,有色金属,CNY,CN10Y
2021-06-25,5722.21,0.030827,39.07,-0.005231914256462758,000819,有色金属,CNY,CN10Y
2021-06-28,5674.15,0.030903,38.79,-0.005123159835009022,000819,有色金属,CNY,CN10Y
2021-06-29,5591.45,0.030853,38.35,-0.004777380704041722,000819,有色金属,CNY,CN10Y
2021-06-30,5689.23,0.030778,38.99,-0.005130398050782255,000819,有色金属,CNY,CN10Y
2021-07-01,5582.75,0.030878,38.31,-0.0047751547898720985,000819,有色金属,CNY,CN10Y
2021-07-02,5655.68,0.0308029999999999,38.81,-0.005036444988404953,000819,有色金属,CNY,CN10Y
2021-07-05,5922.27,0.030754,40.46,-0.006038231339594663,000819,有色金属,CNY,CN10Y
2021-07-06,5980.08,0.030854,40.82,-0.006356204801567858,000819,有色金属,CNY,CN10Y
2021-07-07,6170.96,0.030554,42.01,-0.006750143775291598,000819,有色金属,CNY,CN10Y
2021-07-08,6192.35,0.02983,42.12,-0.006088309591642922,000819,有色金属,CNY,CN10Y
2021-07-09,6540.42,0.030105,44.33,-0.007546912925783893,000819,有色金属,CNY,CN10Y
2021-07-12,6763.06,0.029431,45.64,-0.007520395267309375,000819,有色金属,CNY,CN10Y
2021-07-13,6750.97,0.029256,45.61,-0.007330983556237666,000819,有色金属,CNY,CN10Y
2021-07-14,6524.87,0.029356,44.21,-0.006736683103370278,000819,有色金属,CNY,CN10Y
2021-07-15,6725.14,0.029557,45.46,-0.007559639683238011,000819,有色金属,CNY,CN10Y
2021-07-16,6722.81,0.029432,45.49,-0.007449146625632008,000819,有色金属,CNY,CN10Y
2021-07-19,6687.48,0.029483,45.32,-0.0074176866725507475,000819,有色金属,CNY,CN10Y
2021-07-20,6709.59,0.029258,45.39,-0.007226715576118089,000819,有色金属,CNY,CN10Y
2021-07-21,7006.96,0.029184,47.27,-0.008028933361540092,000819,有色金属,CNY,CN10Y
2021-07-22,7164.85,0.0292839999999999,48.44,-0.00863990421139544,000819,有色金属,CNY,CN10Y
2021-07-23,7187.08,0.029134,48.65,-0.008579015416238438,000819,有色金属,CNY,CN10Y
2021-07-26,7236.06,0.028711,49.02,-0.008311163198694412,000819,有色金属,CNY,CN10Y
2021-07-27,6919.97,0.02911,47.14,-0.007896593126856175,000819,有色金属,CNY,CN10Y
2021-07-28,6726.32,0.029312,45.63,-0.007396593469208856,000819,有色金属,CNY,CN10Y
2021-07-29,7092.6,0.0288399999999999,48.01,-0.008011006040408147,000819,有色金属,CNY,CN10Y
2021-07-30,7233.05,0.028363,48.96,-0.00793816339869281,000819,有色金属,CNY,CN10Y
2021-08-02,7250.73,0.028212,48.95,-0.007782990806945864,000819,有色金属,CNY,CN10Y
2021-08-03,6826.99,0.0283369999999999,46.28,-0.006729394122731103,000819,有色金属,CNY,CN10Y
2021-08-04,7153.1,0.028338,48.36,-0.0076597535153019,000819,有色金属,CNY,CN10Y
2021-08-05,7034.06,0.027988,47.55,-0.0069575057833859075,000819,有色金属,CNY,CN10Y
2021-08-06,7267.18,0.0281389999999999,49.15,-0.007793120040691659,000819,有色金属,CNY,CN10Y
2021-08-09,7138.66,0.0286149999999999,48.55,-0.008017677651905152,000819,有色金属,CNY,CN10Y
2021-08-10,7079.68,0.028766,48.17,-0.008006190990242891,000819,有色金属,CNY,CN10Y
2021-08-11,7213.89,0.028841,49.12,-0.008482693811074915,000819,有色金属,CNY,CN10Y
2021-08-12,7358.02,0.0285659999999999,50.14,-0.008621843637814021,000819,有色金属,CNY,CN10Y
2021-08-13,7410.18,0.0287919999999999,50.78,-0.009099207562032197,000819,有色金属,CNY,CN10Y
2021-08-16,7105.58,0.028943,48.88,-0.008484734860883799,000819,有色金属,CNY,CN10Y
2021-08-17,7053.4,0.0288189999999999,48.45,-0.00817916511867895,000819,有色金属,CNY,CN10Y
2021-08-18,7098.75,0.028494,48.87,-0.008031548598322075,000819,有色金属,CNY,CN10Y
2021-08-19,7130.43,0.028395,48.93,-0.007957640506846515,000819,有色金属,CNY,CN10Y
2021-08-20,7130.76,0.02852,49.18,-0.008186531110207403,000819,有色金属,CNY,CN10Y
2021-08-23,7322.53,0.028672,50.68,-0.00894035043409629,000819,有色金属,CNY,CN10Y
2021-08-24,7512.93,0.028522,52.13,-0.00933918779973144,000819,有色金属,CNY,CN10Y
2021-08-25,7649.72,0.028547,53.39,-0.009816900730473872,000819,有色金属,CNY,CN10Y
2021-08-26,7726.99,0.028848,54.29,-0.01042840154724627,000819,有色金属,CNY,CN10Y
2021-08-27,7946.52,0.028698,55.86,-0.010796102398854281,000819,有色金属,CNY,CN10Y
2021-08-30,8212.56,0.028505,57.24,-0.011034699510831587,000819,有色金属,CNY,CN10Y
2021-08-31,8403.25,0.02845,58.56,-0.011373497267759564,000819,有色金属,CNY,CN10Y
2021-09-01,7839.22,0.028226,41.32,-0.0040246447241045515,000819,有色金属,CNY,CN10Y
2021-09-02,7988.8,0.028301,42.14,-0.004570577598481253,000819,有色金属,CNY,CN10Y
2021-09-03,7681.55,0.028327,40.64,-0.0037207007874015784,000819,有色金属,CNY,CN10Y
2021-09-06,7761.03,0.028354,40.67,-0.0037658514875829885,000819,有色金属,CNY,CN10Y
2021-09-07,7953.16,0.0286039999999999,41.77,-0.004663372755566098,000819,有色金属,CNY,CN10Y
2021-09-08,7932.74,0.0287049999999999,41.71,-0.00472993406856859,000819,有色金属,CNY,CN10Y
2021-09-09,8160.0,0.02873,42.86,-0.00539822211852543,000819,有色金属,CNY,CN10Y
2021-09-10,8377.25,0.028656,44.09,-0.005975119981855299,000819,有色金属,CNY,CN10Y
2021-09-13,8572.84,0.028908,45.31,-0.0068378168174795875,000819,有色金属,CNY,CN10Y
2021-09-14,8319.7,0.028858,44.09,-0.0061771199818553,000819,有色金属,CNY,CN10Y
2021-09-15,8372.57,0.029009,44.26,-0.006415235878897422,000819,有色金属,CNY,CN10Y
2021-09-16,7996.86,0.028885,42.28,-0.005233155156102176,000819,有色金属,CNY,CN10Y
2021-09-17,7742.04,0.0287849999999999,40.9,-0.004335122249388652,000819,有色金属,CNY,CN10Y
2021-09-18,,0.028717,40.9,-0.004267122249388751,000819,有色金属,CNY,CN10Y
2021-09-22,7760.9,0.028639,41.09,-0.004302178388902414,000819,有色金属,CNY,CN10Y
2021-09-23,7752.94,0.028565,40.82,-0.004067204801567859,000819,有色金属,CNY,CN10Y
2021-09-24,7505.56,0.028719,39.52,-0.003415356275303646,000819,有色金属,CNY,CN10Y
2021-09-26,,0.028797,39.52,-0.003493356275303644,000819,有色金属,CNY,CN10Y
2021-09-27,7058.27,0.028825,37.3,-0.0020153485254691683,000819,有色金属,CNY,CN10Y
2021-09-28,7023.27,0.028769,37.0,-0.001741972972972971,000819,有色金属,CNY,CN10Y
2021-09-29,6758.34,0.0286459999999999,35.37,-0.00037345264348307566,000819,有色金属,CNY,CN10Y
2021-09-30,6917.94,0.028776,36.14,-0.0011058284449363583,000819,有色金属,CNY,CN10Y
2021-10-08,6849.69,0.029131,35.65,-0.0010805091164095351,000819,有色金属,CNY,CN10Y
2021-10-09,,0.029186,35.65,-0.0011355091164095346,000819,有色金属,CNY,CN10Y
2021-10-11,6959.01,0.02958,36.26,-0.002001400992829562,000819,有色金属,CNY,CN10Y
2021-10-12,6740.81,0.029657,35.17,-0.0012236761444412853,000819,有色金属,CNY,CN10Y
2021-10-13,6857.57,0.029578,35.74,-0.0015981454952434249,000819,有色金属,CNY,CN10Y
2021-10-14,7023.54,0.029581,36.53,-0.002206239529154122,000819,有色金属,CNY,CN10Y
2021-10-15,7081.33,0.029683,36.87,-0.0025606783292649836,000819,有色金属,CNY,CN10Y
2021-10-18,7280.1,0.030426,37.88,-0.004026844772967268,000819,有色金属,CNY,CN10Y
2021-10-19,7299.66,0.030102,38.02,-0.003800053655970543,000819,有色金属,CNY,CN10Y
2021-10-20,7248.9,0.0299779999999999,37.78,-0.0035089687665430455,000819,有色金属,CNY,CN10Y
2021-10-21,7335.48,0.029702,38.2,-0.0035239895287958144,000819,有色金属,CNY,CN10Y
2021-10-22,7071.7,0.0299529999999999,36.87,-0.0028306783292648824,000819,有色金属,CNY,CN10Y
2021-10-25,7211.93,0.029879,37.63,-0.0033044584108424153,000819,有色金属,CNY,CN10Y
2021-10-26,7265.58,0.02978,37.82,-0.0033389635113696484,000819,有色金属,CNY,CN10Y
2021-10-27,7165.81,0.029781,37.23,-0.002920940907869995,000819,有色金属,CNY,CN10Y
2021-10-28,6881.49,0.029682,35.84,-0.0017802142857142877,000819,有色金属,CNY,CN10Y
2021-10-29,6937.9,0.0297319999999999,35.91,-0.001884603731550999,000819,有色金属,CNY,CN10Y
2021-11-01,6825.92,0.029435,28.66,0.005456835310537336,000819,有色金属,CNY,CN10Y
2021-11-02,6758.33,0.029259,28.34,0.0060268151023288655,000819,有色金属,CNY,CN10Y
2021-11-03,6735.15,0.0293849999999999,28.32,0.005925734463276936,000819,有色金属,CNY,CN10Y
2021-11-04,6750.37,0.029261,28.3,0.006074689045936398,000819,有色金属,CNY,CN10Y
2021-11-05,6685.64,0.028911,27.93,0.006892795202291441,000819,有色金属,CNY,CN10Y
2021-11-08,6965.01,0.029013,29.0,0.005469758620689654,000819,有色金属,CNY,CN10Y
2021-11-09,6977.07,0.028988,29.05,0.005435407917383818,000819,有色金属,CNY,CN10Y
2021-11-10,6866.59,0.0291389999999999,28.67,0.005740665155214604,000819,有色金属,CNY,CN10Y
2021-11-11,6903.33,0.029365,28.91,0.00522510722933241,000819,有色金属,CNY,CN10Y
2021-11-12,6907.17,0.0293909999999999,29.0,0.005091758620689755,000819,有色金属,CNY,CN10Y
2021-11-15,6732.65,0.029269,28.2,0.006191992907801421,000819,有色金属,CNY,CN10Y
2021-11-16,6629.09,0.029244,27.82,0.006701363048166785,000819,有色金属,CNY,CN10Y
2021-11-17,6796.68,0.029295,28.5,0.0057927192982456105,000819,有色金属,CNY,CN10Y
2021-11-18,6879.81,0.029146,28.88,0.005480038781163439,000819,有色金属,CNY,CN10Y
2021-11-19,6941.54,0.029302,29.15,0.005003317324185248,000819,有色金属,CNY,CN10Y
2021-11-22,7160.78,0.028876,30.0,0.004457333333333334,000819,有色金属,CNY,CN10Y
2021-11-23,7160.07,0.028875,29.94,0.004525133600534397,000819,有色金属,CNY,CN10Y
2021-11-24,7261.51,0.0286,30.33,0.004370656116056713,000819,有色金属,CNY,CN10Y
2021-11-25,7258.45,0.02855,30.29,0.004464196104324865,000819,有色金属,CNY,CN10Y
2021-11-26,7327.34,0.0282,30.51,0.004576138970829233,000819,有色金属,CNY,CN10Y
2021-11-29,7349.21,0.02825,30.6,0.004429738562091504,000819,有色金属,CNY,CN10Y
2021-11-30,7306.77,0.02825,30.43,0.00461230693394676,000819,有色金属,CNY,CN10Y
2021-12-01,7256.26,0.028401,30.15,0.004766495854063021,000819,有色金属,CNY,CN10Y
2021-12-02,7267.57,0.028601,30.17,0.004544508783559824,000819,有色金属,CNY,CN10Y
2021-12-03,7324.13,0.0287009999999999,30.36,0.0042370764163373875,000819,有色金属,CNY,CN10Y
2021-12-06,7236.66,0.028176,30.04,0.005112948069241015,000819,有色金属,CNY,CN10Y
2021-12-07,7140.34,0.028451,29.68,0.005241722371967652,000819,有色金属,CNY,CN10Y
2021-12-08,7268.82,0.028551,30.16,0.004605498673740056,000819,有色金属,CNY,CN10Y
2021-12-09,7251.54,0.028526,30.12,0.004674531208499335,000819,有色金属,CNY,CN10Y
2021-12-10,7296.47,0.028426,30.36,0.004512076416337288,000819,有色金属,CNY,CN10Y
2021-12-13,7314.04,0.028552,28.85,0.006110045060658577,000819,有色金属,CNY,CN10Y
2021-12-14,7117.7,0.028477,28.08,0.007135535612535614,000819,有色金属,CNY,CN10Y
2021-12-15,6974.63,0.028502,27.63,0.007690544335866814,000819,有色金属,CNY,CN10Y
2021-12-16,7037.31,0.0285769999999999,27.99,0.0071500453733477284,000819,有色金属,CNY,CN10Y
2021-12-17,6961.89,0.028512,27.67,0.00762822406938923,000819,有色金属,CNY,CN10Y
2021-12-20,6773.55,0.028533,27.06,0.008421915003695494,000819,有色金属,CNY,CN10Y
2021-12-21,6776.8,0.028508,27.1,0.008392369003690038,000819,有色金属,CNY,CN10Y
2021-12-22,6769.75,0.028303,27.05,0.00866557670979667,000819,有色金属,CNY,CN10Y
2021-12-23,6791.74,0.0281429999999999,27.19,0.008635227289444745,000819,有色金属,CNY,CN10Y
2021-12-24,6540.71,0.028203,26.23,0.009921285169653071,000819,有色金属,CNY,CN10Y
2021-12-27,6514.05,0.028128,26.02,0.01030397540353574,000819,有色金属,CNY,CN10Y
2021-12-28,6708.35,0.0280039999999999,26.66,0.009505377344336183,000819,有色金属,CNY,CN10Y
2021-12-29,6675.24,0.027854,26.52,0.009853390648567117,000819,有色金属,CNY,CN10Y
2021-12-30,6675.99,0.027654,26.47,0.010124617302606723,000819,有色金属,CNY,CN10Y
2021-12-31,6768.8,0.0277539999999999,26.75,0.009629177570093555,000819,有色金属,CNY,CN10Y
2022-01-04,6617.13,0.0278549999999999,26.21,0.01029837657382688,000819,有色金属,CNY,CN10Y
2022-01-05,6448.09,0.028045,25.57,0.011063330074305829,000819,有色金属,CNY,CN10Y
2022-01-06,6519.4,0.028205,25.78,0.010584759503491074,000819,有色金属,CNY,CN10Y
2022-01-07,6361.29,0.0281809999999999,25.29,0.011360320680110815,000819,有色金属,CNY,CN10Y
2022-01-10,6427.71,0.028056,25.49,0.011175071008238526,000819,有色金属,CNY,CN10Y
2022-01-11,6408.38,0.027957,25.42,0.011382103068450038,000819,有色金属,CNY,CN10Y
2022-01-12,6625.73,0.027957,26.27,0.010109235249333843,000819,有色金属,CNY,CN10Y
2022-01-13,6512.97,0.027858,25.88,0.010781876352395671,000819,有色金属,CNY,CN10Y
2022-01-14,6499.63,0.0279349999999999,25.86,0.010734760247486565,000819,有色金属,CNY,CN10Y
2022-01-17,6452.12,0.02786,25.71,0.011035371450797356,000819,有色金属,CNY,CN10Y
2022-01-18,6490.14,0.027415,25.87,0.011239812524159256,000819,有色金属,CNY,CN10Y
2022-01-19,6343.41,0.0273139999999999,25.39,0.012071584875935508,000819,有色金属,CNY,CN10Y
2022-01-20,6300.46,0.027271,25.18,0.01244305877680699,000819,有色金属,CNY,CN10Y
2022-01-21,6330.36,0.0271,25.24,0.012519651347068152,000819,有色金属,CNY,CN10Y
2022-01-24,6439.11,0.026751,25.55,0.012387943248532287,000819,有色金属,CNY,CN10Y
2022-01-25,6295.09,0.026979,24.91,0.013165520272982737,000819,有色金属,CNY,CN10Y
2022-01-26,6337.27,0.027146,25.14,0.012631247414478918,000819,有色金属,CNY,CN10Y
2022-01-27,6162.25,0.0273479999999999,24.38,0.013669227235438987,000819,有色金属,CNY,CN10Y
2022-01-28,6042.84,0.027021,23.86,0.014890148365465216,000819,有色金属,CNY,CN10Y
2022-01-29,,0.027013,23.86,0.014898148365465217,000819,有色金属,CNY,CN10Y
2022-01-30,,0.026997,23.86,0.014914148365465216,000819,有色金属,CNY,CN10Y
2022-02-07,6243.94,0.027256,24.83,0.01301786226339106,000819,有色金属,CNY,CN10Y
2022-02-08,6241.3,0.027227,24.89,0.012949777822418643,000819,有色金属,CNY,CN10Y
2022-02-09,6440.03,0.027328,25.73,0.011537137971239796,000819,有色金属,CNY,CN10Y
2022-02-10,6503.37,0.027328,26.0,0.011133538461538462,000819,有色金属,CNY,CN10Y
2022-02-11,6497.7,0.027891,25.92,0.010689246913580246,000819,有色金属,CNY,CN10Y
2022-02-14,6531.76,0.028018,25.92,0.010562246913580244,000819,有色金属,CNY,CN10Y
2022-02-15,6615.84,0.027968,26.29,0.010069276531000385,000819,有色金属,CNY,CN10Y
2022-02-16,6635.76,0.027892,26.45,0.00991518336483932,000819,有色金属,CNY,CN10Y
2022-02-17,6868.05,0.027799,27.19,0.008979227289444645,000819,有色金属,CNY,CN10Y
2022-02-18,6862.73,0.027975,27.13,0.00888456505713233,000819,有色金属,CNY,CN10Y
2022-02-21,6841.09,0.0283,27.07,0.008641263391207979,000819,有色金属,CNY,CN10Y
2022-02-22,6977.41,0.0282,27.62,0.008005648081100648,000819,有色金属,CNY,CN10Y
2022-02-23,7005.61,0.0279,27.86,0.00799375448671931,000819,有色金属,CNY,CN10Y
2022-02-24,6938.99,0.027875,27.69,0.00823912062116287,000819,有色金属,CNY,CN10Y
2022-02-25,7022.06,0.02775,28.0,0.007964285714285712,000819,有色金属,CNY,CN10Y
2022-02-28,7173.03,0.02775,28.61,0.007202813701502973,000819,有色金属,CNY,CN10Y
2022-03-01,7015.93,0.028025,28.03,0.007651061362825541,000819,有色金属,CNY,CN10Y
2022-03-02,7094.43,0.028175,28.41,0.007023873636043648,000819,有色金属,CNY,CN10Y
2022-03-03,7091.6,0.0283,28.38,0.006936081747709655,000819,有色金属,CNY,CN10Y
2022-03-04,6952.48,0.028125,27.79,0.007859166966534725,000819,有色金属,CNY,CN10Y
2022-03-07,6935.55,0.028126,27.79,0.007858166966534724,000819,有色金属,CNY,CN10Y
2022-03-08,6566.91,0.028276,26.44,0.009545482602117999,000819,有色金属,CNY,CN10Y
2022-03-09,6403.54,0.028426,25.72,0.010454248833592535,000819,有色金属,CNY,CN10Y
2022-03-10,6471.21,0.028502,25.94,0.010048501156515031,000819,有色金属,CNY,CN10Y
2022-03-11,6445.05,0.027902,25.84,0.010797690402476783,000819,有色金属,CNY,CN10Y
2022-03-14,6183.82,0.027677,24.78,0.01267812510088781,000819,有色金属,CNY,CN10Y
2022-03-15,5888.58,0.0281769999999999,23.45,0.014466923240938265,000819,有色金属,CNY,CN10Y
2022-03-16,6125.79,0.0279519999999999,24.35,0.013115761806981617,000819,有色金属,CNY,CN10Y
2022-03-17,6195.84,0.0278759999999999,24.67,0.012659062829347485,000819,有色金属,CNY,CN10Y
2022-03-18,6256.1,0.027927,25.03,0.012025057530962842,000819,有色金属,CNY,CN10Y
2022-03-21,6380.05,0.028127,25.51,0.011073313602508822,000819,有色金属,CNY,CN10Y
2022-03-22,6434.87,0.028302,25.68,0.010638809968847349,000819,有色金属,CNY,CN10Y
2022-03-23,6411.34,0.028302,25.6,0.0107605,000819,有色金属,CNY,CN10Y
2022-03-24,6475.29,0.028052,25.79,0.010722718883288095,000819,有色金属,CNY,CN10Y
2022-03-25,6395.99,0.027972,25.34,0.011491299131807419,000819,有色金属,CNY,CN10Y
2022-03-28,6306.51,0.0279029999999999,25.05,0.012017159680638823,000819,有色金属,CNY,CN10Y
2022-03-29,6299.27,0.027853,24.95,0.012227160320641282,000819,有色金属,CNY,CN10Y
2022-03-30,6383.76,0.027703,25.22,0.011948070578905637,000819,有色金属,CNY,CN10Y
2022-03-31,6232.33,0.027878,24.64,0.012706415584415584,000819,有色金属,CNY,CN10Y
2022-04-01,6277.56,0.027743,24.79,0.012595846308995563,000819,有色金属,CNY,CN10Y
2022-04-02,,0.027714,24.79,0.012624846308995564,000819,有色金属,CNY,CN10Y
2022-04-06,6255.8,0.027604,24.74,0.01281637186742118,000819,有色金属,CNY,CN10Y
2022-04-07,6185.28,0.0273939999999999,24.42,0.013556040950041048,000819,有色金属,CNY,CN10Y
2022-04-08,6211.49,0.0275289999999999,24.57,0.013171040700040798,000819,有色金属,CNY,CN10Y
2022-04-11,5888.41,0.0276799999999999,23.36,0.01512821917808229,000819,有色金属,CNY,CN10Y
2022-04-12,5978.04,0.027705,23.69,0.01450690375685943,000819,有色金属,CNY,CN10Y
2022-04-13,6115.85,0.027631,24.19,0.013708396444811904,000819,有色金属,CNY,CN10Y
2022-04-14,6173.33,0.027656,24.45,0.013243795501022497,000819,有色金属,CNY,CN10Y
2022-04-15,6019.55,0.027578,23.96,0.014158227045075127,000819,有色金属,CNY,CN10Y
2022-04-18,5994.6,0.028107,23.8,0.013909806722689072,000819,有色金属,CNY,CN10Y
2022-04-19,6036.97,0.028208,23.98,0.013493417848206835,000819,有色金属,CNY,CN10Y
2022-04-20,5789.87,0.02833,23.03,0.01509162396873643,000819,有色金属,CNY,CN10Y
2022-04-21,5538.94,0.028259,22.03,0.01713364639128461,000819,有色金属,CNY,CN10Y
2022-04-22,5508.31,0.028409,21.92,0.01721143795620438,000819,有色金属,CNY,CN10Y
2022-04-24,,0.028335,21.92,0.01728543795620438,000819,有色金属,CNY,CN10Y
2022-04-25,5047.58,0.0281599999999999,20.11,0.021566504226752957,000819,有色金属,CNY,CN10Y
2022-04-26,4881.16,0.02826,19.38,0.023339587203302377,000819,有色金属,CNY,CN10Y
2022-04-27,5233.95,0.028411,20.76,0.019758556840077067,000819,有色金属,CNY,CN10Y
2022-04-28,5263.55,0.0284859999999999,20.74,0.019730007714561335,000819,有色金属,CNY,CN10Y
2022-04-29,5519.22,0.028386,21.63,0.017846085067036527,000819,有色金属,CNY,CN10Y
2022-05-05,5511.38,0.0282819999999999,16.77,0.031348292188431826,000819,有色金属,CNY,CN10Y
2022-05-06,5299.44,0.028273,16.14,0.03368486864931846,000819,有色金属,CNY,CN10Y
2022-05-07,,0.0282629999999999,16.14,0.03369486864931856,000819,有色金属,CNY,CN10Y
2022-05-09,5320.7,0.028154,16.22,0.03349828113440198,000819,有色金属,CNY,CN10Y
2022-05-10,5384.32,0.028089,16.43,0.032775272671941566,000819,有色金属,CNY,CN10Y
2022-05-11,5513.51,0.0282399999999999,16.69,0.03167611743559026,000819,有色金属,CNY,CN10Y
2022-05-12,5450.8,0.028055,16.5,0.03255106060606061,000819,有色金属,CNY,CN10Y
2022-05-13,5475.49,0.02814,16.57,0.032210030175015086,000819,有色金属,CNY,CN10Y
2022-05-16,5491.12,0.028216,16.61,0.03198869596628537,000819,有色金属,CNY,CN10Y
2022-05-17,5660.69,0.028178,17.08,0.0303700093676815,000819,有色金属,CNY,CN10Y
2022-05-18,5637.48,0.027801,17.02,0.030953406580493538,000819,有色金属,CNY,CN10Y
2022-05-19,5687.57,0.027774,17.22,0.030298009291521488,000819,有色金属,CNY,CN10Y
2022-05-20,5854.1,0.0279,17.75,0.028438028169014085,000819,有色金属,CNY,CN10Y
2022-05-23,5996.44,0.027675,18.16,0.02739107929515418,000819,有色金属,CNY,CN10Y
2022-05-24,5790.31,0.02765,17.56,0.029297608200455585,000819,有色金属,CNY,CN10Y
2022-05-25,5841.79,0.027575,17.7,0.02892217514124294,000819,有色金属,CNY,CN10Y
2022-05-26,5854.67,0.0271,17.72,0.02933340857787811,000819,有色金属,CNY,CN10Y
2022-05-27,5829.99,0.026974,17.64,0.029715342403628112,000819,有色金属,CNY,CN10Y
2022-05-30,5876.12,0.027225,17.76,0.0290813063063063,000819,有色金属,CNY,CN10Y
2022-05-31,5904.63,0.027426,17.86,0.028565041433370665,000819,有色金属,CNY,CN10Y
2022-06-01,5827.77,0.027551,17.55,0.029429056980056982,000819,有色金属,CNY,CN10Y
2022-06-02,5913.44,0.027601,17.83,0.028484249579360632,000819,有色金属,CNY,CN10Y
2022-06-06,6217.47,0.027776,18.7,0.025699935828877005,000819,有色金属,CNY,CN10Y
2022-06-07,6209.2,0.027576,18.63,0.026100865271068172,000819,有色金属,CNY,CN10Y
2022-06-08,6337.48,0.0276609999999999,18.77,0.025615505061268078,000819,有色金属,CNY,CN10Y
2022-06-09,6278.7,0.027576,18.67,0.025985863952865552,000819,有色金属,CNY,CN10Y
2022-06-10,6416.14,0.027526,19.14,0.0247206039707419,000819,有色金属,CNY,CN10Y
2022-06-13,6546.61,0.027652,20.24,0.021755114624505936,000819,有色金属,CNY,CN10Y
2022-06-14,6497.82,0.027702,20.19,0.021827470034670626,000819,有色金属,CNY,CN10Y
2022-06-15,6469.2,0.027827,20.07,0.021998610363726957,000819,有色金属,CNY,CN10Y
2022-06-16,6459.65,0.027728,20.07,0.02209761036372696,000819,有色金属,CNY,CN10Y
2022-06-17,6630.83,0.027752,20.59,0.02081526566294318,000819,有色金属,CNY,CN10Y
2022-06-20,6560.75,0.027853,20.36,0.021262913555992146,000819,有色金属,CNY,CN10Y
2022-06-21,6339.02,0.027853,19.65,0.023037585241730284,000819,有色金属,CNY,CN10Y
2022-06-22,6310.85,0.027773,19.57,0.023325620337250892,000819,有色金属,CNY,CN10Y
2022-06-23,6403.78,0.027803,19.8,0.022702050505050503,000819,有色金属,CNY,CN10Y
2022-06-24,6369.73,0.027978,19.74,0.022680561296859175,000819,有色金属,CNY,CN10Y
2022-06-27,6582.52,0.028329,20.31,0.020907829148202856,000819,有色金属,CNY,CN10Y
2022-06-28,6691.26,0.028414,20.61,0.020106135856380398,000819,有色金属,CNY,CN10Y
2022-06-29,6434.81,0.028294,19.84,0.022109225806451617,000819,有色金属,CNY,CN10Y
2022-06-30,6554.55,0.028205,20.19,0.021324470034670626,000819,有色金属,CNY,CN10Y
2022-07-01,6682.16,0.028255,20.57,0.020359487117160912,000819,有色金属,CNY,CN10Y
2022-07-04,6785.5,0.028445,20.41,0.02055059039686428,000819,有色金属,CNY,CN10Y
2022-07-05,6843.41,0.028333,20.54,0.02035249172346641,000819,有色金属,CNY,CN10Y
2022-07-06,6673.3,0.028356,20.0,0.021644000000000004,000819,有色金属,CNY,CN10Y
2022-07-07,6736.3,0.028356,20.19,0.021173470034670627,000819,有色金属,CNY,CN10Y
2022-07-08,6672.61,0.028384,20.01,0.02159101249375312,000819,有色金属,CNY,CN10Y
2022-07-11,6403.93,0.028266,19.23,0.023736080083203326,000819,有色金属,CNY,CN10Y
2022-07-12,6313.26,0.028117,18.97,0.02459781286241434,000819,有色金属,CNY,CN10Y
2022-07-13,6314.12,0.028067,18.96,0.024675616033755267,000819,有色金属,CNY,CN10Y
2022-07-14,6323.94,0.027907,19.0,0.024724578947368417,000819,有色金属,CNY,CN10Y
2022-07-15,6213.85,0.027857,18.67,0.025704863952865552,000819,有色金属,CNY,CN10Y
2022-07-18,6316.59,0.027837,19.02,0.024739235541535225,000819,有色金属,CNY,CN10Y
2022-07-19,6299.2,0.027859,18.94,0.02493931045406547,000819,有色金属,CNY,CN10Y
2022-07-20,6372.83,0.02771,19.17,0.024454840897235257,000819,有色金属,CNY,CN10Y
2022-07-21,6239.17,0.027635,18.85,0.02541539787798408,000819,有色金属,CNY,CN10Y
2022-07-22,6226.4,0.02787,18.76,0.025434904051172706,000819,有色金属,CNY,CN10Y
2022-07-25,6191.89,0.02779,18.65,0.025829302949061664,000819,有色金属,CNY,CN10Y
2022-07-26,6305.09,0.0277,19.0,0.02493157894736842,000819,有色金属,CNY,CN10Y
2022-07-27,6299.53,0.0277009999999999,19.01,0.024902892688059015,000819,有色金属,CNY,CN10Y
2022-07-28,6291.05,0.02785,19.0,0.02478157894736842,000819,有色金属,CNY,CN10Y
2022-07-29,6266.48,0.0275599999999999,18.95,0.025210448548812766,000819,有色金属,CNY,CN10Y
2022-08-01,6356.07,0.027292,19.19,0.02481847420531526,000819,有色金属,CNY,CN10Y
2022-08-02,6146.31,0.0273139999999999,18.58,0.026507313240043164,000819,有色金属,CNY,CN10Y
2022-08-03,6080.38,0.027218,18.44,0.027011934924078086,000819,有色金属,CNY,CN10Y
2022-08-04,6144.06,0.0271919999999999,18.66,0.026398568060021537,000819,有色金属,CNY,CN10Y
2022-08-05,6294.69,0.027339,19.08,0.025071901467505247,000819,有色金属,CNY,CN10Y
2022-08-08,6342.97,0.027409,19.22,0.024620136316337155,000819,有色金属,CNY,CN10Y
2022-08-09,6405.9,0.0274,19.47,0.023961068310220858,000819,有色金属,CNY,CN10Y
2022-08-10,6394.24,0.027366,19.49,0.023942363263211905,000819,有色金属,CNY,CN10Y
2022-08-11,6413.87,0.027317,19.62,0.0236513995922528,000819,有色金属,CNY,CN10Y
2022-08-12,6424.51,0.027347,19.65,0.023543585241730284,000819,有色金属,CNY,CN10Y
2022-08-15,6529.04,0.0265819999999999,20.02,0.02336804995005005,000819,有色金属,CNY,CN10Y
2022-08-16,6447.4,0.0263459999999999,19.8,0.024159050505050603,000819,有色金属,CNY,CN10Y
2022-08-17,6371.76,0.026124,19.52,0.02510550819672131,000819,有色金属,CNY,CN10Y
2022-08-18,6326.71,0.0258,19.39,0.02577297576070139,000819,有色金属,CNY,CN10Y
2022-08-19,6189.61,0.025875,18.94,0.026923310454065468,000819,有色金属,CNY,CN10Y
2022-08-22,6417.43,0.0259249999999999,19.57,0.025173620337250992,000819,有色金属,CNY,CN10Y
2022-08-23,6392.17,0.026075,19.55,0.02507589514066496,000819,有色金属,CNY,CN10Y
2022-08-24,6225.15,0.0260999999999999,19.04,0.026421008403361444,000819,有色金属,CNY,CN10Y
2022-08-25,6200.65,0.0263899999999999,18.93,0.026436201796090963,000819,有色金属,CNY,CN10Y
2022-08-26,6252.8,0.02643,19.03,0.026118607461902258,000819,有色金属,CNY,CN10Y
2022-08-29,6205.43,0.026225,18.92,0.02662912262156448,000819,有色金属,CNY,CN10Y
2022-08-30,6158.98,0.02613,18.76,0.027174904051172705,000819,有色金属,CNY,CN10Y
2022-08-31,5956.78,0.026225,18.13,0.028932198014340875,000819,有色金属,CNY,CN10Y
2022-09-01,5888.6,0.026125,16.19,0.03564152254478073,000819,有色金属,CNY,CN10Y
2022-09-02,5833.66,0.026226,16.11,0.035847246430788335,000819,有色金属,CNY,CN10Y
2022-09-05,5856.26,0.02618,16.23,0.03543429451632779,000819,有色金属,CNY,CN10Y
2022-09-06,6043.85,0.02614,16.75,0.03356149253731343,000819,有色金属,CNY,CN10Y
2022-09-07,6122.3,0.026215,17.0,0.0326085294117647,000819,有色金属,CNY,CN10Y
2022-09-08,6078.22,0.0262559999999999,16.89,0.03295063114268808,000819,有色金属,CNY,CN10Y
2022-09-09,6214.57,0.02635,17.27,0.03155387955993052,000819,有色金属,CNY,CN10Y
2022-09-13,6257.55,0.026427,17.32,0.031309720554272516,000819,有色金属,CNY,CN10Y
2022-09-14,6175.84,0.026625,17.08,0.0319230093676815,000819,有色金属,CNY,CN10Y
2022-09-15,5976.78,0.026625,16.5,0.03398106060606061,000819,有色金属,CNY,CN10Y
2022-09-16,5762.09,0.02673,15.92,0.036084070351758785,000819,有色金属,CNY,CN10Y
2022-09-19,5771.75,0.02675,15.99,0.03578908692933083,000819,有色金属,CNY,CN10Y
2022-09-20,5944.33,0.02664,16.46,0.03411334143377885,000819,有色金属,CNY,CN10Y
2022-09-21,5985.46,0.026451,16.54,0.03400849214026602,000819,有色金属,CNY,CN10Y
2022-09-22,5961.66,0.026501,16.51,0.034068351907934585,000819,有色金属,CNY,CN10Y
2022-09-23,5844.43,0.026802,16.17,0.035040918985776125,000819,有色金属,CNY,CN10Y
2022-09-26,5695.01,0.0271539999999999,15.77,0.03625754090044399,000819,有色金属,CNY,CN10Y
2022-09-27,5688.47,0.027051,15.75,0.03644106349206349,000819,有色金属,CNY,CN10Y
2022-09-28,5394.74,0.027401,14.95,0.039488632107023414,000819,有色金属,CNY,CN10Y
2022-09-29,5475.36,0.027501,15.17,0.038418578114700064,000819,有色金属,CNY,CN10Y
2022-09-30,5421.59,0.027601,15.03,0.03893259946773121,000819,有色金属,CNY,CN10Y
2022-10-08,,0.0276259999999999,15.03,0.03890759946773131,000819,有色金属,CNY,CN10Y
2022-10-09,,0.027452,15.03,0.03908159946773121,000819,有色金属,CNY,CN10Y
2022-10-10,5308.45,0.027402,14.73,0.04048666259334692,000819,有色金属,CNY,CN10Y
2022-10-11,5389.13,0.027426,14.98,0.03932967423230974,000819,有色金属,CNY,CN10Y
2022-10-12,5484.25,0.0273519999999999,15.24,0.03826479790026256,000819,有色金属,CNY,CN10Y
2022-10-13,5417.46,0.027252,15.06,0.03914906241699867,000819,有色金属,CNY,CN10Y
2022-10-14,5564.09,0.026977,15.49,0.037580779212395096,000819,有色金属,CNY,CN10Y
2022-10-17,5552.67,0.027002,15.44,0.03776483937823835,000819,有色金属,CNY,CN10Y
2022-10-18,5528.23,0.027002,15.38,0.03801750585175552,000819,有色金属,CNY,CN10Y
2022-10-19,5467.63,0.027052,15.19,0.03878078472679395,000819,有色金属,CNY,CN10Y
2022-10-20,5405.89,0.0271749999999999,15.04,0.03931436170212776,000819,有色金属,CNY,CN10Y
2022-10-21,5346.99,0.0272779999999999,14.89,0.039881167226326494,000819,有色金属,CNY,CN10Y
2022-10-24,5341.85,0.027153,14.85,0.04018706734006734,000819,有色金属,CNY,CN10Y
2022-10-25,5340.93,0.0272779999999999,14.83,0.04015288334457191,000819,有色金属,CNY,CN10Y
2022-10-26,5385.91,0.027025,14.97,0.0397752672010688,000819,有色金属,CNY,CN10Y
2022-10-27,5425.14,0.026953,15.06,0.039448062416998664,000819,有色金属,CNY,CN10Y
2022-10-28,5233.21,0.0266529999999999,14.49,0.04236011249137346,000819,有色金属,CNY,CN10Y
2022-10-31,5198.52,0.0264329999999999,14.39,0.04305970326615716,000819,有色金属,CNY,CN10Y
2022-11-01,5410.35,0.026629,14.26,0.043497227208976155,000819,有色金属,CNY,CN10Y
2022-11-02,5486.27,0.026854,14.48,0.042206773480662985,000819,有色金属,CNY,CN10Y
2022-11-03,5450.48,0.026776,14.4,0.042668444444444446,000819,有色金属,CNY,CN10Y
2022-11-04,5687.89,0.027023,14.96,0.03982191978609625,000819,有色金属,CNY,CN10Y
2022-11-07,5832.43,0.027003,15.34,0.0381860482398957,000819,有色金属,CNY,CN10Y
2022-11-08,5851.2,0.026853,15.38,0.03816650585175552,000819,有色金属,CNY,CN10Y
2022-11-09,5845.63,0.026953,15.34,0.038236048239895695,000819,有色金属,CNY,CN10Y
2022-11-10,5718.35,0.027028,15.02,0.03954989613848203,000819,有色金属,CNY,CN10Y
2022-11-11,5874.08,0.027354,15.42,0.037496843060959795,000819,有色金属,CNY,CN10Y
2022-11-14,5762.58,0.028354,15.15,0.037652600660065996,000819,有色金属,CNY,CN10Y
2022-11-15,5833.58,0.028155,15.34,0.0370340482398957,000819,有色金属,CNY,CN10Y
2022-11-16,5774.54,0.028329,15.22,0.0373740223390276,000819,有色金属,CNY,CN10Y
2022-11-17,5682.1,0.028026,14.98,0.038729674232309746,000819,有色金属,CNY,CN10Y
2022-11-18,5585.28,0.02825,14.74,0.03959260515603799,000819,有色金属,CNY,CN10Y
2022-11-21,5597.32,0.02818,14.77,0.03952480704129993,000819,有色金属,CNY,CN10Y
2022-11-22,5556.76,0.028276,14.67,0.0398903258350375,000819,有色金属,CNY,CN10Y
2022-11-23,5583.01,0.027975,14.73,0.039913662593346916,000819,有色金属,CNY,CN10Y
2022-11-24,5623.05,0.02795,14.85,0.039390067340067336,000819,有色金属,CNY,CN10Y
2022-11-25,5579.19,0.0283,14.71,0.03968096532970768,000819,有色金属,CNY,CN10Y
2022-11-28,5509.44,0.0286,14.55,0.04012852233676975,000819,有色金属,CNY,CN10Y
2022-11-29,5599.37,0.0288,14.8,0.03876756756756756,000819,有色金属,CNY,CN10Y
2022-11-30,5625.72,0.0288499999999999,14.81,0.03867194463200549,000819,有色金属,CNY,CN10Y
2022-12-01,5716.01,0.0286,15.06,0.03780106241699867,000819,有色金属,CNY,CN10Y
2022-12-02,5631.49,0.028676,14.85,0.03866406734006734,000819,有色金属,CNY,CN10Y
2022-12-05,5731.94,0.028902,15.14,0.03714819815059445,000819,有色金属,CNY,CN10Y
2022-12-06,5745.42,0.029152,15.2,0.036637473684210525,000819,有色金属,CNY,CN10Y
2022-12-07,5721.58,0.028702,15.11,0.037479336863004635,000819,有色金属,CNY,CN10Y
2022-12-08,5705.98,0.028853,15.09,0.037416052352551354,000819,有色金属,CNY,CN10Y
2022-12-09,5809.16,0.0289029999999999,15.38,0.03611650585175562,000819,有色金属,CNY,CN10Y
2022-12-12,5651.41,0.028902,14.17,0.041669630204657734,000819,有色金属,CNY,CN10Y
2022-12-13,5670.04,0.028952,14.23,0.04132206886858749,000819,有色金属,CNY,CN10Y
2022-12-14,5665.95,0.028655,14.23,0.04161906886858749,000819,有色金属,CNY,CN10Y
2022-12-15,5657.5,0.0288289999999999,14.18,0.04169286177715102,000819,有色金属,CNY,CN10Y
2022-12-16,5545.73,0.028856,13.91,0.04303472609633357,000819,有色金属,CNY,CN10Y
2022-12-19,5513.19,0.028632,13.81,0.04377929616220129,000819,有色金属,CNY,CN10Y
2022-12-20,5431.44,0.028732,13.62,0.04468943906020558,000819,有色金属,CNY,CN10Y
2022-12-21,5398.17,0.028606,13.53,0.04530383000739099,000819,有色金属,CNY,CN10Y
2022-12-22,5294.3,0.0285029999999999,13.27,0.04685495026375293,000819,有色金属,CNY,CN10Y
2022-12-23,5276.09,0.028251,13.23,0.04733478987150416,000819,有色金属,CNY,CN10Y
2022-12-26,5336.47,0.028378,13.38,0.04636041554559042,000819,有色金属,CNY,CN10Y
2022-12-27,5421.09,0.028657,13.61,0.044818385745775166,000819,有色金属,CNY,CN10Y
2022-12-28,5380.66,0.0285029999999999,13.52,0.04546149704142022,000819,有色金属,CNY,CN10Y
2022-12-29,5330.69,0.028376,13.38,0.046362415545590424,000819,有色金属,CNY,CN10Y
2022-12-30,5300.84,0.028353,13.31,0.04677848009015777,000819,有色金属,CNY,CN10Y
2022-12-31,,0.028353,13.31,0.04677848009015777,000819,有色金属,CNY,CN10Y
2023-01-03,5437.01,0.028228,13.65,0.04503207326007326,000819,有色金属,CNY,CN10Y
2023-01-04,5342.03,0.028103,13.42,0.046412648286140085,000819,有色金属,CNY,CN10Y
2023-01-05,5417.65,0.028304,13.6,0.04522541176470589,000819,有色金属,CNY,CN10Y
2023-01-06,5493.24,0.028328,13.78,0.04424094049346879,000819,有色金属,CNY,CN10Y
2023-01-09,5649.01,0.028428,14.18,0.04209386177715092,000819,有色金属,CNY,CN10Y
2023-01-10,5673.87,0.028602,14.23,0.041672068868587486,000819,有色金属,CNY,CN10Y
2023-01-11,5661.46,0.028603,14.22,0.041720488045007026,000819,有色金属,CNY,CN10Y
2023-01-12,5681.76,0.028778,14.24,0.0414467191011236,000819,有色金属,CNY,CN10Y
2023-01-13,5701.42,0.0290099999999999,14.29,0.04096900629811068,000819,有色金属,CNY,CN10Y
2023-01-16,5752.6,0.029167,14.41,0.040229252602359475,000819,有色金属,CNY,CN10Y
2023-01-17,5738.52,0.029017,14.37,0.04057242240779402,000819,有色金属,CNY,CN10Y
2023-01-18,5796.13,0.029222,14.51,0.03969598759476224,000819,有色金属,CNY,CN10Y
2023-01-19,5825.92,0.0291449999999999,14.59,0.039395095956134434,000819,有色金属,CNY,CN10Y
2023-01-20,6004.59,0.029331,15.02,0.03724689613848203,000819,有色金属,CNY,CN10Y
2023-01-28,,0.029341,15.02,0.03723689613848203,000819,有色金属,CNY,CN10Y
2023-01-29,,0.029219,15.02,0.037358896138482034,000819,有色金属,CNY,CN10Y
2023-01-30,6059.33,0.029133,15.18,0.036743152832674576,000819,有色金属,CNY,CN10Y
2023-01-31,6086.8,0.028977,15.28,0.03646802617801047,000819,有色金属,CNY,CN10Y
2023-02-01,6258.64,0.029101,15.72,0.03451223155216285,000819,有色金属,CNY,CN10Y
2023-02-02,6209.92,0.02897,15.6,0.035132564102564115,000819,有色金属,CNY,CN10Y
2023-02-03,6122.27,0.028943,15.39,0.0360342579597141,000819,有色金属,CNY,CN10Y
2023-02-06,6008.12,0.029017,15.09,0.03725205235255136,000819,有色金属,CNY,CN10Y
2023-02-07,6040.88,0.028964,15.19,0.036868784726793946,000819,有色金属,CNY,CN10Y
2023-02-08,6015.04,0.028973,15.1,0.037252165562913914,000819,有色金属,CNY,CN10Y
2023-02-09,6039.54,0.028912,15.17,0.03700757811470006,000819,有色金属,CNY,CN10Y
2023-02-10,5923.61,0.029003,14.88,0.03820130107526881,000819,有色金属,CNY,CN10Y
2023-02-13,5942.21,0.028943,14.93,0.03803623643670463,000819,有色金属,CNY,CN10Y
2023-02-14,5989.93,0.028914,15.07,0.03744300066357001,000819,有色金属,CNY,CN10Y
2023-02-15,5929.25,0.028918,14.93,0.03806123643670463,000819,有色金属,CNY,CN10Y
2023-02-16,5774.21,0.028907,14.54,0.03986879092159561,000819,有色金属,CNY,CN10Y
2023-02-17,5761.29,0.0289199999999999,14.52,0.03995052341597806,000819,有色金属,CNY,CN10Y
2023-02-20,5869.46,0.0291699999999999,14.8,0.03839756756756765,000819,有色金属,CNY,CN10Y
2023-02-21,5980.41,0.02919,15.08,0.03712299734748011,000819,有色金属,CNY,CN10Y
2023-02-22,5918.36,0.029175,14.92,0.03784912868632708,000819,有色金属,CNY,CN10Y
2023-02-23,5945.75,0.02922,15.0,0.03744666666666667,000819,有色金属,CNY,CN10Y
2023-02-24,5860.99,0.029126,14.78,0.03853299864682003,000819,有色金属,CNY,CN10Y
2023-02-27,5821.38,0.029117,14.68,0.03900289100817439,000819,有色金属,CNY,CN10Y
2023-02-28,5829.43,0.029017,14.71,0.03896396532970768,000819,有色金属,CNY,CN10Y
2023-03-01,5907.3,0.028977,14.91,0.0380920811535882,000819,有色金属,CNY,CN10Y
2023-03-02,5832.71,0.0291109999999999,14.74,0.03873160515603809,000819,有色金属,CNY,CN10Y
2023-03-03,5817.87,0.029026,14.7,0.03900121088435375,000819,有色金属,CNY,CN10Y
2023-03-06,5824.93,0.028826,14.72,0.039108782608695644,000819,有色金属,CNY,CN10Y
2023-03-07,5773.01,0.0287259999999999,14.6,0.0397671506849316,000819,有色金属,CNY,CN10Y
2023-03-08,5724.09,0.028828,14.47,0.0402805003455425,000819,有色金属,CNY,CN10Y
2023-03-09,5723.16,0.028752,14.45,0.040452152249134954,000819,有色金属,CNY,CN10Y
2023-03-10,5629.8,0.028627,14.22,0.04169648804500703,000819,有色金属,CNY,CN10Y
2023-03-13,5669.68,0.028703,14.34,0.0410320069735007,000819,有色金属,CNY,CN10Y
2023-03-14,5647.56,0.028652,14.27,0.0414250847932726,000819,有色金属,CNY,CN10Y
2023-03-15,5629.75,0.028652,14.22,0.04167148804500703,000819,有色金属,CNY,CN10Y
2023-03-16,5443.1,0.028552,13.74,0.04422820378457059,000819,有色金属,CNY,CN10Y
2023-03-17,5488.44,0.028602,13.86,0.043548072150072156,000819,有色金属,CNY,CN10Y
2023-03-20,5538.68,0.028504,13.97,0.043077961345740864,000819,有色金属,CNY,CN10Y
2023-03-21,5616.13,0.0286039999999999,14.17,0.04196763020465783,000819,有色金属,CNY,CN10Y
2023-03-22,5599.75,0.0285769999999999,14.13,0.04219440835102629,000819,有色金属,CNY,CN10Y
2023-03-23,5655.84,0.028652,14.27,0.0414250847932726,000819,有色金属,CNY,CN10Y
2023-03-24,5632.25,0.028676,14.22,0.04164748804500703,000819,有色金属,CNY,CN10Y
2023-03-27,5623.76,0.028551,14.2,0.04187153521126761,000819,有色金属,CNY,CN10Y
2023-03-28,5541.17,0.0285559999999999,14.01,0.04282158743754472,000819,有色金属,CNY,CN10Y
2023-03-29,5523.57,0.028532,13.97,0.043049961345740864,000819,有色金属,CNY,CN10Y
2023-03-30,5566.85,0.028603,14.08,0.042419727272727276,000819,有色金属,CNY,CN10Y
2023-03-31,5599.93,0.0285279999999999,14.18,0.04199386177715102,000819,有色金属,CNY,CN10Y
2023-04-03,5638.53,0.0286039999999999,14.26,0.041522227208976255,000819,有色金属,CNY,CN10Y
2023-04-04,5610.01,0.028584,14.2,0.04183853521126761,000819,有色金属,CNY,CN10Y
2023-04-06,5666.03,0.028605,14.36,0.04103288300835655,000819,有色金属,CNY,CN10Y
2023-04-07,5636.06,0.028464,14.29,0.04151500629811057,000819,有色金属,CNY,CN10Y
2023-04-10,5677.41,0.0284549999999999,14.39,0.04103770326615716,000819,有色金属,CNY,CN10Y
2023-04-11,5808.39,0.028203,14.72,0.03973178260869565,000819,有色金属,CNY,CN10Y
2023-04-12,5825.57,0.028158,14.78,0.039500998646820024,000819,有色金属,CNY,CN10Y
2023-04-13,5771.27,0.028277,14.65,0.039982385665529016,000819,有色金属,CNY,CN10Y
2023-04-14,5959.87,0.028281,15.12,0.03785656613756615,000819,有色金属,CNY,CN10Y
2023-04-17,6013.56,0.028432,15.25,0.03714177049180328,000819,有色金属,CNY,CN10Y
2023-04-18,6000.62,0.028319,15.21,0.03742721959237344,000819,有色金属,CNY,CN10Y
2023-04-19,5987.35,0.028333,15.21,0.03741321959237344,000819,有色金属,CNY,CN10Y
2023-04-20,5858.04,0.028332,14.88,0.03887230107526882,000819,有色金属,CNY,CN10Y
2023-04-21,5726.42,0.028258,14.4,0.04118644444444445,000819,有色金属,CNY,CN10Y
2023-04-23,,0.02822,14.4,0.04122444444444445,000819,有色金属,CNY,CN10Y
2023-04-24,5589.94,0.028176,14.06,0.04294775533428164,000819,有色金属,CNY,CN10Y
2023-04-25,5433.39,0.028157,13.71,0.04478246024799416,000819,有色金属,CNY,CN10Y
2023-04-26,5497.25,0.028058,13.83,0.04424857989877079,000819,有色金属,CNY,CN10Y
2023-04-27,5492.41,0.027852,13.82,0.044506900144717795,000819,有色金属,CNY,CN10Y
2023-04-28,5542.8,0.027788,13.95,0.04389658781362008,000819,有色金属,CNY,CN10Y
2023-05-04,5544.13,0.027613,13.44,0.046791761904761905,000819,有色金属,CNY,CN10Y
2023-05-05,5439.11,0.027338,13.03,0.04940797083653109,000819,有色金属,CNY,CN10Y
2023-05-06,,0.027311,13.03,0.04943497083653109,000819,有色金属,CNY,CN10Y
2023-05-08,5523.05,0.027484,13.23,0.04810178987150416,000819,有色金属,CNY,CN10Y
2023-05-09,5429.82,0.027383,13.01,0.049480950807071475,000819,有色金属,CNY,CN10Y
2023-05-10,5467.56,0.02721,13.09,0.04918419404125286,000819,有色金属,CNY,CN10Y
2023-05-11,5423.55,0.02701,12.96,0.05015049382716049,000819,有色金属,CNY,CN10Y
2023-05-12,5248.84,0.027058,12.52,0.05281420447284345,000819,有色金属,CNY,CN10Y
2023-05-15,5441.39,0.02719,12.96,0.04997049382716049,000819,有色金属,CNY,CN10Y
2023-05-16,5412.86,0.027129,12.9,0.05039037984496124,000819,有色金属,CNY,CN10Y
2023-05-17,5362.15,0.02721,12.78,0.0510372613458529,000819,有色金属,CNY,CN10Y
2023-05-18,5344.49,0.027184,12.76,0.05118590595611286,000819,有色金属,CNY,CN10Y
2023-05-19,5285.34,0.027151,12.62,0.0520883026941363,000819,有色金属,CNY,CN10Y
2023-05-22,5291.94,0.027132,12.64,0.0519819240506329,000819,有色金属,CNY,CN10Y
2023-05-23,5215.4,0.026962,12.46,0.05329482182985554,000819,有色金属,CNY,CN10Y
2023-05-24,5182.63,0.027037,12.39,0.05367325020177562,000819,有色金属,CNY,CN10Y
2023-05-25,5121.68,0.027065,12.26,0.054501068515497554,000819,有色金属,CNY,CN10Y
2023-05-26,5116.29,0.027205,12.27,0.05429459250203749,000819,有色金属,CNY,CN10Y
2023-05-29,5100.02,0.0269499999999999,12.23,0.05481614881439094,000819,有色金属,CNY,CN10Y
2023-05-30,5091.57,0.027,12.21,0.0549000819000819,000819,有色金属,CNY,CN10Y
2023-05-31,5072.9,0.02685,12.06,0.056068739635157544,000819,有色金属,CNY,CN10Y
2023-06-01,5111.28,0.026825,12.15,0.05547952674897119,000819,有色金属,CNY,CN10Y
2023-06-02,5297.13,0.026951,12.58,0.052540255961844196,000819,有色金属,CNY,CN10Y
2023-06-05,5238.15,0.026926,12.43,0.053524522928399036,000819,有色金属,CNY,CN10Y
2023-06-06,5179.26,0.026826,12.29,0.05454096501220505,000819,有色金属,CNY,CN10Y
2023-06-07,5139.65,0.026827,12.21,0.055073081900081894,000819,有色金属,CNY,CN10Y
2023-06-08,5171.33,0.026822,12.28,0.054611224755700336,000819,有色金属,CNY,CN10Y
2023-06-09,5231.0,0.026703,12.39,0.05400725020177562,000819,有色金属,CNY,CN10Y
2023-06-12,5202.87,0.026704,12.24,0.05499534640522876,000819,有色金属,CNY,CN10Y
2023-06-13,5192.94,0.026227,12.22,0.055606060556464804,000819,有色金属,CNY,CN10Y
2023-06-14,5200.91,0.026178,12.26,0.05538806851549755,000819,有色金属,CNY,CN10Y
2023-06-15,5250.97,0.026482,12.36,0.05442414886731393,000819,有色金属,CNY,CN10Y
2023-06-16,5283.99,0.0266259999999999,12.45,0.05369528514056235,000819,有色金属,CNY,CN10Y
2023-06-19,5184.05,0.026876,12.22,0.05495706055646481,000819,有色金属,CNY,CN10Y
2023-06-20,5147.31,0.026751,12.14,0.05562132289950576,000819,有色金属,CNY,CN10Y
2023-06-21,5056.73,0.026701,11.92,0.05719161744966443,000819,有色金属,CNY,CN10Y
2023-06-25,,0.026576,11.92,0.05731661744966443,000819,有色金属,CNY,CN10Y
2023-06-26,5013.59,0.026677,11.82,0.05792536886632826,000819,有色金属,CNY,CN10Y
2023-06-27,5090.74,0.026676,12.01,0.05658794671107411,000819,有色金属,CNY,CN10Y
2023-06-28,5069.78,0.0266509999999999,11.96,0.05696104013377937,000819,有色金属,CNY,CN10Y
2023-06-29,5032.88,0.026526,11.87,0.05771999831508003,000819,有色金属,CNY,CN10Y
2023-06-30,5077.15,0.026351,11.97,0.057191188805346696,000819,有色金属,CNY,CN10Y
2023-07-03,5168.85,0.026402,12.2,0.05556521311475411,000819,有色金属,CNY,CN10Y
2023-07-04,5158.56,0.026477,12.17,0.05569226869350863,000819,有色金属,CNY,CN10Y
2023-07-05,5254.19,0.026402,12.38,0.05437344426494346,000819,有色金属,CNY,CN10Y
2023-07-06,5154.92,0.026392,12.16,0.055844842105263165,000819,有色金属,CNY,CN10Y
2023-07-07,5142.92,0.026403,12.13,0.056037230832646334,000819,有色金属,CNY,CN10Y
2023-07-10,5175.83,0.026403,12.2,0.05556421311475411,000819,有色金属,CNY,CN10Y
2023-07-11,5210.95,0.026353,12.3,0.05494781300813008,000819,有色金属,CNY,CN10Y
2023-07-12,5190.86,0.026378,12.23,0.055388148814390845,000819,有色金属,CNY,CN10Y
2023-07-13,5292.91,0.026413,12.5,0.053587,000819,有色金属,CNY,CN10Y
2023-07-14,5260.43,0.026444,12.43,0.05400652292839904,000819,有色金属,CNY,CN10Y
2023-07-17,5190.41,0.026364,12.26,0.055202068515497554,000819,有色金属,CNY,CN10Y
2023-07-18,5193.82,0.026234,12.26,0.05533206851549755,000819,有色金属,CNY,CN10Y
2023-07-19,5211.47,0.026233,12.31,0.055001768480909825,000819,有色金属,CNY,CN10Y
2023-07-20,5225.58,0.026214,12.33,0.05488900081103,000819,有色金属,CNY,CN10Y
2023-07-21,5175.93,0.0260789999999999,12.21,0.055821081900082,000819,有色金属,CNY,CN10Y
2023-07-24,5090.69,0.025934,12.03,0.057191519534497096,000819,有色金属,CNY,CN10Y
2023-07-25,5249.08,0.0266299999999999,12.4,0.054015161290322675,000819,有色金属,CNY,CN10Y
2023-07-26,5257.56,0.02643,12.43,0.05402052292839904,000819,有色金属,CNY,CN10Y
2023-07-27,5210.89,0.026395,12.32,0.054773831168831166,000819,有色金属,CNY,CN10Y
2023-07-28,5249.55,0.026533,12.4,0.05411216129032258,000819,有色金属,CNY,CN10Y
2023-07-31,5322.35,0.026597,12.56,0.05302083439490446,000819,有色金属,CNY,CN10Y
2023-08-01,5338.71,0.026607,12.6,0.05275807936507936,000819,有色金属,CNY,CN10Y
2023-08-02,5296.57,0.026525,12.49,0.05353905124099279,000819,有色金属,CNY,CN10Y
2023-08-03,5273.35,0.026435,12.44,0.053950852090032156,000819,有色金属,CNY,CN10Y
2023-08-04,5302.02,0.026469,12.5,0.053531,000819,有色金属,CNY,CN10Y
2023-08-07,5300.78,0.026462,12.5,0.053538,000819,有色金属,CNY,CN10Y
2023-08-08,5321.47,0.026454,12.56,0.053163834394904456,000819,有色金属,CNY,CN10Y
2023-08-09,5278.15,0.026461,12.46,0.05379582182985554,000819,有色金属,CNY,CN10Y
2023-08-10,5273.71,0.026475,12.45,0.05384628514056225,000819,有色金属,CNY,CN10Y
2023-08-11,5159.2,0.026381,12.19,0.05565345447087777,000819,有色金属,CNY,CN10Y
2023-08-14,5119.44,0.026212,12.1,0.05643262809917356,000819,有色金属,CNY,CN10Y
2023-08-15,5073.52,0.0257589999999999,11.99,0.05764383569641377,000819,有色金属,CNY,CN10Y
2023-08-16,5024.27,0.025649,11.88,0.05852608417508416,000819,有色金属,CNY,CN10Y
2023-08-17,5045.89,0.025678,11.92,0.058214617449664434,000819,有色金属,CNY,CN10Y
2023-08-18,4941.53,0.025639,11.68,0.059977438356164384,000819,有色金属,CNY,CN10Y
2023-08-21,4893.63,0.025403,11.57,0.061027423509075196,000819,有色金属,CNY,CN10Y
2023-08-22,4937.89,0.025564,11.69,0.0599791993156544,000819,有色金属,CNY,CN10Y
2023-08-23,4826.29,0.025535,11.44,0.06187758741258742,000819,有色金属,CNY,CN10Y
2023-08-24,4912.63,0.025543,11.66,0.06022029331046312,000819,有色金属,CNY,CN10Y
2023-08-25,4833.11,0.025702,11.47,0.061481958151700086,000819,有色金属,CNY,CN10Y
2023-08-28,4853.56,0.025837,11.52,0.060968555555555554,000819,有色金属,CNY,CN10Y
2023-08-29,4921.79,0.0256999999999999,11.68,0.059916438356164475,000819,有色金属,CNY,CN10Y
2023-08-30,4936.43,0.0256,11.73,0.05965149190110827,000819,有色金属,CNY,CN10Y
2023-08-31,4884.63,0.025575,11.61,0.06055764427217916,000819,有色金属,CNY,CN10Y
2023-09-01,4992.77,0.0258499999999999,11.88,0.058325084175084266,000819,有色金属,CNY,CN10Y
2023-09-04,5143.48,0.026124,12.24,0.05557534640522876,000819,有色金属,CNY,CN10Y
2023-09-05,5122.63,0.02615,12.19,0.055884454470877774,000819,有色金属,CNY,CN10Y
2023-09-06,5102.39,0.026375,12.15,0.0559295267489712,000819,有色金属,CNY,CN10Y
2023-09-07,5019.56,0.02635,11.96,0.057262040133779266,000819,有色金属,CNY,CN10Y
2023-09-08,4975.87,0.026375,11.86,0.057942032040472186,000819,有色金属,CNY,CN10Y
2023-09-11,5044.7,0.0263,12.02,0.056894675540765396,000819,有色金属,CNY,CN10Y
2023-09-12,5032.19,0.02623,11.98,0.05724245409015025,000819,有色金属,CNY,CN10Y
2023-09-13,5007.43,0.02615,11.93,0.05767229673093043,000819,有色金属,CNY,CN10Y
2023-09-14,5025.24,0.026075,11.98,0.05739745409015025,000819,有色金属,CNY,CN10Y
2023-09-15,5025.92,0.0264,11.99,0.05700283569641367,000819,有色金属,CNY,CN10Y
2023-09-18,5042.86,0.0265,12.02,0.056694675540765405,000819,有色金属,CNY,CN10Y
2023-09-19,5017.04,0.026625,11.97,0.0569171888053467,000819,有色金属,CNY,CN10Y
2023-09-20,4973.95,0.02665,11.87,0.057595998315080034,000819,有色金属,CNY,CN10Y
2023-09-21,4924.09,0.026576,11.75,0.0585303829787234,000819,有色金属,CNY,CN10Y
2023-09-22,4936.71,0.026776,11.77,0.058185767204757856,000819,有色金属,CNY,CN10Y
2023-09-25,4900.05,0.026976,11.68,0.05864043835616438,000819,有色金属,CNY,CN10Y
2023-09-26,4859.16,0.026951,11.59,0.05933027696289905,000819,有色金属,CNY,CN10Y
2023-09-27,4857.14,0.0268769999999999,11.58,0.05947878583765122,000819,有色金属,CNY,CN10Y
2023-09-28,4842.38,0.026751,11.53,0.05997926886383348,000819,有色金属,CNY,CN10Y
2023-10-07,,0.0266509999999999,11.53,0.06007926886383358,000819,有色金属,CNY,CN10Y
2023-10-08,,0.0266259999999999,11.53,0.060104268863833576,000819,有色金属,CNY,CN10Y
2023-10-09,4828.63,0.026702,11.51,0.060178973066898345,000819,有色金属,CNY,CN10Y
2023-10-10,4843.96,0.0268109999999999,11.53,0.05991926886383357,000819,有色金属,CNY,CN10Y
2023-10-11,4801.21,0.026976,11.43,0.06051306386701663,000819,有色金属,CNY,CN10Y
2023-10-12,4934.8,0.026911,11.72,0.05841323208191125,000819,有色金属,CNY,CN10Y
2023-10-13,4850.78,0.026702,11.52,0.06010355555555555,000819,有色金属,CNY,CN10Y
2023-10-16,4791.53,0.026777,11.39,0.061019312554872696,000819,有色金属,CNY,CN10Y
2023-10-17,4780.27,0.026882,11.37,0.06106874758135444,000819,有色金属,CNY,CN10Y
2023-10-18,4703.97,0.027052,11.19,0.06231350491510277,000819,有色金属,CNY,CN10Y
2023-10-19,4638.87,0.0271769999999999,11.04,0.06340271014492765,000819,有色金属,CNY,CN10Y
2023-10-20,4658.57,0.027052,11.06,0.06336391320072332,000819,有色金属,CNY,CN10Y
2023-10-23,4518.08,0.0270469999999999,10.74,0.06606286964618259,000819,有色金属,CNY,CN10Y
2023-10-24,4607.27,0.0271769999999999,10.95,0.06414720091324212,000819,有色金属,CNY,CN10Y
2023-10-25,4636.65,0.027052,11.03,0.06360983136899365,000819,有色金属,CNY,CN10Y
2023-10-26,4648.01,0.027152,11.05,0.06334573755656109,000819,有色金属,CNY,CN10Y
2023-10-27,4725.64,0.0271329999999999,11.22,0.06199355971479511,000819,有色金属,CNY,CN10Y
2023-10-30,4768.75,0.027141,11.33,0.06112025330979701,000819,有色金属,CNY,CN10Y
2023-10-31,4757.97,0.026938,11.31,0.06147932979664013,000819,有色金属,CNY,CN10Y
2023-11-01,4721.65,0.026853,11.22,0.06227355971479501,000819,有色金属,CNY,CN10Y
2023-11-02,4665.92,0.026553,11.09,0.06361832551848512,000819,有色金属,CNY,CN10Y
2023-11-03,4675.59,0.026613,11.11,0.06339600090009001,000819,有色金属,CNY,CN10Y
2023-11-06,4698.09,0.026554,11.14,0.06321260682226212,000819,有色金属,CNY,CN10Y
2023-11-07,4676.66,0.026632,11.08,0.06362070758122744,000819,有色金属,CNY,CN10Y
2023-11-08,4633.65,0.0264639999999999,10.98,0.06461068123861576,000819,有色金属,CNY,CN10Y
2023-11-09,4646.03,0.026494,11.01,0.06433252134423251,000819,有色金属,CNY,CN10Y
2023-11-10,4624.43,0.026444,10.95,0.06488020091324202,000819,有色金属,CNY,CN10Y
2023-11-13,4645.54,0.026454,11.01,0.06437252134423252,000819,有色金属,CNY,CN10Y
2023-11-14,4632.14,0.026573,10.98,0.06450168123861566,000819,有色金属,CNY,CN10Y
2023-11-15,4719.78,0.026633,11.18,0.06281243828264758,000819,有色金属,CNY,CN10Y
2023-11-16,4654.21,0.026558,11.03,0.06410383136899366,000819,有色金属,CNY,CN10Y
2023-11-17,4674.19,0.026524,11.08,0.06372870758122745,000819,有色金属,CNY,CN10Y
2023-11-20,4675.82,0.026584,11.08,0.06366870758122745,000819,有色金属,CNY,CN10Y
2023-11-21,4681.89,0.026684,11.11,0.06332500090009001,000819,有色金属,CNY,CN10Y
2023-11-22,4596.94,0.026823,10.92,0.06475209157509157,000819,有色金属,CNY,CN10Y
2023-11-23,4613.89,0.027023,10.96,0.06421787591240877,000819,有色金属,CNY,CN10Y
2023-11-24,4567.78,0.0270529999999999,10.86,0.06502803130755075,000819,有色金属,CNY,CN10Y
2023-11-27,4533.42,0.027108,10.78,0.0656563784786642,000819,有色金属,CNY,CN10Y
2023-11-28,4544.43,0.026898,10.81,0.06560893802035153,000819,有色金属,CNY,CN10Y
2023-11-29,4550.73,0.026826,10.83,0.06551010341643582,000819,有色金属,CNY,CN10Y
2023-11-30,4521.38,0.02668,10.77,0.06617051067780874,000819,有色金属,CNY,CN10Y
2023-12-01,4520.19,0.026625,10.77,0.06622551067780874,000819,有色金属,CNY,CN10Y
2023-12-04,4566.84,0.026725,10.88,0.06518676470588235,000819,有色金属,CNY,CN10Y
2023-12-05,4484.32,0.02665,10.66,0.06715863039399625,000819,有色金属,CNY,CN10Y
2023-12-06,4584.98,0.026725,10.87,0.06527132014719413,000819,有色金属,CNY,CN10Y
2023-12-07,4547.76,0.02664,10.8,0.06595259259259259,000819,有色金属,CNY,CN10Y
2023-12-08,4518.25,0.026636,10.73,0.06656064492078284,000819,有色金属,CNY,CN10Y
2023-12-11,4483.56,0.02644,11.09,0.06373132551848512,000819,有色金属,CNY,CN10Y
2023-12-12,4466.86,0.026375,11.05,0.06412273755656109,000819,有色金属,CNY,CN10Y
2023-12-13,4384.64,0.026226,10.84,0.06602492250922509,000819,有色金属,CNY,CN10Y
2023-12-14,4380.59,0.026376,10.84,0.0658749225092251,000819,有色金属,CNY,CN10Y
2023-12-15,4400.44,0.026227,10.89,0.06560036455463727,000819,有色金属,CNY,CN10Y
2023-12-18,4342.2,0.026126,10.77,0.06672451067780874,000819,有色金属,CNY,CN10Y
2023-12-19,4331.81,0.026191,10.75,0.0668322558139535,000819,有色金属,CNY,CN10Y
2023-12-20,4329.49,0.026222,10.76,0.06671480297397771,000819,有色金属,CNY,CN10Y
2023-12-21,4369.42,0.025901,10.86,0.06618003130755065,000819,有色金属,CNY,CN10Y
2023-12-22,4446.78,0.0258769999999999,11.04,0.06470271014492765,000819,有色金属,CNY,CN10Y
2023-12-25,4473.47,0.025678,11.1,0.06441209009009011,000819,有色金属,CNY,CN10Y
2023-12-26,4463.01,0.025804,11.08,0.06444870758122745,000819,有色金属,CNY,CN10Y
2023-12-27,4491.86,0.025577,11.17,0.06394851477170993,000819,有色金属,CNY,CN10Y
2023-12-28,4616.02,0.0256939999999999,11.44,0.061718587412587525,000819,有色金属,CNY,CN10Y
2023-12-29,4629.46,0.025553,11.48,0.06155501393728222,000819,有色金属,CNY,CN10Y
2023-12-31,,0.025553,11.48,0.06155501393728222,000819,有色金属,CNY,CN10Y
2024-01-02,4635.29,0.025601,11.51,0.06127997306689835,000819,有色金属,CNY,CN10Y
2024-01-03,4632.81,0.025531,11.5,0.061425521739130434,000819,有色金属,CNY,CN10Y
2024-01-04,4588.64,0.0253679999999999,11.41,0.06227441893076259,000819,有色金属,CNY,CN10Y
2024-01-05,4563.13,0.025175,11.34,0.06300842151675484,000819,有色金属,CNY,CN10Y
2024-01-08,4509.03,0.025136,11.22,0.063990559714795,000819,有色金属,CNY,CN10Y
2024-01-09,4548.7,0.024862,11.31,0.06355532979664014,000819,有色金属,CNY,CN10Y
2024-01-10,4532.68,0.024982,11.26,0.06382794671403197,000819,有色金属,CNY,CN10Y
2024-01-11,4591.32,0.024992,11.37,0.06295874758135445,000819,有色金属,CNY,CN10Y
2024-01-12,4587.33,0.025172,11.37,0.06277874758135445,000819,有色金属,CNY,CN10Y
2024-01-15,4544.4,0.025212,11.28,0.06344048226950355,000819,有色金属,CNY,CN10Y
2024-01-16,4536.93,0.025252,11.26,0.06355794671403198,000819,有色金属,CNY,CN10Y
2024-01-17,4392.16,0.025077,10.9,0.06666611926605504,000819,有色金属,CNY,CN10Y
2024-01-18,4396.68,0.025092,10.92,0.06648309157509157,000819,有色金属,CNY,CN10Y
2024-01-19,4377.88,0.025027,10.87,0.06696932014719412,000819,有色金属,CNY,CN10Y
2024-01-22,4181.49,0.024922,10.41,0.07113947934678194,000819,有色金属,CNY,CN10Y
2024-01-23,4224.73,0.025042,10.5,0.07019609523809524,000819,有色金属,CNY,CN10Y
2024-01-24,4280.82,0.025042,10.65,0.06885471361502347,000819,有色金属,CNY,CN10Y
2024-01-25,4405.27,0.024984,10.96,0.06625687591240875,000819,有色金属,CNY,CN10Y
2024-01-26,4412.34,0.024994,10.99,0.06599781073703366,000819,有色金属,CNY,CN10Y
2024-01-29,4333.35,0.02494,10.82,0.06748144177449168,000819,有色金属,CNY,CN10Y
2024-01-30,4250.54,0.024557,10.63,0.06951637723424271,000819,有色金属,CNY,CN10Y
2024-01-31,4136.72,0.0243299999999999,10.38,0.07200911368015422,000819,有色金属,CNY,CN10Y
2024-02-01,4119.71,0.024354,10.35,0.0722643574879227,000819,有色金属,CNY,CN10Y
2024-02-02,4021.77,0.0242439999999999,10.12,0.07457022924901197,000819,有色金属,CNY,CN10Y
2024-02-04,,0.024053,10.12,0.07476122924901187,000819,有色金属,CNY,CN10Y
2024-02-05,3920.05,0.024002,9.91,0.07690617356205853,000819,有色金属,CNY,CN10Y
2024-02-06,4138.99,0.024525,10.41,0.07153647934678194,000819,有色金属,CNY,CN10Y
2024-02-07,4293.48,0.0241529999999999,10.76,0.0687838029739778,000819,有色金属,CNY,CN10Y
2024-02-08,4346.35,0.0243789999999999,10.9,0.06736411926605514,000819,有色金属,CNY,CN10Y
2024-02-09,,0.024302,10.9,0.06744111926605503,000819,有色金属,CNY,CN10Y
2024-02-18,,0.0243929999999999,10.9,0.06735011926605514,000819,有色金属,CNY,CN10Y
2024-02-19,4377.78,0.024344,11.0,0.06656509090909091,000819,有色金属,CNY,CN10Y
2024-02-20,4391.88,0.024134,11.05,0.06636373755656108,000819,有色金属,CNY,CN10Y
2024-02-21,4425.82,0.024119,11.13,0.06572825965858041,000819,有色金属,CNY,CN10Y
2024-02-22,4478.94,0.024033,11.27,0.06469814463176575,000819,有色金属,CNY,CN10Y
2024-02-23,4525.56,0.024009,11.39,0.06378731255487269,000819,有色金属,CNY,CN10Y
2024-02-26,4474.91,0.0237889999999999,11.24,0.06517897153024921,000819,有色金属,CNY,CN10Y
2024-02-27,4526.19,0.023809,11.35,0.0642967268722467,000819,有色金属,CNY,CN10Y
2024-02-28,4467.98,0.023376,11.2,0.0659097142857143,000819,有色金属,CNY,CN10Y
2024-02-29,4595.16,0.023375,11.5,0.06358152173913043,000819,有色金属,CNY,CN10Y
2024-03-01,4634.75,0.023675,11.6,0.06253189655172414,000819,有色金属,CNY,CN10Y
2024-03-04,4654.98,0.023475,11.68,0.06214143835616438,000819,有色金属,CNY,CN10Y
2024-03-05,4659.32,0.023169,11.72,0.06215523208191126,000819,有色金属,CNY,CN10Y
2024-03-06,4682.27,0.02265,11.79,0.06216764206955047,000819,有色金属,CNY,CN10Y
2024-03-07,4782.5,0.022776,12.06,0.06014273963515754,000819,有色金属,CNY,CN10Y
2024-03-08,4831.48,0.022825,12.19,0.059209454470877776,000819,有色金属,CNY,CN10Y
2024-03-11,4892.71,0.02305,12.32,0.05811883116883117,000819,有色金属,CNY,CN10Y
2024-03-12,4790.35,0.023476,12.03,0.0596495195344971,000819,有色金属,CNY,CN10Y
2024-03-13,4822.5,0.023326,12.14,0.05904632289950576,000819,有色金属,CNY,CN10Y
2024-03-14,4891.62,0.0234249999999999,12.35,0.05754665991902844,000819,有色金属,CNY,CN10Y
2024-03-15,5055.72,0.0232,12.78,0.0550472613458529,000819,有色金属,CNY,CN10Y
2024-03-18,5069.32,0.022926,12.82,0.05507712012480499,000819,有色金属,CNY,CN10Y
2024-03-19,5045.73,0.022801,12.75,0.055630372549019605,000819,有色金属,CNY,CN10Y
2024-03-20,5029.67,0.022951,12.71,0.055727206136900076,000819,有色金属,CNY,CN10Y
2024-03-21,5061.06,0.022851,12.8,0.055274000000000004,000819,有色金属,CNY,CN10Y
2024-03-22,4922.79,0.023051,12.46,0.057205821829855535,000819,有色金属,CNY,CN10Y
2024-03-25,4960.66,0.023151,12.6,0.056214079365079356,000819,有色金属,CNY,CN10Y
2024-03-26,4952.05,0.0231749999999999,12.58,0.056316255961844294,000819,有色金属,CNY,CN10Y
2024-03-27,4879.59,0.0228759999999999,12.43,0.05757452292839914,000819,有色金属,CNY,CN10Y
2024-03-28,4969.55,0.023026,12.67,0.055900598263614834,000819,有色金属,CNY,CN10Y
2024-03-29,5124.21,0.0229009999999999,13.07,0.053610094108645846,000819,有色金属,CNY,CN10Y
2024-04-01,5231.45,0.023082,13.3,0.05210596992481203,000819,有色金属,CNY,CN10Y
2024-04-02,5282.95,0.022927,13.41,0.051644215510812816,000819,有色金属,CNY,CN10Y
2024-04-03,5461.1,0.022837,13.86,0.04931307215007216,000819,有色金属,CNY,CN10Y
2024-04-07,,0.022937,13.86,0.04921307215007216,000819,有色金属,CNY,CN10Y
2024-04-08,5450.79,0.022822,13.82,0.0495369001447178,000819,有色金属,CNY,CN10Y
2024-04-09,5467.17,0.022802,13.82,0.049556900144717794,000819,有色金属,CNY,CN10Y
2024-04-10,5498.29,0.022972,13.97,0.04860996134574087,000819,有色金属,CNY,CN10Y
2024-04-11,5484.01,0.022928,13.93,0.04885950897343862,000819,有色金属,CNY,CN10Y
2024-04-12,5545.14,0.022837,14.1,0.048084985815602846,000819,有色金属,CNY,CN10Y
2024-04-15,5543.68,0.022798,14.12,0.048023529745042495,000819,有色金属,CNY,CN10Y
2024-04-16,5286.61,0.022723,13.5,0.05135107407407407,000819,有色金属,CNY,CN10Y
2024-04-17,5416.41,0.022608,13.81,0.04980329616220129,000819,有色金属,CNY,CN10Y
2024-04-18,5485.83,0.0225369999999999,14.0,0.04889157142857152,000819,有色金属,CNY,CN10Y
2024-04-19,5448.75,0.02254,13.93,0.04924750897343862,000819,有色金属,CNY,CN10Y
2024-04-22,5325.61,0.022435,13.59,0.051148517292126564,000819,有色金属,CNY,CN10Y
2024-04-23,5086.7,0.02226,12.98,0.05478160246533127,000819,有色金属,CNY,CN10Y
2024-04-24,5142.21,0.022727,13.16,0.05326084194528875,000819,有色金属,CNY,CN10Y
2024-04-25,5170.11,0.022612,13.22,0.053030965204235996,000819,有色金属,CNY,CN10Y
2024-04-26,5308.56,0.0230839999999999,13.59,0.050499517292126664,000819,有色金属,CNY,CN10Y
2024-04-28,,0.0232439999999999,13.59,0.050339517292126656,000819,有色金属,CNY,CN10Y
2024-04-29,5283.11,0.02353,13.47,0.050709049740163326,000819,有色金属,CNY,CN10Y
2024-04-30,5233.63,0.023028,13.35,0.051878367041198505,000819,有色金属,CNY,CN10Y
2024-05-06,5277.07,0.023081,20.09,0.026695007964161275,000819,有色金属,CNY,CN10Y
2024-05-07,5311.33,0.022896,20.19,0.026633470034670627,000819,有色金属,CNY,CN10Y
2024-05-08,5272.69,0.022955,20.08,0.02684579681274901,000819,有色金属,CNY,CN10Y
2024-05-09,5404.02,0.023186,20.55,0.025475800486618003,000819,有色金属,CNY,CN10Y
2024-05-10,5443.78,0.0231219999999999,20.77,0.025024364949446418,000819,有色金属,CNY,CN10Y
2024-05-11,,0.023361,20.77,0.024785364949446317,000819,有色金属,CNY,CN10Y
2024-05-13,5374.18,0.0229,20.54,0.02578549172346641,000819,有色金属,CNY,CN10Y
2024-05-14,5409.8,0.022938,20.72,0.025324548262548263,000819,有色金属,CNY,CN10Y
2024-05-15,5354.86,0.02302,20.5,0.02576048780487805,000819,有色金属,CNY,CN10Y
2024-05-16,5305.45,0.023147,20.29,0.02613836224741252,000819,有色金属,CNY,CN10Y
2024-05-17,5385.12,0.023077,20.59,0.025490265662943178,000819,有色金属,CNY,CN10Y
2024-05-20,5586.88,0.023105,21.4,0.023623971962616827,000819,有色金属,CNY,CN10Y
2024-05-21,5409.35,0.023141,20.68,0.025214899419729212,000819,有色金属,CNY,CN10Y
2024-05-22,5359.33,0.023123,20.0,0.026877,000819,有色金属,CNY,CN10Y
2024-05-23,5179.95,0.0230629999999999,19.35,0.02861658656330759,000819,有色金属,CNY,CN10Y
2024-05-24,5172.59,0.023134,19.34,0.028572308169596692,000819,有色金属,CNY,CN10Y
2024-05-27,5260.59,0.0230839999999999,19.7,0.027677421319797054,000819,有色金属,CNY,CN10Y
2024-05-28,5254.14,0.022994,19.68,0.0278190081300813,000819,有色金属,CNY,CN10Y
2024-05-29,5385.31,0.022776,20.17,0.02680258205255329,000819,有色金属,CNY,CN10Y
2024-05-30,5218.5,0.022826,19.5,0.02845605128205128,000819,有色金属,CNY,CN10Y
2024-05-31,5189.91,0.022926,19.39,0.028646975760701392,000819,有色金属,CNY,CN10Y
2024-06-03,5084.42,0.022853,19.01,0.029750892688058916,000819,有色金属,CNY,CN10Y
2024-06-04,5149.2,0.022854,19.26,0.02906707995846313,000819,有色金属,CNY,CN10Y
2024-06-05,5031.65,0.022808,18.8,0.03038348936170213,000819,有色金属,CNY,CN10Y
2024-06-06,5082.72,0.022828,19.04,0.029693008403361344,000819,有色金属,CNY,CN10Y
2024-06-07,5075.08,0.022833,19.07,0.029605384897745148,000819,有色金属,CNY,CN10Y
2024-06-11,4952.72,0.022791,18.58,0.031030313240043066,000819,有色金属,CNY,CN10Y
2024-06-12,5008.23,0.02276,18.81,0.030403211057947906,000819,有色金属,CNY,CN10Y
2024-06-13,4915.0,0.0226779999999999,18.46,0.03149318093174441,000819,有色金属,CNY,CN10Y
2024-06-14,4933.35,0.0225579999999999,18.55,0.031350355795148346,000819,有色金属,CNY,CN10Y
2024-06-17,4865.53,0.022609,18.36,0.03185723093681918,000819,有色金属,CNY,CN10Y
2024-06-18,4895.59,0.0225369999999999,18.44,0.03169293492407818,000819,有色金属,CNY,CN10Y
2024-06-19,4913.47,0.022429,18.58,0.03139231324004306,000819,有色金属,CNY,CN10Y
2024-06-20,4883.23,0.022445,18.53,0.03152154074473826,000819,有色金属,CNY,CN10Y
2024-06-21,4849.32,0.0225709999999999,18.4,0.03177682608695663,000819,有色金属,CNY,CN10Y
2024-06-24,4756.13,0.022451,18.1,0.032797618784530386,000819,有色金属,CNY,CN10Y
2024-06-25,4753.54,0.02235,18.09,0.0329291597567717,000819,有色金属,CNY,CN10Y
2024-06-26,4809.73,0.022225,18.21,0.03268988193300384,000819,有色金属,CNY,CN10Y
2024-06-27,4692.65,0.022081,17.78,0.03416196962879639,000819,有色金属,CNY,CN10Y
2024-06-28,4782.72,0.022058,18.2,0.03288705494505494,000819,有色金属,CNY,CN10Y
2024-07-01,4901.84,0.022486,18.66,0.03110456806002144,000819,有色金属,CNY,CN10Y
2024-07-02,4829.45,0.022369,18.38,0.0320379640914037,000819,有色金属,CNY,CN10Y
2024-07-03,4827.54,0.0224259999999999,18.38,0.0319809640914038,000819,有色金属,CNY,CN10Y
2024-07-04,4794.53,0.022502,18.34,0.03202362704471101,000819,有色金属,CNY,CN10Y
2024-07-05,4921.86,0.022754,18.85,0.03029639787798408,000819,有色金属,CNY,CN10Y
2024-07-08,4872.42,0.022904,18.68,0.03062919057815846,000819,有色金属,CNY,CN10Y
2024-07-09,4965.89,0.022698,19.04,0.029823008403361346,000819,有色金属,CNY,CN10Y
2024-07-10,4891.87,0.022707,18.68,0.03082619057815846,000819,有色金属,CNY,CN10Y
2024-07-11,5077.7,0.022648,19.33,0.029085057423693744,000819,有色金属,CNY,CN10Y
2024-07-12,4981.51,0.022604,18.93,0.030222201796090864,000819,有色金属,CNY,CN10Y
2024-07-15,5031.27,0.022541,19.17,0.029623840897235257,000819,有色金属,CNY,CN10Y
2024-07-16,5068.77,0.0226129999999999,19.35,0.02906658656330759,000819,有色金属,CNY,CN10Y
2024-07-17,4930.54,0.0225979999999999,18.77,0.03067850506126808,000819,有色金属,CNY,CN10Y
2024-07-18,4928.54,0.022673,18.76,0.030631904051172706,000819,有色金属,CNY,CN10Y
2024-07-19,4842.17,0.022614,18.39,0.0317633790103317,000819,有色金属,CNY,CN10Y
2024-07-22,4790.76,0.022461,18.16,0.03260507929515419,000819,有色金属,CNY,CN10Y
2024-07-23,4558.02,0.022322,17.25,0.03564901449275362,000819,有色金属,CNY,CN10Y
2024-07-24,4517.46,0.022381,17.11,0.03606435359438924,000819,有色金属,CNY,CN10Y
2024-07-25,4405.7,0.022168,16.57,0.038182030175015085,000819,有色金属,CNY,CN10Y
2024-07-26,4504.16,0.0219439999999999,16.94,0.03708787721369549,000819,有色金属,CNY,CN10Y
2024-07-29,4502.01,0.021574,17.0,0.03724952941176471,000819,有色金属,CNY,CN10Y
2024-07-30,4457.06,0.02148,16.82,0.03797303210463734,000819,有色金属,CNY,CN10Y
2024-07-31,4630.05,0.021494,17.48,0.03571423798627002,000819,有色金属,CNY,CN10Y
2024-08-01,4612.42,0.021297,17.44,0.036042449541284396,000819,有色金属,CNY,CN10Y
2024-08-02,4542.13,0.021277,17.12,0.03713421495327103,000819,有色金属,CNY,CN10Y
2024-08-05,4434.56,0.021376,16.71,0.038468404548174746,000819,有色金属,CNY,CN10Y
2024-08-06,4432.11,0.0214909999999999,16.65,0.03856906006006017,000819,有色金属,CNY,CN10Y
2024-08-07,4442.59,0.021414,16.72,0.03839461244019139,000819,有色金属,CNY,CN10Y
2024-08-08,4403.97,0.02181,16.56,0.0385764734299517,000819,有色金属,CNY,CN10Y
2024-08-09,4414.56,0.021986,16.63,0.03814629104028864,000819,有色金属,CNY,CN10Y
2024-08-12,4416.24,0.022508,16.64,0.03758815384615384,000819,有色金属,CNY,CN10Y
2024-08-13,4445.53,0.0222549999999999,16.76,0.037410871121718474,000819,有色金属,CNY,CN10Y
2024-08-14,4381.96,0.021966,16.53,0.038530067755595886,000819,有色金属,CNY,CN10Y
2024-08-15,4422.42,0.02205,16.7,0.037830239520958084,000819,有色金属,CNY,CN10Y
2024-08-16,4419.83,0.021978,16.73,0.03779486312014345,000819,有色金属,CNY,CN10Y
2024-08-19,4496.76,0.021816,17.06,0.0368006471277843,000819,有色金属,CNY,CN10Y
2024-08-20,4448.47,0.0217099999999999,16.87,0.03756682276230004,000819,有色金属,CNY,CN10Y
2024-08-21,4500.63,0.02167,17.04,0.03701544600938968,000819,有色金属,CNY,CN10Y
2024-08-22,4435.8,0.021582,16.86,0.03772998102016607,000819,有色金属,CNY,CN10Y
2024-08-23,4416.35,0.021547,16.81,0.0379413997620464,000819,有色金属,CNY,CN10Y
2024-08-26,4472.03,0.0216279999999999,17.0,0.03719552941176481,000819,有色金属,CNY,CN10Y
2024-08-27,4414.68,0.021903,16.79,0.03765626146515784,000819,有色金属,CNY,CN10Y
2024-08-28,4379.83,0.021673,16.62,0.03849547172081828,000819,有色金属,CNY,CN10Y
2024-08-29,4421.12,0.021703,16.76,0.037962871121718374,000819,有色金属,CNY,CN10Y
2024-08-30,4429.7,0.0217039999999999,16.79,0.03785526146515794,000819,有色金属,CNY,CN10Y
2024-09-02,4329.84,0.021457,14.99,0.045254140760507,000819,有色金属,CNY,CN10Y
2024-09-03,4350.39,0.021432,15.01,0.04519025183211193,000819,有色金属,CNY,CN10Y
2024-09-04,4252.53,0.021336,14.6,0.0471571506849315,000819,有色金属,CNY,CN10Y
2024-09-05,4251.51,0.021338,14.58,0.04724910562414267,000819,有色金属,CNY,CN10Y
2024-09-06,4222.65,0.0213879999999999,14.51,0.04752998759476234,000819,有色金属,CNY,CN10Y
2024-09-09,4140.96,0.021267,14.19,0.049205163495419306,000819,有色金属,CNY,CN10Y
2024-09-10,4134.47,0.021143,14.19,0.04932916349541931,000819,有色金属,CNY,CN10Y
2024-09-11,4181.95,0.021044,14.23,0.04923006886858749,000819,有色金属,CNY,CN10Y
2024-09-12,4173.74,0.020998,14.22,0.04932548804500703,000819,有色金属,CNY,CN10Y
2024-09-13,4158.41,0.020724,14.28,0.049304011204481794,000819,有色金属,CNY,CN10Y
2024-09-14,,0.020425,14.28,0.049603011204481795,000819,有色金属,CNY,CN10Y
2024-09-18,4192.78,0.0204029999999999,14.51,0.04851498759476234,000819,有色金属,CNY,CN10Y
2024-09-19,4319.14,0.02045,14.97,0.0463502672010688,000819,有色金属,CNY,CN10Y
2024-09-20,4377.19,0.0204309999999999,15.24,0.045185797900262566,000819,有色金属,CNY,CN10Y
2024-09-23,4371.89,0.020381,15.22,0.0453220223390276,000819,有色金属,CNY,CN10Y
2024-09-24,4544.52,0.020728,15.77,0.04268354090044389,000819,有色金属,CNY,CN10Y
2024-09-25,4595.51,0.0204369999999999,15.97,0.04218040763932383,000819,有色金属,CNY,CN10Y
2024-09-26,4767.94,0.020787,16.55,0.039635960725075525,000819,有色金属,CNY,CN10Y
2024-09-27,4963.64,0.021714,17.09,0.03679975073142189,000819,有色金属,CNY,CN10Y
2024-09-29,,0.022534,17.09,0.035979750731421886,000819,有色金属,CNY,CN10Y
2024-09-30,5337.67,0.021518,18.25,0.03327652054794521,000819,有色金属,CNY,CN10Y
2024-10-08,5448.85,0.021928,18.45,0.032272542005420055,000819,有色金属,CNY,CN10Y
2024-10-09,5003.25,0.02176,17.01,0.03702894767783656,000819,有色金属,CNY,CN10Y
2024-10-10,5086.26,0.0214409999999999,17.34,0.03622912687427922,000819,有色金属,CNY,CN10Y
2024-10-11,4985.15,0.021392,17.08,0.0371560093676815,000819,有色金属,CNY,CN10Y
2024-10-12,,0.0214409999999999,17.08,0.037107009367681604,000819,有色金属,CNY,CN10Y
2024-10-14,5141.54,0.021368,17.64,0.03532134240362811,000819,有色金属,CNY,CN10Y
2024-10-15,4957.65,0.021254,17.01,0.037534947677836564,000819,有色金属,CNY,CN10Y
2024-10-16,4999.29,0.021331,17.18,0.036876217694994176,000819,有色金属,CNY,CN10Y
2024-10-17,4923.96,0.021084,16.91,0.03805260555884092,000819,有色金属,CNY,CN10Y
2024-10-18,5035.97,0.021209,17.29,0.0366278999421631,000819,有色金属,CNY,CN10Y
2024-10-21,5165.01,0.021211,17.75,0.035127028169014085,000819,有色金属,CNY,CN10Y
2024-10-22,5205.0,0.0214579999999999,17.82,0.03465872278338955,000819,有色金属,CNY,CN10Y
2024-10-23,5211.45,0.021559,17.79,0.03465235469364812,000819,有色金属,CNY,CN10Y
2024-10-24,5131.83,0.021661,17.54,0.03535154275940707,000819,有色金属,CNY,CN10Y
2024-10-25,5161.58,0.021539,17.51,0.03557122272986864,000819,有色金属,CNY,CN10Y
2024-10-28,5198.34,0.021617,17.62,0.03513668898978434,000819,有色金属,CNY,CN10Y
2024-10-29,5120.19,0.021598,17.4,0.0358732643678161,000819,有色金属,CNY,CN10Y
2024-10-30,5066.94,0.0215969999999999,17.24,0.0364076403712298,000819,有色金属,CNY,CN10Y
2024-10-31,5048.06,0.021476,17.08,0.0370720093676815,000819,有色金属,CNY,CN10Y
2024-11-01,5205.37,0.021406,16.69,0.038510117435590165,000819,有色金属,CNY,CN10Y
2024-11-04,5237.42,0.021275,16.8,0.03824880952380952,000819,有色金属,CNY,CN10Y
2024-11-05,5402.95,0.021106,17.27,0.03679787955993052,000819,有色金属,CNY,CN10Y
2024-11-06,5446.07,0.021234,17.33,0.036469404500865554,000819,有色金属,CNY,CN10Y
2024-11-07,5436.54,0.021115,17.29,0.0367218999421631,000819,有色金属,CNY,CN10Y
2024-11-08,5373.03,0.021067,17.11,0.03737835359438925,000819,有色金属,CNY,CN10Y
2024-11-11,5395.97,0.02092,16.98,0.037972815076560654,000819,有色金属,CNY,CN10Y
2024-11-12,5320.81,0.020729,16.61,0.039475695966285376,000819,有色金属,CNY,CN10Y
2024-11-13,5363.93,0.020876,16.69,0.03904011743559017,000819,有色金属,CNY,CN10Y
2024-11-14,5186.54,0.020808,16.23,0.040806294516327786,000819,有色金属,CNY,CN10Y
2024-11-15,5095.25,0.020948,16.06,0.04131850062266501,000819,有色金属,CNY,CN10Y
2024-11-18,5000.14,0.021117,15.82,0.04209412515802781,000819,有色金属,CNY,CN10Y
2024-11-19,5173.09,0.020947,16.24,0.04062935467980296,000819,有色金属,CNY,CN10Y
2024-11-20,5195.42,0.021025,16.26,0.04047561500615006,000819,有色金属,CNY,CN10Y
2024-11-21,5214.1,0.0208429999999999,16.34,0.04035651040391687,000819,有色金属,CNY,CN10Y
2024-11-22,5075.05,0.020832,15.89,0.04210066205160477,000819,有色金属,CNY,CN10Y
2024-11-25,5054.44,0.020682,15.77,0.04272954090044389,000819,有色金属,CNY,CN10Y
2024-11-26,4980.14,0.020657,15.63,0.043322526551503523,000819,有色金属,CNY,CN10Y
2024-11-27,5030.75,0.020553,15.78,0.04281835614702155,000819,有色金属,CNY,CN10Y
2024-11-28,4957.92,0.020304,15.56,0.04396335218508997,000819,有色金属,CNY,CN10Y
2024-11-29,5021.98,0.020206,15.75,0.04328606349206349,000819,有色金属,CNY,CN10Y
2024-12-02,5067.19,0.01981,15.87,0.04320197227473221,000819,有色金属,CNY,CN10Y
2024-12-03,5065.35,0.019886,15.88,0.04308629219143577,000819,有色金属,CNY,CN10Y
2024-12-04,5069.88,0.019612,15.95,0.043083924764890286,000819,有色金属,CNY,CN10Y
2024-12-05,5032.85,0.019462,15.8,0.04382913924050632,000819,有色金属,CNY,CN10Y
2024-12-06,5075.83,0.019539,15.93,0.04323563904582549,000819,有色金属,CNY,CN10Y
2024-12-09,5083.39,0.019168,16.01,0.04329296189881324,000819,有色金属,CNY,CN10Y
2024-12-10,5094.68,0.018468,16.08,0.04372105472636817,000819,有色金属,CNY,CN10Y
2024-12-11,5161.97,0.018218,16.31,0.04309407847946045,000819,有色金属,CNY,CN10Y
2024-12-12,5195.44,0.018172,16.39,0.04284081269066504,000819,有色金属,CNY,CN10Y
2024-12-13,5037.62,0.017771,15.88,0.045201292191435774,000819,有色金属,CNY,CN10Y
2024-12-16,4964.34,0.017215,15.44,0.04755183937823835,000819,有色金属,CNY,CN10Y
2024-12-17,4932.69,0.017237,15.37,0.047824808718282374,000819,有色金属,CNY,CN10Y
2024-12-18,4911.22,0.017564,15.3,0.047795477124183014,000819,有色金属,CNY,CN10Y
2024-12-19,4887.82,0.017417,15.23,0.04824288181221273,000819,有色金属,CNY,CN10Y
2024-12-20,4854.2,0.017018,15.07,0.049339000663570005,000819,有色金属,CNY,CN10Y
2024-12-23,4842.6,0.017019,15.11,0.049162336863004634,000819,有色金属,CNY,CN10Y
2024-12-24,4889.81,0.017166,15.24,0.048450797900262466,000819,有色金属,CNY,CN10Y
2024-12-25,4835.87,0.017365,15.1,0.048860165562913914,000819,有色金属,CNY,CN10Y
2024-12-26,4856.49,0.017122,15.16,0.04884106068601583,000819,有色金属,CNY,CN10Y
2024-12-27,4828.46,0.016929,15.05,0.04951618272425248,000819,有色金属,CNY,CN10Y
2024-12-30,4855.82,0.017128,15.13,0.04896585327164572,000819,有色金属,CNY,CN10Y
2024-12-31,4730.86,0.016752,14.76,0.05099867750677507,000819,有色金属,CNY,CN10Y
2025-01-02,4691.67,0.0160769999999999,14.68,0.0520428910081745,000819,有色金属,CNY,CN10Y
2025-01-03,4723.48,0.016041,14.86,0.05125375100942127,000819,有色金属,CNY,CN10Y
2025-01-06,4765.65,0.015966,14.95,0.05092363210702341,000819,有色金属,CNY,CN10Y
2025-01-07,4863.11,0.016093,15.27,0.049394884741322864,000819,有色金属,CNY,CN10Y
2025-01-08,4789.19,0.016069,15.06,0.05033206241699867,000819,有色金属,CNY,CN10Y
2025-01-09,4819.63,0.016368,15.16,0.04959506068601583,000819,有色金属,CNY,CN10Y
2025-01-10,4806.62,0.016338,15.18,0.04953815283267458,000819,有色金属,CNY,CN10Y
2025-01-13,4909.48,0.016592,15.46,0.0480910530401035,000819,有色金属,CNY,CN10Y
2025-01-14,4980.83,0.016446,15.65,0.047451763578274755,000819,有色金属,CNY,CN10Y
2025-01-15,4919.27,0.01633,15.39,0.0486472579597141,000819,有色金属,CNY,CN10Y
2025-01-16,5011.17,0.016394,15.72,0.04721923155216285,000819,有色金属,CNY,CN10Y
2025-01-17,5039.54,0.016593,15.81,0.04665810689437065,000819,有色金属,CNY,CN10Y
2025-01-20,4999.54,0.016747,15.7,0.04694726751592357,000819,有色金属,CNY,CN10Y
2025-01-21,4972.37,0.016496,15.64,0.04744261892583121,000819,有色金属,CNY,CN10Y
2025-01-22,4973.36,0.016602,15.67,0.04721420931716656,000819,有色金属,CNY,CN10Y
2025-01-23,4932.05,0.016645,15.56,0.04762235218508997,000819,有色金属,CNY,CN10Y
2025-01-24,4985.06,0.016565,15.75,0.04692706349206349,000819,有色金属,CNY,CN10Y
2025-01-26,,0.016537,15.75,0.04695506349206349,000819,有色金属,CNY,CN10Y
2025-01-27,4966.34,0.0162989999999999,15.73,0.04727379084551822,000819,有色金属,CNY,CN10Y
2025-02-05,5025.06,0.016207,15.91,0.04664655122564425,000819,有色金属,CNY,CN10Y
2025-02-06,5082.0,0.015958,16.0,0.046542,000819,有色金属,CNY,CN10Y
2025-02-07,5142.78,0.016032,16.21,0.04565831462060456,000819,有色金属,CNY,CN10Y
2025-02-08,,0.016057,16.21,0.04563331462060456,000819,有色金属,CNY,CN10Y
2025-02-10,5162.24,0.016342,16.28,0.045083061425061424,000819,有色金属,CNY,CN10Y
2025-02-11,5162.9,0.016274,16.35,0.04488807951070335,000819,有色金属,CNY,CN10Y
2025-02-12,5127.75,0.016336,16.14,0.045621868649318456,000819,有色金属,CNY,CN10Y
2025-02-13,5096.27,0.016346,16.07,0.04588175357809583,000819,有色金属,CNY,CN10Y
2025-02-14,5133.53,0.016546,16.19,0.04522052254478072,000819,有色金属,CNY,CN10Y
2025-02-17,5014.88,0.016934,15.78,0.04643735614702155,000819,有色金属,CNY,CN10Y
2025-02-18,4975.74,0.017006,15.66,0.04685096040868455,000819,有色金属,CNY,CN10Y
2025-02-19,5016.48,0.016626,15.76,0.04682577664974619,000819,有色金属,CNY,CN10Y
2025-02-20,5038.1,0.01685,15.83,0.04632119393556537,000819,有色金属,CNY,CN10Y
2025-02-21,5019.2,0.0172,15.74,0.04633240152477764,000819,有色金属,CNY,CN10Y
2025-02-24,5016.95,0.017625,15.74,0.04590740152477764,000819,有色金属,CNY,CN10Y
2025-02-25,4954.73,0.017275,15.51,0.04719953255963895,000819,有色金属,CNY,CN10Y
2025-02-26,4980.23,0.017251,15.59,0.04689268184733804,000819,有色金属,CNY,CN10Y
2025-02-27,4953.9,0.017576,15.46,0.04710705304010349,000819,有色金属,CNY,CN10Y
2025-02-28,4875.92,0.017152,15.21,0.048594219592373436,000819,有色金属,CNY,CN10Y
2025-03-03,4990.25,0.016955,15.52,0.04747798969072166,000819,有色金属,CNY,CN10Y
2025-03-04,5019.11,0.017079,15.66,0.04677796040868455,000819,有色金属,CNY,CN10Y
2025-03-05,5061.36,0.017083,15.82,0.046128125158027805,000819,有色金属,CNY,CN10Y
2025-03-06,5132.79,0.017455,16.05,0.044850295950155765,000819,有色金属,CNY,CN10Y
2025-03-07,5200.95,0.018002,16.29,0.04338535420503377,000819,有色金属,CNY,CN10Y
2025-03-10,5262.55,0.018128,16.54,0.042331492140266026,000819,有色金属,CNY,CN10Y
2025-03-11,5291.65,0.0188529999999999,16.59,0.04142427546714898,000819,有色金属,CNY,CN10Y
2025-03-12,5295.61,0.018334,16.66,0.04169000960384153,000819,有色金属,CNY,CN10Y
2025-03-13,5323.93,0.018565,16.78,0.041029755661501785,000819,有色金属,CNY,CN10Y
2025-03-14,5390.54,0.018317,17.0,0.040506529411764705,000819,有色金属,CNY,CN10Y
2025-03-17,5338.23,0.0189569999999999,16.81,0.040531399762046505,000819,有色金属,CNY,CN10Y
2025-03-18,5412.39,0.018885,17.09,0.039628750731421886,000819,有色金属,CNY,CN10Y
2025-03-19,5416.81,0.018708,17.13,0.03966911617046118,000819,有色金属,CNY,CN10Y
2025-03-20,5401.03,0.018309,17.11,0.040136353594389246,000819,有色金属,CNY,CN10Y
2025-03-21,5273.03,0.018458,16.7,0.04142223952095808,000819,有色金属,CNY,CN10Y
2025-03-24,5361.39,0.018413,17.04,0.04027244600938967,000819,有色金属,CNY,CN10Y
2025-03-25,5382.7,0.018183,17.15,0.04012603790087464,000819,有色金属,CNY,CN10Y
2025-03-26,5353.28,0.017943,17.02,0.04081140658049354,000819,有色金属,CNY,CN10Y
2025-03-27,5298.61,0.018062,16.83,0.04135570647653001,000819,有色金属,CNY,CN10Y
2025-03-28,5297.95,0.018126,16.84,0.04125642280285036,000819,有色金属,CNY,CN10Y
2025-03-31,5254.78,0.018129,16.72,0.041679612440191395,000819,有色金属,CNY,CN10Y
2025-04-01,5266.49,0.018104,16.74,0.041633156511350064,000819,有色金属,CNY,CN10Y
2025-04-02,5212.9,0.017887,16.53,0.042609067755595885,000819,有色金属,CNY,CN10Y
2025-04-03,5135.93,0.01718,16.24,0.04439635467980296,000819,有色金属,CNY,CN10Y
2025-04-07,4712.11,0.016318,14.85,0.05102206734006734,000819,有色金属,CNY,CN10Y
2025-04-08,4696.07,0.016633,14.83,0.05079788334457182,000819,有色金属,CNY,CN10Y
2025-04-09,4755.7,0.016508,15.0,0.05015866666666667,000819,有色金属,CNY,CN10Y
2025-04-10,4922.95,0.016444,15.59,0.04769968184733804,000819,有色金属,CNY,CN10Y
2025-04-11,4968.43,0.016568,15.76,0.04688377664974619,000819,有色金属,CNY,CN10Y
2025-04-14,5081.07,0.016584,16.15,0.045335504643962854,000819,有色金属,CNY,CN10Y
2025-04-15,5048.15,0.016583,16.05,0.04572229595015576,000819,有色金属,CNY,CN10Y
2025-04-16,5047.33,0.01643,16.04,0.04591413965087282,000819,有色金属,CNY,CN10Y
2025-04-17,5017.08,0.016522,15.98,0.0460562227784731,000819,有色金属,CNY,CN10Y
2025-04-18,5003.83,0.016493,15.94,0.046242257214554584,000819,有色金属,CNY,CN10Y
2025-04-21,5191.3,0.016664,16.58,0.04364963088057902,000819,有色金属,CNY,CN10Y
2025-04-22,5171.05,0.016509,16.55,0.04391396072507553,000819,有色金属,CNY,CN10Y
2025-04-23,5094.8,0.016611,16.26,0.04488961500615005,000819,有色金属,CNY,CN10Y
2025-04-24,5065.06,0.01664,16.14,0.04531786864931846,000819,有色金属,CNY,CN10Y
2025-04-25,5074.69,0.016606,16.18,0.045198697156983936,000819,有色金属,CNY,CN10Y
2025-04-27,,0.016607,16.18,0.045197697156983935,000819,有色金属,CNY,CN10Y
2025-04-28,5056.02,0.016483,16.14,0.04547486864931846,000819,有色金属,CNY,CN10Y
2025-04-29,5045.91,0.016241,16.09,0.04590940397762586,000819,有色金属,CNY,CN10Y
2025-04-30,5033.8,0.016243,16.04,0.04610113965087282,000819,有色金属,CNY,CN10Y
2025-05-06,5150.88,0.016298,15.25,0.04927577049180328,000819,有色金属,CNY,CN10Y
2025-05-07,5166.17,0.016418,15.33,0.048813572080887144,000819,有色金属,CNY,CN10Y
2025-05-08,5127.96,0.016331,15.18,0.04954515283267458,000819,有色金属,CNY,CN10Y
2025-05-09,5113.08,0.016351,15.13,0.04974285327164572,000819,有色金属,CNY,CN10Y
2025-05-12,5155.64,0.01688,15.24,0.04873679790026247,000819,有色金属,CNY,CN10Y
2025-05-13,5170.02,0.016704,15.28,0.048741026178010474,000819,有色金属,CNY,CN10Y
2025-05-14,5214.17,0.016736,15.4,0.04819906493506493,000819,有色金属,CNY,CN10Y
2025-05-15,5150.7,0.016798,15.21,0.048948219592373436,000819,有色金属,CNY,CN10Y
2025-05-16,5141.18,0.016793,15.2,0.04899647368421052,000819,有色金属,CNY,CN10Y
2025-05-19,5113.47,0.016893,15.12,0.04924456613756615,000819,有色金属,CNY,CN10Y
2025-05-20,5133.9,0.017004,15.18,0.04887215283267458,000819,有色金属,CNY,CN10Y
2025-05-21,5245.78,0.0171,15.56,0.04716735218508997,000819,有色金属,CNY,CN10Y
2025-05-22,5186.98,0.017186,15.4,0.04774906493506493,000819,有色金属,CNY,CN10Y
2025-05-23,5191.14,0.017208,15.39,0.047769257959714095,000819,有色金属,CNY,CN10Y
2025-05-26,5201.33,0.017201,15.46,0.04748205304010349,000819,有色金属,CNY,CN10Y
2025-05-27,5099.27,0.017261,15.11,0.048920336863004635,000819,有色金属,CNY,CN10Y
2025-05-28,5099.71,0.016832,15.15,0.049174600660066,000819,有色金属,CNY,CN10Y
2025-05-29,5117.34,0.016877,15.18,0.04899915283267457,000819,有色金属,CNY,CN10Y
2025-05-30,5077.73,0.016712,15.08,0.04960099734748011,000819,有色金属,CNY,CN10Y
2025-06-03,5142.65,0.0167639999999999,15.28,0.04868102617801057,000819,有色金属,CNY,CN10Y
2025-06-04,5210.67,0.016704,15.44,0.04806283937823835,000819,有色金属,CNY,CN10Y
2025-06-05,5188.72,0.016741,15.36,0.04836316666666667,000819,有色金属,CNY,CN10Y
2025-06-06,5247.58,0.016547,15.57,0.04767907578676942,000819,有色金属,CNY,CN10Y
2025-06-09,5265.34,0.016559,15.59,0.04758468184733804,000819,有色金属,CNY,CN10Y
2025-06-10,5266.82,0.016569,15.62,0.04745148655569782,000819,有色金属,CNY,CN10Y
2025-06-11,5373.01,0.01642,15.93,0.046354639045825485,000819,有色金属,CNY,CN10Y
2025-06-12,5432.97,0.016475,16.17,0.04536791898577612,000819,有色金属,CNY,CN10Y
2025-06-13,5423.58,0.01644,16.1,0.04567180124223602,000819,有色金属,CNY,CN10Y
2025-06-16,5400.92,0.016432,16.05,0.04587329595015577,000819,有色金属,CNY,CN10Y
2025-06-17,5401.75,0.016364,16.05,0.04594129595015577,000819,有色金属,CNY,CN10Y
2025-06-18,5384.8,0.016384,16.01,0.04607696189881323,000819,有色金属,CNY,CN10Y
2025-06-19,5297.86,0.016425,15.73,0.04714779084551812,000819,有色金属,CNY,CN10Y
2025-06-20,5262.3,0.016396,15.65,0.04750176357827476,000819,有色金属,CNY,CN10Y
2025-06-23,5304.68,0.016418,15.75,0.047074063492063487,000819,有色金属,CNY,CN10Y
2025-06-24,5335.32,0.0164799999999999,15.82,0.04673112515802791,000819,有色金属,CNY,CN10Y
2025-06-25,5376.72,0.016544,15.97,0.04607340763932373,000819,有色金属,CNY,CN10Y
2025-06-26,5389.21,0.016462,16.01,0.04599896189881324,000819,有色金属,CNY,CN10Y
2025-06-27,5490.05,0.016462,16.36,0.04466269437652812,000819,有色金属,CNY,CN10Y
2025-06-30,5489.17,0.016469,16.35,0.04469307951070335,000819,有色金属,CNY,CN10Y
2025-07-01,5571.25,0.016433,16.63,0.043699291040288635,000819,有色金属,CNY,CN10Y
2025-07-02,5621.46,0.016396,16.78,0.04319875566150178,000819,有色金属,CNY,CN10Y
2025-07-03,5631.39,0.016407,16.78,0.04318775566150178,000819,有色金属,CNY,CN10Y
2025-07-04,5546.86,0.016433,16.55,0.04398996072507552,000819,有色金属,CNY,CN10Y
2025-07-07,5497.78,0.016406,16.39,0.044606812690665035,000819,有色金属,CNY,CN10Y
2025-07-08,5556.51,0.016444,16.52,0.04408868765133172,000819,有色金属,CNY,CN10Y
2025-07-09,5441.97,0.016446,16.12,0.04558873945409429,000819,有色金属,CNY,CN10Y
2025-07-10,5516.78,0.016616,16.3,0.04473369325153374,000819,有色金属,CNY,CN10Y
2025-07-11,5618.3,0.016653,16.58,0.04366063088057902,000819,有色金属,CNY,CN10Y
2025-07-14,5649.06,0.016726,16.66,0.04329800960384153,000819,有色金属,CNY,CN10Y
2025-07-15,5588.76,0.016557,16.52,0.043975687651331724,000819,有色金属,CNY,CN10Y
2025-07-16,5569.55,0.016617,16.49,0.04402581382656156,000819,有色金属,CNY,CN10Y
2025-07-17,5591.9,0.01663,16.51,0.04393935190793458,000819,有色金属,CNY,CN10Y
2025-07-18,5730.54,0.016652,16.86,0.04265998102016608,000819,有色金属,CNY,CN10Y
2025-07-21,5890.06,0.016774,17.34,0.040896126874279126,000819,有色金属,CNY,CN10Y
2025-07-22,6022.62,0.016907,17.76,0.0393993063063063,000819,有色金属,CNY,CN10Y
2025-07-23,6008.01,0.017041,17.72,0.03939240857787811,000819,有色金属,CNY,CN10Y
2025-07-24,6199.75,0.017376,18.15,0.03772041873278237,000819,有色金属,CNY,CN10Y
2025-07-25,6199.13,0.017324,18.08,0.03798573451327434,000819,有色金属,CNY,CN10Y
2025-07-28,6169.23,0.0171459999999999,18.0,0.038409555555555655,000819,有色金属,CNY,CN10Y
2025-07-29,6159.27,0.017466,17.97,0.03818230272676684,000819,有色金属,CNY,CN10Y
2025-07-30,6124.56,0.01718,17.92,0.038623571428571424,000819,有色金属,CNY,CN10Y
2025-07-31,5912.82,0.017044,17.31,0.04072607510109763,000819,有色金属,CNY,CN10Y
2025-08-01,5892.22,0.017059,17.27,0.04084487955993052,000819,有色金属,CNY,CN10Y
2025-08-04,5994.0,0.017083,17.62,0.03967068898978433,000819,有色金属,CNY,CN10Y
2025-08-05,6020.87,0.017061,17.71,0.0394042738565782,000819,有色金属,CNY,CN10Y
2025-08-06,6092.12,0.016999,17.94,0.03874236008918617,000819,有色金属,CNY,CN10Y
2025-08-07,6170.61,0.016894,18.12,0.03829363796909492,000819,有色金属,CNY,CN10Y
2025-08-08,6245.3,0.016891,18.31,0.037723964500273086,000819,有色金属,CNY,CN10Y
2025-08-11,6272.5,0.017203,18.24,0.03762156140350878,000819,有色金属,CNY,CN10Y
2025-08-12,6248.48,0.017271,18.2,0.03767405494505494,000819,有色金属,CNY,CN10Y
2025-08-13,6378.82,0.017262,18.69,0.03624254788657035,000819,有色金属,CNY,CN10Y
2025-08-14,6321.81,0.017341,18.59,0.03645136148466918,000819,有色金属,CNY,CN10Y
2025-08-15,6460.95,0.0174649999999999,18.99,0.03519429436545561,000819,有色金属,CNY,CN10Y
2025-08-18,6486.52,0.017872,18.96,0.03487061603375527,000819,有色金属,CNY,CN10Y
2025-08-19,6462.25,0.017725,18.87,0.03526917064122946,000819,有色金属,CNY,CN10Y
2025-08-20,6520.59,0.01782,19.09,0.03456344683080147,000819,有色金属,CNY,CN10Y
2025-08-21,6497.76,0.017667,19.05,0.03482643832020997,000819,有色金属,CNY,CN10Y
2025-08-22,6580.17,0.017818,19.26,0.03410307995846313,000819,有色金属,CNY,CN10Y
2025-08-25,6903.49,0.017643,20.3,0.03161808374384236,000819,有色金属,CNY,CN10Y
2025-08-26,6870.37,0.017598,20.25,0.03178471604938271,000819,有色金属,CNY,CN10Y
2025-08-27,6817.82,0.017988,20.11,0.03173850422675285,000819,有色金属,CNY,CN10Y
2025-08-28,6927.94,0.018478,20.41,0.03051759039686428,000819,有色金属,CNY,CN10Y
2025-08-29,7116.63,0.018379,20.95,0.0293536968973747,000819,有色金属,CNY,CN10Y
2025-09-01,7358.72,0.018257,20.9,0.02958988995215311,000819,有色金属,CNY,CN10Y
2025-09-02,7273.56,0.018167,20.74,0.030049007714561236,000819,有色金属,CNY,CN10Y
2025-09-03,7228.09,0.017984,20.63,0.030489097430925836,000819,有色金属,CNY,CN10Y
2025-09-04,6937.51,0.01806,19.72,0.03264993914807303,000819,有色金属,CNY,CN10Y
2025-09-05,7240.62,0.01826,20.53,0.03044920603994155,000819,有色金属,CNY,CN10Y
2025-09-08,7233.47,0.018514,20.35,0.030626049140049138,000819,有色金属,CNY,CN10Y
2025-09-09,7296.63,0.018641,20.56,0.029997132295719844,000819,有色金属,CNY,CN10Y
2025-09-10,7212.16,0.018992,20.4,0.030027607843137263,000819,有色金属,CNY,CN10Y
2025-09-11,7341.07,0.018743,20.82,0.02928773967339097,000819,有色金属,CNY,CN10Y
2025-09-12,7514.75,0.01867,21.3,0.028278356807511736,000819,有色金属,CNY,CN10Y
2025-09-15,7464.14,0.018724,21.1,0.028669364928909948,000819,有色金属,CNY,CN10Y
2025-09-16,7366.11,0.018527,20.82,0.029503739673390973,000819,有色金属,CNY,CN10Y
2025-09-17,7381.73,0.018349,20.82,0.02968173967339097,000819,有色金属,CNY,CN10Y
2025-09-18,7106.05,0.018546,20.07,0.03127961036372696,000819,有色金属,CNY,CN10Y
2025-09-19,7195.21,0.018789,20.26,0.030569341559723587,000819,有色金属,CNY,CN10Y
2025-09-22,7270.09,0.018647,20.5,0.03013348780487805,000819,有色金属,CNY,CN10Y
2025-09-23,7208.88,0.01877,20.37,0.030321801669121257,000819,有色金属,CNY,CN10Y
2025-09-24,7311.21,0.0190219999999999,20.61,0.029498135856380496,000819,有色金属,CNY,CN10Y
2025-09-25,7444.12,0.01884,21.09,0.0285758368895211,000819,有色金属,CNY,CN10Y
2025-09-26,7451.21,0.018768,21.13,0.028558076668244205,000819,有色金属,CNY,CN10Y
2025-09-28,,0.018781,21.13,0.028545076668244206,000819,有色金属,CNY,CN10Y
2025-09-29,7733.66,0.01887,21.93,0.026729635202918375,000819,有色金属,CNY,CN10Y
2025-09-30,8011.26,0.018605,22.69,0.025467278536800347,000819,有色金属,CNY,CN10Y
2025-10-09,8664.22,0.018466,24.56,0.022250612377850167,000819,有色金属,CNY,CN10Y
2025-10-10,8422.52,0.01846,23.88,0.023416046901172532,000819,有色金属,CNY,CN10Y
2025-10-11,,0.018206,23.88,0.023670046901172533,000819,有色金属,CNY,CN10Y
2025-10-13,8735.79,0.018383,24.58,0.022300482506102528,000819,有色金属,CNY,CN10Y
2025-10-14,8404.18,0.018368,23.57,0.02405881374628765,000819,有色金属,CNY,CN10Y
2025-10-15,8475.59,0.018449,23.92,0.023357020066889632,000819,有色金属,CNY,CN10Y
2025-10-16,8287.38,0.018407,23.33,0.024456266180882986,000819,有色金属,CNY,CN10Y
2025-10-17,8124.19,0.018246,22.88,0.025460293706293713,000819,有色金属,CNY,CN10Y
2025-10-20,8003.66,0.018498,22.6,0.025749787610619468,000819,有色金属,CNY,CN10Y
2025-10-21,8124.61,0.018357,22.95,0.025215984749455342,000819,有色金属,CNY,CN10Y
2025-10-22,8021.16,0.018293,22.66,0.025837626654898502,000819,有色金属,CNY,CN10Y
2025-10-23,8114.06,0.018391,22.86,0.025353531933508314,000819,有色金属,CNY,CN10Y
2025-10-24,8251.67,0.018486,23.29,0.024450882782310005,000819,有色金属,CNY,CN10Y
2025-10-27,8452.77,0.018423,23.88,0.023453046901172534,000819,有色金属,CNY,CN10Y
2025-10-28,8182.02,0.018179,23.12,0.02507359515570934,000819,有色金属,CNY,CN10Y
2025-10-29,8555.4,0.018208,24.16,0.023182728476821197,000819,有色金属,CNY,CN10Y
2025-10-30,8656.35,0.018098,24.3,0.023054263374485597,000819,有色金属,CNY,CN10Y
2025-10-31,8451.84,0.017954,23.74,0.024168999157540016,000819,有色金属,CNY,CN10Y
2025-11-03,8341.43,0.017944,23.38,0.0248275996578272,000819,有色金属,CNY,CN10Y
2025-11-04,8074.17,0.017984,22.61,0.026244217602830605,000819,有色金属,CNY,CN10Y
2025-11-05,8113.03,0.017964,22.73,0.026030720633523977,000819,有色金属,CNY,CN10Y
2025-11-06,8371.91,0.0181,23.45,0.024543923240938164,000819,有色金属,CNY,CN10Y
2025-11-07,8433.69,0.018142,23.58,0.02426682103477524,000819,有色金属,CNY,CN10Y
2025-11-10,8475.07,0.018139,23.67,0.024108570764681026,000819,有色金属,CNY,CN10Y
2025-11-11,8357.43,0.018119,23.36,0.02468921917808219,000819,有色金属,CNY,CN10Y
2025-11-12,8358.63,0.018071,23.38,0.024700599657827203,000819,有色金属,CNY,CN10Y
2025-11-13,8702.82,0.018126,24.25,0.023111113402061855,000819,有色金属,CNY,CN10Y
2025-11-14,8528.09,0.01814,23.8,0.023876806722689072,000819,有色金属,CNY,CN10Y
2025-11-17,8500.39,0.018109,23.43,0.024571324370465213,000819,有色金属,CNY,CN10Y
2025-11-18,8255.12,0.018121,22.8,0.025738649122807013,000819,有色金属,CNY,CN10Y
2025-11-19,8485.46,0.018179,23.39,0.02457431338178709,000819,有色金属,CNY,CN10Y
2025-11-20,8454.18,0.018135,23.29,0.024801882782310006,000819,有色金属,CNY,CN10Y
2025-11-21,8005.25,0.018166,22.23,0.0268182555105713,000819,有色金属,CNY,CN10Y
2025-11-24,7932.83,0.01821,22.21,0.02681476361999099,000819,有色金属,CNY,CN10Y
2025-11-25,8119.59,0.018301,22.71,0.025732465433729628,000819,有色金属,CNY,CN10Y
2025-11-26,8112.41,0.018462,22.68,0.025629710758377423,000819,有色金属,CNY,CN10Y
2025-11-27,8132.39,0.0185369999999999,22.75,0.02541904395604406,000819,有色金属,CNY,CN10Y
2025-11-28,8265.75,0.0184119999999999,23.04,0.024990777777777876,000819,有色金属,CNY,CN10Y
2025-12-01,8517.87,0.018366,23.88,0.023510046901172532,000819,有色金属,CNY,CN10Y
2025-12-02,8395.88,0.018442,23.59,0.023948843577787197,000819,有色金属,CNY,CN10Y
2025-12-03,8447.91,0.018519,23.83,0.023444911036508607,000819,有色金属,CNY,CN10Y
2025-12-04,8476.95,0.018718,23.99,0.022966035014589416,000819,有色金属,CNY,CN10Y
2025-12-05,8689.03,0.01848,24.65,0.022087951318458417,000819,有色金属,CNY,CN10Y
2025-12-08,8750.46,0.018499,24.76,0.021888722132471727,000819,有色金属,CNY,CN10Y
2025-12-09,8472.4,0.018425,23.91,0.02339850480970305,000819,有色金属,CNY,CN10Y
2025-12-10,8553.91,0.018447,24.11,0.023029565740356698,000819,有色金属,CNY,CN10Y
2025-12-11,8489.62,0.018404,23.96,0.023332227045075125,000819,有色金属,CNY,CN10Y
2025-12-12,8593.43,0.018396,24.37,0.02263805826836274,000819,有色金属,CNY,CN10Y
2025-12-15,8542.18,0.018488,24.55,0.022245197556008147,000819,有色金属,CNY,CN10Y
2025-12-16,8317.68,0.018458,23.87,0.023435590280687053,000819,有色金属,CNY,CN10Y
2025-12-17,8596.19,0.01834,24.6,0.02231040650406504,000819,有色金属,CNY,CN10Y
2025-12-18,8577.96,0.0183559999999999,22.69,0.025716278536800447,000819,有色金属,CNY,CN10Y
2025-12-19,8758.9,0.018308,23.14,0.024907211754537594,000819,有色金属,CNY,CN10Y
2025-12-22,8955.91,0.018415,23.72,0.02374351602023609,000819,有色金属,CNY,CN10Y
2025-12-23,9009.76,0.018352,23.81,0.023647160016799666,000819,有色金属,CNY,CN10Y
2025-12-24,9047.29,0.0183559999999999,23.89,0.023502518208455517,000819,有色金属,CNY,CN10Y
2025-12-25,8962.07,0.018386,23.69,0.023825903756859432,000819,有色金属,CNY,CN10Y
2025-12-26,9309.86,0.018376,24.65,0.022191951318458417,000819,有色金属,CNY,CN10Y
2025-12-29,9100.38,0.018584,24.11,0.0228925657403567,000819,有色金属,CNY,CN10Y
2025-12-30,9255.89,0.018582,24.55,0.022151197556008147,000819,有色金属,CNY,CN10Y
2025-12-31,9342.49,0.018473,24.9,0.021687642570281124,000819,有色金属,CNY,CN10Y
2026-01-04,,0.018427,24.9,0.021733642570281125,000819,有色金属,CNY,CN10Y
2026-01-05,9597.61,0.018584,25.58,0.02050904143862393,000819,有色金属,CNY,CN10Y
2026-01-06,9990.76,0.018829,26.68,0.018652259370314846,000819,有色金属,CNY,CN10Y
2026-01-07,10049.22,0.0190189999999999,26.75,0.018364177570093555,000819,有色金属,CNY,CN10Y
2026-01-08,9845.05,0.018905,26.25,0.019190238095238097,000819,有色金属,CNY,CN10Y
2026-01-09,10131.18,0.018782,27.08,0.018145621861152143,000819,有色金属,CNY,CN10Y
2026-01-12,10244.24,0.018585,27.26,0.018098785766691123,000819,有色金属,CNY,CN10Y
2026-01-13,10375.11,0.018519,27.63,0.017673544335866813,000819,有色金属,CNY,CN10Y
2026-01-14,10432.47,0.018494,27.88,0.017374005738880916,000819,有色金属,CNY,CN10Y
2026-01-15,10628.86,0.018544,28.32,0.016766734463276835,000819,有色金属,CNY,CN10Y
2026-01-16,10530.11,0.018424,28.08,0.017188535612535614,000819,有色金属,CNY,CN10Y
2026-01-19,10554.92,0.018393,28.14,0.0171436027007818,000819,有色金属,CNY,CN10Y
2026-01-20,10595.49,0.018326,28.23,0.017097308537017356,000819,有色金属,CNY,CN10Y
2026-01-21,10901.69,0.018312,29.03,0.016135123665173955,000819,有色金属,CNY,CN10Y
2026-01-22,10816.59,0.018425,28.8,0.016297222222222223,000819,有色金属,CNY,CN10Y
2026-01-23,11107.73,0.018298,29.44,0.015669391304347826,000819,有色金属,CNY,CN10Y
2026-01-26,11680.36,0.018242,31.13,0.013881353678123994,000819,有色金属,CNY,CN10Y
2026-01-27,11575.57,0.018311,30.98,0.013967889606197548,000819,有色金属,CNY,CN10Y
2026-01-28,12311.47,0.018164,33.0,0.012139030303030304,000819,有色金属,CNY,CN10Y
2026-01-29,12560.05,0.018174,33.78,0.011429315571343992,000819,有色金属,CNY,CN10Y
2026-01-30,11525.63,0.018112,31.0,0.014146064516129032,000819,有色金属,CNY,CN10Y
2026-02-02,10615.72,0.0182,28.46,0.016937034434293743,000819,有色金属,CNY,CN10Y
2026-02-03,10940.59,0.018172,29.38,0.015864759700476516,000819,有色金属,CNY,CN10Y
2026-02-04,10964.1,0.018193,29.48,0.015728302578018993,000819,有色金属,CNY,CN10Y
2026-02-05,10424.14,0.018169,28.05,0.017481623885918004,000819,有色金属,CNY,CN10Y
2026-02-06,10463.08,0.018102,28.09,0.0174978576005696,000819,有色金属,CNY,CN10Y
2026-02-09,10674.91,0.0181139999999999,28.71,0.016717069313828034,000819,有色金属,CNY,CN10Y
2026-02-10,10665.11,0.018094,28.7,0.01674920557491289,000819,有色金属,CNY,CN10Y
2026-02-11,10953.33,0.017994,29.47,0.015938813030200203,000819,有色金属,CNY,CN10Y
2026-02-12,11026.93,0.017893,29.66,0.015822441672285907,000819,有色金属,CNY,CN10Y
2026-02-13,10637.45,0.017928,28.53,0.017122823694356817,000819,有色金属,CNY,CN10Y
2026-02-14,,0.017899,28.53,0.017151823694356815,000819,有色金属,CNY,CN10Y
2026-02-24,10980.86,0.018023,29.47,0.015909813030200202,000819,有色金属,CNY,CN10Y
2026-02-25,11394.84,0.018158,30.5,0.01462888524590164,000819,有色金属,CNY,CN10Y
2026-02-26,11309.74,0.018288,30.25,0.014769851239669424,000819,有色金属,CNY,CN10Y
2026-02-27,11703.19,0.017877,31.26,0.014112763275751759,000819,有色金属,CNY,CN10Y
2026-02-28,,0.017753,31.26,0.014236763275751758,000819,有色金属,CNY,CN10Y
2026-03-02,12115.82,0.017761,32.48,0.013027177339901483,000819,有色金属,CNY,CN10Y
2026-03-03,11437.9,0.017807,30.73,0.014734490400260331,000819,有色金属,CNY,CN10Y
2026-03-04,11393.9,0.017768,30.55,0.014965224222585928,000819,有色金属,CNY,CN10Y
2026-03-05,11309.43,0.017779,30.3,0.015224300330033,000819,有色金属,CNY,CN10Y
2026-03-06,11072.16,0.01781,29.68,0.015882722371967653,000819,有色金属,CNY,CN10Y
2026-03-09,10973.41,0.018054,29.34,0.016029162917518748,000819,有色金属,CNY,CN10Y
2026-03-10,11078.75,0.018055,29.64,0.015683191632928473,000819,有色金属,CNY,CN10Y
2026-03-11,11032.42,0.018075,29.49,0.0158347999321804,000819,有色金属,CNY,CN10Y
2026-03-12,10964.63,0.018052,29.28,0.016101005464480872,000819,有色金属,CNY,CN10Y
2026-03-13,10666.85,0.018143,28.4,0.017068267605633805,000819,有色金属,CNY,CN10Y
2026-03-16,10353.94,0.018312,27.55,0.017985640653357535,000819,有色金属,CNY,CN10Y
2026-03-17,10167.74,0.018314,27.14,0.018531983787767135,000819,有色金属,CNY,CN10Y
2026-03-18,10082.89,0.018175,26.95,0.01893075139146568,000819,有色金属,CNY,CN10Y
2026-03-19,9463.43,0.018252,25.21,0.021414798889329626,000819,有色金属,CNY,CN10Y
2026-03-20,9356.16,0.018299,24.81,0.02200732809351068,000819,有色金属,CNY,CN10Y
2026-03-23,8923.32,0.018316,23.64,0.02398518443316413,000819,有色金属,CNY,CN10Y
2026-03-24,9208.19,0.018272,24.49,0.022560993058391186,000819,有色金属,CNY,CN10Y
2026-03-25,9488.2,0.018233,25.22,0.021418070578905636,000819,有色金属,CNY,CN10Y
2026-03-26,9325.48,0.018194,24.67,0.022341062829347388,000819,有色金属,CNY,CN10Y
2026-03-27,9586.07,0.018172,25.2,0.02151053968253968,000819,有色金属,CNY,CN10Y
2026-03-30,9759.44,0.018063,25.66,0.02090816134060795,000819,有色金属,CNY,CN10Y
2026-03-31,9616.03,0.018171,25.3,0.021354691699604744,000819,有色金属,CNY,CN10Y
2026-04-01,9854.89,0.018244,26.04,0.02015845775729647,000819,有色金属,CNY,CN10Y
2026-04-02,9687.98,0.018209,25.49,0.021022071008238528,000819,有色金属,CNY,CN10Y
2026-04-03,9589.08,0.018199,25.23,0.02143635473642489,000819,有色金属,CNY,CN10Y
2026-04-07,9690.04,0.018171,25.43,0.021152633503735745,000819,有色金属,CNY,CN10Y
2026-04-08,10272.95,0.018136,27.03,0.01885993044765076,000819,有色金属,CNY,CN10Y
2026-04-09,10221.63,0.018192,26.86,0.019038081906180192,000819,有色金属,CNY,CN10Y
2026-04-10,10171.95,0.018128,26.65,0.019395452157598504,000819,有色金属,CNY,CN10Y
2026-04-13,10200.57,0.0179329999999999,26.68,0.019548259370314944,000819,有色金属,CNY,CN10Y
2026-04-14,10390.32,0.0178289999999999,27.2,0.018935705882353042,000819,有色金属,CNY,CN10Y
2026-04-15,10233.38,0.017809,26.93,0.019324308577794283,000819,有色金属,CNY,CN10Y
2026-04-16,10540.68,0.0178119999999999,27.66,0.018341289949385494,000819,有色金属,CNY,CN10Y
2026-04-17,10537.82,0.017623,27.63,0.018569544335866814,000819,有色金属,CNY,CN10Y
2026-04-20,10575.78,0.017627,27.74,0.018422026676279745,000819,有色金属,CNY,CN10Y
2026-04-21,10592.76,0.0175099999999999,27.77,0.018500082823190593,000819,有色金属,CNY,CN10Y
2026-04-22,10601.31,0.0173889999999999,27.82,0.018556363048166883,000819,有色金属,CNY,CN10Y
2026-04-23,10192.51,0.0175479999999999,26.77,0.01980724841240204,000819,有色金属,CNY,CN10Y
2026-04-24,10291.61,0.017601,26.88,0.019601380952380953,000819,有色金属,CNY,CN10Y
2026-04-27,10185.56,0.017697,26.57,0.01993943206624012,000819,有色金属,CNY,CN10Y
2026-04-28,9937.88,0.017654,25.94,0.02089650115651503,000819,有色金属,CNY,CN10Y
2026-04-29,10385.26,0.017444,27.05,0.019524576709796668,000819,有色金属,CNY,CN10Y
2026-04-30,10287.95,0.017473,26.68,0.020008259370314845,000819,有色金属,CNY,CN10Y
2026-05-06,10685.06,0.017654,22.32,0.027148867383512545,000819,有色金属,CNY,CN10Y
2026-05-07,10723.53,0.0176309999999999,22.42,0.02697203300624452,000819,有色金属,CNY,CN10Y
2026-05-08,10727.48,0.017648,22.44,0.026915279857397504,000819,有色金属,CNY,CN10Y
2026-05-09,,0.0176699999999999,22.44,0.026893279857397603,000819,有色金属,CNY,CN10Y
2026-05-11,10726.79,0.017622,22.39,0.027040795891022776,000819,有色金属,CNY,CN10Y
2026-05-12,10645.77,0.017592,22.31,0.02723094935006724,000819,有色金属,CNY,CN10Y
2026-05-13,10737.0,0.017514,22.53,0.026871264092321347,000819,有色金属,CNY,CN10Y
2026-05-14,10355.27,0.017588,21.73,0.028431328117809476,000819,有色金属,CNY,CN10Y
2026-05-15,9911.02,0.017658,20.76,0.030511556840077066,000819,有色金属,CNY,CN10Y
2026-05-18,9757.99,0.017585,20.45,0.031314755501222494,000819,有色金属,CNY,CN10Y
2026-05-19,9625.98,0.017345,20.19,0.03218447003467063,000819,有色金属,CNY,CN10Y
2026-05-20,9645.52,0.0173819999999999,20.19,0.03214747003467072,000819,有色金属,CNY,CN10Y
2026-05-21,9441.84,0.0174479999999999,19.81,0.03303155577990924,000819,有色金属,CNY,CN10Y
2026-05-22,9784.79,0.017519,20.55,0.031142800486618,000819,有色金属,CNY,CN10Y
2026-05-25,9829.51,0.017484,20.67,0.03089529366231253,000819,有色金属,CNY,CN10Y
2026-05-26,10166.99,0.017405,21.46,0.029193322460391424,000819,有色金属,CNY,CN10Y
2026-05-27,9732.63,0.017216,20.54,0.031469491723466414,000819,有色金属,CNY,CN10Y
2026-05-28,9660.63,0.017193,20.38,0.03187471344455348,000819,有色金属,CNY,CN10Y
2026-05-29,9511.45,0.01709,20.08,0.03271079681274901,000819,有色金属,CNY,CN10Y
2026-06-01,9436.12,0.017009,19.89,0.033267520864756164,000819,有色金属,CNY,CN10Y
2026-06-02,9762.88,0.017036,20.62,0.03146060523763336,000819,有色金属,CNY,CN10Y
2026-06-03,9843.58,0.017128,20.78,0.03099519538017324,000819,有色金属,CNY,CN10Y
2026-06-04,9534.42,0.017081,20.08,0.03271979681274901,000819,有色金属,CNY,CN10Y
2026-06-05,9332.0,0.017207,19.62,0.0337613995922528,000819,有色金属,CNY,CN10Y
2026-06-08,8800.38,0.017275,18.51,0.03674985143165856,000819,有色金属,CNY,CN10Y
2026-06-09,9057.75,0.017376,19.03,0.03517260746190226,000819,有色金属,CNY,CN10Y
2026-06-10,8931.12,0.017476,18.76,0.03582890405117271,000819,有色金属,CNY,CN10Y
2026-06-11,9105.26,0.017475,19.11,0.03485362375719518,000819,有色金属,CNY,CN10Y
2026-06-12,9501.99,0.0174269999999999,20.01,0.03254801249375322,000819,有色金属,CNY,CN10Y
2026-06-13,,0.0174269999999999,21.74,0.02857116007359716,000819,有色金属,CNY,CN10Y
2026-06-14,,0.0174269999999999,21.74,0.02857116007359716,000819,有色金属,CNY,CN10Y
2026-06-15,9976.29,0.017446,21.74,0.028552160073597063,000819,有色金属,CNY,CN10Y
2026-06-16,9899.13,0.017324,21.52,0.029144401486988852,000819,有色金属,CNY,CN10Y
2026-06-17,9874.13,0.01727,21.47,0.02930661853749418,000819,有色金属,CNY,CN10Y
2026-06-18,9888.07,0.017299,21.5,0.029212627906976745,000819,有色金属,CNY,CN10Y
2026-06-19,,0.017299,22.63,0.02689012947414936,000819,有色金属,CNY,CN10Y
2026-06-20,,0.017299,22.63,0.02689012947414936,000819,有色金属,CNY,CN10Y
2026-06-21,,0.017299,22.63,0.02689012947414936,000819,有色金属,CNY,CN10Y
2026-06-22,10409.52,0.017375,22.63,0.026814129474149358,000819,有色金属,CNY,CN10Y
2026-06-23,9539.51,0.017437,20.74,0.030779007714561234,000819,有色金属,CNY,CN10Y
2026-06-24,9564.02,0.017454,20.74,0.030762007714561234,000819,有色金属,CNY,CN10Y
2026-06-25,9286.38,0.017351,20.13,0.03232609885742673,000819,有色金属,CNY,CN10Y
2026-06-26,8873.75,0.017314,19.28,0.03455321991701245,000819,有色金属,CNY,CN10Y
2026-06-27,,0.017314,19.58,0.03375852298263535,000819,有色金属,CNY,CN10Y
2026-06-28,,0.017314,19.58,0.03375852298263535,000819,有色金属,CNY,CN10Y
2026-06-29,8996.4,0.01717,19.58,0.03390252298263534,000819,有色金属,CNY,CN10Y
2026-06-30,8933.04,0.01733,19.38,0.03426958720330238,000819,有色金属,CNY,CN10Y
2026-07-01,8930.43,0.0174479999999999,19.37,0.03417822612287051,000819,有色金属,CNY,CN10Y
2026-07-02,9010.42,0.01741,19.58,0.03366252298263535,000819,有色金属,CNY,CN10Y
2026-07-03,9127.49,0.017463,19.84,0.03294022580645162,000819,有色金属,CNY,CN10Y
2026-07-04,,0.017463,19.55,0.03368789514066496,000819,有色金属,CNY,CN10Y
2026-07-05,,0.017463,19.55,0.03368789514066496,000819,有色金属,CNY,CN10Y
2026-07-06,8995.15,0.017379,19.55,0.03377189514066496,000819,有色金属,CNY,CN10Y
2026-07-07,8722.2,0.0174059999999999,18.96,0.03533661603375537,000819,有色金属,CNY,CN10Y
2026-07-08,8473.5,0.0173849999999999,18.45,0.03681554200542016,000819,有色金属,CNY,CN10Y
2026-07-09,8425.31,0.017376,18.4,0.036971826086956525,000819,有色金属,CNY,CN10Y
2026-07-10,8469.29,0.017398,18.49,0.03668528826392645,000819,有色金属,CNY,CN10Y
2026-07-11,,0.017398,17.75,0.03894002816901408,000819,有色金属,CNY,CN10Y
2026-07-12,,0.017398,17.75,0.03894002816901408,000819,有色金属,CNY,CN10Y
2026-07-13,8111.98,0.017442,17.75,0.03889602816901409,000819,有色金属,CNY,CN10Y
2026-07-14,8561.62,0.017402,18.74,0.03595979295624333,000819,有色金属,CNY,CN10Y
2026-07-15,8384.32,0.0174059999999999,18.36,0.037060230936819274,000819,有色金属,CNY,CN10Y
2026-07-16,8304.2,0.017437,18.2,0.03750805494505494,000819,有色金属,CNY,CN10Y
2026-07-17,7903.21,0.017404,17.34,0.04026612687427912,000819,有色金属,CNY,CN10Y
2026-07-18,,0.017404,17.39,0.040100312823461756,000819,有色金属,CNY,CN10Y
2026-07-19,,0.017404,17.39,0.040100312823461756,000819,有色金属,CNY,CN10Y
2026-07-20,7899.22,0.017453,17.39,0.04005131282346176,000819,有色金属,CNY,CN10Y
2026-07-21,8250.88,0.01745,18.14,0.03767679162072767,000819,有色金属,CNY,CN10Y
2026-07-22,8521.36,0.017297,18.76,0.036007904051172705,000819,有色金属,CNY,CN10Y
2026-07-23,8796.84,0.017325,19.33,0.034408057423693746,000819,有色金属,CNY,CN10Y
2026-07-24,8372.07,0.017282,18.4,0.03706582608695653,000819,有色金属,CNY,CN10Y
2026-07-25,,0.017282,18.8,0.03590948936170213,000819,有色金属,CNY,CN10Y
2026-07-26,,0.017282,18.8,0.03590948936170213,000819,有色金属,CNY,CN10Y
2026-07-27,8560.81,0.017337,18.8,0.03585448936170213,000819,有色金属,CNY,CN10Y
2026-07-28,8388.31,0.017351,18.43,0.03690835973955508,000819,有色金属,CNY,CN10Y
2026-07-29,8529.36,0.017329,18.73,0.036061282968499725,000819,有色金属,CNY,CN10Y
2026-07-30,8463.96,0.017196,18.61,0.03653855131649651,000819,有色金属,CNY,CN10Y
2026-07-31,8641.09,0.017141,18.98,0.03554603898840886,000819,有色金属,CNY,CN10Y
2026-08-01,,0.017141,18.84,0.03593755626326964,000819,有色金属,CNY,CN10Y
2026-08-02,,0.017141,18.84,0.03593755626326964,000819,有色金属,CNY,CN10Y
2026-08-03,8584.73,0.017169,18.84,0.03590955626326964,000819,有色金属,CNY,CN10Y
2026-08-04,8708.43,0.017126,19.08,0.03528490146750525,000819,有色金属,CNY,CN10Y
2026-08-05,9185.47,0.017137,20.16,0.0324661746031746,000819,有色金属,CNY,CN10Y
2026-08-06,9249.82,0.017143,20.33,0.03204539153959666,000819,有色金属,CNY,CN10Y
2026-08-07,9566.51,0.017114,21.01,0.030482382674916705,000819,有色金属,CNY,CN10Y
2026-08-10,9737.01,0.017074,21.36,0.029742479400749068,000819,有色金属,CNY,CN10Y
2026-08-11,9269.78,0.017161,20.27,0.0321729911198816,000819,有色金属,CNY,CN10Y
2026-08-12,9358.25,0.017141,20.48,0.031687125,000819,有色金属,CNY,CN10Y
2026-08-13,8999.84,0.017032000000000002,19.69,0.033755201625190454,000819,有色金属,CNY,CN10Y
2026-08-14,9114.27,0.016964,19.93,0.03321161465127948,000819,有色金属,CNY,CN10Y
2026-08-17,9376.62,0.016923999999999998,20.5,0.031856487804878056,000819,有色金属,CNY,CN10Y
2026-08-18,9317.65,0.016864,20.4,0.03215560784313726,000819,有色金属,CNY,CN10Y
2026-08-19,8990.4,0.016831,19.69,0.03395620162519045,000819,有色金属,CNY,CN10Y
2026-08-20,9090.37,0.016832,19.95,0.033293313283208024,000819,有色金属,CNY,CN10Y
2026-08-21,9354.39,0.016839,20.48,0.031989125,000819,有色金属,CNY,CN10Y
2026-08-24,9385.87,0.016794,20.53,0.03191520603994155,000819,有色金属,CNY,CN10Y
2026-08-25,9125.35,0.016815,19.95,0.03331031328320802,000819,有色金属,CNY,CN10Y
2026-08-26,9330.83,0.016887,20.41,0.032108590396864284,000819,有色金属,CNY,CN10Y
2026-08-27,9468.11,0.016988,20.69,0.031344527791203475,000819,有色金属,CNY,CN10Y
2026-08-28,9534.72,0.016949000000000002,20.81,0.03110482027871216,000819,有色金属,CNY,CN10Y
2026-08-31,9403.98,0.016883,20.52,0.03184994346978558,000819,有色金属,CNY,CN10Y
2026-09-01,9304.99,0.016834000000000002,17.96,0.03884528730512249,000819,有色金属,CNY,CN10Y
