Date,IndexClose,Bond_Yield_10Y,PE,ERP,IndexCode,IndexName,Currency,BondCode
2005-04-08,883.5,,,,399989,中证医疗,CNY,CN10Y
2005-04-11,892.54,,,,399989,中证医疗,CNY,CN10Y
2005-04-12,871.95,,,,399989,中证医疗,CNY,CN10Y
2005-04-13,888.29,,,,399989,中证医疗,CNY,CN10Y
2005-04-14,866.0,,,,399989,中证医疗,CNY,CN10Y
2005-04-15,842.61,,,,399989,中证医疗,CNY,CN10Y
2005-04-18,825.3,,,,399989,中证医疗,CNY,CN10Y
2005-04-19,824.91,,,,399989,中证医疗,CNY,CN10Y
2005-04-20,805.27,,,,399989,中证医疗,CNY,CN10Y
2005-04-21,785.41,,,,399989,中证医疗,CNY,CN10Y
2005-04-22,764.5,,,,399989,中证医疗,CNY,CN10Y
2005-04-25,749.55,,,,399989,中证医疗,CNY,CN10Y
2005-04-26,759.57,,,,399989,中证医疗,CNY,CN10Y
2005-04-27,762.69,,,,399989,中证医疗,CNY,CN10Y
2005-04-28,784.35,,,,399989,中证医疗,CNY,CN10Y
2005-04-29,776.72,,,,399989,中证医疗,CNY,CN10Y
2005-05-09,756.73,,,,399989,中证医疗,CNY,CN10Y
2005-05-10,763.21,,,,399989,中证医疗,CNY,CN10Y
2005-05-11,747.9,,,,399989,中证医疗,CNY,CN10Y
2005-05-12,732.71,,,,399989,中证医疗,CNY,CN10Y
2005-05-13,728.49,,,,399989,中证医疗,CNY,CN10Y
2005-05-16,733.54,,,,399989,中证医疗,CNY,CN10Y
2005-05-17,759.23,,,,399989,中证医疗,CNY,CN10Y
2005-05-18,761.39,,,,399989,中证医疗,CNY,CN10Y
2005-05-19,761.08,,,,399989,中证医疗,CNY,CN10Y
2005-05-20,757.58,,,,399989,中证医疗,CNY,CN10Y
2005-05-23,737.85,,,,399989,中证医疗,CNY,CN10Y
2005-05-24,753.83,,,,399989,中证医疗,CNY,CN10Y
2005-05-25,759.29,,,,399989,中证医疗,CNY,CN10Y
2005-05-26,752.18,,,,399989,中证医疗,CNY,CN10Y
2005-05-27,753.6,,,,399989,中证医疗,CNY,CN10Y
2005-05-30,758.48,,,,399989,中证医疗,CNY,CN10Y
2005-05-31,761.84,,,,399989,中证医疗,CNY,CN10Y
2005-06-01,753.51,,,,399989,中证医疗,CNY,CN10Y
2005-06-02,739.03,,,,399989,中证医疗,CNY,CN10Y
2005-06-03,736.47,,,,399989,中证医疗,CNY,CN10Y
2005-06-06,742.88,,,,399989,中证医疗,CNY,CN10Y
2005-06-07,738.67,,,,399989,中证医疗,CNY,CN10Y
2005-06-08,796.43,,,,399989,中证医疗,CNY,CN10Y
2005-06-09,810.51,,,,399989,中证医疗,CNY,CN10Y
2005-06-10,792.94,,,,399989,中证医疗,CNY,CN10Y
2005-06-13,800.16,,,,399989,中证医疗,CNY,CN10Y
2005-06-14,790.04,,,,399989,中证医疗,CNY,CN10Y
2005-06-15,771.4,,,,399989,中证医疗,CNY,CN10Y
2005-06-16,775.34,,,,399989,中证医疗,CNY,CN10Y
2005-06-17,775.35,,,,399989,中证医疗,CNY,CN10Y
2005-06-20,794.09,,,,399989,中证医疗,CNY,CN10Y
2005-06-21,793.53,,,,399989,中证医疗,CNY,CN10Y
2005-06-22,802.92,,,,399989,中证医疗,CNY,CN10Y
2005-06-23,787.82,,,,399989,中证医疗,CNY,CN10Y
2005-06-24,798.27,,,,399989,中证医疗,CNY,CN10Y
2005-06-27,817.56,,,,399989,中证医疗,CNY,CN10Y
2005-06-28,800.05,,,,399989,中证医疗,CNY,CN10Y
2005-06-29,797.73,,,,399989,中证医疗,CNY,CN10Y
2005-06-30,788.55,,,,399989,中证医疗,CNY,CN10Y
2005-07-01,761.34,,,,399989,中证医疗,CNY,CN10Y
2005-07-04,758.72,,,,399989,中证医疗,CNY,CN10Y
2005-07-05,755.82,,,,399989,中证医疗,CNY,CN10Y
2005-07-06,751.19,,,,399989,中证医疗,CNY,CN10Y
2005-07-07,754.9,,,,399989,中证医疗,CNY,CN10Y
2005-07-08,731.26,,,,399989,中证医疗,CNY,CN10Y
2005-07-11,722.31,,,,399989,中证医疗,CNY,CN10Y
2005-07-12,735.64,,,,399989,中证医疗,CNY,CN10Y
2005-07-13,726.77,,,,399989,中证医疗,CNY,CN10Y
2005-07-14,720.19,,,,399989,中证医疗,CNY,CN10Y
2005-07-15,709.06,,,,399989,中证医疗,CNY,CN10Y
2005-07-18,692.72,,,,399989,中证医疗,CNY,CN10Y
2005-07-19,692.58,,,,399989,中证医疗,CNY,CN10Y
2005-07-20,703.47,,,,399989,中证医疗,CNY,CN10Y
2005-07-21,704.93,,,,399989,中证医疗,CNY,CN10Y
2005-07-22,713.12,,,,399989,中证医疗,CNY,CN10Y
2005-07-25,707.47,,,,399989,中证医疗,CNY,CN10Y
2005-07-26,723.6,,,,399989,中证医疗,CNY,CN10Y
2005-07-27,736.32,,,,399989,中证医疗,CNY,CN10Y
2005-07-28,734.81,,,,399989,中证医疗,CNY,CN10Y
2005-07-29,741.65,,,,399989,中证医疗,CNY,CN10Y
2005-08-01,748.94,,,,399989,中证医疗,CNY,CN10Y
2005-08-02,763.85,,,,399989,中证医疗,CNY,CN10Y
2005-08-03,764.75,,,,399989,中证医疗,CNY,CN10Y
2005-08-04,763.76,,,,399989,中证医疗,CNY,CN10Y
2005-08-05,791.5,,,,399989,中证医疗,CNY,CN10Y
2005-08-08,801.71,,,,399989,中证医疗,CNY,CN10Y
2005-08-09,805.22,,,,399989,中证医疗,CNY,CN10Y
2005-08-10,809.19,,,,399989,中证医疗,CNY,CN10Y
2005-08-11,820.79,,,,399989,中证医疗,CNY,CN10Y
2005-08-12,804.93,,,,399989,中证医疗,CNY,CN10Y
2005-08-15,831.01,,,,399989,中证医疗,CNY,CN10Y
2005-08-16,825.34,,,,399989,中证医疗,CNY,CN10Y
2005-08-17,835.37,,,,399989,中证医疗,CNY,CN10Y
2005-08-18,809.62,,,,399989,中证医疗,CNY,CN10Y
2005-08-19,792.52,,,,399989,中证医疗,CNY,CN10Y
2005-08-22,799.34,,,,399989,中证医疗,CNY,CN10Y
2005-08-23,798.61,,,,399989,中证医疗,CNY,CN10Y
2005-08-24,804.51,,,,399989,中证医疗,CNY,CN10Y
2005-08-25,818.25,,,,399989,中证医疗,CNY,CN10Y
2005-08-26,816.35,,,,399989,中证医疗,CNY,CN10Y
2005-08-29,790.06,,,,399989,中证医疗,CNY,CN10Y
2005-08-30,793.11,,,,399989,中证医疗,CNY,CN10Y
2005-08-31,811.73,,,,399989,中证医疗,CNY,CN10Y
2005-09-01,833.45,,,,399989,中证医疗,CNY,CN10Y
2005-09-02,838.01,,,,399989,中证医疗,CNY,CN10Y
2005-09-05,846.41,,,,399989,中证医疗,CNY,CN10Y
2005-09-06,819.01,,,,399989,中证医疗,CNY,CN10Y
2005-09-07,842.8,,,,399989,中证医疗,CNY,CN10Y
2005-09-08,849.81,,,,399989,中证医疗,CNY,CN10Y
2005-09-09,840.01,,,,399989,中证医疗,CNY,CN10Y
2005-09-12,854.31,,,,399989,中证医疗,CNY,CN10Y
2005-09-13,866.1,,,,399989,中证医疗,CNY,CN10Y
2005-09-14,873.49,,,,399989,中证医疗,CNY,CN10Y
2005-09-15,873.19,,,,399989,中证医疗,CNY,CN10Y
2005-09-16,873.55,,,,399989,中证医疗,CNY,CN10Y
2005-09-19,884.8,,,,399989,中证医疗,CNY,CN10Y
2005-09-20,883.8,,,,399989,中证医疗,CNY,CN10Y
2005-09-21,869.37,,,,399989,中证医疗,CNY,CN10Y
2005-09-22,848.46,,,,399989,中证医疗,CNY,CN10Y
2005-09-23,841.2,,,,399989,中证医疗,CNY,CN10Y
2005-09-26,852.82,,,,399989,中证医疗,CNY,CN10Y
2005-09-27,841.84,,,,399989,中证医疗,CNY,CN10Y
2005-09-28,835.68,,,,399989,中证医疗,CNY,CN10Y
2005-09-29,849.01,,,,399989,中证医疗,CNY,CN10Y
2005-09-30,846.64,,,,399989,中证医疗,CNY,CN10Y
2005-10-10,834.74,,,,399989,中证医疗,CNY,CN10Y
2005-10-11,851.31,,,,399989,中证医疗,CNY,CN10Y
2005-10-12,851.97,,,,399989,中证医疗,CNY,CN10Y
2005-10-13,849.19,,,,399989,中证医疗,CNY,CN10Y
2005-10-14,856.19,,,,399989,中证医疗,CNY,CN10Y
2005-10-17,870.41,,,,399989,中证医疗,CNY,CN10Y
2005-10-18,873.24,,,,399989,中证医疗,CNY,CN10Y
2005-10-19,869.43,,,,399989,中证医疗,CNY,CN10Y
2005-10-20,864.04,,,,399989,中证医疗,CNY,CN10Y
2005-10-21,884.91,,,,399989,中证医疗,CNY,CN10Y
2005-10-24,900.43,,,,399989,中证医疗,CNY,CN10Y
2005-10-25,873.55,,,,399989,中证医疗,CNY,CN10Y
2005-10-26,859.63,,,,399989,中证医疗,CNY,CN10Y
2005-10-27,855.68,,,,399989,中证医疗,CNY,CN10Y
2005-10-28,822.29,,,,399989,中证医疗,CNY,CN10Y
2005-10-31,837.57,,,,399989,中证医疗,CNY,CN10Y
2005-11-01,814.54,,,,399989,中证医疗,CNY,CN10Y
2005-11-02,840.27,,,,399989,中证医疗,CNY,CN10Y
2005-11-03,827.08,,,,399989,中证医疗,CNY,CN10Y
2005-11-04,840.33,,,,399989,中证医疗,CNY,CN10Y
2005-11-07,846.3,,,,399989,中证医疗,CNY,CN10Y
2005-11-08,855.28,,,,399989,中证医疗,CNY,CN10Y
2005-11-09,855.94,,,,399989,中证医疗,CNY,CN10Y
2005-11-10,825.58,,,,399989,中证医疗,CNY,CN10Y
2005-11-11,831.01,,,,399989,中证医疗,CNY,CN10Y
2005-11-14,828.93,,,,399989,中证医疗,CNY,CN10Y
2005-11-15,821.38,,,,399989,中证医疗,CNY,CN10Y
2005-11-16,830.01,,,,399989,中证医疗,CNY,CN10Y
2005-11-17,833.94,,,,399989,中证医疗,CNY,CN10Y
2005-11-18,855.37,,,,399989,中证医疗,CNY,CN10Y
2005-11-21,865.1,,,,399989,中证医疗,CNY,CN10Y
2005-11-22,847.99,,,,399989,中证医疗,CNY,CN10Y
2005-11-23,850.29,,,,399989,中证医疗,CNY,CN10Y
2005-11-24,851.19,,,,399989,中证医疗,CNY,CN10Y
2005-11-25,855.72,,,,399989,中证医疗,CNY,CN10Y
2005-11-28,853.57,,,,399989,中证医疗,CNY,CN10Y
2005-11-29,841.79,,,,399989,中证医疗,CNY,CN10Y
2005-11-30,842.07,,,,399989,中证医疗,CNY,CN10Y
2005-12-01,842.47,,,,399989,中证医疗,CNY,CN10Y
2005-12-02,829.1,,,,399989,中证医疗,CNY,CN10Y
2005-12-05,810.72,,,,399989,中证医疗,CNY,CN10Y
2005-12-06,813.02,,,,399989,中证医疗,CNY,CN10Y
2005-12-07,822.08,,,,399989,中证医疗,CNY,CN10Y
2005-12-08,818.72,,,,399989,中证医疗,CNY,CN10Y
2005-12-09,830.45,,,,399989,中证医疗,CNY,CN10Y
2005-12-12,836.69,,,,399989,中证医疗,CNY,CN10Y
2005-12-13,836.3,,,,399989,中证医疗,CNY,CN10Y
2005-12-14,850.07,,,,399989,中证医疗,CNY,CN10Y
2005-12-15,842.84,,,,399989,中证医疗,CNY,CN10Y
2005-12-16,847.45,,,,399989,中证医疗,CNY,CN10Y
2005-12-19,853.76,,,,399989,中证医疗,CNY,CN10Y
2005-12-20,851.36,,,,399989,中证医疗,CNY,CN10Y
2005-12-21,840.43,,,,399989,中证医疗,CNY,CN10Y
2005-12-22,851.61,,,,399989,中证医疗,CNY,CN10Y
2005-12-23,857.5,,,,399989,中证医疗,CNY,CN10Y
2005-12-26,864.88,,,,399989,中证医疗,CNY,CN10Y
2005-12-27,870.43,,,,399989,中证医疗,CNY,CN10Y
2005-12-28,868.21,,,,399989,中证医疗,CNY,CN10Y
2005-12-29,871.93,,,,399989,中证医疗,CNY,CN10Y
2005-12-30,868.5,,,,399989,中证医疗,CNY,CN10Y
2006-01-04,873.13,,,,399989,中证医疗,CNY,CN10Y
2006-01-05,891.75,,,,399989,中证医疗,CNY,CN10Y
2006-01-06,904.91,,,,399989,中证医疗,CNY,CN10Y
2006-01-09,914.59,,,,399989,中证医疗,CNY,CN10Y
2006-01-10,918.76,,,,399989,中证医疗,CNY,CN10Y
2006-01-11,906.06,,,,399989,中证医疗,CNY,CN10Y
2006-01-12,923.47,,,,399989,中证医疗,CNY,CN10Y
2006-01-13,921.26,,,,399989,中证医疗,CNY,CN10Y
2006-01-16,908.04,,,,399989,中证医疗,CNY,CN10Y
2006-01-17,906.74,,,,399989,中证医疗,CNY,CN10Y
2006-01-18,914.57,,,,399989,中证医疗,CNY,CN10Y
2006-01-19,930.67,,,,399989,中证医疗,CNY,CN10Y
2006-01-20,927.19,,,,399989,中证医疗,CNY,CN10Y
2006-01-23,930.03,,,,399989,中证医疗,CNY,CN10Y
2006-01-24,926.67,,,,399989,中证医疗,CNY,CN10Y
2006-01-25,918.57,,,,399989,中证医疗,CNY,CN10Y
2006-02-06,935.43,,,,399989,中证医疗,CNY,CN10Y
2006-02-07,946.01,,,,399989,中证医疗,CNY,CN10Y
2006-02-08,940.78,,,,399989,中证医疗,CNY,CN10Y
2006-02-09,932.51,,,,399989,中证医疗,CNY,CN10Y
2006-02-10,944.03,,,,399989,中证医疗,CNY,CN10Y
2006-02-13,948.61,,,,399989,中证医疗,CNY,CN10Y
2006-02-14,955.29,,,,399989,中证医疗,CNY,CN10Y
2006-02-15,953.91,,,,399989,中证医疗,CNY,CN10Y
2006-02-16,933.09,,,,399989,中证医疗,CNY,CN10Y
2006-02-17,911.14,,,,399989,中证医疗,CNY,CN10Y
2006-02-20,896.92,,,,399989,中证医疗,CNY,CN10Y
2006-02-21,907.15,,,,399989,中证医疗,CNY,CN10Y
2006-02-22,900.53,,,,399989,中证医疗,CNY,CN10Y
2006-02-23,894.81,,,,399989,中证医疗,CNY,CN10Y
2006-02-24,905.58,,,,399989,中证医疗,CNY,CN10Y
2006-02-27,907.31,,,,399989,中证医疗,CNY,CN10Y
2006-02-28,911.26,,,,399989,中证医疗,CNY,CN10Y
2006-03-01,926.89,0.0289999999999999,,,399989,中证医疗,CNY,CN10Y
2006-03-02,909.38,0.0289999999999999,,,399989,中证医疗,CNY,CN10Y
2006-03-03,904.6,0.0287,,,399989,中证医疗,CNY,CN10Y
2006-03-06,896.62,0.0293,,,399989,中证医疗,CNY,CN10Y
2006-03-07,871.14,0.0289999999999999,,,399989,中证医疗,CNY,CN10Y
2006-03-08,867.07,0.0288,,,399989,中证医疗,CNY,CN10Y
2006-03-09,863.98,0.0288,,,399989,中证医疗,CNY,CN10Y
2006-03-10,861.89,0.0289,,,399989,中证医疗,CNY,CN10Y
2006-03-13,857.1,0.0289999999999999,,,399989,中证医疗,CNY,CN10Y
2006-03-14,858.62,0.0289999999999999,,,399989,中证医疗,CNY,CN10Y
2006-03-15,865.82,0.0291,,,399989,中证医疗,CNY,CN10Y
2006-03-16,867.11,0.0291,,,399989,中证医疗,CNY,CN10Y
2006-03-17,861.48,0.0292,,,399989,中证医疗,CNY,CN10Y
2006-03-20,869.52,0.0293,,,399989,中证医疗,CNY,CN10Y
2006-03-21,880.68,0.0292,,,399989,中证医疗,CNY,CN10Y
2006-03-22,888.36,0.0293,,,399989,中证医疗,CNY,CN10Y
2006-03-23,884.28,0.02912,,,399989,中证医疗,CNY,CN10Y
2006-03-24,881.77,0.0289999999999999,,,399989,中证医疗,CNY,CN10Y
2006-03-27,881.79,0.0292,,,399989,中证医疗,CNY,CN10Y
2006-03-28,884.39,0.0292,,,399989,中证医疗,CNY,CN10Y
2006-03-29,889.9,0.0294,,,399989,中证医疗,CNY,CN10Y
2006-03-30,874.45,0.0294,,,399989,中证医疗,CNY,CN10Y
2006-03-31,872.81,0.0294,,,399989,中证医疗,CNY,CN10Y
2006-04-03,882.44,0.0292,,,399989,中证医疗,CNY,CN10Y
2006-04-04,892.4,0.0292,,,399989,中证医疗,CNY,CN10Y
2006-04-05,890.41,0.0291,,,399989,中证医疗,CNY,CN10Y
2006-04-06,888.39,0.0294,,,399989,中证医疗,CNY,CN10Y
2006-04-07,895.3,0.029291,,,399989,中证医疗,CNY,CN10Y
2006-04-10,914.68,0.0293,,,399989,中证医疗,CNY,CN10Y
2006-04-11,932.41,0.0297,,,399989,中证医疗,CNY,CN10Y
2006-04-12,924.85,0.0298,,,399989,中证医疗,CNY,CN10Y
2006-04-13,930.77,0.029405,,,399989,中证医疗,CNY,CN10Y
2006-04-14,952.27,0.0295,,,399989,中证医疗,CNY,CN10Y
2006-04-17,955.97,0.0294,,,399989,中证医疗,CNY,CN10Y
2006-04-18,966.59,0.0301,,,399989,中证医疗,CNY,CN10Y
2006-04-19,984.37,0.0301,,,399989,中证医疗,CNY,CN10Y
2006-04-20,978.64,0.03,,,399989,中证医疗,CNY,CN10Y
2006-04-21,993.45,0.03048,,,399989,中证医疗,CNY,CN10Y
2006-04-24,1006.41,0.0305,,,399989,中证医疗,CNY,CN10Y
2006-04-25,1016.18,0.0306,,,399989,中证医疗,CNY,CN10Y
2006-04-26,1018.96,0.0305,,,399989,中证医疗,CNY,CN10Y
2006-04-27,1023.64,0.0301,,,399989,中证医疗,CNY,CN10Y
2006-04-28,1020.77,0.0301,,,399989,中证医疗,CNY,CN10Y
2006-04-29,,0.03,,,399989,中证医疗,CNY,CN10Y
2006-04-30,,0.03,,,399989,中证医疗,CNY,CN10Y
2006-05-08,1028.32,0.0302,,,399989,中证医疗,CNY,CN10Y
2006-05-09,1040.97,0.03,,,399989,中证医疗,CNY,CN10Y
2006-05-10,1050.44,0.03,,,399989,中证医疗,CNY,CN10Y
2006-05-11,1053.84,0.03,,,399989,中证医疗,CNY,CN10Y
2006-05-12,1080.09,0.0302,,,399989,中证医疗,CNY,CN10Y
2006-05-15,1119.05,0.0302999999999999,,,399989,中证医疗,CNY,CN10Y
2006-05-16,1069.67,0.0302,,,399989,中证医疗,CNY,CN10Y
2006-05-17,1119.04,0.03,,,399989,中证医疗,CNY,CN10Y
2006-05-18,1272.88,0.03,,,399989,中证医疗,CNY,CN10Y
2006-05-19,1279.43,0.0299,,,399989,中证医疗,CNY,CN10Y
2006-05-22,1275.3,0.03,,,399989,中证医疗,CNY,CN10Y
2006-05-23,1167.53,0.0302,,,399989,中证医疗,CNY,CN10Y
2006-05-24,1155.02,0.03,,,399989,中证医疗,CNY,CN10Y
2006-05-25,1155.88,0.03,,,399989,中证医疗,CNY,CN10Y
2006-05-26,1209.31,0.03,,,399989,中证医疗,CNY,CN10Y
2006-05-29,1230.0,0.0302999999999999,,,399989,中证医疗,CNY,CN10Y
2006-05-30,1249.31,0.0302,,,399989,中证医疗,CNY,CN10Y
2006-05-31,1262.66,0.0302,,,399989,中证医疗,CNY,CN10Y
2006-06-01,1338.73,0.0302999999999999,,,399989,中证医疗,CNY,CN10Y
2006-06-02,1407.49,0.0305,,,399989,中证医疗,CNY,CN10Y
2006-06-05,1416.3,0.0302999999999999,,,399989,中证医疗,CNY,CN10Y
2006-06-06,1394.12,0.0302,,,399989,中证医疗,CNY,CN10Y
2006-06-07,1289.08,0.0305,,,399989,中证医疗,CNY,CN10Y
2006-06-08,1361.77,0.0305,,,399989,中证医疗,CNY,CN10Y
2006-06-09,1352.24,0.0302999999999999,,,399989,中证医疗,CNY,CN10Y
2006-06-12,1355.93,0.0305,,,399989,中证医疗,CNY,CN10Y
2006-06-13,1302.86,0.0308,,,399989,中证医疗,CNY,CN10Y
2006-06-14,1288.33,0.0308999999999999,,,399989,中证医疗,CNY,CN10Y
2006-06-15,1304.23,0.031,,,399989,中证医疗,CNY,CN10Y
2006-06-16,1328.05,0.031,,,399989,中证医疗,CNY,CN10Y
2006-06-19,1331.71,0.0312,,,399989,中证医疗,CNY,CN10Y
2006-06-20,1367.54,0.031,,,399989,中证医疗,CNY,CN10Y
2006-06-21,1340.19,0.0315,,,399989,中证医疗,CNY,CN10Y
2006-06-22,1341.75,0.0312,,,399989,中证医疗,CNY,CN10Y
2006-06-23,1361.81,0.0313,,,399989,中证医疗,CNY,CN10Y
2006-06-26,1389.36,0.0315,,,399989,中证医疗,CNY,CN10Y
2006-06-27,1391.16,0.0315,,,399989,中证医疗,CNY,CN10Y
2006-06-28,1366.17,0.0315,,,399989,中证医疗,CNY,CN10Y
2006-06-29,1370.67,0.0315,,,399989,中证医疗,CNY,CN10Y
2006-06-30,1382.58,0.03165,,,399989,中证医疗,CNY,CN10Y
2006-07-03,1399.4,0.03159,,,399989,中证医疗,CNY,CN10Y
2006-07-04,1402.97,0.0315,,,399989,中证医疗,CNY,CN10Y
2006-07-05,1421.76,0.0318,,,399989,中证医疗,CNY,CN10Y
2006-07-06,1479.45,0.03172,,,399989,中证医疗,CNY,CN10Y
2006-07-07,1447.57,0.0318,,,399989,中证医疗,CNY,CN10Y
2006-07-10,1451.64,0.031729,,,399989,中证医疗,CNY,CN10Y
2006-07-11,1480.93,0.0316889999999999,,,399989,中证医疗,CNY,CN10Y
2006-07-12,1444.5,0.032,,,399989,中证医疗,CNY,CN10Y
2006-07-13,1309.1,0.0323,,,399989,中证医疗,CNY,CN10Y
2006-07-14,1298.48,0.03235,,,399989,中证医疗,CNY,CN10Y
2006-07-17,1316.95,0.032,,,399989,中证医疗,CNY,CN10Y
2006-07-18,1299.47,0.032,,,399989,中证医疗,CNY,CN10Y
2006-07-19,1276.41,0.0319,,,399989,中证医疗,CNY,CN10Y
2006-07-20,1298.65,0.032,,,399989,中证医疗,CNY,CN10Y
2006-07-21,1308.94,0.032,,,399989,中证医疗,CNY,CN10Y
2006-07-24,1308.12,0.0325,,,399989,中证医疗,CNY,CN10Y
2006-07-25,1325.85,0.0324,,,399989,中证医疗,CNY,CN10Y
2006-07-26,1315.44,0.0325,,,399989,中证医疗,CNY,CN10Y
2006-07-27,1288.89,0.03275,,,399989,中证医疗,CNY,CN10Y
2006-07-28,1265.68,0.0325,,,399989,中证医疗,CNY,CN10Y
2006-07-31,1212.13,0.0326,,,399989,中证医疗,CNY,CN10Y
2006-08-01,1202.8,0.0325,,,399989,中证医疗,CNY,CN10Y
2006-08-02,1211.94,0.0325,,,399989,中证医疗,CNY,CN10Y
2006-08-03,1208.95,0.0324,,,399989,中证医疗,CNY,CN10Y
2006-08-04,1160.86,0.0325,,,399989,中证医疗,CNY,CN10Y
2006-08-07,1122.62,0.0325,,,399989,中证医疗,CNY,CN10Y
2006-08-08,1147.42,0.0325,,,399989,中证医疗,CNY,CN10Y
2006-08-09,1152.51,0.0326,,,399989,中证医疗,CNY,CN10Y
2006-08-10,1167.0,0.0326,,,399989,中证医疗,CNY,CN10Y
2006-08-11,1168.1,0.0325499999999999,,,399989,中证医疗,CNY,CN10Y
2006-08-14,1128.94,0.03245,,,399989,中证医疗,CNY,CN10Y
2006-08-15,1155.51,0.03245,,,399989,中证医疗,CNY,CN10Y
2006-08-16,1174.72,0.0324,,,399989,中证医疗,CNY,CN10Y
2006-08-17,1150.55,0.0324,,,399989,中证医疗,CNY,CN10Y
2006-08-18,1143.52,0.032,,,399989,中证医疗,CNY,CN10Y
2006-08-21,1138.23,0.0326,,,399989,中证医疗,CNY,CN10Y
2006-08-22,1163.39,0.03254,,,399989,中证医疗,CNY,CN10Y
2006-08-23,1156.98,0.03251,,,399989,中证医疗,CNY,CN10Y
2006-08-24,1185.77,0.03248,,,399989,中证医疗,CNY,CN10Y
2006-08-25,1191.31,0.032389,,,399989,中证医疗,CNY,CN10Y
2006-08-28,1214.58,0.03256,,,399989,中证医疗,CNY,CN10Y
2006-08-29,1203.7,0.0325,,,399989,中证医疗,CNY,CN10Y
2006-08-30,1210.95,0.0324,,,399989,中证医疗,CNY,CN10Y
2006-08-31,1215.38,0.03238,,,399989,中证医疗,CNY,CN10Y
2006-09-01,1175.73,0.0323,,,399989,中证医疗,CNY,CN10Y
2006-09-04,1216.24,0.0323,,,399989,中证医疗,CNY,CN10Y
2006-09-05,1229.13,0.03225,,,399989,中证医疗,CNY,CN10Y
2006-09-06,1234.51,0.0321,,,399989,中证医疗,CNY,CN10Y
2006-09-07,1212.12,0.03201,,,399989,中证医疗,CNY,CN10Y
2006-09-08,1212.02,0.032,,,399989,中证医疗,CNY,CN10Y
2006-09-11,1232.91,0.032,,,399989,中证医疗,CNY,CN10Y
2006-09-12,1233.04,0.0318,,,399989,中证医疗,CNY,CN10Y
2006-09-13,1215.06,0.0318,,,399989,中证医疗,CNY,CN10Y
2006-09-14,1206.3,0.03172,,,399989,中证医疗,CNY,CN10Y
2006-09-15,1234.34,0.0317,,,399989,中证医疗,CNY,CN10Y
2006-09-18,1263.89,0.0315499999999999,,,399989,中证医疗,CNY,CN10Y
2006-09-19,1255.07,0.0315,,,399989,中证医疗,CNY,CN10Y
2006-09-20,1291.86,0.0313,,,399989,中证医疗,CNY,CN10Y
2006-09-21,1295.77,0.0311,,,399989,中证医疗,CNY,CN10Y
2006-09-22,1302.38,0.0305,,,399989,中证医疗,CNY,CN10Y
2006-09-25,1325.71,0.03,,,399989,中证医疗,CNY,CN10Y
2006-09-26,1310.99,0.03,,,399989,中证医疗,CNY,CN10Y
2006-09-27,1328.05,0.03,,,399989,中证医疗,CNY,CN10Y
2006-09-28,1332.34,0.03,,,399989,中证医疗,CNY,CN10Y
2006-09-29,1362.66,0.03,,,399989,中证医疗,CNY,CN10Y
2006-09-30,,0.02999,,,399989,中证医疗,CNY,CN10Y
2006-10-08,,0.03,,,399989,中证医疗,CNY,CN10Y
2006-10-09,1386.02,0.03,,,399989,中证医疗,CNY,CN10Y
2006-10-10,1411.86,0.0299,,,399989,中证医疗,CNY,CN10Y
2006-10-11,1414.24,0.0297,,,399989,中证医疗,CNY,CN10Y
2006-10-12,1358.89,0.029552,,,399989,中证医疗,CNY,CN10Y
2006-10-13,1379.66,0.0295409999999999,,,399989,中证医疗,CNY,CN10Y
2006-10-16,1394.75,0.029567,,,399989,中证医疗,CNY,CN10Y
2006-10-17,1390.62,0.029533,,,399989,中证医疗,CNY,CN10Y
2006-10-18,1400.74,0.029535,,,399989,中证医疗,CNY,CN10Y
2006-10-19,1422.34,0.02954,,,399989,中证医疗,CNY,CN10Y
2006-10-20,1376.81,0.029523,,,399989,中证医疗,CNY,CN10Y
2006-10-23,1307.73,0.0294919999999999,,,399989,中证医疗,CNY,CN10Y
2006-10-24,1343.55,0.0293849999999999,,,399989,中证医疗,CNY,CN10Y
2006-10-25,1320.07,0.029498,,,399989,中证医疗,CNY,CN10Y
2006-10-26,1317.58,0.0293739999999999,,,399989,中证医疗,CNY,CN10Y
2006-10-27,1293.86,0.029397,,,399989,中证医疗,CNY,CN10Y
2006-10-30,1277.29,0.0294059999999999,,,399989,中证医疗,CNY,CN10Y
2006-10-31,1292.79,0.029512,,,399989,中证医疗,CNY,CN10Y
2006-11-01,1305.36,0.029545,,,399989,中证医疗,CNY,CN10Y
2006-11-02,1300.06,0.029557,,,399989,中证医疗,CNY,CN10Y
2006-11-03,1293.95,0.029561,,,399989,中证医疗,CNY,CN10Y
2006-11-06,1255.62,0.029844,,,399989,中证医疗,CNY,CN10Y
2006-11-07,1263.88,0.02989,,,399989,中证医疗,CNY,CN10Y
2006-11-08,1254.37,0.029781,,,399989,中证医疗,CNY,CN10Y
2006-11-09,1265.94,0.02972,,,399989,中证医疗,CNY,CN10Y
2006-11-10,1222.65,0.0295949999999999,,,399989,中证医疗,CNY,CN10Y
2006-11-13,1170.36,0.029494,,,399989,中证医疗,CNY,CN10Y
2006-11-14,1192.9,0.029682,,,399989,中证医疗,CNY,CN10Y
2006-11-15,1214.42,0.029688,,,399989,中证医疗,CNY,CN10Y
2006-11-16,1188.58,0.029725,,,399989,中证医疗,CNY,CN10Y
2006-11-17,1204.76,0.029632,,,399989,中证医疗,CNY,CN10Y
2006-11-20,1183.04,0.029806,,,399989,中证医疗,CNY,CN10Y
2006-11-21,1209.15,0.029785,,,399989,中证医疗,CNY,CN10Y
2006-11-22,1238.64,0.030518,,,399989,中证医疗,CNY,CN10Y
2006-11-23,1240.72,0.030609,,,399989,中证医疗,CNY,CN10Y
2006-11-24,1243.55,0.030655,,,399989,中证医疗,CNY,CN10Y
2006-11-27,1278.63,0.0302,,,399989,中证医疗,CNY,CN10Y
2006-11-28,1275.22,0.029886,,,399989,中证医疗,CNY,CN10Y
2006-11-29,1306.32,0.029811,,,399989,中证医疗,CNY,CN10Y
2006-11-30,1323.09,0.029781,,,399989,中证医疗,CNY,CN10Y
2006-12-01,1328.94,0.0299359999999999,,,399989,中证医疗,CNY,CN10Y
2006-12-04,1369.88,0.029895,,,399989,中证医疗,CNY,CN10Y
2006-12-05,1373.1,0.029912,,,399989,中证医疗,CNY,CN10Y
2006-12-06,1334.67,0.029851,,,399989,中证医疗,CNY,CN10Y
2006-12-07,1328.97,0.0299469999999999,,,399989,中证医疗,CNY,CN10Y
2006-12-08,1275.21,0.030351,,,399989,中证医疗,CNY,CN10Y
2006-12-11,1310.23,0.030527,,,399989,中证医疗,CNY,CN10Y
2006-12-12,1315.85,0.030393,,,399989,中证医疗,CNY,CN10Y
2006-12-13,1296.47,0.030461,,,399989,中证医疗,CNY,CN10Y
2006-12-14,1311.25,0.030335,,,399989,中证医疗,CNY,CN10Y
2006-12-15,1330.06,0.030402,,,399989,中证医疗,CNY,CN10Y
2006-12-18,1349.67,0.030307,,,399989,中证医疗,CNY,CN10Y
2006-12-19,1345.02,0.030232,,,399989,中证医疗,CNY,CN10Y
2006-12-20,1373.96,0.030267,,,399989,中证医疗,CNY,CN10Y
2006-12-21,1364.74,0.0301989999999999,,,399989,中证医疗,CNY,CN10Y
2006-12-22,1353.88,0.030364,,,399989,中证医疗,CNY,CN10Y
2006-12-25,1364.96,0.030408,,,399989,中证医疗,CNY,CN10Y
2006-12-26,1328.06,0.030419,,,399989,中证医疗,CNY,CN10Y
2006-12-27,1325.39,0.030408,,,399989,中证医疗,CNY,CN10Y
2006-12-28,1279.04,0.03026,,,399989,中证医疗,CNY,CN10Y
2006-12-29,1291.96,0.030202,,,399989,中证医疗,CNY,CN10Y
2006-12-30,,0.0302039999999999,,,399989,中证医疗,CNY,CN10Y
2006-12-31,,0.030269,,,399989,中证医疗,CNY,CN10Y
2007-01-04,1293.03,0.030239,,,399989,中证医疗,CNY,CN10Y
2007-01-05,1333.82,0.030211,,,399989,中证医疗,CNY,CN10Y
2007-01-08,1392.3,0.030356,,,399989,中证医疗,CNY,CN10Y
2007-01-09,1441.16,0.0302309999999999,,,399989,中证医疗,CNY,CN10Y
2007-01-10,1479.14,0.030102,,,399989,中证医疗,CNY,CN10Y
2007-01-11,1480.73,0.030047,,,399989,中证医疗,CNY,CN10Y
2007-01-12,1431.98,0.030202,,,399989,中证医疗,CNY,CN10Y
2007-01-15,1530.6,0.030167,,,399989,中证医疗,CNY,CN10Y
2007-01-16,1575.21,0.030175,,,399989,中证医疗,CNY,CN10Y
2007-01-17,1533.7,0.0301759999999999,,,399989,中证医疗,CNY,CN10Y
2007-01-18,1609.21,0.0302729999999999,,,399989,中证医疗,CNY,CN10Y
2007-01-19,1688.16,0.03032,,,399989,中证医疗,CNY,CN10Y
2007-01-22,1776.15,0.030277,,,399989,中证医疗,CNY,CN10Y
2007-01-23,1778.66,0.030373,,,399989,中证医疗,CNY,CN10Y
2007-01-24,1849.65,0.030267,,,399989,中证医疗,CNY,CN10Y
2007-01-25,1761.73,0.03032,,,399989,中证医疗,CNY,CN10Y
2007-01-26,1762.7,0.0303739999999999,,,399989,中证医疗,CNY,CN10Y
2007-01-29,1824.11,0.030427,,,399989,中证医疗,CNY,CN10Y
2007-01-30,1814.06,0.030559,,,399989,中证医疗,CNY,CN10Y
2007-01-31,1708.72,0.030671,,,399989,中证医疗,CNY,CN10Y
2007-02-01,1698.58,0.030676,,,399989,中证医疗,CNY,CN10Y
2007-02-02,1682.91,0.030598,,,399989,中证医疗,CNY,CN10Y
2007-02-05,1738.19,0.0307649999999999,,,399989,中证医疗,CNY,CN10Y
2007-02-06,1784.47,0.030705,,,399989,中证医疗,CNY,CN10Y
2007-02-07,1845.35,0.030704,,,399989,中证医疗,CNY,CN10Y
2007-02-08,1897.64,0.0308139999999999,,,399989,中证医疗,CNY,CN10Y
2007-02-09,1918.04,0.031171,,,399989,中证医疗,CNY,CN10Y
2007-02-12,1934.76,0.031355,,,399989,中证医疗,CNY,CN10Y
2007-02-13,1958.28,0.031367,,,399989,中证医疗,CNY,CN10Y
2007-02-14,1981.0,0.03137,,,399989,中证医疗,CNY,CN10Y
2007-02-15,2025.72,0.031365,,,399989,中证医疗,CNY,CN10Y
2007-02-16,2046.14,0.031361,,,399989,中证医疗,CNY,CN10Y
2007-02-17,,0.0311,,,399989,中证医疗,CNY,CN10Y
2007-02-25,,0.0311,,,399989,中证医疗,CNY,CN10Y
2007-02-26,2144.61,0.0312,,,399989,中证医疗,CNY,CN10Y
2007-02-27,1966.8,0.0314679999999999,,,399989,中证医疗,CNY,CN10Y
2007-02-28,2047.89,0.031466,,,399989,中证医疗,CNY,CN10Y
2007-03-01,1942.52,0.031553,,,399989,中证医疗,CNY,CN10Y
2007-03-02,2016.82,0.0316829999999999,,,399989,中证医疗,CNY,CN10Y
2007-03-05,2025.76,0.031726,,,399989,中证医疗,CNY,CN10Y
2007-03-06,2016.53,0.03179,,,399989,中证医疗,CNY,CN10Y
2007-03-07,2088.19,0.0319,,,399989,中证医疗,CNY,CN10Y
2007-03-08,2174.93,0.032192,,,399989,中证医疗,CNY,CN10Y
2007-03-09,2203.1,0.03223,,,399989,中证医疗,CNY,CN10Y
2007-03-12,2252.17,0.032278,,,399989,中证医疗,CNY,CN10Y
2007-03-13,2282.97,0.0320509999999999,,,399989,中证医疗,CNY,CN10Y
2007-03-14,2277.78,0.032332,,,399989,中证医疗,CNY,CN10Y
2007-03-15,2308.93,0.0328759999999999,,,399989,中证医疗,CNY,CN10Y
2007-03-16,2246.26,0.0330419999999999,,,399989,中证医疗,CNY,CN10Y
2007-03-19,2277.8,0.03337,,,399989,中证医疗,CNY,CN10Y
2007-03-20,2360.99,0.0336,,,399989,中证医疗,CNY,CN10Y
2007-03-21,2382.73,0.034,,,399989,中证医疗,CNY,CN10Y
2007-03-22,2380.15,0.03395,,,399989,中证医疗,CNY,CN10Y
2007-03-23,2347.92,0.034235,,,399989,中证医疗,CNY,CN10Y
2007-03-26,2408.12,0.0342,,,399989,中证医疗,CNY,CN10Y
2007-03-27,2499.82,0.0342,,,399989,中证医疗,CNY,CN10Y
2007-03-28,2435.36,0.034245,,,399989,中证医疗,CNY,CN10Y
2007-03-29,2299.18,0.034386,,,399989,中证医疗,CNY,CN10Y
2007-03-30,2305.2,0.034338,,,399989,中证医疗,CNY,CN10Y
2007-04-02,2363.0,0.0343,,,399989,中证医疗,CNY,CN10Y
2007-04-03,2397.08,0.034277,,,399989,中证医疗,CNY,CN10Y
2007-04-04,2409.93,0.0344,,,399989,中证医疗,CNY,CN10Y
2007-04-05,2441.95,0.034441,,,399989,中证医疗,CNY,CN10Y
2007-04-06,2487.86,0.034615,,,399989,中证医疗,CNY,CN10Y
2007-04-09,2539.9,0.03488,,,399989,中证医疗,CNY,CN10Y
2007-04-10,2679.87,0.034829,,,399989,中证医疗,CNY,CN10Y
2007-04-11,2696.69,0.0349299999999999,,,399989,中证医疗,CNY,CN10Y
2007-04-12,2763.05,0.0349359999999999,,,399989,中证医疗,CNY,CN10Y
2007-04-13,2747.29,0.035202,,,399989,中证医疗,CNY,CN10Y
2007-04-16,2809.4,0.035327,,,399989,中证医疗,CNY,CN10Y
2007-04-17,2875.39,0.035391,,,399989,中证医疗,CNY,CN10Y
2007-04-18,2931.73,0.0356,,,399989,中证医疗,CNY,CN10Y
2007-04-19,2752.96,0.0356999999999999,,,399989,中证医疗,CNY,CN10Y
2007-04-20,2889.98,0.0358,,,399989,中证医疗,CNY,CN10Y
2007-04-23,2980.59,0.0359,,,399989,中证医疗,CNY,CN10Y
2007-04-24,2994.78,0.036139,,,399989,中证医疗,CNY,CN10Y
2007-04-25,2923.82,0.036349,,,399989,中证医疗,CNY,CN10Y
2007-04-26,2960.43,0.035931,,,399989,中证医疗,CNY,CN10Y
2007-04-27,2908.08,0.035914,,,399989,中证医疗,CNY,CN10Y
2007-04-28,,0.035883,,,399989,中证医疗,CNY,CN10Y
2007-04-29,,0.0358,,,399989,中证医疗,CNY,CN10Y
2007-04-30,2864.18,0.035916,,,399989,中证医疗,CNY,CN10Y
2007-05-08,2998.2,0.035933,,,399989,中证医疗,CNY,CN10Y
2007-05-09,2962.73,0.035906,,,399989,中证医疗,CNY,CN10Y
2007-05-10,3017.28,0.0363,,,399989,中证医疗,CNY,CN10Y
2007-05-11,3017.43,0.0368,,,399989,中证医疗,CNY,CN10Y
2007-05-14,3060.87,0.037,,,399989,中证医疗,CNY,CN10Y
2007-05-15,3079.29,0.037992,,,399989,中证医疗,CNY,CN10Y
2007-05-16,3178.4,0.0383,,,399989,中证医疗,CNY,CN10Y
2007-05-17,3261.29,0.0383,,,399989,中证医疗,CNY,CN10Y
2007-05-18,3322.22,0.0383,,,399989,中证医疗,CNY,CN10Y
2007-05-21,3491.22,0.03966,,,399989,中证医疗,CNY,CN10Y
2007-05-22,3531.08,0.0405,,,399989,中证医疗,CNY,CN10Y
2007-05-23,3582.05,0.04064,,,399989,中证医疗,CNY,CN10Y
2007-05-24,3531.59,0.0403,,,399989,中证医疗,CNY,CN10Y
2007-05-25,3589.3,0.0405,,,399989,中证医疗,CNY,CN10Y
2007-05-28,3634.73,0.0407,,,399989,中证医疗,CNY,CN10Y
2007-05-29,3649.6,0.0408,,,399989,中证医疗,CNY,CN10Y
2007-05-30,3311.72,0.0407,,,399989,中证医疗,CNY,CN10Y
2007-05-31,3145.69,0.0406,,,399989,中证医疗,CNY,CN10Y
2007-06-01,2893.64,0.0408,,,399989,中证医疗,CNY,CN10Y
2007-06-04,2644.64,0.041393,,,399989,中证医疗,CNY,CN10Y
2007-06-05,2691.72,0.041309,,,399989,中证医疗,CNY,CN10Y
2007-06-06,2736.65,0.041442,,,399989,中证医疗,CNY,CN10Y
2007-06-07,2867.52,0.041427,,,399989,中证医疗,CNY,CN10Y
2007-06-08,2942.42,0.041624,,,399989,中证医疗,CNY,CN10Y
2007-06-11,2972.75,0.0413759999999999,,,399989,中证医疗,CNY,CN10Y
2007-06-12,2964.74,0.042199,,,399989,中证医疗,CNY,CN10Y
2007-06-13,3077.11,0.04232,,,399989,中证医疗,CNY,CN10Y
2007-06-14,2958.78,0.042669,,,399989,中证医疗,CNY,CN10Y
2007-06-15,2956.63,0.043483,,,399989,中证医疗,CNY,CN10Y
2007-06-18,3051.62,0.043496,,,399989,中证医疗,CNY,CN10Y
2007-06-19,3216.78,0.0439689999999999,,,399989,中证医疗,CNY,CN10Y
2007-06-20,3066.15,0.044408,,,399989,中证医疗,CNY,CN10Y
2007-06-21,3092.08,0.0447,,,399989,中证医疗,CNY,CN10Y
2007-06-22,2966.72,0.0444,,,399989,中证医疗,CNY,CN10Y
2007-06-25,2828.04,0.0441999999999999,,,399989,中证医疗,CNY,CN10Y
2007-06-26,2761.75,0.044,,,399989,中证医疗,CNY,CN10Y
2007-06-27,2785.38,0.043985,,,399989,中证医疗,CNY,CN10Y
2007-06-28,2575.57,0.044538,,,399989,中证医疗,CNY,CN10Y
2007-06-29,2399.27,0.0445,,,399989,中证医疗,CNY,CN10Y
2007-07-02,2372.68,0.0445,,,399989,中证医疗,CNY,CN10Y
2007-07-03,2466.47,0.044726,,,399989,中证医疗,CNY,CN10Y
2007-07-04,2379.69,0.044745,,,399989,中证医疗,CNY,CN10Y
2007-07-05,2182.54,0.04475,,,399989,中证医疗,CNY,CN10Y
2007-07-06,2314.25,0.044261,,,399989,中证医疗,CNY,CN10Y
2007-07-09,2384.59,0.044172,,,399989,中证医疗,CNY,CN10Y
2007-07-10,2249.65,0.044896,,,399989,中证医疗,CNY,CN10Y
2007-07-11,2282.71,0.0447729999999999,,,399989,中证医疗,CNY,CN10Y
2007-07-12,2311.15,0.044777,,,399989,中证医疗,CNY,CN10Y
2007-07-13,2302.12,0.044634,,,399989,中证医疗,CNY,CN10Y
2007-07-16,2257.84,0.0445399999999999,,,399989,中证医疗,CNY,CN10Y
2007-07-17,2293.9,0.044542,,,399989,中证医疗,CNY,CN10Y
2007-07-18,2312.92,0.0445469999999999,,,399989,中证医疗,CNY,CN10Y
2007-07-19,2309.42,0.04455,,,399989,中证医疗,CNY,CN10Y
2007-07-20,2433.95,0.044551,,,399989,中证医疗,CNY,CN10Y
2007-07-23,2583.25,0.04477,,,399989,中证医疗,CNY,CN10Y
2007-07-24,2588.9,0.0446509999999999,,,399989,中证医疗,CNY,CN10Y
2007-07-25,2621.19,0.0433,,,399989,中证医疗,CNY,CN10Y
2007-07-26,2656.55,0.043086,,,399989,中证医疗,CNY,CN10Y
2007-07-27,2694.93,0.043399,,,399989,中证医疗,CNY,CN10Y
2007-07-30,2827.22,0.042848,,,399989,中证医疗,CNY,CN10Y
2007-07-31,2989.94,0.0434009999999999,,,399989,中证医疗,CNY,CN10Y
2007-08-01,2809.84,0.042857,,,399989,中证医疗,CNY,CN10Y
2007-08-02,2837.58,0.042594,,,399989,中证医疗,CNY,CN10Y
2007-08-03,2815.33,0.042855,,,399989,中证医疗,CNY,CN10Y
2007-08-06,2821.54,0.043861,,,399989,中证医疗,CNY,CN10Y
2007-08-07,2854.63,0.043775,,,399989,中证医疗,CNY,CN10Y
2007-08-08,2727.4,0.043166,,,399989,中证医疗,CNY,CN10Y
2007-08-09,2733.39,0.043178,,,399989,中证医疗,CNY,CN10Y
2007-08-10,2676.29,0.043378,,,399989,中证医疗,CNY,CN10Y
2007-08-13,2719.76,0.04357,,,399989,中证医疗,CNY,CN10Y
2007-08-14,2806.09,0.0435679999999999,,,399989,中证医疗,CNY,CN10Y
2007-08-15,2840.39,0.0435409999999999,,,399989,中证医疗,CNY,CN10Y
2007-08-16,2810.45,0.043529,,,399989,中证医疗,CNY,CN10Y
2007-08-17,2816.86,0.043038,,,399989,中证医疗,CNY,CN10Y
2007-08-20,2898.79,0.042636,,,399989,中证医疗,CNY,CN10Y
2007-08-21,2891.87,0.042445,,,399989,中证医疗,CNY,CN10Y
2007-08-22,2871.99,0.04227,,,399989,中证医疗,CNY,CN10Y
2007-08-23,2946.71,0.042064,,,399989,中证医疗,CNY,CN10Y
2007-08-24,2945.98,0.042164,,,399989,中证医疗,CNY,CN10Y
2007-08-27,2962.07,0.04136,,,399989,中证医疗,CNY,CN10Y
2007-08-28,2903.29,0.042049,,,399989,中证医疗,CNY,CN10Y
2007-08-29,2913.73,0.042766,,,399989,中证医疗,CNY,CN10Y
2007-08-30,3014.8,0.042739,,,399989,中证医疗,CNY,CN10Y
2007-08-31,3013.79,0.042743,,,399989,中证医疗,CNY,CN10Y
2007-09-03,3095.73,0.04235,,,399989,中证医疗,CNY,CN10Y
2007-09-04,3028.91,0.042328,,,399989,中证医疗,CNY,CN10Y
2007-09-05,3095.52,0.04244,,,399989,中证医疗,CNY,CN10Y
2007-09-06,3108.65,0.0426769999999999,,,399989,中证医疗,CNY,CN10Y
2007-09-07,2975.32,0.042872,,,399989,中证医疗,CNY,CN10Y
2007-09-10,3019.12,0.042946,,,399989,中证医疗,CNY,CN10Y
2007-09-11,2843.86,0.043615,,,399989,中证医疗,CNY,CN10Y
2007-09-12,2871.42,0.043788,,,399989,中证医疗,CNY,CN10Y
2007-09-13,2936.71,0.043892,,,399989,中证医疗,CNY,CN10Y
2007-09-14,2934.04,0.044893,,,399989,中证医疗,CNY,CN10Y
2007-09-17,2999.18,0.0454209999999999,,,399989,中证医疗,CNY,CN10Y
2007-09-18,2982.28,0.045436,,,399989,中证医疗,CNY,CN10Y
2007-09-19,2887.33,0.0454739999999999,,,399989,中证医疗,CNY,CN10Y
2007-09-20,2940.41,0.045477,,,399989,中证医疗,CNY,CN10Y
2007-09-21,2926.42,0.04495,,,399989,中证医疗,CNY,CN10Y
2007-09-24,3016.1,0.04493,,,399989,中证医疗,CNY,CN10Y
2007-09-25,2979.99,0.044859,,,399989,中证医疗,CNY,CN10Y
2007-09-26,2875.22,0.04445,,,399989,中证医疗,CNY,CN10Y
2007-09-27,2931.67,0.0441999999999999,,,399989,中证医疗,CNY,CN10Y
2007-09-28,2948.15,0.0438999999999999,,,399989,中证医疗,CNY,CN10Y
2007-09-29,,0.04396,,,399989,中证医疗,CNY,CN10Y
2007-09-30,,0.043877,,,399989,中证医疗,CNY,CN10Y
2007-10-08,2896.04,0.0436639999999999,,,399989,中证医疗,CNY,CN10Y
2007-10-09,2916.67,0.0437,,,399989,中证医疗,CNY,CN10Y
2007-10-10,2878.43,0.043737,,,399989,中证医疗,CNY,CN10Y
2007-10-11,2892.61,0.043732,,,399989,中证医疗,CNY,CN10Y
2007-10-12,2725.29,0.043723,,,399989,中证医疗,CNY,CN10Y
2007-10-15,2707.29,0.043746,,,399989,中证医疗,CNY,CN10Y
2007-10-16,2761.0,0.043743,,,399989,中证医疗,CNY,CN10Y
2007-10-17,2774.54,0.0445,,,399989,中证医疗,CNY,CN10Y
2007-10-18,2684.47,0.0446,,,399989,中证医疗,CNY,CN10Y
2007-10-19,2655.63,0.0447,,,399989,中证医疗,CNY,CN10Y
2007-10-22,2534.22,0.0448,,,399989,中证医疗,CNY,CN10Y
2007-10-23,2528.95,0.04485,,,399989,中证医疗,CNY,CN10Y
2007-10-24,2471.74,0.04485,,,399989,中证医疗,CNY,CN10Y
2007-10-25,2302.22,0.04485,,,399989,中证医疗,CNY,CN10Y
2007-10-26,2268.35,0.04485,,,399989,中证医疗,CNY,CN10Y
2007-10-29,2270.88,0.0448,,,399989,中证医疗,CNY,CN10Y
2007-10-30,2308.96,0.04484,,,399989,中证医疗,CNY,CN10Y
2007-10-31,2434.45,0.044937,,,399989,中证医疗,CNY,CN10Y
2007-11-01,2292.56,0.045,,,399989,中证医疗,CNY,CN10Y
2007-11-02,2257.49,0.045,,,399989,中证医疗,CNY,CN10Y
2007-11-05,2310.19,0.045263,,,399989,中证医疗,CNY,CN10Y
2007-11-06,2335.39,0.045248,,,399989,中证医疗,CNY,CN10Y
2007-11-07,2312.97,0.045441,,,399989,中证医疗,CNY,CN10Y
2007-11-08,2252.35,0.045441,,,399989,中证医疗,CNY,CN10Y
2007-11-09,2259.17,0.045743,,,399989,中证医疗,CNY,CN10Y
2007-11-12,2304.98,0.0458629999999999,,,399989,中证医疗,CNY,CN10Y
2007-11-13,2296.08,0.045861,,,399989,中证医疗,CNY,CN10Y
2007-11-14,2349.46,0.045922,,,399989,中证医疗,CNY,CN10Y
2007-11-15,2283.27,0.045973,,,399989,中证医疗,CNY,CN10Y
2007-11-16,2354.29,0.045974,,,399989,中证医疗,CNY,CN10Y
2007-11-19,2453.11,0.045822,,,399989,中证医疗,CNY,CN10Y
2007-11-20,2484.38,0.045569,,,399989,中证医疗,CNY,CN10Y
2007-11-21,2433.93,0.04545,,,399989,中证医疗,CNY,CN10Y
2007-11-22,2397.78,0.0455,,,399989,中证医疗,CNY,CN10Y
2007-11-23,2466.53,0.0454,,,399989,中证医疗,CNY,CN10Y
2007-11-26,2426.27,0.04535,,,399989,中证医疗,CNY,CN10Y
2007-11-27,2414.6,0.045247,,,399989,中证医疗,CNY,CN10Y
2007-11-28,2426.08,0.045089,,,399989,中证医疗,CNY,CN10Y
2007-11-29,2487.59,0.045084,,,399989,中证医疗,CNY,CN10Y
2007-11-30,2475.53,0.045086,,,399989,中证医疗,CNY,CN10Y
2007-12-03,2486.4,0.045085,,,399989,中证医疗,CNY,CN10Y
2007-12-04,2498.25,0.045085,,,399989,中证医疗,CNY,CN10Y
2007-12-05,2548.28,0.045096,,,399989,中证医疗,CNY,CN10Y
2007-12-06,2550.85,0.045038,,,399989,中证医疗,CNY,CN10Y
2007-12-07,2583.36,0.045043,,,399989,中证医疗,CNY,CN10Y
2007-12-10,2649.63,0.044996,,,399989,中证医疗,CNY,CN10Y
2007-12-11,2666.67,0.0451159999999999,,,399989,中证医疗,CNY,CN10Y
2007-12-12,2734.48,0.045118,,,399989,中证医疗,CNY,CN10Y
2007-12-13,2705.96,0.045067,,,399989,中证医疗,CNY,CN10Y
2007-12-14,2774.49,0.044251,,,399989,中证医疗,CNY,CN10Y
2007-12-17,2770.32,0.044282,,,399989,中证医疗,CNY,CN10Y
2007-12-18,2709.16,0.044279,,,399989,中证医疗,CNY,CN10Y
2007-12-19,2720.36,0.04428,,,399989,中证医疗,CNY,CN10Y
2007-12-20,2729.42,0.044282,,,399989,中证医疗,CNY,CN10Y
2007-12-21,2768.21,0.044526,,,399989,中证医疗,CNY,CN10Y
2007-12-24,2798.26,0.044517,,,399989,中证医疗,CNY,CN10Y
2007-12-25,2879.34,0.044528,,,399989,中证医疗,CNY,CN10Y
2007-12-26,2925.49,0.044541,,,399989,中证医疗,CNY,CN10Y
2007-12-27,2910.53,0.044005,,,399989,中证医疗,CNY,CN10Y
2007-12-28,2876.3,0.044357,,,399989,中证医疗,CNY,CN10Y
2007-12-29,,0.044253,,,399989,中证医疗,CNY,CN10Y
2008-01-02,3018.81,0.044363,,,399989,中证医疗,CNY,CN10Y
2008-01-03,3062.22,0.044263,,,399989,中证医疗,CNY,CN10Y
2008-01-04,3023.29,0.044013,,,399989,中证医疗,CNY,CN10Y
2008-01-07,3099.34,0.043948,,,399989,中证医疗,CNY,CN10Y
2008-01-08,3002.06,0.044024,,,399989,中证医疗,CNY,CN10Y
2008-01-09,3053.13,0.044022,,,399989,中证医疗,CNY,CN10Y
2008-01-10,3063.37,0.0440669999999999,,,399989,中证医疗,CNY,CN10Y
2008-01-11,3028.75,0.043893,,,399989,中证医疗,CNY,CN10Y
2008-01-14,3049.31,0.04402,,,399989,中证医疗,CNY,CN10Y
2008-01-15,3094.57,0.044022,,,399989,中证医疗,CNY,CN10Y
2008-01-16,3109.14,0.044028,,,399989,中证医疗,CNY,CN10Y
2008-01-17,3095.77,0.043978,,,399989,中证医疗,CNY,CN10Y
2008-01-18,3101.01,0.0440299999999999,,,399989,中证医疗,CNY,CN10Y
2008-01-21,2920.99,0.0437769999999999,,,399989,中证医疗,CNY,CN10Y
2008-01-22,2629.65,0.0436789999999999,,,399989,中证医疗,CNY,CN10Y
2008-01-23,2740.71,0.042883,,,399989,中证医疗,CNY,CN10Y
2008-01-24,2818.66,0.042433,,,399989,中证医疗,CNY,CN10Y
2008-01-25,2834.54,0.04244,,,399989,中证医疗,CNY,CN10Y
2008-01-28,2600.61,0.042226,,,399989,中证医疗,CNY,CN10Y
2008-01-29,2668.06,0.042539,,,399989,中证医疗,CNY,CN10Y
2008-01-30,2669.33,0.042502,,,399989,中证医疗,CNY,CN10Y
2008-01-31,2604.6,0.0419369999999999,,,399989,中证医疗,CNY,CN10Y
2008-02-01,2527.66,0.041308,,,399989,中证医疗,CNY,CN10Y
2008-02-02,,0.041307,,,399989,中证医疗,CNY,CN10Y
2008-02-03,,0.041309,,,399989,中证医疗,CNY,CN10Y
2008-02-04,2744.74,0.041311,,,399989,中证医疗,CNY,CN10Y
2008-02-05,2742.7,0.041458,,,399989,中证医疗,CNY,CN10Y
2008-02-13,2724.26,0.041559,,,399989,中证医疗,CNY,CN10Y
2008-02-14,2775.94,0.041561,,,399989,中证医疗,CNY,CN10Y
2008-02-15,2741.94,0.041791,,,399989,中证医疗,CNY,CN10Y
2008-02-18,2811.8,0.041924,,,399989,中证医疗,CNY,CN10Y
2008-02-19,2835.1,0.042176,,,399989,中证医疗,CNY,CN10Y
2008-02-20,2808.9,0.041744,,,399989,中证医疗,CNY,CN10Y
2008-02-21,2806.76,0.041818,,,399989,中证医疗,CNY,CN10Y
2008-02-22,2726.71,0.0416,,,399989,中证医疗,CNY,CN10Y
2008-02-25,2627.72,0.041439,,,399989,中证医疗,CNY,CN10Y
2008-02-26,2654.69,0.041413,,,399989,中证医疗,CNY,CN10Y
2008-02-27,2719.89,0.041436,,,399989,中证医疗,CNY,CN10Y
2008-02-28,2734.77,0.041283,,,399989,中证医疗,CNY,CN10Y
2008-02-29,2830.82,0.041283,,,399989,中证医疗,CNY,CN10Y
2008-03-03,2974.9,0.0412849999999999,,,399989,中证医疗,CNY,CN10Y
2008-03-04,2949.32,0.041521,,,399989,中证医疗,CNY,CN10Y
2008-03-05,3023.53,0.041635,,,399989,中证医疗,CNY,CN10Y
2008-03-06,3032.11,0.041768,,,399989,中证医疗,CNY,CN10Y
2008-03-07,2995.23,0.04176,,,399989,中证医疗,CNY,CN10Y
2008-03-10,2906.33,0.041768,,,399989,中证医疗,CNY,CN10Y
2008-03-11,2959.17,0.041953,,,399989,中证医疗,CNY,CN10Y
2008-03-12,2886.91,0.041954,,,399989,中证医疗,CNY,CN10Y
2008-03-13,2829.52,0.0417,,,399989,中证医疗,CNY,CN10Y
2008-03-14,2814.67,0.0415,,,399989,中证医疗,CNY,CN10Y
2008-03-17,2561.53,0.0412479999999999,,,399989,中证医疗,CNY,CN10Y
2008-03-18,2327.89,0.041151,,,399989,中证医疗,CNY,CN10Y
2008-03-19,2423.38,0.04075,,,399989,中证医疗,CNY,CN10Y
2008-03-20,2478.63,0.0408,,,399989,中证医疗,CNY,CN10Y
2008-03-21,2544.63,0.0408,,,399989,中证医疗,CNY,CN10Y
2008-03-24,2475.43,0.04077,,,399989,中证医疗,CNY,CN10Y
2008-03-25,2521.31,0.040511,,,399989,中证医疗,CNY,CN10Y
2008-03-26,2456.37,0.040404,,,399989,中证医疗,CNY,CN10Y
2008-03-27,2304.89,0.040008,,,399989,中证医疗,CNY,CN10Y
2008-03-28,2388.69,0.040116,,,399989,中证医疗,CNY,CN10Y
2008-03-31,2262.92,0.04046,,,399989,中证医疗,CNY,CN10Y
2008-04-01,2064.64,0.040563,,,399989,中证医疗,CNY,CN10Y
2008-04-02,1960.66,0.040517,,,399989,中证医疗,CNY,CN10Y
2008-04-03,2017.51,0.040444,,,399989,中证医疗,CNY,CN10Y
2008-04-07,2082.94,0.04045,,,399989,中证医疗,CNY,CN10Y
2008-04-08,2190.51,0.0404509999999999,,,399989,中证医疗,CNY,CN10Y
2008-04-09,2084.04,0.0404509999999999,,,399989,中证医疗,CNY,CN10Y
2008-04-10,2172.0,0.0404049999999999,,,399989,中证医疗,CNY,CN10Y
2008-04-11,2182.76,0.040457,,,399989,中证医疗,CNY,CN10Y
2008-04-14,2027.13,0.040436,,,399989,中证医疗,CNY,CN10Y
2008-04-15,2076.96,0.040244,,,399989,中证医疗,CNY,CN10Y
2008-04-16,2001.78,0.040184,,,399989,中证医疗,CNY,CN10Y
2008-04-17,1943.44,0.040185,,,399989,中证医疗,CNY,CN10Y
2008-04-18,1828.92,0.0400849999999999,,,399989,中证医疗,CNY,CN10Y
2008-04-21,1860.78,0.040087,,,399989,中证医疗,CNY,CN10Y
2008-04-22,1838.55,0.04009,,,399989,中证医疗,CNY,CN10Y
2008-04-23,1918.78,0.040244,,,399989,中证医疗,CNY,CN10Y
2008-04-24,2107.6,0.040601,,,399989,中证医疗,CNY,CN10Y
2008-04-25,2105.6,0.040654,,,399989,中证医疗,CNY,CN10Y
2008-04-28,2111.31,0.040707,,,399989,中证医疗,CNY,CN10Y
2008-04-29,2112.55,0.040736,,,399989,中证医疗,CNY,CN10Y
2008-04-30,2174.46,0.040725,,,399989,中证医疗,CNY,CN10Y
2008-05-04,,0.040704,,,399989,中证医疗,CNY,CN10Y
2008-05-05,2218.23,0.040631,,,399989,中证医疗,CNY,CN10Y
2008-05-06,2182.61,0.040632,,,399989,中证医疗,CNY,CN10Y
2008-05-07,2088.49,0.04135,,,399989,中证医疗,CNY,CN10Y
2008-05-08,2154.78,0.041253,,,399989,中证医疗,CNY,CN10Y
2008-05-09,2189.8,0.04121,,,399989,中证医疗,CNY,CN10Y
2008-05-12,2306.76,0.041517,,,399989,中证医疗,CNY,CN10Y
2008-05-13,2468.33,0.041486,,,399989,中证医疗,CNY,CN10Y
2008-05-14,2423.17,0.041653,,,399989,中证医疗,CNY,CN10Y
2008-05-15,2389.82,0.041691,,,399989,中证医疗,CNY,CN10Y
2008-05-16,2330.37,0.041493,,,399989,中证医疗,CNY,CN10Y
2008-05-19,2362.11,0.041669,,,399989,中证医疗,CNY,CN10Y
2008-05-20,2168.81,0.041676,,,399989,中证医疗,CNY,CN10Y
2008-05-21,2231.45,0.041677,,,399989,中证医疗,CNY,CN10Y
2008-05-22,2218.48,0.041631,,,399989,中证医疗,CNY,CN10Y
2008-05-23,2232.76,0.0416319999999999,,,399989,中证医疗,CNY,CN10Y
2008-05-26,2192.47,0.041636,,,399989,中证医疗,CNY,CN10Y
2008-05-27,2271.67,0.041618,,,399989,中证医疗,CNY,CN10Y
2008-05-28,2304.42,0.041676,,,399989,中证医疗,CNY,CN10Y
2008-05-29,2222.79,0.041636,,,399989,中证医疗,CNY,CN10Y
2008-05-30,2245.79,0.041589,,,399989,中证医疗,CNY,CN10Y
2008-06-02,2272.66,0.041626,,,399989,中证医疗,CNY,CN10Y
2008-06-03,2265.42,0.041588,,,399989,中证医疗,CNY,CN10Y
2008-06-04,2226.94,0.041589,,,399989,中证医疗,CNY,CN10Y
2008-06-05,2223.76,0.0415909999999999,,,399989,中证医疗,CNY,CN10Y
2008-06-06,2166.11,0.0416169999999999,,,399989,中证医疗,CNY,CN10Y
2008-06-10,1948.69,0.042069,,,399989,中证医疗,CNY,CN10Y
2008-06-11,1880.59,0.043193,,,399989,中证医疗,CNY,CN10Y
2008-06-12,1872.13,0.043009,,,399989,中证医疗,CNY,CN10Y
2008-06-13,1797.34,0.043128,,,399989,中证医疗,CNY,CN10Y
2008-06-16,1810.13,0.0431789999999999,,,399989,中证医疗,CNY,CN10Y
2008-06-17,1706.46,0.043354,,,399989,中证医疗,CNY,CN10Y
2008-06-18,1796.57,0.043356,,,399989,中证医疗,CNY,CN10Y
2008-06-19,1649.93,0.043358,,,399989,中证医疗,CNY,CN10Y
2008-06-20,1728.65,0.0442129999999999,,,399989,中证医疗,CNY,CN10Y
2008-06-23,1696.78,0.044716,,,399989,中证医疗,CNY,CN10Y
2008-06-24,1745.97,0.044626,,,399989,中证医疗,CNY,CN10Y
2008-06-25,1835.04,0.044582,,,399989,中证医疗,CNY,CN10Y
2008-06-26,1838.16,0.045182,,,399989,中证医疗,CNY,CN10Y
2008-06-27,1748.72,0.0455799999999999,,,399989,中证医疗,CNY,CN10Y
2008-06-30,1748.29,0.045285,,,399989,中证医疗,CNY,CN10Y
2008-07-01,1729.73,0.045309,,,399989,中证医疗,CNY,CN10Y
2008-07-02,1753.79,0.04536,,,399989,中证医疗,CNY,CN10Y
2008-07-03,1792.6,0.045311,,,399989,中证医疗,CNY,CN10Y
2008-07-04,1785.8,0.045313,,,399989,中证医疗,CNY,CN10Y
2008-07-07,1845.92,0.045529,,,399989,中证医疗,CNY,CN10Y
2008-07-08,1851.88,0.045331,,,399989,中证医疗,CNY,CN10Y
2008-07-09,1886.64,0.0450589999999999,,,399989,中证医疗,CNY,CN10Y
2008-07-10,1869.07,0.044725,,,399989,中证医疗,CNY,CN10Y
2008-07-11,1841.11,0.044562,,,399989,中证医疗,CNY,CN10Y
2008-07-14,1869.07,0.044328,,,399989,中证医疗,CNY,CN10Y
2008-07-15,1868.6,0.044332,,,399989,中证医疗,CNY,CN10Y
2008-07-16,1804.97,0.0443379999999999,,,399989,中证医疗,CNY,CN10Y
2008-07-17,1816.2,0.04434,,,399989,中证医疗,CNY,CN10Y
2008-07-18,1842.56,0.044236,,,399989,中证医疗,CNY,CN10Y
2008-07-21,1904.36,0.0441899999999999,,,399989,中证医疗,CNY,CN10Y
2008-07-22,1914.59,0.044135,,,399989,中证医疗,CNY,CN10Y
2008-07-23,1893.28,0.0441359999999999,,,399989,中证医疗,CNY,CN10Y
2008-07-24,1919.4,0.044137,,,399989,中证医疗,CNY,CN10Y
2008-07-25,1935.53,0.044342,,,399989,中证医疗,CNY,CN10Y
2008-07-28,1943.09,0.044374,,,399989,中证医疗,CNY,CN10Y
2008-07-29,1949.74,0.0444,,,399989,中证医疗,CNY,CN10Y
2008-07-30,1979.38,0.044351,,,399989,中证医疗,CNY,CN10Y
2008-07-31,1897.5,0.044401,,,399989,中证医疗,CNY,CN10Y
2008-08-01,1922.22,0.0446009999999999,,,399989,中证医疗,CNY,CN10Y
2008-08-04,1889.45,0.044612,,,399989,中证医疗,CNY,CN10Y
2008-08-05,1845.5,0.044565,,,399989,中证医疗,CNY,CN10Y
2008-08-06,1809.64,0.044411,,,399989,中证医疗,CNY,CN10Y
2008-08-07,1850.13,0.0452379999999999,,,399989,中证医疗,CNY,CN10Y
2008-08-08,1724.25,0.044988,,,399989,中证医疗,CNY,CN10Y
2008-08-11,1640.14,0.045596,,,399989,中证医疗,CNY,CN10Y
2008-08-12,1571.98,0.045139,,,399989,中证医疗,CNY,CN10Y
2008-08-13,1568.03,0.045038,,,399989,中证医疗,CNY,CN10Y
2008-08-14,1646.67,0.044736,,,399989,中证医疗,CNY,CN10Y
2008-08-15,1625.81,0.044133,,,399989,中证医疗,CNY,CN10Y
2008-08-18,1587.74,0.044141,,,399989,中证医疗,CNY,CN10Y
2008-08-19,1624.8,0.044042,,,399989,中证医疗,CNY,CN10Y
2008-08-20,1735.08,0.043944,,,399989,中证医疗,CNY,CN10Y
2008-08-21,1612.55,0.043689,,,399989,中证医疗,CNY,CN10Y
2008-08-22,1562.36,0.043554,,,399989,中证医疗,CNY,CN10Y
2008-08-25,1567.28,0.043431,,,399989,中证医疗,CNY,CN10Y
2008-08-26,1435.02,0.043292,,,399989,中证医疗,CNY,CN10Y
2008-08-27,1419.08,0.0430959999999999,,,399989,中证医疗,CNY,CN10Y
2008-08-28,1407.24,0.042753,,,399989,中证医疗,CNY,CN10Y
2008-08-29,1456.34,0.042234,,,399989,中证医疗,CNY,CN10Y
2008-09-01,1374.59,0.041363,,,399989,中证医疗,CNY,CN10Y
2008-09-02,1396.02,0.041714,,,399989,中证医疗,CNY,CN10Y
2008-09-03,1412.14,0.0414109999999999,,,399989,中证医疗,CNY,CN10Y
2008-09-04,1437.46,0.041643,,,399989,中证医疗,CNY,CN10Y
2008-09-05,1344.36,0.041703,,,399989,中证医疗,CNY,CN10Y
2008-09-08,1282.44,0.041705,,,399989,中证医疗,CNY,CN10Y
2008-09-09,1309.4,0.041429,,,399989,中证医疗,CNY,CN10Y
2008-09-10,1324.55,0.0410149999999999,,,399989,中证医疗,CNY,CN10Y
2008-09-11,1314.49,0.040631,,,399989,中证医疗,CNY,CN10Y
2008-09-12,1331.9,0.039712,,,399989,中证医疗,CNY,CN10Y
2008-09-16,1300.61,0.038,,,399989,中证医疗,CNY,CN10Y
2008-09-17,1266.31,0.037119,,,399989,中证医疗,CNY,CN10Y
2008-09-18,1192.83,0.03712,,,399989,中证医疗,CNY,CN10Y
2008-09-19,1312.39,0.0369,,,399989,中证医疗,CNY,CN10Y
2008-09-22,1350.91,0.0375939999999999,,,399989,中证医疗,CNY,CN10Y
2008-09-23,1255.8,0.037612,,,399989,中证医疗,CNY,CN10Y
2008-09-24,1287.39,0.037601,,,399989,中证医疗,CNY,CN10Y
2008-09-25,1334.48,0.037276,,,399989,中证医疗,CNY,CN10Y
2008-09-26,1332.21,0.037282,,,399989,中证医疗,CNY,CN10Y
2008-09-27,,0.037143,,,399989,中证医疗,CNY,CN10Y
2008-09-28,,0.037155,,,399989,中证医疗,CNY,CN10Y
2008-10-06,1283.44,0.036809,,,399989,中证医疗,CNY,CN10Y
2008-10-07,1311.13,0.035309,,,399989,中证医疗,CNY,CN10Y
2008-10-08,1304.1,0.033499,,,399989,中证医疗,CNY,CN10Y
2008-10-09,1288.29,0.0315,,,399989,中证医疗,CNY,CN10Y
2008-10-10,1232.77,0.03051,,,399989,中证医疗,CNY,CN10Y
2008-10-13,1281.34,0.0312599999999999,,,399989,中证医疗,CNY,CN10Y
2008-10-14,1230.21,0.031593,,,399989,中证医疗,CNY,CN10Y
2008-10-15,1234.84,0.031062,,,399989,中证医疗,CNY,CN10Y
2008-10-16,1135.23,0.031267,,,399989,中证医疗,CNY,CN10Y
2008-10-17,1137.08,0.031768,,,399989,中证医疗,CNY,CN10Y
2008-10-20,1185.67,0.03182,,,399989,中证医疗,CNY,CN10Y
2008-10-21,1199.18,0.031826,,,399989,中证医疗,CNY,CN10Y
2008-10-22,1191.75,0.031922,,,399989,中证医疗,CNY,CN10Y
2008-10-23,1235.22,0.031978,,,399989,中证医疗,CNY,CN10Y
2008-10-24,1231.01,0.031931,,,399989,中证医疗,CNY,CN10Y
2008-10-27,1147.34,0.031522,,,399989,中证医疗,CNY,CN10Y
2008-10-28,1213.23,0.031042,,,399989,中证医疗,CNY,CN10Y
2008-10-29,1196.17,0.030694,,,399989,中证医疗,CNY,CN10Y
2008-10-30,1199.51,0.030703,,,399989,中证医疗,CNY,CN10Y
2008-10-31,1175.28,0.030751,,,399989,中证医疗,CNY,CN10Y
2008-11-03,1190.25,0.030549,,,399989,中证医疗,CNY,CN10Y
2008-11-04,1171.52,0.030569,,,399989,中证医疗,CNY,CN10Y
2008-11-05,1226.72,0.030676,,,399989,中证医疗,CNY,CN10Y
2008-11-06,1202.51,0.030424,,,399989,中证医疗,CNY,CN10Y
2008-11-07,1210.3,0.029767,,,399989,中证医疗,CNY,CN10Y
2008-11-10,1273.24,0.029005,,,399989,中证医疗,CNY,CN10Y
2008-11-11,1287.86,0.029221,,,399989,中证医疗,CNY,CN10Y
2008-11-12,1301.85,0.028969,,,399989,中证医疗,CNY,CN10Y
2008-11-13,1347.68,0.028639,,,399989,中证医疗,CNY,CN10Y
2008-11-14,1403.39,0.0294819999999999,,,399989,中证医疗,CNY,CN10Y
2008-11-17,1450.24,0.029984,,,399989,中证医疗,CNY,CN10Y
2008-11-18,1368.29,0.0299739999999999,,,399989,中证医疗,CNY,CN10Y
2008-11-19,1479.63,0.030885,,,399989,中证医疗,CNY,CN10Y
2008-11-20,1480.93,0.030531,,,399989,中证医疗,CNY,CN10Y
2008-11-21,1423.8,0.030049,,,399989,中证医疗,CNY,CN10Y
2008-11-24,1413.79,0.030638,,,399989,中证医疗,CNY,CN10Y
2008-11-25,1354.96,0.031728,,,399989,中证医疗,CNY,CN10Y
2008-11-26,1359.62,0.031034,,,399989,中证医疗,CNY,CN10Y
2008-11-27,1366.51,0.029064,,,399989,中证医疗,CNY,CN10Y
2008-11-28,1361.61,0.029905,,,399989,中证医疗,CNY,CN10Y
2008-12-01,1437.52,0.030378,,,399989,中证医疗,CNY,CN10Y
2008-12-02,1484.64,0.030306,,,399989,中证医疗,CNY,CN10Y
2008-12-03,1546.04,0.029467,,,399989,中证医疗,CNY,CN10Y
2008-12-04,1510.36,0.0293429999999999,,,399989,中证医疗,CNY,CN10Y
2008-12-05,1581.43,0.029061,,,399989,中证医疗,CNY,CN10Y
2008-12-08,1672.78,0.029053,,,399989,中证医疗,CNY,CN10Y
2008-12-09,1629.13,0.030072,,,399989,中证医疗,CNY,CN10Y
2008-12-10,1662.54,0.03013,,,399989,中证医疗,CNY,CN10Y
2008-12-11,1620.46,0.03004,,,399989,中证医疗,CNY,CN10Y
2008-12-12,1512.98,0.029237,,,399989,中证医疗,CNY,CN10Y
2008-12-15,1541.96,0.029186,,,399989,中证医疗,CNY,CN10Y
2008-12-16,1598.89,0.029243,,,399989,中证医疗,CNY,CN10Y
2008-12-17,1610.34,0.0281,,,399989,中证医疗,CNY,CN10Y
2008-12-18,1662.29,0.0270429999999999,,,399989,中证医疗,CNY,CN10Y
2008-12-19,1698.92,0.027384,,,399989,中证医疗,CNY,CN10Y
2008-12-22,1734.75,0.0273899999999999,,,399989,中证医疗,CNY,CN10Y
2008-12-23,1628.6,0.0268869999999999,,,399989,中证医疗,CNY,CN10Y
2008-12-24,1597.7,0.027045,,,399989,中证医疗,CNY,CN10Y
2008-12-25,1603.33,0.0270469999999999,,,399989,中证医疗,CNY,CN10Y
2008-12-26,1577.86,0.027301,,,399989,中证医疗,CNY,CN10Y
2008-12-29,1574.45,0.027559,,,399989,中证医疗,CNY,CN10Y
2008-12-30,1563.86,0.027566,,,399989,中证医疗,CNY,CN10Y
2008-12-31,1521.08,0.027521,,,399989,中证医疗,CNY,CN10Y
2009-01-04,,0.027102,,,399989,中证医疗,CNY,CN10Y
2009-01-05,1610.06,0.0273,,,399989,中证医疗,CNY,CN10Y
2009-01-06,1662.63,0.026909,,,399989,中证医疗,CNY,CN10Y
2009-01-07,1664.14,0.026711,,,399989,中证医疗,CNY,CN10Y
2009-01-08,1622.87,0.026716,,,399989,中证医疗,CNY,CN10Y
2009-01-09,1701.77,0.026722,,,399989,中证医疗,CNY,CN10Y
2009-01-12,1714.29,0.027,,,399989,中证医疗,CNY,CN10Y
2009-01-13,1646.43,0.0282569999999999,,,399989,中证医疗,CNY,CN10Y
2009-01-14,1718.0,0.028818,,,399989,中证医疗,CNY,CN10Y
2009-01-15,1729.69,0.029897,,,399989,中证医疗,CNY,CN10Y
2009-01-16,1724.37,0.02994,,,399989,中证医疗,CNY,CN10Y
2009-01-19,1754.44,0.030123,,,399989,中证医疗,CNY,CN10Y
2009-01-20,1796.82,0.0309949999999999,,,399989,中证医疗,CNY,CN10Y
2009-01-21,1772.66,0.031398,,,399989,中证医疗,CNY,CN10Y
2009-01-22,1854.56,0.030619,,,399989,中证医疗,CNY,CN10Y
2009-01-23,1873.22,0.030367,,,399989,中证医疗,CNY,CN10Y
2009-01-24,,0.030368,,,399989,中证医疗,CNY,CN10Y
2009-02-01,,0.0305019999999999,,,399989,中证医疗,CNY,CN10Y
2009-02-02,1889.32,0.031433,,,399989,中证医疗,CNY,CN10Y
2009-02-03,1941.8,0.031766,,,399989,中证医疗,CNY,CN10Y
2009-02-04,1959.63,0.032946,,,399989,中证医疗,CNY,CN10Y
2009-02-05,1932.24,0.034013,,,399989,中证医疗,CNY,CN10Y
2009-02-06,2000.68,0.0329669999999999,,,399989,中证医疗,CNY,CN10Y
2009-02-09,2057.17,0.03269,,,399989,中证医疗,CNY,CN10Y
2009-02-10,2084.06,0.033001,,,399989,中证医疗,CNY,CN10Y
2009-02-11,2092.87,0.032323,,,399989,中证医疗,CNY,CN10Y
2009-02-12,2068.13,0.031271,,,399989,中证医疗,CNY,CN10Y
2009-02-13,2154.08,0.031321,,,399989,中证医疗,CNY,CN10Y
2009-02-16,2163.84,0.031547,,,399989,中证医疗,CNY,CN10Y
2009-02-17,2124.35,0.031897,,,399989,中证医疗,CNY,CN10Y
2009-02-18,2043.8,0.031703,,,399989,中证医疗,CNY,CN10Y
2009-02-19,2119.55,0.031385,,,399989,中证医疗,CNY,CN10Y
2009-02-20,2194.55,0.031583,,,399989,中证医疗,CNY,CN10Y
2009-02-23,2254.01,0.031555,,,399989,中证医疗,CNY,CN10Y
2009-02-24,2119.68,0.031508,,,399989,中证医疗,CNY,CN10Y
2009-02-25,2163.72,0.031412,,,399989,中证医疗,CNY,CN10Y
2009-02-26,2061.78,0.0314469999999999,,,399989,中证医疗,CNY,CN10Y
2009-02-27,1989.23,0.031508,,,399989,中证医疗,CNY,CN10Y
2009-03-02,2087.69,0.031582,,,399989,中证医疗,CNY,CN10Y
2009-03-03,2170.76,0.031755,,,399989,中证医疗,CNY,CN10Y
2009-03-04,2259.19,0.032075,,,399989,中证医疗,CNY,CN10Y
2009-03-05,2276.17,0.03231,,,399989,中证医疗,CNY,CN10Y
2009-03-06,2228.7,0.032291,,,399989,中证医疗,CNY,CN10Y
2009-03-09,2092.41,0.0320359999999999,,,399989,中证医疗,CNY,CN10Y
2009-03-10,2134.27,0.03178,,,399989,中证医疗,CNY,CN10Y
2009-03-11,2078.82,0.031331,,,399989,中证医疗,CNY,CN10Y
2009-03-12,2110.79,0.031524,,,399989,中证医疗,CNY,CN10Y
2009-03-13,2111.16,0.03148,,,399989,中证医疗,CNY,CN10Y
2009-03-16,2143.23,0.031534,,,399989,中证医疗,CNY,CN10Y
2009-03-17,2251.94,0.031249,,,399989,中证医疗,CNY,CN10Y
2009-03-18,2251.3,0.031,,,399989,中证医疗,CNY,CN10Y
2009-03-19,2289.47,0.030768,,,399989,中证医疗,CNY,CN10Y
2009-03-20,2243.92,0.030772,,,399989,中证医疗,CNY,CN10Y
2009-03-23,2306.86,0.030831,,,399989,中证医疗,CNY,CN10Y
2009-03-24,2301.78,0.031295,,,399989,中证医疗,CNY,CN10Y
2009-03-25,2228.68,0.031297,,,399989,中证医疗,CNY,CN10Y
2009-03-26,2258.13,0.031606,,,399989,中证医疗,CNY,CN10Y
2009-03-27,2252.68,0.031594,,,399989,中证医疗,CNY,CN10Y
2009-03-30,2255.55,0.031608,,,399989,中证医疗,CNY,CN10Y
2009-03-31,2231.11,0.031612,,,399989,中证医疗,CNY,CN10Y
2009-04-01,2281.98,0.031618,,,399989,中证医疗,CNY,CN10Y
2009-04-02,2274.96,0.031714,,,399989,中证医疗,CNY,CN10Y
2009-04-03,2274.08,0.031805,,,399989,中证医疗,CNY,CN10Y
2009-04-07,2314.76,0.031805,,,399989,中证医疗,CNY,CN10Y
2009-04-08,2240.07,0.031869,,,399989,中证医疗,CNY,CN10Y
2009-04-09,2250.56,0.031949,,,399989,中证医疗,CNY,CN10Y
2009-04-10,2309.36,0.0319539999999999,,,399989,中证医疗,CNY,CN10Y
2009-04-13,2357.15,0.031953,,,399989,中证医疗,CNY,CN10Y
2009-04-14,2363.56,0.032044,,,399989,中证医疗,CNY,CN10Y
2009-04-15,2456.12,0.032114,,,399989,中证医疗,CNY,CN10Y
2009-04-16,2575.97,0.031841,,,399989,中证医疗,CNY,CN10Y
2009-04-17,2529.86,0.031634,,,399989,中证医疗,CNY,CN10Y
2009-04-20,2549.68,0.031412,,,399989,中证医疗,CNY,CN10Y
2009-04-21,2562.3,0.031616,,,399989,中证医疗,CNY,CN10Y
2009-04-22,2439.5,0.031609,,,399989,中证医疗,CNY,CN10Y
2009-04-23,2522.22,0.031618,,,399989,中证医疗,CNY,CN10Y
2009-04-24,2522.12,0.0315709999999999,,,399989,中证医疗,CNY,CN10Y
2009-04-27,2468.58,0.031579,,,399989,中证医疗,CNY,CN10Y
2009-04-28,2546.13,0.031532,,,399989,中证医疗,CNY,CN10Y
2009-04-29,2533.63,0.031286,,,399989,中证医疗,CNY,CN10Y
2009-04-30,2560.4,0.031072,,,399989,中证医疗,CNY,CN10Y
2009-05-04,2623.49,0.0310919999999999,,,399989,中证医疗,CNY,CN10Y
2009-05-05,2631.35,0.031036,,,399989,中证医疗,CNY,CN10Y
2009-05-06,2628.23,0.030795,,,399989,中证医疗,CNY,CN10Y
2009-05-07,2582.44,0.030739,,,399989,中证医疗,CNY,CN10Y
2009-05-08,2555.35,0.030701,,,399989,中证医疗,CNY,CN10Y
2009-05-11,2483.46,0.030698,,,399989,中证医疗,CNY,CN10Y
2009-05-12,2489.7,0.030662,,,399989,中证医疗,CNY,CN10Y
2009-05-13,2490.73,0.030365,,,399989,中证医疗,CNY,CN10Y
2009-05-14,2505.88,0.030318,,,399989,中证医疗,CNY,CN10Y
2009-05-15,2520.43,0.0303209999999999,,,399989,中证医疗,CNY,CN10Y
2009-05-18,2498.28,0.030277,,,399989,中证医疗,CNY,CN10Y
2009-05-19,2498.93,0.030384,,,399989,中证医疗,CNY,CN10Y
2009-05-20,2526.25,0.030386,,,399989,中证医疗,CNY,CN10Y
2009-05-21,2461.67,0.030388,,,399989,中证医疗,CNY,CN10Y
2009-05-22,2486.63,0.030434,,,399989,中证医疗,CNY,CN10Y
2009-05-25,2474.68,0.030441,,,399989,中证医疗,CNY,CN10Y
2009-05-26,2506.86,0.030546,,,399989,中证医疗,CNY,CN10Y
2009-05-27,2491.0,0.03039,,,399989,中证医疗,CNY,CN10Y
2009-05-31,,0.030409,,,399989,中证医疗,CNY,CN10Y
2009-06-01,2524.41,0.030615,,,399989,中证医疗,CNY,CN10Y
2009-06-02,2513.68,0.030515,,,399989,中证医疗,CNY,CN10Y
2009-06-03,2511.79,0.03065,,,399989,中证医疗,CNY,CN10Y
2009-06-04,2511.08,0.031349,,,399989,中证医疗,CNY,CN10Y
2009-06-05,2534.92,0.031474,,,399989,中证医疗,CNY,CN10Y
2009-06-08,2525.99,0.031543,,,399989,中证医疗,CNY,CN10Y
2009-06-09,2525.63,0.031481,,,399989,中证医疗,CNY,CN10Y
2009-06-10,2534.37,0.03166,,,399989,中证医疗,CNY,CN10Y
2009-06-11,2540.8,0.0317,,,399989,中证医疗,CNY,CN10Y
2009-06-12,2513.54,0.031868,,,399989,中证医疗,CNY,CN10Y
2009-06-15,2553.24,0.031947,,,399989,中证医疗,CNY,CN10Y
2009-06-16,2540.32,0.031476,,,399989,中证医疗,CNY,CN10Y
2009-06-17,2555.98,0.031332,,,399989,中证医疗,CNY,CN10Y
2009-06-18,2566.54,0.031536,,,399989,中证医疗,CNY,CN10Y
2009-06-19,2601.65,0.031543,,,399989,中证医疗,CNY,CN10Y
2009-06-22,2535.45,0.031876,,,399989,中证医疗,CNY,CN10Y
2009-06-23,2535.86,0.032325,,,399989,中证医疗,CNY,CN10Y
2009-06-24,2529.85,0.032397,,,399989,中证医疗,CNY,CN10Y
2009-06-25,2580.39,0.032525,,,399989,中证医疗,CNY,CN10Y
2009-06-26,2580.64,0.032628,,,399989,中证医疗,CNY,CN10Y
2009-06-29,2560.7,0.032456,,,399989,中证医疗,CNY,CN10Y
2009-06-30,2587.04,0.032403,,,399989,中证医疗,CNY,CN10Y
2009-07-01,2599.78,0.0323,,,399989,中证医疗,CNY,CN10Y
2009-07-02,2616.2,0.032277,,,399989,中证医疗,CNY,CN10Y
2009-07-03,2610.31,0.032534,,,399989,中证医疗,CNY,CN10Y
2009-07-06,2583.93,0.032702,,,399989,中证医疗,CNY,CN10Y
2009-07-07,2651.06,0.032706,,,399989,中证医疗,CNY,CN10Y
2009-07-08,2695.91,0.032709,,,399989,中证医疗,CNY,CN10Y
2009-07-09,2733.24,0.033068,,,399989,中证医疗,CNY,CN10Y
2009-07-10,2727.21,0.033056,,,399989,中证医疗,CNY,CN10Y
2009-07-13,2752.76,0.03306,,,399989,中证医疗,CNY,CN10Y
2009-07-14,2779.39,0.033322,,,399989,中证医疗,CNY,CN10Y
2009-07-15,2791.11,0.033816,,,399989,中证医疗,CNY,CN10Y
2009-07-16,2768.73,0.034421,,,399989,中证医疗,CNY,CN10Y
2009-07-17,2766.92,0.03451,,,399989,中证医疗,CNY,CN10Y
2009-07-20,2786.65,0.03478,,,399989,中证医疗,CNY,CN10Y
2009-07-21,2794.13,0.034697,,,399989,中证医疗,CNY,CN10Y
2009-07-22,2876.14,0.034522,,,399989,中证医疗,CNY,CN10Y
2009-07-23,2870.65,0.034511,,,399989,中证医疗,CNY,CN10Y
2009-07-24,2895.99,0.034588,,,399989,中证医疗,CNY,CN10Y
2009-07-27,2928.35,0.035091,,,399989,中证医疗,CNY,CN10Y
2009-07-28,2897.21,0.034866,,,399989,中证医疗,CNY,CN10Y
2009-07-29,2700.13,0.0350199999999999,,,399989,中证医疗,CNY,CN10Y
2009-07-30,2711.05,0.034905,,,399989,中证医疗,CNY,CN10Y
2009-07-31,2782.22,0.03503,,,399989,中证医疗,CNY,CN10Y
2009-08-03,2809.34,0.035034,,,399989,中证医疗,CNY,CN10Y
2009-08-04,2818.62,0.03515,,,399989,中证医疗,CNY,CN10Y
2009-08-05,2825.16,0.035165,,,399989,中证医疗,CNY,CN10Y
2009-08-06,2789.72,0.035167,,,399989,中证医疗,CNY,CN10Y
2009-08-07,2733.54,0.035168,,,399989,中证医疗,CNY,CN10Y
2009-08-10,2785.39,0.035177,,,399989,中证医疗,CNY,CN10Y
2009-08-11,2808.6,0.0351799999999999,,,399989,中证医疗,CNY,CN10Y
2009-08-12,2701.43,0.035209,,,399989,中证医疗,CNY,CN10Y
2009-08-13,2697.84,0.0351869999999999,,,399989,中证医疗,CNY,CN10Y
2009-08-14,2618.89,0.0351799999999999,,,399989,中证医疗,CNY,CN10Y
2009-08-17,2468.68,0.035231,,,399989,中证医疗,CNY,CN10Y
2009-08-18,2534.14,0.035242,,,399989,中证医疗,CNY,CN10Y
2009-08-19,2451.11,0.035255,,,399989,中证医疗,CNY,CN10Y
2009-08-20,2516.33,0.035162,,,399989,中证医疗,CNY,CN10Y
2009-08-21,2599.7,0.035276,,,399989,中证医疗,CNY,CN10Y
2009-08-24,2664.49,0.034886,,,399989,中证医疗,CNY,CN10Y
2009-08-25,2596.24,0.034966,,,399989,中证医疗,CNY,CN10Y
2009-08-26,2644.49,0.03485,,,399989,中证医疗,CNY,CN10Y
2009-08-27,2719.18,0.034847,,,399989,中证医疗,CNY,CN10Y
2009-08-28,2625.22,0.0348,,,399989,中证医疗,CNY,CN10Y
2009-08-31,2494.4,0.034805,,,399989,中证医疗,CNY,CN10Y
2009-09-01,2435.31,0.03481,,,399989,中证医疗,CNY,CN10Y
2009-09-02,2498.58,0.034982,,,399989,中证医疗,CNY,CN10Y
2009-09-03,2610.35,0.034862,,,399989,中证医疗,CNY,CN10Y
2009-09-04,2685.15,0.034698,,,399989,中证医疗,CNY,CN10Y
2009-09-07,2716.59,0.034317,,,399989,中证医疗,CNY,CN10Y
2009-09-08,2720.51,0.034268,,,399989,中证医疗,CNY,CN10Y
2009-09-09,2700.97,0.034323,,,399989,中证医疗,CNY,CN10Y
2009-09-10,2655.37,0.03451,,,399989,中证医疗,CNY,CN10Y
2009-09-11,2715.56,0.0346519999999999,,,399989,中证医疗,CNY,CN10Y
2009-09-14,2778.05,0.0346309999999999,,,399989,中证医疗,CNY,CN10Y
2009-09-15,2777.51,0.034581,,,399989,中证医疗,CNY,CN10Y
2009-09-16,2794.67,0.034535,,,399989,中证医疗,CNY,CN10Y
2009-09-17,2853.54,0.034636,,,399989,中证医疗,CNY,CN10Y
2009-09-18,2787.46,0.034741,,,399989,中证医疗,CNY,CN10Y
2009-09-21,2838.8,0.035132,,,399989,中证医疗,CNY,CN10Y
2009-09-22,2877.28,0.035212,,,399989,中证医疗,CNY,CN10Y
2009-09-23,2765.58,0.035126,,,399989,中证医疗,CNY,CN10Y
2009-09-24,2689.73,0.0350959999999999,,,399989,中证医疗,CNY,CN10Y
2009-09-25,2675.04,0.035101,,,399989,中证医疗,CNY,CN10Y
2009-09-27,,0.035103,,,399989,中证医疗,CNY,CN10Y
2009-09-28,2585.51,0.034917,,,399989,中证医疗,CNY,CN10Y
2009-09-29,2528.13,0.035,,,399989,中证医疗,CNY,CN10Y
2009-09-30,2541.06,0.035132,,,399989,中证医疗,CNY,CN10Y
2009-10-09,2649.39,0.035542,,,399989,中证医疗,CNY,CN10Y
2009-10-10,,0.035541,,,399989,中证医疗,CNY,CN10Y
2009-10-12,2626.05,0.036043,,,399989,中证医疗,CNY,CN10Y
2009-10-13,2672.94,0.036305,,,399989,中证医疗,CNY,CN10Y
2009-10-14,2719.27,0.036787,,,399989,中证医疗,CNY,CN10Y
2009-10-15,2730.86,0.037,,,399989,中证医疗,CNY,CN10Y
2009-10-16,2729.47,0.037058,,,399989,中证医疗,CNY,CN10Y
2009-10-19,2780.4,0.036789,,,399989,中证医疗,CNY,CN10Y
2009-10-20,2801.16,0.036773,,,399989,中证医疗,CNY,CN10Y
2009-10-21,2751.3,0.036933,,,399989,中证医疗,CNY,CN10Y
2009-10-22,2771.45,0.036587,,,399989,中证医疗,CNY,CN10Y
2009-10-23,2856.12,0.03692,,,399989,中证医疗,CNY,CN10Y
2009-10-26,2884.49,0.036925,,,399989,中证医疗,CNY,CN10Y
2009-10-27,2821.02,0.036905,,,399989,中证医疗,CNY,CN10Y
2009-10-28,2874.19,0.036855,,,399989,中证医疗,CNY,CN10Y
2009-10-29,2822.05,0.036818,,,399989,中证医疗,CNY,CN10Y
2009-10-30,2858.21,0.036886,,,399989,中证医疗,CNY,CN10Y
2009-11-02,2998.0,0.03692,,,399989,中证医疗,CNY,CN10Y
2009-11-03,3001.15,0.036944,,,399989,中证医疗,CNY,CN10Y
2009-11-04,3016.34,0.037038,,,399989,中证医疗,CNY,CN10Y
2009-11-05,3061.49,0.037247,,,399989,中证医疗,CNY,CN10Y
2009-11-06,3014.52,0.037303,,,399989,中证医疗,CNY,CN10Y
2009-11-09,3031.48,0.037313,,,399989,中证医疗,CNY,CN10Y
2009-11-10,3028.55,0.037281,,,399989,中证医疗,CNY,CN10Y
2009-11-11,3069.75,0.036988,,,399989,中证医疗,CNY,CN10Y
2009-11-12,3081.04,0.036918,,,399989,中证医疗,CNY,CN10Y
2009-11-13,3181.52,0.036921,,,399989,中证医疗,CNY,CN10Y
2009-11-16,3260.04,0.036927,,,399989,中证医疗,CNY,CN10Y
2009-11-17,3332.59,0.036956,,,399989,中证医疗,CNY,CN10Y
2009-11-18,3324.77,0.036885,,,399989,中证医疗,CNY,CN10Y
2009-11-19,3448.15,0.0368659999999999,,,399989,中证医疗,CNY,CN10Y
2009-11-20,3465.3,0.036648,,,399989,中证医疗,CNY,CN10Y
2009-11-23,3495.71,0.036703,,,399989,中证医疗,CNY,CN10Y
2009-11-24,3350.68,0.036504,,,399989,中证医疗,CNY,CN10Y
2009-11-25,3515.25,0.03651,,,399989,中证医疗,CNY,CN10Y
2009-11-26,3394.46,0.036459,,,399989,中证医疗,CNY,CN10Y
2009-11-27,3334.03,0.035759,,,399989,中证医疗,CNY,CN10Y
2009-11-30,3496.82,0.035569,,,399989,中证医疗,CNY,CN10Y
2009-12-01,3617.78,0.035723,,,399989,中证医疗,CNY,CN10Y
2009-12-02,3720.86,0.035725,,,399989,中证医疗,CNY,CN10Y
2009-12-03,3754.81,0.035929,,,399989,中证医疗,CNY,CN10Y
2009-12-04,3631.92,0.035983,,,399989,中证医疗,CNY,CN10Y
2009-12-07,3644.23,0.0362,,,399989,中证医疗,CNY,CN10Y
2009-12-08,3633.92,0.036292,,,399989,中证医疗,CNY,CN10Y
2009-12-09,3562.25,0.036251,,,399989,中证医疗,CNY,CN10Y
2009-12-10,3607.58,0.036258,,,399989,中证医疗,CNY,CN10Y
2009-12-11,3590.83,0.036257,,,399989,中证医疗,CNY,CN10Y
2009-12-14,3596.6,0.036348,,,399989,中证医疗,CNY,CN10Y
2009-12-15,3664.39,0.036314,,,399989,中证医疗,CNY,CN10Y
2009-12-16,3719.36,0.036339,,,399989,中证医疗,CNY,CN10Y
2009-12-17,3579.34,0.036365,,,399989,中证医疗,CNY,CN10Y
2009-12-18,3425.29,0.036393,,,399989,中证医疗,CNY,CN10Y
2009-12-21,3505.3,0.036508,,,399989,中证医疗,CNY,CN10Y
2009-12-22,3348.18,0.036507,,,399989,中证医疗,CNY,CN10Y
2009-12-23,3414.37,0.036589,,,399989,中证医疗,CNY,CN10Y
2009-12-24,3516.76,0.036565,,,399989,中证医疗,CNY,CN10Y
2009-12-25,3537.9,0.036543,,,399989,中证医疗,CNY,CN10Y
2009-12-28,3576.67,0.0365,,,399989,中证医疗,CNY,CN10Y
2009-12-29,3551.04,0.036426,,,399989,中证医疗,CNY,CN10Y
2009-12-30,3567.54,0.036429,,,399989,中证医疗,CNY,CN10Y
2009-12-31,3558.63,0.0364219999999999,,,399989,中证医疗,CNY,CN10Y
2010-01-04,3541.56,0.036603,,,399989,中证医疗,CNY,CN10Y
2010-01-05,3589.98,0.036606,,,399989,中证医疗,CNY,CN10Y
2010-01-06,3651.13,0.036425,,,399989,中证医疗,CNY,CN10Y
2010-01-07,3597.68,0.036543,,,399989,中证医疗,CNY,CN10Y
2010-01-08,3580.34,0.036614,,,399989,中证医疗,CNY,CN10Y
2010-01-11,3563.29,0.036696,,,399989,中证医疗,CNY,CN10Y
2010-01-12,3686.18,0.036694,,,399989,中证医疗,CNY,CN10Y
2010-01-13,3683.97,0.0370529999999999,,,399989,中证医疗,CNY,CN10Y
2010-01-14,3760.64,0.036868,,,399989,中证医疗,CNY,CN10Y
2010-01-15,3768.58,0.036871,,,399989,中证医疗,CNY,CN10Y
2010-01-18,3833.81,0.036852,,,399989,中证医疗,CNY,CN10Y
2010-01-19,3843.34,0.036559,,,399989,中证医疗,CNY,CN10Y
2010-01-20,3602.6,0.0364,,,399989,中证医疗,CNY,CN10Y
2010-01-21,3639.97,0.036558,,,399989,中证医疗,CNY,CN10Y
2010-01-22,3550.96,0.0363,,,399989,中证医疗,CNY,CN10Y
2010-01-25,3521.01,0.036,,,399989,中证医疗,CNY,CN10Y
2010-01-26,3357.69,0.035838,,,399989,中证医疗,CNY,CN10Y
2010-01-27,3366.33,0.035648,,,399989,中证医疗,CNY,CN10Y
2010-01-28,3434.83,0.035879,,,399989,中证医疗,CNY,CN10Y
2010-01-29,3480.27,0.0358,,,399989,中证医疗,CNY,CN10Y
2010-02-01,3531.93,0.035406,,,399989,中证医疗,CNY,CN10Y
2010-02-02,3505.42,0.034956,,,399989,中证医疗,CNY,CN10Y
2010-02-03,3524.52,0.034648,,,399989,中证医疗,CNY,CN10Y
2010-02-04,3560.18,0.035006,,,399989,中证医疗,CNY,CN10Y
2010-02-05,3478.18,0.034733,,,399989,中证医疗,CNY,CN10Y
2010-02-08,3416.77,0.034706,,,399989,中证医疗,CNY,CN10Y
2010-02-09,3407.59,0.0347429999999999,,,399989,中证医疗,CNY,CN10Y
2010-02-10,3458.47,0.034615,,,399989,中证医疗,CNY,CN10Y
2010-02-11,3466.52,0.034516,,,399989,中证医疗,CNY,CN10Y
2010-02-12,3500.86,0.03457,,,399989,中证医疗,CNY,CN10Y
2010-02-20,,0.034889,,,399989,中证医疗,CNY,CN10Y
2010-02-21,,0.034841,,,399989,中证医疗,CNY,CN10Y
2010-02-22,3511.65,0.035149,,,399989,中证医疗,CNY,CN10Y
2010-02-23,3564.76,0.0351,,,399989,中证医疗,CNY,CN10Y
2010-02-24,3673.41,0.0346459999999999,,,399989,中证医疗,CNY,CN10Y
2010-02-25,3716.12,0.034448,,,399989,中证医疗,CNY,CN10Y
2010-02-26,3777.35,0.033753,,,399989,中证医疗,CNY,CN10Y
2010-03-01,3813.66,0.033613,,,399989,中证医疗,CNY,CN10Y
2010-03-02,3806.93,0.033414,,,399989,中证医疗,CNY,CN10Y
2010-03-03,3835.91,0.033169,,,399989,中证医疗,CNY,CN10Y
2010-03-04,3705.2,0.033518,,,399989,中证医疗,CNY,CN10Y
2010-03-05,3721.18,0.033537,,,399989,中证医疗,CNY,CN10Y
2010-03-08,3749.0,0.033602,,,399989,中证医疗,CNY,CN10Y
2010-03-09,3751.07,0.033817,,,399989,中证医疗,CNY,CN10Y
2010-03-10,3695.82,0.03403,,,399989,中证医疗,CNY,CN10Y
2010-03-11,3639.37,0.034559,,,399989,中证医疗,CNY,CN10Y
2010-03-12,3589.8,0.034526,,,399989,中证医疗,CNY,CN10Y
2010-03-15,3559.2,0.034484,,,399989,中证医疗,CNY,CN10Y
2010-03-16,3596.16,0.034331,,,399989,中证医疗,CNY,CN10Y
2010-03-17,3681.77,0.033829,,,399989,中证医疗,CNY,CN10Y
2010-03-18,3684.81,0.033639,,,399989,中证医疗,CNY,CN10Y
2010-03-19,3704.63,0.033805,,,399989,中证医疗,CNY,CN10Y
2010-03-22,3757.57,0.034216,,,399989,中证医疗,CNY,CN10Y
2010-03-23,3719.91,0.034062,,,399989,中证医疗,CNY,CN10Y
2010-03-24,3706.33,0.033961,,,399989,中证医疗,CNY,CN10Y
2010-03-25,3656.84,0.034168,,,399989,中证医疗,CNY,CN10Y
2010-03-26,3700.91,0.034582,,,399989,中证医疗,CNY,CN10Y
2010-03-29,3710.79,0.034784,,,399989,中证医疗,CNY,CN10Y
2010-03-30,3767.81,0.034959,,,399989,中证医疗,CNY,CN10Y
2010-03-31,3791.21,0.0348179999999999,,,399989,中证医疗,CNY,CN10Y
2010-04-01,3849.33,0.034742,,,399989,中证医疗,CNY,CN10Y
2010-04-02,3873.58,0.0348,,,399989,中证医疗,CNY,CN10Y
2010-04-06,3949.39,0.035021,,,399989,中证医疗,CNY,CN10Y
2010-04-07,3983.96,0.035182,,,399989,中证医疗,CNY,CN10Y
2010-04-08,4017.88,0.035549,,,399989,中证医疗,CNY,CN10Y
2010-04-09,4155.27,0.035468,,,399989,中证医疗,CNY,CN10Y
2010-04-12,4338.25,0.035343,,,399989,中证医疗,CNY,CN10Y
2010-04-13,4285.39,0.035031,,,399989,中证医疗,CNY,CN10Y
2010-04-14,4285.63,0.035043,,,399989,中证医疗,CNY,CN10Y
2010-04-15,4259.03,0.035071,,,399989,中证医疗,CNY,CN10Y
2010-04-16,4287.97,0.034813,,,399989,中证医疗,CNY,CN10Y
2010-04-19,4219.77,0.034116,,,399989,中证医疗,CNY,CN10Y
2010-04-20,4373.66,0.034086,,,399989,中证医疗,CNY,CN10Y
2010-04-21,4450.1,0.034354,,,399989,中证医疗,CNY,CN10Y
2010-04-22,4480.91,0.034093,,,399989,中证医疗,CNY,CN10Y
2010-04-23,4434.02,0.034106,,,399989,中证医疗,CNY,CN10Y
2010-04-26,4398.74,0.033715,,,399989,中证医疗,CNY,CN10Y
2010-04-27,4369.35,0.033768,,,399989,中证医疗,CNY,CN10Y
2010-04-28,4324.77,0.033456,,,399989,中证医疗,CNY,CN10Y
2010-04-29,4117.66,0.033607,,,399989,中证医疗,CNY,CN10Y
2010-04-30,4035.1,0.033565,,,399989,中证医疗,CNY,CN10Y
2010-05-04,4076.19,0.033826,,,399989,中证医疗,CNY,CN10Y
2010-05-05,4252.37,0.033636,,,399989,中证医疗,CNY,CN10Y
2010-05-06,4208.53,0.033485,,,399989,中证医疗,CNY,CN10Y
2010-05-07,4118.01,0.032721,,,399989,中证医疗,CNY,CN10Y
2010-05-10,3890.36,0.033027,,,399989,中证医疗,CNY,CN10Y
2010-05-11,3753.16,0.032983,,,399989,中证医疗,CNY,CN10Y
2010-05-12,3733.26,0.032781,,,399989,中证医疗,CNY,CN10Y
2010-05-13,3888.56,0.032686,,,399989,中证医疗,CNY,CN10Y
2010-05-14,3962.36,0.032687,,,399989,中证医疗,CNY,CN10Y
2010-05-17,3817.25,0.032257,,,399989,中证医疗,CNY,CN10Y
2010-05-18,3826.68,0.032118,,,399989,中证医疗,CNY,CN10Y
2010-05-19,3840.24,0.031865,,,399989,中证医疗,CNY,CN10Y
2010-05-20,3766.9,0.032078,,,399989,中证医疗,CNY,CN10Y
2010-05-21,3844.31,0.031972,,,399989,中证医疗,CNY,CN10Y
2010-05-24,3970.1,0.032277,,,399989,中证医疗,CNY,CN10Y
2010-05-25,4052.6,0.0320299999999999,,,399989,中证医疗,CNY,CN10Y
2010-05-26,4011.74,0.0322719999999999,,,399989,中证医疗,CNY,CN10Y
2010-05-27,4086.34,0.032416,,,399989,中证医疗,CNY,CN10Y
2010-05-28,4214.7,0.032529,,,399989,中证医疗,CNY,CN10Y
2010-05-31,4195.02,0.03243,,,399989,中证医疗,CNY,CN10Y
2010-06-01,4080.74,0.032726,,,399989,中证医疗,CNY,CN10Y
2010-06-02,4131.39,0.032748,,,399989,中证医疗,CNY,CN10Y
2010-06-03,4101.26,0.032478,,,399989,中证医疗,CNY,CN10Y
2010-06-04,4082.67,0.032512,,,399989,中证医疗,CNY,CN10Y
2010-06-07,4130.14,0.03226,,,399989,中证医疗,CNY,CN10Y
2010-06-08,4161.21,0.0324319999999999,,,399989,中证医疗,CNY,CN10Y
2010-06-09,4226.59,0.032845,,,399989,中证医疗,CNY,CN10Y
2010-06-10,4260.37,0.032891,,,399989,中证医疗,CNY,CN10Y
2010-06-11,4185.83,0.0333199999999999,,,399989,中证医疗,CNY,CN10Y
2010-06-12,,0.033282,,,399989,中证医疗,CNY,CN10Y
2010-06-13,,0.033282,,,399989,中证医疗,CNY,CN10Y
2010-06-17,4049.67,0.033296,,,399989,中证医疗,CNY,CN10Y
2010-06-18,3794.19,0.033836,,,399989,中证医疗,CNY,CN10Y
2010-06-21,3821.65,0.033925,,,399989,中证医疗,CNY,CN10Y
2010-06-22,3885.01,0.033807,,,399989,中证医疗,CNY,CN10Y
2010-06-23,3860.62,0.034129,,,399989,中证医疗,CNY,CN10Y
2010-06-24,3862.6,0.034179,,,399989,中证医疗,CNY,CN10Y
2010-06-25,3822.48,0.033822,,,399989,中证医疗,CNY,CN10Y
2010-06-28,3817.83,0.033435,,,399989,中证医疗,CNY,CN10Y
2010-06-29,3642.75,0.032909,,,399989,中证医疗,CNY,CN10Y
2010-06-30,3636.77,0.03279,,,399989,中证医疗,CNY,CN10Y
2010-07-01,3520.65,0.032848,,,399989,中证医疗,CNY,CN10Y
2010-07-02,3408.16,0.032665,,,399989,中证医疗,CNY,CN10Y
2010-07-05,3344.45,0.032517,,,399989,中证医疗,CNY,CN10Y
2010-07-06,3487.89,0.032168,,,399989,中证医疗,CNY,CN10Y
2010-07-07,3560.84,0.032233,,,399989,中证医疗,CNY,CN10Y
2010-07-08,3539.41,0.032382,,,399989,中证医疗,CNY,CN10Y
2010-07-09,3610.6,0.032347,,,399989,中证医疗,CNY,CN10Y
2010-07-12,3592.84,0.032146,,,399989,中证医疗,CNY,CN10Y
2010-07-13,3538.9,0.031767,,,399989,中证医疗,CNY,CN10Y
2010-07-14,3521.46,0.031744,,,399989,中证医疗,CNY,CN10Y
2010-07-15,3429.04,0.031817,,,399989,中证医疗,CNY,CN10Y
2010-07-16,3450.9,0.031976,,,399989,中证医疗,CNY,CN10Y
2010-07-19,3528.12,0.031901,,,399989,中证医疗,CNY,CN10Y
2010-07-20,3644.48,0.032086,,,399989,中证医疗,CNY,CN10Y
2010-07-21,3643.36,0.032144,,,399989,中证医疗,CNY,CN10Y
2010-07-22,3674.94,0.032161,,,399989,中证医疗,CNY,CN10Y
2010-07-23,3737.22,0.032528,,,399989,中证医疗,CNY,CN10Y
2010-07-26,3743.57,0.032813,,,399989,中证医疗,CNY,CN10Y
2010-07-27,3782.27,0.032816,,,399989,中证医疗,CNY,CN10Y
2010-07-28,3837.63,0.032982,,,399989,中证医疗,CNY,CN10Y
2010-07-29,3821.8,0.032993,,,399989,中证医疗,CNY,CN10Y
2010-07-30,3827.2,0.032996,,,399989,中证医疗,CNY,CN10Y
2010-08-02,3936.04,0.033131,,,399989,中证医疗,CNY,CN10Y
2010-08-03,3827.94,0.033105,,,399989,中证医疗,CNY,CN10Y
2010-08-04,3846.15,0.032971,,,399989,中证医疗,CNY,CN10Y
2010-08-05,3913.8,0.0329669999999999,,,399989,中证医疗,CNY,CN10Y
2010-08-06,3999.89,0.032922,,,399989,中证医疗,CNY,CN10Y
2010-08-09,4090.65,0.032975,,,399989,中证医疗,CNY,CN10Y
2010-08-10,3974.58,0.032972,,,399989,中证医疗,CNY,CN10Y
2010-08-11,4041.25,0.032685,,,399989,中证医疗,CNY,CN10Y
2010-08-12,4010.67,0.03223,,,399989,中证医疗,CNY,CN10Y
2010-08-13,4047.35,0.032374,,,399989,中证医疗,CNY,CN10Y
2010-08-16,4123.69,0.032504,,,399989,中证医疗,CNY,CN10Y
2010-08-17,4114.9,0.032461,,,399989,中证医疗,CNY,CN10Y
2010-08-18,4071.94,0.03245,,,399989,中证医疗,CNY,CN10Y
2010-08-19,4036.9,0.032501,,,399989,中证医疗,CNY,CN10Y
2010-08-20,3918.64,0.032389,,,399989,中证医疗,CNY,CN10Y
2010-08-23,3911.59,0.032346,,,399989,中证医疗,CNY,CN10Y
2010-08-24,3928.73,0.032229,,,399989,中证医疗,CNY,CN10Y
2010-08-25,3888.21,0.0321539999999999,,,399989,中证医疗,CNY,CN10Y
2010-08-26,3876.14,0.032322,,,399989,中证医疗,CNY,CN10Y
2010-08-27,4059.66,0.032379,,,399989,中证医疗,CNY,CN10Y
2010-08-30,4170.7,0.032304,,,399989,中证医疗,CNY,CN10Y
2010-08-31,4146.08,0.032301,,,399989,中证医疗,CNY,CN10Y
2010-09-01,4073.31,0.032358,,,399989,中证医疗,CNY,CN10Y
2010-09-02,4119.51,0.032418,,,399989,中证医疗,CNY,CN10Y
2010-09-03,4189.78,0.032406,,,399989,中证医疗,CNY,CN10Y
2010-09-06,4146.41,0.03258,,,399989,中证医疗,CNY,CN10Y
2010-09-07,4158.3,0.032739,,,399989,中证医疗,CNY,CN10Y
2010-09-08,4173.9,0.032632,,,399989,中证医疗,CNY,CN10Y
2010-09-09,4132.04,0.032681,,,399989,中证医疗,CNY,CN10Y
2010-09-10,4234.29,0.032989,,,399989,中证医疗,CNY,CN10Y
2010-09-13,4266.67,0.033251,,,399989,中证医疗,CNY,CN10Y
2010-09-14,4213.5,0.033205,,,399989,中证医疗,CNY,CN10Y
2010-09-15,4140.77,0.033443,,,399989,中证医疗,CNY,CN10Y
2010-09-16,4090.49,0.033401,,,399989,中证医疗,CNY,CN10Y
2010-09-17,4102.53,0.033504,,,399989,中证医疗,CNY,CN10Y
2010-09-19,,0.0335,,,399989,中证医疗,CNY,CN10Y
2010-09-20,4019.09,0.033388,,,399989,中证医疗,CNY,CN10Y
2010-09-21,3998.32,0.033391,,,399989,中证医疗,CNY,CN10Y
2010-09-25,,0.033387,,,399989,中证医疗,CNY,CN10Y
2010-09-26,,0.033428,,,399989,中证医疗,CNY,CN10Y
2010-09-27,4187.74,0.033378,,,399989,中证医疗,CNY,CN10Y
2010-09-28,4209.48,0.033371,,,399989,中证医疗,CNY,CN10Y
2010-09-29,4141.17,0.03331,,,399989,中证医疗,CNY,CN10Y
2010-09-30,4191.58,0.033183,,,399989,中证医疗,CNY,CN10Y
2010-10-08,4265.75,0.033342,,,399989,中证医疗,CNY,CN10Y
2010-10-09,,0.033584,,,399989,中证医疗,CNY,CN10Y
2010-10-11,4218.5,0.03404,,,399989,中证医疗,CNY,CN10Y
2010-10-12,4183.51,0.034179,,,399989,中证医疗,CNY,CN10Y
2010-10-13,4233.02,0.0342709999999999,,,399989,中证医疗,CNY,CN10Y
2010-10-14,4051.36,0.034275,,,399989,中证医疗,CNY,CN10Y
2010-10-15,4006.86,0.034247,,,399989,中证医疗,CNY,CN10Y
2010-10-18,4014.32,0.034182,,,399989,中证医疗,CNY,CN10Y
2010-10-19,4185.33,0.034205,,,399989,中证医疗,CNY,CN10Y
2010-10-20,4196.52,0.036201,,,399989,中证医疗,CNY,CN10Y
2010-10-21,4174.66,0.03637,,,399989,中证医疗,CNY,CN10Y
2010-10-22,4211.65,0.036358,,,399989,中证医疗,CNY,CN10Y
2010-10-25,4267.95,0.0364069999999999,,,399989,中证医疗,CNY,CN10Y
2010-10-26,4284.29,0.036944,,,399989,中证医疗,CNY,CN10Y
2010-10-27,4223.66,0.036975,,,399989,中证医疗,CNY,CN10Y
2010-10-28,4235.98,0.036863,,,399989,中证医疗,CNY,CN10Y
2010-10-29,4323.15,0.036821,,,399989,中证医疗,CNY,CN10Y
2010-11-01,4532.97,0.036941,,,399989,中证医疗,CNY,CN10Y
2010-11-02,4442.26,0.0374969999999999,,,399989,中证医疗,CNY,CN10Y
2010-11-03,4462.71,0.038113,,,399989,中证医疗,CNY,CN10Y
2010-11-04,4617.19,0.0384339999999999,,,399989,中证医疗,CNY,CN10Y
2010-11-05,4654.64,0.038458,,,399989,中证医疗,CNY,CN10Y
2010-11-08,4716.59,0.038392,,,399989,中证医疗,CNY,CN10Y
2010-11-09,4778.51,0.038445,,,399989,中证医疗,CNY,CN10Y
2010-11-10,4882.34,0.0392039999999999,,,399989,中证医疗,CNY,CN10Y
2010-11-11,4809.03,0.0395299999999999,,,399989,中证医疗,CNY,CN10Y
2010-11-12,4657.88,0.039534,,,399989,中证医疗,CNY,CN10Y
2010-11-15,4889.25,0.03945,,,399989,中证医疗,CNY,CN10Y
2010-11-16,4842.79,0.0390649999999999,,,399989,中证医疗,CNY,CN10Y
2010-11-17,4520.94,0.0385999999999999,,,399989,中证医疗,CNY,CN10Y
2010-11-18,4590.58,0.038336,,,399989,中证医疗,CNY,CN10Y
2010-11-19,4799.09,0.0387,,,399989,中证医疗,CNY,CN10Y
2010-11-22,4911.89,0.039161,,,399989,中证医疗,CNY,CN10Y
2010-11-23,4986.26,0.039317,,,399989,中证医疗,CNY,CN10Y
2010-11-24,5155.42,0.039533,,,399989,中证医疗,CNY,CN10Y
2010-11-25,5100.42,0.039674,,,399989,中证医疗,CNY,CN10Y
2010-11-26,5087.32,0.040123,,,399989,中证医疗,CNY,CN10Y
2010-11-29,5137.41,0.0399589999999999,,,399989,中证医疗,CNY,CN10Y
2010-11-30,4991.91,0.03971,,,399989,中证医疗,CNY,CN10Y
2010-12-01,4929.71,0.038919,,,399989,中证医疗,CNY,CN10Y
2010-12-02,4899.54,0.038609,,,399989,中证医疗,CNY,CN10Y
2010-12-03,4809.83,0.038699,,,399989,中证医疗,CNY,CN10Y
2010-12-06,4738.57,0.038696,,,399989,中证医疗,CNY,CN10Y
2010-12-07,4842.72,0.038435,,,399989,中证医疗,CNY,CN10Y
2010-12-08,4802.54,0.038609,,,399989,中证医疗,CNY,CN10Y
2010-12-09,4763.36,0.039024,,,399989,中证医疗,CNY,CN10Y
2010-12-10,4837.69,0.038888,,,399989,中证医疗,CNY,CN10Y
2010-12-13,4947.24,0.038509,,,399989,中证医疗,CNY,CN10Y
2010-12-14,4978.57,0.038521,,,399989,中证医疗,CNY,CN10Y
2010-12-15,5012.44,0.0381499999999999,,,399989,中证医疗,CNY,CN10Y
2010-12-16,5039.57,0.0380439999999999,,,399989,中证医疗,CNY,CN10Y
2010-12-17,5043.11,0.038058,,,399989,中证医疗,CNY,CN10Y
2010-12-20,4895.32,0.03785,,,399989,中证医疗,CNY,CN10Y
2010-12-21,4876.26,0.037956,,,399989,中证医疗,CNY,CN10Y
2010-12-22,4816.23,0.0380039999999999,,,399989,中证医疗,CNY,CN10Y
2010-12-23,4768.17,0.038108,,,399989,中证医疗,CNY,CN10Y
2010-12-24,4707.77,0.038136,,,399989,中证医疗,CNY,CN10Y
2010-12-27,4553.92,0.038913,,,399989,中证医疗,CNY,CN10Y
2010-12-28,4427.24,0.039118,,,399989,中证医疗,CNY,CN10Y
2010-12-29,4451.85,0.039019,,,399989,中证医疗,CNY,CN10Y
2010-12-30,4474.52,0.0388,,,399989,中证医疗,CNY,CN10Y
2010-12-31,4590.49,0.038799,,,399989,中证医疗,CNY,CN10Y
2011-01-04,4659.8,0.038606,,,399989,中证医疗,CNY,CN10Y
2011-01-05,4645.34,0.038132,,,399989,中证医疗,CNY,CN10Y
2011-01-06,4565.64,0.038339,,,399989,中证医疗,CNY,CN10Y
2011-01-07,4503.65,0.038237,,,399989,中证医疗,CNY,CN10Y
2011-01-10,4315.41,0.038449,,,399989,中证医疗,CNY,CN10Y
2011-01-11,4280.09,0.038703,,,399989,中证医疗,CNY,CN10Y
2011-01-12,4260.26,0.03855,,,399989,中证医疗,CNY,CN10Y
2011-01-13,4259.06,0.038831,,,399989,中证医疗,CNY,CN10Y
2011-01-14,4172.43,0.0391559999999999,,,399989,中证医疗,CNY,CN10Y
2011-01-17,4021.57,0.039651,,,399989,中证医疗,CNY,CN10Y
2011-01-18,4039.81,0.039954,,,399989,中证医疗,CNY,CN10Y
2011-01-19,4138.49,0.039752,,,399989,中证医疗,CNY,CN10Y
2011-01-20,3989.6,0.039749,,,399989,中证医疗,CNY,CN10Y
2011-01-21,4000.57,0.039837,,,399989,中证医疗,CNY,CN10Y
2011-01-24,3888.16,0.039918,,,399989,中证医疗,CNY,CN10Y
2011-01-25,3847.92,0.040152,,,399989,中证医疗,CNY,CN10Y
2011-01-26,3917.23,0.039991,,,399989,中证医疗,CNY,CN10Y
2011-01-27,4004.64,0.0400579999999999,,,399989,中证医疗,CNY,CN10Y
2011-01-28,4022.27,0.040096,,,399989,中证医疗,CNY,CN10Y
2011-01-30,,0.0401,,,399989,中证医疗,CNY,CN10Y
2011-01-31,4065.51,0.040187,,,399989,中证医疗,CNY,CN10Y
2011-02-01,4073.94,0.040186,,,399989,中证医疗,CNY,CN10Y
2011-02-09,4049.33,0.041006,,,399989,中证医疗,CNY,CN10Y
2011-02-10,4176.31,0.041158,,,399989,中证医疗,CNY,CN10Y
2011-02-11,4227.26,0.041062,,,399989,中证医疗,CNY,CN10Y
2011-02-12,,0.041087,,,399989,中证医疗,CNY,CN10Y
2011-02-14,4322.88,0.040552,,,399989,中证医疗,CNY,CN10Y
2011-02-15,4290.17,0.040454,,,399989,中证医疗,CNY,CN10Y
2011-02-16,4355.74,0.04045,,,399989,中证医疗,CNY,CN10Y
2011-02-17,4379.53,0.040449,,,399989,中证医疗,CNY,CN10Y
2011-02-18,4325.66,0.04045,,,399989,中证医疗,CNY,CN10Y
2011-02-21,4387.14,0.0407019999999999,,,399989,中证医疗,CNY,CN10Y
2011-02-22,4261.04,0.0404,,,399989,中证医疗,CNY,CN10Y
2011-02-23,4323.42,0.039946,,,399989,中证医疗,CNY,CN10Y
2011-02-24,4365.59,0.039132,,,399989,中证医疗,CNY,CN10Y
2011-02-25,4332.98,0.039566,,,399989,中证医疗,CNY,CN10Y
2011-02-28,4359.49,0.039314,,,399989,中证医疗,CNY,CN10Y
2011-03-01,4355.56,0.039259,,,399989,中证医疗,CNY,CN10Y
2011-03-02,4323.99,0.039233,,,399989,中证医疗,CNY,CN10Y
2011-03-03,4178.72,0.039279,,,399989,中证医疗,CNY,CN10Y
2011-03-04,4213.39,0.039388,,,399989,中证医疗,CNY,CN10Y
2011-03-07,4252.83,0.039351,,,399989,中证医疗,CNY,CN10Y
2011-03-08,4294.12,0.039078,,,399989,中证医疗,CNY,CN10Y
2011-03-09,4336.92,0.038879,,,399989,中证医疗,CNY,CN10Y
2011-03-10,4418.93,0.039321,,,399989,中证医疗,CNY,CN10Y
2011-03-11,4377.12,0.039328,,,399989,中证医疗,CNY,CN10Y
2011-03-14,4448.7,0.039074,,,399989,中证医疗,CNY,CN10Y
2011-03-15,4405.81,0.038659,,,399989,中证医疗,CNY,CN10Y
2011-03-16,4419.06,0.0385999999999999,,,399989,中证医疗,CNY,CN10Y
2011-03-17,4340.85,0.038326,,,399989,中证医疗,CNY,CN10Y
2011-03-18,4307.46,0.038489,,,399989,中证医疗,CNY,CN10Y
2011-03-21,4282.15,0.038774,,,399989,中证医疗,CNY,CN10Y
2011-03-22,4255.69,0.038987,,,399989,中证医疗,CNY,CN10Y
2011-03-23,4258.59,0.039037,,,399989,中证医疗,CNY,CN10Y
2011-03-24,4249.79,0.038762,,,399989,中证医疗,CNY,CN10Y
2011-03-25,4240.97,0.038714,,,399989,中证医疗,CNY,CN10Y
2011-03-28,4216.3,0.038807,,,399989,中证医疗,CNY,CN10Y
2011-03-29,4103.62,0.0390439999999999,,,399989,中证医疗,CNY,CN10Y
2011-03-30,4064.06,0.039069,,,399989,中证医疗,CNY,CN10Y
2011-03-31,4068.88,0.03912,,,399989,中证医疗,CNY,CN10Y
2011-04-01,4092.4,0.039126,,,399989,中证医疗,CNY,CN10Y
2011-04-02,,0.039078,,,399989,中证医疗,CNY,CN10Y
2011-04-06,4075.24,0.039203,,,399989,中证医疗,CNY,CN10Y
2011-04-07,4091.88,0.039167,,,399989,中证医疗,CNY,CN10Y
2011-04-08,4184.16,0.039081,,,399989,中证医疗,CNY,CN10Y
2011-04-11,4145.18,0.038928,,,399989,中证医疗,CNY,CN10Y
2011-04-12,4115.07,0.0387,,,399989,中证医疗,CNY,CN10Y
2011-04-13,4163.58,0.038703,,,399989,中证医疗,CNY,CN10Y
2011-04-14,4162.39,0.038707,,,399989,中证医疗,CNY,CN10Y
2011-04-15,4120.29,0.038709,,,399989,中证医疗,CNY,CN10Y
2011-04-18,4124.05,0.03896,,,399989,中证医疗,CNY,CN10Y
2011-04-19,4082.88,0.038911,,,399989,中证医疗,CNY,CN10Y
2011-04-20,4157.05,0.038913,,,399989,中证医疗,CNY,CN10Y
2011-04-21,4148.89,0.038912,,,399989,中证医疗,CNY,CN10Y
2011-04-22,4137.5,0.038966,,,399989,中证医疗,CNY,CN10Y
2011-04-25,4149.37,0.038961,,,399989,中证医疗,CNY,CN10Y
2011-04-26,4094.15,0.03896,,,399989,中证医疗,CNY,CN10Y
2011-04-27,4026.92,0.038812,,,399989,中证医疗,CNY,CN10Y
2011-04-28,3910.34,0.0387,,,399989,中证医疗,CNY,CN10Y
2011-04-29,3954.35,0.038713,,,399989,中证医疗,CNY,CN10Y
2011-05-03,4035.01,0.038752,,,399989,中证医疗,CNY,CN10Y
2011-05-04,3975.84,0.038772,,,399989,中证医疗,CNY,CN10Y
2011-05-05,4012.74,0.038715,,,399989,中证医疗,CNY,CN10Y
2011-05-06,4038.92,0.038308,,,399989,中证医疗,CNY,CN10Y
2011-05-09,4061.18,0.038378,,,399989,中证医疗,CNY,CN10Y
2011-05-10,4046.23,0.038326,,,399989,中证医疗,CNY,CN10Y
2011-05-11,4070.82,0.038334,,,399989,中证医疗,CNY,CN10Y
2011-05-12,4017.41,0.038211,,,399989,中证医疗,CNY,CN10Y
2011-05-13,4015.05,0.038363,,,399989,中证医疗,CNY,CN10Y
2011-05-16,4005.03,0.038432,,,399989,中证医疗,CNY,CN10Y
2011-05-17,3999.84,0.038318,,,399989,中证医疗,CNY,CN10Y
2011-05-18,4018.93,0.038338,,,399989,中证医疗,CNY,CN10Y
2011-05-19,3993.75,0.038309,,,399989,中证医疗,CNY,CN10Y
2011-05-20,3978.64,0.038429,,,399989,中证医疗,CNY,CN10Y
2011-05-23,3844.33,0.0384,,,399989,中证医疗,CNY,CN10Y
2011-05-24,3835.92,0.038414,,,399989,中证医疗,CNY,CN10Y
2011-05-25,3798.35,0.038382,,,399989,中证医疗,CNY,CN10Y
2011-05-26,3764.25,0.038352,,,399989,中证医疗,CNY,CN10Y
2011-05-27,3671.2,0.038217,,,399989,中证医疗,CNY,CN10Y
2011-05-30,3601.31,0.038256,,,399989,中证医疗,CNY,CN10Y
2011-05-31,3611.14,0.038311,,,399989,中证医疗,CNY,CN10Y
2011-06-01,3660.89,0.038311,,,399989,中证医疗,CNY,CN10Y
2011-06-02,3614.72,0.0383369999999999,,,399989,中证医疗,CNY,CN10Y
2011-06-03,3696.93,0.0383369999999999,,,399989,中证医疗,CNY,CN10Y
2011-06-07,3739.09,0.038341,,,399989,中证医疗,CNY,CN10Y
2011-06-08,3724.59,0.038572,,,399989,中证医疗,CNY,CN10Y
2011-06-09,3658.74,0.038726,,,399989,中证医疗,CNY,CN10Y
2011-06-10,3650.12,0.03894,,,399989,中证医疗,CNY,CN10Y
2011-06-13,3638.01,0.039036,,,399989,中证医疗,CNY,CN10Y
2011-06-14,3667.55,0.039406,,,399989,中证医疗,CNY,CN10Y
2011-06-15,3640.82,0.039986,,,399989,中证医疗,CNY,CN10Y
2011-06-16,3553.12,0.039839,,,399989,中证医疗,CNY,CN10Y
2011-06-17,3487.44,0.039803,,,399989,中证医疗,CNY,CN10Y
2011-06-20,3418.39,0.039413,,,399989,中证医疗,CNY,CN10Y
2011-06-21,3437.79,0.039003,,,399989,中证医疗,CNY,CN10Y
2011-06-22,3427.74,0.039555,,,399989,中证医疗,CNY,CN10Y
2011-06-23,3497.83,0.039691,,,399989,中证医疗,CNY,CN10Y
2011-06-24,3565.79,0.038963,,,399989,中证医疗,CNY,CN10Y
2011-06-27,3614.99,0.038703,,,399989,中证医疗,CNY,CN10Y
2011-06-28,3659.81,0.038801,,,399989,中证医疗,CNY,CN10Y
2011-06-29,3604.04,0.038833,,,399989,中证医疗,CNY,CN10Y
2011-06-30,3661.99,0.038857,,,399989,中证医疗,CNY,CN10Y
2011-07-01,3664.07,0.038775,,,399989,中证医疗,CNY,CN10Y
2011-07-04,3746.76,0.038842,,,399989,中证医疗,CNY,CN10Y
2011-07-05,3786.88,0.038909,,,399989,中证医疗,CNY,CN10Y
2011-07-06,3801.93,0.039116,,,399989,中证医疗,CNY,CN10Y
2011-07-07,3774.4,0.039021,,,399989,中证医疗,CNY,CN10Y
2011-07-08,3768.97,0.038881,,,399989,中证医疗,CNY,CN10Y
2011-07-11,3815.17,0.038923,,,399989,中证医疗,CNY,CN10Y
2011-07-12,3762.19,0.0388989999999999,,,399989,中证医疗,CNY,CN10Y
2011-07-13,3824.82,0.038913,,,399989,中证医疗,CNY,CN10Y
2011-07-14,3859.82,0.0392039999999999,,,399989,中证医疗,CNY,CN10Y
2011-07-15,3971.11,0.039278,,,399989,中证医疗,CNY,CN10Y
2011-07-18,4014.59,0.039558,,,399989,中证医疗,CNY,CN10Y
2011-07-19,3997.05,0.040088,,,399989,中证医疗,CNY,CN10Y
2011-07-20,3993.94,0.040715,,,399989,中证医疗,CNY,CN10Y
2011-07-21,3941.83,0.0408889999999999,,,399989,中证医疗,CNY,CN10Y
2011-07-22,3967.99,0.040671,,,399989,中证医疗,CNY,CN10Y
2011-07-25,3853.47,0.040663,,,399989,中证医疗,CNY,CN10Y
2011-07-26,3886.69,0.040753,,,399989,中证医疗,CNY,CN10Y
2011-07-27,3944.7,0.0408549999999999,,,399989,中证医疗,CNY,CN10Y
2011-07-28,3944.94,0.040627,,,399989,中证医疗,CNY,CN10Y
2011-07-29,3898.8,0.040477,,,399989,中证医疗,CNY,CN10Y
2011-08-01,3968.19,0.040502,,,399989,中证医疗,CNY,CN10Y
2011-08-02,4006.04,0.040615,,,399989,中证医疗,CNY,CN10Y
2011-08-03,4034.95,0.041201,,,399989,中证医疗,CNY,CN10Y
2011-08-04,4022.21,0.040911,,,399989,中证医疗,CNY,CN10Y
2011-08-05,4009.2,0.040423,,,399989,中证医疗,CNY,CN10Y
2011-08-08,3887.37,0.040007,,,399989,中证医疗,CNY,CN10Y
2011-08-09,3851.71,0.039554,,,399989,中证医疗,CNY,CN10Y
2011-08-10,3916.38,0.039639,,,399989,中证医疗,CNY,CN10Y
2011-08-11,3983.19,0.039291,,,399989,中证医疗,CNY,CN10Y
2011-08-12,4017.06,0.039268,,,399989,中证医疗,CNY,CN10Y
2011-08-15,4083.69,0.0392309999999999,,,399989,中证医疗,CNY,CN10Y
2011-08-16,4043.18,0.039492,,,399989,中证医疗,CNY,CN10Y
2011-08-17,4009.86,0.039432,,,399989,中证医疗,CNY,CN10Y
2011-08-18,3920.02,0.03956,,,399989,中证医疗,CNY,CN10Y
2011-08-19,3892.84,0.039331,,,399989,中证医疗,CNY,CN10Y
2011-08-22,3868.87,0.039325,,,399989,中证医疗,CNY,CN10Y
2011-08-23,3943.75,0.039356,,,399989,中证医疗,CNY,CN10Y
2011-08-24,3968.89,0.039501,,,399989,中证医疗,CNY,CN10Y
2011-08-25,4012.45,0.03975,,,399989,中证医疗,CNY,CN10Y
2011-08-26,4030.98,0.039886,,,399989,中证医疗,CNY,CN10Y
2011-08-29,4009.02,0.040994,,,399989,中证医疗,CNY,CN10Y
2011-08-30,3937.1,0.041303,,,399989,中证医疗,CNY,CN10Y
2011-08-31,3884.25,0.04105,,,399989,中证医疗,CNY,CN10Y
2011-09-01,3862.24,0.040708,,,399989,中证医疗,CNY,CN10Y
2011-09-02,3791.32,0.0407,,,399989,中证医疗,CNY,CN10Y
2011-09-05,3704.07,0.0405009999999999,,,399989,中证医疗,CNY,CN10Y
2011-09-06,3661.68,0.040107,,,399989,中证医疗,CNY,CN10Y
2011-09-07,3765.09,0.0405,,,399989,中证医疗,CNY,CN10Y
2011-09-08,3725.93,0.04065,,,399989,中证医疗,CNY,CN10Y
2011-09-09,3747.33,0.040452,,,399989,中证医疗,CNY,CN10Y
2011-09-13,3695.22,0.040208,,,399989,中证医疗,CNY,CN10Y
2011-09-14,3719.2,0.0402099999999999,,,399989,中证医疗,CNY,CN10Y
2011-09-15,3729.15,0.040495,,,399989,中证医疗,CNY,CN10Y
2011-09-16,3738.64,0.040752,,,399989,中证医疗,CNY,CN10Y
2011-09-19,3722.18,0.040801,,,399989,中证医疗,CNY,CN10Y
2011-09-20,3725.64,0.040801,,,399989,中证医疗,CNY,CN10Y
2011-09-21,3790.31,0.040908,,,399989,中证医疗,CNY,CN10Y
2011-09-22,3654.6,0.040676,,,399989,中证医疗,CNY,CN10Y
2011-09-23,3631.62,0.039662,,,399989,中证医疗,CNY,CN10Y
2011-09-26,3575.31,0.0388779999999999,,,399989,中证医疗,CNY,CN10Y
2011-09-27,3575.4,0.039158,,,399989,中证医疗,CNY,CN10Y
2011-09-28,3501.82,0.039203,,,399989,中证医疗,CNY,CN10Y
2011-09-29,3389.25,0.03884,,,399989,中证医疗,CNY,CN10Y
2011-09-30,3380.58,0.038605,,,399989,中证医疗,CNY,CN10Y
2011-10-08,,0.038605,,,399989,中证医疗,CNY,CN10Y
2011-10-09,,0.038056,,,399989,中证医疗,CNY,CN10Y
2011-10-10,3365.07,0.0377059999999999,,,399989,中证医疗,CNY,CN10Y
2011-10-11,3351.19,0.037593,,,399989,中证医疗,CNY,CN10Y
2011-10-12,3471.13,0.038005,,,399989,中证医疗,CNY,CN10Y
2011-10-13,3504.76,0.038205,,,399989,中证医疗,CNY,CN10Y
2011-10-14,3500.01,0.037707,,,399989,中证医疗,CNY,CN10Y
2011-10-17,3488.91,0.037906,,,399989,中证医疗,CNY,CN10Y
2011-10-18,3388.79,0.0374069999999999,,,399989,中证医疗,CNY,CN10Y
2011-10-19,3383.83,0.037311,,,399989,中证医疗,CNY,CN10Y
2011-10-20,3302.66,0.037266,,,399989,中证医疗,CNY,CN10Y
2011-10-21,3266.21,0.037385,,,399989,中证医疗,CNY,CN10Y
2011-10-24,3306.88,0.037533,,,399989,中证医疗,CNY,CN10Y
2011-10-25,3393.53,0.03796,,,399989,中证医疗,CNY,CN10Y
2011-10-26,3415.02,0.037918,,,399989,中证医疗,CNY,CN10Y
2011-10-27,3389.58,0.0380319999999999,,,399989,中证医疗,CNY,CN10Y
2011-10-28,3507.26,0.03787,,,399989,中证医疗,CNY,CN10Y
2011-10-31,3546.51,0.037607,,,399989,中证医疗,CNY,CN10Y
2011-11-01,3541.27,0.037395,,,399989,中证医疗,CNY,CN10Y
2011-11-02,3620.34,0.037208,,,399989,中证医疗,CNY,CN10Y
2011-11-03,3648.85,0.037233,,,399989,中证医疗,CNY,CN10Y
2011-11-04,3657.82,0.037158,,,399989,中证医疗,CNY,CN10Y
2011-11-07,3649.44,0.037333,,,399989,中证医疗,CNY,CN10Y
2011-11-08,3589.68,0.036988,,,399989,中证医疗,CNY,CN10Y
2011-11-09,3647.4,0.036436,,,399989,中证医疗,CNY,CN10Y
2011-11-10,3736.93,0.035563,,,399989,中证医疗,CNY,CN10Y
2011-11-11,3746.45,0.035916,,,399989,中证医疗,CNY,CN10Y
2011-11-14,3810.94,0.035807,,,399989,中证医疗,CNY,CN10Y
2011-11-15,3829.52,0.036563,,,399989,中证医疗,CNY,CN10Y
2011-11-16,3763.68,0.03626,,,399989,中证医疗,CNY,CN10Y
2011-11-17,3762.98,0.03636,,,399989,中证医疗,CNY,CN10Y
2011-11-18,3693.09,0.036412,,,399989,中证医疗,CNY,CN10Y
2011-11-21,3667.27,0.036598,,,399989,中证医疗,CNY,CN10Y
2011-11-22,3672.93,0.036412,,,399989,中证医疗,CNY,CN10Y
2011-11-23,3640.32,0.035914,,,399989,中证医疗,CNY,CN10Y
2011-11-24,3678.53,0.036103,,,399989,中证医疗,CNY,CN10Y
2011-11-25,3640.63,0.036115,,,399989,中证医疗,CNY,CN10Y
2011-11-28,3725.48,0.036402,,,399989,中证医疗,CNY,CN10Y
2011-11-29,3773.88,0.036315,,,399989,中证医疗,CNY,CN10Y
2011-11-30,3668.33,0.036091,,,399989,中证医疗,CNY,CN10Y
2011-12-01,3755.91,0.035005,,,399989,中证医疗,CNY,CN10Y
2011-12-02,3683.06,0.03472,,,399989,中证医疗,CNY,CN10Y
2011-12-05,3563.85,0.03442,,,399989,中证医疗,CNY,CN10Y
2011-12-06,3594.99,0.03479,,,399989,中证医疗,CNY,CN10Y
2011-12-07,3569.83,0.03489,,,399989,中证医疗,CNY,CN10Y
2011-12-08,3556.06,0.034953,,,399989,中证医疗,CNY,CN10Y
2011-12-09,3506.04,0.034817,,,399989,中证医疗,CNY,CN10Y
2011-12-12,3455.92,0.034927,,,399989,中证医疗,CNY,CN10Y
2011-12-13,3389.26,0.034982,,,399989,中证医疗,CNY,CN10Y
2011-12-14,3356.6,0.034807,,,399989,中证医疗,CNY,CN10Y
2011-12-15,3321.93,0.03489,,,399989,中证医疗,CNY,CN10Y
2011-12-16,3388.62,0.034637,,,399989,中证医疗,CNY,CN10Y
2011-12-19,3402.64,0.034702,,,399989,中证医疗,CNY,CN10Y
2011-12-20,3384.7,0.034655,,,399989,中证医疗,CNY,CN10Y
2011-12-21,3309.18,0.034709,,,399989,中证医疗,CNY,CN10Y
2011-12-22,3285.34,0.034752,,,399989,中证医疗,CNY,CN10Y
2011-12-23,3306.29,0.034803,,,399989,中证医疗,CNY,CN10Y
2011-12-26,3270.57,0.0346519999999999,,,399989,中证医疗,CNY,CN10Y
2011-12-27,3172.12,0.034603,,,399989,中证医疗,CNY,CN10Y
2011-12-28,3101.38,0.034603,,,399989,中证医疗,CNY,CN10Y
2011-12-29,3144.9,0.034453,,,399989,中证医疗,CNY,CN10Y
2011-12-30,3204.36,0.034303,,,399989,中证医疗,CNY,CN10Y
2011-12-31,,0.034211,,,399989,中证医疗,CNY,CN10Y
2012-01-04,3062.39,0.0343949999999999,,,399989,中证医疗,CNY,CN10Y
2012-01-05,2879.12,0.034304,,,399989,中证医疗,CNY,CN10Y
2012-01-06,2890.84,0.03397,,,399989,中证医疗,CNY,CN10Y
2012-01-09,2983.82,0.0338059999999999,,,399989,中证医疗,CNY,CN10Y
2012-01-10,3104.89,0.03403,,,399989,中证医疗,CNY,CN10Y
2012-01-11,3091.69,0.0342079999999999,,,399989,中证医疗,CNY,CN10Y
2012-01-12,3057.24,0.03402,,,399989,中证医疗,CNY,CN10Y
2012-01-13,2894.16,0.034108,,,399989,中证医疗,CNY,CN10Y
2012-01-16,2823.47,0.034233,,,399989,中证医疗,CNY,CN10Y
2012-01-17,2930.1,0.034045,,,399989,中证医疗,CNY,CN10Y
2012-01-18,2785.9,0.033957,,,399989,中证医疗,CNY,CN10Y
2012-01-19,2848.74,0.0337579999999999,,,399989,中证医疗,CNY,CN10Y
2012-01-20,2857.61,0.033808,,,399989,中证医疗,CNY,CN10Y
2012-01-21,,0.033811,,,399989,中证医疗,CNY,CN10Y
2012-01-29,,0.033812,,,399989,中证医疗,CNY,CN10Y
2012-01-30,2858.3,0.034005,,,399989,中证医疗,CNY,CN10Y
2012-01-31,2847.48,0.034064,,,399989,中证医疗,CNY,CN10Y
2012-02-01,2844.44,0.034318,,,399989,中证医疗,CNY,CN10Y
2012-02-02,2883.35,0.0344099999999999,,,399989,中证医疗,CNY,CN10Y
2012-02-03,2930.29,0.03436,,,399989,中证医疗,CNY,CN10Y
2012-02-06,2961.49,0.0347849999999999,,,399989,中证医疗,CNY,CN10Y
2012-02-07,2895.59,0.03481,,,399989,中证医疗,CNY,CN10Y
2012-02-08,2961.85,0.035098,,,399989,中证医疗,CNY,CN10Y
2012-02-09,3003.01,0.035409,,,399989,中证医疗,CNY,CN10Y
2012-02-10,3012.55,0.03521,,,399989,中证医疗,CNY,CN10Y
2012-02-13,3087.04,0.035148,,,399989,中证医疗,CNY,CN10Y
2012-02-14,3082.27,0.03516,,,399989,中证医疗,CNY,CN10Y
2012-02-15,3118.55,0.035335,,,399989,中证医疗,CNY,CN10Y
2012-02-16,3093.18,0.035361,,,399989,中证医疗,CNY,CN10Y
2012-02-17,3077.53,0.035361,,,399989,中证医疗,CNY,CN10Y
2012-02-20,3069.68,0.035116,,,399989,中证医疗,CNY,CN10Y
2012-02-21,3116.25,0.035164,,,399989,中证医疗,CNY,CN10Y
2012-02-22,3186.32,0.035276,,,399989,中证医疗,CNY,CN10Y
2012-02-23,3182.71,0.035254,,,399989,中证医疗,CNY,CN10Y
2012-02-24,3237.19,0.035164,,,399989,中证医疗,CNY,CN10Y
2012-02-27,3231.15,0.035501,,,399989,中证医疗,CNY,CN10Y
2012-02-28,3169.31,0.035464,,,399989,中证医疗,CNY,CN10Y
2012-02-29,3128.62,0.0353399999999999,,,399989,中证医疗,CNY,CN10Y
2012-03-01,3127.01,0.0355,,,399989,中证医疗,CNY,CN10Y
2012-03-02,3236.38,0.035616,,,399989,中证医疗,CNY,CN10Y
2012-03-05,3235.7,0.035614,,,399989,中证医疗,CNY,CN10Y
2012-03-06,3230.47,0.0354649999999999,,,399989,中证医疗,CNY,CN10Y
2012-03-07,3217.2,0.035316,,,399989,中证医疗,CNY,CN10Y
2012-03-08,3250.69,0.035316,,,399989,中证医疗,CNY,CN10Y
2012-03-09,3294.09,0.035367,,,399989,中证医疗,CNY,CN10Y
2012-03-12,3327.18,0.035242,,,399989,中证医疗,CNY,CN10Y
2012-03-13,3335.06,0.0354009999999999,,,399989,中证医疗,CNY,CN10Y
2012-03-14,3231.46,0.035451,,,399989,中证医疗,CNY,CN10Y
2012-03-15,3212.84,0.035589,,,399989,中证医疗,CNY,CN10Y
2012-03-16,3286.24,0.035483,,,399989,中证医疗,CNY,CN10Y
2012-03-19,3327.27,0.03559,,,399989,中证医疗,CNY,CN10Y
2012-03-20,3220.89,0.035601,,,399989,中证医疗,CNY,CN10Y
2012-03-21,3193.22,0.035608,,,399989,中证医疗,CNY,CN10Y
2012-03-22,3168.79,0.035502,,,399989,中证医疗,CNY,CN10Y
2012-03-23,3104.77,0.035267,,,399989,中证医疗,CNY,CN10Y
2012-03-26,3117.34,0.035247,,,399989,中证医疗,CNY,CN10Y
2012-03-27,3109.42,0.035403,,,399989,中证医疗,CNY,CN10Y
2012-03-28,3007.03,0.035223,,,399989,中证医疗,CNY,CN10Y
2012-03-29,2933.77,0.035143,,,399989,中证医疗,CNY,CN10Y
2012-03-30,2906.84,0.035054,,,399989,中证医疗,CNY,CN10Y
2012-03-31,,0.035004,,,399989,中证医疗,CNY,CN10Y
2012-04-01,,0.035204,,,399989,中证医疗,CNY,CN10Y
2012-04-05,2979.84,0.035191,,,399989,中证医疗,CNY,CN10Y
2012-04-06,2980.59,0.035203,,,399989,中证医疗,CNY,CN10Y
2012-04-09,2957.16,0.035352,,,399989,中证医疗,CNY,CN10Y
2012-04-10,2986.76,0.035366,,,399989,中证医疗,CNY,CN10Y
2012-04-11,2973.46,0.035308,,,399989,中证医疗,CNY,CN10Y
2012-04-12,3039.56,0.035407,,,399989,中证医疗,CNY,CN10Y
2012-04-13,3045.17,0.0352769999999999,,,399989,中证医疗,CNY,CN10Y
2012-04-16,3061.48,0.035318,,,399989,中证医疗,CNY,CN10Y
2012-04-17,3024.95,0.035291,,,399989,中证医疗,CNY,CN10Y
2012-04-18,3080.11,0.035366,,,399989,中证医疗,CNY,CN10Y
2012-04-19,3081.68,0.035518,,,399989,中证医疗,CNY,CN10Y
2012-04-20,3097.77,0.035414,,,399989,中证医疗,CNY,CN10Y
2012-04-23,2989.46,0.035407,,,399989,中证医疗,CNY,CN10Y
2012-04-24,2959.49,0.035302,,,399989,中证医疗,CNY,CN10Y
2012-04-25,2956.99,0.035369,,,399989,中证医疗,CNY,CN10Y
2012-04-26,2961.78,0.035357,,,399989,中证医疗,CNY,CN10Y
2012-04-27,2972.35,0.035389,,,399989,中证医疗,CNY,CN10Y
2012-04-28,,0.035391,,,399989,中证医疗,CNY,CN10Y
2012-05-02,3008.08,0.035449,,,399989,中证医疗,CNY,CN10Y
2012-05-03,3070.49,0.035454,,,399989,中证医疗,CNY,CN10Y
2012-05-04,3119.72,0.035512,,,399989,中证医疗,CNY,CN10Y
2012-05-07,3155.74,0.035518,,,399989,中证医疗,CNY,CN10Y
2012-05-08,3122.19,0.03552,,,399989,中证医疗,CNY,CN10Y
2012-05-09,3102.08,0.035414,,,399989,中证医疗,CNY,CN10Y
2012-05-10,3169.63,0.035287,,,399989,中证医疗,CNY,CN10Y
2012-05-11,3132.54,0.034907,,,399989,中证医疗,CNY,CN10Y
2012-05-14,3119.9,0.034461,,,399989,中证医疗,CNY,CN10Y
2012-05-15,3079.55,0.03405,,,399989,中证医疗,CNY,CN10Y
2012-05-16,3032.76,0.033618,,,399989,中证医疗,CNY,CN10Y
2012-05-17,3080.21,0.034116,,,399989,中证医疗,CNY,CN10Y
2012-05-18,3035.45,0.033614,,,399989,中证医疗,CNY,CN10Y
2012-05-21,3018.42,0.033866,,,399989,中证医疗,CNY,CN10Y
2012-05-22,3059.17,0.033948,,,399989,中证医疗,CNY,CN10Y
2012-05-23,3060.74,0.033825,,,399989,中证医疗,CNY,CN10Y
2012-05-24,3009.1,0.0336189999999999,,,399989,中证医疗,CNY,CN10Y
2012-05-25,2918.38,0.033019,,,399989,中证医疗,CNY,CN10Y
2012-05-28,2910.36,0.033418,,,399989,中证医疗,CNY,CN10Y
2012-05-29,2953.26,0.033718,,,399989,中证医疗,CNY,CN10Y
2012-05-30,2956.53,0.033766,,,399989,中证医疗,CNY,CN10Y
2012-05-31,2986.57,0.033443,,,399989,中证医疗,CNY,CN10Y
2012-06-01,3003.33,0.033416,,,399989,中证医疗,CNY,CN10Y
2012-06-04,2963.53,0.033469,,,399989,中证医疗,CNY,CN10Y
2012-06-05,2997.29,0.033568,,,399989,中证医疗,CNY,CN10Y
2012-06-06,2978.26,0.0336,,,399989,中证医疗,CNY,CN10Y
2012-06-07,2950.98,0.033751,,,399989,中证医疗,CNY,CN10Y
2012-06-08,2950.93,0.033101,,,399989,中证医疗,CNY,CN10Y
2012-06-11,3007.96,0.033491,,,399989,中证医疗,CNY,CN10Y
2012-06-12,3046.85,0.033747,,,399989,中证医疗,CNY,CN10Y
2012-06-13,3118.15,0.0339089999999999,,,399989,中证医疗,CNY,CN10Y
2012-06-14,3096.71,0.034009,,,399989,中证医疗,CNY,CN10Y
2012-06-15,3138.1,0.033932,,,399989,中证医疗,CNY,CN10Y
2012-06-18,3177.97,0.034107,,,399989,中证医疗,CNY,CN10Y
2012-06-19,3208.25,0.034093,,,399989,中证医疗,CNY,CN10Y
2012-06-20,3160.45,0.034101,,,399989,中证医疗,CNY,CN10Y
2012-06-21,3122.2,0.034001,,,399989,中证医疗,CNY,CN10Y
2012-06-25,3083.65,0.033677,,,399989,中证医疗,CNY,CN10Y
2012-06-26,3048.72,0.033653,,,399989,中证医疗,CNY,CN10Y
2012-06-27,3082.44,0.033252,,,399989,中证医疗,CNY,CN10Y
2012-06-28,3047.28,0.033253,,,399989,中证医疗,CNY,CN10Y
2012-06-29,3101.13,0.033253,,,399989,中证医疗,CNY,CN10Y
2012-07-02,3161.45,0.033353,,,399989,中证医疗,CNY,CN10Y
2012-07-03,3173.69,0.033204,,,399989,中证医疗,CNY,CN10Y
2012-07-04,3159.77,0.033195,,,399989,中证医疗,CNY,CN10Y
2012-07-05,3150.46,0.033193,,,399989,中证医疗,CNY,CN10Y
2012-07-06,3231.79,0.0329599999999999,,,399989,中证医疗,CNY,CN10Y
2012-07-09,3174.98,0.032709,,,399989,中证医疗,CNY,CN10Y
2012-07-10,3097.74,0.032549,,,399989,中证医疗,CNY,CN10Y
2012-07-11,3140.03,0.0323979999999999,,,399989,中证医疗,CNY,CN10Y
2012-07-12,3179.37,0.032502,,,399989,中证医疗,CNY,CN10Y
2012-07-13,3153.04,0.032591,,,399989,中证医疗,CNY,CN10Y
2012-07-16,3001.94,0.0327519999999999,,,399989,中证医疗,CNY,CN10Y
2012-07-17,3006.9,0.03285,,,399989,中证医疗,CNY,CN10Y
2012-07-18,3025.68,0.032858,,,399989,中证医疗,CNY,CN10Y
2012-07-19,3058.92,0.03286,,,399989,中证医疗,CNY,CN10Y
2012-07-20,3066.6,0.03281,,,399989,中证医疗,CNY,CN10Y
2012-07-23,3054.78,0.03276,,,399989,中证医疗,CNY,CN10Y
2012-07-24,3077.31,0.032759,,,399989,中证医疗,CNY,CN10Y
2012-07-25,3122.49,0.03276,,,399989,中证医疗,CNY,CN10Y
2012-07-26,3117.19,0.032763,,,399989,中证医疗,CNY,CN10Y
2012-07-27,3079.06,0.032764,,,399989,中证医疗,CNY,CN10Y
2012-07-30,3036.41,0.032755,,,399989,中证医疗,CNY,CN10Y
2012-07-31,3005.01,0.032915,,,399989,中证医疗,CNY,CN10Y
2012-08-01,3048.23,0.032921,,,399989,中证医疗,CNY,CN10Y
2012-08-02,3086.43,0.032861,,,399989,中证医疗,CNY,CN10Y
2012-08-03,3176.56,0.032902,,,399989,中证医疗,CNY,CN10Y
2012-08-06,3229.38,0.0331,,,399989,中证医疗,CNY,CN10Y
2012-08-07,3245.68,0.0333,,,399989,中证医疗,CNY,CN10Y
2012-08-08,3203.43,0.033545,,,399989,中证医疗,CNY,CN10Y
2012-08-09,3263.54,0.033023,,,399989,中证医疗,CNY,CN10Y
2012-08-10,3275.5,0.032825,,,399989,中证医疗,CNY,CN10Y
2012-08-13,3222.06,0.033029,,,399989,中证医疗,CNY,CN10Y
2012-08-14,3249.22,0.033105,,,399989,中证医疗,CNY,CN10Y
2012-08-15,3194.76,0.033402,,,399989,中证医疗,CNY,CN10Y
2012-08-16,3160.87,0.033467,,,399989,中证医疗,CNY,CN10Y
2012-08-17,3145.09,0.033342,,,399989,中证医疗,CNY,CN10Y
2012-08-20,3173.91,0.033564,,,399989,中证医疗,CNY,CN10Y
2012-08-21,3261.56,0.033578,,,399989,中证医疗,CNY,CN10Y
2012-08-22,3248.67,0.033935,,,399989,中证医疗,CNY,CN10Y
2012-08-23,3282.88,0.033702,,,399989,中证医疗,CNY,CN10Y
2012-08-24,3221.92,0.033364,,,399989,中证医疗,CNY,CN10Y
2012-08-27,3136.44,0.033498,,,399989,中证医疗,CNY,CN10Y
2012-08-28,3172.64,0.033634,,,399989,中证医疗,CNY,CN10Y
2012-08-29,3152.8,0.033943,,,399989,中证医疗,CNY,CN10Y
2012-08-30,3060.55,0.033904,,,399989,中证医疗,CNY,CN10Y
2012-08-31,3069.06,0.033928,,,399989,中证医疗,CNY,CN10Y
2012-09-03,3115.56,0.034001,,,399989,中证医疗,CNY,CN10Y
2012-09-04,3104.24,0.033836,,,399989,中证医疗,CNY,CN10Y
2012-09-05,3101.7,0.033887,,,399989,中证医疗,CNY,CN10Y
2012-09-06,3113.93,0.033963,,,399989,中证医疗,CNY,CN10Y
2012-09-07,3187.54,0.034162,,,399989,中证医疗,CNY,CN10Y
2012-09-10,3182.81,0.034611,,,399989,中证医疗,CNY,CN10Y
2012-09-11,3185.09,0.034714,,,399989,中证医疗,CNY,CN10Y
2012-09-12,3175.39,0.0349089999999999,,,399989,中证医疗,CNY,CN10Y
2012-09-13,3130.53,0.034834,,,399989,中证医疗,CNY,CN10Y
2012-09-14,3111.07,0.035485,,,399989,中证医疗,CNY,CN10Y
2012-09-17,3030.38,0.035717,,,399989,中证医疗,CNY,CN10Y
2012-09-18,3008.38,0.035216,,,399989,中证医疗,CNY,CN10Y
2012-09-19,3011.06,0.035166,,,399989,中证医疗,CNY,CN10Y
2012-09-20,2935.65,0.035171,,,399989,中证医疗,CNY,CN10Y
2012-09-21,2892.11,0.034998,,,399989,中证医疗,CNY,CN10Y
2012-09-24,2904.61,0.034956,,,399989,中证医疗,CNY,CN10Y
2012-09-25,2898.84,0.034676,,,399989,中证医疗,CNY,CN10Y
2012-09-26,2841.51,0.034444,,,399989,中证医疗,CNY,CN10Y
2012-09-27,2901.13,0.034525,,,399989,中证医疗,CNY,CN10Y
2012-09-28,2936.18,0.034575,,,399989,中证医疗,CNY,CN10Y
2012-09-29,,0.034574,,,399989,中证医疗,CNY,CN10Y
2012-10-08,2951.19,0.034814,,,399989,中证医疗,CNY,CN10Y
2012-10-09,3020.74,0.034921,,,399989,中证医疗,CNY,CN10Y
2012-10-10,3040.02,0.035036,,,399989,中证医疗,CNY,CN10Y
2012-10-11,3000.98,0.03499,,,399989,中证医疗,CNY,CN10Y
2012-10-12,2995.68,0.034807,,,399989,中证医疗,CNY,CN10Y
2012-10-15,2975.93,0.03473,,,399989,中证医疗,CNY,CN10Y
2012-10-16,3006.12,0.0349029999999999,,,399989,中证医疗,CNY,CN10Y
2012-10-17,3078.92,0.035036,,,399989,中证医疗,CNY,CN10Y
2012-10-18,3128.62,0.03519,,,399989,中证医疗,CNY,CN10Y
2012-10-19,3094.2,0.03535,,,399989,中证医疗,CNY,CN10Y
2012-10-22,3125.5,0.035293,,,399989,中证医疗,CNY,CN10Y
2012-10-23,3074.4,0.035454,,,399989,中证医疗,CNY,CN10Y
2012-10-24,3052.89,0.035478,,,399989,中证医疗,CNY,CN10Y
2012-10-25,3001.62,0.035672,,,399989,中证医疗,CNY,CN10Y
2012-10-26,2943.35,0.035727,,,399989,中证医疗,CNY,CN10Y
2012-10-29,2955.61,0.035668,,,399989,中证医疗,CNY,CN10Y
2012-10-30,2960.39,0.035648,,,399989,中证医疗,CNY,CN10Y
2012-10-31,2973.47,0.035739,,,399989,中证医疗,CNY,CN10Y
2012-11-01,3011.29,0.0359839999999999,,,399989,中证医疗,CNY,CN10Y
2012-11-02,3020.83,0.035852,,,399989,中证医疗,CNY,CN10Y
2012-11-05,2998.7,0.035872,,,399989,中证医疗,CNY,CN10Y
2012-11-06,2995.64,0.035771,,,399989,中证医疗,CNY,CN10Y
2012-11-07,2989.03,0.035644,,,399989,中证医疗,CNY,CN10Y
2012-11-08,2915.88,0.035609,,,399989,中证医疗,CNY,CN10Y
2012-11-09,2872.02,0.035594,,,399989,中证医疗,CNY,CN10Y
2012-11-12,2839.54,0.035585,,,399989,中证医疗,CNY,CN10Y
2012-11-13,2808.55,0.03547,,,399989,中证医疗,CNY,CN10Y
2012-11-14,2812.9,0.035356,,,399989,中证医疗,CNY,CN10Y
2012-11-15,2795.03,0.035279,,,399989,中证医疗,CNY,CN10Y
2012-11-16,2781.18,0.035133,,,399989,中证医疗,CNY,CN10Y
2012-11-19,2777.86,0.03501,,,399989,中证医疗,CNY,CN10Y
2012-11-20,2732.78,0.0351109999999999,,,399989,中证医疗,CNY,CN10Y
2012-11-21,2753.79,0.035205,,,399989,中证医疗,CNY,CN10Y
2012-11-22,2698.11,0.035357,,,399989,中证医疗,CNY,CN10Y
2012-11-23,2693.94,0.035428,,,399989,中证医疗,CNY,CN10Y
2012-11-26,2667.22,0.035511,,,399989,中证医疗,CNY,CN10Y
2012-11-27,2598.07,0.03557,,,399989,中证医疗,CNY,CN10Y
2012-11-28,2547.82,0.035535,,,399989,中证医疗,CNY,CN10Y
2012-11-29,2530.61,0.035311,,,399989,中证医疗,CNY,CN10Y
2012-11-30,2580.55,0.035332,,,399989,中证医疗,CNY,CN10Y
2012-12-03,2516.01,0.035397,,,399989,中证医疗,CNY,CN10Y
2012-12-04,2552.76,0.035498,,,399989,中证医疗,CNY,CN10Y
2012-12-05,2632.62,0.035622,,,399989,中证医疗,CNY,CN10Y
2012-12-06,2616.2,0.03558,,,399989,中证医疗,CNY,CN10Y
2012-12-07,2673.03,0.035689,,,399989,中证医疗,CNY,CN10Y
2012-12-10,2692.55,0.035707,,,399989,中证医疗,CNY,CN10Y
2012-12-11,2668.25,0.0356579999999999,,,399989,中证医疗,CNY,CN10Y
2012-12-12,2641.54,0.035666,,,399989,中证医疗,CNY,CN10Y
2012-12-13,2616.58,0.035649,,,399989,中证医疗,CNY,CN10Y
2012-12-14,2721.43,0.035781,,,399989,中证医疗,CNY,CN10Y
2012-12-17,2710.49,0.035814,,,399989,中证医疗,CNY,CN10Y
2012-12-18,2692.88,0.035843,,,399989,中证医疗,CNY,CN10Y
2012-12-19,2702.81,0.035942,,,399989,中证医疗,CNY,CN10Y
2012-12-20,2709.45,0.036086,,,399989,中证医疗,CNY,CN10Y
2012-12-21,2758.95,0.03606,,,399989,中证医疗,CNY,CN10Y
2012-12-24,2833.73,0.036009,,,399989,中证医疗,CNY,CN10Y
2012-12-25,2880.49,0.035955,,,399989,中证医疗,CNY,CN10Y
2012-12-26,2920.78,0.035925,,,399989,中证医疗,CNY,CN10Y
2012-12-27,2889.79,0.035803,,,399989,中证医疗,CNY,CN10Y
2012-12-28,2923.83,0.035752,,,399989,中证医疗,CNY,CN10Y
2012-12-31,2958.84,0.035738,,,399989,中证医疗,CNY,CN10Y
2013-01-04,2920.99,0.036062,,,399989,中证医疗,CNY,CN10Y
2013-01-05,,0.036003,,,399989,中证医疗,CNY,CN10Y
2013-01-06,,0.03595,,,399989,中证医疗,CNY,CN10Y
2013-01-07,2962.48,0.035965,,,399989,中证医疗,CNY,CN10Y
2013-01-08,3029.5,0.035943,,,399989,中证医疗,CNY,CN10Y
2013-01-09,2993.61,0.03575,,,399989,中证医疗,CNY,CN10Y
2013-01-10,3059.49,0.03595,,,399989,中证医疗,CNY,CN10Y
2013-01-11,2991.25,0.0359989999999999,,,399989,中证医疗,CNY,CN10Y
2013-01-14,3098.88,0.036023,,,399989,中证医疗,CNY,CN10Y
2013-01-15,3151.74,0.036008,,,399989,中证医疗,CNY,CN10Y
2013-01-16,3151.98,0.0360469999999999,,,399989,中证医疗,CNY,CN10Y
2013-01-17,3138.45,0.035986,,,399989,中证医疗,CNY,CN10Y
2013-01-18,3188.8,0.035834,,,399989,中证医疗,CNY,CN10Y
2013-01-21,3205.92,0.035743,,,399989,中证医疗,CNY,CN10Y
2013-01-22,3133.91,0.035705,,,399989,中证医疗,CNY,CN10Y
2013-01-23,3144.29,0.035682,,,399989,中证医疗,CNY,CN10Y
2013-01-24,3093.1,0.035816,,,399989,中证医疗,CNY,CN10Y
2013-01-25,3171.42,0.035837,,,399989,中证医疗,CNY,CN10Y
2013-01-28,3260.63,0.036042,,,399989,中证医疗,CNY,CN10Y
2013-01-29,3276.17,0.036116,,,399989,中证医疗,CNY,CN10Y
2013-01-30,3263.06,0.036053,,,399989,中证医疗,CNY,CN10Y
2013-01-31,3234.71,0.036054,,,399989,中证医疗,CNY,CN10Y
2013-02-01,3232.88,0.036004,,,399989,中证医疗,CNY,CN10Y
2013-02-04,3164.07,0.036016,,,399989,中证医疗,CNY,CN10Y
2013-02-05,3239.38,0.03591,,,399989,中证医疗,CNY,CN10Y
2013-02-06,3265.21,0.035922,,,399989,中证医疗,CNY,CN10Y
2013-02-07,3298.23,0.035928,,,399989,中证医疗,CNY,CN10Y
2013-02-08,3374.27,0.035859,,,399989,中证医疗,CNY,CN10Y
2013-02-16,,0.035922,,,399989,中证医疗,CNY,CN10Y
2013-02-17,,0.035847,,,399989,中证医疗,CNY,CN10Y
2013-02-18,3430.06,0.035929,,,399989,中证医疗,CNY,CN10Y
2013-02-19,3355.84,0.035931,,,399989,中证医疗,CNY,CN10Y
2013-02-20,3527.91,0.035632,,,399989,中证医疗,CNY,CN10Y
2013-02-21,3490.91,0.035623,,,399989,中证医疗,CNY,CN10Y
2013-02-22,3469.83,0.035708,,,399989,中证医疗,CNY,CN10Y
2013-02-25,3500.13,0.035821,,,399989,中证医疗,CNY,CN10Y
2013-02-26,3476.19,0.035948,,,399989,中证医疗,CNY,CN10Y
2013-02-27,3414.29,0.035904,,,399989,中证医疗,CNY,CN10Y
2013-02-28,3469.74,0.0359569999999999,,,399989,中证医疗,CNY,CN10Y
2013-03-01,3564.56,0.035878,,,399989,中证医疗,CNY,CN10Y
2013-03-04,3487.79,0.035785,,,399989,中证医疗,CNY,CN10Y
2013-03-05,3623.84,0.03576,,,399989,中证医疗,CNY,CN10Y
2013-03-06,3652.28,0.035802,,,399989,中证医疗,CNY,CN10Y
2013-03-07,3550.92,0.035813,,,399989,中证医疗,CNY,CN10Y
2013-03-08,3473.93,0.035816,,,399989,中证医疗,CNY,CN10Y
2013-03-11,3489.36,0.03583,,,399989,中证医疗,CNY,CN10Y
2013-03-12,3367.28,0.035897,,,399989,中证医疗,CNY,CN10Y
2013-03-13,3335.29,0.035898,,,399989,中证医疗,CNY,CN10Y
2013-03-14,3363.54,0.035919,,,399989,中证医疗,CNY,CN10Y
2013-03-15,3400.7,0.035919,,,399989,中证医疗,CNY,CN10Y
2013-03-18,3374.18,0.035971,,,399989,中证医疗,CNY,CN10Y
2013-03-19,3354.67,0.035922,,,399989,中证医疗,CNY,CN10Y
2013-03-20,3441.91,0.035722,,,399989,中证医疗,CNY,CN10Y
2013-03-21,3486.16,0.035819,,,399989,中证医疗,CNY,CN10Y
2013-03-22,3503.41,0.035816,,,399989,中证医疗,CNY,CN10Y
2013-03-25,3490.9,0.0357699999999999,,,399989,中证医疗,CNY,CN10Y
2013-03-26,3438.16,0.035717,,,399989,中证医疗,CNY,CN10Y
2013-03-27,3444.23,0.035611,,,399989,中证医疗,CNY,CN10Y
2013-03-28,3380.61,0.035505,,,399989,中证医疗,CNY,CN10Y
2013-03-29,3393.92,0.035392,,,399989,中证医疗,CNY,CN10Y
2013-04-01,3413.27,0.035303,,,399989,中证医疗,CNY,CN10Y
2013-04-02,3285.97,0.035106,,,399989,中证医疗,CNY,CN10Y
2013-04-03,3254.42,0.035005,,,399989,中证医疗,CNY,CN10Y
2013-04-07,,0.034907,,,399989,中证医疗,CNY,CN10Y
2013-04-08,3320.58,0.034905,,,399989,中证医疗,CNY,CN10Y
2013-04-09,3323.07,0.034705,,,399989,中证医疗,CNY,CN10Y
2013-04-10,3270.82,0.034624,,,399989,中证医疗,CNY,CN10Y
2013-04-11,3265.26,0.034705,,,399989,中证医疗,CNY,CN10Y
2013-04-12,3254.87,0.034655,,,399989,中证医疗,CNY,CN10Y
2013-04-15,3220.42,0.034405,,,399989,中证医疗,CNY,CN10Y
2013-04-16,3254.14,0.034005,,,399989,中证医疗,CNY,CN10Y
2013-04-17,3317.58,0.034131,,,399989,中证医疗,CNY,CN10Y
2013-04-18,3308.51,0.0344309999999999,,,399989,中证医疗,CNY,CN10Y
2013-04-19,3381.16,0.034503,,,399989,中证医疗,CNY,CN10Y
2013-04-22,3469.83,0.034867,,,399989,中证医疗,CNY,CN10Y
2013-04-23,3386.93,0.034629,,,399989,中证医疗,CNY,CN10Y
2013-04-24,3477.5,0.034498,,,399989,中证医疗,CNY,CN10Y
2013-04-25,3445.74,0.034314,,,399989,中证医疗,CNY,CN10Y
2013-04-26,3406.75,0.0343129999999999,,,399989,中证医疗,CNY,CN10Y
2013-04-27,,0.034311,,,399989,中证医疗,CNY,CN10Y
2013-04-28,,0.034314,,,399989,中证医疗,CNY,CN10Y
2013-05-02,3411.09,0.034119,,,399989,中证医疗,CNY,CN10Y
2013-05-03,3493.74,0.034212,,,399989,中证医疗,CNY,CN10Y
2013-05-06,3566.41,0.034354,,,399989,中证医疗,CNY,CN10Y
2013-05-07,3565.56,0.034261,,,399989,中证医疗,CNY,CN10Y
2013-05-08,3605.44,0.034345,,,399989,中证医疗,CNY,CN10Y
2013-05-09,3604.87,0.034317,,,399989,中证医疗,CNY,CN10Y
2013-05-10,3604.4,0.034212,,,399989,中证医疗,CNY,CN10Y
2013-05-13,3670.46,0.034238,,,399989,中证医疗,CNY,CN10Y
2013-05-14,3636.57,0.034248,,,399989,中证医疗,CNY,CN10Y
2013-05-15,3722.6,0.034218,,,399989,中证医疗,CNY,CN10Y
2013-05-16,3678.53,0.034219,,,399989,中证医疗,CNY,CN10Y
2013-05-17,3738.63,0.034213,,,399989,中证医疗,CNY,CN10Y
2013-05-20,3765.71,0.034253,,,399989,中证医疗,CNY,CN10Y
2013-05-21,3882.36,0.034253,,,399989,中证医疗,CNY,CN10Y
2013-05-22,3802.14,0.0341529999999999,,,399989,中证医疗,CNY,CN10Y
2013-05-23,3783.22,0.03413,,,399989,中证医疗,CNY,CN10Y
2013-05-24,3917.27,0.0341809999999999,,,399989,中证医疗,CNY,CN10Y
2013-05-27,4098.6,0.034166,,,399989,中证医疗,CNY,CN10Y
2013-05-28,4035.91,0.034206,,,399989,中证医疗,CNY,CN10Y
2013-05-29,4071.57,0.03434,,,399989,中证医疗,CNY,CN10Y
2013-05-30,4225.28,0.03434,,,399989,中证医疗,CNY,CN10Y
2013-05-31,4234.87,0.034399,,,399989,中证医疗,CNY,CN10Y
2013-06-03,4127.04,0.034478,,,399989,中证医疗,CNY,CN10Y
2013-06-04,4001.87,0.034603,,,399989,中证医疗,CNY,CN10Y
2013-06-05,4031.3,0.034615,,,399989,中证医疗,CNY,CN10Y
2013-06-06,3962.73,0.034651,,,399989,中证医疗,CNY,CN10Y
2013-06-07,3937.77,0.034822,,,399989,中证医疗,CNY,CN10Y
2013-06-08,,0.034822,,,399989,中证医疗,CNY,CN10Y
2013-06-09,,0.034491,,,399989,中证医疗,CNY,CN10Y
2013-06-13,3929.65,0.034591,,,399989,中证医疗,CNY,CN10Y
2013-06-14,4043.57,0.034689,,,399989,中证医疗,CNY,CN10Y
2013-06-17,4062.51,0.0347849999999999,,,399989,中证医疗,CNY,CN10Y
2013-06-18,4026.81,0.0348179999999999,,,399989,中证医疗,CNY,CN10Y
2013-06-19,3988.06,0.035516,,,399989,中证医疗,CNY,CN10Y
2013-06-20,3861.61,0.037016,,,399989,中证医疗,CNY,CN10Y
2013-06-21,3835.87,0.036014,,,399989,中证医疗,CNY,CN10Y
2013-06-24,3673.57,0.0359989999999999,,,399989,中证医疗,CNY,CN10Y
2013-06-25,3678.01,0.0359989999999999,,,399989,中证医疗,CNY,CN10Y
2013-06-26,3856.75,0.0355,,,399989,中证医疗,CNY,CN10Y
2013-06-27,3801.88,0.035231,,,399989,中证医疗,CNY,CN10Y
2013-06-28,3708.27,0.035125,,,399989,中证医疗,CNY,CN10Y
2013-07-01,3856.99,0.035245,,,399989,中证医疗,CNY,CN10Y
2013-07-02,3980.48,0.035243,,,399989,中证医疗,CNY,CN10Y
2013-07-03,4038.7,0.035302,,,399989,中证医疗,CNY,CN10Y
2013-07-04,4037.88,0.035102,,,399989,中证医疗,CNY,CN10Y
2013-07-05,3952.15,0.035127,,,399989,中证医疗,CNY,CN10Y
2013-07-08,3899.6,0.035177,,,399989,中证医疗,CNY,CN10Y
2013-07-09,3966.83,0.035202,,,399989,中证医疗,CNY,CN10Y
2013-07-10,4047.97,0.035802,,,399989,中证医疗,CNY,CN10Y
2013-07-11,4106.38,0.0359019999999999,,,399989,中证医疗,CNY,CN10Y
2013-07-12,4166.83,0.036001,,,399989,中证医疗,CNY,CN10Y
2013-07-15,4303.56,0.0361019999999999,,,399989,中证医疗,CNY,CN10Y
2013-07-16,4273.09,0.03619,,,399989,中证医疗,CNY,CN10Y
2013-07-17,4192.89,0.03669,,,399989,中证医疗,CNY,CN10Y
2013-07-18,4228.48,0.036903,,,399989,中证医疗,CNY,CN10Y
2013-07-19,4161.29,0.037051,,,399989,中证医疗,CNY,CN10Y
2013-07-22,4320.76,0.037401,,,399989,中证医疗,CNY,CN10Y
2013-07-23,4390.27,0.037602,,,399989,中证医疗,CNY,CN10Y
2013-07-24,4452.94,0.037952,,,399989,中证医疗,CNY,CN10Y
2013-07-25,4211.3,0.0371019999999999,,,399989,中证医疗,CNY,CN10Y
2013-07-26,4191.33,0.037152,,,399989,中证医疗,CNY,CN10Y
2013-07-29,4115.94,0.037228,,,399989,中证医疗,CNY,CN10Y
2013-07-30,4038.92,0.037227,,,399989,中证医疗,CNY,CN10Y
2013-07-31,4109.31,0.037214,,,399989,中证医疗,CNY,CN10Y
2013-08-01,4255.52,0.0370529999999999,,,399989,中证医疗,CNY,CN10Y
2013-08-02,4250.03,0.037034,,,399989,中证医疗,CNY,CN10Y
2013-08-05,4357.5,0.037104,,,399989,中证医疗,CNY,CN10Y
2013-08-06,4386.98,0.037153,,,399989,中证医疗,CNY,CN10Y
2013-08-07,4300.26,0.037703,,,399989,中证医疗,CNY,CN10Y
2013-08-08,4346.68,0.0384549999999999,,,399989,中证医疗,CNY,CN10Y
2013-08-09,4328.67,0.038407,,,399989,中证医疗,CNY,CN10Y
2013-08-12,4294.0,0.038513,,,399989,中证医疗,CNY,CN10Y
2013-08-13,4289.2,0.0392519999999999,,,399989,中证医疗,CNY,CN10Y
2013-08-14,4277.78,0.039516,,,399989,中证医疗,CNY,CN10Y
2013-08-15,4205.41,0.039602,,,399989,中证医疗,CNY,CN10Y
2013-08-16,4131.36,0.039401,,,399989,中证医疗,CNY,CN10Y
2013-08-19,4227.47,0.040103,,,399989,中证医疗,CNY,CN10Y
2013-08-20,4234.81,0.040881,,,399989,中证医疗,CNY,CN10Y
2013-08-21,4272.26,0.040382,,,399989,中证医疗,CNY,CN10Y
2013-08-22,4261.34,0.040302,,,399989,中证医疗,CNY,CN10Y
2013-08-23,4270.93,0.039916,,,399989,中证医疗,CNY,CN10Y
2013-08-26,4386.78,0.039555,,,399989,中证医疗,CNY,CN10Y
2013-08-27,4390.85,0.0396539999999999,,,399989,中证医疗,CNY,CN10Y
2013-08-28,4309.61,0.040222,,,399989,中证医疗,CNY,CN10Y
2013-08-29,4305.25,0.0403,,,399989,中证医疗,CNY,CN10Y
2013-08-30,4186.27,0.040354,,,399989,中证医疗,CNY,CN10Y
2013-09-02,4286.14,0.0403559999999999,,,399989,中证医疗,CNY,CN10Y
2013-09-03,4358.9,0.040404,,,399989,中证医疗,CNY,CN10Y
2013-09-04,4398.68,0.0405499999999999,,,399989,中证医疗,CNY,CN10Y
2013-09-05,4500.26,0.0405499999999999,,,399989,中证医疗,CNY,CN10Y
2013-09-06,4587.91,0.040455,,,399989,中证医疗,CNY,CN10Y
2013-09-09,4504.56,0.0405499999999999,,,399989,中证医疗,CNY,CN10Y
2013-09-10,4453.64,0.04065,,,399989,中证医疗,CNY,CN10Y
2013-09-11,4366.91,0.041341,,,399989,中证医疗,CNY,CN10Y
2013-09-12,4351.47,0.041291,,,399989,中证医疗,CNY,CN10Y
2013-09-13,4373.2,0.041406,,,399989,中证医疗,CNY,CN10Y
2013-09-16,4486.99,0.041201,,,399989,中证医疗,CNY,CN10Y
2013-09-17,4421.99,0.040721,,,399989,中证医疗,CNY,CN10Y
2013-09-18,4584.88,0.040502,,,399989,中证医疗,CNY,CN10Y
2013-09-22,,0.039851,,,399989,中证医疗,CNY,CN10Y
2013-09-23,4667.96,0.040095,,,399989,中证医疗,CNY,CN10Y
2013-09-24,4742.39,0.040201,,,399989,中证医疗,CNY,CN10Y
2013-09-25,4667.2,0.040202,,,399989,中证医疗,CNY,CN10Y
2013-09-26,4741.06,0.039901,,,399989,中证医疗,CNY,CN10Y
2013-09-27,4917.49,0.040002,,,399989,中证医疗,CNY,CN10Y
2013-09-29,,0.040002,,,399989,中证医疗,CNY,CN10Y
2013-09-30,5016.95,0.039954,,,399989,中证医疗,CNY,CN10Y
2013-10-08,5003.12,0.039903,,,399989,中证医疗,CNY,CN10Y
2013-10-09,5099.48,0.040316,,,399989,中证医疗,CNY,CN10Y
2013-10-10,4962.16,0.040166,,,399989,中证医疗,CNY,CN10Y
2013-10-11,5007.71,0.040265,,,399989,中证医疗,CNY,CN10Y
2013-10-12,,0.040263,,,399989,中证医疗,CNY,CN10Y
2013-10-14,5045.45,0.040663,,,399989,中证医疗,CNY,CN10Y
2013-10-15,5159.06,0.040791,,,399989,中证医疗,CNY,CN10Y
2013-10-16,4973.41,0.0409659999999999,,,399989,中证医疗,CNY,CN10Y
2013-10-17,4975.93,0.0409659999999999,,,399989,中证医疗,CNY,CN10Y
2013-10-18,4976.2,0.041055,,,399989,中证医疗,CNY,CN10Y
2013-10-21,5166.9,0.041105,,,399989,中证医疗,CNY,CN10Y
2013-10-22,5057.92,0.0413049999999999,,,399989,中证医疗,CNY,CN10Y
2013-10-23,4901.95,0.041491,,,399989,中证医疗,CNY,CN10Y
2013-10-24,4861.98,0.04194,,,399989,中证医疗,CNY,CN10Y
2013-10-25,4748.82,0.04214,,,399989,中证医疗,CNY,CN10Y
2013-10-28,4747.26,0.0420399999999999,,,399989,中证医疗,CNY,CN10Y
2013-10-29,4721.4,0.0421729999999999,,,399989,中证医疗,CNY,CN10Y
2013-10-30,4810.27,0.0421729999999999,,,399989,中证医疗,CNY,CN10Y
2013-10-31,4678.0,0.041806,,,399989,中证医疗,CNY,CN10Y
2013-11-01,4645.76,0.0415559999999999,,,399989,中证医疗,CNY,CN10Y
2013-11-04,4659.46,0.041731,,,399989,中证医疗,CNY,CN10Y
2013-11-05,4735.83,0.042106,,,399989,中证医疗,CNY,CN10Y
2013-11-06,4686.44,0.042206,,,399989,中证医疗,CNY,CN10Y
2013-11-07,4618.45,0.042945,,,399989,中证医疗,CNY,CN10Y
2013-11-08,4489.53,0.043186,,,399989,中证医疗,CNY,CN10Y
2013-11-11,4599.2,0.044034,,,399989,中证医疗,CNY,CN10Y
2013-11-12,4772.07,0.044146,,,399989,中证医疗,CNY,CN10Y
2013-11-13,4680.98,0.0446279999999999,,,399989,中证医疗,CNY,CN10Y
2013-11-14,4798.93,0.045006,,,399989,中证医疗,CNY,CN10Y
2013-11-15,4873.33,0.046006,,,399989,中证医疗,CNY,CN10Y
2013-11-18,4998.86,0.046619,,,399989,中证医疗,CNY,CN10Y
2013-11-19,4941.92,0.046722,,,399989,中证医疗,CNY,CN10Y
2013-11-20,4936.06,0.047222,,,399989,中证医疗,CNY,CN10Y
2013-11-21,4926.93,0.0470089999999999,,,399989,中证医疗,CNY,CN10Y
2013-11-22,4888.51,0.046509,,,399989,中证医疗,CNY,CN10Y
2013-11-25,4969.01,0.046159,,,399989,中证医疗,CNY,CN10Y
2013-11-26,5094.72,0.046059,,,399989,中证医疗,CNY,CN10Y
2013-11-27,5163.04,0.0455109999999999,,,399989,中证医疗,CNY,CN10Y
2013-11-28,5220.86,0.044313,,,399989,中证医疗,CNY,CN10Y
2013-11-29,5282.02,0.043612,,,399989,中证医疗,CNY,CN10Y
2013-12-02,4877.22,0.044812,,,399989,中证医疗,CNY,CN10Y
2013-12-03,4977.66,0.044412,,,399989,中证医疗,CNY,CN10Y
2013-12-04,4962.4,0.0442619999999999,,,399989,中证医疗,CNY,CN10Y
2013-12-05,4842.89,0.044962,,,399989,中证医疗,CNY,CN10Y
2013-12-06,4848.8,0.045162,,,399989,中证医疗,CNY,CN10Y
2013-12-09,4946.15,0.0454129999999999,,,399989,中证医疗,CNY,CN10Y
2013-12-10,4873.03,0.046012,,,399989,中证医疗,CNY,CN10Y
2013-12-11,4853.11,0.046213,,,399989,中证医疗,CNY,CN10Y
2013-12-12,4895.49,0.045913,,,399989,中证医疗,CNY,CN10Y
2013-12-13,4909.37,0.045411,,,399989,中证医疗,CNY,CN10Y
2013-12-16,4844.34,0.0455389999999999,,,399989,中证医疗,CNY,CN10Y
2013-12-17,4881.75,0.045639,,,399989,中证医疗,CNY,CN10Y
2013-12-18,4932.1,0.045814,,,399989,中证医疗,CNY,CN10Y
2013-12-19,4941.36,0.046016,,,399989,中证医疗,CNY,CN10Y
2013-12-20,4951.8,0.046016,,,399989,中证医疗,CNY,CN10Y
2013-12-23,5018.67,0.046017,,,399989,中证医疗,CNY,CN10Y
2013-12-24,5082.41,0.045566,,,399989,中证医疗,CNY,CN10Y
2013-12-25,5181.44,0.045666,,,399989,中证医疗,CNY,CN10Y
2013-12-26,5107.42,0.045579,,,399989,中证医疗,CNY,CN10Y
2013-12-27,5211.83,0.045437,,,399989,中证医疗,CNY,CN10Y
2013-12-30,5263.11,0.045437,,,399989,中证医疗,CNY,CN10Y
2013-12-31,5254.99,0.045518,,,399989,中证医疗,CNY,CN10Y
2014-01-02,5334.28,0.0460179999999999,,,399989,中证医疗,CNY,CN10Y
2014-01-03,5302.41,0.046415,,,399989,中证医疗,CNY,CN10Y
2014-01-06,5226.81,0.046569,,,399989,中证医疗,CNY,CN10Y
2014-01-07,5355.94,0.04642,,,399989,中证医疗,CNY,CN10Y
2014-01-08,5446.78,0.045919,,,399989,中证医疗,CNY,CN10Y
2014-01-09,5387.04,0.0459689999999999,,,399989,中证医疗,CNY,CN10Y
2014-01-10,5293.67,0.046016,,,399989,中证医疗,CNY,CN10Y
2014-01-13,5318.88,0.04597,,,399989,中证医疗,CNY,CN10Y
2014-01-14,5499.72,0.04602,,,399989,中证医疗,CNY,CN10Y
2014-01-15,5565.97,0.045523,,,399989,中证医疗,CNY,CN10Y
2014-01-16,5548.51,0.045871,,,399989,中证医疗,CNY,CN10Y
2014-01-17,5510.25,0.0459689999999999,,,399989,中证医疗,CNY,CN10Y
2014-01-20,5417.02,0.045923,,,399989,中证医疗,CNY,CN10Y
2014-01-21,5513.41,0.045423,,,399989,中证医疗,CNY,CN10Y
2014-01-22,5610.81,0.045023,,,399989,中证医疗,CNY,CN10Y
2014-01-23,5673.71,0.044825,,,399989,中证医疗,CNY,CN10Y
2014-01-24,5852.95,0.0451229999999999,,,399989,中证医疗,CNY,CN10Y
2014-01-26,,0.044777,,,399989,中证医疗,CNY,CN10Y
2014-01-27,5871.41,0.044802,,,399989,中证医疗,CNY,CN10Y
2014-01-28,5785.93,0.045027,,,399989,中证医疗,CNY,CN10Y
2014-01-29,5982.21,0.045102,,,399989,中证医疗,CNY,CN10Y
2014-01-30,5939.24,0.045019,,,399989,中证医疗,CNY,CN10Y
2014-02-07,6208.43,0.044781,,,399989,中证医疗,CNY,CN10Y
2014-02-08,,0.04468,,,399989,中证医疗,CNY,CN10Y
2014-02-10,6364.72,0.044831,,,399989,中证医疗,CNY,CN10Y
2014-02-11,6354.24,0.044881,,,399989,中证医疗,CNY,CN10Y
2014-02-12,6423.03,0.0447829999999999,,,399989,中证医疗,CNY,CN10Y
2014-02-13,6236.01,0.0447829999999999,,,399989,中证医疗,CNY,CN10Y
2014-02-14,6389.82,0.044781,,,399989,中证医疗,CNY,CN10Y
2014-02-17,6551.98,0.0451349999999999,,,399989,中证医疗,CNY,CN10Y
2014-02-18,6623.87,0.045385,,,399989,中证医疗,CNY,CN10Y
2014-02-19,6635.73,0.045535,,,399989,中证医疗,CNY,CN10Y
2014-02-20,6637.29,0.045336,,,399989,中证医疗,CNY,CN10Y
2014-02-21,6654.3,0.0452339999999999,,,399989,中证医疗,CNY,CN10Y
2014-02-24,6870.88,0.044836,,,399989,中证医疗,CNY,CN10Y
2014-02-25,6721.44,0.044336,,,399989,中证医疗,CNY,CN10Y
2014-02-26,6837.71,0.044496,,,399989,中证医疗,CNY,CN10Y
2014-02-27,6574.11,0.043896,,,399989,中证医疗,CNY,CN10Y
2014-02-28,6515.27,0.044276,,,399989,中证医疗,CNY,CN10Y
2014-03-03,6630.29,0.044576,,,399989,中证医疗,CNY,CN10Y
2014-03-04,6732.89,0.045026,,,399989,中证医疗,CNY,CN10Y
2014-03-05,6701.2,0.045176,,,399989,中证医疗,CNY,CN10Y
2014-03-06,6654.79,0.045145,,,399989,中证医疗,CNY,CN10Y
2014-03-07,6787.17,0.0451419999999999,,,399989,中证医疗,CNY,CN10Y
2014-03-10,6601.42,0.045043,,,399989,中证医疗,CNY,CN10Y
2014-03-11,6568.53,0.045125,,,399989,中证医疗,CNY,CN10Y
2014-03-12,6537.0,0.0450239999999999,,,399989,中证医疗,CNY,CN10Y
2014-03-13,6634.89,0.0450239999999999,,,399989,中证医疗,CNY,CN10Y
2014-03-14,6656.41,0.044924,,,399989,中证医疗,CNY,CN10Y
2014-03-17,6839.84,0.04482,,,399989,中证医疗,CNY,CN10Y
2014-03-18,6858.82,0.045095,,,399989,中证医疗,CNY,CN10Y
2014-03-19,6915.51,0.045095,,,399989,中证医疗,CNY,CN10Y
2014-03-20,6835.83,0.045195,,,399989,中证医疗,CNY,CN10Y
2014-03-21,6753.88,0.045044,,,399989,中证医疗,CNY,CN10Y
2014-03-24,6681.02,0.045148,,,399989,中证医疗,CNY,CN10Y
2014-03-25,6646.39,0.0451919999999999,,,399989,中证医疗,CNY,CN10Y
2014-03-26,6801.28,0.044992,,,399989,中证医疗,CNY,CN10Y
2014-03-27,6710.92,0.045109,,,399989,中证医疗,CNY,CN10Y
2014-03-28,6552.67,0.045104,,,399989,中证医疗,CNY,CN10Y
2014-03-31,6529.16,0.045004,,,399989,中证医疗,CNY,CN10Y
2014-04-01,6619.9,0.044954,,,399989,中证医疗,CNY,CN10Y
2014-04-02,6496.6,0.044904,,,399989,中证医疗,CNY,CN10Y
2014-04-03,6483.37,0.044904,,,399989,中证医疗,CNY,CN10Y
2014-04-04,6545.25,0.044904,,,399989,中证医疗,CNY,CN10Y
2014-04-08,6558.51,0.044499,,,399989,中证医疗,CNY,CN10Y
2014-04-09,6725.16,0.044771,,,399989,中证医疗,CNY,CN10Y
2014-04-10,6726.81,0.044571,,,399989,中证医疗,CNY,CN10Y
2014-04-11,6685.76,0.044521,,,399989,中证医疗,CNY,CN10Y
2014-04-14,6736.49,0.044248,,,399989,中证医疗,CNY,CN10Y
2014-04-15,6729.15,0.044001,,,399989,中证医疗,CNY,CN10Y
2014-04-16,6670.63,0.043601,,,399989,中证医疗,CNY,CN10Y
2014-04-17,6666.46,0.0427489999999999,,,399989,中证医疗,CNY,CN10Y
2014-04-18,6694.8,0.0429969999999999,,,399989,中证医疗,CNY,CN10Y
2014-04-21,6546.98,0.0429969999999999,,,399989,中证医疗,CNY,CN10Y
2014-04-22,6397.15,0.0429969999999999,,,399989,中证医疗,CNY,CN10Y
2014-04-23,6342.36,0.043297,,,399989,中证医疗,CNY,CN10Y
2014-04-24,6197.3,0.043394,,,399989,中证医疗,CNY,CN10Y
2014-04-25,6040.99,0.043294,,,399989,中证医疗,CNY,CN10Y
2014-04-28,5845.78,0.043301,,,399989,中证医疗,CNY,CN10Y
2014-04-29,5871.84,0.043202,,,399989,中证医疗,CNY,CN10Y
2014-04-30,5935.84,0.043002,,,399989,中证医疗,CNY,CN10Y
2014-05-04,,0.0429019999999999,,,399989,中证医疗,CNY,CN10Y
2014-05-05,6000.99,0.043002,,,399989,中证医疗,CNY,CN10Y
2014-05-06,6094.71,0.042803,,,399989,中证医疗,CNY,CN10Y
2014-05-07,5977.33,0.042803,,,399989,中证医疗,CNY,CN10Y
2014-05-08,5927.09,0.042303,,,399989,中证医疗,CNY,CN10Y
2014-05-09,5771.68,0.041205,,,399989,中证医疗,CNY,CN10Y
2014-05-12,5719.92,0.041205,,,399989,中证医疗,CNY,CN10Y
2014-05-13,5674.68,0.041505,,,399989,中证医疗,CNY,CN10Y
2014-05-14,5719.67,0.041704,,,399989,中证医疗,CNY,CN10Y
2014-05-15,5618.2,0.0419149999999999,,,399989,中证医疗,CNY,CN10Y
2014-05-16,5521.78,0.041919,,,399989,中证医疗,CNY,CN10Y
2014-05-19,5508.84,0.0417079999999999,,,399989,中证医疗,CNY,CN10Y
2014-05-20,5590.31,0.0417699999999999,,,399989,中证医疗,CNY,CN10Y
2014-05-21,5635.07,0.0417699999999999,,,399989,中证医疗,CNY,CN10Y
2014-05-22,5801.04,0.0417699999999999,,,399989,中证医疗,CNY,CN10Y
2014-05-23,5898.06,0.041574,,,399989,中证医疗,CNY,CN10Y
2014-05-26,6022.5,0.0416739999999999,,,399989,中证医疗,CNY,CN10Y
2014-05-27,5990.05,0.041574,,,399989,中证医疗,CNY,CN10Y
2014-05-28,6136.7,0.0414569999999999,,,399989,中证医疗,CNY,CN10Y
2014-05-29,6100.69,0.041159,,,399989,中证医疗,CNY,CN10Y
2014-05-30,6063.8,0.040714,,,399989,中证医疗,CNY,CN10Y
2014-06-03,6040.21,0.040214,,,399989,中证医疗,CNY,CN10Y
2014-06-04,5988.56,0.040114,,,399989,中证医疗,CNY,CN10Y
2014-06-05,6070.71,0.0403139999999999,,,399989,中证医疗,CNY,CN10Y
2014-06-06,6144.75,0.040614,,,399989,中证医疗,CNY,CN10Y
2014-06-09,6031.54,0.040714,,,399989,中证医疗,CNY,CN10Y
2014-06-10,6041.36,0.040614,,,399989,中证医疗,CNY,CN10Y
2014-06-11,6225.62,0.040614,,,399989,中证医疗,CNY,CN10Y
2014-06-12,6232.82,0.04064,,,399989,中证医疗,CNY,CN10Y
2014-06-13,6317.94,0.0408399999999999,,,399989,中证医疗,CNY,CN10Y
2014-06-16,6296.74,0.04064,,,399989,中证医疗,CNY,CN10Y
2014-06-17,6183.52,0.04054,,,399989,中证医疗,CNY,CN10Y
2014-06-18,6108.87,0.04054,,,399989,中证医疗,CNY,CN10Y
2014-06-19,5992.19,0.040408,,,399989,中证医疗,CNY,CN10Y
2014-06-20,6083.67,0.0405149999999999,,,399989,中证医疗,CNY,CN10Y
2014-06-23,6214.53,0.0405149999999999,,,399989,中证医疗,CNY,CN10Y
2014-06-24,6236.85,0.0405149999999999,,,399989,中证医疗,CNY,CN10Y
2014-06-25,6239.57,0.0405569999999999,,,399989,中证医疗,CNY,CN10Y
2014-06-26,6355.04,0.040472,,,399989,中证医疗,CNY,CN10Y
2014-06-27,6320.88,0.040485,,,399989,中证医疗,CNY,CN10Y
2014-06-30,6362.99,0.040612,,,399989,中证医疗,CNY,CN10Y
2014-07-01,6409.18,0.040812,,,399989,中证医疗,CNY,CN10Y
2014-07-02,6437.84,0.041212,,,399989,中证医疗,CNY,CN10Y
2014-07-03,6546.53,0.041503,,,399989,中证医疗,CNY,CN10Y
2014-07-04,6462.55,0.041747,,,399989,中证医疗,CNY,CN10Y
2014-07-07,6311.79,0.041212,,,399989,中证医疗,CNY,CN10Y
2014-07-08,6377.58,0.041162,,,399989,中证医疗,CNY,CN10Y
2014-07-09,6257.14,0.041276,,,399989,中证医疗,CNY,CN10Y
2014-07-10,6251.76,0.041298,,,399989,中证医疗,CNY,CN10Y
2014-07-11,6232.0,0.041198,,,399989,中证医疗,CNY,CN10Y
2014-07-14,6174.31,0.041298,,,399989,中证医疗,CNY,CN10Y
2014-07-15,6090.1,0.041571,,,399989,中证医疗,CNY,CN10Y
2014-07-16,5974.66,0.042171,,,399989,中证医疗,CNY,CN10Y
2014-07-17,6022.85,0.04267,,,399989,中证医疗,CNY,CN10Y
2014-07-18,6011.62,0.043019,,,399989,中证医疗,CNY,CN10Y
2014-07-21,6002.73,0.043017,,,399989,中证医疗,CNY,CN10Y
2014-07-22,6030.49,0.042717,,,399989,中证医疗,CNY,CN10Y
2014-07-23,5820.43,0.042967,,,399989,中证医疗,CNY,CN10Y
2014-07-24,5728.78,0.042967,,,399989,中证医疗,CNY,CN10Y
2014-07-25,5758.55,0.042711,,,399989,中证医疗,CNY,CN10Y
2014-07-28,5871.31,0.042713,,,399989,中证医疗,CNY,CN10Y
2014-07-29,5952.13,0.042805,,,399989,中证医疗,CNY,CN10Y
2014-07-30,6013.39,0.042905,,,399989,中证医疗,CNY,CN10Y
2014-07-31,6052.8,0.042655,,,399989,中证医疗,CNY,CN10Y
2014-08-01,6023.75,0.0425689999999999,,,399989,中证医疗,CNY,CN10Y
2014-08-04,6010.41,0.04253,,,399989,中证医疗,CNY,CN10Y
2014-08-05,6063.58,0.042576,,,399989,中证医疗,CNY,CN10Y
2014-08-06,6118.76,0.042463,,,399989,中证医疗,CNY,CN10Y
2014-08-07,6106.41,0.042563,,,399989,中证医疗,CNY,CN10Y
2014-08-08,6149.37,0.042712,,,399989,中证医疗,CNY,CN10Y
2014-08-11,6236.62,0.042815,,,399989,中证医疗,CNY,CN10Y
2014-08-12,6264.55,0.042815,,,399989,中证医疗,CNY,CN10Y
2014-08-13,6229.08,0.04255,,,399989,中证医疗,CNY,CN10Y
2014-08-14,6232.01,0.0421,,,399989,中证医疗,CNY,CN10Y
2014-08-15,6274.31,0.042002,,,399989,中证医疗,CNY,CN10Y
2014-08-18,6464.89,0.042153,,,399989,中证医疗,CNY,CN10Y
2014-08-19,6451.04,0.042422,,,399989,中证医疗,CNY,CN10Y
2014-08-20,6423.24,0.042523,,,399989,中证医疗,CNY,CN10Y
2014-08-21,6424.99,0.042512,,,399989,中证医疗,CNY,CN10Y
2014-08-22,6509.18,0.04256,,,399989,中证医疗,CNY,CN10Y
2014-08-25,6480.32,0.042524,,,399989,中证医疗,CNY,CN10Y
2014-08-26,6380.85,0.042462,,,399989,中证医疗,CNY,CN10Y
2014-08-27,6385.07,0.04231,,,399989,中证医疗,CNY,CN10Y
2014-08-28,6321.16,0.0422539999999999,,,399989,中证医疗,CNY,CN10Y
2014-08-29,6384.64,0.042361,,,399989,中证医疗,CNY,CN10Y
2014-09-01,6497.7,0.042405,,,399989,中证医疗,CNY,CN10Y
2014-09-02,6555.37,0.04249,,,399989,中证医疗,CNY,CN10Y
2014-09-03,6612.09,0.04264,,,399989,中证医疗,CNY,CN10Y
2014-09-04,6668.19,0.042814,,,399989,中证医疗,CNY,CN10Y
2014-09-05,6683.87,0.0429279999999999,,,399989,中证医疗,CNY,CN10Y
2014-09-09,6649.61,0.042868,,,399989,中证医疗,CNY,CN10Y
2014-09-10,6672.11,0.042934,,,399989,中证医疗,CNY,CN10Y
2014-09-11,6686.47,0.042937,,,399989,中证医疗,CNY,CN10Y
2014-09-12,6705.51,0.042793,,,399989,中证医疗,CNY,CN10Y
2014-09-15,6725.23,0.0425969999999999,,,399989,中证医疗,CNY,CN10Y
2014-09-16,6525.72,0.042634,,,399989,中证医疗,CNY,CN10Y
2014-09-17,6561.65,0.042008,,,399989,中证医疗,CNY,CN10Y
2014-09-18,6644.88,0.0414379999999999,,,399989,中证医疗,CNY,CN10Y
2014-09-19,6765.23,0.04031,,,399989,中证医疗,CNY,CN10Y
2014-09-22,6697.64,0.04011,,,399989,中证医疗,CNY,CN10Y
2014-09-23,6680.34,0.039911,,,399989,中证医疗,CNY,CN10Y
2014-09-24,6749.01,0.040425,,,399989,中证医疗,CNY,CN10Y
2014-09-25,6724.27,0.040025,,,399989,中证医疗,CNY,CN10Y
2014-09-26,6710.65,0.0400919999999999,,,399989,中证医疗,CNY,CN10Y
2014-09-28,,0.040227,,,399989,中证医疗,CNY,CN10Y
2014-09-29,6801.11,0.039925,,,399989,中证医疗,CNY,CN10Y
2014-09-30,6929.54,0.039824,,,399989,中证医疗,CNY,CN10Y
2014-10-08,7100.8,0.03993,,,399989,中证医疗,CNY,CN10Y
2014-10-09,7083.15,0.040014,,,399989,中证医疗,CNY,CN10Y
2014-10-10,7099.94,0.040131,,,399989,中证医疗,CNY,CN10Y
2014-10-11,,0.039965,,,399989,中证医疗,CNY,CN10Y
2014-10-13,7121.19,0.0399529999999999,,,399989,中证医疗,CNY,CN10Y
2014-10-14,7116.77,0.039015,,,399989,中证医疗,CNY,CN10Y
2014-10-15,7196.51,0.038215,,,399989,中证医疗,CNY,CN10Y
2014-10-16,7150.26,0.038116,,,399989,中证医疗,CNY,CN10Y
2014-10-17,7063.31,0.03811,,,399989,中证医疗,CNY,CN10Y
2014-10-20,7150.44,0.037441,,,399989,中证医疗,CNY,CN10Y
2014-10-21,7067.74,0.037323,,,399989,中证医疗,CNY,CN10Y
2014-10-22,6947.51,0.037929,,,399989,中证医疗,CNY,CN10Y
2014-10-23,6874.02,0.038108,,,399989,中证医疗,CNY,CN10Y
2014-10-24,6877.58,0.038013,,,399989,中证医疗,CNY,CN10Y
2014-10-27,7038.25,0.037756,,,399989,中证医疗,CNY,CN10Y
2014-10-28,7113.19,0.037424,,,399989,中证医疗,CNY,CN10Y
2014-10-29,7145.04,0.037176,,,399989,中证医疗,CNY,CN10Y
2014-10-30,7150.97,0.037688,,,399989,中证医疗,CNY,CN10Y
2014-10-31,7142.0,0.037559,,,399989,中证医疗,CNY,CN10Y
2014-11-03,7148.26,0.037007,,,399989,中证医疗,CNY,CN10Y
2014-11-04,7037.05,0.036412,,,399989,中证医疗,CNY,CN10Y
2014-11-05,7032.63,0.0361169999999999,,,399989,中证医疗,CNY,CN10Y
2014-11-06,7097.01,0.036223,,,399989,中证医疗,CNY,CN10Y
2014-11-07,6998.32,0.0356309999999999,,,399989,中证医疗,CNY,CN10Y
2014-11-10,6978.52,0.035132,,,399989,中证医疗,CNY,CN10Y
2014-11-11,6761.25,0.034981,,,399989,中证医疗,CNY,CN10Y
2014-11-12,6855.69,0.03556,,,399989,中证医疗,CNY,CN10Y
2014-11-13,6723.39,0.035924,,,399989,中证医疗,CNY,CN10Y
2014-11-14,6707.79,0.036466,,,399989,中证医疗,CNY,CN10Y
2014-11-17,6850.22,0.0366089999999999,,,399989,中证医疗,CNY,CN10Y
2014-11-18,6882.16,0.03607,,,399989,中证医疗,CNY,CN10Y
2014-11-19,6922.47,0.036154,,,399989,中证医疗,CNY,CN10Y
2014-11-20,6877.26,0.036521,,,399989,中证医疗,CNY,CN10Y
2014-11-21,6923.43,0.036514,,,399989,中证医疗,CNY,CN10Y
2014-11-24,6888.12,0.034767,,,399989,中证医疗,CNY,CN10Y
2014-11-25,6967.95,0.035216,,,399989,中证医疗,CNY,CN10Y
2014-11-26,6921.46,0.035228,,,399989,中证医疗,CNY,CN10Y
2014-11-27,6956.19,0.035243,,,399989,中证医疗,CNY,CN10Y
2014-11-28,6987.03,0.035249,,,399989,中证医疗,CNY,CN10Y
2014-12-01,6912.42,0.035145,,,399989,中证医疗,CNY,CN10Y
2014-12-02,6958.84,0.035553,,,399989,中证医疗,CNY,CN10Y
2014-12-03,7063.89,0.036238,,,399989,中证医疗,CNY,CN10Y
2014-12-04,7088.78,0.036633,,,399989,中证医疗,CNY,CN10Y
2014-12-05,6900.35,0.037759,,,399989,中证医疗,CNY,CN10Y
2014-12-08,6763.46,0.037918,,,399989,中证医疗,CNY,CN10Y
2014-12-09,6575.44,0.037532,,,399989,中证医疗,CNY,CN10Y
2014-12-10,6746.89,0.037111,,,399989,中证医疗,CNY,CN10Y
2014-12-11,6791.12,0.037282,,,399989,中证医疗,CNY,CN10Y
2014-12-12,6908.48,0.037513,,,399989,中证医疗,CNY,CN10Y
2014-12-15,7155.44,0.037815,,,399989,中证医疗,CNY,CN10Y
2014-12-16,7097.55,0.037522,,,399989,中证医疗,CNY,CN10Y
2014-12-17,7036.86,0.037377,,,399989,中证医疗,CNY,CN10Y
2014-12-18,6975.49,0.037614,,,399989,中证医疗,CNY,CN10Y
2014-12-19,6867.67,0.037106,,,399989,中证医疗,CNY,CN10Y
2014-12-22,6557.8,0.03703,,,399989,中证医疗,CNY,CN10Y
2014-12-23,6480.18,0.036604,,,399989,中证医疗,CNY,CN10Y
2014-12-24,6617.19,0.035975,,,399989,中证医疗,CNY,CN10Y
2014-12-25,6599.46,0.036305,,,399989,中证医疗,CNY,CN10Y
2014-12-26,6615.31,0.036339,,,399989,中证医疗,CNY,CN10Y
2014-12-29,6421.91,0.036213,,,399989,中证医疗,CNY,CN10Y
2014-12-30,6307.92,0.036213,,,399989,中证医疗,CNY,CN10Y
2014-12-31,6332.54,0.036219,,,399989,中证医疗,CNY,CN10Y
2015-01-04,,0.036285,,,399989,中证医疗,CNY,CN10Y
2015-01-05,6267.27,0.036251,,,399989,中证医疗,CNY,CN10Y
2015-01-06,6524.34,0.0363529999999999,,,399989,中证医疗,CNY,CN10Y
2015-01-07,6436.57,0.036408,,,399989,中证医疗,CNY,CN10Y
2015-01-08,6452.7,0.036415,,,399989,中证医疗,CNY,CN10Y
2015-01-09,6525.17,0.036348,,,399989,中证医疗,CNY,CN10Y
2015-01-12,6644.17,0.036371,,,399989,中证医疗,CNY,CN10Y
2015-01-13,6687.3,0.035836,,,399989,中证医疗,CNY,CN10Y
2015-01-14,6652.43,0.035411,,,399989,中证医疗,CNY,CN10Y
2015-01-15,6663.08,0.035464,,,399989,中证医疗,CNY,CN10Y
2015-01-16,6706.72,0.035017,,,399989,中证医疗,CNY,CN10Y
2015-01-19,6735.04,0.03475,,,399989,中证医疗,CNY,CN10Y
2015-01-20,7199.48,0.034711,,,399989,中证医疗,CNY,CN10Y
2015-01-21,7234.25,0.034672,,,399989,中证医疗,CNY,CN10Y
2015-01-22,7375.05,0.034521,,,399989,中证医疗,CNY,CN10Y
2015-01-23,7225.74,0.03452,,,399989,中证医疗,CNY,CN10Y
2015-01-26,7303.89,0.0343409999999999,,,399989,中证医疗,CNY,CN10Y
2015-01-27,7374.87,0.034309,,,399989,中证医疗,CNY,CN10Y
2015-01-28,7330.81,0.034767,,,399989,中证医疗,CNY,CN10Y
2015-01-29,7312.68,0.034966,,,399989,中证医疗,CNY,CN10Y
2015-01-30,7204.43,0.035019,,,399989,中证医疗,CNY,CN10Y
2015-02-02,7244.8,0.034729,,,399989,中证医疗,CNY,CN10Y
2015-02-03,7402.78,0.034533,,,399989,中证医疗,CNY,CN10Y
2015-02-04,7377.6,0.034589,,,399989,中证医疗,CNY,CN10Y
2015-02-05,7505.28,0.034018,,,399989,中证医疗,CNY,CN10Y
2015-02-06,7372.32,0.034325,,,399989,中证医疗,CNY,CN10Y
2015-02-09,7265.73,0.034236,,,399989,中证医疗,CNY,CN10Y
2015-02-10,7379.47,0.0342989999999999,,,399989,中证医疗,CNY,CN10Y
2015-02-11,7480.68,0.033955,,,399989,中证医疗,CNY,CN10Y
2015-02-12,7599.93,0.033865,,,399989,中证医疗,CNY,CN10Y
2015-02-13,7727.51,0.033552,,,399989,中证医疗,CNY,CN10Y
2015-02-15,,0.0336249999999999,,,399989,中证医疗,CNY,CN10Y
2015-02-16,8093.01,0.033374,,,399989,中证医疗,CNY,CN10Y
2015-02-17,8108.76,0.033373,,,399989,中证医疗,CNY,CN10Y
2015-02-25,8016.18,0.03349,,,399989,中证医疗,CNY,CN10Y
2015-02-26,7897.67,0.033594,,,399989,中证医疗,CNY,CN10Y
2015-02-27,8026.2,0.033745,,,399989,中证医疗,CNY,CN10Y
2015-02-28,,0.033602,,,399989,中证医疗,CNY,CN10Y
2015-03-02,8206.85,0.033883,,,399989,中证医疗,CNY,CN10Y
2015-03-03,8114.5,0.034022,,,399989,中证医疗,CNY,CN10Y
2015-03-04,8600.73,0.0338689999999999,,,399989,中证医疗,CNY,CN10Y
2015-03-05,8615.03,0.034369,,,399989,中证医疗,CNY,CN10Y
2015-03-06,8338.14,0.034753,,,399989,中证医疗,CNY,CN10Y
2015-03-09,8559.58,0.034922,,,399989,中证医疗,CNY,CN10Y
2015-03-10,8908.53,0.035228,,,399989,中证医疗,CNY,CN10Y
2015-03-11,8761.58,0.034466,,,399989,中证医疗,CNY,CN10Y
2015-03-12,8630.76,0.034412,,,399989,中证医疗,CNY,CN10Y
2015-03-13,8784.83,0.034879,,,399989,中证医疗,CNY,CN10Y
2015-03-16,9057.79,0.035301,,,399989,中证医疗,CNY,CN10Y
2015-03-17,9064.54,0.035428,,,399989,中证医疗,CNY,CN10Y
2015-03-18,9216.76,0.0355189999999999,,,399989,中证医疗,CNY,CN10Y
2015-03-19,9211.06,0.035348,,,399989,中证医疗,CNY,CN10Y
2015-03-20,9331.14,0.034958,,,399989,中证医疗,CNY,CN10Y
2015-03-23,9640.34,0.034933,,,399989,中证医疗,CNY,CN10Y
2015-03-24,9706.25,0.034841,,,399989,中证医疗,CNY,CN10Y
2015-03-25,10074.09,0.035037,,,399989,中证医疗,CNY,CN10Y
2015-03-26,9589.1,0.03544,,,399989,中证医疗,CNY,CN10Y
2015-03-27,9745.93,0.035678,,,399989,中证医疗,CNY,CN10Y
2015-03-30,9661.45,0.035849,,,399989,中证医疗,CNY,CN10Y
2015-03-31,9927.56,0.036483,,,399989,中证医疗,CNY,CN10Y
2015-04-01,10151.34,0.035997,,,399989,中证医疗,CNY,CN10Y
2015-04-02,10363.04,0.035438,,,399989,中证医疗,CNY,CN10Y
2015-04-03,10488.07,0.03572,,,399989,中证医疗,CNY,CN10Y
2015-04-07,10713.85,0.035987,,,399989,中证医疗,CNY,CN10Y
2015-04-08,10492.28,0.036938,,,399989,中证医疗,CNY,CN10Y
2015-04-09,10516.74,0.03704,,,399989,中证医疗,CNY,CN10Y
2015-04-10,11093.08,0.036947,,,399989,中证医疗,CNY,CN10Y
2015-04-13,11726.9,0.0366849999999999,,,399989,中证医疗,CNY,CN10Y
2015-04-14,11960.62,0.036211,,,399989,中证医疗,CNY,CN10Y
2015-04-15,11466.12,0.035954,,,399989,中证医疗,CNY,CN10Y
2015-04-16,11670.16,0.0356,,,399989,中证医疗,CNY,CN10Y
2015-04-17,11421.63,0.035627,,,399989,中证医疗,CNY,CN10Y
2015-04-20,10976.49,0.034554,,,399989,中证医疗,CNY,CN10Y
2015-04-21,11477.68,0.034055,,,399989,中证医疗,CNY,CN10Y
2015-04-22,11845.23,0.034052,,,399989,中证医疗,CNY,CN10Y
2015-04-23,12146.03,0.034151,,,399989,中证医疗,CNY,CN10Y
2015-04-24,12283.21,0.034454,,,399989,中证医疗,CNY,CN10Y
2015-04-27,12177.79,0.033952,,,399989,中证医疗,CNY,CN10Y
2015-04-28,11662.38,0.033804,,,399989,中证医疗,CNY,CN10Y
2015-04-29,11848.91,0.034,,,399989,中证医疗,CNY,CN10Y
2015-04-30,12087.87,0.033503,,,399989,中证医疗,CNY,CN10Y
2015-05-04,12054.87,0.033804,,,399989,中证医疗,CNY,CN10Y
2015-05-05,11715.45,0.034006,,,399989,中证医疗,CNY,CN10Y
2015-05-06,11896.25,0.03456,,,399989,中证医疗,CNY,CN10Y
2015-05-07,11762.84,0.034401,,,399989,中证医疗,CNY,CN10Y
2015-05-08,12511.68,0.033703,,,399989,中证医疗,CNY,CN10Y
2015-05-11,13302.76,0.033752,,,399989,中证医疗,CNY,CN10Y
2015-05-12,13581.69,0.034002,,,399989,中证医疗,CNY,CN10Y
2015-05-13,13512.81,0.034002,,,399989,中证医疗,CNY,CN10Y
2015-05-14,13277.66,0.033803,,,399989,中证医疗,CNY,CN10Y
2015-05-15,13159.19,0.033907,,,399989,中证医疗,CNY,CN10Y
2015-05-18,13794.3,0.034109,108.13,-0.02486087274576898,399989,中证医疗,CNY,CN10Y
2015-05-19,13883.75,0.034311,109.05,-0.025140894543787255,399989,中证医疗,CNY,CN10Y
2015-05-20,14330.09,0.034282,107.24,-0.024957121223424097,399989,中证医疗,CNY,CN10Y
2015-05-21,15279.08,0.034257,113.22,-0.02542463822646176,399989,中证医疗,CNY,CN10Y
2015-05-22,15231.92,0.0341599999999999,112.8,-0.025294751773049545,399989,中证医疗,CNY,CN10Y
2015-05-25,15127.23,0.03431,111.82,-0.025367055982829546,399989,中证医疗,CNY,CN10Y
2015-05-26,15651.12,0.0352139999999999,113.76,-0.026423563994374018,399989,中证医疗,CNY,CN10Y
2015-05-27,15316.0,0.035055,111.27,-0.026067851622180283,399989,中证医疗,CNY,CN10Y
2015-05-28,14512.05,0.0356519999999999,105.26,-0.026151714991449644,399989,中证医疗,CNY,CN10Y
2015-05-29,14779.93,0.035954,107.56,-0.026656863518036443,399989,中证医疗,CNY,CN10Y
2015-06-01,15643.08,0.036404,114.27,-0.02765279670954756,399989,中证医疗,CNY,CN10Y
2015-06-02,16319.3,0.03588,119.54,-0.027514599297306343,399989,中证医疗,CNY,CN10Y
2015-06-03,16308.98,0.036111,119.07,-0.027712578903166203,399989,中证医疗,CNY,CN10Y
2015-06-04,16231.89,0.035912,113.4,-0.027093657848324515,399989,中证医疗,CNY,CN10Y
2015-06-05,16099.28,0.035814,112.42,-0.02691878562533357,399989,中证医疗,CNY,CN10Y
2015-06-08,15510.05,0.035613,108.79,-0.026420978674510525,399989,中证医疗,CNY,CN10Y
2015-06-09,15553.02,0.035565,109.44,-0.026427573099415205,399989,中证医疗,CNY,CN10Y
2015-06-10,16261.35,0.035912,114.84,-0.027204232671543017,399989,中证医疗,CNY,CN10Y
2015-06-11,16581.3,0.036197,116.72,-0.02762948800548321,399989,中证医疗,CNY,CN10Y
2015-06-12,16957.76,0.036226,119.36,-0.027847983914209118,399989,中证医疗,CNY,CN10Y
2015-06-15,16282.87,0.036681,116.09,-0.02806699362563528,399989,中证医疗,CNY,CN10Y
2015-06-16,15760.68,0.036099,112.52,-0.027211691077141838,399989,中证医疗,CNY,CN10Y
2015-06-17,16157.67,0.036052,114.59,-0.027325235011781135,399989,中证医疗,CNY,CN10Y
2015-06-18,15232.13,0.03573,108.2,-0.02648785582255083,399989,中证医疗,CNY,CN10Y
2015-06-19,14143.98,0.035825,94.8,-0.02527647679324895,399989,中证医疗,CNY,CN10Y
2015-06-23,14298.04,0.036054,95.63,-0.025597030429781453,399989,中证医疗,CNY,CN10Y
2015-06-24,14333.5,0.036079,96.11,-0.025674255436479033,399989,中证医疗,CNY,CN10Y
2015-06-25,13800.64,0.036028,92.53,-0.02522069426132065,399989,中证医疗,CNY,CN10Y
2015-06-26,12663.79,0.03608,83.47,-0.024099647777644666,399989,中证医疗,CNY,CN10Y
2015-06-29,11801.08,0.03603,77.96,-0.023202909184197023,399989,中证医疗,CNY,CN10Y
2015-06-30,12513.87,0.035976,82.64,-0.023875322362052274,399989,中证医疗,CNY,CN10Y
2015-07-01,12060.46,0.036127,79.74,-0.023586242538249307,399989,中证医疗,CNY,CN10Y
2015-07-02,11439.27,0.036223,75.67,-0.02300772313994978,399989,中证医疗,CNY,CN10Y
2015-07-03,11052.06,0.035719,73.09,-0.022037237789027227,399989,中证医疗,CNY,CN10Y
2015-07-06,10613.27,0.034917,69.67,-0.02056361977895794,399989,中证医疗,CNY,CN10Y
2015-07-07,9820.54,0.034361,64.54,-0.018866732878834835,399989,中证医疗,CNY,CN10Y
2015-07-08,9644.57,0.034307,63.5,-0.018558968503937005,399989,中证医疗,CNY,CN10Y
2015-07-09,9949.6,0.034358,65.56,-0.01910479682733374,399989,中证医疗,CNY,CN10Y
2015-07-10,10403.14,0.034885,68.61,-0.020309865180002912,399989,中证医疗,CNY,CN10Y
2015-07-13,10887.62,0.0350139999999999,71.68,-0.021063107142857043,399989,中证医疗,CNY,CN10Y
2015-07-14,11272.66,0.035341,74.06,-0.021838434512557382,399989,中证医疗,CNY,CN10Y
2015-07-15,10616.78,0.035495,69.68,-0.021143679678530425,399989,中证医疗,CNY,CN10Y
2015-07-16,10751.06,0.0352079999999999,70.31,-0.020985272080784996,399989,中证医疗,CNY,CN10Y
2015-07-17,11493.6,0.035123,75.01,-0.02179144420743901,399989,中证医疗,CNY,CN10Y
2015-07-20,11831.03,0.035009,77.13,-0.022043876183067544,399989,中证医疗,CNY,CN10Y
2015-07-21,12054.96,0.0352139999999999,78.32,-0.022445869254341062,399989,中证医疗,CNY,CN10Y
2015-07-22,12029.84,0.035145,78.32,-0.022376869254341167,399989,中证医疗,CNY,CN10Y
2015-07-23,12327.99,0.034751,80.3,-0.022297699875466995,399989,中证医疗,CNY,CN10Y
2015-07-24,12178.84,0.034602,79.29,-0.02199006911338126,399989,中证医疗,CNY,CN10Y
2015-07-27,11267.83,0.034602,73.33,-0.020965016500750035,399989,中证医疗,CNY,CN10Y
2015-07-28,10865.75,0.034401,70.77,-0.02027071880740427,399989,中证医疗,CNY,CN10Y
2015-07-29,11215.0,0.034302,73.13,-0.02062772131820046,399989,中证医疗,CNY,CN10Y
2015-07-30,10556.2,0.034402,68.87,-0.01988188964716132,399989,中证医疗,CNY,CN10Y
2015-07-31,10408.97,0.034752,67.88,-0.020020120212139066,399989,中证医疗,CNY,CN10Y
2015-08-03,9941.44,0.0347,64.82,-0.0192726627584079,399989,中证医疗,CNY,CN10Y
2015-08-04,10531.62,0.0347,68.69,-0.020141840151404862,399989,中证医疗,CNY,CN10Y
2015-08-05,10446.17,0.034701,68.1,-0.020016712187958884,399989,中证医疗,CNY,CN10Y
2015-08-06,10324.63,0.0346,67.35,-0.019752190051967333,399989,中证医疗,CNY,CN10Y
2015-08-07,10823.92,0.034553,70.55,-0.02037865556343019,399989,中证医疗,CNY,CN10Y
2015-08-10,11393.97,0.034755,74.31,-0.021297860987754005,399989,中证医疗,CNY,CN10Y
2015-08-11,11253.46,0.0352559999999999,73.44,-0.021639442265795103,399989,中证医疗,CNY,CN10Y
2015-08-12,11023.81,0.035402,71.87,-0.021487988590510647,399989,中证医疗,CNY,CN10Y
2015-08-13,11240.64,0.035153,73.27,-0.021504849324416538,399989,中证医疗,CNY,CN10Y
2015-08-14,11256.17,0.035052,73.33,-0.021415016500750034,399989,中证医疗,CNY,CN10Y
2015-08-17,11271.05,0.035176,73.38,-0.021548308530934857,399989,中证医疗,CNY,CN10Y
2015-08-18,10493.58,0.035126,68.19,-0.02046109312215867,399989,中证医疗,CNY,CN10Y
2015-08-19,10714.44,0.0352009999999999,69.72,-0.02085791336775664,399989,中证医疗,CNY,CN10Y
2015-08-20,10493.61,0.035051,68.14,-0.020375332257117698,399989,中证医疗,CNY,CN10Y
2015-08-21,9982.29,0.0349509999999999,64.81,-0.019521282363832642,399989,中证医疗,CNY,CN10Y
2015-08-24,9244.63,0.034701,59.9,-0.018006509181969953,399989,中证医疗,CNY,CN10Y
2015-08-25,8588.5,0.034577,55.54,-0.01657195858840475,399989,中证医疗,CNY,CN10Y
2015-08-26,8248.39,0.03429,53.41,-0.015566914435498971,399989,中证医疗,CNY,CN10Y
2015-08-27,8557.96,0.033902,55.51,-0.015887227886867233,399989,中证医疗,CNY,CN10Y
2015-08-28,9061.07,0.033803,58.87,-0.016816419398675047,399989,中证医疗,CNY,CN10Y
2015-08-31,8710.85,0.033252,56.52,-0.01555914791224345,399989,中证医疗,CNY,CN10Y
2015-09-01,8235.25,0.033002,64.56,-0.017512532837670382,399989,中证医疗,CNY,CN10Y
2015-09-02,8151.98,0.033002,63.97,-0.017369672346412377,399989,中证医疗,CNY,CN10Y
2015-09-06,,0.033203,63.97,-0.017570672346412384,399989,中证医疗,CNY,CN10Y
2015-09-07,8261.47,0.033353,64.81,-0.017923282363832744,399989,中证医疗,CNY,CN10Y
2015-09-08,8675.63,0.033603,68.14,-0.0189273322571177,399989,中证医疗,CNY,CN10Y
2015-09-09,8990.42,0.033478,70.61,-0.0193157000424869,399989,中证医疗,CNY,CN10Y
2015-09-10,8808.82,0.033453,69.14,-0.018989592421174425,399989,中证医疗,CNY,CN10Y
2015-09-11,8828.99,0.0334039999999999,69.39,-0.018992701542008834,399989,中证医疗,CNY,CN10Y
2015-09-14,8262.12,0.033303,64.85,-0.017882799537393985,399989,中证医疗,CNY,CN10Y
2015-09-15,7852.02,0.033104,61.61,-0.016872868690147706,399989,中证医疗,CNY,CN10Y
2015-09-16,8342.29,0.033103,65.56,-0.01784979682733374,399989,中证医疗,CNY,CN10Y
2015-09-17,8317.18,0.033204,65.38,-0.017908802691954724,399989,中证医疗,CNY,CN10Y
2015-09-18,8511.52,0.033105,66.99,-0.018177398865502313,399989,中证医疗,CNY,CN10Y
2015-09-21,8936.42,0.033204,70.39,-0.018997436567694273,399989,中证医疗,CNY,CN10Y
2015-09-22,8954.74,0.033255,70.61,-0.0190927000424869,399989,中证医疗,CNY,CN10Y
2015-09-23,8926.53,0.033354,70.33,-0.019135316650078206,399989,中证医疗,CNY,CN10Y
2015-09-24,9053.15,0.03318,71.33,-0.019160653301556148,399989,中证医疗,CNY,CN10Y
2015-09-25,8773.83,0.033101,69.31,-0.01867306752272399,399989,中证医疗,CNY,CN10Y
2015-09-28,9141.74,0.032906,72.31,-0.019076654128059742,399989,中证医疗,CNY,CN10Y
2015-09-29,9028.96,0.032457,71.45,-0.01846119874037789,399989,中证医疗,CNY,CN10Y
2015-09-30,9080.33,0.032362,71.75,-0.018424717770034845,399989,中证医疗,CNY,CN10Y
2015-10-08,9467.75,0.032409,74.81,-0.01904180310118968,399989,中证医疗,CNY,CN10Y
2015-10-09,9517.3,0.031486,75.21,-0.018189895758542747,399989,中证医疗,CNY,CN10Y
2015-10-10,,0.031612,75.21,-0.018315895758542748,399989,中证医疗,CNY,CN10Y
2015-10-12,9866.82,0.031488,78.02,-0.01867077364778262,399989,中证医疗,CNY,CN10Y
2015-10-13,10002.2,0.0310639999999999,79.24,-0.018444111055022618,399989,中证医疗,CNY,CN10Y
2015-10-14,9839.62,0.030414,77.87,-0.01757208398613073,399989,中证医疗,CNY,CN10Y
2015-10-15,10102.09,0.0308139999999999,79.95,-0.018306182614133734,399989,中证医疗,CNY,CN10Y
2015-10-16,10147.31,0.031216,80.44,-0.018784373943311786,399989,中证医疗,CNY,CN10Y
2015-10-19,10038.36,0.031214,79.68,-0.01866379919678715,399989,中证医疗,CNY,CN10Y
2015-10-20,10322.66,0.030615,81.77,-0.018385576005870125,399989,中证医疗,CNY,CN10Y
2015-10-21,9924.95,0.0306159999999999,78.42,-0.017864150981892275,399989,中证医疗,CNY,CN10Y
2015-10-22,10694.22,0.030516,84.45,-0.018674673771462404,399989,中证医疗,CNY,CN10Y
2015-10-23,11214.07,0.0304,88.77,-0.01913493297285119,399989,中证医疗,CNY,CN10Y
2015-10-26,10973.37,0.0302,86.76,-0.018673951129552793,399989,中证医疗,CNY,CN10Y
2015-10-27,11201.01,0.0298,85.42,-0.018093139779911026,399989,中证医疗,CNY,CN10Y
2015-10-28,10680.26,0.02987,77.67,-0.016995016093729883,399989,中证医疗,CNY,CN10Y
2015-10-29,10713.27,0.0305,77.89,-0.017661381435357552,399989,中证医疗,CNY,CN10Y
2015-10-30,10614.21,0.0306,77.27,-0.017658366765885853,399989,中证医疗,CNY,CN10Y
2015-11-02,10291.28,0.030525,80.45,-0.01809491920447483,399989,中证医疗,CNY,CN10Y
2015-11-03,10215.07,0.0308,79.78,-0.0182655302080722,399989,中证医疗,CNY,CN10Y
2015-11-04,10931.5,0.031351,85.19,-0.019612533043784477,399989,中证医疗,CNY,CN10Y
2015-11-05,10826.12,0.03115,84.22,-0.019276335787223937,399989,中证医疗,CNY,CN10Y
2015-11-06,11061.27,0.03125,86.11,-0.019636946928347464,399989,中证医疗,CNY,CN10Y
2015-11-09,11264.69,0.032099,87.67,-0.020692589597353716,399989,中证医疗,CNY,CN10Y
2015-11-10,11321.6,0.032001,88.14,-0.020655413433174497,399989,中证医疗,CNY,CN10Y
2015-11-11,11636.54,0.0312259999999999,90.54,-0.02018115794124134,399989,中证医疗,CNY,CN10Y
2015-11-12,11609.71,0.031351,90.29,-0.020275576365045962,399989,中证医疗,CNY,CN10Y
2015-11-13,11106.78,0.031251,86.38,-0.01967424612178745,399989,中证医疗,CNY,CN10Y
2015-11-16,11275.07,0.031352,87.73,-0.0199533906303431,399989,中证医疗,CNY,CN10Y
2015-11-17,11069.29,0.031252,86.1,-0.019637598141695703,399989,中证医疗,CNY,CN10Y
2015-11-18,10746.84,0.031402,83.73,-0.019458849396870894,399989,中证医疗,CNY,CN10Y
2015-11-19,11019.14,0.031402,85.76,-0.01974155223880597,399989,中证医疗,CNY,CN10Y
2015-11-20,11078.05,0.031251,86.31,-0.019664857026995712,399989,中证医疗,CNY,CN10Y
2015-11-23,11019.9,0.0313019999999999,85.9,-0.019660556461001066,399989,中证医疗,CNY,CN10Y
2015-11-24,11112.31,0.031077,86.54,-0.01952164987289115,399989,中证医疗,CNY,CN10Y
2015-11-25,11595.64,0.030853,90.22,-0.01976898315229439,399989,中证医疗,CNY,CN10Y
2015-11-26,11355.06,0.030503,88.62,-0.019218865493116678,399989,中证医疗,CNY,CN10Y
2015-11-27,10623.2,0.0306029999999999,83.13,-0.01857364838205211,399989,中证医疗,CNY,CN10Y
2015-11-30,10678.12,0.030404,83.4,-0.018413592326139087,399989,中证医疗,CNY,CN10Y
2015-12-01,10728.52,0.0305039999999999,83.8,-0.018570825775656226,399989,中证医疗,CNY,CN10Y
2015-12-02,10562.69,0.030454,82.63,-0.01835185792085199,399989,中证医疗,CNY,CN10Y
2015-12-03,10800.57,0.030304,84.51,-0.01847108081883801,399989,中证医疗,CNY,CN10Y
2015-12-04,10689.77,0.030254,81.58,-0.017996093650404513,399989,中证医疗,CNY,CN10Y
2015-12-07,10840.99,0.03028,82.77,-0.018198327896580886,399989,中证医疗,CNY,CN10Y
2015-12-08,10531.4,0.030005,80.5,-0.017582639751552796,399989,中证医疗,CNY,CN10Y
2015-12-09,10443.84,0.0299679999999999,79.88,-0.017449221832749023,399989,中证医疗,CNY,CN10Y
2015-12-10,10430.29,0.030018,79.77,-0.01748195888178513,399989,中证医疗,CNY,CN10Y
2015-12-11,10292.89,0.029931,78.81,-0.01724225491688872,399989,中证医疗,CNY,CN10Y
2015-12-14,10465.62,0.030306,85.3,-0.01858267057444314,399989,中证医疗,CNY,CN10Y
2015-12-15,10596.9,0.030157,86.25,-0.018562797101449275,399989,中证医疗,CNY,CN10Y
2015-12-16,10594.54,0.030007,86.29,-0.018418171630548152,399989,中证医疗,CNY,CN10Y
2015-12-17,10831.22,0.029857,88.23,-0.01852298662586422,399989,中证医疗,CNY,CN10Y
2015-12-18,10915.2,0.029408,88.63,-0.018125138666365788,399989,中证医疗,CNY,CN10Y
2015-12-21,11027.37,0.028811,89.52,-0.017640311885612152,399989,中证医疗,CNY,CN10Y
2015-12-22,11117.01,0.02861,90.15,-0.017517376594564614,399989,中证医疗,CNY,CN10Y
2015-12-23,10887.39,0.02846,88.48,-0.01715801084990958,399989,中证医疗,CNY,CN10Y
2015-12-24,10895.17,0.02801,88.6,-0.01672331828442438,399989,中证医疗,CNY,CN10Y
2015-12-25,10906.51,0.028061,88.63,-0.016778138666365787,399989,中证医疗,CNY,CN10Y
2015-12-28,10652.79,0.027961,86.57,-0.016409654268222246,399989,中证医疗,CNY,CN10Y
2015-12-29,10720.14,0.028061,87.02,-0.01656938887612043,399989,中证医疗,CNY,CN10Y
2015-12-30,10892.0,0.0282609999999999,88.53,-0.016965393990737505,399989,中证医疗,CNY,CN10Y
2015-12-31,10617.3,0.028212,86.32,-0.016627199258572752,399989,中证医疗,CNY,CN10Y
2016-01-04,9715.57,0.02871,79.01,-0.01605337425642324,399989,中证医疗,CNY,CN10Y
2016-01-05,9443.61,0.028911,77.07,-0.015935782665109637,399989,中证医疗,CNY,CN10Y
2016-01-06,9599.95,0.0288609999999999,78.34,-0.016096128925197756,399989,中证医疗,CNY,CN10Y
2016-01-07,8782.28,0.028511,71.78,-0.014579542769573699,399989,中证医疗,CNY,CN10Y
2016-01-08,8825.79,0.028362,72.14,-0.014500064873856388,399989,中证医疗,CNY,CN10Y
2016-01-11,8205.0,0.028187,67.1,-0.01328387034277198,399989,中证医疗,CNY,CN10Y
2016-01-12,8389.51,0.027887,68.55,-0.013299107950401165,399989,中证医疗,CNY,CN10Y
2016-01-13,8080.64,0.027237,66.07,-0.012101537611624035,399989,中证医疗,CNY,CN10Y
2016-01-14,8496.06,0.027513,69.38,-0.013099624387431535,399989,中证医疗,CNY,CN10Y
2016-01-15,8302.66,0.027464,67.84,-0.012723433962264151,399989,中证医疗,CNY,CN10Y
2016-01-18,8498.94,0.027764,69.45,-0.013365151907847374,399989,中证医疗,CNY,CN10Y
2016-01-19,8764.14,0.027964,71.48,-0.013974072747621712,399989,中证医疗,CNY,CN10Y
2016-01-20,8594.2,0.028114,70.1,-0.013848664764621968,399989,中证医疗,CNY,CN10Y
2016-01-21,8230.64,0.0279139999999999,67.17,-0.013026401369658975,399989,中证医疗,CNY,CN10Y
2016-01-22,8273.42,0.027741,67.49,-0.012923990072603345,399989,中证医疗,CNY,CN10Y
2016-01-25,8325.58,0.02859,67.88,-0.013858120212139068,399989,中证医疗,CNY,CN10Y
2016-01-26,7715.71,0.028616,63.09,-0.01276562751624663,399989,中证医疗,CNY,CN10Y
2016-01-27,7618.53,0.029016,62.35,-0.012977507618283882,399989,中证医疗,CNY,CN10Y
2016-01-28,7332.02,0.028866,59.94,-0.012182649983316647,399989,中证医疗,CNY,CN10Y
2016-01-29,7640.49,0.028419,62.43,-0.012401059907095946,399989,中证医疗,CNY,CN10Y
2016-02-01,7569.02,0.028368,61.82,-0.012192005176318344,399989,中证医疗,CNY,CN10Y
2016-02-02,7848.85,0.028818,64.08,-0.013212506866416979,399989,中证医疗,CNY,CN10Y
2016-02-03,7866.11,0.028918,64.24,-0.013351374844333746,399989,中证医疗,CNY,CN10Y
2016-02-04,8032.87,0.02855,65.67,-0.013322346581391807,399989,中证医疗,CNY,CN10Y
2016-02-05,7953.66,0.0285349999999999,65.06,-0.01316457270212102,399989,中证医疗,CNY,CN10Y
2016-02-06,,0.0285349999999999,65.06,-0.01316457270212102,399989,中证医疗,CNY,CN10Y
2016-02-14,,0.028221,65.06,-0.01285057270212112,399989,中证医疗,CNY,CN10Y
2016-02-15,7957.74,0.028371,65.19,-0.013031223960730174,399989,中证医疗,CNY,CN10Y
2016-02-16,8298.0,0.028376,67.85,-0.013637606484893143,399989,中证医疗,CNY,CN10Y
2016-02-17,8351.01,0.028351,68.31,-0.013711854926072319,399989,中证医疗,CNY,CN10Y
2016-02-18,8282.5,0.028351,67.74,-0.013588673457336876,399989,中证医疗,CNY,CN10Y
2016-02-19,8349.98,0.028251,68.34,-0.01361828124085455,399989,中证医疗,CNY,CN10Y
2016-02-22,8468.91,0.028426,69.3,-0.01399598556998557,399989,中证医疗,CNY,CN10Y
2016-02-23,8415.76,0.028451,68.86,-0.013928781004937555,399989,中证医疗,CNY,CN10Y
2016-02-24,8460.32,0.028676,69.15,-0.014214684020245843,399989,中证医疗,CNY,CN10Y
2016-02-25,7834.53,0.028651,64.02,-0.01303088128709778,399989,中证医疗,CNY,CN10Y
2016-02-26,7672.88,0.028551,62.86,-0.012642632198536431,399989,中证医疗,CNY,CN10Y
2016-02-29,7149.83,0.028502,58.69,-0.011463322201397171,399989,中证医疗,CNY,CN10Y
2016-03-01,7313.37,0.028527,59.97,-0.01185199583124896,399989,中证医疗,CNY,CN10Y
2016-03-02,7635.86,0.028752,62.54,-0.012762233450591621,399989,中证医疗,CNY,CN10Y
2016-03-03,7646.45,0.029002,62.58,-0.013022453819111535,399989,中证医疗,CNY,CN10Y
2016-03-04,7291.69,0.028952,59.67,-0.012193159711747947,399989,中证医疗,CNY,CN10Y
2016-03-07,7456.75,0.029303,61.03,-0.012917615762739636,399989,中证医疗,CNY,CN10Y
2016-03-08,7558.84,0.029352,61.83,-0.013178621381206533,399989,中证医疗,CNY,CN10Y
2016-03-09,7536.37,0.028928,61.55,-0.012681046303818031,399989,中证医疗,CNY,CN10Y
2016-03-10,7373.56,0.0286529999999999,60.31,-0.0120720018239097,399989,中证医疗,CNY,CN10Y
2016-03-11,7350.64,0.028453,59.7,-0.011702581239530989,399989,中证医疗,CNY,CN10Y
2016-03-14,7656.82,0.028504,62.25,-0.012439742971887553,399989,中证医疗,CNY,CN10Y
2016-03-15,7586.88,0.028404,61.68,-0.01219128923476005,399989,中证医疗,CNY,CN10Y
2016-03-16,7506.57,0.028054,61.06,-0.011676666229937765,399989,中证医疗,CNY,CN10Y
2016-03-17,7842.02,0.028154,63.79,-0.012477561686784759,399989,中证医疗,CNY,CN10Y
2016-03-18,8138.23,0.028229,66.14,-0.013109556395524646,399989,中证医疗,CNY,CN10Y
2016-03-21,8316.57,0.0283049999999999,67.56,-0.013503342214327904,399989,中证医疗,CNY,CN10Y
2016-03-22,8340.71,0.028304,67.73,-0.013539493872729957,399989,中证医疗,CNY,CN10Y
2016-03-23,8361.97,0.028307,68.0,-0.013601117647058823,399989,中证医疗,CNY,CN10Y
2016-03-24,8197.74,0.028309,66.71,-0.013318743666616699,399989,中证医疗,CNY,CN10Y
2016-03-25,8263.36,0.028311,67.28,-0.013447741973840665,399989,中证医疗,CNY,CN10Y
2016-03-28,8189.79,0.028665,66.75,-0.013683726591760299,399989,中证医疗,CNY,CN10Y
2016-03-29,7994.04,0.02851,65.32,-0.013200753214941824,399989,中证医疗,CNY,CN10Y
2016-03-30,8331.93,0.028362,68.21,-0.013701393050872304,399989,中证医疗,CNY,CN10Y
2016-03-31,8289.01,0.028419,68.01,-0.013715279958829586,399989,中证医疗,CNY,CN10Y
2016-04-01,8191.35,0.028422,66.81,-0.0134541808112558,399989,中证医疗,CNY,CN10Y
2016-04-05,8473.71,0.028637,68.91,-0.014125318096067332,399989,中证医疗,CNY,CN10Y
2016-04-06,8517.98,0.028689,69.28,-0.01425481986143187,399989,中证医疗,CNY,CN10Y
2016-04-07,8380.98,0.029049,68.24,-0.014394838218053924,399989,中证医疗,CNY,CN10Y
2016-04-08,8316.07,0.029158,67.73,-0.014393493872729958,399989,中证医疗,CNY,CN10Y
2016-04-11,8727.03,0.029091,70.9,-0.014986627644569817,399989,中证医疗,CNY,CN10Y
2016-04-12,8717.36,0.0291,70.67,-0.014949724069619358,399989,中证医疗,CNY,CN10Y
2016-04-13,8849.66,0.029271,71.61,-0.015306469906437647,399989,中证医疗,CNY,CN10Y
2016-04-14,8871.9,0.029352,71.89,-0.015441859507581026,399989,中证医疗,CNY,CN10Y
2016-04-15,8810.01,0.0291509999999999,71.42,-0.015149319798375705,399989,中证医疗,CNY,CN10Y
2016-04-18,8599.23,0.029047,69.95,-0.014751074338813439,399989,中证医疗,CNY,CN10Y
2016-04-19,8628.78,0.02906,70.16,-0.014806864310148231,399989,中证医疗,CNY,CN10Y
2016-04-20,8064.01,0.029258,65.69,-0.01403498279799056,399989,中证医疗,CNY,CN10Y
2016-04-21,7983.05,0.0292079999999999,64.94,-0.01380917031105626,399989,中证医疗,CNY,CN10Y
2016-04-22,8143.21,0.0293089999999999,66.22,-0.014207822108124334,399989,中证医疗,CNY,CN10Y
2016-04-25,8101.2,0.029362,65.87,-0.01418058205556399,399989,中证医疗,CNY,CN10Y
2016-04-26,8272.76,0.029212,67.29,-0.01435095080992718,399989,中证医疗,CNY,CN10Y
2016-04-27,8182.24,0.029108,65.96,-0.013947296543359609,399989,中证医疗,CNY,CN10Y
2016-04-28,8209.74,0.028863,66.18,-0.013752694771834393,399989,中证医疗,CNY,CN10Y
2016-04-29,8147.54,0.028913,65.67,-0.013685346581391809,399989,中证医疗,CNY,CN10Y
2016-05-03,8385.52,0.02889,61.33,-0.012584766019892384,399989,中证医疗,CNY,CN10Y
2016-05-04,8372.2,0.028965,61.34,-0.0126624241930225,399989,中证医疗,CNY,CN10Y
2016-05-05,8437.04,0.029017,61.87,-0.012854077743656052,399989,中证医疗,CNY,CN10Y
2016-05-06,8072.21,0.029016,59.28,-0.012146904183535763,399989,中证医疗,CNY,CN10Y
2016-05-09,7719.08,0.028818,55.71,-0.010867901274457008,399989,中证医疗,CNY,CN10Y
2016-05-10,7712.24,0.0289999999999999,55.62,-0.011020855807263474,399989,中证医疗,CNY,CN10Y
2016-05-11,7717.07,0.029075,55.63,-0.011099087722451915,399989,中证医疗,CNY,CN10Y
2016-05-12,7719.98,0.028975,55.57,-0.010979678783516286,399989,中证医疗,CNY,CN10Y
2016-05-13,7675.46,0.02905,55.25,-0.01095045248868778,399989,中证医疗,CNY,CN10Y
2016-05-16,7808.01,0.029275,56.21,-0.011484571250667139,399989,中证医疗,CNY,CN10Y
2016-05-17,8037.29,0.0293,55.39,-0.011246199675031595,399989,中证医疗,CNY,CN10Y
2016-05-18,7732.76,0.02955,53.25,-0.010770657276995305,399989,中证医疗,CNY,CN10Y
2016-05-19,7754.29,0.0296,50.21,-0.00968364867556264,399989,中证医疗,CNY,CN10Y
2016-05-20,7837.67,0.0295,50.19,-0.009575712293285514,399989,中证医疗,CNY,CN10Y
2016-05-23,7938.42,0.02955,50.89,-0.009899774022401258,399989,中证医疗,CNY,CN10Y
2016-05-24,7809.96,0.02935,49.51,-0.009152060189860634,399989,中证医疗,CNY,CN10Y
2016-05-25,7802.27,0.029401,49.47,-0.009186728724479482,399989,中证医疗,CNY,CN10Y
2016-05-26,7881.98,0.029401,49.94,-0.009376971165398477,399989,中证医疗,CNY,CN10Y
2016-05-27,7819.29,0.029451,49.56,-0.009273437449556096,399989,中证医疗,CNY,CN10Y
2016-05-30,7807.7,0.0297759999999999,49.48,-0.00956581406628931,399989,中证医疗,CNY,CN10Y
2016-05-31,8156.2,0.029851,51.6,-0.01047115503875969,399989,中证医疗,CNY,CN10Y
2016-06-01,8184.3,0.029952,50.62,-0.010196962465428682,399989,中证医疗,CNY,CN10Y
2016-06-02,8249.12,0.030127,51.04,-0.010534523510971786,399989,中证医疗,CNY,CN10Y
2016-06-03,8342.59,0.030152,51.51,-0.01073829392351,399989,中证医疗,CNY,CN10Y
2016-06-06,8332.69,0.030041,51.43,-0.010597095664009334,399989,中证医疗,CNY,CN10Y
2016-06-07,8311.88,0.030071,51.38,-0.010608173997664463,399989,中证医疗,CNY,CN10Y
2016-06-08,8255.41,0.030077,51.02,-0.010476843198745589,399989,中证医疗,CNY,CN10Y
2016-06-12,,0.030053,51.02,-0.01045284319874559,399989,中证医疗,CNY,CN10Y
2016-06-13,7809.21,0.029979,48.36,-0.0093007535153019,399989,中证医疗,CNY,CN10Y
2016-06-14,7821.27,0.029654,48.5,-0.009035443298969072,399989,中证医疗,CNY,CN10Y
2016-06-15,8051.52,0.029604,49.94,-0.009579971165398476,399989,中证医疗,CNY,CN10Y
2016-06-16,7995.26,0.029455,49.57,-0.009281507968529352,399989,中证医疗,CNY,CN10Y
2016-06-17,8246.95,0.029379,51.16,-0.009832479280688033,399989,中证医疗,CNY,CN10Y
2016-06-20,8234.28,0.029481,51.1,-0.009911528375733857,399989,中证医疗,CNY,CN10Y
2016-06-21,8104.43,0.029405,50.17,-0.009472769583416387,399989,中证医疗,CNY,CN10Y
2016-06-22,8229.38,0.029307,50.96,-0.009683766091051805,399989,中证医疗,CNY,CN10Y
2016-06-23,8126.8,0.029307,47.12,-0.008084589134125634,399989,中证医疗,CNY,CN10Y
2016-06-24,8080.47,0.0288079999999999,46.86,-0.007467837814767293,399989,中证医疗,CNY,CN10Y
2016-06-27,8290.2,0.02831,47.9,-0.007433173277661794,399989,中证医疗,CNY,CN10Y
2016-06-28,8439.09,0.02861,48.85,-0.008139170931422725,399989,中证医疗,CNY,CN10Y
2016-06-29,8452.18,0.028586,48.96,-0.00816116339869281,399989,中证医疗,CNY,CN10Y
2016-06-30,8478.34,0.028411,49.14,-0.00806097964997965,399989,中证医疗,CNY,CN10Y
2016-07-01,8403.68,0.0280379999999999,48.73,-0.007516760517135134,399989,中证医疗,CNY,CN10Y
2016-07-04,8571.9,0.028314,49.71,-0.00819732327499497,399989,中证医疗,CNY,CN10Y
2016-07-05,8557.56,0.0285139999999999,49.58,-0.008344576845502119,399989,中证医疗,CNY,CN10Y
2016-07-06,8599.08,0.028365,49.81,-0.008288710098373824,399989,中证医疗,CNY,CN10Y
2016-07-07,8716.84,0.028066,50.44,-0.008240464710547183,399989,中证医疗,CNY,CN10Y
2016-07-08,8710.7,0.028016,50.37,-0.008162912844947388,399989,中证医疗,CNY,CN10Y
2016-07-11,8613.77,0.028268,49.76,-0.008171536977491962,399989,中证医疗,CNY,CN10Y
2016-07-12,8768.23,0.028368,50.69,-0.008640243045965675,399989,中证医疗,CNY,CN10Y
2016-07-13,8819.05,0.028493,50.92,-0.008854351139041636,399989,中证医疗,CNY,CN10Y
2016-07-14,8810.27,0.028395,50.86,-0.008733183248132128,399989,中证医疗,CNY,CN10Y
2016-07-15,8708.74,0.028271,50.34,-0.008406081446166072,399989,中证医疗,CNY,CN10Y
2016-07-18,8705.22,0.028271,50.36,-0.008413970611596506,399989,中证医疗,CNY,CN10Y
2016-07-19,8740.4,0.028197,50.52,-0.008402859065716549,399989,中证医疗,CNY,CN10Y
2016-07-20,8776.59,0.027996,50.73,-0.008283798147053024,399989,中证医疗,CNY,CN10Y
2016-07-21,8790.61,0.027806,50.85,-0.00814031661750246,399989,中证医疗,CNY,CN10Y
2016-07-22,8736.51,0.027907,50.48,-0.008097174326465926,399989,中证医疗,CNY,CN10Y
2016-07-25,8738.52,0.028068,50.52,-0.008273859065716548,399989,中证医疗,CNY,CN10Y
2016-07-26,8891.68,0.0279139999999999,51.38,-0.008451173997664364,399989,中证医疗,CNY,CN10Y
2016-07-27,8448.86,0.027967,48.9,-0.00751710224948875,399989,中证医疗,CNY,CN10Y
2016-07-28,8403.86,0.027867,48.7,-0.007333119096509241,399989,中证医疗,CNY,CN10Y
2016-07-29,8401.78,0.027768,48.69,-0.007229901827890739,399989,中证医疗,CNY,CN10Y
2016-08-01,8277.55,0.02783,48.03,-0.007009679367062253,399989,中证医疗,CNY,CN10Y
2016-08-02,8346.04,0.0277919999999999,48.43,-0.007143641544497113,399989,中证医疗,CNY,CN10Y
2016-08-03,8401.72,0.027718,48.75,-0.007205179487179487,399989,中证医疗,CNY,CN10Y
2016-08-04,8437.87,0.027694,48.95,-0.007264990806945863,399989,中证医疗,CNY,CN10Y
2016-08-05,8352.28,0.027534,48.51,-0.006919693671407955,399989,中证医疗,CNY,CN10Y
2016-08-08,8456.19,0.027472,49.09,-0.007101252393562844,399989,中证医疗,CNY,CN10Y
2016-08-09,8541.89,0.027125,49.55,-0.006943365287588293,399989,中证医疗,CNY,CN10Y
2016-08-10,8549.94,0.0269499999999999,49.57,-0.006776507968529254,399989,中证医疗,CNY,CN10Y
2016-08-11,8447.87,0.026875,48.99,-0.006462670953255766,399989,中证医疗,CNY,CN10Y
2016-08-12,8564.97,0.026701,49.59,-0.006535644081468037,399989,中证医疗,CNY,CN10Y
2016-08-15,8764.54,0.0264009999999999,50.73,-0.006688798147052925,399989,中证医疗,CNY,CN10Y
2016-08-16,8849.91,0.0266509999999999,51.14,-0.007096834962846986,399989,中证医疗,CNY,CN10Y
2016-08-17,8855.85,0.026901,51.21,-0.007373563952353057,399989,中证医疗,CNY,CN10Y
2016-08-18,8824.81,0.026801,51.02,-0.007200843198745588,399989,中证医疗,CNY,CN10Y
2016-08-19,8820.95,0.027001,51.05,-0.007412361410381978,399989,中证医疗,CNY,CN10Y
2016-08-22,8743.75,0.026801,50.66,-0.007061560600078953,399989,中证医疗,CNY,CN10Y
2016-08-23,8779.14,0.027201,50.87,-0.007543048358561035,399989,中证医疗,CNY,CN10Y
2016-08-24,8789.58,0.027301,50.92,-0.007662351139041634,399989,中证医疗,CNY,CN10Y
2016-08-25,8780.83,0.027201,50.88,-0.007546911949685535,399989,中证医疗,CNY,CN10Y
2016-08-26,8856.45,0.026927,51.2,-0.0073957499999999995,399989,中证医疗,CNY,CN10Y
2016-08-29,8899.38,0.0270639999999999,51.47,-0.007635206528074506,399989,中证医疗,CNY,CN10Y
2016-08-30,8885.97,0.027527,51.36,-0.008056595015576325,399989,中证医疗,CNY,CN10Y
2016-08-31,8878.43,0.027425,51.32,-0.007939419329696027,399989,中证医疗,CNY,CN10Y
2016-09-01,8780.29,0.027452,47.39,-0.006350501793627349,399989,中证医疗,CNY,CN10Y
2016-09-02,8730.64,0.027452,60.18,-0.010835183781987372,399989,中证医疗,CNY,CN10Y
2016-09-05,8725.65,0.027503,60.11,-0.010866832972883048,399989,中证医疗,CNY,CN10Y
2016-09-06,8873.63,0.027628,61.12,-0.011266743455497382,399989,中证医疗,CNY,CN10Y
2016-09-07,8920.58,0.027853,61.32,-0.011545106979778213,399989,中证医疗,CNY,CN10Y
2016-09-08,8929.67,0.027753,61.39,-0.011463702068740839,399989,中证医疗,CNY,CN10Y
2016-09-09,8817.7,0.0276779999999999,60.65,-0.011189953833470635,399989,中证医疗,CNY,CN10Y
2016-09-12,8512.23,0.027916,58.61,-0.010854065176591026,399989,中证医疗,CNY,CN10Y
2016-09-13,8556.16,0.027654,58.88,-0.01067030434782609,399989,中证医疗,CNY,CN10Y
2016-09-14,8528.19,0.027579,58.7,-0.010543224872231687,399989,中证医疗,CNY,CN10Y
2016-09-18,,0.027655,58.7,-0.010619224872231686,399989,中证医疗,CNY,CN10Y
2016-09-19,8656.81,0.027605,59.55,-0.010812388748950463,399989,中证医疗,CNY,CN10Y
2016-09-20,8644.3,0.027431,59.41,-0.010598816865847498,399989,中证医疗,CNY,CN10Y
2016-09-21,8642.39,0.0275179999999999,59.45,-0.010697142136248849,399989,中证医疗,CNY,CN10Y
2016-09-22,8677.39,0.027456,59.63,-0.010685917826597353,399989,中证医疗,CNY,CN10Y
2016-09-23,8650.58,0.027318,59.44,-0.010494312247644681,399989,中证医疗,CNY,CN10Y
2016-09-26,8505.37,0.027157,58.5,-0.010062982905982905,399989,中证医疗,CNY,CN10Y
2016-09-27,8582.65,0.0271439999999999,59.13,-0.010232110941992122,399989,中证医疗,CNY,CN10Y
2016-09-28,8558.16,0.027244,58.96,-0.010283348710990504,399989,中证医疗,CNY,CN10Y
2016-09-29,8595.56,0.027282,59.28,-0.010412904183535764,399989,中证医疗,CNY,CN10Y
2016-09-30,8634.3,0.027258,59.52,-0.010456924731182798,399989,中证医疗,CNY,CN10Y
2016-10-08,,0.0270469999999999,59.52,-0.010245924731182698,399989,中证医疗,CNY,CN10Y
2016-10-09,,0.02676,59.52,-0.009958924731182796,399989,中证医疗,CNY,CN10Y
2016-10-10,8809.93,0.026735,60.76,-0.010276803818301511,399989,中证医疗,CNY,CN10Y
2016-10-11,8819.85,0.026835,60.84,-0.010398445101906642,399989,中证医疗,CNY,CN10Y
2016-10-12,8824.04,0.027098,60.84,-0.010661445101906641,399989,中证医疗,CNY,CN10Y
2016-10-13,8836.43,0.02701,60.89,-0.010586942026605352,399989,中证医疗,CNY,CN10Y
2016-10-14,8838.45,0.0269519999999999,60.94,-0.010542416803413092,399989,中证医疗,CNY,CN10Y
2016-10-17,8779.73,0.0269039999999999,60.55,-0.010388723369116334,399989,中证医疗,CNY,CN10Y
2016-10-18,8867.97,0.026965,61.19,-0.010622460369341395,399989,中证医疗,CNY,CN10Y
2016-10-19,8830.9,0.026664,60.94,-0.010254416803413192,399989,中证医疗,CNY,CN10Y
2016-10-20,8825.66,0.026518,60.92,-0.010103029546946817,399989,中证医疗,CNY,CN10Y
2016-10-21,8788.13,0.026451,59.82,-0.009734182881979268,399989,中证医疗,CNY,CN10Y
2016-10-24,8825.9,0.026595,60.07,-0.0099477551190278,399989,中证医疗,CNY,CN10Y
2016-10-25,8799.72,0.026859,59.93,-0.010172866177206741,399989,中证医疗,CNY,CN10Y
2016-10-26,8831.94,0.0272,60.16,-0.010577659574468084,399989,中证医疗,CNY,CN10Y
2016-10-27,8787.98,0.027068,59.89,-0.01037072165637001,399989,中证医疗,CNY,CN10Y
2016-10-28,8681.12,0.027027,59.25,-0.010149362869198313,399989,中证医疗,CNY,CN10Y
2016-10-31,8682.04,0.027425,59.33,-0.010570120512388339,399989,中证医疗,CNY,CN10Y
2016-11-01,8756.1,0.0273749999999999,58.79,-0.010365304473549823,399989,中证医疗,CNY,CN10Y
2016-11-02,8686.39,0.027372,58.33,-0.010228163209326246,399989,中证医疗,CNY,CN10Y
2016-11-03,8713.14,0.027301,58.48,-0.010201136798905608,399989,中证医疗,CNY,CN10Y
2016-11-04,8702.34,0.027339,58.49,-0.010242060352196956,399989,中证医疗,CNY,CN10Y
2016-11-07,8647.32,0.027475,58.08,-0.010257369146005509,399989,中证医疗,CNY,CN10Y
2016-11-08,8699.11,0.027634,58.36,-0.010498976010966415,399989,中证医疗,CNY,CN10Y
2016-11-09,8607.07,0.027651,57.74,-0.010331983720124695,399989,中证医疗,CNY,CN10Y
2016-11-10,8695.2,0.027926,58.36,-0.010790976010966416,399989,中证医疗,CNY,CN10Y
2016-11-11,8702.96,0.0281499999999999,58.42,-0.011032574460800998,399989,中证医疗,CNY,CN10Y
2016-11-14,8744.64,0.0285769999999999,58.68,-0.011535418541240527,399989,中证医疗,CNY,CN10Y
2016-11-15,8767.03,0.028501,58.87,-0.011514419398675046,399989,中证医疗,CNY,CN10Y
2016-11-16,8781.55,0.028652,58.96,-0.011691348710990503,399989,中证医疗,CNY,CN10Y
2016-11-17,8788.44,0.029055,58.95,-0.012091471586089909,399989,中证医疗,CNY,CN10Y
2016-11-18,8763.78,0.028901,58.77,-0.011885515909477624,399989,中证医疗,CNY,CN10Y
2016-11-21,8770.2,0.028851,58.84,-0.011855758667573081,399989,中证医疗,CNY,CN10Y
2016-11-22,8836.92,0.028689,59.35,-0.011839800336983994,399989,中证医疗,CNY,CN10Y
2016-11-23,8777.55,0.028451,58.96,-0.011490348710990504,399989,中证医疗,CNY,CN10Y
2016-11-24,8696.8,0.028502,58.47,-0.011399212245596032,399989,中证医疗,CNY,CN10Y
2016-11-25,8783.19,0.02865,59.01,-0.011703719708523977,399989,中证医疗,CNY,CN10Y
2016-11-28,8852.99,0.028502,59.43,-0.011675481406696955,399989,中证医疗,CNY,CN10Y
2016-11-29,8766.36,0.028906,58.82,-0.011904979938796328,399989,中证医疗,CNY,CN10Y
2016-11-30,8832.52,0.029502,59.25,-0.012624362869198314,399989,中证医疗,CNY,CN10Y
2016-12-01,8867.02,0.029893,59.44,-0.013069312247644682,399989,中证医疗,CNY,CN10Y
2016-12-02,8743.45,0.029895,58.6,-0.012830153583617748,399989,中证医疗,CNY,CN10Y
2016-12-05,8725.69,0.030302,58.52,-0.013213825017088177,399989,中证医疗,CNY,CN10Y
2016-12-06,8711.55,0.0311509999999999,58.45,-0.01404236013686902,399989,中证医疗,CNY,CN10Y
2016-12-07,8759.04,0.0308769999999999,58.75,-0.01385572340425522,399989,中证医疗,CNY,CN10Y
2016-12-08,8709.34,0.030753,58.41,-0.013632643896593046,399989,中证医疗,CNY,CN10Y
2016-12-09,8688.12,0.030853,58.27,-0.013691510382701218,399989,中证医疗,CNY,CN10Y
2016-12-12,8177.16,0.031458,55.89,-0.013565711576310611,399989,中证医疗,CNY,CN10Y
2016-12-13,8178.76,0.031863,55.92,-0.013980310443490705,399989,中证医疗,CNY,CN10Y
2016-12-14,8112.19,0.032186,55.49,-0.014164734907190484,399989,中证医疗,CNY,CN10Y
2016-12-15,8146.1,0.033315,55.74,-0.015374562253318978,399989,中证医疗,CNY,CN10Y
2016-12-16,8214.04,0.032803,56.17,-0.014999902260993413,399989,中证医疗,CNY,CN10Y
2016-12-19,8192.82,0.033316,56.02,-0.015465232416993931,399989,中证医疗,CNY,CN10Y
2016-12-20,8192.79,0.033739,56.0,-0.015881857142857142,399989,中证医疗,CNY,CN10Y
2016-12-21,8221.2,0.032815,56.22,-0.015027735681252222,399989,中证医疗,CNY,CN10Y
2016-12-22,8234.35,0.031908,56.3,-0.014146010657193602,399989,中证医疗,CNY,CN10Y
2016-12-23,8152.62,0.031769,55.73,-0.013825343082720255,399989,中证医疗,CNY,CN10Y
2016-12-26,8171.33,0.031551,55.81,-0.01363306414621036,399989,中证医疗,CNY,CN10Y
2016-12-27,8112.09,0.0316279999999999,55.42,-0.01358397257307821,399989,中证医疗,CNY,CN10Y
2016-12-28,8070.29,0.031223,55.2,-0.013107057971014493,399989,中证医疗,CNY,CN10Y
2016-12-29,8033.38,0.0304709999999999,54.93,-0.012266011833242208,399989,中证医疗,CNY,CN10Y
2016-12-30,8028.22,0.030115,54.86,-0.011886782719650019,399989,中证医疗,CNY,CN10Y
2016-12-31,,0.030115,54.86,-0.011886782719650019,399989,中证医疗,CNY,CN10Y
2017-01-03,8077.45,0.031054,55.19,-0.012934775502808478,399989,中证医疗,CNY,CN10Y
2017-01-04,8155.59,0.031823,55.74,-0.013882562253318978,399989,中证医疗,CNY,CN10Y
2017-01-05,8120.0,0.032086,55.51,-0.014071227886867235,399989,中证医疗,CNY,CN10Y
2017-01-06,8041.75,0.031953,54.96,-0.013757949053857355,399989,中证医疗,CNY,CN10Y
2017-01-09,8033.44,0.031692,54.91,-0.013480380987069749,399989,中证医疗,CNY,CN10Y
2017-01-10,7977.71,0.031792,54.48,-0.013436640234948605,399989,中证医疗,CNY,CN10Y
2017-01-11,7901.3,0.032055,53.94,-0.013515882461994807,399989,中证医疗,CNY,CN10Y
2017-01-12,7845.8,0.031888,53.51,-0.013199904316950103,399989,中证医疗,CNY,CN10Y
2017-01-13,7690.32,0.032022,52.55,-0.012992504281636539,399989,中证医疗,CNY,CN10Y
2017-01-16,7382.93,0.032496,50.51,-0.01269794020985943,399989,中证医疗,CNY,CN10Y
2017-01-17,7436.22,0.032692,50.89,-0.013041774022401257,399989,中证医疗,CNY,CN10Y
2017-01-18,7370.55,0.032682,50.41,-0.012844666137671098,399989,中证医疗,CNY,CN10Y
2017-01-19,7366.88,0.032584,50.42,-0.012750600555335188,399989,中证医疗,CNY,CN10Y
2017-01-20,7476.35,0.03244,51.15,-0.012889657869012704,399989,中证医疗,CNY,CN10Y
2017-01-22,,0.0325499999999999,51.15,-0.012999657869012606,399989,中证医疗,CNY,CN10Y
2017-01-23,7533.47,0.032429,51.57,-0.01303788113244134,399989,中证医疗,CNY,CN10Y
2017-01-24,7477.8,0.032837,51.33,-0.013355215468536914,399989,中证医疗,CNY,CN10Y
2017-01-25,7511.48,0.033463,51.62,-0.014090663696241765,399989,中证医疗,CNY,CN10Y
2017-01-26,7571.91,0.0334649999999999,52.01,-0.014237928283022394,399989,中证医疗,CNY,CN10Y
2017-02-03,7550.85,0.034214,51.85,-0.014927596914175507,399989,中证医疗,CNY,CN10Y
2017-02-04,,0.034099,51.85,-0.014812596914175503,399989,中证医疗,CNY,CN10Y
2017-02-06,7628.16,0.034905,52.39,-0.015817387860278677,399989,中证医疗,CNY,CN10Y
2017-02-07,7604.03,0.034866,52.23,-0.015719915374305955,399989,中证医疗,CNY,CN10Y
2017-02-08,7695.58,0.034591,52.85,-0.015669524124881738,399989,中证医疗,CNY,CN10Y
2017-02-09,7742.59,0.034148,53.09,-0.015312061028442268,399989,中证医疗,CNY,CN10Y
2017-02-10,7711.34,0.0343679999999999,52.92,-0.015471552532123858,399989,中证医疗,CNY,CN10Y
2017-02-13,7769.6,0.034192,53.39,-0.015461900730473873,399989,中证医疗,CNY,CN10Y
2017-02-14,7733.1,0.034107,53.15,-0.015292324553151455,399989,中证医疗,CNY,CN10Y
2017-02-15,7686.66,0.034058,52.82,-0.015125777357061717,399989,中证医疗,CNY,CN10Y
2017-02-16,7692.52,0.033559,52.87,-0.014644681861168903,399989,中证医疗,CNY,CN10Y
2017-02-17,7638.6,0.033311,52.58,-0.014292361734499808,399989,中证医疗,CNY,CN10Y
2017-02-20,7671.57,0.032812,52.85,-0.013890524124881742,399989,中证医疗,CNY,CN10Y
2017-02-21,7749.28,0.033013,53.39,-0.014282900730473874,399989,中证医疗,CNY,CN10Y
2017-02-22,7747.43,0.032839,53.31,-0.014080793284561997,399989,中证医疗,CNY,CN10Y
2017-02-23,7792.44,0.032714,53.68,-0.014085087928464978,399989,中证医疗,CNY,CN10Y
2017-02-24,7822.71,0.032916,53.9,-0.014363124304267161,399989,中证医疗,CNY,CN10Y
2017-02-27,7750.19,0.032871,53.38,-0.014137391907081302,399989,中证医疗,CNY,CN10Y
2017-02-28,7751.74,0.03292,53.45,-0.01421092609915809,399989,中证医疗,CNY,CN10Y
2017-03-01,7773.97,0.033252,53.62,-0.014602242446848188,399989,中证医疗,CNY,CN10Y
2017-03-02,7724.03,0.033483,53.24,-0.014700129977460556,399989,中证医疗,CNY,CN10Y
2017-03-03,7745.31,0.033573,53.36,-0.014832370314842577,399989,中证医疗,CNY,CN10Y
2017-03-06,7839.75,0.033615,54.0,-0.015096481481481482,399989,中证医疗,CNY,CN10Y
2017-03-07,7896.39,0.033643,54.38,-0.015253886355277677,399989,中证医疗,CNY,CN10Y
2017-03-08,7847.58,0.034088,54.06,-0.01559003477617462,399989,中证医疗,CNY,CN10Y
2017-03-09,7830.29,0.034151,53.96,-0.015618753891771683,399989,中证医疗,CNY,CN10Y
2017-03-10,7789.65,0.034156,53.67,-0.015523616918203836,399989,中证医疗,CNY,CN10Y
2017-03-13,7834.83,0.033851,53.97,-0.01532218769686863,399989,中证医疗,CNY,CN10Y
2017-03-14,7810.96,0.033653,53.81,-0.015069093662887941,399989,中证医疗,CNY,CN10Y
2017-03-15,7792.32,0.033524,53.73,-0.014912423599478874,399989,中证医疗,CNY,CN10Y
2017-03-16,7839.22,0.033097,54.06,-0.014599034776174621,399989,中证医疗,CNY,CN10Y
2017-03-17,7796.51,0.033124,53.76,-0.014522809523809525,399989,中证医疗,CNY,CN10Y
2017-03-20,7803.11,0.033141,53.86,-0.014574345711102856,399989,中证医疗,CNY,CN10Y
2017-03-21,7791.16,0.033141,53.82,-0.014560546636937937,399989,中证医疗,CNY,CN10Y
2017-03-22,7781.37,0.033068,53.82,-0.01448754663693794,399989,中证医疗,CNY,CN10Y
2017-03-23,7770.22,0.033034,53.77,-0.014436268923191373,399989,中证医疗,CNY,CN10Y
2017-03-24,7795.71,0.032529,53.97,-0.014000187696868633,399989,中证医疗,CNY,CN10Y
2017-03-27,7764.95,0.032451,53.73,-0.013839423599478876,399989,中证医疗,CNY,CN10Y
2017-03-28,7746.94,0.032626,53.64,-0.013983196122296798,399989,中证医疗,CNY,CN10Y
2017-03-29,7680.14,0.032695,53.18,-0.013890938322677699,399989,中证医疗,CNY,CN10Y
2017-03-30,7519.29,0.03289,52.13,-0.013707187799731443,399989,中证医疗,CNY,CN10Y
2017-03-31,7548.85,0.0328279999999999,52.37,-0.013733098338743453,399989,中证医疗,CNY,CN10Y
2017-04-01,,0.03273,52.37,-0.013635098338743556,399989,中证医疗,CNY,CN10Y
2017-04-05,7633.71,0.033102,52.98,-0.01422695281238203,399989,中证医疗,CNY,CN10Y
2017-04-06,7646.87,0.033109,53.13,-0.014287242047807267,399989,中证医疗,CNY,CN10Y
2017-04-07,7663.8,0.032966,53.25,-0.014186657276995307,399989,中证医疗,CNY,CN10Y
2017-04-10,7570.36,0.033166,52.66,-0.014176254462590201,399989,中证医疗,CNY,CN10Y
2017-04-11,7577.36,0.033209,52.78,-0.0142624293292914,399989,中证医疗,CNY,CN10Y
2017-04-12,7522.92,0.033283,52.4,-0.014199030534351145,399989,中证医疗,CNY,CN10Y
2017-04-13,7543.86,0.03322,52.53,-0.014183259090043785,399989,中证医疗,CNY,CN10Y
2017-04-14,7467.44,0.033599,52.05,-0.014386704130643607,399989,中证医疗,CNY,CN10Y
2017-04-17,7396.72,0.0341599999999999,51.65,-0.01479891577928354,399989,中证医疗,CNY,CN10Y
2017-04-18,7302.48,0.034064,51.11,-0.014498357268636273,399989,中证医疗,CNY,CN10Y
2017-04-19,7229.19,0.034065,50.67,-0.014329456285770672,399989,中证医疗,CNY,CN10Y
2017-04-20,7221.52,0.03424,50.56,-0.014461518987341774,399989,中证医疗,CNY,CN10Y
2017-04-21,7263.55,0.034614,50.83,-0.014940578792051937,399989,中证医疗,CNY,CN10Y
2017-04-24,7137.51,0.034991,50.04,-0.015006987210231814,399989,中证医疗,CNY,CN10Y
2017-04-25,7166.43,0.034568,50.24,-0.014663541401273888,399989,中证医疗,CNY,CN10Y
2017-04-26,7184.29,0.034519,50.42,-0.014685600555335188,399989,中证医疗,CNY,CN10Y
2017-04-27,7230.88,0.034494,50.71,-0.0147740236639716,399989,中证医疗,CNY,CN10Y
2017-04-28,7257.85,0.034668,50.89,-0.015017774022401256,399989,中证医疗,CNY,CN10Y
2017-05-02,7257.5,0.03487,57.5,-0.01747869565217391,399989,中证医疗,CNY,CN10Y
2017-05-03,7228.34,0.035219,57.29,-0.017763946762087625,399989,中证医疗,CNY,CN10Y
2017-05-04,7205.14,0.035517,57.05,-0.017988516213847502,399989,中证医疗,CNY,CN10Y
2017-05-05,7131.7,0.035592,56.61,-0.01792727645292351,399989,中证医疗,CNY,CN10Y
2017-05-08,7099.38,0.036042,56.35,-0.018295771073646848,399989,中证医疗,CNY,CN10Y
2017-05-09,7117.83,0.0363249999999999,56.58,-0.018650910215623793,399989,中证医疗,CNY,CN10Y
2017-05-10,6967.6,0.0369,55.54,-0.018894958588404755,399989,中证医疗,CNY,CN10Y
2017-05-11,6889.28,0.0364,55.06,-0.018237994914638577,399989,中证医疗,CNY,CN10Y
2017-05-12,6870.54,0.036525,54.96,-0.018329949053857354,399989,中证医疗,CNY,CN10Y
2017-05-15,6877.6,0.0361,55.03,-0.017928093767036163,399989,中证医疗,CNY,CN10Y
2017-05-16,7035.73,0.036225,56.35,-0.01847877107364685,399989,中证医疗,CNY,CN10Y
2017-05-17,7061.88,0.036275,56.43,-0.0185539296473507,399989,中证医疗,CNY,CN10Y
2017-05-18,7009.3,0.0360749999999999,53.66,-0.017439144614237692,399989,中证医疗,CNY,CN10Y
2017-05-19,7044.34,0.03625,53.43,-0.017533922889762302,399989,中证医疗,CNY,CN10Y
2017-05-22,6998.81,0.036601,53.02,-0.01774019275745002,399989,中证医疗,CNY,CN10Y
2017-05-23,6853.03,0.036725,51.98,-0.01748683147364371,399989,中证医疗,CNY,CN10Y
2017-05-24,6920.68,0.036601,52.46,-0.017538857415173466,399989,中证医疗,CNY,CN10Y
2017-05-25,6955.92,0.036476,49.41,-0.016237181946974297,399989,中证医疗,CNY,CN10Y
2017-05-26,6942.31,0.036501,47.58,-0.015483765868011767,399989,中证医疗,CNY,CN10Y
2017-05-27,,0.036499,47.58,-0.015481765868011765,399989,中证医疗,CNY,CN10Y
2017-05-31,6867.56,0.0361019999999999,47.13,-0.014884092085720248,399989,中证医疗,CNY,CN10Y
2017-06-01,6717.68,0.036152,45.52,-0.014183634446397187,399989,中证医疗,CNY,CN10Y
2017-06-02,6761.53,0.036277,45.59,-0.014342365211669223,399989,中证医疗,CNY,CN10Y
2017-06-05,6800.92,0.036152,45.8,-0.014317938864628815,399989,中证医疗,CNY,CN10Y
2017-06-06,6815.1,0.036328,45.89,-0.014536760078448462,399989,中证医疗,CNY,CN10Y
2017-06-07,6990.44,0.036427,47.08,-0.015186558198810537,399989,中证医疗,CNY,CN10Y
2017-06-08,6967.85,0.036478,46.92,-0.015165127024722929,399989,中证医疗,CNY,CN10Y
2017-06-09,6974.01,0.036303,46.96,-0.015008281090289611,399989,中证医疗,CNY,CN10Y
2017-06-12,6891.97,0.035841,48.37,-0.015167028530080624,399989,中证医疗,CNY,CN10Y
2017-06-13,6979.52,0.035754,49.0,-0.01534583673469388,399989,中证医疗,CNY,CN10Y
2017-06-14,6968.87,0.035354,48.96,-0.014929163398692807,399989,中证医疗,CNY,CN10Y
2017-06-15,7069.4,0.035554,49.69,-0.01542922640370296,399989,中证医疗,CNY,CN10Y
2017-06-16,7024.1,0.03568,49.42,-0.015445277215702147,399989,中证医疗,CNY,CN10Y
2017-06-19,7029.0,0.035006,49.43,-0.014775370827432736,399989,中证医疗,CNY,CN10Y
2017-06-20,7011.79,0.034881,49.3,-0.014597024340770794,399989,中证医疗,CNY,CN10Y
2017-06-21,7038.28,0.035406,49.51,-0.015208060189860633,399989,中证医疗,CNY,CN10Y
2017-06-22,6945.63,0.035607,48.84,-0.015131979524979525,399989,中证医疗,CNY,CN10Y
2017-06-23,6980.98,0.035457,49.12,-0.015098693811074919,399989,中证医疗,CNY,CN10Y
2017-06-26,7056.66,0.035134,49.64,-0.014988955680902496,399989,中证医疗,CNY,CN10Y
2017-06-27,7115.71,0.035084,50.05,-0.015103980019980017,399989,中证医疗,CNY,CN10Y
2017-06-28,7069.29,0.035333,49.69,-0.015208226403702962,399989,中证医疗,CNY,CN10Y
2017-06-29,7108.49,0.035483,49.94,-0.015458971165398478,399989,中证医疗,CNY,CN10Y
2017-06-30,7136.48,0.035683,50.18,-0.015754741729772818,399989,中证医疗,CNY,CN10Y
2017-07-03,7202.89,0.036033,50.64,-0.01628576461295419,399989,中证医疗,CNY,CN10Y
2017-07-04,7119.83,0.036009,50.06,-0.016032971234518578,399989,中证医疗,CNY,CN10Y
2017-07-05,7179.59,0.03576,50.48,-0.015950174326465925,399989,中证医疗,CNY,CN10Y
2017-07-06,7134.24,0.03566,50.18,-0.015731741729772816,399989,中证医疗,CNY,CN10Y
2017-07-07,7115.9,0.035897,49.75,-0.015796497487437184,399989,中证医疗,CNY,CN10Y
2017-07-10,7042.19,0.035911,49.18,-0.0155775311102074,399989,中证医疗,CNY,CN10Y
2017-07-11,7030.79,0.035836,49.06,-0.015452795760293517,399989,中证医疗,CNY,CN10Y
2017-07-12,6992.69,0.035749,48.79,-0.015252996720639476,399989,中证医疗,CNY,CN10Y
2017-07-13,7050.01,0.035643,49.06,-0.015259795760293519,399989,中证医疗,CNY,CN10Y
2017-07-14,6949.42,0.035637,48.44,-0.014992904211395541,399989,中证医疗,CNY,CN10Y
2017-07-17,6547.88,0.035626,45.58,-0.01368655287406757,399989,中证医疗,CNY,CN10Y
2017-07-18,6505.32,0.035851,45.27,-0.013761315882482882,399989,中证医疗,CNY,CN10Y
2017-07-19,6552.38,0.035901,45.63,-0.013985593469208857,399989,中证医疗,CNY,CN10Y
2017-07-20,6602.39,0.03574,45.95,-0.013977214363438524,399989,中证医疗,CNY,CN10Y
2017-07-21,6563.55,0.035829,45.63,-0.013913593469208854,399989,中证医疗,CNY,CN10Y
2017-07-24,6579.08,0.035769,45.71,-0.013891949026471236,399989,中证医疗,CNY,CN10Y
2017-07-25,6568.15,0.03592,45.62,-0.013999789565979831,399989,中证医疗,CNY,CN10Y
2017-07-26,6512.87,0.03617,45.27,-0.014080315882482881,399989,中证医疗,CNY,CN10Y
2017-07-27,6656.52,0.036021,46.28,-0.0144133941227312,399989,中证医疗,CNY,CN10Y
2017-07-28,6613.06,0.036034,45.96,-0.014275949521322887,399989,中证医疗,CNY,CN10Y
2017-07-31,6631.3,0.03626,46.06,-0.014549188015631785,399989,中证医疗,CNY,CN10Y
2017-08-01,6645.07,0.036373,46.18,-0.014718604157644005,399989,中证医疗,CNY,CN10Y
2017-08-02,6591.8,0.036311,45.8,-0.014476938864628822,399989,中证医疗,CNY,CN10Y
2017-08-03,6618.37,0.0362619999999999,45.99,-0.014518142639704183,399989,中证医疗,CNY,CN10Y
2017-08-04,6561.74,0.0362619999999999,45.61,-0.014336983556237564,399989,中证医疗,CNY,CN10Y
2017-08-07,6607.2,0.036626,45.91,-0.01484425310389893,399989,中证医疗,CNY,CN10Y
2017-08-08,6679.44,0.036538,46.43,-0.015000201163041137,399989,中证医疗,CNY,CN10Y
2017-08-09,6728.58,0.0366,46.8,-0.015232478632478633,399989,中证医疗,CNY,CN10Y
2017-08-10,6687.23,0.036375,46.55,-0.014892722878625132,399989,中证医疗,CNY,CN10Y
2017-08-11,6630.7,0.036163,46.18,-0.014508604157644003,399989,中证医疗,CNY,CN10Y
2017-08-14,6748.7,0.035925,47.02,-0.014657454274776691,399989,中证医疗,CNY,CN10Y
2017-08-15,6758.04,0.035801,47.03,-0.0145379763980438,399989,中证医疗,CNY,CN10Y
2017-08-16,6818.89,0.035988,47.49,-0.01493093535481154,399989,中证医疗,CNY,CN10Y
2017-08-17,6837.46,0.035926,47.65,-0.014939641133263376,399989,中证医疗,CNY,CN10Y
2017-08-18,6807.92,0.035951,47.48,-0.014889500421229988,399989,中证医疗,CNY,CN10Y
2017-08-21,6826.01,0.036181,47.57,-0.015159347698129072,399989,中证医疗,CNY,CN10Y
2017-08-22,6777.22,0.036201,47.23,-0.015028016726656782,399989,中证医疗,CNY,CN10Y
2017-08-23,6782.28,0.036152,47.28,-0.015001407783417933,399989,中证医疗,CNY,CN10Y
2017-08-24,6688.49,0.036252,46.63,-0.01480657859746944,399989,中证医疗,CNY,CN10Y
2017-08-25,6749.98,0.036327,47.04,-0.015068496598639455,399989,中证医疗,CNY,CN10Y
2017-08-28,6841.06,0.036502,47.71,-0.015542033535946343,399989,中证医疗,CNY,CN10Y
2017-08-29,6834.15,0.036303,47.67,-0.015325445982798409,399989,中证医疗,CNY,CN10Y
2017-08-30,6866.89,0.036303,48.02,-0.01547834360683049,399989,中证医疗,CNY,CN10Y
2017-08-31,6900.56,0.036265,48.21,-0.015522415473968057,399989,中证医疗,CNY,CN10Y
2017-09-01,6931.02,0.0363529999999999,57.5,-0.018961695652173812,399989,中证医疗,CNY,CN10Y
2017-09-04,6956.96,0.036454,57.8,-0.019152961937716262,399989,中证医疗,CNY,CN10Y
2017-09-05,7010.17,0.036641,58.21,-0.019461821164748327,399989,中证医疗,CNY,CN10Y
2017-09-06,7027.64,0.036554,58.27,-0.019392510382701223,399989,中证医疗,CNY,CN10Y
2017-09-07,7022.76,0.036155,58.26,-0.018990564709921044,399989,中证医疗,CNY,CN10Y
2017-09-08,7079.14,0.0360049999999999,58.78,-0.01899241068390599,399989,中证医疗,CNY,CN10Y
2017-09-11,7037.46,0.036156,58.5,-0.019061982905982905,399989,中证医疗,CNY,CN10Y
2017-09-12,7003.24,0.036181,58.18,-0.018992962873839805,399989,中证医疗,CNY,CN10Y
2017-09-13,7009.64,0.036356,58.2,-0.01917386941580756,399989,中证医疗,CNY,CN10Y
2017-09-14,7007.64,0.035982,58.16,-0.018788052269601098,399989,中证医疗,CNY,CN10Y
2017-09-15,6975.72,0.035982,57.84,-0.018692926694329186,399989,中证医疗,CNY,CN10Y
2017-09-18,7049.81,0.03622,58.46,-0.01911428669175505,399989,中证医疗,CNY,CN10Y
2017-09-19,7061.23,0.036158,58.58,-0.019087327415500174,399989,中证医疗,CNY,CN10Y
2017-09-20,7086.24,0.036209,58.83,-0.019210869794322624,399989,中证医疗,CNY,CN10Y
2017-09-21,7008.52,0.036334,58.17,-0.0191430080797662,399989,中证医疗,CNY,CN10Y
2017-09-22,6981.09,0.036209,58.06,-0.01898543816741302,399989,中证医疗,CNY,CN10Y
2017-09-25,6947.43,0.035985,57.8,-0.018683961937716265,399989,中证医疗,CNY,CN10Y
2017-09-26,6907.43,0.036172,57.42,-0.018756465343086035,399989,中证医疗,CNY,CN10Y
2017-09-27,6917.9,0.0362349999999999,57.52,-0.018849742698191833,399989,中证医疗,CNY,CN10Y
2017-09-28,6914.25,0.036136,57.58,-0.01876885863146926,399989,中证医疗,CNY,CN10Y
2017-09-29,6966.7,0.036136,58.0,-0.018894620689655174,399989,中证医疗,CNY,CN10Y
2017-09-30,,0.036136,58.0,-0.018894620689655174,399989,中证医疗,CNY,CN10Y
2017-10-09,7054.06,0.036477,58.63,-0.019420885382909776,399989,中证医疗,CNY,CN10Y
2017-10-10,7477.09,0.0364699999999999,62.17,-0.020385071577931378,399989,中证医疗,CNY,CN10Y
2017-10-11,7416.83,0.0365399999999999,61.82,-0.020364005176318242,399989,中证医疗,CNY,CN10Y
2017-10-12,7450.41,0.036765,62.12,-0.020667124919510622,399989,中证医疗,CNY,CN10Y
2017-10-13,7485.33,0.03674,62.59,-0.02076300687010705,399989,中证医疗,CNY,CN10Y
2017-10-16,7278.56,0.037054,60.84,-0.020617445101906638,399989,中证医疗,CNY,CN10Y
2017-10-17,7270.17,0.037409,60.75,-0.020948094650205758,399989,中证医疗,CNY,CN10Y
2017-10-18,7287.48,0.037366,60.92,-0.02095102954694682,399989,中证医疗,CNY,CN10Y
2017-10-19,7339.56,0.037167,61.35,-0.020867081499592502,399989,中证医疗,CNY,CN10Y
2017-10-20,7334.2,0.037217,61.27,-0.020895798759588708,399989,中证医疗,CNY,CN10Y
2017-10-23,7401.41,0.037231,61.94,-0.02108634388117533,399989,中证医疗,CNY,CN10Y
2017-10-24,7346.45,0.03722,61.45,-0.020946606997558993,399989,中证医疗,CNY,CN10Y
2017-10-25,7442.07,0.037768,62.67,-0.021811401946704966,399989,中证医疗,CNY,CN10Y
2017-10-26,7392.49,0.037769,62.25,-0.02170474297188755,399989,中证医疗,CNY,CN10Y
2017-10-27,7345.44,0.038266,61.97,-0.022129159593351624,399989,中证医疗,CNY,CN10Y
2017-10-30,7173.01,0.039115,60.51,-0.02258880598248223,399989,中证医疗,CNY,CN10Y
2017-10-31,7212.03,0.038917,60.81,-0.0224723362933728,399989,中证医疗,CNY,CN10Y
2017-11-01,7175.26,0.03863,54.27,-0.020203613414409433,399989,中证医疗,CNY,CN10Y
2017-11-02,7163.62,0.038718,54.27,-0.020291613414409437,399989,中证医疗,CNY,CN10Y
2017-11-03,7081.57,0.038816,53.71,-0.020197493204245024,399989,中证医疗,CNY,CN10Y
2017-11-06,7222.95,0.038694,54.9,-0.020479063752276865,399989,中证医疗,CNY,CN10Y
2017-11-07,7308.97,0.038813,55.59,-0.020824153085087248,399989,中证医疗,CNY,CN10Y
2017-11-08,7256.07,0.038725,55.05,-0.020559695731153498,399989,中证医疗,CNY,CN10Y
2017-11-09,7265.69,0.038863,55.07,-0.020704292899945527,399989,中证医疗,CNY,CN10Y
2017-11-10,7285.34,0.039,55.18,-0.02087749184487133,399989,中证医疗,CNY,CN10Y
2017-11-13,7413.25,0.0395,56.33,-0.021747470264512694,399989,中证医疗,CNY,CN10Y
2017-11-14,7398.3,0.039525,56.22,-0.021737735681252222,399989,中证医疗,CNY,CN10Y
2017-11-15,7346.56,0.0395,55.76,-0.021565997130559542,399989,中证医疗,CNY,CN10Y
2017-11-16,7419.63,0.0392249999999999,56.46,-0.02151334573149122,399989,中证医疗,CNY,CN10Y
2017-11-17,7140.17,0.0392,54.37,-0.020807504138311568,399989,中证医疗,CNY,CN10Y
2017-11-20,7165.15,0.0394,54.53,-0.021061470750045844,399989,中证医疗,CNY,CN10Y
2017-11-21,7098.15,0.0395,54.03,-0.020991763834906533,399989,中证医疗,CNY,CN10Y
2017-11-22,7116.02,0.03985,54.12,-0.02137254249815225,399989,中证医疗,CNY,CN10Y
2017-11-23,6843.53,0.039851,51.84,-0.020560876543209875,399989,中证医疗,CNY,CN10Y
2017-11-24,6831.06,0.039463,51.76,-0.020143061823802162,399989,中证医疗,CNY,CN10Y
2017-11-27,6683.95,0.039501,50.54,-0.019714692125049466,399989,中证医疗,CNY,CN10Y
2017-11-28,6796.32,0.039601,51.44,-0.02016087558320373,399989,中证医疗,CNY,CN10Y
2017-11-29,6783.48,0.039101,51.33,-0.019619215468536913,399989,中证医疗,CNY,CN10Y
2017-11-30,6742.34,0.038901,50.98,-0.019285464495880734,399989,中证医疗,CNY,CN10Y
2017-12-01,6836.98,0.038852,51.73,-0.01952085752947999,399989,中证医疗,CNY,CN10Y
2017-12-04,6785.49,0.038902,51.43,-0.019458095664009332,399989,中证医疗,CNY,CN10Y
2017-12-05,6640.23,0.038752,50.29,-0.018867331079737523,399989,中证医疗,CNY,CN10Y
2017-12-06,6696.05,0.038752,50.73,-0.019039798147053026,399989,中证医疗,CNY,CN10Y
2017-12-07,6737.53,0.038927,51.03,-0.019330684107387815,399989,中证医疗,CNY,CN10Y
2017-12-08,6812.05,0.039102,51.65,-0.01974091577928364,399989,中证医疗,CNY,CN10Y
2017-12-11,6917.55,0.039303,52.52,-0.020262634424980958,399989,中证医疗,CNY,CN10Y
2017-12-12,6860.19,0.039378,52.16,-0.02020622085889571,399989,中证医疗,CNY,CN10Y
2017-12-13,6928.02,0.039303,52.71,-0.02033126788085752,399989,中证医疗,CNY,CN10Y
2017-12-14,6888.84,0.039104,52.43,-0.020030950219340073,399989,中证医疗,CNY,CN10Y
2017-12-15,6902.8,0.038904,52.38,-0.019812743795341734,399989,中证医疗,CNY,CN10Y
2017-12-18,6854.32,0.038904,52.1,-0.019710142034548947,399989,中证医疗,CNY,CN10Y
2017-12-19,6912.86,0.039005,52.55,-0.019975504281636535,399989,中证医疗,CNY,CN10Y
2017-12-20,6883.16,0.039005,52.4,-0.019921030534351142,399989,中证医疗,CNY,CN10Y
2017-12-21,6944.94,0.039005,52.87,-0.020090681861168903,399989,中证医疗,CNY,CN10Y
2017-12-22,6880.72,0.03878,52.32,-0.019666850152905202,399989,中证医疗,CNY,CN10Y
2017-12-25,6875.06,0.038731,52.18,-0.01956656918359525,399989,中证医疗,CNY,CN10Y
2017-12-26,6897.58,0.038881,52.42,-0.01980431171308661,399989,中证医疗,CNY,CN10Y
2017-12-27,6826.16,0.038956,51.78,-0.019643524140594823,399989,中证医疗,CNY,CN10Y
2017-12-28,6848.49,0.038857,52.01,-0.0196299282830225,399989,中证医疗,CNY,CN10Y
2017-12-29,6943.15,0.038807,52.74,-0.019846059537353054,399989,中证医疗,CNY,CN10Y
2017-12-30,,0.038807,52.74,-0.019846059537353054,399989,中证医疗,CNY,CN10Y
2017-12-31,,0.038807,52.74,-0.019846059537353054,399989,中证医疗,CNY,CN10Y
2018-01-02,6945.33,0.039008,52.7,-0.020032667931688806,399989,中证医疗,CNY,CN10Y
2018-01-03,6949.41,0.039162,52.65,-0.020168647673314343,399989,中证医疗,CNY,CN10Y
2018-01-04,6955.79,0.039319,52.75,-0.020361654028436017,399989,中证医疗,CNY,CN10Y
2018-01-05,7067.72,0.039212,53.68,-0.020583087928464975,399989,中证医疗,CNY,CN10Y
2018-01-08,7086.41,0.03911,53.9,-0.02055712430426716,399989,中证医疗,CNY,CN10Y
2018-01-09,7140.34,0.038909,54.41,-0.020530025546774487,399989,中证医疗,CNY,CN10Y
2018-01-10,7082.23,0.039201,53.98,-0.020675620229714708,399989,中证医疗,CNY,CN10Y
2018-01-11,7121.33,0.039546,54.29,-0.02112640154724627,399989,中证医疗,CNY,CN10Y
2018-01-12,7088.11,0.039337,54.1,-0.020852711645101663,399989,中证医疗,CNY,CN10Y
2018-01-15,6977.57,0.03965,53.29,-0.020884753237005064,399989,中证医疗,CNY,CN10Y
2018-01-16,7016.23,0.039596,53.71,-0.02097749320424502,399989,中证医疗,CNY,CN10Y
2018-01-17,7065.13,0.039597,54.07,-0.0211024558905123,399989,中证医疗,CNY,CN10Y
2018-01-18,7062.32,0.039797,54.16,-0.021333189069423927,399989,中证医疗,CNY,CN10Y
2018-01-19,7033.53,0.039754,53.93,-0.021211444835898385,399989,中证医疗,CNY,CN10Y
2018-01-22,7101.48,0.039522,54.46,-0.02115989937568858,399989,中证医疗,CNY,CN10Y
2018-01-23,7097.12,0.039414,54.44,-0.021045153563556206,399989,中证医疗,CNY,CN10Y
2018-01-24,7241.27,0.039507,55.57,-0.021511678783516286,399989,中证医疗,CNY,CN10Y
2018-01-25,7214.27,0.039435,55.3,-0.02135181735985533,399989,中证医疗,CNY,CN10Y
2018-01-26,7223.85,0.039365,55.29,-0.02127854675348164,399989,中证医疗,CNY,CN10Y
2018-01-29,7122.12,0.039368,54.5,-0.02101937614678899,399989,中证医疗,CNY,CN10Y
2018-01-30,7155.64,0.039292,54.74,-0.02102382316404823,399989,中证医疗,CNY,CN10Y
2018-01-31,7010.47,0.03914,53.7,-0.020518026070763504,399989,中证医疗,CNY,CN10Y
2018-02-01,6781.62,0.039066,52.03,-0.019846319046703823,399989,中证医疗,CNY,CN10Y
2018-02-02,6777.13,0.0390919999999999,52.2,-0.019934911877394535,399989,中证医疗,CNY,CN10Y
2018-02-05,6726.18,0.039167,51.74,-0.019839593737920373,399989,中证医疗,CNY,CN10Y
2018-02-06,6440.36,0.038825,49.5,-0.018622979797979795,399989,中证医疗,CNY,CN10Y
2018-02-07,6477.79,0.0387,49.73,-0.018591413633621552,399989,中证医疗,CNY,CN10Y
2018-02-08,6589.32,0.038801,50.58,-0.019030339659944644,399989,中证医疗,CNY,CN10Y
2018-02-09,6376.91,0.0388,49.06,-0.01841679576029352,399989,中证医疗,CNY,CN10Y
2018-02-11,,0.038775,49.06,-0.018391795760293515,399989,中证医疗,CNY,CN10Y
2018-02-12,6597.71,0.03875,50.87,-0.019092048358561035,399989,中证医疗,CNY,CN10Y
2018-02-13,6599.29,0.0387,50.89,-0.019049774022401256,399989,中证医疗,CNY,CN10Y
2018-02-14,6642.7,0.038702,51.28,-0.01920121996879875,399989,中证医疗,CNY,CN10Y
2018-02-22,6760.68,0.038752,52.14,-0.019572866896816265,399989,中证医疗,CNY,CN10Y
2018-02-23,6745.11,0.038702,52.01,-0.019474928283022497,399989,中证医疗,CNY,CN10Y
2018-02-24,,0.038652,52.01,-0.019424928283022495,399989,中证医疗,CNY,CN10Y
2018-02-26,6946.54,0.038452,53.56,-0.019781350261389097,399989,中证医疗,CNY,CN10Y
2018-02-27,6938.19,0.038201,53.52,-0.019516396113602393,399989,中证医疗,CNY,CN10Y
2018-02-28,6975.04,0.038202,53.72,-0.019586959046909904,399989,中证医疗,CNY,CN10Y
2018-03-01,7088.63,0.038201,54.65,-0.019902738334858186,399989,中证医疗,CNY,CN10Y
2018-03-02,7073.58,0.038352,54.47,-0.01999327042408665,399989,中证医疗,CNY,CN10Y
2018-03-05,7169.16,0.038453,55.25,-0.020353452488687782,399989,中证医疗,CNY,CN10Y
2018-03-06,7297.68,0.038253,56.21,-0.020462571250667142,399989,中证医疗,CNY,CN10Y
2018-03-07,7286.38,0.038203,56.13,-0.020387215214680208,399989,中证医疗,CNY,CN10Y
2018-03-08,7412.95,0.038203,57.28,-0.020744899441340784,399989,中证医疗,CNY,CN10Y
2018-03-09,7484.34,0.038278,57.73,-0.020955983717304692,399989,中证医疗,CNY,CN10Y
2018-03-12,7551.71,0.038243,58.29,-0.0210873986961743,399989,中证医疗,CNY,CN10Y
2018-03-13,7448.28,0.038362,57.49,-0.020967670551400246,399989,中证医疗,CNY,CN10Y
2018-03-14,7360.8,0.038413,56.83,-0.02081666003871195,399989,中证医疗,CNY,CN10Y
2018-03-15,7341.45,0.038257,56.72,-0.02062653455571227,399989,中证医疗,CNY,CN10Y
2018-03-16,7329.25,0.038154,56.72,-0.02052353455571227,399989,中证医疗,CNY,CN10Y
2018-03-19,7532.28,0.038104,58.23,-0.020930721621157476,399989,中证医疗,CNY,CN10Y
2018-03-20,7669.23,0.037906,59.21,-0.02101696098631988,399989,中证医疗,CNY,CN10Y
2018-03-21,7634.7,0.03763,59.07,-0.02070093279160318,399989,中证医疗,CNY,CN10Y
2018-03-22,7588.19,0.03748,58.7,-0.020444224872231687,399989,中证医疗,CNY,CN10Y
2018-03-23,7366.76,0.0370049999999999,57.05,-0.0194765162138474,399989,中证医疗,CNY,CN10Y
2018-03-26,7643.9,0.037307,59.2,-0.02041510810810811,399989,中证医疗,CNY,CN10Y
2018-03-27,7846.92,0.037432,60.8,-0.02098463157894737,399989,中证医疗,CNY,CN10Y
2018-03-28,7821.21,0.037406,60.34,-0.02083324560822009,399989,中证医疗,CNY,CN10Y
2018-03-29,7736.21,0.037456,59.48,-0.020643626092804308,399989,中证医疗,CNY,CN10Y
2018-03-30,8019.95,0.0374069999999999,61.83,-0.021233621381206432,399989,中证医疗,CNY,CN10Y
2018-04-02,7979.73,0.037357,61.49,-0.02109419303951862,399989,中证医疗,CNY,CN10Y
2018-04-03,7945.56,0.037507,61.34,-0.021204424193022497,399989,中证医疗,CNY,CN10Y
2018-04-04,7859.42,0.0372339999999999,60.67,-0.020751389154441965,399989,中证医疗,CNY,CN10Y
2018-04-08,,0.037008,60.67,-0.020525389154442065,399989,中证医疗,CNY,CN10Y
2018-04-09,7906.24,0.036959,61.05,-0.02057898361998362,399989,中证医疗,CNY,CN10Y
2018-04-10,8006.57,0.037159,61.92,-0.021009129198966407,399989,中证医疗,CNY,CN10Y
2018-04-11,7974.85,0.037109,61.6,-0.02087523376623377,399989,中证医疗,CNY,CN10Y
2018-04-12,8067.42,0.037109,62.37,-0.021075650633317303,399989,中证医疗,CNY,CN10Y
2018-04-13,7962.52,0.037062,61.51,-0.020804480897415052,399989,中证医疗,CNY,CN10Y
2018-04-16,8064.2,0.0365609999999999,62.33,-0.02051736130274336,399989,中证医疗,CNY,CN10Y
2018-04-17,7850.03,0.0365119999999999,60.48,-0.019977608465608362,399989,中证医疗,CNY,CN10Y
2018-04-18,8003.76,0.035013,61.62,-0.018784502758844534,399989,中证医疗,CNY,CN10Y
2018-04-19,8038.11,0.035064,61.93,-0.018916736961085093,399989,中证医疗,CNY,CN10Y
2018-04-20,7950.14,0.035215,61.3,-0.01890178629690049,399989,中证医疗,CNY,CN10Y
2018-04-23,7836.69,0.036019,60.44,-0.019473665784248844,399989,中证医疗,CNY,CN10Y
2018-04-24,8001.17,0.035855,61.77,-0.019665911445685608,399989,中证医疗,CNY,CN10Y
2018-04-25,8301.48,0.036118,64.28,-0.02056106160547604,399989,中证医疗,CNY,CN10Y
2018-04-26,8147.48,0.036344,63.09,-0.020493627516246633,399989,中证医疗,CNY,CN10Y
2018-04-27,8356.57,0.036364,64.84,-0.02094142134484886,399989,中证医疗,CNY,CN10Y
2018-04-28,,0.036217,64.84,-0.020794421344848858,399989,中证医疗,CNY,CN10Y
2018-05-02,8390.59,0.036665,61.26,-0.020341134508651652,399989,中证医疗,CNY,CN10Y
2018-05-03,8292.9,0.036467,60.52,-0.019943536682088567,399989,中证医疗,CNY,CN10Y
2018-05-04,8369.33,0.036319,61.12,-0.01995774345549738,399989,中证医疗,CNY,CN10Y
2018-05-07,8502.82,0.036518,62.08,-0.020409752577319588,399989,中证医疗,CNY,CN10Y
2018-05-08,8454.23,0.036922,61.64,-0.020698768332251788,399989,中证医疗,CNY,CN10Y
2018-05-09,8418.79,0.0370739999999999,61.37,-0.020779393514746516,399989,中证医疗,CNY,CN10Y
2018-05-10,8602.1,0.036924,62.76,-0.020990284257488844,399989,中证医疗,CNY,CN10Y
2018-05-11,8354.27,0.036882,60.89,-0.02045894202660535,399989,中证医疗,CNY,CN10Y
2018-05-14,8300.04,0.036937,60.63,-0.02044351492660399,399989,中证医疗,CNY,CN10Y
2018-05-15,8450.97,0.037151,61.73,-0.020951421189049087,399989,中证医疗,CNY,CN10Y
2018-05-16,8503.29,0.037076,62.07,-0.020965157402932172,399989,中证医疗,CNY,CN10Y
2018-05-17,8404.69,0.03712,61.38,-0.02082804822417726,399989,中证医疗,CNY,CN10Y
2018-05-18,8421.8,0.037099,61.59,-0.020862597986686153,399989,中证医疗,CNY,CN10Y
2018-05-21,8485.53,0.036939,62.01,-0.020812568779229157,399989,中证医疗,CNY,CN10Y
2018-05-22,8638.36,0.0366999999999999,63.17,-0.020869700807345157,399989,中证医疗,CNY,CN10Y
2018-05-23,8588.57,0.0364,61.89,-0.020242300856358055,399989,中证医疗,CNY,CN10Y
2018-05-24,8659.86,0.036501,59.9,-0.01980650918196995,399989,中证医疗,CNY,CN10Y
2018-05-25,8599.28,0.036126,58.78,-0.01911341068390609,399989,中证医疗,CNY,CN10Y
2018-05-28,8655.56,0.036101,59.2,-0.019209108108108112,399989,中证医疗,CNY,CN10Y
2018-05-29,8404.53,0.036001,56.18,-0.0182010711997152,399989,中证医疗,CNY,CN10Y
2018-05-30,8287.92,0.035976,55.4,-0.017925458483754514,399989,中证医疗,CNY,CN10Y
2018-05-31,8563.21,0.0361289999999999,57.3,-0.018676993019197105,399989,中证医疗,CNY,CN10Y
2018-06-01,8281.9,0.036202,55.4,-0.01815145848375451,399989,中证医疗,CNY,CN10Y
2018-06-04,8237.42,0.036532,55.08,-0.018376589687726944,399989,中证医疗,CNY,CN10Y
2018-06-05,8465.99,0.036602,56.6,-0.018934155477031804,399989,中证医疗,CNY,CN10Y
2018-06-06,8523.88,0.036602,56.96,-0.019045820224719102,399989,中证医疗,CNY,CN10Y
2018-06-07,8360.54,0.036702,55.79,-0.018777640795841547,399989,中证医疗,CNY,CN10Y
2018-06-08,8343.19,0.036453,55.69,-0.01849645483928892,399989,中证医疗,CNY,CN10Y
2018-06-11,8140.33,0.036502,54.81,-0.018257154168947274,399989,中证医疗,CNY,CN10Y
2018-06-12,8244.82,0.036853,55.46,-0.018821986657050125,399989,中证医疗,CNY,CN10Y
2018-06-13,8076.79,0.036627,54.36,-0.01823112067696836,399989,中证医疗,CNY,CN10Y
2018-06-14,8027.51,0.036227,54.0,-0.017708481481481485,399989,中证医疗,CNY,CN10Y
2018-06-15,7918.21,0.036028,53.31,-0.017269793284561994,399989,中证医疗,CNY,CN10Y
2018-06-18,7918.21,0.036028,53.31,-0.017269793284561994,399989,中证医疗,CNY,CN10Y
2018-06-19,7549.9,0.0356029999999999,51.03,-0.01600668410738771,399989,中证医疗,CNY,CN10Y
2018-06-20,7792.44,0.036054,52.94,-0.01716469134869664,399989,中证医疗,CNY,CN10Y
2018-06-21,7733.54,0.035753,52.64,-0.016756039513677812,399989,中证医疗,CNY,CN10Y
2018-06-22,7822.11,0.035604,53.22,-0.01681407140172867,399989,中证医疗,CNY,CN10Y
2018-06-25,7860.0,0.035803,53.62,-0.017153242446848193,399989,中证医疗,CNY,CN10Y
2018-06-26,7892.71,0.035804,53.73,-0.017192423599478878,399989,中证医疗,CNY,CN10Y
2018-06-27,7686.74,0.035529,52.25,-0.016390244019138755,399989,中证医疗,CNY,CN10Y
2018-06-28,7597.71,0.035304,51.66,-0.015946663569492838,399989,中证医疗,CNY,CN10Y
2018-06-29,7887.9,0.034756,53.61,-0.01610276366349562,399989,中证医疗,CNY,CN10Y
2018-07-02,7877.23,0.034668,53.53,-0.015986886605641695,399989,中证医疗,CNY,CN10Y
2018-07-03,7908.27,0.034955,53.51,-0.016266904316950104,399989,中证医疗,CNY,CN10Y
2018-07-04,7711.14,0.035107,52.07,-0.015902083541386593,399989,中证医疗,CNY,CN10Y
2018-07-05,7501.25,0.035005,50.63,-0.015253864309697811,399989,中证医疗,CNY,CN10Y
2018-07-06,7528.0,0.035259,50.86,-0.015597183248132127,399989,中证医疗,CNY,CN10Y
2018-07-09,7835.98,0.035432,53.02,-0.016571192757450018,399989,中证医疗,CNY,CN10Y
2018-07-10,7887.23,0.035431,52.8,-0.016491606060606057,399989,中证医疗,CNY,CN10Y
2018-07-11,7845.27,0.035107,52.66,-0.0161172544625902,399989,中证医疗,CNY,CN10Y
2018-07-12,8066.44,0.035158,54.14,-0.016687368304396013,399989,中证医疗,CNY,CN10Y
2018-07-13,8163.42,0.034858,53.8,-0.01627063940520446,399989,中证医疗,CNY,CN10Y
2018-07-16,8246.47,0.034808,54.14,-0.01633736830439601,399989,中证医疗,CNY,CN10Y
2018-07-17,8172.05,0.034808,53.58,-0.016144319522209776,399989,中证医疗,CNY,CN10Y
2018-07-18,8076.49,0.034708,52.74,-0.015747059537353055,399989,中证医疗,CNY,CN10Y
2018-07-19,7894.34,0.034409,51.57,-0.015017881132441343,399989,中证医疗,CNY,CN10Y
2018-07-20,7923.55,0.035135,51.69,-0.015788898239504738,399989,中证医疗,CNY,CN10Y
2018-07-23,7726.03,0.035186,50.26,-0.015289461997612417,399989,中证医疗,CNY,CN10Y
2018-07-24,7819.11,0.035615,50.77,-0.015918328737443373,399989,中证医疗,CNY,CN10Y
2018-07-25,7967.0,0.035614,51.79,-0.016305253137671366,399989,中证医疗,CNY,CN10Y
2018-07-26,7883.8,0.035361,51.24,-0.015844996877439496,399989,中证医疗,CNY,CN10Y
2018-07-27,7809.8,0.035212,50.76,-0.015511448384554767,399989,中证医疗,CNY,CN10Y
2018-07-30,7527.82,0.035213,48.75,-0.014700179487179488,399989,中证医疗,CNY,CN10Y
2018-07-31,7562.14,0.0348119999999999,48.94,-0.014378816510012157,399989,中证医疗,CNY,CN10Y
2018-08-01,7375.07,0.034638,47.64,-0.013647235936188079,399989,中证医疗,CNY,CN10Y
2018-08-02,7303.21,0.034713,47.2,-0.0135265593220339,399989,中证医疗,CNY,CN10Y
2018-08-03,7053.46,0.034567,45.45,-0.012564799779978,399989,中证医疗,CNY,CN10Y
2018-08-06,6862.65,0.034568,44.07,-0.011876826866348993,399989,中证医疗,CNY,CN10Y
2018-08-07,7044.9,0.034876,45.24,-0.012771667550839964,399989,中证医疗,CNY,CN10Y
2018-08-08,6865.29,0.035222,43.91,-0.012448144386244593,399989,中证医疗,CNY,CN10Y
2018-08-09,7106.71,0.035476,45.47,-0.013483477457664393,399989,中证医疗,CNY,CN10Y
2018-08-10,7212.92,0.035525,46.29,-0.01392206200043206,399989,中证医疗,CNY,CN10Y
2018-08-13,7310.96,0.035826,46.86,-0.01448583781476739,399989,中证医疗,CNY,CN10Y
2018-08-14,7301.08,0.0355189999999999,46.83,-0.014165166986974058,399989,中证医疗,CNY,CN10Y
2018-08-15,7079.86,0.035829,45.29,-0.013749070655773899,399989,中证医疗,CNY,CN10Y
2018-08-16,7055.52,0.036141,45.18,-0.014007312527667109,399989,中证医疗,CNY,CN10Y
2018-08-17,6779.2,0.036524,43.19,-0.013370492243574901,399989,中证医疗,CNY,CN10Y
2018-08-20,6711.55,0.036326,42.82,-0.012972426903316205,399989,中证医疗,CNY,CN10Y
2018-08-21,6996.59,0.0363,44.9,-0.014028285077951001,399989,中证医疗,CNY,CN10Y
2018-08-22,6939.37,0.0360749999999999,44.5,-0.013603089887640349,399989,中证医疗,CNY,CN10Y
2018-08-23,7035.72,0.036101,45.15,-0.013952605758582502,399989,中证医疗,CNY,CN10Y
2018-08-24,7026.87,0.036278,45.12,-0.01411487943262411,399989,中证医疗,CNY,CN10Y
2018-08-27,7349.65,0.036303,47.2,-0.015116559322033901,399989,中证医疗,CNY,CN10Y
2018-08-28,7341.58,0.036101,47.2,-0.0149145593220339,399989,中证医疗,CNY,CN10Y
2018-08-29,7318.21,0.036101,47.0,-0.01482440425531915,399989,中证医疗,CNY,CN10Y
2018-08-30,7204.39,0.035801,46.24,-0.01417470242214533,399989,中证医疗,CNY,CN10Y
2018-08-31,7074.77,0.035751,45.31,-0.013680816817479586,399989,中证医疗,CNY,CN10Y
2018-09-03,7137.13,0.035951,40.11,-0.011019561455996009,399989,中证医疗,CNY,CN10Y
2018-09-04,7250.27,0.036101,40.65,-0.011500753997539977,399989,中证医疗,CNY,CN10Y
2018-09-05,7141.12,0.036101,40.04,-0.011125975024975025,399989,中证医疗,CNY,CN10Y
2018-09-06,7081.27,0.036101,39.59,-0.010842096236423342,399989,中证医疗,CNY,CN10Y
2018-09-07,7162.98,0.036301,40.26,-0.011462450571286635,399989,中证医疗,CNY,CN10Y
2018-09-10,7030.37,0.036551,39.55,-0.011266549936788873,399989,中证医疗,CNY,CN10Y
2018-09-11,7087.22,0.036751,39.83,-0.011644296510168212,399989,中证医疗,CNY,CN10Y
2018-09-12,6943.2,0.036551,38.88,-0.010830835390946505,399989,中证医疗,CNY,CN10Y
2018-09-13,6874.59,0.036526,38.39,-0.010477549882781979,399989,中证医疗,CNY,CN10Y
2018-09-14,6762.24,0.036351,37.8,-0.009895973544973544,399989,中证医疗,CNY,CN10Y
2018-09-17,6685.59,0.036327,37.25,-0.009481362416107381,399989,中证医疗,CNY,CN10Y
2018-09-18,6842.67,0.036452,38.19,-0.01026713485205551,399989,中证医疗,CNY,CN10Y
2018-09-19,6922.33,0.0367269999999999,38.7,-0.010887206718346153,399989,中证医疗,CNY,CN10Y
2018-09-20,6888.6,0.037003,38.5,-0.011028974025974025,399989,中证医疗,CNY,CN10Y
2018-09-21,7045.59,0.036752,39.39,-0.011364845899974614,399989,中证医疗,CNY,CN10Y
2018-09-25,7030.3,0.0367539999999999,39.28,-0.011295751527494808,399989,中证医疗,CNY,CN10Y
2018-09-26,7134.5,0.036503,40.04,-0.011527975024975025,399989,中证医疗,CNY,CN10Y
2018-09-27,7114.35,0.036253,39.98,-0.011240493746873435,399989,中证医疗,CNY,CN10Y
2018-09-28,7168.88,0.036154,40.34,-0.011364708973723353,399989,中证医疗,CNY,CN10Y
2018-09-29,,0.036104,40.34,-0.011314708973723352,399989,中证医疗,CNY,CN10Y
2018-09-30,,0.036103,40.34,-0.011313708973723358,399989,中证医疗,CNY,CN10Y
2018-10-08,6874.91,0.036155,38.6,-0.010248264248704664,399989,中证医疗,CNY,CN10Y
2018-10-09,6847.05,0.036156,38.5,-0.010181974025974025,399989,中证医疗,CNY,CN10Y
2018-10-10,6752.02,0.036156,37.86,-0.009742899101954569,399989,中证医疗,CNY,CN10Y
2018-10-11,6362.04,0.035806,35.85,-0.007911997210599719,399989,中证医疗,CNY,CN10Y
2018-10-12,6414.12,0.035831,36.31,-0.008290377581933354,399989,中证医疗,CNY,CN10Y
2018-10-15,6305.2,0.035857,35.69,-0.00783794704398991,399989,中证医疗,CNY,CN10Y
2018-10-16,6139.77,0.035757,34.9,-0.007103704871060167,399989,中证医疗,CNY,CN10Y
2018-10-17,6195.67,0.035807,35.11,-0.007325086015380233,399989,中证医疗,CNY,CN10Y
2018-10-18,5932.85,0.035508,33.53,-0.005683961825231135,399989,中证医疗,CNY,CN10Y
2018-10-19,6186.62,0.0356579999999999,34.94,-0.00703750772753281,399989,中证医疗,CNY,CN10Y
2018-10-22,6546.57,0.03591,37.06,-0.008926729627630869,399989,中证医疗,CNY,CN10Y
2018-10-23,6379.03,0.035709,35.97,-0.007908054767862105,399989,中证医疗,CNY,CN10Y
2018-10-24,6296.49,0.035409,35.51,-0.0072479186144747965,399989,中证医疗,CNY,CN10Y
2018-10-25,6251.61,0.035409,35.23,-0.007024100766392281,399989,中证医疗,CNY,CN10Y
2018-10-26,6187.98,0.03541,34.89,-0.006748492404700483,399989,中证医疗,CNY,CN10Y
2018-10-29,6040.44,0.0351109999999999,34.05,-0.0057424243759176645,399989,中证医疗,CNY,CN10Y
2018-10-30,6119.19,0.035161,34.54,-0.006209060220034739,399989,中证医疗,CNY,CN10Y
2018-10-31,6271.46,0.035086,35.41,-0.006845390002824057,399989,中证医疗,CNY,CN10Y
2018-11-01,6335.52,0.0349359999999999,33.69,-0.005253601662214204,399989,中证医疗,CNY,CN10Y
2018-11-02,6661.96,0.035461,35.55,-0.007331604781997184,399989,中证医疗,CNY,CN10Y
2018-11-05,6646.28,0.035312,35.35,-0.007023456859971716,399989,中证医疗,CNY,CN10Y
2018-11-06,6646.2,0.035113,35.35,-0.0068244568599717115,399989,中证医疗,CNY,CN10Y
2018-11-07,6626.78,0.034813,35.25,-0.006444205673758863,399989,中证医疗,CNY,CN10Y
2018-11-08,6626.82,0.034813,35.22,-0.006420041453719473,399989,中证医疗,CNY,CN10Y
2018-11-09,6618.72,0.034763,35.19,-0.00634583603296391,399989,中证医疗,CNY,CN10Y
2018-11-12,6824.42,0.034865,36.19,-0.007233057474440453,399989,中证医疗,CNY,CN10Y
2018-11-13,6941.79,0.03474,36.85,-0.007602957937584805,399989,中证医疗,CNY,CN10Y
2018-11-14,6879.17,0.034218,36.53,-0.006843239529154121,399989,中证医疗,CNY,CN10Y
2018-11-15,6969.86,0.033915,36.98,-0.0068733558680367755,399989,中证医疗,CNY,CN10Y
2018-11-16,6928.86,0.033515,36.69,-0.00625961706186972,399989,中证医疗,CNY,CN10Y
2018-11-19,6921.59,0.033772,36.66,-0.006494313147845064,399989,中证医疗,CNY,CN10Y
2018-11-20,6756.71,0.033771,35.85,-0.0058769972105997235,399989,中证医疗,CNY,CN10Y
2018-11-21,6790.45,0.0337159999999999,36.12,-0.006030507198228025,399989,中证医疗,CNY,CN10Y
2018-11-22,6817.2,0.033917,36.21,-0.0063003195249931,399989,中证医疗,CNY,CN10Y
2018-11-23,6589.97,0.033917,35.03,-0.005370040251213251,399989,中证医疗,CNY,CN10Y
2018-11-26,6601.53,0.034151,35.11,-0.0056690860153802355,399989,中证医疗,CNY,CN10Y
2018-11-27,6664.59,0.034,35.45,-0.005791255289139638,399989,中证医疗,CNY,CN10Y
2018-11-28,6710.66,0.0337,35.61,-0.0056180005616399895,399989,中证医疗,CNY,CN10Y
2018-11-29,6607.81,0.0336,35.2,-0.00519090909090909,399989,中证医疗,CNY,CN10Y
2018-11-30,6662.9,0.0335499999999999,35.5,-0.0053809859154928565,399989,中证医疗,CNY,CN10Y
2018-12-03,6912.18,0.0335,36.81,-0.006333469165987506,399989,中证医疗,CNY,CN10Y
2018-12-04,7033.78,0.03305,37.52,-0.00639754797441365,399989,中证医疗,CNY,CN10Y
2018-12-05,7034.28,0.03275,37.56,-0.00612593184238552,399989,中证医疗,CNY,CN10Y
2018-12-06,6779.23,0.032751,36.2,-0.00512669060773481,399989,中证医疗,CNY,CN10Y
2018-12-07,6639.35,0.032853,35.29,-0.004516360725417966,399989,中证医疗,CNY,CN10Y
2018-12-10,6559.74,0.032678,34.79,-0.003934108077033628,399989,中证医疗,CNY,CN10Y
2018-12-11,6651.95,0.032652,35.34,-0.004355452178834186,399989,中证医疗,CNY,CN10Y
2018-12-12,6617.98,0.032703,35.2,-0.004293909090909095,399989,中证医疗,CNY,CN10Y
2018-12-13,6671.93,0.033311,35.46,-0.00511021037789058,399989,中证医疗,CNY,CN10Y
2018-12-14,6442.56,0.033468,34.18,-0.004211124634289055,399989,中证医疗,CNY,CN10Y
2018-12-17,6364.27,0.033713,33.65,-0.0039953179791976205,399989,中证医疗,CNY,CN10Y
2018-12-18,6323.24,0.033714,33.41,-0.0037828416641723997,399989,中证医疗,CNY,CN10Y
2018-12-19,6122.07,0.033412,32.32,-0.002471405940594057,399989,中证医疗,CNY,CN10Y
2018-12-20,6099.68,0.033003,32.2,-0.001947099378881989,399989,中证医疗,CNY,CN10Y
2018-12-21,6030.23,0.033168,31.81,-0.0017313448601068843,399989,中证医疗,CNY,CN10Y
2018-12-24,6137.26,0.033483,32.4,-0.0026188024691357996,399989,中证医疗,CNY,CN10Y
2018-12-25,6140.63,0.033113,32.44,-0.002286859432799007,399989,中证医疗,CNY,CN10Y
2018-12-26,6110.52,0.033011,32.26,-0.0020128598884066908,399989,中证医疗,CNY,CN10Y
2018-12-27,6066.1,0.032709,32.03,-0.0014882694349047793,399989,中证医疗,CNY,CN10Y
2018-12-28,6124.41,0.032315,32.35,-0.0014030989180834653,399989,中证医疗,CNY,CN10Y
2018-12-29,,0.032265,32.35,-0.001353098918083464,399989,中证医疗,CNY,CN10Y
2018-12-30,,0.032265,32.35,-0.001353098918083464,399989,中证医疗,CNY,CN10Y
2018-12-31,,0.032265,32.35,-0.001353098918083464,399989,中证医疗,CNY,CN10Y
2019-01-02,5925.6,0.031734,31.25,0.00026600000000000235,399989,中证医疗,CNY,CN10Y
2019-01-03,5864.99,0.03141,30.98,0.0008688896061975482,399989,中证医疗,CNY,CN10Y
2019-01-04,6013.86,0.031513,31.77,-3.6764557758889316e-05,399989,中证医疗,CNY,CN10Y
2019-01-07,6049.96,0.031507,31.95,-0.00020809546165884152,399989,中证医疗,CNY,CN10Y
2019-01-08,6019.72,0.031211,31.74,0.00029498613736610516,399989,中证医疗,CNY,CN10Y
2019-01-09,6040.04,0.0311059999999999,31.87,0.0002714709758394433,399989,中证医疗,CNY,CN10Y
2019-01-10,5954.44,0.031006,31.48,0.0007602007623888213,399989,中证医疗,CNY,CN10Y
2019-01-11,5926.14,0.031058,31.35,0.0008399266347687388,399989,中证医疗,CNY,CN10Y
2019-01-14,5876.18,0.031297,31.07,0.0008883878339234,399989,中证医疗,CNY,CN10Y
2019-01-15,5975.17,0.031383,31.58,0.0002826111462951239,399989,中证医疗,CNY,CN10Y
2019-01-16,6061.43,0.030745,32.05,0.00045624804992199647,399989,中证医疗,CNY,CN10Y
2019-01-17,6034.74,0.03076,31.9,0.0005879623824451459,399989,中证医疗,CNY,CN10Y
2019-01-18,6160.56,0.03091,32.54,-0.00017859250153657094,399989,中证医疗,CNY,CN10Y
2019-01-21,6240.28,0.031037,32.99,-0.0007247841770233396,399989,中证医疗,CNY,CN10Y
2019-01-22,6120.56,0.031071,32.39,-0.00019727354121642712,399989,中证医疗,CNY,CN10Y
2019-01-23,6109.46,0.03119,32.31,-0.00023982977406375797,399989,中证医疗,CNY,CN10Y
2019-01-24,6126.5,0.031338,32.38,-0.0004547387276096354,399989,中证医疗,CNY,CN10Y
2019-01-25,6157.12,0.031398,32.54,-0.0006665925015365733,399989,中证医疗,CNY,CN10Y
2019-01-28,6100.13,0.031397,32.28,-0.0004180656753407716,399989,中证医疗,CNY,CN10Y
2019-01-29,6075.75,0.031246,32.13,-0.00012243946467476244,399989,中证医疗,CNY,CN10Y
2019-01-30,6016.0,0.0311509999999999,31.84,0.0002560351758794932,399989,中证医疗,CNY,CN10Y
2019-01-31,6002.33,0.031037,31.73,0.00047891553734636175,399989,中证医疗,CNY,CN10Y
2019-02-01,6205.9,0.031032,32.9,-0.0006368632218844983,399989,中证医疗,CNY,CN10Y
2019-02-02,,0.030978,32.9,-0.0005828632218844963,399989,中证医疗,CNY,CN10Y
2019-02-03,,0.0309669999999999,32.9,-0.0005718632218843986,399989,中证医疗,CNY,CN10Y
2019-02-11,6385.01,0.03067,33.82,-0.0011016972205795394,399989,中证医疗,CNY,CN10Y
2019-02-12,6476.61,0.030748,34.3,-0.001593481049562681,399989,中证医疗,CNY,CN10Y
2019-02-13,6556.36,0.030719,34.75,-0.0019420215827338112,399989,中证医疗,CNY,CN10Y
2019-02-14,6584.65,0.030726,34.92,-0.002089115693012601,399989,中证医疗,CNY,CN10Y
2019-02-15,6522.41,0.030794,34.61,-0.001900616584802079,399989,中证医疗,CNY,CN10Y
2019-02-18,6804.69,0.031094,36.11,-0.0034008402104680133,399989,中证医疗,CNY,CN10Y
2019-02-19,6773.53,0.031279,35.96,-0.0034703236929922165,399989,中证医疗,CNY,CN10Y
2019-02-20,6715.44,0.031196,35.65,-0.003145509116409536,399989,中证医疗,CNY,CN10Y
2019-02-21,6698.76,0.031361,35.54,-0.003223689926842993,399989,中证医疗,CNY,CN10Y
2019-02-22,6801.53,0.031451,36.09,-0.003742493488500972,399989,中证医疗,CNY,CN10Y
2019-02-25,7104.64,0.031787,37.66,-0.00523362772172066,399989,中证医疗,CNY,CN10Y
2019-02-26,7172.95,0.031878,38.05,-0.005596791064388956,399989,中证医疗,CNY,CN10Y
2019-02-27,7079.32,0.0316889999999999,37.5,-0.005022333333333229,399989,中证医疗,CNY,CN10Y
2019-02-28,7301.66,0.0317309999999999,38.62,-0.0058376804764369745,399989,中证医疗,CNY,CN10Y
2019-03-01,7320.19,0.0318699999999999,38.76,-0.00607020639834871,399989,中证医疗,CNY,CN10Y
2019-03-04,7466.86,0.032023,39.47,-0.006687302001520144,399989,中证医疗,CNY,CN10Y
2019-03-05,7558.55,0.032149,39.87,-0.007067485076498615,399989,中证医疗,CNY,CN10Y
2019-03-06,7602.67,0.032021,40.06,-0.0070584438342486296,399989,中证医疗,CNY,CN10Y
2019-03-07,7519.13,0.031572,39.58,-0.006306714502273877,399989,中证医疗,CNY,CN10Y
2019-03-08,7278.55,0.031423,38.29,-0.005306520501436405,399989,中证医疗,CNY,CN10Y
2019-03-11,7634.18,0.031374,40.17,-0.0064798003485187945,399989,中证医疗,CNY,CN10Y
2019-03-12,7733.88,0.031424,40.67,-0.006835851487582988,399989,中证医疗,CNY,CN10Y
2019-03-13,7583.6,0.031375,39.97,-0.00635623592694521,399989,中证医疗,CNY,CN10Y
2019-03-14,7483.34,0.031475,39.51,-0.006164951910908632,399989,中证医疗,CNY,CN10Y
2019-03-15,7638.94,0.031376,40.37,-0.006605130542482039,399989,中证医疗,CNY,CN10Y
2019-03-18,7934.49,0.031377,41.95,-0.007539097735399288,399989,中证医疗,CNY,CN10Y
2019-03-19,7844.4,0.031377,41.42,-0.00723407387735394,399989,中证医疗,CNY,CN10Y
2019-03-20,7809.69,0.031453,41.18,-0.007169367168528413,399989,中证医疗,CNY,CN10Y
2019-03-21,7840.13,0.031291,41.28,-0.007066193798449614,399989,中证医疗,CNY,CN10Y
2019-03-22,7889.09,0.03108,41.52,-0.006995221579961467,399989,中证医疗,CNY,CN10Y
2019-03-25,7805.38,0.030831,40.98,-0.006428852611029771,399989,中证医疗,CNY,CN10Y
2019-03-26,7570.41,0.030633,39.83,-0.005526296510168213,399989,中证医疗,CNY,CN10Y
2019-03-27,7719.67,0.030882,40.67,-0.0062938514875829875,399989,中证医疗,CNY,CN10Y
2019-03-28,7654.91,0.030634,40.29,-0.0058139453958798715,399989,中证医疗,CNY,CN10Y
2019-03-29,7995.83,0.030683,42.06,-0.006907441274369947,399989,中证医疗,CNY,CN10Y
2019-04-01,8246.24,0.031332,43.3,-0.008237311778290991,399989,中证医疗,CNY,CN10Y
2019-04-02,8216.24,0.031681,43.1,-0.008479143851508122,399989,中证医疗,CNY,CN10Y
2019-04-03,8259.58,0.032331,43.28,-0.009225639556377077,399989,中证医疗,CNY,CN10Y
2019-04-04,8207.98,0.032679,43.0,-0.009423186046511628,399989,中证医疗,CNY,CN10Y
2019-04-08,8082.76,0.032482,42.4,-0.008897094339622637,399989,中证医疗,CNY,CN10Y
2019-04-09,8233.29,0.0328819999999999,43.18,-0.009723130152848439,399989,中证医疗,CNY,CN10Y
2019-04-10,8278.45,0.032932,43.31,-0.009842644193027019,399989,中证医疗,CNY,CN10Y
2019-04-11,7995.35,0.032784,41.84,-0.008883426386233271,399989,中证医疗,CNY,CN10Y
2019-04-12,7964.61,0.033334,41.66,-0.00933015938550168,399989,中证医疗,CNY,CN10Y
2019-04-15,7839.19,0.033736,40.95,-0.009315975579975582,399989,中证医疗,CNY,CN10Y
2019-04-16,7958.32,0.033937,41.56,-0.009875402309913382,399989,中证医疗,CNY,CN10Y
2019-04-17,7953.03,0.033938,41.59,-0.009893758595816309,399989,中证医疗,CNY,CN10Y
2019-04-18,7865.89,0.033589,41.21,-0.00932304513467605,399989,中证医疗,CNY,CN10Y
2019-04-19,7934.28,0.033741,41.54,-0.009667817525276842,399989,中证医疗,CNY,CN10Y
2019-04-22,7913.17,0.034091,41.41,-0.009942243660951464,399989,中证医疗,CNY,CN10Y
2019-04-23,7851.43,0.033993,41.05,-0.0096324640682095,399989,中证医疗,CNY,CN10Y
2019-04-24,7957.93,0.034343,41.57,-0.010287190522011064,399989,中证医疗,CNY,CN10Y
2019-04-25,7787.59,0.034193,40.8,-0.00968319607843137,399989,中证医疗,CNY,CN10Y
2019-04-26,7759.66,0.034043,40.76,-0.009509143277723255,399989,中证医疗,CNY,CN10Y
2019-04-28,,0.034043,40.76,-0.009509143277723255,399989,中证医疗,CNY,CN10Y
2019-04-29,7814.71,0.034268,41.04,-0.00990152826510721,399989,中证医疗,CNY,CN10Y
2019-04-30,7823.85,0.0338689999999999,41.09,-0.009532178388902312,399989,中证医疗,CNY,CN10Y
2019-05-05,,0.033849,41.09,-0.00951217838890241,399989,中证医疗,CNY,CN10Y
2019-05-06,7353.9,0.0335499999999999,37.56,-0.006925931842385418,399989,中证医疗,CNY,CN10Y
2019-05-07,7503.68,0.033551,38.4,-0.00750933333333333,399989,中证医疗,CNY,CN10Y
2019-05-08,7408.57,0.033426,37.9,-0.007040775725593664,399989,中证医疗,CNY,CN10Y
2019-05-09,7264.66,0.033116,37.14,-0.006190851911685516,399989,中证医疗,CNY,CN10Y
2019-05-10,7518.18,0.033017,38.47,-0.007022718741876783,399989,中证医疗,CNY,CN10Y
2019-05-13,7520.41,0.032709,38.47,-0.006714718741876787,399989,中证医疗,CNY,CN10Y
2019-05-14,7430.94,0.032859,38.01,-0.006550133912128386,399989,中证医疗,CNY,CN10Y
2019-05-15,7624.32,0.032762,38.92,-0.007068269270298046,399989,中证医疗,CNY,CN10Y
2019-05-16,7659.95,0.032662,39.09,-0.0070800097211563065,399989,中证医疗,CNY,CN10Y
2019-05-17,7462.26,0.032665,37.74,-0.00616791467938527,399989,中证医疗,CNY,CN10Y
2019-05-20,7454.37,0.032717,37.68,-0.0061777218683651824,399989,中证医疗,CNY,CN10Y
2019-05-21,7580.99,0.03299,38.07,-0.006722597846073021,399989,中证医疗,CNY,CN10Y
2019-05-22,7551.42,0.033264,37.88,-0.0068648447729672685,399989,中证医疗,CNY,CN10Y
2019-05-23,7343.11,0.0331,36.89,-0.005992382759555433,399989,中证医疗,CNY,CN10Y
2019-05-24,7334.58,0.033125,36.8,-0.005951086956521738,399989,中证医疗,CNY,CN10Y
2019-05-27,7463.11,0.0335,37.43,-0.006783462463264764,399989,中证医疗,CNY,CN10Y
2019-05-28,7531.03,0.0331,37.67,-0.006553676665781789,399989,中证医疗,CNY,CN10Y
2019-05-29,7468.23,0.032875,37.37,-0.0061155672999732395,399989,中证医疗,CNY,CN10Y
2019-05-30,7405.48,0.03275,37.13,-0.005817600323188798,399989,中证医疗,CNY,CN10Y
2019-05-31,7380.71,0.032751,37.1,-0.00579682210242588,399989,中证医疗,CNY,CN10Y
2019-06-03,7256.65,0.032401,36.41,-0.004936017852238392,399989,中证医疗,CNY,CN10Y
2019-06-04,7161.48,0.032101,35.89,-0.0042380855391473925,399989,中证医疗,CNY,CN10Y
2019-06-05,7034.54,0.0321,34.59,-0.0031899103787221723,399989,中证医疗,CNY,CN10Y
2019-06-06,6927.91,0.032136,34.09,-0.00280188442358463,399989,中证医疗,CNY,CN10Y
2019-06-10,7017.35,0.032251,34.53,-0.003290675644367219,399989,中证医疗,CNY,CN10Y
2019-06-11,7258.96,0.032651,35.72,-0.004655479283314667,399989,中证医疗,CNY,CN10Y
2019-06-12,7211.84,0.032601,35.56,-0.004479515185601801,399989,中证医疗,CNY,CN10Y
2019-06-13,7245.45,0.032451,35.72,-0.004455479283314669,399989,中证医疗,CNY,CN10Y
2019-06-14,7187.37,0.032302,35.43,-0.0040773316398532294,399989,中证医疗,CNY,CN10Y
2019-06-17,7147.52,0.032252,39.35,-0.006839039390088949,399989,中证医疗,CNY,CN10Y
2019-06-18,7240.07,0.032302,39.81,-0.007182683245415725,399989,中证医疗,CNY,CN10Y
2019-06-19,7309.6,0.032427,40.16,-0.007526601593625493,399989,中证医疗,CNY,CN10Y
2019-06-20,7469.61,0.032352,40.58,-0.007709318876293739,399989,中证医疗,CNY,CN10Y
2019-06-21,7551.97,0.032303,40.91,-0.007859098753361032,399989,中证医疗,CNY,CN10Y
2019-06-24,7554.68,0.0324529999999999,40.86,-0.007979186979931371,399989,中证医疗,CNY,CN10Y
2019-06-25,7501.65,0.032353,40.27,-0.007520618574621309,399989,中证医疗,CNY,CN10Y
2019-06-26,7671.55,0.0324529999999999,41.18,-0.00816936716852831,399989,中证医疗,CNY,CN10Y
2019-06-27,7739.79,0.032553,41.53,-0.008474020948711775,399989,中证医疗,CNY,CN10Y
2019-06-28,7663.01,0.032254,41.16,-0.007958567541302232,399989,中证医疗,CNY,CN10Y
2019-07-01,7867.25,0.032254,41.78,-0.008319102920057442,399989,中证医疗,CNY,CN10Y
2019-07-02,7994.18,0.0317039999999999,40.75,-0.007164122699386401,399989,中证医疗,CNY,CN10Y
2019-07-03,7879.56,0.031554,40.15,-0.006647399750933994,399989,中证医疗,CNY,CN10Y
2019-07-04,7765.63,0.031479,39.59,-0.006220096236423341,399989,中证医疗,CNY,CN10Y
2019-07-05,7828.8,0.031705,39.88,-0.0066297743229689066,399989,中证医疗,CNY,CN10Y
2019-07-08,7664.64,0.031805,39.11,-0.006236091792380466,399989,中证医疗,CNY,CN10Y
2019-07-09,7717.41,0.03168,39.29,-0.0062282311020615926,399989,中证医疗,CNY,CN10Y
2019-07-10,7714.9,0.031706,38.92,-0.006012269270298045,399989,中证医疗,CNY,CN10Y
2019-07-11,7804.36,0.03168,39.22,-0.006182804691483936,399989,中证医疗,CNY,CN10Y
2019-07-12,7820.75,0.0315309999999999,39.33,-0.006105116450546556,399989,中证医疗,CNY,CN10Y
2019-07-15,7883.04,0.031782,39.62,-0.006542222110045428,399989,中证医疗,CNY,CN10Y
2019-07-16,7857.17,0.031732,39.47,-0.006396302001520145,399989,中证医疗,CNY,CN10Y
2019-07-17,7795.08,0.031757,39.27,-0.006292268652915715,399989,中证医疗,CNY,CN10Y
2019-07-18,7658.62,0.031608,38.63,-0.0057213833807921305,399989,中证医疗,CNY,CN10Y
2019-07-19,7695.63,0.031559,38.87,-0.005832218420375606,399989,中证医疗,CNY,CN10Y
2019-07-22,7584.72,0.031484,38.33,-0.005394774849986954,399989,中证医疗,CNY,CN10Y
2019-07-23,7647.52,0.031484,38.69,-0.005637528043422071,399989,中证医疗,CNY,CN10Y
2019-07-24,7723.05,0.0317099999999999,39.06,-0.006108361495135588,399989,中证医疗,CNY,CN10Y
2019-07-25,7745.33,0.0316349999999999,39.17,-0.006105257850395611,399989,中证医疗,CNY,CN10Y
2019-07-26,7805.04,0.031661,39.55,-0.006376549936788874,399989,中证医疗,CNY,CN10Y
2019-07-29,7734.85,0.031836,39.28,-0.006377751527494913,399989,中证医疗,CNY,CN10Y
2019-07-30,7784.99,0.031761,39.41,-0.006386729510276575,399989,中证医疗,CNY,CN10Y
2019-07-31,7714.51,0.031552,39.03,-0.005930683064309501,399989,中证医疗,CNY,CN10Y
2019-08-01,7689.31,0.031487,38.86,-0.005753598044261451,399989,中证医疗,CNY,CN10Y
2019-08-02,7689.22,0.030914,38.83,-0.005160716456348184,399989,中证医疗,CNY,CN10Y
2019-08-05,7608.81,0.0305629999999999,38.33,-0.004473774849986855,399989,中证医疗,CNY,CN10Y
2019-08-06,7524.77,0.030613,38.0,-0.004297210526315792,399989,中证医疗,CNY,CN10Y
2019-08-07,7526.23,0.030514,38.08,-0.004253495798319327,399989,中证医疗,CNY,CN10Y
2019-08-08,7675.16,0.030465,38.86,-0.004731598044261449,399989,中证医疗,CNY,CN10Y
2019-08-09,7677.53,0.030216,38.97,-0.004555235309212213,399989,中证医疗,CNY,CN10Y
2019-08-12,7808.16,0.0303909999999999,39.72,-0.005214766364551763,399989,中证医疗,CNY,CN10Y
2019-08-13,7788.61,0.030041,39.78,-0.004902739567621921,399989,中证医疗,CNY,CN10Y
2019-08-14,7917.91,0.030105,40.38,-0.0053402649826646865,399989,中证医疗,CNY,CN10Y
2019-08-15,8002.31,0.030115,40.66,-0.005520804230201671,399989,中证医疗,CNY,CN10Y
2019-08-16,8050.63,0.030217,41.17,-0.005927468787952396,399989,中证医疗,CNY,CN10Y
2019-08-19,8225.33,0.030191,42.04,-0.006404130352045668,399989,中证医疗,CNY,CN10Y
2019-08-20,8285.58,0.0303169999999999,42.47,-0.006770967506475059,399989,中证医疗,CNY,CN10Y
2019-08-21,8209.84,0.030567,42.14,-0.006836577598481254,399989,中证医疗,CNY,CN10Y
2019-08-22,8236.33,0.030543,42.27,-0.00688555973503667,399989,中证医疗,CNY,CN10Y
2019-08-23,8396.59,0.030644,43.34,-0.007570626672819568,399989,中证医疗,CNY,CN10Y
2019-08-26,8413.42,0.030494,43.3,-0.007399311778290993,399989,中证医疗,CNY,CN10Y
2019-08-27,8492.67,0.03052,43.76,-0.0076680804387568545,399989,中证医疗,CNY,CN10Y
2019-08-28,8427.73,0.03052,43.54,-0.007552613688562238,399989,中证医疗,CNY,CN10Y
2019-08-29,8420.58,0.0303209999999999,43.39,-0.0072742150265037026,399989,中证医疗,CNY,CN10Y
2019-08-30,8407.03,0.030573,43.65,-0.007663492554410078,399989,中证医疗,CNY,CN10Y
2019-09-02,8623.63,0.0307229999999999,47.48,-0.009661500421229891,399989,中证医疗,CNY,CN10Y
2019-09-03,8559.62,0.030624,47.02,-0.009356454274776691,399989,中证医疗,CNY,CN10Y
2019-09-04,8508.23,0.030473,46.72,-0.009068890410958905,399989,中证医疗,CNY,CN10Y
2019-09-05,8531.38,0.030173,46.76,-0.008787200171086397,399989,中证医疗,CNY,CN10Y
2019-09-06,8593.11,0.030173,47.06,-0.00892353123671908,399989,中证医疗,CNY,CN10Y
2019-09-09,8700.32,0.03025,47.52,-0.009206228956228957,399989,中证医疗,CNY,CN10Y
2019-09-10,8741.24,0.030425,47.75,-0.009482591623036649,399989,中证医疗,CNY,CN10Y
2019-09-11,8627.57,0.030525,47.15,-0.009316092258748673,399989,中证医疗,CNY,CN10Y
2019-09-12,8700.71,0.030876,47.42,-0.00978785153943484,399989,中证医疗,CNY,CN10Y
2019-09-16,8754.77,0.030926,47.72,-0.00997042581726739,399989,中证医疗,CNY,CN10Y
2019-09-17,8592.99,0.031076,46.98,-0.009790346530438483,399989,中证医疗,CNY,CN10Y
2019-09-18,8653.26,0.031277,47.52,-0.010233228956228958,399989,中证医疗,CNY,CN10Y
2019-09-19,8798.47,0.031053,48.24,-0.010323315091210615,399989,中证医疗,CNY,CN10Y
2019-09-20,8829.63,0.0309799999999999,48.55,-0.010382677651905151,399989,中证医疗,CNY,CN10Y
2019-09-23,8695.6,0.0310049999999999,47.83,-0.010097619694752147,399989,中证医疗,CNY,CN10Y
2019-09-24,8912.03,0.0312049999999999,49.06,-0.010821795760293417,399989,中证医疗,CNY,CN10Y
2019-09-25,8827.0,0.031157,48.67,-0.01061046209163756,399989,中证医疗,CNY,CN10Y
2019-09-26,8622.21,0.031381,47.68,-0.01040784563758389,399989,中证医疗,CNY,CN10Y
2019-09-27,8681.7,0.031482,47.98,-0.010639982492705296,399989,中证医疗,CNY,CN10Y
2019-09-29,,0.031434,47.98,-0.01059198249270529,399989,中证医疗,CNY,CN10Y
2019-09-30,8657.13,0.0314109999999999,47.9,-0.010534173277661693,399989,中证医疗,CNY,CN10Y
2019-10-08,8727.6,0.031063,48.14,-0.01029025384295804,399989,中证医疗,CNY,CN10Y
2019-10-09,8712.66,0.031089,48.04,-0.010273013322231472,399989,中证医疗,CNY,CN10Y
2019-10-10,9026.76,0.031289,49.87,-0.011236864447563662,399989,中证医疗,CNY,CN10Y
2019-10-11,9054.42,0.031564,50.05,-0.011583980019980022,399989,中证医疗,CNY,CN10Y
2019-10-12,,0.031716,50.05,-0.011735980019980021,399989,中证医疗,CNY,CN10Y
2019-10-14,9114.64,0.031641,50.3,-0.011760284294234594,399989,中证医疗,CNY,CN10Y
2019-10-15,9072.93,0.031668,49.91,-0.01163193508314967,399989,中证医疗,CNY,CN10Y
2019-10-16,9184.38,0.031693,50.4,-0.011851730158730159,399989,中证医疗,CNY,CN10Y
2019-10-17,9192.98,0.031569,50.67,-0.011833456285770674,399989,中证医疗,CNY,CN10Y
2019-10-18,9226.45,0.0318699999999999,50.71,-0.012150023663971502,399989,中证医疗,CNY,CN10Y
2019-10-21,9013.13,0.0321959999999999,49.37,-0.011940784281952499,399989,中证医疗,CNY,CN10Y
2019-10-22,9104.35,0.0321959999999999,49.97,-0.012183992795677303,399989,中证医疗,CNY,CN10Y
2019-10-23,8910.83,0.032122,48.93,-0.011684640506846512,399989,中证医疗,CNY,CN10Y
2019-10-24,8865.65,0.0321959999999999,48.61,-0.011624101213741925,399989,中证医疗,CNY,CN10Y
2019-10-25,8937.58,0.032372,48.91,-0.011926283377632383,399989,中证医疗,CNY,CN10Y
2019-10-28,9152.51,0.032924,50.01,-0.012927999200159968,399989,中证医疗,CNY,CN10Y
2019-10-29,9201.53,0.033029,50.32,-0.013156186009538953,399989,中证医疗,CNY,CN10Y
2019-10-30,9188.38,0.033125,50.39,-0.013279792617582855,399989,中证医疗,CNY,CN10Y
2019-10-31,9179.93,0.03288,50.88,-0.013225911949685535,399989,中证医疗,CNY,CN10Y
2019-11-01,9374.84,0.032757,49.01,-0.012353000816159969,399989,中证医疗,CNY,CN10Y
2019-11-04,9597.81,0.032954,50.26,-0.013057461997612412,399989,中证医疗,CNY,CN10Y
2019-11-05,9577.45,0.032454,50.12,-0.012501885075818033,399989,中证医疗,CNY,CN10Y
2019-11-06,9524.42,0.032555,49.75,-0.012454497487437186,399989,中证医疗,CNY,CN10Y
2019-11-07,9633.84,0.032736,50.3,-0.012855284294234593,399989,中证医疗,CNY,CN10Y
2019-11-08,9562.9,0.032765,50.0,-0.012765000000000002,399989,中证医疗,CNY,CN10Y
2019-11-11,9306.95,0.032463,48.83,-0.011983786401802168,399989,中证医疗,CNY,CN10Y
2019-11-12,9374.7,0.0325499999999999,49.16,-0.012208258746948634,399989,中证医疗,CNY,CN10Y
2019-11-13,9593.55,0.03237,50.5,-0.0125680198019802,399989,中证医疗,CNY,CN10Y
2019-11-14,9687.74,0.032555,51.11,-0.012989357268636276,399989,中证医疗,CNY,CN10Y
2019-11-15,9593.15,0.032355,50.6,-0.01259215415019763,399989,中证医疗,CNY,CN10Y
2019-11-18,9623.66,0.031993,50.82,-0.01231570759543487,399989,中证医疗,CNY,CN10Y
2019-11-19,9898.16,0.031743,52.28,-0.012615226472838564,399989,中证医疗,CNY,CN10Y
2019-11-20,9927.69,0.031747,52.45,-0.012681223069590086,399989,中证医疗,CNY,CN10Y
2019-11-21,9743.32,0.031749,51.32,-0.012263419329696025,399989,中证医疗,CNY,CN10Y
2019-11-22,9375.97,0.031747,49.16,-0.011405258746948733,399989,中证医疗,CNY,CN10Y
2019-11-25,9223.19,0.031875,48.49,-0.011252191173437825,399989,中证医疗,CNY,CN10Y
2019-11-26,9253.1,0.031675,48.69,-0.01113690182789074,399989,中证医疗,CNY,CN10Y
2019-11-27,9139.21,0.0317,48.1,-0.010909979209979211,399989,中证医疗,CNY,CN10Y
2019-11-28,9128.44,0.03165,48.17,-0.010890190990242889,399989,中证医疗,CNY,CN10Y
2019-11-29,8942.31,0.03165,46.97,-0.010359814775388543,399989,中证医疗,CNY,CN10Y
2019-12-02,8849.1,0.032062,46.52,-0.010565869303525367,399989,中证医疗,CNY,CN10Y
2019-12-03,8860.77,0.0317459999999999,46.66,-0.010314366909558406,399989,中证医疗,CNY,CN10Y
2019-12-04,8908.81,0.031751,46.95,-0.010451745473908414,399989,中证医疗,CNY,CN10Y
2019-12-05,9029.79,0.031776,47.57,-0.010754347698129073,399989,中证医疗,CNY,CN10Y
2019-12-06,9079.54,0.031751,47.95,-0.010895942648592286,399989,中证医疗,CNY,CN10Y
2019-12-09,8917.79,0.031903,46.97,-0.010612814775388547,399989,中证医疗,CNY,CN10Y
2019-12-10,9055.89,0.031776,47.59,-0.010763182181130489,399989,中证医疗,CNY,CN10Y
2019-12-11,9039.62,0.031702,47.49,-0.010644935354811542,399989,中证医疗,CNY,CN10Y
2019-12-12,8995.95,0.031652,47.38,-0.010546048121570284,399989,中证医疗,CNY,CN10Y
2019-12-13,9153.97,0.0318279999999999,48.45,-0.011188165118678949,399989,中证医疗,CNY,CN10Y
2019-12-16,9266.45,0.031854,50.54,-0.012067692125049465,399989,中证医疗,CNY,CN10Y
2019-12-17,9343.02,0.0321329999999999,50.92,-0.012494351139041533,399989,中证医疗,CNY,CN10Y
2019-12-18,9196.12,0.032139,50.03,-0.01215099280431741,399989,中证医疗,CNY,CN10Y
2019-12-19,9175.33,0.032139,49.98,-0.012130996798719488,399989,中证医疗,CNY,CN10Y
2019-12-20,9064.93,0.031808,49.27,-0.011511673635072057,399989,中证医疗,CNY,CN10Y
2019-12-23,8963.69,0.031661,48.83,-0.01118178640180217,399989,中证医疗,CNY,CN10Y
2019-12-24,8998.08,0.031535,48.94,-0.011101816510012259,399989,中证医疗,CNY,CN10Y
2019-12-25,8993.85,0.031463,48.91,-0.011017283377632383,399989,中证医疗,CNY,CN10Y
2019-12-26,9004.99,0.031137,49.11,-0.010774548360822644,399989,中证医疗,CNY,CN10Y
2019-12-27,8882.31,0.031292,48.43,-0.010643641544497214,399989,中证医疗,CNY,CN10Y
2019-12-30,8923.15,0.031322,48.72,-0.010796548440065685,399989,中证医疗,CNY,CN10Y
2019-12-31,9104.95,0.031365,49.71,-0.011248323274994969,399989,中证医疗,CNY,CN10Y
2020-01-02,9119.14,0.031485,49.65,-0.01134401309164149,399989,中证医疗,CNY,CN10Y
2020-01-03,9068.61,0.031428,49.24,-0.011119307879772541,399989,中证医疗,CNY,CN10Y
2020-01-06,9010.3,0.031352,48.81,-0.010864395001024377,399989,中证医疗,CNY,CN10Y
2020-01-07,9210.66,0.031379,49.86,-0.011322842759727232,399989,中证医疗,CNY,CN10Y
2020-01-08,9132.64,0.031337,49.45,-0.011114553083923152,399989,中证医疗,CNY,CN10Y
2020-01-09,9494.57,0.031184,51.66,-0.011826663569492836,399989,中证医疗,CNY,CN10Y
2020-01-10,9501.2,0.030819,51.67,-0.011465409909038125,399989,中证医疗,CNY,CN10Y
2020-01-13,9583.81,0.03084,52.17,-0.011671895725512745,399989,中证医疗,CNY,CN10Y
2020-01-14,9494.02,0.030994,51.71,-0.011655380777412495,399989,中证医疗,CNY,CN10Y
2020-01-15,9566.72,0.030897,52.15,-0.011721544582933844,399989,中证医疗,CNY,CN10Y
2020-01-16,9692.13,0.030918,53.0,-0.012050075471698115,399989,中证医疗,CNY,CN10Y
2020-01-17,9781.99,0.030832,53.45,-0.01212292609915809,399989,中证医疗,CNY,CN10Y
2020-01-19,,0.03078,53.45,-0.01207092609915809,399989,中证医疗,CNY,CN10Y
2020-01-20,9874.51,0.0307759999999999,53.94,-0.012236882461994707,399989,中证医疗,CNY,CN10Y
2020-01-21,9979.75,0.030337,54.36,-0.01194112067696836,399989,中证医疗,CNY,CN10Y
2020-01-22,9897.83,0.030282,53.93,-0.011739444835898387,399989,中证医疗,CNY,CN10Y
2020-01-23,9671.83,0.029932,52.64,-0.010935039513677813,399989,中证医疗,CNY,CN10Y
2020-02-03,9357.89,0.028231,51.15,-0.008680657869012707,399989,中证医疗,CNY,CN10Y
2020-02-04,9779.52,0.028551,53.66,-0.009915144614237793,399989,中证医疗,CNY,CN10Y
2020-02-05,10046.28,0.02844,55.73,-0.010496343082720256,399989,中证医疗,CNY,CN10Y
2020-02-06,10475.3,0.028392,57.75,-0.011075982683982685,399989,中证医疗,CNY,CN10Y
2020-02-07,10388.69,0.028024,56.95,-0.01046473748902546,399989,中证医疗,CNY,CN10Y
2020-02-10,10345.56,0.0278719999999999,57.26,-0.010407801606706152,399989,中证医疗,CNY,CN10Y
2020-02-11,10367.46,0.02834,57.32,-0.010894082344731333,399989,中证医疗,CNY,CN10Y
2020-02-12,10575.28,0.028333,58.34,-0.01119210181693521,399989,中证医疗,CNY,CN10Y
2020-02-13,10520.13,0.028201,57.97,-0.010950698119717096,399989,中证医疗,CNY,CN10Y
2020-02-14,10464.05,0.028631,58.26,-0.011466564709921044,399989,中证医疗,CNY,CN10Y
2020-02-17,10805.42,0.028928,60.0,-0.012261333333333332,399989,中证医疗,CNY,CN10Y
2020-02-18,10857.29,0.028664,60.21,-0.012055463212091014,399989,中证医疗,CNY,CN10Y
2020-02-19,10579.4,0.028776,58.67,-0.011731513891256179,399989,中证医疗,CNY,CN10Y
2020-02-20,10767.1,0.028857,59.52,-0.012055924731182797,399989,中证医疗,CNY,CN10Y
2020-02-21,10901.69,0.02847,60.27,-0.011877997345279574,399989,中证医疗,CNY,CN10Y
2020-02-24,11131.84,0.02812,61.67,-0.011904660288633045,399989,中证医疗,CNY,CN10Y
2020-02-25,11269.89,0.02822,62.78,-0.01229136030582988,399989,中证医疗,CNY,CN10Y
2020-02-26,10808.83,0.0279729999999999,60.07,-0.0113257551190277,399989,中证医疗,CNY,CN10Y
2020-02-27,11007.28,0.027702,60.76,-0.011243803818301513,399989,中证医疗,CNY,CN10Y
2020-02-28,10719.66,0.027376,59.14,-0.010466970578288808,399989,中证医疗,CNY,CN10Y
2020-03-02,11063.9,0.0274279999999999,60.77,-0.010972512094783511,399989,中证医疗,CNY,CN10Y
2020-03-03,11420.5,0.027478,63.39,-0.011702641110585266,399989,中证医疗,CNY,CN10Y
2020-03-04,11291.31,0.02673,62.79,-0.010803897117375377,399989,中证医疗,CNY,CN10Y
2020-03-05,11438.92,0.026829,63.8,-0.011155018808777426,399989,中证医疗,CNY,CN10Y
2020-03-06,11551.59,0.02628,64.39,-0.010749638142568723,399989,中证医疗,CNY,CN10Y
2020-03-09,11261.15,0.025205,63.25,-0.009394723320158106,399989,中证医疗,CNY,CN10Y
2020-03-10,11239.35,0.02613,62.73,-0.010188664116052924,399989,中证医疗,CNY,CN10Y
2020-03-11,11069.56,0.0260789999999999,61.44,-0.009802958333333233,399989,中证医疗,CNY,CN10Y
2020-03-12,10708.2,0.026379,59.54,-0.009583568357406785,399989,中证医疗,CNY,CN10Y
2020-03-13,10535.07,0.0267589999999999,58.77,-0.009743515909477526,399989,中证医疗,CNY,CN10Y
2020-03-16,10013.54,0.026758,56.11,-0.008935864908216004,399989,中证医疗,CNY,CN10Y
2020-03-17,9959.22,0.027135,55.84,-0.009226690544412608,399989,中证医疗,CNY,CN10Y
2020-03-18,9813.13,0.027136,54.85,-0.008904459434822244,399989,中证医疗,CNY,CN10Y
2020-03-19,9644.11,0.027299,53.57,-0.008631835542281127,399989,中证医疗,CNY,CN10Y
2020-03-20,9929.42,0.026815,55.22,-0.008705619340818541,399989,中证医疗,CNY,CN10Y
2020-03-23,9654.21,0.0263149999999999,54.04,-0.007810188749074659,399989,中证医疗,CNY,CN10Y
2020-03-24,9969.03,0.0262889999999999,55.68,-0.008329229885057372,399989,中证医疗,CNY,CN10Y
2020-03-25,10423.71,0.0262889999999999,58.25,-0.009121618025750972,399989,中证医疗,CNY,CN10Y
2020-03-26,10709.39,0.0259399999999999,60.16,-0.009317659574467986,399989,中证医疗,CNY,CN10Y
2020-03-27,10518.81,0.02609,59.18,-0.00919239945927678,399989,中证医疗,CNY,CN10Y
2020-03-30,10239.7,0.026142,57.75,-0.008825982683982683,399989,中证医疗,CNY,CN10Y
2020-03-31,10262.24,0.025899,58.16,-0.008705052269601096,399989,中证医疗,CNY,CN10Y
2020-04-01,10182.45,0.02555,57.47,-0.008149617191578213,399989,中证医疗,CNY,CN10Y
2020-04-02,10418.45,0.025854,58.5,-0.008759982905982903,399989,中证医疗,CNY,CN10Y
2020-04-03,10461.77,0.025965,58.78,-0.008952410683906089,399989,中证医疗,CNY,CN10Y
2020-04-07,10784.7,0.025112,60.55,-0.008596723369116432,399989,中证医疗,CNY,CN10Y
2020-04-08,10755.06,0.024824,60.51,-0.008297805982482233,399989,中证医疗,CNY,CN10Y
2020-04-09,11178.85,0.025226,62.65,-0.009264308060654428,399989,中证医疗,CNY,CN10Y
2020-04-10,10963.48,0.025403,61.4,-0.009116355048859933,399989,中证医疗,CNY,CN10Y
2020-04-13,10982.99,0.025658,61.55,-0.009411046303818033,399989,中证医疗,CNY,CN10Y
2020-04-14,11202.07,0.025591,62.58,-0.009611453819111535,399989,中证医疗,CNY,CN10Y
2020-04-15,11155.89,0.025455,62.55,-0.00946778976818545,399989,中证医疗,CNY,CN10Y
2020-04-16,11406.01,0.025276,63.55,-0.009540358772619984,399989,中证医疗,CNY,CN10Y
2020-04-17,11289.42,0.02559,62.82,-0.00967150270614454,399989,中证医疗,CNY,CN10Y
2020-04-20,11624.58,0.02592,64.78,-0.010483136770608211,399989,中证医疗,CNY,CN10Y
2020-04-21,11489.89,0.0257909999999999,64.24,-0.010224374844333648,399989,中证医疗,CNY,CN10Y
2020-04-22,11595.64,0.025567,65.0,-0.010182384615384614,399989,中证医疗,CNY,CN10Y
2020-04-23,11644.85,0.025227,65.23,-0.009896630538095969,399989,中证医疗,CNY,CN10Y
2020-04-24,11353.46,0.0250999999999999,63.66,-0.009391548853282965,399989,中证医疗,CNY,CN10Y
2020-04-26,,0.025205,63.66,-0.009496548853283066,399989,中证医疗,CNY,CN10Y
2020-04-27,11491.81,0.025345,64.8,-0.0099129012345679,399989,中证医疗,CNY,CN10Y
2020-04-28,11585.03,0.025254,65.45,-0.009975161191749427,399989,中证医疗,CNY,CN10Y
2020-04-29,11424.59,0.025009,64.31,-0.009459318768465248,399989,中证医疗,CNY,CN10Y
2020-04-30,11299.98,0.02538,62.72,-0.009436122448979591,399989,中证医疗,CNY,CN10Y
2020-05-06,11522.37,0.025809,65.75,-0.010599874524714828,399989,中证医疗,CNY,CN10Y
2020-05-07,11581.4,0.026298,66.31,-0.011217318353189563,399989,中证医疗,CNY,CN10Y
2020-05-08,11718.43,0.0262069999999999,66.86,-0.011250374214777047,399989,中证医疗,CNY,CN10Y
2020-05-09,,0.0264,66.86,-0.011443374214777147,399989,中证医疗,CNY,CN10Y
2020-05-11,11548.76,0.026698,65.84,-0.011509664641555286,399989,中证医疗,CNY,CN10Y
2020-05-12,11806.2,0.0266029999999999,67.06,-0.01169098091261547,399989,中证医疗,CNY,CN10Y
2020-05-13,12222.59,0.027076,69.21,-0.012627220921832103,399989,中证医疗,CNY,CN10Y
2020-05-14,12056.07,0.026989,68.58,-0.012407489355497228,399989,中证医疗,CNY,CN10Y
2020-05-15,11944.37,0.02682,67.86,-0.012083778367226643,399989,中证医疗,CNY,CN10Y
2020-05-18,12170.86,0.027253,69.17,-0.012795865404076913,399989,中证医疗,CNY,CN10Y
2020-05-19,12231.1,0.0272719999999999,69.57,-0.012897988213310233,399989,中证医疗,CNY,CN10Y
2020-05-20,11992.79,0.0269,65.95,-0.01173699772554966,399989,中证医疗,CNY,CN10Y
2020-05-21,12102.47,0.02685,67.46,-0.012026400830121551,399989,中证医疗,CNY,CN10Y
2020-05-22,11766.76,0.0261759999999999,65.61,-0.010934420972412642,399989,中证医疗,CNY,CN10Y
2020-05-25,11861.38,0.026852,66.47,-0.011807619076275012,399989,中证医疗,CNY,CN10Y
2020-05-26,12224.78,0.027402,68.44,-0.012790661601402688,399989,中证医疗,CNY,CN10Y
2020-05-27,11897.68,0.027527,66.5,-0.012489406015037594,399989,中证医疗,CNY,CN10Y
2020-05-28,11792.22,0.027201,64.74,-0.011754599011430335,399989,中证医疗,CNY,CN10Y
2020-05-29,12117.98,0.0270529999999999,66.73,-0.01206723647534832,399989,中证医疗,CNY,CN10Y
2020-06-01,12396.5,0.027253,68.15,-0.012579485693323551,399989,中证医疗,CNY,CN10Y
2020-06-02,12147.97,0.027852,66.79,-0.012879698757298996,399989,中证医疗,CNY,CN10Y
2020-06-03,12209.3,0.027901,67.31,-0.01304436651314812,399989,中证医疗,CNY,CN10Y
2020-06-04,12317.39,0.028301,66.02,-0.01315407482581036,399989,中证医疗,CNY,CN10Y
2020-06-05,12388.65,0.028475,66.23,-0.013376102219537975,399989,中证医疗,CNY,CN10Y
2020-06-08,12178.98,0.0281009999999999,64.73,-0.012652212729800612,399989,中证医疗,CNY,CN10Y
2020-06-09,12346.4,0.028031,65.51,-0.01276615493817738,399989,中证医疗,CNY,CN10Y
2020-06-10,12566.79,0.028201,66.72,-0.01321299040767386,399989,中证医疗,CNY,CN10Y
2020-06-11,12509.71,0.0277009999999999,66.5,-0.012663406015037494,399989,中证医疗,CNY,CN10Y
2020-06-12,12764.76,0.027451,67.87,-0.012716949609547666,399989,中证医疗,CNY,CN10Y
2020-06-15,12994.1,0.027878,69.54,-0.01349778717285016,399989,中证医疗,CNY,CN10Y
2020-06-16,13310.43,0.0284019999999999,70.86,-0.014289665819926516,399989,中证医疗,CNY,CN10Y
2020-06-17,13456.67,0.0288019999999999,71.59,-0.014833568654839962,399989,中证医疗,CNY,CN10Y
2020-06-18,13113.74,0.028527,69.75,-0.014190082437275986,399989,中证医疗,CNY,CN10Y
2020-06-19,13556.52,0.028752,72.19,-0.014899665881701066,399989,中证医疗,CNY,CN10Y
2020-06-22,13598.32,0.029153,71.99,-0.015262181830809832,399989,中证医疗,CNY,CN10Y
2020-06-23,13940.86,0.029127,73.82,-0.015580535627201299,399989,中证医疗,CNY,CN10Y
2020-06-24,13883.23,0.028614,73.4,-0.014990021798365125,399989,中证医疗,CNY,CN10Y
2020-06-28,,0.028404,73.4,-0.014780021798365123,399989,中证医疗,CNY,CN10Y
2020-06-29,14166.06,0.028504,74.79,-0.015133228506484827,399989,中证医疗,CNY,CN10Y
2020-06-30,14404.49,0.0282299999999999,75.92,-0.015058240252897688,399989,中证医疗,CNY,CN10Y
2020-07-01,14084.69,0.028456,74.16,-0.014971641855447679,399989,中证医疗,CNY,CN10Y
2020-07-02,13871.08,0.028584,72.68,-0.01482505668684645,399989,中证医疗,CNY,CN10Y
2020-07-03,14239.63,0.028974,74.6,-0.015569174262734584,399989,中证医疗,CNY,CN10Y
2020-07-06,14178.66,0.029959,73.99,-0.016443660089201242,399989,中证医疗,CNY,CN10Y
2020-07-07,14472.22,0.030158,75.59,-0.016928736869956343,399989,中证医疗,CNY,CN10Y
2020-07-08,14608.73,0.030632,76.19,-0.0175069179682373,399989,中证医疗,CNY,CN10Y
2020-07-09,15164.61,0.030809,80.38,-0.018368094302065187,399989,中证医疗,CNY,CN10Y
2020-07-10,15462.04,0.030305,81.79,-0.018078566450666342,399989,中证医疗,CNY,CN10Y
2020-07-13,15982.89,0.0305569999999999,84.24,-0.018686154795821364,399989,中证医疗,CNY,CN10Y
2020-07-14,15637.93,0.030057,82.34,-0.017912234393976198,399989,中证医疗,CNY,CN10Y
2020-07-15,15774.06,0.029559,83.83,-0.01763009626625313,399989,中证医疗,CNY,CN10Y
2020-07-16,14804.68,0.029459,78.79,-0.016767034014468843,399989,中证医疗,CNY,CN10Y
2020-07-17,15021.58,0.029507,80.1,-0.01702260549313358,399989,中证医疗,CNY,CN10Y
2020-07-20,14915.89,0.0293109999999999,79.42,-0.01671971317048592,399989,中证医疗,CNY,CN10Y
2020-07-21,15421.15,0.029011,82.05,-0.016823309567336988,399989,中证医疗,CNY,CN10Y
2020-07-22,15603.62,0.0288609999999999,83.06,-0.01682151047435579,399989,中证医疗,CNY,CN10Y
2020-07-23,15928.19,0.029064,84.9,-0.017285436984687867,399989,中证医疗,CNY,CN10Y
2020-07-24,14900.2,0.028612,79.51,-0.01603496566469626,399989,中证医疗,CNY,CN10Y
2020-07-27,15067.02,0.028791,80.31,-0.016339250529199354,399989,中证医疗,CNY,CN10Y
2020-07-28,15267.64,0.029214,81.61,-0.016960599681411594,399989,中证医疗,CNY,CN10Y
2020-07-29,15597.99,0.029415,83.2,-0.017395769230769232,399989,中证医疗,CNY,CN10Y
2020-07-30,15532.12,0.0293639999999999,82.66,-0.017266250181466148,399989,中证医疗,CNY,CN10Y
2020-07-31,15748.98,0.029664,83.83,-0.01773509626625313,399989,中证医疗,CNY,CN10Y
2020-08-03,16030.73,0.029466,84.89,-0.0176860494757922,399989,中证医疗,CNY,CN10Y
2020-08-04,15972.57,0.029365,84.61,-0.01754606606784068,399989,中证医疗,CNY,CN10Y
2020-08-05,16119.55,0.029592,85.3,-0.017868670574443142,399989,中证医疗,CNY,CN10Y
2020-08-06,15817.82,0.029816,83.61,-0.017855708168879318,399989,中证医疗,CNY,CN10Y
2020-08-07,15510.45,0.029918,81.86,-0.017702021500122157,399989,中证医疗,CNY,CN10Y
2020-08-10,15546.09,0.029543,81.97,-0.01734341478589728,399989,中证医疗,CNY,CN10Y
2020-08-11,15276.55,0.029544,80.67,-0.01714781802404859,399989,中证医疗,CNY,CN10Y
2020-08-12,14839.31,0.02962,78.42,-0.016868150981892375,399989,中证医疗,CNY,CN10Y
2020-08-13,14722.57,0.0295549999999999,77.57,-0.016663418202913397,399989,中证医疗,CNY,CN10Y
2020-08-14,14842.42,0.029369,78.19,-0.016579640746898577,399989,中证医疗,CNY,CN10Y
2020-08-17,14949.79,0.029421,78.69,-0.016712904943448976,399989,中证医疗,CNY,CN10Y
2020-08-18,15061.57,0.029771,79.45,-0.017184467589679044,399989,中证医疗,CNY,CN10Y
2020-08-19,14664.3,0.029921,77.29,-0.016982715616509252,399989,中证医疗,CNY,CN10Y
2020-08-20,14598.83,0.029973,76.93,-0.016974169894709477,399989,中证医疗,CNY,CN10Y
2020-08-21,14752.47,0.029823,77.88,-0.016982732922444784,399989,中证医疗,CNY,CN10Y
2020-08-24,14933.09,0.029998,78.5,-0.017259146496815286,399989,中证医疗,CNY,CN10Y
2020-08-25,15048.69,0.030424,79.25,-0.017805703470031548,399989,中证医疗,CNY,CN10Y
2020-08-26,15073.54,0.030511,79.42,-0.017919713170486025,399989,中证医疗,CNY,CN10Y
2020-08-27,15342.26,0.0305989999999999,81.03,-0.018257891768480708,399989,中证医疗,CNY,CN10Y
2020-08-28,15742.28,0.030672,83.27,-0.018662873063528283,399989,中证医疗,CNY,CN10Y
2020-08-31,15653.67,0.030177,83.15,-0.018150541791942275,399989,中证医疗,CNY,CN10Y
2020-09-01,15737.87,0.030478,66.01,-0.015328780184820484,399989,中证医疗,CNY,CN10Y
2020-09-02,15728.53,0.031027,66.07,-0.015891537611624033,399989,中证医疗,CNY,CN10Y
2020-09-03,15634.45,0.031051,65.75,-0.015841874524714826,399989,中证医疗,CNY,CN10Y
2020-09-04,15275.49,0.031228,64.15,-0.01563953546375682,399989,中证医疗,CNY,CN10Y
2020-09-07,14697.78,0.031454,61.69,-0.015243917328578379,399989,中证医疗,CNY,CN10Y
2020-09-08,14655.19,0.03123,61.68,-0.015017289234760051,399989,中证医疗,CNY,CN10Y
2020-09-09,14108.96,0.030805,59.27,-0.013933058039480344,399989,中证医疗,CNY,CN10Y
2020-09-10,13985.55,0.030833,59.03,-0.01389246129086905,399989,中证医疗,CNY,CN10Y
2020-09-11,14201.89,0.031346,60.05,-0.014693210657785179,399989,中证医疗,CNY,CN10Y
2020-09-14,14250.19,0.031532,60.26,-0.014937243942914038,399989,中证医疗,CNY,CN10Y
2020-09-15,14419.1,0.031083,60.97,-0.014681491061177627,399989,中证医疗,CNY,CN10Y
2020-09-16,14103.61,0.0312599999999999,59.6,-0.014481476510067013,399989,中证医疗,CNY,CN10Y
2020-09-17,13934.26,0.031334,58.73,-0.01430692695385663,399989,中证医疗,CNY,CN10Y
2020-09-18,14104.66,0.031162,59.36,-0.014315638814016172,399989,中证医疗,CNY,CN10Y
2020-09-21,13938.39,0.030999,58.74,-0.013974825672454887,399989,中证医疗,CNY,CN10Y
2020-09-22,14079.74,0.030863,59.72,-0.014118190890823844,399989,中证医疗,CNY,CN10Y
2020-09-23,14414.54,0.03089,61.04,-0.0145073001310616,399989,中证医疗,CNY,CN10Y
2020-09-24,14157.05,0.03084,60.04,-0.014184437041972017,399989,中证医疗,CNY,CN10Y
2020-09-25,14248.88,0.031295,60.34,-0.01472224560822009,399989,中证医疗,CNY,CN10Y
2020-09-27,,0.031324,60.34,-0.014751245608220085,399989,中证医疗,CNY,CN10Y
2020-09-28,14098.41,0.0310919999999999,59.91,-0.014400295776998733,399989,中证医疗,CNY,CN10Y
2020-09-29,14355.01,0.031292,61.11,-0.014928066110292914,399989,中证医疗,CNY,CN10Y
2020-09-30,14596.05,0.031482,62.26,-0.015420323160938006,399989,中证医疗,CNY,CN10Y
2020-10-09,14983.99,0.031873,63.86,-0.016213745380519885,399989,中证医疗,CNY,CN10Y
2020-10-10,,0.031898,63.86,-0.01623874538051989,399989,中证医疗,CNY,CN10Y
2020-10-12,15601.16,0.031861,64.51,-0.016359527360099213,399989,中证医疗,CNY,CN10Y
2020-10-13,15812.5,0.03195,65.39,-0.016657141764795838,399989,中证医疗,CNY,CN10Y
2020-10-14,15836.41,0.03215,65.64,-0.016915386959171233,399989,中证医疗,CNY,CN10Y
2020-10-15,15630.79,0.0323,64.75,-0.016855984555984558,399989,中证医疗,CNY,CN10Y
2020-10-16,15676.41,0.032202,65.01,-0.01681975111521305,399989,中证医疗,CNY,CN10Y
2020-10-19,15247.19,0.032005,63.26,-0.016197222573506163,399989,中证医疗,CNY,CN10Y
2020-10-20,15422.59,0.031955,63.99,-0.016327558212220657,399989,中证医疗,CNY,CN10Y
2020-10-21,15407.71,0.031855,63.82,-0.016185930742713885,399989,中证医疗,CNY,CN10Y
2020-10-22,15294.72,0.031707,63.41,-0.015936616779687746,399989,中证医疗,CNY,CN10Y
2020-10-23,14847.13,0.031957,61.44,-0.01568095833333333,399989,中证医疗,CNY,CN10Y
2020-10-26,14991.23,0.031934,62.03,-0.015812768337901014,399989,中证医疗,CNY,CN10Y
2020-10-27,15428.65,0.031609,63.77,-0.015927645130939312,399989,中证医疗,CNY,CN10Y
2020-10-28,15589.53,0.03181,64.56,-0.016320532837670383,399989,中证医疗,CNY,CN10Y
2020-10-29,15968.13,0.03186,66.34,-0.016786138076575217,399989,中证医疗,CNY,CN10Y
2020-10-30,15630.57,0.03181,65.04,-0.016434846248462483,399989,中证医疗,CNY,CN10Y
2020-11-02,15611.1,0.031785,52.94,-0.012895691348696638,399989,中证医疗,CNY,CN10Y
2020-11-03,15792.1,0.031762,53.74,-0.013153886862672125,399989,中证医疗,CNY,CN10Y
2020-11-04,15810.24,0.031687,54.0,-0.013168481481481482,399989,中证医疗,CNY,CN10Y
2020-11-05,15671.08,0.0319119999999999,53.49,-0.01321691680687969,399989,中证医疗,CNY,CN10Y
2020-11-06,15286.13,0.032063,52.03,-0.012843319046703827,399989,中证医疗,CNY,CN10Y
2020-11-09,15733.18,0.032363,53.38,-0.013629391907081307,399989,中证医疗,CNY,CN10Y
2020-11-10,15368.66,0.032241,51.92,-0.01298059938366718,399989,中证医疗,CNY,CN10Y
2020-11-11,14955.98,0.032391,50.52,-0.012596859065716552,399989,中证医疗,CNY,CN10Y
2020-11-12,15110.93,0.032614,50.9,-0.012967634577603141,399989,中证医疗,CNY,CN10Y
2020-11-13,15113.59,0.032715,50.95,-0.01308791462217861,399989,中证医疗,CNY,CN10Y
2020-11-16,15253.3,0.032741,51.53,-0.013334828837570346,399989,中证医疗,CNY,CN10Y
2020-11-17,14770.92,0.032866,49.85,-0.012805819458375126,399989,中证医疗,CNY,CN10Y
2020-11-18,14285.23,0.03324,48.12,-0.012458620116375725,399989,中证医疗,CNY,CN10Y
2020-11-19,14401.84,0.033487,48.67,-0.012940462091637562,399989,中证医疗,CNY,CN10Y
2020-11-20,14574.61,0.0331,49.25,-0.012795431472081217,399989,中证医疗,CNY,CN10Y
2020-11-23,14520.08,0.03265,49.12,-0.012291693811074915,399989,中证医疗,CNY,CN10Y
2020-11-24,14380.84,0.0329,48.55,-0.01230267765190525,399989,中证医疗,CNY,CN10Y
2020-11-25,13937.51,0.032675,46.87,-0.011339390868359292,399989,中证医疗,CNY,CN10Y
2020-11-26,13970.02,0.03285,47.09,-0.011614068804417073,399989,中证医疗,CNY,CN10Y
2020-11-27,14009.96,0.033,47.29,-0.011853880312962573,399989,中证医疗,CNY,CN10Y
2020-11-30,14016.54,0.0325,47.22,-0.011322532825074123,399989,中证医疗,CNY,CN10Y
2020-12-01,14477.9,0.032725,48.59,-0.012144633669479314,399989,中证医疗,CNY,CN10Y
2020-12-02,14454.31,0.032925,48.49,-0.012302191173437827,399989,中证医疗,CNY,CN10Y
2020-12-03,14784.71,0.032851,49.6,-0.012689709677419354,399989,中证医疗,CNY,CN10Y
2020-12-04,14979.9,0.032651,50.3,-0.012770284294234591,399989,中证医疗,CNY,CN10Y
2020-12-07,14966.19,0.032701,50.22,-0.012788614496216648,399989,中证医疗,CNY,CN10Y
2020-12-08,15041.6,0.032551,50.58,-0.012780339659944639,399989,中证医疗,CNY,CN10Y
2020-12-09,14781.26,0.032726,49.65,-0.012585013091641489,399989,中证医疗,CNY,CN10Y
2020-12-10,15082.22,0.032601,50.7,-0.012877134122287966,399989,中证医疗,CNY,CN10Y
2020-12-11,14952.48,0.032951,50.43,-0.013121533412651199,399989,中证医疗,CNY,CN10Y
2020-12-14,15265.57,0.032851,52.11,-0.013660825369410861,399989,中证医疗,CNY,CN10Y
2020-12-15,15424.54,0.032777,52.74,-0.013816059537353053,399989,中证医疗,CNY,CN10Y
2020-12-16,15501.47,0.0327519999999999,53.1,-0.013919608286252255,399989,中证医疗,CNY,CN10Y
2020-12-17,15732.25,0.032802,53.88,-0.014242237564959168,399989,中证医疗,CNY,CN10Y
2020-12-18,15550.83,0.032902,53.24,-0.014119129977460558,399989,中证医疗,CNY,CN10Y
2020-12-21,15879.64,0.032652,54.23,-0.014212022127973446,399989,中证医疗,CNY,CN10Y
2020-12-22,15898.93,0.032278,53.99,-0.013756051491016857,399989,中证医疗,CNY,CN10Y
2020-12-23,15833.5,0.032153,53.94,-0.013613882461994808,399989,中证医疗,CNY,CN10Y
2020-12-24,15759.77,0.032303,53.96,-0.013770753891771681,399989,中证医疗,CNY,CN10Y
2020-12-25,16035.34,0.031878,54.95,-0.013679637852593265,399989,中证医疗,CNY,CN10Y
2020-12-28,15958.14,0.031629,54.72,-0.013354146198830408,399989,中证医疗,CNY,CN10Y
2020-12-29,15937.58,0.031554,54.52,-0.013212107116654437,399989,中证医疗,CNY,CN10Y
2020-12-30,16127.74,0.031204,55.36,-0.013140416184971096,399989,中证医疗,CNY,CN10Y
2020-12-31,16358.81,0.031429,56.13,-0.013613215214680206,399989,中证医疗,CNY,CN10Y
2021-01-04,16278.9,0.03178,55.98,-0.013916477313326188,399989,中证医疗,CNY,CN10Y
2021-01-05,16590.19,0.031305,57.06,-0.013779588152821591,399989,中证医疗,CNY,CN10Y
2021-01-06,16930.9,0.031256,58.49,-0.014159060352196957,399989,中证医疗,CNY,CN10Y
2021-01-07,17078.61,0.031256,59.27,-0.014384058039480344,399989,中证医疗,CNY,CN10Y
2021-01-08,17098.82,0.031456,59.06,-0.014524066373179816,399989,中证医疗,CNY,CN10Y
2021-01-11,17155.43,0.031632,59.18,-0.014734399459276782,399989,中证医疗,CNY,CN10Y
2021-01-12,17341.37,0.031457,60.12,-0.014823600133067195,399989,中证医疗,CNY,CN10Y
2021-01-13,17056.71,0.031157,58.82,-0.014155979938796328,399989,中证医疗,CNY,CN10Y
2021-01-14,17082.79,0.031059,58.4,-0.013935712328767124,399989,中证医疗,CNY,CN10Y
2021-01-15,17035.37,0.031508,58.38,-0.0143788461801987,399989,中证医疗,CNY,CN10Y
2021-01-18,17236.97,0.031658,59.09,-0.014734662717887967,399989,中证医疗,CNY,CN10Y
2021-01-19,16869.71,0.031609,57.94,-0.014349766309975833,399989,中证医疗,CNY,CN10Y
2021-01-20,17621.44,0.03161,60.78,-0.015157219480092136,399989,中证医疗,CNY,CN10Y
2021-01-21,18205.42,0.031335,62.77,-0.015403822685996497,399989,中证医疗,CNY,CN10Y
2021-01-22,19294.99,0.031185,66.33,-0.016108865520880446,399989,中证医疗,CNY,CN10Y
2021-01-25,19519.37,0.031323,67.21,-0.016444261717006393,399989,中证医疗,CNY,CN10Y
2021-01-26,18684.56,0.031585,64.18,-0.01600382206294796,399989,中证医疗,CNY,CN10Y
2021-01-27,18592.58,0.031636,64.06,-0.016025634717452386,399989,中证医疗,CNY,CN10Y
2021-01-28,17855.76,0.0319609999999999,61.77,-0.01577191144568551,399989,中证医疗,CNY,CN10Y
2021-01-29,17786.68,0.031786,61.69,-0.015575917328578378,399989,中证医疗,CNY,CN10Y
2021-02-01,18222.58,0.031712,63.02,-0.01584402158045065,399989,中证医疗,CNY,CN10Y
2021-02-02,18379.23,0.031862,63.4,-0.016089129337539435,399989,中证医疗,CNY,CN10Y
2021-02-03,18440.89,0.032112,63.48,-0.01635900693131695,399989,中证医疗,CNY,CN10Y
2021-02-04,18166.15,0.032347,62.46,-0.01633675344220301,399989,中证医疗,CNY,CN10Y
2021-02-05,18549.33,0.032164,64.12,-0.016568242046163445,399989,中证医疗,CNY,CN10Y
2021-02-07,,0.032168,64.12,-0.01657224204616345,399989,中证医疗,CNY,CN10Y
2021-02-08,18776.31,0.03237,65.04,-0.016994846248462488,399989,中证医疗,CNY,CN10Y
2021-02-09,19147.28,0.032303,65.84,-0.017114664641555283,399989,中证医疗,CNY,CN10Y
2021-02-10,19636.22,0.032449,67.57,-0.017649532780819887,399989,中证医疗,CNY,CN10Y
2021-02-18,18730.28,0.032831,64.13,-0.017237673943552155,399989,中证医疗,CNY,CN10Y
2021-02-19,18953.54,0.032578,64.48,-0.01706931513647643,399989,中证医疗,CNY,CN10Y
2021-02-20,,0.032605,64.48,-0.017096315136476428,399989,中证医疗,CNY,CN10Y
2021-02-22,18087.76,0.032736,61.08,-0.016364028814669286,399989,中证医疗,CNY,CN10Y
2021-02-23,17814.19,0.032635,60.22,-0.01602922118897376,399989,中证医疗,CNY,CN10Y
2021-02-24,17126.82,0.032627,57.91,-0.015358825246071493,399989,中证医疗,CNY,CN10Y
2021-02-25,17071.81,0.032723,57.93,-0.015460786984291389,399989,中证医疗,CNY,CN10Y
2021-02-26,16596.74,0.032798,56.31,-0.01503916497957734,399989,中证医疗,CNY,CN10Y
2021-03-01,16835.98,0.032475,56.86,-0.01488794407316215,399989,中证医疗,CNY,CN10Y
2021-03-02,16505.65,0.0324739999999999,55.48,-0.014449486661860026,399989,中证医疗,CNY,CN10Y
2021-03-03,16798.3,0.032553,56.24,-0.014772061166429588,399989,中证医疗,CNY,CN10Y
2021-03-04,15987.71,0.0326549999999999,53.29,-0.013889753237004965,399989,中证医疗,CNY,CN10Y
2021-03-05,16034.51,0.032457,53.38,-0.013723391907081304,399989,中证医疗,CNY,CN10Y
2021-03-08,15067.08,0.032404,50.05,-0.012423980019980022,399989,中证医疗,CNY,CN10Y
2021-03-09,14600.16,0.032478,48.61,-0.011906101213742026,399989,中证医疗,CNY,CN10Y
2021-03-10,14975.05,0.032353,50.21,-0.012436648675562639,399989,中证医疗,CNY,CN10Y
2021-03-11,15384.42,0.032506,51.62,-0.013133663696241766,399989,中证医疗,CNY,CN10Y
2021-03-12,15414.57,0.0326129999999999,52.02,-0.013389624375240192,399989,中证医疗,CNY,CN10Y
2021-03-15,14631.09,0.03274,49.16,-0.012398258746948734,399989,中证医疗,CNY,CN10Y
2021-03-16,14735.81,0.032614,49.66,-0.012477068868304467,399989,中证医疗,CNY,CN10Y
2021-03-17,14886.07,0.032564,50.12,-0.012611885075818039,399989,中证医疗,CNY,CN10Y
2021-03-18,15155.76,0.0325919999999999,51.21,-0.013064563952352955,399989,中证医疗,CNY,CN10Y
2021-03-19,14815.32,0.032364,49.87,-0.012311864447563662,399989,中证医疗,CNY,CN10Y
2021-03-22,14849.46,0.032309,49.83,-0.012240768011238207,399989,中证医疗,CNY,CN10Y
2021-03-23,14790.88,0.032105,49.86,-0.012048842759727237,399989,中证医疗,CNY,CN10Y
2021-03-24,14820.75,0.03193,50.33,-0.012061134512219351,399989,中证医疗,CNY,CN10Y
2021-03-25,15084.01,0.031882,51.34,-0.012404010128554736,399989,中证医疗,CNY,CN10Y
2021-03-26,15568.38,0.031985,52.72,-0.013016866464339909,399989,中证医疗,CNY,CN10Y
2021-03-29,15597.37,0.031962,52.84,-0.013036943224829674,399989,中证医疗,CNY,CN10Y
2021-03-30,15852.87,0.03206,53.98,-0.013534620229714706,399989,中证医疗,CNY,CN10Y
2021-03-31,15763.71,0.031887,53.5,-0.013195411214953271,399989,中证医疗,CNY,CN10Y
2021-04-01,16205.67,0.03196,54.98,-0.013771567842851946,399989,中证医疗,CNY,CN10Y
2021-04-02,16354.75,0.032013,55.61,-0.01403062272972487,399989,中证医疗,CNY,CN10Y
2021-04-06,16046.66,0.032087,54.74,-0.013818823164048227,399989,中证医疗,CNY,CN10Y
2021-04-07,15865.24,0.032215,54.32,-0.013805574374079529,399989,中证医疗,CNY,CN10Y
2021-04-08,16167.97,0.032221,55.8,-0.01429985304659498,399989,中证医疗,CNY,CN10Y
2021-04-09,15978.87,0.032121,55.1,-0.01397217967332123,399989,中证医疗,CNY,CN10Y
2021-04-12,15405.51,0.031948,53.21,-0.013154540124036832,399989,中证医疗,CNY,CN10Y
2021-04-13,15625.49,0.031626,54.03,-0.013117763834906534,399989,中证医疗,CNY,CN10Y
2021-04-14,15784.01,0.031651,54.61,-0.013339335469694194,399989,中证医疗,CNY,CN10Y
2021-04-15,15760.93,0.031728,54.47,-0.013369270424086654,399989,中证医疗,CNY,CN10Y
2021-04-16,15732.65,0.031631,54.33,-0.013224962819804894,399989,中证医疗,CNY,CN10Y
2021-04-19,16097.03,0.031559,55.48,-0.013534486661860124,399989,中证医疗,CNY,CN10Y
2021-04-20,16269.75,0.031554,56.12,-0.013735040627227368,399989,中证医疗,CNY,CN10Y
2021-04-21,16533.11,0.03153,57.03,-0.013995369103980363,399989,中证医疗,CNY,CN10Y
2021-04-22,16543.11,0.031614,56.92,-0.014045482782853131,399989,中证医疗,CNY,CN10Y
2021-04-23,17190.17,0.031719,59.53,-0.014920747018310095,399989,中证医疗,CNY,CN10Y
2021-04-25,,0.031841,59.53,-0.015042747018310099,399989,中证医疗,CNY,CN10Y
2021-04-26,17120.45,0.032024,59.13,-0.015112110941992218,399989,中证医疗,CNY,CN10Y
2021-04-27,17542.63,0.032078,60.77,-0.015622512094783613,399989,中证医疗,CNY,CN10Y
2021-04-28,17684.87,0.031979,61.43,-0.015700308806771937,399989,中证医疗,CNY,CN10Y
2021-04-29,17685.19,0.031872,61.35,-0.0155720814995925,399989,中证医疗,CNY,CN10Y
2021-04-30,17765.49,0.03164,61.82,-0.015464005176318345,399989,中证医疗,CNY,CN10Y
2021-05-06,17223.57,0.031507,43.51,-0.008523777752240863,399989,中证医疗,CNY,CN10Y
2021-05-07,16555.69,0.031589,41.77,-0.007648372755566197,399989,中证医疗,CNY,CN10Y
2021-05-08,,0.031582,41.77,-0.007641372755566197,399989,中证医疗,CNY,CN10Y
2021-05-10,16733.35,0.03146,42.29,-0.007813747930952946,399989,中证医疗,CNY,CN10Y
2021-05-11,17039.4,0.03138,43.11,-0.008183525864068661,399989,中证医疗,CNY,CN10Y
2021-05-12,17438.04,0.03131,44.08,-0.00862397459165154,399989,中证医疗,CNY,CN10Y
2021-05-13,17536.5,0.031366,44.27,-0.008777339507567202,399989,中证医疗,CNY,CN10Y
2021-05-14,17658.45,0.031422,44.64,-0.009020566308243726,399989,中证医疗,CNY,CN10Y
2021-05-17,18144.92,0.031524,46.09,-0.009827319592102413,399989,中证医疗,CNY,CN10Y
2021-05-18,18036.88,0.031457,45.61,-0.009531983556237664,399989,中证医疗,CNY,CN10Y
2021-05-19,17859.84,0.031298,43.77,-0.008451301347955222,399989,中证医疗,CNY,CN10Y
2021-05-20,18088.72,0.0310009999999999,44.39,-0.008473403694525695,399989,中证医疗,CNY,CN10Y
2021-05-21,18181.26,0.030876,43.84,-0.008065781021897811,399989,中证医疗,CNY,CN10Y
2021-05-24,18122.41,0.03085,43.6,-0.00791422018348624,399989,中证医疗,CNY,CN10Y
2021-05-25,18587.28,0.03085,44.75,-0.0085036312849162,399989,中证医疗,CNY,CN10Y
2021-05-26,18522.28,0.0306,44.35,-0.008052085682074408,399989,中证医疗,CNY,CN10Y
2021-05-27,18877.48,0.030725,45.01,-0.008507714952232834,399989,中证医疗,CNY,CN10Y
2021-05-28,18436.15,0.030825,43.92,-0.008056329690346087,399989,中证医疗,CNY,CN10Y
2021-05-31,18645.04,0.0304499999999999,44.43,-0.007942685122664765,399989,中证医疗,CNY,CN10Y
2021-06-01,19049.88,0.0304,45.49,-0.008417146625632008,399989,中证医疗,CNY,CN10Y
2021-06-02,18627.52,0.03065,44.48,-0.008167985611510789,399989,中证医疗,CNY,CN10Y
2021-06-03,18441.42,0.03055,44.03,-0.00783821258233023,399989,中证医疗,CNY,CN10Y
2021-06-04,18663.79,0.0309249999999999,44.61,-0.008508501457072305,399989,中证医疗,CNY,CN10Y
2021-06-07,18689.45,0.0311,44.61,-0.008683501457072404,399989,中证医疗,CNY,CN10Y
2021-06-08,18491.99,0.0311,43.68,-0.008206227106227107,399989,中证医疗,CNY,CN10Y
2021-06-09,18574.79,0.031051,43.89,-0.008266766689450897,399989,中证医疗,CNY,CN10Y
2021-06-10,18736.13,0.031,44.46,-0.00850787224471435,399989,中证医疗,CNY,CN10Y
2021-06-11,18518.5,0.031276,43.93,-0.008512512633735488,399989,中证医疗,CNY,CN10Y
2021-06-15,18311.98,0.031176,46.29,-0.009573062000432057,399989,中证医疗,CNY,CN10Y
2021-06-16,17588.39,0.031301,44.39,-0.008773403694525797,399989,中证医疗,CNY,CN10Y
2021-06-17,17825.68,0.031401,45.01,-0.009183714952232833,399989,中证医疗,CNY,CN10Y
2021-06-18,18157.71,0.031202,45.86,-0.009396505015263845,399989,中证医疗,CNY,CN10Y
2021-06-21,18504.06,0.0309529999999999,46.59,-0.009489166559347402,399989,中证医疗,CNY,CN10Y
2021-06-22,18991.04,0.0308769999999999,48.01,-0.010048006040408147,399989,中证医疗,CNY,CN10Y
2021-06-23,18873.95,0.030853,47.8,-0.009932497907949787,399989,中证医疗,CNY,CN10Y
2021-06-24,18544.78,0.030828,46.47,-0.009308740262534969,399989,中证医疗,CNY,CN10Y
2021-06-25,19121.73,0.030827,47.9,-0.009950173277661796,399989,中证医疗,CNY,CN10Y
2021-06-28,19395.16,0.030903,48.5,-0.010284443298969072,399989,中证医疗,CNY,CN10Y
2021-06-29,19368.06,0.030853,48.56,-0.010259919275123559,399989,中证医疗,CNY,CN10Y
2021-06-30,19424.0,0.030778,48.73,-0.010256760517135234,399989,中证医疗,CNY,CN10Y
2021-07-01,19769.21,0.030878,49.83,-0.010809768011238209,399989,中证医疗,CNY,CN10Y
2021-07-02,18740.17,0.0308029999999999,47.02,-0.009535454274776593,399989,中证医疗,CNY,CN10Y
2021-07-05,18792.3,0.030754,47.41,-0.009661403501371017,399989,中证医疗,CNY,CN10Y
2021-07-06,17863.44,0.030854,45.04,-0.008651513321492006,399989,中证医疗,CNY,CN10Y
2021-07-07,18515.07,0.030554,46.82,-0.00919560615121743,399989,中证医疗,CNY,CN10Y
2021-07-08,17945.21,0.02983,45.41,-0.00780841885047346,399989,中证医疗,CNY,CN10Y
2021-07-09,17899.94,0.030105,45.22,-0.007990891198584697,399989,中证医疗,CNY,CN10Y
2021-07-12,18449.43,0.029431,46.75,-0.008040625668449198,399989,中证医疗,CNY,CN10Y
2021-07-13,18438.85,0.029256,46.67,-0.007828959074351834,399989,中证医疗,CNY,CN10Y
2021-07-14,18638.79,0.029356,47.33,-0.008227751531798014,399989,中证医疗,CNY,CN10Y
2021-07-15,18722.6,0.029557,47.6,-0.008548596638655464,399989,中证医疗,CNY,CN10Y
2021-07-16,18113.53,0.029432,45.96,-0.0076739495213228905,399989,中证医疗,CNY,CN10Y
2021-07-19,18385.28,0.029483,46.78,-0.008106343309106454,399989,中证医疗,CNY,CN10Y
2021-07-20,18402.07,0.029258,46.63,-0.007812578597469439,399989,中证医疗,CNY,CN10Y
2021-07-21,18584.12,0.029184,47.22,-0.008006532825074124,399989,中证医疗,CNY,CN10Y
2021-07-22,18151.32,0.0292839999999999,46.11,-0.007596730427239112,399989,中证医疗,CNY,CN10Y
2021-07-23,17502.94,0.029134,44.39,-0.006606403694525795,399989,中证医疗,CNY,CN10Y
2021-07-26,16483.35,0.028711,41.63,-0.0046898613980302685,399989,中证医疗,CNY,CN10Y
2021-07-27,16135.74,0.02911,40.66,-0.004515804230201672,399989,中证医疗,CNY,CN10Y
2021-07-28,16772.01,0.029312,42.49,-0.005777050600141213,399989,中证医疗,CNY,CN10Y
2021-07-29,17203.59,0.0288399999999999,43.64,-0.005925242896425199,399989,中证医疗,CNY,CN10Y
2021-07-30,16763.81,0.028363,42.28,-0.0047111551561021744,399989,中证医疗,CNY,CN10Y
2021-08-02,17003.92,0.028212,42.87,-0.0048856645672964785,399989,中证医疗,CNY,CN10Y
2021-08-03,17682.5,0.0283369999999999,44.49,-0.005860038885142631,399989,中证医疗,CNY,CN10Y
2021-08-04,17478.14,0.028338,43.78,-0.005496519872087709,399989,中证医疗,CNY,CN10Y
2021-08-05,17303.72,0.027988,43.42,-0.004957138645785352,399989,中证医疗,CNY,CN10Y
2021-08-06,16762.66,0.0281389999999999,42.07,-0.004369092702638359,399989,中证医疗,CNY,CN10Y
2021-08-09,16867.76,0.0286149999999999,42.23,-0.004935151551029974,399989,中证医疗,CNY,CN10Y
2021-08-10,17057.35,0.028766,42.85,-0.005428777129521587,399989,中证医疗,CNY,CN10Y
2021-08-11,16718.14,0.028841,41.74,-0.004883165788212747,399989,中证医疗,CNY,CN10Y
2021-08-12,16416.97,0.0285659999999999,40.97,-0.004157896509641101,399989,中证医疗,CNY,CN10Y
2021-08-13,16305.59,0.0287919999999999,40.55,-0.0041310875462391115,399989,中证医疗,CNY,CN10Y
2021-08-16,16341.44,0.028943,40.74,-0.004397099165439372,399989,中证医疗,CNY,CN10Y
2021-08-17,15582.38,0.0288189999999999,38.79,-0.0030391598350089227,399989,中证医疗,CNY,CN10Y
2021-08-18,15609.02,0.028494,38.8,-0.0027208041237113366,399989,中证医疗,CNY,CN10Y
2021-08-19,15607.1,0.028395,38.67,-0.00253516033100595,399989,中证医疗,CNY,CN10Y
2021-08-20,14501.64,0.02852,35.53,-0.000374770616380523,399989,中证医疗,CNY,CN10Y
2021-08-23,14647.65,0.028672,36.1,-0.0009711689750692525,399989,中证医疗,CNY,CN10Y
2021-08-24,15161.6,0.028522,37.31,-0.001719534173143928,399989,中证医疗,CNY,CN10Y
2021-08-25,15356.78,0.028547,37.95,-0.0021965388669301714,399989,中证医疗,CNY,CN10Y
2021-08-26,14816.57,0.028848,36.66,-0.0015703131478450594,399989,中证医疗,CNY,CN10Y
2021-08-27,14763.14,0.028698,36.61,-0.0013830587271237392,399989,中证医疗,CNY,CN10Y
2021-08-30,14590.43,0.028505,36.13,-0.0008271699418765585,399989,中证医疗,CNY,CN10Y
2021-08-31,14406.21,0.02845,35.84,-0.0005482142857142873,399989,中证医疗,CNY,CN10Y
2021-09-01,14441.56,0.028226,38.27,-0.0020958719623726182,399989,中证医疗,CNY,CN10Y
2021-09-02,13984.61,0.028301,36.92,-0.0012154095341278433,399989,中证医疗,CNY,CN10Y
2021-09-03,14110.43,0.028327,37.26,-0.0014885673644659154,399989,中证医疗,CNY,CN10Y
2021-09-06,14909.73,0.028354,39.47,-0.003018302001520142,399989,中证医疗,CNY,CN10Y
2021-09-07,14873.38,0.0286039999999999,39.27,-0.0031392686529156145,399989,中证医疗,CNY,CN10Y
2021-09-08,14670.27,0.0287049999999999,38.59,-0.0027915509199273464,399989,中证医疗,CNY,CN10Y
2021-09-09,14713.72,0.02873,38.7,-0.0028902067183462533,399989,中证医疗,CNY,CN10Y
2021-09-10,14636.03,0.028656,38.49,-0.002675225772928034,399989,中证医疗,CNY,CN10Y
2021-09-13,14597.96,0.028908,38.39,-0.0028595498827819754,399989,中证医疗,CNY,CN10Y
2021-09-14,14864.92,0.028858,39.08,-0.0032694636642784033,399989,中证医疗,CNY,CN10Y
2021-09-15,14681.73,0.029009,38.53,-0.003055197767973007,399989,中证医疗,CNY,CN10Y
2021-09-16,14839.34,0.028885,38.99,-0.003237398050782256,399989,中证医疗,CNY,CN10Y
2021-09-17,15649.22,0.0287849999999999,41.27,-0.004554323964138501,399989,中证医疗,CNY,CN10Y
2021-09-18,,0.028717,41.27,-0.004486323964138599,399989,中证医疗,CNY,CN10Y
2021-09-22,15741.87,0.028639,41.82,-0.0047269961740793905,399989,中证医疗,CNY,CN10Y
2021-09-23,15619.7,0.028565,41.43,-0.004427901279266233,399989,中证医疗,CNY,CN10Y
2021-09-24,15793.53,0.028719,41.94,-0.004875413924654268,399989,中证医疗,CNY,CN10Y
2021-09-26,,0.028797,41.94,-0.004953413924654267,399989,中证医疗,CNY,CN10Y
2021-09-27,15942.24,0.028825,42.43,-0.005256769974074947,399989,中证医疗,CNY,CN10Y
2021-09-28,15872.34,0.028769,42.27,-0.005111559735036669,399989,中证医疗,CNY,CN10Y
2021-09-29,15666.53,0.0286459999999999,41.85,-0.004751137395459879,399989,中证医疗,CNY,CN10Y
2021-09-30,15900.27,0.028776,39.28,-0.0033177515274949096,399989,中证医疗,CNY,CN10Y
2021-10-08,15826.09,0.029131,39.0,-0.0034899743589743605,399989,中证医疗,CNY,CN10Y
2021-10-09,,0.029186,39.0,-0.00354497435897436,399989,中证医疗,CNY,CN10Y
2021-10-11,15450.14,0.02958,37.95,-0.0032295388669301706,399989,中证医疗,CNY,CN10Y
2021-10-12,15526.7,0.029657,38.31,-0.0035541547898720986,399989,中证医疗,CNY,CN10Y
2021-10-13,15860.23,0.029578,39.31,-0.004139180361231242,399989,中证医疗,CNY,CN10Y
2021-10-14,15446.16,0.029581,38.24,-0.0034303723849372393,399989,中证医疗,CNY,CN10Y
2021-10-15,15210.74,0.029683,37.84,-0.0032559386892177626,399989,中证医疗,CNY,CN10Y
2021-10-18,14905.54,0.030426,37.04,-0.0034281598272138253,399989,中证医疗,CNY,CN10Y
2021-10-19,15141.4,0.030102,37.6,-0.0035062553191489362,399989,中证医疗,CNY,CN10Y
2021-10-20,14814.94,0.0299779999999999,36.7,-0.0027300435967301494,399989,中证医疗,CNY,CN10Y
2021-10-21,14861.36,0.029702,36.83,-0.002550221558512082,399989,中证医疗,CNY,CN10Y
2021-10-22,14791.93,0.0299529999999999,36.61,-0.0026380587271236378,399989,中证医疗,CNY,CN10Y
2021-10-25,14997.3,0.029879,37.02,-0.0028665742841707184,399989,中证医疗,CNY,CN10Y
2021-10-26,14939.2,0.02978,36.92,-0.0026944095341278444,399989,中证医疗,CNY,CN10Y
2021-10-27,14632.54,0.029781,36.16,-0.002126132743362829,399989,中证医疗,CNY,CN10Y
2021-10-28,14591.64,0.029682,35.97,-0.0018810547678621073,399989,中证医疗,CNY,CN10Y
2021-10-29,14924.3,0.0297319999999999,36.87,-0.0026096783292648834,399989,中证医疗,CNY,CN10Y
2021-11-01,14531.52,0.029435,40.03,-0.004453735948038971,399989,中证医疗,CNY,CN10Y
2021-11-02,14438.81,0.029259,39.87,-0.004177485076498618,399989,中证医疗,CNY,CN10Y
2021-11-03,14581.45,0.0293849999999999,40.24,-0.004534105367793143,399989,中证医疗,CNY,CN10Y
2021-11-04,14483.66,0.029261,40.08,-0.004310900199600797,399989,中证医疗,CNY,CN10Y
2021-11-05,14462.76,0.028911,40.11,-0.003979561455996011,399989,中证医疗,CNY,CN10Y
2021-11-08,14111.92,0.029013,38.94,-0.0033324658448895712,399989,中证医疗,CNY,CN10Y
2021-11-09,14343.76,0.028988,39.5,-0.0036715443037974686,399989,中证医疗,CNY,CN10Y
2021-11-10,14391.17,0.0291389999999999,39.61,-0.0038928500378691243,399989,中证医疗,CNY,CN10Y
2021-11-11,14492.1,0.029365,39.94,-0.004327443665498244,399989,中证医疗,CNY,CN10Y
2021-11-12,14425.65,0.0293909999999999,39.75,-0.004233767295597383,399989,中证医疗,CNY,CN10Y
2021-11-15,14641.95,0.029269,40.34,-0.004479708973723354,399989,中证医疗,CNY,CN10Y
2021-11-16,15049.18,0.029244,41.65,-0.005234396158463384,399989,中证医疗,CNY,CN10Y
2021-11-17,14982.51,0.029295,41.54,-0.005221817525276843,399989,中证医疗,CNY,CN10Y
2021-11-18,14600.82,0.029146,40.52,-0.004466829220138205,399989,中证医疗,CNY,CN10Y
2021-11-19,14586.23,0.029302,40.46,-0.0045862313395946645,399989,中证医疗,CNY,CN10Y
2021-11-22,14514.27,0.028876,40.14,-0.00396319481813652,399989,中证医疗,CNY,CN10Y
2021-11-23,14525.64,0.028875,40.05,-0.0039062109862671654,399989,中证医疗,CNY,CN10Y
2021-11-24,14648.36,0.0286,40.39,-0.003841396385243872,399989,中证医疗,CNY,CN10Y
2021-11-25,14777.45,0.02855,40.78,-0.004028175576262873,399989,中证医疗,CNY,CN10Y
2021-11-26,14793.79,0.0282,40.78,-0.003678175576262873,399989,中证医疗,CNY,CN10Y
2021-11-29,14716.51,0.02825,40.56,-0.003595167652859964,399989,中证医疗,CNY,CN10Y
2021-11-30,14705.35,0.02825,40.52,-0.0035708292201382073,399989,中证医疗,CNY,CN10Y
2021-12-01,14523.25,0.028401,40.02,-0.0034134937531234387,399989,中证医疗,CNY,CN10Y
2021-12-02,14253.73,0.028601,39.19,-0.0030842865526920123,399989,中证医疗,CNY,CN10Y
2021-12-03,14339.43,0.0287009999999999,39.54,-0.0034101552857864446,399989,中证医疗,CNY,CN10Y
2021-12-06,14092.1,0.028176,38.82,-0.0024160824317362196,399989,中证医疗,CNY,CN10Y
2021-12-07,14133.54,0.028451,38.97,-0.0027902353092122134,399989,中证医疗,CNY,CN10Y
2021-12-08,14319.81,0.028551,39.52,-0.0032473562753036443,399989,中证医疗,CNY,CN10Y
2021-12-09,14712.67,0.028526,40.74,-0.003980099165439371,399989,中证医疗,CNY,CN10Y
2021-12-10,14588.78,0.028426,40.51,-0.0037407371019501333,399989,中证医疗,CNY,CN10Y
2021-12-13,14514.08,0.028552,41.44,-0.004420725868725869,399989,中证医疗,CNY,CN10Y
2021-12-14,14576.87,0.028477,41.61,-0.00444431554914684,399989,中证医疗,CNY,CN10Y
2021-12-15,14012.87,0.028502,39.94,-0.0034644436654982444,399989,中证医疗,CNY,CN10Y
2021-12-16,14090.7,0.0285769999999999,40.17,-0.0036828003485186965,399989,中证医疗,CNY,CN10Y
2021-12-17,13898.75,0.028512,39.54,-0.0032211552857865436,399989,中证医疗,CNY,CN10Y
2021-12-20,13564.9,0.028533,38.69,-0.002686528043422072,399989,中证医疗,CNY,CN10Y
2021-12-21,13755.46,0.028508,39.23,-0.0030173041040020346,399989,中证医疗,CNY,CN10Y
2021-12-22,13755.39,0.028303,39.2,-0.002792795918367348,399989,中证医疗,CNY,CN10Y
2021-12-23,13646.73,0.0281429999999999,38.9,-0.0024360591259639103,399989,中证医疗,CNY,CN10Y
2021-12-24,13593.35,0.028203,38.73,-0.0023832220500903667,399989,中证医疗,CNY,CN10Y
2021-12-27,13733.39,0.028128,39.01,-0.0024935472955652377,399989,中证医疗,CNY,CN10Y
2021-12-28,13912.0,0.0280039999999999,39.58,-0.0027387145022737744,399989,中证医疗,CNY,CN10Y
2021-12-29,13905.98,0.027854,39.48,-0.0025247193515704133,399989,中证医疗,CNY,CN10Y
2021-12-30,14069.51,0.027654,39.89,-0.0025850604161444003,399989,中证医疗,CNY,CN10Y
2021-12-31,13952.72,0.0277539999999999,39.56,-0.0024759413549038448,399989,中证医疗,CNY,CN10Y
2022-01-04,13395.92,0.0278549999999999,37.74,-0.0013579146793851714,399989,中证医疗,CNY,CN10Y
2022-01-05,13183.88,0.028045,37.25,-0.0011993624161073836,399989,中证医疗,CNY,CN10Y
2022-01-06,12926.15,0.028205,36.5,-0.0008077397260273997,399989,中证医疗,CNY,CN10Y
2022-01-07,12819.38,0.0281809999999999,36.14,-0.0005108284449362593,399989,中证医疗,CNY,CN10Y
2022-01-10,13011.06,0.028056,36.68,-0.0007931864776444947,399989,中证医疗,CNY,CN10Y
2022-01-11,12913.49,0.027957,36.42,-0.0004995590334980794,399989,中证医疗,CNY,CN10Y
2022-01-12,13195.71,0.027957,37.34,-0.0011760680235672234,399989,中证医疗,CNY,CN10Y
2022-01-13,13007.87,0.027858,36.75,-0.0006471156462585052,399989,中证医疗,CNY,CN10Y
2022-01-14,13200.3,0.0279349999999999,37.31,-0.0011325341731438301,399989,中证医疗,CNY,CN10Y
2022-01-17,13205.43,0.02786,37.42,-0.0011363228220203116,399989,中证医疗,CNY,CN10Y
2022-01-18,13029.56,0.027415,37.09,-0.00045355486654084787,399989,中证医疗,CNY,CN10Y
2022-01-19,12755.85,0.0273139999999999,36.3,0.00023420936639128448,399989,中证医疗,CNY,CN10Y
2022-01-20,12636.79,0.027271,36.08,0.0004451862527716198,399989,中证医疗,CNY,CN10Y
2022-01-21,12260.73,0.0271,35.05,0.0014306704707560645,399989,中证医疗,CNY,CN10Y
2022-01-24,12299.66,0.026751,35.27,0.0016017076835837807,399989,中证医疗,CNY,CN10Y
2022-01-25,12003.71,0.026979,34.58,0.0019394499710815513,399989,中证医疗,CNY,CN10Y
2022-01-26,11736.79,0.027146,33.8,0.0024397988165680493,399989,中证医疗,CNY,CN10Y
2022-01-27,11504.16,0.0273479999999999,33.18,0.0027906377335745434,399989,中证医疗,CNY,CN10Y
2022-01-28,11448.26,0.027021,32.98,0.0033004069132807796,399989,中证医疗,CNY,CN10Y
2022-01-29,,0.027013,32.98,0.0033084069132807807,399989,中证医疗,CNY,CN10Y
2022-01-30,,0.026997,32.98,0.0033244069132807794,399989,中证医疗,CNY,CN10Y
2022-02-07,11554.56,0.027256,33.37,0.0027110362601138784,399989,中证医疗,CNY,CN10Y
2022-02-08,11297.59,0.027227,32.47,0.003570659377887281,399989,中证医疗,CNY,CN10Y
2022-02-09,11354.25,0.027328,32.6,0.0033468466257668694,399989,中证医疗,CNY,CN10Y
2022-02-10,11076.04,0.027328,31.79,0.004128432840515884,399989,中证医疗,CNY,CN10Y
2022-02-11,10700.01,0.027891,30.55,0.004842224222585928,399989,中证医疗,CNY,CN10Y
2022-02-14,10845.12,0.028018,30.9,0.004344459546925569,399989,中证医疗,CNY,CN10Y
2022-02-15,11450.14,0.027968,32.77,0.0025477155935306646,399989,中证医疗,CNY,CN10Y
2022-02-16,11513.99,0.027892,33.04,0.0023743438256658596,399989,中证医疗,CNY,CN10Y
2022-02-17,11502.32,0.027799,33.06,0.0024490338777979417,399989,中证医疗,CNY,CN10Y
2022-02-18,11556.66,0.027975,33.19,0.002154557095510698,399989,中证医疗,CNY,CN10Y
2022-02-21,11546.84,0.0283,33.15,0.001865912518853697,399989,中证医疗,CNY,CN10Y
2022-02-22,11329.38,0.0282,32.57,0.0025031010132023322,399989,中证医疗,CNY,CN10Y
2022-02-23,11565.14,0.0279,33.24,0.002184235860409143,399989,中证医疗,CNY,CN10Y
2022-02-24,11304.48,0.027875,32.56,0.0028375307125307093,399989,中证医疗,CNY,CN10Y
2022-02-25,11852.48,0.02775,34.07,0.001601335485764601,399989,中证医疗,CNY,CN10Y
2022-02-28,11928.99,0.02775,34.28,0.0014215285880980165,399989,中证医疗,CNY,CN10Y
2022-03-01,11961.78,0.028025,34.39,0.001053220412910727,399989,中证医疗,CNY,CN10Y
2022-03-02,11810.85,0.028175,33.95,0.0012800810014727514,399989,中证医疗,CNY,CN10Y
2022-03-03,11691.26,0.0283,33.58,0.0014796307325789203,399989,中证医疗,CNY,CN10Y
2022-03-04,11686.92,0.028125,33.53,0.0016990381747688625,399989,中证医疗,CNY,CN10Y
2022-03-07,11284.88,0.028126,32.42,0.0027191573103022802,399989,中证医疗,CNY,CN10Y
2022-03-08,10973.16,0.028276,31.62,0.003349553447185325,399989,中证医疗,CNY,CN10Y
2022-03-09,10651.02,0.028426,30.76,0.004083752925877759,399989,中证医疗,CNY,CN10Y
2022-03-10,11145.1,0.028502,32.11,0.0026409461227032104,399989,中证医疗,CNY,CN10Y
2022-03-11,11441.58,0.027902,32.84,0.002548669914738122,399989,中证医疗,CNY,CN10Y
2022-03-14,11193.97,0.027677,32.11,0.0034659461227032097,399989,中证医疗,CNY,CN10Y
2022-03-15,10626.19,0.0281769999999999,30.56,0.004545513089005335,399989,中证医疗,CNY,CN10Y
2022-03-16,10849.56,0.0279519999999999,31.31,0.003986677738741715,399989,中证医疗,CNY,CN10Y
2022-03-17,11238.13,0.0278759999999999,32.54,0.002855407498463528,399989,中证医疗,CNY,CN10Y
2022-03-18,11190.66,0.027927,32.45,0.002889640986132508,399989,中证医疗,CNY,CN10Y
2022-03-21,11240.05,0.028127,32.57,0.0025761010132023324,399989,中证医疗,CNY,CN10Y
2022-03-22,10972.78,0.028302,31.84,0.0031050351758793934,399989,中证医疗,CNY,CN10Y
2022-03-23,11356.17,0.028302,32.91,0.002083900941962931,399989,中证医疗,CNY,CN10Y
2022-03-24,11622.83,0.028052,33.7,0.0016215905044510356,399989,中证医疗,CNY,CN10Y
2022-03-25,11211.36,0.027972,32.48,0.0028161773399014815,399989,中证医疗,CNY,CN10Y
2022-03-28,11160.21,0.0279029999999999,32.27,0.0030855342423304344,399989,中证医疗,CNY,CN10Y
2022-03-29,11222.95,0.027853,32.42,0.0029921573103022826,399989,中证医疗,CNY,CN10Y
2022-03-30,11609.49,0.027703,33.58,0.0020766307325789206,399989,中证医疗,CNY,CN10Y
2022-03-31,11537.65,0.027878,33.42,0.0020442022740873728,399989,中证医疗,CNY,CN10Y
2022-04-01,11458.77,0.027743,33.19,0.0023865570955106975,399989,中证医疗,CNY,CN10Y
2022-04-02,,0.027714,33.19,0.0024155570955106988,399989,中证医疗,CNY,CN10Y
2022-04-06,11388.98,0.027604,32.95,0.002745013657056143,399989,中证医疗,CNY,CN10Y
2022-04-07,11209.99,0.0273939999999999,32.54,0.003337407498463528,399989,中证医疗,CNY,CN10Y
2022-04-08,11068.04,0.0275289999999999,32.18,0.003546201988813027,399989,中证医疗,CNY,CN10Y
2022-04-11,10862.85,0.0276799999999999,31.7,0.0038657413249212347,399989,中证医疗,CNY,CN10Y
2022-04-12,11264.16,0.027705,32.9,0.002690136778115502,399989,中证医疗,CNY,CN10Y
2022-04-13,10983.36,0.027631,32.15,0.0034731990668740303,399989,中证医疗,CNY,CN10Y
2022-04-14,11241.71,0.027656,32.75,0.0028783511450381667,399989,中证医疗,CNY,CN10Y
2022-04-15,11338.54,0.027578,33.17,0.002569723846849562,399989,中证医疗,CNY,CN10Y
2022-04-18,11311.21,0.028107,33.08,0.0021227460701330123,399989,中证医疗,CNY,CN10Y
2022-04-19,11022.48,0.028208,32.16,0.0028865273631840833,399989,中证医疗,CNY,CN10Y
2022-04-20,10791.88,0.02833,31.37,0.003547590054191904,399989,中证医疗,CNY,CN10Y
2022-04-21,10517.98,0.028259,30.4,0.004635736842105262,399989,中证医疗,CNY,CN10Y
2022-04-22,10657.87,0.028409,30.8,0.004058532467532464,399989,中证医疗,CNY,CN10Y
2022-04-24,,0.028335,30.8,0.004132532467532465,399989,中证医疗,CNY,CN10Y
2022-04-25,10147.97,0.0281599999999999,29.42,0.005830482664853941,399989,中证医疗,CNY,CN10Y
2022-04-26,10368.8,0.02826,30.26,0.0047869266358228635,399989,中证医疗,CNY,CN10Y
2022-04-27,10606.88,0.028411,30.9,0.003951459546925572,399989,中证医疗,CNY,CN10Y
2022-04-28,10414.16,0.0284859999999999,30.46,0.004343940906106465,399989,中证医疗,CNY,CN10Y
2022-04-29,10628.49,0.028386,30.95,0.003924177705977382,399989,中证医疗,CNY,CN10Y
2022-05-05,10613.24,0.0282819999999999,32.83,0.0021779451720987907,399989,中证医疗,CNY,CN10Y
2022-05-06,10448.5,0.028273,32.23,0.0027539934843313733,399989,中证医疗,CNY,CN10Y
2022-05-07,,0.0282629999999999,32.23,0.0027639934843314735,399989,中证医疗,CNY,CN10Y
2022-05-09,10253.81,0.028154,31.61,0.003481558367605192,399989,中证医疗,CNY,CN10Y
2022-05-10,10413.71,0.028089,32.1,0.0030636479750778822,399989,中证医疗,CNY,CN10Y
2022-05-11,10628.84,0.0282399999999999,32.76,0.002285030525030627,399989,中证医疗,CNY,CN10Y
2022-05-12,10765.23,0.028055,33.2,0.0020654819277108397,399989,中证医疗,CNY,CN10Y
2022-05-13,10766.04,0.02814,33.16,0.0020168154402895114,399989,中证医疗,CNY,CN10Y
2022-05-16,10518.91,0.028216,32.44,0.002610140567200988,399989,中证医疗,CNY,CN10Y
2022-05-17,10548.68,0.028178,32.57,0.00252510101320233,399989,中证医疗,CNY,CN10Y
2022-05-18,10389.03,0.027801,32.08,0.003371069825436411,399989,中证医疗,CNY,CN10Y
2022-05-19,10366.17,0.027774,32.01,0.0034662374258044373,399989,中证医疗,CNY,CN10Y
2022-05-20,10653.37,0.0279,32.92,0.0024766707168894266,399989,中证医疗,CNY,CN10Y
2022-05-23,10638.52,0.027675,32.83,0.00278494517209869,399989,中证医疗,CNY,CN10Y
2022-05-24,10200.7,0.02765,31.51,0.004085956839098695,399989,中证医疗,CNY,CN10Y
2022-05-25,10243.13,0.027575,31.61,0.004060558367605192,399989,中证医疗,CNY,CN10Y
2022-05-26,10111.02,0.0271,31.01,0.0051476620445017746,399989,中证医疗,CNY,CN10Y
2022-05-27,10211.39,0.026974,31.36,0.004913755102040816,399989,中证医疗,CNY,CN10Y
2022-05-30,10316.93,0.027225,31.22,0.004805749519538757,399989,中证医疗,CNY,CN10Y
2022-05-31,10649.42,0.027426,32.09,0.003736355874104081,399989,中证医疗,CNY,CN10Y
2022-06-01,10596.08,0.027551,31.43,0.0042657356029271384,399989,中证医疗,CNY,CN10Y
2022-06-02,10434.51,0.027601,30.95,0.004709177705977383,399989,中证医疗,CNY,CN10Y
2022-06-06,10762.03,0.027776,31.9,0.0035719623824451464,399989,中证医疗,CNY,CN10Y
2022-06-07,10920.54,0.027576,32.43,0.0032596460067838423,399989,中证医疗,CNY,CN10Y
2022-06-08,11156.76,0.0276609999999999,33.0,0.002642030303030403,399989,中证医疗,CNY,CN10Y
2022-06-09,10883.35,0.027576,32.2,0.0034799006211180088,399989,中证医疗,CNY,CN10Y
2022-06-10,10971.56,0.027526,32.36,0.0033763485784919674,399989,中证医疗,CNY,CN10Y
2022-06-13,10746.73,0.027652,26.16,0.0105742996941896,399989,中证医疗,CNY,CN10Y
2022-06-14,10760.29,0.027702,26.0,0.010759538461538463,399989,中证医疗,CNY,CN10Y
2022-06-15,10823.7,0.027827,26.15,0.010413917782026768,399989,中证医疗,CNY,CN10Y
2022-06-16,10981.05,0.027728,25.84,0.010971690402476784,399989,中证医疗,CNY,CN10Y
2022-06-17,11283.97,0.027752,26.58,0.009870272385252073,399989,中证医疗,CNY,CN10Y
2022-06-20,11425.82,0.027853,26.93,0.009280308577794282,399989,中证医疗,CNY,CN10Y
2022-06-21,11367.68,0.027853,26.79,0.009474360955580446,399989,中证医疗,CNY,CN10Y
2022-06-22,11205.87,0.027773,26.41,0.010091445285876563,399989,中证医疗,CNY,CN10Y
2022-06-23,11220.86,0.027803,26.45,0.010004183364839318,399989,中证医疗,CNY,CN10Y
2022-06-24,11552.03,0.027978,27.22,0.008759692872887585,399989,中证医疗,CNY,CN10Y
2022-06-27,11692.69,0.028329,27.53,0.00799501017072285,399989,中证医疗,CNY,CN10Y
2022-06-28,11620.95,0.028414,27.33,0.008175828027808276,399989,中证医疗,CNY,CN10Y
2022-06-29,11606.66,0.028294,27.3,0.008336036630036632,399989,中证医疗,CNY,CN10Y
2022-06-30,11899.46,0.028205,27.95,0.0075731753130590315,399989,中证医疗,CNY,CN10Y
2022-07-01,11786.39,0.028255,27.67,0.00788522406938923,399989,中证医疗,CNY,CN10Y
2022-07-04,12348.98,0.028445,29.06,0.005966562284927732,399989,中证医疗,CNY,CN10Y
2022-07-05,12420.16,0.028333,29.21,0.005901851078397805,399989,中证医疗,CNY,CN10Y
2022-07-06,12251.69,0.028356,28.8,0.0063662222222222245,399989,中证医疗,CNY,CN10Y
2022-07-07,11977.29,0.028356,28.18,0.007130160397444997,399989,中证医疗,CNY,CN10Y
2022-07-08,12051.22,0.028384,28.34,0.006901815102328866,399989,中证医疗,CNY,CN10Y
2022-07-11,11896.17,0.028266,27.77,0.007744082823190494,399989,中证医疗,CNY,CN10Y
2022-07-12,11516.73,0.028117,26.9,0.00905772118959108,399989,中证医疗,CNY,CN10Y
2022-07-13,11534.55,0.028067,27.03,0.008928930447650758,399989,中证医疗,CNY,CN10Y
2022-07-14,11842.11,0.027907,27.68,0.008220167630057805,399989,中证医疗,CNY,CN10Y
2022-07-15,11591.51,0.027857,27.14,0.008988983787767135,399989,中证医疗,CNY,CN10Y
2022-07-18,11526.62,0.027837,26.92,0.009310102526002971,399989,中证医疗,CNY,CN10Y
2022-07-19,11381.57,0.027859,26.55,0.009805783427495291,399989,中证医疗,CNY,CN10Y
2022-07-20,11553.69,0.02771,26.96,0.009381988130563797,399989,中证医疗,CNY,CN10Y
2022-07-21,11508.89,0.027635,26.77,0.00972024841240194,399989,中证医疗,CNY,CN10Y
2022-07-22,11324.76,0.02787,26.36,0.010066267071320183,399989,中证医疗,CNY,CN10Y
2022-07-25,11310.63,0.02779,26.32,0.010203920972644377,399989,中证医疗,CNY,CN10Y
2022-07-26,11305.11,0.0277,26.34,0.010265072133637056,399989,中证医疗,CNY,CN10Y
2022-07-27,11169.65,0.0277009999999999,26.04,0.01070145775729657,399989,中证医疗,CNY,CN10Y
2022-07-28,11082.67,0.02785,25.78,0.010939759503491076,399989,中证医疗,CNY,CN10Y
2022-07-29,10784.61,0.0275599999999999,25.11,0.012264771007566806,399989,中证医疗,CNY,CN10Y
2022-08-01,10886.33,0.027292,25.35,0.012155731755424063,399989,中证医疗,CNY,CN10Y
2022-08-02,10616.28,0.0273139999999999,24.75,0.013090040404040507,399989,中证医疗,CNY,CN10Y
2022-08-03,10620.36,0.027218,24.81,0.013088328093510682,399989,中证医疗,CNY,CN10Y
2022-08-04,10804.59,0.0271919999999999,25.18,0.01252205877680709,399989,中证医疗,CNY,CN10Y
2022-08-05,10993.25,0.027339,25.62,0.011693006245121002,399989,中证医疗,CNY,CN10Y
2022-08-08,10896.42,0.027409,25.34,0.01205429913180742,399989,中证医疗,CNY,CN10Y
2022-08-09,10823.9,0.0274,25.18,0.01231405877680699,399989,中证医疗,CNY,CN10Y
2022-08-10,10613.65,0.027366,24.68,0.013152638573743922,399989,中证医疗,CNY,CN10Y
2022-08-11,10958.82,0.027317,25.47,0.011944876717707109,399989,中证医疗,CNY,CN10Y
2022-08-12,10957.53,0.027347,25.46,0.01193029772191673,399989,中证医疗,CNY,CN10Y
2022-08-15,10759.94,0.0265819999999999,25.0,0.0134180000000001,399989,中证医疗,CNY,CN10Y
2022-08-16,10655.35,0.0263459999999999,24.76,0.014041722132471828,399989,中证医疗,CNY,CN10Y
2022-08-17,10737.26,0.026124,24.96,0.01394010256410256,399989,中证医疗,CNY,CN10Y
2022-08-18,10563.14,0.0258,24.54,0.014949796251018745,399989,中证医疗,CNY,CN10Y
2022-08-19,10460.87,0.025875,24.31,0.015260335252982312,399989,中证医疗,CNY,CN10Y
2022-08-22,10517.42,0.0259249999999999,24.5,0.014891326530612342,399989,中证医疗,CNY,CN10Y
2022-08-23,10345.45,0.026075,24.09,0.01543600041511,399989,中证医疗,CNY,CN10Y
2022-08-24,10191.07,0.0260999999999999,23.75,0.016005263157894835,399989,中证医疗,CNY,CN10Y
2022-08-25,10320.47,0.0263899999999999,24.03,0.01522464835622149,399989,中证医疗,CNY,CN10Y
2022-08-26,10347.93,0.02643,24.1,0.015063775933609958,399989,中证医疗,CNY,CN10Y
2022-08-29,10245.01,0.026225,23.83,0.01573891103650861,399989,中证医疗,CNY,CN10Y
2022-08-30,10267.37,0.02613,23.88,0.015746046901172532,399989,中证医疗,CNY,CN10Y
2022-08-31,10412.39,0.026225,24.22,0.015063191577208923,399989,中证医疗,CNY,CN10Y
2022-09-01,10345.8,0.026125,25.03,0.013827057530962843,399989,中证医疗,CNY,CN10Y
2022-09-02,10254.05,0.026226,24.83,0.01404786226339106,399989,中证医疗,CNY,CN10Y
2022-09-05,10119.25,0.02618,24.5,0.014636326530612243,399989,中证医疗,CNY,CN10Y
2022-09-06,10095.12,0.02614,24.42,0.014810040950040949,399989,中证医疗,CNY,CN10Y
2022-09-07,10071.86,0.026215,24.38,0.014802227235438888,399989,中证医疗,CNY,CN10Y
2022-09-08,10019.62,0.0262559999999999,24.25,0.014981113402061954,399989,中证医疗,CNY,CN10Y
2022-09-09,10303.22,0.02635,24.95,0.013730160320641283,399989,中证医疗,CNY,CN10Y
2022-09-13,10045.82,0.026427,24.32,0.014691421052631583,399989,中证医疗,CNY,CN10Y
2022-09-14,10016.4,0.026625,24.26,0.014595115416323166,399989,中证医疗,CNY,CN10Y
2022-09-15,9941.31,0.026625,24.11,0.0148515657403567,399989,中证医疗,CNY,CN10Y
2022-09-16,9662.97,0.02673,23.49,0.015841306939123032,399989,中证医疗,CNY,CN10Y
2022-09-19,9470.91,0.02675,22.94,0.016841979075850045,399989,中证医疗,CNY,CN10Y
2022-09-20,9469.11,0.02664,22.92,0.01699001745200698,399989,中证医疗,CNY,CN10Y
2022-09-21,9222.76,0.026451,22.22,0.018553500450045005,399989,中证医疗,CNY,CN10Y
2022-09-22,9068.53,0.026501,21.86,0.019244654162854532,399989,中证医疗,CNY,CN10Y
2022-09-23,8974.46,0.026802,21.62,0.019451469010175762,399989,中证医疗,CNY,CN10Y
2022-09-26,9032.91,0.0271539999999999,21.83,0.01865452038479167,399989,中证医疗,CNY,CN10Y
2022-09-27,9523.2,0.027051,23.05,0.016332947939262474,399989,中证医疗,CNY,CN10Y
2022-09-28,9476.86,0.027401,22.98,0.01611510095735422,399989,中证医疗,CNY,CN10Y
2022-09-29,9651.38,0.027501,23.43,0.015179324370465212,399989,中证医疗,CNY,CN10Y
2022-09-30,9618.54,0.027601,23.35,0.015225552462526763,399989,中证医疗,CNY,CN10Y
2022-10-08,,0.0276259999999999,23.35,0.015200552462526863,399989,中证医疗,CNY,CN10Y
2022-10-09,,0.027452,23.35,0.015374552462526763,399989,中证医疗,CNY,CN10Y
2022-10-10,9328.93,0.027402,22.74,0.016573373790677224,399989,中证医疗,CNY,CN10Y
2022-10-11,9215.64,0.027426,22.51,0.0169987001332741,399989,中证医疗,CNY,CN10Y
2022-10-12,9284.29,0.0273519999999999,22.64,0.016817611307420596,399989,中证医疗,CNY,CN10Y
2022-10-13,9509.28,0.027252,23.15,0.01594454427645789,399989,中证医疗,CNY,CN10Y
2022-10-14,10406.6,0.026977,25.41,0.01237758480913026,399989,中证医疗,CNY,CN10Y
2022-10-17,10487.25,0.027002,25.49,0.012229071008238526,399989,中证医疗,CNY,CN10Y
2022-10-18,10614.68,0.027002,25.78,0.011787759503491074,399989,中证医疗,CNY,CN10Y
2022-10-19,10446.92,0.027052,25.37,0.012364633819471817,399989,中证医疗,CNY,CN10Y
2022-10-20,10495.63,0.0271749999999999,25.51,0.01202531360250892,399989,中证医疗,CNY,CN10Y
2022-10-21,10449.42,0.0272779999999999,25.37,0.012138633819471917,399989,中证医疗,CNY,CN10Y
2022-10-24,10061.96,0.027153,24.46,0.013730074407195422,399989,中证医疗,CNY,CN10Y
2022-10-25,9836.52,0.0272779999999999,23.89,0.014580518208455517,399989,中证医疗,CNY,CN10Y
2022-10-26,10406.29,0.027025,25.26,0.012563281868566901,399989,中证医疗,CNY,CN10Y
2022-10-27,10184.03,0.026953,24.73,0.013483716538617064,399989,中证医疗,CNY,CN10Y
2022-10-28,9988.39,0.0266529999999999,24.36,0.014397903119868737,399989,中证医疗,CNY,CN10Y
2022-10-31,9867.39,0.0264329999999999,24.06,0.015129759767248646,399989,中证医疗,CNY,CN10Y
2022-11-01,10169.22,0.026629,23.5,0.0159241914893617,399989,中证医疗,CNY,CN10Y
2022-11-02,10340.33,0.026854,23.88,0.015022046901172533,399989,中证医疗,CNY,CN10Y
2022-11-03,10348.35,0.026776,23.9,0.015065004184100422,399989,中证医疗,CNY,CN10Y
2022-11-04,10548.22,0.027023,24.31,0.014112335252982312,399989,中证医疗,CNY,CN10Y
2022-11-07,10553.17,0.027003,24.3,0.014149263374485598,399989,中证医疗,CNY,CN10Y
2022-11-08,10378.94,0.026853,23.91,0.014970504809703054,399989,中证医疗,CNY,CN10Y
2022-11-09,10317.68,0.026953,23.68,0.015276729729729727,399989,中证医疗,CNY,CN10Y
2022-11-10,10251.54,0.027028,23.5,0.015525191489361701,399989,中证医疗,CNY,CN10Y
2022-11-11,10361.73,0.027354,23.75,0.014751263157894736,399989,中证医疗,CNY,CN10Y
2022-11-14,10585.69,0.028354,24.3,0.012798263374485596,399989,中证医疗,CNY,CN10Y
2022-11-15,10679.52,0.028155,24.55,0.012578197556008149,399989,中证医疗,CNY,CN10Y
2022-11-16,10707.68,0.028329,24.58,0.012354482506102528,399989,中证医疗,CNY,CN10Y
2022-11-17,10646.59,0.028026,24.46,0.012857074407195423,399989,中证医疗,CNY,CN10Y
2022-11-18,10734.91,0.02825,24.77,0.012121417036737987,399989,中证医疗,CNY,CN10Y
2022-11-21,10633.08,0.02818,24.53,0.012586408479412965,399989,中证医疗,CNY,CN10Y
2022-11-22,10335.79,0.028276,23.89,0.013582518208455418,399989,中证医疗,CNY,CN10Y
2022-11-23,10178.19,0.027975,23.49,0.014596306939123033,399989,中证医疗,CNY,CN10Y
2022-11-24,10249.08,0.02795,23.68,0.01427972972972973,399989,中证医疗,CNY,CN10Y
2022-11-25,10159.46,0.0283,23.57,0.014126813746287652,399989,中证医疗,CNY,CN10Y
2022-11-28,9997.95,0.0286,23.19,0.014522035360068991,399989,中证医疗,CNY,CN10Y
2022-11-29,10266.86,0.0288,23.8,0.013216806722689073,399989,中证医疗,CNY,CN10Y
2022-11-30,10214.72,0.0288499999999999,23.72,0.01330851602023619,399989,中证医疗,CNY,CN10Y
2022-12-01,10364.84,0.0286,24.07,0.012945492314083921,399989,中证医疗,CNY,CN10Y
2022-12-02,10314.02,0.028676,23.88,0.013200046901172532,399989,中证医疗,CNY,CN10Y
2022-12-05,10341.95,0.028902,23.92,0.012904020066889631,399989,中证医疗,CNY,CN10Y
2022-12-06,10314.95,0.029152,23.83,0.012811911036508607,399989,中证医疗,CNY,CN10Y
2022-12-07,10340.16,0.028702,23.8,0.013314806722689074,399989,中证医疗,CNY,CN10Y
2022-12-08,10335.32,0.028853,23.85,0.013075721174004188,399989,中证医疗,CNY,CN10Y
2022-12-09,10437.52,0.0289029999999999,24.04,0.0126943377703828,399989,中证医疗,CNY,CN10Y
2022-12-12,10435.62,0.028902,23.97,0.012816815185648731,399989,中证医疗,CNY,CN10Y
2022-12-13,10296.01,0.028952,23.71,0.013224296921130321,399989,中证医疗,CNY,CN10Y
2022-12-14,10258.81,0.028655,23.61,0.013699934349851756,399989,中证医疗,CNY,CN10Y
2022-12-15,10264.61,0.0288289999999999,23.58,0.013579821034775338,399989,中证医疗,CNY,CN10Y
2022-12-16,10243.82,0.028856,23.56,0.013588821731748732,399989,中证医疗,CNY,CN10Y
2022-12-19,9986.97,0.028632,22.99,0.014865172683775556,399989,中证医疗,CNY,CN10Y
2022-12-20,9778.65,0.028732,22.54,0.015633572315882874,399989,中证医疗,CNY,CN10Y
2022-12-21,9790.01,0.028606,22.59,0.015661374944665782,399989,中证医疗,CNY,CN10Y
2022-12-22,9941.17,0.0285029999999999,22.92,0.01512701745200708,399989,中证医疗,CNY,CN10Y
2022-12-23,10119.34,0.028251,23.32,0.01463064665523156,399989,中证医疗,CNY,CN10Y
2022-12-26,10086.21,0.028378,23.23,0.014669783039173483,399989,中证医疗,CNY,CN10Y
2022-12-27,10302.4,0.028657,23.69,0.013554903756859433,399989,中证医疗,CNY,CN10Y
2022-12-28,10332.37,0.0285029999999999,23.74,0.013619999157540117,399989,中证医疗,CNY,CN10Y
2022-12-29,10452.92,0.028376,24.01,0.013273312786339024,399989,中证医疗,CNY,CN10Y
2022-12-30,10451.12,0.028353,23.98,0.013348417848206836,399989,中证医疗,CNY,CN10Y
2022-12-31,,0.028353,23.98,0.013348417848206836,399989,中证医疗,CNY,CN10Y
2023-01-03,10396.67,0.028228,23.84,0.013718308724832217,399989,中证医疗,CNY,CN10Y
2023-01-04,10512.15,0.028103,24.12,0.013356369817578772,399989,中证医疗,CNY,CN10Y
2023-01-05,10776.07,0.028304,24.74,0.01211637186742118,399989,中证医疗,CNY,CN10Y
2023-01-06,10691.61,0.028328,24.56,0.012388612377850168,399989,中证医疗,CNY,CN10Y
2023-01-09,10773.61,0.028428,24.7,0.012057829959514172,399989,中证医疗,CNY,CN10Y
2023-01-10,10910.38,0.028602,25.1,0.011238637450199204,399989,中证医疗,CNY,CN10Y
2023-01-11,10845.62,0.028603,24.94,0.011493230954290296,399989,中证医疗,CNY,CN10Y
2023-01-12,10832.46,0.028778,24.88,0.011414926045016077,399989,中证医疗,CNY,CN10Y
2023-01-13,11136.12,0.0290099999999999,25.58,0.01008304143862403,399989,中证医疗,CNY,CN10Y
2023-01-16,11497.71,0.029167,26.4,0.008711787878787881,399989,中证医疗,CNY,CN10Y
2023-01-17,11394.74,0.029017,26.17,0.009194692777990059,399989,中证医疗,CNY,CN10Y
2023-01-18,11304.08,0.029222,25.96,0.009298801232665636,399989,中证医疗,CNY,CN10Y
2023-01-19,11569.55,0.0291449999999999,26.5,0.008590849056603872,399989,中证医疗,CNY,CN10Y
2023-01-20,11509.61,0.029331,26.3,0.008691813688212927,399989,中证医疗,CNY,CN10Y
2023-01-28,,0.029341,26.3,0.008681813688212928,399989,中证医疗,CNY,CN10Y
2023-01-29,,0.029219,26.3,0.008803813688212928,399989,中证医疗,CNY,CN10Y
2023-01-30,11418.33,0.029133,26.15,0.00910791778202677,399989,中证医疗,CNY,CN10Y
2023-01-31,11126.52,0.028977,25.48,0.01026946781789639,399989,中证医疗,CNY,CN10Y
2023-02-01,11290.01,0.029101,25.79,0.009673718883288097,399989,中证医疗,CNY,CN10Y
2023-02-02,11362.83,0.02897,25.95,0.009565645472061662,399989,中证医疗,CNY,CN10Y
2023-02-03,11276.0,0.028943,25.72,0.009937248833592534,399989,中证医疗,CNY,CN10Y
2023-02-06,11085.42,0.029017,25.26,0.0105712818685669,399989,中证医疗,CNY,CN10Y
2023-02-07,11041.35,0.028964,25.18,0.01075005877680699,399989,中证医疗,CNY,CN10Y
2023-02-08,11037.69,0.028973,25.18,0.010741058776806992,399989,中证医疗,CNY,CN10Y
2023-02-09,11153.9,0.028912,25.46,0.01036529772191673,399989,中证医疗,CNY,CN10Y
2023-02-10,11161.27,0.029003,25.45,0.010289730844793711,399989,中证医疗,CNY,CN10Y
2023-02-13,11216.12,0.028943,25.54,0.010211267815191858,399989,中证医疗,CNY,CN10Y
2023-02-14,11239.59,0.028914,25.65,0.010072354775828466,399989,中证医疗,CNY,CN10Y
2023-02-15,11030.0,0.028918,25.2,0.010764539682539681,399989,中证医疗,CNY,CN10Y
2023-02-16,10926.63,0.028907,24.97,0.011141057669203046,399989,中证医疗,CNY,CN10Y
2023-02-17,10852.14,0.0289199999999999,24.8,0.011402580645161389,399989,中证医疗,CNY,CN10Y
2023-02-20,10985.36,0.0291699999999999,25.12,0.010638917197452327,399989,中证医疗,CNY,CN10Y
2023-02-21,10893.61,0.02919,24.89,0.010986777822418643,399989,中证医疗,CNY,CN10Y
2023-02-22,10807.73,0.029175,24.7,0.011310829959514171,399989,中证医疗,CNY,CN10Y
2023-02-23,10760.0,0.02922,24.59,0.011446937779585196,399989,中证医疗,CNY,CN10Y
2023-02-24,10652.19,0.029126,24.36,0.011924903119868636,399989,中证医疗,CNY,CN10Y
2023-02-27,10554.25,0.029117,24.13,0.01232518814753419,399989,中证医疗,CNY,CN10Y
2023-02-28,10656.16,0.029017,24.37,0.012017058268362739,399989,中证医疗,CNY,CN10Y
2023-03-01,10616.08,0.028977,24.29,0.012192205434335118,399989,中证医疗,CNY,CN10Y
2023-03-02,10509.25,0.0291109999999999,24.02,0.012520973355537153,399989,中证医疗,CNY,CN10Y
2023-03-03,10543.43,0.029026,24.09,0.012485000415110001,399989,中证医疗,CNY,CN10Y
2023-03-06,10541.56,0.028826,24.09,0.01268500041511,399989,中证医疗,CNY,CN10Y
2023-03-07,10357.94,0.0287259999999999,23.68,0.013503729729729828,399989,中证医疗,CNY,CN10Y
2023-03-08,10320.91,0.028828,23.58,0.013580821034775238,399989,中证医疗,CNY,CN10Y
2023-03-09,10285.32,0.028752,23.49,0.013819306939123033,399989,中证医疗,CNY,CN10Y
2023-03-10,10310.48,0.028627,23.6,0.013745881355932202,399989,中证医疗,CNY,CN10Y
2023-03-13,10254.64,0.028703,23.44,0.013959116040955628,399989,中证医疗,CNY,CN10Y
2023-03-14,10234.49,0.028652,23.41,0.014064787697565143,399989,中证医疗,CNY,CN10Y
2023-03-15,10175.04,0.028652,23.26,0.014340261392949267,399989,中证医疗,CNY,CN10Y
2023-03-16,10106.66,0.028552,23.14,0.014663211754537595,399989,中证医疗,CNY,CN10Y
2023-03-17,9915.13,0.028602,22.62,0.015606664898320067,399989,中证医疗,CNY,CN10Y
2023-03-20,9817.18,0.028504,22.43,0.016079147570218458,399989,中证医疗,CNY,CN10Y
2023-03-21,10167.37,0.0286039999999999,23.23,0.014443783039173583,399989,中证医疗,CNY,CN10Y
2023-03-22,10176.26,0.0285769999999999,23.25,0.014433752688172145,399989,中证医疗,CNY,CN10Y
2023-03-23,10183.07,0.028652,23.25,0.014358752688172046,399989,中证医疗,CNY,CN10Y
2023-03-24,10135.66,0.028676,23.07,0.014670337234503686,399989,中证医疗,CNY,CN10Y
2023-03-27,10325.88,0.028551,23.43,0.014129324370465213,399989,中证医疗,CNY,CN10Y
2023-03-28,10364.34,0.0285559999999999,23.52,0.013961006802721186,399989,中证医疗,CNY,CN10Y
2023-03-29,10232.33,0.028532,23.28,0.014423326460481101,399989,中证医疗,CNY,CN10Y
2023-03-30,10314.17,0.028603,23.51,0.013932091450446615,399989,中证医疗,CNY,CN10Y
2023-03-31,10217.46,0.0285279999999999,23.27,0.01444578599054587,399989,中证医疗,CNY,CN10Y
2023-04-03,10082.04,0.0286039999999999,22.93,0.01500698996947241,399989,中证医疗,CNY,CN10Y
2023-04-04,10082.63,0.028584,22.93,0.015026989969472312,399989,中证医疗,CNY,CN10Y
2023-04-06,10160.53,0.028605,23.1,0.01468504329004329,399989,中证医疗,CNY,CN10Y
2023-04-07,10445.91,0.028464,23.73,0.013676750105351878,399989,中证医疗,CNY,CN10Y
2023-04-10,10484.59,0.0284549999999999,23.84,0.013491308724832316,399989,中证医疗,CNY,CN10Y
2023-04-11,10444.73,0.028203,23.73,0.013937750105351879,399989,中证医疗,CNY,CN10Y
2023-04-12,10359.57,0.028158,23.52,0.014359006802721088,399989,中证医疗,CNY,CN10Y
2023-04-13,10547.1,0.028277,23.95,0.013476653444676408,399989,中证医疗,CNY,CN10Y
2023-04-14,10524.78,0.028281,23.92,0.013525020066889631,399989,中证医疗,CNY,CN10Y
2023-04-17,10504.02,0.028432,23.9,0.013409004184100425,399989,中证医疗,CNY,CN10Y
2023-04-18,10383.49,0.028319,23.65,0.013964298097251585,399989,中证医疗,CNY,CN10Y
2023-04-19,10298.3,0.028333,23.48,0.014256437819420782,399989,中证医疗,CNY,CN10Y
2023-04-20,10099.45,0.028332,22.99,0.015165172683775558,399989,中证医疗,CNY,CN10Y
2023-04-21,9921.92,0.028258,22.55,0.016087898004434588,399989,中证医疗,CNY,CN10Y
2023-04-23,,0.02822,22.55,0.016125898004434588,399989,中证医疗,CNY,CN10Y
2023-04-24,9758.79,0.028176,22.17,0.016929999097880018,399989,中证医疗,CNY,CN10Y
2023-04-25,9504.72,0.028157,21.68,0.017968461254612544,399989,中证医疗,CNY,CN10Y
2023-04-26,9579.63,0.028058,21.8,0.01781355963302752,399989,中证医疗,CNY,CN10Y
2023-04-27,9710.69,0.027852,22.14,0.017315118337850047,399989,中证医疗,CNY,CN10Y
2023-04-28,9682.49,0.027788,22.08,0.017501855072463775,399989,中证医疗,CNY,CN10Y
2023-05-04,9599.26,0.027613,30.15,0.005554495854063021,399989,中证医疗,CNY,CN10Y
2023-05-05,9476.26,0.027338,29.77,0.006252863285186427,399989,中证医疗,CNY,CN10Y
2023-05-06,,0.027311,29.77,0.00627986328518643,399989,中证医疗,CNY,CN10Y
2023-05-08,9435.0,0.027484,29.51,0.006402818027787187,399989,中证医疗,CNY,CN10Y
2023-05-09,9295.8,0.027383,29.15,0.006922317324185249,399989,中证医疗,CNY,CN10Y
2023-05-10,9387.31,0.02721,29.43,0.006768933061501867,399989,中证医疗,CNY,CN10Y
2023-05-11,9412.1,0.02701,29.47,0.006922813030200203,399989,中证医疗,CNY,CN10Y
2023-05-12,9358.84,0.027058,29.33,0.007036783498124789,399989,中证医疗,CNY,CN10Y
2023-05-15,9550.22,0.02719,29.92,0.006232459893048124,399989,中证医疗,CNY,CN10Y
2023-05-16,9561.56,0.027129,29.99,0.006215448149383129,399989,中证医疗,CNY,CN10Y
2023-05-17,9457.87,0.02721,29.68,0.006482722371967651,399989,中证医疗,CNY,CN10Y
2023-05-18,9385.61,0.027184,29.45,0.006771857385398983,399989,中证医疗,CNY,CN10Y
2023-05-19,9490.98,0.027151,29.79,0.006417311513930851,399989,中证医疗,CNY,CN10Y
2023-05-22,9545.97,0.027132,29.98,0.0062235703802535035,399989,中证医疗,CNY,CN10Y
2023-05-23,9512.42,0.026962,29.87,0.006516406427854032,399989,中证医疗,CNY,CN10Y
2023-05-24,9410.04,0.027037,29.6,0.00674678378378378,399989,中证医疗,CNY,CN10Y
2023-05-25,9340.11,0.027065,29.43,0.00691393306150187,399989,中证医疗,CNY,CN10Y
2023-05-26,9301.03,0.027205,29.33,0.006889783498124788,399989,中证医疗,CNY,CN10Y
2023-05-29,9263.68,0.0269499999999999,29.16,0.007343552812071431,399989,中证医疗,CNY,CN10Y
2023-05-30,9194.12,0.027,28.87,0.0076380325597506064,399989,中证医疗,CNY,CN10Y
2023-05-31,9066.43,0.02685,28.43,0.008324111853675695,399989,中证医疗,CNY,CN10Y
2023-06-01,9144.25,0.026825,28.66,0.008066835310537333,399989,中证医疗,CNY,CN10Y
2023-06-02,9194.4,0.026951,28.76,0.007819514603616132,399989,中证医疗,CNY,CN10Y
2023-06-05,9098.18,0.026926,27.64,0.0092534500723589,399989,中证医疗,CNY,CN10Y
2023-06-06,8890.96,0.026826,27.05,0.01014257670979667,399989,中证医疗,CNY,CN10Y
2023-06-07,8784.15,0.026827,26.68,0.010654259370314844,399989,中证医疗,CNY,CN10Y
2023-06-08,8739.85,0.026822,26.24,0.011287756097560976,399989,中证医疗,CNY,CN10Y
2023-06-09,8890.76,0.026703,26.8,0.010610432835820891,399989,中证医疗,CNY,CN10Y
2023-06-12,8875.15,0.026704,28.99,0.0077906533287340485,399989,中证医疗,CNY,CN10Y
2023-06-13,8849.25,0.026227,28.97,0.00829146738004833,399989,中证医疗,CNY,CN10Y
2023-06-14,8846.03,0.026178,28.94,0.00837625017277125,399989,中证医疗,CNY,CN10Y
2023-06-15,9067.71,0.026482,29.62,0.007278972316002698,399989,中证医疗,CNY,CN10Y
2023-06-16,9086.95,0.0266259999999999,29.7,0.00704403367003377,399989,中证医疗,CNY,CN10Y
2023-06-19,8979.68,0.026876,29.33,0.007218783498124787,399989,中证医疗,CNY,CN10Y
2023-06-20,8921.68,0.026751,29.14,0.007566089910775568,399989,中证医疗,CNY,CN10Y
2023-06-21,8658.72,0.026701,28.36,0.00855993088857546,399989,中证医疗,CNY,CN10Y
2023-06-25,,0.026576,28.36,0.00868493088857546,399989,中证医疗,CNY,CN10Y
2023-06-26,8595.51,0.026677,28.19,0.008796572188719404,399989,中证医疗,CNY,CN10Y
2023-06-27,8648.52,0.026676,28.3,0.008659689045936399,399989,中证医疗,CNY,CN10Y
2023-06-28,8582.54,0.0266509999999999,28.14,0.0088856027007819,399989,中证医疗,CNY,CN10Y
2023-06-29,8533.65,0.026526,27.96,0.009239379113018593,399989,中证医疗,CNY,CN10Y
2023-06-30,8579.25,0.026351,28.08,0.009261535612535614,399989,中证医疗,CNY,CN10Y
2023-07-03,8628.85,0.026402,28.3,0.008933689045936399,399989,中证医疗,CNY,CN10Y
2023-07-04,8662.74,0.026477,28.39,0.00874667030644593,399989,中证医疗,CNY,CN10Y
2023-07-05,8583.82,0.026402,28.13,0.00914723569143264,399989,中证医疗,CNY,CN10Y
2023-07-06,8469.3,0.026392,27.78,0.00960512023038157,399989,中证医疗,CNY,CN10Y
2023-07-07,8407.43,0.026403,27.55,0.009894640653357534,399989,中证医疗,CNY,CN10Y
2023-07-10,8481.75,0.026403,27.78,0.009594120230381569,399989,中证医疗,CNY,CN10Y
2023-07-11,8526.27,0.026353,27.82,0.009592363048166783,399989,中证医疗,CNY,CN10Y
2023-07-12,8433.71,0.026378,27.58,0.00988015808556926,399989,中证医疗,CNY,CN10Y
2023-07-13,8657.03,0.026413,28.3,0.008922689045936398,399989,中证医疗,CNY,CN10Y
2023-07-14,8603.94,0.026444,28.12,0.009117877667140822,399989,中证医疗,CNY,CN10Y
2023-07-17,8467.63,0.026364,27.75,0.009672036036036037,399989,中证医疗,CNY,CN10Y
2023-07-18,8454.24,0.026234,27.7,0.009867083032490974,399989,中证医疗,CNY,CN10Y
2023-07-19,8420.19,0.026233,27.59,0.01001201631025734,399989,中证医疗,CNY,CN10Y
2023-07-20,8415.67,0.026214,27.64,0.009965450072358897,399989,中证医疗,CNY,CN10Y
2023-07-21,8531.3,0.0260789999999999,27.99,0.009648045373347729,399989,中证医疗,CNY,CN10Y
2023-07-24,8540.68,0.025934,27.96,0.009831379113018596,399989,中证医疗,CNY,CN10Y
2023-07-25,8640.68,0.0266299999999999,28.13,0.008919235691432739,399989,中证医疗,CNY,CN10Y
2023-07-26,8695.44,0.02643,28.35,0.00884336860670194,399989,中证医疗,CNY,CN10Y
2023-07-27,8687.39,0.026395,28.05,0.009255623885918007,399989,中证医疗,CNY,CN10Y
2023-07-28,8773.77,0.026533,28.34,0.008752815102328865,399989,中证医疗,CNY,CN10Y
2023-07-31,8738.77,0.026597,28.04,0.009066338088445081,399989,中证医疗,CNY,CN10Y
2023-08-01,8710.18,0.026607,27.97,0.009145592062924562,399989,中证医疗,CNY,CN10Y
2023-08-02,8577.66,0.026525,27.6,0.009706884057971016,399989,中证医疗,CNY,CN10Y
2023-08-03,8718.19,0.026435,27.96,0.009330379113018594,399989,中证医疗,CNY,CN10Y
2023-08-04,8649.83,0.026469,27.68,0.009658167630057807,399989,中证医疗,CNY,CN10Y
2023-08-07,8378.55,0.026462,26.73,0.01094914852225963,399989,中证医疗,CNY,CN10Y
2023-08-08,8375.66,0.026454,26.73,0.010957148522259631,399989,中证医疗,CNY,CN10Y
2023-08-09,8535.5,0.026461,27.2,0.010303705882352944,399989,中证医疗,CNY,CN10Y
2023-08-10,8566.7,0.026475,27.28,0.01018189149560117,399989,中证医疗,CNY,CN10Y
2023-08-11,8432.96,0.026381,26.85,0.010862947858472992,399989,中证医疗,CNY,CN10Y
2023-08-14,8415.53,0.026212,26.81,0.011087515106303618,399989,中证医疗,CNY,CN10Y
2023-08-15,8349.7,0.0257589999999999,26.6,0.011834984962406113,399989,中证医疗,CNY,CN10Y
2023-08-16,8327.82,0.025649,26.59,0.011959123354644604,399989,中证医疗,CNY,CN10Y
2023-08-17,8356.91,0.025678,26.69,0.011789216185837392,399989,中证医疗,CNY,CN10Y
2023-08-18,8177.94,0.025639,26.16,0.012587299694189601,399989,中证医疗,CNY,CN10Y
2023-08-21,8144.73,0.025403,26.06,0.012969985418265547,399989,中证医疗,CNY,CN10Y
2023-08-22,8097.31,0.025564,25.92,0.013016246913580245,399989,中证医疗,CNY,CN10Y
2023-08-23,7929.17,0.025535,25.38,0.013866103230890468,399989,中证医疗,CNY,CN10Y
2023-08-24,8151.23,0.025543,26.12,0.012741839203675342,399989,中证医疗,CNY,CN10Y
2023-08-25,8051.05,0.025702,25.89,0.01292295171881035,399989,中证医疗,CNY,CN10Y
2023-08-28,8103.85,0.025837,26.1,0.012477176245210726,399989,中证医疗,CNY,CN10Y
2023-08-29,8300.65,0.0256999999999999,26.55,0.01196478342749539,399989,中证医疗,CNY,CN10Y
2023-08-30,8320.79,0.0256,26.59,0.012008123354644604,399989,中证医疗,CNY,CN10Y
2023-08-31,8282.74,0.025575,26.48,0.012189350453172203,399989,中证医疗,CNY,CN10Y
2023-09-01,8252.96,0.0258499999999999,26.41,0.012014445285876661,399989,中证医疗,CNY,CN10Y
2023-09-04,8325.07,0.026124,26.62,0.011441740045078884,399989,中证医疗,CNY,CN10Y
2023-09-05,8268.28,0.02615,26.46,0.01164289493575208,399989,中证医疗,CNY,CN10Y
2023-09-06,8138.34,0.026375,26.05,0.012012715930902109,399989,中证医疗,CNY,CN10Y
2023-09-07,8005.27,0.02635,25.6,0.012712500000000002,399989,中证医疗,CNY,CN10Y
2023-09-08,8027.02,0.026375,25.67,0.01258097974289053,399989,中证医疗,CNY,CN10Y
2023-09-11,8200.96,0.0263,26.26,0.011780731150038078,399989,中证医疗,CNY,CN10Y
2023-09-12,8168.56,0.02623,26.13,0.012040187523918871,399989,中证医疗,CNY,CN10Y
2023-09-13,8101.09,0.02615,25.94,0.012400501156515031,399989,中证医疗,CNY,CN10Y
2023-09-14,8092.75,0.026075,25.94,0.01247550115651503,399989,中证医疗,CNY,CN10Y
2023-09-15,8280.29,0.0264,26.56,0.011250602409638558,399989,中证医疗,CNY,CN10Y
2023-09-18,8395.29,0.0265,26.89,0.010688545927854221,399989,中证医疗,CNY,CN10Y
2023-09-19,8330.83,0.026625,26.75,0.010758177570093456,399989,中证医疗,CNY,CN10Y
2023-09-20,8262.77,0.02665,26.49,0.011100094375235937,399989,中证医疗,CNY,CN10Y
2023-09-21,8144.94,0.026576,26.12,0.011708839203675343,399989,中证医疗,CNY,CN10Y
2023-09-22,8253.84,0.026776,26.4,0.011102787878787879,399989,中证医疗,CNY,CN10Y
2023-09-25,8376.03,0.026976,26.82,0.01030960775540641,399989,中证医疗,CNY,CN10Y
2023-09-26,8314.24,0.026951,26.61,0.010628857196542652,399989,中证医疗,CNY,CN10Y
2023-09-27,8535.91,0.0268769999999999,27.23,0.009847201248622942,399989,中证医疗,CNY,CN10Y
2023-09-28,8445.54,0.026751,26.94,0.01036852487008166,399989,中证医疗,CNY,CN10Y
2023-10-07,,0.0266509999999999,26.94,0.01046852487008176,399989,中证医疗,CNY,CN10Y
2023-10-08,,0.0266259999999999,26.94,0.01049352487008176,399989,中证医疗,CNY,CN10Y
2023-10-09,8431.08,0.026702,26.96,0.010389988130563795,399989,中证医疗,CNY,CN10Y
2023-10-10,8295.42,0.0268109999999999,26.55,0.010853783427495389,399989,中证医疗,CNY,CN10Y
2023-10-11,8568.46,0.026976,27.35,0.009587071297989032,399989,中证医疗,CNY,CN10Y
2023-10-12,8608.77,0.026911,27.48,0.009479101892285294,399989,中证医疗,CNY,CN10Y
2023-10-13,8639.81,0.026702,27.51,0.00964841802980734,399989,中证医疗,CNY,CN10Y
2023-10-16,8465.71,0.026777,26.98,0.010287492216456636,399989,中证医疗,CNY,CN10Y
2023-10-17,8436.91,0.026882,26.95,0.010223751391465679,399989,中证医疗,CNY,CN10Y
2023-10-18,8275.85,0.027052,26.46,0.01074089493575208,399989,中证医疗,CNY,CN10Y
2023-10-19,8153.68,0.0271769999999999,26.06,0.011195985418265646,399989,中证医疗,CNY,CN10Y
2023-10-20,8047.76,0.027052,25.7,0.011858505836575876,399989,中证医疗,CNY,CN10Y
2023-10-23,7984.13,0.0270469999999999,25.54,0.012107267815191957,399989,中证医疗,CNY,CN10Y
2023-10-24,8014.5,0.0271769999999999,25.65,0.011809354775828566,399989,中证医疗,CNY,CN10Y
2023-10-25,7856.77,0.027052,25.1,0.012788637450199203,399989,中证医疗,CNY,CN10Y
2023-10-26,7956.29,0.027152,25.4,0.01221807874015748,399989,中证医疗,CNY,CN10Y
2023-10-27,8285.02,0.0271329999999999,26.47,0.010645617302606825,399989,中证医疗,CNY,CN10Y
2023-10-30,8555.99,0.027141,27.41,0.009342035388544327,399989,中证医疗,CNY,CN10Y
2023-10-31,8481.79,0.026938,27.25,0.00975924770642202,399989,中证医疗,CNY,CN10Y
2023-11-01,8414.19,0.026853,27.04,0.010129248520710062,399989,中证医疗,CNY,CN10Y
2023-11-02,8361.03,0.026553,26.88,0.010649380952380952,399989,中证医疗,CNY,CN10Y
2023-11-03,8430.12,0.026613,27.05,0.010355576709796668,399989,中证医疗,CNY,CN10Y
2023-11-06,8670.9,0.026554,27.76,0.009469054755043227,399989,中证医疗,CNY,CN10Y
2023-11-07,8608.34,0.026632,27.55,0.009665640653357534,399989,中证医疗,CNY,CN10Y
2023-11-08,8706.8,0.0264639999999999,27.89,0.009391145213338215,399989,中证医疗,CNY,CN10Y
2023-11-09,8592.54,0.026494,27.54,0.009816820624546117,399989,中证医疗,CNY,CN10Y
2023-11-10,8567.63,0.026444,27.46,0.00997260597232338,399989,中证医疗,CNY,CN10Y
2023-11-13,8496.51,0.026454,27.23,0.010270201248622844,399989,中证医疗,CNY,CN10Y
2023-11-14,8537.93,0.026573,27.37,0.009963353671903541,399989,中证医疗,CNY,CN10Y
2023-11-15,8594.52,0.026633,27.57,0.009638309394269132,399989,中证医疗,CNY,CN10Y
2023-11-16,8440.36,0.026558,27.11,0.010328757654002214,399989,中证医疗,CNY,CN10Y
2023-11-17,8475.31,0.026524,27.17,0.010281299963194698,399989,中证医疗,CNY,CN10Y
2023-11-20,8565.36,0.026584,27.45,0.00984587249544627,399989,中证医疗,CNY,CN10Y
2023-11-21,8553.87,0.026684,27.4,0.009812350364963508,399989,中证医疗,CNY,CN10Y
2023-11-22,8391.87,0.026823,26.9,0.01035172118959108,399989,中证医疗,CNY,CN10Y
2023-11-23,8438.58,0.027023,27.02,0.009986622501850485,399989,中证医疗,CNY,CN10Y
2023-11-24,8410.5,0.0270529999999999,26.97,0.010025235076010486,399989,中证医疗,CNY,CN10Y
2023-11-27,8333.32,0.027108,26.73,0.01030314852225963,399989,中证医疗,CNY,CN10Y
2023-11-28,8466.26,0.026898,27.16,0.009920851251840945,399989,中证医疗,CNY,CN10Y
2023-11-29,8395.87,0.026826,27.01,0.010197324694557568,399989,中证医疗,CNY,CN10Y
2023-11-30,8415.66,0.02668,27.12,0.010193156342182891,399989,中证医疗,CNY,CN10Y
2023-12-01,8422.27,0.026625,27.12,0.010248156342182891,399989,中证医疗,CNY,CN10Y
2023-12-04,8164.8,0.026725,26.45,0.011082183364839321,399989,中证医疗,CNY,CN10Y
2023-12-05,7995.84,0.02665,25.93,0.01191536829926726,399989,中证医疗,CNY,CN10Y
2023-12-06,8006.13,0.026725,25.9,0.01188503861003861,399989,中证医疗,CNY,CN10Y
2023-12-07,7964.84,0.02664,25.7,0.012270505836575876,399989,中证医疗,CNY,CN10Y
2023-12-08,8097.27,0.026636,26.25,0.011459238095238099,399989,中证医疗,CNY,CN10Y
2023-12-11,8136.39,0.02644,28.4,0.008771267605633803,399989,中证医疗,CNY,CN10Y
2023-12-12,8046.54,0.026375,28.08,0.009237535612535614,399989,中证医疗,CNY,CN10Y
2023-12-13,7958.44,0.026226,27.8,0.009745223021582733,399989,中证医疗,CNY,CN10Y
2023-12-14,7921.7,0.026376,27.66,0.009777289949385395,399989,中证医疗,CNY,CN10Y
2023-12-15,7865.64,0.026227,27.46,0.010189605972323379,399989,中证医疗,CNY,CN10Y
2023-12-18,7858.95,0.026126,27.45,0.01030387249544627,399989,中证医疗,CNY,CN10Y
2023-12-19,7826.51,0.026191,27.32,0.010412221083455346,399989,中证医疗,CNY,CN10Y
2023-12-20,7774.87,0.026222,27.19,0.010556227289444647,399989,中证医疗,CNY,CN10Y
2023-12-21,7811.33,0.025901,27.31,0.01071562394727206,399989,中证医疗,CNY,CN10Y
2023-12-22,7727.98,0.0258769999999999,27.03,0.01111893044765086,399989,中证医疗,CNY,CN10Y
2023-12-25,7760.03,0.025678,27.11,0.011208757654002213,399989,中证医疗,CNY,CN10Y
2023-12-26,7651.21,0.025804,26.75,0.011579177570093455,399989,中证医疗,CNY,CN10Y
2023-12-27,7681.14,0.025577,26.89,0.011611545927854221,399989,中证医疗,CNY,CN10Y
2023-12-28,7905.68,0.0256939999999999,27.62,0.010511648081100746,399989,中证医疗,CNY,CN10Y
2023-12-29,7916.43,0.025553,27.68,0.010574167630057807,399989,中证医疗,CNY,CN10Y
2023-12-31,,0.025553,27.68,0.010574167630057807,399989,中证医疗,CNY,CN10Y
2024-01-02,7797.61,0.025601,27.32,0.011002221083455346,399989,中证医疗,CNY,CN10Y
2024-01-03,7760.62,0.025531,27.15,0.01130141252302026,399989,中证医疗,CNY,CN10Y
2024-01-04,7704.29,0.0253679999999999,26.92,0.01177910252600307,399989,中证医疗,CNY,CN10Y
2024-01-05,7544.05,0.025175,26.38,0.012732505686125852,399989,中证医疗,CNY,CN10Y
2024-01-08,7435.36,0.025136,26.01,0.013310751249519415,399989,中证医疗,CNY,CN10Y
2024-01-09,7468.28,0.024862,26.21,0.013291376573826782,399989,中证医疗,CNY,CN10Y
2024-01-10,7463.21,0.024982,26.15,0.013258917782026768,399989,中证医疗,CNY,CN10Y
2024-01-11,7593.58,0.024992,26.6,0.012601984962406013,399989,中证医疗,CNY,CN10Y
2024-01-12,7497.09,0.025172,26.27,0.012894235249333842,399989,中证医疗,CNY,CN10Y
2024-01-15,7482.38,0.025212,26.26,0.01286873115003808,399989,中证医疗,CNY,CN10Y
2024-01-16,7460.38,0.025252,26.18,0.01294509702062643,399989,中证医疗,CNY,CN10Y
2024-01-17,7247.29,0.025077,25.46,0.014200297721916732,399989,中证医疗,CNY,CN10Y
2024-01-18,7333.38,0.025092,25.77,0.013712811796662786,399989,中证医疗,CNY,CN10Y
2024-01-19,7321.69,0.025027,25.81,0.013717672607516468,399989,中证医疗,CNY,CN10Y
2024-01-22,7065.82,0.024922,25.01,0.01506200639744102,399989,中证医疗,CNY,CN10Y
2024-01-23,7128.13,0.025042,25.21,0.014624798889329629,399989,中证医疗,CNY,CN10Y
2024-01-24,7188.23,0.025042,25.46,0.014235297721916732,399989,中证医疗,CNY,CN10Y
2024-01-25,7281.41,0.024984,25.73,0.013881137971239799,399989,中证医疗,CNY,CN10Y
2024-01-26,7026.4,0.024994,24.94,0.015102230954290297,399989,中证医疗,CNY,CN10Y
2024-01-29,6811.52,0.02494,24.03,0.01667464835622139,399989,中证医疗,CNY,CN10Y
2024-01-30,6697.12,0.024557,23.62,0.017780002540220153,399989,中证医疗,CNY,CN10Y
2024-01-31,6489.46,0.0243299999999999,23.0,0.019148260869565316,399989,中证医疗,CNY,CN10Y
2024-02-01,6563.14,0.024354,23.27,0.01861978599054577,399989,中证医疗,CNY,CN10Y
2024-02-02,6345.84,0.0242439999999999,22.54,0.020121572315882973,399989,中证医疗,CNY,CN10Y
2024-02-04,,0.024053,22.54,0.020312572315882873,399989,中证医疗,CNY,CN10Y
2024-02-05,6384.95,0.024002,22.86,0.019742531933508316,399989,中证医疗,CNY,CN10Y
2024-02-06,6854.38,0.024525,24.38,0.016492227235438885,399989,中证医疗,CNY,CN10Y
2024-02-07,7134.89,0.0241529999999999,25.27,0.01541961574990117,399989,中证医疗,CNY,CN10Y
2024-02-08,7101.11,0.0243789999999999,25.1,0.015461637450199302,399989,中证医疗,CNY,CN10Y
2024-02-09,,0.024302,25.1,0.015538637450199202,399989,中证医疗,CNY,CN10Y
2024-02-18,,0.0243929999999999,25.1,0.015447637450199302,399989,中证医疗,CNY,CN10Y
2024-02-19,7030.04,0.024344,24.88,0.015848926045016077,399989,中证医疗,CNY,CN10Y
2024-02-20,7063.62,0.024134,25.02,0.015834025579536375,399989,中证医疗,CNY,CN10Y
2024-02-21,7122.05,0.024119,25.24,0.01550065134706815,399989,中证医疗,CNY,CN10Y
2024-02-22,7105.23,0.024033,25.11,0.015791771007566707,399989,中证医疗,CNY,CN10Y
2024-02-23,7111.82,0.024009,25.08,0.015863408293460928,399989,中证医疗,CNY,CN10Y
2024-02-26,7142.75,0.0237889999999999,25.2,0.01589353968253978,399989,中证医疗,CNY,CN10Y
2024-02-27,7210.76,0.023809,25.42,0.015530103068450037,399989,中证医疗,CNY,CN10Y
2024-02-28,7090.46,0.023376,25.01,0.01660800639744102,399989,中证医疗,CNY,CN10Y
2024-02-29,7246.88,0.023375,25.5,0.015840686274509803,399989,中证医疗,CNY,CN10Y
2024-03-01,7215.32,0.023675,25.39,0.015710584875935407,399989,中证医疗,CNY,CN10Y
2024-03-04,7350.75,0.023475,25.84,0.015224690402476784,399989,中证医疗,CNY,CN10Y
2024-03-05,7280.49,0.023169,25.71,0.015726371450797357,399989,中证医疗,CNY,CN10Y
2024-03-06,7250.11,0.02265,25.62,0.016382006245121,399989,中证医疗,CNY,CN10Y
2024-03-07,7004.92,0.022776,24.82,0.017514088638195004,399989,中证医疗,CNY,CN10Y
2024-03-08,6985.13,0.022825,24.7,0.01766082995951417,399989,中证医疗,CNY,CN10Y
2024-03-11,7215.62,0.02305,25.54,0.016104267815191857,399989,中证医疗,CNY,CN10Y
2024-03-12,7325.89,0.023476,25.88,0.015163876352395671,399989,中证医疗,CNY,CN10Y
2024-03-13,7263.05,0.023326,25.62,0.015706006245121,399989,中证医疗,CNY,CN10Y
2024-03-14,7260.3,0.0234249999999999,25.56,0.01569863067292655,399989,中证医疗,CNY,CN10Y
2024-03-15,7237.33,0.0232,25.42,0.01613910306845004,399989,中证医疗,CNY,CN10Y
2024-03-18,7333.87,0.022926,25.7,0.015984505836575878,399989,中证医疗,CNY,CN10Y
2024-03-19,7220.77,0.022801,25.34,0.01666229913180742,399989,中证医疗,CNY,CN10Y
2024-03-20,7233.75,0.022951,25.3,0.016574691699604745,399989,中证医疗,CNY,CN10Y
2024-03-21,7133.69,0.022851,24.98,0.017181025620496396,399989,中证医疗,CNY,CN10Y
2024-03-22,7000.86,0.023051,24.55,0.01768219755600815,399989,中证医疗,CNY,CN10Y
2024-03-25,6915.64,0.023151,24.29,0.018018205434335115,399989,中证医疗,CNY,CN10Y
2024-03-26,6872.95,0.0231749999999999,24.15,0.018232867494824116,399989,中证医疗,CNY,CN10Y
2024-03-27,6767.65,0.0228759999999999,23.79,0.019158468263976564,399989,中证医疗,CNY,CN10Y
2024-03-28,6771.95,0.023026,23.73,0.019114750105351876,399989,中证医疗,CNY,CN10Y
2024-03-29,6763.04,0.0229009999999999,23.7,0.019293092827004317,399989,中证医疗,CNY,CN10Y
2024-04-01,6882.13,0.023082,24.11,0.0183945657403567,399989,中证医疗,CNY,CN10Y
2024-04-02,6799.71,0.022927,23.85,0.01900172117400419,399989,中证医疗,CNY,CN10Y
2024-04-03,6736.53,0.022837,23.65,0.019446298097251586,399989,中证医疗,CNY,CN10Y
2024-04-07,,0.022937,23.65,0.019346298097251587,399989,中证医疗,CNY,CN10Y
2024-04-08,6558.54,0.022822,23.06,0.02054313443191674,399989,中证医疗,CNY,CN10Y
2024-04-09,6705.17,0.022802,23.55,0.01966084501061571,399989,中证医疗,CNY,CN10Y
2024-04-10,6581.64,0.022972,23.12,0.02028059515570934,399989,中证医疗,CNY,CN10Y
2024-04-11,6516.1,0.022928,22.86,0.020816531933508315,399989,中证医疗,CNY,CN10Y
2024-04-12,6451.53,0.022837,22.64,0.021332611307420497,399989,中证医疗,CNY,CN10Y
2024-04-15,6498.06,0.022798,22.84,0.020984837127845886,399989,中证医疗,CNY,CN10Y
2024-04-16,6314.25,0.022723,22.17,0.022382999097880017,399989,中证医疗,CNY,CN10Y
2024-04-17,6421.51,0.022608,22.56,0.021718241134751775,399989,中证医疗,CNY,CN10Y
2024-04-18,6413.04,0.0225369999999999,22.53,0.021848264092321445,399989,中证医疗,CNY,CN10Y
2024-04-19,6315.52,0.02254,22.22,0.022464500450045003,399989,中证医疗,CNY,CN10Y
2024-04-22,6393.09,0.022435,22.53,0.021950264092321346,399989,中证医疗,CNY,CN10Y
2024-04-23,6483.39,0.02226,22.92,0.021370017452006982,399989,中证医疗,CNY,CN10Y
2024-04-24,6478.34,0.022727,22.9,0.020941122270742362,399989,中证医疗,CNY,CN10Y
2024-04-25,6524.43,0.022612,23.03,0.02080962396873643,399989,中证医疗,CNY,CN10Y
2024-04-26,6677.78,0.0230839999999999,23.5,0.0194691914893618,399989,中证医疗,CNY,CN10Y
2024-04-28,,0.0232439999999999,23.5,0.0193091914893618,399989,中证医疗,CNY,CN10Y
2024-04-29,6867.99,0.02353,24.06,0.01803275976724855,399989,中证医疗,CNY,CN10Y
2024-04-30,6822.26,0.023028,23.97,0.018690815185648732,399989,中证医疗,CNY,CN10Y
2024-05-06,7023.18,0.023081,30.0,0.010252333333333332,399989,中证医疗,CNY,CN10Y
2024-05-07,7060.41,0.022896,30.11,0.010315557622052475,399989,中证医疗,CNY,CN10Y
2024-05-08,6983.3,0.022955,29.66,0.010760441672285907,399989,中证医疗,CNY,CN10Y
2024-05-09,7037.56,0.023186,29.83,0.010337298692591354,399989,中证医疗,CNY,CN10Y
2024-05-10,6989.18,0.0231219999999999,29.68,0.010570722371967753,399989,中证医疗,CNY,CN10Y
2024-05-11,,0.023361,29.68,0.010331722371967653,399989,中证医疗,CNY,CN10Y
2024-05-13,6966.16,0.0229,29.68,0.010792722371967652,399989,中证医疗,CNY,CN10Y
2024-05-14,7028.8,0.022938,29.81,0.01060779000335458,399989,中证医疗,CNY,CN10Y
2024-05-15,6905.15,0.02302,29.37,0.011028348655090225,399989,中证医疗,CNY,CN10Y
2024-05-16,6892.6,0.023147,29.34,0.010936162917518748,399989,中证医疗,CNY,CN10Y
2024-05-17,6881.95,0.023077,29.26,0.011099349965823645,399989,中证医疗,CNY,CN10Y
2024-05-20,6912.78,0.023105,29.35,0.010966550255536625,399989,中证医疗,CNY,CN10Y
2024-05-21,6842.68,0.023141,29.08,0.011246895460797806,399989,中证医疗,CNY,CN10Y
2024-05-22,6828.52,0.023123,29.03,0.011324123665173953,399989,中证医疗,CNY,CN10Y
2024-05-23,6722.13,0.0230629999999999,28.72,0.011755941504178375,399989,中证医疗,CNY,CN10Y
2024-05-24,6634.32,0.023134,28.29,0.012214179568752214,399989,中证医疗,CNY,CN10Y
2024-05-27,6631.3,0.0230839999999999,28.27,0.012289187124159984,399989,中证医疗,CNY,CN10Y
2024-05-28,6560.43,0.022994,27.98,0.012745814152966405,399989,中证医疗,CNY,CN10Y
2024-05-29,6547.63,0.022776,27.96,0.012989379113018593,399989,中证医疗,CNY,CN10Y
2024-05-30,6546.93,0.022826,27.96,0.012939379113018595,399989,中证医疗,CNY,CN10Y
2024-05-31,6541.09,0.022926,27.84,0.012993540229885057,399989,中证医疗,CNY,CN10Y
2024-06-03,6489.09,0.022853,27.78,0.01314412023038157,399989,中证医疗,CNY,CN10Y
2024-06-04,6570.42,0.022854,28.08,0.012758535612535614,399989,中证医疗,CNY,CN10Y
2024-06-05,6559.47,0.022808,27.97,0.012944592062924563,399989,中证医疗,CNY,CN10Y
2024-06-06,6465.49,0.022828,27.64,0.013351450072358897,399989,中证医疗,CNY,CN10Y
2024-06-07,6432.25,0.022833,27.46,0.01358360597232338,399989,中证医疗,CNY,CN10Y
2024-06-11,6489.61,0.022791,27.69,0.013323120621162872,399989,中证医疗,CNY,CN10Y
2024-06-12,6518.1,0.02276,27.7,0.013341083032490975,399989,中证医疗,CNY,CN10Y
2024-06-13,6452.04,0.0226779999999999,27.48,0.013712101892285396,399989,中证医疗,CNY,CN10Y
2024-06-14,6383.87,0.0225579999999999,27.25,0.01413924770642212,399989,中证医疗,CNY,CN10Y
2024-06-17,6375.89,0.022609,26.55,0.015055783427495289,399989,中证医疗,CNY,CN10Y
2024-06-18,6301.81,0.0225369999999999,26.27,0.015529235249333941,399989,中证医疗,CNY,CN10Y
2024-06-19,6227.9,0.022429,26.02,0.01600297540353574,399989,中证医疗,CNY,CN10Y
2024-06-20,6148.3,0.022445,25.7,0.016465505836575876,399989,中证医疗,CNY,CN10Y
2024-06-21,6157.26,0.0225709999999999,25.67,0.01638497974289063,399989,中证医疗,CNY,CN10Y
2024-06-24,6070.79,0.022451,25.43,0.016872633503735746,399989,中证医疗,CNY,CN10Y
2024-06-25,6021.76,0.02235,25.22,0.017301070578905637,399989,中证医疗,CNY,CN10Y
2024-06-26,6150.94,0.022225,25.68,0.016715809968847348,399989,中证医疗,CNY,CN10Y
2024-06-27,6031.07,0.022081,25.25,0.017522960396039605,399989,中证医疗,CNY,CN10Y
2024-06-28,5968.51,0.022058,24.98,0.017974025620496395,399989,中证医疗,CNY,CN10Y
2024-07-01,5944.09,0.022486,24.79,0.017852846308995564,399989,中证医疗,CNY,CN10Y
2024-07-02,5869.18,0.022369,24.53,0.018397408479412965,399989,中证医疗,CNY,CN10Y
2024-07-03,5818.16,0.0224259999999999,24.27,0.018777131437989387,399989,中证医疗,CNY,CN10Y
2024-07-04,5709.35,0.022502,23.94,0.019269094402673347,399989,中证医疗,CNY,CN10Y
2024-07-05,5861.45,0.022754,24.4,0.018229606557377053,399989,中证医疗,CNY,CN10Y
2024-07-08,5681.18,0.022904,23.69,0.01930790375685943,399989,中证医疗,CNY,CN10Y
2024-07-09,5698.01,0.022698,23.78,0.01935414465937763,399989,中证医疗,CNY,CN10Y
2024-07-10,5711.74,0.022707,23.79,0.019327468263976463,399989,中证医疗,CNY,CN10Y
2024-07-11,5905.21,0.022648,24.5,0.01816832653061224,399989,中证医疗,CNY,CN10Y
2024-07-12,5911.15,0.022604,24.48,0.01824567320261438,399989,中证医疗,CNY,CN10Y
2024-07-15,5812.18,0.022541,24.09,0.018970000415110003,399989,中证医疗,CNY,CN10Y
2024-07-16,5810.11,0.0226129999999999,24.0,0.019053666666666764,399989,中证医疗,CNY,CN10Y
2024-07-17,5948.14,0.0225979999999999,24.62,0.018019384240455013,399989,中证医疗,CNY,CN10Y
2024-07-18,6009.89,0.022673,24.93,0.01743931448054553,399989,中证医疗,CNY,CN10Y
2024-07-19,6024.35,0.022614,24.98,0.017418025620496397,399989,中证医疗,CNY,CN10Y
2024-07-22,6074.54,0.022461,25.12,0.01734791719745223,399989,中证医疗,CNY,CN10Y
2024-07-23,5879.63,0.022322,24.32,0.01879642105263158,399989,中证医疗,CNY,CN10Y
2024-07-24,5777.99,0.022381,23.9,0.019460004184100422,399989,中证医疗,CNY,CN10Y
2024-07-25,5809.03,0.022168,23.98,0.019533417848206835,399989,中证医疗,CNY,CN10Y
2024-07-26,5827.52,0.0219439999999999,23.93,0.019844549937317275,399989,中证医疗,CNY,CN10Y
2024-07-29,5731.89,0.021574,23.44,0.02108811604095563,399989,中证医疗,CNY,CN10Y
2024-07-30,5719.66,0.02148,23.23,0.021567783039173484,399989,中证医疗,CNY,CN10Y
2024-07-31,6025.18,0.021494,24.38,0.019523227235438888,399989,中证医疗,CNY,CN10Y
2024-08-01,5947.22,0.021297,24.06,0.020265759767248547,399989,中证医疗,CNY,CN10Y
2024-08-02,6017.33,0.021277,24.37,0.01975705826836274,399989,中证医疗,CNY,CN10Y
2024-08-05,5998.29,0.021376,24.31,0.01975933525298231,399989,中证医疗,CNY,CN10Y
2024-08-06,6096.37,0.0214909999999999,24.67,0.019044062829347487,399989,中证医疗,CNY,CN10Y
2024-08-07,6049.67,0.021414,24.56,0.019302612377850168,399989,中证医疗,CNY,CN10Y
2024-08-08,6044.31,0.02181,24.55,0.01892319755600815,399989,中证医疗,CNY,CN10Y
2024-08-09,5938.49,0.021986,24.14,0.019439020712510358,399989,中证医疗,CNY,CN10Y
2024-08-12,5967.12,0.022508,24.23,0.018763151465125874,399989,中证医疗,CNY,CN10Y
2024-08-13,5945.77,0.0222549999999999,24.06,0.019307759767248647,399989,中证医疗,CNY,CN10Y
2024-08-14,5829.95,0.021966,23.64,0.02033518443316413,399989,中证医疗,CNY,CN10Y
2024-08-15,5858.19,0.02205,23.73,0.020090750105351877,399989,中证医疗,CNY,CN10Y
2024-08-16,5851.67,0.021978,23.68,0.020251729729729728,399989,中证医疗,CNY,CN10Y
2024-08-19,5798.03,0.021816,23.52,0.02070100680272109,399989,中证医疗,CNY,CN10Y
2024-08-20,5683.04,0.0217099999999999,23.06,0.02165513443191684,399989,中证医疗,CNY,CN10Y
2024-08-21,5633.3,0.02167,22.88,0.022036293706293713,399989,中证医疗,CNY,CN10Y
2024-08-22,5525.52,0.021582,22.52,0.022822973357015986,399989,中证医疗,CNY,CN10Y
2024-08-23,5501.95,0.021547,22.41,0.023075936189201247,399989,中证医疗,CNY,CN10Y
2024-08-26,5428.63,0.0216279999999999,21.98,0.02386790536851693,399989,中证医疗,CNY,CN10Y
2024-08-27,5410.81,0.021903,21.93,0.023696635202918377,399989,中证医疗,CNY,CN10Y
2024-08-28,5419.06,0.021673,21.82,0.024156514207149402,399989,中证医疗,CNY,CN10Y
2024-08-29,5523.82,0.021703,22.19,0.023362344749887333,399989,中证医疗,CNY,CN10Y
2024-08-30,5633.32,0.0217039999999999,22.92,0.02192601745200708,399989,中证医疗,CNY,CN10Y
2024-09-02,5459.99,0.021457,23.64,0.020844184433164128,399989,中证医疗,CNY,CN10Y
2024-09-03,5497.27,0.021432,23.78,0.02062014465937763,399989,中证医疗,CNY,CN10Y
2024-09-04,5547.12,0.021336,23.97,0.02038281518564873,399989,中证医疗,CNY,CN10Y
2024-09-05,5616.69,0.021338,24.25,0.019899113402061856,399989,中证医疗,CNY,CN10Y
2024-09-06,5500.73,0.0213879999999999,23.71,0.02078829692113042,399989,中证医疗,CNY,CN10Y
2024-09-09,5511.0,0.021267,23.69,0.02094490375685943,399989,中证医疗,CNY,CN10Y
2024-09-10,5464.35,0.021143,23.56,0.021301821731748733,399989,中证医疗,CNY,CN10Y
2024-09-11,5508.46,0.021044,23.69,0.02116790375685943,399989,中证医疗,CNY,CN10Y
2024-09-12,5483.16,0.020998,23.47,0.0216095841499787,399989,中证医疗,CNY,CN10Y
2024-09-13,5426.9,0.020724,23.27,0.02224978599054577,399989,中证医疗,CNY,CN10Y
2024-09-14,,0.020425,23.27,0.022548785990545772,399989,中证医疗,CNY,CN10Y
2024-09-18,5378.28,0.0204029999999999,23.04,0.022999777777777876,399989,中证医疗,CNY,CN10Y
2024-09-19,5465.69,0.02045,23.39,0.02230331338178709,399989,中证医疗,CNY,CN10Y
2024-09-20,5422.84,0.0204309999999999,23.22,0.02263532213608968,399989,中证医疗,CNY,CN10Y
2024-09-23,5383.62,0.020381,22.97,0.023154045711797997,399989,中证医疗,CNY,CN10Y
2024-09-24,5584.95,0.020728,23.86,0.021183148365465216,399989,中证医疗,CNY,CN10Y
2024-09-25,5640.8,0.0204369999999999,24.1,0.021056775933610057,399989,中证医疗,CNY,CN10Y
2024-09-26,5918.53,0.020787,25.18,0.01892705877680699,399989,中证医疗,CNY,CN10Y
2024-09-27,6443.84,0.021714,27.56,0.014570470246734395,399989,中证医疗,CNY,CN10Y
2024-09-29,,0.022534,27.56,0.013750470246734398,399989,中证医疗,CNY,CN10Y
2024-09-30,7318.1,0.021518,31.2,0.010533282051282056,399989,中证医疗,CNY,CN10Y
2024-10-08,8177.25,0.021928,34.86,0.006758173264486519,399989,中证医疗,CNY,CN10Y
2024-10-09,7281.07,0.02176,31.04,0.010456494845360827,399989,中证医疗,CNY,CN10Y
2024-10-10,7219.98,0.0214409999999999,30.84,0.010984421530479998,399989,中证医疗,CNY,CN10Y
2024-10-11,6823.87,0.021392,29.22,0.012831134839151263,399989,中证医疗,CNY,CN10Y
2024-10-12,,0.0214409999999999,29.22,0.012782134839151364,399989,中证医疗,CNY,CN10Y
2024-10-14,6876.47,0.021368,29.4,0.012645605442176872,399989,中证医疗,CNY,CN10Y
2024-10-15,6643.98,0.021254,28.32,0.014056734463276838,399989,中证医疗,CNY,CN10Y
2024-10-16,6552.37,0.021331,27.85,0.01457564272890485,399989,中证医疗,CNY,CN10Y
2024-10-17,6483.87,0.021084,27.54,0.015226820624546118,399989,中证医疗,CNY,CN10Y
2024-10-18,6793.8,0.021209,28.88,0.013417038781163439,399989,中证医疗,CNY,CN10Y
2024-10-21,6810.25,0.021211,28.91,0.013379107229332408,399989,中证医疗,CNY,CN10Y
2024-10-22,6896.38,0.0214579999999999,29.22,0.012765134839151364,399989,中证医疗,CNY,CN10Y
2024-10-23,6903.01,0.021559,29.3,0.012570692832764508,399989,中证医疗,CNY,CN10Y
2024-10-24,6814.61,0.021661,29.02,0.01279799379738112,399989,中证医疗,CNY,CN10Y
2024-10-25,7053.27,0.021539,29.91,0.011894634236041462,399989,中证医疗,CNY,CN10Y
2024-10-28,7143.92,0.021617,30.25,0.011440851239669422,399989,中证医疗,CNY,CN10Y
2024-10-29,6975.13,0.021598,29.52,0.012277338753387539,399989,中证医疗,CNY,CN10Y
2024-10-30,6863.49,0.0215969999999999,29.1,0.012767261168384975,399989,中证医疗,CNY,CN10Y
2024-10-31,6846.3,0.021476,28.97,0.013042467380048332,399989,中证医疗,CNY,CN10Y
2024-11-01,6759.78,0.021406,29.28,0.01274700546448087,399989,中证医疗,CNY,CN10Y
2024-11-04,6850.1,0.021275,29.65,0.01245181281618887,399989,中证医疗,CNY,CN10Y
2024-11-05,7061.05,0.021106,30.52,0.011659399737876802,399989,中证医疗,CNY,CN10Y
2024-11-06,7042.63,0.021234,30.34,0.011725789057350031,399989,中证医疗,CNY,CN10Y
2024-11-07,7304.27,0.021115,31.47,0.010661294884016525,399989,中证医疗,CNY,CN10Y
2024-11-08,7279.45,0.021067,31.45,0.010729502384737678,399989,中证医疗,CNY,CN10Y
2024-11-11,7394.93,0.02092,31.81,0.010516655139893118,399989,中证医疗,CNY,CN10Y
2024-11-12,7483.58,0.020729,32.23,0.010297993484331372,399989,中证医疗,CNY,CN10Y
2024-11-13,7391.37,0.020876,31.91,0.010462138514572235,399989,中证医疗,CNY,CN10Y
2024-11-14,7147.85,0.020808,30.87,0.011585909944930355,399989,中证医疗,CNY,CN10Y
2024-11-15,6973.79,0.020948,30.14,0.012230500331785,399989,中证医疗,CNY,CN10Y
2024-11-18,6836.91,0.021117,29.59,0.012678201081446436,399989,中证医疗,CNY,CN10Y
2024-11-19,6961.19,0.020947,30.09,0.012286632436025256,399989,中证医疗,CNY,CN10Y
2024-11-20,7098.72,0.021025,30.65,0.011601427406199027,399989,中证医疗,CNY,CN10Y
2024-11-21,7022.66,0.0208429999999999,30.28,0.012182099075297322,399989,中证医疗,CNY,CN10Y
2024-11-22,6709.12,0.020832,29.01,0.01363887211306446,399989,中证医疗,CNY,CN10Y
2024-11-25,6694.03,0.020682,28.9,0.013920076124567478,399989,中证医疗,CNY,CN10Y
2024-11-26,6676.44,0.020657,28.98,0.013849556245686682,399989,中证医疗,CNY,CN10Y
2024-11-27,6805.5,0.020553,29.49,0.013356799932180401,399989,中证医疗,CNY,CN10Y
2024-11-28,6706.54,0.020304,28.95,0.01423831433506045,399989,中证医疗,CNY,CN10Y
2024-11-29,6827.32,0.020206,29.42,0.013784482664853843,399989,中证医疗,CNY,CN10Y
2024-12-02,6958.45,0.01981,29.99,0.013534448149383128,399989,中证医疗,CNY,CN10Y
2024-12-03,6948.02,0.019886,29.9,0.013558816053511703,399989,中证医疗,CNY,CN10Y
2024-12-04,6839.53,0.019612,29.51,0.014274818027787187,399989,中证医疗,CNY,CN10Y
2024-12-05,6839.86,0.019462,29.43,0.014516933061501869,399989,中证医疗,CNY,CN10Y
2024-12-06,7058.2,0.019539,30.26,0.013507926635822863,399989,中证医疗,CNY,CN10Y
2024-12-09,7064.23,0.019168,30.21,0.01393362197947699,399989,中证医疗,CNY,CN10Y
2024-12-10,7091.06,0.018468,30.37,0.01445923081988805,399989,中证医疗,CNY,CN10Y
2024-12-11,7119.34,0.018218,30.5,0.01456888524590164,399989,中证医疗,CNY,CN10Y
2024-12-12,7156.59,0.018172,30.76,0.014337752925877759,399989,中证医疗,CNY,CN10Y
2024-12-13,6972.44,0.017771,29.88,0.01569620214190094,399989,中证医疗,CNY,CN10Y
2024-12-16,6893.92,0.017215,29.61,0.016557374197906115,399989,中证医疗,CNY,CN10Y
2024-12-17,6814.51,0.017237,29.32,0.016869412005457027,399989,中证医疗,CNY,CN10Y
2024-12-18,6838.52,0.017564,29.39,0.01646117863218782,399989,中证医疗,CNY,CN10Y
2024-12-19,6795.69,0.017417,29.21,0.016817851078397807,399989,中证医疗,CNY,CN10Y
2024-12-20,6787.05,0.017018,29.13,0.017310870580157914,399989,中证医疗,CNY,CN10Y
2024-12-23,6713.24,0.017019,28.96,0.017511386740331494,399989,中证医疗,CNY,CN10Y
2024-12-24,6791.12,0.017166,29.31,0.0169520484476288,399989,中证医疗,CNY,CN10Y
2024-12-25,6739.6,0.017365,29.19,0.016893307639602603,399989,中证医疗,CNY,CN10Y
2024-12-26,6707.31,0.017122,29.02,0.01733699379738112,399989,中证医疗,CNY,CN10Y
2024-12-27,6704.51,0.016929,29.05,0.017494407917383818,399989,中证医疗,CNY,CN10Y
2024-12-30,6687.51,0.017128,28.97,0.01739046738004833,399989,中证医疗,CNY,CN10Y
2024-12-31,6558.23,0.016752,28.47,0.018372692658939236,399989,中证医疗,CNY,CN10Y
2025-01-02,6403.21,0.0160769999999999,27.75,0.019959036036036135,399989,中证医疗,CNY,CN10Y
2025-01-03,6312.14,0.016041,27.38,0.020482009495982473,399989,中证医疗,CNY,CN10Y
2025-01-06,6339.82,0.015966,27.48,0.020424101892285294,399989,中证医疗,CNY,CN10Y
2025-01-07,6264.1,0.016093,27.14,0.020752983787767135,399989,中证医疗,CNY,CN10Y
2025-01-08,6204.39,0.016069,26.89,0.02111954592785422,399989,中证医疗,CNY,CN10Y
2025-01-09,6163.63,0.016368,26.67,0.021127313085864262,399989,中证医疗,CNY,CN10Y
2025-01-10,6080.04,0.016338,26.31,0.021670361839604718,399989,中证医疗,CNY,CN10Y
2025-01-13,6136.45,0.016592,26.57,0.021044432066240123,399989,中证医疗,CNY,CN10Y
2025-01-14,6312.45,0.016446,27.3,0.020184036630036633,399989,中证医疗,CNY,CN10Y
2025-01-15,6223.33,0.01633,26.93,0.02080330857779428,399989,中证医疗,CNY,CN10Y
2025-01-16,6231.06,0.016394,26.97,0.020684235076010388,399989,中证医疗,CNY,CN10Y
2025-01-17,6239.76,0.016593,27.01,0.020430324694557567,399989,中证医疗,CNY,CN10Y
2025-01-20,6301.42,0.016747,27.27,0.019923333700036672,399989,中证医疗,CNY,CN10Y
2025-01-21,6280.21,0.016496,27.19,0.020282227289444645,399989,中证医疗,CNY,CN10Y
2025-01-22,6209.09,0.016602,26.85,0.020641947858472995,399989,中证医疗,CNY,CN10Y
2025-01-23,6220.93,0.016645,26.96,0.020446988130563795,399989,中证医疗,CNY,CN10Y
2025-01-24,6263.93,0.016565,27.1,0.020335369003690037,399989,中证医疗,CNY,CN10Y
2025-01-26,,0.016537,27.1,0.020363369003690037,399989,中证医疗,CNY,CN10Y
2025-01-27,6236.14,0.0162989999999999,26.98,0.020765492216456734,399989,中证医疗,CNY,CN10Y
2025-02-05,6278.91,0.016207,27.09,0.0207069904023625,399989,中证医疗,CNY,CN10Y
2025-02-06,6405.08,0.015958,27.55,0.020339640653357534,399989,中证医疗,CNY,CN10Y
2025-02-07,6585.39,0.016032,28.26,0.019353704175513093,399989,中证医疗,CNY,CN10Y
2025-02-08,,0.016057,28.26,0.019328704175513096,399989,中证医疗,CNY,CN10Y
2025-02-10,6777.04,0.016342,28.86,0.01830803465003465,399989,中证医疗,CNY,CN10Y
2025-02-11,6674.31,0.016274,28.52,0.018789113604488077,399989,中证医疗,CNY,CN10Y
2025-02-12,6724.83,0.016336,28.66,0.018555835310537335,399989,中证医疗,CNY,CN10Y
2025-02-13,6696.55,0.016346,28.51,0.018729412136092596,399989,中证医疗,CNY,CN10Y
2025-02-14,7007.07,0.016546,29.69,0.017135374200067357,399989,中证医疗,CNY,CN10Y
2025-02-17,7107.75,0.016934,29.96,0.01644383711615487,399989,中证医疗,CNY,CN10Y
2025-02-18,6923.59,0.017006,29.3,0.017123692832764506,399989,中证医疗,CNY,CN10Y
2025-02-19,7019.34,0.016626,29.54,0.017226403520649965,399989,中证医疗,CNY,CN10Y
2025-02-20,7234.8,0.01685,30.39,0.016055561039815727,399989,中证医疗,CNY,CN10Y
2025-02-21,7304.07,0.0172,30.64,0.015437075718015662,399989,中证医疗,CNY,CN10Y
2025-02-24,7135.85,0.017625,30.07,0.015630736614566012,399989,中证医疗,CNY,CN10Y
2025-02-25,7026.9,0.017275,29.53,0.016588867253640366,399989,中证医疗,CNY,CN10Y
2025-02-26,7063.29,0.017251,29.74,0.016373747814391392,399989,中证医疗,CNY,CN10Y
2025-02-27,7068.54,0.017576,29.78,0.016003583613163196,399989,中证医疗,CNY,CN10Y
2025-02-28,6877.17,0.017152,29.04,0.01728326170798898,399989,中证医疗,CNY,CN10Y
2025-03-03,6936.77,0.016955,29.2,0.01729157534246575,399989,中证医疗,CNY,CN10Y
2025-03-04,7015.44,0.017079,29.27,0.017085673727365903,399989,中证医疗,CNY,CN10Y
2025-03-05,6931.32,0.017083,28.94,0.01747125017277125,399989,中证医疗,CNY,CN10Y
2025-03-06,7080.84,0.017455,29.51,0.01643181802778719,399989,中证医疗,CNY,CN10Y
2025-03-07,6987.63,0.018002,29.15,0.01630331732418525,399989,中证医疗,CNY,CN10Y
2025-03-10,7035.42,0.018128,29.39,0.01589717863218782,399989,中证医疗,CNY,CN10Y
2025-03-11,7030.14,0.0188529999999999,29.4,0.015160605442176973,399989,中证医疗,CNY,CN10Y
2025-03-12,6961.58,0.018334,29.14,0.01598308991077557,399989,中证医疗,CNY,CN10Y
2025-03-13,6901.42,0.018565,28.94,0.01598925017277125,399989,中证医疗,CNY,CN10Y
2025-03-14,7084.62,0.018317,29.71,0.015341700774150119,399989,中证医疗,CNY,CN10Y
2025-03-17,7056.6,0.0189569999999999,29.59,0.014838201081446536,399989,中证医疗,CNY,CN10Y
2025-03-18,7161.73,0.018885,30.02,0.014426125916055965,399989,中证医疗,CNY,CN10Y
2025-03-19,7134.17,0.018708,29.9,0.014736816053511705,399989,中证医疗,CNY,CN10Y
2025-03-20,7033.17,0.018309,29.51,0.01557781802778719,399989,中证医疗,CNY,CN10Y
2025-03-21,6896.29,0.018458,29.01,0.01601287211306446,399989,中证医疗,CNY,CN10Y
2025-03-24,6842.22,0.018413,28.8,0.016309222222222225,399989,中证医疗,CNY,CN10Y
2025-03-25,6863.95,0.018183,28.88,0.016443038781163436,399989,中证医疗,CNY,CN10Y
2025-03-26,6829.55,0.017943,28.75,0.016839608695652174,399989,中证医疗,CNY,CN10Y
2025-03-27,6928.77,0.018062,29.13,0.01626687058015791,399989,中证医疗,CNY,CN10Y
2025-03-28,6848.69,0.018126,28.79,0.01660828273706148,399989,中证医疗,CNY,CN10Y
2025-03-31,6762.83,0.018129,28.45,0.017020384885764503,399989,中证医疗,CNY,CN10Y
2025-04-01,6918.4,0.018104,29.07,0.016295724802201584,399989,中证医疗,CNY,CN10Y
2025-04-02,6852.23,0.017887,28.73,0.016919822137138878,399989,中证医疗,CNY,CN10Y
2025-04-03,6760.2,0.01718,28.34,0.018105815102328865,399989,中证医疗,CNY,CN10Y
2025-04-07,6155.11,0.016318,25.98,0.02217314703618168,399989,中证医疗,CNY,CN10Y
2025-04-08,6187.94,0.016633,26.18,0.021564097020626432,399989,中证医疗,CNY,CN10Y
2025-04-09,6219.21,0.016508,26.28,0.021543750380517503,399989,中证医疗,CNY,CN10Y
2025-04-10,6326.81,0.016444,26.71,0.020995161362785474,399989,中证医疗,CNY,CN10Y
2025-04-11,6320.41,0.016568,26.67,0.020927313085864263,399989,中证医疗,CNY,CN10Y
2025-04-14,6332.22,0.016584,26.71,0.020855161362785472,399989,中证医疗,CNY,CN10Y
2025-04-15,6299.86,0.016583,26.62,0.020982740045078885,399989,中证医疗,CNY,CN10Y
2025-04-16,6239.22,0.01643,26.41,0.021434445285876562,399989,中证医疗,CNY,CN10Y
2025-04-17,6244.44,0.016522,26.54,0.021156975131876418,399989,中证医疗,CNY,CN10Y
2025-04-18,6227.66,0.016493,26.4,0.02138578787878788,399989,中证医疗,CNY,CN10Y
2025-04-21,6287.62,0.016664,26.6,0.02092998496240601,399989,中证医疗,CNY,CN10Y
2025-04-22,6285.16,0.016509,26.61,0.021070857196542652,399989,中证医疗,CNY,CN10Y
2025-04-23,6284.23,0.016611,26.57,0.02102543206624012,399989,中证医疗,CNY,CN10Y
2025-04-24,6267.26,0.01664,26.5,0.021095849056603774,399989,中证医疗,CNY,CN10Y
2025-04-25,6294.03,0.016606,26.65,0.020917452157598503,399989,中证医疗,CNY,CN10Y
2025-04-27,,0.016607,26.65,0.020916452157598502,399989,中证医疗,CNY,CN10Y
2025-04-28,6264.06,0.016483,26.5,0.02125284905660377,399989,中证医疗,CNY,CN10Y
2025-04-29,6339.13,0.016241,26.79,0.021086360955580447,399989,中证医疗,CNY,CN10Y
2025-04-30,6366.91,0.016243,26.91,0.02091790672612412,399989,中证医疗,CNY,CN10Y
2025-05-06,6463.37,0.016298,26.97,0.020780235076010387,399989,中证医疗,CNY,CN10Y
2025-05-07,6430.47,0.016418,26.88,0.020784380952380953,399989,中证医疗,CNY,CN10Y
2025-05-08,6460.21,0.016331,27.03,0.02066493044765076,399989,中证医疗,CNY,CN10Y
2025-05-09,6410.9,0.016351,26.89,0.02083754592785422,399989,中证医疗,CNY,CN10Y
2025-05-12,6472.44,0.01688,27.18,0.01991175864606328,399989,中证医疗,CNY,CN10Y
2025-05-13,6561.08,0.016704,27.43,0.01975243456069996,399989,中证医疗,CNY,CN10Y
2025-05-14,6565.55,0.016736,27.42,0.01973373012399708,399989,中证医疗,CNY,CN10Y
2025-05-15,6508.65,0.016798,27.24,0.01991271953010279,399989,中证医疗,CNY,CN10Y
2025-05-16,6469.65,0.016793,27.05,0.02017557670979667,399989,中证医疗,CNY,CN10Y
2025-05-19,6450.26,0.016893,27.03,0.02010293044765076,399989,中证医疗,CNY,CN10Y
2025-05-20,6522.74,0.017004,27.32,0.019599221083455347,399989,中证医疗,CNY,CN10Y
2025-05-21,6537.69,0.0171,27.41,0.019383035388544325,399989,中证医疗,CNY,CN10Y
2025-05-22,6476.25,0.017186,27.2,0.019578705882352943,399989,中证医疗,CNY,CN10Y
2025-05-23,6511.66,0.017208,27.38,0.01931500949598247,399989,中证医疗,CNY,CN10Y
2025-05-26,6470.57,0.017201,27.17,0.019604299963194696,399989,中证医疗,CNY,CN10Y
2025-05-27,6491.67,0.017261,27.13,0.019598565057132332,399989,中证医疗,CNY,CN10Y
2025-05-28,6452.77,0.016832,27.09,0.0200819904023625,399989,中证医疗,CNY,CN10Y
2025-05-29,6587.2,0.016877,27.51,0.01947341802980734,399989,中证医疗,CNY,CN10Y
2025-05-30,6556.73,0.016712,27.37,0.01982435367190354,399989,中证医疗,CNY,CN10Y
2025-06-03,6643.12,0.0167639999999999,27.8,0.01920722302158283,399989,中证医疗,CNY,CN10Y
2025-06-04,6689.54,0.016704,27.9,0.01913829390681004,399989,中证医疗,CNY,CN10Y
2025-06-05,6653.68,0.016741,27.76,0.01928205475504323,399989,中证医疗,CNY,CN10Y
2025-06-06,6591.32,0.016547,27.5,0.019816636363636363,399989,中证医疗,CNY,CN10Y
2025-06-09,6682.35,0.016559,27.85,0.019347642728904848,399989,中证医疗,CNY,CN10Y
2025-06-10,6662.37,0.016569,27.78,0.019428120230381568,399989,中证医疗,CNY,CN10Y
2025-06-11,6668.75,0.01642,27.84,0.019499540229885055,399989,中证医疗,CNY,CN10Y
2025-06-12,6717.23,0.016475,28.05,0.019175623885918005,399989,中证医疗,CNY,CN10Y
2025-06-13,6619.54,0.01644,27.69,0.01967412062116287,399989,中证医疗,CNY,CN10Y
2025-06-16,6575.14,0.016432,28.34,0.018853815102328867,399989,中证医疗,CNY,CN10Y
2025-06-17,6526.74,0.016364,28.07,0.019261222657641613,399989,中证医疗,CNY,CN10Y
2025-06-18,6457.09,0.016384,27.77,0.019626082823190494,399989,中证医疗,CNY,CN10Y
2025-06-19,6371.37,0.016425,27.13,0.020434565057132332,399989,中证医疗,CNY,CN10Y
2025-06-20,6368.54,0.016396,27.15,0.02043641252302026,399989,中证医疗,CNY,CN10Y
2025-06-23,6397.56,0.016418,27.23,0.020306201248622844,399989,中证医疗,CNY,CN10Y
2025-06-24,6465.66,0.0164799999999999,27.48,0.019910101892285394,399989,中证医疗,CNY,CN10Y
2025-06-25,6550.34,0.016544,27.85,0.01936264272890485,399989,中证医疗,CNY,CN10Y
2025-06-26,6479.63,0.016462,27.55,0.019835640653357533,399989,中证医疗,CNY,CN10Y
2025-06-27,6508.47,0.016462,27.62,0.019743648081100646,399989,中证医疗,CNY,CN10Y
2025-06-30,6610.21,0.016469,28.01,0.019232535166012133,399989,中证医疗,CNY,CN10Y
2025-07-01,6663.41,0.016433,28.24,0.018977764872521247,399989,中证医疗,CNY,CN10Y
2025-07-02,6607.27,0.016396,28.01,0.019305535166012133,399989,中证医疗,CNY,CN10Y
2025-07-03,6612.23,0.016407,27.98,0.019332814152966404,399989,中证医疗,CNY,CN10Y
2025-07-04,6612.39,0.016433,28.0,0.019281285714285713,399989,中证医疗,CNY,CN10Y
2025-07-07,6569.35,0.016406,27.75,0.019630036036036035,399989,中证医疗,CNY,CN10Y
2025-07-08,6638.81,0.016444,28.01,0.019257535166012134,399989,中证医疗,CNY,CN10Y
2025-07-09,6637.5,0.016446,27.95,0.019332175313059034,399989,中证医疗,CNY,CN10Y
2025-07-10,6666.21,0.016616,28.11,0.01895852863749555,399989,中证医疗,CNY,CN10Y
2025-07-11,6805.01,0.016653,28.72,0.018165941504178273,399989,中证医疗,CNY,CN10Y
2025-07-14,6771.73,0.016726,28.57,0.018275750087504376,399989,中证医疗,CNY,CN10Y
2025-07-15,6779.43,0.016557,28.54,0.0184815423966363,399989,中证医疗,CNY,CN10Y
2025-07-16,6788.27,0.016617,28.55,0.018409269702276708,399989,中证医疗,CNY,CN10Y
2025-07-17,6883.11,0.01663,28.94,0.01792425017277125,399989,中证医疗,CNY,CN10Y
2025-07-18,6942.48,0.016652,29.29,0.017489345168999658,399989,中证医疗,CNY,CN10Y
2025-07-21,6948.98,0.016774,29.34,0.017309162917518748,399989,中证医疗,CNY,CN10Y
2025-07-22,6996.41,0.016907,29.54,0.016945403520649965,399989,中证医疗,CNY,CN10Y
2025-07-23,7058.03,0.017041,29.8,0.01651604697986577,399989,中证医疗,CNY,CN10Y
2025-07-24,7272.81,0.017376,30.7,0.015197289902280132,399989,中证医疗,CNY,CN10Y
2025-07-25,7338.12,0.017324,30.93,0.015007070158422245,399989,中证医疗,CNY,CN10Y
2025-07-28,7370.92,0.0171459999999999,31.09,0.015018683177870796,399989,中证医疗,CNY,CN10Y
2025-07-29,7524.84,0.017466,31.67,0.014109623618566467,399989,中证医疗,CNY,CN10Y
2025-07-30,7508.09,0.01718,31.72,0.014345851197982346,399989,中证医疗,CNY,CN10Y
2025-07-31,7393.32,0.017044,31.12,0.015089676092544985,399989,中证医疗,CNY,CN10Y
2025-08-01,7346.61,0.017059,30.85,0.015355910858995136,399989,中证医疗,CNY,CN10Y
2025-08-04,7352.79,0.017083,30.87,0.015310909944930354,399989,中证医疗,CNY,CN10Y
2025-08-05,7353.33,0.017061,30.9,0.01530145954692557,399989,中证医疗,CNY,CN10Y
2025-08-06,7350.89,0.016999,30.89,0.015373936225315632,399989,中证医疗,CNY,CN10Y
2025-08-07,7364.21,0.016894,30.93,0.015437070158422245,399989,中证医疗,CNY,CN10Y
2025-08-08,7315.88,0.016891,30.78,0.015597628979857048,399989,中证医疗,CNY,CN10Y
2025-08-11,7420.32,0.017203,31.16,0.014889426187419768,399989,中证医疗,CNY,CN10Y
2025-08-12,7457.85,0.017271,31.37,0.014606590054191904,399989,中证医疗,CNY,CN10Y
2025-08-13,7587.72,0.017262,31.95,0.01403690453834116,399989,中证医疗,CNY,CN10Y
2025-08-14,7475.52,0.017341,31.52,0.014384888324873096,399989,中证医疗,CNY,CN10Y
2025-08-15,7556.3,0.0174649999999999,31.79,0.013991432840515985,399989,中证医疗,CNY,CN10Y
2025-08-18,7643.46,0.017872,32.09,0.013290355874104081,399989,中证医疗,CNY,CN10Y
2025-08-19,7542.25,0.017725,31.6,0.013920569620253159,399989,中证医疗,CNY,CN10Y
2025-08-20,7586.88,0.01782,31.84,0.013587035175879395,399989,中证医疗,CNY,CN10Y
2025-08-21,7630.18,0.017667,32.16,0.013427527363184085,399989,中证医疗,CNY,CN10Y
2025-08-22,7682.05,0.017818,32.31,0.01313217022593624,399989,中证医疗,CNY,CN10Y
2025-08-25,7855.68,0.017643,33.04,0.01262334382566586,399989,中证医疗,CNY,CN10Y
2025-08-26,7764.14,0.017598,32.71,0.012973690614490982,399989,中证医疗,CNY,CN10Y
2025-08-27,7603.44,0.017988,32.1,0.013164647975077881,399989,中证医疗,CNY,CN10Y
2025-08-28,7622.39,0.018478,32.16,0.012616527363184082,399989,中证医疗,CNY,CN10Y
2025-08-29,7741.66,0.018379,32.65,0.012248871362940277,399989,中证医疗,CNY,CN10Y
2025-09-01,7949.18,0.018257,34.21,0.010974218941829875,399989,中证医疗,CNY,CN10Y
2025-09-02,7852.06,0.018167,33.81,0.011410048210588584,399989,中证医疗,CNY,CN10Y
2025-09-03,7788.76,0.017984,33.51,0.011857838257236648,399989,中证医疗,CNY,CN10Y
2025-09-04,7526.63,0.01806,32.38,0.012823261272390363,399989,中证医疗,CNY,CN10Y
2025-09-05,7738.85,0.01826,33.29,0.011779050765995797,399989,中证医疗,CNY,CN10Y
2025-09-08,8030.38,0.018514,34.56,0.010421185185185183,399989,中证医疗,CNY,CN10Y
2025-09-09,7842.67,0.018641,33.75,0.01098862962962963,399989,中证医疗,CNY,CN10Y
2025-09-10,7836.34,0.018992,33.7,0.010681590504451038,399989,中证医疗,CNY,CN10Y
2025-09-11,7879.4,0.018743,33.91,0.010746826010026543,399989,中证医疗,CNY,CN10Y
2025-09-12,7855.12,0.01867,33.71,0.010994787896766538,399989,中证医疗,CNY,CN10Y
2025-09-15,7920.02,0.018724,33.94,0.010739759575721864,399989,中证医疗,CNY,CN10Y
2025-09-16,7951.93,0.018527,34.05,0.010841575624082236,399989,中证医疗,CNY,CN10Y
2025-09-17,7946.57,0.018349,34.07,0.0110023354857646,399989,中证医疗,CNY,CN10Y
2025-09-18,7832.7,0.018546,33.59,0.011224765108663291,399989,中证医疗,CNY,CN10Y
2025-09-19,7768.5,0.018789,33.36,0.011187019184652279,399989,中证医疗,CNY,CN10Y
2025-09-22,7738.33,0.018647,33.26,0.011419145520144319,399989,中证医疗,CNY,CN10Y
2025-09-23,7580.66,0.01877,32.59,0.01191425897514575,399989,中证医疗,CNY,CN10Y
2025-09-24,7700.63,0.0190219999999999,33.04,0.01124434382566596,399989,中证医疗,CNY,CN10Y
2025-09-25,7774.72,0.01884,33.48,0.011028578255675034,399989,中证医疗,CNY,CN10Y
2025-09-26,7618.79,0.018768,32.79,0.011729102775236352,399989,中证医疗,CNY,CN10Y
2025-09-28,,0.018781,32.79,0.011716102775236353,399989,中证医疗,CNY,CN10Y
2025-09-29,7664.8,0.01887,33.0,0.011433030303030303,399989,中证医疗,CNY,CN10Y
2025-09-30,7820.24,0.018605,33.73,0.011042198339756896,399989,中证医疗,CNY,CN10Y
2025-10-09,7892.45,0.018466,34.03,0.010919836027034967,399989,中证医疗,CNY,CN10Y
2025-10-10,7711.71,0.01846,33.21,0.011651412225233363,399989,中证医疗,CNY,CN10Y
2025-10-11,,0.018206,33.21,0.011905412225233364,399989,中证医疗,CNY,CN10Y
2025-10-13,7541.96,0.018383,32.38,0.012500261272390362,399989,中证医疗,CNY,CN10Y
2025-10-14,7447.03,0.018368,31.95,0.01293090453834116,399989,中证医疗,CNY,CN10Y
2025-10-15,7552.84,0.018449,32.38,0.012434261272390362,399989,中证医疗,CNY,CN10Y
2025-10-16,7538.69,0.018407,32.36,0.012495348578491966,399989,中证医疗,CNY,CN10Y
2025-10-17,7345.85,0.018246,31.53,0.013469826197272439,399989,中证医疗,CNY,CN10Y
2025-10-20,7365.7,0.018498,31.59,0.013157587211142768,399989,中证医疗,CNY,CN10Y
2025-10-21,7446.49,0.018357,31.91,0.012981138514572235,399989,中证医疗,CNY,CN10Y
2025-10-22,7387.87,0.018293,31.66,0.013292596967782688,399989,中证医疗,CNY,CN10Y
2025-10-23,7396.63,0.018391,31.74,0.013114986137366103,399989,中证医疗,CNY,CN10Y
2025-10-24,7447.83,0.018486,31.95,0.01281290453834116,399989,中证医疗,CNY,CN10Y
2025-10-27,7485.06,0.018423,32.12,0.012710250311332508,399989,中证医疗,CNY,CN10Y
2025-10-28,7426.33,0.018179,31.91,0.013159138514572233,399989,中证医疗,CNY,CN10Y
2025-10-29,7501.54,0.018208,32.15,0.012896199066874031,399989,中证医疗,CNY,CN10Y
2025-10-30,7312.96,0.018098,31.25,0.013902000000000001,399989,中证医疗,CNY,CN10Y
2025-10-31,7393.05,0.017954,31.53,0.013761826197272436,399989,中证医疗,CNY,CN10Y
2025-11-03,7354.02,0.017944,31.27,0.014035533098816756,399989,中证医疗,CNY,CN10Y
2025-11-04,7219.75,0.017984,30.66,0.014631786040443573,399989,中证医疗,CNY,CN10Y
2025-11-05,7234.37,0.017964,30.72,0.014588083333333335,399989,中证医疗,CNY,CN10Y
2025-11-06,7223.8,0.0181,30.76,0.014409752925877758,399989,中证医疗,CNY,CN10Y
2025-11-07,7188.73,0.018142,30.63,0.014505730982696703,399989,中证医疗,CNY,CN10Y
2025-11-10,7316.89,0.018139,31.16,0.013953426187419769,399989,中证医疗,CNY,CN10Y
2025-11-11,7287.08,0.018119,31.05,0.0140871191626409,399989,中证医疗,CNY,CN10Y
2025-11-12,7277.88,0.018071,31.01,0.014176662044501773,399989,中证医疗,CNY,CN10Y
2025-11-13,7328.64,0.018126,31.25,0.013874000000000001,399989,中证医疗,CNY,CN10Y
2025-11-14,7271.82,0.01814,31.01,0.014107662044501774,399989,中证医疗,CNY,CN10Y
2025-11-17,7156.51,0.018109,30.54,0.01463494237066143,399989,中证医疗,CNY,CN10Y
2025-11-18,7125.1,0.018121,30.4,0.01477373684210526,399989,中证医疗,CNY,CN10Y
2025-11-19,7056.23,0.018179,30.16,0.014977498673740056,399989,中证医疗,CNY,CN10Y
2025-11-20,6978.19,0.018135,29.79,0.015433311513930854,399989,中证医疗,CNY,CN10Y
2025-11-21,6856.18,0.018166,29.26,0.016010349965823643,399989,中证医疗,CNY,CN10Y
2025-11-24,6918.27,0.01821,29.44,0.015757391304347824,399989,中证医疗,CNY,CN10Y
2025-11-25,6931.01,0.018301,29.46,0.015643331296673457,399989,中证医疗,CNY,CN10Y
2025-11-26,6919.01,0.018462,29.4,0.015551605442176875,399989,中证医疗,CNY,CN10Y
2025-11-27,6884.79,0.0185369999999999,29.3,0.015592692832764606,399989,中证医疗,CNY,CN10Y
2025-11-28,6922.31,0.0184119999999999,29.52,0.015463338753387637,399989,中证医疗,CNY,CN10Y
2025-12-01,6952.34,0.018366,29.61,0.015406374197906116,399989,中证医疗,CNY,CN10Y
2025-12-02,6840.15,0.018442,29.18,0.015828047978067167,399989,中证医疗,CNY,CN10Y
2025-12-03,6793.89,0.018519,28.98,0.01598755624568668,399989,中证医疗,CNY,CN10Y
2025-12-04,6796.18,0.018718,29.02,0.01574099379738112,399989,中证医疗,CNY,CN10Y
2025-12-05,6861.88,0.01848,29.28,0.01567300546448087,399989,中证医疗,CNY,CN10Y
2025-12-08,6861.85,0.018499,29.26,0.015677349965823643,399989,中证医疗,CNY,CN10Y
2025-12-09,6822.76,0.018425,29.11,0.015927456200618344,399989,中证医疗,CNY,CN10Y
2025-12-10,6834.3,0.018447,29.14,0.015870089910775566,399989,中证医疗,CNY,CN10Y
2025-12-11,6762.76,0.018404,28.86,0.016246034650034647,399989,中证医疗,CNY,CN10Y
2025-12-12,6835.09,0.018396,29.14,0.01592108991077557,399989,中证医疗,CNY,CN10Y
2025-12-15,6769.62,0.018488,29.34,0.015595162917518748,399989,中证医疗,CNY,CN10Y
2025-12-16,6718.41,0.018458,29.11,0.015894456200618346,399989,中证医疗,CNY,CN10Y
2025-12-17,6842.25,0.01834,29.6,0.01544378378378378,399989,中证医疗,CNY,CN10Y
2025-12-18,6876.61,0.0183559999999999,29.81,0.01518979000335468,399989,中证医疗,CNY,CN10Y
2025-12-19,6937.11,0.018308,30.1,0.01491459136212624,399989,中证医疗,CNY,CN10Y
2025-12-22,6896.87,0.018415,29.98,0.014940570380253503,399989,中证医疗,CNY,CN10Y
2025-12-23,6833.01,0.018352,29.71,0.015306700774150118,399989,中证医疗,CNY,CN10Y
2025-12-24,6856.67,0.0183559999999999,29.8,0.015201046979865872,399989,中证医疗,CNY,CN10Y
2025-12-25,6937.09,0.018386,30.17,0.014759508783559826,399989,中证医疗,CNY,CN10Y
2025-12-26,6910.34,0.018376,30.09,0.014857632436025257,399989,中证医疗,CNY,CN10Y
2025-12-29,6859.71,0.018584,29.9,0.014860816053511704,399989,中证医疗,CNY,CN10Y
2025-12-30,6806.53,0.018582,29.63,0.01516757813027337,399989,中证医疗,CNY,CN10Y
2025-12-31,6760.06,0.018473,29.35,0.015598550255536626,399989,中证医疗,CNY,CN10Y
2026-01-04,,0.018427,29.35,0.015644550255536627,399989,中证医疗,CNY,CN10Y
2026-01-05,7092.18,0.018584,30.74,0.013946904359141189,399989,中证医疗,CNY,CN10Y
2026-01-06,7183.25,0.018829,31.19,0.013232558191728118,399989,中证医疗,CNY,CN10Y
2026-01-07,7227.86,0.0190189999999999,31.33,0.012899289179700072,399989,中证医疗,CNY,CN10Y
2026-01-08,7294.22,0.018905,31.56,0.012780678073510774,399989,中证医疗,CNY,CN10Y
2026-01-09,7450.57,0.018782,31.97,0.012497324366593683,399989,中证医疗,CNY,CN10Y
2026-01-12,7586.66,0.018585,32.36,0.012317348578491965,399989,中证医疗,CNY,CN10Y
2026-01-13,7712.92,0.018519,32.87,0.011903878004259204,399989,中证医疗,CNY,CN10Y
2026-01-14,7776.04,0.018494,32.97,0.011836603579011222,399989,中证医疗,CNY,CN10Y
2026-01-15,7680.86,0.018544,32.65,0.012083871362940275,399989,中证医疗,CNY,CN10Y
2026-01-16,7490.27,0.018424,32.14,0.012689876789047917,399989,中证医疗,CNY,CN10Y
2026-01-19,7410.54,0.018393,31.88,0.012974628607277293,399989,中证医疗,CNY,CN10Y
2026-01-20,7302.23,0.018326,31.4,0.013521133757961785,399989,中证医疗,CNY,CN10Y
2026-01-21,7310.49,0.018312,31.37,0.013565590054191907,399989,中证医疗,CNY,CN10Y
2026-01-22,7278.99,0.018425,31.21,0.01361601249599487,399989,中证医疗,CNY,CN10Y
2026-01-23,7378.82,0.018298,31.54,0.013407770450221946,399989,中证医疗,CNY,CN10Y
2026-01-26,7315.49,0.018242,31.35,0.013655926634768736,399989,中证医疗,CNY,CN10Y
2026-01-27,7236.66,0.018311,31.01,0.013936662044501773,399989,中证医疗,CNY,CN10Y
2026-01-28,7089.57,0.018164,30.45,0.014676722495894912,399989,中证医疗,CNY,CN10Y
2026-01-29,7194.8,0.018174,30.94,0.01414662055591467,399989,中证医疗,CNY,CN10Y
2026-01-30,7085.3,0.018112,30.45,0.014728722495894912,399989,中证医疗,CNY,CN10Y
2026-02-02,6931.95,0.0182,29.85,0.01530083752093802,399989,中证医疗,CNY,CN10Y
2026-02-03,7073.72,0.018172,30.39,0.014733561039815726,399989,中证医疗,CNY,CN10Y
2026-02-04,7152.25,0.018193,30.77,0.014306187520311993,399989,中证医疗,CNY,CN10Y
2026-02-05,7171.29,0.018169,30.94,0.014151620555914669,399989,中证医疗,CNY,CN10Y
2026-02-06,7118.98,0.018102,30.71,0.014460683165092802,399989,中证医疗,CNY,CN10Y
2026-02-09,7161.62,0.0181139999999999,30.82,0.01433246333549653,399989,中证医疗,CNY,CN10Y
2026-02-10,7197.66,0.018094,30.99,0.014174473701193936,399989,中证医疗,CNY,CN10Y
2026-02-11,7167.48,0.017994,30.91,0.014357989647363314,399989,中证医疗,CNY,CN10Y
2026-02-12,7144.42,0.017893,30.85,0.014521910858995138,399989,中证医疗,CNY,CN10Y
2026-02-13,7020.65,0.017928,30.34,0.015031789057350031,399989,中证医疗,CNY,CN10Y
2026-02-14,,0.017899,30.34,0.015060789057350029,399989,中证医疗,CNY,CN10Y
2026-02-24,7026.45,0.018023,30.38,0.014893392363396974,399989,中证医疗,CNY,CN10Y
2026-02-25,7084.54,0.018158,30.58,0.014543111837802485,399989,中证医疗,CNY,CN10Y
2026-02-26,7031.26,0.018288,30.37,0.01463923081988805,399989,中证医疗,CNY,CN10Y
2026-02-27,7066.94,0.017877,30.47,0.014942166393173615,399989,中证医疗,CNY,CN10Y
2026-02-28,,0.017753,30.47,0.015066166393173614,399989,中证医疗,CNY,CN10Y
2026-03-02,6921.29,0.017761,29.89,0.01569500535296086,399989,中证医疗,CNY,CN10Y
2026-03-03,6730.86,0.017807,29.18,0.016463047978067167,399989,中证医疗,CNY,CN10Y
2026-03-04,6649.47,0.017768,28.8,0.016954222222222225,399989,中证医疗,CNY,CN10Y
2026-03-05,6666.31,0.017779,28.85,0.016883045060658578,399989,中证医疗,CNY,CN10Y
2026-03-06,6784.99,0.01781,29.36,0.016249945504087197,399989,中证医疗,CNY,CN10Y
2026-03-09,6711.5,0.018054,29.0,0.016428758620689654,399989,中证医疗,CNY,CN10Y
2026-03-10,6827.15,0.018055,29.51,0.015831818027787187,399989,中证医疗,CNY,CN10Y
2026-03-11,6823.58,0.018075,29.49,0.0158347999321804,399989,中证医疗,CNY,CN10Y
2026-03-12,6762.95,0.018052,29.23,0.016159426616489905,399989,中证医疗,CNY,CN10Y
2026-03-13,6753.08,0.018143,29.22,0.016080134839151265,399989,中证医疗,CNY,CN10Y
2026-03-16,6751.27,0.018312,29.19,0.015946307639602603,399989,中证医疗,CNY,CN10Y
2026-03-17,6726.5,0.018314,29.15,0.01599131732418525,399989,中证医疗,CNY,CN10Y
2026-03-18,6741.75,0.018175,29.17,0.01610679636612958,399989,中证医疗,CNY,CN10Y
2026-03-19,6608.31,0.018252,28.6,0.01671303496503496,399989,中证医疗,CNY,CN10Y
2026-03-20,6474.65,0.018299,28.09,0.0173008576005696,399989,中证医疗,CNY,CN10Y
2026-03-23,6195.82,0.018316,26.96,0.018775988130563796,399989,中证医疗,CNY,CN10Y
2026-03-24,6371.88,0.018272,27.74,0.017777026676279745,399989,中证医疗,CNY,CN10Y
2026-03-25,6439.26,0.018233,27.98,0.017506814152966406,399989,中证医疗,CNY,CN10Y
2026-03-26,6336.78,0.018194,27.58,0.01806415808556926,399989,中证医疗,CNY,CN10Y
2026-03-27,6519.26,0.018172,28.31,0.01715120734722713,399989,中证医疗,CNY,CN10Y
2026-03-30,6564.7,0.018063,28.49,0.0170370351000351,399989,中证医疗,CNY,CN10Y
2026-03-31,6562.33,0.018171,28.44,0.016990744022503515,399989,中证医疗,CNY,CN10Y
2026-04-01,6798.94,0.018244,29.42,0.01574648266485384,399989,中证医疗,CNY,CN10Y
2026-04-02,6749.29,0.018209,29.19,0.016049307639602602,399989,中证医疗,CNY,CN10Y
2026-04-03,6592.13,0.018199,28.52,0.016864113604488078,399989,中证医疗,CNY,CN10Y
2026-04-07,6605.33,0.018171,28.6,0.01679403496503496,399989,中证医疗,CNY,CN10Y
2026-04-08,6768.26,0.018136,29.29,0.01600534516899966,399989,中证医疗,CNY,CN10Y
2026-04-09,6679.36,0.018192,28.94,0.01636225017277125,399989,中证医疗,CNY,CN10Y
2026-04-10,6752.98,0.018128,29.23,0.016083426616489906,399989,中证医疗,CNY,CN10Y
2026-04-13,6662.92,0.0179329999999999,28.9,0.016669076124567576,399989,中证医疗,CNY,CN10Y
2026-04-14,6724.99,0.0178289999999999,29.18,0.016441047978067266,399989,中证医疗,CNY,CN10Y
2026-04-15,6716.62,0.017809,29.15,0.01649631732418525,399989,中证医疗,CNY,CN10Y
2026-04-16,6718.09,0.0178119999999999,29.12,0.016528659340659436,399989,中证医疗,CNY,CN10Y
2026-04-17,6596.32,0.017623,28.52,0.017440113604488078,399989,中证医疗,CNY,CN10Y
2026-04-20,6657.86,0.017627,28.77,0.01713142891901286,399989,中证医疗,CNY,CN10Y
2026-04-21,6624.84,0.0175099999999999,28.67,0.017369665155214604,399989,中证医疗,CNY,CN10Y
2026-04-22,6697.35,0.0173889999999999,28.94,0.01716525017277135,399989,中证医疗,CNY,CN10Y
2026-04-23,6685.28,0.0175479999999999,28.98,0.01695855624568678,399989,中证医疗,CNY,CN10Y
2026-04-24,6674.66,0.017601,28.97,0.01691746738004833,399989,中证医疗,CNY,CN10Y
2026-04-27,6635.82,0.017697,28.73,0.017109822137138877,399989,中证医疗,CNY,CN10Y
2026-04-28,6750.38,0.017654,29.44,0.016313391304347825,399989,中证医疗,CNY,CN10Y
2026-04-29,6744.5,0.017444,29.52,0.016431338753387537,399989,中证医疗,CNY,CN10Y
2026-04-30,6687.22,0.017473,29.27,0.016691673727365904,399989,中证医疗,CNY,CN10Y
2026-05-06,6687.11,0.017654,27.58,0.01860415808556926,399989,中证医疗,CNY,CN10Y
2026-05-07,6732.37,0.0176309999999999,27.72,0.01844403607503618,399989,中证医疗,CNY,CN10Y
2026-05-08,6703.62,0.017648,27.5,0.01871563636363636,399989,中证医疗,CNY,CN10Y
2026-05-09,,0.0176699999999999,27.5,0.01869363636363646,399989,中证医疗,CNY,CN10Y
2026-05-11,6794.95,0.017622,27.83,0.018310446999640677,399989,中证医疗,CNY,CN10Y
2026-05-12,6721.85,0.017592,27.64,0.0185874500723589,399989,中证医疗,CNY,CN10Y
2026-05-13,6715.71,0.017514,27.63,0.018678544335866815,399989,中证医疗,CNY,CN10Y
2026-05-14,6540.58,0.017588,26.86,0.019642081906180192,399989,中证医疗,CNY,CN10Y
2026-05-15,6522.84,0.017658,26.76,0.01971120777279521,399989,中证医疗,CNY,CN10Y
2026-05-18,6413.74,0.017585,26.27,0.020481235249333842,399989,中证医疗,CNY,CN10Y
2026-05-19,6457.96,0.017345,26.41,0.020519445285876563,399989,中证医疗,CNY,CN10Y
2026-05-20,6392.38,0.0173819999999999,26.17,0.02082969277799016,399989,中证医疗,CNY,CN10Y
2026-05-21,6459.85,0.0174479999999999,26.5,0.02028784905660387,399989,中证医疗,CNY,CN10Y
2026-05-22,6387.65,0.017519,26.19,0.020663512409316534,399989,中证医疗,CNY,CN10Y
2026-05-25,6407.2,0.017484,26.21,0.02066937657382678,399989,中证医疗,CNY,CN10Y
2026-05-26,6364.28,0.017405,26.12,0.02087983920367534,399989,中证医疗,CNY,CN10Y
2026-05-27,6312.91,0.017216,25.97,0.021289968425105898,399989,中证医疗,CNY,CN10Y
2026-05-28,6235.54,0.017193,25.64,0.021808560062402498,399989,中证医疗,CNY,CN10Y
2026-05-29,6222.63,0.01709,25.65,0.021896354775828464,399989,中证医疗,CNY,CN10Y
2026-06-01,6180.87,0.017009,25.41,0.02234558480913026,399989,中证医疗,CNY,CN10Y
2026-06-02,6123.73,0.017036,25.19,0.02266229297340214,399989,中证医疗,CNY,CN10Y
2026-06-03,6033.98,0.017128,24.83,0.02314586226339106,399989,中证医疗,CNY,CN10Y
2026-06-04,5943.62,0.017081,24.45,0.023818795501022498,399989,中证医疗,CNY,CN10Y
2026-06-05,5935.05,0.017207,24.41,0.023759816878328552,399989,中证医疗,CNY,CN10Y
2026-06-08,5797.3,0.017275,23.92,0.024531020066889633,399989,中证医疗,CNY,CN10Y
2026-06-09,5771.56,0.017376,23.71,0.02480029692113032,399989,中证医疗,CNY,CN10Y
2026-06-10,5779.35,0.017476,23.88,0.024400046901172534,399989,中证医疗,CNY,CN10Y
2026-06-11,5780.22,0.017475,23.99,0.024209035014589413,399989,中证医疗,CNY,CN10Y
2026-06-12,5894.47,0.0174269999999999,24.27,0.023776131437989387,399989,中证医疗,CNY,CN10Y
2026-06-13,,0.0174269999999999,24.72,0.023026074433657062,399989,中证医疗,CNY,CN10Y
2026-06-14,,0.0174269999999999,24.72,0.023026074433657062,399989,中证医疗,CNY,CN10Y
2026-06-15,5888.59,0.017446,24.72,0.023007074433656963,399989,中证医疗,CNY,CN10Y
2026-06-16,5803.85,0.017324,24.35,0.02374376180698152,399989,中证医疗,CNY,CN10Y
2026-06-17,5796.75,0.01727,24.36,0.023780903119868635,399989,中证医疗,CNY,CN10Y
2026-06-18,5849.7,0.017299,24.59,0.023367937779585197,399989,中证医疗,CNY,CN10Y
2026-06-19,,0.017299,24.81,0.023007328093510682,399989,中证医疗,CNY,CN10Y
2026-06-20,,0.017299,24.81,0.023007328093510682,399989,中证医疗,CNY,CN10Y
2026-06-21,,0.017299,24.81,0.023007328093510682,399989,中证医疗,CNY,CN10Y
2026-06-22,5892.19,0.017375,24.81,0.02293132809351068,399989,中证医疗,CNY,CN10Y
2026-06-23,5881.32,0.017437,24.76,0.022950722132471728,399989,中证医疗,CNY,CN10Y
2026-06-24,5935.64,0.017454,25.15,0.022307431411530815,399989,中证医疗,CNY,CN10Y
2026-06-25,5980.04,0.017351,25.36,0.02208117665615142,399989,中证医疗,CNY,CN10Y
2026-06-26,5827.57,0.017314,24.84,0.022943648953301126,399989,中证医疗,CNY,CN10Y
2026-06-27,,0.017314,26.13,0.02095618752391887,399989,中证医疗,CNY,CN10Y
2026-06-28,,0.017314,26.13,0.02095618752391887,399989,中证医疗,CNY,CN10Y
2026-06-29,6127.38,0.01717,26.13,0.02110018752391887,399989,中证医疗,CNY,CN10Y
2026-06-30,6049.63,0.01733,25.75,0.021504951456310675,399989,中证医疗,CNY,CN10Y
2026-07-01,6222.21,0.0174479999999999,26.43,0.020387792659856324,399989,中证医疗,CNY,CN10Y
2026-07-02,6139.79,0.01741,26.0,0.021051538461538465,399989,中证医疗,CNY,CN10Y
2026-07-03,6254.41,0.017463,26.43,0.020372792659856226,399989,中证医疗,CNY,CN10Y
2026-07-04,,0.017463,26.41,0.020401445285876563,399989,中证医疗,CNY,CN10Y
2026-07-05,,0.017463,26.41,0.020401445285876563,399989,中证医疗,CNY,CN10Y
2026-07-06,6253.18,0.017379,26.41,0.020485445285876563,399989,中证医疗,CNY,CN10Y
2026-07-07,6049.32,0.0174059999999999,25.56,0.02171763067292655,399989,中证医疗,CNY,CN10Y
2026-07-08,5994.13,0.0173849999999999,25.3,0.022140691699604843,399989,中证医疗,CNY,CN10Y
2026-07-09,6075.41,0.017376,25.73,0.0214891379712398,399989,中证医疗,CNY,CN10Y
2026-07-10,6236.12,0.017398,26.32,0.020595920972644375,399989,中证医疗,CNY,CN10Y
2026-07-11,,0.017398,25.88,0.02124187635239567,399989,中证医疗,CNY,CN10Y
2026-07-12,,0.017398,25.88,0.02124187635239567,399989,中证医疗,CNY,CN10Y
2026-07-13,6128.38,0.017442,25.88,0.021197876352395673,399989,中证医疗,CNY,CN10Y
2026-07-14,6309.96,0.017402,26.71,0.020037161362785473,399989,中证医疗,CNY,CN10Y
2026-07-15,6573.07,0.0174059999999999,27.77,0.018604082823190593,399989,中证医疗,CNY,CN10Y
2026-07-16,6591.05,0.017437,27.77,0.018573082823190493,399989,中证医疗,CNY,CN10Y
2026-07-17,6276.19,0.017404,26.49,0.020346094375235938,399989,中证医疗,CNY,CN10Y
2026-07-18,,0.017404,27.24,0.01930671953010279,399989,中证医疗,CNY,CN10Y
2026-07-19,,0.017404,27.24,0.01930671953010279,399989,中证医疗,CNY,CN10Y
2026-07-20,6432.1,0.017453,27.24,0.01925771953010279,399989,中证医疗,CNY,CN10Y
2026-07-21,6483.61,0.01745,27.4,0.019046350364963507,399989,中证医疗,CNY,CN10Y
2026-07-22,6472.02,0.017297,27.39,0.019212675063891932,399989,中证医疗,CNY,CN10Y
2026-07-23,6433.14,0.017325,27.27,0.019345333700036674,399989,中证医疗,CNY,CN10Y
2026-07-24,6225.94,0.017282,26.46,0.02051089493575208,399989,中证医疗,CNY,CN10Y
2026-07-25,,0.017282,26.95,0.01982375139146568,399989,中证医疗,CNY,CN10Y
2026-07-26,,0.017282,26.95,0.01982375139146568,399989,中证医疗,CNY,CN10Y
2026-07-27,6370.69,0.017337,26.95,0.019768751391465677,399989,中证医疗,CNY,CN10Y
2026-07-28,6310.17,0.017351,26.75,0.020032177570093457,399989,中证医疗,CNY,CN10Y
2026-07-29,6429.62,0.017329,27.29,0.019314459142543056,399989,中证医疗,CNY,CN10Y
2026-07-30,6403.35,0.017196,27.3,0.019434036630036632,399989,中证医疗,CNY,CN10Y
2026-07-31,6514.63,0.017141,27.65,0.019025365280289332,399989,中证医疗,CNY,CN10Y
2026-08-01,,0.017141,27.45,0.01928887249544627,399989,中证医疗,CNY,CN10Y
2026-08-02,,0.017141,27.45,0.01928887249544627,399989,中证医疗,CNY,CN10Y
2026-08-03,6463.62,0.017169,27.45,0.01926087249544627,399989,中证医疗,CNY,CN10Y
2026-08-04,6608.21,0.017126,28.24,0.018284764872521248,399989,中证医疗,CNY,CN10Y
2026-08-05,6672.85,0.017137,28.58,0.017852503149055288,399989,中证医疗,CNY,CN10Y
2026-08-06,6548.9,0.017143,27.99,0.01858404537334763,399989,中证医疗,CNY,CN10Y
2026-08-07,6849.5,0.017114,29.32,0.016992412005457026,399989,中证医疗,CNY,CN10Y
2026-08-10,6981.87,0.017074,29.92,0.016348459893048124,399989,中证医疗,CNY,CN10Y
2026-08-11,6952.9,0.017161,29.71,0.01649770077415012,399989,中证医疗,CNY,CN10Y
2026-08-12,6931.52,0.017141,29.63,0.01660857813027337,399989,中证医疗,CNY,CN10Y
2026-08-13,7025.74,0.017032000000000002,29.97,0.016334700033366702,399989,中证医疗,CNY,CN10Y
2026-08-14,6949.47,0.016964,29.63,0.01678557813027337,399989,中证医疗,CNY,CN10Y
2026-08-17,6996.54,0.016923999999999998,30.01,0.016398225924691767,399989,中证医疗,CNY,CN10Y
2026-08-18,6991.0,0.016864,30.06,0.016402799733865606,399989,中证医疗,CNY,CN10Y
2026-08-19,6798.22,0.016831,29.37,0.017217348655090225,399989,中证医疗,CNY,CN10Y
2026-08-20,7098.39,0.016832,30.44,0.0160195111695138,399989,中证医疗,CNY,CN10Y
2026-08-21,6893.31,0.016839,29.51,0.01704781802778719,399989,中证医疗,CNY,CN10Y
2026-08-24,6692.59,0.016794,28.74,0.01800071120389701,399989,中证医疗,CNY,CN10Y
2026-08-25,6868.49,0.016815,29.54,0.017037403520649964,399989,中证医疗,CNY,CN10Y
2026-08-26,6806.99,0.016887,29.33,0.01720778349812479,399989,中证医疗,CNY,CN10Y
2026-08-27,6842.42,0.016988,29.45,0.016967857385398983,399989,中证医疗,CNY,CN10Y
2026-08-28,6758.16,0.016949000000000002,29.13,0.01737987058015791,399989,中证医疗,CNY,CN10Y
2026-08-31,6719.7,0.016883,28.9,0.017719076124567478,399989,中证医疗,CNY,CN10Y
2026-09-01,6734.89,0.016834000000000002,27.86,0.01905975448671931,399989,中证医疗,CNY,CN10Y
2026-09-02,6680.11,0.016861,27.73,0.019201026685899743,399989,中证医疗,CNY,CN10Y
2026-09-03,6690.39,0.016798,27.77,0.019212082823190493,399989,中证医疗,CNY,CN10Y
2026-09-04,6673.5,0.016804,27.71,0.01928405485384338,399989,中证医疗,CNY,CN10Y
