Date,Bond_Yield_10Y,PE,ERP,IndexCode,IndexName,Currency,BondCode
2005-01-03,0.0423,,,QQQ,Nasdaq 100,USD,US10Y
2005-01-04,0.0429,,,QQQ,Nasdaq 100,USD,US10Y
2005-01-05,0.0429,,,QQQ,Nasdaq 100,USD,US10Y
2005-01-06,0.0429,,,QQQ,Nasdaq 100,USD,US10Y
2005-01-07,0.0429,,,QQQ,Nasdaq 100,USD,US10Y
2005-01-10,0.0429,,,QQQ,Nasdaq 100,USD,US10Y
2005-01-11,0.0426,,,QQQ,Nasdaq 100,USD,US10Y
2005-01-12,0.0425,,,QQQ,Nasdaq 100,USD,US10Y
2005-01-13,0.042,,,QQQ,Nasdaq 100,USD,US10Y
2005-01-14,0.0423,,,QQQ,Nasdaq 100,USD,US10Y
2005-01-18,0.0421,,,QQQ,Nasdaq 100,USD,US10Y
2005-01-19,0.042,,,QQQ,Nasdaq 100,USD,US10Y
2005-01-20,0.0417,,,QQQ,Nasdaq 100,USD,US10Y
2005-01-21,0.0416,,,QQQ,Nasdaq 100,USD,US10Y
2005-01-24,0.0414,,,QQQ,Nasdaq 100,USD,US10Y
2005-01-25,0.042,,,QQQ,Nasdaq 100,USD,US10Y
2005-01-26,0.0421,,,QQQ,Nasdaq 100,USD,US10Y
2005-01-27,0.0421999999999999,,,QQQ,Nasdaq 100,USD,US10Y
2005-01-28,0.0416,,,QQQ,Nasdaq 100,USD,US10Y
2005-01-31,0.0414,,,QQQ,Nasdaq 100,USD,US10Y
2005-02-01,0.0415,,,QQQ,Nasdaq 100,USD,US10Y
2005-02-02,0.0415,,,QQQ,Nasdaq 100,USD,US10Y
2005-02-03,0.0418,,,QQQ,Nasdaq 100,USD,US10Y
2005-02-04,0.0409,,,QQQ,Nasdaq 100,USD,US10Y
2005-02-07,0.0407,,,QQQ,Nasdaq 100,USD,US10Y
2005-02-08,0.0405,,,QQQ,Nasdaq 100,USD,US10Y
2005-02-09,0.04,,,QQQ,Nasdaq 100,USD,US10Y
2005-02-10,0.0407,,,QQQ,Nasdaq 100,USD,US10Y
2005-02-11,0.0409999999999999,,,QQQ,Nasdaq 100,USD,US10Y
2005-02-14,0.0408,,,QQQ,Nasdaq 100,USD,US10Y
2005-02-15,0.0409999999999999,,,QQQ,Nasdaq 100,USD,US10Y
2005-02-16,0.0416,,,QQQ,Nasdaq 100,USD,US10Y
2005-02-17,0.0419,,,QQQ,Nasdaq 100,USD,US10Y
2005-02-18,0.0426999999999999,,,QQQ,Nasdaq 100,USD,US10Y
2005-02-22,0.0429,,,QQQ,Nasdaq 100,USD,US10Y
2005-02-23,0.0426999999999999,,,QQQ,Nasdaq 100,USD,US10Y
2005-02-24,0.0429,,,QQQ,Nasdaq 100,USD,US10Y
2005-02-25,0.0426999999999999,,,QQQ,Nasdaq 100,USD,US10Y
2005-02-28,0.0436,,,QQQ,Nasdaq 100,USD,US10Y
2005-03-01,0.0438,,,QQQ,Nasdaq 100,USD,US10Y
2005-03-02,0.0438,,,QQQ,Nasdaq 100,USD,US10Y
2005-03-03,0.0438999999999999,,,QQQ,Nasdaq 100,USD,US10Y
2005-03-04,0.0432,,,QQQ,Nasdaq 100,USD,US10Y
2005-03-07,0.0431,,,QQQ,Nasdaq 100,USD,US10Y
2005-03-08,0.0438,,,QQQ,Nasdaq 100,USD,US10Y
2005-03-09,0.0452,,,QQQ,Nasdaq 100,USD,US10Y
2005-03-10,0.0448,,,QQQ,Nasdaq 100,USD,US10Y
2005-03-11,0.0455999999999999,,,QQQ,Nasdaq 100,USD,US10Y
2005-03-14,0.0452,,,QQQ,Nasdaq 100,USD,US10Y
2005-03-15,0.0454,,,QQQ,Nasdaq 100,USD,US10Y
2005-03-16,0.0452,,,QQQ,Nasdaq 100,USD,US10Y
2005-03-17,0.0447,,,QQQ,Nasdaq 100,USD,US10Y
2005-03-18,0.0451,,,QQQ,Nasdaq 100,USD,US10Y
2005-03-21,0.0453,,,QQQ,Nasdaq 100,USD,US10Y
2005-03-22,0.0463,,,QQQ,Nasdaq 100,USD,US10Y
2005-03-23,0.0461,,,QQQ,Nasdaq 100,USD,US10Y
2005-03-24,0.046,,,QQQ,Nasdaq 100,USD,US10Y
2005-03-28,0.0464,,,QQQ,Nasdaq 100,USD,US10Y
2005-03-29,0.046,,,QQQ,Nasdaq 100,USD,US10Y
2005-03-30,0.0455999999999999,,,QQQ,Nasdaq 100,USD,US10Y
2005-03-31,0.045,,,QQQ,Nasdaq 100,USD,US10Y
2005-04-01,0.0446,,,QQQ,Nasdaq 100,USD,US10Y
2005-04-04,0.0447,,,QQQ,Nasdaq 100,USD,US10Y
2005-04-05,0.0448,,,QQQ,Nasdaq 100,USD,US10Y
2005-04-06,0.0444,,,QQQ,Nasdaq 100,USD,US10Y
2005-04-07,0.0449,,,QQQ,Nasdaq 100,USD,US10Y
2005-04-08,0.045,,,QQQ,Nasdaq 100,USD,US10Y
2005-04-11,0.0445,,,QQQ,Nasdaq 100,USD,US10Y
2005-04-12,0.0438,,,QQQ,Nasdaq 100,USD,US10Y
2005-04-13,0.0438,,,QQQ,Nasdaq 100,USD,US10Y
2005-04-14,0.0437,,,QQQ,Nasdaq 100,USD,US10Y
2005-04-15,0.0426999999999999,,,QQQ,Nasdaq 100,USD,US10Y
2005-04-18,0.0426999999999999,,,QQQ,Nasdaq 100,USD,US10Y
2005-04-19,0.0421,,,QQQ,Nasdaq 100,USD,US10Y
2005-04-20,0.0421999999999999,,,QQQ,Nasdaq 100,USD,US10Y
2005-04-21,0.0432,,,QQQ,Nasdaq 100,USD,US10Y
2005-04-22,0.0426,,,QQQ,Nasdaq 100,USD,US10Y
2005-04-25,0.0426,,,QQQ,Nasdaq 100,USD,US10Y
2005-04-26,0.0428,,,QQQ,Nasdaq 100,USD,US10Y
2005-04-27,0.0425,,,QQQ,Nasdaq 100,USD,US10Y
2005-04-28,0.0419,,,QQQ,Nasdaq 100,USD,US10Y
2005-04-29,0.0421,,,QQQ,Nasdaq 100,USD,US10Y
2005-05-02,0.0421,,,QQQ,Nasdaq 100,USD,US10Y
2005-05-03,0.0421,,,QQQ,Nasdaq 100,USD,US10Y
2005-05-04,0.042,,,QQQ,Nasdaq 100,USD,US10Y
2005-05-05,0.0419,,,QQQ,Nasdaq 100,USD,US10Y
2005-05-06,0.0428,,,QQQ,Nasdaq 100,USD,US10Y
2005-05-09,0.0429,,,QQQ,Nasdaq 100,USD,US10Y
2005-05-10,0.0423,,,QQQ,Nasdaq 100,USD,US10Y
2005-05-11,0.0421,,,QQQ,Nasdaq 100,USD,US10Y
2005-05-12,0.0418,,,QQQ,Nasdaq 100,USD,US10Y
2005-05-13,0.0412,,,QQQ,Nasdaq 100,USD,US10Y
2005-05-16,0.0412999999999999,,,QQQ,Nasdaq 100,USD,US10Y
2005-05-17,0.0412,,,QQQ,Nasdaq 100,USD,US10Y
2005-05-18,0.0407,,,QQQ,Nasdaq 100,USD,US10Y
2005-05-19,0.0411,,,QQQ,Nasdaq 100,USD,US10Y
2005-05-20,0.0412999999999999,,,QQQ,Nasdaq 100,USD,US10Y
2005-05-23,0.0407,,,QQQ,Nasdaq 100,USD,US10Y
2005-05-24,0.0404,,,QQQ,Nasdaq 100,USD,US10Y
2005-05-25,0.0408,,,QQQ,Nasdaq 100,USD,US10Y
2005-05-26,0.0408,,,QQQ,Nasdaq 100,USD,US10Y
2005-05-27,0.0408,,,QQQ,Nasdaq 100,USD,US10Y
2005-05-31,0.04,,,QQQ,Nasdaq 100,USD,US10Y
2005-06-01,0.0391,,,QQQ,Nasdaq 100,USD,US10Y
2005-06-02,0.0389,,,QQQ,Nasdaq 100,USD,US10Y
2005-06-03,0.0398,,,QQQ,Nasdaq 100,USD,US10Y
2005-06-06,0.0395999999999999,,,QQQ,Nasdaq 100,USD,US10Y
2005-06-07,0.0392,,,QQQ,Nasdaq 100,USD,US10Y
2005-06-08,0.0395,,,QQQ,Nasdaq 100,USD,US10Y
2005-06-09,0.0398,,,QQQ,Nasdaq 100,USD,US10Y
2005-06-10,0.0405,,,QQQ,Nasdaq 100,USD,US10Y
2005-06-13,0.0409,,,QQQ,Nasdaq 100,USD,US10Y
2005-06-14,0.0412999999999999,,,QQQ,Nasdaq 100,USD,US10Y
2005-06-15,0.0412,,,QQQ,Nasdaq 100,USD,US10Y
2005-06-16,0.0409,,,QQQ,Nasdaq 100,USD,US10Y
2005-06-17,0.0409,,,QQQ,Nasdaq 100,USD,US10Y
2005-06-20,0.0411,,,QQQ,Nasdaq 100,USD,US10Y
2005-06-21,0.0406,,,QQQ,Nasdaq 100,USD,US10Y
2005-06-22,0.0395,,,QQQ,Nasdaq 100,USD,US10Y
2005-06-23,0.0395999999999999,,,QQQ,Nasdaq 100,USD,US10Y
2005-06-24,0.0392,,,QQQ,Nasdaq 100,USD,US10Y
2005-06-27,0.039,,,QQQ,Nasdaq 100,USD,US10Y
2005-06-28,0.0397,,,QQQ,Nasdaq 100,USD,US10Y
2005-06-29,0.0399,,,QQQ,Nasdaq 100,USD,US10Y
2005-06-30,0.0394,,,QQQ,Nasdaq 100,USD,US10Y
2005-07-01,0.0406,,,QQQ,Nasdaq 100,USD,US10Y
2005-07-05,0.0411,,,QQQ,Nasdaq 100,USD,US10Y
2005-07-06,0.0408,,,QQQ,Nasdaq 100,USD,US10Y
2005-07-07,0.0405,,,QQQ,Nasdaq 100,USD,US10Y
2005-07-08,0.0411,,,QQQ,Nasdaq 100,USD,US10Y
2005-07-11,0.0411,,,QQQ,Nasdaq 100,USD,US10Y
2005-07-12,0.0415,,,QQQ,Nasdaq 100,USD,US10Y
2005-07-13,0.0417,,,QQQ,Nasdaq 100,USD,US10Y
2005-07-14,0.0419,,,QQQ,Nasdaq 100,USD,US10Y
2005-07-15,0.0418,,,QQQ,Nasdaq 100,USD,US10Y
2005-07-18,0.0421999999999999,,,QQQ,Nasdaq 100,USD,US10Y
2005-07-19,0.042,,,QQQ,Nasdaq 100,USD,US10Y
2005-07-20,0.0417,,,QQQ,Nasdaq 100,USD,US10Y
2005-07-21,0.0428,,,QQQ,Nasdaq 100,USD,US10Y
2005-07-22,0.0423,,,QQQ,Nasdaq 100,USD,US10Y
2005-07-25,0.0425,,,QQQ,Nasdaq 100,USD,US10Y
2005-07-26,0.0424,,,QQQ,Nasdaq 100,USD,US10Y
2005-07-27,0.0426999999999999,,,QQQ,Nasdaq 100,USD,US10Y
2005-07-28,0.042,,,QQQ,Nasdaq 100,USD,US10Y
2005-07-29,0.0428,,,QQQ,Nasdaq 100,USD,US10Y
2005-08-01,0.0432,,,QQQ,Nasdaq 100,USD,US10Y
2005-08-02,0.0434,,,QQQ,Nasdaq 100,USD,US10Y
2005-08-03,0.043,,,QQQ,Nasdaq 100,USD,US10Y
2005-08-04,0.0432,,,QQQ,Nasdaq 100,USD,US10Y
2005-08-05,0.044,,,QQQ,Nasdaq 100,USD,US10Y
2005-08-08,0.0441999999999999,,,QQQ,Nasdaq 100,USD,US10Y
2005-08-09,0.0441,,,QQQ,Nasdaq 100,USD,US10Y
2005-08-10,0.044,,,QQQ,Nasdaq 100,USD,US10Y
2005-08-11,0.0432,,,QQQ,Nasdaq 100,USD,US10Y
2005-08-12,0.0424,,,QQQ,Nasdaq 100,USD,US10Y
2005-08-15,0.0426999999999999,,,QQQ,Nasdaq 100,USD,US10Y
2005-08-16,0.0423,,,QQQ,Nasdaq 100,USD,US10Y
2005-08-17,0.0428,,,QQQ,Nasdaq 100,USD,US10Y
2005-08-18,0.0421,,,QQQ,Nasdaq 100,USD,US10Y
2005-08-19,0.0421,,,QQQ,Nasdaq 100,USD,US10Y
2005-08-22,0.0421999999999999,,,QQQ,Nasdaq 100,USD,US10Y
2005-08-23,0.042,,,QQQ,Nasdaq 100,USD,US10Y
2005-08-24,0.0419,,,QQQ,Nasdaq 100,USD,US10Y
2005-08-25,0.0418,,,QQQ,Nasdaq 100,USD,US10Y
2005-08-26,0.042,,,QQQ,Nasdaq 100,USD,US10Y
2005-08-29,0.042,,,QQQ,Nasdaq 100,USD,US10Y
2005-08-30,0.0416,,,QQQ,Nasdaq 100,USD,US10Y
2005-08-31,0.0401999999999999,,,QQQ,Nasdaq 100,USD,US10Y
2005-09-01,0.0401999999999999,,,QQQ,Nasdaq 100,USD,US10Y
2005-09-02,0.0403,,,QQQ,Nasdaq 100,USD,US10Y
2005-09-06,0.0409,,,QQQ,Nasdaq 100,USD,US10Y
2005-09-07,0.0415,,,QQQ,Nasdaq 100,USD,US10Y
2005-09-08,0.0415,,,QQQ,Nasdaq 100,USD,US10Y
2005-09-09,0.0414,,,QQQ,Nasdaq 100,USD,US10Y
2005-09-12,0.0418,,,QQQ,Nasdaq 100,USD,US10Y
2005-09-13,0.0414,,,QQQ,Nasdaq 100,USD,US10Y
2005-09-14,0.0417,,,QQQ,Nasdaq 100,USD,US10Y
2005-09-15,0.0421999999999999,,,QQQ,Nasdaq 100,USD,US10Y
2005-09-16,0.0426,,,QQQ,Nasdaq 100,USD,US10Y
2005-09-19,0.0425,,,QQQ,Nasdaq 100,USD,US10Y
2005-09-20,0.0426,,,QQQ,Nasdaq 100,USD,US10Y
2005-09-21,0.0419,,,QQQ,Nasdaq 100,USD,US10Y
2005-09-22,0.0419,,,QQQ,Nasdaq 100,USD,US10Y
2005-09-23,0.0425,,,QQQ,Nasdaq 100,USD,US10Y
2005-09-26,0.043,,,QQQ,Nasdaq 100,USD,US10Y
2005-09-27,0.043,,,QQQ,Nasdaq 100,USD,US10Y
2005-09-28,0.0426,,,QQQ,Nasdaq 100,USD,US10Y
2005-09-29,0.0429,,,QQQ,Nasdaq 100,USD,US10Y
2005-09-30,0.0434,,,QQQ,Nasdaq 100,USD,US10Y
2005-10-03,0.0438999999999999,,,QQQ,Nasdaq 100,USD,US10Y
2005-10-04,0.0438,,,QQQ,Nasdaq 100,USD,US10Y
2005-10-05,0.0436,,,QQQ,Nasdaq 100,USD,US10Y
2005-10-06,0.0437,,,QQQ,Nasdaq 100,USD,US10Y
2005-10-07,0.0435,,,QQQ,Nasdaq 100,USD,US10Y
2005-10-11,0.0438999999999999,,,QQQ,Nasdaq 100,USD,US10Y
2005-10-12,0.0445,,,QQQ,Nasdaq 100,USD,US10Y
2005-10-13,0.0448,,,QQQ,Nasdaq 100,USD,US10Y
2005-10-14,0.0448,,,QQQ,Nasdaq 100,USD,US10Y
2005-10-17,0.045,,,QQQ,Nasdaq 100,USD,US10Y
2005-10-18,0.0449,,,QQQ,Nasdaq 100,USD,US10Y
2005-10-19,0.0447,,,QQQ,Nasdaq 100,USD,US10Y
2005-10-20,0.0446,,,QQQ,Nasdaq 100,USD,US10Y
2005-10-21,0.0438999999999999,,,QQQ,Nasdaq 100,USD,US10Y
2005-10-24,0.0445,,,QQQ,Nasdaq 100,USD,US10Y
2005-10-25,0.0454,,,QQQ,Nasdaq 100,USD,US10Y
2005-10-26,0.046,,,QQQ,Nasdaq 100,USD,US10Y
2005-10-27,0.0457,,,QQQ,Nasdaq 100,USD,US10Y
2005-10-28,0.0458,,,QQQ,Nasdaq 100,USD,US10Y
2005-10-31,0.0457,,,QQQ,Nasdaq 100,USD,US10Y
2005-11-01,0.0458,,,QQQ,Nasdaq 100,USD,US10Y
2005-11-02,0.0461,,,QQQ,Nasdaq 100,USD,US10Y
2005-11-03,0.0465,,,QQQ,Nasdaq 100,USD,US10Y
2005-11-04,0.0466,,,QQQ,Nasdaq 100,USD,US10Y
2005-11-07,0.0465,,,QQQ,Nasdaq 100,USD,US10Y
2005-11-08,0.0457,,,QQQ,Nasdaq 100,USD,US10Y
2005-11-09,0.0464,,,QQQ,Nasdaq 100,USD,US10Y
2005-11-10,0.0455,,,QQQ,Nasdaq 100,USD,US10Y
2005-11-14,0.0461,,,QQQ,Nasdaq 100,USD,US10Y
2005-11-15,0.0455999999999999,,,QQQ,Nasdaq 100,USD,US10Y
2005-11-16,0.0449,,,QQQ,Nasdaq 100,USD,US10Y
2005-11-17,0.0446,,,QQQ,Nasdaq 100,USD,US10Y
2005-11-18,0.045,,,QQQ,Nasdaq 100,USD,US10Y
2005-11-21,0.0446,,,QQQ,Nasdaq 100,USD,US10Y
2005-11-22,0.0443,,,QQQ,Nasdaq 100,USD,US10Y
2005-11-23,0.0447,,,QQQ,Nasdaq 100,USD,US10Y
2005-11-25,0.0443,,,QQQ,Nasdaq 100,USD,US10Y
2005-11-28,0.0441,,,QQQ,Nasdaq 100,USD,US10Y
2005-11-29,0.0448,,,QQQ,Nasdaq 100,USD,US10Y
2005-11-30,0.0449,,,QQQ,Nasdaq 100,USD,US10Y
2005-12-01,0.0452,,,QQQ,Nasdaq 100,USD,US10Y
2005-12-02,0.0452,,,QQQ,Nasdaq 100,USD,US10Y
2005-12-05,0.0457,,,QQQ,Nasdaq 100,USD,US10Y
2005-12-06,0.0449,,,QQQ,Nasdaq 100,USD,US10Y
2005-12-07,0.0452,,,QQQ,Nasdaq 100,USD,US10Y
2005-12-08,0.0447,,,QQQ,Nasdaq 100,USD,US10Y
2005-12-09,0.0454,,,QQQ,Nasdaq 100,USD,US10Y
2005-12-12,0.0455999999999999,,,QQQ,Nasdaq 100,USD,US10Y
2005-12-13,0.0454,,,QQQ,Nasdaq 100,USD,US10Y
2005-12-14,0.0445,,,QQQ,Nasdaq 100,USD,US10Y
2005-12-15,0.0447,,,QQQ,Nasdaq 100,USD,US10Y
2005-12-16,0.0445,,,QQQ,Nasdaq 100,USD,US10Y
2005-12-19,0.0445,,,QQQ,Nasdaq 100,USD,US10Y
2005-12-20,0.0447,,,QQQ,Nasdaq 100,USD,US10Y
2005-12-21,0.0449,,,QQQ,Nasdaq 100,USD,US10Y
2005-12-22,0.0444,,,QQQ,Nasdaq 100,USD,US10Y
2005-12-23,0.0438,,,QQQ,Nasdaq 100,USD,US10Y
2005-12-27,0.0434,,,QQQ,Nasdaq 100,USD,US10Y
2005-12-28,0.0438,,,QQQ,Nasdaq 100,USD,US10Y
2005-12-29,0.0437,,,QQQ,Nasdaq 100,USD,US10Y
2005-12-30,0.0438999999999999,,,QQQ,Nasdaq 100,USD,US10Y
2006-01-03,0.0437,26.49,-0.005949905624764,QQQ,Nasdaq 100,USD,US10Y
2006-01-04,0.0436,26.74,-0.006202842183994,QQQ,Nasdaq 100,USD,US10Y
2006-01-05,0.0436,26.89,-0.0064114540721457,QQQ,Nasdaq 100,USD,US10Y
2006-01-06,0.0438,27.36,-0.0072502923976608,QQQ,Nasdaq 100,USD,US10Y
2006-01-09,0.0438,27.47,-0.007396650891882,QQQ,Nasdaq 100,USD,US10Y
2006-01-10,0.0443,27.5,-0.0079363636363636,QQQ,Nasdaq 100,USD,US10Y
2006-01-11,0.0446,27.73,-0.0085379733141002,QQQ,Nasdaq 100,USD,US10Y
2006-01-12,0.0441999999999999,27.56,-0.0079155297532655,QQQ,Nasdaq 100,USD,US10Y
2006-01-13,0.0436,27.55,-0.0073023593466424,QQQ,Nasdaq 100,USD,US10Y
2006-01-17,0.0434,27.38,-0.0068769905040175,QQQ,Nasdaq 100,USD,US10Y
2006-01-18,0.0434,27.07,-0.006458736608792,QQQ,Nasdaq 100,USD,US10Y
2006-01-19,0.0438,27.28,-0.0071431085043988,QQQ,Nasdaq 100,USD,US10Y
2006-01-20,0.0437,26.44,-0.005878517397882,QQQ,Nasdaq 100,USD,US10Y
2006-01-23,0.0436,26.44,-0.005778517397882,QQQ,Nasdaq 100,USD,US10Y
2006-01-24,0.044,26.59,-0.0063918766453553,QQQ,Nasdaq 100,USD,US10Y
2006-01-25,0.0449,26.45,-0.0070928166351606,QQQ,Nasdaq 100,USD,US10Y
2006-01-26,0.0453,26.66,-0.0077906226556639,QQQ,Nasdaq 100,USD,US10Y
2006-01-27,0.0452,26.98,-0.0081355077835433,QQQ,Nasdaq 100,USD,US10Y
2006-01-30,0.0454,27.02,-0.0083903774981495,QQQ,Nasdaq 100,USD,US10Y
2006-01-31,0.0453,26.98,-0.0082355077835433,QQQ,Nasdaq 100,USD,US10Y
2006-02-01,0.0457,27.01,-0.0086766753054424,QQQ,Nasdaq 100,USD,US10Y
2006-02-02,0.0457,26.58,-0.0080777276147479,QQQ,Nasdaq 100,USD,US10Y
2006-02-03,0.0454,26.25,-0.0073047619047619,QQQ,Nasdaq 100,USD,US10Y
2006-02-06,0.0455,26.14,-0.0072444529456771,QQQ,Nasdaq 100,USD,US10Y
2006-02-07,0.0457,26.05,-0.0073122840690978,QQQ,Nasdaq 100,USD,US10Y
2006-02-08,0.0455999999999999,26.34,-0.0076349278663628,QQQ,Nasdaq 100,USD,US10Y
2006-02-09,0.0454,26.09,-0.0070711383671904,QQQ,Nasdaq 100,USD,US10Y
2006-02-10,0.0458999999999999,26.24,-0.0077902439024389,QQQ,Nasdaq 100,USD,US10Y
2006-02-13,0.0458,25.96,-0.0072791987673343,QQQ,Nasdaq 100,USD,US10Y
2006-02-14,0.0462,26.21,-0.0080466234261732,QQQ,Nasdaq 100,USD,US10Y
2006-02-15,0.0461,26.39,-0.0082068586585827,QQQ,Nasdaq 100,USD,US10Y
2006-02-16,0.0458999999999999,26.63,-0.0083483665039428,QQQ,Nasdaq 100,USD,US10Y
2006-02-17,0.0454,26.42,-0.0075498864496593,QQQ,Nasdaq 100,USD,US10Y
2006-02-21,0.0457,26.11,-0.0074004978935273,QQQ,Nasdaq 100,USD,US10Y
2006-02-22,0.0453,26.45,-0.0074928166351606,QQQ,Nasdaq 100,USD,US10Y
2006-02-23,0.0455999999999999,26.37,-0.007678119074706,QQQ,Nasdaq 100,USD,US10Y
2006-02-24,0.0458,26.44,-0.007978517397882,QQQ,Nasdaq 100,USD,US10Y
2006-02-27,0.0458999999999999,26.74,-0.0085028421839939,QQQ,Nasdaq 100,USD,US10Y
2006-02-28,0.0455,26.35,-0.0075493358633776,QQQ,Nasdaq 100,USD,US10Y
2006-03-01,0.0458999999999999,26.72,-0.008474850299401,QQQ,Nasdaq 100,USD,US10Y
2006-03-02,0.0464,26.71,-0.0089608386372145,QQQ,Nasdaq 100,USD,US10Y
2006-03-03,0.0467999999999999,26.56,-0.0091493975903613,QQQ,Nasdaq 100,USD,US10Y
2006-03-06,0.0474,26.34,-0.0094349278663629,QQQ,Nasdaq 100,USD,US10Y
2006-03-07,0.0474,26.19,-0.0092174875906834,QQQ,Nasdaq 100,USD,US10Y
2006-03-08,0.0473,26.21,-0.0091466234261732,QQQ,Nasdaq 100,USD,US10Y
2006-03-09,0.0474,25.94,-0.0088494988434849,QQQ,Nasdaq 100,USD,US10Y
2006-03-10,0.0475999999999999,25.99,-0.0091236629472873,QQQ,Nasdaq 100,USD,US10Y
2006-03-13,0.0476999999999999,26.08,-0.0093564417177913,QQQ,Nasdaq 100,USD,US10Y
2006-03-14,0.0471,26.51,-0.0093783855149,QQQ,Nasdaq 100,USD,US10Y
2006-03-15,0.0473,26.72,-0.0098748502994011,QQQ,Nasdaq 100,USD,US10Y
2006-03-16,0.0465,26.48,-0.0087356495468277,QQQ,Nasdaq 100,USD,US10Y
2006-03-17,0.0467999999999999,26.58,-0.0091777276147478,QQQ,Nasdaq 100,USD,US10Y
2006-03-20,0.0466,26.64,-0.0090624624624624,QQQ,Nasdaq 100,USD,US10Y
2006-03-21,0.0471,26.38,-0.0091924943138741,QQQ,Nasdaq 100,USD,US10Y
2006-03-22,0.047,26.44,-0.009178517397882,QQQ,Nasdaq 100,USD,US10Y
2006-03-23,0.0473,26.35,-0.0093493358633776,QQQ,Nasdaq 100,USD,US10Y
2006-03-24,0.0467,26.49,-0.008949905624764,QQQ,Nasdaq 100,USD,US10Y
2006-03-27,0.047,26.5,-0.0092641509433962,QQQ,Nasdaq 100,USD,US10Y
2006-03-28,0.0479,26.38,-0.0099924943138741,QQQ,Nasdaq 100,USD,US10Y
2006-03-29,0.0481,26.87,-0.0108837737253442,QQQ,Nasdaq 100,USD,US10Y
2006-03-30,0.0486,26.95,-0.0114942486085343,QQQ,Nasdaq 100,USD,US10Y
2006-03-31,0.0486,25.82,-0.0098703330751355,QQQ,Nasdaq 100,USD,US10Y
2006-04-03,0.0487999999999999,25.87,-0.0101451874758406,QQQ,Nasdaq 100,USD,US10Y
2006-04-04,0.0487,26.02,-0.0102680245964642,QQQ,Nasdaq 100,USD,US10Y
2006-04-05,0.0484,26.26,-0.0103192688499619,QQQ,Nasdaq 100,USD,US10Y
2006-04-06,0.049,26.36,-0.0110637329286798,QQQ,Nasdaq 100,USD,US10Y
2006-04-07,0.0496999999999999,26.11,-0.0114004978935272,QQQ,Nasdaq 100,USD,US10Y
2006-04-10,0.0496999999999999,26.05,-0.0113122840690977,QQQ,Nasdaq 100,USD,US10Y
2006-04-11,0.0493,25.83,-0.0105853271389856,QQQ,Nasdaq 100,USD,US10Y
2006-04-12,0.0498,25.84,-0.0111003095975232,QQQ,Nasdaq 100,USD,US10Y
2006-04-13,0.0504999999999999,25.95,-0.0119643545279382,QQQ,Nasdaq 100,USD,US10Y
2006-04-17,0.0501,25.68,-0.0111591900311526,QQQ,Nasdaq 100,USD,US10Y
2006-04-18,0.0499,26.17,-0.0116883072220099,QQQ,Nasdaq 100,USD,US10Y
2006-04-19,0.0504,26.28,-0.0123482496194824,QQQ,Nasdaq 100,USD,US10Y
2006-04-20,0.0504,26.2,-0.0122320610687022,QQQ,Nasdaq 100,USD,US10Y
2006-04-21,0.0501,25.9,-0.0114899613899613,QQQ,Nasdaq 100,USD,US10Y
2006-04-24,0.0499,25.86,-0.0112302397525135,QQQ,Nasdaq 100,USD,US10Y
2006-04-25,0.0507,25.79,-0.0119252811167119,QQQ,Nasdaq 100,USD,US10Y
2006-04-26,0.0512,25.8,-0.0124403100775193,QQQ,Nasdaq 100,USD,US10Y
2006-04-27,0.0509,26.02,-0.0124680245964642,QQQ,Nasdaq 100,USD,US10Y
2006-04-28,0.0507,25.78,-0.0119102404965089,QQQ,Nasdaq 100,USD,US10Y
2006-05-01,0.0513999999999999,25.56,-0.0122763693270734,QQQ,Nasdaq 100,USD,US10Y
2006-05-02,0.0512,25.61,-0.0121527528309254,QQQ,Nasdaq 100,USD,US10Y
2006-05-03,0.0515,25.56,-0.0123763693270735,QQQ,Nasdaq 100,USD,US10Y
2006-05-04,0.0516,25.78,-0.0128102404965089,QQQ,Nasdaq 100,USD,US10Y
2006-05-05,0.0512,25.97,-0.0126940315748941,QQQ,Nasdaq 100,USD,US10Y
2006-05-08,0.0512,26.0,-0.0127384615384615,QQQ,Nasdaq 100,USD,US10Y
2006-05-09,0.0513,25.93,-0.0127346317007327,QQQ,Nasdaq 100,USD,US10Y
2006-05-10,0.0513,25.69,-0.0123743479953289,QQQ,Nasdaq 100,USD,US10Y
2006-05-11,0.0513999999999999,25.12,-0.0115910828025476,QQQ,Nasdaq 100,USD,US10Y
2006-05-12,0.0519,24.79,-0.0115611536910044,QQQ,Nasdaq 100,USD,US10Y
2006-05-15,0.0515,24.78,-0.0111448748991121,QQQ,Nasdaq 100,USD,US10Y
2006-05-16,0.051,24.61,-0.0103661113368549,QQQ,Nasdaq 100,USD,US10Y
2006-05-17,0.0516,24.23,-0.0103288485348741,QQQ,Nasdaq 100,USD,US10Y
2006-05-18,0.0508,24.05,-0.0092199584199584,QQQ,Nasdaq 100,USD,US10Y
2006-05-19,0.0504999999999999,24.26,-0.0092798845836767,QQQ,Nasdaq 100,USD,US10Y
2006-05-22,0.0504,24.01,-0.0087506872136609,QQQ,Nasdaq 100,USD,US10Y
2006-05-23,0.0507,23.78,-0.0086478553406223,QQQ,Nasdaq 100,USD,US10Y
2006-05-24,0.0503,23.95,-0.0085463465553235,QQQ,Nasdaq 100,USD,US10Y
2006-05-25,0.0507,24.24,-0.0094458745874587,QQQ,Nasdaq 100,USD,US10Y
2006-05-26,0.0506,24.35,-0.0095322381930184,QQQ,Nasdaq 100,USD,US10Y
2006-05-30,0.0509,23.81,-0.0089008399832003,QQQ,Nasdaq 100,USD,US10Y
2006-05-31,0.0512,23.94,-0.0094289055973266,QQQ,Nasdaq 100,USD,US10Y
2006-06-01,0.0511,24.5,-0.0102836734693877,QQQ,Nasdaq 100,USD,US10Y
2006-06-02,0.05,24.44,-0.0090834697217676,QQQ,Nasdaq 100,USD,US10Y
2006-06-05,0.0501999999999999,23.91,-0.0083764951902968,QQQ,Nasdaq 100,USD,US10Y
2006-06-06,0.0501,23.88,-0.0082239530988274,QQQ,Nasdaq 100,USD,US10Y
2006-06-07,0.0501999999999999,23.72,-0.0080414839797638,QQQ,Nasdaq 100,USD,US10Y
2006-06-08,0.05,23.67,-0.0077524292353189,QQQ,Nasdaq 100,USD,US10Y
2006-06-09,0.0498,23.51,-0.0072649085495533,QQQ,Nasdaq 100,USD,US10Y
2006-06-12,0.0499,23.04,-0.0064972222222222,QQQ,Nasdaq 100,USD,US10Y
2006-06-13,0.0496999999999999,22.99,-0.0062028273162243,QQQ,Nasdaq 100,USD,US10Y
2006-06-14,0.0504999999999999,23.19,-0.0073779646399309,QQQ,Nasdaq 100,USD,US10Y
2006-06-15,0.051,23.84,-0.0090536912751677,QQQ,Nasdaq 100,USD,US10Y
2006-06-16,0.0513,23.69,-0.0090880962431405,QQQ,Nasdaq 100,USD,US10Y
2006-06-19,0.0513999999999999,23.47,-0.0087924158500211,QQQ,Nasdaq 100,USD,US10Y
2006-06-20,0.0515,23.47,-0.0088924158500212,QQQ,Nasdaq 100,USD,US10Y
2006-06-21,0.0516,23.85,-0.0096712788259958,QQQ,Nasdaq 100,USD,US10Y
2006-06-22,0.052,23.56,-0.0095551782682512,QQQ,Nasdaq 100,USD,US10Y
2006-06-23,0.0523,23.51,-0.0097649085495533,QQQ,Nasdaq 100,USD,US10Y
2006-06-26,0.0525,23.58,-0.0100911789652247,QQQ,Nasdaq 100,USD,US10Y
2006-06-27,0.0521,23.14,-0.0088847882454624,QQQ,Nasdaq 100,USD,US10Y
2006-06-28,0.0525,23.31,-0.009599957099957,QQQ,Nasdaq 100,USD,US10Y
2006-06-29,0.0521999999999999,24.03,-0.0105853516437785,QQQ,Nasdaq 100,USD,US10Y
2006-06-30,0.0515,26.52,-0.0137926093514328,QQQ,Nasdaq 100,USD,US10Y
2006-07-03,0.0515,26.71,-0.0140608386372145,QQQ,Nasdaq 100,USD,US10Y
2006-07-05,0.0523,26.16,-0.0140737003058104,QQQ,Nasdaq 100,USD,US10Y
2006-07-06,0.0519,26.12,-0.0136151607963246,QQQ,Nasdaq 100,USD,US10Y
2006-07-07,0.0513999999999999,25.82,-0.0126703330751354,QQQ,Nasdaq 100,USD,US10Y
2006-07-10,0.0513,25.61,-0.0122527528309254,QQQ,Nasdaq 100,USD,US10Y
2006-07-11,0.051,25.81,-0.0122553273924835,QQQ,Nasdaq 100,USD,US10Y
2006-07-12,0.051,25.28,-0.0114430379746835,QQQ,Nasdaq 100,USD,US10Y
2006-07-13,0.0508,24.89,-0.0106232221775813,QQQ,Nasdaq 100,USD,US10Y
2006-07-14,0.0507,24.62,-0.010082615759545,QQQ,Nasdaq 100,USD,US10Y
2006-07-17,0.0507,24.72,-0.010246925566343,QQQ,Nasdaq 100,USD,US10Y
2006-07-18,0.0513,24.79,-0.0109611536910044,QQQ,Nasdaq 100,USD,US10Y
2006-07-19,0.0506,25.1,-0.0107593625498007,QQQ,Nasdaq 100,USD,US10Y
2006-07-20,0.0503,24.7,-0.0098141700404858,QQQ,Nasdaq 100,USD,US10Y
2006-07-21,0.0504999999999999,24.44,-0.0095834697217674,QQQ,Nasdaq 100,USD,US10Y
2006-07-24,0.0504999999999999,24.96,-0.0104358974358973,QQQ,Nasdaq 100,USD,US10Y
2006-07-25,0.0507,25.08,-0.010827591706539,QQQ,Nasdaq 100,USD,US10Y
2006-07-26,0.0504,25.05,-0.0104798403193612,QQQ,Nasdaq 100,USD,US10Y
2006-07-27,0.0507,24.89,-0.0105232221775813,QQQ,Nasdaq 100,USD,US10Y
2006-07-28,0.05,25.43,-0.0106763664962642,QQQ,Nasdaq 100,USD,US10Y
2006-07-31,0.0499,25.41,-0.0105454151908697,QQQ,Nasdaq 100,USD,US10Y
2006-08-01,0.0499,25.0,-0.0098999999999999,QQQ,Nasdaq 100,USD,US10Y
2006-08-02,0.0496,25.26,-0.010011718131433,QQQ,Nasdaq 100,USD,US10Y
2006-08-03,0.0496,25.43,-0.0102763664962642,QQQ,Nasdaq 100,USD,US10Y
2006-08-04,0.0491,25.32,-0.0096055292259083,QQQ,Nasdaq 100,USD,US10Y
2006-08-07,0.0493,25.16,-0.0095543720190778,QQQ,Nasdaq 100,USD,US10Y
2006-08-08,0.0493,25.0,-0.0092999999999999,QQQ,Nasdaq 100,USD,US10Y
2006-08-09,0.0492,25.01,-0.0092159936025589,QQQ,Nasdaq 100,USD,US10Y
2006-08-10,0.0493,25.19,-0.0096017070265978,QQQ,Nasdaq 100,USD,US10Y
2006-08-11,0.0496999999999999,25.03,-0.009747942469037,QQQ,Nasdaq 100,USD,US10Y
2006-08-14,0.05,25.16,-0.0102543720190779,QQQ,Nasdaq 100,USD,US10Y
2006-08-15,0.0493,25.83,-0.0105853271389856,QQQ,Nasdaq 100,USD,US10Y
2006-08-16,0.0487,26.43,-0.0108642073401437,QQQ,Nasdaq 100,USD,US10Y
2006-08-17,0.0487,26.49,-0.010949905624764,QQQ,Nasdaq 100,USD,US10Y
2006-08-18,0.0484,26.54,-0.0107210248681235,QQQ,Nasdaq 100,USD,US10Y
2006-08-21,0.0482,26.28,-0.0101482496194824,QQQ,Nasdaq 100,USD,US10Y
2006-08-22,0.0482,26.32,-0.0102060790273556,QQQ,Nasdaq 100,USD,US10Y
2006-08-23,0.0482,26.1,-0.0098858237547892,QQQ,Nasdaq 100,USD,US10Y
2006-08-24,0.0481,26.18,-0.0099029029793735,QQQ,Nasdaq 100,USD,US10Y
2006-08-25,0.0479,26.23,-0.0097757148303469,QQQ,Nasdaq 100,USD,US10Y
2006-08-28,0.048,26.44,-0.010178517397882,QQQ,Nasdaq 100,USD,US10Y
2006-08-29,0.0479,26.49,-0.010149905624764,QQQ,Nasdaq 100,USD,US10Y
2006-08-30,0.0475999999999999,26.63,-0.0100483665039428,QQQ,Nasdaq 100,USD,US10Y
2006-08-31,0.0474,26.6,-0.0098060150375939,QQQ,Nasdaq 100,USD,US10Y
2006-09-01,0.0473,26.76,-0.0099307922272047,QQQ,Nasdaq 100,USD,US10Y
2006-09-05,0.0478,27.0,-0.0107629629629629,QQQ,Nasdaq 100,USD,US10Y
2006-09-06,0.048,26.47,-0.0102213826973932,QQQ,Nasdaq 100,USD,US10Y
2006-09-07,0.048,26.35,-0.0100493358633776,QQQ,Nasdaq 100,USD,US10Y
2006-09-08,0.0478,26.51,-0.0100783855149,QQQ,Nasdaq 100,USD,US10Y
2006-09-11,0.048,26.66,-0.0104906226556639,QQQ,Nasdaq 100,USD,US10Y
2006-09-12,0.0478,27.2,-0.011035294117647,QQQ,Nasdaq 100,USD,US10Y
2006-09-13,0.0476999999999999,27.34,-0.0111235552304315,QQQ,Nasdaq 100,USD,US10Y
2006-09-14,0.0479,27.38,-0.0113769905040175,QQQ,Nasdaq 100,USD,US10Y
2006-09-15,0.048,27.48,-0.0116098981077147,QQQ,Nasdaq 100,USD,US10Y
2006-09-18,0.0481,27.48,-0.0117098981077147,QQQ,Nasdaq 100,USD,US10Y
2006-09-19,0.0474,27.29,-0.0107565408574569,QQQ,Nasdaq 100,USD,US10Y
2006-09-20,0.0473,27.7,-0.011198916967509,QQQ,Nasdaq 100,USD,US10Y
2006-09-21,0.0465,27.52,-0.0101627906976744,QQQ,Nasdaq 100,USD,US10Y
2006-09-22,0.046,27.31,-0.0093833760527279,QQQ,Nasdaq 100,USD,US10Y
2006-09-25,0.0455999999999999,27.79,-0.0096158330334651,QQQ,Nasdaq 100,USD,US10Y
2006-09-26,0.0458999999999999,27.93,-0.0100962047977084,QQQ,Nasdaq 100,USD,US10Y
2006-09-27,0.046,27.88,-0.010131994261119,QQQ,Nasdaq 100,USD,US10Y
2006-09-28,0.0463,27.97,-0.0105474079370754,QQQ,Nasdaq 100,USD,US10Y
2006-09-29,0.0464,27.85,-0.0104933572710951,QQQ,Nasdaq 100,USD,US10Y
2006-10-02,0.0462,24.61,-0.0055661113368549,QQQ,Nasdaq 100,USD,US10Y
2006-10-03,0.0462,24.73,-0.0057632834613829,QQQ,Nasdaq 100,USD,US10Y
2006-10-04,0.0457,25.34,-0.0062367008681925,QQQ,Nasdaq 100,USD,US10Y
2006-10-05,0.0461,25.47,-0.0068381232822928,QQQ,Nasdaq 100,USD,US10Y
2006-10-06,0.047,25.4,-0.0076299212598425,QQQ,Nasdaq 100,USD,US10Y
2006-10-09,0.047,25.49,-0.0077689289917614,QQQ,Nasdaq 100,USD,US10Y
2006-10-10,0.0475,25.53,-0.0083303956130043,QQQ,Nasdaq 100,USD,US10Y
2006-10-11,0.0478,25.5,-0.0085843137254901,QQQ,Nasdaq 100,USD,US10Y
2006-10-12,0.0479,25.91,-0.0093048629872636,QQQ,Nasdaq 100,USD,US10Y
2006-10-13,0.0481,26.04,-0.0096975422427035,QQQ,Nasdaq 100,USD,US10Y
2006-10-16,0.0479,26.04,-0.0094975422427035,QQQ,Nasdaq 100,USD,US10Y
2006-10-17,0.0478,25.77,-0.0089951882033372,QQQ,Nasdaq 100,USD,US10Y
2006-10-18,0.0476999999999999,25.64,-0.0086984399375974,QQQ,Nasdaq 100,USD,US10Y
2006-10-19,0.0479,25.72,-0.0090197511664074,QQQ,Nasdaq 100,USD,US10Y
2006-10-20,0.0479,25.77,-0.0090951882033372,QQQ,Nasdaq 100,USD,US10Y
2006-10-23,0.0483,26.02,-0.0098680245964642,QQQ,Nasdaq 100,USD,US10Y
2006-10-24,0.0483,25.84,-0.0096003095975232,QQQ,Nasdaq 100,USD,US10Y
2006-10-25,0.0478,26.03,-0.0093827890895121,QQQ,Nasdaq 100,USD,US10Y
2006-10-26,0.0473,26.29,-0.0092627234689996,QQQ,Nasdaq 100,USD,US10Y
2006-10-27,0.0467999999999999,25.89,-0.0081750482811895,QQQ,Nasdaq 100,USD,US10Y
2006-10-30,0.0467999999999999,26.05,-0.0084122840690977,QQQ,Nasdaq 100,USD,US10Y
2006-10-31,0.0461,26.12,-0.0078151607963246,QQQ,Nasdaq 100,USD,US10Y
2006-11-01,0.0457,25.74,-0.0068499611499611,QQQ,Nasdaq 100,USD,US10Y
2006-11-02,0.046,25.78,-0.0072102404965089,QQQ,Nasdaq 100,USD,US10Y
2006-11-03,0.0472,25.69,-0.0082743479953289,QQQ,Nasdaq 100,USD,US10Y
2006-11-06,0.0471,26.11,-0.0088004978935273,QQQ,Nasdaq 100,USD,US10Y
2006-11-07,0.0466,26.25,-0.0085047619047619,QQQ,Nasdaq 100,USD,US10Y
2006-11-08,0.0464,26.38,-0.0084924943138741,QQQ,Nasdaq 100,USD,US10Y
2006-11-09,0.0462,26.23,-0.0080757148303469,QQQ,Nasdaq 100,USD,US10Y
2006-11-10,0.0458999999999999,26.4,-0.008021212121212,QQQ,Nasdaq 100,USD,US10Y
2006-11-13,0.0461,26.65,-0.0085765478424015,QQQ,Nasdaq 100,USD,US10Y
2006-11-14,0.0457,26.94,-0.0085804751299183,QQQ,Nasdaq 100,USD,US10Y
2006-11-15,0.0461,27.04,-0.0091177514792899,QQQ,Nasdaq 100,USD,US10Y
2006-11-16,0.0466,27.16,-0.009781148748159,QQQ,Nasdaq 100,USD,US10Y
2006-11-17,0.0461,27.14,-0.0092540162122328,QQQ,Nasdaq 100,USD,US10Y
2006-11-20,0.046,27.19,-0.0092217727105553,QQQ,Nasdaq 100,USD,US10Y
2006-11-21,0.0458,27.27,-0.0091296662999633,QQQ,Nasdaq 100,USD,US10Y
2006-11-22,0.0457,27.43,-0.0092435654393,QQQ,Nasdaq 100,USD,US10Y
2006-11-24,0.0455,27.37,-0.0089636463280964,QQQ,Nasdaq 100,USD,US10Y
2006-11-27,0.0454,26.76,-0.0080307922272047,QQQ,Nasdaq 100,USD,US10Y
2006-11-28,0.0451,26.84,-0.0078421758569299,QQQ,Nasdaq 100,USD,US10Y
2006-11-29,0.0452,27.02,-0.0081903774981495,QQQ,Nasdaq 100,USD,US10Y
2006-11-30,0.0446,27.0,-0.0075629629629629,QQQ,Nasdaq 100,USD,US10Y
2006-12-01,0.0443,26.76,-0.0069307922272047,QQQ,Nasdaq 100,USD,US10Y
2006-12-04,0.0443,27.13,-0.0074404349428676,QQQ,Nasdaq 100,USD,US10Y
2006-12-05,0.0445,27.21,-0.0077488055861815,QQQ,Nasdaq 100,USD,US10Y
2006-12-06,0.0448,27.12,-0.0079268436578171,QQQ,Nasdaq 100,USD,US10Y
2006-12-07,0.0449,26.79,-0.0075726390444195,QQQ,Nasdaq 100,USD,US10Y
2006-12-08,0.0455999999999999,26.93,-0.0084666914222056,QQQ,Nasdaq 100,USD,US10Y
2006-12-11,0.0452,27.01,-0.0081766753054424,QQQ,Nasdaq 100,USD,US10Y
2006-12-12,0.0449,26.86,-0.0076699180938198,QQQ,Nasdaq 100,USD,US10Y
2006-12-13,0.0458,26.88,-0.008597619047619,QQQ,Nasdaq 100,USD,US10Y
2006-12-14,0.046,27.19,-0.0092217727105553,QQQ,Nasdaq 100,USD,US10Y
2006-12-15,0.046,27.26,-0.0093162142333088,QQQ,Nasdaq 100,USD,US10Y
2006-12-18,0.046,27.0,-0.0089629629629629,QQQ,Nasdaq 100,USD,US10Y
2006-12-19,0.046,26.91,-0.0088390932738758,QQQ,Nasdaq 100,USD,US10Y
2006-12-20,0.046,26.8,-0.0086865671641791,QQQ,Nasdaq 100,USD,US10Y
2006-12-21,0.0455,26.63,-0.0079483665039429,QQQ,Nasdaq 100,USD,US10Y
2006-12-22,0.0463,26.36,-0.0083637329286798,QQQ,Nasdaq 100,USD,US10Y
2006-12-26,0.0461,26.43,-0.0082642073401437,QQQ,Nasdaq 100,USD,US10Y
2006-12-27,0.0466,26.58,-0.0089777276147479,QQQ,Nasdaq 100,USD,US10Y
2006-12-28,0.047,26.51,-0.0092783855149,QQQ,Nasdaq 100,USD,US10Y
2006-12-29,0.0471,26.48,-0.0093356495468278,QQQ,Nasdaq 100,USD,US10Y
2007-01-02,0.0467999999999999,26.48,-0.0090356495468276,QQQ,Nasdaq 100,USD,US10Y
2007-01-03,0.0467,28.56,-0.0116859943977591,QQQ,Nasdaq 100,USD,US10Y
2007-01-04,0.0462,29.11,-0.0118475437993816,QQQ,Nasdaq 100,USD,US10Y
2007-01-05,0.0465,28.99,-0.0120053466712659,QQQ,Nasdaq 100,USD,US10Y
2007-01-08,0.0466,29.02,-0.0121410062026188,QQQ,Nasdaq 100,USD,US10Y
2007-01-09,0.0466,29.15,-0.0122946826758147,QQQ,Nasdaq 100,USD,US10Y
2007-01-10,0.0469,29.49,-0.0129902000678195,QQQ,Nasdaq 100,USD,US10Y
2007-01-11,0.0474,29.79,-0.0138316884860691,QQQ,Nasdaq 100,USD,US10Y
2007-01-12,0.0476999999999999,29.95,-0.0143110183639398,QQQ,Nasdaq 100,USD,US10Y
2007-01-16,0.0475,29.91,-0.0140663657639585,QQQ,Nasdaq 100,USD,US10Y
2007-01-17,0.0479,29.67,-0.0141959218065385,QQQ,Nasdaq 100,USD,US10Y
2007-01-18,0.0475,29.12,-0.0131593406593406,QQQ,Nasdaq 100,USD,US10Y
2007-01-19,0.0478,29.17,-0.0135182036338704,QQQ,Nasdaq 100,USD,US10Y
2007-01-22,0.0475999999999999,28.88,-0.0129739612188364,QQQ,Nasdaq 100,USD,US10Y
2007-01-23,0.0481,28.79,-0.0133657172629385,QQQ,Nasdaq 100,USD,US10Y
2007-01-24,0.0481,29.27,-0.013935326272634,QQQ,Nasdaq 100,USD,US10Y
2007-01-25,0.0487,28.86,-0.0140499653499653,QQQ,Nasdaq 100,USD,US10Y
2007-01-26,0.0487999999999999,28.79,-0.0140657172629384,QQQ,Nasdaq 100,USD,US10Y
2007-01-29,0.049,28.82,-0.0143018736988202,QQQ,Nasdaq 100,USD,US10Y
2007-01-30,0.0487999999999999,28.86,-0.0141499653499652,QQQ,Nasdaq 100,USD,US10Y
2007-01-31,0.0483,29.1,-0.0139357388316151,QQQ,Nasdaq 100,USD,US10Y
2007-02-01,0.0484,29.09,-0.0140239257476796,QQQ,Nasdaq 100,USD,US10Y
2007-02-02,0.0483,29.19,-0.0140416923603974,QQQ,Nasdaq 100,USD,US10Y
2007-02-05,0.0481,29.15,-0.0137946826758147,QQQ,Nasdaq 100,USD,US10Y
2007-02-06,0.0476999999999999,29.11,-0.0133475437993815,QQQ,Nasdaq 100,USD,US10Y
2007-02-07,0.0474,29.4,-0.0133863945578231,QQQ,Nasdaq 100,USD,US10Y
2007-02-08,0.0473,29.4,-0.0132863945578231,QQQ,Nasdaq 100,USD,US10Y
2007-02-09,0.0479,28.99,-0.0134053466712659,QQQ,Nasdaq 100,USD,US10Y
2007-02-12,0.048,28.87,-0.0133619674402493,QQQ,Nasdaq 100,USD,US10Y
2007-02-13,0.0482,28.96,-0.0136696132596685,QQQ,Nasdaq 100,USD,US10Y
2007-02-14,0.0474,29.47,-0.0134671869697997,QQQ,Nasdaq 100,USD,US10Y
2007-02-15,0.047,29.6,-0.0132162162162162,QQQ,Nasdaq 100,USD,US10Y
2007-02-16,0.0469,29.57,-0.0130819411565776,QQQ,Nasdaq 100,USD,US10Y
2007-02-20,0.0467999999999999,29.77,-0.0132091367148134,QQQ,Nasdaq 100,USD,US10Y
2007-02-21,0.0469,29.86,-0.0134103817816476,QQQ,Nasdaq 100,USD,US10Y
2007-02-22,0.0473,29.98,-0.0139444296197464,QQQ,Nasdaq 100,USD,US10Y
2007-02-23,0.0467999999999999,29.87,-0.0133215935721458,QQQ,Nasdaq 100,USD,US10Y
2007-02-26,0.0463,29.72,-0.0126526244952893,QQQ,Nasdaq 100,USD,US10Y
2007-02-27,0.045,28.51,-0.0099245878639074,QQQ,Nasdaq 100,USD,US10Y
2007-02-28,0.0455999999999999,28.6,-0.0106349650349649,QQQ,Nasdaq 100,USD,US10Y
2007-03-01,0.0455999999999999,28.47,-0.0104753073410606,QQQ,Nasdaq 100,USD,US10Y
2007-03-02,0.0452,28.02,-0.0095112062812276,QQQ,Nasdaq 100,USD,US10Y
2007-03-05,0.0451,27.81,-0.0091417116145271,QQQ,Nasdaq 100,USD,US10Y
2007-03-06,0.0453,28.3,-0.0099643109540636,QQQ,Nasdaq 100,USD,US10Y
2007-03-07,0.045,28.19,-0.0095264278112805,QQQ,Nasdaq 100,USD,US10Y
2007-03-08,0.0451,28.35,-0.009826631393298,QQQ,Nasdaq 100,USD,US10Y
2007-03-09,0.0458999999999999,28.33,-0.0106017296152487,QQQ,Nasdaq 100,USD,US10Y
2007-03-12,0.0455999999999999,28.52,-0.0105368863955118,QQQ,Nasdaq 100,USD,US10Y
2007-03-13,0.045,27.97,-0.0092474079370754,QQQ,Nasdaq 100,USD,US10Y
2007-03-14,0.0453,28.3,-0.0099643109540636,QQQ,Nasdaq 100,USD,US10Y
2007-03-15,0.0454,28.33,-0.0101017296152488,QQQ,Nasdaq 100,USD,US10Y
2007-03-16,0.0455,28.29,-0.0101518204312477,QQQ,Nasdaq 100,USD,US10Y
2007-03-19,0.0458,28.55,-0.0107737302977232,QQQ,Nasdaq 100,USD,US10Y
2007-03-20,0.0455999999999999,28.69,-0.0107446497037294,QQQ,Nasdaq 100,USD,US10Y
2007-03-21,0.0453,29.33,-0.0112052165018752,QQQ,Nasdaq 100,USD,US10Y
2007-03-22,0.046,29.22,-0.0117768651608487,QQQ,Nasdaq 100,USD,US10Y
2007-03-23,0.0462,29.13,-0.011871129419842,QQQ,Nasdaq 100,USD,US10Y
2007-03-26,0.046,29.27,-0.011835326272634,QQQ,Nasdaq 100,USD,US10Y
2007-03-27,0.0462,29.06,-0.0117884377150722,QQQ,Nasdaq 100,USD,US10Y
2007-03-28,0.0462,28.75,-0.0114173913043478,QQQ,Nasdaq 100,USD,US10Y
2007-03-29,0.0464,28.77,-0.0116415710809871,QQQ,Nasdaq 100,USD,US10Y
2007-03-30,0.0465,28.78,-0.0117536483669214,QQQ,Nasdaq 100,USD,US10Y
2007-04-02,0.0465,26.12,-0.0082151607963246,QQQ,Nasdaq 100,USD,US10Y
2007-04-03,0.0467,26.46,-0.0089071050642479,QQQ,Nasdaq 100,USD,US10Y
2007-04-04,0.0466,26.54,-0.0089210248681235,QQQ,Nasdaq 100,USD,US10Y
2007-04-05,0.0467999999999999,26.7,-0.0093468164794006,QQQ,Nasdaq 100,USD,US10Y
2007-04-06,0.0475999999999999,26.7,-0.0101468164794006,QQQ,Nasdaq 100,USD,US10Y
2007-04-09,0.0475,26.63,-0.0099483665039429,QQQ,Nasdaq 100,USD,US10Y
2007-04-10,0.0473,26.76,-0.0099307922272047,QQQ,Nasdaq 100,USD,US10Y
2007-04-11,0.0474,26.48,-0.0096356495468277,QQQ,Nasdaq 100,USD,US10Y
2007-04-12,0.0474,26.71,-0.0099608386372145,QQQ,Nasdaq 100,USD,US10Y
2007-04-13,0.0475999999999999,26.76,-0.0102307922272046,QQQ,Nasdaq 100,USD,US10Y
2007-04-16,0.0474,27.01,-0.0103766753054424,QQQ,Nasdaq 100,USD,US10Y
2007-04-17,0.0469,27.02,-0.0098903774981495,QQQ,Nasdaq 100,USD,US10Y
2007-04-18,0.0466,26.99,-0.0095492404594294,QQQ,Nasdaq 100,USD,US10Y
2007-04-19,0.0467999999999999,26.99,-0.0097492404594293,QQQ,Nasdaq 100,USD,US10Y
2007-04-20,0.0467999999999999,27.19,-0.0100217727105552,QQQ,Nasdaq 100,USD,US10Y
2007-04-23,0.0466,27.25,-0.0099027522935779,QQQ,Nasdaq 100,USD,US10Y
2007-04-24,0.0463,27.38,-0.0097769905040175,QQQ,Nasdaq 100,USD,US10Y
2007-04-25,0.0466,27.71,-0.0105119451461566,QQQ,Nasdaq 100,USD,US10Y
2007-04-26,0.0469,27.83,-0.0109675530003593,QQQ,Nasdaq 100,USD,US10Y
2007-04-27,0.0471,27.85,-0.0111933572710951,QQQ,Nasdaq 100,USD,US10Y
2007-04-30,0.0463,27.51,-0.0099495819701926,QQQ,Nasdaq 100,USD,US10Y
2007-05-01,0.0464,27.59,-0.0101549836897426,QQQ,Nasdaq 100,USD,US10Y
2007-05-02,0.0465,27.83,-0.0105675530003593,QQQ,Nasdaq 100,USD,US10Y
2007-05-03,0.0467999999999999,27.92,-0.0109833810888251,QQQ,Nasdaq 100,USD,US10Y
2007-05-04,0.0465,27.92,-0.0106833810888252,QQQ,Nasdaq 100,USD,US10Y
2007-05-07,0.0464,27.92,-0.0105833810888252,QQQ,Nasdaq 100,USD,US10Y
2007-05-08,0.0463,27.98,-0.0105601858470335,QQQ,Nasdaq 100,USD,US10Y
2007-05-09,0.0467,28.07,-0.0110747773423583,QQQ,Nasdaq 100,USD,US10Y
2007-05-10,0.0465,27.62,-0.0102943519188993,QQQ,Nasdaq 100,USD,US10Y
2007-05-11,0.0467,27.96,-0.0109346208869814,QQQ,Nasdaq 100,USD,US10Y
2007-05-14,0.0469,27.81,-0.0109417116145271,QQQ,Nasdaq 100,USD,US10Y
2007-05-15,0.0471,27.57,-0.0108286906057308,QQQ,Nasdaq 100,USD,US10Y
2007-05-16,0.0471,27.86,-0.0112062455132806,QQQ,Nasdaq 100,USD,US10Y
2007-05-17,0.0475999999999999,27.76,-0.0115769452449566,QQQ,Nasdaq 100,USD,US10Y
2007-05-18,0.0481,27.94,-0.0123090193271295,QQQ,Nasdaq 100,USD,US10Y
2007-05-21,0.0479,28.15,-0.0123760213143872,QQQ,Nasdaq 100,USD,US10Y
2007-05-22,0.0483,28.22,-0.0128641389085754,QQQ,Nasdaq 100,USD,US10Y
2007-05-23,0.0486,28.05,-0.0129493761140819,QQQ,Nasdaq 100,USD,US10Y
2007-05-24,0.0486,27.61,-0.012381238681637,QQQ,Nasdaq 100,USD,US10Y
2007-05-25,0.0486,27.82,-0.0126546369518332,QQQ,Nasdaq 100,USD,US10Y
2007-05-29,0.0487999999999999,27.98,-0.0130601858470334,QQQ,Nasdaq 100,USD,US10Y
2007-05-30,0.0487999999999999,28.25,-0.0134017699115043,QQQ,Nasdaq 100,USD,US10Y
2007-05-31,0.049,28.4,-0.0137887323943661,QQQ,Nasdaq 100,USD,US10Y
2007-06-01,0.0495,28.4,-0.0142887323943661,QQQ,Nasdaq 100,USD,US10Y
2007-06-04,0.0493,28.48,-0.0141876404494381,QQQ,Nasdaq 100,USD,US10Y
2007-06-05,0.0498,28.46,-0.0146629655657062,QQQ,Nasdaq 100,USD,US10Y
2007-06-06,0.0496999999999999,28.2,-0.0142390070921984,QQQ,Nasdaq 100,USD,US10Y
2007-06-07,0.0511,27.72,-0.0150249639249639,QQQ,Nasdaq 100,USD,US10Y
2007-06-08,0.0512,28.07,-0.0155747773423583,QQQ,Nasdaq 100,USD,US10Y
2007-06-11,0.0513999999999999,28.01,-0.0156984648339877,QQQ,Nasdaq 100,USD,US10Y
2007-06-12,0.0526,27.85,-0.0166933572710951,QQQ,Nasdaq 100,USD,US10Y
2007-06-13,0.052,28.19,-0.0165264278112805,QQQ,Nasdaq 100,USD,US10Y
2007-06-14,0.0523,28.34,-0.0170141848976711,QQQ,Nasdaq 100,USD,US10Y
2007-06-15,0.0516,28.61,-0.016647186298497,QQQ,Nasdaq 100,USD,US10Y
2007-06-18,0.0515,28.64,-0.0165837988826815,QQQ,Nasdaq 100,USD,US10Y
2007-06-19,0.0509,28.6,-0.015934965034965,QQQ,Nasdaq 100,USD,US10Y
2007-06-20,0.0513999999999999,28.31,-0.0160767926527727,QQQ,Nasdaq 100,USD,US10Y
2007-06-21,0.0516,28.59,-0.0166227352221056,QQQ,Nasdaq 100,USD,US10Y
2007-06-22,0.0513999999999999,28.31,-0.0160767926527727,QQQ,Nasdaq 100,USD,US10Y
2007-06-25,0.0509,28.17,-0.015401242456514,QQQ,Nasdaq 100,USD,US10Y
2007-06-26,0.051,28.11,-0.0154254713625044,QQQ,Nasdaq 100,USD,US10Y
2007-06-27,0.0509,28.47,-0.0157753073410607,QQQ,Nasdaq 100,USD,US10Y
2007-06-28,0.0512,28.45,-0.0160506151142355,QQQ,Nasdaq 100,USD,US10Y
2007-06-29,0.0503,28.48,-0.0151876404494381,QQQ,Nasdaq 100,USD,US10Y
2007-07-02,0.05,25.65,-0.0110136452241715,QQQ,Nasdaq 100,USD,US10Y
2007-07-03,0.0504999999999999,25.8,-0.0117403100775192,QQQ,Nasdaq 100,USD,US10Y
2007-07-05,0.0516,26.0,-0.0131384615384615,QQQ,Nasdaq 100,USD,US10Y
2007-07-06,0.0519,26.1,-0.0135858237547892,QQQ,Nasdaq 100,USD,US10Y
2007-07-09,0.0516,26.11,-0.0133004978935273,QQQ,Nasdaq 100,USD,US10Y
2007-07-10,0.0503,25.88,-0.0116601236476043,QQQ,Nasdaq 100,USD,US10Y
2007-07-11,0.0509,26.04,-0.0124975422427035,QQQ,Nasdaq 100,USD,US10Y
2007-07-12,0.0513,26.53,-0.0136068224651338,QQQ,Nasdaq 100,USD,US10Y
2007-07-13,0.0511,26.68,-0.0136187406296851,QQQ,Nasdaq 100,USD,US10Y
2007-07-16,0.0504999999999999,26.62,-0.012934259954921,QQQ,Nasdaq 100,USD,US10Y
2007-07-17,0.0508,26.8,-0.0134865671641791,QQQ,Nasdaq 100,USD,US10Y
2007-07-18,0.0501999999999999,26.75,-0.0128168224299064,QQQ,Nasdaq 100,USD,US10Y
2007-07-19,0.0504,26.95,-0.0132942486085343,QQQ,Nasdaq 100,USD,US10Y
2007-07-20,0.0496,26.72,-0.0121748502994011,QQQ,Nasdaq 100,USD,US10Y
2007-07-23,0.0496999999999999,26.73,-0.0122888514777402,QQQ,Nasdaq 100,USD,US10Y
2007-07-24,0.0494,26.26,-0.0113192688499619,QQQ,Nasdaq 100,USD,US10Y
2007-07-25,0.0492,26.4,-0.0113212121212121,QQQ,Nasdaq 100,USD,US10Y
2007-07-26,0.0479,26.08,-0.0095564417177914,QQQ,Nasdaq 100,USD,US10Y
2007-07-27,0.048,25.68,-0.0090591900311526,QQQ,Nasdaq 100,USD,US10Y
2007-07-30,0.0482,25.91,-0.0096048629872636,QQQ,Nasdaq 100,USD,US10Y
2007-07-31,0.0478,25.36,-0.0083678233438485,QQQ,Nasdaq 100,USD,US10Y
2007-08-01,0.0475999999999999,25.53,-0.0084303956130042,QQQ,Nasdaq 100,USD,US10Y
2007-08-02,0.0476999999999999,25.81,-0.0089553273924834,QQQ,Nasdaq 100,USD,US10Y
2007-08-03,0.0471,25.18,-0.007385941223193,QQQ,Nasdaq 100,USD,US10Y
2007-08-06,0.0472,25.65,-0.0082136452241715,QQQ,Nasdaq 100,USD,US10Y
2007-08-07,0.0476999999999999,25.75,-0.0088650485436892,QQQ,Nasdaq 100,USD,US10Y
2007-08-08,0.0484,26.09,-0.0100711383671904,QQQ,Nasdaq 100,USD,US10Y
2007-08-09,0.0479,25.42,-0.0085608969315499,QQQ,Nasdaq 100,USD,US10Y
2007-08-10,0.0481,25.27,-0.0085273842500989,QQQ,Nasdaq 100,USD,US10Y
2007-08-13,0.0478,25.39,-0.0084144151240645,QQQ,Nasdaq 100,USD,US10Y
2007-08-14,0.0473,24.96,-0.0072358974358974,QQQ,Nasdaq 100,USD,US10Y
2007-08-15,0.0469,24.48,-0.0060503267973856,QQQ,Nasdaq 100,USD,US10Y
2007-08-16,0.046,24.23,-0.0047288485348741,QQQ,Nasdaq 100,USD,US10Y
2007-08-17,0.0467999999999999,24.79,-0.0064611536910043,QQQ,Nasdaq 100,USD,US10Y
2007-08-20,0.0464,24.85,-0.006158551307847,QQQ,Nasdaq 100,USD,US10Y
2007-08-21,0.046,25.09,-0.0061434834595456,QQQ,Nasdaq 100,USD,US10Y
2007-08-22,0.0463,25.42,-0.0069608969315499,QQQ,Nasdaq 100,USD,US10Y
2007-08-23,0.0462,25.36,-0.0067678233438485,QQQ,Nasdaq 100,USD,US10Y
2007-08-24,0.0463,25.75,-0.0074650485436893,QQQ,Nasdaq 100,USD,US10Y
2007-08-27,0.046,25.56,-0.0068763693270735,QQQ,Nasdaq 100,USD,US10Y
2007-08-28,0.0453,24.93,-0.0051876855194544,QQQ,Nasdaq 100,USD,US10Y
2007-08-29,0.0457,25.66,-0.006728838659392,QQQ,Nasdaq 100,USD,US10Y
2007-08-30,0.0451,25.78,-0.0063102404965089,QQQ,Nasdaq 100,USD,US10Y
2007-08-31,0.0454,26.11,-0.0071004978935273,QQQ,Nasdaq 100,USD,US10Y
2007-09-04,0.0455999999999999,26.52,-0.0078926093514327,QQQ,Nasdaq 100,USD,US10Y
2007-09-05,0.0448,26.18,-0.0066029029793735,QQQ,Nasdaq 100,USD,US10Y
2007-09-06,0.0451,26.24,-0.006990243902439,QQQ,Nasdaq 100,USD,US10Y
2007-09-07,0.0438,25.71,-0.0049046285492026,QQQ,Nasdaq 100,USD,US10Y
2007-09-10,0.0434,25.73,-0.0045348620287602,QQQ,Nasdaq 100,USD,US10Y
2007-09-11,0.0437,26.11,-0.0054004978935273,QQQ,Nasdaq 100,USD,US10Y
2007-09-12,0.0441,26.11,-0.0058004978935273,QQQ,Nasdaq 100,USD,US10Y
2007-09-13,0.0449,26.24,-0.006790243902439,QQQ,Nasdaq 100,USD,US10Y
2007-09-14,0.0447,26.26,-0.0066192688499619,QQQ,Nasdaq 100,USD,US10Y
2007-09-17,0.0448,26.03,-0.0063827890895121,QQQ,Nasdaq 100,USD,US10Y
2007-09-18,0.045,26.72,-0.0075748502994011,QQQ,Nasdaq 100,USD,US10Y
2007-09-19,0.0453,26.8,-0.0079865671641791,QQQ,Nasdaq 100,USD,US10Y
2007-09-20,0.0469,26.68,-0.0094187406296851,QQQ,Nasdaq 100,USD,US10Y
2007-09-21,0.0464,26.9,-0.0092252788104089,QQQ,Nasdaq 100,USD,US10Y
2007-09-24,0.0463,27.0,-0.0092629629629629,QQQ,Nasdaq 100,USD,US10Y
2007-09-25,0.0463,27.26,-0.0096162142333088,QQQ,Nasdaq 100,USD,US10Y
2007-09-26,0.0463,27.41,-0.0098169646114556,QQQ,Nasdaq 100,USD,US10Y
2007-09-27,0.0458,27.52,-0.0094627906976744,QQQ,Nasdaq 100,USD,US10Y
2007-09-28,0.0458999999999999,27.45,-0.0094701275045536,QQQ,Nasdaq 100,USD,US10Y
2007-10-01,0.0455999999999999,27.18,-0.0088082413539366,QQQ,Nasdaq 100,USD,US10Y
2007-10-02,0.0454,27.17,-0.0085947000368053,QQQ,Nasdaq 100,USD,US10Y
2007-10-03,0.0455,27.0,-0.0084629629629629,QQQ,Nasdaq 100,USD,US10Y
2007-10-04,0.0454,27.04,-0.0084177514792899,QQQ,Nasdaq 100,USD,US10Y
2007-10-05,0.0465,27.6,-0.0102681159420289,QQQ,Nasdaq 100,USD,US10Y
2007-10-08,0.0465,27.78,-0.0105028797696184,QQQ,Nasdaq 100,USD,US10Y
2007-10-09,0.0467,27.88,-0.010831994261119,QQQ,Nasdaq 100,USD,US10Y
2007-10-10,0.0465,27.95,-0.0107218246869409,QQQ,Nasdaq 100,USD,US10Y
2007-10-11,0.0466,27.49,-0.0102231356857038,QQQ,Nasdaq 100,USD,US10Y
2007-10-12,0.047,27.97,-0.0112474079370754,QQQ,Nasdaq 100,USD,US10Y
2007-10-15,0.0469,27.72,-0.0108249639249639,QQQ,Nasdaq 100,USD,US10Y
2007-10-16,0.0466,27.62,-0.0103943519188993,QQQ,Nasdaq 100,USD,US10Y
2007-10-17,0.0457,27.98,-0.0099601858470335,QQQ,Nasdaq 100,USD,US10Y
2007-10-18,0.0452,28.09,-0.0096001423994303,QQQ,Nasdaq 100,USD,US10Y
2007-10-19,0.0441,27.37,-0.0075636463280964,QQQ,Nasdaq 100,USD,US10Y
2007-10-22,0.0441999999999999,27.7,-0.0080989169675089,QQQ,Nasdaq 100,USD,US10Y
2007-10-23,0.0441,28.32,-0.0087892655367231,QQQ,Nasdaq 100,USD,US10Y
2007-10-24,0.0436,28.1,-0.0080128113879003,QQQ,Nasdaq 100,USD,US10Y
2007-10-25,0.0437,27.76,-0.0076769452449567,QQQ,Nasdaq 100,USD,US10Y
2007-10-26,0.0441,28.18,-0.008613839602555,QQQ,Nasdaq 100,USD,US10Y
2007-10-29,0.0438999999999999,28.29,-0.0085518204312476,QQQ,Nasdaq 100,USD,US10Y
2007-10-30,0.044,28.35,-0.008726631393298,QQQ,Nasdaq 100,USD,US10Y
2007-10-31,0.0448,28.75,-0.0100173913043478,QQQ,Nasdaq 100,USD,US10Y
2007-11-01,0.0436,28.21,-0.0081515774548032,QQQ,Nasdaq 100,USD,US10Y
2007-11-02,0.0431,28.43,-0.0079258881463243,QQQ,Nasdaq 100,USD,US10Y
2007-11-05,0.0435,28.26,-0.0081142958244869,QQQ,Nasdaq 100,USD,US10Y
2007-11-06,0.0438,28.56,-0.0087859943977591,QQQ,Nasdaq 100,USD,US10Y
2007-11-07,0.0434,27.86,-0.0075062455132806,QQQ,Nasdaq 100,USD,US10Y
2007-11-08,0.0428,27.05,-0.0058314232902033,QQQ,Nasdaq 100,USD,US10Y
2007-11-09,0.0423,26.12,-0.0040151607963246,QQQ,Nasdaq 100,USD,US10Y
2007-11-12,0.0423,25.45,-0.0030072691552062,QQQ,Nasdaq 100,USD,US10Y
2007-11-13,0.0426,26.53,-0.0049068224651338,QQQ,Nasdaq 100,USD,US10Y
2007-11-14,0.0428,26.17,-0.0045883072220099,QQQ,Nasdaq 100,USD,US10Y
2007-11-15,0.0417,25.99,-0.0032236629472874,QQQ,Nasdaq 100,USD,US10Y
2007-11-16,0.0415,26.31,-0.0034916381603952,QQQ,Nasdaq 100,USD,US10Y
2007-11-19,0.0407,25.95,-0.0021643545279383,QQQ,Nasdaq 100,USD,US10Y
2007-11-20,0.0406,26.07,-0.0022417337936325,QQQ,Nasdaq 100,USD,US10Y
2007-11-21,0.04,25.76,-0.0011801242236024,QQQ,Nasdaq 100,USD,US10Y
2007-11-23,0.0401,26.05,-0.0017122840690978,QQQ,Nasdaq 100,USD,US10Y
2007-11-26,0.0383,25.55,0.0008389432485322,QQQ,Nasdaq 100,USD,US10Y
2007-11-27,0.0395,26.12,-0.0012151607963246,QQQ,Nasdaq 100,USD,US10Y
2007-11-28,0.0403,26.91,-0.0031390932738758,QQQ,Nasdaq 100,USD,US10Y
2007-11-29,0.0394,27.0,-0.0023629629629629,QQQ,Nasdaq 100,USD,US10Y
2007-11-30,0.0397,26.83,-0.0024282892284755,QQQ,Nasdaq 100,USD,US10Y
2007-12-03,0.0389,26.55,-0.0012352165725047,QQQ,Nasdaq 100,USD,US10Y
2007-12-04,0.0389,26.44,-0.0010785173978819,QQQ,Nasdaq 100,USD,US10Y
2007-12-05,0.0392,26.96,-0.0021080118694362,QQQ,Nasdaq 100,USD,US10Y
2007-12-06,0.0401999999999999,27.32,-0.0035967789165445,QQQ,Nasdaq 100,USD,US10Y
2007-12-07,0.0412,27.35,-0.0046369287020109,QQQ,Nasdaq 100,USD,US10Y
2007-12-10,0.0415,27.41,-0.0050169646114556,QQQ,Nasdaq 100,USD,US10Y
2007-12-11,0.0398,26.76,-0.0024307922272047,QQQ,Nasdaq 100,USD,US10Y
2007-12-12,0.0405,26.98,-0.0034355077835433,QQQ,Nasdaq 100,USD,US10Y
2007-12-13,0.0418,26.9,-0.0046252788104089,QQQ,Nasdaq 100,USD,US10Y
2007-12-14,0.0424,26.61,-0.0048201428034573,QQQ,Nasdaq 100,USD,US10Y
2007-12-17,0.042,25.95,-0.0034643545279383,QQQ,Nasdaq 100,USD,US10Y
2007-12-18,0.0414,26.06,-0.0030270145817344,QQQ,Nasdaq 100,USD,US10Y
2007-12-19,0.0406,26.08,-0.0022564417177914,QQQ,Nasdaq 100,USD,US10Y
2007-12-20,0.0404,26.58,-0.0027777276147479,QQQ,Nasdaq 100,USD,US10Y
2007-12-21,0.0418,27.12,-0.0049268436578171,QQQ,Nasdaq 100,USD,US10Y
2007-12-24,0.0423,27.33,-0.0057101719721917,QQQ,Nasdaq 100,USD,US10Y
2007-12-26,0.043,27.44,-0.0065568513119533,QQQ,Nasdaq 100,USD,US10Y
2007-12-27,0.0421,27.04,-0.0051177514792899,QQQ,Nasdaq 100,USD,US10Y
2007-12-28,0.0411,27.06,-0.0041450849963045,QQQ,Nasdaq 100,USD,US10Y
2007-12-31,0.0404,26.36,-0.0024637329286798,QQQ,Nasdaq 100,USD,US10Y
2008-01-02,0.0391,25.92,-0.0005197530864197,QQQ,Nasdaq 100,USD,US10Y
2008-01-03,0.0391,25.94,-0.0005494988434849,QQQ,Nasdaq 100,USD,US10Y
2008-01-04,0.0388,24.83,0.001473862263391,QQQ,Nasdaq 100,USD,US10Y
2008-01-07,0.0385999999999999,24.75,0.0018040404040405,QQQ,Nasdaq 100,USD,US10Y
2008-01-08,0.0385999999999999,24.15,0.0028078674948241,QQQ,Nasdaq 100,USD,US10Y
2008-01-09,0.0382,24.65,0.0023679513184584,QQQ,Nasdaq 100,USD,US10Y
2008-01-10,0.0391,24.7,0.0013858299595141,QQQ,Nasdaq 100,USD,US10Y
2008-01-11,0.0382,24.19,0.0031393964448119,QQQ,Nasdaq 100,USD,US10Y
2008-01-14,0.0381,24.65,0.0024679513184584,QQQ,Nasdaq 100,USD,US10Y
2008-01-15,0.0372,23.95,0.0045536534446764,QQQ,Nasdaq 100,USD,US10Y
2008-01-16,0.0374,23.67,0.004847570764681,QQQ,Nasdaq 100,USD,US10Y
2008-01-17,0.0366,23.29,0.00633688278231,QQQ,Nasdaq 100,USD,US10Y
2008-01-18,0.0366,23.32,0.0062816466552315,QQQ,Nasdaq 100,USD,US10Y
2008-01-22,0.0352,22.7,0.0088528634361233,QQQ,Nasdaq 100,USD,US10Y
2008-01-23,0.0351,22.63,0.0090891294741493,QQQ,Nasdaq 100,USD,US10Y
2008-01-24,0.0368,23.1,0.0064900432900432,QQQ,Nasdaq 100,USD,US10Y
2008-01-25,0.0361,22.62,0.00810866489832,QQQ,Nasdaq 100,USD,US10Y
2008-01-28,0.0361,22.82,0.0077212094653812,QQQ,Nasdaq 100,USD,US10Y
2008-01-29,0.0369,22.86,0.0068445319335083,QQQ,Nasdaq 100,USD,US10Y
2008-01-30,0.0378,22.87,0.0059254044599912,QQQ,Nasdaq 100,USD,US10Y
2008-01-31,0.0366999999999999,23.28,0.0062553264604812,QQQ,Nasdaq 100,USD,US10Y
2008-02-01,0.0362,23.46,0.0064257459505541,QQQ,Nasdaq 100,USD,US10Y
2008-02-04,0.0368,23.12,0.0064525951557093,QQQ,Nasdaq 100,USD,US10Y
2008-02-05,0.0361,22.42,0.0085030330062444,QQQ,Nasdaq 100,USD,US10Y
2008-02-06,0.0361,22.01,0.0093338936846887,QQQ,Nasdaq 100,USD,US10Y
2008-02-07,0.0374,22.17,0.00770599909788,QQQ,Nasdaq 100,USD,US10Y
2008-02-08,0.0364,22.43,0.0081831475702184,QQQ,Nasdaq 100,USD,US10Y
2008-02-11,0.0362,22.67,0.0079111601235112,QQQ,Nasdaq 100,USD,US10Y
2008-02-12,0.0366,22.51,0.007824700133274,QQQ,Nasdaq 100,USD,US10Y
2008-02-13,0.037,23.05,0.0063839479392624,QQQ,Nasdaq 100,USD,US10Y
2008-02-14,0.0385,22.6,0.0057477876106194,QQQ,Nasdaq 100,USD,US10Y
2008-02-15,0.0375999999999999,22.51,0.0068247001332742,QQQ,Nasdaq 100,USD,US10Y
2008-02-19,0.0389,22.32,0.0059028673835125,QQQ,Nasdaq 100,USD,US10Y
2008-02-20,0.0393,22.6,0.0049477876106194,QQQ,Nasdaq 100,USD,US10Y
2008-02-21,0.0377,22.33,0.007082803403493,QQQ,Nasdaq 100,USD,US10Y
2008-02-22,0.0379,22.42,0.0067030330062444,QQQ,Nasdaq 100,USD,US10Y
2008-02-25,0.0391,22.58,0.0051869796279893,QQQ,Nasdaq 100,USD,US10Y
2008-02-26,0.0388,22.65,0.0053501103752759,QQQ,Nasdaq 100,USD,US10Y
2008-02-27,0.0385,22.76,0.0054367311072056,QQQ,Nasdaq 100,USD,US10Y
2008-02-28,0.0371,22.69,0.0069722785368003,QQQ,Nasdaq 100,USD,US10Y
2008-02-29,0.0353,22.07,0.0100103760761214,QQQ,Nasdaq 100,USD,US10Y
2008-03-03,0.0354,21.92,0.0102204379562043,QQQ,Nasdaq 100,USD,US10Y
2008-03-04,0.0363,22.05,0.0090514739229024,QQQ,Nasdaq 100,USD,US10Y
2008-03-05,0.037,22.17,0.00810599909788,QQQ,Nasdaq 100,USD,US10Y
2008-03-06,0.0362,21.65,0.009989376443418,QQQ,Nasdaq 100,USD,US10Y
2008-03-07,0.0356,21.59,0.0107177396943029,QQQ,Nasdaq 100,USD,US10Y
2008-03-10,0.0346,21.15,0.0126813238770685,QQQ,Nasdaq 100,USD,US10Y
2008-03-11,0.036,22.01,0.0094338936846887,QQQ,Nasdaq 100,USD,US10Y
2008-03-12,0.0349,21.94,0.0106788514129443,QQQ,Nasdaq 100,USD,US10Y
2008-03-13,0.0356,22.13,0.0095875282422051,QQQ,Nasdaq 100,USD,US10Y
2008-03-14,0.0344,21.67,0.0117467466543608,QQQ,Nasdaq 100,USD,US10Y
2008-03-17,0.0334,21.33,0.013482325363338,QQQ,Nasdaq 100,USD,US10Y
2008-03-18,0.0348,22.27,0.0101034575662326,QQQ,Nasdaq 100,USD,US10Y
2008-03-19,0.0338,21.69,0.0123041954817888,QQQ,Nasdaq 100,USD,US10Y
2008-03-20,0.0334,22.15,0.0117467268623024,QQQ,Nasdaq 100,USD,US10Y
2008-03-24,0.0356,22.94,0.00799197907585,QQQ,Nasdaq 100,USD,US10Y
2008-03-25,0.0351,23.07,0.0082463372345036,QQQ,Nasdaq 100,USD,US10Y
2008-03-26,0.0351,22.98,0.0084161009573542,QQQ,Nasdaq 100,USD,US10Y
2008-03-27,0.0356,22.48,0.0088839857651245,QQQ,Nasdaq 100,USD,US10Y
2008-03-28,0.0347,22.35,0.0100427293064876,QQQ,Nasdaq 100,USD,US10Y
2008-03-31,0.0345,22.11,0.0107284034373586,QQQ,Nasdaq 100,USD,US10Y
2008-04-01,0.0356999999999999,23.02,0.0077404865334492,QQQ,Nasdaq 100,USD,US10Y
2008-04-02,0.036,22.94,0.00759197907585,QQQ,Nasdaq 100,USD,US10Y
2008-04-03,0.0361,23.02,0.0073404865334491,QQQ,Nasdaq 100,USD,US10Y
2008-04-04,0.035,23.15,0.0081965442764578,QQQ,Nasdaq 100,USD,US10Y
2008-04-07,0.0356999999999999,23.09,0.007608791684712,QQQ,Nasdaq 100,USD,US10Y
2008-04-08,0.0358,22.91,0.0078490615451767,QQQ,Nasdaq 100,USD,US10Y
2008-04-09,0.0349,22.66,0.0092306266548985,QQQ,Nasdaq 100,USD,US10Y
2008-04-10,0.0355,22.99,0.0079971726837755,QQQ,Nasdaq 100,USD,US10Y
2008-04-11,0.0349,22.32,0.0099028673835125,QQQ,Nasdaq 100,USD,US10Y
2008-04-14,0.0353,22.22,0.009704500450045,QQQ,Nasdaq 100,USD,US10Y
2008-04-15,0.036,22.27,0.0089034575662326,QQQ,Nasdaq 100,USD,US10Y
2008-04-16,0.0372,22.92,0.0064300174520069,QQQ,Nasdaq 100,USD,US10Y
2008-04-17,0.0375,22.84,0.0062828371278458,QQQ,Nasdaq 100,USD,US10Y
2008-04-18,0.0377,23.58,0.0047088210347752,QQQ,Nasdaq 100,USD,US10Y
2008-04-21,0.0375,23.74,0.00462299915754,QQQ,Nasdaq 100,USD,US10Y
2008-04-22,0.0374,23.35,0.0054265524625267,QQQ,Nasdaq 100,USD,US10Y
2008-04-23,0.0377,23.66,0.0045654268808114,QQQ,Nasdaq 100,USD,US10Y
2008-04-24,0.0387,23.88,0.0031760469011725,QQQ,Nasdaq 100,USD,US10Y
2008-04-25,0.0391,23.81,0.0028991600167996,QQQ,Nasdaq 100,USD,US10Y
2008-04-28,0.0385999999999999,23.86,0.0033111483654653,QQQ,Nasdaq 100,USD,US10Y
2008-04-29,0.0385,23.99,0.0031840350145894,QQQ,Nasdaq 100,USD,US10Y
2008-04-30,0.0377,23.79,0.0043344682639764,QQQ,Nasdaq 100,USD,US10Y
2008-05-01,0.0378,24.57,0.0029000407000406,QQQ,Nasdaq 100,USD,US10Y
2008-05-02,0.0389,24.59,0.0017669377795851,QQQ,Nasdaq 100,USD,US10Y
2008-05-05,0.0388,24.52,0.0019830342577487,QQQ,Nasdaq 100,USD,US10Y
2008-05-06,0.0393,24.7,0.0011858299595141,QQQ,Nasdaq 100,USD,US10Y
2008-05-07,0.0387,24.21,0.0026052457662123,QQQ,Nasdaq 100,USD,US10Y
2008-05-08,0.0379,24.4,0.003083606557377,QQQ,Nasdaq 100,USD,US10Y
2008-05-09,0.0377,24.32,0.0034184210526315,QQQ,Nasdaq 100,USD,US10Y
2008-05-12,0.0378,24.78,0.0025551251008878,QQQ,Nasdaq 100,USD,US10Y
2008-05-13,0.039,24.82,0.001290088638195,QQQ,Nasdaq 100,USD,US10Y
2008-05-14,0.0392,24.78,0.0011551251008878,QQQ,Nasdaq 100,USD,US10Y
2008-05-15,0.0383,25.2,0.0013825396825396,QQQ,Nasdaq 100,USD,US10Y
2008-05-16,0.0385,25.2,0.0011825396825396,QQQ,Nasdaq 100,USD,US10Y
2008-05-19,0.0383,25.02,0.0016680255795363,QQQ,Nasdaq 100,USD,US10Y
2008-05-20,0.0378,24.82,0.002490088638195,QQQ,Nasdaq 100,USD,US10Y
2008-05-21,0.0381,24.28,0.0030861614497528,QQQ,Nasdaq 100,USD,US10Y
2008-05-22,0.0392,24.38,0.0018172272354388,QQQ,Nasdaq 100,USD,US10Y
2008-05-23,0.0385,24.31,0.0026353352529823,QQQ,Nasdaq 100,USD,US10Y
2008-05-27,0.0393,24.76,0.0010877221324717,QQQ,Nasdaq 100,USD,US10Y
2008-05-28,0.0403,24.82,-9.91136180499702e-06,QQQ,Nasdaq 100,USD,US10Y
2008-05-29,0.0408,25.05,-0.0008798403193612,QQQ,Nasdaq 100,USD,US10Y
2008-05-30,0.0406,25.22,-0.0009489294210943,QQQ,Nasdaq 100,USD,US10Y
2008-06-02,0.0398,24.9,0.0003606425702811,QQQ,Nasdaq 100,USD,US10Y
2008-06-03,0.0392,24.78,0.0011551251008878,QQQ,Nasdaq 100,USD,US10Y
2008-06-04,0.0398,25.08,7.24082934609252e-05,QQQ,Nasdaq 100,USD,US10Y
2008-06-05,0.0406,25.5,-0.0013843137254901,QQQ,Nasdaq 100,USD,US10Y
2008-06-06,0.0394,24.7,0.0010858299595141,QQQ,Nasdaq 100,USD,US10Y
2008-06-09,0.0401999999999999,24.56,0.0005166123778502,QQQ,Nasdaq 100,USD,US10Y
2008-06-10,0.0411,24.47,-0.0002336330200245,QQQ,Nasdaq 100,USD,US10Y
2008-06-11,0.0409999999999999,23.88,0.0008760469011726,QQQ,Nasdaq 100,USD,US10Y
2008-06-12,0.0423,23.88,-0.0004239530988274,QQQ,Nasdaq 100,USD,US10Y
2008-06-13,0.0426999999999999,24.39,-0.0016995899958998,QQQ,Nasdaq 100,USD,US10Y
2008-06-16,0.0425,24.63,-0.0018991067803491,QQQ,Nasdaq 100,USD,US10Y
2008-06-17,0.0423,24.48,-0.0014503267973856,QQQ,Nasdaq 100,USD,US10Y
2008-06-18,0.0416,24.21,-0.0002947542337876,QQQ,Nasdaq 100,USD,US10Y
2008-06-19,0.0421999999999999,24.6,-0.0015495934959348,QQQ,Nasdaq 100,USD,US10Y
2008-06-20,0.0416,23.93,0.0001885499373171,QQQ,Nasdaq 100,USD,US10Y
2008-06-23,0.0419,23.74,0.00022299915754,QQQ,Nasdaq 100,USD,US10Y
2008-06-24,0.0409999999999999,23.62,0.0013370025402202,QQQ,Nasdaq 100,USD,US10Y
2008-06-25,0.0412,23.99,0.0004840350145894,QQQ,Nasdaq 100,USD,US10Y
2008-06-26,0.0407,23.02,0.0027404865334491,QQQ,Nasdaq 100,USD,US10Y
2008-06-27,0.0399,23.03,0.0035216239687364,QQQ,Nasdaq 100,USD,US10Y
2008-06-30,0.0399,22.89,0.0037871996505024,QQQ,Nasdaq 100,USD,US10Y
2008-07-01,0.0401,23.21,0.0029848772080999,QQQ,Nasdaq 100,USD,US10Y
2008-07-02,0.0399,22.63,0.0042891294741493,QQQ,Nasdaq 100,USD,US10Y
2008-07-03,0.0399,22.63,0.0042891294741493,QQQ,Nasdaq 100,USD,US10Y
2008-07-07,0.0395,22.76,0.0044367311072056,QQQ,Nasdaq 100,USD,US10Y
2008-07-08,0.0391,23.31,0.0038000429000428,QQQ,Nasdaq 100,USD,US10Y
2008-07-09,0.0385,22.67,0.0056111601235112,QQQ,Nasdaq 100,USD,US10Y
2008-07-10,0.0383,22.92,0.0053300174520069,QQQ,Nasdaq 100,USD,US10Y
2008-07-11,0.0395999999999999,22.56,0.0047262411347518,QQQ,Nasdaq 100,USD,US10Y
2008-07-14,0.039,22.4,0.0056428571428571,QQQ,Nasdaq 100,USD,US10Y
2008-07-15,0.0387,22.41,0.0059229361892012,QQQ,Nasdaq 100,USD,US10Y
2008-07-16,0.0397,22.97,0.0038350457117979,QQQ,Nasdaq 100,USD,US10Y
2008-07-17,0.0407,23.09,0.0026087916847119,QQQ,Nasdaq 100,USD,US10Y
2008-07-18,0.0411,22.72,0.0029140845070422,QQQ,Nasdaq 100,USD,US10Y
2008-07-21,0.0409,22.67,0.0032111601235112,QQQ,Nasdaq 100,USD,US10Y
2008-07-22,0.0414,22.7,0.0026528634361233,QQQ,Nasdaq 100,USD,US10Y
2008-07-23,0.0416,22.99,0.0018971726837755,QQQ,Nasdaq 100,USD,US10Y
2008-07-24,0.0403,22.64,0.0038696113074204,QQQ,Nasdaq 100,USD,US10Y
2008-07-25,0.0412999999999999,23.01,0.0021593654932638,QQQ,Nasdaq 100,USD,US10Y
2008-07-28,0.0406,22.46,0.0039235975066785,QQQ,Nasdaq 100,USD,US10Y
2008-07-29,0.0409,22.99,0.0025971726837755,QQQ,Nasdaq 100,USD,US10Y
2008-07-30,0.0407,23.08,0.0026275563258232,QQQ,Nasdaq 100,USD,US10Y
2008-07-31,0.0399,23.04,0.0035027777777777,QQQ,Nasdaq 100,USD,US10Y
2008-08-01,0.0397,22.76,0.0042367311072056,QQQ,Nasdaq 100,USD,US10Y
2008-08-04,0.0398,22.49,0.0046642063139172,QQQ,Nasdaq 100,USD,US10Y
2008-08-05,0.0404,23.3,0.0025184549356223,QQQ,Nasdaq 100,USD,US10Y
2008-08-06,0.0406,23.61,0.0017549343498517,QQQ,Nasdaq 100,USD,US10Y
2008-08-07,0.0392,23.42,0.0034985482493595,QQQ,Nasdaq 100,USD,US10Y
2008-08-08,0.0394,24.0,0.0022666666666666,QQQ,Nasdaq 100,USD,US10Y
2008-08-11,0.0399,24.19,0.0014393964448119,QQQ,Nasdaq 100,USD,US10Y
2008-08-12,0.0391,24.18,0.0022564929693961,QQQ,Nasdaq 100,USD,US10Y
2008-08-13,0.0394,24.2,0.0019223140495867,QQQ,Nasdaq 100,USD,US10Y
2008-08-14,0.0389,24.47,0.0019663669799754,QQQ,Nasdaq 100,USD,US10Y
2008-08-15,0.0384,24.39,0.0026004100041,QQQ,Nasdaq 100,USD,US10Y
2008-08-18,0.0382,24.08,0.0033282392026578,QQQ,Nasdaq 100,USD,US10Y
2008-08-19,0.0383,23.78,0.0037521446593776,QQQ,Nasdaq 100,USD,US10Y
2008-08-20,0.0379,23.83,0.0040639110365086,QQQ,Nasdaq 100,USD,US10Y
2008-08-21,0.0384,23.76,0.003687542087542,QQQ,Nasdaq 100,USD,US10Y
2008-08-22,0.0387,24.06,0.0028627597672485,QQQ,Nasdaq 100,USD,US10Y
2008-08-25,0.0379,23.54,0.0045808836023789,QQQ,Nasdaq 100,USD,US10Y
2008-08-26,0.0379,23.5,0.0046531914893616,QQQ,Nasdaq 100,USD,US10Y
2008-08-27,0.0377,23.68,0.0045297297297297,QQQ,Nasdaq 100,USD,US10Y
2008-08-28,0.0379,23.86,0.0040111483654652,QQQ,Nasdaq 100,USD,US10Y
2008-08-29,0.0383,23.33,0.0045632661808829,QQQ,Nasdaq 100,USD,US10Y
2008-09-02,0.0374,23.05,0.0059839479392624,QQQ,Nasdaq 100,USD,US10Y
2008-09-03,0.0371,22.84,0.0066828371278458,QQQ,Nasdaq 100,USD,US10Y
2008-09-04,0.0364,22.11,0.0088284034373586,QQQ,Nasdaq 100,USD,US10Y
2008-09-05,0.0366,22.03,0.0087926463912846,QQQ,Nasdaq 100,USD,US10Y
2008-09-08,0.0366,21.96,0.0089373406193078,QQQ,Nasdaq 100,USD,US10Y
2008-09-09,0.0362,21.45,0.0104200466200466,QQQ,Nasdaq 100,USD,US10Y
2008-09-10,0.0365,21.65,0.009689376443418,QQQ,Nasdaq 100,USD,US10Y
2008-09-11,0.0364,22.1,0.0088488687782805,QQQ,Nasdaq 100,USD,US10Y
2008-09-12,0.0374,22.02,0.0080132606721162,QQQ,Nasdaq 100,USD,US10Y
2008-09-15,0.0347,21.25,0.0123588235294117,QQQ,Nasdaq 100,USD,US10Y
2008-09-16,0.0348,21.48,0.0117549348230912,QQQ,Nasdaq 100,USD,US10Y
2008-09-17,0.0341,20.34,0.0150642084562438,QQQ,Nasdaq 100,USD,US10Y
2008-09-18,0.0354,21.15,0.0118813238770685,QQQ,Nasdaq 100,USD,US10Y
2008-09-19,0.0378,21.74,0.008198160073597,QQQ,Nasdaq 100,USD,US10Y
2008-09-22,0.0383,20.76,0.009869556840077,QQQ,Nasdaq 100,USD,US10Y
2008-09-23,0.0385,20.54,0.0101854917234664,QQQ,Nasdaq 100,USD,US10Y
2008-09-24,0.038,20.7,0.0103091787439613,QQQ,Nasdaq 100,USD,US10Y
2008-09-25,0.0388,21.03,0.0087511174512601,QQQ,Nasdaq 100,USD,US10Y
2008-09-26,0.0385,20.83,0.0095076812289966,QQQ,Nasdaq 100,USD,US10Y
2008-09-29,0.0361,18.64,0.0175480686695279,QQQ,Nasdaq 100,USD,US10Y
2008-09-30,0.0385,20.6,0.0100436893203883,QQQ,Nasdaq 100,USD,US10Y
2008-10-01,0.0377,20.2,0.0118049504950495,QQQ,Nasdaq 100,USD,US10Y
2008-10-02,0.0366,19.26,0.0153210799584631,QQQ,Nasdaq 100,USD,US10Y
2008-10-03,0.0363,19.0,0.0163315789473684,QQQ,Nasdaq 100,USD,US10Y
2008-10-06,0.0348,18.23,0.0200546352166758,QQQ,Nasdaq 100,USD,US10Y
2008-10-07,0.035,17.18,0.0232072176949941,QQQ,Nasdaq 100,USD,US10Y
2008-10-08,0.0372,17.19,0.0209733566026759,QQQ,Nasdaq 100,USD,US10Y
2008-10-09,0.0384,16.47,0.0223164541590771,QQQ,Nasdaq 100,USD,US10Y
2008-10-10,0.0389,16.4,0.0220756097560975,QQQ,Nasdaq 100,USD,US10Y
2008-10-13,0.0389,18.47,0.0152418516513264,QQQ,Nasdaq 100,USD,US10Y
2008-10-14,0.0408,17.63,0.0159214974475326,QQQ,Nasdaq 100,USD,US10Y
2008-10-15,0.0404,16.07,0.0218277535780958,QQQ,Nasdaq 100,USD,US10Y
2008-10-16,0.0399,16.96,0.0190622641509433,QQQ,Nasdaq 100,USD,US10Y
2008-10-17,0.0398,16.94,0.0192318772136953,QQQ,Nasdaq 100,USD,US10Y
2008-10-20,0.0391,17.47,0.0181409845449341,QQQ,Nasdaq 100,USD,US10Y
2008-10-21,0.0375999999999999,16.58,0.0227136308805791,QQQ,Nasdaq 100,USD,US10Y
2008-10-22,0.0365,15.98,0.026078222778473,QQQ,Nasdaq 100,USD,US10Y
2008-10-23,0.0363,16.01,0.0261609618988132,QQQ,Nasdaq 100,USD,US10Y
2008-10-24,0.0375999999999999,15.53,0.0267915003219576,QQQ,Nasdaq 100,USD,US10Y
2008-10-27,0.0379,15.11,0.0282813368630046,QQQ,Nasdaq 100,USD,US10Y
2008-10-28,0.0389,16.76,0.0207658711217183,QQQ,Nasdaq 100,USD,US10Y
2008-10-29,0.0393,16.82,0.0201530321046373,QQQ,Nasdaq 100,USD,US10Y
2008-10-30,0.04,17.23,0.0180383052814857,QQQ,Nasdaq 100,USD,US10Y
2008-10-31,0.0401,17.24,0.0179046403712297,QQQ,Nasdaq 100,USD,US10Y
2008-11-03,0.0395999999999999,17.24,0.0184046403712298,QQQ,Nasdaq 100,USD,US10Y
2008-11-04,0.0381,17.8,0.0180797752808988,QQQ,Nasdaq 100,USD,US10Y
2008-11-05,0.0373,16.79,0.0222592614651578,QQQ,Nasdaq 100,USD,US10Y
2008-11-06,0.0375,16.04,0.0248441396508728,QQQ,Nasdaq 100,USD,US10Y
2008-11-07,0.0383,16.43,0.0225642726719415,QQQ,Nasdaq 100,USD,US10Y
2008-11-10,0.0382,16.16,0.0236811881188118,QQQ,Nasdaq 100,USD,US10Y
2008-11-11,0.0382,15.83,0.0249711939355653,QQQ,Nasdaq 100,USD,US10Y
2008-11-12,0.0375,15.05,0.0289451827242524,QQQ,Nasdaq 100,USD,US10Y
2008-11-13,0.0384,16.03,0.0239830318153462,QQQ,Nasdaq 100,USD,US10Y
2008-11-14,0.0372,15.24,0.0284167979002624,QQQ,Nasdaq 100,USD,US10Y
2008-11-17,0.0368,14.88,0.0304043010752688,QQQ,Nasdaq 100,USD,US10Y
2008-11-18,0.0353,14.93,0.0316792364367046,QQQ,Nasdaq 100,USD,US10Y
2008-11-19,0.0338,14.05,0.0373743772241992,QQQ,Nasdaq 100,USD,US10Y
2008-11-20,0.031,13.39,0.0436825989544436,QQQ,Nasdaq 100,USD,US10Y
2008-11-21,0.032,14.02,0.0393266761768901,QQQ,Nasdaq 100,USD,US10Y
2008-11-24,0.0335,14.91,0.0335690811535882,QQQ,Nasdaq 100,USD,US10Y
2008-11-25,0.0311,14.76,0.036650677506775,QQQ,Nasdaq 100,USD,US10Y
2008-11-26,0.0299,15.41,0.0349929266709928,QQQ,Nasdaq 100,USD,US10Y
2008-11-28,0.0293,15.32,0.0359741514360313,QQQ,Nasdaq 100,USD,US10Y
2008-12-01,0.0272,14.09,0.0437723207948899,QQQ,Nasdaq 100,USD,US10Y
2008-12-02,0.0268,14.6,0.0416931506849315,QQQ,Nasdaq 100,USD,US10Y
2008-12-03,0.0266999999999999,15.06,0.0397010624169987,QQQ,Nasdaq 100,USD,US10Y
2008-12-04,0.0255,14.57,0.0431341798215511,QQQ,Nasdaq 100,USD,US10Y
2008-12-05,0.0266999999999999,15.21,0.0390462195923735,QQQ,Nasdaq 100,USD,US10Y
2008-12-08,0.0277,15.82,0.0355111251580278,QQQ,Nasdaq 100,USD,US10Y
2008-12-09,0.0266999999999999,15.66,0.0371569604086846,QQQ,Nasdaq 100,USD,US10Y
2008-12-10,0.0269,15.79,0.0364312222925902,QQQ,Nasdaq 100,USD,US10Y
2008-12-11,0.0264,15.25,0.0391737704918032,QQQ,Nasdaq 100,USD,US10Y
2008-12-12,0.026,15.59,0.038143681847338,QQQ,Nasdaq 100,USD,US10Y
2008-12-15,0.0253,15.27,0.0401878847413228,QQQ,Nasdaq 100,USD,US10Y
2008-12-16,0.0237,16.06,0.038566500622665,QQQ,Nasdaq 100,USD,US10Y
2008-12-17,0.022,15.83,0.0411711939355653,QQQ,Nasdaq 100,USD,US10Y
2008-12-18,0.0208,15.56,0.0434673521850899,QQQ,Nasdaq 100,USD,US10Y
2008-12-19,0.0213,15.72,0.0423132315521628,QQQ,Nasdaq 100,USD,US10Y
2008-12-22,0.0216,15.36,0.0435041666666666,QQQ,Nasdaq 100,USD,US10Y
2008-12-23,0.0218,15.28,0.0436450261780104,QQQ,Nasdaq 100,USD,US10Y
2008-12-24,0.022,15.3,0.043359477124183,QQQ,Nasdaq 100,USD,US10Y
2008-12-26,0.0216,15.31,0.0437167864141084,QQQ,Nasdaq 100,USD,US10Y
2008-12-29,0.0213,15.15,0.044706600660066,QQQ,Nasdaq 100,USD,US10Y
2008-12-30,0.0210999999999999,15.52,0.0433329896907217,QQQ,Nasdaq 100,USD,US10Y
2008-12-31,0.0225,19.9,0.027751256281407,QQQ,Nasdaq 100,USD,US10Y
2009-01-02,0.0246,20.75,0.0235927710843373,QQQ,Nasdaq 100,USD,US10Y
2009-01-05,0.0249,20.73,0.0233392667631451,QQQ,Nasdaq 100,USD,US10Y
2009-01-06,0.0250999999999999,20.93,0.0226783086478739,QQQ,Nasdaq 100,USD,US10Y
2009-01-07,0.0252,20.34,0.0239642084562438,QQQ,Nasdaq 100,USD,US10Y
2009-01-08,0.0247,20.57,0.0239144871171609,QQQ,Nasdaq 100,USD,US10Y
2009-01-09,0.0243,20.08,0.025500796812749,QQQ,Nasdaq 100,USD,US10Y
2009-01-12,0.0233999999999999,19.72,0.0273099391480731,QQQ,Nasdaq 100,USD,US10Y
2009-01-13,0.0233,19.75,0.027332911392405,QQQ,Nasdaq 100,USD,US10Y
2009-01-14,0.0224,19.1,0.0299560209424083,QQQ,Nasdaq 100,USD,US10Y
2009-01-15,0.0223,19.43,0.0291668039114771,QQQ,Nasdaq 100,USD,US10Y
2009-01-16,0.0236,19.67,0.027238840874428,QQQ,Nasdaq 100,USD,US10Y
2009-01-20,0.024,18.66,0.0295905680600214,QQQ,Nasdaq 100,USD,US10Y
2009-01-21,0.0256,19.47,0.0257610683102208,QQQ,Nasdaq 100,USD,US10Y
2009-01-22,0.0262,19.18,0.0259376433785192,QQQ,Nasdaq 100,USD,US10Y
2009-01-23,0.0265,19.31,0.0252866390471258,QQQ,Nasdaq 100,USD,US10Y
2009-01-26,0.027,19.45,0.0244138817480719,QQQ,Nasdaq 100,USD,US10Y
2009-01-27,0.0259,19.61,0.0250943906170321,QQQ,Nasdaq 100,USD,US10Y
2009-01-28,0.0271,20.29,0.0221853622474125,QQQ,Nasdaq 100,USD,US10Y
2009-01-29,0.0287,19.77,0.0218816894284269,QQQ,Nasdaq 100,USD,US10Y
2009-01-30,0.0287,19.38,0.0228995872033023,QQQ,Nasdaq 100,USD,US10Y
2009-02-02,0.0276,19.63,0.0233424350483953,QQQ,Nasdaq 100,USD,US10Y
2009-02-03,0.0289,19.96,0.0212002004008016,QQQ,Nasdaq 100,USD,US10Y
2009-02-04,0.0295,19.96,0.0206002004008016,QQQ,Nasdaq 100,USD,US10Y
2009-02-05,0.0295,20.45,0.0193997555012225,QQQ,Nasdaq 100,USD,US10Y
2009-02-06,0.0305,20.98,0.0171644423260247,QQQ,Nasdaq 100,USD,US10Y
2009-02-09,0.0306999999999999,21.05,0.0168059382422803,QQQ,Nasdaq 100,USD,US10Y
2009-02-10,0.0289999999999999,20.19,0.0205294700346707,QQQ,Nasdaq 100,USD,US10Y
2009-02-11,0.0278,20.15,0.0218277915632754,QQQ,Nasdaq 100,USD,US10Y
2009-02-12,0.0275,20.41,0.0214955903968642,QQQ,Nasdaq 100,USD,US10Y
2009-02-13,0.0289,20.31,0.0203368291482028,QQQ,Nasdaq 100,USD,US10Y
2009-02-17,0.0264,19.49,0.0249083632632119,QQQ,Nasdaq 100,USD,US10Y
2009-02-18,0.0274,19.52,0.0238295081967213,QQQ,Nasdaq 100,USD,US10Y
2009-02-19,0.0285,19.18,0.0236376433785192,QQQ,Nasdaq 100,USD,US10Y
2009-02-20,0.0278,19.26,0.0241210799584631,QQQ,Nasdaq 100,USD,US10Y
2009-02-23,0.0278,18.54,0.0261374325782092,QQQ,Nasdaq 100,USD,US10Y
2009-02-24,0.0279999999999999,19.24,0.023975051975052,QQQ,Nasdaq 100,USD,US10Y
2009-02-25,0.0295,19.06,0.0229658971668415,QQQ,Nasdaq 100,USD,US10Y
2009-02-26,0.0298,18.51,0.0242248514316585,QQQ,Nasdaq 100,USD,US10Y
2009-02-27,0.0302,18.34,0.024325627044711,QQQ,Nasdaq 100,USD,US10Y
2009-03-02,0.0291,17.68,0.0274610859728506,QQQ,Nasdaq 100,USD,US10Y
2009-03-03,0.0293,17.75,0.027038028169014,QQQ,Nasdaq 100,USD,US10Y
2009-03-04,0.0301,18.23,0.0247546352166758,QQQ,Nasdaq 100,USD,US10Y
2009-03-05,0.0283,17.64,0.0283893424036281,QQQ,Nasdaq 100,USD,US10Y
2009-03-06,0.0283,17.48,0.02890823798627,QQQ,Nasdaq 100,USD,US10Y
2009-03-09,0.0289,17.14,0.029443057176196,QQQ,Nasdaq 100,USD,US10Y
2009-03-10,0.0299,18.27,0.0248345374931581,QQQ,Nasdaq 100,USD,US10Y
2009-03-11,0.0295,18.49,0.0245832882639264,QQQ,Nasdaq 100,USD,US10Y
2009-03-12,0.0289,19.13,0.0233739153162571,QQQ,Nasdaq 100,USD,US10Y
2009-03-13,0.0289,19.19,0.0232104742053152,QQQ,Nasdaq 100,USD,US10Y
2009-03-16,0.0297,18.81,0.0234632110579479,QQQ,Nasdaq 100,USD,US10Y
2009-03-17,0.0302,19.58,0.0208725229826353,QQQ,Nasdaq 100,USD,US10Y
2009-03-18,0.0250999999999999,19.82,0.0253540867810293,QQQ,Nasdaq 100,USD,US10Y
2009-03-19,0.0260999999999999,19.77,0.024481689428427,QQQ,Nasdaq 100,USD,US10Y
2009-03-20,0.0265,19.49,0.0248083632632119,QQQ,Nasdaq 100,USD,US10Y
2009-03-23,0.0268,20.69,0.0215325277912034,QQQ,Nasdaq 100,USD,US10Y
2009-03-24,0.0268,20.27,0.0225339911198815,QQQ,Nasdaq 100,USD,US10Y
2009-03-25,0.0281,20.31,0.0211368291482028,QQQ,Nasdaq 100,USD,US10Y
2009-03-26,0.0276,21.04,0.0199285171102661,QQQ,Nasdaq 100,USD,US10Y
2009-03-27,0.0278,20.55,0.020861800486618,QQQ,Nasdaq 100,USD,US10Y
2009-03-30,0.0273,20.05,0.0225753117206982,QQQ,Nasdaq 100,USD,US10Y
2009-03-31,0.0271,22.79,0.0167788942518648,QQQ,Nasdaq 100,USD,US10Y
2009-04-01,0.0268,23.08,0.0165275563258232,QQQ,Nasdaq 100,USD,US10Y
2009-04-02,0.0277,23.85,0.0142287211740041,QQQ,Nasdaq 100,USD,US10Y
2009-04-03,0.0291,24.25,0.0121371134020618,QQQ,Nasdaq 100,USD,US10Y
2009-04-06,0.0295,24.19,0.0118393964448119,QQQ,Nasdaq 100,USD,US10Y
2009-04-07,0.0293,23.5,0.0132531914893617,QQQ,Nasdaq 100,USD,US10Y
2009-04-08,0.0286,23.97,0.0131188151856487,QQQ,Nasdaq 100,USD,US10Y
2009-04-09,0.0296,24.69,0.0109022276225192,QQQ,Nasdaq 100,USD,US10Y
2009-04-13,0.0288,24.63,0.0118008932196508,QQQ,Nasdaq 100,USD,US10Y
2009-04-14,0.0279999999999999,24.36,0.0130509031198687,QQQ,Nasdaq 100,USD,US10Y
2009-04-15,0.0282,24.26,0.0130201154163231,QQQ,Nasdaq 100,USD,US10Y
2009-04-16,0.0286,24.93,0.0115123144805455,QQQ,Nasdaq 100,USD,US10Y
2009-04-17,0.0298,24.95,0.0102801603206412,QQQ,Nasdaq 100,USD,US10Y
2009-04-20,0.0288,24.12,0.0126593698175787,QQQ,Nasdaq 100,USD,US10Y
2009-04-21,0.0294,24.49,0.0114329930583911,QQQ,Nasdaq 100,USD,US10Y
2009-04-22,0.0298,24.61,0.010833888663145,QQQ,Nasdaq 100,USD,US10Y
2009-04-23,0.0296,24.77,0.0107714170367379,QQQ,Nasdaq 100,USD,US10Y
2009-04-24,0.0302999999999999,25.3,0.0092256916996048,QQQ,Nasdaq 100,USD,US10Y
2009-04-27,0.0295,25.24,0.0101196513470681,QQQ,Nasdaq 100,USD,US10Y
2009-04-28,0.0305,25.09,0.0093565165404543,QQQ,Nasdaq 100,USD,US10Y
2009-04-29,0.0312,25.47,0.0080618767177071,QQQ,Nasdaq 100,USD,US10Y
2009-04-30,0.0316,25.69,0.007325652004671,QQQ,Nasdaq 100,USD,US10Y
2009-05-01,0.0321,25.73,0.0067651379712398,QQQ,Nasdaq 100,USD,US10Y
2009-05-04,0.0319,26.31,0.0061083618396047,QQQ,Nasdaq 100,USD,US10Y
2009-05-05,0.032,26.23,0.006124285169653,QQQ,Nasdaq 100,USD,US10Y
2009-05-06,0.0318,26.23,0.006324285169653,QQQ,Nasdaq 100,USD,US10Y
2009-05-07,0.0329,25.61,0.0061472471690745,QQQ,Nasdaq 100,USD,US10Y
2009-05-08,0.0329,25.69,0.006025652004671,QQQ,Nasdaq 100,USD,US10Y
2009-05-11,0.0317,25.72,0.0071802488335925,QQQ,Nasdaq 100,USD,US10Y
2009-05-12,0.0317,25.38,0.0077011032308904,QQQ,Nasdaq 100,USD,US10Y
2009-05-13,0.0311,24.69,0.0094022276225192,QQQ,Nasdaq 100,USD,US10Y
2009-05-14,0.031,25.05,0.0089201596806387,QQQ,Nasdaq 100,USD,US10Y
2009-05-15,0.0314,24.97,0.008648057669203,QQQ,Nasdaq 100,USD,US10Y
2009-05-18,0.0322,25.66,0.0067711613406079,QQQ,Nasdaq 100,USD,US10Y
2009-05-19,0.0325,25.76,0.0063198757763975,QQQ,Nasdaq 100,USD,US10Y
2009-05-20,0.0319,25.68,0.0070408099688473,QQQ,Nasdaq 100,USD,US10Y
2009-05-21,0.0335,25.19,0.0061982929734021,QQQ,Nasdaq 100,USD,US10Y
2009-05-22,0.0345,25.12,0.0053089171974522,QQQ,Nasdaq 100,USD,US10Y
2009-05-26,0.035,26.03,0.0034172109104878,QQQ,Nasdaq 100,USD,US10Y
2009-05-27,0.0371,25.83,0.0016146728610143,QQQ,Nasdaq 100,USD,US10Y
2009-05-28,0.0366999999999999,26.17,0.0015116927779901,QQQ,Nasdaq 100,USD,US10Y
2009-05-29,0.0347,26.45,0.0031071833648393,QQQ,Nasdaq 100,USD,US10Y
2009-06-01,0.0371,27.21,-0.0003488055861815,QQQ,Nasdaq 100,USD,US10Y
2009-06-02,0.0365,27.27,0.0001703337000366,QQQ,Nasdaq 100,USD,US10Y
2009-06-03,0.0356,27.18,0.0011917586460632,QQQ,Nasdaq 100,USD,US10Y
2009-06-04,0.0372,27.5,-0.0008363636363636,QQQ,Nasdaq 100,USD,US10Y
2009-06-05,0.0384,27.51,-0.0020495819701926,QQQ,Nasdaq 100,USD,US10Y
2009-06-08,0.0391,27.42,-0.0026302698760029,QQQ,Nasdaq 100,USD,US10Y
2009-06-09,0.0385999999999999,27.67,-0.0024597759306106,QQQ,Nasdaq 100,USD,US10Y
2009-06-10,0.0398,27.55,-0.0035023593466424,QQQ,Nasdaq 100,USD,US10Y
2009-06-11,0.0388,27.58,-0.0025418419144307,QQQ,Nasdaq 100,USD,US10Y
2009-06-12,0.0381,27.45,-0.0016701275045537,QQQ,Nasdaq 100,USD,US10Y
2009-06-15,0.0375999999999999,26.84,-0.0003421758569298,QQQ,Nasdaq 100,USD,US10Y
2009-06-16,0.0366999999999999,26.59,0.0009081233546447,QQQ,Nasdaq 100,USD,US10Y
2009-06-17,0.0368,26.82,0.0004856077554064,QQQ,Nasdaq 100,USD,US10Y
2009-06-18,0.0385999999999999,26.79,-0.0012726390444194,QQQ,Nasdaq 100,USD,US10Y
2009-06-19,0.0379,27.11,-0.0010132423459977,QQQ,Nasdaq 100,USD,US10Y
2009-06-22,0.0372,26.28,0.0008517503805175,QQQ,Nasdaq 100,USD,US10Y
2009-06-23,0.0365,26.24,0.0016097560975609,QQQ,Nasdaq 100,USD,US10Y
2009-06-24,0.0372,26.66,0.000309377344336,QQQ,Nasdaq 100,USD,US10Y
2009-06-25,0.0355,27.19,0.0012782272894446,QQQ,Nasdaq 100,USD,US10Y
2009-06-26,0.0352,27.27,0.0014703337000366,QQQ,Nasdaq 100,USD,US10Y
2009-06-29,0.0351,27.34,0.0014764447695683,QQQ,Nasdaq 100,USD,US10Y
2009-06-30,0.0353,31.88,-0.0039323713927227,QQQ,Nasdaq 100,USD,US10Y
2009-07-01,0.0355,31.97,-0.0042206756334063,QQQ,Nasdaq 100,USD,US10Y
2009-07-02,0.0351,31.21,-0.0030589875040051,QQQ,Nasdaq 100,USD,US10Y
2009-07-06,0.0352,31.1,-0.0030456591639871,QQQ,Nasdaq 100,USD,US10Y
2009-07-07,0.0347,30.32,-0.001718469656992,QQQ,Nasdaq 100,USD,US10Y
2009-07-08,0.0333,30.46,-0.0004700590938936,QQQ,Nasdaq 100,USD,US10Y
2009-07-09,0.0344,30.54,-0.0016560576293385,QQQ,Nasdaq 100,USD,US10Y
2009-07-10,0.0332,30.64,-0.0005629242819843,QQQ,Nasdaq 100,USD,US10Y
2009-07-13,0.0338,31.24,-0.001789756722151,QQQ,Nasdaq 100,USD,US10Y
2009-07-14,0.035,31.36,-0.0031122448979591,QQQ,Nasdaq 100,USD,US10Y
2009-07-15,0.0363,32.39,-0.0054262735412164,QQQ,Nasdaq 100,USD,US10Y
2009-07-16,0.0359,32.78,-0.0053935936546674,QQQ,Nasdaq 100,USD,US10Y
2009-07-17,0.0366999999999999,32.96,-0.0063601941747571,QQQ,Nasdaq 100,USD,US10Y
2009-07-20,0.0361,33.32,-0.0060879951980792,QQQ,Nasdaq 100,USD,US10Y
2009-07-21,0.035,33.52,-0.0051670644391408,QQQ,Nasdaq 100,USD,US10Y
2009-07-22,0.0358,33.78,-0.006196684428656,QQQ,Nasdaq 100,USD,US10Y
2009-07-23,0.0372,34.56,-0.0082648148148148,QQQ,Nasdaq 100,USD,US10Y
2009-07-24,0.037,34.51,-0.0080228919153868,QQQ,Nasdaq 100,USD,US10Y
2009-07-27,0.0375,34.52,-0.0085312862108922,QQQ,Nasdaq 100,USD,US10Y
2009-07-28,0.0372,34.65,-0.0083399711399711,QQQ,Nasdaq 100,USD,US10Y
2009-07-29,0.0369,34.52,-0.0079312862108922,QQQ,Nasdaq 100,USD,US10Y
2009-07-30,0.0366999999999999,34.74,-0.0079147380541161,QQQ,Nasdaq 100,USD,US10Y
2009-07-31,0.0352,34.6,-0.0062982658959537,QQQ,Nasdaq 100,USD,US10Y
2009-08-03,0.0366,35.14,-0.0081424018212862,QQQ,Nasdaq 100,USD,US10Y
2009-08-04,0.037,35.15,-0.0085504978662873,QQQ,Nasdaq 100,USD,US10Y
2009-08-05,0.038,34.84,-0.0092973593570608,QQQ,Nasdaq 100,USD,US10Y
2009-08-06,0.0379,34.54,-0.0089480602200347,QQQ,Nasdaq 100,USD,US10Y
2009-08-07,0.0389,34.95,-0.0102876967095851,QQQ,Nasdaq 100,USD,US10Y
2009-08-10,0.038,34.76,-0.0092313003452243,QQQ,Nasdaq 100,USD,US10Y
2009-08-11,0.0371,34.42,-0.0080471237652527,QQQ,Nasdaq 100,USD,US10Y
2009-08-12,0.0372,34.95,-0.0085876967095851,QQQ,Nasdaq 100,USD,US10Y
2009-08-13,0.0359,35.15,-0.0074504978662873,QQQ,Nasdaq 100,USD,US10Y
2009-08-14,0.0355,34.78,-0.0067478435882691,QQQ,Nasdaq 100,USD,US10Y
2009-08-17,0.0348,33.77,-0.0051879182706544,QQQ,Nasdaq 100,USD,US10Y
2009-08-18,0.0351,34.24,-0.0058943925233644,QQQ,Nasdaq 100,USD,US10Y
2009-08-19,0.0345,34.46,-0.0054808473592571,QQQ,Nasdaq 100,USD,US10Y
2009-08-20,0.0342,34.84,-0.0054973593570608,QQQ,Nasdaq 100,USD,US10Y
2009-08-21,0.0356,35.35,-0.0073114568599717,QQQ,Nasdaq 100,USD,US10Y
2009-08-24,0.0348,35.28,-0.0064553287981859,QQQ,Nasdaq 100,USD,US10Y
2009-08-25,0.0345,35.39,-0.0062434303475558,QQQ,Nasdaq 100,USD,US10Y
2009-08-26,0.0344,35.33,-0.0060954429663175,QQQ,Nasdaq 100,USD,US10Y
2009-08-27,0.0347,35.42,-0.0064673630717109,QQQ,Nasdaq 100,USD,US10Y
2009-08-28,0.0346,35.46,-0.0063992103778905,QQQ,Nasdaq 100,USD,US10Y
2009-08-31,0.034,35.08,-0.0054937286202964,QQQ,Nasdaq 100,USD,US10Y
2009-09-01,0.0338,34.44,-0.0047639953542392,QQQ,Nasdaq 100,USD,US10Y
2009-09-02,0.0329,34.41,-0.0038386806160999,QQQ,Nasdaq 100,USD,US10Y
2009-09-03,0.0333,34.66,-0.0044482977495672,QQQ,Nasdaq 100,USD,US10Y
2009-09-04,0.0345,35.35,-0.0062114568599717,QQQ,Nasdaq 100,USD,US10Y
2009-09-08,0.0347,35.71,-0.0066966395967516,QQQ,Nasdaq 100,USD,US10Y
2009-09-09,0.0348,36.03,-0.0070453510963086,QQQ,Nasdaq 100,USD,US10Y
2009-09-10,0.0336,36.39,-0.0061199230557845,QQQ,Nasdaq 100,USD,US10Y
2009-09-11,0.0334,36.38,-0.0059123694337548,QQQ,Nasdaq 100,USD,US10Y
2009-09-14,0.0342,36.56,-0.0068477024070021,QQQ,Nasdaq 100,USD,US10Y
2009-09-15,0.0347,36.68,-0.0074371864776444,QQQ,Nasdaq 100,USD,US10Y
2009-09-16,0.0348,37.2,-0.0079182795698924,QQQ,Nasdaq 100,USD,US10Y
2009-09-17,0.0342,37.14,-0.0072748519116855,QQQ,Nasdaq 100,USD,US10Y
2009-09-18,0.0349,37.23,-0.0080399409078699,QQQ,Nasdaq 100,USD,US10Y
2009-09-21,0.0349,37.37,-0.0081405672999732,QQQ,Nasdaq 100,USD,US10Y
2009-09-22,0.0346,37.43,-0.0078834624632647,QQQ,Nasdaq 100,USD,US10Y
2009-09-23,0.0344,37.21,-0.0075255038968019,QQQ,Nasdaq 100,USD,US10Y
2009-09-24,0.034,36.9,-0.0068997289972899,QQQ,Nasdaq 100,USD,US10Y
2009-09-25,0.0334,36.56,-0.0060477024070021,QQQ,Nasdaq 100,USD,US10Y
2009-09-28,0.0331,37.22,-0.0062327243417517,QQQ,Nasdaq 100,USD,US10Y
2009-09-29,0.0331,37.07,-0.0061240086323172,QQQ,Nasdaq 100,USD,US10Y
2009-09-30,0.0331,35.18,-0.0046747583854462,QQQ,Nasdaq 100,USD,US10Y
2009-10-01,0.0321,34.1,-0.002774486803519,QQQ,Nasdaq 100,USD,US10Y
2009-10-02,0.0324,34.02,-0.0030055261610817,QQQ,Nasdaq 100,USD,US10Y
2009-10-05,0.0324,34.29,-0.0032369787109944,QQQ,Nasdaq 100,USD,US10Y
2009-10-06,0.0327,34.89,-0.0040384924047004,QQQ,Nasdaq 100,USD,US10Y
2009-10-07,0.0321,35.0,-0.0035285714285714,QQQ,Nasdaq 100,USD,US10Y
2009-10-08,0.0327,35.15,-0.0042504978662873,QQQ,Nasdaq 100,USD,US10Y
2009-10-09,0.034,35.35,-0.0057114568599717,QQQ,Nasdaq 100,USD,US10Y
2009-10-12,0.034,35.39,-0.0057434303475558,QQQ,Nasdaq 100,USD,US10Y
2009-10-13,0.0334,35.41,-0.005159390002824,QQQ,Nasdaq 100,USD,US10Y
2009-10-14,0.0345,35.9,-0.0066448467966573,QQQ,Nasdaq 100,USD,US10Y
2009-10-15,0.0349,35.88,-0.0070293199554069,QQQ,Nasdaq 100,USD,US10Y
2009-10-16,0.0343,35.59,-0.0062022197246417,QQQ,Nasdaq 100,USD,US10Y
2009-10-19,0.0341,35.95,-0.006283588317107,QQQ,Nasdaq 100,USD,US10Y
2009-10-20,0.0335,35.94,-0.0056758486366165,QQQ,Nasdaq 100,USD,US10Y
2009-10-21,0.0342,35.88,-0.0063293199554069,QQQ,Nasdaq 100,USD,US10Y
2009-10-22,0.0344,36.08,-0.0066838137472283,QQQ,Nasdaq 100,USD,US10Y
2009-10-23,0.0351,35.88,-0.0072293199554069,QQQ,Nasdaq 100,USD,US10Y
2009-10-26,0.0359,35.74,-0.0079201454952434,QQQ,Nasdaq 100,USD,US10Y
2009-10-27,0.0349,35.25,-0.0065312056737588,QQQ,Nasdaq 100,USD,US10Y
2009-10-28,0.0344,34.42,-0.0053471237652527,QQQ,Nasdaq 100,USD,US10Y
2009-10-29,0.0353,35.02,-0.0067448886350656,QQQ,Nasdaq 100,USD,US10Y
2009-10-30,0.0341,34.11,-0.0047830841395485,QQQ,Nasdaq 100,USD,US10Y
2009-11-02,0.0345,34.23,-0.0052858603564125,QQQ,Nasdaq 100,USD,US10Y
2009-11-03,0.035,34.36,-0.0058963911525029,QQQ,Nasdaq 100,USD,US10Y
2009-11-04,0.0356999999999999,34.39,-0.0066217795870891,QQQ,Nasdaq 100,USD,US10Y
2009-11-05,0.0356999999999999,35.22,-0.0073070414537193,QQQ,Nasdaq 100,USD,US10Y
2009-11-06,0.0354,35.42,-0.0071673630717109,QQQ,Nasdaq 100,USD,US10Y
2009-11-09,0.0352,36.19,-0.0075680574744404,QQQ,Nasdaq 100,USD,US10Y
2009-11-10,0.035,36.28,-0.0074366041896361,QQQ,Nasdaq 100,USD,US10Y
2009-11-11,0.035,36.48,-0.0075877192982456,QQQ,Nasdaq 100,USD,US10Y
2009-11-12,0.0345,36.28,-0.0069366041896361,QQQ,Nasdaq 100,USD,US10Y
2009-11-13,0.0343,36.6,-0.0069775956284152,QQQ,Nasdaq 100,USD,US10Y
2009-11-16,0.0333,36.99,-0.0062656663963233,QQQ,Nasdaq 100,USD,US10Y
2009-11-17,0.0333,37.08,-0.0063312837108953,QQQ,Nasdaq 100,USD,US10Y
2009-11-18,0.0336,36.87,-0.0064776783292649,QQQ,Nasdaq 100,USD,US10Y
2009-11-19,0.0335,36.28,-0.0059366041896361,QQQ,Nasdaq 100,USD,US10Y
2009-11-20,0.0336,36.1,-0.0058991689750692,QQQ,Nasdaq 100,USD,US10Y
2009-11-23,0.0337,36.69,-0.0064446170618697,QQQ,Nasdaq 100,USD,US10Y
2009-11-24,0.0332,36.55,-0.0058402188782489,QQQ,Nasdaq 100,USD,US10Y
2009-11-25,0.0327999999999999,36.7,-0.0055520435967301,QQQ,Nasdaq 100,USD,US10Y
2009-11-27,0.0321,36.13,-0.0044221699418765,QQQ,Nasdaq 100,USD,US10Y
2009-11-30,0.0321,36.17,-0.0044527785457561,QQQ,Nasdaq 100,USD,US10Y
2009-12-01,0.0327999999999999,36.58,-0.005462657189721,QQQ,Nasdaq 100,USD,US10Y
2009-12-02,0.0332,36.65,-0.0059148703956343,QQQ,Nasdaq 100,USD,US10Y
2009-12-03,0.0339,36.48,-0.0064877192982456,QQQ,Nasdaq 100,USD,US10Y
2009-12-04,0.0348,36.67,-0.0075297518407417,QQQ,Nasdaq 100,USD,US10Y
2009-12-07,0.0344,36.5,-0.0070027397260273,QQQ,Nasdaq 100,USD,US10Y
2009-12-08,0.034,36.27,-0.0064290046870692,QQQ,Nasdaq 100,USD,US10Y
2009-12-09,0.0345,36.62,-0.0071925177498634,QQQ,Nasdaq 100,USD,US10Y
2009-12-10,0.0349,36.82,-0.0077408473655621,QQQ,Nasdaq 100,USD,US10Y
2009-12-11,0.0355,36.67,-0.0082297518407417,QQQ,Nasdaq 100,USD,US10Y
2009-12-14,0.0356,37.02,-0.0085875742841707,QQQ,Nasdaq 100,USD,US10Y
2009-12-15,0.036,36.8,-0.0088260869565217,QQQ,Nasdaq 100,USD,US10Y
2009-12-16,0.0361,36.85,-0.0089629579375848,QQQ,Nasdaq 100,USD,US10Y
2009-12-17,0.035,36.39,-0.0075199230557845,QQQ,Nasdaq 100,USD,US10Y
2009-12-18,0.0355,36.98,-0.0084583558680367,QQQ,Nasdaq 100,USD,US10Y
2009-12-21,0.0369,37.42,-0.0101763228220203,QQQ,Nasdaq 100,USD,US10Y
2009-12-22,0.0375999999999999,37.64,-0.0110325185972368,QQQ,Nasdaq 100,USD,US10Y
2009-12-23,0.0377,37.9,-0.0113147757255936,QQQ,Nasdaq 100,USD,US10Y
2009-12-24,0.0382,38.26,-0.0120630423418714,QQQ,Nasdaq 100,USD,US10Y
2009-12-28,0.0385,38.43,-0.0124786625032526,QQQ,Nasdaq 100,USD,US10Y
2009-12-29,0.0382,38.31,-0.012097154789872,QQQ,Nasdaq 100,USD,US10Y
2009-12-30,0.038,38.44,-0.0119854318418314,QQQ,Nasdaq 100,USD,US10Y
2009-12-31,0.0385,20.09,0.0112760079641612,QQQ,Nasdaq 100,USD,US10Y
2010-01-04,0.0385,20.38,0.0105677134445534,QQQ,Nasdaq 100,USD,US10Y
2010-01-05,0.0377,20.4,0.0113196078431372,QQQ,Nasdaq 100,USD,US10Y
2010-01-06,0.0385,20.29,0.0107853622474125,QQQ,Nasdaq 100,USD,US10Y
2010-01-07,0.0385,20.27,0.0108339911198815,QQQ,Nasdaq 100,USD,US10Y
2010-01-08,0.0383,20.44,0.0106236790606653,QQQ,Nasdaq 100,USD,US10Y
2010-01-11,0.0385,20.37,0.0105918016691212,QQQ,Nasdaq 100,USD,US10Y
2010-01-12,0.0374,20.11,0.0123265042267528,QQQ,Nasdaq 100,USD,US10Y
2010-01-13,0.038,20.37,0.0110918016691212,QQQ,Nasdaq 100,USD,US10Y
2010-01-14,0.0375999999999999,20.38,0.0114677134445535,QQQ,Nasdaq 100,USD,US10Y
2010-01-15,0.037,20.14,0.0126524329692154,QQQ,Nasdaq 100,USD,US10Y
2010-01-19,0.0373,20.47,0.0115519785051294,QQQ,Nasdaq 100,USD,US10Y
2010-01-20,0.0368,20.17,0.0127785820525532,QQQ,Nasdaq 100,USD,US10Y
2010-01-21,0.0362,19.99,0.0138250125062531,QQQ,Nasdaq 100,USD,US10Y
2010-01-22,0.0362,19.39,0.0153729757607013,QQQ,Nasdaq 100,USD,US10Y
2010-01-25,0.0366,19.47,0.0147610683102208,QQQ,Nasdaq 100,USD,US10Y
2010-01-26,0.0365,19.48,0.0148347022587269,QQQ,Nasdaq 100,USD,US10Y
2010-01-27,0.0366,19.65,0.0142905852417302,QQQ,Nasdaq 100,USD,US10Y
2010-01-28,0.0368,19.13,0.0154739153162571,QQQ,Nasdaq 100,USD,US10Y
2010-01-29,0.0363,18.8,0.0168914893617021,QQQ,Nasdaq 100,USD,US10Y
2010-02-01,0.0368,19.02,0.0157762355415352,QQQ,Nasdaq 100,USD,US10Y
2010-02-02,0.0366999999999999,19.19,0.0154104742053153,QQQ,Nasdaq 100,USD,US10Y
2010-02-03,0.0373,19.28,0.0145672199170124,QQQ,Nasdaq 100,USD,US10Y
2010-02-04,0.0362,18.72,0.0172188034188034,QQQ,Nasdaq 100,USD,US10Y
2010-02-05,0.0359,18.86,0.0171222693531283,QQQ,Nasdaq 100,USD,US10Y
2010-02-08,0.0362,18.74,0.0171617929562433,QQQ,Nasdaq 100,USD,US10Y
2010-02-09,0.0366999999999999,18.94,0.0160983104540655,QQQ,Nasdaq 100,USD,US10Y
2010-02-10,0.0372,18.9,0.0157100529100529,QQQ,Nasdaq 100,USD,US10Y
2010-02-11,0.0373,19.18,0.0148376433785192,QQQ,Nasdaq 100,USD,US10Y
2010-02-12,0.0369,19.22,0.0151291363163371,QQQ,Nasdaq 100,USD,US10Y
2010-02-16,0.0366,19.46,0.0147874614594039,QQQ,Nasdaq 100,USD,US10Y
2010-02-17,0.0374,19.56,0.0137247443762781,QQQ,Nasdaq 100,USD,US10Y
2010-02-18,0.0379,19.69,0.0128872016251904,QQQ,Nasdaq 100,USD,US10Y
2010-02-19,0.0378,19.69,0.0129872016251904,QQQ,Nasdaq 100,USD,US10Y
2010-02-22,0.038,19.63,0.0129424350483953,QQQ,Nasdaq 100,USD,US10Y
2010-02-23,0.0369,19.37,0.0147262261228704,QQQ,Nasdaq 100,USD,US10Y
2010-02-24,0.037,19.58,0.0140725229826353,QQQ,Nasdaq 100,USD,US10Y
2010-02-25,0.0364,19.58,0.0146725229826353,QQQ,Nasdaq 100,USD,US10Y
2010-02-26,0.0361,19.64,0.0148164969450101,QQQ,Nasdaq 100,USD,US10Y
2010-03-01,0.0361,19.94,0.0140504513540621,QQQ,Nasdaq 100,USD,US10Y
2010-03-02,0.0362,19.99,0.0138250125062531,QQQ,Nasdaq 100,USD,US10Y
2010-03-03,0.0363,20.0,0.0137,QQQ,Nasdaq 100,USD,US10Y
2010-03-04,0.0361,20.09,0.0136760079641612,QQQ,Nasdaq 100,USD,US10Y
2010-03-05,0.0369,20.4,0.0121196078431372,QQQ,Nasdaq 100,USD,US10Y
2010-03-08,0.0372,20.42,0.011771596474045,QQQ,Nasdaq 100,USD,US10Y
2010-03-09,0.0371,20.54,0.0115854917234664,QQQ,Nasdaq 100,USD,US10Y
2010-03-10,0.0373,20.71,0.0109858522452921,QQQ,Nasdaq 100,USD,US10Y
2010-03-11,0.0373,20.78,0.0108231953801732,QQQ,Nasdaq 100,USD,US10Y
2010-03-12,0.0371,20.78,0.0110231953801732,QQQ,Nasdaq 100,USD,US10Y
2010-03-15,0.0371,20.74,0.0111160077145612,QQQ,Nasdaq 100,USD,US10Y
2010-03-16,0.0366,20.87,0.0113156684235745,QQQ,Nasdaq 100,USD,US10Y
2010-03-17,0.0365,20.91,0.0113240076518412,QQQ,Nasdaq 100,USD,US10Y
2010-03-18,0.0368,21.0,0.0108190476190476,QQQ,Nasdaq 100,USD,US10Y
2010-03-19,0.037,20.87,0.0109156684235745,QQQ,Nasdaq 100,USD,US10Y
2010-03-22,0.0366999999999999,21.06,0.0107833808167142,QQQ,Nasdaq 100,USD,US10Y
2010-03-23,0.0369,21.2,0.0102698113207547,QQQ,Nasdaq 100,USD,US10Y
2010-03-24,0.0384,21.08,0.0090383301707779,QQQ,Nasdaq 100,USD,US10Y
2010-03-25,0.0391,21.05,0.0084059382422802,QQQ,Nasdaq 100,USD,US10Y
2010-03-26,0.0385999999999999,21.09,0.0088158368895212,QQQ,Nasdaq 100,USD,US10Y
2010-03-29,0.0388,21.18,0.0084143531633616,QQQ,Nasdaq 100,USD,US10Y
2010-03-30,0.0388,21.26,0.0082366886171213,QQQ,Nasdaq 100,USD,US10Y
2010-03-31,0.0384,17.56,0.0185476082004555,QQQ,Nasdaq 100,USD,US10Y
2010-04-01,0.0389,17.57,0.0180151963574274,QQQ,Nasdaq 100,USD,US10Y
2010-04-02,0.0395999999999999,17.57,0.0173151963574275,QQQ,Nasdaq 100,USD,US10Y
2010-04-05,0.0401,17.73,0.0163015792442188,QQQ,Nasdaq 100,USD,US10Y
2010-04-06,0.0398,17.77,0.016474620146314,QQQ,Nasdaq 100,USD,US10Y
2010-04-07,0.0389,17.73,0.0175015792442188,QQQ,Nasdaq 100,USD,US10Y
2010-04-08,0.0391,17.76,0.0172063063063062,QQQ,Nasdaq 100,USD,US10Y
2010-04-09,0.039,17.88,0.0169284116331096,QQQ,Nasdaq 100,USD,US10Y
2010-04-12,0.0387,17.89,0.0171971492453884,QQQ,Nasdaq 100,USD,US10Y
2010-04-13,0.0384,17.96,0.0172792873051224,QQQ,Nasdaq 100,USD,US10Y
2010-04-14,0.0388,18.19,0.0161752611324903,QQQ,Nasdaq 100,USD,US10Y
2010-04-15,0.0385999999999999,18.28,0.0161045951859957,QQQ,Nasdaq 100,USD,US10Y
2010-04-16,0.0379,18.04,0.0175323725055432,QQQ,Nasdaq 100,USD,US10Y
2010-04-19,0.0383,18.05,0.0171016620498614,QQQ,Nasdaq 100,USD,US10Y
2010-04-20,0.0382,18.14,0.0169267916207276,QQQ,Nasdaq 100,USD,US10Y
2010-04-21,0.0377,18.24,0.0171245614035087,QQQ,Nasdaq 100,USD,US10Y
2010-04-22,0.038,18.33,0.0165553737043098,QQQ,Nasdaq 100,USD,US10Y
2010-04-23,0.0384,18.43,0.015859359739555,QQQ,Nasdaq 100,USD,US10Y
2010-04-26,0.0383,18.37,0.0161365813826891,QQQ,Nasdaq 100,USD,US10Y
2010-04-27,0.0371,17.99,0.0184864369093941,QQQ,Nasdaq 100,USD,US10Y
2010-04-28,0.038,18.0,0.0175555555555555,QQQ,Nasdaq 100,USD,US10Y
2010-04-29,0.0375999999999999,18.31,0.0170149645002731,QQQ,Nasdaq 100,USD,US10Y
2010-04-30,0.0369,17.93,0.0188724484104852,QQQ,Nasdaq 100,USD,US10Y
2010-05-03,0.0372,18.21,0.0177148819330038,QQQ,Nasdaq 100,USD,US10Y
2010-05-04,0.0363,17.65,0.020357223796034,QQQ,Nasdaq 100,USD,US10Y
2010-05-05,0.0358,17.55,0.0211800569800569,QQQ,Nasdaq 100,USD,US10Y
2010-05-06,0.0341,16.98,0.0247928150765606,QQQ,Nasdaq 100,USD,US10Y
2010-05-07,0.0345,16.58,0.025813630880579,QQQ,Nasdaq 100,USD,US10Y
2010-05-10,0.0356999999999999,17.41,0.0217382538770822,QQQ,Nasdaq 100,USD,US10Y
2010-05-11,0.0356,17.4,0.0218712643678161,QQQ,Nasdaq 100,USD,US10Y
2010-05-12,0.0356,17.71,0.0208652738565782,QQQ,Nasdaq 100,USD,US10Y
2010-05-13,0.0355,17.44,0.0218394495412844,QQQ,Nasdaq 100,USD,US10Y
2010-05-14,0.0344,17.1,0.0240795321637426,QQQ,Nasdaq 100,USD,US10Y
2010-05-17,0.0347,17.17,0.02354111822947,QQQ,Nasdaq 100,USD,US10Y
2010-05-18,0.0338,16.92,0.0253016548463356,QQQ,Nasdaq 100,USD,US10Y
2010-05-19,0.0336,16.79,0.0259592614651578,QQQ,Nasdaq 100,USD,US10Y
2010-05-20,0.0325,16.14,0.0294578686493184,QQQ,Nasdaq 100,USD,US10Y
2010-05-21,0.032,16.34,0.0291995104039167,QQQ,Nasdaq 100,USD,US10Y
2010-05-24,0.0323,16.27,0.0291628149969268,QQQ,Nasdaq 100,USD,US10Y
2010-05-25,0.0318,16.28,0.0296250614250614,QQQ,Nasdaq 100,USD,US10Y
2010-05-26,0.0321,16.1,0.030011801242236,QQQ,Nasdaq 100,USD,US10Y
2010-05-27,0.0334,16.7,0.026480239520958,QQQ,Nasdaq 100,USD,US10Y
2010-05-28,0.0331,16.61,0.0271046959662853,QQQ,Nasdaq 100,USD,US10Y
2010-06-01,0.0329,16.45,0.027890273556231,QQQ,Nasdaq 100,USD,US10Y
2010-06-02,0.0335,16.85,0.025847181008902,QQQ,Nasdaq 100,USD,US10Y
2010-06-03,0.0339,16.99,0.0249581518540317,QQQ,Nasdaq 100,USD,US10Y
2010-06-04,0.032,16.42,0.0289013398294762,QQQ,Nasdaq 100,USD,US10Y
2010-06-07,0.0317,16.12,0.0303347394540942,QQQ,Nasdaq 100,USD,US10Y
2010-06-08,0.0318,16.1,0.030311801242236,QQQ,Nasdaq 100,USD,US10Y
2010-06-09,0.032,15.95,0.0306959247648902,QQQ,Nasdaq 100,USD,US10Y
2010-06-10,0.0333,16.41,0.027638452163315,QQQ,Nasdaq 100,USD,US10Y
2010-06-11,0.0324,16.56,0.0279864734299516,QQQ,Nasdaq 100,USD,US10Y
2010-06-14,0.0327999999999999,16.54,0.0276594921402661,QQQ,Nasdaq 100,USD,US10Y
2010-06-15,0.0332,17.01,0.0255889476778365,QQQ,Nasdaq 100,USD,US10Y
2010-06-16,0.0327,17.08,0.0258480093676815,QQQ,Nasdaq 100,USD,US10Y
2010-06-17,0.0321,17.13,0.0262771161704611,QQQ,Nasdaq 100,USD,US10Y
2010-06-18,0.0324,17.15,0.0259090379008746,QQQ,Nasdaq 100,USD,US10Y
2010-06-21,0.0326,17.0,0.0262235294117647,QQQ,Nasdaq 100,USD,US10Y
2010-06-22,0.0318,16.86,0.027511981020166,QQQ,Nasdaq 100,USD,US10Y
2010-06-23,0.0313,16.8,0.0282238095238095,QQQ,Nasdaq 100,USD,US10Y
2010-06-24,0.0314,16.54,0.029059492140266,QQQ,Nasdaq 100,USD,US10Y
2010-06-25,0.0312,16.48,0.0294796116504854,QQQ,Nasdaq 100,USD,US10Y
2010-06-28,0.0305,16.46,0.0302533414337788,QQQ,Nasdaq 100,USD,US10Y
2010-06-29,0.0297,15.81,0.0335511068943706,QQQ,Nasdaq 100,USD,US10Y
2010-06-30,0.0297,14.39,0.039792703266157,QQQ,Nasdaq 100,USD,US10Y
2010-07-01,0.0296,14.35,0.0400864111498257,QQQ,Nasdaq 100,USD,US10Y
2010-07-02,0.03,14.3,0.0399300699300699,QQQ,Nasdaq 100,USD,US10Y
2010-07-06,0.0295,14.36,0.0401378830083565,QQQ,Nasdaq 100,USD,US10Y
2010-07-07,0.03,14.81,0.0375219446320053,QQQ,Nasdaq 100,USD,US10Y
2010-07-08,0.0304,14.88,0.0368043010752688,QQQ,Nasdaq 100,USD,US10Y
2010-07-09,0.0306999999999999,15.02,0.0358778961384821,QQQ,Nasdaq 100,USD,US10Y
2010-07-12,0.0308,15.07,0.03555700066357,QQQ,Nasdaq 100,USD,US10Y
2010-07-13,0.0315,15.27,0.0339878847413228,QQQ,Nasdaq 100,USD,US10Y
2010-07-14,0.0306999999999999,15.34,0.0344890482398958,QQQ,Nasdaq 100,USD,US10Y
2010-07-15,0.03,15.36,0.0351041666666666,QQQ,Nasdaq 100,USD,US10Y
2010-07-16,0.0296,14.92,0.037424128686327,QQQ,Nasdaq 100,USD,US10Y
2010-07-19,0.0299,15.06,0.0365010624169986,QQQ,Nasdaq 100,USD,US10Y
2010-07-20,0.0298,15.23,0.0358598818122127,QQQ,Nasdaq 100,USD,US10Y
2010-07-21,0.0289999999999999,15.04,0.0374893617021277,QQQ,Nasdaq 100,USD,US10Y
2010-07-22,0.0296,15.42,0.0352508430609598,QQQ,Nasdaq 100,USD,US10Y
2010-07-23,0.0302,15.52,0.0342329896907216,QQQ,Nasdaq 100,USD,US10Y
2010-07-26,0.0302999999999999,15.64,0.0336386189258313,QQQ,Nasdaq 100,USD,US10Y
2010-07-27,0.0308,15.63,0.0331795265515035,QQQ,Nasdaq 100,USD,US10Y
2010-07-28,0.0302999999999999,15.5,0.0342161290322581,QQQ,Nasdaq 100,USD,US10Y
2010-07-29,0.0302999999999999,15.39,0.0346772579597142,QQQ,Nasdaq 100,USD,US10Y
2010-07-30,0.0294,15.43,0.0354088139987038,QQQ,Nasdaq 100,USD,US10Y
2010-08-02,0.0299,15.71,0.0337537237428389,QQQ,Nasdaq 100,USD,US10Y
2010-08-03,0.0294,15.66,0.0344569604086845,QQQ,Nasdaq 100,USD,US10Y
2010-08-04,0.0298,15.8,0.0334911392405063,QQQ,Nasdaq 100,USD,US10Y
2010-08-05,0.0294,15.76,0.0340517766497461,QQQ,Nasdaq 100,USD,US10Y
2010-08-06,0.0286,15.75,0.0348920634920634,QQQ,Nasdaq 100,USD,US10Y
2010-08-09,0.0286,15.85,0.0344914826498422,QQQ,Nasdaq 100,USD,US10Y
2010-08-10,0.0279,15.72,0.0357132315521628,QQQ,Nasdaq 100,USD,US10Y
2010-08-11,0.0272,15.27,0.0382878847413228,QQQ,Nasdaq 100,USD,US10Y
2010-08-12,0.0274,15.16,0.0385630606860158,QQQ,Nasdaq 100,USD,US10Y
2010-08-13,0.0268,15.05,0.0396451827242524,QQQ,Nasdaq 100,USD,US10Y
2010-08-16,0.0258,15.07,0.04055700066357,QQQ,Nasdaq 100,USD,US10Y
2010-08-17,0.0264,15.27,0.0390878847413228,QQQ,Nasdaq 100,USD,US10Y
2010-08-18,0.0264,15.32,0.0388741514360313,QQQ,Nasdaq 100,USD,US10Y
2010-08-19,0.0258,15.09,0.0404690523525513,QQQ,Nasdaq 100,USD,US10Y
2010-08-20,0.0262,15.11,0.0399813368630046,QQQ,Nasdaq 100,USD,US10Y
2010-08-23,0.026,14.96,0.0408449197860962,QQQ,Nasdaq 100,USD,US10Y
2010-08-24,0.025,14.69,0.043073519400953,QQQ,Nasdaq 100,USD,US10Y
2010-08-25,0.0254,14.82,0.0420763832658569,QQQ,Nasdaq 100,USD,US10Y
2010-08-26,0.025,14.64,0.0433060109289617,QQQ,Nasdaq 100,USD,US10Y
2010-08-27,0.0266,14.83,0.0408308833445718,QQQ,Nasdaq 100,USD,US10Y
2010-08-30,0.0254,14.66,0.042812824010914,QQQ,Nasdaq 100,USD,US10Y
2010-08-31,0.0247,14.63,0.0436526999316472,QQQ,Nasdaq 100,USD,US10Y
2010-09-01,0.0258,15.06,0.0406010624169986,QQQ,Nasdaq 100,USD,US10Y
2010-09-02,0.0263,15.23,0.0393598818122127,QQQ,Nasdaq 100,USD,US10Y
2010-09-03,0.0272,15.48,0.0373994832041343,QQQ,Nasdaq 100,USD,US10Y
2010-09-07,0.0260999999999999,15.36,0.0390041666666667,QQQ,Nasdaq 100,USD,US10Y
2010-09-08,0.0266,15.56,0.0376673521850899,QQQ,Nasdaq 100,USD,US10Y
2010-09-09,0.0277,15.61,0.0363614990390775,QQQ,Nasdaq 100,USD,US10Y
2010-09-10,0.0281,15.66,0.0357569604086845,QQQ,Nasdaq 100,USD,US10Y
2010-09-13,0.0274,15.9,0.0354930817610062,QQQ,Nasdaq 100,USD,US10Y
2010-09-14,0.0268,15.96,0.03585664160401,QQQ,Nasdaq 100,USD,US10Y
2010-09-15,0.0274,16.05,0.0349052959501557,QQQ,Nasdaq 100,USD,US10Y
2010-09-16,0.0277,16.12,0.0343347394540942,QQQ,Nasdaq 100,USD,US10Y
2010-09-17,0.0275,16.19,0.0342665225447807,QQQ,Nasdaq 100,USD,US10Y
2010-09-20,0.0272,16.46,0.0335533414337788,QQQ,Nasdaq 100,USD,US10Y
2010-09-21,0.0260999999999999,16.46,0.0346533414337789,QQQ,Nasdaq 100,USD,US10Y
2010-09-22,0.0256,16.41,0.035338452163315,QQQ,Nasdaq 100,USD,US10Y
2010-09-23,0.0256,16.4,0.0353756097560975,QQQ,Nasdaq 100,USD,US10Y
2010-09-24,0.0262,16.75,0.0335014925373134,QQQ,Nasdaq 100,USD,US10Y
2010-09-27,0.0254,16.64,0.0346961538461538,QQQ,Nasdaq 100,USD,US10Y
2010-09-28,0.0248,16.65,0.03526006006006,QQQ,Nasdaq 100,USD,US10Y
2010-09-29,0.0252,16.63,0.0349322910402886,QQQ,Nasdaq 100,USD,US10Y
2010-09-30,0.0253,13.78,0.0472689404934687,QQQ,Nasdaq 100,USD,US10Y
2010-10-01,0.0254,13.77,0.0472216412490922,QQQ,Nasdaq 100,USD,US10Y
2010-10-04,0.025,13.62,0.0484214390602055,QQQ,Nasdaq 100,USD,US10Y
2010-10-05,0.025,13.96,0.0466332378223495,QQQ,Nasdaq 100,USD,US10Y
2010-10-06,0.0241,13.84,0.0481543352601156,QQQ,Nasdaq 100,USD,US10Y
2010-10-07,0.0241,13.87,0.0479980533525594,QQQ,Nasdaq 100,USD,US10Y
2010-10-08,0.0241,13.98,0.0474307582260371,QQQ,Nasdaq 100,USD,US10Y
2010-10-11,0.0241,13.98,0.0474307582260371,QQQ,Nasdaq 100,USD,US10Y
2010-10-12,0.0243999999999999,14.08,0.0466227272727273,QQQ,Nasdaq 100,USD,US10Y
2010-10-13,0.0246,14.19,0.0458721634954193,QQQ,Nasdaq 100,USD,US10Y
2010-10-14,0.0252,14.17,0.0453716302046577,QQQ,Nasdaq 100,USD,US10Y
2010-10-15,0.0259,14.47,0.0432085003455425,QQQ,Nasdaq 100,USD,US10Y
2010-10-18,0.0252,14.51,0.0437179875947622,QQQ,Nasdaq 100,USD,US10Y
2010-10-19,0.025,14.27,0.0450770847932726,QQQ,Nasdaq 100,USD,US10Y
2010-10-20,0.0250999999999999,14.38,0.0444410292072323,QQQ,Nasdaq 100,USD,US10Y
2010-10-21,0.0256999999999999,14.41,0.0436962526023595,QQQ,Nasdaq 100,USD,US10Y
2010-10-22,0.0259,14.51,0.0430179875947622,QQQ,Nasdaq 100,USD,US10Y
2010-10-25,0.0259,14.57,0.0427341798215511,QQQ,Nasdaq 100,USD,US10Y
2010-10-26,0.0266999999999999,14.61,0.0417462696783026,QQQ,Nasdaq 100,USD,US10Y
2010-10-27,0.0275,14.66,0.040712824010914,QQQ,Nasdaq 100,USD,US10Y
2010-10-28,0.0269,14.69,0.041173519400953,QQQ,Nasdaq 100,USD,US10Y
2010-10-29,0.0263,14.65,0.041959385665529,QQQ,Nasdaq 100,USD,US10Y
2010-11-01,0.0266,14.68,0.0415198910081743,QQQ,Nasdaq 100,USD,US10Y
2010-11-02,0.0263,14.84,0.0410854447439353,QQQ,Nasdaq 100,USD,US10Y
2010-11-03,0.0266999999999999,14.88,0.0405043010752689,QQQ,Nasdaq 100,USD,US10Y
2010-11-04,0.0253,15.09,0.0409690523525513,QQQ,Nasdaq 100,USD,US10Y
2010-11-05,0.0258,15.08,0.0405129973474801,QQQ,Nasdaq 100,USD,US10Y
2010-11-08,0.026,15.09,0.0402690523525513,QQQ,Nasdaq 100,USD,US10Y
2010-11-09,0.0272,15.01,0.0394222518321119,QQQ,Nasdaq 100,USD,US10Y
2010-11-10,0.0265,15.09,0.0397690523525513,QQQ,Nasdaq 100,USD,US10Y
2010-11-11,0.0265,14.99,0.040211140760507,QQQ,Nasdaq 100,USD,US10Y
2010-11-12,0.0276,14.74,0.0402426051560379,QQQ,Nasdaq 100,USD,US10Y
2010-11-15,0.0292,14.7,0.0388272108843537,QQQ,Nasdaq 100,USD,US10Y
2010-11-16,0.0285,14.44,0.0407520775623268,QQQ,Nasdaq 100,USD,US10Y
2010-11-17,0.0289,14.48,0.0401607734806629,QQQ,Nasdaq 100,USD,US10Y
2010-11-18,0.0289999999999999,14.72,0.0389347826086957,QQQ,Nasdaq 100,USD,US10Y
2010-11-19,0.0288,14.72,0.0391347826086956,QQQ,Nasdaq 100,USD,US10Y
2010-11-22,0.0279999999999999,14.83,0.0394308833445719,QQQ,Nasdaq 100,USD,US10Y
2010-11-23,0.0277,14.6,0.0407931506849315,QQQ,Nasdaq 100,USD,US10Y
2010-11-24,0.0293,14.9,0.0378140939597315,QQQ,Nasdaq 100,USD,US10Y
2010-11-26,0.0287,14.85,0.0386400673400673,QQQ,Nasdaq 100,USD,US10Y
2010-11-29,0.0283999999999999,14.79,0.0392132521974308,QQQ,Nasdaq 100,USD,US10Y
2010-11-30,0.0281,14.6,0.0403931506849315,QQQ,Nasdaq 100,USD,US10Y
2010-12-01,0.0297,14.91,0.0373690811535881,QQQ,Nasdaq 100,USD,US10Y
2010-12-02,0.0301,15.07,0.03625700066357,QQQ,Nasdaq 100,USD,US10Y
2010-12-03,0.0302999999999999,15.11,0.0358813368630047,QQQ,Nasdaq 100,USD,US10Y
2010-12-06,0.0295,15.1,0.0367251655629139,QQQ,Nasdaq 100,USD,US10Y
2010-12-07,0.0315,15.1,0.0347251655629139,QQQ,Nasdaq 100,USD,US10Y
2010-12-08,0.0326,15.18,0.0332761528326745,QQQ,Nasdaq 100,USD,US10Y
2010-12-09,0.0323,15.18,0.0335761528326745,QQQ,Nasdaq 100,USD,US10Y
2010-12-10,0.0332,15.28,0.0322450261780104,QQQ,Nasdaq 100,USD,US10Y
2010-12-13,0.0329,15.22,0.0328030223390276,QQQ,Nasdaq 100,USD,US10Y
2010-12-14,0.0349,15.26,0.0306307994757536,QQQ,Nasdaq 100,USD,US10Y
2010-12-15,0.0353,15.19,0.0305327847267939,QQQ,Nasdaq 100,USD,US10Y
2010-12-16,0.0347,15.3,0.030659477124183,QQQ,Nasdaq 100,USD,US10Y
2010-12-17,0.0333,15.3,0.032059477124183,QQQ,Nasdaq 100,USD,US10Y
2010-12-20,0.0336,15.33,0.0316315720808871,QQQ,Nasdaq 100,USD,US10Y
2010-12-21,0.0335,15.41,0.0313929266709928,QQQ,Nasdaq 100,USD,US10Y
2010-12-22,0.0336,15.42,0.0312508430609598,QQQ,Nasdaq 100,USD,US10Y
2010-12-23,0.0341,15.38,0.0309195058517555,QQQ,Nasdaq 100,USD,US10Y
2010-12-27,0.0336,15.38,0.0314195058517555,QQQ,Nasdaq 100,USD,US10Y
2010-12-28,0.035,15.36,0.0301041666666666,QQQ,Nasdaq 100,USD,US10Y
2010-12-29,0.0335,15.39,0.031477257959714,QQQ,Nasdaq 100,USD,US10Y
2010-12-30,0.0338,15.35,0.0313465798045602,QQQ,Nasdaq 100,USD,US10Y
2010-12-31,0.033,14.34,0.0367350069735007,QQQ,Nasdaq 100,USD,US10Y
2011-01-03,0.0336,14.58,0.0349871056241426,QQQ,Nasdaq 100,USD,US10Y
2011-01-04,0.0336,14.56,0.0350813186813186,QQQ,Nasdaq 100,USD,US10Y
2011-01-05,0.035,14.68,0.0331198910081743,QQQ,Nasdaq 100,USD,US10Y
2011-01-06,0.0344,14.73,0.0334886625933469,QQQ,Nasdaq 100,USD,US10Y
2011-01-07,0.0334,14.73,0.0344886625933469,QQQ,Nasdaq 100,USD,US10Y
2011-01-10,0.0332,14.77,0.0345048070412999,QQQ,Nasdaq 100,USD,US10Y
2011-01-11,0.0337,14.8,0.0338675675675675,QQQ,Nasdaq 100,USD,US10Y
2011-01-12,0.034,14.91,0.0330690811535882,QQQ,Nasdaq 100,USD,US10Y
2011-01-13,0.0334,14.91,0.0336690811535882,QQQ,Nasdaq 100,USD,US10Y
2011-01-14,0.0335,15.03,0.0330335994677312,QQQ,Nasdaq 100,USD,US10Y
2011-01-18,0.0339,15.06,0.0325010624169986,QQQ,Nasdaq 100,USD,US10Y
2011-01-19,0.0337,14.9,0.0334140939597315,QQQ,Nasdaq 100,USD,US10Y
2011-01-20,0.0347,14.79,0.0329132521974306,QQQ,Nasdaq 100,USD,US10Y
2011-01-21,0.0344,14.67,0.0337663258350375,QQQ,Nasdaq 100,USD,US10Y
2011-01-24,0.0343,14.88,0.0329043010752688,QQQ,Nasdaq 100,USD,US10Y
2011-01-25,0.0335,14.9,0.0336140939597315,QQQ,Nasdaq 100,USD,US10Y
2011-01-26,0.0345,14.97,0.0323002672010687,QQQ,Nasdaq 100,USD,US10Y
2011-01-27,0.0342,15.07,0.03215700066357,QQQ,Nasdaq 100,USD,US10Y
2011-01-28,0.0336,14.69,0.034473519400953,QQQ,Nasdaq 100,USD,US10Y
2011-01-31,0.0342,14.76,0.033550677506775,QQQ,Nasdaq 100,USD,US10Y
2011-02-01,0.0348,15.04,0.0316893617021276,QQQ,Nasdaq 100,USD,US10Y
2011-02-02,0.0352,15.01,0.0314222518321119,QQQ,Nasdaq 100,USD,US10Y
2011-02-03,0.0358,15.03,0.0307335994677312,QQQ,Nasdaq 100,USD,US10Y
2011-02-04,0.0368,15.12,0.0293375661375661,QQQ,Nasdaq 100,USD,US10Y
2011-02-07,0.0368,15.19,0.0290327847267939,QQQ,Nasdaq 100,USD,US10Y
2011-02-08,0.0375,15.29,0.0279022236756049,QQQ,Nasdaq 100,USD,US10Y
2011-02-09,0.0365,15.27,0.0289878847413228,QQQ,Nasdaq 100,USD,US10Y
2011-02-10,0.037,15.29,0.0284022236756049,QQQ,Nasdaq 100,USD,US10Y
2011-02-11,0.0364,15.39,0.028577257959714,QQQ,Nasdaq 100,USD,US10Y
2011-02-14,0.0362,15.43,0.0286088139987038,QQQ,Nasdaq 100,USD,US10Y
2011-02-15,0.0361,15.41,0.0287929266709928,QQQ,Nasdaq 100,USD,US10Y
2011-02-16,0.0362,15.51,0.0282745325596389,QQQ,Nasdaq 100,USD,US10Y
2011-02-17,0.0358,15.51,0.0286745325596389,QQQ,Nasdaq 100,USD,US10Y
2011-02-18,0.0359,15.47,0.0287412411118293,QQQ,Nasdaq 100,USD,US10Y
2011-02-22,0.0346,15.02,0.031977896138482,QQQ,Nasdaq 100,USD,US10Y
2011-02-23,0.0349,14.88,0.0323043010752688,QQQ,Nasdaq 100,USD,US10Y
2011-02-24,0.0346,14.96,0.0322449197860962,QQQ,Nasdaq 100,USD,US10Y
2011-02-25,0.0342,15.18,0.0316761528326745,QQQ,Nasdaq 100,USD,US10Y
2011-02-28,0.0342,15.21,0.0315462195923734,QQQ,Nasdaq 100,USD,US10Y
2011-03-01,0.0341,14.97,0.0327002672010688,QQQ,Nasdaq 100,USD,US10Y
2011-03-02,0.0346,15.05,0.0318451827242524,QQQ,Nasdaq 100,USD,US10Y
2011-03-03,0.0358,15.34,0.0293890482398957,QQQ,Nasdaq 100,USD,US10Y
2011-03-04,0.0349,15.26,0.0306307994757536,QQQ,Nasdaq 100,USD,US10Y
2011-03-07,0.0351,15.06,0.0313010624169986,QQQ,Nasdaq 100,USD,US10Y
2011-03-08,0.0356,15.12,0.0305375661375661,QQQ,Nasdaq 100,USD,US10Y
2011-03-09,0.0348,15.02,0.031777896138482,QQQ,Nasdaq 100,USD,US10Y
2011-03-10,0.0337,14.77,0.0340048070412999,QQQ,Nasdaq 100,USD,US10Y
2011-03-11,0.034,14.87,0.0332494956287827,QQQ,Nasdaq 100,USD,US10Y
2011-03-14,0.0336,14.82,0.0338763832658569,QQQ,Nasdaq 100,USD,US10Y
2011-03-15,0.0333,14.61,0.0351462696783025,QQQ,Nasdaq 100,USD,US10Y
2011-03-16,0.0322,14.25,0.0379754385964912,QQQ,Nasdaq 100,USD,US10Y
2011-03-17,0.0325,14.39,0.036992703266157,QQQ,Nasdaq 100,USD,US10Y
2011-03-18,0.0327999999999999,14.37,0.0367894224077941,QQQ,Nasdaq 100,USD,US10Y
2011-03-21,0.0334,14.63,0.0349526999316472,QQQ,Nasdaq 100,USD,US10Y
2011-03-22,0.0334,14.6,0.0350931506849315,QQQ,Nasdaq 100,USD,US10Y
2011-03-23,0.0336,14.69,0.034473519400953,QQQ,Nasdaq 100,USD,US10Y
2011-03-24,0.0342,14.95,0.0326896321070234,QQQ,Nasdaq 100,USD,US10Y
2011-03-25,0.0346,14.98,0.0321556742323097,QQQ,Nasdaq 100,USD,US10Y
2011-03-28,0.0347,14.9,0.0324140939597315,QQQ,Nasdaq 100,USD,US10Y
2011-03-29,0.035,15.04,0.0314893617021276,QQQ,Nasdaq 100,USD,US10Y
2011-03-30,0.0347,15.11,0.0314813368630046,QQQ,Nasdaq 100,USD,US10Y
2011-03-31,0.0347,14.87,0.0325494956287827,QQQ,Nasdaq 100,USD,US10Y
2011-04-01,0.0346,14.89,0.0325591672263263,QQQ,Nasdaq 100,USD,US10Y
2011-04-04,0.0345,14.84,0.0328854447439353,QQQ,Nasdaq 100,USD,US10Y
2011-04-05,0.035,14.8,0.0325675675675675,QQQ,Nasdaq 100,USD,US10Y
2011-04-06,0.0356,14.83,0.0318308833445718,QQQ,Nasdaq 100,USD,US10Y
2011-04-07,0.0358,14.83,0.0316308833445718,QQQ,Nasdaq 100,USD,US10Y
2011-04-08,0.0359,14.76,0.031850677506775,QQQ,Nasdaq 100,USD,US10Y
2011-04-11,0.0359,14.71,0.0320809653297076,QQQ,Nasdaq 100,USD,US10Y
2011-04-12,0.0352,14.61,0.0332462696783025,QQQ,Nasdaq 100,USD,US10Y
2011-04-13,0.0349,14.73,0.0329886625933469,QQQ,Nasdaq 100,USD,US10Y
2011-04-14,0.0351,14.69,0.032973519400953,QQQ,Nasdaq 100,USD,US10Y
2011-04-15,0.0343,14.67,0.0338663258350375,QQQ,Nasdaq 100,USD,US10Y
2011-04-18,0.034,14.57,0.0346341798215511,QQQ,Nasdaq 100,USD,US10Y
2011-04-19,0.0339,14.67,0.0342663258350375,QQQ,Nasdaq 100,USD,US10Y
2011-04-20,0.0343,14.99,0.032411140760507,QQQ,Nasdaq 100,USD,US10Y
2011-04-21,0.0342,15.11,0.0319813368630046,QQQ,Nasdaq 100,USD,US10Y
2011-04-25,0.0339,15.15,0.032106600660066,QQQ,Nasdaq 100,USD,US10Y
2011-04-26,0.0334,15.23,0.0322598818122127,QQQ,Nasdaq 100,USD,US10Y
2011-04-27,0.0339,15.34,0.0312890482398957,QQQ,Nasdaq 100,USD,US10Y
2011-04-28,0.0334,15.32,0.0318741514360313,QQQ,Nasdaq 100,USD,US10Y
2011-04-29,0.0332,15.28,0.0322450261780104,QQQ,Nasdaq 100,USD,US10Y
2011-05-02,0.0331,15.28,0.0323450261780104,QQQ,Nasdaq 100,USD,US10Y
2011-05-03,0.0327999999999999,15.21,0.0329462195923735,QQQ,Nasdaq 100,USD,US10Y
2011-05-04,0.0325,15.18,0.0333761528326745,QQQ,Nasdaq 100,USD,US10Y
2011-05-05,0.0318,15.1,0.0344251655629139,QQQ,Nasdaq 100,USD,US10Y
2011-05-06,0.0319,15.15,0.034106600660066,QQQ,Nasdaq 100,USD,US10Y
2011-05-09,0.0317,15.2,0.0340894736842105,QQQ,Nasdaq 100,USD,US10Y
2011-05-10,0.0323,15.33,0.0329315720808871,QQQ,Nasdaq 100,USD,US10Y
2011-05-11,0.0319,15.21,0.0338462195923734,QQQ,Nasdaq 100,USD,US10Y
2011-05-12,0.0322,15.31,0.0331167864141084,QQQ,Nasdaq 100,USD,US10Y
2011-05-13,0.0318,15.13,0.0342938532716457,QQQ,Nasdaq 100,USD,US10Y
2011-05-16,0.0315,14.86,0.0357947510094212,QQQ,Nasdaq 100,USD,US10Y
2011-05-17,0.0312,14.9,0.0359140939597315,QQQ,Nasdaq 100,USD,US10Y
2011-05-18,0.0318,15.02,0.034777896138482,QQQ,Nasdaq 100,USD,US10Y
2011-05-19,0.0317,15.06,0.0347010624169986,QQQ,Nasdaq 100,USD,US10Y
2011-05-20,0.0315,14.95,0.0353896321070234,QQQ,Nasdaq 100,USD,US10Y
2011-05-23,0.0313,14.73,0.0365886625933469,QQQ,Nasdaq 100,USD,US10Y
2011-05-24,0.0312,14.64,0.0371060109289617,QQQ,Nasdaq 100,USD,US10Y
2011-05-25,0.0313,14.69,0.036773519400953,QQQ,Nasdaq 100,USD,US10Y
2011-05-26,0.0306999999999999,14.79,0.0369132521974307,QQQ,Nasdaq 100,USD,US10Y
2011-05-27,0.0306999999999999,14.85,0.0366400673400674,QQQ,Nasdaq 100,USD,US10Y
2011-05-31,0.0305,15.08,0.0358129973474801,QQQ,Nasdaq 100,USD,US10Y
2011-06-01,0.0296,14.76,0.038150677506775,QQQ,Nasdaq 100,USD,US10Y
2011-06-02,0.0304,14.79,0.0372132521974307,QQQ,Nasdaq 100,USD,US10Y
2011-06-03,0.0299,14.57,0.0387341798215511,QQQ,Nasdaq 100,USD,US10Y
2011-06-06,0.0301,14.46,0.0390562932226832,QQQ,Nasdaq 100,USD,US10Y
2011-06-07,0.0301,14.42,0.0392481276005547,QQQ,Nasdaq 100,USD,US10Y
2011-06-08,0.0298,14.32,0.0400324022346368,QQQ,Nasdaq 100,USD,US10Y
2011-06-09,0.0301,14.35,0.0395864111498257,QQQ,Nasdaq 100,USD,US10Y
2011-06-10,0.0299,14.12,0.0409215297450425,QQQ,Nasdaq 100,USD,US10Y
2011-06-13,0.03,14.13,0.0407714083510261,QQQ,Nasdaq 100,USD,US10Y
2011-06-14,0.0311,14.31,0.0387812019566736,QQQ,Nasdaq 100,USD,US10Y
2011-06-15,0.0298,14.04,0.0414250712250712,QQQ,Nasdaq 100,USD,US10Y
2011-06-16,0.0293,13.99,0.0421796283059328,QQQ,Nasdaq 100,USD,US10Y
2011-06-17,0.0294,13.94,0.0423360114777618,QQQ,Nasdaq 100,USD,US10Y
2011-06-20,0.0297,14.01,0.0416775874375446,QQQ,Nasdaq 100,USD,US10Y
2011-06-21,0.0299,14.32,0.0399324022346368,QQQ,Nasdaq 100,USD,US10Y
2011-06-22,0.0301,14.21,0.0402729767769176,QQQ,Nasdaq 100,USD,US10Y
2011-06-23,0.0293,14.34,0.0404350069735007,QQQ,Nasdaq 100,USD,US10Y
2011-06-24,0.0288,14.09,0.0421723207948899,QQQ,Nasdaq 100,USD,US10Y
2011-06-27,0.0295,14.32,0.0403324022346368,QQQ,Nasdaq 100,USD,US10Y
2011-06-28,0.0305,14.53,0.0383231245698554,QQQ,Nasdaq 100,USD,US10Y
2011-06-29,0.0314,14.59,0.0371400959561343,QQQ,Nasdaq 100,USD,US10Y
2011-06-30,0.0318,14.19,0.0386721634954193,QQQ,Nasdaq 100,USD,US10Y
2011-07-01,0.0322,14.41,0.0371962526023594,QQQ,Nasdaq 100,USD,US10Y
2011-07-05,0.0316,14.47,0.0375085003455425,QQQ,Nasdaq 100,USD,US10Y
2011-07-06,0.0312,14.52,0.0376705234159779,QQQ,Nasdaq 100,USD,US10Y
2011-07-07,0.0317,14.72,0.0362347826086956,QQQ,Nasdaq 100,USD,US10Y
2011-07-08,0.0302999999999999,14.68,0.0378198910081745,QQQ,Nasdaq 100,USD,US10Y
2011-07-11,0.0294,14.41,0.0399962526023594,QQQ,Nasdaq 100,USD,US10Y
2011-07-12,0.0292,14.3,0.0407300699300699,QQQ,Nasdaq 100,USD,US10Y
2011-07-13,0.0292,14.36,0.0404378830083565,QQQ,Nasdaq 100,USD,US10Y
2011-07-14,0.0298,14.19,0.0406721634954193,QQQ,Nasdaq 100,USD,US10Y
2011-07-15,0.0294,14.38,0.0401410292072322,QQQ,Nasdaq 100,USD,US10Y
2011-07-18,0.0294,14.3,0.0405300699300699,QQQ,Nasdaq 100,USD,US10Y
2011-07-19,0.0291,14.63,0.0392526999316472,QQQ,Nasdaq 100,USD,US10Y
2011-07-20,0.0296,14.57,0.0390341798215511,QQQ,Nasdaq 100,USD,US10Y
2011-07-21,0.0302999999999999,14.67,0.0378663258350376,QQQ,Nasdaq 100,USD,US10Y
2011-07-22,0.0299,14.83,0.0375308833445718,QQQ,Nasdaq 100,USD,US10Y
2011-07-25,0.0302999999999999,14.79,0.0373132521974308,QQQ,Nasdaq 100,USD,US10Y
2011-07-26,0.0299,14.83,0.0375308833445718,QQQ,Nasdaq 100,USD,US10Y
2011-07-27,0.0301,14.45,0.0391041522491349,QQQ,Nasdaq 100,USD,US10Y
2011-07-28,0.0298,14.47,0.0393085003455425,QQQ,Nasdaq 100,USD,US10Y
2011-07-29,0.0282,14.42,0.0411481276005547,QQQ,Nasdaq 100,USD,US10Y
2011-08-01,0.0277,14.37,0.041889422407794,QQQ,Nasdaq 100,USD,US10Y
2011-08-02,0.0266,13.99,0.0448796283059328,QQQ,Nasdaq 100,USD,US10Y
2011-08-03,0.0264,14.11,0.044471722182849,QQQ,Nasdaq 100,USD,US10Y
2011-08-04,0.0247,13.47,0.0495390497401633,QQQ,Nasdaq 100,USD,US10Y
2011-08-05,0.0258,13.39,0.0488825989544436,QQQ,Nasdaq 100,USD,US10Y
2011-08-08,0.024,12.57,0.0555544948289578,QQQ,Nasdaq 100,USD,US10Y
2011-08-09,0.022,13.19,0.0538150113722517,QQQ,Nasdaq 100,USD,US10Y
2011-08-10,0.0217,12.65,0.0573513833992094,QQQ,Nasdaq 100,USD,US10Y
2011-08-11,0.0233999999999999,13.22,0.052242965204236,QQQ,Nasdaq 100,USD,US10Y
2011-08-12,0.0224,13.32,0.052675075075075,QQQ,Nasdaq 100,USD,US10Y
2011-08-15,0.0229,13.51,0.0511192450037009,QQQ,Nasdaq 100,USD,US10Y
2011-08-16,0.0223,13.39,0.0523825989544436,QQQ,Nasdaq 100,USD,US10Y
2011-08-17,0.0217,13.31,0.0534314800901577,QQQ,Nasdaq 100,USD,US10Y
2011-08-18,0.0208,12.65,0.0582513833992094,QQQ,Nasdaq 100,USD,US10Y
2011-08-19,0.0207,12.44,0.0596858520900321,QQQ,Nasdaq 100,USD,US10Y
2011-08-22,0.021,12.48,0.0591282051282051,QQQ,Nasdaq 100,USD,US10Y
2011-08-23,0.0215,12.99,0.0554822940723633,QQQ,Nasdaq 100,USD,US10Y
2011-08-24,0.0229,13.09,0.0534941940412528,QQQ,Nasdaq 100,USD,US10Y
2011-08-25,0.0223,12.87,0.0554000777000777,QQQ,Nasdaq 100,USD,US10Y
2011-08-26,0.0219,13.19,0.0539150113722517,QQQ,Nasdaq 100,USD,US10Y
2011-08-29,0.0227999999999999,13.57,0.0508919675755343,QQQ,Nasdaq 100,USD,US10Y
2011-08-30,0.0219,13.66,0.0513064421669106,QQQ,Nasdaq 100,USD,US10Y
2011-08-31,0.0223,13.68,0.0507994152046783,QQQ,Nasdaq 100,USD,US10Y
2011-09-01,0.0215,13.54,0.0523552437223042,QQQ,Nasdaq 100,USD,US10Y
2011-09-02,0.0202,13.23,0.0553857898715041,QQQ,Nasdaq 100,USD,US10Y
2011-09-06,0.0197999999999999,13.23,0.0557857898715042,QQQ,Nasdaq 100,USD,US10Y
2011-09-07,0.0204999999999999,13.57,0.0531919675755343,QQQ,Nasdaq 100,USD,US10Y
2011-09-08,0.02,13.51,0.0540192450037009,QQQ,Nasdaq 100,USD,US10Y
2011-09-09,0.0192999999999999,13.2,0.0564575757575758,QQQ,Nasdaq 100,USD,US10Y
2011-09-12,0.0194,13.38,0.0553384155455904,QQQ,Nasdaq 100,USD,US10Y
2011-09-13,0.02,13.55,0.05380073800738,QQQ,Nasdaq 100,USD,US10Y
2011-09-14,0.0203,13.75,0.0524272727272727,QQQ,Nasdaq 100,USD,US10Y
2011-09-15,0.0209,13.95,0.05078458781362,QQQ,Nasdaq 100,USD,US10Y
2011-09-16,0.0208,14.07,0.0502732054015636,QQQ,Nasdaq 100,USD,US10Y
2011-09-19,0.0197,14.09,0.05127232079489,QQQ,Nasdaq 100,USD,US10Y
2011-09-20,0.0195,14.01,0.0518775874375446,QQQ,Nasdaq 100,USD,US10Y
2011-09-21,0.0187999999999999,13.78,0.0537689404934688,QQQ,Nasdaq 100,USD,US10Y
2011-09-22,0.0172,13.33,0.0578187546886721,QQQ,Nasdaq 100,USD,US10Y
2011-09-23,0.0184,13.47,0.0558390497401633,QQQ,Nasdaq 100,USD,US10Y
2011-09-26,0.0191,13.63,0.0542675715333822,QQQ,Nasdaq 100,USD,US10Y
2011-09-27,0.02,13.75,0.0527272727272727,QQQ,Nasdaq 100,USD,US10Y
2011-09-28,0.0203,13.55,0.05350073800738,QQQ,Nasdaq 100,USD,US10Y
2011-09-29,0.0199,13.41,0.0546712155108128,QQQ,Nasdaq 100,USD,US10Y
2011-09-30,0.0192,12.84,0.0586816199376947,QQQ,Nasdaq 100,USD,US10Y
2011-10-03,0.018,12.52,0.0618722044728434,QQQ,Nasdaq 100,USD,US10Y
2011-10-04,0.0181,12.78,0.0601472613458528,QQQ,Nasdaq 100,USD,US10Y
2011-10-05,0.0192,13.11,0.05707765064836,QQQ,Nasdaq 100,USD,US10Y
2011-10-06,0.0200999999999999,13.32,0.0549750750750751,QQQ,Nasdaq 100,USD,US10Y
2011-10-07,0.021,13.23,0.0545857898715041,QQQ,Nasdaq 100,USD,US10Y
2011-10-10,0.021,13.68,0.0520994152046783,QQQ,Nasdaq 100,USD,US10Y
2011-10-11,0.0218,13.78,0.0507689404934687,QQQ,Nasdaq 100,USD,US10Y
2011-10-12,0.0224,13.85,0.0498021660649819,QQQ,Nasdaq 100,USD,US10Y
2011-10-13,0.0219,13.97,0.0496819613457408,QQQ,Nasdaq 100,USD,US10Y
2011-10-14,0.0226,14.24,0.0476247191011236,QQQ,Nasdaq 100,USD,US10Y
2011-10-17,0.0218,14.02,0.0495266761768901,QQQ,Nasdaq 100,USD,US10Y
2011-10-18,0.0219,14.2,0.0485225352112676,QQQ,Nasdaq 100,USD,US10Y
2011-10-19,0.0218,13.91,0.0500907260963335,QQQ,Nasdaq 100,USD,US10Y
2011-10-20,0.022,13.85,0.0502021660649819,QQQ,Nasdaq 100,USD,US10Y
2011-10-21,0.0223,14.02,0.0490266761768901,QQQ,Nasdaq 100,USD,US10Y
2011-10-24,0.0225,14.32,0.0473324022346368,QQQ,Nasdaq 100,USD,US10Y
2011-10-25,0.0214,14.02,0.0499266761768901,QQQ,Nasdaq 100,USD,US10Y
2011-10-26,0.0223,14.02,0.0490266761768901,QQQ,Nasdaq 100,USD,US10Y
2011-10-27,0.0242,14.41,0.0451962526023594,QQQ,Nasdaq 100,USD,US10Y
2011-10-28,0.0233999999999999,14.42,0.0459481276005548,QQQ,Nasdaq 100,USD,US10Y
2011-10-31,0.0217,14.17,0.0488716302046577,QQQ,Nasdaq 100,USD,US10Y
2011-11-01,0.0200999999999999,13.8,0.0523637681159421,QQQ,Nasdaq 100,USD,US10Y
2011-11-02,0.0203,13.92,0.0515390804597701,QQQ,Nasdaq 100,USD,US10Y
2011-11-03,0.0209,14.22,0.049423488045007,QQQ,Nasdaq 100,USD,US10Y
2011-11-04,0.0206,14.15,0.0500713780918727,QQQ,Nasdaq 100,USD,US10Y
2011-11-07,0.0204,14.24,0.0498247191011236,QQQ,Nasdaq 100,USD,US10Y
2011-11-08,0.021,14.41,0.0483962526023594,QQQ,Nasdaq 100,USD,US10Y
2011-11-09,0.02,13.89,0.0519942404607631,QQQ,Nasdaq 100,USD,US10Y
2011-11-10,0.0204,13.88,0.0516461095100864,QQQ,Nasdaq 100,USD,US10Y
2011-11-11,0.0204,14.14,0.0503213578500707,QQQ,Nasdaq 100,USD,US10Y
2011-11-14,0.0204,14.06,0.0507237553342816,QQQ,Nasdaq 100,USD,US10Y
2011-11-15,0.0206,14.21,0.0497729767769176,QQQ,Nasdaq 100,USD,US10Y
2011-11-16,0.0200999999999999,13.96,0.0515332378223496,QQQ,Nasdaq 100,USD,US10Y
2011-11-17,0.0196,13.64,0.0537137829912023,QQQ,Nasdaq 100,USD,US10Y
2011-11-18,0.0200999999999999,13.53,0.053809830007391,QQQ,Nasdaq 100,USD,US10Y
2011-11-21,0.0197,13.28,0.0556012048192771,QQQ,Nasdaq 100,USD,US10Y
2011-11-22,0.0194,13.31,0.0557314800901577,QQQ,Nasdaq 100,USD,US10Y
2011-11-23,0.0189,13.01,0.0579639508070714,QQQ,Nasdaq 100,USD,US10Y
2011-11-25,0.0197,12.91,0.0577593338497288,QQQ,Nasdaq 100,USD,US10Y
2011-11-28,0.0197,13.35,0.0552063670411985,QQQ,Nasdaq 100,USD,US10Y
2011-11-29,0.02,13.28,0.0553012048192771,QQQ,Nasdaq 100,USD,US10Y
2011-11-30,0.0208,13.78,0.0517689404934687,QQQ,Nasdaq 100,USD,US10Y
2011-12-01,0.0210999999999999,13.86,0.0510500721500722,QQQ,Nasdaq 100,USD,US10Y
2011-12-02,0.0204999999999999,13.82,0.0518589001447179,QQQ,Nasdaq 100,USD,US10Y
2011-12-05,0.0204,13.97,0.0511819613457408,QQQ,Nasdaq 100,USD,US10Y
2011-12-06,0.0208,13.94,0.0509360114777618,QQQ,Nasdaq 100,USD,US10Y
2011-12-07,0.0202,13.93,0.0515875089734386,QQQ,Nasdaq 100,USD,US10Y
2011-12-08,0.0199,13.7,0.053092700729927,QQQ,Nasdaq 100,USD,US10Y
2011-12-09,0.0207,13.92,0.0511390804597701,QQQ,Nasdaq 100,USD,US10Y
2011-12-12,0.0203,13.76,0.0523744186046511,QQQ,Nasdaq 100,USD,US10Y
2011-12-13,0.0196,13.62,0.0538214390602055,QQQ,Nasdaq 100,USD,US10Y
2011-12-14,0.0192,13.41,0.0553712155108128,QQQ,Nasdaq 100,USD,US10Y
2011-12-15,0.0192,13.37,0.0555943156320119,QQQ,Nasdaq 100,USD,US10Y
2011-12-16,0.0186,13.44,0.0558047619047619,QQQ,Nasdaq 100,USD,US10Y
2011-12-19,0.0182,13.3,0.056987969924812,QQQ,Nasdaq 100,USD,US10Y
2011-12-20,0.0194,13.7,0.053592700729927,QQQ,Nasdaq 100,USD,US10Y
2011-12-21,0.0197999999999999,13.5,0.0542740740740741,QQQ,Nasdaq 100,USD,US10Y
2011-12-22,0.0197,13.61,0.0537753857457751,QQQ,Nasdaq 100,USD,US10Y
2011-12-23,0.0203,13.73,0.0525332119446467,QQQ,Nasdaq 100,USD,US10Y
2011-12-27,0.0202,13.77,0.0524216412490922,QQQ,Nasdaq 100,USD,US10Y
2011-12-28,0.0192999999999999,13.61,0.0541753857457752,QQQ,Nasdaq 100,USD,US10Y
2011-12-29,0.0191,13.72,0.0537862973760932,QQQ,Nasdaq 100,USD,US10Y
2011-12-30,0.0189,13.68,0.0541994152046783,QQQ,Nasdaq 100,USD,US10Y
2012-01-03,0.0197,13.36,0.0551502994011976,QQQ,Nasdaq 100,USD,US10Y
2012-01-04,0.02,13.4,0.0546268656716417,QQQ,Nasdaq 100,USD,US10Y
2012-01-05,0.0202,13.51,0.0538192450037009,QQQ,Nasdaq 100,USD,US10Y
2012-01-06,0.0197999999999999,13.56,0.0539463126843658,QQQ,Nasdaq 100,USD,US10Y
2012-01-09,0.0197999999999999,13.52,0.0541644970414202,QQQ,Nasdaq 100,USD,US10Y
2012-01-10,0.02,13.62,0.0534214390602055,QQQ,Nasdaq 100,USD,US10Y
2012-01-11,0.0192999999999999,13.65,0.0539600732600733,QQQ,Nasdaq 100,USD,US10Y
2012-01-12,0.0194,13.7,0.053592700729927,QQQ,Nasdaq 100,USD,US10Y
2012-01-13,0.0189,13.65,0.0543600732600732,QQQ,Nasdaq 100,USD,US10Y
2012-01-17,0.0187,13.77,0.0539216412490922,QQQ,Nasdaq 100,USD,US10Y
2012-01-18,0.0192,13.96,0.0524332378223495,QQQ,Nasdaq 100,USD,US10Y
2012-01-19,0.0200999999999999,14.05,0.0510743772241993,QQQ,Nasdaq 100,USD,US10Y
2012-01-20,0.0204999999999999,14.02,0.0508266761768902,QQQ,Nasdaq 100,USD,US10Y
2012-01-23,0.0209,14.02,0.0504266761768901,QQQ,Nasdaq 100,USD,US10Y
2012-01-24,0.0208,14.0,0.0506285714285714,QQQ,Nasdaq 100,USD,US10Y
2012-01-25,0.0200999999999999,14.19,0.0503721634954194,QQQ,Nasdaq 100,USD,US10Y
2012-01-26,0.0196,14.12,0.0512215297450424,QQQ,Nasdaq 100,USD,US10Y
2012-01-27,0.0192999999999999,14.16,0.0513214689265537,QQQ,Nasdaq 100,USD,US10Y
2012-01-30,0.0187,14.18,0.0518218617771509,QQQ,Nasdaq 100,USD,US10Y
2012-01-31,0.0183,14.2,0.0521225352112676,QQQ,Nasdaq 100,USD,US10Y
2012-02-01,0.0187,14.31,0.0511812019566736,QQQ,Nasdaq 100,USD,US10Y
2012-02-02,0.0186,14.36,0.0510378830083565,QQQ,Nasdaq 100,USD,US10Y
2012-02-03,0.0197,14.55,0.0490285223367697,QQQ,Nasdaq 100,USD,US10Y
2012-02-06,0.0192999999999999,14.55,0.0494285223367698,QQQ,Nasdaq 100,USD,US10Y
2012-02-07,0.02,14.57,0.0486341798215511,QQQ,Nasdaq 100,USD,US10Y
2012-02-08,0.0200999999999999,14.65,0.0481593856655291,QQQ,Nasdaq 100,USD,US10Y
2012-02-09,0.0204,14.75,0.0473966101694915,QQQ,Nasdaq 100,USD,US10Y
2012-02-10,0.0196,14.66,0.048612824010914,QQQ,Nasdaq 100,USD,US10Y
2012-02-13,0.0199,14.78,0.04775899864682,QQQ,Nasdaq 100,USD,US10Y
2012-02-14,0.0192,14.82,0.0482763832658569,QQQ,Nasdaq 100,USD,US10Y
2012-02-15,0.0192999999999999,14.71,0.0486809653297077,QQQ,Nasdaq 100,USD,US10Y
2012-02-16,0.0199,14.91,0.0471690811535882,QQQ,Nasdaq 100,USD,US10Y
2012-02-17,0.0200999999999999,14.87,0.0471494956287828,QQQ,Nasdaq 100,USD,US10Y
2012-02-21,0.0204999999999999,14.9,0.0466140939597316,QQQ,Nasdaq 100,USD,US10Y
2012-02-22,0.0200999999999999,14.84,0.0472854447439354,QQQ,Nasdaq 100,USD,US10Y
2012-02-23,0.0199,14.93,0.0470792364367046,QQQ,Nasdaq 100,USD,US10Y
2012-02-24,0.0197999999999999,14.98,0.0469556742323098,QQQ,Nasdaq 100,USD,US10Y
2012-02-27,0.0192,15.0,0.0474666666666666,QQQ,Nasdaq 100,USD,US10Y
2012-02-28,0.0194,15.15,0.046606600660066,QQQ,Nasdaq 100,USD,US10Y
2012-02-29,0.0197999999999999,15.09,0.0464690523525514,QQQ,Nasdaq 100,USD,US10Y
2012-03-01,0.0203,15.21,0.0454462195923734,QQQ,Nasdaq 100,USD,US10Y
2012-03-02,0.0199,15.2,0.0458894736842105,QQQ,Nasdaq 100,USD,US10Y
2012-03-05,0.02,15.04,0.0464893617021276,QQQ,Nasdaq 100,USD,US10Y
2012-03-06,0.0196,14.89,0.0475591672263263,QQQ,Nasdaq 100,USD,US10Y
2012-03-07,0.0197999999999999,15.0,0.0468666666666667,QQQ,Nasdaq 100,USD,US10Y
2012-03-08,0.0203,15.17,0.0456195781147,QQQ,Nasdaq 100,USD,US10Y
2012-03-09,0.0204,15.23,0.0452598818122127,QQQ,Nasdaq 100,USD,US10Y
2012-03-12,0.0204,15.23,0.0452598818122127,QQQ,Nasdaq 100,USD,US10Y
2012-03-13,0.0214,15.52,0.0430329896907216,QQQ,Nasdaq 100,USD,US10Y
2012-03-14,0.0229,15.58,0.0412848523748395,QQQ,Nasdaq 100,USD,US10Y
2012-03-15,0.0229,15.62,0.0411204865556978,QQQ,Nasdaq 100,USD,US10Y
2012-03-16,0.0231,15.61,0.0409614990390775,QQQ,Nasdaq 100,USD,US10Y
2012-03-19,0.0239,15.72,0.0397132315521628,QQQ,Nasdaq 100,USD,US10Y
2012-03-20,0.0237999999999999,15.75,0.0396920634920635,QQQ,Nasdaq 100,USD,US10Y
2012-03-21,0.0231,15.75,0.0403920634920634,QQQ,Nasdaq 100,USD,US10Y
2012-03-22,0.0229,15.71,0.0407537237428389,QQQ,Nasdaq 100,USD,US10Y
2012-03-23,0.0225,15.7,0.0411942675159235,QQQ,Nasdaq 100,USD,US10Y
2012-03-26,0.0226,15.98,0.0399782227784731,QQQ,Nasdaq 100,USD,US10Y
2012-03-27,0.022,16.01,0.0404609618988132,QQQ,Nasdaq 100,USD,US10Y
2012-03-28,0.0220999999999999,15.94,0.0406352572145546,QQQ,Nasdaq 100,USD,US10Y
2012-03-29,0.0218,15.89,0.0411326620516047,QQQ,Nasdaq 100,USD,US10Y
2012-03-30,0.0223,15.85,0.0407914826498422,QQQ,Nasdaq 100,USD,US10Y
2012-04-02,0.0222,14.98,0.0445556742323097,QQQ,Nasdaq 100,USD,US10Y
2012-04-03,0.023,14.97,0.0438002672010688,QQQ,Nasdaq 100,USD,US10Y
2012-04-04,0.0225,14.77,0.0452048070412999,QQQ,Nasdaq 100,USD,US10Y
2012-04-05,0.0219,14.86,0.0453947510094212,QQQ,Nasdaq 100,USD,US10Y
2012-04-06,0.0207,14.86,0.0465947510094212,QQQ,Nasdaq 100,USD,US10Y
2012-04-09,0.0206,14.74,0.0472426051560379,QQQ,Nasdaq 100,USD,US10Y
2012-04-10,0.0200999999999999,14.5,0.0488655172413794,QQQ,Nasdaq 100,USD,US10Y
2012-04-11,0.0204999999999999,14.57,0.0481341798215512,QQQ,Nasdaq 100,USD,US10Y
2012-04-12,0.0208,14.74,0.0470426051560379,QQQ,Nasdaq 100,USD,US10Y
2012-04-13,0.0202,14.52,0.0486705234159779,QQQ,Nasdaq 100,USD,US10Y
2012-04-16,0.02,14.37,0.049589422407794,QQQ,Nasdaq 100,USD,US10Y
2012-04-17,0.0203,14.65,0.047959385665529,QQQ,Nasdaq 100,USD,US10Y
2012-04-18,0.02,14.61,0.0484462696783025,QQQ,Nasdaq 100,USD,US10Y
2012-04-19,0.0197999999999999,14.46,0.0493562932226833,QQQ,Nasdaq 100,USD,US10Y
2012-04-20,0.0199,14.4,0.0495444444444444,QQQ,Nasdaq 100,USD,US10Y
2012-04-23,0.0196,14.28,0.0504280112044817,QQQ,Nasdaq 100,USD,US10Y
2012-04-24,0.02,14.2,0.0504225352112676,QQQ,Nasdaq 100,USD,US10Y
2012-04-25,0.0200999999999999,14.58,0.0484871056241427,QQQ,Nasdaq 100,USD,US10Y
2012-04-26,0.0197999999999999,14.66,0.0484128240109141,QQQ,Nasdaq 100,USD,US10Y
2012-04-27,0.0196,14.75,0.0481966101694915,QQQ,Nasdaq 100,USD,US10Y
2012-04-30,0.0195,14.65,0.048759385665529,QQQ,Nasdaq 100,USD,US10Y
2012-05-01,0.0197999999999999,14.67,0.0483663258350375,QQQ,Nasdaq 100,USD,US10Y
2012-05-02,0.0196,14.71,0.0483809653297076,QQQ,Nasdaq 100,USD,US10Y
2012-05-03,0.0196,14.55,0.0491285223367697,QQQ,Nasdaq 100,USD,US10Y
2012-05-04,0.0191,14.19,0.0513721634954193,QQQ,Nasdaq 100,USD,US10Y
2012-05-07,0.0192,14.2,0.0512225352112676,QQQ,Nasdaq 100,USD,US10Y
2012-05-08,0.0187999999999999,14.15,0.0518713780918728,QQQ,Nasdaq 100,USD,US10Y
2012-05-09,0.0187,14.1,0.0522219858156028,QQQ,Nasdaq 100,USD,US10Y
2012-05-10,0.0189,14.08,0.0521227272727272,QQQ,Nasdaq 100,USD,US10Y
2012-05-11,0.0184,14.08,0.0526227272727272,QQQ,Nasdaq 100,USD,US10Y
2012-05-14,0.0178,13.94,0.0539360114777618,QQQ,Nasdaq 100,USD,US10Y
2012-05-15,0.0176,13.89,0.0543942404607631,QQQ,Nasdaq 100,USD,US10Y
2012-05-16,0.0176,13.78,0.0549689404934687,QQQ,Nasdaq 100,USD,US10Y
2012-05-17,0.017,13.5,0.057074074074074,QQQ,Nasdaq 100,USD,US10Y
2012-05-18,0.0171,13.34,0.0578625187406296,QQQ,Nasdaq 100,USD,US10Y
2012-05-21,0.0175,13.7,0.055492700729927,QQQ,Nasdaq 100,USD,US10Y
2012-05-22,0.0179,13.66,0.0553064421669106,QQQ,Nasdaq 100,USD,US10Y
2012-05-23,0.0173,13.7,0.055692700729927,QQQ,Nasdaq 100,USD,US10Y
2012-05-24,0.0177,13.62,0.0557214390602055,QQQ,Nasdaq 100,USD,US10Y
2012-05-25,0.0175,13.6,0.0560294117647058,QQQ,Nasdaq 100,USD,US10Y
2012-05-29,0.0174,13.77,0.0552216412490922,QQQ,Nasdaq 100,USD,US10Y
2012-05-30,0.0163,13.65,0.0569600732600732,QQQ,Nasdaq 100,USD,US10Y
2012-05-31,0.0159,13.58,0.0577377025036818,QQQ,Nasdaq 100,USD,US10Y
2012-06-01,0.0147,13.23,0.0608857898715041,QQQ,Nasdaq 100,USD,US10Y
2012-06-04,0.0153,13.33,0.0597187546886721,QQQ,Nasdaq 100,USD,US10Y
2012-06-05,0.0157,13.38,0.0590384155455904,QQQ,Nasdaq 100,USD,US10Y
2012-06-06,0.0166,13.7,0.056392700729927,QQQ,Nasdaq 100,USD,US10Y
2012-06-07,0.0166,13.64,0.0567137829912023,QQQ,Nasdaq 100,USD,US10Y
2012-06-08,0.0165,13.77,0.0561216412490922,QQQ,Nasdaq 100,USD,US10Y
2012-06-11,0.016,13.54,0.0578552437223042,QQQ,Nasdaq 100,USD,US10Y
2012-06-12,0.0167,13.7,0.056292700729927,QQQ,Nasdaq 100,USD,US10Y
2012-06-13,0.0161,13.6,0.0574294117647058,QQQ,Nasdaq 100,USD,US10Y
2012-06-14,0.0163999999999999,13.67,0.0567528895391368,QQQ,Nasdaq 100,USD,US10Y
2012-06-15,0.016,13.83,0.0563065798987707,QQQ,Nasdaq 100,USD,US10Y
2012-06-18,0.0159,13.95,0.05578458781362,QQQ,Nasdaq 100,USD,US10Y
2012-06-19,0.0163999999999999,14.1,0.0545219858156029,QQQ,Nasdaq 100,USD,US10Y
2012-06-20,0.0165,14.11,0.054371722182849,QQQ,Nasdaq 100,USD,US10Y
2012-06-21,0.0163,13.76,0.0563744186046511,QQQ,Nasdaq 100,USD,US10Y
2012-06-22,0.0169,13.91,0.0549907260963335,QQQ,Nasdaq 100,USD,US10Y
2012-06-25,0.0163,13.63,0.0570675715333822,QQQ,Nasdaq 100,USD,US10Y
2012-06-26,0.0166,13.72,0.0562862973760932,QQQ,Nasdaq 100,USD,US10Y
2012-06-27,0.0165,13.8,0.055963768115942,QQQ,Nasdaq 100,USD,US10Y
2012-06-28,0.016,13.65,0.0572600732600732,QQQ,Nasdaq 100,USD,US10Y
2012-06-29,0.0167,14.07,0.0543732054015636,QQQ,Nasdaq 100,USD,US10Y
2012-07-02,0.0161,14.57,0.0525341798215511,QQQ,Nasdaq 100,USD,US10Y
2012-07-03,0.0165,14.69,0.051573519400953,QQQ,Nasdaq 100,USD,US10Y
2012-07-05,0.0162,14.69,0.051873519400953,QQQ,Nasdaq 100,USD,US10Y
2012-07-06,0.0157,14.5,0.0532655172413793,QQQ,Nasdaq 100,USD,US10Y
2012-07-09,0.0153,14.49,0.0537131124913733,QQQ,Nasdaq 100,USD,US10Y
2012-07-10,0.0153,14.35,0.0543864111498257,QQQ,Nasdaq 100,USD,US10Y
2012-07-11,0.0154,14.27,0.0546770847932726,QQQ,Nasdaq 100,USD,US10Y
2012-07-12,0.015,14.13,0.0557714083510261,QQQ,Nasdaq 100,USD,US10Y
2012-07-13,0.0152,14.35,0.0544864111498257,QQQ,Nasdaq 100,USD,US10Y
2012-07-16,0.015,14.3,0.0549300699300699,QQQ,Nasdaq 100,USD,US10Y
2012-07-17,0.0153,14.38,0.0542410292072322,QQQ,Nasdaq 100,USD,US10Y
2012-07-18,0.0152,14.57,0.0534341798215511,QQQ,Nasdaq 100,USD,US10Y
2012-07-19,0.0154,14.74,0.0524426051560379,QQQ,Nasdaq 100,USD,US10Y
2012-07-20,0.0149,14.53,0.0539231245698554,QQQ,Nasdaq 100,USD,US10Y
2012-07-23,0.0147,14.37,0.054889422407794,QQQ,Nasdaq 100,USD,US10Y
2012-07-24,0.0144,14.25,0.0557754385964912,QQQ,Nasdaq 100,USD,US10Y
2012-07-25,0.0143,14.15,0.0563713780918727,QQQ,Nasdaq 100,USD,US10Y
2012-07-26,0.0144999999999999,14.35,0.0551864111498258,QQQ,Nasdaq 100,USD,US10Y
2012-07-27,0.0158,14.69,0.052273519400953,QQQ,Nasdaq 100,USD,US10Y
2012-07-30,0.0153,14.66,0.052912824010914,QQQ,Nasdaq 100,USD,US10Y
2012-07-31,0.0151,14.67,0.0530663258350374,QQQ,Nasdaq 100,USD,US10Y
2012-08-01,0.0156,14.63,0.0527526999316472,QQQ,Nasdaq 100,USD,US10Y
2012-08-02,0.0151,14.57,0.0535341798215511,QQQ,Nasdaq 100,USD,US10Y
2012-08-03,0.016,14.85,0.0513400673400673,QQQ,Nasdaq 100,USD,US10Y
2012-08-06,0.0159,14.95,0.0509896321070234,QQQ,Nasdaq 100,USD,US10Y
2012-08-07,0.0166,15.08,0.0497129973474801,QQQ,Nasdaq 100,USD,US10Y
2012-08-08,0.0168,15.06,0.0496010624169986,QQQ,Nasdaq 100,USD,US10Y
2012-08-09,0.0169,15.09,0.0493690523525513,QQQ,Nasdaq 100,USD,US10Y
2012-08-10,0.0165,15.11,0.0496813368630046,QQQ,Nasdaq 100,USD,US10Y
2012-08-13,0.0165,15.15,0.049506600660066,QQQ,Nasdaq 100,USD,US10Y
2012-08-14,0.0173,15.14,0.0487501981505944,QQQ,Nasdaq 100,USD,US10Y
2012-08-15,0.018,15.18,0.0478761528326745,QQQ,Nasdaq 100,USD,US10Y
2012-08-16,0.0183,15.36,0.0468041666666666,QQQ,Nasdaq 100,USD,US10Y
2012-08-17,0.0181,15.43,0.0467088139987038,QQQ,Nasdaq 100,USD,US10Y
2012-08-20,0.0182,15.45,0.0465249190938511,QQQ,Nasdaq 100,USD,US10Y
2012-08-21,0.018,15.39,0.046977257959714,QQQ,Nasdaq 100,USD,US10Y
2012-08-22,0.0171,15.45,0.0476249190938511,QQQ,Nasdaq 100,USD,US10Y
2012-08-23,0.0168,15.33,0.0484315720808871,QQQ,Nasdaq 100,USD,US10Y
2012-08-24,0.0168,15.42,0.0480508430609598,QQQ,Nasdaq 100,USD,US10Y
2012-08-27,0.0165,15.44,0.0482668393782383,QQQ,Nasdaq 100,USD,US10Y
2012-08-28,0.0163999999999999,15.44,0.0483668393782384,QQQ,Nasdaq 100,USD,US10Y
2012-08-29,0.0166,15.45,0.0481249190938511,QQQ,Nasdaq 100,USD,US10Y
2012-08-30,0.0163,15.28,0.0491450261780104,QQQ,Nasdaq 100,USD,US10Y
2012-08-31,0.0157,15.39,0.0492772579597141,QQQ,Nasdaq 100,USD,US10Y
2012-09-04,0.0159,15.39,0.0490772579597141,QQQ,Nasdaq 100,USD,US10Y
2012-09-05,0.016,15.36,0.0491041666666666,QQQ,Nasdaq 100,USD,US10Y
2012-09-06,0.0168,15.71,0.0468537237428389,QQQ,Nasdaq 100,USD,US10Y
2012-09-07,0.0167,15.68,0.0470755102040816,QQQ,Nasdaq 100,USD,US10Y
2012-09-10,0.0168,15.48,0.0477994832041343,QQQ,Nasdaq 100,USD,US10Y
2012-09-11,0.017,15.46,0.0476830530401034,QQQ,Nasdaq 100,USD,US10Y
2012-09-12,0.0177,15.49,0.0468577792123951,QQQ,Nasdaq 100,USD,US10Y
2012-09-13,0.0175,15.71,0.0461537237428389,QQQ,Nasdaq 100,USD,US10Y
2012-09-14,0.0187999999999999,15.85,0.0442914826498423,QQQ,Nasdaq 100,USD,US10Y
2012-09-17,0.0185,15.85,0.0445914826498422,QQQ,Nasdaq 100,USD,US10Y
2012-09-18,0.0182,15.86,0.0448517023959646,QQQ,Nasdaq 100,USD,US10Y
2012-09-19,0.0179,15.9,0.0449930817610062,QQQ,Nasdaq 100,USD,US10Y
2012-09-20,0.018,15.88,0.0449722921914357,QQQ,Nasdaq 100,USD,US10Y
2012-09-21,0.0177,15.88,0.0452722921914357,QQQ,Nasdaq 100,USD,US10Y
2012-09-24,0.0174,15.78,0.0459713561470215,QQQ,Nasdaq 100,USD,US10Y
2012-09-25,0.017,15.57,0.0472260757867694,QQQ,Nasdaq 100,USD,US10Y
2012-09-26,0.0163999999999999,15.44,0.0483668393782384,QQQ,Nasdaq 100,USD,US10Y
2012-09-27,0.0166,15.66,0.0472569604086845,QQQ,Nasdaq 100,USD,US10Y
2012-09-28,0.0165,15.54,0.0478500643500643,QQQ,Nasdaq 100,USD,US10Y
2012-10-01,0.0163999999999999,16.42,0.0445013398294763,QQQ,Nasdaq 100,USD,US10Y
2012-10-02,0.0163999999999999,16.45,0.0443902735562311,QQQ,Nasdaq 100,USD,US10Y
2012-10-03,0.0163999999999999,16.56,0.0439864734299517,QQQ,Nasdaq 100,USD,US10Y
2012-10-04,0.017,16.62,0.0431684717208182,QQQ,Nasdaq 100,USD,US10Y
2012-10-05,0.0175,16.52,0.0430326876513317,QQQ,Nasdaq 100,USD,US10Y
2012-10-08,0.0175,16.37,0.043587354917532,QQQ,Nasdaq 100,USD,US10Y
2012-10-09,0.0174,16.11,0.0446732464307883,QQQ,Nasdaq 100,USD,US10Y
2012-10-10,0.0172,16.03,0.0451830318153462,QQQ,Nasdaq 100,USD,US10Y
2012-10-11,0.017,15.98,0.045578222778473,QQQ,Nasdaq 100,USD,US10Y
2012-10-12,0.0169,15.98,0.045678222778473,QQQ,Nasdaq 100,USD,US10Y
2012-10-15,0.017,16.1,0.045111801242236,QQQ,Nasdaq 100,USD,US10Y
2012-10-16,0.0175,16.32,0.0437745098039215,QQQ,Nasdaq 100,USD,US10Y
2012-10-17,0.0183,16.31,0.0430120784794604,QQQ,Nasdaq 100,USD,US10Y
2012-10-18,0.0186,16.12,0.0434347394540942,QQQ,Nasdaq 100,USD,US10Y
2012-10-19,0.0179,15.74,0.0456324015247776,QQQ,Nasdaq 100,USD,US10Y
2012-10-22,0.0183,15.83,0.0448711939355653,QQQ,Nasdaq 100,USD,US10Y
2012-10-23,0.0179,15.66,0.0459569604086845,QQQ,Nasdaq 100,USD,US10Y
2012-10-24,0.018,15.6,0.0461025641025641,QQQ,Nasdaq 100,USD,US10Y
2012-10-25,0.0186,15.61,0.0454614990390775,QQQ,Nasdaq 100,USD,US10Y
2012-10-26,0.0178,15.66,0.0460569604086845,QQQ,Nasdaq 100,USD,US10Y
2012-10-29,0.0174,15.66,0.0464569604086845,QQQ,Nasdaq 100,USD,US10Y
2012-10-31,0.0172,15.56,0.0470673521850899,QQQ,Nasdaq 100,USD,US10Y
2012-11-01,0.0175,15.79,0.0458312222925902,QQQ,Nasdaq 100,USD,US10Y
2012-11-02,0.0175,15.61,0.0465614990390775,QQQ,Nasdaq 100,USD,US10Y
2012-11-05,0.0172,15.7,0.0464942675159235,QQQ,Nasdaq 100,USD,US10Y
2012-11-06,0.0178,15.75,0.0456920634920634,QQQ,Nasdaq 100,USD,US10Y
2012-11-07,0.0168,15.35,0.0483465798045602,QQQ,Nasdaq 100,USD,US10Y
2012-11-08,0.0162,15.11,0.0499813368630046,QQQ,Nasdaq 100,USD,US10Y
2012-11-09,0.0161,15.18,0.0497761528326745,QQQ,Nasdaq 100,USD,US10Y
2012-11-12,0.0161,15.17,0.0498195781147,QQQ,Nasdaq 100,USD,US10Y
2012-11-13,0.0159,15.05,0.0505451827242524,QQQ,Nasdaq 100,USD,US10Y
2012-11-14,0.0159,14.88,0.0513043010752688,QQQ,Nasdaq 100,USD,US10Y
2012-11-15,0.0158,14.83,0.0516308833445718,QQQ,Nasdaq 100,USD,US10Y
2012-11-16,0.0158,14.89,0.0513591672263263,QQQ,Nasdaq 100,USD,US10Y
2012-11-19,0.0161,15.25,0.0494737704918032,QQQ,Nasdaq 100,USD,US10Y
2012-11-20,0.0166,15.24,0.0490167979002624,QQQ,Nasdaq 100,USD,US10Y
2012-11-21,0.0169,15.28,0.0485450261780104,QQQ,Nasdaq 100,USD,US10Y
2012-11-23,0.017,15.51,0.0474745325596389,QQQ,Nasdaq 100,USD,US10Y
2012-11-26,0.0166,15.58,0.0475848523748395,QQQ,Nasdaq 100,USD,US10Y
2012-11-27,0.0163999999999999,15.52,0.0480329896907217,QQQ,Nasdaq 100,USD,US10Y
2012-11-28,0.0163,15.66,0.0475569604086845,QQQ,Nasdaq 100,USD,US10Y
2012-11-29,0.0162,15.75,0.0472920634920634,QQQ,Nasdaq 100,USD,US10Y
2012-11-30,0.0162,15.73,0.0473727908455181,QQQ,Nasdaq 100,USD,US10Y
2012-12-03,0.0163,15.7,0.0473942675159235,QQQ,Nasdaq 100,USD,US10Y
2012-12-04,0.0162,15.67,0.0476162093171665,QQQ,Nasdaq 100,USD,US10Y
2012-12-05,0.016,15.5,0.048516129032258,QQQ,Nasdaq 100,USD,US10Y
2012-12-06,0.0159,15.61,0.0481614990390775,QQQ,Nasdaq 100,USD,US10Y
2012-12-07,0.0163999999999999,15.51,0.048074532559639,QQQ,Nasdaq 100,USD,US10Y
2012-12-10,0.0163,15.56,0.0479673521850899,QQQ,Nasdaq 100,USD,US10Y
2012-12-11,0.0166,15.76,0.0468517766497461,QQQ,Nasdaq 100,USD,US10Y
2012-12-12,0.0172,15.71,0.0464537237428389,QQQ,Nasdaq 100,USD,US10Y
2012-12-13,0.0174,15.59,0.046743681847338,QQQ,Nasdaq 100,USD,US10Y
2012-12-14,0.0172,15.44,0.0475668393782383,QQQ,Nasdaq 100,USD,US10Y
2012-12-17,0.0178,15.65,0.0460977635782747,QQQ,Nasdaq 100,USD,US10Y
2012-12-18,0.0184,15.9,0.0444930817610062,QQQ,Nasdaq 100,USD,US10Y
2012-12-19,0.0182,15.81,0.0450511068943706,QQQ,Nasdaq 100,USD,US10Y
2012-12-20,0.0181,15.83,0.0450711939355653,QQQ,Nasdaq 100,USD,US10Y
2012-12-21,0.0177,15.66,0.0461569604086845,QQQ,Nasdaq 100,USD,US10Y
2012-12-24,0.0179,15.62,0.0461204865556978,QQQ,Nasdaq 100,USD,US10Y
2012-12-26,0.0177,15.49,0.0468577792123951,QQQ,Nasdaq 100,USD,US10Y
2012-12-27,0.0174,15.47,0.0472412411118293,QQQ,Nasdaq 100,USD,US10Y
2012-12-28,0.0173,15.31,0.0480167864141084,QQQ,Nasdaq 100,USD,US10Y
2012-12-31,0.0178,15.26,0.0477307994757536,QQQ,Nasdaq 100,USD,US10Y
2013-01-02,0.0186,15.75,0.0448920634920634,QQQ,Nasdaq 100,USD,US10Y
2013-01-03,0.0192,15.67,0.0446162093171665,QQQ,Nasdaq 100,USD,US10Y
2013-01-04,0.0192999999999999,15.63,0.0446795265515036,QQQ,Nasdaq 100,USD,US10Y
2013-01-07,0.0192,15.62,0.0448204865556978,QQQ,Nasdaq 100,USD,US10Y
2013-01-08,0.0189,15.59,0.045243681847338,QQQ,Nasdaq 100,USD,US10Y
2013-01-09,0.0187999999999999,15.64,0.0451386189258313,QQQ,Nasdaq 100,USD,US10Y
2013-01-10,0.0191,15.74,0.0444324015247776,QQQ,Nasdaq 100,USD,US10Y
2013-01-11,0.0189,15.76,0.0445517766497461,QQQ,Nasdaq 100,USD,US10Y
2013-01-14,0.0189,15.69,0.0448348629700446,QQQ,Nasdaq 100,USD,US10Y
2013-01-15,0.0186,15.62,0.0454204865556978,QQQ,Nasdaq 100,USD,US10Y
2013-01-16,0.0184,15.68,0.0453755102040816,QQQ,Nasdaq 100,USD,US10Y
2013-01-17,0.0189,15.76,0.0445517766497461,QQQ,Nasdaq 100,USD,US10Y
2013-01-18,0.0187,15.73,0.0448727908455181,QQQ,Nasdaq 100,USD,US10Y
2013-01-22,0.0186,15.75,0.0448920634920634,QQQ,Nasdaq 100,USD,US10Y
2013-01-23,0.0186,15.84,0.0445313131313131,QQQ,Nasdaq 100,USD,US10Y
2013-01-24,0.0187999999999999,15.62,0.0452204865556979,QQQ,Nasdaq 100,USD,US10Y
2013-01-25,0.0197999999999999,15.7,0.0438942675159236,QQQ,Nasdaq 100,USD,US10Y
2013-01-28,0.02,15.73,0.0435727908455181,QQQ,Nasdaq 100,USD,US10Y
2013-01-29,0.0203,15.73,0.0432727908455181,QQQ,Nasdaq 100,USD,US10Y
2013-01-30,0.0203,15.71,0.0433537237428389,QQQ,Nasdaq 100,USD,US10Y
2013-01-31,0.0202,15.67,0.0436162093171665,QQQ,Nasdaq 100,USD,US10Y
2013-02-01,0.0204,15.85,0.0426914826498422,QQQ,Nasdaq 100,USD,US10Y
2013-02-04,0.02,15.57,0.0442260757867694,QQQ,Nasdaq 100,USD,US10Y
2013-02-05,0.0204,15.8,0.0428911392405063,QQQ,Nasdaq 100,USD,US10Y
2013-02-06,0.02,15.75,0.0434920634920634,QQQ,Nasdaq 100,USD,US10Y
2013-02-07,0.0199,15.75,0.0435920634920634,QQQ,Nasdaq 100,USD,US10Y
2013-02-08,0.0199,15.92,0.0429140703517587,QQQ,Nasdaq 100,USD,US10Y
2013-02-11,0.0199,15.91,0.0429535512256442,QQQ,Nasdaq 100,USD,US10Y
2013-02-12,0.0202,15.84,0.0429313131313131,QQQ,Nasdaq 100,USD,US10Y
2013-02-13,0.0204999999999999,15.91,0.0423535512256443,QQQ,Nasdaq 100,USD,US10Y
2013-02-14,0.02,15.89,0.0429326620516047,QQQ,Nasdaq 100,USD,US10Y
2013-02-15,0.0200999999999999,15.86,0.0429517023959648,QQQ,Nasdaq 100,USD,US10Y
2013-02-19,0.0203,15.96,0.04235664160401,QQQ,Nasdaq 100,USD,US10Y
2013-02-20,0.0202,15.71,0.0434537237428389,QQQ,Nasdaq 100,USD,US10Y
2013-02-21,0.0199,15.55,0.0444086816720257,QQQ,Nasdaq 100,USD,US10Y
2013-02-22,0.0197,15.7,0.0439942675159235,QQQ,Nasdaq 100,USD,US10Y
2013-02-25,0.0187999999999999,15.49,0.0457577792123952,QQQ,Nasdaq 100,USD,US10Y
2013-02-26,0.0187999999999999,15.56,0.04546735218509,QQQ,Nasdaq 100,USD,US10Y
2013-02-27,0.0191,15.72,0.0445132315521628,QQQ,Nasdaq 100,USD,US10Y
2013-02-28,0.0189,15.71,0.0447537237428389,QQQ,Nasdaq 100,USD,US10Y
2013-03-01,0.0186,15.76,0.0448517766497461,QQQ,Nasdaq 100,USD,US10Y
2013-03-04,0.0187999999999999,15.83,0.0443711939355654,QQQ,Nasdaq 100,USD,US10Y
2013-03-05,0.019,16.05,0.0433052959501557,QQQ,Nasdaq 100,USD,US10Y
2013-03-06,0.0195,16.02,0.042921972534332,QQQ,Nasdaq 100,USD,US10Y
2013-03-07,0.02,16.06,0.042266500622665,QQQ,Nasdaq 100,USD,US10Y
2013-03-08,0.0206,16.08,0.0415890547263681,QQQ,Nasdaq 100,USD,US10Y
2013-03-11,0.0207,16.13,0.0412962802231866,QQQ,Nasdaq 100,USD,US10Y
2013-03-12,0.0203,16.06,0.041966500622665,QQQ,Nasdaq 100,USD,US10Y
2013-03-13,0.0204,16.05,0.0419052959501557,QQQ,Nasdaq 100,USD,US10Y
2013-03-14,0.0204,16.1,0.041711801242236,QQQ,Nasdaq 100,USD,US10Y
2013-03-15,0.0200999999999999,16.06,0.0421665006226651,QQQ,Nasdaq 100,USD,US10Y
2013-03-18,0.0196,16.01,0.0428609618988132,QQQ,Nasdaq 100,USD,US10Y
2013-03-19,0.0192,15.99,0.0433390869293308,QQQ,Nasdaq 100,USD,US10Y
2013-03-20,0.0196,16.09,0.0425504039776258,QQQ,Nasdaq 100,USD,US10Y
2013-03-21,0.0195,15.91,0.0433535512256442,QQQ,Nasdaq 100,USD,US10Y
2013-03-22,0.0192999999999999,16.06,0.0429665006226651,QQQ,Nasdaq 100,USD,US10Y
2013-03-25,0.0192999999999999,16.0,0.0432000000000001,QQQ,Nasdaq 100,USD,US10Y
2013-03-26,0.0192,16.1,0.042911801242236,QQQ,Nasdaq 100,USD,US10Y
2013-03-27,0.0187,16.12,0.0433347394540942,QQQ,Nasdaq 100,USD,US10Y
2013-03-28,0.0187,16.17,0.0431429189857761,QQQ,Nasdaq 100,USD,US10Y
2013-04-01,0.0186,15.62,0.0454204865556978,QQQ,Nasdaq 100,USD,US10Y
2013-04-02,0.0187999999999999,15.76,0.0446517766497462,QQQ,Nasdaq 100,USD,US10Y
2013-04-03,0.0183,15.61,0.0457614990390775,QQQ,Nasdaq 100,USD,US10Y
2013-04-04,0.0178,15.61,0.0462614990390775,QQQ,Nasdaq 100,USD,US10Y
2013-04-05,0.0172,15.48,0.0473994832041343,QQQ,Nasdaq 100,USD,US10Y
2013-04-08,0.0176,15.56,0.0466673521850899,QQQ,Nasdaq 100,USD,US10Y
2013-04-09,0.0178,15.67,0.0460162093171665,QQQ,Nasdaq 100,USD,US10Y
2013-04-10,0.0184,15.97,0.0442174076393237,QQQ,Nasdaq 100,USD,US10Y
2013-04-11,0.0182,15.97,0.0444174076393237,QQQ,Nasdaq 100,USD,US10Y
2013-04-12,0.0175,15.96,0.04515664160401,QQQ,Nasdaq 100,USD,US10Y
2013-04-15,0.0172,15.63,0.0467795265515035,QQQ,Nasdaq 100,USD,US10Y
2013-04-16,0.0175,15.85,0.0455914826498422,QQQ,Nasdaq 100,USD,US10Y
2013-04-17,0.0173,15.54,0.0470500643500643,QQQ,Nasdaq 100,USD,US10Y
2013-04-18,0.0172,15.32,0.0480741514360313,QQQ,Nasdaq 100,USD,US10Y
2013-04-19,0.0173,15.53,0.0470915003219575,QQQ,Nasdaq 100,USD,US10Y
2013-04-22,0.0172,15.7,0.0464942675159235,QQQ,Nasdaq 100,USD,US10Y
2013-04-23,0.0174,15.84,0.0457313131313131,QQQ,Nasdaq 100,USD,US10Y
2013-04-24,0.0173,15.83,0.0458711939355653,QQQ,Nasdaq 100,USD,US10Y
2013-04-25,0.0174,15.91,0.0454535512256442,QQQ,Nasdaq 100,USD,US10Y
2013-04-26,0.017,15.87,0.0460119722747322,QQQ,Nasdaq 100,USD,US10Y
2013-04-29,0.017,16.01,0.0454609618988132,QQQ,Nasdaq 100,USD,US10Y
2013-04-30,0.017,16.13,0.0449962802231866,QQQ,Nasdaq 100,USD,US10Y
2013-05-01,0.0166,16.05,0.0457052959501557,QQQ,Nasdaq 100,USD,US10Y
2013-05-02,0.0166,16.26,0.04490061500615,QQQ,Nasdaq 100,USD,US10Y
2013-05-03,0.0178,16.45,0.042990273556231,QQQ,Nasdaq 100,USD,US10Y
2013-05-06,0.018,16.51,0.0425693519079345,QQQ,Nasdaq 100,USD,US10Y
2013-05-07,0.0182,16.49,0.0424428138265615,QQQ,Nasdaq 100,USD,US10Y
2013-05-08,0.0181,16.58,0.042213630880579,QQQ,Nasdaq 100,USD,US10Y
2013-05-09,0.0181,16.54,0.042359492140266,QQQ,Nasdaq 100,USD,US10Y
2013-05-10,0.019,16.65,0.04106006006006,QQQ,Nasdaq 100,USD,US10Y
2013-05-13,0.0192,16.66,0.0408240096038415,QQQ,Nasdaq 100,USD,US10Y
2013-05-14,0.0196,16.74,0.04013715651135,QQQ,Nasdaq 100,USD,US10Y
2013-05-15,0.0194,16.77,0.0402302921884317,QQQ,Nasdaq 100,USD,US10Y
2013-05-16,0.0187,16.75,0.0410014925373134,QQQ,Nasdaq 100,USD,US10Y
2013-05-17,0.0195,16.92,0.0396016548463356,QQQ,Nasdaq 100,USD,US10Y
2013-05-20,0.0197,16.87,0.0395768227622999,QQQ,Nasdaq 100,USD,US10Y
2013-05-21,0.0194,16.91,0.0397366055588409,QQQ,Nasdaq 100,USD,US10Y
2013-05-22,0.0203,16.75,0.0394014925373134,QQQ,Nasdaq 100,USD,US10Y
2013-05-23,0.0202,16.71,0.0396444045481747,QQQ,Nasdaq 100,USD,US10Y
2013-05-24,0.0200999999999999,16.71,0.0397444045481748,QQQ,Nasdaq 100,USD,US10Y
2013-05-28,0.0215,16.82,0.0379530321046373,QQQ,Nasdaq 100,USD,US10Y
2013-05-29,0.0213,16.73,0.0384728631201434,QQQ,Nasdaq 100,USD,US10Y
2013-05-30,0.0213,16.82,0.0381530321046373,QQQ,Nasdaq 100,USD,US10Y
2013-05-31,0.0216,16.66,0.0384240096038415,QQQ,Nasdaq 100,USD,US10Y
2013-06-03,0.0213,16.71,0.0385444045481747,QQQ,Nasdaq 100,USD,US10Y
2013-06-04,0.0214,16.61,0.0388046959662853,QQQ,Nasdaq 100,USD,US10Y
2013-06-05,0.021,16.41,0.039938452163315,QQQ,Nasdaq 100,USD,US10Y
2013-06-06,0.0208,16.48,0.0398796116504854,QQQ,Nasdaq 100,USD,US10Y
2013-06-07,0.0217,16.71,0.0381444045481747,QQQ,Nasdaq 100,USD,US10Y
2013-06-10,0.0222,16.7,0.037680239520958,QQQ,Nasdaq 100,USD,US10Y
2013-06-11,0.022,16.53,0.0384960677555958,QQQ,Nasdaq 100,USD,US10Y
2013-06-12,0.0225,16.34,0.0386995104039167,QQQ,Nasdaq 100,USD,US10Y
2013-06-13,0.0219,16.55,0.0385229607250755,QQQ,Nasdaq 100,USD,US10Y
2013-06-14,0.0214,16.44,0.0394272506082725,QQQ,Nasdaq 100,USD,US10Y
2013-06-17,0.0219,16.6,0.0383409638554216,QQQ,Nasdaq 100,USD,US10Y
2013-06-18,0.022,16.74,0.03773715651135,QQQ,Nasdaq 100,USD,US10Y
2013-06-19,0.0233,16.53,0.0371960677555958,QQQ,Nasdaq 100,USD,US10Y
2013-06-20,0.0241,16.14,0.0378578686493184,QQQ,Nasdaq 100,USD,US10Y
2013-06-21,0.0252,16.08,0.0369890547263681,QQQ,Nasdaq 100,USD,US10Y
2013-06-24,0.0256999999999999,15.91,0.0371535512256443,QQQ,Nasdaq 100,USD,US10Y
2013-06-25,0.026,16.01,0.0364609618988132,QQQ,Nasdaq 100,USD,US10Y
2013-06-26,0.0255,16.16,0.0363811881188118,QQQ,Nasdaq 100,USD,US10Y
2013-06-27,0.0249,16.24,0.0366763546798029,QQQ,Nasdaq 100,USD,US10Y
2013-06-28,0.0252,16.25,0.0363384615384615,QQQ,Nasdaq 100,USD,US10Y
2013-07-01,0.025,15.94,0.0377352572145545,QQQ,Nasdaq 100,USD,US10Y
2013-07-02,0.0248,15.96,0.03785664160401,QQQ,Nasdaq 100,USD,US10Y
2013-07-03,0.0252,16.02,0.037221972534332,QQQ,Nasdaq 100,USD,US10Y
2013-07-05,0.0273,16.14,0.0346578686493184,QQQ,Nasdaq 100,USD,US10Y
2013-07-08,0.0265,16.15,0.0354195046439628,QQQ,Nasdaq 100,USD,US10Y
2013-07-09,0.0265,16.25,0.0350384615384615,QQQ,Nasdaq 100,USD,US10Y
2013-07-10,0.027,16.34,0.0341995104039167,QQQ,Nasdaq 100,USD,US10Y
2013-07-11,0.026,16.66,0.0340240096038415,QQQ,Nasdaq 100,USD,US10Y
2013-07-12,0.0260999999999999,16.77,0.0335302921884318,QQQ,Nasdaq 100,USD,US10Y
2013-07-15,0.0256999999999999,16.77,0.0339302921884318,QQQ,Nasdaq 100,USD,US10Y
2013-07-16,0.0255,16.76,0.0341658711217183,QQQ,Nasdaq 100,USD,US10Y
2013-07-17,0.0252,16.8,0.0343238095238095,QQQ,Nasdaq 100,USD,US10Y
2013-07-18,0.0256,16.76,0.0340658711217183,QQQ,Nasdaq 100,USD,US10Y
2013-07-19,0.025,16.58,0.035313630880579,QQQ,Nasdaq 100,USD,US10Y
2013-07-22,0.025,16.64,0.0350961538461538,QQQ,Nasdaq 100,USD,US10Y
2013-07-23,0.0253,16.51,0.0352693519079345,QQQ,Nasdaq 100,USD,US10Y
2013-07-24,0.0260999999999999,16.56,0.0342864734299517,QQQ,Nasdaq 100,USD,US10Y
2013-07-25,0.0260999999999999,16.67,0.0338880023995201,QQQ,Nasdaq 100,USD,US10Y
2013-07-26,0.0258,16.75,0.0339014925373134,QQQ,Nasdaq 100,USD,US10Y
2013-07-29,0.0260999999999999,16.71,0.0337444045481748,QQQ,Nasdaq 100,USD,US10Y
2013-07-30,0.0263,16.8,0.0332238095238095,QQQ,Nasdaq 100,USD,US10Y
2013-07-31,0.026,16.83,0.03341770647653,QQQ,Nasdaq 100,USD,US10Y
2013-08-01,0.0274,17.03,0.0313199060481503,QQQ,Nasdaq 100,USD,US10Y
2013-08-02,0.0263,17.12,0.032111214953271,QQQ,Nasdaq 100,USD,US10Y
2013-08-05,0.0266999999999999,17.12,0.0317112149532711,QQQ,Nasdaq 100,USD,US10Y
2013-08-06,0.0266999999999999,17.0,0.0321235294117648,QQQ,Nasdaq 100,USD,US10Y
2013-08-07,0.0260999999999999,16.98,0.0327928150765607,QQQ,Nasdaq 100,USD,US10Y
2013-08-08,0.0258,17.05,0.0328510263929618,QQQ,Nasdaq 100,USD,US10Y
2013-08-09,0.0256999999999999,16.98,0.0331928150765607,QQQ,Nasdaq 100,USD,US10Y
2013-08-12,0.0260999999999999,17.02,0.0326544065804936,QQQ,Nasdaq 100,USD,US10Y
2013-08-13,0.0271,17.11,0.0313453535943892,QQQ,Nasdaq 100,USD,US10Y
2013-08-14,0.0271,17.04,0.0315854460093896,QQQ,Nasdaq 100,USD,US10Y
2013-08-15,0.0277,16.75,0.0320014925373134,QQQ,Nasdaq 100,USD,US10Y
2013-08-16,0.0283999999999999,16.74,0.0313371565113501,QQQ,Nasdaq 100,USD,US10Y
2013-08-19,0.0288,16.72,0.0310086124401913,QQQ,Nasdaq 100,USD,US10Y
2013-08-20,0.0282,16.79,0.0313592614651578,QQQ,Nasdaq 100,USD,US10Y
2013-08-21,0.0287,16.73,0.0310728631201434,QQQ,Nasdaq 100,USD,US10Y
2013-08-22,0.0289999999999999,16.89,0.030206631142688,QQQ,Nasdaq 100,USD,US10Y
2013-08-23,0.0282,17.02,0.0305544065804935,QQQ,Nasdaq 100,USD,US10Y
2013-08-26,0.0279,17.01,0.0308889476778365,QQQ,Nasdaq 100,USD,US10Y
2013-08-27,0.0272,16.66,0.0328240096038415,QQQ,Nasdaq 100,USD,US10Y
2013-08-28,0.0278,16.73,0.0319728631201434,QQQ,Nasdaq 100,USD,US10Y
2013-08-29,0.0275,16.85,0.031847181008902,QQQ,Nasdaq 100,USD,US10Y
2013-08-30,0.0278,16.74,0.03193715651135,QQQ,Nasdaq 100,USD,US10Y
2013-09-03,0.0286,16.84,0.0307824228028503,QQQ,Nasdaq 100,USD,US10Y
2013-09-04,0.0289999999999999,17.02,0.0297544065804936,QQQ,Nasdaq 100,USD,US10Y
2013-09-05,0.0298,17.05,0.0288510263929618,QQQ,Nasdaq 100,USD,US10Y
2013-09-06,0.0294,17.06,0.0292166471277843,QQQ,Nasdaq 100,USD,US10Y
2013-09-09,0.0289999999999999,17.26,0.0289374275782156,QQQ,Nasdaq 100,USD,US10Y
2013-09-10,0.0296,17.35,0.0280368876080691,QQQ,Nasdaq 100,USD,US10Y
2013-09-11,0.0293,17.32,0.0284367205542725,QQQ,Nasdaq 100,USD,US10Y
2013-09-12,0.0292,17.29,0.0286368999421631,QQQ,Nasdaq 100,USD,US10Y
2013-09-13,0.0289999999999999,17.31,0.0287700751010977,QQQ,Nasdaq 100,USD,US10Y
2013-09-16,0.0288,17.26,0.0291374275782155,QQQ,Nasdaq 100,USD,US10Y
2013-09-17,0.0286,17.38,0.0289373993095512,QQQ,Nasdaq 100,USD,US10Y
2013-09-18,0.0269,17.6,0.0299181818181818,QQQ,Nasdaq 100,USD,US10Y
2013-09-19,0.0276,17.63,0.0291214974475326,QQQ,Nasdaq 100,USD,US10Y
2013-09-20,0.0275,17.56,0.0294476082004555,QQQ,Nasdaq 100,USD,US10Y
2013-09-23,0.0272,17.53,0.0298450656018254,QQQ,Nasdaq 100,USD,US10Y
2013-09-24,0.0266999999999999,17.53,0.0303450656018255,QQQ,Nasdaq 100,USD,US10Y
2013-09-25,0.0263,17.47,0.0309409845449341,QQQ,Nasdaq 100,USD,US10Y
2013-09-26,0.0266,17.61,0.030185917092561,QQQ,Nasdaq 100,USD,US10Y
2013-09-27,0.0264,17.59,0.0304504832291074,QQQ,Nasdaq 100,USD,US10Y
2013-09-30,0.0264,14.95,0.0404896321070234,QQQ,Nasdaq 100,USD,US10Y
2013-10-01,0.0266,15.11,0.0395813368630046,QQQ,Nasdaq 100,USD,US10Y
2013-10-02,0.0263,15.12,0.0398375661375661,QQQ,Nasdaq 100,USD,US10Y
2013-10-03,0.0262,14.93,0.0407792364367046,QQQ,Nasdaq 100,USD,US10Y
2013-10-04,0.0266,15.07,0.03975700066357,QQQ,Nasdaq 100,USD,US10Y
2013-10-07,0.0265,14.94,0.0404344042838018,QQQ,Nasdaq 100,USD,US10Y
2013-10-08,0.0266,14.65,0.041659385665529,QQQ,Nasdaq 100,USD,US10Y
2013-10-09,0.0268,14.6,0.0416931506849315,QQQ,Nasdaq 100,USD,US10Y
2013-10-10,0.0271,14.92,0.039924128686327,QQQ,Nasdaq 100,USD,US10Y
2013-10-11,0.027,15.03,0.0395335994677312,QQQ,Nasdaq 100,USD,US10Y
2013-10-14,0.027,15.13,0.0390938532716457,QQQ,Nasdaq 100,USD,US10Y
2013-10-15,0.0275,15.08,0.0388129973474801,QQQ,Nasdaq 100,USD,US10Y
2013-10-16,0.0269,15.25,0.0386737704918032,QQQ,Nasdaq 100,USD,US10Y
2013-10-17,0.0260999999999999,15.34,0.0390890482398958,QQQ,Nasdaq 100,USD,US10Y
2013-10-18,0.026,15.58,0.0381848523748395,QQQ,Nasdaq 100,USD,US10Y
2013-10-21,0.0263,15.62,0.0377204865556978,QQQ,Nasdaq 100,USD,US10Y
2013-10-22,0.0254,15.64,0.0385386189258312,QQQ,Nasdaq 100,USD,US10Y
2013-10-23,0.0250999999999999,15.55,0.0392086816720258,QQQ,Nasdaq 100,USD,US10Y
2013-10-24,0.0253,15.62,0.0387204865556978,QQQ,Nasdaq 100,USD,US10Y
2013-10-25,0.0253,15.72,0.0383132315521628,QQQ,Nasdaq 100,USD,US10Y
2013-10-28,0.0254,15.72,0.0382132315521628,QQQ,Nasdaq 100,USD,US10Y
2013-10-29,0.0253,15.76,0.0381517766497461,QQQ,Nasdaq 100,USD,US10Y
2013-10-30,0.0255,15.73,0.0380727908455181,QQQ,Nasdaq 100,USD,US10Y
2013-10-31,0.0256999999999999,15.69,0.0380348629700447,QQQ,Nasdaq 100,USD,US10Y
2013-11-01,0.0265,15.7,0.0371942675159235,QQQ,Nasdaq 100,USD,US10Y
2013-11-04,0.0263,15.73,0.0372727908455181,QQQ,Nasdaq 100,USD,US10Y
2013-11-05,0.0269,15.75,0.0365920634920634,QQQ,Nasdaq 100,USD,US10Y
2013-11-06,0.0266999999999999,15.73,0.0368727908455182,QQQ,Nasdaq 100,USD,US10Y
2013-11-07,0.0263,15.43,0.0385088139987038,QQQ,Nasdaq 100,USD,US10Y
2013-11-08,0.0277,15.64,0.0362386189258312,QQQ,Nasdaq 100,USD,US10Y
2013-11-11,0.0277,15.63,0.0362795265515035,QQQ,Nasdaq 100,USD,US10Y
2013-11-12,0.0279999999999999,15.64,0.0359386189258313,QQQ,Nasdaq 100,USD,US10Y
2013-11-13,0.0275,15.82,0.0357111251580278,QQQ,Nasdaq 100,USD,US10Y
2013-11-14,0.0269,15.87,0.0361119722747322,QQQ,Nasdaq 100,USD,US10Y
2013-11-15,0.0271,15.9,0.0357930817610062,QQQ,Nasdaq 100,USD,US10Y
2013-11-18,0.0266999999999999,15.75,0.0367920634920635,QQQ,Nasdaq 100,USD,US10Y
2013-11-19,0.0271,15.7,0.0365942675159235,QQQ,Nasdaq 100,USD,US10Y
2013-11-20,0.0279999999999999,15.64,0.0359386189258313,QQQ,Nasdaq 100,USD,US10Y
2013-11-21,0.0279,15.81,0.0353511068943706,QQQ,Nasdaq 100,USD,US10Y
2013-11-22,0.0275,15.9,0.0353930817610062,QQQ,Nasdaq 100,USD,US10Y
2013-11-25,0.0274,15.93,0.0353746390458254,QQQ,Nasdaq 100,USD,US10Y
2013-11-26,0.0271,16.01,0.0353609618988132,QQQ,Nasdaq 100,USD,US10Y
2013-11-27,0.0274,16.12,0.0346347394540942,QQQ,Nasdaq 100,USD,US10Y
2013-11-29,0.0275,16.21,0.0341903146206045,QQQ,Nasdaq 100,USD,US10Y
2013-12-02,0.0281,16.17,0.0337429189857761,QQQ,Nasdaq 100,USD,US10Y
2013-12-03,0.0279,16.17,0.0339429189857761,QQQ,Nasdaq 100,USD,US10Y
2013-12-04,0.0283999999999999,16.18,0.033404697156984,QQQ,Nasdaq 100,USD,US10Y
2013-12-05,0.0288,16.16,0.0330811881188118,QQQ,Nasdaq 100,USD,US10Y
2013-12-06,0.0288,16.28,0.0326250614250614,QQQ,Nasdaq 100,USD,US10Y
2013-12-09,0.0286,16.34,0.0325995104039167,QQQ,Nasdaq 100,USD,US10Y
2013-12-10,0.0281,16.33,0.0331369871402327,QQQ,Nasdaq 100,USD,US10Y
2013-12-11,0.0286,16.12,0.0334347394540942,QQQ,Nasdaq 100,USD,US10Y
2013-12-12,0.0289,16.08,0.0332890547263681,QQQ,Nasdaq 100,USD,US10Y
2013-12-13,0.0288,16.06,0.033466500622665,QQQ,Nasdaq 100,USD,US10Y
2013-12-16,0.0289,16.15,0.0330195046439628,QQQ,Nasdaq 100,USD,US10Y
2013-12-17,0.0285,16.12,0.0335347394540942,QQQ,Nasdaq 100,USD,US10Y
2013-12-18,0.0289,16.31,0.0324120784794604,QQQ,Nasdaq 100,USD,US10Y
2013-12-19,0.0294,16.26,0.03210061500615,QQQ,Nasdaq 100,USD,US10Y
2013-12-20,0.0289,16.41,0.032038452163315,QQQ,Nasdaq 100,USD,US10Y
2013-12-23,0.0294,16.58,0.030913630880579,QQQ,Nasdaq 100,USD,US10Y
2013-12-24,0.0299,16.6,0.0303409638554216,QQQ,Nasdaq 100,USD,US10Y
2013-12-26,0.03,16.65,0.03006006006006,QQQ,Nasdaq 100,USD,US10Y
2013-12-27,0.0302,16.61,0.0300046959662853,QQQ,Nasdaq 100,USD,US10Y
2013-12-30,0.0299,16.59,0.0303772754671488,QQQ,Nasdaq 100,USD,US10Y
2013-12-31,0.0304,16.72,0.0294086124401913,QQQ,Nasdaq 100,USD,US10Y
2014-01-02,0.03,16.59,0.0302772754671488,QQQ,Nasdaq 100,USD,US10Y
2014-01-03,0.0301,16.48,0.0305796116504854,QQQ,Nasdaq 100,USD,US10Y
2014-01-06,0.0298,16.42,0.0311013398294762,QQQ,Nasdaq 100,USD,US10Y
2014-01-07,0.0296,16.56,0.0307864734299516,QQQ,Nasdaq 100,USD,US10Y
2014-01-08,0.0301,16.61,0.0301046959662853,QQQ,Nasdaq 100,USD,US10Y
2014-01-09,0.0297,16.54,0.030759492140266,QQQ,Nasdaq 100,USD,US10Y
2014-01-10,0.0288,16.6,0.0314409638554216,QQQ,Nasdaq 100,USD,US10Y
2014-01-13,0.0283999999999999,16.36,0.0327246943765282,QQQ,Nasdaq 100,USD,US10Y
2014-01-14,0.0288,16.67,0.03118800239952,QQQ,Nasdaq 100,USD,US10Y
2014-01-15,0.0289999999999999,16.81,0.0304883997620465,QQQ,Nasdaq 100,USD,US10Y
2014-01-16,0.0286,16.81,0.0308883997620464,QQQ,Nasdaq 100,USD,US10Y
2014-01-17,0.0283999999999999,16.72,0.0314086124401915,QQQ,Nasdaq 100,USD,US10Y
2014-01-21,0.0285,16.84,0.0308824228028503,QQQ,Nasdaq 100,USD,US10Y
2014-01-22,0.0287,16.89,0.0305066311426879,QQQ,Nasdaq 100,USD,US10Y
2014-01-23,0.0279,16.83,0.03151770647653,QQQ,Nasdaq 100,USD,US10Y
2014-01-24,0.0275,16.49,0.0331428138265615,QQQ,Nasdaq 100,USD,US10Y
2014-01-27,0.0278,16.34,0.0333995104039167,QQQ,Nasdaq 100,USD,US10Y
2014-01-28,0.0277,16.32,0.0335745098039215,QQQ,Nasdaq 100,USD,US10Y
2014-01-29,0.0269,16.15,0.0350195046439628,QQQ,Nasdaq 100,USD,US10Y
2014-01-30,0.0272,16.45,0.033590273556231,QQQ,Nasdaq 100,USD,US10Y
2014-01-31,0.0266999999999999,16.4,0.0342756097560976,QQQ,Nasdaq 100,USD,US10Y
2014-02-03,0.0260999999999999,16.02,0.0363219725343321,QQQ,Nasdaq 100,USD,US10Y
2014-02-04,0.0264,16.16,0.0354811881188118,QQQ,Nasdaq 100,USD,US10Y
2014-02-05,0.027,16.09,0.0351504039776258,QQQ,Nasdaq 100,USD,US10Y
2014-02-06,0.0273,16.28,0.0341250614250614,QQQ,Nasdaq 100,USD,US10Y
2014-02-07,0.0271,16.58,0.033213630880579,QQQ,Nasdaq 100,USD,US10Y
2014-02-10,0.027,16.68,0.0329520383693045,QQQ,Nasdaq 100,USD,US10Y
2014-02-11,0.0275,16.86,0.031811981020166,QQQ,Nasdaq 100,USD,US10Y
2014-02-12,0.0279999999999999,16.89,0.031206631142688,QQQ,Nasdaq 100,USD,US10Y
2014-02-13,0.0273,17.04,0.0313854460093896,QQQ,Nasdaq 100,USD,US10Y
2014-02-14,0.0275,17.06,0.0311166471277842,QQQ,Nasdaq 100,USD,US10Y
2014-02-18,0.0271,17.13,0.0312771161704611,QQQ,Nasdaq 100,USD,US10Y
2014-02-19,0.0273,17.01,0.0314889476778365,QQQ,Nasdaq 100,USD,US10Y
2014-02-20,0.0276,17.1,0.0308795321637426,QQQ,Nasdaq 100,USD,US10Y
2014-02-21,0.0273,17.05,0.0313510263929618,QQQ,Nasdaq 100,USD,US10Y
2014-02-24,0.0275,17.16,0.0307750582750582,QQQ,Nasdaq 100,USD,US10Y
2014-02-25,0.027,17.13,0.0313771161704611,QQQ,Nasdaq 100,USD,US10Y
2014-02-26,0.0266999999999999,17.12,0.0317112149532711,QQQ,Nasdaq 100,USD,US10Y
2014-02-27,0.0265,17.23,0.0315383052814857,QQQ,Nasdaq 100,USD,US10Y
2014-02-28,0.0266,17.21,0.0315057524694944,QQQ,Nasdaq 100,USD,US10Y
2014-03-03,0.026,17.08,0.0325480093676815,QQQ,Nasdaq 100,USD,US10Y
2014-03-04,0.027,17.32,0.0307367205542725,QQQ,Nasdaq 100,USD,US10Y
2014-03-05,0.027,17.35,0.0306368876080691,QQQ,Nasdaq 100,USD,US10Y
2014-03-06,0.0274,17.32,0.0303367205542725,QQQ,Nasdaq 100,USD,US10Y
2014-03-07,0.0279999999999999,17.24,0.0300046403712298,QQQ,Nasdaq 100,USD,US10Y
2014-03-10,0.0279,17.26,0.0300374275782155,QQQ,Nasdaq 100,USD,US10Y
2014-03-11,0.0277,17.19,0.0304733566026759,QQQ,Nasdaq 100,USD,US10Y
2014-03-12,0.0273,17.26,0.0306374275782155,QQQ,Nasdaq 100,USD,US10Y
2014-03-13,0.0266,17.0,0.0322235294117647,QQQ,Nasdaq 100,USD,US10Y
2014-03-14,0.0265,16.89,0.0327066311426879,QQQ,Nasdaq 100,USD,US10Y
2014-03-17,0.027,17.05,0.0316510263929618,QQQ,Nasdaq 100,USD,US10Y
2014-03-18,0.0268,17.26,0.0311374275782155,QQQ,Nasdaq 100,USD,US10Y
2014-03-19,0.0278,17.15,0.0305090379008746,QQQ,Nasdaq 100,USD,US10Y
2014-03-20,0.0279,17.2,0.0302395348837209,QQQ,Nasdaq 100,USD,US10Y
2014-03-21,0.0275,17.01,0.0312889476778365,QQQ,Nasdaq 100,USD,US10Y
2014-03-24,0.0274,16.84,0.0319824228028503,QQQ,Nasdaq 100,USD,US10Y
2014-03-25,0.0275,16.9,0.031671597633136,QQQ,Nasdaq 100,USD,US10Y
2014-03-26,0.0271,16.68,0.0328520383693045,QQQ,Nasdaq 100,USD,US10Y
2014-03-27,0.0269,16.59,0.0333772754671488,QQQ,Nasdaq 100,USD,US10Y
2014-03-28,0.0273,16.63,0.0328322910402886,QQQ,Nasdaq 100,USD,US10Y
2014-03-31,0.0273,13.32,0.047775075075075,QQQ,Nasdaq 100,USD,US10Y
2014-04-01,0.0277,13.55,0.04610073800738,QQQ,Nasdaq 100,USD,US10Y
2014-04-02,0.0282,13.58,0.0454377025036818,QQQ,Nasdaq 100,USD,US10Y
2014-04-03,0.0279999999999999,13.47,0.0462390497401634,QQQ,Nasdaq 100,USD,US10Y
2014-04-04,0.0274,13.11,0.04887765064836,QQQ,Nasdaq 100,USD,US10Y
2014-04-07,0.0271,12.99,0.0498822940723633,QQQ,Nasdaq 100,USD,US10Y
2014-04-08,0.0269,13.1,0.0494358778625954,QQQ,Nasdaq 100,USD,US10Y
2014-04-09,0.0271,13.33,0.0479187546886721,QQQ,Nasdaq 100,USD,US10Y
2014-04-10,0.0265,12.92,0.0508993808049535,QQQ,Nasdaq 100,USD,US10Y
2014-04-11,0.0263,12.76,0.0520699059561128,QQQ,Nasdaq 100,USD,US10Y
2014-04-14,0.0265,12.87,0.0512000777000777,QQQ,Nasdaq 100,USD,US10Y
2014-04-15,0.0264,12.92,0.0509993808049535,QQQ,Nasdaq 100,USD,US10Y
2014-04-16,0.0265,13.08,0.0499525993883792,QQQ,Nasdaq 100,USD,US10Y
2014-04-17,0.0273,13.09,0.0490941940412528,QQQ,Nasdaq 100,USD,US10Y
2014-04-21,0.0273,13.18,0.0485725341426403,QQQ,Nasdaq 100,USD,US10Y
2014-04-22,0.0273,13.29,0.0479445447705041,QQQ,Nasdaq 100,USD,US10Y
2014-04-23,0.027,13.17,0.0489301442672741,QQQ,Nasdaq 100,USD,US10Y
2014-04-24,0.027,13.3,0.048187969924812,QQQ,Nasdaq 100,USD,US10Y
2014-04-25,0.0268,13.08,0.0496525993883791,QQQ,Nasdaq 100,USD,US10Y
2014-04-28,0.027,13.13,0.0491614623000761,QQQ,Nasdaq 100,USD,US10Y
2014-04-29,0.0271,13.23,0.0484857898715041,QQQ,Nasdaq 100,USD,US10Y
2014-04-30,0.0266999999999999,13.26,0.0487147812971343,QQQ,Nasdaq 100,USD,US10Y
2014-05-01,0.0263,13.31,0.0488314800901577,QQQ,Nasdaq 100,USD,US10Y
2014-05-02,0.026,13.29,0.0492445447705041,QQQ,Nasdaq 100,USD,US10Y
2014-05-05,0.0263,13.35,0.0486063670411985,QQQ,Nasdaq 100,USD,US10Y
2014-05-06,0.0260999999999999,13.17,0.0498301442672742,QQQ,Nasdaq 100,USD,US10Y
2014-05-07,0.0262,13.13,0.0499614623000761,QQQ,Nasdaq 100,USD,US10Y
2014-05-08,0.0260999999999999,13.11,0.0501776506483601,QQQ,Nasdaq 100,USD,US10Y
2014-05-09,0.0262,13.17,0.0497301442672741,QQQ,Nasdaq 100,USD,US10Y
2014-05-12,0.0266,13.38,0.0481384155455904,QQQ,Nasdaq 100,USD,US10Y
2014-05-13,0.0260999999999999,13.37,0.048694315632012,QQQ,Nasdaq 100,USD,US10Y
2014-05-14,0.0254,13.31,0.0497314800901577,QQQ,Nasdaq 100,USD,US10Y
2014-05-15,0.025,13.2,0.0507575757575757,QQQ,Nasdaq 100,USD,US10Y
2014-05-16,0.0252,13.28,0.0501012048192771,QQQ,Nasdaq 100,USD,US10Y
2014-05-19,0.0254,13.39,0.0492825989544436,QQQ,Nasdaq 100,USD,US10Y
2014-05-20,0.0252,13.33,0.0498187546886721,QQQ,Nasdaq 100,USD,US10Y
2014-05-21,0.0254,13.46,0.0488942050520059,QQQ,Nasdaq 100,USD,US10Y
2014-05-22,0.0256,13.52,0.0483644970414201,QQQ,Nasdaq 100,USD,US10Y
2014-05-23,0.0254,13.62,0.0480214390602055,QQQ,Nasdaq 100,USD,US10Y
2014-05-27,0.0252,13.79,0.0473163161711385,QQQ,Nasdaq 100,USD,US10Y
2014-05-28,0.0243999999999999,13.75,0.0483272727272728,QQQ,Nasdaq 100,USD,US10Y
2014-05-29,0.0245,13.83,0.0478065798987707,QQQ,Nasdaq 100,USD,US10Y
2014-05-30,0.0248,13.84,0.0474543352601156,QQQ,Nasdaq 100,USD,US10Y
2014-06-02,0.0254,13.82,0.0469589001447178,QQQ,Nasdaq 100,USD,US10Y
2014-06-03,0.026,13.81,0.0464112961622013,QQQ,Nasdaq 100,USD,US10Y
2014-06-04,0.0260999999999999,13.86,0.0460500721500722,QQQ,Nasdaq 100,USD,US10Y
2014-06-05,0.0259,13.99,0.0455796283059328,QQQ,Nasdaq 100,USD,US10Y
2014-06-06,0.026,14.05,0.0451743772241992,QQQ,Nasdaq 100,USD,US10Y
2014-06-09,0.0262,14.06,0.0449237553342816,QQQ,Nasdaq 100,USD,US10Y
2014-06-10,0.0264,14.07,0.0446732054015636,QQQ,Nasdaq 100,USD,US10Y
2014-06-11,0.0265,14.06,0.0446237553342816,QQQ,Nasdaq 100,USD,US10Y
2014-06-12,0.0258,13.94,0.0459360114777618,QQQ,Nasdaq 100,USD,US10Y
2014-06-13,0.026,13.98,0.0455307582260371,QQQ,Nasdaq 100,USD,US10Y
2014-06-16,0.0260999999999999,14.0,0.0453285714285715,QQQ,Nasdaq 100,USD,US10Y
2014-06-17,0.0266,14.0,0.0448285714285714,QQQ,Nasdaq 100,USD,US10Y
2014-06-18,0.0260999999999999,14.09,0.04487232079489,QQQ,Nasdaq 100,USD,US10Y
2014-06-19,0.0264,14.07,0.0446732054015636,QQQ,Nasdaq 100,USD,US10Y
2014-06-20,0.0263,14.08,0.0447227272727272,QQQ,Nasdaq 100,USD,US10Y
2014-06-23,0.0263,14.09,0.0446723207948899,QQQ,Nasdaq 100,USD,US10Y
2014-06-24,0.0259,14.07,0.0451732054015636,QQQ,Nasdaq 100,USD,US10Y
2014-06-25,0.0256999999999999,14.17,0.0448716302046578,QQQ,Nasdaq 100,USD,US10Y
2014-06-26,0.0253,14.17,0.0452716302046577,QQQ,Nasdaq 100,USD,US10Y
2014-06-27,0.0254,14.24,0.0448247191011236,QQQ,Nasdaq 100,USD,US10Y
2014-06-30,0.0253,13.22,0.0503429652042359,QQQ,Nasdaq 100,USD,US10Y
2014-07-01,0.0258,13.38,0.0489384155455904,QQQ,Nasdaq 100,USD,US10Y
2014-07-02,0.0264,13.39,0.0482825989544436,QQQ,Nasdaq 100,USD,US10Y
2014-07-03,0.0265,13.47,0.0477390497401633,QQQ,Nasdaq 100,USD,US10Y
2014-07-07,0.0263,13.43,0.0481601638123603,QQQ,Nasdaq 100,USD,US10Y
2014-07-08,0.0258,13.27,0.0495579502637528,QQQ,Nasdaq 100,USD,US10Y
2014-07-09,0.0256999999999999,13.37,0.049094315632012,QQQ,Nasdaq 100,USD,US10Y
2014-07-10,0.0255,13.33,0.0495187546886721,QQQ,Nasdaq 100,USD,US10Y
2014-07-11,0.0253,13.41,0.0492712155108128,QQQ,Nasdaq 100,USD,US10Y
2014-07-14,0.0255,13.5,0.048574074074074,QQQ,Nasdaq 100,USD,US10Y
2014-07-15,0.0256,13.45,0.0487494423791821,QQQ,Nasdaq 100,USD,US10Y
2014-07-16,0.0255,13.51,0.0485192450037009,QQQ,Nasdaq 100,USD,US10Y
2014-07-17,0.0247,13.32,0.050375075075075,QQQ,Nasdaq 100,USD,US10Y
2014-07-18,0.025,13.53,0.0489098300073909,QQQ,Nasdaq 100,USD,US10Y
2014-07-21,0.0249,13.51,0.0491192450037009,QQQ,Nasdaq 100,USD,US10Y
2014-07-22,0.0248,13.61,0.0486753857457751,QQQ,Nasdaq 100,USD,US10Y
2014-07-23,0.0248,13.69,0.0482460189919649,QQQ,Nasdaq 100,USD,US10Y
2014-07-24,0.0252,13.68,0.0478994152046783,QQQ,Nasdaq 100,USD,US10Y
2014-07-25,0.0248,13.62,0.0486214390602055,QQQ,Nasdaq 100,USD,US10Y
2014-07-28,0.025,13.63,0.0483675715333822,QQQ,Nasdaq 100,USD,US10Y
2014-07-29,0.0247,13.6,0.0488294117647058,QQQ,Nasdaq 100,USD,US10Y
2014-07-30,0.0256999999999999,13.66,0.0475064421669107,QQQ,Nasdaq 100,USD,US10Y
2014-07-31,0.0258,13.37,0.0489943156320119,QQQ,Nasdaq 100,USD,US10Y
2014-08-01,0.0252,13.33,0.0498187546886721,QQQ,Nasdaq 100,USD,US10Y
2014-08-04,0.0250999999999999,13.43,0.0493601638123604,QQQ,Nasdaq 100,USD,US10Y
2014-08-05,0.0249,13.31,0.0502314800901577,QQQ,Nasdaq 100,USD,US10Y
2014-08-06,0.0249,13.31,0.0502314800901577,QQQ,Nasdaq 100,USD,US10Y
2014-08-07,0.0243,13.25,0.0511716981132075,QQQ,Nasdaq 100,USD,US10Y
2014-08-08,0.0243999999999999,13.35,0.0505063670411986,QQQ,Nasdaq 100,USD,US10Y
2014-08-11,0.0243999999999999,13.43,0.0500601638123604,QQQ,Nasdaq 100,USD,US10Y
2014-08-12,0.0246,13.41,0.0499712155108128,QQQ,Nasdaq 100,USD,US10Y
2014-08-13,0.0243,13.56,0.0494463126843657,QQQ,Nasdaq 100,USD,US10Y
2014-08-14,0.024,13.63,0.0493675715333822,QQQ,Nasdaq 100,USD,US10Y
2014-08-15,0.0233999999999999,13.7,0.0495927007299271,QQQ,Nasdaq 100,USD,US10Y
2014-08-18,0.0239,13.81,0.0485112961622012,QQQ,Nasdaq 100,USD,US10Y
2014-08-19,0.024,13.88,0.0480461095100864,QQQ,Nasdaq 100,USD,US10Y
2014-08-20,0.0243,13.88,0.0477461095100864,QQQ,Nasdaq 100,USD,US10Y
2014-08-21,0.0241,13.9,0.0478424460431654,QQQ,Nasdaq 100,USD,US10Y
2014-08-22,0.024,13.92,0.0478390804597701,QQQ,Nasdaq 100,USD,US10Y
2014-08-25,0.0239,13.97,0.0476819613457408,QQQ,Nasdaq 100,USD,US10Y
2014-08-26,0.0239,13.99,0.0475796283059328,QQQ,Nasdaq 100,USD,US10Y
2014-08-27,0.0237,13.99,0.0477796283059328,QQQ,Nasdaq 100,USD,US10Y
2014-08-28,0.0233999999999999,13.97,0.0481819613457409,QQQ,Nasdaq 100,USD,US10Y
2014-08-29,0.0235,14.02,0.0478266761768901,QQQ,Nasdaq 100,USD,US10Y
2014-09-02,0.0242,14.07,0.0468732054015636,QQQ,Nasdaq 100,USD,US10Y
2014-09-03,0.0241,13.98,0.0474307582260371,QQQ,Nasdaq 100,USD,US10Y
2014-09-04,0.0245,13.97,0.0470819613457408,QQQ,Nasdaq 100,USD,US10Y
2014-09-05,0.0246,14.05,0.0465743772241992,QQQ,Nasdaq 100,USD,US10Y
2014-09-08,0.0248,14.07,0.0462732054015636,QQQ,Nasdaq 100,USD,US10Y
2014-09-09,0.025,13.95,0.04668458781362,QQQ,Nasdaq 100,USD,US10Y
2014-09-10,0.0254,14.07,0.0456732054015636,QQQ,Nasdaq 100,USD,US10Y
2014-09-11,0.0254,14.06,0.0457237553342816,QQQ,Nasdaq 100,USD,US10Y
2014-09-12,0.0262,13.98,0.0453307582260371,QQQ,Nasdaq 100,USD,US10Y
2014-09-15,0.026,13.84,0.0462543352601156,QQQ,Nasdaq 100,USD,US10Y
2014-09-16,0.026,13.97,0.0455819613457408,QQQ,Nasdaq 100,USD,US10Y
2014-09-17,0.0262,13.99,0.0452796283059328,QQQ,Nasdaq 100,USD,US10Y
2014-09-18,0.0263,14.09,0.0446723207948899,QQQ,Nasdaq 100,USD,US10Y
2014-09-19,0.0259,14.08,0.0451227272727272,QQQ,Nasdaq 100,USD,US10Y
2014-09-22,0.0256999999999999,13.95,0.0459845878136201,QQQ,Nasdaq 100,USD,US10Y
2014-09-23,0.0254,13.92,0.0464390804597701,QQQ,Nasdaq 100,USD,US10Y
2014-09-24,0.0256999999999999,14.06,0.0454237553342817,QQQ,Nasdaq 100,USD,US10Y
2014-09-25,0.0252,13.77,0.0474216412490922,QQQ,Nasdaq 100,USD,US10Y
2014-09-26,0.0254,13.92,0.0464390804597701,QQQ,Nasdaq 100,USD,US10Y
2014-09-29,0.025,13.9,0.0469424460431654,QQQ,Nasdaq 100,USD,US10Y
2014-09-30,0.0252,14.69,0.042873519400953,QQQ,Nasdaq 100,USD,US10Y
2014-10-01,0.0242,14.46,0.0449562932226832,QQQ,Nasdaq 100,USD,US10Y
2014-10-02,0.0243999999999999,14.46,0.0447562932226833,QQQ,Nasdaq 100,USD,US10Y
2014-10-03,0.0245,14.61,0.0439462696783025,QQQ,Nasdaq 100,USD,US10Y
2014-10-06,0.0243,14.57,0.0443341798215511,QQQ,Nasdaq 100,USD,US10Y
2014-10-07,0.0236,14.36,0.0460378830083565,QQQ,Nasdaq 100,USD,US10Y
2014-10-08,0.0235,14.66,0.044712824010914,QQQ,Nasdaq 100,USD,US10Y
2014-10-09,0.0233999999999999,14.4,0.0460444444444445,QQQ,Nasdaq 100,USD,US10Y
2014-10-10,0.0231,14.04,0.0481250712250712,QQQ,Nasdaq 100,USD,US10Y
2014-10-13,0.0231,13.82,0.0492589001447178,QQQ,Nasdaq 100,USD,US10Y
2014-10-14,0.0220999999999999,13.83,0.0502065798987708,QQQ,Nasdaq 100,USD,US10Y
2014-10-15,0.0215,13.74,0.0512802037845705,QQQ,Nasdaq 100,USD,US10Y
2014-10-16,0.0217,13.66,0.0515064421669106,QQQ,Nasdaq 100,USD,US10Y
2014-10-17,0.0222,13.84,0.0500543352601156,QQQ,Nasdaq 100,USD,US10Y
2014-10-20,0.022,14.04,0.0492250712250712,QQQ,Nasdaq 100,USD,US10Y
2014-10-21,0.0223,14.41,0.0470962526023594,QQQ,Nasdaq 100,USD,US10Y
2014-10-22,0.0225,14.33,0.0472836706210746,QQQ,Nasdaq 100,USD,US10Y
2014-10-23,0.0229,14.56,0.0457813186813186,QQQ,Nasdaq 100,USD,US10Y
2014-10-24,0.0229,14.67,0.0452663258350374,QQQ,Nasdaq 100,USD,US10Y
2014-10-27,0.0227,14.68,0.0454198910081743,QQQ,Nasdaq 100,USD,US10Y
2014-10-28,0.023,14.9,0.0441140939597315,QQQ,Nasdaq 100,USD,US10Y
2014-10-29,0.0233999999999999,14.84,0.0439854447439354,QQQ,Nasdaq 100,USD,US10Y
2014-10-30,0.0232,14.88,0.0440043010752688,QQQ,Nasdaq 100,USD,US10Y
2014-10-31,0.0235,15.09,0.0427690523525513,QQQ,Nasdaq 100,USD,US10Y
2014-11-03,0.0236,15.13,0.0424938532716457,QQQ,Nasdaq 100,USD,US10Y
2014-11-04,0.0235,15.08,0.0428129973474801,QQQ,Nasdaq 100,USD,US10Y
2014-11-05,0.0236,15.07,0.04275700066357,QQQ,Nasdaq 100,USD,US10Y
2014-11-06,0.0239,15.11,0.0422813368630046,QQQ,Nasdaq 100,USD,US10Y
2014-11-07,0.0232,15.1,0.0430251655629139,QQQ,Nasdaq 100,USD,US10Y
2014-11-10,0.0237999999999999,15.15,0.042206600660066,QQQ,Nasdaq 100,USD,US10Y
2014-11-11,0.0237999999999999,15.19,0.042032784726794,QQQ,Nasdaq 100,USD,US10Y
2014-11-12,0.0237,15.22,0.0420030223390276,QQQ,Nasdaq 100,USD,US10Y
2014-11-13,0.0235,15.29,0.0419022236756049,QQQ,Nasdaq 100,USD,US10Y
2014-11-14,0.0232,15.33,0.0420315720808871,QQQ,Nasdaq 100,USD,US10Y
2014-11-17,0.0233999999999999,15.29,0.042002223675605,QQQ,Nasdaq 100,USD,US10Y
2014-11-18,0.0232,15.39,0.0417772579597141,QQQ,Nasdaq 100,USD,US10Y
2014-11-19,0.0236,15.32,0.0416741514360313,QQQ,Nasdaq 100,USD,US10Y
2014-11-20,0.0233999999999999,15.39,0.0415772579597141,QQQ,Nasdaq 100,USD,US10Y
2014-11-21,0.0231,15.42,0.0417508430609598,QQQ,Nasdaq 100,USD,US10Y
2014-11-24,0.023,15.54,0.0413500643500643,QQQ,Nasdaq 100,USD,US10Y
2014-11-25,0.0227,15.56,0.0415673521850899,QQQ,Nasdaq 100,USD,US10Y
2014-11-26,0.0224,15.67,0.0414162093171665,QQQ,Nasdaq 100,USD,US10Y
2014-11-28,0.0218,15.74,0.0417324015247776,QQQ,Nasdaq 100,USD,US10Y
2014-12-01,0.0222,15.56,0.0420673521850899,QQQ,Nasdaq 100,USD,US10Y
2014-12-02,0.0227999999999999,15.62,0.0412204865556979,QQQ,Nasdaq 100,USD,US10Y
2014-12-03,0.0229,15.65,0.0409977635782747,QQQ,Nasdaq 100,USD,US10Y
2014-12-04,0.0225,15.64,0.0414386189258312,QQQ,Nasdaq 100,USD,US10Y
2014-12-05,0.0231,15.64,0.0408386189258312,QQQ,Nasdaq 100,USD,US10Y
2014-12-08,0.0226,15.52,0.0418329896907216,QQQ,Nasdaq 100,USD,US10Y
2014-12-09,0.0222,15.58,0.0419848523748395,QQQ,Nasdaq 100,USD,US10Y
2014-12-10,0.0218,15.33,0.0434315720808871,QQQ,Nasdaq 100,USD,US10Y
2014-12-11,0.0219,15.41,0.0429929266709928,QQQ,Nasdaq 100,USD,US10Y
2014-12-12,0.021,15.24,0.0446167979002624,QQQ,Nasdaq 100,USD,US10Y
2014-12-15,0.0212,15.08,0.0451129973474801,QQQ,Nasdaq 100,USD,US10Y
2014-12-16,0.0207,14.84,0.0466854447439353,QQQ,Nasdaq 100,USD,US10Y
2014-12-17,0.0214,15.11,0.0447813368630046,QQQ,Nasdaq 100,USD,US10Y
2014-12-18,0.0222,15.48,0.0423994832041343,QQQ,Nasdaq 100,USD,US10Y
2014-12-19,0.0217,15.54,0.0426500643500643,QQQ,Nasdaq 100,USD,US10Y
2014-12-22,0.0217,15.58,0.0424848523748395,QQQ,Nasdaq 100,USD,US10Y
2014-12-23,0.0226,15.53,0.0417915003219575,QQQ,Nasdaq 100,USD,US10Y
2014-12-24,0.0227,15.54,0.0416500643500643,QQQ,Nasdaq 100,USD,US10Y
2014-12-26,0.0225,15.65,0.0413977635782747,QQQ,Nasdaq 100,USD,US10Y
2014-12-29,0.0222,15.65,0.0416977635782747,QQQ,Nasdaq 100,USD,US10Y
2014-12-30,0.022,15.54,0.0423500643500643,QQQ,Nasdaq 100,USD,US10Y
2014-12-31,0.0217,14.07,0.0493732054015636,QQQ,Nasdaq 100,USD,US10Y
2015-01-02,0.0212,14.05,0.0499743772241992,QQQ,Nasdaq 100,USD,US10Y
2015-01-05,0.0204,13.82,0.0519589001447177,QQQ,Nasdaq 100,USD,US10Y
2015-01-06,0.0197,13.65,0.0535600732600732,QQQ,Nasdaq 100,USD,US10Y
2015-01-07,0.0196,13.82,0.0527589001447178,QQQ,Nasdaq 100,USD,US10Y
2015-01-08,0.0203,14.08,0.0507227272727272,QQQ,Nasdaq 100,USD,US10Y
2015-01-09,0.0197999999999999,13.99,0.0516796283059329,QQQ,Nasdaq 100,USD,US10Y
2015-01-12,0.0192,13.85,0.0530021660649819,QQQ,Nasdaq 100,USD,US10Y
2015-01-13,0.0191,13.84,0.0531543352601156,QQQ,Nasdaq 100,USD,US10Y
2015-01-14,0.0186,13.77,0.0540216412490922,QQQ,Nasdaq 100,USD,US10Y
2015-01-15,0.0177,13.58,0.0559377025036818,QQQ,Nasdaq 100,USD,US10Y
2015-01-16,0.0183,13.76,0.0543744186046511,QQQ,Nasdaq 100,USD,US10Y
2015-01-20,0.0182,13.85,0.0540021660649819,QQQ,Nasdaq 100,USD,US10Y
2015-01-21,0.0187,13.92,0.0531390804597701,QQQ,Nasdaq 100,USD,US10Y
2015-01-22,0.019,14.18,0.0515218617771509,QQQ,Nasdaq 100,USD,US10Y
2015-01-23,0.0181,14.21,0.0522729767769176,QQQ,Nasdaq 100,USD,US10Y
2015-01-26,0.0183,14.2,0.0521225352112676,QQQ,Nasdaq 100,USD,US10Y
2015-01-27,0.0183,13.83,0.0540065798987707,QQQ,Nasdaq 100,USD,US10Y
2015-01-28,0.0173,13.75,0.0554272727272727,QQQ,Nasdaq 100,USD,US10Y
2015-01-29,0.0177,13.89,0.0542942404607631,QQQ,Nasdaq 100,USD,US10Y
2015-01-30,0.0168,13.78,0.0557689404934688,QQQ,Nasdaq 100,USD,US10Y
2015-02-02,0.0168,13.91,0.0550907260963335,QQQ,Nasdaq 100,USD,US10Y
2015-02-03,0.0179,14.04,0.0533250712250712,QQQ,Nasdaq 100,USD,US10Y
2015-02-04,0.0181,14.02,0.0532266761768901,QQQ,Nasdaq 100,USD,US10Y
2015-02-05,0.0183,14.13,0.0524714083510261,QQQ,Nasdaq 100,USD,US10Y
2015-02-06,0.0195,14.04,0.0517250712250712,QQQ,Nasdaq 100,USD,US10Y
2015-02-09,0.0196,14.0,0.0518285714285714,QQQ,Nasdaq 100,USD,US10Y
2015-02-10,0.0200999999999999,14.22,0.0502234880450071,QQQ,Nasdaq 100,USD,US10Y
2015-02-11,0.02,14.27,0.0500770847932725,QQQ,Nasdaq 100,USD,US10Y
2015-02-12,0.0199,14.44,0.0493520775623268,QQQ,Nasdaq 100,USD,US10Y
2015-02-13,0.0202,14.56,0.0484813186813186,QQQ,Nasdaq 100,USD,US10Y
2015-02-17,0.0214,14.56,0.0472813186813186,QQQ,Nasdaq 100,USD,US10Y
2015-02-18,0.0207,14.58,0.0478871056241426,QQQ,Nasdaq 100,USD,US10Y
2015-02-19,0.0210999999999999,14.65,0.0471593856655291,QQQ,Nasdaq 100,USD,US10Y
2015-02-20,0.0213,14.75,0.0464966101694915,QQQ,Nasdaq 100,USD,US10Y
2015-02-23,0.0206,14.78,0.04705899864682,QQQ,Nasdaq 100,USD,US10Y
2015-02-24,0.0199,14.78,0.04775899864682,QQQ,Nasdaq 100,USD,US10Y
2015-02-25,0.0196,14.75,0.0481966101694915,QQQ,Nasdaq 100,USD,US10Y
2015-02-26,0.0203,14.82,0.0471763832658569,QQQ,Nasdaq 100,USD,US10Y
2015-02-27,0.02,14.75,0.0477966101694915,QQQ,Nasdaq 100,USD,US10Y
2015-03-02,0.0208,14.89,0.0463591672263263,QQQ,Nasdaq 100,USD,US10Y
2015-03-03,0.0212,14.81,0.0463219446320053,QQQ,Nasdaq 100,USD,US10Y
2015-03-04,0.0212,14.76,0.046550677506775,QQQ,Nasdaq 100,USD,US10Y
2015-03-05,0.0210999999999999,14.78,0.0465589986468201,QQQ,Nasdaq 100,USD,US10Y
2015-03-06,0.0224,14.61,0.0460462696783025,QQQ,Nasdaq 100,USD,US10Y
2015-03-09,0.022,14.66,0.046212824010914,QQQ,Nasdaq 100,USD,US10Y
2015-03-10,0.0214,14.38,0.0481410292072322,QQQ,Nasdaq 100,USD,US10Y
2015-03-11,0.0210999999999999,14.3,0.04883006993007,QQQ,Nasdaq 100,USD,US10Y
2015-03-12,0.021,14.4,0.0484444444444444,QQQ,Nasdaq 100,USD,US10Y
2015-03-13,0.0213,14.33,0.0484836706210746,QQQ,Nasdaq 100,USD,US10Y
2015-03-16,0.021,14.51,0.0479179875947622,QQQ,Nasdaq 100,USD,US10Y
2015-03-17,0.0206,14.53,0.0482231245698554,QQQ,Nasdaq 100,USD,US10Y
2015-03-18,0.0192999999999999,14.69,0.0487735194009531,QQQ,Nasdaq 100,USD,US10Y
2015-03-19,0.0197999999999999,14.7,0.0482272108843538,QQQ,Nasdaq 100,USD,US10Y
2015-03-20,0.0192999999999999,14.81,0.0482219446320054,QQQ,Nasdaq 100,USD,US10Y
2015-03-23,0.0192,14.76,0.048550677506775,QQQ,Nasdaq 100,USD,US10Y
2015-03-24,0.0187999999999999,14.71,0.0491809653297077,QQQ,Nasdaq 100,USD,US10Y
2015-03-25,0.0192999999999999,14.38,0.0502410292072323,QQQ,Nasdaq 100,USD,US10Y
2015-03-26,0.0200999999999999,14.33,0.0496836706210747,QQQ,Nasdaq 100,USD,US10Y
2015-03-27,0.0195,14.39,0.049992703266157,QQQ,Nasdaq 100,USD,US10Y
2015-03-30,0.0196,14.55,0.0491285223367697,QQQ,Nasdaq 100,USD,US10Y
2015-03-31,0.0194,18.74,0.0339617929562433,QQQ,Nasdaq 100,USD,US10Y
2015-04-01,0.0187,18.65,0.0349193029490616,QQQ,Nasdaq 100,USD,US10Y
2015-04-02,0.0192,18.67,0.0343618639528655,QQQ,Nasdaq 100,USD,US10Y
2015-04-03,0.0185,18.67,0.0350618639528655,QQQ,Nasdaq 100,USD,US10Y
2015-04-06,0.0192,18.82,0.033934962805526,QQQ,Nasdaq 100,USD,US10Y
2015-04-07,0.0189,18.79,0.0343197977647685,QQQ,Nasdaq 100,USD,US10Y
2015-04-08,0.0192,18.93,0.0336262017960908,QQQ,Nasdaq 100,USD,US10Y
2015-04-09,0.0197,19.05,0.0327934383202099,QQQ,Nasdaq 100,USD,US10Y
2015-04-10,0.0196,19.13,0.0326739153162571,QQQ,Nasdaq 100,USD,US10Y
2015-04-13,0.0194,19.07,0.0330383848977451,QQQ,Nasdaq 100,USD,US10Y
2015-04-14,0.019,19.02,0.0335762355415352,QQQ,Nasdaq 100,USD,US10Y
2015-04-15,0.0191,19.14,0.0331466039707419,QQQ,Nasdaq 100,USD,US10Y
2015-04-16,0.019,19.11,0.0333286237571951,QQQ,Nasdaq 100,USD,US10Y
2015-04-17,0.0187,18.82,0.034434962805526,QQQ,Nasdaq 100,USD,US10Y
2015-04-20,0.019,19.11,0.0333286237571951,QQQ,Nasdaq 100,USD,US10Y
2015-04-21,0.0192,19.19,0.0329104742053152,QQQ,Nasdaq 100,USD,US10Y
2015-04-22,0.0199,19.29,0.0319403317781233,QQQ,Nasdaq 100,USD,US10Y
2015-04-23,0.0196,19.36,0.0320528925619834,QQQ,Nasdaq 100,USD,US10Y
2015-04-24,0.0192999999999999,19.62,0.0316683995922529,QQQ,Nasdaq 100,USD,US10Y
2015-04-27,0.0194,19.57,0.0316986203372508,QQQ,Nasdaq 100,USD,US10Y
2015-04-28,0.02,19.53,0.0312032770097286,QQQ,Nasdaq 100,USD,US10Y
2015-04-29,0.0206,19.41,0.0309198351365275,QQQ,Nasdaq 100,USD,US10Y
2015-04-30,0.0204999999999999,19.09,0.0318834468308015,QQQ,Nasdaq 100,USD,US10Y
2015-05-01,0.0212,19.37,0.0304262261228704,QQQ,Nasdaq 100,USD,US10Y
2015-05-04,0.0216,19.39,0.0299729757607013,QQQ,Nasdaq 100,USD,US10Y
2015-05-05,0.0219,19.07,0.0305383848977451,QQQ,Nasdaq 100,USD,US10Y
2015-05-06,0.0225,18.94,0.0302983104540654,QQQ,Nasdaq 100,USD,US10Y
2015-05-07,0.0218,19.04,0.0307210084033613,QQQ,Nasdaq 100,USD,US10Y
2015-05-08,0.0216,19.29,0.0302403317781233,QQQ,Nasdaq 100,USD,US10Y
2015-05-11,0.0227999999999999,19.2,0.0292833333333334,QQQ,Nasdaq 100,USD,US10Y
2015-05-12,0.0227999999999999,19.12,0.0295012552301256,QQQ,Nasdaq 100,USD,US10Y
2015-05-13,0.0227,19.15,0.029519321148825,QQQ,Nasdaq 100,USD,US10Y
2015-05-14,0.0223,19.44,0.0291403292181069,QQQ,Nasdaq 100,USD,US10Y
2015-05-15,0.0214,19.44,0.0300403292181069,QQQ,Nasdaq 100,USD,US10Y
2015-05-18,0.0223,19.52,0.0289295081967213,QQQ,Nasdaq 100,USD,US10Y
2015-05-19,0.0227,19.48,0.0286347022587268,QQQ,Nasdaq 100,USD,US10Y
2015-05-20,0.0226,19.49,0.0287083632632119,QQQ,Nasdaq 100,USD,US10Y
2015-05-21,0.0219,19.59,0.0291464522715671,QQQ,Nasdaq 100,USD,US10Y
2015-05-22,0.0220999999999999,19.58,0.0289725229826354,QQQ,Nasdaq 100,USD,US10Y
2015-05-26,0.0214,19.35,0.0302795865633074,QQQ,Nasdaq 100,USD,US10Y
2015-05-27,0.0214,19.66,0.0294646998982706,QQQ,Nasdaq 100,USD,US10Y
2015-05-28,0.0213,19.62,0.0296683995922528,QQQ,Nasdaq 100,USD,US10Y
2015-05-29,0.0212,19.5,0.0300820512820512,QQQ,Nasdaq 100,USD,US10Y
2015-06-01,0.0219,19.56,0.0292247443762781,QQQ,Nasdaq 100,USD,US10Y
2015-06-02,0.0227,19.5,0.0285820512820512,QQQ,Nasdaq 100,USD,US10Y
2015-06-03,0.0237999999999999,19.55,0.027350895140665,QQQ,Nasdaq 100,USD,US10Y
2015-06-04,0.0231,19.41,0.0284198351365275,QQQ,Nasdaq 100,USD,US10Y
2015-06-05,0.0241,19.37,0.0275262261228704,QQQ,Nasdaq 100,USD,US10Y
2015-06-08,0.0239,19.17,0.0282648408972352,QQQ,Nasdaq 100,USD,US10Y
2015-06-09,0.0242,19.15,0.028019321148825,QQQ,Nasdaq 100,USD,US10Y
2015-06-10,0.025,19.4,0.0265463917525773,QQQ,Nasdaq 100,USD,US10Y
2015-06-11,0.0239,19.41,0.0276198351365275,QQQ,Nasdaq 100,USD,US10Y
2015-06-12,0.0239,19.26,0.0280210799584631,QQQ,Nasdaq 100,USD,US10Y
2015-06-15,0.0236,19.17,0.0285648408972352,QQQ,Nasdaq 100,USD,US10Y
2015-06-16,0.0232,19.27,0.0286941359626362,QQQ,Nasdaq 100,USD,US10Y
2015-06-17,0.0232,19.33,0.0285330574236937,QQQ,Nasdaq 100,USD,US10Y
2015-06-18,0.0235,19.6,0.0275204081632653,QQQ,Nasdaq 100,USD,US10Y
2015-06-19,0.0226,19.52,0.0286295081967213,QQQ,Nasdaq 100,USD,US10Y
2015-06-22,0.0237,19.65,0.0271905852417302,QQQ,Nasdaq 100,USD,US10Y
2015-06-23,0.0242,19.67,0.026638840874428,QQQ,Nasdaq 100,USD,US10Y
2015-06-24,0.0237999999999999,19.57,0.0272986203372509,QQQ,Nasdaq 100,USD,US10Y
2015-06-25,0.024,19.52,0.0272295081967213,QQQ,Nasdaq 100,USD,US10Y
2015-06-26,0.0249,19.4,0.0266463917525773,QQQ,Nasdaq 100,USD,US10Y
2015-06-29,0.0233,18.94,0.0294983104540654,QQQ,Nasdaq 100,USD,US10Y
2015-06-30,0.0235,19.58,0.0275725229826353,QQQ,Nasdaq 100,USD,US10Y
2015-07-01,0.0243,19.73,0.0263842372022301,QQQ,Nasdaq 100,USD,US10Y
2015-07-02,0.024,19.74,0.0266585612968591,QQQ,Nasdaq 100,USD,US10Y
2015-07-06,0.023,19.68,0.0278130081300813,QQQ,Nasdaq 100,USD,US10Y
2015-07-07,0.0227,19.72,0.028009939148073,QQQ,Nasdaq 100,USD,US10Y
2015-07-08,0.0222,19.38,0.0293995872033023,QQQ,Nasdaq 100,USD,US10Y
2015-07-09,0.0232,19.38,0.0283995872033023,QQQ,Nasdaq 100,USD,US10Y
2015-07-10,0.0242,19.68,0.0266130081300813,QQQ,Nasdaq 100,USD,US10Y
2015-07-13,0.0243999999999999,20.02,0.02555004995005,QQQ,Nasdaq 100,USD,US10Y
2015-07-14,0.0241,20.15,0.0255277915632754,QQQ,Nasdaq 100,USD,US10Y
2015-07-15,0.0236,20.17,0.0259785820525532,QQQ,Nasdaq 100,USD,US10Y
2015-07-16,0.0236,20.46,0.0252758553274682,QQQ,Nasdaq 100,USD,US10Y
2015-07-17,0.0233999999999999,20.76,0.0247695568400771,QQQ,Nasdaq 100,USD,US10Y
2015-07-20,0.0237999999999999,20.84,0.0241846449136277,QQQ,Nasdaq 100,USD,US10Y
2015-07-21,0.0235,20.82,0.0245307396733909,QQQ,Nasdaq 100,USD,US10Y
2015-07-22,0.0233,20.59,0.0252672656629431,QQQ,Nasdaq 100,USD,US10Y
2015-07-23,0.0227999999999999,20.5,0.0259804878048781,QQQ,Nasdaq 100,USD,US10Y
2015-07-24,0.0227,20.3,0.0265610837438423,QQQ,Nasdaq 100,USD,US10Y
2015-07-27,0.0223,20.13,0.0273770988574267,QQQ,Nasdaq 100,USD,US10Y
2015-07-28,0.0226,20.31,0.0266368291482028,QQQ,Nasdaq 100,USD,US10Y
2015-07-29,0.0229,20.4,0.0261196078431372,QQQ,Nasdaq 100,USD,US10Y
2015-07-30,0.0227999999999999,20.48,0.0260281250000001,QQQ,Nasdaq 100,USD,US10Y
2015-07-31,0.022,20.44,0.0269236790606653,QQQ,Nasdaq 100,USD,US10Y
2015-08-03,0.0216,20.4,0.0274196078431372,QQQ,Nasdaq 100,USD,US10Y
2015-08-04,0.0223,20.34,0.0268642084562438,QQQ,Nasdaq 100,USD,US10Y
2015-08-05,0.0227999999999999,20.5,0.0259804878048781,QQQ,Nasdaq 100,USD,US10Y
2015-08-06,0.0223,20.17,0.0272785820525532,QQQ,Nasdaq 100,USD,US10Y
2015-08-07,0.0218,20.13,0.0278770988574267,QQQ,Nasdaq 100,USD,US10Y
2015-08-10,0.0224,20.37,0.0266918016691212,QQQ,Nasdaq 100,USD,US10Y
2015-08-11,0.0215,20.1,0.0282512437810945,QQQ,Nasdaq 100,USD,US10Y
2015-08-12,0.0214,20.17,0.0281785820525532,QQQ,Nasdaq 100,USD,US10Y
2015-08-13,0.0219,20.13,0.0277770988574267,QQQ,Nasdaq 100,USD,US10Y
2015-08-14,0.022,20.18,0.0275540138751238,QQQ,Nasdaq 100,USD,US10Y
2015-08-17,0.0216,20.34,0.0275642084562438,QQQ,Nasdaq 100,USD,US10Y
2015-08-18,0.022,20.23,0.0274315373208106,QQQ,Nasdaq 100,USD,US10Y
2015-08-19,0.0212,20.09,0.0285760079641612,QQQ,Nasdaq 100,USD,US10Y
2015-08-20,0.0209,19.53,0.0303032770097286,QQQ,Nasdaq 100,USD,US10Y
2015-08-21,0.0204999999999999,18.69,0.0330045478865704,QQQ,Nasdaq 100,USD,US10Y
2015-08-24,0.0200999999999999,17.99,0.0354864369093942,QQQ,Nasdaq 100,USD,US10Y
2015-08-25,0.0212,17.89,0.0346971492453884,QQQ,Nasdaq 100,USD,US10Y
2015-08-26,0.0218,18.79,0.0314197977647685,QQQ,Nasdaq 100,USD,US10Y
2015-08-27,0.0218,19.26,0.0301210799584631,QQQ,Nasdaq 100,USD,US10Y
2015-08-28,0.0219,19.28,0.0299672199170124,QQQ,Nasdaq 100,USD,US10Y
2015-08-31,0.0220999999999999,19.04,0.0304210084033614,QQQ,Nasdaq 100,USD,US10Y
2015-09-01,0.0217,18.45,0.03250054200542,QQQ,Nasdaq 100,USD,US10Y
2015-09-02,0.022,18.95,0.0307704485488126,QQQ,Nasdaq 100,USD,US10Y
2015-09-03,0.0218,18.86,0.0312222693531283,QQQ,Nasdaq 100,USD,US10Y
2015-09-04,0.0213,18.64,0.0323480686695279,QQQ,Nasdaq 100,USD,US10Y
2015-09-08,0.022,19.17,0.0301648408972352,QQQ,Nasdaq 100,USD,US10Y
2015-09-09,0.0220999999999999,18.94,0.0306983104540655,QQQ,Nasdaq 100,USD,US10Y
2015-09-10,0.0223,19.13,0.0299739153162571,QQQ,Nasdaq 100,USD,US10Y
2015-09-11,0.022,19.25,0.0299480519480519,QQQ,Nasdaq 100,USD,US10Y
2015-09-14,0.0218,19.19,0.0303104742053152,QQQ,Nasdaq 100,USD,US10Y
2015-09-15,0.0227999999999999,19.42,0.0286933058702369,QQQ,Nasdaq 100,USD,US10Y
2015-09-16,0.023,19.52,0.0282295081967213,QQQ,Nasdaq 100,USD,US10Y
2015-09-17,0.0220999999999999,19.53,0.0291032770097287,QQQ,Nasdaq 100,USD,US10Y
2015-09-18,0.0213,19.26,0.0306210799584631,QQQ,Nasdaq 100,USD,US10Y
2015-09-21,0.022,19.31,0.0297866390471258,QQQ,Nasdaq 100,USD,US10Y
2015-09-22,0.0214,19.03,0.0311486074619022,QQQ,Nasdaq 100,USD,US10Y
2015-09-23,0.0216,19.03,0.0309486074619022,QQQ,Nasdaq 100,USD,US10Y
2015-09-24,0.0213,18.98,0.0313870389884088,QQQ,Nasdaq 100,USD,US10Y
2015-09-25,0.0217,18.81,0.0314632110579479,QQQ,Nasdaq 100,USD,US10Y
2015-09-28,0.021,18.27,0.0337345374931581,QQQ,Nasdaq 100,USD,US10Y
2015-09-29,0.0204999999999999,18.19,0.0344752611324904,QQQ,Nasdaq 100,USD,US10Y
2015-09-30,0.0206,19.4,0.0309463917525773,QQQ,Nasdaq 100,USD,US10Y
2015-10-01,0.0204999999999999,19.46,0.030887461459404,QQQ,Nasdaq 100,USD,US10Y
2015-10-02,0.0199,19.8,0.0306050505050505,QQQ,Nasdaq 100,USD,US10Y
2015-10-05,0.0207,20.1,0.0290512437810945,QQQ,Nasdaq 100,USD,US10Y
2015-10-06,0.0204999999999999,19.98,0.0295500500500501,QQQ,Nasdaq 100,USD,US10Y
2015-10-07,0.0208,20.11,0.0289265042267528,QQQ,Nasdaq 100,USD,US10Y
2015-10-08,0.0212,20.19,0.0283294700346706,QQQ,Nasdaq 100,USD,US10Y
2015-10-09,0.0212,20.28,0.02810966469428,QQQ,Nasdaq 100,USD,US10Y
2015-10-12,0.0212,20.34,0.0279642084562438,QQQ,Nasdaq 100,USD,US10Y
2015-10-13,0.0206,20.2,0.0289049504950495,QQQ,Nasdaq 100,USD,US10Y
2015-10-14,0.0199,20.17,0.0296785820525532,QQQ,Nasdaq 100,USD,US10Y
2015-10-15,0.0204,20.5,0.028380487804878,QQQ,Nasdaq 100,USD,US10Y
2015-10-16,0.0204,20.6,0.0281436893203883,QQQ,Nasdaq 100,USD,US10Y
2015-10-19,0.0204,20.7,0.0279091787439613,QQQ,Nasdaq 100,USD,US10Y
2015-10-20,0.0208,20.59,0.0277672656629431,QQQ,Nasdaq 100,USD,US10Y
2015-10-21,0.0204,20.48,0.028428125,QQQ,Nasdaq 100,USD,US10Y
2015-10-22,0.0204,20.9,0.0274468899521531,QQQ,Nasdaq 100,USD,US10Y
2015-10-23,0.0209,21.46,0.0256983224603914,QQQ,Nasdaq 100,USD,US10Y
2015-10-26,0.0207,21.49,0.0258332712889716,QQQ,Nasdaq 100,USD,US10Y
2015-10-27,0.0204999999999999,21.53,0.0259468183929401,QQQ,Nasdaq 100,USD,US10Y
2015-10-28,0.021,21.71,0.0250617227084292,QQQ,Nasdaq 100,USD,US10Y
2015-10-29,0.0219,21.67,0.0242467466543608,QQQ,Nasdaq 100,USD,US10Y
2015-10-30,0.0216,21.57,0.0247606861381548,QQQ,Nasdaq 100,USD,US10Y
2015-11-02,0.022,21.83,0.0238085203847915,QQQ,Nasdaq 100,USD,US10Y
2015-11-03,0.0223,21.9,0.023362100456621,QQQ,Nasdaq 100,USD,US10Y
2015-11-04,0.0225,21.89,0.0231829602558245,QQQ,Nasdaq 100,USD,US10Y
2015-11-05,0.0226,21.82,0.0232295142071494,QQQ,Nasdaq 100,USD,US10Y
2015-11-06,0.0233999999999999,21.84,0.0223875457875458,QQQ,Nasdaq 100,USD,US10Y
2015-11-09,0.0236,21.6,0.0226962962962962,QQQ,Nasdaq 100,USD,US10Y
2015-11-10,0.0232,21.54,0.0232252553389043,QQQ,Nasdaq 100,USD,US10Y
2015-11-11,0.0232,21.52,0.0232684014869888,QQQ,Nasdaq 100,USD,US10Y
2015-11-12,0.0232,21.29,0.0237704086425551,QQQ,Nasdaq 100,USD,US10Y
2015-11-13,0.0227999999999999,20.89,0.0250697941598852,QQQ,Nasdaq 100,USD,US10Y
2015-11-16,0.0227,21.18,0.0245143531633616,QQQ,Nasdaq 100,USD,US10Y
2015-11-17,0.0225,21.19,0.024692071731949,QQQ,Nasdaq 100,USD,US10Y
2015-11-18,0.0227,21.59,0.0236177396943029,QQQ,Nasdaq 100,USD,US10Y
2015-11-19,0.0224,21.6,0.0238962962962962,QQQ,Nasdaq 100,USD,US10Y
2015-11-20,0.0226,21.75,0.0233770114942528,QQQ,Nasdaq 100,USD,US10Y
2015-11-23,0.0225,21.69,0.0236041954817888,QQQ,Nasdaq 100,USD,US10Y
2015-11-24,0.0224,21.67,0.0237467466543608,QQQ,Nasdaq 100,USD,US10Y
2015-11-25,0.0223,21.68,0.0238254612546125,QQQ,Nasdaq 100,USD,US10Y
2015-11-27,0.0222,21.72,0.0238405156537753,QQQ,Nasdaq 100,USD,US10Y
2015-11-30,0.0220999999999999,21.64,0.0241107208872459,QQQ,Nasdaq 100,USD,US10Y
2015-12-01,0.0215,21.88,0.0242038391224862,QQQ,Nasdaq 100,USD,US10Y
2015-12-02,0.0218,21.74,0.024198160073597,QQQ,Nasdaq 100,USD,US10Y
2015-12-03,0.0233,21.38,0.0234726847521047,QQQ,Nasdaq 100,USD,US10Y
2015-12-04,0.0227999999999999,21.88,0.0229038391224863,QQQ,Nasdaq 100,USD,US10Y
2015-12-07,0.0223,21.78,0.0236136822773186,QQQ,Nasdaq 100,USD,US10Y
2015-12-08,0.0224,21.78,0.0235136822773186,QQQ,Nasdaq 100,USD,US10Y
2015-12-09,0.0222,21.45,0.0244200466200466,QQQ,Nasdaq 100,USD,US10Y
2015-12-10,0.0224,21.54,0.0240252553389043,QQQ,Nasdaq 100,USD,US10Y
2015-12-11,0.0213,21.05,0.0262059382422802,QQQ,Nasdaq 100,USD,US10Y
2015-12-14,0.0223,21.21,0.0248475719000471,QQQ,Nasdaq 100,USD,US10Y
2015-12-15,0.0227999999999999,21.33,0.0240823253633381,QQQ,Nasdaq 100,USD,US10Y
2015-12-16,0.023,21.64,0.0232107208872458,QQQ,Nasdaq 100,USD,US10Y
2015-12-17,0.0224,21.34,0.0244603561387066,QQQ,Nasdaq 100,USD,US10Y
2015-12-18,0.0219,20.95,0.0258326968973747,QQQ,Nasdaq 100,USD,US10Y
2015-12-21,0.022,21.16,0.0252589792060491,QQQ,Nasdaq 100,USD,US10Y
2015-12-22,0.0224,21.29,0.0245704086425551,QQQ,Nasdaq 100,USD,US10Y
2015-12-23,0.0227,21.46,0.0238983224603914,QQQ,Nasdaq 100,USD,US10Y
2015-12-24,0.0225,21.45,0.0241200466200466,QQQ,Nasdaq 100,USD,US10Y
2015-12-28,0.0224,21.44,0.0242417910447761,QQQ,Nasdaq 100,USD,US10Y
2015-12-29,0.0232,21.77,0.0227347726228755,QQQ,Nasdaq 100,USD,US10Y
2015-12-30,0.0231,21.59,0.0232177396943029,QQQ,Nasdaq 100,USD,US10Y
2015-12-31,0.0227,22.55,0.0216458980044345,QQQ,Nasdaq 100,USD,US10Y
2016-01-04,0.0224,22.08,0.0228898550724637,QQQ,Nasdaq 100,USD,US10Y
2016-01-05,0.0225,22.01,0.0229338936846887,QQQ,Nasdaq 100,USD,US10Y
2016-01-06,0.0218,21.81,0.0240505272810637,QQQ,Nasdaq 100,USD,US10Y
2016-01-07,0.0216,21.14,0.0257036896877956,QQQ,Nasdaq 100,USD,US10Y
2016-01-08,0.0213,20.96,0.0264099236641221,QQQ,Nasdaq 100,USD,US10Y
2016-01-11,0.0217,21.03,0.0258511174512601,QQQ,Nasdaq 100,USD,US10Y
2016-01-12,0.0212,21.27,0.0258145745181006,QQQ,Nasdaq 100,USD,US10Y
2016-01-13,0.0208,20.53,0.0279092060399415,QQQ,Nasdaq 100,USD,US10Y
2016-01-14,0.021,20.98,0.0266644423260247,QQQ,Nasdaq 100,USD,US10Y
2016-01-15,0.0203,20.33,0.0288883915395966,QQQ,Nasdaq 100,USD,US10Y
2016-01-19,0.0206,20.36,0.0285159135559921,QQQ,Nasdaq 100,USD,US10Y
2016-01-20,0.0200999999999999,20.3,0.0291610837438424,QQQ,Nasdaq 100,USD,US10Y
2016-01-21,0.0202,20.34,0.0289642084562438,QQQ,Nasdaq 100,USD,US10Y
2016-01-22,0.0207,20.91,0.0271240076518412,QQQ,Nasdaq 100,USD,US10Y
2016-01-25,0.0203,20.6,0.0282436893203883,QQQ,Nasdaq 100,USD,US10Y
2016-01-26,0.0200999999999999,20.78,0.0280231953801733,QQQ,Nasdaq 100,USD,US10Y
2016-01-27,0.0202,20.27,0.0291339911198816,QQQ,Nasdaq 100,USD,US10Y
2016-01-28,0.02,20.55,0.028661800486618,QQQ,Nasdaq 100,USD,US10Y
2016-01-29,0.0194,21.01,0.0281963826749167,QQQ,Nasdaq 100,USD,US10Y
2016-02-01,0.0197,21.04,0.0278285171102661,QQQ,Nasdaq 100,USD,US10Y
2016-02-02,0.0187,20.58,0.0298908649173955,QQQ,Nasdaq 100,USD,US10Y
2016-02-03,0.0187999999999999,20.48,0.0300281250000001,QQQ,Nasdaq 100,USD,US10Y
2016-02-04,0.0187,20.46,0.0301758553274682,QQQ,Nasdaq 100,USD,US10Y
2016-02-05,0.0186,19.76,0.0320072874493927,QQQ,Nasdaq 100,USD,US10Y
2016-02-08,0.0175,19.44,0.0339403292181069,QQQ,Nasdaq 100,USD,US10Y
2016-02-09,0.0174,19.38,0.0341995872033023,QQQ,Nasdaq 100,USD,US10Y
2016-02-10,0.0171,19.47,0.0342610683102208,QQQ,Nasdaq 100,USD,US10Y
2016-02-11,0.0163,19.45,0.0351138817480719,QQQ,Nasdaq 100,USD,US10Y
2016-02-12,0.0174,19.73,0.0332842372022301,QQQ,Nasdaq 100,USD,US10Y
2016-02-16,0.0178,20.15,0.0318277915632754,QQQ,Nasdaq 100,USD,US10Y
2016-02-17,0.0181,20.61,0.0304201358563803,QQQ,Nasdaq 100,USD,US10Y
2016-02-18,0.0175,20.38,0.0315677134445534,QQQ,Nasdaq 100,USD,US10Y
2016-02-19,0.0176,20.44,0.0313236790606653,QQQ,Nasdaq 100,USD,US10Y
2016-02-22,0.0177,20.77,0.0304463649494463,QQQ,Nasdaq 100,USD,US10Y
2016-02-23,0.0174,20.43,0.031547626040137,QQQ,Nasdaq 100,USD,US10Y
2016-02-24,0.0175,20.62,0.0309966052376333,QQQ,Nasdaq 100,USD,US10Y
2016-02-25,0.0171,20.82,0.0309307396733909,QQQ,Nasdaq 100,USD,US10Y
2016-02-26,0.0176,20.79,0.0305000481000481,QQQ,Nasdaq 100,USD,US10Y
2016-02-29,0.0174,20.62,0.0310966052376333,QQQ,Nasdaq 100,USD,US10Y
2016-03-01,0.0183,21.27,0.0287145745181006,QQQ,Nasdaq 100,USD,US10Y
2016-03-02,0.0184,21.28,0.0285924812030075,QQQ,Nasdaq 100,USD,US10Y
2016-03-03,0.0183,21.23,0.028803155911446,QQQ,Nasdaq 100,USD,US10Y
2016-03-04,0.0187999999999999,21.25,0.0282588235294118,QQQ,Nasdaq 100,USD,US10Y
2016-03-07,0.0191,21.12,0.0282484848484848,QQQ,Nasdaq 100,USD,US10Y
2016-03-08,0.0183,20.94,0.0294554918815663,QQQ,Nasdaq 100,USD,US10Y
2016-03-09,0.019,21.07,0.0284608448030374,QQQ,Nasdaq 100,USD,US10Y
2016-03-10,0.0192999999999999,21.04,0.0282285171102662,QQQ,Nasdaq 100,USD,US10Y
2016-03-11,0.0197999999999999,21.41,0.0269071461933676,QQQ,Nasdaq 100,USD,US10Y
2016-03-14,0.0197,21.44,0.0269417910447761,QQQ,Nasdaq 100,USD,US10Y
2016-03-15,0.0197,21.44,0.0269417910447761,QQQ,Nasdaq 100,USD,US10Y
2016-03-16,0.0194,21.62,0.0268534690101757,QQQ,Nasdaq 100,USD,US10Y
2016-03-17,0.0191,21.6,0.0271962962962962,QQQ,Nasdaq 100,USD,US10Y
2016-03-18,0.0187999999999999,21.65,0.0273893764434181,QQQ,Nasdaq 100,USD,US10Y
2016-03-21,0.0192,21.73,0.0268193281178094,QQQ,Nasdaq 100,USD,US10Y
2016-03-22,0.0194,21.78,0.0265136822773186,QQQ,Nasdaq 100,USD,US10Y
2016-03-23,0.0187999999999999,21.61,0.0274748727441,QQQ,Nasdaq 100,USD,US10Y
2016-03-24,0.0191,21.63,0.0271320850670365,QQQ,Nasdaq 100,USD,US10Y
2016-03-28,0.0189,21.59,0.0274177396943029,QQQ,Nasdaq 100,USD,US10Y
2016-03-29,0.0181,21.93,0.0274996352029183,QQQ,Nasdaq 100,USD,US10Y
2016-03-30,0.0183,22.04,0.0270720508166969,QQQ,Nasdaq 100,USD,US10Y
2016-03-31,0.0178,21.97,0.0277166135639508,QQQ,Nasdaq 100,USD,US10Y
2016-04-01,0.0179,22.21,0.0271247636199909,QQQ,Nasdaq 100,USD,US10Y
2016-04-04,0.0178,22.11,0.0274284034373586,QQQ,Nasdaq 100,USD,US10Y
2016-04-05,0.0173,21.91,0.0283412596987676,QQQ,Nasdaq 100,USD,US10Y
2016-04-06,0.0176,22.27,0.0273034575662326,QQQ,Nasdaq 100,USD,US10Y
2016-04-07,0.017,21.93,0.0285996352029183,QQQ,Nasdaq 100,USD,US10Y
2016-04-08,0.0172,21.93,0.0283996352029183,QQQ,Nasdaq 100,USD,US10Y
2016-04-11,0.0173,21.85,0.028466590389016,QQQ,Nasdaq 100,USD,US10Y
2016-04-12,0.0179,22.03,0.0274926463912846,QQQ,Nasdaq 100,USD,US10Y
2016-04-13,0.0177,22.32,0.0271028673835125,QQQ,Nasdaq 100,USD,US10Y
2016-04-14,0.018,22.32,0.0268028673835125,QQQ,Nasdaq 100,USD,US10Y
2016-04-15,0.0176,22.26,0.0273236298292902,QQQ,Nasdaq 100,USD,US10Y
2016-04-18,0.0178,22.39,0.0268627958910227,QQQ,Nasdaq 100,USD,US10Y
2016-04-19,0.0179,22.23,0.0270842555105713,QQQ,Nasdaq 100,USD,US10Y
2016-04-20,0.0185,22.25,0.0264438202247191,QQQ,Nasdaq 100,USD,US10Y
2016-04-21,0.0187999999999999,22.25,0.0261438202247192,QQQ,Nasdaq 100,USD,US10Y
2016-04-22,0.0189,21.93,0.0266996352029183,QQQ,Nasdaq 100,USD,US10Y
2016-04-25,0.0191,21.93,0.0264996352029183,QQQ,Nasdaq 100,USD,US10Y
2016-04-26,0.0194,21.82,0.0264295142071494,QQQ,Nasdaq 100,USD,US10Y
2016-04-27,0.0187,21.64,0.0275107208872458,QQQ,Nasdaq 100,USD,US10Y
2016-04-28,0.0184,21.39,0.0283508181393174,QQQ,Nasdaq 100,USD,US10Y
2016-04-29,0.0183,21.27,0.0287145745181006,QQQ,Nasdaq 100,USD,US10Y
2016-05-02,0.0187999999999999,21.47,0.0277766185374942,QQQ,Nasdaq 100,USD,US10Y
2016-05-03,0.0181,21.27,0.0289145745181006,QQQ,Nasdaq 100,USD,US10Y
2016-05-04,0.0179,21.13,0.0294260766682442,QQQ,Nasdaq 100,USD,US10Y
2016-05-05,0.0176,21.12,0.0297484848484848,QQQ,Nasdaq 100,USD,US10Y
2016-05-06,0.0179,21.22,0.0292253534401508,QQQ,Nasdaq 100,USD,US10Y
2016-05-09,0.0177,21.27,0.0293145745181006,QQQ,Nasdaq 100,USD,US10Y
2016-05-10,0.0177,21.57,0.0286606861381548,QQQ,Nasdaq 100,USD,US10Y
2016-05-11,0.0173,21.37,0.0294945718296677,QQQ,Nasdaq 100,USD,US10Y
2016-05-12,0.0175,21.28,0.0294924812030075,QQQ,Nasdaq 100,USD,US10Y
2016-05-13,0.0171,21.2,0.0300698113207547,QQQ,Nasdaq 100,USD,US10Y
2016-05-16,0.0175,21.47,0.0290766185374941,QQQ,Nasdaq 100,USD,US10Y
2016-05-17,0.0176,21.18,0.0296143531633616,QQQ,Nasdaq 100,USD,US10Y
2016-05-18,0.0187,21.26,0.0283366886171213,QQQ,Nasdaq 100,USD,US10Y
2016-05-19,0.0185,21.15,0.0287813238770685,QQQ,Nasdaq 100,USD,US10Y
2016-05-20,0.0185,21.38,0.0282726847521047,QQQ,Nasdaq 100,USD,US10Y
2016-05-23,0.0184,21.34,0.0284603561387066,QQQ,Nasdaq 100,USD,US10Y
2016-05-24,0.0186,21.78,0.0273136822773186,QQQ,Nasdaq 100,USD,US10Y
2016-05-25,0.0187,21.94,0.0268788514129443,QQQ,Nasdaq 100,USD,US10Y
2016-05-26,0.0183,21.99,0.027175216007276,QQQ,Nasdaq 100,USD,US10Y
2016-05-27,0.0185,22.11,0.0267284034373586,QQQ,Nasdaq 100,USD,US10Y
2016-05-31,0.0184,22.17,0.02670599909788,QQQ,Nasdaq 100,USD,US10Y
2016-06-01,0.0185,22.15,0.0266467268623024,QQQ,Nasdaq 100,USD,US10Y
2016-06-02,0.0181,22.21,0.0269247636199909,QQQ,Nasdaq 100,USD,US10Y
2016-06-03,0.0171,22.1,0.0281488687782805,QQQ,Nasdaq 100,USD,US10Y
2016-06-06,0.0173,22.17,0.02780599909788,QQQ,Nasdaq 100,USD,US10Y
2016-06-07,0.0172,22.12,0.0280079566003616,QQQ,Nasdaq 100,USD,US10Y
2016-06-08,0.0171,22.15,0.0280467268623024,QQQ,Nasdaq 100,USD,US10Y
2016-06-09,0.0168,22.11,0.0284284034373586,QQQ,Nasdaq 100,USD,US10Y
2016-06-10,0.0163999999999999,21.86,0.0293456541628546,QQQ,Nasdaq 100,USD,US10Y
2016-06-13,0.0162,21.67,0.0299467466543608,QQQ,Nasdaq 100,USD,US10Y
2016-06-14,0.0162,21.68,0.0299254612546125,QQQ,Nasdaq 100,USD,US10Y
2016-06-15,0.016,21.61,0.0302748727440999,QQQ,Nasdaq 100,USD,US10Y
2016-06-16,0.0157,21.68,0.0304254612546125,QQQ,Nasdaq 100,USD,US10Y
2016-06-17,0.0162,21.44,0.0304417910447761,QQQ,Nasdaq 100,USD,US10Y
2016-06-20,0.0167,21.56,0.0296821892393321,QQQ,Nasdaq 100,USD,US10Y
2016-06-21,0.0171,21.63,0.0291320850670365,QQQ,Nasdaq 100,USD,US10Y
2016-06-22,0.0169,21.59,0.0294177396943029,QQQ,Nasdaq 100,USD,US10Y
2016-06-23,0.0174,21.89,0.0282829602558245,QQQ,Nasdaq 100,USD,US10Y
2016-06-24,0.0157,21.0,0.0319190476190476,QQQ,Nasdaq 100,USD,US10Y
2016-06-27,0.0146,20.59,0.0339672656629431,QQQ,Nasdaq 100,USD,US10Y
2016-06-28,0.0146,21.03,0.0329511174512601,QQQ,Nasdaq 100,USD,US10Y
2016-06-29,0.015,21.39,0.0317508181393174,QQQ,Nasdaq 100,USD,US10Y
2016-06-30,0.0149,21.0,0.0327190476190476,QQQ,Nasdaq 100,USD,US10Y
2016-07-01,0.0146,21.09,0.0328158368895211,QQQ,Nasdaq 100,USD,US10Y
2016-07-05,0.0137,20.97,0.0339871721506914,QQQ,Nasdaq 100,USD,US10Y
2016-07-06,0.0138,21.13,0.0335260766682442,QQQ,Nasdaq 100,USD,US10Y
2016-07-07,0.0139999999999999,21.2,0.0331698113207548,QQQ,Nasdaq 100,USD,US10Y
2016-07-08,0.0137,21.53,0.03274681839294,QQQ,Nasdaq 100,USD,US10Y
2016-07-11,0.0143,21.65,0.031889376443418,QQQ,Nasdaq 100,USD,US10Y
2016-07-12,0.0153,21.76,0.0306558823529411,QQQ,Nasdaq 100,USD,US10Y
2016-07-13,0.0148,21.7,0.0312829493087557,QQQ,Nasdaq 100,USD,US10Y
2016-07-14,0.0153,21.85,0.030466590389016,QQQ,Nasdaq 100,USD,US10Y
2016-07-15,0.016,21.82,0.0298295142071494,QQQ,Nasdaq 100,USD,US10Y
2016-07-18,0.0159,21.96,0.0296373406193078,QQQ,Nasdaq 100,USD,US10Y
2016-07-19,0.0156,21.88,0.0301038391224862,QQQ,Nasdaq 100,USD,US10Y
2016-07-20,0.0159,22.14,0.02926711833785,QQQ,Nasdaq 100,USD,US10Y
2016-07-21,0.0157,22.09,0.0295693526482571,QQQ,Nasdaq 100,USD,US10Y
2016-07-22,0.0157,22.18,0.0293856627592425,QQQ,Nasdaq 100,USD,US10Y
2016-07-25,0.0158,22.18,0.0292856627592425,QQQ,Nasdaq 100,USD,US10Y
2016-07-26,0.0157,22.21,0.0293247636199909,QQQ,Nasdaq 100,USD,US10Y
2016-07-27,0.0152,22.36,0.0295227191413237,QQQ,Nasdaq 100,USD,US10Y
2016-07-28,0.0152,22.44,0.0293632798573975,QQQ,Nasdaq 100,USD,US10Y
2016-07-29,0.0146,22.49,0.0298642063139173,QQQ,Nasdaq 100,USD,US10Y
2016-08-01,0.0151,22.61,0.0291282176028306,QQQ,Nasdaq 100,USD,US10Y
2016-08-02,0.0155,22.43,0.0290831475702184,QQQ,Nasdaq 100,USD,US10Y
2016-08-03,0.0155,22.51,0.028924700133274,QQQ,Nasdaq 100,USD,US10Y
2016-08-04,0.0151,22.55,0.0292458980044345,QQQ,Nasdaq 100,USD,US10Y
2016-08-05,0.0159,22.78,0.0279981562774363,QQQ,Nasdaq 100,USD,US10Y
2016-08-08,0.0159,22.75,0.0280560439560439,QQQ,Nasdaq 100,USD,US10Y
2016-08-09,0.0155,22.8,0.028359649122807,QQQ,Nasdaq 100,USD,US10Y
2016-08-10,0.015,22.74,0.0289753737906772,QQQ,Nasdaq 100,USD,US10Y
2016-08-11,0.0157,22.83,0.028102014892685,QQQ,Nasdaq 100,USD,US10Y
2016-08-12,0.0151,22.85,0.0286636761487964,QQQ,Nasdaq 100,USD,US10Y
2016-08-15,0.0155,22.95,0.0280729847494553,QQQ,Nasdaq 100,USD,US10Y
2016-08-16,0.0157,22.8,0.028159649122807,QQQ,Nasdaq 100,USD,US10Y
2016-08-17,0.0156,22.84,0.0281828371278458,QQQ,Nasdaq 100,USD,US10Y
2016-08-18,0.0153,22.86,0.0284445319335083,QQQ,Nasdaq 100,USD,US10Y
2016-08-19,0.0158,22.85,0.0279636761487964,QQQ,Nasdaq 100,USD,US10Y
2016-08-22,0.0155,22.86,0.0282445319335083,QQQ,Nasdaq 100,USD,US10Y
2016-08-23,0.0155,22.91,0.0281490615451767,QQQ,Nasdaq 100,USD,US10Y
2016-08-24,0.0156,22.74,0.0283753737906772,QQQ,Nasdaq 100,USD,US10Y
2016-08-25,0.0158,22.7,0.0282528634361233,QQQ,Nasdaq 100,USD,US10Y
2016-08-26,0.0162,22.74,0.0277753737906772,QQQ,Nasdaq 100,USD,US10Y
2016-08-29,0.0157,22.78,0.0281981562774363,QQQ,Nasdaq 100,USD,US10Y
2016-08-30,0.0157,22.7,0.0283528634361233,QQQ,Nasdaq 100,USD,US10Y
2016-08-31,0.0158,22.68,0.0282917107583774,QQQ,Nasdaq 100,USD,US10Y
2016-09-01,0.0157,22.74,0.0282753737906772,QQQ,Nasdaq 100,USD,US10Y
2016-09-02,0.016,22.81,0.0278404208680403,QQQ,Nasdaq 100,USD,US10Y
2016-09-06,0.0155,22.96,0.0280540069686411,QQQ,Nasdaq 100,USD,US10Y
2016-09-07,0.0154,22.97,0.0281350457117979,QQQ,Nasdaq 100,USD,US10Y
2016-09-08,0.0161,22.84,0.0276828371278458,QQQ,Nasdaq 100,USD,US10Y
2016-09-09,0.0167,22.26,0.0282236298292902,QQQ,Nasdaq 100,USD,US10Y
2016-09-12,0.0168,22.65,0.0273501103752759,QQQ,Nasdaq 100,USD,US10Y
2016-09-13,0.0173,22.45,0.0272434298440979,QQQ,Nasdaq 100,USD,US10Y
2016-09-14,0.017,22.56,0.0273262411347517,QQQ,Nasdaq 100,USD,US10Y
2016-09-15,0.0171,22.91,0.0265490615451767,QQQ,Nasdaq 100,USD,US10Y
2016-09-16,0.017,22.9,0.0266681222707423,QQQ,Nasdaq 100,USD,US10Y
2016-09-19,0.017,22.8,0.026859649122807,QQQ,Nasdaq 100,USD,US10Y
2016-09-20,0.0169,22.84,0.0268828371278458,QQQ,Nasdaq 100,USD,US10Y
2016-09-21,0.0166,23.07,0.0267463372345036,QQQ,Nasdaq 100,USD,US10Y
2016-09-22,0.0163,23.25,0.026710752688172,QQQ,Nasdaq 100,USD,US10Y
2016-09-23,0.0162,23.1,0.0270900432900432,QQQ,Nasdaq 100,USD,US10Y
2016-09-26,0.0159,22.9,0.0277681222707423,QQQ,Nasdaq 100,USD,US10Y
2016-09-27,0.0156,23.14,0.0276152117545375,QQQ,Nasdaq 100,USD,US10Y
2016-09-28,0.0157,23.18,0.0274406384814495,QQQ,Nasdaq 100,USD,US10Y
2016-09-29,0.0156,23.0,0.0278782608695652,QQQ,Nasdaq 100,USD,US10Y
2016-09-30,0.016,24.17,0.0253736036408771,QQQ,Nasdaq 100,USD,US10Y
2016-10-03,0.0163,24.12,0.0251593698175787,QQQ,Nasdaq 100,USD,US10Y
2016-10-04,0.0169,24.09,0.02461100041511,QQQ,Nasdaq 100,USD,US10Y
2016-10-05,0.0172,24.18,0.0241564929693961,QQQ,Nasdaq 100,USD,US10Y
2016-10-06,0.0175,24.16,0.0238907284768211,QQQ,Nasdaq 100,USD,US10Y
2016-10-07,0.0173,24.11,0.0241765657403567,QQQ,Nasdaq 100,USD,US10Y
2016-10-10,0.0173,24.26,0.0239201154163231,QQQ,Nasdaq 100,USD,US10Y
2016-10-11,0.0177,23.9,0.0241410041841004,QQQ,Nasdaq 100,USD,US10Y
2016-10-12,0.0179,23.89,0.0239585182084554,QQQ,Nasdaq 100,USD,US10Y
2016-10-13,0.0175,23.81,0.0244991600167996,QQQ,Nasdaq 100,USD,US10Y
2016-10-14,0.018,23.83,0.0239639110365086,QQQ,Nasdaq 100,USD,US10Y
2016-10-17,0.0177,23.77,0.0243698359276398,QQQ,Nasdaq 100,USD,US10Y
2016-10-18,0.0175,23.99,0.0241840350145894,QQQ,Nasdaq 100,USD,US10Y
2016-10-19,0.0176,23.97,0.0241188151856487,QQQ,Nasdaq 100,USD,US10Y
2016-10-20,0.0176,23.95,0.0241536534446764,QQQ,Nasdaq 100,USD,US10Y
2016-10-21,0.0174,24.05,0.0241800415800415,QQQ,Nasdaq 100,USD,US10Y
2016-10-24,0.0177,24.34,0.0233846343467543,QQQ,Nasdaq 100,USD,US10Y
2016-10-25,0.0177,24.25,0.0235371134020618,QQQ,Nasdaq 100,USD,US10Y
2016-10-26,0.0179,24.09,0.02361100041511,QQQ,Nasdaq 100,USD,US10Y
2016-10-27,0.0185,23.97,0.0232188151856487,QQQ,Nasdaq 100,USD,US10Y
2016-10-28,0.0186,23.82,0.0233815281276238,QQQ,Nasdaq 100,USD,US10Y
2016-10-31,0.0184,23.8,0.023616806722689,QQQ,Nasdaq 100,USD,US10Y
2016-11-01,0.0183,23.63,0.0240190859077443,QQQ,Nasdaq 100,USD,US10Y
2016-11-02,0.0181,23.43,0.0245803243704652,QQQ,Nasdaq 100,USD,US10Y
2016-11-03,0.0182,23.19,0.0249220353600689,QQQ,Nasdaq 100,USD,US10Y
2016-11-04,0.0179,23.1,0.0253900432900432,QQQ,Nasdaq 100,USD,US10Y
2016-11-07,0.0183,23.66,0.0239654268808114,QQQ,Nasdaq 100,USD,US10Y
2016-11-08,0.0187999999999999,23.82,0.0231815281276239,QQQ,Nasdaq 100,USD,US10Y
2016-11-09,0.0207,23.92,0.0211060200668896,QQQ,Nasdaq 100,USD,US10Y
2016-11-10,0.0215,23.53,0.0209989375265618,QQQ,Nasdaq 100,USD,US10Y
2016-11-11,0.0215,23.55,0.0209628450106157,QQQ,Nasdaq 100,USD,US10Y
2016-11-14,0.0223,23.31,0.0206000429000429,QQQ,Nasdaq 100,USD,US10Y
2016-11-15,0.0223,23.62,0.0200370025402201,QQQ,Nasdaq 100,USD,US10Y
2016-11-16,0.0222,23.75,0.0199052631578947,QQQ,Nasdaq 100,USD,US10Y
2016-11-17,0.0229,23.92,0.0189060200668896,QQQ,Nasdaq 100,USD,US10Y
2016-11-18,0.0233999999999999,23.83,0.0185639110365087,QQQ,Nasdaq 100,USD,US10Y
2016-11-21,0.0233,24.08,0.0182282392026578,QQQ,Nasdaq 100,USD,US10Y
2016-11-22,0.0231,24.16,0.0182907284768211,QQQ,Nasdaq 100,USD,US10Y
2016-11-23,0.0236,24.06,0.0179627597672485,QQQ,Nasdaq 100,USD,US10Y
2016-11-25,0.0236,24.14,0.0178250207125103,QQQ,Nasdaq 100,USD,US10Y
2016-11-28,0.0232,24.07,0.0183454923140839,QQQ,Nasdaq 100,USD,US10Y
2016-11-29,0.023,24.15,0.018407867494824,QQQ,Nasdaq 100,USD,US10Y
2016-11-30,0.0237,23.85,0.0182287211740041,QQQ,Nasdaq 100,USD,US10Y
2016-12-01,0.0245,23.47,0.0181075841499787,QQQ,Nasdaq 100,USD,US10Y
2016-12-02,0.024,23.49,0.018571306939123,QQQ,Nasdaq 100,USD,US10Y
2016-12-05,0.0239,23.68,0.0183297297297297,QQQ,Nasdaq 100,USD,US10Y
2016-12-06,0.0239,23.74,0.01822299915754,QQQ,Nasdaq 100,USD,US10Y
2016-12-07,0.0233999999999999,24.05,0.0181800415800416,QQQ,Nasdaq 100,USD,US10Y
2016-12-08,0.024,24.09,0.01751100041511,QQQ,Nasdaq 100,USD,US10Y
2016-12-09,0.0247,24.27,0.0165031314379892,QQQ,Nasdaq 100,USD,US10Y
2016-12-12,0.0249,24.16,0.0164907284768211,QQQ,Nasdaq 100,USD,US10Y
2016-12-13,0.0248,24.47,0.0160663669799754,QQQ,Nasdaq 100,USD,US10Y
2016-12-14,0.0254,24.39,0.0156004100041,QQQ,Nasdaq 100,USD,US10Y
2016-12-15,0.026,24.45,0.0148997955010224,QQQ,Nasdaq 100,USD,US10Y
2016-12-16,0.026,24.36,0.0150509031198686,QQQ,Nasdaq 100,USD,US10Y
2016-12-19,0.0254,24.46,0.0154830744071954,QQQ,Nasdaq 100,USD,US10Y
2016-12-20,0.0256999999999999,24.55,0.0150331975560082,QQQ,Nasdaq 100,USD,US10Y
2016-12-21,0.0255,24.53,0.0152664084794129,QQQ,Nasdaq 100,USD,US10Y
2016-12-22,0.0255,24.46,0.0153830744071954,QQQ,Nasdaq 100,USD,US10Y
2016-12-23,0.0255,24.49,0.0153329930583911,QQQ,Nasdaq 100,USD,US10Y
2016-12-27,0.0256999999999999,24.61,0.0149338886631451,QQQ,Nasdaq 100,USD,US10Y
2016-12-28,0.0250999999999999,24.42,0.015850040950041,QQQ,Nasdaq 100,USD,US10Y
2016-12-29,0.0249,24.38,0.0161172272354388,QQQ,Nasdaq 100,USD,US10Y
2016-12-30,0.0245,24.11,0.0169765657403567,QQQ,Nasdaq 100,USD,US10Y
2017-01-03,0.0245,22.59,0.0197673749446657,QQQ,Nasdaq 100,USD,US10Y
2017-01-04,0.0246,22.71,0.0194334654337296,QQQ,Nasdaq 100,USD,US10Y
2017-01-05,0.0237,22.84,0.0200828371278458,QQQ,Nasdaq 100,USD,US10Y
2017-01-06,0.0242,23.03,0.0192216239687364,QQQ,Nasdaq 100,USD,US10Y
2017-01-09,0.0237999999999999,23.11,0.019471311120727,QQQ,Nasdaq 100,USD,US10Y
2017-01-10,0.0237999999999999,23.16,0.0193778929188256,QQQ,Nasdaq 100,USD,US10Y
2017-01-11,0.0237999999999999,23.23,0.0192477830391735,QQQ,Nasdaq 100,USD,US10Y
2017-01-12,0.0236,23.19,0.0195220353600689,QQQ,Nasdaq 100,USD,US10Y
2017-01-13,0.024,23.27,0.0189737859905457,QQQ,Nasdaq 100,USD,US10Y
2017-01-17,0.0233,23.2,0.019803448275862,QQQ,Nasdaq 100,USD,US10Y
2017-01-18,0.0242,23.25,0.018810752688172,QQQ,Nasdaq 100,USD,US10Y
2017-01-19,0.0247,23.23,0.0183477830391734,QQQ,Nasdaq 100,USD,US10Y
2017-01-20,0.0248,23.29,0.01813688278231,QQQ,Nasdaq 100,USD,US10Y
2017-01-23,0.0241,23.3,0.0188184549356223,QQQ,Nasdaq 100,USD,US10Y
2017-01-24,0.0247,23.46,0.0179257459505541,QQQ,Nasdaq 100,USD,US10Y
2017-01-25,0.0253,23.69,0.0169119037568594,QQQ,Nasdaq 100,USD,US10Y
2017-01-26,0.0250999999999999,23.72,0.0170585160202361,QQQ,Nasdaq 100,USD,US10Y
2017-01-27,0.0249,23.77,0.0171698359276398,QQQ,Nasdaq 100,USD,US10Y
2017-01-30,0.0249,23.59,0.0174908435777872,QQQ,Nasdaq 100,USD,US10Y
2017-01-31,0.0245,23.53,0.0179989375265618,QQQ,Nasdaq 100,USD,US10Y
2017-02-01,0.0248,23.7,0.0173940928270042,QQQ,Nasdaq 100,USD,US10Y
2017-02-02,0.0248,23.68,0.0174297297297297,QQQ,Nasdaq 100,USD,US10Y
2017-02-03,0.0249,23.74,0.01722299915754,QQQ,Nasdaq 100,USD,US10Y
2017-02-06,0.0242,23.77,0.0178698359276398,QQQ,Nasdaq 100,USD,US10Y
2017-02-07,0.024,23.85,0.0179287211740041,QQQ,Nasdaq 100,USD,US10Y
2017-02-08,0.0233999999999999,23.9,0.0184410041841005,QQQ,Nasdaq 100,USD,US10Y
2017-02-09,0.024,23.97,0.0177188151856487,QQQ,Nasdaq 100,USD,US10Y
2017-02-10,0.0241,24.04,0.0174973377703827,QQQ,Nasdaq 100,USD,US10Y
2017-02-13,0.0243,24.18,0.0170564929693961,QQQ,Nasdaq 100,USD,US10Y
2017-02-14,0.0247,24.24,0.0165541254125412,QQQ,Nasdaq 100,USD,US10Y
2017-02-15,0.0250999999999999,24.39,0.0159004100041001,QQQ,Nasdaq 100,USD,US10Y
2017-02-16,0.0245,24.38,0.0165172272354388,QQQ,Nasdaq 100,USD,US10Y
2017-02-17,0.0242,24.49,0.0166329930583911,QQQ,Nasdaq 100,USD,US10Y
2017-02-21,0.0243,24.61,0.016333888663145,QQQ,Nasdaq 100,USD,US10Y
2017-02-22,0.0242,24.62,0.0164173842404549,QQQ,Nasdaq 100,USD,US10Y
2017-02-23,0.0237999999999999,24.53,0.016966408479413,QQQ,Nasdaq 100,USD,US10Y
2017-02-24,0.0231,24.58,0.0175834825061025,QQQ,Nasdaq 100,USD,US10Y
2017-02-27,0.0236,24.6,0.017050406504065,QQQ,Nasdaq 100,USD,US10Y
2017-02-28,0.0236,24.52,0.0171830342577487,QQQ,Nasdaq 100,USD,US10Y
2017-03-01,0.0246,24.8,0.0157225806451612,QQQ,Nasdaq 100,USD,US10Y
2017-03-02,0.0249,24.67,0.0156350628293473,QQQ,Nasdaq 100,USD,US10Y
2017-03-03,0.0249,24.71,0.0155694455685957,QQQ,Nasdaq 100,USD,US10Y
2017-03-06,0.0249,24.65,0.0156679513184584,QQQ,Nasdaq 100,USD,US10Y
2017-03-07,0.0252,24.61,0.015433888663145,QQQ,Nasdaq 100,USD,US10Y
2017-03-08,0.0256999999999999,24.65,0.0148679513184585,QQQ,Nasdaq 100,USD,US10Y
2017-03-09,0.026,24.67,0.0145350628293473,QQQ,Nasdaq 100,USD,US10Y
2017-03-10,0.0258,24.77,0.0145714170367379,QQQ,Nasdaq 100,USD,US10Y
2017-03-13,0.0262,24.81,0.0141063280935106,QQQ,Nasdaq 100,USD,US10Y
2017-03-14,0.026,24.75,0.0144040404040404,QQQ,Nasdaq 100,USD,US10Y
2017-03-15,0.0250999999999999,24.91,0.0150445202729828,QQQ,Nasdaq 100,USD,US10Y
2017-03-16,0.0253,24.89,0.0148767778224186,QQQ,Nasdaq 100,USD,US10Y
2017-03-17,0.025,24.88,0.015192926045016,QQQ,Nasdaq 100,USD,US10Y
2017-03-20,0.0247,24.9,0.0154606425702811,QQQ,Nasdaq 100,USD,US10Y
2017-03-21,0.0243,24.53,0.0164664084794129,QQQ,Nasdaq 100,USD,US10Y
2017-03-22,0.024,24.69,0.0165022276225192,QQQ,Nasdaq 100,USD,US10Y
2017-03-23,0.0241,24.63,0.0165008932196508,QQQ,Nasdaq 100,USD,US10Y
2017-03-24,0.024,24.67,0.0165350628293473,QQQ,Nasdaq 100,USD,US10Y
2017-03-27,0.0237999999999999,24.72,0.016653074433657,QQQ,Nasdaq 100,USD,US10Y
2017-03-28,0.0242,24.87,0.0160090872537193,QQQ,Nasdaq 100,USD,US10Y
2017-03-29,0.0239,24.98,0.0161320256204963,QQQ,Nasdaq 100,USD,US10Y
2017-03-30,0.0242,25.02,0.0157680255795363,QQQ,Nasdaq 100,USD,US10Y
2017-03-31,0.024,23.66,0.0182654268808114,QQQ,Nasdaq 100,USD,US10Y
2017-04-03,0.0235,23.65,0.0187832980972515,QQQ,Nasdaq 100,USD,US10Y
2017-04-04,0.0236,23.68,0.0186297297297297,QQQ,Nasdaq 100,USD,US10Y
2017-04-05,0.0233999999999999,23.59,0.0189908435777872,QQQ,Nasdaq 100,USD,US10Y
2017-04-06,0.0233999999999999,23.6,0.0189728813559323,QQQ,Nasdaq 100,USD,US10Y
2017-04-07,0.0237999999999999,23.59,0.0185908435777872,QQQ,Nasdaq 100,USD,US10Y
2017-04-10,0.0237,23.6,0.0186728813559322,QQQ,Nasdaq 100,USD,US10Y
2017-04-11,0.0232,23.5,0.0193531914893617,QQQ,Nasdaq 100,USD,US10Y
2017-04-12,0.0227999999999999,23.41,0.0199167876975652,QQQ,Nasdaq 100,USD,US10Y
2017-04-13,0.0224,23.3,0.0205184549356223,QQQ,Nasdaq 100,USD,US10Y
2017-04-17,0.0226,23.5,0.0199531914893617,QQQ,Nasdaq 100,USD,US10Y
2017-04-18,0.0218,23.47,0.0208075841499787,QQQ,Nasdaq 100,USD,US10Y
2017-04-19,0.0220999999999999,23.5,0.0204531914893618,QQQ,Nasdaq 100,USD,US10Y
2017-04-20,0.0224,23.7,0.0197940928270042,QQQ,Nasdaq 100,USD,US10Y
2017-04-21,0.0224,23.69,0.0198119037568594,QQQ,Nasdaq 100,USD,US10Y
2017-04-24,0.0227999999999999,23.98,0.0189014178482069,QQQ,Nasdaq 100,USD,US10Y
2017-04-25,0.0235,24.15,0.017907867494824,QQQ,Nasdaq 100,USD,US10Y
2017-04-26,0.0232,24.12,0.0182593698175787,QQQ,Nasdaq 100,USD,US10Y
2017-04-27,0.023,24.25,0.0182371134020618,QQQ,Nasdaq 100,USD,US10Y
2017-04-28,0.0229,24.31,0.0182353352529823,QQQ,Nasdaq 100,USD,US10Y
2017-05-01,0.0233,24.51,0.0174996736026111,QQQ,Nasdaq 100,USD,US10Y
2017-05-02,0.0229,24.57,0.0178000407000407,QQQ,Nasdaq 100,USD,US10Y
2017-05-03,0.0233,24.49,0.0175329930583911,QQQ,Nasdaq 100,USD,US10Y
2017-05-04,0.0236,24.49,0.0172329930583911,QQQ,Nasdaq 100,USD,US10Y
2017-05-05,0.0236,24.58,0.0170834825061025,QQQ,Nasdaq 100,USD,US10Y
2017-05-08,0.0239,24.63,0.0167008932196508,QQQ,Nasdaq 100,USD,US10Y
2017-05-09,0.0242,24.72,0.0162530744336569,QQQ,Nasdaq 100,USD,US10Y
2017-05-10,0.0241,24.73,0.016336716538617,QQQ,Nasdaq 100,USD,US10Y
2017-05-11,0.0239,24.7,0.0165858299595141,QQQ,Nasdaq 100,USD,US10Y
2017-05-12,0.0233,24.75,0.0171040404040404,QQQ,Nasdaq 100,USD,US10Y
2017-05-15,0.0233999999999999,24.83,0.0168738622633911,QQQ,Nasdaq 100,USD,US10Y
2017-05-16,0.0233,24.92,0.0168284109149277,QQQ,Nasdaq 100,USD,US10Y
2017-05-17,0.0222,24.29,0.0189692054343351,QQQ,Nasdaq 100,USD,US10Y
2017-05-18,0.0223,24.49,0.0185329930583911,QQQ,Nasdaq 100,USD,US10Y
2017-05-19,0.0223,24.6,0.018350406504065,QQQ,Nasdaq 100,USD,US10Y
2017-05-22,0.0225,24.81,0.0178063280935106,QQQ,Nasdaq 100,USD,US10Y
2017-05-23,0.0229,24.83,0.017373862263391,QQQ,Nasdaq 100,USD,US10Y
2017-05-24,0.0226,24.94,0.0174962309542902,QQQ,Nasdaq 100,USD,US10Y
2017-05-25,0.0225,25.15,0.0172614314115308,QQQ,Nasdaq 100,USD,US10Y
2017-05-26,0.0225,25.2,0.0171825396825396,QQQ,Nasdaq 100,USD,US10Y
2017-05-30,0.0220999999999999,25.22,0.0175510705789057,QQQ,Nasdaq 100,USD,US10Y
2017-05-31,0.0220999999999999,25.2,0.0175825396825397,QQQ,Nasdaq 100,USD,US10Y
2017-06-01,0.0220999999999999,25.32,0.0173944707740917,QQQ,Nasdaq 100,USD,US10Y
2017-06-02,0.0215,25.6,0.0175625,QQQ,Nasdaq 100,USD,US10Y
2017-06-05,0.0218,25.59,0.0172777647518561,QQQ,Nasdaq 100,USD,US10Y
2017-06-06,0.0214,25.49,0.0178310710082385,QQQ,Nasdaq 100,USD,US10Y
2017-06-07,0.0218,25.59,0.0172777647518561,QQQ,Nasdaq 100,USD,US10Y
2017-06-08,0.0219,25.62,0.017132006245121,QQQ,Nasdaq 100,USD,US10Y
2017-06-09,0.0220999999999999,24.99,0.0179160064025611,QQQ,Nasdaq 100,USD,US10Y
2017-06-12,0.0220999999999999,24.85,0.018141448692153,QQQ,Nasdaq 100,USD,US10Y
2017-06-13,0.0220999999999999,25.04,0.0178361022364218,QQQ,Nasdaq 100,USD,US10Y
2017-06-14,0.0215,24.93,0.0186123144805455,QQQ,Nasdaq 100,USD,US10Y
2017-06-15,0.0216,24.82,0.018690088638195,QQQ,Nasdaq 100,USD,US10Y
2017-06-16,0.0216,24.73,0.018836716538617,QQQ,Nasdaq 100,USD,US10Y
2017-06-19,0.0219,25.13,0.0178930760047751,QQQ,Nasdaq 100,USD,US10Y
2017-06-20,0.0216,24.93,0.0185123144805455,QQQ,Nasdaq 100,USD,US10Y
2017-06-21,0.0216,25.17,0.0181298371076678,QQQ,Nasdaq 100,USD,US10Y
2017-06-22,0.0215,25.16,0.0182456279809221,QQQ,Nasdaq 100,USD,US10Y
2017-06-23,0.0215,25.26,0.0180882818685669,QQQ,Nasdaq 100,USD,US10Y
2017-06-26,0.0214,25.15,0.0183614314115308,QQQ,Nasdaq 100,USD,US10Y
2017-06-27,0.0220999999999999,24.69,0.0184022276225193,QQQ,Nasdaq 100,USD,US10Y
2017-06-28,0.0222,25.04,0.0177361022364217,QQQ,Nasdaq 100,USD,US10Y
2017-06-29,0.0227,24.61,0.017933888663145,QQQ,Nasdaq 100,USD,US10Y
2017-06-30,0.0231,23.93,0.0186885499373171,QQQ,Nasdaq 100,USD,US10Y
2017-07-03,0.0235,23.72,0.018658516020236,QQQ,Nasdaq 100,USD,US10Y
2017-07-05,0.0233,23.94,0.0184710944026733,QQQ,Nasdaq 100,USD,US10Y
2017-07-06,0.0237,23.72,0.018458516020236,QQQ,Nasdaq 100,USD,US10Y
2017-07-07,0.0239,23.97,0.0178188151856487,QQQ,Nasdaq 100,USD,US10Y
2017-07-10,0.0237999999999999,24.13,0.0176421881475342,QQQ,Nasdaq 100,USD,US10Y
2017-07-11,0.0237,24.2,0.0176223140495867,QQQ,Nasdaq 100,USD,US10Y
2017-07-12,0.0233,24.49,0.0175329930583911,QQQ,Nasdaq 100,USD,US10Y
2017-07-13,0.0235,24.55,0.0172331975560081,QQQ,Nasdaq 100,USD,US10Y
2017-07-14,0.0233,24.74,0.0171203718674211,QQQ,Nasdaq 100,USD,US10Y
2017-07-17,0.0231,24.75,0.0173040404040404,QQQ,Nasdaq 100,USD,US10Y
2017-07-18,0.0227,24.92,0.0174284109149277,QQQ,Nasdaq 100,USD,US10Y
2017-07-19,0.0227,25.07,0.0171883127243717,QQQ,Nasdaq 100,USD,US10Y
2017-07-20,0.0227,25.09,0.0171565165404543,QQQ,Nasdaq 100,USD,US10Y
2017-07-21,0.0224,25.09,0.0174565165404543,QQQ,Nasdaq 100,USD,US10Y
2017-07-24,0.0226,25.18,0.0171140587768069,QQQ,Nasdaq 100,USD,US10Y
2017-07-25,0.0233,25.13,0.0164930760047751,QQQ,Nasdaq 100,USD,US10Y
2017-07-26,0.0229,25.22,0.0167510705789056,QQQ,Nasdaq 100,USD,US10Y
2017-07-27,0.0232,25.07,0.0166883127243717,QQQ,Nasdaq 100,USD,US10Y
2017-07-28,0.023,25.04,0.0169361022364217,QQQ,Nasdaq 100,USD,US10Y
2017-07-31,0.023,24.92,0.0171284109149277,QQQ,Nasdaq 100,USD,US10Y
2017-08-01,0.0226,24.98,0.0174320256204963,QQQ,Nasdaq 100,USD,US10Y
2017-08-02,0.0227,25.06,0.0172042298483639,QQQ,Nasdaq 100,USD,US10Y
2017-08-03,0.0224,24.96,0.0176641025641025,QQQ,Nasdaq 100,USD,US10Y
2017-08-04,0.0227,25.0,0.0173,QQQ,Nasdaq 100,USD,US10Y
2017-08-07,0.0226,25.15,0.0171614314115308,QQQ,Nasdaq 100,USD,US10Y
2017-08-08,0.0229,25.11,0.0169247710075667,QQQ,Nasdaq 100,USD,US10Y
2017-08-09,0.0224,25.08,0.0174724082934609,QQQ,Nasdaq 100,USD,US10Y
2017-08-10,0.022,24.53,0.0187664084794129,QQQ,Nasdaq 100,USD,US10Y
2017-08-11,0.0219,24.71,0.0185694455685957,QQQ,Nasdaq 100,USD,US10Y
2017-08-14,0.0222,25.04,0.0177361022364217,QQQ,Nasdaq 100,USD,US10Y
2017-08-15,0.0227,25.03,0.0172520575309628,QQQ,Nasdaq 100,USD,US10Y
2017-08-16,0.0223,25.08,0.0175724082934609,QQQ,Nasdaq 100,USD,US10Y
2017-08-17,0.0219,24.56,0.0188166123778501,QQQ,Nasdaq 100,USD,US10Y
2017-08-18,0.0219,24.54,0.0188497962510187,QQQ,Nasdaq 100,USD,US10Y
2017-08-21,0.0218,24.52,0.0189830342577487,QQQ,Nasdaq 100,USD,US10Y
2017-08-22,0.0222,24.89,0.0179767778224186,QQQ,Nasdaq 100,USD,US10Y
2017-08-23,0.0217,24.8,0.0186225806451612,QQQ,Nasdaq 100,USD,US10Y
2017-08-24,0.0219,24.72,0.0185530744336569,QQQ,Nasdaq 100,USD,US10Y
2017-08-25,0.0217,24.67,0.0188350628293473,QQQ,Nasdaq 100,USD,US10Y
2017-08-28,0.0216,24.74,0.0188203718674211,QQQ,Nasdaq 100,USD,US10Y
2017-08-29,0.0213,24.84,0.0189576489533011,QQQ,Nasdaq 100,USD,US10Y
2017-08-30,0.0215,25.14,0.0182772474144789,QQQ,Nasdaq 100,USD,US10Y
2017-08-31,0.0212,25.38,0.0182011032308904,QQQ,Nasdaq 100,USD,US10Y
2017-09-01,0.0216,25.37,0.0178166338194718,QQQ,Nasdaq 100,USD,US10Y
2017-09-05,0.0207,25.14,0.0190772474144789,QQQ,Nasdaq 100,USD,US10Y
2017-09-06,0.021,25.22,0.0186510705789056,QQQ,Nasdaq 100,USD,US10Y
2017-09-07,0.0204999999999999,25.27,0.0190726157499011,QQQ,Nasdaq 100,USD,US10Y
2017-09-08,0.0206,25.06,0.0193042298483639,QQQ,Nasdaq 100,USD,US10Y
2017-09-11,0.0214,25.34,0.0180632991318074,QQQ,Nasdaq 100,USD,US10Y
2017-09-12,0.0217,25.41,0.0176545848091302,QQQ,Nasdaq 100,USD,US10Y
2017-09-13,0.022,25.44,0.0173081761006289,QQQ,Nasdaq 100,USD,US10Y
2017-09-14,0.022,25.29,0.0175413206801107,QQQ,Nasdaq 100,USD,US10Y
2017-09-15,0.022,25.37,0.0174166338194718,QQQ,Nasdaq 100,USD,US10Y
2017-09-18,0.0223,25.35,0.017147731755424,QQQ,Nasdaq 100,USD,US10Y
2017-09-19,0.0224,25.39,0.0169855848759354,QQQ,Nasdaq 100,USD,US10Y
2017-09-20,0.0227999999999999,25.31,0.0167100750691427,QQQ,Nasdaq 100,USD,US10Y
2017-09-21,0.0227,25.15,0.0170614314115308,QQQ,Nasdaq 100,USD,US10Y
2017-09-22,0.0226,25.14,0.0171772474144789,QQQ,Nasdaq 100,USD,US10Y
2017-09-25,0.0222,24.86,0.0180252614641995,QQQ,Nasdaq 100,USD,US10Y
2017-09-26,0.0224,24.92,0.0177284109149277,QQQ,Nasdaq 100,USD,US10Y
2017-09-27,0.0231,25.16,0.0166456279809221,QQQ,Nasdaq 100,USD,US10Y
2017-09-28,0.0231,25.14,0.0166772474144789,QQQ,Nasdaq 100,USD,US10Y
2017-09-29,0.0233,25.34,0.0161632991318074,QQQ,Nasdaq 100,USD,US10Y
2017-10-02,0.0233999999999999,23.01,0.0200593654932638,QQQ,Nasdaq 100,USD,US10Y
2017-10-03,0.0233,23.06,0.0200651344319167,QQQ,Nasdaq 100,USD,US10Y
2017-10-04,0.0233,23.07,0.0200463372345036,QQQ,Nasdaq 100,USD,US10Y
2017-10-05,0.0235,23.3,0.0194184549356223,QQQ,Nasdaq 100,USD,US10Y
2017-10-06,0.0237,23.33,0.0191632661808829,QQQ,Nasdaq 100,USD,US10Y
2017-10-09,0.0237,23.3,0.0192184549356223,QQQ,Nasdaq 100,USD,US10Y
2017-10-10,0.0235,23.32,0.0193816466552315,QQQ,Nasdaq 100,USD,US10Y
2017-10-11,0.0235,23.39,0.019253313381787,QQQ,Nasdaq 100,USD,US10Y
2017-10-12,0.0233,23.35,0.0195265524625267,QQQ,Nasdaq 100,USD,US10Y
2017-10-13,0.0227999999999999,23.43,0.0198803243704653,QQQ,Nasdaq 100,USD,US10Y
2017-10-16,0.023,23.52,0.019517006802721,QQQ,Nasdaq 100,USD,US10Y
2017-10-17,0.023,23.55,0.0194628450106157,QQQ,Nasdaq 100,USD,US10Y
2017-10-18,0.0233999999999999,23.52,0.0191170068027211,QQQ,Nasdaq 100,USD,US10Y
2017-10-19,0.0233,23.43,0.0193803243704652,QQQ,Nasdaq 100,USD,US10Y
2017-10-20,0.0239,23.5,0.0186531914893617,QQQ,Nasdaq 100,USD,US10Y
2017-10-23,0.0237999999999999,23.34,0.0190449014567267,QQQ,Nasdaq 100,USD,US10Y
2017-10-24,0.0242,23.39,0.018553313381787,QQQ,Nasdaq 100,USD,US10Y
2017-10-25,0.0243999999999999,23.29,0.0185368827823101,QQQ,Nasdaq 100,USD,US10Y
2017-10-26,0.0246,23.22,0.0184663221360895,QQQ,Nasdaq 100,USD,US10Y
2017-10-27,0.0242,23.9,0.0176410041841004,QQQ,Nasdaq 100,USD,US10Y
2017-10-30,0.0237,23.95,0.0180536534446764,QQQ,Nasdaq 100,USD,US10Y
2017-10-31,0.0237999999999999,24.03,0.0178146483562214,QQQ,Nasdaq 100,USD,US10Y
2017-11-01,0.0237,24.03,0.0179146483562213,QQQ,Nasdaq 100,USD,US10Y
2017-11-02,0.0235,23.99,0.0181840350145894,QQQ,Nasdaq 100,USD,US10Y
2017-11-03,0.0233999999999999,24.22,0.017888191577209,QQQ,Nasdaq 100,USD,US10Y
2017-11-06,0.0232,24.28,0.0179861614497528,QQQ,Nasdaq 100,USD,US10Y
2017-11-07,0.0232,24.31,0.0179353352529823,QQQ,Nasdaq 100,USD,US10Y
2017-11-08,0.0232,24.41,0.0177668168783285,QQQ,Nasdaq 100,USD,US10Y
2017-11-09,0.0233,24.28,0.0178861614497528,QQQ,Nasdaq 100,USD,US10Y
2017-11-10,0.024,24.27,0.0172031314379892,QQQ,Nasdaq 100,USD,US10Y
2017-11-13,0.024,24.29,0.0171692054343351,QQQ,Nasdaq 100,USD,US10Y
2017-11-14,0.0237999999999999,24.21,0.0175052457662124,QQQ,Nasdaq 100,USD,US10Y
2017-11-15,0.0233,24.07,0.0182454923140839,QQQ,Nasdaq 100,USD,US10Y
2017-11-16,0.0237,24.38,0.0173172272354388,QQQ,Nasdaq 100,USD,US10Y
2017-11-17,0.0235,24.29,0.0176692054343351,QQQ,Nasdaq 100,USD,US10Y
2017-11-20,0.0237,24.27,0.0175031314379892,QQQ,Nasdaq 100,USD,US10Y
2017-11-21,0.0236,24.53,0.0171664084794129,QQQ,Nasdaq 100,USD,US10Y
2017-11-22,0.0232,24.56,0.0175166123778501,QQQ,Nasdaq 100,USD,US10Y
2017-11-24,0.0233999999999999,24.65,0.0171679513184585,QQQ,Nasdaq 100,USD,US10Y
2017-11-27,0.0232,24.64,0.0173844155844155,QQQ,Nasdaq 100,USD,US10Y
2017-11-28,0.0233999999999999,24.7,0.0170858299595142,QQQ,Nasdaq 100,USD,US10Y
2017-11-29,0.0237,24.28,0.0174861614497528,QQQ,Nasdaq 100,USD,US10Y
2017-11-30,0.0242,24.48,0.0166496732026143,QQQ,Nasdaq 100,USD,US10Y
2017-12-01,0.0237,24.38,0.0173172272354388,QQQ,Nasdaq 100,USD,US10Y
2017-12-04,0.0237,24.09,0.01781100041511,QQQ,Nasdaq 100,USD,US10Y
2017-12-05,0.0236,24.1,0.0178937759336099,QQQ,Nasdaq 100,USD,US10Y
2017-12-06,0.0233,24.21,0.0180052457662123,QQQ,Nasdaq 100,USD,US10Y
2017-12-07,0.0237,24.29,0.0174692054343351,QQQ,Nasdaq 100,USD,US10Y
2017-12-08,0.0237999999999999,24.4,0.0171836065573771,QQQ,Nasdaq 100,USD,US10Y
2017-12-11,0.0239,24.59,0.0167669377795851,QQQ,Nasdaq 100,USD,US10Y
2017-12-12,0.024,24.55,0.0167331975560081,QQQ,Nasdaq 100,USD,US10Y
2017-12-13,0.0236,24.6,0.017050406504065,QQQ,Nasdaq 100,USD,US10Y
2017-12-14,0.0235,24.58,0.0171834825061025,QQQ,Nasdaq 100,USD,US10Y
2017-12-15,0.0235,24.87,0.0167090872537193,QQQ,Nasdaq 100,USD,US10Y
2017-12-18,0.0239,25.05,0.0160201596806387,QQQ,Nasdaq 100,USD,US10Y
2017-12-19,0.0246,24.93,0.0155123144805455,QQQ,Nasdaq 100,USD,US10Y
2017-12-20,0.0249,24.9,0.0152606425702811,QQQ,Nasdaq 100,USD,US10Y
2017-12-21,0.0248,24.9,0.0153606425702811,QQQ,Nasdaq 100,USD,US10Y
2017-12-22,0.0248,24.87,0.0154090872537193,QQQ,Nasdaq 100,USD,US10Y
2017-12-26,0.0247,24.74,0.0157203718674211,QQQ,Nasdaq 100,USD,US10Y
2017-12-27,0.0242,24.75,0.0162040404040404,QQQ,Nasdaq 100,USD,US10Y
2017-12-28,0.0243,24.78,0.0160551251008878,QQQ,Nasdaq 100,USD,US10Y
2017-12-29,0.024,24.6,0.016650406504065,QQQ,Nasdaq 100,USD,US10Y
2018-01-02,0.0246,26.78,0.0127412994772218,QQQ,Nasdaq 100,USD,US10Y
2018-01-03,0.0243999999999999,27.05,0.0125685767097967,QQQ,Nasdaq 100,USD,US10Y
2018-01-04,0.0246,27.08,0.0123276218611521,QQQ,Nasdaq 100,USD,US10Y
2018-01-05,0.0247,27.37,0.0118363536719035,QQQ,Nasdaq 100,USD,US10Y
2018-01-08,0.0249,27.46,0.0115166059723233,QQQ,Nasdaq 100,USD,US10Y
2018-01-09,0.0255,27.47,0.0109033491081179,QQQ,Nasdaq 100,USD,US10Y
2018-01-10,0.0255,27.4,0.0109963503649635,QQQ,Nasdaq 100,USD,US10Y
2018-01-11,0.0254,27.59,0.0108450163102573,QQQ,Nasdaq 100,USD,US10Y
2018-01-12,0.0255,27.8,0.0104712230215827,QQQ,Nasdaq 100,USD,US10Y
2018-01-16,0.0254,27.71,0.0106880548538433,QQQ,Nasdaq 100,USD,US10Y
2018-01-17,0.0256999999999999,28.01,0.0100015351660122,QQQ,Nasdaq 100,USD,US10Y
2018-01-18,0.0262,28.02,0.0094887937187723,QQQ,Nasdaq 100,USD,US10Y
2018-01-19,0.0264,28.11,0.0091745286374955,QQQ,Nasdaq 100,USD,US10Y
2018-01-22,0.0266,28.41,0.0085988736360436,QQQ,Nasdaq 100,USD,US10Y
2018-01-23,0.0263,28.64,0.0086162011173184,QQQ,Nasdaq 100,USD,US10Y
2018-01-24,0.0265,28.46,0.0086370344342937,QQQ,Nasdaq 100,USD,US10Y
2018-01-25,0.0263,28.45,0.0088493848857645,QQQ,Nasdaq 100,USD,US10Y
2018-01-26,0.0266,28.89,0.008014053305642,QQQ,Nasdaq 100,USD,US10Y
2018-01-29,0.027,28.74,0.007794711203897,QQQ,Nasdaq 100,USD,US10Y
2018-01-30,0.0273,28.51,0.0077754121360925,QQQ,Nasdaq 100,USD,US10Y
2018-01-31,0.0272,28.59,0.0077772647778943,QQQ,Nasdaq 100,USD,US10Y
2018-02-01,0.0278,28.39,0.0074236703064459,QQQ,Nasdaq 100,USD,US10Y
2018-02-02,0.0283999999999999,27.81,0.0075582883854729,QQQ,Nasdaq 100,USD,US10Y
2018-02-05,0.0277,26.72,0.0097251497005988,QQQ,Nasdaq 100,USD,US10Y
2018-02-06,0.0279,27.42,0.008569730123997,QQQ,Nasdaq 100,USD,US10Y
2018-02-07,0.0283999999999999,27.07,0.008541263391208,QQQ,Nasdaq 100,USD,US10Y
2018-02-08,0.0285,25.94,0.010050501156515,QQQ,Nasdaq 100,USD,US10Y
2018-02-09,0.0283,26.38,0.0096075056861258,QQQ,Nasdaq 100,USD,US10Y
2018-02-12,0.0286,26.83,0.0086717107715244,QQQ,Nasdaq 100,USD,US10Y
2018-02-13,0.0283,26.96,0.0087919881305637,QQQ,Nasdaq 100,USD,US10Y
2018-02-14,0.0291,27.46,0.0073166059723233,QQQ,Nasdaq 100,USD,US10Y
2018-02-15,0.0289999999999999,27.95,0.0067781753130591,QQQ,Nasdaq 100,USD,US10Y
2018-02-16,0.0287,27.85,0.0072066427289048,QQQ,Nasdaq 100,USD,US10Y
2018-02-20,0.0288,27.89,0.0070551452133381,QQQ,Nasdaq 100,USD,US10Y
2018-02-21,0.0294,27.8,0.0065712230215827,QQQ,Nasdaq 100,USD,US10Y
2018-02-22,0.0292,27.81,0.0067582883854728,QQQ,Nasdaq 100,USD,US10Y
2018-02-23,0.0288,28.37,0.0064485019386676,QQQ,Nasdaq 100,USD,US10Y
2018-02-26,0.0286,28.75,0.0061826086956521,QQQ,Nasdaq 100,USD,US10Y
2018-02-27,0.0289999999999999,28.38,0.0062360817477097,QQQ,Nasdaq 100,USD,US10Y
2018-02-28,0.0287,28.19,0.0067735721887194,QQQ,Nasdaq 100,USD,US10Y
2018-03-01,0.0281,27.77,0.0079100828231904,QQQ,Nasdaq 100,USD,US10Y
2018-03-02,0.0286,28.01,0.0071015351660121,QQQ,Nasdaq 100,USD,US10Y
2018-03-05,0.0288,28.3,0.0065356890459363,QQQ,Nasdaq 100,USD,US10Y
2018-03-06,0.0288,28.43,0.0063741118536756,QQQ,Nasdaq 100,USD,US10Y
2018-03-07,0.0289,28.5,0.0061877192982456,QQQ,Nasdaq 100,USD,US10Y
2018-03-08,0.0286,28.65,0.0063040139616055,QQQ,Nasdaq 100,USD,US10Y
2018-03-09,0.0289999999999999,29.21,0.0052348510783979,QQQ,Nasdaq 100,USD,US10Y
2018-03-12,0.0287,29.33,0.0053947834981247,QQQ,Nasdaq 100,USD,US10Y
2018-03-13,0.0283999999999999,28.98,0.0061065562456867,QQQ,Nasdaq 100,USD,US10Y
2018-03-14,0.0281,28.96,0.0064303867403314,QQQ,Nasdaq 100,USD,US10Y
2018-03-15,0.0282,28.92,0.0063781466113416,QQQ,Nasdaq 100,USD,US10Y
2018-03-16,0.0285,28.87,0.0061380325597506,QQQ,Nasdaq 100,USD,US10Y
2018-03-19,0.0285,28.24,0.0069107648725212,QQQ,Nasdaq 100,USD,US10Y
2018-03-20,0.0289,28.32,0.0064107344632768,QQQ,Nasdaq 100,USD,US10Y
2018-03-21,0.0289,28.19,0.0065735721887194,QQQ,Nasdaq 100,USD,US10Y
2018-03-22,0.0283,27.49,0.0080768643142961,QQQ,Nasdaq 100,USD,US10Y
2018-03-23,0.0282,26.77,0.0091552484124019,QQQ,Nasdaq 100,USD,US10Y
2018-03-26,0.0285,27.78,0.0074971202303815,QQQ,Nasdaq 100,USD,US10Y
2018-03-27,0.0278,26.86,0.0094300819061801,QQQ,Nasdaq 100,USD,US10Y
2018-03-28,0.0277,26.57,0.0099364320662401,QQQ,Nasdaq 100,USD,US10Y
2018-03-29,0.0274,27.07,0.0095412633912079,QQQ,Nasdaq 100,USD,US10Y
2018-04-02,0.0273,24.74,0.0131203718674211,QQQ,Nasdaq 100,USD,US10Y
2018-04-03,0.0279,25.01,0.012084006397441,QQQ,Nasdaq 100,USD,US10Y
2018-04-04,0.0279,25.4,0.0114700787401574,QQQ,Nasdaq 100,USD,US10Y
2018-04-05,0.0283,25.53,0.0108696043869956,QQQ,Nasdaq 100,USD,US10Y
2018-04-06,0.0277,24.91,0.0124445202729827,QQQ,Nasdaq 100,USD,US10Y
2018-04-09,0.0278,25.06,0.0121042298483639,QQQ,Nasdaq 100,USD,US10Y
2018-04-10,0.0279999999999999,25.61,0.0110472471690746,QQQ,Nasdaq 100,USD,US10Y
2018-04-11,0.0279,25.49,0.0113310710082385,QQQ,Nasdaq 100,USD,US10Y
2018-04-12,0.0283,25.77,0.0105048117966627,QQQ,Nasdaq 100,USD,US10Y
2018-04-13,0.0282,25.66,0.0107711613406079,QQQ,Nasdaq 100,USD,US10Y
2018-04-16,0.0283,25.84,0.0103996904024767,QQQ,Nasdaq 100,USD,US10Y
2018-04-17,0.0282,26.39,0.0096931413414172,QQQ,Nasdaq 100,USD,US10Y
2018-04-18,0.0287,26.46,0.009092894935752,QQQ,Nasdaq 100,USD,US10Y
2018-04-19,0.0292,26.23,0.008924285169653,QQQ,Nasdaq 100,USD,US10Y
2018-04-20,0.0296,25.82,0.0091296669248644,QQQ,Nasdaq 100,USD,US10Y
2018-04-23,0.0298,25.74,0.0090500388500388,QQQ,Nasdaq 100,USD,US10Y
2018-04-24,0.03,25.2,0.0096825396825396,QQQ,Nasdaq 100,USD,US10Y
2018-04-25,0.0302999999999999,25.22,0.0093510705789057,QQQ,Nasdaq 100,USD,US10Y
2018-04-26,0.03,25.75,0.0088349514563106,QQQ,Nasdaq 100,USD,US10Y
2018-04-27,0.0296,25.77,0.0092048117966627,QQQ,Nasdaq 100,USD,US10Y
2018-04-30,0.0295,25.57,0.0096083300743058,QQQ,Nasdaq 100,USD,US10Y
2018-05-01,0.0297,25.87,0.0089548125241592,QQQ,Nasdaq 100,USD,US10Y
2018-05-02,0.0297,25.73,0.0091651379712397,QQQ,Nasdaq 100,USD,US10Y
2018-05-03,0.0294,25.72,0.0094802488335925,QQQ,Nasdaq 100,USD,US10Y
2018-05-04,0.0295,26.21,0.0086533765738267,QQQ,Nasdaq 100,USD,US10Y
2018-05-07,0.0295,26.41,0.0083644452858765,QQQ,Nasdaq 100,USD,US10Y
2018-05-08,0.0297,26.39,0.0081931413414172,QQQ,Nasdaq 100,USD,US10Y
2018-05-09,0.03,26.69,0.0074672161858373,QQQ,Nasdaq 100,USD,US10Y
2018-05-10,0.0297,26.96,0.0073919881305637,QQQ,Nasdaq 100,USD,US10Y
2018-05-11,0.0297,26.92,0.0074471025260029,QQQ,Nasdaq 100,USD,US10Y
2018-05-14,0.03,26.96,0.0070919881305637,QQQ,Nasdaq 100,USD,US10Y
2018-05-15,0.0308,26.67,0.0066953130858642,QQQ,Nasdaq 100,USD,US10Y
2018-05-16,0.0308999999999999,26.83,0.0063717107715245,QQQ,Nasdaq 100,USD,US10Y
2018-05-17,0.0311,26.72,0.0063251497005988,QQQ,Nasdaq 100,USD,US10Y
2018-05-18,0.0306,26.58,0.007022272385252,QQQ,Nasdaq 100,USD,US10Y
2018-05-21,0.0306,26.74,0.0067971578160059,QQQ,Nasdaq 100,USD,US10Y
2018-05-22,0.0306,26.69,0.0068672161858373,QQQ,Nasdaq 100,USD,US10Y
2018-05-23,0.0301,26.92,0.0070471025260029,QQQ,Nasdaq 100,USD,US10Y
2018-05-24,0.0298,26.91,0.0073609067261241,QQQ,Nasdaq 100,USD,US10Y
2018-05-25,0.0293,26.95,0.0078057513914656,QQQ,Nasdaq 100,USD,US10Y
2018-05-29,0.0277,26.82,0.0095856077554064,QQQ,Nasdaq 100,USD,US10Y
2018-05-30,0.0283999999999999,27.01,0.0086233246945576,QQQ,Nasdaq 100,USD,US10Y
2018-05-31,0.0283,26.98,0.0087644922164566,QQQ,Nasdaq 100,USD,US10Y
2018-06-01,0.0289,27.43,0.0075564345606999,QQQ,Nasdaq 100,USD,US10Y
2018-06-04,0.0294,27.66,0.0067532899493853,QQQ,Nasdaq 100,USD,US10Y
2018-06-05,0.0292,27.75,0.006836036036036,QQQ,Nasdaq 100,USD,US10Y
2018-06-06,0.0297,27.92,0.0061166189111747,QQQ,Nasdaq 100,USD,US10Y
2018-06-07,0.0293,27.69,0.0068141206211628,QQQ,Nasdaq 100,USD,US10Y
2018-06-08,0.0293,27.69,0.0068141206211628,QQQ,Nasdaq 100,USD,US10Y
2018-06-11,0.0296,27.75,0.006436036036036,QQQ,Nasdaq 100,USD,US10Y
2018-06-12,0.0296,27.91,0.0062294518093873,QQQ,Nasdaq 100,USD,US10Y
2018-06-13,0.0298,27.9,0.00604229390681,QQQ,Nasdaq 100,USD,US10Y
2018-06-14,0.0294,28.18,0.0060861603974449,QQQ,Nasdaq 100,USD,US10Y
2018-06-15,0.0293,28.09,0.0062998576005696,QQQ,Nasdaq 100,USD,US10Y
2018-06-18,0.0292,28.08,0.0064125356125356,QQQ,Nasdaq 100,USD,US10Y
2018-06-19,0.0289,27.98,0.0068398141529664,QQQ,Nasdaq 100,USD,US10Y
2018-06-20,0.0293,28.19,0.0061735721887194,QQQ,Nasdaq 100,USD,US10Y
2018-06-21,0.0289999999999999,27.94,0.0067909806728705,QQQ,Nasdaq 100,USD,US10Y
2018-06-22,0.0289999999999999,27.87,0.0068808754933621,QQQ,Nasdaq 100,USD,US10Y
2018-06-25,0.0287,27.25,0.007997247706422,QQQ,Nasdaq 100,USD,US10Y
2018-06-26,0.0288,27.37,0.0077363536719035,QQQ,Nasdaq 100,USD,US10Y
2018-06-27,0.0283,26.98,0.0087644922164566,QQQ,Nasdaq 100,USD,US10Y
2018-06-28,0.0283999999999999,27.22,0.0083376928728876,QQQ,Nasdaq 100,USD,US10Y
2018-06-29,0.0285,27.26,0.0081837857666911,QQQ,Nasdaq 100,USD,US10Y
2018-07-02,0.0287,25.22,0.0109510705789056,QQQ,Nasdaq 100,USD,US10Y
2018-07-03,0.0283,24.92,0.0118284109149277,QQQ,Nasdaq 100,USD,US10Y
2018-07-05,0.0283999999999999,25.23,0.0112353547364249,QQQ,Nasdaq 100,USD,US10Y
2018-07-06,0.0282,25.61,0.0108472471690745,QQQ,Nasdaq 100,USD,US10Y
2018-07-09,0.0286,25.85,0.0100847195357833,QQQ,Nasdaq 100,USD,US10Y
2018-07-10,0.0287,25.88,0.0099398763523956,QQQ,Nasdaq 100,USD,US10Y
2018-07-11,0.0285,25.74,0.0103500388500388,QQQ,Nasdaq 100,USD,US10Y
2018-07-12,0.0285,26.17,0.00971169277799,QQQ,Nasdaq 100,USD,US10Y
2018-07-13,0.0283,26.21,0.0098533765738267,QQQ,Nasdaq 100,USD,US10Y
2018-07-16,0.0285,26.14,0.0097555470543228,QQQ,Nasdaq 100,USD,US10Y
2018-07-17,0.0286,26.31,0.0094083618396047,QQQ,Nasdaq 100,USD,US10Y
2018-07-18,0.0288,26.26,0.009280731150038,QQQ,Nasdaq 100,USD,US10Y
2018-07-19,0.0283999999999999,26.12,0.0098848392036754,QQQ,Nasdaq 100,USD,US10Y
2018-07-20,0.0289,26.12,0.0093848392036753,QQQ,Nasdaq 100,USD,US10Y
2018-07-23,0.0296,26.19,0.0085825124093165,QQQ,Nasdaq 100,USD,US10Y
2018-07-24,0.0295,26.32,0.0084939209726443,QQQ,Nasdaq 100,USD,US10Y
2018-07-25,0.0294,26.68,0.0080812593703148,QQQ,Nasdaq 100,USD,US10Y
2018-07-26,0.0298,26.3,0.0082228136882129,QQQ,Nasdaq 100,USD,US10Y
2018-07-27,0.0296,25.93,0.0089653682992672,QQQ,Nasdaq 100,USD,US10Y
2018-07-30,0.0298,25.56,0.0093236306729264,QQQ,Nasdaq 100,USD,US10Y
2018-07-31,0.0296,25.7,0.0093105058365758,QQQ,Nasdaq 100,USD,US10Y
2018-08-01,0.03,25.84,0.0086996904024767,QQQ,Nasdaq 100,USD,US10Y
2018-08-02,0.0298,26.19,0.0083825124093165,QQQ,Nasdaq 100,USD,US10Y
2018-08-03,0.0295,26.28,0.0085517503805175,QQQ,Nasdaq 100,USD,US10Y
2018-08-06,0.0294,26.43,0.0084357926598562,QQQ,Nasdaq 100,USD,US10Y
2018-08-07,0.0298,26.52,0.0079073906485671,QQQ,Nasdaq 100,USD,US10Y
2018-08-08,0.0296,26.54,0.0080789751318764,QQQ,Nasdaq 100,USD,US10Y
2018-08-09,0.0293,26.53,0.0083931775348661,QQQ,Nasdaq 100,USD,US10Y
2018-08-10,0.0287,26.32,0.0092939209726443,QQQ,Nasdaq 100,USD,US10Y
2018-08-13,0.0288,26.3,0.0092228136882129,QQQ,Nasdaq 100,USD,US10Y
2018-08-14,0.0289,26.46,0.008892894935752,QQQ,Nasdaq 100,USD,US10Y
2018-08-15,0.0286,26.13,0.0096701875239188,QQQ,Nasdaq 100,USD,US10Y
2018-08-16,0.0287,26.2,0.0094679389312977,QQQ,Nasdaq 100,USD,US10Y
2018-08-17,0.0287,26.21,0.0094533765738267,QQQ,Nasdaq 100,USD,US10Y
2018-08-20,0.0282,26.19,0.0099825124093165,QQQ,Nasdaq 100,USD,US10Y
2018-08-21,0.0285,26.28,0.0095517503805175,QQQ,Nasdaq 100,USD,US10Y
2018-08-22,0.0282,26.38,0.0097075056861258,QQQ,Nasdaq 100,USD,US10Y
2018-08-23,0.0282,26.34,0.009765072133637,QQQ,Nasdaq 100,USD,US10Y
2018-08-24,0.0282,26.6,0.009393984962406,QQQ,Nasdaq 100,USD,US10Y
2018-08-27,0.0285,26.86,0.0087300819061801,QQQ,Nasdaq 100,USD,US10Y
2018-08-28,0.0288,26.9,0.008374721189591,QQQ,Nasdaq 100,USD,US10Y
2018-08-29,0.0289,27.22,0.0078376928728875,QQQ,Nasdaq 100,USD,US10Y
2018-08-30,0.0286,27.16,0.0082188512518409,QQQ,Nasdaq 100,USD,US10Y
2018-08-31,0.0286,27.2,0.0081647058823529,QQQ,Nasdaq 100,USD,US10Y
2018-09-04,0.0289999999999999,27.08,0.0079276218611522,QQQ,Nasdaq 100,USD,US10Y
2018-09-05,0.0289999999999999,26.73,0.0084111485222597,QQQ,Nasdaq 100,USD,US10Y
2018-09-06,0.0288,26.48,0.0089643504531722,QQQ,Nasdaq 100,USD,US10Y
2018-09-07,0.0294,26.4,0.0084787878787878,QQQ,Nasdaq 100,USD,US10Y
2018-09-10,0.0294,26.46,0.008392894935752,QQQ,Nasdaq 100,USD,US10Y
2018-09-11,0.0298,26.68,0.0076812593703148,QQQ,Nasdaq 100,USD,US10Y
2018-09-12,0.0297,26.61,0.0078798571965426,QQQ,Nasdaq 100,USD,US10Y
2018-09-13,0.0297,26.87,0.0075162262746557,QQQ,Nasdaq 100,USD,US10Y
2018-09-14,0.0299,26.81,0.0073995151063036,QQQ,Nasdaq 100,USD,US10Y
2018-09-17,0.0299,26.42,0.0079501135503406,QQQ,Nasdaq 100,USD,US10Y
2018-09-18,0.0305,26.63,0.007051633496057,QQQ,Nasdaq 100,USD,US10Y
2018-09-19,0.0308,26.61,0.0067798571965426,QQQ,Nasdaq 100,USD,US10Y
2018-09-20,0.0306999999999999,26.89,0.0064885459278543,QQQ,Nasdaq 100,USD,US10Y
2018-09-21,0.0306999999999999,26.76,0.0066692077727953,QQQ,Nasdaq 100,USD,US10Y
2018-09-24,0.0308,26.82,0.0064856077554064,QQQ,Nasdaq 100,USD,US10Y
2018-09-25,0.031,26.87,0.0062162262746557,QQQ,Nasdaq 100,USD,US10Y
2018-09-26,0.0306,26.87,0.0066162262746557,QQQ,Nasdaq 100,USD,US10Y
2018-09-27,0.0306,27.11,0.0062867576540022,QQQ,Nasdaq 100,USD,US10Y
2018-09-28,0.0305,27.1,0.00640036900369,QQQ,Nasdaq 100,USD,US10Y
2018-10-01,0.0308999999999999,25.61,0.0081472471690746,QQQ,Nasdaq 100,USD,US10Y
2018-10-02,0.0305,25.55,0.0086389432485322,QQQ,Nasdaq 100,USD,US10Y
2018-10-03,0.0315,25.58,0.0075930414386239,QQQ,Nasdaq 100,USD,US10Y
2018-10-04,0.0319,25.09,0.0079565165404543,QQQ,Nasdaq 100,USD,US10Y
2018-10-05,0.0323,24.78,0.0080551251008878,QQQ,Nasdaq 100,USD,US10Y
2018-10-08,0.0323,24.63,0.0083008932196508,QQQ,Nasdaq 100,USD,US10Y
2018-10-09,0.0321,24.69,0.0084022276225192,QQQ,Nasdaq 100,USD,US10Y
2018-10-10,0.0322,23.6,0.0101728813559322,QQQ,Nasdaq 100,USD,US10Y
2018-10-11,0.0314,23.33,0.0114632661808829,QQQ,Nasdaq 100,USD,US10Y
2018-10-12,0.0315,23.97,0.0102188151856487,QQQ,Nasdaq 100,USD,US10Y
2018-10-15,0.0316,23.68,0.0106297297297297,QQQ,Nasdaq 100,USD,US10Y
2018-10-16,0.0316,24.37,0.0094340582683627,QQQ,Nasdaq 100,USD,US10Y
2018-10-17,0.0319,24.38,0.0091172272354388,QQQ,Nasdaq 100,USD,US10Y
2018-10-18,0.0317,23.84,0.0102463087248322,QQQ,Nasdaq 100,USD,US10Y
2018-10-19,0.032,23.81,0.0099991600167996,QQQ,Nasdaq 100,USD,US10Y
2018-10-22,0.032,23.92,0.0098060200668896,QQQ,Nasdaq 100,USD,US10Y
2018-10-23,0.0317,23.85,0.0102287211740041,QQQ,Nasdaq 100,USD,US10Y
2018-10-24,0.031,22.74,0.0129753737906772,QQQ,Nasdaq 100,USD,US10Y
2018-10-25,0.0314,23.5,0.0111531914893617,QQQ,Nasdaq 100,USD,US10Y
2018-10-26,0.0308,22.95,0.0127729847494553,QQQ,Nasdaq 100,USD,US10Y
2018-10-29,0.0308,22.49,0.0136642063139173,QQQ,Nasdaq 100,USD,US10Y
2018-10-30,0.0312,22.81,0.0126404208680403,QQQ,Nasdaq 100,USD,US10Y
2018-10-31,0.0315,23.34,0.0113449014567266,QQQ,Nasdaq 100,USD,US10Y
2018-11-01,0.0314,23.68,0.0108297297297297,QQQ,Nasdaq 100,USD,US10Y
2018-11-02,0.0322,23.33,0.0106632661808829,QQQ,Nasdaq 100,USD,US10Y
2018-11-05,0.032,23.24,0.0110292598967297,QQQ,Nasdaq 100,USD,US10Y
2018-11-06,0.0322,23.41,0.0105167876975651,QQQ,Nasdaq 100,USD,US10Y
2018-11-07,0.0322,24.13,0.0092421881475341,QQQ,Nasdaq 100,USD,US10Y
2018-11-08,0.0324,23.98,0.0093014178482068,QQQ,Nasdaq 100,USD,US10Y
2018-11-09,0.0319,23.58,0.0105088210347752,QQQ,Nasdaq 100,USD,US10Y
2018-11-12,0.0319,22.88,0.0118062937062937,QQQ,Nasdaq 100,USD,US10Y
2018-11-13,0.0314,22.88,0.0123062937062937,QQQ,Nasdaq 100,USD,US10Y
2018-11-14,0.0312,22.68,0.0128917107583774,QQQ,Nasdaq 100,USD,US10Y
2018-11-15,0.0311,23.08,0.0122275563258232,QQQ,Nasdaq 100,USD,US10Y
2018-11-16,0.0308,23.0,0.0126782608695652,QQQ,Nasdaq 100,USD,US10Y
2018-11-19,0.0306,22.25,0.0143438202247191,QQQ,Nasdaq 100,USD,US10Y
2018-11-20,0.0306,21.86,0.0151456541628545,QQQ,Nasdaq 100,USD,US10Y
2018-11-21,0.0306,22.03,0.0147926463912846,QQQ,Nasdaq 100,USD,US10Y
2018-11-23,0.0305,21.86,0.0152456541628545,QQQ,Nasdaq 100,USD,US10Y
2018-11-26,0.0306999999999999,22.37,0.0140027268663389,QQQ,Nasdaq 100,USD,US10Y
2018-11-27,0.0306,22.45,0.0139434298440979,QQQ,Nasdaq 100,USD,US10Y
2018-11-28,0.0306,23.16,0.0125778929188255,QQQ,Nasdaq 100,USD,US10Y
2018-11-29,0.0302999999999999,23.09,0.013008791684712,QQQ,Nasdaq 100,USD,US10Y
2018-11-30,0.0301,23.28,0.0128553264604811,QQQ,Nasdaq 100,USD,US10Y
2018-12-03,0.0298,23.66,0.0124654268808114,QQQ,Nasdaq 100,USD,US10Y
2018-12-04,0.0291,22.76,0.0148367311072056,QQQ,Nasdaq 100,USD,US10Y
2018-12-06,0.0287,22.91,0.0149490615451767,QQQ,Nasdaq 100,USD,US10Y
2018-12-07,0.0285,22.15,0.0166467268623024,QQQ,Nasdaq 100,USD,US10Y
2018-12-10,0.0285,22.39,0.0161627958910227,QQQ,Nasdaq 100,USD,US10Y
2018-12-11,0.0289,22.46,0.0156235975066785,QQQ,Nasdaq 100,USD,US10Y
2018-12-12,0.0291,22.66,0.0150306266548985,QQQ,Nasdaq 100,USD,US10Y
2018-12-13,0.0291,22.67,0.0150111601235112,QQQ,Nasdaq 100,USD,US10Y
2018-12-14,0.0289,22.09,0.0163693526482571,QQQ,Nasdaq 100,USD,US10Y
2018-12-17,0.0286,21.6,0.0176962962962962,QQQ,Nasdaq 100,USD,US10Y
2018-12-18,0.0282,21.74,0.017798160073597,QQQ,Nasdaq 100,USD,US10Y
2018-12-19,0.0277,21.25,0.0193588235294117,QQQ,Nasdaq 100,USD,US10Y
2018-12-20,0.0279,20.91,0.0199240076518412,QQQ,Nasdaq 100,USD,US10Y
2018-12-21,0.0279,20.25,0.0214827160493827,QQQ,Nasdaq 100,USD,US10Y
2018-12-24,0.0274,19.76,0.0232072874493927,QQQ,Nasdaq 100,USD,US10Y
2018-12-26,0.0281,20.98,0.0195644423260247,QQQ,Nasdaq 100,USD,US10Y
2018-12-27,0.0277,21.06,0.0197833808167141,QQQ,Nasdaq 100,USD,US10Y
2018-12-28,0.0272,21.05,0.0203059382422802,QQQ,Nasdaq 100,USD,US10Y
2018-12-31,0.0269,18.85,0.026150397877984,QQQ,Nasdaq 100,USD,US10Y
2019-01-02,0.0266,18.94,0.0261983104540654,QQQ,Nasdaq 100,USD,US10Y
2019-01-03,0.0256,18.31,0.029014964500273,QQQ,Nasdaq 100,USD,US10Y
2019-01-04,0.0266999999999999,19.13,0.0255739153162572,QQQ,Nasdaq 100,USD,US10Y
2019-01-07,0.027,19.32,0.02475983436853,QQQ,Nasdaq 100,USD,US10Y
2019-01-08,0.0273,19.51,0.0239557662737057,QQQ,Nasdaq 100,USD,US10Y
2019-01-09,0.0274,19.66,0.0234646998982706,QQQ,Nasdaq 100,USD,US10Y
2019-01-10,0.0274,19.72,0.023309939148073,QQQ,Nasdaq 100,USD,US10Y
2019-01-11,0.0271,19.66,0.0237646998982706,QQQ,Nasdaq 100,USD,US10Y
2019-01-14,0.0271,19.48,0.0242347022587268,QQQ,Nasdaq 100,USD,US10Y
2019-01-15,0.0272,19.86,0.0231524672708962,QQQ,Nasdaq 100,USD,US10Y
2019-01-16,0.0273,19.86,0.0230524672708962,QQQ,Nasdaq 100,USD,US10Y
2019-01-17,0.0275,20.01,0.0224750124937531,QQQ,Nasdaq 100,USD,US10Y
2019-01-18,0.0279,20.21,0.021580455220188,QQQ,Nasdaq 100,USD,US10Y
2019-01-22,0.0274,19.8,0.0231050505050505,QQQ,Nasdaq 100,USD,US10Y
2019-01-23,0.0276,19.83,0.0228286434694906,QQQ,Nasdaq 100,USD,US10Y
2019-01-24,0.0272,19.96,0.0229002004008016,QQQ,Nasdaq 100,USD,US10Y
2019-01-25,0.0276,20.21,0.021880455220188,QQQ,Nasdaq 100,USD,US10Y
2019-01-28,0.0275,19.94,0.0226504513540621,QQQ,Nasdaq 100,USD,US10Y
2019-01-29,0.0272,19.75,0.023432911392405,QQQ,Nasdaq 100,USD,US10Y
2019-01-30,0.027,20.27,0.0223339911198816,QQQ,Nasdaq 100,USD,US10Y
2019-01-31,0.0263,20.57,0.0223144871171609,QQQ,Nasdaq 100,USD,US10Y
2019-02-01,0.027,20.48,0.021828125,QQQ,Nasdaq 100,USD,US10Y
2019-02-04,0.0273,20.73,0.0209392667631451,QQQ,Nasdaq 100,USD,US10Y
2019-02-05,0.0271,20.92,0.0207011472275334,QQQ,Nasdaq 100,USD,US10Y
2019-02-06,0.027,20.84,0.0209846449136276,QQQ,Nasdaq 100,USD,US10Y
2019-02-07,0.0265,20.56,0.0221381322957198,QQQ,Nasdaq 100,USD,US10Y
2019-02-08,0.0263,20.59,0.0222672656629431,QQQ,Nasdaq 100,USD,US10Y
2019-02-11,0.0265,20.58,0.0220908649173955,QQQ,Nasdaq 100,USD,US10Y
2019-02-12,0.0268,20.89,0.0210697941598851,QQQ,Nasdaq 100,USD,US10Y
2019-02-13,0.0271,20.89,0.0207697941598851,QQQ,Nasdaq 100,USD,US10Y
2019-02-14,0.0266,20.91,0.0212240076518412,QQQ,Nasdaq 100,USD,US10Y
2019-02-15,0.0266,21.01,0.0209963826749167,QQQ,Nasdaq 100,USD,US10Y
2019-02-19,0.0265,21.05,0.0210059382422802,QQQ,Nasdaq 100,USD,US10Y
2019-02-20,0.0265,21.03,0.0210511174512601,QQQ,Nasdaq 100,USD,US10Y
2019-02-21,0.0269,20.95,0.0208326968973747,QQQ,Nasdaq 100,USD,US10Y
2019-02-22,0.0265,21.12,0.0208484848484848,QQQ,Nasdaq 100,USD,US10Y
2019-02-25,0.0266999999999999,21.19,0.0204920717319491,QQQ,Nasdaq 100,USD,US10Y
2019-02-26,0.0264,21.21,0.0207475719000471,QQQ,Nasdaq 100,USD,US10Y
2019-02-27,0.0269,21.2,0.0202698113207547,QQQ,Nasdaq 100,USD,US10Y
2019-02-28,0.0273,21.14,0.0200036896877956,QQQ,Nasdaq 100,USD,US10Y
2019-03-01,0.0276,21.3,0.0193483568075117,QQQ,Nasdaq 100,USD,US10Y
2019-03-04,0.0272,21.3,0.0197483568075117,QQQ,Nasdaq 100,USD,US10Y
2019-03-05,0.0272,21.31,0.0197263256687001,QQQ,Nasdaq 100,USD,US10Y
2019-03-06,0.0269,21.18,0.0203143531633616,QQQ,Nasdaq 100,USD,US10Y
2019-03-07,0.0264,20.93,0.0213783086478738,QQQ,Nasdaq 100,USD,US10Y
2019-03-08,0.0262,20.89,0.0216697941598851,QQQ,Nasdaq 100,USD,US10Y
2019-03-11,0.0264,21.34,0.0204603561387066,QQQ,Nasdaq 100,USD,US10Y
2019-03-12,0.0260999999999999,21.45,0.0205200466200467,QQQ,Nasdaq 100,USD,US10Y
2019-03-13,0.0260999999999999,21.61,0.0201748727441,QQQ,Nasdaq 100,USD,US10Y
2019-03-14,0.0263,21.57,0.0200606861381548,QQQ,Nasdaq 100,USD,US10Y
2019-03-15,0.0259,21.76,0.0200558823529411,QQQ,Nasdaq 100,USD,US10Y
2019-03-18,0.026,21.82,0.0198295142071494,QQQ,Nasdaq 100,USD,US10Y
2019-03-19,0.0260999999999999,21.89,0.0195829602558246,QQQ,Nasdaq 100,USD,US10Y
2019-03-20,0.0254,21.98,0.0200959053685168,QQQ,Nasdaq 100,USD,US10Y
2019-03-21,0.0254,22.32,0.0194028673835125,QQQ,Nasdaq 100,USD,US10Y
2019-03-22,0.0243999999999999,21.82,0.0214295142071495,QQQ,Nasdaq 100,USD,US10Y
2019-03-25,0.0243,21.79,0.0215926112895823,QQQ,Nasdaq 100,USD,US10Y
2019-03-26,0.0241,21.89,0.0215829602558245,QQQ,Nasdaq 100,USD,US10Y
2019-03-27,0.0239,21.76,0.0220558823529411,QQQ,Nasdaq 100,USD,US10Y
2019-03-28,0.0239,21.8,0.0219715596330275,QQQ,Nasdaq 100,USD,US10Y
2019-03-29,0.0241,21.97,0.0214166135639508,QQQ,Nasdaq 100,USD,US10Y
2019-04-01,0.0249,22.22,0.020104500450045,QQQ,Nasdaq 100,USD,US10Y
2019-04-02,0.0248,22.28,0.020083303411131,QQQ,Nasdaq 100,USD,US10Y
2019-04-03,0.0252,22.41,0.0194229361892012,QQQ,Nasdaq 100,USD,US10Y
2019-04-04,0.0250999999999999,22.4,0.0195428571428572,QQQ,Nasdaq 100,USD,US10Y
2019-04-05,0.025,22.52,0.0194049733570159,QQQ,Nasdaq 100,USD,US10Y
2019-04-08,0.0252,22.58,0.0190869796279893,QQQ,Nasdaq 100,USD,US10Y
2019-04-09,0.0250999999999999,22.48,0.0193839857651246,QQQ,Nasdaq 100,USD,US10Y
2019-04-10,0.0248,22.61,0.0194282176028306,QQQ,Nasdaq 100,USD,US10Y
2019-04-11,0.0250999999999999,22.56,0.0192262411347518,QQQ,Nasdaq 100,USD,US10Y
2019-04-12,0.0256,22.66,0.0185306266548985,QQQ,Nasdaq 100,USD,US10Y
2019-04-15,0.0255,22.66,0.0186306266548985,QQQ,Nasdaq 100,USD,US10Y
2019-04-16,0.026,22.74,0.0179753737906772,QQQ,Nasdaq 100,USD,US10Y
2019-04-17,0.0259,22.82,0.0179212094653812,QQQ,Nasdaq 100,USD,US10Y
2019-04-18,0.0256999999999999,22.84,0.0180828371278459,QQQ,Nasdaq 100,USD,US10Y
2019-04-19,0.0256999999999999,22.84,0.0180828371278459,QQQ,Nasdaq 100,USD,US10Y
2019-04-22,0.0259,22.92,0.0177300174520069,QQQ,Nasdaq 100,USD,US10Y
2019-04-23,0.0256999999999999,23.2,0.0174034482758621,QQQ,Nasdaq 100,USD,US10Y
2019-04-24,0.0253,23.13,0.0179338953739731,QQQ,Nasdaq 100,USD,US10Y
2019-04-25,0.0254,23.22,0.0176663221360895,QQQ,Nasdaq 100,USD,US10Y
2019-04-26,0.0250999999999999,23.25,0.0179107526881721,QQQ,Nasdaq 100,USD,US10Y
2019-04-29,0.0254,23.29,0.01753688278231,QQQ,Nasdaq 100,USD,US10Y
2019-04-30,0.0250999999999999,23.12,0.0181525951557094,QQQ,Nasdaq 100,USD,US10Y
2019-05-01,0.0252,23.03,0.0182216239687364,QQQ,Nasdaq 100,USD,US10Y
2019-05-02,0.0255,22.95,0.0180729847494553,QQQ,Nasdaq 100,USD,US10Y
2019-05-03,0.0254,23.31,0.0175000429000429,QQQ,Nasdaq 100,USD,US10Y
2019-05-06,0.0250999999999999,23.15,0.0180965442764579,QQQ,Nasdaq 100,USD,US10Y
2019-05-07,0.0245,22.7,0.0195528634361233,QQQ,Nasdaq 100,USD,US10Y
2019-05-08,0.0249,22.63,0.0192891294741493,QQQ,Nasdaq 100,USD,US10Y
2019-05-09,0.0245,22.53,0.0198852640923213,QQQ,Nasdaq 100,USD,US10Y
2019-05-10,0.0247,22.54,0.0196655723158828,QQQ,Nasdaq 100,USD,US10Y
2019-05-13,0.024,21.76,0.0219558823529411,QQQ,Nasdaq 100,USD,US10Y
2019-05-14,0.0242,21.99,0.021275216007276,QQQ,Nasdaq 100,USD,US10Y
2019-05-15,0.0237,22.29,0.0211631673396141,QQQ,Nasdaq 100,USD,US10Y
2019-05-16,0.024,22.52,0.0204049733570159,QQQ,Nasdaq 100,USD,US10Y
2019-05-17,0.0239,22.29,0.0209631673396141,QQQ,Nasdaq 100,USD,US10Y
2019-05-20,0.0241,21.91,0.0215412596987676,QQQ,Nasdaq 100,USD,US10Y
2019-05-21,0.0243,22.14,0.02086711833785,QQQ,Nasdaq 100,USD,US10Y
2019-05-22,0.0239,22.05,0.0214514739229024,QQQ,Nasdaq 100,USD,US10Y
2019-05-23,0.0231,21.71,0.0229617227084292,QQQ,Nasdaq 100,USD,US10Y
2019-05-24,0.0232,21.69,0.0229041954817888,QQQ,Nasdaq 100,USD,US10Y
2019-05-28,0.0226,21.62,0.0236534690101757,QQQ,Nasdaq 100,USD,US10Y
2019-05-29,0.0225,21.44,0.0241417910447761,QQQ,Nasdaq 100,USD,US10Y
2019-05-30,0.0222,21.52,0.0242684014869888,QQQ,Nasdaq 100,USD,US10Y
2019-05-31,0.0214,21.18,0.0258143531633616,QQQ,Nasdaq 100,USD,US10Y
2019-06-03,0.0207,20.73,0.0275392667631451,QQQ,Nasdaq 100,USD,US10Y
2019-06-04,0.0212,21.29,0.0257704086425551,QQQ,Nasdaq 100,USD,US10Y
2019-06-05,0.0212,21.45,0.0254200466200466,QQQ,Nasdaq 100,USD,US10Y
2019-06-06,0.0212,21.62,0.0250534690101757,QQQ,Nasdaq 100,USD,US10Y
2019-06-07,0.0209,22.04,0.0244720508166969,QQQ,Nasdaq 100,USD,US10Y
2019-06-10,0.0215,22.29,0.0233631673396141,QQQ,Nasdaq 100,USD,US10Y
2019-06-11,0.0215,22.32,0.0233028673835125,QQQ,Nasdaq 100,USD,US10Y
2019-06-12,0.0213,22.2,0.023745045045045,QQQ,Nasdaq 100,USD,US10Y
2019-06-13,0.021,22.31,0.0238229493500672,QQQ,Nasdaq 100,USD,US10Y
2019-06-14,0.0209,22.22,0.024104500450045,QQQ,Nasdaq 100,USD,US10Y
2019-06-17,0.0209,22.36,0.0238227191413237,QQQ,Nasdaq 100,USD,US10Y
2019-06-18,0.0206,22.68,0.0234917107583774,QQQ,Nasdaq 100,USD,US10Y
2019-06-19,0.0203,22.78,0.0235981562774363,QQQ,Nasdaq 100,USD,US10Y
2019-06-20,0.0200999999999999,22.99,0.0233971726837756,QQQ,Nasdaq 100,USD,US10Y
2019-06-21,0.0207,22.96,0.0228540069686411,QQQ,Nasdaq 100,USD,US10Y
2019-06-24,0.0202,22.94,0.02339197907585,QQQ,Nasdaq 100,USD,US10Y
2019-06-25,0.02,22.55,0.0243458980044345,QQQ,Nasdaq 100,USD,US10Y
2019-06-26,0.0204999999999999,22.66,0.0236306266548986,QQQ,Nasdaq 100,USD,US10Y
2019-06-27,0.0200999999999999,22.75,0.023856043956044,QQQ,Nasdaq 100,USD,US10Y
2019-06-28,0.02,22.79,0.0238788942518648,QQQ,Nasdaq 100,USD,US10Y
2019-07-01,0.0203,23.12,0.0229525951557093,QQQ,Nasdaq 100,USD,US10Y
2019-07-02,0.0197999999999999,23.22,0.0232663221360896,QQQ,Nasdaq 100,USD,US10Y
2019-07-03,0.0196,23.39,0.023153313381787,QQQ,Nasdaq 100,USD,US10Y
2019-07-05,0.0204,23.34,0.0224449014567266,QQQ,Nasdaq 100,USD,US10Y
2019-07-08,0.0204999999999999,23.17,0.0226592576607683,QQQ,Nasdaq 100,USD,US10Y
2019-07-09,0.0207,23.3,0.0222184549356223,QQQ,Nasdaq 100,USD,US10Y
2019-07-10,0.0207,23.52,0.021817006802721,QQQ,Nasdaq 100,USD,US10Y
2019-07-11,0.0213,23.5,0.0212531914893617,QQQ,Nasdaq 100,USD,US10Y
2019-07-12,0.0212,23.64,0.0211011844331641,QQQ,Nasdaq 100,USD,US10Y
2019-07-15,0.0209,23.71,0.0212762969211303,QQQ,Nasdaq 100,USD,US10Y
2019-07-16,0.0213,23.6,0.0210728813559322,QQQ,Nasdaq 100,USD,US10Y
2019-07-17,0.0206,23.48,0.0219894378194207,QQQ,Nasdaq 100,USD,US10Y
2019-07-18,0.0204,23.53,0.0220989375265618,QQQ,Nasdaq 100,USD,US10Y
2019-07-19,0.0204999999999999,23.32,0.0223816466552316,QQQ,Nasdaq 100,USD,US10Y
2019-07-22,0.0204999999999999,23.53,0.0219989375265619,QQQ,Nasdaq 100,USD,US10Y
2019-07-23,0.0208,23.68,0.0214297297297297,QQQ,Nasdaq 100,USD,US10Y
2019-07-24,0.0204999999999999,23.84,0.0214463087248323,QQQ,Nasdaq 100,USD,US10Y
2019-07-25,0.0208,23.6,0.0215728813559322,QQQ,Nasdaq 100,USD,US10Y
2019-07-26,0.0208,23.86,0.0211111483654652,QQQ,Nasdaq 100,USD,US10Y
2019-07-29,0.0206,23.78,0.0214521446593776,QQQ,Nasdaq 100,USD,US10Y
2019-07-30,0.0206,23.67,0.021647570764681,QQQ,Nasdaq 100,USD,US10Y
2019-07-31,0.0202,23.36,0.0226082191780821,QQQ,Nasdaq 100,USD,US10Y
2019-08-01,0.019,23.22,0.0240663221360895,QQQ,Nasdaq 100,USD,US10Y
2019-08-02,0.0186,22.9,0.0250681222707423,QQQ,Nasdaq 100,USD,US10Y
2019-08-05,0.0175,22.07,0.0278103760761214,QQQ,Nasdaq 100,USD,US10Y
2019-08-06,0.0173,22.39,0.0273627958910227,QQQ,Nasdaq 100,USD,US10Y
2019-08-07,0.0171,22.48,0.0273839857651245,QQQ,Nasdaq 100,USD,US10Y
2019-08-08,0.0172,22.99,0.0262971726837755,QQQ,Nasdaq 100,USD,US10Y
2019-08-09,0.0174,22.76,0.0265367311072056,QQQ,Nasdaq 100,USD,US10Y
2019-08-12,0.0165,22.51,0.027924700133274,QQQ,Nasdaq 100,USD,US10Y
2019-08-13,0.0168,23.0,0.0266782608695652,QQQ,Nasdaq 100,USD,US10Y
2019-08-14,0.0159,22.29,0.0289631673396141,QQQ,Nasdaq 100,USD,US10Y
2019-08-15,0.0152,22.28,0.029683303411131,QQQ,Nasdaq 100,USD,US10Y
2019-08-16,0.0155,22.63,0.0286891294741493,QQQ,Nasdaq 100,USD,US10Y
2019-08-19,0.016,22.98,0.0275161009573542,QQQ,Nasdaq 100,USD,US10Y
2019-08-20,0.0155,22.81,0.0283404208680403,QQQ,Nasdaq 100,USD,US10Y
2019-08-21,0.0159,23.02,0.0275404865334491,QQQ,Nasdaq 100,USD,US10Y
2019-08-22,0.0162,22.94,0.02739197907585,QQQ,Nasdaq 100,USD,US10Y
2019-08-23,0.0152,22.22,0.029804500450045,QQQ,Nasdaq 100,USD,US10Y
2019-08-26,0.0154,22.55,0.0289458980044345,QQQ,Nasdaq 100,USD,US10Y
2019-08-27,0.0149,22.52,0.0295049733570159,QQQ,Nasdaq 100,USD,US10Y
2019-08-28,0.0147,22.59,0.0295673749446657,QQQ,Nasdaq 100,USD,US10Y
2019-08-29,0.015,22.93,0.0286109899694723,QQQ,Nasdaq 100,USD,US10Y
2019-08-30,0.015,22.89,0.0286871996505024,QQQ,Nasdaq 100,USD,US10Y
2019-09-03,0.0147,22.65,0.0294501103752759,QQQ,Nasdaq 100,USD,US10Y
2019-09-04,0.0147,22.98,0.0288161009573542,QQQ,Nasdaq 100,USD,US10Y
2019-09-05,0.0157,23.4,0.0270350427350427,QQQ,Nasdaq 100,USD,US10Y
2019-09-06,0.0155,23.37,0.0272899015832263,QQQ,Nasdaq 100,USD,US10Y
2019-09-09,0.0163,23.31,0.0266000429000429,QQQ,Nasdaq 100,USD,US10Y
2019-09-10,0.0172,23.26,0.0257922613929492,QQQ,Nasdaq 100,USD,US10Y
2019-09-11,0.0175,23.48,0.0250894378194207,QQQ,Nasdaq 100,USD,US10Y
2019-09-12,0.0179,23.57,0.0245268137462876,QQQ,Nasdaq 100,USD,US10Y
2019-09-13,0.019,23.49,0.023571306939123,QQQ,Nasdaq 100,USD,US10Y
2019-09-16,0.0184,23.37,0.0243899015832263,QQQ,Nasdaq 100,USD,US10Y
2019-09-17,0.0181,23.48,0.0244894378194207,QQQ,Nasdaq 100,USD,US10Y
2019-09-18,0.018,23.48,0.0245894378194207,QQQ,Nasdaq 100,USD,US10Y
2019-09-19,0.0179,23.52,0.024617006802721,QQQ,Nasdaq 100,USD,US10Y
2019-09-20,0.0174,23.29,0.02553688278231,QQQ,Nasdaq 100,USD,US10Y
2019-09-23,0.0172,23.27,0.0257737859905457,QQQ,Nasdaq 100,USD,US10Y
2019-09-24,0.0163999999999999,22.95,0.0271729847494554,QQQ,Nasdaq 100,USD,US10Y
2019-09-25,0.0173,23.23,0.0257477830391734,QQQ,Nasdaq 100,USD,US10Y
2019-09-26,0.017,23.13,0.0262338953739731,QQQ,Nasdaq 100,USD,US10Y
2019-09-27,0.0169,22.86,0.0268445319335083,QQQ,Nasdaq 100,USD,US10Y
2019-09-30,0.0168,23.21,0.0262848772080999,QQQ,Nasdaq 100,USD,US10Y
2019-10-01,0.0165,23.01,0.0269593654932637,QQQ,Nasdaq 100,USD,US10Y
2019-10-02,0.016,22.61,0.0282282176028306,QQQ,Nasdaq 100,USD,US10Y
2019-10-03,0.0154,22.88,0.0283062937062937,QQQ,Nasdaq 100,USD,US10Y
2019-10-04,0.0152,23.22,0.0278663221360895,QQQ,Nasdaq 100,USD,US10Y
2019-10-07,0.0156,23.14,0.0276152117545375,QQQ,Nasdaq 100,USD,US10Y
2019-10-08,0.0154,22.77,0.028517435221783,QQQ,Nasdaq 100,USD,US10Y
2019-10-09,0.0159,23.03,0.0275216239687364,QQQ,Nasdaq 100,USD,US10Y
2019-10-10,0.0167,23.18,0.0264406384814495,QQQ,Nasdaq 100,USD,US10Y
2019-10-11,0.0176,23.49,0.024971306939123,QQQ,Nasdaq 100,USD,US10Y
2019-10-14,0.0176,23.49,0.024971306939123,QQQ,Nasdaq 100,USD,US10Y
2019-10-15,0.0177,23.79,0.0243344682639764,QQQ,Nasdaq 100,USD,US10Y
2019-10-16,0.0175,23.72,0.024658516020236,QQQ,Nasdaq 100,USD,US10Y
2019-10-17,0.0176,23.79,0.0244344682639764,QQQ,Nasdaq 100,USD,US10Y
2019-10-18,0.0176,23.56,0.0248448217317487,QQQ,Nasdaq 100,USD,US10Y
2019-10-21,0.018,23.78,0.0240521446593776,QQQ,Nasdaq 100,USD,US10Y
2019-10-22,0.0178,23.58,0.0246088210347752,QQQ,Nasdaq 100,USD,US10Y
2019-10-23,0.0177,23.63,0.0246190859077443,QQQ,Nasdaq 100,USD,US10Y
2019-10-24,0.0177,23.86,0.0242111483654652,QQQ,Nasdaq 100,USD,US10Y
2019-10-25,0.018,24.05,0.0235800415800415,QQQ,Nasdaq 100,USD,US10Y
2019-10-28,0.0185,24.29,0.0226692054343351,QQQ,Nasdaq 100,USD,US10Y
2019-10-29,0.0184,24.1,0.0230937759336099,QQQ,Nasdaq 100,USD,US10Y
2019-10-30,0.0178,24.21,0.0235052457662123,QQQ,Nasdaq 100,USD,US10Y
2019-10-31,0.0169,24.21,0.0244052457662123,QQQ,Nasdaq 100,USD,US10Y
2019-11-01,0.0173,24.44,0.0236165302782324,QQQ,Nasdaq 100,USD,US10Y
2019-11-04,0.0179,24.59,0.0227669377795851,QQQ,Nasdaq 100,USD,US10Y
2019-11-05,0.0186,24.59,0.0220669377795851,QQQ,Nasdaq 100,USD,US10Y
2019-11-06,0.0181,24.55,0.0226331975560081,QQQ,Nasdaq 100,USD,US10Y
2019-11-07,0.0192,24.62,0.0214173842404549,QQQ,Nasdaq 100,USD,US10Y
2019-11-08,0.0194,24.72,0.0210530744336569,QQQ,Nasdaq 100,USD,US10Y
2019-11-11,0.0194,24.68,0.0211186385737439,QQQ,Nasdaq 100,USD,US10Y
2019-11-12,0.0192,24.75,0.0212040404040404,QQQ,Nasdaq 100,USD,US10Y
2019-11-13,0.0187999999999999,24.74,0.0216203718674212,QQQ,Nasdaq 100,USD,US10Y
2019-11-14,0.0182,24.73,0.022236716538617,QQQ,Nasdaq 100,USD,US10Y
2019-11-15,0.0184,24.9,0.0217606425702811,QQQ,Nasdaq 100,USD,US10Y
2019-11-18,0.0181,24.94,0.0219962309542902,QQQ,Nasdaq 100,USD,US10Y
2019-11-19,0.0179,24.97,0.022148057669203,QQQ,Nasdaq 100,USD,US10Y
2019-11-20,0.0173,24.81,0.0230063280935106,QQQ,Nasdaq 100,USD,US10Y
2019-11-21,0.0177,24.75,0.0227040404040404,QQQ,Nasdaq 100,USD,US10Y
2019-11-22,0.0177,24.77,0.0226714170367379,QQQ,Nasdaq 100,USD,US10Y
2019-11-25,0.0176,25.07,0.0222883127243717,QQQ,Nasdaq 100,USD,US10Y
2019-11-26,0.0174,25.11,0.0224247710075667,QQQ,Nasdaq 100,USD,US10Y
2019-11-27,0.0177,25.29,0.0218413206801107,QQQ,Nasdaq 100,USD,US10Y
2019-11-29,0.0178,25.17,0.0219298371076678,QQQ,Nasdaq 100,USD,US10Y
2019-12-02,0.0183,24.88,0.021892926045016,QQQ,Nasdaq 100,USD,US10Y
2019-12-03,0.0172,24.72,0.0232530744336569,QQQ,Nasdaq 100,USD,US10Y
2019-12-04,0.0177,24.85,0.0225414486921529,QQQ,Nasdaq 100,USD,US10Y
2019-12-05,0.018,24.88,0.022192926045016,QQQ,Nasdaq 100,USD,US10Y
2019-12-06,0.0184,25.15,0.0213614314115308,QQQ,Nasdaq 100,USD,US10Y
2019-12-09,0.0183,25.04,0.0216361022364217,QQQ,Nasdaq 100,USD,US10Y
2019-12-10,0.0185,25.02,0.0214680255795363,QQQ,Nasdaq 100,USD,US10Y
2019-12-11,0.0179,25.16,0.0218456279809221,QQQ,Nasdaq 100,USD,US10Y
2019-12-12,0.019,25.36,0.0204321766561514,QQQ,Nasdaq 100,USD,US10Y
2019-12-13,0.0182,25.42,0.02113910306845,QQQ,Nasdaq 100,USD,US10Y
2019-12-16,0.0189,25.67,0.0200559797428905,QQQ,Nasdaq 100,USD,US10Y
2019-12-17,0.0189,25.68,0.0200408099688473,QQQ,Nasdaq 100,USD,US10Y
2019-12-18,0.0192,25.7,0.0197105058365758,QQQ,Nasdaq 100,USD,US10Y
2019-12-19,0.0192,25.88,0.0194398763523956,QQQ,Nasdaq 100,USD,US10Y
2019-12-20,0.0192,25.99,0.0192763370527125,QQQ,Nasdaq 100,USD,US10Y
2019-12-23,0.0192999999999999,26.04,0.0191024577572965,QQQ,Nasdaq 100,USD,US10Y
2019-12-24,0.019,26.05,0.0193877159309021,QQQ,Nasdaq 100,USD,US10Y
2019-12-26,0.019,26.29,0.0190372765310003,QQQ,Nasdaq 100,USD,US10Y
2019-12-27,0.0187999999999999,26.27,0.0192662352493339,QQQ,Nasdaq 100,USD,US10Y
2019-12-30,0.019,26.08,0.0193435582822085,QQQ,Nasdaq 100,USD,US10Y
2019-12-31,0.0192,24.66,0.021351500405515,QQQ,Nasdaq 100,USD,US10Y
2020-01-02,0.0187999999999999,25.05,0.0211201596806388,QQQ,Nasdaq 100,USD,US10Y
2020-01-03,0.018,24.83,0.022273862263391,QQQ,Nasdaq 100,USD,US10Y
2020-01-06,0.0181,24.99,0.021916006402561,QQQ,Nasdaq 100,USD,US10Y
2020-01-07,0.0183,24.98,0.0217320256204963,QQQ,Nasdaq 100,USD,US10Y
2020-01-08,0.0187,25.17,0.0210298371076678,QQQ,Nasdaq 100,USD,US10Y
2020-01-09,0.0185,25.38,0.0209011032308904,QQQ,Nasdaq 100,USD,US10Y
2020-01-10,0.0183,25.32,0.0211944707740916,QQQ,Nasdaq 100,USD,US10Y
2020-01-13,0.0185,25.61,0.0205472471690745,QQQ,Nasdaq 100,USD,US10Y
2020-01-14,0.0182,25.51,0.0210003136025088,QQQ,Nasdaq 100,USD,US10Y
2020-01-15,0.0179,25.51,0.0213003136025088,QQQ,Nasdaq 100,USD,US10Y
2020-01-16,0.0181,25.77,0.0207048117966627,QQQ,Nasdaq 100,USD,US10Y
2020-01-17,0.0184,25.9,0.0202100386100386,QQQ,Nasdaq 100,USD,US10Y
2020-01-21,0.0178,25.88,0.0208398763523956,QQQ,Nasdaq 100,USD,US10Y
2020-01-22,0.0177,25.95,0.0208356454720616,QQQ,Nasdaq 100,USD,US10Y
2020-01-23,0.0174,26.03,0.0210172109104878,QQQ,Nasdaq 100,USD,US10Y
2020-01-24,0.017,25.81,0.0217446726075164,QQQ,Nasdaq 100,USD,US10Y
2020-01-27,0.0161,25.28,0.0234569620253164,QQQ,Nasdaq 100,USD,US10Y
2020-01-28,0.0165,25.67,0.0224559797428905,QQQ,Nasdaq 100,USD,US10Y
2020-01-29,0.016,25.7,0.0229105058365758,QQQ,Nasdaq 100,USD,US10Y
2020-01-30,0.0157,25.8,0.0230596899224806,QQQ,Nasdaq 100,USD,US10Y
2020-01-31,0.0151,25.39,0.0242855848759354,QQQ,Nasdaq 100,USD,US10Y
2020-02-03,0.0154,25.77,0.0234048117966627,QQQ,Nasdaq 100,USD,US10Y
2020-02-04,0.0161,26.36,0.0218362670713201,QQQ,Nasdaq 100,USD,US10Y
2020-02-05,0.0166,26.45,0.0212071833648393,QQQ,Nasdaq 100,USD,US10Y
2020-02-06,0.0165,26.67,0.0209953130858642,QQQ,Nasdaq 100,USD,US10Y
2020-02-07,0.0159,26.55,0.0217647834274952,QQQ,Nasdaq 100,USD,US10Y
2020-02-10,0.0156,26.87,0.0216162262746557,QQQ,Nasdaq 100,USD,US10Y
2020-02-11,0.0159,26.87,0.0213162262746557,QQQ,Nasdaq 100,USD,US10Y
2020-02-12,0.0162,27.14,0.0206459837877671,QQQ,Nasdaq 100,USD,US10Y
2020-02-13,0.0161,27.09,0.0208139904023625,QQQ,Nasdaq 100,USD,US10Y
2020-02-14,0.0159,27.17,0.0209052999631946,QQQ,Nasdaq 100,USD,US10Y
2020-02-18,0.0155,27.19,0.0212782272894446,QQQ,Nasdaq 100,USD,US10Y
2020-02-19,0.0156,27.44,0.0208431486880466,QQQ,Nasdaq 100,USD,US10Y
2020-02-20,0.0152,27.19,0.0215782272894446,QQQ,Nasdaq 100,USD,US10Y
2020-02-21,0.0146,26.67,0.0228953130858642,QQQ,Nasdaq 100,USD,US10Y
2020-02-24,0.0138,25.64,0.0252015600624024,QQQ,Nasdaq 100,USD,US10Y
2020-02-25,0.0133,24.95,0.0267801603206412,QQQ,Nasdaq 100,USD,US10Y
2020-02-26,0.0133,25.06,0.0266042298483639,QQQ,Nasdaq 100,USD,US10Y
2020-02-27,0.013,23.82,0.0289815281276238,QQQ,Nasdaq 100,USD,US10Y
2020-02-28,0.0113,23.89,0.0305585182084554,QQQ,Nasdaq 100,USD,US10Y
2020-03-02,0.011,25.07,0.0288883127243717,QQQ,Nasdaq 100,USD,US10Y
2020-03-03,0.0102,24.27,0.0310031314379892,QQQ,Nasdaq 100,USD,US10Y
2020-03-04,0.0102,25.27,0.029372615749901,QQQ,Nasdaq 100,USD,US10Y
2020-03-05,0.0092,24.49,0.0316329930583911,QQQ,Nasdaq 100,USD,US10Y
2020-03-06,0.0074,24.09,0.03411100041511,QQQ,Nasdaq 100,USD,US10Y
2020-03-09,0.0054,22.44,0.0391632798573975,QQQ,Nasdaq 100,USD,US10Y
2020-03-10,0.0076,23.64,0.0347011844331641,QQQ,Nasdaq 100,USD,US10Y
2020-03-11,0.0081999999999999,22.61,0.0360282176028307,QQQ,Nasdaq 100,USD,US10Y
2020-03-12,0.0088,20.51,0.0399567040468064,QQQ,Nasdaq 100,USD,US10Y
2020-03-13,0.0093999999999999,22.58,0.0348869796279894,QQQ,Nasdaq 100,USD,US10Y
2020-03-16,0.0073,19.82,0.0431540867810292,QQQ,Nasdaq 100,USD,US10Y
2020-03-17,0.0102,21.1,0.0371933649289099,QQQ,Nasdaq 100,USD,US10Y
2020-03-18,0.0118,20.26,0.0375583415597235,QQQ,Nasdaq 100,USD,US10Y
2020-03-19,0.0112,20.58,0.0373908649173955,QQQ,Nasdaq 100,USD,US10Y
2020-03-20,0.0092,19.75,0.041432911392405,QQQ,Nasdaq 100,USD,US10Y
2020-03-23,0.0076,19.79,0.0429305709954522,QQQ,Nasdaq 100,USD,US10Y
2020-03-24,0.0084,21.33,0.038482325363338,QQQ,Nasdaq 100,USD,US10Y
2020-03-25,0.0088,21.09,0.038615836889521,QQQ,Nasdaq 100,USD,US10Y
2020-03-26,0.0083,22.3,0.0365430493273542,QQQ,Nasdaq 100,USD,US10Y
2020-03-27,0.0072,21.43,0.0394635557629491,QQQ,Nasdaq 100,USD,US10Y
2020-03-30,0.0069999999999999,22.28,0.0378833034111311,QQQ,Nasdaq 100,USD,US10Y
2020-03-31,0.0069999999999999,22.65,0.037150110375276,QQQ,Nasdaq 100,USD,US10Y
2020-04-01,0.0062,21.71,0.0398617227084293,QQQ,Nasdaq 100,USD,US10Y
2020-04-02,0.0063,22.14,0.03886711833785,QQQ,Nasdaq 100,USD,US10Y
2020-04-03,0.0062,21.83,0.0396085203847915,QQQ,Nasdaq 100,USD,US10Y
2020-04-06,0.0067,23.43,0.0359803243704652,QQQ,Nasdaq 100,USD,US10Y
2020-04-07,0.0075,23.34,0.0353449014567266,QQQ,Nasdaq 100,USD,US10Y
2020-04-08,0.0077,23.86,0.0342111483654652,QQQ,Nasdaq 100,USD,US10Y
2020-04-09,0.0073,23.89,0.0345585182084554,QQQ,Nasdaq 100,USD,US10Y
2020-04-13,0.0076,24.16,0.0337907284768211,QQQ,Nasdaq 100,USD,US10Y
2020-04-14,0.0076,25.2,0.0320825396825396,QQQ,Nasdaq 100,USD,US10Y
2020-04-15,0.0063,24.91,0.0338445202729827,QQQ,Nasdaq 100,USD,US10Y
2020-04-16,0.0060999999999999,25.39,0.0332855848759355,QQQ,Nasdaq 100,USD,US10Y
2020-04-17,0.0065,25.61,0.0325472471690745,QQQ,Nasdaq 100,USD,US10Y
2020-04-20,0.0063,25.3,0.0332256916996047,QQQ,Nasdaq 100,USD,US10Y
2020-04-21,0.0058,24.36,0.0352509031198686,QQQ,Nasdaq 100,USD,US10Y
2020-04-22,0.0063,25.12,0.0335089171974522,QQQ,Nasdaq 100,USD,US10Y
2020-04-23,0.0060999999999999,25.06,0.033804229848364,QQQ,Nasdaq 100,USD,US10Y
2020-04-24,0.006,25.48,0.0332464678178963,QQQ,Nasdaq 100,USD,US10Y
2020-04-27,0.0067,25.62,0.032332006245121,QQQ,Nasdaq 100,USD,US10Y
2020-04-28,0.0062,25.16,0.0335456279809221,QQQ,Nasdaq 100,USD,US10Y
2020-04-29,0.0063,26.04,0.0321024577572964,QQQ,Nasdaq 100,USD,US10Y
2020-04-30,0.0064,26.1,0.0319141762452107,QQQ,Nasdaq 100,USD,US10Y
2020-05-01,0.0064,25.28,0.0331569620253164,QQQ,Nasdaq 100,USD,US10Y
2020-05-04,0.0064,25.61,0.0326472471690745,QQQ,Nasdaq 100,USD,US10Y
2020-05-05,0.0066,25.89,0.0320249517188103,QQQ,Nasdaq 100,USD,US10Y
2020-05-06,0.0072,26.05,0.0311877159309021,QQQ,Nasdaq 100,USD,US10Y
2020-05-07,0.0063,26.39,0.0315931413414172,QQQ,Nasdaq 100,USD,US10Y
2020-05-08,0.0069,26.73,0.0305111485222596,QQQ,Nasdaq 100,USD,US10Y
2020-05-11,0.0073,26.96,0.0297919881305637,QQQ,Nasdaq 100,USD,US10Y
2020-05-12,0.0069,26.42,0.0309501135503406,QQQ,Nasdaq 100,USD,US10Y
2020-05-13,0.0064,26.09,0.0319288616328095,QQQ,Nasdaq 100,USD,US10Y
2020-05-14,0.0063,26.37,0.0316218809252938,QQQ,Nasdaq 100,USD,US10Y
2020-05-15,0.0064,26.54,0.0312789751318764,QQQ,Nasdaq 100,USD,US10Y
2020-05-18,0.0073,27.06,0.0296549150036954,QQQ,Nasdaq 100,USD,US10Y
2020-05-19,0.0069999999999999,26.96,0.0300919881305638,QQQ,Nasdaq 100,USD,US10Y
2020-05-20,0.0068,27.5,0.0295636363636363,QQQ,Nasdaq 100,USD,US10Y
2020-05-21,0.0068,27.19,0.0299782272894446,QQQ,Nasdaq 100,USD,US10Y
2020-05-22,0.0066,27.3,0.0300300366300366,QQQ,Nasdaq 100,USD,US10Y
2020-05-26,0.0069,27.23,0.0298242012486228,QQQ,Nasdaq 100,USD,US10Y
2020-05-27,0.0068,27.38,0.0297230094959824,QQQ,Nasdaq 100,USD,US10Y
2020-05-28,0.0069999999999999,27.3,0.0296300366300367,QQQ,Nasdaq 100,USD,US10Y
2020-05-29,0.0065,27.71,0.0295880548538433,QQQ,Nasdaq 100,USD,US10Y
2020-06-01,0.0066,27.83,0.0293324469996406,QQQ,Nasdaq 100,USD,US10Y
2020-06-02,0.0068,28.0,0.0289142857142857,QQQ,Nasdaq 100,USD,US10Y
2020-06-03,0.0077,28.14,0.0278366027007818,QQQ,Nasdaq 100,USD,US10Y
2020-06-04,0.0081999999999999,27.92,0.0276166189111748,QQQ,Nasdaq 100,USD,US10Y
2020-06-05,0.0091,28.48,0.0260123595505618,QQQ,Nasdaq 100,USD,US10Y
2020-06-08,0.0088,28.71,0.0260310693138279,QQQ,Nasdaq 100,USD,US10Y
2020-06-09,0.0084,28.9,0.0262020761245674,QQQ,Nasdaq 100,USD,US10Y
2020-06-10,0.0075,29.27,0.0266646737273659,QQQ,Nasdaq 100,USD,US10Y
2020-06-11,0.0066,27.8,0.0293712230215827,QQQ,Nasdaq 100,USD,US10Y
2020-06-12,0.0070999999999999,28.02,0.0285887937187724,QQQ,Nasdaq 100,USD,US10Y
2020-06-15,0.0070999999999999,28.35,0.028173368606702,QQQ,Nasdaq 100,USD,US10Y
2020-06-16,0.0075,28.85,0.0271620450606585,QQQ,Nasdaq 100,USD,US10Y
2020-06-17,0.0074,28.94,0.0271542501727712,QQQ,Nasdaq 100,USD,US10Y
2020-06-18,0.0070999999999999,29.03,0.027347123665174,QQQ,Nasdaq 100,USD,US10Y
2020-06-19,0.0069999999999999,29.02,0.0274589937973812,QQQ,Nasdaq 100,USD,US10Y
2020-06-22,0.0070999999999999,29.37,0.0269483486550903,QQQ,Nasdaq 100,USD,US10Y
2020-06-23,0.0072,29.6,0.0265837837837837,QQQ,Nasdaq 100,USD,US10Y
2020-06-24,0.0069,29.0,0.0275827586206896,QQQ,Nasdaq 100,USD,US10Y
2020-06-25,0.0068,29.29,0.0273413451689996,QQQ,Nasdaq 100,USD,US10Y
2020-06-26,0.0064,28.56,0.0286140056022408,QQQ,Nasdaq 100,USD,US10Y
2020-06-29,0.0064,28.88,0.0282260387811634,QQQ,Nasdaq 100,USD,US10Y
2020-06-30,0.0066,30.01,0.0267222259246917,QQQ,Nasdaq 100,USD,US10Y
2020-07-01,0.0069,30.37,0.026027230819888,QQQ,Nasdaq 100,USD,US10Y
2020-07-02,0.0068,30.55,0.0259332242225859,QQQ,Nasdaq 100,USD,US10Y
2020-07-06,0.0069,31.33,0.0250182891796999,QQQ,Nasdaq 100,USD,US10Y
2020-07-07,0.0065,31.09,0.0256646831778706,QQQ,Nasdaq 100,USD,US10Y
2020-07-08,0.0067,31.51,0.0250359568390986,QQQ,Nasdaq 100,USD,US10Y
2020-07-09,0.0062,31.77,0.0252762354422411,QQQ,Nasdaq 100,USD,US10Y
2020-07-10,0.0065,32.01,0.0247402374258044,QQQ,Nasdaq 100,USD,US10Y
2020-07-13,0.0064,31.32,0.0255284802043422,QQQ,Nasdaq 100,USD,US10Y
2020-07-14,0.0063,31.58,0.0253656111462951,QQQ,Nasdaq 100,USD,US10Y
2020-07-15,0.0064,31.62,0.0252255534471853,QQQ,Nasdaq 100,USD,US10Y
2020-07-16,0.0062,31.39,0.0256572793883402,QQQ,Nasdaq 100,USD,US10Y
2020-07-17,0.0064,31.45,0.0253965023847376,QQQ,Nasdaq 100,USD,US10Y
2020-07-20,0.0062,32.36,0.0247023485784919,QQQ,Nasdaq 100,USD,US10Y
2020-07-21,0.0060999999999999,32.01,0.0251402374258045,QQQ,Nasdaq 100,USD,US10Y
2020-07-22,0.006,32.12,0.0251332503113325,QQQ,Nasdaq 100,USD,US10Y
2020-07-23,0.0059,31.26,0.0260897632757517,QQQ,Nasdaq 100,USD,US10Y
2020-07-24,0.0059,30.97,0.0263893122376493,QQQ,Nasdaq 100,USD,US10Y
2020-07-27,0.0062,31.54,0.0255057704502219,QQQ,Nasdaq 100,USD,US10Y
2020-07-28,0.0059,31.12,0.0262336760925449,QQQ,Nasdaq 100,USD,US10Y
2020-07-29,0.0058,31.5,0.0259460317460317,QQQ,Nasdaq 100,USD,US10Y
2020-07-30,0.0055,31.66,0.0260855969677826,QQQ,Nasdaq 100,USD,US10Y
2020-07-31,0.0055,32.22,0.0255366232153941,QQQ,Nasdaq 100,USD,US10Y
2020-08-03,0.0056,32.66,0.0250184935701163,QQQ,Nasdaq 100,USD,US10Y
2020-08-04,0.0052,32.78,0.0253064063453325,QQQ,Nasdaq 100,USD,US10Y
2020-08-05,0.0055,32.87,0.0249228780042592,QQQ,Nasdaq 100,USD,US10Y
2020-08-06,0.0055,33.29,0.0245390507659957,QQQ,Nasdaq 100,USD,US10Y
2020-08-07,0.0056999999999999,32.91,0.024685900941963,QQQ,Nasdaq 100,USD,US10Y
2020-08-10,0.0059,32.75,0.0246343511450381,QQQ,Nasdaq 100,USD,US10Y
2020-08-11,0.0064,32.13,0.0247235605353252,QQQ,Nasdaq 100,USD,US10Y
2020-08-12,0.0069,32.96,0.0234398058252427,QQQ,Nasdaq 100,USD,US10Y
2020-08-13,0.0070999999999999,33.03,0.0231755071147442,QQQ,Nasdaq 100,USD,US10Y
2020-08-14,0.0070999999999999,32.98,0.0232214069132808,QQQ,Nasdaq 100,USD,US10Y
2020-08-17,0.0069,33.35,0.0230850074962518,QQQ,Nasdaq 100,USD,US10Y
2020-08-18,0.0067,33.68,0.0229912114014251,QQQ,Nasdaq 100,USD,US10Y
2020-08-19,0.0068,33.44,0.0231043062200956,QQQ,Nasdaq 100,USD,US10Y
2020-08-20,0.0065,33.91,0.0229898260100265,QQQ,Nasdaq 100,USD,US10Y
2020-08-21,0.0064,34.14,0.0228911540714704,QQQ,Nasdaq 100,USD,US10Y
2020-08-24,0.0065,34.35,0.0226120815138282,QQQ,Nasdaq 100,USD,US10Y
2020-08-25,0.0069,34.63,0.0219766965059197,QQQ,Nasdaq 100,USD,US10Y
2020-08-26,0.0069,35.37,0.0213725473565168,QQQ,Nasdaq 100,USD,US10Y
2020-08-27,0.0074,35.23,0.0209848992336077,QQQ,Nasdaq 100,USD,US10Y
2020-08-28,0.0074,35.44,0.020816704288939,QQQ,Nasdaq 100,USD,US10Y
2020-08-31,0.0072,35.78,0.0207485746226942,QQQ,Nasdaq 100,USD,US10Y
2020-09-01,0.0068,36.32,0.020733039647577,QQQ,Nasdaq 100,USD,US10Y
2020-09-02,0.0066,36.7,0.0206479564032697,QQQ,Nasdaq 100,USD,US10Y
2020-09-03,0.0063,34.78,0.0224521564117308,QQQ,Nasdaq 100,USD,US10Y
2020-09-04,0.0072,34.34,0.021920559114735,QQQ,Nasdaq 100,USD,US10Y
2020-09-08,0.0069,32.7,0.0236810397553516,QQQ,Nasdaq 100,USD,US10Y
2020-09-09,0.0070999999999999,33.67,0.0226000297000298,QQQ,Nasdaq 100,USD,US10Y
2020-09-10,0.0068,32.95,0.0235490136570561,QQQ,Nasdaq 100,USD,US10Y
2020-09-11,0.0067,32.76,0.0238250305250305,QQQ,Nasdaq 100,USD,US10Y
2020-09-14,0.0068,33.32,0.0232120048019207,QQQ,Nasdaq 100,USD,US10Y
2020-09-15,0.0068,33.8,0.022785798816568,QQQ,Nasdaq 100,USD,US10Y
2020-09-16,0.0069,33.23,0.0231932891965091,QQQ,Nasdaq 100,USD,US10Y
2020-09-17,0.0069,32.74,0.023643677458766,QQQ,Nasdaq 100,USD,US10Y
2020-09-18,0.0069999999999999,32.31,0.0239501702259363,QQQ,Nasdaq 100,USD,US10Y
2020-09-21,0.0068,32.44,0.0240261405672009,QQQ,Nasdaq 100,USD,US10Y
2020-09-22,0.0068,33.05,0.0234571860816944,QQQ,Nasdaq 100,USD,US10Y
2020-09-23,0.0068,32.01,0.0244402374258044,QQQ,Nasdaq 100,USD,US10Y
2020-09-24,0.0067,32.19,0.0243655483069276,QQQ,Nasdaq 100,USD,US10Y
2020-09-25,0.0066,32.94,0.0237582270795385,QQQ,Nasdaq 100,USD,US10Y
2020-09-28,0.0067,33.58,0.0230796307325789,QQQ,Nasdaq 100,USD,US10Y
2020-09-29,0.0066,33.45,0.0232953662182361,QQQ,Nasdaq 100,USD,US10Y
2020-09-30,0.0069,34.01,0.0225031167303734,QQQ,Nasdaq 100,USD,US10Y
2020-10-01,0.0068,34.5,0.0221855072463768,QQQ,Nasdaq 100,USD,US10Y
2020-10-02,0.0069999999999999,33.53,0.0228240381747689,QQQ,Nasdaq 100,USD,US10Y
2020-10-05,0.0078,34.28,0.021371528588098,QQQ,Nasdaq 100,USD,US10Y
2020-10-06,0.0076,33.63,0.0221353553374962,QQQ,Nasdaq 100,USD,US10Y
2020-10-07,0.0081,34.26,0.0210885580852305,QQQ,Nasdaq 100,USD,US10Y
2020-10-08,0.0078,34.41,0.0212613193839,QQQ,Nasdaq 100,USD,US10Y
2020-10-09,0.0079,34.93,0.0207286859433152,QQQ,Nasdaq 100,USD,US10Y
2020-10-12,0.0079,36.01,0.0198700638711469,QQQ,Nasdaq 100,USD,US10Y
2020-10-13,0.0074,35.99,0.020385495971103,QQQ,Nasdaq 100,USD,US10Y
2020-10-14,0.0073,35.7,0.0207112044817927,QQQ,Nasdaq 100,USD,US10Y
2020-10-15,0.0074,35.44,0.020816704288939,QQQ,Nasdaq 100,USD,US10Y
2020-10-16,0.0076,35.3,0.020728611898017,QQQ,Nasdaq 100,USD,US10Y
2020-10-19,0.0078,34.65,0.0210600288600288,QQQ,Nasdaq 100,USD,US10Y
2020-10-20,0.0081,34.78,0.0206521564117308,QQQ,Nasdaq 100,USD,US10Y
2020-10-21,0.0083,34.75,0.0204769784172661,QQQ,Nasdaq 100,USD,US10Y
2020-10-22,0.0087,34.74,0.0200852619458837,QQQ,Nasdaq 100,USD,US10Y
2020-10-23,0.0085,34.83,0.0202108814240597,QQQ,Nasdaq 100,USD,US10Y
2020-10-26,0.0081,34.27,0.0210800408520571,QQQ,Nasdaq 100,USD,US10Y
2020-10-27,0.0079,34.55,0.0210435600578871,QQQ,Nasdaq 100,USD,US10Y
2020-10-28,0.0079,33.19,0.0222295570955106,QQQ,Nasdaq 100,USD,US10Y
2020-10-29,0.0085,33.81,0.0210770482105885,QQQ,Nasdaq 100,USD,US10Y
2020-10-30,0.0088,32.92,0.0215766707168894,QQQ,Nasdaq 100,USD,US10Y
2020-11-02,0.0087,33.02,0.0215846759539672,QQQ,Nasdaq 100,USD,US10Y
2020-11-03,0.009,33.6,0.0207619047619047,QQQ,Nasdaq 100,USD,US10Y
2020-11-04,0.0078,35.08,0.0207062713797035,QQQ,Nasdaq 100,USD,US10Y
2020-11-05,0.0079,35.98,0.019893218454697,QQQ,Nasdaq 100,USD,US10Y
2020-11-06,0.0083,36.02,0.0194623542476401,QQQ,Nasdaq 100,USD,US10Y
2020-11-09,0.0096,35.24,0.0187768444948921,QQQ,Nasdaq 100,USD,US10Y
2020-11-10,0.0098,34.62,0.0190850375505488,QQQ,Nasdaq 100,USD,US10Y
2020-11-11,0.0098,35.42,0.0184326369282891,QQQ,Nasdaq 100,USD,US10Y
2020-11-12,0.0088,35.23,0.0195848992336077,QQQ,Nasdaq 100,USD,US10Y
2020-11-13,0.0089,35.56,0.0192214848143982,QQQ,Nasdaq 100,USD,US10Y
2020-11-16,0.0091,35.78,0.0188485746226942,QQQ,Nasdaq 100,USD,US10Y
2020-11-17,0.0087,35.68,0.0193269058295964,QQQ,Nasdaq 100,USD,US10Y
2020-11-18,0.0088,35.43,0.0194246683601467,QQQ,Nasdaq 100,USD,US10Y
2020-11-19,0.0086,35.7,0.0194112044817927,QQQ,Nasdaq 100,USD,US10Y
2020-11-20,0.0083,35.46,0.0199007896221094,QQQ,Nasdaq 100,USD,US10Y
2020-11-23,0.0086,35.46,0.0196007896221094,QQQ,Nasdaq 100,USD,US10Y
2020-11-24,0.0088,35.98,0.018993218454697,QQQ,Nasdaq 100,USD,US10Y
2020-11-25,0.0088,36.2,0.0188243093922651,QQQ,Nasdaq 100,USD,US10Y
2020-11-27,0.0084,36.51,0.0189897562311695,QQQ,Nasdaq 100,USD,US10Y
2020-11-30,0.0084,36.54,0.018967268746579,QQQ,Nasdaq 100,USD,US10Y
2020-12-01,0.0092,37.1,0.0177541778975741,QQQ,Nasdaq 100,USD,US10Y
2020-12-02,0.0095,37.1,0.0174541778975741,QQQ,Nasdaq 100,USD,US10Y
2020-12-03,0.0092,37.13,0.0177323996768112,QQQ,Nasdaq 100,USD,US10Y
2020-12-04,0.0097,37.32,0.0170952840300107,QQQ,Nasdaq 100,USD,US10Y
2020-12-07,0.0093999999999999,37.52,0.0172524520255864,QQQ,Nasdaq 100,USD,US10Y
2020-12-08,0.0092,37.64,0.017367481402763,QQQ,Nasdaq 100,USD,US10Y
2020-12-09,0.0095,36.83,0.0176517784414879,QQQ,Nasdaq 100,USD,US10Y
2020-12-10,0.0092,36.94,0.0178709258256632,QQQ,Nasdaq 100,USD,US10Y
2020-12-11,0.009,36.86,0.0181296798697775,QQQ,Nasdaq 100,USD,US10Y
2020-12-14,0.009,37.12,0.0179396551724137,QQQ,Nasdaq 100,USD,US10Y
2020-12-15,0.0092,37.52,0.0174524520255863,QQQ,Nasdaq 100,USD,US10Y
2020-12-16,0.0092,37.73,0.0173041081367612,QQQ,Nasdaq 100,USD,US10Y
2020-12-17,0.0093999999999999,37.98,0.0169296471827278,QQQ,Nasdaq 100,USD,US10Y
2020-12-18,0.0095,37.94,0.0168574064312071,QQQ,Nasdaq 100,USD,US10Y
2020-12-21,0.0095,37.8,0.0169550264550264,QQQ,Nasdaq 100,USD,US10Y
2020-12-22,0.0093,37.88,0.0170991552270327,QQQ,Nasdaq 100,USD,US10Y
2020-12-23,0.0096,37.69,0.016932236667551,QQQ,Nasdaq 100,USD,US10Y
2020-12-24,0.0093999999999999,37.86,0.0170131008980455,QQQ,Nasdaq 100,USD,US10Y
2020-12-28,0.0093999999999999,38.24,0.0167506276150628,QQQ,Nasdaq 100,USD,US10Y
2020-12-29,0.0093999999999999,38.26,0.0167369576581286,QQQ,Nasdaq 100,USD,US10Y
2020-12-30,0.0093,38.26,0.0168369576581285,QQQ,Nasdaq 100,USD,US10Y
2020-12-31,0.0093,35.47,0.0188928390188892,QQQ,Nasdaq 100,USD,US10Y
2021-01-04,0.0093,34.94,0.019320492272467,QQQ,Nasdaq 100,USD,US10Y
2021-01-05,0.0096,35.23,0.0187848992336077,QQQ,Nasdaq 100,USD,US10Y
2021-01-06,0.0104,34.74,0.0183852619458837,QQQ,Nasdaq 100,USD,US10Y
2021-01-07,0.0108,35.61,0.01728199943836,QQQ,Nasdaq 100,USD,US10Y
2021-01-08,0.0113,36.07,0.0164238702522872,QQQ,Nasdaq 100,USD,US10Y
2021-01-11,0.0115,35.51,0.0166610813855252,QQQ,Nasdaq 100,USD,US10Y
2021-01-12,0.0115,35.48,0.0166848928974069,QQQ,Nasdaq 100,USD,US10Y
2021-01-13,0.011,35.7,0.0170112044817927,QQQ,Nasdaq 100,USD,US10Y
2021-01-14,0.0115,35.5,0.016669014084507,QQQ,Nasdaq 100,USD,US10Y
2021-01-15,0.0111,35.24,0.0172768444948921,QQQ,Nasdaq 100,USD,US10Y
2021-01-19,0.011,35.77,0.0169563880346659,QQQ,Nasdaq 100,USD,US10Y
2021-01-20,0.011,36.59,0.0163298715496037,QQQ,Nasdaq 100,USD,US10Y
2021-01-21,0.0112,36.89,0.0159076172404445,QQQ,Nasdaq 100,USD,US10Y
2021-01-22,0.011,36.78,0.0161886895051658,QQQ,Nasdaq 100,USD,US10Y
2021-01-25,0.0105,37.11,0.0164469145782807,QQQ,Nasdaq 100,USD,US10Y
2021-01-26,0.0105,37.13,0.0164323996768112,QQQ,Nasdaq 100,USD,US10Y
2021-01-27,0.0104,36.09,0.017308506511499,QQQ,Nasdaq 100,USD,US10Y
2021-01-28,0.0107,36.33,0.0168254610514726,QQQ,Nasdaq 100,USD,US10Y
2021-01-29,0.0111,35.57,0.0170135788585886,QQQ,Nasdaq 100,USD,US10Y
2021-02-01,0.0109,36.46,0.0165273176083379,QQQ,Nasdaq 100,USD,US10Y
2021-02-02,0.0112,37.03,0.0158051309748852,QQQ,Nasdaq 100,USD,US10Y
2021-02-03,0.0115,36.88,0.015614967462039,QQQ,Nasdaq 100,USD,US10Y
2021-02-04,0.0115,37.32,0.0152952840300107,QQQ,Nasdaq 100,USD,US10Y
2021-02-05,0.0118999999999999,37.44,0.0148094017094018,QQQ,Nasdaq 100,USD,US10Y
2021-02-08,0.0118999999999999,37.69,0.0146322366675511,QQQ,Nasdaq 100,USD,US10Y
2021-02-09,0.0118,37.67,0.0147463233342182,QQQ,Nasdaq 100,USD,US10Y
2021-02-10,0.0115,37.58,0.0151098988823842,QQQ,Nasdaq 100,USD,US10Y
2021-02-11,0.0116,37.8,0.0148550264550264,QQQ,Nasdaq 100,USD,US10Y
2021-02-12,0.012,38.0,0.0143157894736842,QQQ,Nasdaq 100,USD,US10Y
2021-02-16,0.013,37.91,0.0133782643102083,QQQ,Nasdaq 100,USD,US10Y
2021-02-17,0.0129,37.7,0.013625198938992,QQQ,Nasdaq 100,USD,US10Y
2021-02-18,0.0129,37.53,0.0137453503863575,QQQ,Nasdaq 100,USD,US10Y
2021-02-19,0.0134,37.37,0.0133594327000267,QQQ,Nasdaq 100,USD,US10Y
2021-02-22,0.0137,36.39,0.0137800769442154,QQQ,Nasdaq 100,USD,US10Y
2021-02-23,0.0137,36.31,0.0138406224180666,QQQ,Nasdaq 100,USD,US10Y
2021-02-24,0.0138,36.61,0.0135149412728762,QQQ,Nasdaq 100,USD,US10Y
2021-02-25,0.0154,35.3,0.012928611898017,QQQ,Nasdaq 100,USD,US10Y
2021-02-26,0.0144,35.53,0.0137452293836194,QQQ,Nasdaq 100,USD,US10Y
2021-03-01,0.0144999999999999,36.55,0.0128597811217511,QQQ,Nasdaq 100,USD,US10Y
2021-03-02,0.0141999999999999,35.94,0.0136241513633835,QQQ,Nasdaq 100,USD,US10Y
2021-03-03,0.0147,34.9,0.0139532951289398,QQQ,Nasdaq 100,USD,US10Y
2021-03-04,0.0154,34.3,0.0137545189504373,QQQ,Nasdaq 100,USD,US10Y
2021-03-05,0.0156,34.86,0.0130861732644865,QQQ,Nasdaq 100,USD,US10Y
2021-03-08,0.0159,33.85,0.0136420974889217,QQQ,Nasdaq 100,USD,US10Y
2021-03-09,0.0155,35.21,0.0129010224368077,QQQ,Nasdaq 100,USD,US10Y
2021-03-10,0.0153,35.09,0.0131981476204046,QQQ,Nasdaq 100,USD,US10Y
2021-03-11,0.0154,35.92,0.0124396436525612,QQQ,Nasdaq 100,USD,US10Y
2021-03-12,0.0163999999999999,35.6,0.0116898876404495,QQQ,Nasdaq 100,USD,US10Y
2021-03-15,0.0162,36.0,0.0115777777777777,QQQ,Nasdaq 100,USD,US10Y
2021-03-16,0.0162,36.2,0.0114243093922651,QQQ,Nasdaq 100,USD,US10Y
2021-03-17,0.0163,36.33,0.0112254610514726,QQQ,Nasdaq 100,USD,US10Y
2021-03-18,0.0171,35.2,0.0113090909090909,QQQ,Nasdaq 100,USD,US10Y
2021-03-19,0.0174,35.41,0.0108406099971759,QQQ,Nasdaq 100,USD,US10Y
2021-03-22,0.0169,36.01,0.0108700638711469,QQQ,Nasdaq 100,USD,US10Y
2021-03-23,0.0163,35.82,0.0116173646007816,QQQ,Nasdaq 100,USD,US10Y
2021-03-24,0.0162,35.22,0.0121929585462805,QQQ,Nasdaq 100,USD,US10Y
2021-03-25,0.0163,35.17,0.0121333238555587,QQQ,Nasdaq 100,USD,US10Y
2021-03-26,0.0167,35.72,0.0112955207166853,QQQ,Nasdaq 100,USD,US10Y
2021-03-29,0.0173,35.68,0.0107269058295964,QQQ,Nasdaq 100,USD,US10Y
2021-03-30,0.0173,35.49,0.0108769512538743,QQQ,Nasdaq 100,USD,US10Y
2021-03-31,0.0174,31.99,0.0138597686777117,QQQ,Nasdaq 100,USD,US10Y
2021-04-01,0.0169,32.58,0.0137936771025168,QQQ,Nasdaq 100,USD,US10Y
2021-04-02,0.0172,32.58,0.0134936771025168,QQQ,Nasdaq 100,USD,US10Y
2021-04-05,0.0173,33.23,0.0127932891965091,QQQ,Nasdaq 100,USD,US10Y
2021-04-06,0.0167,33.18,0.0134386377335744,QQQ,Nasdaq 100,USD,US10Y
2021-04-07,0.0168,33.28,0.0132480769230769,QQQ,Nasdaq 100,USD,US10Y
2021-04-08,0.0163999999999999,33.62,0.0133441998810233,QQQ,Nasdaq 100,USD,US10Y
2021-04-09,0.0167,33.84,0.0128508274231678,QQQ,Nasdaq 100,USD,US10Y
2021-04-12,0.0169,33.77,0.0127120817293455,QQQ,Nasdaq 100,USD,US10Y
2021-04-13,0.0163999999999999,34.18,0.012856875365711,QQQ,Nasdaq 100,USD,US10Y
2021-04-14,0.0163999999999999,33.74,0.01323841138115,QQQ,Nasdaq 100,USD,US10Y
2021-04-15,0.0156,34.28,0.013571528588098,QQQ,Nasdaq 100,USD,US10Y
2021-04-16,0.0159,34.32,0.0132375291375291,QQQ,Nasdaq 100,USD,US10Y
2021-04-19,0.0161,33.99,0.0133204177699323,QQQ,Nasdaq 100,USD,US10Y
2021-04-20,0.0158,33.75,0.0138296296296296,QQQ,Nasdaq 100,USD,US10Y
2021-04-21,0.0157,34.06,0.0136599530240751,QQQ,Nasdaq 100,USD,US10Y
2021-04-22,0.0157,33.63,0.0140353553374962,QQQ,Nasdaq 100,USD,US10Y
2021-04-23,0.0158,34.07,0.0135513354857646,QQQ,Nasdaq 100,USD,US10Y
2021-04-26,0.0158,34.28,0.013371528588098,QQQ,Nasdaq 100,USD,US10Y
2021-04-27,0.0163,34.12,0.0130083235638921,QQQ,Nasdaq 100,USD,US10Y
2021-04-28,0.0163,33.97,0.0131377391816308,QQQ,Nasdaq 100,USD,US10Y
2021-04-29,0.0165,34.14,0.0127911540714704,QQQ,Nasdaq 100,USD,US10Y
2021-04-30,0.0165,33.87,0.0130246530853262,QQQ,Nasdaq 100,USD,US10Y
2021-05-03,0.0163,33.72,0.013355990510083,QQQ,Nasdaq 100,USD,US10Y
2021-05-04,0.0161,33.1,0.0141114803625377,QQQ,Nasdaq 100,USD,US10Y
2021-05-05,0.0159,33.0,0.0144030303030303,QQQ,Nasdaq 100,USD,US10Y
2021-05-06,0.0158,33.27,0.0142571085061617,QQQ,Nasdaq 100,USD,US10Y
2021-05-07,0.016,33.53,0.0138240381747688,QQQ,Nasdaq 100,USD,US10Y
2021-05-10,0.0163,32.65,0.0143278713629402,QQQ,Nasdaq 100,USD,US10Y
2021-05-11,0.0163999999999999,32.63,0.014246644192461,QQQ,Nasdaq 100,USD,US10Y
2021-05-12,0.0169,31.77,0.0145762354422411,QQQ,Nasdaq 100,USD,US10Y
2021-05-13,0.0166,32.04,0.014610986267166,QQQ,Nasdaq 100,USD,US10Y
2021-05-14,0.0163,32.73,0.0142530094714329,QQQ,Nasdaq 100,USD,US10Y
2021-05-17,0.0163999999999999,32.54,0.0143314074984635,QQQ,Nasdaq 100,USD,US10Y
2021-05-18,0.0163999999999999,32.3,0.0145597523219815,QQQ,Nasdaq 100,USD,US10Y
2021-05-19,0.0168,32.35,0.0141119010819165,QQQ,Nasdaq 100,USD,US10Y
2021-05-20,0.0163,32.98,0.0140214069132807,QQQ,Nasdaq 100,USD,US10Y
2021-05-21,0.0163,32.78,0.0142064063453325,QQQ,Nasdaq 100,USD,US10Y
2021-05-24,0.0161,33.34,0.01389400119976,QQQ,Nasdaq 100,USD,US10Y
2021-05-25,0.0156,33.38,0.014358058717795,QQQ,Nasdaq 100,USD,US10Y
2021-05-26,0.0158,33.49,0.0140596595998805,QQQ,Nasdaq 100,USD,US10Y
2021-05-27,0.0161,33.38,0.013858058717795,QQQ,Nasdaq 100,USD,US10Y
2021-05-28,0.0158,33.45,0.0140953662182361,QQQ,Nasdaq 100,USD,US10Y
2021-06-01,0.0162,33.37,0.0137670362601138,QQQ,Nasdaq 100,USD,US10Y
2021-06-02,0.0159,33.42,0.0140222022740873,QQQ,Nasdaq 100,USD,US10Y
2021-06-03,0.0163,33.06,0.0139480338777979,QQQ,Nasdaq 100,USD,US10Y
2021-06-04,0.0156,33.65,0.0141176820208023,QQQ,Nasdaq 100,USD,US10Y
2021-06-07,0.0157,33.73,0.0139471983397568,QQQ,Nasdaq 100,USD,US10Y
2021-06-08,0.0153,33.75,0.0143296296296296,QQQ,Nasdaq 100,USD,US10Y
2021-06-09,0.015,33.76,0.0146208530805687,QQQ,Nasdaq 100,USD,US10Y
2021-06-10,0.0144999999999999,34.12,0.0148083235638922,QQQ,Nasdaq 100,USD,US10Y
2021-06-11,0.0147,34.21,0.0145312189418298,QQQ,Nasdaq 100,USD,US10Y
2021-06-14,0.0151,34.53,0.0138603243556327,QQQ,Nasdaq 100,USD,US10Y
2021-06-15,0.0151,34.29,0.0140630212890055,QQQ,Nasdaq 100,USD,US10Y
2021-06-16,0.0157,34.17,0.0135654375182909,QQQ,Nasdaq 100,USD,US10Y
2021-06-17,0.0152,34.61,0.0136933834151979,QQQ,Nasdaq 100,USD,US10Y
2021-06-18,0.0144999999999999,34.34,0.0146205591147351,QQQ,Nasdaq 100,USD,US10Y
2021-06-21,0.015,34.55,0.0139435600578871,QQQ,Nasdaq 100,USD,US10Y
2021-06-22,0.0148,34.88,0.0138697247706422,QQQ,Nasdaq 100,USD,US10Y
2021-06-23,0.015,34.88,0.0136697247706422,QQQ,Nasdaq 100,USD,US10Y
2021-06-24,0.0149,35.11,0.0135819139846197,QQQ,Nasdaq 100,USD,US10Y
2021-06-25,0.0154,35.06,0.0131225328009127,QQQ,Nasdaq 100,USD,US10Y
2021-06-28,0.0149,35.5,0.013269014084507,QQQ,Nasdaq 100,USD,US10Y
2021-06-29,0.0149,35.61,0.01318199943836,QQQ,Nasdaq 100,USD,US10Y
2021-06-30,0.0144999999999999,30.29,0.0185141961043249,QQQ,Nasdaq 100,USD,US10Y
2021-07-01,0.0148,30.3,0.018203300330033,QQQ,Nasdaq 100,USD,US10Y
2021-07-02,0.0144,30.65,0.018226427406199,QQQ,Nasdaq 100,USD,US10Y
2021-07-06,0.0137,30.77,0.0187991875203119,QQQ,Nasdaq 100,USD,US10Y
2021-07-07,0.0133,30.82,0.0191464633354964,QQQ,Nasdaq 100,USD,US10Y
2021-07-08,0.013,30.64,0.0196370757180156,QQQ,Nasdaq 100,USD,US10Y
2021-07-09,0.0137,30.86,0.0187044069993519,QQQ,Nasdaq 100,USD,US10Y
2021-07-12,0.0138,30.96,0.0184997416020671,QQQ,Nasdaq 100,USD,US10Y
2021-07-13,0.0141999999999999,30.96,0.0180997416020672,QQQ,Nasdaq 100,USD,US10Y
2021-07-14,0.0137,31.01,0.0185476620445017,QQQ,Nasdaq 100,USD,US10Y
2021-07-15,0.0131,30.79,0.0193780772978239,QQQ,Nasdaq 100,USD,US10Y
2021-07-16,0.0131,30.56,0.0196225130890052,QQQ,Nasdaq 100,USD,US10Y
2021-07-19,0.0118999999999999,30.28,0.0211250990752973,QQQ,Nasdaq 100,USD,US10Y
2021-07-20,0.0123,30.65,0.020326427406199,QQQ,Nasdaq 100,USD,US10Y
2021-07-21,0.013,30.89,0.0193729362253156,QQQ,Nasdaq 100,USD,US10Y
2021-07-22,0.0127,31.09,0.0194646831778706,QQQ,Nasdaq 100,USD,US10Y
2021-07-23,0.013,31.45,0.0187965023847376,QQQ,Nasdaq 100,USD,US10Y
2021-07-26,0.0129,31.48,0.0188662007623888,QQQ,Nasdaq 100,USD,US10Y
2021-07-27,0.0125,31.13,0.0196233536781239,QQQ,Nasdaq 100,USD,US10Y
2021-07-28,0.0126,31.26,0.0193897632757517,QQQ,Nasdaq 100,USD,US10Y
2021-07-29,0.0128,31.32,0.0191284802043422,QQQ,Nasdaq 100,USD,US10Y
2021-07-30,0.0124,31.14,0.0197130378933847,QQQ,Nasdaq 100,USD,US10Y
2021-08-02,0.012,31.14,0.0201130378933847,QQQ,Nasdaq 100,USD,US10Y
2021-08-03,0.0118999999999999,31.35,0.0199979266347688,QQQ,Nasdaq 100,USD,US10Y
2021-08-04,0.0118999999999999,31.39,0.0199572793883403,QQQ,Nasdaq 100,USD,US10Y
2021-08-05,0.0123,31.6,0.0193455696202531,QQQ,Nasdaq 100,USD,US10Y
2021-08-06,0.0131,31.45,0.0186965023847376,QQQ,Nasdaq 100,USD,US10Y
2021-08-09,0.0133,31.5,0.0184460317460317,QQQ,Nasdaq 100,USD,US10Y
2021-08-10,0.0136,31.33,0.0183182891796999,QQQ,Nasdaq 100,USD,US10Y
2021-08-11,0.0135,31.28,0.0184693094629156,QQQ,Nasdaq 100,USD,US10Y
2021-08-12,0.0136,31.4,0.0182471337579617,QQQ,Nasdaq 100,USD,US10Y
2021-08-13,0.0129,31.5,0.0188460317460317,QQQ,Nasdaq 100,USD,US10Y
2021-08-16,0.0126,31.51,0.0191359568390986,QQQ,Nasdaq 100,USD,US10Y
2021-08-17,0.0126,31.22,0.0194307495195387,QQQ,Nasdaq 100,USD,US10Y
2021-08-18,0.0127,30.92,0.0196415265200517,QQQ,Nasdaq 100,USD,US10Y
2021-08-19,0.0124,31.08,0.0197750321750321,QQQ,Nasdaq 100,USD,US10Y
2021-08-20,0.0126,31.41,0.0192369945877109,QQQ,Nasdaq 100,USD,US10Y
2021-08-23,0.0125,31.87,0.0188774709758393,QQQ,Nasdaq 100,USD,US10Y
2021-08-24,0.0129,31.96,0.0183891113892365,QQQ,Nasdaq 100,USD,US10Y
2021-08-25,0.0135,31.99,0.0177597686777117,QQQ,Nasdaq 100,USD,US10Y
2021-08-26,0.0134,31.8,0.0180465408805031,QQQ,Nasdaq 100,USD,US10Y
2021-08-27,0.0131,32.12,0.0180332503113325,QQQ,Nasdaq 100,USD,US10Y
2021-08-30,0.0129,32.48,0.0178881773399014,QQQ,Nasdaq 100,USD,US10Y
2021-08-31,0.013,32.43,0.0178356460067838,QQQ,Nasdaq 100,USD,US10Y
2021-09-01,0.0131,32.49,0.0176787011388119,QQQ,Nasdaq 100,USD,US10Y
2021-09-02,0.0129,32.48,0.0178881773399014,QQQ,Nasdaq 100,USD,US10Y
2021-09-03,0.0133,32.58,0.0173936771025168,QQQ,Nasdaq 100,USD,US10Y
2021-09-07,0.0138,32.63,0.0168466441924609,QQQ,Nasdaq 100,USD,US10Y
2021-09-08,0.0135,32.51,0.0172597662257766,QQQ,Nasdaq 100,USD,US10Y
2021-09-09,0.013,32.39,0.0178737264587835,QQQ,Nasdaq 100,USD,US10Y
2021-09-10,0.0135,32.14,0.0176138767890479,QQQ,Nasdaq 100,USD,US10Y
2021-09-13,0.0133,32.12,0.0178332503113325,QQQ,Nasdaq 100,USD,US10Y
2021-09-14,0.0128,32.02,0.0184304809494066,QQQ,Nasdaq 100,USD,US10Y
2021-09-15,0.0131,32.27,0.0178885342423303,QQQ,Nasdaq 100,USD,US10Y
2021-09-16,0.0134,32.29,0.0175693403530504,QQQ,Nasdaq 100,USD,US10Y
2021-09-17,0.0137,31.91,0.0176381385145722,QQQ,Nasdaq 100,USD,US10Y
2021-09-20,0.0131,31.24,0.0189102432778489,QQQ,Nasdaq 100,USD,US10Y
2021-09-21,0.0133,31.28,0.0186693094629156,QQQ,Nasdaq 100,USD,US10Y
2021-09-22,0.0132,31.59,0.0184555872111427,QQQ,Nasdaq 100,USD,US10Y
2021-09-23,0.0141,31.88,0.0172676286072772,QQQ,Nasdaq 100,USD,US10Y
2021-09-24,0.0147,31.91,0.0166381385145722,QQQ,Nasdaq 100,USD,US10Y
2021-09-27,0.0148,31.65,0.0167955766192733,QQQ,Nasdaq 100,USD,US10Y
2021-09-28,0.0154,30.74,0.0171309043591411,QQQ,Nasdaq 100,USD,US10Y
2021-09-29,0.0155,30.7,0.0170732899022801,QQQ,Nasdaq 100,USD,US10Y
2021-09-30,0.0152,29.12,0.0191406593406593,QQQ,Nasdaq 100,USD,US10Y
2021-10-01,0.0148,29.33,0.0192947834981247,QQQ,Nasdaq 100,USD,US10Y
2021-10-04,0.0149,28.69,0.0199553502962704,QQQ,Nasdaq 100,USD,US10Y
2021-10-05,0.0154,29.09,0.0189760742523203,QQQ,Nasdaq 100,USD,US10Y
2021-10-06,0.0153,29.28,0.0188530054644808,QQQ,Nasdaq 100,USD,US10Y
2021-10-07,0.0158,29.53,0.0180638672536403,QQQ,Nasdaq 100,USD,US10Y
2021-10-08,0.0161,29.38,0.0179367597004765,QQQ,Nasdaq 100,USD,US10Y
2021-10-11,0.0161,29.17,0.0181817963661295,QQQ,Nasdaq 100,USD,US10Y
2021-10-12,0.0159,29.07,0.0184997248022015,QQQ,Nasdaq 100,USD,US10Y
2021-10-13,0.0156,29.29,0.0185413451689996,QQQ,Nasdaq 100,USD,US10Y
2021-10-14,0.0152,29.84,0.0183120643431635,QQQ,Nasdaq 100,USD,US10Y
2021-10-15,0.0159,30.03,0.0174000333000332,QQQ,Nasdaq 100,USD,US10Y
2021-10-18,0.0159,30.34,0.01705978905735,QQQ,Nasdaq 100,USD,US10Y
2021-10-19,0.0165,30.55,0.0162332242225859,QQQ,Nasdaq 100,USD,US10Y
2021-10-20,0.0165,30.51,0.0162761389708292,QQQ,Nasdaq 100,USD,US10Y
2021-10-21,0.0168,30.71,0.0157626831650928,QQQ,Nasdaq 100,USD,US10Y
2021-10-22,0.0166,30.44,0.0162515111695138,QQQ,Nasdaq 100,USD,US10Y
2021-10-25,0.0163999999999999,30.76,0.0161097529258778,QQQ,Nasdaq 100,USD,US10Y
2021-10-26,0.0163,30.85,0.0161149108589951,QQQ,Nasdaq 100,USD,US10Y
2021-10-27,0.0154,30.93,0.0169310701584222,QQQ,Nasdaq 100,USD,US10Y
2021-10-28,0.0157,31.28,0.0162693094629156,QQQ,Nasdaq 100,USD,US10Y
2021-10-29,0.0155,31.42,0.0163268618714194,QQQ,Nasdaq 100,USD,US10Y
2021-11-01,0.0158,31.53,0.0159158261972724,QQQ,Nasdaq 100,USD,US10Y
2021-11-02,0.0156,31.67,0.0159756236185664,QQQ,Nasdaq 100,USD,US10Y
2021-11-03,0.016,32.01,0.0152402374258044,QQQ,Nasdaq 100,USD,US10Y
2021-11-04,0.0153,32.41,0.0155546744831842,QQQ,Nasdaq 100,USD,US10Y
2021-11-05,0.0144999999999999,32.43,0.0163356460067839,QQQ,Nasdaq 100,USD,US10Y
2021-11-08,0.0151,32.39,0.0157737264587835,QQQ,Nasdaq 100,USD,US10Y
2021-11-09,0.0146,32.16,0.016494527363184,QQQ,Nasdaq 100,USD,US10Y
2021-11-10,0.0156,31.69,0.0159556958030924,QQQ,Nasdaq 100,USD,US10Y
2021-11-11,0.0156,31.79,0.0158564328405158,QQQ,Nasdaq 100,USD,US10Y
2021-11-12,0.0158,32.12,0.0153332503113325,QQQ,Nasdaq 100,USD,US10Y
2021-11-15,0.0163,32.1,0.0148526479750778,QQQ,Nasdaq 100,USD,US10Y
2021-11-16,0.0163,32.34,0.014621459492888,QQQ,Nasdaq 100,USD,US10Y
2021-11-17,0.016,32.33,0.0149310238168883,QQQ,Nasdaq 100,USD,US10Y
2021-11-18,0.0159,32.68,0.0146997552019583,QQQ,Nasdaq 100,USD,US10Y
2021-11-19,0.0154,32.86,0.0150321363359707,QQQ,Nasdaq 100,USD,US10Y
2021-11-22,0.0163,32.48,0.0144881773399014,QQQ,Nasdaq 100,USD,US10Y
2021-11-23,0.0167,32.33,0.0142310238168883,QQQ,Nasdaq 100,USD,US10Y
2021-11-24,0.0163999999999999,32.45,0.0144166409861326,QQQ,Nasdaq 100,USD,US10Y
2021-11-26,0.0148,31.77,0.0166762354422411,QQQ,Nasdaq 100,USD,US10Y
2021-11-29,0.0152,32.51,0.0155597662257766,QQQ,Nasdaq 100,USD,US10Y
2021-11-30,0.0143,31.99,0.0169597686777117,QQQ,Nasdaq 100,USD,US10Y
2021-12-01,0.0143,31.48,0.0174662007623888,QQQ,Nasdaq 100,USD,US10Y
2021-12-02,0.0144,31.7,0.0171457413249211,QQQ,Nasdaq 100,USD,US10Y
2021-12-03,0.0135,31.15,0.0186027287319422,QQQ,Nasdaq 100,USD,US10Y
2021-12-06,0.0143,31.42,0.0175268618714194,QQQ,Nasdaq 100,USD,US10Y
2021-12-07,0.0148,32.37,0.0160928019771393,QQQ,Nasdaq 100,USD,US10Y
2021-12-08,0.0152,32.5,0.0155692307692307,QQQ,Nasdaq 100,USD,US10Y
2021-12-09,0.0149,32.02,0.0163304809494066,QQQ,Nasdaq 100,USD,US10Y
2021-12-10,0.0148,32.38,0.0160832612723903,QQQ,Nasdaq 100,USD,US10Y
2021-12-13,0.0141999999999999,31.88,0.0171676286072773,QQQ,Nasdaq 100,USD,US10Y
2021-12-14,0.0144,31.55,0.0172957210776545,QQQ,Nasdaq 100,USD,US10Y
2021-12-15,0.0147,32.3,0.0162597523219814,QQQ,Nasdaq 100,USD,US10Y
2021-12-16,0.0144,31.45,0.0173965023847376,QQQ,Nasdaq 100,USD,US10Y
2021-12-17,0.0141,31.33,0.0178182891796999,QQQ,Nasdaq 100,USD,US10Y
2021-12-20,0.0143,30.98,0.0179788896061975,QQQ,Nasdaq 100,USD,US10Y
2021-12-21,0.0148,31.69,0.0167556958030924,QQQ,Nasdaq 100,USD,US10Y
2021-12-22,0.0146,32.08,0.0165720698254364,QQQ,Nasdaq 100,USD,US10Y
2021-12-23,0.015,32.33,0.0159310238168883,QQQ,Nasdaq 100,USD,US10Y
2021-12-27,0.0148,32.85,0.015641400304414,QQQ,Nasdaq 100,USD,US10Y
2021-12-28,0.0149,32.69,0.0156903946160905,QQQ,Nasdaq 100,USD,US10Y
2021-12-29,0.0155,32.69,0.0150903946160905,QQQ,Nasdaq 100,USD,US10Y
2021-12-30,0.0152,32.57,0.0155031010132023,QQQ,Nasdaq 100,USD,US10Y
2021-12-31,0.0152,31.0,0.017058064516129,QQQ,Nasdaq 100,USD,US10Y
2022-01-03,0.0163,31.35,0.0155979266347687,QQQ,Nasdaq 100,USD,US10Y
2022-01-04,0.0166,30.93,0.0157310701584222,QQQ,Nasdaq 100,USD,US10Y
2022-01-05,0.0171,29.96,0.0162778371161548,QQQ,Nasdaq 100,USD,US10Y
2022-01-06,0.0173,29.95,0.0160889816360601,QQQ,Nasdaq 100,USD,US10Y
2022-01-07,0.0176,29.62,0.0161609723160026,QQQ,Nasdaq 100,USD,US10Y
2022-01-10,0.0178,29.66,0.0159154416722859,QQQ,Nasdaq 100,USD,US10Y
2022-01-11,0.0175,30.1,0.0157225913621262,QQQ,Nasdaq 100,USD,US10Y
2022-01-12,0.0174,30.21,0.0157016219794769,QQQ,Nasdaq 100,USD,US10Y
2022-01-13,0.017,29.44,0.0169673913043478,QQQ,Nasdaq 100,USD,US10Y
2022-01-14,0.0178,29.66,0.0159154416722859,QQQ,Nasdaq 100,USD,US10Y
2022-01-18,0.0187,28.9,0.0159020761245674,QQQ,Nasdaq 100,USD,US10Y
2022-01-19,0.0183,28.59,0.0166772647778943,QQQ,Nasdaq 100,USD,US10Y
2022-01-20,0.0183,28.2,0.0171609929078014,QQQ,Nasdaq 100,USD,US10Y
2022-01-21,0.0175,27.43,0.0189564345606999,QQQ,Nasdaq 100,USD,US10Y
2022-01-24,0.0175,27.56,0.0187844702467343,QQQ,Nasdaq 100,USD,US10Y
2022-01-25,0.0178,26.88,0.0194023809523809,QQQ,Nasdaq 100,USD,US10Y
2022-01-26,0.0185,26.92,0.0186471025260029,QQQ,Nasdaq 100,USD,US10Y
2022-01-27,0.0181,26.6,0.019493984962406,QQQ,Nasdaq 100,USD,US10Y
2022-01-28,0.0178,27.46,0.0186166059723233,QQQ,Nasdaq 100,USD,US10Y
2022-01-31,0.0179,28.36,0.0173609308885754,QQQ,Nasdaq 100,USD,US10Y
2022-02-01,0.0181,28.53,0.0169508236943568,QQQ,Nasdaq 100,USD,US10Y
2022-02-02,0.0178,28.76,0.0169705146036161,QQQ,Nasdaq 100,USD,US10Y
2022-02-03,0.0182,27.55,0.0180976406533575,QQQ,Nasdaq 100,USD,US10Y
2022-02-04,0.0192999999999999,27.91,0.0165294518093874,QQQ,Nasdaq 100,USD,US10Y
2022-02-07,0.0192,27.68,0.0169271676300578,QQQ,Nasdaq 100,USD,US10Y
2022-02-08,0.0196,28.01,0.0161015351660121,QQQ,Nasdaq 100,USD,US10Y
2022-02-09,0.0194,28.6,0.0155650349650349,QQQ,Nasdaq 100,USD,US10Y
2022-02-10,0.0203,27.94,0.0154909806728704,QQQ,Nasdaq 100,USD,US10Y
2022-02-11,0.0192,27.08,0.0177276218611521,QQQ,Nasdaq 100,USD,US10Y
2022-02-14,0.0197999999999999,27.11,0.0170867576540023,QQQ,Nasdaq 100,USD,US10Y
2022-02-15,0.0204999999999999,27.77,0.0155100828231905,QQQ,Nasdaq 100,USD,US10Y
2022-02-16,0.0203,27.74,0.0157490266762797,QQQ,Nasdaq 100,USD,US10Y
2022-02-17,0.0197,26.92,0.0174471025260029,QQQ,Nasdaq 100,USD,US10Y
2022-02-18,0.0192,26.61,0.0183798571965426,QQQ,Nasdaq 100,USD,US10Y
2022-02-22,0.0194,26.35,0.0185506641366223,QQQ,Nasdaq 100,USD,US10Y
2022-02-23,0.0199,25.66,0.0190711613406079,QQQ,Nasdaq 100,USD,US10Y
2022-02-24,0.0196,26.55,0.0180647834274952,QQQ,Nasdaq 100,USD,US10Y
2022-02-25,0.0197,26.95,0.0174057513914656,QQQ,Nasdaq 100,USD,US10Y
2022-02-28,0.0183,27.05,0.0186685767097966,QQQ,Nasdaq 100,USD,US10Y
2022-03-01,0.0172,26.61,0.0203798571965426,QQQ,Nasdaq 100,USD,US10Y
2022-03-02,0.0186,27.06,0.0183549150036954,QQQ,Nasdaq 100,USD,US10Y
2022-03-03,0.0186,26.66,0.018909377344336,QQQ,Nasdaq 100,USD,US10Y
2022-03-04,0.0174,26.29,0.0206372765310003,QQQ,Nasdaq 100,USD,US10Y
2022-03-07,0.0178,25.3,0.0217256916996047,QQQ,Nasdaq 100,USD,US10Y
2022-03-08,0.0186,25.2,0.0210825396825396,QQQ,Nasdaq 100,USD,US10Y
2022-03-09,0.0194,26.11,0.0188995021064726,QQQ,Nasdaq 100,USD,US10Y
2022-03-10,0.0197999999999999,25.82,0.0189296669248645,QQQ,Nasdaq 100,USD,US10Y
2022-03-11,0.02,25.27,0.019572615749901,QQQ,Nasdaq 100,USD,US10Y
2022-03-14,0.0214,24.78,0.0189551251008878,QQQ,Nasdaq 100,USD,US10Y
2022-03-15,0.0215,25.57,0.0176083300743058,QQQ,Nasdaq 100,USD,US10Y
2022-03-16,0.0219,26.51,0.0158216144850999,QQQ,Nasdaq 100,USD,US10Y
2022-03-17,0.022,26.82,0.0152856077554064,QQQ,Nasdaq 100,USD,US10Y
2022-03-18,0.0214,27.39,0.0151096750638919,QQQ,Nasdaq 100,USD,US10Y
2022-03-21,0.0232,27.31,0.013416623947272,QQQ,Nasdaq 100,USD,US10Y
2022-03-22,0.0237999999999999,27.84,0.0121195402298851,QQQ,Nasdaq 100,USD,US10Y
2022-03-23,0.0232,27.45,0.0132298724954462,QQQ,Nasdaq 100,USD,US10Y
2022-03-24,0.0233999999999999,28.05,0.0122506238859181,QQQ,Nasdaq 100,USD,US10Y
2022-03-25,0.0248,28.03,0.0108760613628255,QQQ,Nasdaq 100,USD,US10Y
2022-03-28,0.0246,28.47,0.0105246926589392,QQQ,Nasdaq 100,USD,US10Y
2022-03-29,0.0241,28.95,0.0104423143350604,QQQ,Nasdaq 100,USD,US10Y
2022-03-30,0.0235,28.63,0.0114283967865874,QQQ,Nasdaq 100,USD,US10Y
2022-03-31,0.0232,28.59,0.0117772647778943,QQQ,Nasdaq 100,USD,US10Y
2022-04-01,0.0239,28.63,0.0110283967865874,QQQ,Nasdaq 100,USD,US10Y
2022-04-04,0.0242,29.21,0.0100348510783978,QQQ,Nasdaq 100,USD,US10Y
2022-04-05,0.0254,28.55,0.0096262697022767,QQQ,Nasdaq 100,USD,US10Y
2022-04-06,0.0260999999999999,27.93,0.0097037952022915,QQQ,Nasdaq 100,USD,US10Y
2022-04-07,0.0266,28.0,0.0091142857142857,QQQ,Nasdaq 100,USD,US10Y
2022-04-08,0.0272,27.6,0.009031884057971,QQQ,Nasdaq 100,USD,US10Y
2022-04-11,0.0279,26.95,0.0092057513914656,QQQ,Nasdaq 100,USD,US10Y
2022-04-12,0.0272,26.86,0.0100300819061801,QQQ,Nasdaq 100,USD,US10Y
2022-04-13,0.027,27.39,0.0095096750638919,QQQ,Nasdaq 100,USD,US10Y
2022-04-14,0.0283,26.77,0.0090552484124019,QQQ,Nasdaq 100,USD,US10Y
2022-04-18,0.0285,26.8,0.0088134328358208,QQQ,Nasdaq 100,USD,US10Y
2022-04-19,0.0293,27.38,0.0072230094959824,QQQ,Nasdaq 100,USD,US10Y
2022-04-20,0.0285,26.97,0.0085782350760103,QQQ,Nasdaq 100,USD,US10Y
2022-04-21,0.0289999999999999,26.43,0.0088357926598563,QQQ,Nasdaq 100,USD,US10Y
2022-04-22,0.0289999999999999,25.73,0.0098651379712398,QQQ,Nasdaq 100,USD,US10Y
2022-04-25,0.0281,26.07,0.0102582662063674,QQQ,Nasdaq 100,USD,US10Y
2022-04-26,0.0277,25.07,0.0121883127243717,QQQ,Nasdaq 100,USD,US10Y
2022-04-27,0.0282,25.05,0.0117201596806387,QQQ,Nasdaq 100,USD,US10Y
2022-04-28,0.0285,25.93,0.0100653682992672,QQQ,Nasdaq 100,USD,US10Y
2022-04-29,0.0289,24.77,0.0114714170367379,QQQ,Nasdaq 100,USD,US10Y
2022-05-02,0.0299,25.19,0.0097982929734021,QQQ,Nasdaq 100,USD,US10Y
2022-05-03,0.0297,25.22,0.0099510705789056,QQQ,Nasdaq 100,USD,US10Y
2022-05-04,0.0293,26.08,0.0090435582822085,QQQ,Nasdaq 100,USD,US10Y
2022-05-05,0.0305,24.76,0.0098877221324717,QQQ,Nasdaq 100,USD,US10Y
2022-05-06,0.0312,24.46,0.0096830744071954,QQQ,Nasdaq 100,USD,US10Y
2022-05-09,0.0305,23.48,0.0120894378194207,QQQ,Nasdaq 100,USD,US10Y
2022-05-10,0.0299,23.79,0.0121344682639764,QQQ,Nasdaq 100,USD,US10Y
2022-05-11,0.0291,23.06,0.0142651344319167,QQQ,Nasdaq 100,USD,US10Y
2022-05-12,0.0283999999999999,23.02,0.0150404865334492,QQQ,Nasdaq 100,USD,US10Y
2022-05-13,0.0293,23.87,0.012593590280687,QQQ,Nasdaq 100,USD,US10Y
2022-05-16,0.0288,23.59,0.0135908435777871,QQQ,Nasdaq 100,USD,US10Y
2022-05-17,0.0298,24.21,0.0115052457662123,QQQ,Nasdaq 100,USD,US10Y
2022-05-18,0.0289,22.98,0.0146161009573542,QQQ,Nasdaq 100,USD,US10Y
2022-05-19,0.0283999999999999,22.88,0.0153062937062938,QQQ,Nasdaq 100,USD,US10Y
2022-05-20,0.0278,22.8,0.016059649122807,QQQ,Nasdaq 100,USD,US10Y
2022-05-23,0.0286,23.19,0.0145220353600689,QQQ,Nasdaq 100,USD,US10Y
2022-05-24,0.0276,22.68,0.0164917107583774,QQQ,Nasdaq 100,USD,US10Y
2022-05-25,0.0275,23.01,0.0159593654932637,QQQ,Nasdaq 100,USD,US10Y
2022-05-26,0.0275,23.65,0.0147832980972515,QQQ,Nasdaq 100,USD,US10Y
2022-05-27,0.0274,24.43,0.0135332787556283,QQQ,Nasdaq 100,USD,US10Y
2022-05-31,0.0285,24.36,0.0125509031198686,QQQ,Nasdaq 100,USD,US10Y
2022-06-01,0.0294,24.18,0.0119564929693961,QQQ,Nasdaq 100,USD,US10Y
2022-06-02,0.0292,24.84,0.0110576489533011,QQQ,Nasdaq 100,USD,US10Y
2022-06-03,0.0296,24.18,0.0117564929693961,QQQ,Nasdaq 100,USD,US10Y
2022-06-06,0.0304,24.28,0.0107861614497528,QQQ,Nasdaq 100,USD,US10Y
2022-06-07,0.0298,24.49,0.0110329930583911,QQQ,Nasdaq 100,USD,US10Y
2022-06-08,0.0302999999999999,24.31,0.0108353352529824,QQQ,Nasdaq 100,USD,US10Y
2022-06-09,0.0304,23.64,0.0119011844331641,QQQ,Nasdaq 100,USD,US10Y
2022-06-10,0.0315,22.8,0.012359649122807,QQQ,Nasdaq 100,USD,US10Y
2022-06-13,0.0343,21.75,0.0116770114942528,QQQ,Nasdaq 100,USD,US10Y
2022-06-14,0.0349,21.79,0.0109926112895823,QQQ,Nasdaq 100,USD,US10Y
2022-06-15,0.0333,22.34,0.0114627573858549,QQQ,Nasdaq 100,USD,US10Y
2022-06-16,0.0327999999999999,21.44,0.0138417910447762,QQQ,Nasdaq 100,USD,US10Y
2022-06-17,0.0325,21.71,0.0135617227084292,QQQ,Nasdaq 100,USD,US10Y
2022-06-21,0.0331,22.25,0.0118438202247191,QQQ,Nasdaq 100,USD,US10Y
2022-06-22,0.0316,22.21,0.0134247636199909,QQQ,Nasdaq 100,USD,US10Y
2022-06-23,0.0308999999999999,22.54,0.0134655723158829,QQQ,Nasdaq 100,USD,US10Y
2022-06-24,0.0313,23.32,0.0115816466552315,QQQ,Nasdaq 100,USD,US10Y
2022-06-27,0.032,23.14,0.0112152117545375,QQQ,Nasdaq 100,USD,US10Y
2022-06-28,0.032,22.42,0.0126030330062444,QQQ,Nasdaq 100,USD,US10Y
2022-06-29,0.031,22.46,0.0135235975066785,QQQ,Nasdaq 100,USD,US10Y
2022-06-30,0.0298,23.8,0.012216806722689,QQQ,Nasdaq 100,USD,US10Y
2022-07-01,0.0288,23.97,0.0129188151856487,QQQ,Nasdaq 100,USD,US10Y
2022-07-05,0.0282,24.37,0.0128340582683627,QQQ,Nasdaq 100,USD,US10Y
2022-07-06,0.0293,24.52,0.0114830342577487,QQQ,Nasdaq 100,USD,US10Y
2022-07-07,0.0301,25.05,0.0098201596806387,QQQ,Nasdaq 100,USD,US10Y
2022-07-08,0.0308999999999999,25.09,0.0089565165404544,QQQ,Nasdaq 100,USD,US10Y
2022-07-11,0.0299,24.54,0.0108497962510187,QQQ,Nasdaq 100,USD,US10Y
2022-07-12,0.0296,24.3,0.0115522633744855,QQQ,Nasdaq 100,USD,US10Y
2022-07-13,0.0291,24.27,0.0121031314379892,QQQ,Nasdaq 100,USD,US10Y
2022-07-14,0.0296,24.35,0.0114677618069815,QQQ,Nasdaq 100,USD,US10Y
2022-07-15,0.0293,24.8,0.0110225806451612,QQQ,Nasdaq 100,USD,US10Y
2022-07-18,0.0296,24.58,0.0110834825061025,QQQ,Nasdaq 100,USD,US10Y
2022-07-19,0.0301,25.35,0.009347731755424,QQQ,Nasdaq 100,USD,US10Y
2022-07-20,0.0304,25.74,0.0084500388500388,QQQ,Nasdaq 100,USD,US10Y
2022-07-21,0.0291,26.11,0.0091995021064726,QQQ,Nasdaq 100,USD,US10Y
2022-07-22,0.0277,25.65,0.0112863547758284,QQQ,Nasdaq 100,USD,US10Y
2022-07-25,0.0281,25.51,0.0111003136025088,QQQ,Nasdaq 100,USD,US10Y
2022-07-26,0.0281,25.01,0.011884006397441,QQQ,Nasdaq 100,USD,US10Y
2022-07-27,0.0278,26.07,0.0105582662063674,QQQ,Nasdaq 100,USD,US10Y
2022-07-28,0.0268,26.31,0.0112083618396047,QQQ,Nasdaq 100,USD,US10Y
2022-07-29,0.0266999999999999,26.79,0.0106273609555805,QQQ,Nasdaq 100,USD,US10Y
2022-08-01,0.026,26.78,0.0113412994772218,QQQ,Nasdaq 100,USD,US10Y
2022-08-02,0.0275,26.69,0.0099672161858373,QQQ,Nasdaq 100,USD,US10Y
2022-08-03,0.0273,27.42,0.009169730123997,QQQ,Nasdaq 100,USD,US10Y
2022-08-04,0.0268,27.54,0.0095108206245461,QQQ,Nasdaq 100,USD,US10Y
2022-08-05,0.0283,27.33,0.0082898280278082,QQQ,Nasdaq 100,USD,US10Y
2022-08-08,0.0277,27.23,0.0090242012486228,QQQ,Nasdaq 100,USD,US10Y
2022-08-09,0.0279999999999999,26.92,0.009147102526003,QQQ,Nasdaq 100,USD,US10Y
2022-08-10,0.0278,27.68,0.0083271676300578,QQQ,Nasdaq 100,USD,US10Y
2022-08-11,0.0287,27.5,0.0076636363636363,QQQ,Nasdaq 100,USD,US10Y
2022-08-12,0.0283999999999999,28.07,0.0072252226576417,QQQ,Nasdaq 100,USD,US10Y
2022-08-15,0.0279,28.28,0.0074606789250353,QQQ,Nasdaq 100,USD,US10Y
2022-08-16,0.0282,28.21,0.0072484225451967,QQQ,Nasdaq 100,USD,US10Y
2022-08-17,0.0289,27.87,0.006980875493362,QQQ,Nasdaq 100,USD,US10Y
2022-08-18,0.0288,27.95,0.006978175313059,QQQ,Nasdaq 100,USD,US10Y
2022-08-19,0.0298,27.4,0.0066963503649635,QQQ,Nasdaq 100,USD,US10Y
2022-08-22,0.0302999999999999,26.67,0.0071953130858643,QQQ,Nasdaq 100,USD,US10Y
2022-08-23,0.0305,26.65,0.0070234521575985,QQQ,Nasdaq 100,USD,US10Y
2022-08-24,0.0311,26.73,0.0063111485222596,QQQ,Nasdaq 100,USD,US10Y
2022-08-25,0.0302999999999999,27.2,0.006464705882353,QQQ,Nasdaq 100,USD,US10Y
2022-08-26,0.0304,26.08,0.0079435582822085,QQQ,Nasdaq 100,USD,US10Y
2022-08-29,0.0312,25.83,0.0075146728610143,QQQ,Nasdaq 100,USD,US10Y
2022-08-30,0.0311,25.54,0.0080542678151918,QQQ,Nasdaq 100,USD,US10Y
2022-08-31,0.0315,25.39,0.0078855848759354,QQQ,Nasdaq 100,USD,US10Y
2022-09-01,0.0326,25.4,0.0067700787401574,QQQ,Nasdaq 100,USD,US10Y
2022-09-02,0.032,25.03,0.0079520575309628,QQQ,Nasdaq 100,USD,US10Y
2022-09-06,0.0333,24.85,0.0069414486921529,QQQ,Nasdaq 100,USD,US10Y
2022-09-07,0.0327,25.37,0.0067166338194718,QQQ,Nasdaq 100,USD,US10Y
2022-09-08,0.0329,25.49,0.0063310710082385,QQQ,Nasdaq 100,USD,US10Y
2022-09-09,0.0333,26.05,0.0050877159309021,QQQ,Nasdaq 100,USD,US10Y
2022-09-12,0.0337,26.36,0.0042362670713201,QQQ,Nasdaq 100,USD,US10Y
2022-09-13,0.0342,24.9,0.0059606425702811,QQQ,Nasdaq 100,USD,US10Y
2022-09-14,0.0341,25.11,0.0057247710075667,QQQ,Nasdaq 100,USD,US10Y
2022-09-15,0.0345,24.68,0.0060186385737439,QQQ,Nasdaq 100,USD,US10Y
2022-09-16,0.0345,24.54,0.0062497962510187,QQQ,Nasdaq 100,USD,US10Y
2022-09-19,0.0349,24.73,0.005536716538617,QQQ,Nasdaq 100,USD,US10Y
2022-09-20,0.0356999999999999,24.52,0.0050830342577488,QQQ,Nasdaq 100,USD,US10Y
2022-09-21,0.0351,24.08,0.0064282392026578,QQQ,Nasdaq 100,USD,US10Y
2022-09-22,0.037,23.8,0.005016806722689,QQQ,Nasdaq 100,USD,US10Y
2022-09-23,0.0369,23.4,0.0058350427350427,QQQ,Nasdaq 100,USD,US10Y
2022-09-26,0.0388,23.29,0.00413688278231,QQQ,Nasdaq 100,USD,US10Y
2022-09-27,0.0397,23.32,0.0031816466552315,QQQ,Nasdaq 100,USD,US10Y
2022-09-28,0.0372,23.78,0.0048521446593776,QQQ,Nasdaq 100,USD,US10Y
2022-09-29,0.0375999999999999,23.1,0.0056900432900433,QQQ,Nasdaq 100,USD,US10Y
2022-09-30,0.0383,23.99,0.0033840350145894,QQQ,Nasdaq 100,USD,US10Y
2022-10-03,0.0366999999999999,24.55,0.0040331975560082,QQQ,Nasdaq 100,USD,US10Y
2022-10-04,0.0362,25.32,0.0032944707740916,QQQ,Nasdaq 100,USD,US10Y
2022-10-05,0.0375999999999999,25.3,0.0019256916996048,QQQ,Nasdaq 100,USD,US10Y
2022-10-06,0.0383,25.11,0.0015247710075667,QQQ,Nasdaq 100,USD,US10Y
2022-10-07,0.0389,24.14,0.0025250207125103,QQQ,Nasdaq 100,USD,US10Y
2022-10-10,0.0389,23.89,0.0029585182084554,QQQ,Nasdaq 100,USD,US10Y
2022-10-11,0.0393,23.59,0.0030908435777871,QQQ,Nasdaq 100,USD,US10Y
2022-10-12,0.0391,23.58,0.0033088210347752,QQQ,Nasdaq 100,USD,US10Y
2022-10-13,0.0397,24.12,0.0017593698175787,QQQ,Nasdaq 100,USD,US10Y
2022-10-14,0.04,23.38,0.0027715996578272,QQQ,Nasdaq 100,USD,US10Y
2022-10-17,0.0401999999999999,24.19,0.001139396444812,QQQ,Nasdaq 100,USD,US10Y
2022-10-18,0.0401,24.37,0.0009340582683627,QQQ,Nasdaq 100,USD,US10Y
2022-10-19,0.0414,24.28,-0.0002138385502471,QQQ,Nasdaq 100,USD,US10Y
2022-10-20,0.0424,24.15,-0.0009921325051759,QQQ,Nasdaq 100,USD,US10Y
2022-10-21,0.0421,24.73,-0.0016632834613829,QQQ,Nasdaq 100,USD,US10Y
2022-10-24,0.0425,24.99,-0.0024839935974389,QQQ,Nasdaq 100,USD,US10Y
2022-10-25,0.0409999999999999,25.51,-0.001799686397491,QQQ,Nasdaq 100,USD,US10Y
2022-10-26,0.0404,24.94,-0.0003037690457097,QQQ,Nasdaq 100,USD,US10Y
2022-10-27,0.0395999999999999,24.47,0.0012663669799755,QQQ,Nasdaq 100,USD,US10Y
2022-10-28,0.0401999999999999,25.24,-0.0005803486529317,QQQ,Nasdaq 100,USD,US10Y
2022-10-31,0.0409999999999999,24.94,-0.0009037690457096,QQQ,Nasdaq 100,USD,US10Y
2022-11-01,0.0407,24.68,-0.000181361426256,QQQ,Nasdaq 100,USD,US10Y
2022-11-02,0.0409999999999999,23.84,0.0009463087248323,QQQ,Nasdaq 100,USD,US10Y
2022-11-03,0.0414,23.37,0.0013899015832263,QQQ,Nasdaq 100,USD,US10Y
2022-11-04,0.0417,23.74,0.00042299915754,QQQ,Nasdaq 100,USD,US10Y
2022-11-07,0.0421999999999999,24.0,-0.0005333333333332,QQQ,Nasdaq 100,USD,US10Y
2022-11-08,0.0414,24.18,-4.35070306038024e-05,QQQ,Nasdaq 100,USD,US10Y
2022-11-09,0.0412,23.61,0.0011549343498517,QQQ,Nasdaq 100,USD,US10Y
2022-11-10,0.0382,25.37,0.0012166338194718,QQQ,Nasdaq 100,USD,US10Y
2022-11-11,0.0382,25.84,0.0004996904024767,QQQ,Nasdaq 100,USD,US10Y
2022-11-14,0.0388,25.58,0.0002930414386239,QQQ,Nasdaq 100,USD,US10Y
2022-11-15,0.038,25.95,0.0005356454720616,QQQ,Nasdaq 100,USD,US10Y
2022-11-16,0.0366999999999999,25.58,0.002393041438624,QQQ,Nasdaq 100,USD,US10Y
2022-11-17,0.0377,25.53,0.0014696043869956,QQQ,Nasdaq 100,USD,US10Y
2022-11-18,0.0382,25.53,0.0009696043869956,QQQ,Nasdaq 100,USD,US10Y
2022-11-21,0.0383,25.26,0.0012882818685669,QQQ,Nasdaq 100,USD,US10Y
2022-11-22,0.0375999999999999,25.63,0.0014167772142022,QQQ,Nasdaq 100,USD,US10Y
2022-11-23,0.0371,25.88,0.0015398763523956,QQQ,Nasdaq 100,USD,US10Y
2022-11-25,0.0368,25.7,0.0021105058365758,QQQ,Nasdaq 100,USD,US10Y
2022-11-28,0.0369,25.33,0.002578878799842,QQQ,Nasdaq 100,USD,US10Y
2022-11-29,0.0375,25.15,0.0022614314115308,QQQ,Nasdaq 100,USD,US10Y
2022-11-30,0.0368,26.3,0.0012228136882129,QQQ,Nasdaq 100,USD,US10Y
2022-12-01,0.0353,26.33,0.0026794910748196,QQQ,Nasdaq 100,USD,US10Y
2022-12-02,0.0351,26.22,0.00303882532418,QQQ,Nasdaq 100,USD,US10Y
2022-12-05,0.036,25.77,0.0028048117966627,QQQ,Nasdaq 100,USD,US10Y
2022-12-06,0.0351,25.25,0.0045039603960396,QQQ,Nasdaq 100,USD,US10Y
2022-12-07,0.0342,25.14,0.0055772474144789,QQQ,Nasdaq 100,USD,US10Y
2022-12-08,0.0348,25.44,0.0045081761006289,QQQ,Nasdaq 100,USD,US10Y
2022-12-09,0.0356999999999999,25.28,0.0038569620253165,QQQ,Nasdaq 100,USD,US10Y
2022-12-12,0.0361,25.59,0.0029777647518561,QQQ,Nasdaq 100,USD,US10Y
2022-12-13,0.0351,25.87,0.0035548125241592,QQQ,Nasdaq 100,USD,US10Y
2022-12-14,0.0349,25.67,0.0040559797428905,QQQ,Nasdaq 100,USD,US10Y
2022-12-15,0.0344,24.8,0.0059225806451612,QQQ,Nasdaq 100,USD,US10Y
2022-12-16,0.0348,24.58,0.0058834825061025,QQQ,Nasdaq 100,USD,US10Y
2022-12-19,0.0356999999999999,24.23,0.0055711514651259,QQQ,Nasdaq 100,USD,US10Y
2022-12-20,0.0369,24.21,0.0044052457662123,QQQ,Nasdaq 100,USD,US10Y
2022-12-21,0.0368,24.57,0.0039000407000406,QQQ,Nasdaq 100,USD,US10Y
2022-12-22,0.0366999999999999,23.95,0.0050536534446765,QQQ,Nasdaq 100,USD,US10Y
2022-12-23,0.0375,24.02,0.004131973355537,QQQ,Nasdaq 100,USD,US10Y
2022-12-27,0.0384,23.66,0.0038654268808114,QQQ,Nasdaq 100,USD,US10Y
2022-12-28,0.0388,23.35,0.0040265524625267,QQQ,Nasdaq 100,USD,US10Y
2022-12-29,0.0383,23.94,0.0034710944026733,QQQ,Nasdaq 100,USD,US10Y
2022-12-30,0.0388,23.92,0.0030060200668896,QQQ,Nasdaq 100,USD,US10Y
2023-01-03,0.0379,25.45,0.0013927308447937,QQQ,Nasdaq 100,USD,US10Y
2023-01-04,0.0369,25.57,0.0022083300743058,QQQ,Nasdaq 100,USD,US10Y
2023-01-05,0.0371,25.17,0.0026298371076678,QQQ,Nasdaq 100,USD,US10Y
2023-01-06,0.0355,25.87,0.0031548125241592,QQQ,Nasdaq 100,USD,US10Y
2023-01-09,0.0353,26.03,0.0031172109104878,QQQ,Nasdaq 100,USD,US10Y
2023-01-10,0.0361,26.26,0.001980731150038,QQQ,Nasdaq 100,USD,US10Y
2023-01-11,0.0354,26.72,0.0020251497005988,QQQ,Nasdaq 100,USD,US10Y
2023-01-12,0.0343,26.85,0.0029439478584729,QQQ,Nasdaq 100,USD,US10Y
2023-01-13,0.0349,27.04,0.00208224852071,QQQ,Nasdaq 100,USD,US10Y
2023-01-17,0.0353,27.08,0.0016276218611521,QQQ,Nasdaq 100,USD,US10Y
2023-01-18,0.0337,26.74,0.0036971578160059,QQQ,Nasdaq 100,USD,US10Y
2023-01-19,0.0339,26.47,0.0038786173026067,QQQ,Nasdaq 100,USD,US10Y
2023-01-20,0.0348,27.22,0.0019376928728875,QQQ,Nasdaq 100,USD,US10Y
2023-01-23,0.0352,27.82,0.0007453630481667,QQQ,Nasdaq 100,USD,US10Y
2023-01-24,0.0346,27.76,0.0014230547550432,QQQ,Nasdaq 100,USD,US10Y
2023-01-25,0.0346,27.68,0.0015271676300578,QQQ,Nasdaq 100,USD,US10Y
2023-01-26,0.0349,28.24,0.0005107648725212,QQQ,Nasdaq 100,USD,US10Y
2023-01-27,0.0352,28.51,-0.0001245878639074,QQQ,Nasdaq 100,USD,US10Y
2023-01-30,0.0355,27.91,0.0003294518093873,QQQ,Nasdaq 100,USD,US10Y
2023-01-31,0.0352,28.36,6.0930888575456976e-05,QQQ,Nasdaq 100,USD,US10Y
2023-02-01,0.0339,28.97,0.0006184673800483,QQQ,Nasdaq 100,USD,US10Y
2023-02-02,0.034,30.0,-0.0006666666666666,QQQ,Nasdaq 100,USD,US10Y
2023-02-03,0.0353,29.46,-0.0013556687033265,QQQ,Nasdaq 100,USD,US10Y
2023-02-06,0.0363,29.21,-0.0020651489216021,QQQ,Nasdaq 100,USD,US10Y
2023-02-07,0.0366999999999999,29.82,-0.0031654594232057,QQQ,Nasdaq 100,USD,US10Y
2023-02-08,0.0363,29.28,-0.0021469945355191,QQQ,Nasdaq 100,USD,US10Y
2023-02-09,0.0366999999999999,29.01,-0.0022291278869354,QQQ,Nasdaq 100,USD,US10Y
2023-02-10,0.0374,28.83,-0.0027139091224419,QQQ,Nasdaq 100,USD,US10Y
2023-02-13,0.0372,29.29,-0.0030586548310003,QQQ,Nasdaq 100,USD,US10Y
2023-02-14,0.0377,29.5,-0.0038016949152542,QQQ,Nasdaq 100,USD,US10Y
2023-02-15,0.0381,29.73,-0.0044639421459804,QQQ,Nasdaq 100,USD,US10Y
2023-02-16,0.0385999999999999,29.15,-0.0042946826758146,QQQ,Nasdaq 100,USD,US10Y
2023-02-17,0.0382,28.96,-0.0036696132596685,QQQ,Nasdaq 100,USD,US10Y
2023-02-21,0.0395,28.26,-0.0041142958244869,QQQ,Nasdaq 100,USD,US10Y
2023-02-22,0.0393,28.27,-0.0039268128758401,QQQ,Nasdaq 100,USD,US10Y
2023-02-23,0.0388,28.54,-0.0037614576033637,QQQ,Nasdaq 100,USD,US10Y
2023-02-24,0.0395,28.05,-0.0038493761140819,QQQ,Nasdaq 100,USD,US10Y
2023-02-27,0.0392,28.25,-0.0038017699115044,QQQ,Nasdaq 100,USD,US10Y
2023-02-28,0.0392,28.22,-0.0037641389085754,QQQ,Nasdaq 100,USD,US10Y
2023-03-01,0.0401,27.97,-0.0043474079370754,QQQ,Nasdaq 100,USD,US10Y
2023-03-02,0.0408,28.22,-0.0053641389085754,QQQ,Nasdaq 100,USD,US10Y
2023-03-03,0.0397,28.8,-0.0049777777777777,QQQ,Nasdaq 100,USD,US10Y
2023-03-06,0.0398,28.83,-0.0051139091224419,QQQ,Nasdaq 100,USD,US10Y
2023-03-07,0.0397,28.47,-0.0045753073410607,QQQ,Nasdaq 100,USD,US10Y
2023-03-08,0.0398,28.62,-0.0048593990216631,QQQ,Nasdaq 100,USD,US10Y
2023-03-09,0.0393,28.11,-0.0037254713625044,QQQ,Nasdaq 100,USD,US10Y
2023-03-10,0.037,27.72,-0.0009249639249639,QQQ,Nasdaq 100,USD,US10Y
2023-03-13,0.0355,27.94,0.0002909806728704,QQQ,Nasdaq 100,USD,US10Y
2023-03-14,0.0364,28.59,-0.0014227352221056,QQQ,Nasdaq 100,USD,US10Y
2023-03-15,0.0351,28.71,-0.000268930686172,QQQ,Nasdaq 100,USD,US10Y
2023-03-16,0.0356,29.48,-0.001678697421981,QQQ,Nasdaq 100,USD,US10Y
2023-03-17,0.0339,29.34,0.0001831629175187,QQQ,Nasdaq 100,USD,US10Y
2023-03-20,0.0347,29.44,-0.0007326086956521,QQQ,Nasdaq 100,USD,US10Y
2023-03-21,0.0359,29.85,-0.0023991624790619,QQQ,Nasdaq 100,USD,US10Y
2023-03-22,0.0348,29.45,-0.000844142614601,QQQ,Nasdaq 100,USD,US10Y
2023-03-23,0.0338,29.83,-0.0002767013074086,QQQ,Nasdaq 100,USD,US10Y
2023-03-24,0.0338,29.91,-0.0003663657639585,QQQ,Nasdaq 100,USD,US10Y
2023-03-27,0.0353,29.69,-0.0016186257999326,QQQ,Nasdaq 100,USD,US10Y
2023-03-28,0.0355,29.55,-0.0016590524534686,QQQ,Nasdaq 100,USD,US10Y
2023-03-29,0.0356999999999999,30.1,-0.0024774086378736,QQQ,Nasdaq 100,USD,US10Y
2023-03-30,0.0355,30.37,-0.0025727691801119,QQQ,Nasdaq 100,USD,US10Y
2023-03-31,0.0348,30.77,-0.002300812479688,QQQ,Nasdaq 100,USD,US10Y
2023-04-03,0.0343,30.7,-0.0017267100977198,QQQ,Nasdaq 100,USD,US10Y
2023-04-04,0.0335,30.58,-0.0007988881621975,QQQ,Nasdaq 100,USD,US10Y
2023-04-05,0.033,30.27,3.6009250082590094e-05,QQQ,Nasdaq 100,USD,US10Y
2023-04-06,0.033,30.5,-0.0002131147540983,QQQ,Nasdaq 100,USD,US10Y
2023-04-07,0.0339,30.5,-0.0011131147540983,QQQ,Nasdaq 100,USD,US10Y
2023-04-10,0.0341,30.47,-0.0012808336068263,QQQ,Nasdaq 100,USD,US10Y
2023-04-11,0.0343,30.27,-0.0012639907499174,QQQ,Nasdaq 100,USD,US10Y
2023-04-12,0.0341,30.0,-0.0007666666666666,QQQ,Nasdaq 100,USD,US10Y
2023-04-13,0.0345,30.6,-0.0018202614379084,QQQ,Nasdaq 100,USD,US10Y
2023-04-14,0.0352,30.54,-0.0024560576293385,QQQ,Nasdaq 100,USD,US10Y
2023-04-17,0.036,30.55,-0.003266775777414,QQQ,Nasdaq 100,USD,US10Y
2023-04-18,0.0358,30.56,-0.0030774869109947,QQQ,Nasdaq 100,USD,US10Y
2023-04-19,0.036,30.56,-0.0032774869109947,QQQ,Nasdaq 100,USD,US10Y
2023-04-20,0.0354,30.32,-0.002418469656992,QQQ,Nasdaq 100,USD,US10Y
2023-04-21,0.0356999999999999,30.35,-0.0027510708401975,QQQ,Nasdaq 100,USD,US10Y
2023-04-24,0.0352,30.28,-0.0021749009247027,QQQ,Nasdaq 100,USD,US10Y
2023-04-25,0.034,29.71,-0.0003412992258498,QQQ,Nasdaq 100,USD,US10Y
2023-04-26,0.0343,29.9,-0.0008551839464882,QQQ,Nasdaq 100,USD,US10Y
2023-04-27,0.0353,30.72,-0.0027479166666666,QQQ,Nasdaq 100,USD,US10Y
2023-04-28,0.0344,30.92,-0.0020584734799482,QQQ,Nasdaq 100,USD,US10Y
2023-05-01,0.0359,30.89,-0.0035270637746843,QQQ,Nasdaq 100,USD,US10Y
2023-05-02,0.0344,30.61,-0.0017309376020908,QQQ,Nasdaq 100,USD,US10Y
2023-05-03,0.0338,30.42,-0.0009268902038132,QQQ,Nasdaq 100,USD,US10Y
2023-05-04,0.0337,30.31,-0.0007075882547014,QQQ,Nasdaq 100,USD,US10Y
2023-05-05,0.0344,30.95,-0.0020898222940226,QQQ,Nasdaq 100,USD,US10Y
2023-05-08,0.0352,31.03,-0.0029731227844021,QQQ,Nasdaq 100,USD,US10Y
2023-05-09,0.0353,30.82,-0.0028535366645035,QQQ,Nasdaq 100,USD,US10Y
2023-05-10,0.0343,31.16,-0.0022075738125802,QQQ,Nasdaq 100,USD,US10Y
2023-05-11,0.0339,31.26,-0.0019102367242482,QQQ,Nasdaq 100,USD,US10Y
2023-05-12,0.0346,31.14,-0.0024869621066152,QQQ,Nasdaq 100,USD,US10Y
2023-05-14,0.0346,31.14,-0.0024869621066152,QQQ,Nasdaq 100,USD,US10Y
2023-05-15,0.035,31.31,-0.0030613222612583,QQQ,Nasdaq 100,USD,US10Y
2023-05-16,0.0354,31.34,-0.0034918953414167,QQQ,Nasdaq 100,USD,US10Y
2023-05-17,0.0356999999999999,31.73,-0.0041840844626535,QQQ,Nasdaq 100,USD,US10Y
2023-05-18,0.0365,32.3,-0.0055402476780185,QQQ,Nasdaq 100,USD,US10Y
2023-05-19,0.037,32.23,-0.0059730065156686,QQQ,Nasdaq 100,USD,US10Y
2023-05-21,0.037,32.23,-0.0059730065156686,QQQ,Nasdaq 100,USD,US10Y
2023-05-22,0.0372,32.33,-0.0062689761831116,QQQ,Nasdaq 100,USD,US10Y
2023-05-23,0.037,31.92,-0.0056716791979949,QQQ,Nasdaq 100,USD,US10Y
2023-05-24,0.0373,31.76,-0.0058138539042821,QQQ,Nasdaq 100,USD,US10Y
2023-05-25,0.0383,32.54,-0.0075685925015365,QQQ,Nasdaq 100,USD,US10Y
2023-05-26,0.038,33.38,-0.0080419412822049,QQQ,Nasdaq 100,USD,US10Y
2023-05-28,0.038,33.38,-0.0080419412822049,QQQ,Nasdaq 100,USD,US10Y
2023-05-29,0.038,33.38,-0.0080419412822049,QQQ,Nasdaq 100,USD,US10Y
2023-05-30,0.0369,33.51,-0.0070581617427633,QQQ,Nasdaq 100,USD,US10Y
2023-05-31,0.0364,33.28,-0.006351923076923,QQQ,Nasdaq 100,USD,US10Y
2023-06-01,0.0361,33.71,-0.0064352121032334,QQQ,Nasdaq 100,USD,US10Y
2023-06-02,0.0369,33.96,-0.0074535924617196,QQQ,Nasdaq 100,USD,US10Y
2023-06-04,0.0369,33.96,-0.0074535924617196,QQQ,Nasdaq 100,USD,US10Y
2023-06-05,0.0369,33.98,-0.0074709240729841,QQQ,Nasdaq 100,USD,US10Y
2023-06-06,0.037,33.99,-0.0075795822300676,QQQ,Nasdaq 100,USD,US10Y
2023-06-07,0.0379,33.39,-0.0079509134471398,QQQ,Nasdaq 100,USD,US10Y
2023-06-08,0.0373,33.82,-0.0077316972205795,QQQ,Nasdaq 100,USD,US10Y
2023-06-09,0.0375,33.92,-0.0080188679245283,QQQ,Nasdaq 100,USD,US10Y
2023-06-11,0.0375,33.92,-0.0080188679245283,QQQ,Nasdaq 100,USD,US10Y
2023-06-12,0.0373,34.51,-0.0083228919153868,QQQ,Nasdaq 100,USD,US10Y
2023-06-13,0.0384,34.79,-0.0096561080770336,QQQ,Nasdaq 100,USD,US10Y
2023-06-14,0.0383,35.03,-0.0097530402512132,QQQ,Nasdaq 100,USD,US10Y
2023-06-15,0.0372,35.45,-0.0089912552891396,QQQ,Nasdaq 100,USD,US10Y
2023-06-16,0.0377,35.21,-0.0092989775631922,QQQ,Nasdaq 100,USD,US10Y
2023-06-18,0.0377,35.21,-0.0092989775631922,QQQ,Nasdaq 100,USD,US10Y
2023-06-19,0.0377,35.21,-0.0092989775631922,QQQ,Nasdaq 100,USD,US10Y
2023-06-20,0.0374,35.18,-0.0089747583854462,QQQ,Nasdaq 100,USD,US10Y
2023-06-21,0.0372,34.71,-0.0083898588303082,QQQ,Nasdaq 100,USD,US10Y
2023-06-22,0.038,35.12,-0.0095261958997722,QQQ,Nasdaq 100,USD,US10Y
2023-06-23,0.0374,34.77,-0.0086395743457003,QQQ,Nasdaq 100,USD,US10Y
2023-06-26,0.0372,34.29,-0.0080369787109944,QQQ,Nasdaq 100,USD,US10Y
2023-06-27,0.0377,34.89,-0.0090384924047004,QQQ,Nasdaq 100,USD,US10Y
2023-06-28,0.0371,34.94,-0.0084795077275329,QQQ,Nasdaq 100,USD,US10Y
2023-06-29,0.0385,34.88,-0.0098302752293578,QQQ,Nasdaq 100,USD,US10Y
2023-06-30,0.0381,32.61,-0.0074345599509352,QQQ,Nasdaq 100,USD,US10Y
2023-07-03,0.0385999999999999,32.68,-0.0080002447980415,QQQ,Nasdaq 100,USD,US10Y
2023-07-05,0.0395,32.67,-0.0088908784817875,QQQ,Nasdaq 100,USD,US10Y
2023-07-06,0.0405,32.42,-0.0096548426896977,QQQ,Nasdaq 100,USD,US10Y
2023-07-07,0.0406,32.31,-0.0096498297740637,QQQ,Nasdaq 100,USD,US10Y
2023-07-10,0.0401,32.33,-0.0091689761831116,QQQ,Nasdaq 100,USD,US10Y
2023-07-11,0.0399,32.48,-0.0091118226600985,QQQ,Nasdaq 100,USD,US10Y
2023-07-12,0.0385999999999999,32.89,-0.0081956217695347,QQQ,Nasdaq 100,USD,US10Y
2023-07-13,0.0375999999999999,33.46,-0.0077135684399281,QQQ,Nasdaq 100,USD,US10Y
2023-07-14,0.0383,33.44,-0.0083956937799043,QQQ,Nasdaq 100,USD,US10Y
2023-07-17,0.0381,33.76,-0.0084791469194312,QQQ,Nasdaq 100,USD,US10Y
2023-07-18,0.038,34.04,-0.0086227967097532,QQQ,Nasdaq 100,USD,US10Y
2023-07-19,0.0375,34.0,-0.0080882352941176,QQQ,Nasdaq 100,USD,US10Y
2023-07-20,0.0385,33.23,-0.0084067108034908,QQQ,Nasdaq 100,USD,US10Y
2023-07-21,0.0384,33.14,-0.0082249849124924,QQQ,Nasdaq 100,USD,US10Y
2023-07-24,0.0385999999999999,33.19,-0.0084704429044892,QQQ,Nasdaq 100,USD,US10Y
2023-07-25,0.0391,33.43,-0.0091867484295542,QQQ,Nasdaq 100,USD,US10Y
2023-07-26,0.0385999999999999,33.3,-0.0085699699699698,QQQ,Nasdaq 100,USD,US10Y
2023-07-27,0.0401,33.23,-0.0100067108034908,QQQ,Nasdaq 100,USD,US10Y
2023-07-28,0.0395999999999999,33.84,-0.010049172576832,QQQ,Nasdaq 100,USD,US10Y
2023-07-31,0.0397,33.85,-0.0101579025110782,QQQ,Nasdaq 100,USD,US10Y
2023-08-01,0.0405,33.77,-0.0108879182706544,QQQ,Nasdaq 100,USD,US10Y
2023-08-02,0.0408,33.03,-0.0105244928852558,QQQ,Nasdaq 100,USD,US10Y
2023-08-03,0.042,32.99,-0.0116877841770233,QQQ,Nasdaq 100,USD,US10Y
2023-08-04,0.0405,32.82,-0.0100307739183424,QQQ,Nasdaq 100,USD,US10Y
2023-08-07,0.0409,33.1,-0.0106885196374622,QQQ,Nasdaq 100,USD,US10Y
2023-08-08,0.0401999999999999,32.82,-0.0097307739183423,QQQ,Nasdaq 100,USD,US10Y
2023-08-09,0.04,32.45,-0.0091833590138674,QQQ,Nasdaq 100,USD,US10Y
2023-08-10,0.0409,32.51,-0.0101402337742233,QQQ,Nasdaq 100,USD,US10Y
2023-08-11,0.0416,32.29,-0.0106306596469495,QQQ,Nasdaq 100,USD,US10Y
2023-08-14,0.0419,32.67,-0.0112908784817875,QQQ,Nasdaq 100,USD,US10Y
2023-08-15,0.0421,32.31,-0.0111498297740637,QQQ,Nasdaq 100,USD,US10Y
2023-08-16,0.0428,31.96,-0.0115108886107634,QQQ,Nasdaq 100,USD,US10Y
2023-08-17,0.043,31.62,-0.0113744465528146,QQQ,Nasdaq 100,USD,US10Y
2023-08-18,0.0426,31.57,-0.010924358568261,QQQ,Nasdaq 100,USD,US10Y
2023-08-21,0.0434,32.09,-0.0122376441258959,QQQ,Nasdaq 100,USD,US10Y
2023-08-22,0.0434,32.03,-0.0121792694349047,QQQ,Nasdaq 100,USD,US10Y
2023-08-23,0.0419,32.55,-0.0111780337941628,QQQ,Nasdaq 100,USD,US10Y
2023-08-24,0.0423,31.83,-0.0108830977065661,QQQ,Nasdaq 100,USD,US10Y
2023-08-25,0.0425,32.1,-0.0113473520249221,QQQ,Nasdaq 100,USD,US10Y
2023-08-28,0.042,32.34,-0.0110785405071119,QQQ,Nasdaq 100,USD,US10Y
2023-08-29,0.0412,33.04,-0.0109336561743341,QQQ,Nasdaq 100,USD,US10Y
2023-08-30,0.0412,33.22,-0.0110976520168573,QQQ,Nasdaq 100,USD,US10Y
2023-08-31,0.0409,33.31,-0.0108789852897027,QQQ,Nasdaq 100,USD,US10Y
2023-09-01,0.0418,33.28,-0.011751923076923,QQQ,Nasdaq 100,USD,US10Y
2023-09-05,0.0426999999999999,33.32,-0.0126879951980791,QQQ,Nasdaq 100,USD,US10Y
2023-09-06,0.043,33.03,-0.0127244928852558,QQQ,Nasdaq 100,USD,US10Y
2023-09-07,0.0426999999999999,32.78,-0.0121935936546673,QQQ,Nasdaq 100,USD,US10Y
2023-09-08,0.0426,32.83,-0.0121400548279013,QQQ,Nasdaq 100,USD,US10Y
2023-09-11,0.0429,33.22,-0.0127976520168573,QQQ,Nasdaq 100,USD,US10Y
2023-09-12,0.0426999999999999,32.85,-0.0122585996955858,QQQ,Nasdaq 100,USD,US10Y
2023-09-13,0.0425,32.98,-0.0121785930867192,QQQ,Nasdaq 100,USD,US10Y
2023-09-14,0.0429,33.25,-0.0128248120300751,QQQ,Nasdaq 100,USD,US10Y
2023-09-15,0.0433,32.66,-0.0126815064298836,QQQ,Nasdaq 100,USD,US10Y
2023-09-18,0.0432,32.71,-0.012628309385509,QQQ,Nasdaq 100,USD,US10Y
2023-09-19,0.0437,32.64,-0.0130627450980392,QQQ,Nasdaq 100,USD,US10Y
2023-09-20,0.0435,32.16,-0.0124054726368159,QQQ,Nasdaq 100,USD,US10Y
2023-09-21,0.0449,31.57,-0.013224358568261,QQQ,Nasdaq 100,USD,US10Y
2023-09-22,0.0444,31.59,-0.0127444127888572,QQQ,Nasdaq 100,USD,US10Y
2023-09-25,0.0455,31.73,-0.0139840844626536,QQQ,Nasdaq 100,USD,US10Y
2023-09-26,0.0455999999999999,31.25,-0.0135999999999998,QQQ,Nasdaq 100,USD,US10Y
2023-09-27,0.0461,31.33,-0.0141817108203,QQQ,Nasdaq 100,USD,US10Y
2023-09-28,0.0458999999999999,31.59,-0.0142444127888571,QQQ,Nasdaq 100,USD,US10Y
2023-09-29,0.0458999999999999,31.62,-0.0142744465528145,QQQ,Nasdaq 100,USD,US10Y
2023-10-02,0.0469,30.45,-0.014059277504105,QQQ,Nasdaq 100,USD,US10Y
2023-10-03,0.0481,29.89,-0.0146439946470391,QQQ,Nasdaq 100,USD,US10Y
2023-10-04,0.0473,30.32,-0.014318469656992,QQQ,Nasdaq 100,USD,US10Y
2023-10-05,0.0472,30.22,-0.0141093315684976,QQQ,Nasdaq 100,USD,US10Y
2023-10-06,0.0478,30.73,-0.0152585095997396,QQQ,Nasdaq 100,USD,US10Y
2023-10-09,0.0478,30.88,-0.0154165803108808,QQQ,Nasdaq 100,USD,US10Y
2023-10-10,0.0466,31.05,-0.0143938808373591,QQQ,Nasdaq 100,USD,US10Y
2023-10-11,0.0458,31.28,-0.0138306905370843,QQQ,Nasdaq 100,USD,US10Y
2023-10-12,0.047,31.16,-0.0149075738125802,QQQ,Nasdaq 100,USD,US10Y
2023-10-13,0.0463,30.77,-0.013800812479688,QQQ,Nasdaq 100,USD,US10Y
2023-10-16,0.0471,31.14,-0.0149869621066152,QQQ,Nasdaq 100,USD,US10Y
2023-10-17,0.0483,31.03,-0.0160731227844021,QQQ,Nasdaq 100,USD,US10Y
2023-10-18,0.0491,30.6,-0.0164202614379084,QQQ,Nasdaq 100,USD,US10Y
2023-10-19,0.0498,30.34,-0.0168402109426499,QQQ,Nasdaq 100,USD,US10Y
2023-10-20,0.0493,29.88,-0.015832797858099,QQQ,Nasdaq 100,USD,US10Y
2023-10-23,0.0486,29.97,-0.0152332999666332,QQQ,Nasdaq 100,USD,US10Y
2023-10-24,0.0483,30.26,-0.0152530733641771,QQQ,Nasdaq 100,USD,US10Y
2023-10-25,0.0495,29.52,-0.0156246612466124,QQQ,Nasdaq 100,USD,US10Y
2023-10-26,0.0486,28.96,-0.0140696132596685,QQQ,Nasdaq 100,USD,US10Y
2023-10-27,0.0484,29.1,-0.0140357388316151,QQQ,Nasdaq 100,USD,US10Y
2023-10-30,0.0487999999999999,29.42,-0.014809517335146,QQQ,Nasdaq 100,USD,US10Y
2023-10-31,0.0487999999999999,29.57,-0.0149819411565775,QQQ,Nasdaq 100,USD,US10Y
2023-11-01,0.0476999999999999,30.1,-0.0144774086378736,QQQ,Nasdaq 100,USD,US10Y
2023-11-02,0.0467,30.62,-0.0140416067929457,QQQ,Nasdaq 100,USD,US10Y
2023-11-03,0.0457,30.99,-0.013431526298806,QQQ,Nasdaq 100,USD,US10Y
2023-11-06,0.0467,31.1,-0.0145456591639871,QQQ,Nasdaq 100,USD,US10Y
2023-11-07,0.0458,31.39,-0.0139427206116597,QQQ,Nasdaq 100,USD,US10Y
2023-11-08,0.0449,31.43,-0.0130832643970728,QQQ,Nasdaq 100,USD,US10Y
2023-11-09,0.0462,31.17,-0.0141178697465511,QQQ,Nasdaq 100,USD,US10Y
2023-11-10,0.0461,31.87,-0.0147225290241606,QQQ,Nasdaq 100,USD,US10Y
2023-11-13,0.0463,31.77,-0.0148237645577588,QQQ,Nasdaq 100,USD,US10Y
2023-11-14,0.0444,32.45,-0.0135833590138674,QQQ,Nasdaq 100,USD,US10Y
2023-11-15,0.0453,32.46,-0.0144928527418361,QQQ,Nasdaq 100,USD,US10Y
2023-11-16,0.0445,32.49,-0.013721298861188,QQQ,Nasdaq 100,USD,US10Y
2023-11-17,0.0444,32.5,-0.0136307692307692,QQQ,Nasdaq 100,USD,US10Y
2023-11-20,0.0441999999999999,32.89,-0.0137956217695347,QQQ,Nasdaq 100,USD,US10Y
2023-11-21,0.0441,32.7,-0.0135189602446483,QQQ,Nasdaq 100,USD,US10Y
2023-11-22,0.0441999999999999,32.84,-0.0137493300852617,QQQ,Nasdaq 100,USD,US10Y
2023-11-24,0.0447,32.8,-0.0142121951219512,QQQ,Nasdaq 100,USD,US10Y
2023-11-27,0.0438999999999999,32.76,-0.0133749694749693,QQQ,Nasdaq 100,USD,US10Y
2023-11-28,0.0434,32.86,-0.0129678636640292,QQQ,Nasdaq 100,USD,US10Y
2023-11-29,0.0426999999999999,32.81,-0.0122214873514171,QQQ,Nasdaq 100,USD,US10Y
2023-11-30,0.0437,32.73,-0.013146990528567,QQQ,Nasdaq 100,USD,US10Y
2023-12-01,0.0421999999999999,32.83,-0.0117400548279012,QQQ,Nasdaq 100,USD,US10Y
2023-12-04,0.0428,32.51,-0.0120402337742233,QQQ,Nasdaq 100,USD,US10Y
2023-12-05,0.0418,32.59,-0.0111157410248542,QQQ,Nasdaq 100,USD,US10Y
2023-12-06,0.0412,32.4,-0.0103358024691358,QQQ,Nasdaq 100,USD,US10Y
2023-12-07,0.0414,32.88,-0.0109863746958637,QQQ,Nasdaq 100,USD,US10Y
2023-12-08,0.0423,33.01,-0.0120061496516207,QQQ,Nasdaq 100,USD,US10Y
2023-12-11,0.0423,33.29,-0.0122609492340042,QQQ,Nasdaq 100,USD,US10Y
2023-12-12,0.042,33.56,-0.0122026221692491,QQQ,Nasdaq 100,USD,US10Y
2023-12-13,0.0404,33.99,-0.0109795822300676,QQQ,Nasdaq 100,USD,US10Y
2023-12-14,0.0392,33.94,-0.0097362404242781,QQQ,Nasdaq 100,USD,US10Y
2023-12-15,0.0391,34.12,-0.0097916764361078,QQQ,Nasdaq 100,USD,US10Y
2023-12-18,0.0395,34.33,-0.0103709583454704,QQQ,Nasdaq 100,USD,US10Y
2023-12-19,0.0393,34.5,-0.0103144927536231,QQQ,Nasdaq 100,USD,US10Y
2023-12-20,0.0385999999999999,33.97,-0.009162260818369,QQQ,Nasdaq 100,USD,US10Y
2023-12-21,0.0389,34.39,-0.0098217795870892,QQQ,Nasdaq 100,USD,US10Y
2023-12-22,0.039,34.43,-0.0099555620098751,QQQ,Nasdaq 100,USD,US10Y
2023-12-26,0.0389,34.64,-0.0100316397228637,QQQ,Nasdaq 100,USD,US10Y
2023-12-27,0.0379,34.7,-0.0090815561959654,QQQ,Nasdaq 100,USD,US10Y
2023-12-28,0.0384,34.68,-0.0095649365628604,QQQ,Nasdaq 100,USD,US10Y
2023-12-29,0.0388,34.53,-0.0098396756443672,QQQ,Nasdaq 100,USD,US10Y
2024-01-02,0.0395,29.39,-0.0054748213678121,QQQ,Nasdaq 100,USD,US10Y
2024-01-03,0.0391,29.08,-0.0047121045392021,QQQ,Nasdaq 100,USD,US10Y
2024-01-04,0.0399,28.93,-0.0053338057379882,QQQ,Nasdaq 100,USD,US10Y
2024-01-05,0.0405,28.97,-0.0059815326199516,QQQ,Nasdaq 100,USD,US10Y
2024-01-08,0.0401,29.58,-0.0062933739012846,QQQ,Nasdaq 100,USD,US10Y
2024-01-09,0.0401999999999999,29.63,-0.0064504218697265,QQQ,Nasdaq 100,USD,US10Y
2024-01-10,0.0404,29.84,-0.0068879356568364,QQQ,Nasdaq 100,USD,US10Y
2024-01-11,0.0398,29.89,-0.0063439946470391,QQQ,Nasdaq 100,USD,US10Y
2024-01-12,0.0395999999999999,29.91,-0.0061663657639584,QQQ,Nasdaq 100,USD,US10Y
2024-01-16,0.0407,29.9,-0.0072551839464882,QQQ,Nasdaq 100,USD,US10Y
2024-01-17,0.0409999999999999,29.74,-0.0073752521856085,QQQ,Nasdaq 100,USD,US10Y
2024-01-18,0.0414,30.17,-0.0082544912164401,QQQ,Nasdaq 100,USD,US10Y
2024-01-19,0.0415,30.76,-0.0089902470741222,QQQ,Nasdaq 100,USD,US10Y
2024-01-22,0.0411,30.79,-0.008621922702176,QQQ,Nasdaq 100,USD,US10Y
2024-01-23,0.0414,30.92,-0.0090584734799482,QQQ,Nasdaq 100,USD,US10Y
2024-01-24,0.0418,31.09,-0.0096353168221293,QQQ,Nasdaq 100,USD,US10Y
2024-01-25,0.0414,31.12,-0.009266323907455,QQQ,Nasdaq 100,USD,US10Y
2024-01-26,0.0415,30.95,-0.0091898222940226,QQQ,Nasdaq 100,USD,US10Y
2024-01-29,0.0408,31.26,-0.0088102367242482,QQQ,Nasdaq 100,USD,US10Y
2024-01-30,0.0406,31.05,-0.008393880837359,QQQ,Nasdaq 100,USD,US10Y
2024-01-31,0.0399,30.45,-0.007059277504105,QQQ,Nasdaq 100,USD,US10Y
2024-02-01,0.0387,30.82,-0.0062535366645035,QQQ,Nasdaq 100,USD,US10Y
2024-02-02,0.0403,31.35,-0.0084020733652312,QQQ,Nasdaq 100,USD,US10Y
2024-02-05,0.0417,31.29,-0.009740907638223,QQQ,Nasdaq 100,USD,US10Y
2024-02-06,0.0409,31.22,-0.0088692504804612,QQQ,Nasdaq 100,USD,US10Y
2024-02-07,0.0409,31.55,-0.0092042789223454,QQQ,Nasdaq 100,USD,US10Y
2024-02-08,0.0415,31.6,-0.0098544303797468,QQQ,Nasdaq 100,USD,US10Y
2024-02-09,0.0417,31.92,-0.0103716791979949,QQQ,Nasdaq 100,USD,US10Y
2024-02-12,0.0417,31.77,-0.0102237645577588,QQQ,Nasdaq 100,USD,US10Y
2024-02-13,0.0431,31.27,-0.0111204669011832,QQQ,Nasdaq 100,USD,US10Y
2024-02-14,0.0426999999999999,31.64,-0.0110944374209859,QQQ,Nasdaq 100,USD,US10Y
2024-02-15,0.0424,31.71,-0.0108642068748029,QQQ,Nasdaq 100,USD,US10Y
2024-02-16,0.043,31.42,-0.0111731381285805,QQQ,Nasdaq 100,USD,US10Y
2024-02-20,0.0426999999999999,31.18,-0.0106281590763308,QQQ,Nasdaq 100,USD,US10Y
2024-02-21,0.0432,31.06,-0.0110042498390212,QQQ,Nasdaq 100,USD,US10Y
2024-02-22,0.0433,31.99,-0.0120402313222882,QQQ,Nasdaq 100,USD,US10Y
2024-02-23,0.0426,31.87,-0.0112225290241606,QQQ,Nasdaq 100,USD,US10Y
2024-02-26,0.0428,31.86,-0.0114126804770872,QQQ,Nasdaq 100,USD,US10Y
2024-02-27,0.0431,31.93,-0.0117814907610397,QQQ,Nasdaq 100,USD,US10Y
2024-02-28,0.0426999999999999,31.76,-0.011213853904282,QQQ,Nasdaq 100,USD,US10Y
2024-02-29,0.0425,32.06,-0.0113084840923268,QQQ,Nasdaq 100,USD,US10Y
2024-03-01,0.0419,32.52,-0.0111496924969249,QQQ,Nasdaq 100,USD,US10Y
2024-03-04,0.0421999999999999,32.38,-0.0113167387276095,QQQ,Nasdaq 100,USD,US10Y
2024-03-05,0.0412999999999999,31.8,-0.0098534591194967,QQQ,Nasdaq 100,USD,US10Y
2024-03-06,0.0411,32.01,-0.0098597625741955,QQQ,Nasdaq 100,USD,US10Y
2024-03-07,0.0409,32.51,-0.0101402337742233,QQQ,Nasdaq 100,USD,US10Y
2024-03-08,0.0409,32.01,-0.0096597625741955,QQQ,Nasdaq 100,USD,US10Y
2024-03-11,0.0409999999999999,31.9,-0.0096520376175547,QQQ,Nasdaq 100,USD,US10Y
2024-03-12,0.0416,32.37,-0.0107071980228606,QQQ,Nasdaq 100,USD,US10Y
2024-03-13,0.0419,32.1,-0.0107473520249221,QQQ,Nasdaq 100,USD,US10Y
2024-03-14,0.0429,32.01,-0.0116597625741955,QQQ,Nasdaq 100,USD,US10Y
2024-03-15,0.0431,31.64,-0.011494437420986,QQQ,Nasdaq 100,USD,US10Y
2024-03-18,0.0434,31.96,-0.0121108886107634,QQQ,Nasdaq 100,USD,US10Y
2024-03-19,0.043,32.04,-0.0117890137328339,QQQ,Nasdaq 100,USD,US10Y
2024-03-20,0.0426999999999999,32.41,-0.0118453255168156,QQQ,Nasdaq 100,USD,US10Y
2024-03-21,0.0426999999999999,32.55,-0.0119780337941627,QQQ,Nasdaq 100,USD,US10Y
2024-03-22,0.0421999999999999,32.59,-0.0115157410248541,QQQ,Nasdaq 100,USD,US10Y
2024-03-25,0.0425,32.47,-0.0117023406221127,QQQ,Nasdaq 100,USD,US10Y
2024-03-26,0.0424,32.36,-0.011497651421508,QQQ,Nasdaq 100,USD,US10Y
2024-03-27,0.042,32.48,-0.0112118226600985,QQQ,Nasdaq 100,USD,US10Y
2024-03-28,0.042,32.43,-0.0111643539932161,QQQ,Nasdaq 100,USD,US10Y
2024-04-01,0.0433,31.31,-0.0113613222612583,QQQ,Nasdaq 100,USD,US10Y
2024-04-02,0.0436,31.02,-0.0113627337201805,QQQ,Nasdaq 100,USD,US10Y
2024-04-03,0.0436,31.08,-0.0114249678249678,QQQ,Nasdaq 100,USD,US10Y
2024-04-04,0.0431,30.6,-0.0104202614379084,QQQ,Nasdaq 100,USD,US10Y
2024-04-05,0.0438999999999999,30.99,-0.0116315262988059,QQQ,Nasdaq 100,USD,US10Y
2024-04-08,0.0441999999999999,30.98,-0.0119211103938023,QQQ,Nasdaq 100,USD,US10Y
2024-04-09,0.0436,31.1,-0.0114456591639871,QQQ,Nasdaq 100,USD,US10Y
2024-04-10,0.0455,30.83,-0.0130640609795653,QQQ,Nasdaq 100,USD,US10Y
2024-04-11,0.0455999999999999,31.34,-0.0136918953414166,QQQ,Nasdaq 100,USD,US10Y
2024-04-12,0.045,30.81,-0.012543005517689,QQQ,Nasdaq 100,USD,US10Y
2024-04-15,0.0463,30.31,-0.0133075882547014,QQQ,Nasdaq 100,USD,US10Y
2024-04-16,0.0467,30.32,-0.013718469656992,QQQ,Nasdaq 100,USD,US10Y
2024-04-17,0.0458999999999999,29.94,-0.0124998663994655,QQQ,Nasdaq 100,USD,US10Y
2024-04-18,0.0464,29.77,-0.0128091367148135,QQQ,Nasdaq 100,USD,US10Y
2024-04-19,0.0462,29.16,-0.0119064471879286,QQQ,Nasdaq 100,USD,US10Y
2024-04-22,0.0462,29.46,-0.0122556687033265,QQQ,Nasdaq 100,USD,US10Y
2024-04-23,0.0461,29.9,-0.0126551839464882,QQQ,Nasdaq 100,USD,US10Y
2024-04-24,0.0465,30.0,-0.0131666666666666,QQQ,Nasdaq 100,USD,US10Y
2024-04-25,0.047,29.83,-0.0134767013074086,QQQ,Nasdaq 100,USD,US10Y
2024-04-26,0.0467,30.33,-0.0137293438839432,QQQ,Nasdaq 100,USD,US10Y
2024-04-29,0.0463,30.44,-0.0134484888304862,QQQ,Nasdaq 100,USD,US10Y
2024-04-30,0.0469,29.85,-0.0133991624790619,QQQ,Nasdaq 100,USD,US10Y
2024-05-01,0.0463,29.64,-0.0125618083670715,QQQ,Nasdaq 100,USD,US10Y
2024-05-02,0.0458,30.02,-0.012488874083944,QQQ,Nasdaq 100,USD,US10Y
2024-05-03,0.045,30.62,-0.0123416067929457,QQQ,Nasdaq 100,USD,US10Y
2024-05-06,0.0449,30.97,-0.0126106877623506,QQQ,Nasdaq 100,USD,US10Y
2024-05-07,0.0447,30.96,-0.0124002583979328,QQQ,Nasdaq 100,USD,US10Y
2024-05-08,0.0448,30.95,-0.0124898222940226,QQQ,Nasdaq 100,USD,US10Y
2024-05-09,0.0445,31.0,-0.0122419354838709,QQQ,Nasdaq 100,USD,US10Y
2024-05-10,0.045,31.08,-0.0128249678249678,QQQ,Nasdaq 100,USD,US10Y
2024-05-13,0.0448,31.15,-0.0126972712680577,QQQ,Nasdaq 100,USD,US10Y
2024-05-14,0.0445,31.36,-0.0126122448979591,QQQ,Nasdaq 100,USD,US10Y
2024-05-15,0.0436,31.83,-0.0121830977065661,QQQ,Nasdaq 100,USD,US10Y
2024-05-16,0.0438,31.76,-0.0123138539042821,QQQ,Nasdaq 100,USD,US10Y
2024-05-17,0.0441999999999999,31.74,-0.0126940138626337,QQQ,Nasdaq 100,USD,US10Y
2024-05-20,0.0444,31.96,-0.0131108886107634,QQQ,Nasdaq 100,USD,US10Y
2024-05-21,0.0441,32.03,-0.0128792694349047,QQQ,Nasdaq 100,USD,US10Y
2024-05-22,0.0443,32.01,-0.0130597625741955,QQQ,Nasdaq 100,USD,US10Y
2024-05-23,0.0447,31.87,-0.0133225290241606,QQQ,Nasdaq 100,USD,US10Y
2024-05-24,0.0446,32.19,-0.0135344516930723,QQQ,Nasdaq 100,USD,US10Y
2024-05-28,0.0454,32.3,-0.0144402476780185,QQQ,Nasdaq 100,USD,US10Y
2024-05-29,0.0461,32.07,-0.0149182101652634,QQQ,Nasdaq 100,USD,US10Y
2024-05-30,0.0455,31.73,-0.0139840844626536,QQQ,Nasdaq 100,USD,US10Y
2024-05-31,0.0451,31.73,-0.0135840844626536,QQQ,Nasdaq 100,USD,US10Y
2024-06-03,0.0441,31.84,-0.0126929648241206,QQQ,Nasdaq 100,USD,US10Y
2024-06-04,0.0433,31.93,-0.0119814907610397,QQQ,Nasdaq 100,USD,US10Y
2024-06-05,0.0429,32.58,-0.0122063228974831,QQQ,Nasdaq 100,USD,US10Y
2024-06-06,0.0428,32.56,-0.0120874692874692,QQQ,Nasdaq 100,USD,US10Y
2024-06-07,0.0443,32.52,-0.0135496924969249,QQQ,Nasdaq 100,USD,US10Y
2024-06-10,0.0447,32.65,-0.0140721286370597,QQQ,Nasdaq 100,USD,US10Y
2024-06-11,0.0438999999999999,32.88,-0.0134863746958636,QQQ,Nasdaq 100,USD,US10Y
2024-06-12,0.0431,33.32,-0.0130879951980792,QQQ,Nasdaq 100,USD,US10Y
2024-06-13,0.0424,33.51,-0.0125581617427633,QQQ,Nasdaq 100,USD,US10Y
2024-06-14,0.042,33.65,-0.0122823179791976,QQQ,Nasdaq 100,USD,US10Y
2024-06-17,0.0428,34.06,-0.0134400469759248,QQQ,Nasdaq 100,USD,US10Y
2024-06-18,0.0421999999999999,34.08,-0.012857276995305,QQQ,Nasdaq 100,USD,US10Y
2024-06-20,0.0425,33.81,-0.0129229517894114,QQQ,Nasdaq 100,USD,US10Y
2024-06-21,0.0425,33.72,-0.0128440094899169,QQQ,Nasdaq 100,USD,US10Y
2024-06-24,0.0425,33.33,-0.0124969996999699,QQQ,Nasdaq 100,USD,US10Y
2024-06-25,0.0423,33.72,-0.0126440094899169,QQQ,Nasdaq 100,USD,US10Y
2024-06-26,0.0432,33.8,-0.0136142011834319,QQQ,Nasdaq 100,USD,US10Y
2024-06-27,0.0429,33.87,-0.0133753469146737,QQQ,Nasdaq 100,USD,US10Y
2024-06-28,0.0436,33.69,-0.0139176016622143,QQQ,Nasdaq 100,USD,US10Y
2024-07-01,0.0448,33.43,-0.0148867484295542,QQQ,Nasdaq 100,USD,US10Y
2024-07-02,0.0443,33.76,-0.0146791469194312,QQQ,Nasdaq 100,USD,US10Y
2024-07-03,0.0436,34.06,-0.0142400469759248,QQQ,Nasdaq 100,USD,US10Y
2024-07-05,0.0428,34.41,-0.0137386806160999,QQQ,Nasdaq 100,USD,US10Y
2024-07-08,0.0428,34.49,-0.0138060887213685,QQQ,Nasdaq 100,USD,US10Y
2024-07-09,0.043,34.51,-0.0140228919153868,QQQ,Nasdaq 100,USD,US10Y
2024-07-10,0.0428,34.88,-0.0141302752293577,QQQ,Nasdaq 100,USD,US10Y
2024-07-11,0.042,34.1,-0.012674486803519,QQQ,Nasdaq 100,USD,US10Y
2024-07-12,0.0418,34.3,-0.0126454810495626,QQQ,Nasdaq 100,USD,US10Y
2024-07-15,0.0423,34.4,-0.0132302325581395,QQQ,Nasdaq 100,USD,US10Y
2024-07-16,0.0417,34.42,-0.0126471237652527,QQQ,Nasdaq 100,USD,US10Y
2024-07-17,0.0416,33.41,-0.0116688416641723,QQQ,Nasdaq 100,USD,US10Y
2024-07-18,0.042,33.25,-0.0119248120300751,QQQ,Nasdaq 100,USD,US10Y
2024-07-19,0.0425,32.94,-0.0121417729204614,QQQ,Nasdaq 100,USD,US10Y
2024-07-22,0.0426,33.45,-0.0127046337817638,QQQ,Nasdaq 100,USD,US10Y
2024-07-23,0.0425,33.33,-0.0124969996999699,QQQ,Nasdaq 100,USD,US10Y
2024-07-24,0.0428,32.11,-0.0116570538772967,QQQ,Nasdaq 100,USD,US10Y
2024-07-25,0.0426999999999999,31.77,-0.0112237645577587,QQQ,Nasdaq 100,USD,US10Y
2024-07-26,0.042,32.1,-0.0108473520249221,QQQ,Nasdaq 100,USD,US10Y
2024-07-29,0.0417,32.16,-0.0106054726368159,QQQ,Nasdaq 100,USD,US10Y
2024-07-30,0.0415,31.71,-0.0099642068748029,QQQ,Nasdaq 100,USD,US10Y
2024-07-31,0.0409,32.67,-0.0102908784817875,QQQ,Nasdaq 100,USD,US10Y
2024-08-01,0.0399,31.87,-0.0085225290241606,QQQ,Nasdaq 100,USD,US10Y
2024-08-02,0.038,31.11,-0.0058559948569591,QQQ,Nasdaq 100,USD,US10Y
2024-08-05,0.0378,30.19,-0.0046764491553494,QQQ,Nasdaq 100,USD,US10Y
2024-08-06,0.039,30.5,-0.0062131147540983,QQQ,Nasdaq 100,USD,US10Y
2024-08-07,0.0395999999999999,30.15,-0.0064325041459368,QQQ,Nasdaq 100,USD,US10Y
2024-08-08,0.0399,31.07,-0.0077146121660765,QQQ,Nasdaq 100,USD,US10Y
2024-08-09,0.0394,31.24,-0.007389756722151,QQQ,Nasdaq 100,USD,US10Y
2024-08-12,0.039,31.28,-0.0070306905370843,QQQ,Nasdaq 100,USD,US10Y
2024-08-13,0.0385,32.07,-0.0073182101652634,QQQ,Nasdaq 100,USD,US10Y
2024-08-14,0.0383,32.1,-0.0071473520249221,QQQ,Nasdaq 100,USD,US10Y
2024-08-15,0.0392,32.88,-0.0087863746958637,QQQ,Nasdaq 100,USD,US10Y
2024-08-16,0.0389,32.92,-0.0085233292831105,QQQ,Nasdaq 100,USD,US10Y
2024-08-19,0.0385999999999999,33.35,-0.008614992503748,QQQ,Nasdaq 100,USD,US10Y
2024-08-20,0.0382,33.27,-0.0081428914938382,QQQ,Nasdaq 100,USD,US10Y
2024-08-21,0.0379,33.45,-0.0080046337817638,QQQ,Nasdaq 100,USD,US10Y
2024-08-22,0.0385999999999999,32.89,-0.0081956217695347,QQQ,Nasdaq 100,USD,US10Y
2024-08-23,0.0381,33.27,-0.0080428914938382,QQQ,Nasdaq 100,USD,US10Y
2024-08-26,0.0382,32.93,-0.0078325539022168,QQQ,Nasdaq 100,USD,US10Y
2024-08-27,0.0383,33.04,-0.0080336561743341,QQQ,Nasdaq 100,USD,US10Y
2024-08-28,0.0384,32.65,-0.0077721286370597,QQQ,Nasdaq 100,USD,US10Y
2024-08-29,0.0387,32.61,-0.0080345599509352,QQQ,Nasdaq 100,USD,US10Y
2024-08-30,0.0391,33.03,-0.0088244928852558,QQQ,Nasdaq 100,USD,US10Y
2024-09-03,0.0384,31.99,-0.0071402313222882,QQQ,Nasdaq 100,USD,US10Y
2024-09-04,0.0377,31.93,-0.0063814907610397,QQQ,Nasdaq 100,USD,US10Y
2024-09-05,0.0373,31.94,-0.0059912961803381,QQQ,Nasdaq 100,USD,US10Y
2024-09-06,0.0372,31.08,-0.0050249678249678,QQQ,Nasdaq 100,USD,US10Y
2024-09-09,0.037,31.49,-0.0052438869482375,QQQ,Nasdaq 100,USD,US10Y
2024-09-10,0.0365,31.77,-0.0050237645577588,QQQ,Nasdaq 100,USD,US10Y
2024-09-11,0.0365,32.46,-0.0056928527418361,QQQ,Nasdaq 100,USD,US10Y
2024-09-12,0.0368,32.77,-0.0062842844064693,QQQ,Nasdaq 100,USD,US10Y
2024-09-13,0.0366,32.93,-0.0062325539022168,QQQ,Nasdaq 100,USD,US10Y
2024-09-16,0.0363,32.77,-0.0057842844064693,QQQ,Nasdaq 100,USD,US10Y
2024-09-17,0.0365,32.79,-0.0060028972247636,QQQ,Nasdaq 100,USD,US10Y
2024-09-18,0.037,32.64,-0.0063627450980392,QQQ,Nasdaq 100,USD,US10Y
2024-09-19,0.0373,33.47,-0.0074224977591873,QQQ,Nasdaq 100,USD,US10Y
2024-09-20,0.0373,33.39,-0.0073509134471398,QQQ,Nasdaq 100,USD,US10Y
2024-09-23,0.0375,33.5,-0.0076492537313432,QQQ,Nasdaq 100,USD,US10Y
2024-09-24,0.0374,33.65,-0.0076823179791976,QQQ,Nasdaq 100,USD,US10Y
2024-09-25,0.0379,33.7,-0.0082264094955489,QQQ,Nasdaq 100,USD,US10Y
2024-09-26,0.0379,33.94,-0.0084362404242781,QQQ,Nasdaq 100,USD,US10Y
2024-09-27,0.0375,33.76,-0.0078791469194312,QQQ,Nasdaq 100,USD,US10Y
2024-09-30,0.0381,35.01,-0.0095367323621822,QQQ,Nasdaq 100,USD,US10Y
2024-10-01,0.0374,34.51,-0.0084228919153868,QQQ,Nasdaq 100,USD,US10Y
2024-10-02,0.0379,34.56,-0.0089648148148148,QQQ,Nasdaq 100,USD,US10Y
2024-10-03,0.0385,34.55,-0.0095564399421128,QQQ,Nasdaq 100,USD,US10Y
2024-10-04,0.0398,34.97,-0.0112040606233914,QQQ,Nasdaq 100,USD,US10Y
2024-10-07,0.0403,34.56,-0.0113648148148148,QQQ,Nasdaq 100,USD,US10Y
2024-10-08,0.0404,35.1,-0.0119099715099715,QQQ,Nasdaq 100,USD,US10Y
2024-10-09,0.0406,35.38,-0.012335443753533,QQQ,Nasdaq 100,USD,US10Y
2024-10-10,0.0409,35.33,-0.0125954429663175,QQQ,Nasdaq 100,USD,US10Y
2024-10-11,0.0408,35.38,-0.012535443753533,QQQ,Nasdaq 100,USD,US10Y
2024-10-14,0.0408,35.67,-0.0127652368937482,QQQ,Nasdaq 100,USD,US10Y
2024-10-15,0.0403,35.19,-0.0118828360329639,QQQ,Nasdaq 100,USD,US10Y
2024-10-16,0.0401999999999999,35.21,-0.0117989775631921,QQQ,Nasdaq 100,USD,US10Y
2024-10-17,0.0409,35.24,-0.0125231555051078,QQQ,Nasdaq 100,USD,US10Y
2024-10-18,0.0408,35.47,-0.0126071609811108,QQQ,Nasdaq 100,USD,US10Y
2024-10-21,0.0419,35.54,-0.0137626899268429,QQQ,Nasdaq 100,USD,US10Y
2024-10-22,0.042,35.59,-0.0139022197246417,QQQ,Nasdaq 100,USD,US10Y
2024-10-23,0.0424,35.02,-0.0138448886350656,QQQ,Nasdaq 100,USD,US10Y
2024-10-24,0.0421,35.31,-0.0137794109317473,QQQ,Nasdaq 100,USD,US10Y
2024-10-25,0.0425,35.52,-0.0143468468468468,QQQ,Nasdaq 100,USD,US10Y
2024-10-28,0.0428,35.52,-0.0146468468468468,QQQ,Nasdaq 100,USD,US10Y
2024-10-29,0.0428,35.87,-0.0149215500418176,QQQ,Nasdaq 100,USD,US10Y
2024-10-30,0.0429,35.58,-0.0147943226531759,QQQ,Nasdaq 100,USD,US10Y
2024-10-31,0.0428,34.72,-0.0139981566820276,QQQ,Nasdaq 100,USD,US10Y
2024-11-01,0.0437,34.97,-0.0151040606233914,QQQ,Nasdaq 100,USD,US10Y
2024-11-04,0.0431,34.84,-0.0143973593570608,QQQ,Nasdaq 100,USD,US10Y
2024-11-05,0.0426,35.3,-0.0142713881019829,QQQ,Nasdaq 100,USD,US10Y
2024-11-06,0.0441999999999999,36.27,-0.0166290046870691,QQQ,Nasdaq 100,USD,US10Y
2024-11-07,0.0431,36.83,-0.015948221558512,QQQ,Nasdaq 100,USD,US10Y
2024-11-08,0.043,36.86,-0.0158703201302224,QQQ,Nasdaq 100,USD,US10Y
2024-11-11,0.043,36.84,-0.0158555917480998,QQQ,Nasdaq 100,USD,US10Y
2024-11-12,0.0443,36.78,-0.0171113104948341,QQQ,Nasdaq 100,USD,US10Y
2024-11-13,0.0444,36.72,-0.0171668845315904,QQQ,Nasdaq 100,USD,US10Y
2024-11-14,0.0443,36.47,-0.0168802029064984,QQQ,Nasdaq 100,USD,US10Y
2024-11-15,0.0443,35.6,-0.0162101123595505,QQQ,Nasdaq 100,USD,US10Y
2024-11-18,0.0441999999999999,35.85,-0.0163059972105996,QQQ,Nasdaq 100,USD,US10Y
2024-11-19,0.0438999999999999,36.1,-0.0161991689750691,QQQ,Nasdaq 100,USD,US10Y
2024-11-20,0.0441,36.07,-0.0163761297477127,QQQ,Nasdaq 100,USD,US10Y
2024-11-21,0.0443,36.2,-0.0166756906077348,QQQ,Nasdaq 100,USD,US10Y
2024-11-22,0.0441,36.26,-0.0165214009928295,QQQ,Nasdaq 100,USD,US10Y
2024-11-25,0.0426999999999999,36.31,-0.0151593775819332,QQQ,Nasdaq 100,USD,US10Y
2024-11-26,0.043,36.52,-0.015617743702081,QQQ,Nasdaq 100,USD,US10Y
2024-11-27,0.0425,36.21,-0.0148833195249931,QQQ,Nasdaq 100,USD,US10Y
2024-11-29,0.0418,36.53,-0.0144252395291541,QQQ,Nasdaq 100,USD,US10Y
2024-12-02,0.0419,36.94,-0.0148290741743367,QQQ,Nasdaq 100,USD,US10Y
2024-12-03,0.0423,37.05,-0.0153094466936572,QQQ,Nasdaq 100,USD,US10Y
2024-12-04,0.0419,37.51,-0.0152404425486536,QQQ,Nasdaq 100,USD,US10Y
2024-12-05,0.0417,37.4,-0.0149620320855614,QQQ,Nasdaq 100,USD,US10Y
2024-12-06,0.0415,37.74,-0.0150029146793852,QQQ,Nasdaq 100,USD,US10Y
2024-12-09,0.042,37.42,-0.0152763228220203,QQQ,Nasdaq 100,USD,US10Y
2024-12-10,0.0421999999999999,37.3,-0.015390348525469,QQQ,Nasdaq 100,USD,US10Y
2024-12-11,0.0426,37.99,-0.0162772834956567,QQQ,Nasdaq 100,USD,US10Y
2024-12-12,0.0432,37.73,-0.0166958918632388,QQQ,Nasdaq 100,USD,US10Y
2024-12-13,0.044,38.01,-0.0176911339121283,QQQ,Nasdaq 100,USD,US10Y
2024-12-16,0.0438999999999999,38.57,-0.0179731138190302,QQQ,Nasdaq 100,USD,US10Y
2024-12-17,0.044,38.4,-0.0179583333333333,QQQ,Nasdaq 100,USD,US10Y
2024-12-18,0.045,37.02,-0.0179875742841707,QQQ,Nasdaq 100,USD,US10Y
2024-12-19,0.0457,36.85,-0.0185629579375848,QQQ,Nasdaq 100,USD,US10Y
2024-12-20,0.0452,37.16,-0.0182893433799784,QQQ,Nasdaq 100,USD,US10Y
2024-12-23,0.0458999999999999,37.53,-0.0192546496136423,QQQ,Nasdaq 100,USD,US10Y
2024-12-24,0.0458999999999999,38.05,-0.0196187910643888,QQQ,Nasdaq 100,USD,US10Y
2024-12-26,0.0458,37.99,-0.0194772834956567,QQQ,Nasdaq 100,USD,US10Y
2024-12-27,0.0462,37.48,-0.0195191035218783,QQQ,Nasdaq 100,USD,US10Y
2024-12-30,0.0455,37.0,-0.0184729729729729,QQQ,Nasdaq 100,USD,US10Y
2024-12-31,0.0458,34.96,-0.0171958810068649,QQQ,Nasdaq 100,USD,US10Y
2025-01-02,0.0457,34.9,-0.0170467048710601,QQQ,Nasdaq 100,USD,US10Y
2025-01-03,0.046,35.48,-0.017815107102593,QQQ,Nasdaq 100,USD,US10Y
2025-01-06,0.0462,35.87,-0.0183215500418176,QQQ,Nasdaq 100,USD,US10Y
2025-01-07,0.0467,35.23,-0.0183151007663922,QQQ,Nasdaq 100,USD,US10Y
2025-01-08,0.0467,35.24,-0.0183231555051078,QQQ,Nasdaq 100,USD,US10Y
2025-01-09,0.0467999999999999,35.24,-0.0184231555051077,QQQ,Nasdaq 100,USD,US10Y
2025-01-10,0.0476999999999999,34.69,-0.0188732487748629,QQQ,Nasdaq 100,USD,US10Y
2025-01-13,0.0479,34.58,-0.0189815500289184,QQQ,Nasdaq 100,USD,US10Y
2025-01-14,0.0478,34.54,-0.0188480602200347,QQQ,Nasdaq 100,USD,US10Y
2025-01-15,0.0466,35.34,-0.0183034521788341,QQQ,Nasdaq 100,USD,US10Y
2025-01-16,0.0461,35.09,-0.0176018523795953,QQQ,Nasdaq 100,USD,US10Y
2025-01-17,0.0461,35.68,-0.0180730941704035,QQQ,Nasdaq 100,USD,US10Y
2025-01-21,0.0457,35.88,-0.0178293199554069,QQQ,Nasdaq 100,USD,US10Y
2025-01-22,0.046,36.36,-0.0184972497249724,QQQ,Nasdaq 100,USD,US10Y
2025-01-23,0.0465,36.44,-0.0190576289791437,QQQ,Nasdaq 100,USD,US10Y
2025-01-24,0.0463,36.23,-0.0186985647253657,QQQ,Nasdaq 100,USD,US10Y
2025-01-27,0.0453,35.15,-0.0168504978662873,QQQ,Nasdaq 100,USD,US10Y
2025-01-28,0.0455,35.71,-0.0174966395967516,QQQ,Nasdaq 100,USD,US10Y
2025-01-29,0.0455,35.63,-0.0174337636822902,QQQ,Nasdaq 100,USD,US10Y
2025-01-30,0.0452,35.79,-0.0172592344230231,QQQ,Nasdaq 100,USD,US10Y
2025-01-31,0.0458,35.74,-0.0178201454952434,QQQ,Nasdaq 100,USD,US10Y
2025-02-03,0.0454,35.44,-0.0171832957110609,QQQ,Nasdaq 100,USD,US10Y
2025-02-04,0.0452,35.89,-0.0173370855391473,QQQ,Nasdaq 100,USD,US10Y
2025-02-05,0.0443,36.04,-0.0165530521642619,QQQ,Nasdaq 100,USD,US10Y
2025-02-06,0.0445,36.23,-0.0168985647253657,QQQ,Nasdaq 100,USD,US10Y
2025-02-07,0.0449,35.76,-0.0169357941834451,QQQ,Nasdaq 100,USD,US10Y
2025-02-10,0.0451,36.2,-0.0174756906077348,QQQ,Nasdaq 100,USD,US10Y
2025-02-11,0.0454,36.1,-0.0176991689750692,QQQ,Nasdaq 100,USD,US10Y
2025-02-12,0.0462,36.14,-0.0185298284449363,QQQ,Nasdaq 100,USD,US10Y
2025-02-13,0.0452,36.66,-0.017922313147845,QQQ,Nasdaq 100,USD,US10Y
2025-02-14,0.0447,36.8,-0.0175260869565217,QQQ,Nasdaq 100,USD,US10Y
2025-02-18,0.0455,36.88,-0.0183850325379609,QQQ,Nasdaq 100,USD,US10Y
2025-02-19,0.0453,36.9,-0.0181997289972899,QQQ,Nasdaq 100,USD,US10Y
2025-02-20,0.045,36.72,-0.0177668845315904,QQQ,Nasdaq 100,USD,US10Y
2025-02-21,0.0441999999999999,35.96,-0.0163913236929921,QQQ,Nasdaq 100,USD,US10Y
2025-02-24,0.044,35.53,-0.0158547706163805,QQQ,Nasdaq 100,USD,US10Y
2025-02-25,0.043,35.09,-0.0145018523795953,QQQ,Nasdaq 100,USD,US10Y
2025-02-26,0.0425,35.16,-0.0140585893060295,QQQ,Nasdaq 100,USD,US10Y
2025-02-27,0.0429,34.19,-0.0136516817782977,QQQ,Nasdaq 100,USD,US10Y
2025-02-28,0.0424,34.75,-0.0136230215827338,QQQ,Nasdaq 100,USD,US10Y
2025-03-03,0.0416,33.99,-0.0121795822300676,QQQ,Nasdaq 100,USD,US10Y
2025-03-04,0.0421999999999999,33.86,-0.0126666272888362,QQQ,Nasdaq 100,USD,US10Y
2025-03-05,0.0428,34.32,-0.0136624708624708,QQQ,Nasdaq 100,USD,US10Y
2025-03-06,0.0429,33.37,-0.0129329637398861,QQQ,Nasdaq 100,USD,US10Y
2025-03-07,0.0432,33.61,-0.013446950312407,QQQ,Nasdaq 100,USD,US10Y
2025-03-10,0.0421999999999999,32.33,-0.0112689761831115,QQQ,Nasdaq 100,USD,US10Y
2025-03-11,0.0428,32.24,-0.0117826302729528,QQQ,Nasdaq 100,USD,US10Y
2025-03-12,0.0432,32.61,-0.0125345599509352,QQQ,Nasdaq 100,USD,US10Y
2025-03-13,0.0426999999999999,31.99,-0.0114402313222881,QQQ,Nasdaq 100,USD,US10Y
2025-03-14,0.0431,32.79,-0.0126028972247636,QQQ,Nasdaq 100,USD,US10Y
2025-03-17,0.0431,32.97,-0.0127693964209887,QQQ,Nasdaq 100,USD,US10Y
2025-03-18,0.0429,32.42,-0.0120548426896977,QQQ,Nasdaq 100,USD,US10Y
2025-03-19,0.0425,32.84,-0.0120493300852618,QQQ,Nasdaq 100,USD,US10Y
2025-03-20,0.0424,32.74,-0.0118563225412339,QQQ,Nasdaq 100,USD,US10Y
2025-03-21,0.0425,32.87,-0.0120771219957407,QQQ,Nasdaq 100,USD,US10Y
2025-03-24,0.0434,33.58,-0.013620369267421,QQQ,Nasdaq 100,USD,US10Y
2025-03-25,0.0431,33.76,-0.0134791469194312,QQQ,Nasdaq 100,USD,US10Y
2025-03-26,0.0435,33.14,-0.0133249849124924,QQQ,Nasdaq 100,USD,US10Y
2025-03-27,0.0438,32.94,-0.0134417729204614,QQQ,Nasdaq 100,USD,US10Y
2025-03-28,0.0426999999999999,32.08,-0.0115279301745634,QQQ,Nasdaq 100,USD,US10Y
2025-03-31,0.0423,32.8,-0.0118121951219512,QQQ,Nasdaq 100,USD,US10Y
2025-04-01,0.0417,33.07,-0.0114611127910492,QQQ,Nasdaq 100,USD,US10Y
2025-04-02,0.042,33.32,-0.0119879951980792,QQQ,Nasdaq 100,USD,US10Y
2025-04-03,0.0406,31.51,-0.0088640431609013,QQQ,Nasdaq 100,USD,US10Y
2025-04-04,0.0401,29.6,-0.0063162162162162,QQQ,Nasdaq 100,USD,US10Y
2025-04-07,0.0415,29.66,-0.007784558327714,QQQ,Nasdaq 100,USD,US10Y
2025-04-08,0.0426,29.08,-0.0082121045392021,QQQ,Nasdaq 100,USD,US10Y
2025-04-09,0.0434,32.57,-0.0126968989867976,QQQ,Nasdaq 100,USD,US10Y
2025-04-10,0.044,31.21,-0.0119589875040051,QQQ,Nasdaq 100,USD,US10Y
2025-04-11,0.0448,31.8,-0.0133534591194968,QQQ,Nasdaq 100,USD,US10Y
2025-04-14,0.0438,31.98,-0.0125304565353345,QQQ,Nasdaq 100,USD,US10Y
2025-04-15,0.0435,32.04,-0.0122890137328339,QQQ,Nasdaq 100,USD,US10Y
2025-04-16,0.0429,31.06,-0.0107042498390212,QQQ,Nasdaq 100,USD,US10Y
2025-04-17,0.0434,31.06,-0.0112042498390212,QQQ,Nasdaq 100,USD,US10Y
2025-04-21,0.0441999999999999,30.3,-0.0111966996699668,QQQ,Nasdaq 100,USD,US10Y
2025-04-22,0.0441,31.09,-0.0119353168221293,QQQ,Nasdaq 100,USD,US10Y
2025-04-23,0.044,31.8,-0.0125534591194968,QQQ,Nasdaq 100,USD,US10Y
2025-04-24,0.0432,32.69,-0.0126096053839094,QQQ,Nasdaq 100,USD,US10Y
2025-04-25,0.0429,33.06,-0.012651966122202,QQQ,Nasdaq 100,USD,US10Y
2025-04-28,0.0423,33.05,-0.0120428139183055,QQQ,Nasdaq 100,USD,US10Y
2025-04-29,0.0419,33.25,-0.0118248120300751,QQQ,Nasdaq 100,USD,US10Y
2025-04-30,0.0417,33.3,-0.0116699699699699,QQQ,Nasdaq 100,USD,US10Y
2025-05-01,0.0425,33.66,-0.0127911467617349,QQQ,Nasdaq 100,USD,US10Y
2025-05-02,0.0433,34.2,-0.0140602339181286,QQQ,Nasdaq 100,USD,US10Y
2025-05-05,0.0436,33.97,-0.0141622608183691,QQQ,Nasdaq 100,USD,US10Y
2025-05-06,0.043,33.67,-0.0132999702999702,QQQ,Nasdaq 100,USD,US10Y
2025-05-07,0.0426,33.8,-0.0130142011834319,QQQ,Nasdaq 100,USD,US10Y
2025-05-08,0.0437,34.14,-0.0144088459285295,QQQ,Nasdaq 100,USD,US10Y
2025-05-09,0.0437,34.13,-0.0144002636976267,QQQ,Nasdaq 100,USD,US10Y
2025-05-12,0.0445,35.5,-0.0163309859154929,QQQ,Nasdaq 100,USD,US10Y
2025-05-13,0.0449,36.06,-0.0171684414864115,QQQ,Nasdaq 100,USD,US10Y
2025-05-14,0.0453,36.27,-0.0177290046870692,QQQ,Nasdaq 100,USD,US10Y
2025-05-15,0.0445,36.3,-0.0169517906336088,QQQ,Nasdaq 100,USD,US10Y
2025-05-16,0.0443,36.46,-0.016872682391662,QQQ,Nasdaq 100,USD,US10Y
2025-05-19,0.0446,36.49,-0.0171952315702932,QQQ,Nasdaq 100,USD,US10Y
2025-05-20,0.0448,36.35,-0.0172896836313617,QQQ,Nasdaq 100,USD,US10Y
2025-05-21,0.0458,35.86,-0.0179137757947573,QQQ,Nasdaq 100,USD,US10Y
2025-05-22,0.0454,35.92,-0.0175603563474387,QQQ,Nasdaq 100,USD,US10Y
2025-05-23,0.0451,35.58,-0.0169943226531759,QQQ,Nasdaq 100,USD,US10Y
2025-05-27,0.0443,36.43,-0.0168500960746637,QQQ,Nasdaq 100,USD,US10Y
2025-05-28,0.0447,36.27,-0.0171290046870692,QQQ,Nasdaq 100,USD,US10Y
2025-05-29,0.0443,36.35,-0.0167896836313617,QQQ,Nasdaq 100,USD,US10Y
2025-05-30,0.0441,36.31,-0.0165593775819333,QQQ,Nasdaq 100,USD,US10Y
2025-06-02,0.0446,36.56,-0.0172477024070021,QQQ,Nasdaq 100,USD,US10Y
2025-06-03,0.0446,36.86,-0.0174703201302224,QQQ,Nasdaq 100,USD,US10Y
2025-06-04,0.0437,36.96,-0.0166437229437229,QQQ,Nasdaq 100,USD,US10Y
2025-06-05,0.044,36.66,-0.016722313147845,QQQ,Nasdaq 100,USD,US10Y
2025-06-06,0.0451,37.02,-0.0180875742841707,QQQ,Nasdaq 100,USD,US10Y
2025-06-09,0.0449,37.09,-0.0179385548665408,QQQ,Nasdaq 100,USD,US10Y
2025-06-10,0.0447,37.33,-0.0179118939190999,QQQ,Nasdaq 100,USD,US10Y
2025-06-11,0.0441,37.19,-0.0172110513578919,QQQ,Nasdaq 100,USD,US10Y
2025-06-12,0.0436,37.28,-0.016775965665236,QQQ,Nasdaq 100,USD,US10Y
2025-06-13,0.0441,36.8,-0.0169260869565217,QQQ,Nasdaq 100,USD,US10Y
2025-06-16,0.0446,37.32,-0.0178047159699892,QQQ,Nasdaq 100,USD,US10Y
2025-06-17,0.0438999999999999,36.95,-0.0168364005412718,QQQ,Nasdaq 100,USD,US10Y
2025-06-18,0.0438,36.95,-0.0167364005412719,QQQ,Nasdaq 100,USD,US10Y
2025-06-20,0.0438,36.79,-0.016618700733895,QQQ,Nasdaq 100,USD,US10Y
2025-06-23,0.0434,37.19,-0.0165110513578919,QQQ,Nasdaq 100,USD,US10Y
2025-06-24,0.043,37.75,-0.0165099337748344,QQQ,Nasdaq 100,USD,US10Y
2025-06-25,0.0429,37.83,-0.0164659529473962,QQQ,Nasdaq 100,USD,US10Y
2025-06-26,0.0426,38.19,-0.0164151348520555,QQQ,Nasdaq 100,USD,US10Y
2025-06-27,0.0429,38.34,-0.0168175795513823,QQQ,Nasdaq 100,USD,US10Y
2025-06-30,0.0424,32.87,-0.0119771219957407,QQQ,Nasdaq 100,USD,US10Y
2025-07-01,0.0426,32.57,-0.0118968989867976,QQQ,Nasdaq 100,USD,US10Y
2025-07-02,0.043,32.81,-0.0125214873514172,QQQ,Nasdaq 100,USD,US10Y
2025-07-03,0.0435,33.14,-0.0133249849124924,QQQ,Nasdaq 100,USD,US10Y
2025-07-07,0.044,32.88,-0.0135863746958637,QQQ,Nasdaq 100,USD,US10Y
2025-07-08,0.0441999999999999,32.9,-0.0138048632218843,QQQ,Nasdaq 100,USD,US10Y
2025-07-09,0.0434,33.14,-0.0132249849124924,QQQ,Nasdaq 100,USD,US10Y
2025-07-10,0.0435,33.08,-0.0132702539298669,QQQ,Nasdaq 100,USD,US10Y
2025-07-11,0.0443,33.01,-0.0140061496516207,QQQ,Nasdaq 100,USD,US10Y
2025-07-14,0.0443,33.12,-0.0141067632850241,QQQ,Nasdaq 100,USD,US10Y
2025-07-15,0.045,33.16,-0.0148431845597104,QQQ,Nasdaq 100,USD,US10Y
2025-07-16,0.0446,33.2,-0.0144795180722891,QQQ,Nasdaq 100,USD,US10Y
2025-07-17,0.0447,33.45,-0.0148046337817638,QQQ,Nasdaq 100,USD,US10Y
2025-07-18,0.0444,33.43,-0.0144867484295542,QQQ,Nasdaq 100,USD,US10Y
2025-07-21,0.0438,33.59,-0.0140292348913367,QQQ,Nasdaq 100,USD,US10Y
2025-07-22,0.0435,33.42,-0.0135777977259126,QQQ,Nasdaq 100,USD,US10Y
2025-07-23,0.044,33.57,-0.0142114983616324,QQQ,Nasdaq 100,USD,US10Y
2025-07-24,0.0443,33.65,-0.0145823179791976,QQQ,Nasdaq 100,USD,US10Y
2025-07-25,0.044,33.73,-0.0143528016602431,QQQ,Nasdaq 100,USD,US10Y
2025-07-28,0.0441999999999999,33.85,-0.0146579025110781,QQQ,Nasdaq 100,USD,US10Y
2025-07-29,0.0434,33.78,-0.013796684428656,QQQ,Nasdaq 100,USD,US10Y
2025-07-30,0.0438,33.83,-0.0142404374815252,QQQ,Nasdaq 100,USD,US10Y
2025-07-31,0.0437,33.65,-0.0139823179791976,QQQ,Nasdaq 100,USD,US10Y
2025-08-01,0.0423,32.99,-0.0119877841770233,QQQ,Nasdaq 100,USD,US10Y
2025-08-04,0.0421999999999999,33.6,-0.0124380952380951,QQQ,Nasdaq 100,USD,US10Y
2025-08-05,0.0421999999999999,33.36,-0.0122239808153476,QQQ,Nasdaq 100,USD,US10Y
2025-08-06,0.0421999999999999,33.79,-0.0126054453980466,QQQ,Nasdaq 100,USD,US10Y
2025-08-07,0.0423,33.9,-0.0128014749262536,QQQ,Nasdaq 100,USD,US10Y
2025-08-08,0.0426999999999999,34.22,-0.0134773232028052,QQQ,Nasdaq 100,USD,US10Y
2025-08-11,0.0426999999999999,34.09,-0.0133658844235845,QQQ,Nasdaq 100,USD,US10Y
2025-08-12,0.0429,34.55,-0.0139564399421128,QQQ,Nasdaq 100,USD,US10Y
2025-08-13,0.0424,34.56,-0.0134648148148148,QQQ,Nasdaq 100,USD,US10Y
2025-08-14,0.0429,34.54,-0.0139480602200347,QQQ,Nasdaq 100,USD,US10Y
2025-08-15,0.0433,34.36,-0.0141963911525029,QQQ,Nasdaq 100,USD,US10Y
2025-08-18,0.0434,34.37,-0.0143048588885656,QQQ,Nasdaq 100,USD,US10Y
2025-08-19,0.043,33.89,-0.0134927707288285,QQQ,Nasdaq 100,USD,US10Y
2025-08-20,0.0429,33.69,-0.0132176016622143,QQQ,Nasdaq 100,USD,US10Y
2025-08-21,0.0433,33.54,-0.0134848539057841,QQQ,Nasdaq 100,USD,US10Y
2025-08-22,0.0426,34.05,-0.0132314243759177,QQQ,Nasdaq 100,USD,US10Y
2025-08-25,0.0428,33.95,-0.0133449189985272,QQQ,Nasdaq 100,USD,US10Y
2025-08-26,0.0426,34.09,-0.0132658844235846,QQQ,Nasdaq 100,USD,US10Y
2025-08-27,0.0424,34.15,-0.0131174231332357,QQQ,Nasdaq 100,USD,US10Y
2025-08-28,0.0421999999999999,34.35,-0.0130879184861716,QQQ,Nasdaq 100,USD,US10Y
2025-08-29,0.0423,33.93,-0.0128275567344532,QQQ,Nasdaq 100,USD,US10Y
2025-09-02,0.0428,33.67,-0.0130999702999702,QQQ,Nasdaq 100,USD,US10Y
2025-09-03,0.0421999999999999,33.93,-0.0127275567344531,QQQ,Nasdaq 100,USD,US10Y
2025-09-04,0.0417,34.25,-0.0125029197080291,QQQ,Nasdaq 100,USD,US10Y
2025-09-05,0.0409999999999999,34.28,-0.0118284714119018,QQQ,Nasdaq 100,USD,US10Y
2025-09-08,0.0405,34.44,-0.0114639953542392,QQQ,Nasdaq 100,USD,US10Y
2025-09-09,0.0408,34.55,-0.0118564399421128,QQQ,Nasdaq 100,USD,US10Y
2025-09-10,0.0404,34.56,-0.0114648148148148,QQQ,Nasdaq 100,USD,US10Y
2025-09-11,0.0401,34.77,-0.0113395743457003,QQQ,Nasdaq 100,USD,US10Y
2025-09-12,0.0406,34.91,-0.0119549126324835,QQQ,Nasdaq 100,USD,US10Y
2025-09-15,0.0405,35.21,-0.0120989775631922,QQQ,Nasdaq 100,USD,US10Y
2025-09-16,0.0404,35.18,-0.0119747583854462,QQQ,Nasdaq 100,USD,US10Y
2025-09-17,0.0406,35.1,-0.0121099715099715,QQQ,Nasdaq 100,USD,US10Y
2025-09-18,0.0411,35.44,-0.0128832957110609,QQQ,Nasdaq 100,USD,US10Y
2025-09-19,0.0414,35.69,-0.0133809470439899,QQQ,Nasdaq 100,USD,US10Y
2025-09-22,0.0415,35.88,-0.0136293199554069,QQQ,Nasdaq 100,USD,US10Y
2025-09-23,0.0412,35.62,-0.0131258843346434,QQQ,Nasdaq 100,USD,US10Y
2025-09-24,0.0416,35.51,-0.0134389186144747,QQQ,Nasdaq 100,USD,US10Y
2025-09-25,0.0418,35.36,-0.0135194570135746,QQQ,Nasdaq 100,USD,US10Y
2025-09-26,0.042,35.51,-0.0138389186144747,QQQ,Nasdaq 100,USD,US10Y
2025-09-29,0.0415,35.67,-0.0134652368937482,QQQ,Nasdaq 100,USD,US10Y
2025-09-30,0.0416,35.99,-0.0138145040288969,QQQ,Nasdaq 100,USD,US10Y
2025-10-01,0.0412,36.17,-0.0135527785457561,QQQ,Nasdaq 100,USD,US10Y
2025-10-02,0.0409999999999999,36.3,-0.0134517906336087,QQQ,Nasdaq 100,USD,US10Y
2025-10-03,0.0412999999999999,36.15,-0.0136374827109265,QQQ,Nasdaq 100,USD,US10Y
2025-10-06,0.0418,36.43,-0.0143500960746637,QQQ,Nasdaq 100,USD,US10Y
2025-10-07,0.0414,36.23,-0.0137985647253657,QQQ,Nasdaq 100,USD,US10Y
2025-10-08,0.0412999999999999,36.66,-0.0140223131478449,QQQ,Nasdaq 100,USD,US10Y
2025-10-09,0.0414,36.6,-0.0140775956284153,QQQ,Nasdaq 100,USD,US10Y
2025-10-10,0.0405,35.33,-0.0121954429663175,QQQ,Nasdaq 100,USD,US10Y
2025-10-13,0.0405,36.1,-0.0127991689750692,QQQ,Nasdaq 100,USD,US10Y
2025-10-14,0.0403,35.85,-0.0124059972105997,QQQ,Nasdaq 100,USD,US10Y
2025-10-15,0.0405,36.09,-0.0127914934885009,QQQ,Nasdaq 100,USD,US10Y
2025-10-16,0.0399,35.96,-0.0120913236929922,QQQ,Nasdaq 100,USD,US10Y
2025-10-17,0.0401999999999999,36.2,-0.0125756906077347,QQQ,Nasdaq 100,USD,US10Y
2025-10-20,0.04,36.67,-0.0127297518407417,QQQ,Nasdaq 100,USD,US10Y
2025-10-21,0.0398,36.65,-0.0125148703956343,QQQ,Nasdaq 100,USD,US10Y
2025-10-22,0.0397,36.28,-0.0121366041896361,QQQ,Nasdaq 100,USD,US10Y
2025-10-23,0.0401,36.6,-0.0127775956284152,QQQ,Nasdaq 100,USD,US10Y
2025-10-24,0.0401999999999999,36.98,-0.0131583558680366,QQQ,Nasdaq 100,USD,US10Y
2025-10-27,0.0401,37.66,-0.0135466277217206,QQQ,Nasdaq 100,USD,US10Y
2025-10-28,0.0399,37.94,-0.0135425935687928,QQQ,Nasdaq 100,USD,US10Y
2025-10-29,0.0408,38.09,-0.0145463901286426,QQQ,Nasdaq 100,USD,US10Y
2025-10-30,0.0411,37.53,-0.0144546496136424,QQQ,Nasdaq 100,USD,US10Y
2025-10-31,0.0411,37.71,-0.014581835057014,QQQ,Nasdaq 100,USD,US10Y
2025-11-03,0.0412999999999999,37.88,-0.0149008447729671,QQQ,Nasdaq 100,USD,US10Y
2025-11-04,0.0409999999999999,37.1,-0.0140458221024257,QQQ,Nasdaq 100,USD,US10Y
2025-11-05,0.0417,37.36,-0.0149334047109207,QQQ,Nasdaq 100,USD,US10Y
2025-11-06,0.0411,36.65,-0.0138148703956343,QQQ,Nasdaq 100,USD,US10Y
2025-11-07,0.0411,36.55,-0.0137402188782489,QQQ,Nasdaq 100,USD,US10Y
2025-11-10,0.0412999999999999,37.35,-0.0145262382864791,QQQ,Nasdaq 100,USD,US10Y
2025-11-11,0.0412999999999999,37.24,-0.0144471535982813,QQQ,Nasdaq 100,USD,US10Y
2025-11-12,0.0408,37.22,-0.0139327243417517,QQQ,Nasdaq 100,USD,US10Y
2025-11-13,0.0411,36.45,-0.0136651577503429,QQQ,Nasdaq 100,USD,US10Y
2025-11-14,0.0414,36.47,-0.0139802029064984,QQQ,Nasdaq 100,USD,US10Y
2025-11-17,0.0412999999999999,36.17,-0.013652778545756,QQQ,Nasdaq 100,USD,US10Y
2025-11-18,0.0412,35.74,-0.0132201454952434,QQQ,Nasdaq 100,USD,US10Y
2025-11-19,0.0412999999999999,35.94,-0.0134758486366164,QQQ,Nasdaq 100,USD,US10Y
2025-11-20,0.0409999999999999,35.08,-0.0124937286202963,QQQ,Nasdaq 100,USD,US10Y
2025-11-21,0.0406,35.35,-0.0123114568599717,QQQ,Nasdaq 100,USD,US10Y
2025-11-24,0.0404,36.28,-0.0128366041896361,QQQ,Nasdaq 100,USD,US10Y
2025-11-25,0.0401,36.49,-0.0126952315702932,QQQ,Nasdaq 100,USD,US10Y
2025-11-26,0.04,36.81,-0.0128334691659875,QQQ,Nasdaq 100,USD,US10Y
2025-11-28,0.0401999999999999,37.09,-0.0132385548665407,QQQ,Nasdaq 100,USD,US10Y
2025-12-01,0.0409,36.96,-0.0138437229437229,QQQ,Nasdaq 100,USD,US10Y
2025-12-02,0.0409,37.27,-0.0140687684464716,QQQ,Nasdaq 100,USD,US10Y
2025-12-03,0.0406,37.35,-0.0138262382864792,QQQ,Nasdaq 100,USD,US10Y
2025-12-04,0.0411,37.31,-0.0142975341731439,QQQ,Nasdaq 100,USD,US10Y
2025-12-05,0.0414,37.47,-0.014711982919669,QQQ,Nasdaq 100,USD,US10Y
2025-12-08,0.0417,37.38,-0.0149477260567148,QQQ,Nasdaq 100,USD,US10Y
2025-12-09,0.0418,37.44,-0.0150905982905982,QQQ,Nasdaq 100,USD,US10Y
2025-12-10,0.0412999999999999,37.59,-0.0146971801010906,QQQ,Nasdaq 100,USD,US10Y
2025-12-11,0.0414,37.46,-0.0147048585157501,QQQ,Nasdaq 100,USD,US10Y
2025-12-12,0.0419,36.75,-0.0146891156462585,QQQ,Nasdaq 100,USD,US10Y
2025-12-15,0.0418,36.56,-0.0144477024070021,QQQ,Nasdaq 100,USD,US10Y
2025-12-16,0.0415,36.65,-0.0142148703956343,QQQ,Nasdaq 100,USD,US10Y
2025-12-17,0.0416,35.95,-0.013783588317107,QQQ,Nasdaq 100,USD,US10Y
2025-12-18,0.0412,36.49,-0.0137952315702932,QQQ,Nasdaq 100,USD,US10Y
2025-12-19,0.0416,36.97,-0.0145510413849066,QQQ,Nasdaq 100,USD,US10Y
2025-12-22,0.0417,37.13,-0.0147676003231887,QQQ,Nasdaq 100,USD,US10Y
2025-12-23,0.0418,37.32,-0.0150047159699892,QQQ,Nasdaq 100,USD,US10Y
2025-12-24,0.0415,37.42,-0.0147763228220203,QQQ,Nasdaq 100,USD,US10Y
2025-12-26,0.0414,37.4,-0.0146620320855614,QQQ,Nasdaq 100,USD,US10Y
2025-12-29,0.0412,37.23,-0.0143399409078699,QQQ,Nasdaq 100,USD,US10Y
2025-12-30,0.0414,37.14,-0.0144748519116855,QQQ,Nasdaq 100,USD,US10Y
2025-12-31,0.0418,36.99,-0.0147656663963233,QQQ,Nasdaq 100,USD,US10Y
2026-01-02,0.0419,36.92,-0.0148144095341278,QQQ,Nasdaq 100,USD,US10Y
2026-01-05,0.0417,37.21,-0.0148255038968019,QQQ,Nasdaq 100,USD,US10Y
2026-01-06,0.0418,37.56,-0.0151759318423855,QQQ,Nasdaq 100,USD,US10Y
2026-01-07,0.0415,37.58,-0.0148901011176157,QQQ,Nasdaq 100,USD,US10Y
2026-01-08,0.0419,37.36,-0.0151334047109207,QQQ,Nasdaq 100,USD,US10Y
2026-01-09,0.0418,37.74,-0.0153029146793852,QQQ,Nasdaq 100,USD,US10Y
2026-01-12,0.0419,37.78,-0.0154309687665431,QQQ,Nasdaq 100,USD,US10Y
2026-01-13,0.0418,37.71,-0.015281835057014,QQQ,Nasdaq 100,USD,US10Y
2026-01-14,0.0415,37.3,-0.0146903485254691,QQQ,Nasdaq 100,USD,US10Y
2026-01-15,0.0417,37.42,-0.0149763228220203,QQQ,Nasdaq 100,USD,US10Y
2026-01-16,0.0424,37.4,-0.0156620320855614,QQQ,Nasdaq 100,USD,US10Y
2026-01-20,0.043,36.6,-0.0156775956284152,QQQ,Nasdaq 100,USD,US10Y
2026-01-21,0.0426,37.1,-0.0156458221024258,QQQ,Nasdaq 100,USD,US10Y
2026-01-22,0.0426,37.38,-0.0158477260567148,QQQ,Nasdaq 100,USD,US10Y
2026-01-23,0.0424,37.51,-0.0157404425486536,QQQ,Nasdaq 100,USD,US10Y
2026-01-26,0.0421999999999999,37.67,-0.0156536766657816,QQQ,Nasdaq 100,USD,US10Y
2026-01-27,0.0424,38.0,-0.0160842105263157,QQQ,Nasdaq 100,USD,US10Y
2026-01-28,0.0426,38.12,-0.0163670514165792,QQQ,Nasdaq 100,USD,US10Y
2026-01-29,0.0424,37.92,-0.0160286919831223,QQQ,Nasdaq 100,USD,US10Y
2026-01-30,0.0426,37.43,-0.0158834624632647,QQQ,Nasdaq 100,USD,US10Y
2026-02-02,0.0429,37.7,-0.0163748010610079,QQQ,Nasdaq 100,USD,US10Y
2026-02-03,0.0428,37.12,-0.0158603448275862,QQQ,Nasdaq 100,USD,US10Y
2026-02-04,0.0429,36.46,-0.015472682391662,QQQ,Nasdaq 100,USD,US10Y
2026-02-05,0.0421,35.96,-0.0142913236929922,QQQ,Nasdaq 100,USD,US10Y
2026-02-06,0.0421999999999999,36.73,-0.0149742989381975,QQQ,Nasdaq 100,USD,US10Y
2026-02-09,0.0421999999999999,37.01,-0.0151802756011887,QQQ,Nasdaq 100,USD,US10Y
2026-02-10,0.0416,36.81,-0.0144334691659875,QQQ,Nasdaq 100,USD,US10Y
2026-02-11,0.0418,36.92,-0.0147144095341278,QQQ,Nasdaq 100,USD,US10Y
2026-02-12,0.0409,36.16,-0.0132451327433628,QQQ,Nasdaq 100,USD,US10Y
2026-02-13,0.0404,36.23,-0.0127985647253657,QQQ,Nasdaq 100,USD,US10Y
2026-02-17,0.0405,36.18,-0.0128604201216141,QQQ,Nasdaq 100,USD,US10Y
2026-02-18,0.0409,36.47,-0.0134802029064984,QQQ,Nasdaq 100,USD,US10Y
2026-02-19,0.0408,36.32,-0.0132669603524229,QQQ,Nasdaq 100,USD,US10Y
2026-02-20,0.0408,36.64,-0.013507423580786,QQQ,Nasdaq 100,USD,US10Y
2026-02-23,0.0403,36.2,-0.0126756906077348,QQQ,Nasdaq 100,USD,US10Y
2026-02-24,0.0404,36.59,-0.0130701284503962,QQQ,Nasdaq 100,USD,US10Y
2026-02-25,0.0405,37.1,-0.0135458221024258,QQQ,Nasdaq 100,USD,US10Y
2026-02-26,0.0401999999999999,36.67,-0.0129297518407416,QQQ,Nasdaq 100,USD,US10Y
2026-02-27,0.0397,36.56,-0.0123477024070021,QQQ,Nasdaq 100,USD,US10Y
2026-03-02,0.0405,36.61,-0.0131850587271237,QQQ,Nasdaq 100,USD,US10Y
2026-03-03,0.0406,36.21,-0.012983319524993,QQQ,Nasdaq 100,USD,US10Y
2026-03-04,0.0409,36.76,-0.0136965179542981,QQQ,Nasdaq 100,USD,US10Y
2026-03-05,0.0412999999999999,36.65,-0.0140148703956342,QQQ,Nasdaq 100,USD,US10Y
2026-03-06,0.0415,36.1,-0.0137991689750692,QQQ,Nasdaq 100,USD,US10Y
2026-03-09,0.0412,36.57,-0.0138551818430407,QQQ,Nasdaq 100,USD,US10Y
2026-03-10,0.0415,36.56,-0.0141477024070021,QQQ,Nasdaq 100,USD,US10Y
2026-03-11,0.0421,36.57,-0.0147551818430407,QQQ,Nasdaq 100,USD,US10Y
2026-03-12,0.0426999999999999,35.94,-0.0148758486366164,QQQ,Nasdaq 100,USD,US10Y
2026-03-13,0.0428,35.71,-0.0147966395967516,QQQ,Nasdaq 100,USD,US10Y
2026-03-16,0.0423,36.12,-0.0146145071982281,QQQ,Nasdaq 100,USD,US10Y
2026-03-17,0.042,36.3,-0.0144517906336088,QQQ,Nasdaq 100,USD,US10Y
2026-03-18,0.0426,35.78,-0.0146514253773057,QQQ,Nasdaq 100,USD,US10Y
2026-03-19,0.0425,35.68,-0.0144730941704035,QQQ,Nasdaq 100,USD,US10Y
2026-03-20,0.0438999999999999,35.01,-0.0153367323621821,QQQ,Nasdaq 100,USD,US10Y
2026-03-23,0.0434,35.43,-0.0151753316398532,QQQ,Nasdaq 100,USD,US10Y
2026-03-24,0.0438999999999999,35.16,-0.0154585893060294,QQQ,Nasdaq 100,USD,US10Y
2026-03-25,0.0433,35.4,-0.0150514124293785,QQQ,Nasdaq 100,USD,US10Y
2026-03-26,0.0441999999999999,34.55,-0.0152564399421127,QQQ,Nasdaq 100,USD,US10Y
2026-03-27,0.0444,33.89,-0.0148927707288285,QQQ,Nasdaq 100,USD,US10Y
2026-03-30,0.0435,33.62,-0.0137558001189767,QQQ,Nasdaq 100,USD,US10Y
2026-03-31,0.043,33.49,-0.0131403404001194,QQQ,Nasdaq 100,USD,US10Y
2026-04-01,0.0433,33.88,-0.0137840613931523,QQQ,Nasdaq 100,USD,US10Y
2026-04-02,0.0431,33.92,-0.0136188679245283,QQQ,Nasdaq 100,USD,US10Y
2026-04-03,0.0435,33.92,-0.0140188679245283,QQQ,Nasdaq 100,USD,US10Y
2026-04-06,0.0434,34.12,-0.0140916764361078,QQQ,Nasdaq 100,USD,US10Y
2026-04-07,0.0433,34.14,-0.0140088459285295,QQQ,Nasdaq 100,USD,US10Y
2026-04-08,0.0429,35.13,-0.0144343011670936,QQQ,Nasdaq 100,USD,US10Y
2026-04-09,0.0429,35.38,-0.014635443753533,QQQ,Nasdaq 100,USD,US10Y
2026-04-10,0.0431,35.43,-0.0148753316398532,QQQ,Nasdaq 100,USD,US10Y
2026-04-13,0.043,35.8,-0.0150670391061452,QQQ,Nasdaq 100,USD,US10Y
2026-04-14,0.0426,36.45,-0.0151651577503429,QQQ,Nasdaq 100,USD,US10Y
2026-04-15,0.0429,36.96,-0.0158437229437229,QQQ,Nasdaq 100,USD,US10Y
2026-04-16,0.0432,37.14,-0.0162748519116855,QQQ,Nasdaq 100,USD,US10Y
2026-04-17,0.0426,37.62,-0.016018394471026,QQQ,Nasdaq 100,USD,US10Y
2026-04-20,0.0426,31.06,-0.0104042498390212,QQQ,Nasdaq 100,USD,US10Y
2026-04-21,0.043,37.62,-0.016418394471026,QQQ,Nasdaq 100,USD,US10Y
2026-04-22,0.043,37.62,-0.016418394471026,QQQ,Nasdaq 100,USD,US10Y
2026-04-23,0.0434,35.15,-0.0149504978662873,QQQ,Nasdaq 100,USD,US10Y
2026-04-24,0.0431,34.95,-0.0144876967095851,QQQ,Nasdaq 100,USD,US10Y
2026-04-25,0.0431,34.95,-0.0144876967095851,QQQ,Nasdaq 100,USD,US10Y
2026-04-26,0.0431,34.95,-0.0144876967095851,QQQ,Nasdaq 100,USD,US10Y
2026-04-27,0.0435,37.62,-0.016918394471026,QQQ,Nasdaq 100,USD,US10Y
2026-04-28,0.0436,35.63,-0.0155337636822902,QQQ,Nasdaq 100,USD,US10Y
2026-04-29,0.0441999999999999,35.27,-0.0158472923164161,QQQ,Nasdaq 100,USD,US10Y
2026-04-30,0.044,35.48,-0.015815107102593,QQQ,Nasdaq 100,USD,US10Y
2026-05-01,0.0438999999999999,35.48,-0.0157151071025929,QQQ,Nasdaq 100,USD,US10Y
2026-05-02,0.0438999999999999,35.48,-0.0157151071025929,QQQ,Nasdaq 100,USD,US10Y
2026-05-03,0.0438999999999999,35.48,-0.0157151071025929,QQQ,Nasdaq 100,USD,US10Y
2026-05-04,0.0445,37.62,-0.017918394471026,QQQ,Nasdaq 100,USD,US10Y
2026-05-05,0.0443,35.48,-0.016115107102593,QQQ,Nasdaq 100,USD,US10Y
2026-05-06,0.0436,36.62,-0.0162925177498634,QQQ,Nasdaq 100,USD,US10Y
2026-05-07,0.0441,37.32,-0.0173047159699892,QQQ,Nasdaq 100,USD,US10Y
2026-05-08,0.0438,37.32,-0.0170047159699892,QQQ,Nasdaq 100,USD,US10Y
2026-05-09,0.0438,38.15,-0.0175876802096985,QQQ,Nasdaq 100,USD,US10Y
2026-05-10,0.0438,38.15,-0.0175876802096985,QQQ,Nasdaq 100,USD,US10Y
2026-05-11,0.0441999999999999,38.15,-0.0179876802096984,QQQ,Nasdaq 100,USD,US10Y
2026-05-12,0.0446,38.26,-0.0184630423418714,QQQ,Nasdaq 100,USD,US10Y
2026-05-13,0.0446,37.93,-0.0182356446084893,QQQ,Nasdaq 100,USD,US10Y
2026-05-14,0.0447,38.32,-0.0186039665970772,QQQ,Nasdaq 100,USD,US10Y
2026-05-15,0.0458999999999999,38.6,-0.0199932642487045,QQQ,Nasdaq 100,USD,US10Y
2026-05-16,0.0441999999999999,38.6,-0.0182932642487045,QQQ,Nasdaq 100,USD,US10Y
2026-05-17,0.0441999999999999,38.6,-0.0182932642487045,QQQ,Nasdaq 100,USD,US10Y
2026-05-18,0.0461,38.6,-0.0201932642487046,QQQ,Nasdaq 100,USD,US10Y
2026-05-19,0.0467,37.84,-0.0202729386892177,QQQ,Nasdaq 100,USD,US10Y
2026-05-20,0.0457,37.61,-0.0191113267747939,QQQ,Nasdaq 100,USD,US10Y
2026-05-21,0.0457,35.67,-0.0176652368937482,QQQ,Nasdaq 100,USD,US10Y
2026-05-22,0.0455999999999999,35.67,-0.0175652368937481,QQQ,Nasdaq 100,USD,US10Y
2026-05-23,0.0467,35.67,-0.0186652368937482,QQQ,Nasdaq 100,USD,US10Y
2026-05-24,0.0467,35.67,-0.0186652368937482,QQQ,Nasdaq 100,USD,US10Y
2026-05-25,0.0467,35.89,-0.0188370855391473,QQQ,Nasdaq 100,USD,US10Y
2026-05-26,0.045,35.89,-0.0171370855391473,QQQ,Nasdaq 100,USD,US10Y
2026-05-27,0.0448,36.53,-0.0174252395291541,QQQ,Nasdaq 100,USD,US10Y
2026-05-28,0.0445,36.49,-0.0170952315702932,QQQ,Nasdaq 100,USD,US10Y
2026-05-29,0.0445,36.8,-0.0173260869565217,QQQ,Nasdaq 100,USD,US10Y
2026-05-30,0.0467,36.8,-0.0195260869565217,QQQ,Nasdaq 100,USD,US10Y
2026-05-31,0.0467,36.8,-0.0195260869565217,QQQ,Nasdaq 100,USD,US10Y
2026-06-01,0.0447,36.93,-0.0176217438396967,QQQ,Nasdaq 100,USD,US10Y
2026-06-02,0.0446,37.15,-0.0176820995962314,QQQ,Nasdaq 100,USD,US10Y
2026-06-03,0.0449,37.33,-0.0181118939190999,QQQ,Nasdaq 100,USD,US10Y
2026-06-04,0.0447,37.22,-0.0178327243417517,QQQ,Nasdaq 100,USD,US10Y
2026-06-05,0.0455,37.02,-0.0184875742841707,QQQ,Nasdaq 100,USD,US10Y
2026-06-06,0.0467,37.02,-0.0196875742841707,QQQ,Nasdaq 100,USD,US10Y
2026-06-07,0.0467,37.02,-0.0196875742841707,QQQ,Nasdaq 100,USD,US10Y
2026-06-08,0.0455999999999999,35.14,-0.0171424018212862,QQQ,Nasdaq 100,USD,US10Y
2026-06-09,0.0453,35.69,-0.0172809470439899,QQQ,Nasdaq 100,USD,US10Y
2026-06-10,0.0455,35.29,-0.0171633607254179,QQQ,Nasdaq 100,USD,US10Y
2026-06-11,0.0445,35.29,-0.0161633607254179,QQQ,Nasdaq 100,USD,US10Y
2026-06-12,0.0448,35.73,-0.0168123145815841,QQQ,Nasdaq 100,USD,US10Y
2026-06-13,0.0467,35.73,-0.018712314581584,QQQ,Nasdaq 100,USD,US10Y
2026-06-14,0.0467,35.73,-0.018712314581584,QQQ,Nasdaq 100,USD,US10Y
2026-06-15,0.0447,35.96,-0.0168913236929922,QQQ,Nasdaq 100,USD,US10Y
2026-06-16,0.0443,37.06,-0.0173167296276308,QQQ,Nasdaq 100,USD,US10Y
2026-06-17,0.0449,36.36,-0.0173972497249725,QQQ,Nasdaq 100,USD,US10Y
2026-06-18,0.0446,36.0,-0.0168222222222222,QQQ,Nasdaq 100,USD,US10Y
2026-06-19,0.0467,36.0,-0.0189222222222222,QQQ,Nasdaq 100,USD,US10Y
2026-06-20,0.0467,36.0,-0.0189222222222222,QQQ,Nasdaq 100,USD,US10Y
2026-06-21,0.0467,36.0,-0.0189222222222222,QQQ,Nasdaq 100,USD,US10Y
2026-06-22,0.0451,36.9,-0.0179997289972899,QQQ,Nasdaq 100,USD,US10Y
2026-06-23,0.045,36.82,-0.0178408473655621,QQQ,Nasdaq 100,USD,US10Y
2026-06-24,0.0441,35.61,-0.0160180005616399,QQQ,Nasdaq 100,USD,US10Y
2026-06-25,0.044,35.46,-0.0157992103778905,QQQ,Nasdaq 100,USD,US10Y
2026-06-26,0.0438,35.46,-0.0155992103778905,QQQ,Nasdaq 100,USD,US10Y
2026-06-27,0.0467,35.46,-0.0184992103778905,QQQ,Nasdaq 100,USD,US10Y
2026-06-28,0.0467,35.46,-0.0184992103778905,QQQ,Nasdaq 100,USD,US10Y
2026-06-29,0.0438,37.62,-0.017218394471026,QQQ,Nasdaq 100,USD,US10Y
2026-06-30,0.0444,36.13,-0.0167221699418765,QQQ,Nasdaq 100,USD,US10Y
2026-07-01,0.0448,36.74,-0.0175817093086554,QQQ,Nasdaq 100,USD,US10Y
2026-07-02,0.0449,36.17,-0.0172527785457561,QQQ,Nasdaq 100,USD,US10Y
2026-07-03,0.0444,35.59,-0.0163022197246417,QQQ,Nasdaq 100,USD,US10Y
2026-07-04,0.0448,35.59,-0.0167022197246417,QQQ,Nasdaq 100,USD,US10Y
2026-07-05,0.0448,35.59,-0.0167022197246417,QQQ,Nasdaq 100,USD,US10Y
2026-07-06,0.0448,35.59,-0.0167022197246417,QQQ,Nasdaq 100,USD,US10Y
2026-07-07,0.0455,31.76,-0.0140138539042821,QQQ,Nasdaq 100,USD,US10Y
2026-07-08,0.0455999999999999,31.76,-0.0141138539042821,QQQ,Nasdaq 100,USD,US10Y
2026-07-09,0.0454,31.28,-0.0134306905370844,QQQ,Nasdaq 100,USD,US10Y
2026-07-10,0.0455999999999999,31.79,-0.0141435671594841,QQQ,Nasdaq 100,USD,US10Y
2026-07-11,0.0448,31.79,-0.0133435671594841,QQQ,Nasdaq 100,USD,US10Y
2026-07-12,0.0448,31.79,-0.0133435671594841,QQQ,Nasdaq 100,USD,US10Y
2026-07-13,0.0462,31.89,-0.0148422075885857,QQQ,Nasdaq 100,USD,US10Y
2026-07-14,0.0458,31.29,-0.013840907638223,QQQ,Nasdaq 100,USD,US10Y
2026-07-15,0.0455,31.64,-0.013894437420986,QQQ,Nasdaq 100,USD,US10Y
2026-07-16,0.0457,31.55,-0.0140042789223454,QQQ,Nasdaq 100,USD,US10Y
2026-07-17,0.0455,31.04,-0.0132835051546391,QQQ,Nasdaq 100,USD,US10Y
2026-07-18,0.0448,30.58,-0.0120988881621975,QQQ,Nasdaq 100,USD,US10Y
2026-07-19,0.0448,30.58,-0.0120988881621975,QQQ,Nasdaq 100,USD,US10Y
2026-07-20,0.046,30.58,-0.0132988881621975,QQQ,Nasdaq 100,USD,US10Y
2026-07-21,0.0463,30.54,-0.0135560576293385,QQQ,Nasdaq 100,USD,US10Y
2026-07-22,0.0467,31.13,-0.014576646321876,QQQ,Nasdaq 100,USD,US10Y
2026-07-23,0.0471,30.96,-0.0148002583979328,QQQ,Nasdaq 100,USD,US10Y
2026-07-24,0.0469,30.38,-0.013983607636603,QQQ,Nasdaq 100,USD,US10Y
2026-07-25,0.0448,30.38,-0.011883607636603,QQQ,Nasdaq 100,USD,US10Y
2026-07-26,0.0448,30.38,-0.011883607636603,QQQ,Nasdaq 100,USD,US10Y
2026-07-27,0.0465,31.47,-0.0147237051159834,QQQ,Nasdaq 100,USD,US10Y
2026-07-28,0.0461,29.94,-0.0126998663994656,QQQ,Nasdaq 100,USD,US10Y
2026-07-29,0.0467,29.64,-0.0129618083670715,QQQ,Nasdaq 100,USD,US10Y
2026-07-30,0.0467999999999999,29.04,-0.012364738292011,QQQ,Nasdaq 100,USD,US10Y
2026-07-31,0.0448,30.01,-0.0114777740753082,QQQ,Nasdaq 100,USD,US10Y
2026-08-01,0.0448,30.01,-0.0114777740753082,QQQ,Nasdaq 100,USD,US10Y
2026-08-03,0.047,27.9,-0.011157706093189959,QQQ,Nasdaq 100,USD,US10Y
2026-08-04,0.0463,28.82,-0.011601873698820264,QQQ,Nasdaq 100,USD,US10Y
2026-08-05,0.0463,28.59,-0.011322735222105633,QQQ,Nasdaq 100,USD,US10Y
2026-08-06,0.046900000000000004,28.48,-0.011787640449438204,QQQ,Nasdaq 100,USD,US10Y
2026-08-07,0.04650000000000001,28.81,-0.011789829920166611,QQQ,Nasdaq 100,USD,US10Y
2026-08-10,0.0472,28.72,-0.012381058495821724,QQQ,Nasdaq 100,USD,US10Y
2026-08-11,0.047,28.62,-0.012059399021663177,QQQ,Nasdaq 100,USD,US10Y
2026-08-12,0.046799999999999994,28.83,-0.012113909122441896,QQQ,Nasdaq 100,USD,US10Y
2026-08-13,0.0463,29.16,-0.012006447187928669,QQQ,Nasdaq 100,USD,US10Y
2026-08-14,0.046799999999999994,29.13,-0.012471129419842082,QQQ,Nasdaq 100,USD,US10Y
2026-08-17,0.0472,29.08,-0.012812104539202195,QQQ,Nasdaq 100,USD,US10Y
2026-08-18,0.0472,28.59,-0.012222735222105631,QQQ,Nasdaq 100,USD,US10Y
