Date,IndexClose,Bond_Yield_10Y,PE,ERP,IndexCode,IndexName,Currency,BondCode
2005-04-08,1000.0,,,,931066,军工龙头,CNY,CN10Y
2006-03-01,,0.0289999999999999,,,931066,军工龙头,CNY,CN10Y
2006-03-02,,0.0289999999999999,,,931066,军工龙头,CNY,CN10Y
2006-03-03,,0.0287,,,931066,军工龙头,CNY,CN10Y
2006-03-06,,0.0293,,,931066,军工龙头,CNY,CN10Y
2006-03-07,,0.0289999999999999,,,931066,军工龙头,CNY,CN10Y
2006-03-08,,0.0288,,,931066,军工龙头,CNY,CN10Y
2006-03-09,,0.0288,,,931066,军工龙头,CNY,CN10Y
2006-03-10,,0.0289,,,931066,军工龙头,CNY,CN10Y
2006-03-13,,0.0289999999999999,,,931066,军工龙头,CNY,CN10Y
2006-03-14,,0.0289999999999999,,,931066,军工龙头,CNY,CN10Y
2006-03-15,,0.0291,,,931066,军工龙头,CNY,CN10Y
2006-03-16,,0.0291,,,931066,军工龙头,CNY,CN10Y
2006-03-17,,0.0292,,,931066,军工龙头,CNY,CN10Y
2006-03-20,,0.0293,,,931066,军工龙头,CNY,CN10Y
2006-03-21,,0.0292,,,931066,军工龙头,CNY,CN10Y
2006-03-22,,0.0293,,,931066,军工龙头,CNY,CN10Y
2006-03-23,,0.02912,,,931066,军工龙头,CNY,CN10Y
2006-03-24,,0.0289999999999999,,,931066,军工龙头,CNY,CN10Y
2006-03-27,,0.0292,,,931066,军工龙头,CNY,CN10Y
2006-03-28,,0.0292,,,931066,军工龙头,CNY,CN10Y
2006-03-29,,0.0294,,,931066,军工龙头,CNY,CN10Y
2006-03-30,,0.0294,,,931066,军工龙头,CNY,CN10Y
2006-03-31,,0.0294,,,931066,军工龙头,CNY,CN10Y
2006-04-03,,0.0292,,,931066,军工龙头,CNY,CN10Y
2006-04-04,,0.0292,,,931066,军工龙头,CNY,CN10Y
2006-04-05,,0.0291,,,931066,军工龙头,CNY,CN10Y
2006-04-06,,0.0294,,,931066,军工龙头,CNY,CN10Y
2006-04-07,,0.029291,,,931066,军工龙头,CNY,CN10Y
2006-04-10,,0.0293,,,931066,军工龙头,CNY,CN10Y
2006-04-11,,0.0297,,,931066,军工龙头,CNY,CN10Y
2006-04-12,,0.0298,,,931066,军工龙头,CNY,CN10Y
2006-04-13,,0.029405,,,931066,军工龙头,CNY,CN10Y
2006-04-14,,0.0295,,,931066,军工龙头,CNY,CN10Y
2006-04-17,,0.0294,,,931066,军工龙头,CNY,CN10Y
2006-04-18,,0.0301,,,931066,军工龙头,CNY,CN10Y
2006-04-19,,0.0301,,,931066,军工龙头,CNY,CN10Y
2006-04-20,,0.03,,,931066,军工龙头,CNY,CN10Y
2006-04-21,,0.03048,,,931066,军工龙头,CNY,CN10Y
2006-04-24,,0.0305,,,931066,军工龙头,CNY,CN10Y
2006-04-25,,0.0306,,,931066,军工龙头,CNY,CN10Y
2006-04-26,,0.0305,,,931066,军工龙头,CNY,CN10Y
2006-04-27,,0.0301,,,931066,军工龙头,CNY,CN10Y
2006-04-28,,0.0301,,,931066,军工龙头,CNY,CN10Y
2006-04-29,,0.03,,,931066,军工龙头,CNY,CN10Y
2006-04-30,,0.03,,,931066,军工龙头,CNY,CN10Y
2006-05-08,,0.0302,,,931066,军工龙头,CNY,CN10Y
2006-05-09,,0.03,,,931066,军工龙头,CNY,CN10Y
2006-05-10,,0.03,,,931066,军工龙头,CNY,CN10Y
2006-05-11,,0.03,,,931066,军工龙头,CNY,CN10Y
2006-05-12,,0.0302,,,931066,军工龙头,CNY,CN10Y
2006-05-15,,0.0302999999999999,,,931066,军工龙头,CNY,CN10Y
2006-05-16,,0.0302,,,931066,军工龙头,CNY,CN10Y
2006-05-17,,0.03,,,931066,军工龙头,CNY,CN10Y
2006-05-18,,0.03,,,931066,军工龙头,CNY,CN10Y
2006-05-19,,0.0299,,,931066,军工龙头,CNY,CN10Y
2006-05-22,,0.03,,,931066,军工龙头,CNY,CN10Y
2006-05-23,,0.0302,,,931066,军工龙头,CNY,CN10Y
2006-05-24,,0.03,,,931066,军工龙头,CNY,CN10Y
2006-05-25,,0.03,,,931066,军工龙头,CNY,CN10Y
2006-05-26,,0.03,,,931066,军工龙头,CNY,CN10Y
2006-05-29,,0.0302999999999999,,,931066,军工龙头,CNY,CN10Y
2006-05-30,,0.0302,,,931066,军工龙头,CNY,CN10Y
2006-05-31,,0.0302,,,931066,军工龙头,CNY,CN10Y
2006-06-01,,0.0302999999999999,,,931066,军工龙头,CNY,CN10Y
2006-06-02,,0.0305,,,931066,军工龙头,CNY,CN10Y
2006-06-05,,0.0302999999999999,,,931066,军工龙头,CNY,CN10Y
2006-06-06,,0.0302,,,931066,军工龙头,CNY,CN10Y
2006-06-07,,0.0305,,,931066,军工龙头,CNY,CN10Y
2006-06-08,,0.0305,,,931066,军工龙头,CNY,CN10Y
2006-06-09,,0.0302999999999999,,,931066,军工龙头,CNY,CN10Y
2006-06-12,,0.0305,,,931066,军工龙头,CNY,CN10Y
2006-06-13,,0.0308,,,931066,军工龙头,CNY,CN10Y
2006-06-14,,0.0308999999999999,,,931066,军工龙头,CNY,CN10Y
2006-06-15,,0.031,,,931066,军工龙头,CNY,CN10Y
2006-06-16,,0.031,,,931066,军工龙头,CNY,CN10Y
2006-06-19,,0.0312,,,931066,军工龙头,CNY,CN10Y
2006-06-20,,0.031,,,931066,军工龙头,CNY,CN10Y
2006-06-21,,0.0315,,,931066,军工龙头,CNY,CN10Y
2006-06-22,,0.0312,,,931066,军工龙头,CNY,CN10Y
2006-06-23,,0.0313,,,931066,军工龙头,CNY,CN10Y
2006-06-26,,0.0315,,,931066,军工龙头,CNY,CN10Y
2006-06-27,,0.0315,,,931066,军工龙头,CNY,CN10Y
2006-06-28,,0.0315,,,931066,军工龙头,CNY,CN10Y
2006-06-29,,0.0315,,,931066,军工龙头,CNY,CN10Y
2006-06-30,,0.03165,,,931066,军工龙头,CNY,CN10Y
2006-07-03,,0.03159,,,931066,军工龙头,CNY,CN10Y
2006-07-04,,0.0315,,,931066,军工龙头,CNY,CN10Y
2006-07-05,,0.0318,,,931066,军工龙头,CNY,CN10Y
2006-07-06,,0.03172,,,931066,军工龙头,CNY,CN10Y
2006-07-07,,0.0318,,,931066,军工龙头,CNY,CN10Y
2006-07-10,,0.031729,,,931066,军工龙头,CNY,CN10Y
2006-07-11,,0.0316889999999999,,,931066,军工龙头,CNY,CN10Y
2006-07-12,,0.032,,,931066,军工龙头,CNY,CN10Y
2006-07-13,,0.0323,,,931066,军工龙头,CNY,CN10Y
2006-07-14,,0.03235,,,931066,军工龙头,CNY,CN10Y
2006-07-17,,0.032,,,931066,军工龙头,CNY,CN10Y
2006-07-18,,0.032,,,931066,军工龙头,CNY,CN10Y
2006-07-19,,0.0319,,,931066,军工龙头,CNY,CN10Y
2006-07-20,,0.032,,,931066,军工龙头,CNY,CN10Y
2006-07-21,,0.032,,,931066,军工龙头,CNY,CN10Y
2006-07-24,,0.0325,,,931066,军工龙头,CNY,CN10Y
2006-07-25,,0.0324,,,931066,军工龙头,CNY,CN10Y
2006-07-26,,0.0325,,,931066,军工龙头,CNY,CN10Y
2006-07-27,,0.03275,,,931066,军工龙头,CNY,CN10Y
2006-07-28,,0.0325,,,931066,军工龙头,CNY,CN10Y
2006-07-31,,0.0326,,,931066,军工龙头,CNY,CN10Y
2006-08-01,,0.0325,,,931066,军工龙头,CNY,CN10Y
2006-08-02,,0.0325,,,931066,军工龙头,CNY,CN10Y
2006-08-03,,0.0324,,,931066,军工龙头,CNY,CN10Y
2006-08-04,,0.0325,,,931066,军工龙头,CNY,CN10Y
2006-08-07,,0.0325,,,931066,军工龙头,CNY,CN10Y
2006-08-08,,0.0325,,,931066,军工龙头,CNY,CN10Y
2006-08-09,,0.0326,,,931066,军工龙头,CNY,CN10Y
2006-08-10,,0.0326,,,931066,军工龙头,CNY,CN10Y
2006-08-11,,0.0325499999999999,,,931066,军工龙头,CNY,CN10Y
2006-08-14,,0.03245,,,931066,军工龙头,CNY,CN10Y
2006-08-15,,0.03245,,,931066,军工龙头,CNY,CN10Y
2006-08-16,,0.0324,,,931066,军工龙头,CNY,CN10Y
2006-08-17,,0.0324,,,931066,军工龙头,CNY,CN10Y
2006-08-18,,0.032,,,931066,军工龙头,CNY,CN10Y
2006-08-21,,0.0326,,,931066,军工龙头,CNY,CN10Y
2006-08-22,,0.03254,,,931066,军工龙头,CNY,CN10Y
2006-08-23,,0.03251,,,931066,军工龙头,CNY,CN10Y
2006-08-24,,0.03248,,,931066,军工龙头,CNY,CN10Y
2006-08-25,,0.032389,,,931066,军工龙头,CNY,CN10Y
2006-08-28,,0.03256,,,931066,军工龙头,CNY,CN10Y
2006-08-29,,0.0325,,,931066,军工龙头,CNY,CN10Y
2006-08-30,,0.0324,,,931066,军工龙头,CNY,CN10Y
2006-08-31,,0.03238,,,931066,军工龙头,CNY,CN10Y
2006-09-01,,0.0323,,,931066,军工龙头,CNY,CN10Y
2006-09-04,,0.0323,,,931066,军工龙头,CNY,CN10Y
2006-09-05,,0.03225,,,931066,军工龙头,CNY,CN10Y
2006-09-06,,0.0321,,,931066,军工龙头,CNY,CN10Y
2006-09-07,,0.03201,,,931066,军工龙头,CNY,CN10Y
2006-09-08,,0.032,,,931066,军工龙头,CNY,CN10Y
2006-09-11,,0.032,,,931066,军工龙头,CNY,CN10Y
2006-09-12,,0.0318,,,931066,军工龙头,CNY,CN10Y
2006-09-13,,0.0318,,,931066,军工龙头,CNY,CN10Y
2006-09-14,,0.03172,,,931066,军工龙头,CNY,CN10Y
2006-09-15,,0.0317,,,931066,军工龙头,CNY,CN10Y
2006-09-18,,0.0315499999999999,,,931066,军工龙头,CNY,CN10Y
2006-09-19,,0.0315,,,931066,军工龙头,CNY,CN10Y
2006-09-20,,0.0313,,,931066,军工龙头,CNY,CN10Y
2006-09-21,,0.0311,,,931066,军工龙头,CNY,CN10Y
2006-09-22,,0.0305,,,931066,军工龙头,CNY,CN10Y
2006-09-25,,0.03,,,931066,军工龙头,CNY,CN10Y
2006-09-26,,0.03,,,931066,军工龙头,CNY,CN10Y
2006-09-27,,0.03,,,931066,军工龙头,CNY,CN10Y
2006-09-28,,0.03,,,931066,军工龙头,CNY,CN10Y
2006-09-29,,0.03,,,931066,军工龙头,CNY,CN10Y
2006-09-30,,0.02999,,,931066,军工龙头,CNY,CN10Y
2006-10-08,,0.03,,,931066,军工龙头,CNY,CN10Y
2006-10-09,,0.03,,,931066,军工龙头,CNY,CN10Y
2006-10-10,,0.0299,,,931066,军工龙头,CNY,CN10Y
2006-10-11,,0.0297,,,931066,军工龙头,CNY,CN10Y
2006-10-12,,0.029552,,,931066,军工龙头,CNY,CN10Y
2006-10-13,,0.0295409999999999,,,931066,军工龙头,CNY,CN10Y
2006-10-16,,0.029567,,,931066,军工龙头,CNY,CN10Y
2006-10-17,,0.029533,,,931066,军工龙头,CNY,CN10Y
2006-10-18,,0.029535,,,931066,军工龙头,CNY,CN10Y
2006-10-19,,0.02954,,,931066,军工龙头,CNY,CN10Y
2006-10-20,,0.029523,,,931066,军工龙头,CNY,CN10Y
2006-10-23,,0.0294919999999999,,,931066,军工龙头,CNY,CN10Y
2006-10-24,,0.0293849999999999,,,931066,军工龙头,CNY,CN10Y
2006-10-25,,0.029498,,,931066,军工龙头,CNY,CN10Y
2006-10-26,,0.0293739999999999,,,931066,军工龙头,CNY,CN10Y
2006-10-27,,0.029397,,,931066,军工龙头,CNY,CN10Y
2006-10-30,,0.0294059999999999,,,931066,军工龙头,CNY,CN10Y
2006-10-31,,0.029512,,,931066,军工龙头,CNY,CN10Y
2006-11-01,,0.029545,,,931066,军工龙头,CNY,CN10Y
2006-11-02,,0.029557,,,931066,军工龙头,CNY,CN10Y
2006-11-03,,0.029561,,,931066,军工龙头,CNY,CN10Y
2006-11-06,,0.029844,,,931066,军工龙头,CNY,CN10Y
2006-11-07,,0.02989,,,931066,军工龙头,CNY,CN10Y
2006-11-08,,0.029781,,,931066,军工龙头,CNY,CN10Y
2006-11-09,,0.02972,,,931066,军工龙头,CNY,CN10Y
2006-11-10,,0.0295949999999999,,,931066,军工龙头,CNY,CN10Y
2006-11-13,,0.029494,,,931066,军工龙头,CNY,CN10Y
2006-11-14,,0.029682,,,931066,军工龙头,CNY,CN10Y
2006-11-15,,0.029688,,,931066,军工龙头,CNY,CN10Y
2006-11-16,,0.029725,,,931066,军工龙头,CNY,CN10Y
2006-11-17,,0.029632,,,931066,军工龙头,CNY,CN10Y
2006-11-20,,0.029806,,,931066,军工龙头,CNY,CN10Y
2006-11-21,,0.029785,,,931066,军工龙头,CNY,CN10Y
2006-11-22,,0.030518,,,931066,军工龙头,CNY,CN10Y
2006-11-23,,0.030609,,,931066,军工龙头,CNY,CN10Y
2006-11-24,,0.030655,,,931066,军工龙头,CNY,CN10Y
2006-11-27,,0.0302,,,931066,军工龙头,CNY,CN10Y
2006-11-28,,0.029886,,,931066,军工龙头,CNY,CN10Y
2006-11-29,,0.029811,,,931066,军工龙头,CNY,CN10Y
2006-11-30,,0.029781,,,931066,军工龙头,CNY,CN10Y
2006-12-01,,0.0299359999999999,,,931066,军工龙头,CNY,CN10Y
2006-12-04,,0.029895,,,931066,军工龙头,CNY,CN10Y
2006-12-05,,0.029912,,,931066,军工龙头,CNY,CN10Y
2006-12-06,,0.029851,,,931066,军工龙头,CNY,CN10Y
2006-12-07,,0.0299469999999999,,,931066,军工龙头,CNY,CN10Y
2006-12-08,,0.030351,,,931066,军工龙头,CNY,CN10Y
2006-12-11,,0.030527,,,931066,军工龙头,CNY,CN10Y
2006-12-12,,0.030393,,,931066,军工龙头,CNY,CN10Y
2006-12-13,,0.030461,,,931066,军工龙头,CNY,CN10Y
2006-12-14,,0.030335,,,931066,军工龙头,CNY,CN10Y
2006-12-15,,0.030402,,,931066,军工龙头,CNY,CN10Y
2006-12-18,,0.030307,,,931066,军工龙头,CNY,CN10Y
2006-12-19,,0.030232,,,931066,军工龙头,CNY,CN10Y
2006-12-20,,0.030267,,,931066,军工龙头,CNY,CN10Y
2006-12-21,,0.0301989999999999,,,931066,军工龙头,CNY,CN10Y
2006-12-22,,0.030364,,,931066,军工龙头,CNY,CN10Y
2006-12-25,,0.030408,,,931066,军工龙头,CNY,CN10Y
2006-12-26,,0.030419,,,931066,军工龙头,CNY,CN10Y
2006-12-27,,0.030408,,,931066,军工龙头,CNY,CN10Y
2006-12-28,,0.03026,,,931066,军工龙头,CNY,CN10Y
2006-12-29,,0.030202,,,931066,军工龙头,CNY,CN10Y
2006-12-30,,0.0302039999999999,,,931066,军工龙头,CNY,CN10Y
2006-12-31,,0.030269,,,931066,军工龙头,CNY,CN10Y
2007-01-04,,0.030239,,,931066,军工龙头,CNY,CN10Y
2007-01-05,,0.030211,,,931066,军工龙头,CNY,CN10Y
2007-01-08,,0.030356,,,931066,军工龙头,CNY,CN10Y
2007-01-09,,0.0302309999999999,,,931066,军工龙头,CNY,CN10Y
2007-01-10,,0.030102,,,931066,军工龙头,CNY,CN10Y
2007-01-11,,0.030047,,,931066,军工龙头,CNY,CN10Y
2007-01-12,,0.030202,,,931066,军工龙头,CNY,CN10Y
2007-01-15,,0.030167,,,931066,军工龙头,CNY,CN10Y
2007-01-16,,0.030175,,,931066,军工龙头,CNY,CN10Y
2007-01-17,,0.0301759999999999,,,931066,军工龙头,CNY,CN10Y
2007-01-18,,0.0302729999999999,,,931066,军工龙头,CNY,CN10Y
2007-01-19,,0.03032,,,931066,军工龙头,CNY,CN10Y
2007-01-22,,0.030277,,,931066,军工龙头,CNY,CN10Y
2007-01-23,,0.030373,,,931066,军工龙头,CNY,CN10Y
2007-01-24,,0.030267,,,931066,军工龙头,CNY,CN10Y
2007-01-25,,0.03032,,,931066,军工龙头,CNY,CN10Y
2007-01-26,,0.0303739999999999,,,931066,军工龙头,CNY,CN10Y
2007-01-29,,0.030427,,,931066,军工龙头,CNY,CN10Y
2007-01-30,,0.030559,,,931066,军工龙头,CNY,CN10Y
2007-01-31,,0.030671,,,931066,军工龙头,CNY,CN10Y
2007-02-01,,0.030676,,,931066,军工龙头,CNY,CN10Y
2007-02-02,,0.030598,,,931066,军工龙头,CNY,CN10Y
2007-02-05,,0.0307649999999999,,,931066,军工龙头,CNY,CN10Y
2007-02-06,,0.030705,,,931066,军工龙头,CNY,CN10Y
2007-02-07,,0.030704,,,931066,军工龙头,CNY,CN10Y
2007-02-08,,0.0308139999999999,,,931066,军工龙头,CNY,CN10Y
2007-02-09,,0.031171,,,931066,军工龙头,CNY,CN10Y
2007-02-12,,0.031355,,,931066,军工龙头,CNY,CN10Y
2007-02-13,,0.031367,,,931066,军工龙头,CNY,CN10Y
2007-02-14,,0.03137,,,931066,军工龙头,CNY,CN10Y
2007-02-15,,0.031365,,,931066,军工龙头,CNY,CN10Y
2007-02-16,,0.031361,,,931066,军工龙头,CNY,CN10Y
2007-02-17,,0.0311,,,931066,军工龙头,CNY,CN10Y
2007-02-25,,0.0311,,,931066,军工龙头,CNY,CN10Y
2007-02-26,,0.0312,,,931066,军工龙头,CNY,CN10Y
2007-02-27,,0.0314679999999999,,,931066,军工龙头,CNY,CN10Y
2007-02-28,,0.031466,,,931066,军工龙头,CNY,CN10Y
2007-03-01,,0.031553,,,931066,军工龙头,CNY,CN10Y
2007-03-02,,0.0316829999999999,,,931066,军工龙头,CNY,CN10Y
2007-03-05,,0.031726,,,931066,军工龙头,CNY,CN10Y
2007-03-06,,0.03179,,,931066,军工龙头,CNY,CN10Y
2007-03-07,,0.0319,,,931066,军工龙头,CNY,CN10Y
2007-03-08,,0.032192,,,931066,军工龙头,CNY,CN10Y
2007-03-09,,0.03223,,,931066,军工龙头,CNY,CN10Y
2007-03-12,,0.032278,,,931066,军工龙头,CNY,CN10Y
2007-03-13,,0.0320509999999999,,,931066,军工龙头,CNY,CN10Y
2007-03-14,,0.032332,,,931066,军工龙头,CNY,CN10Y
2007-03-15,,0.0328759999999999,,,931066,军工龙头,CNY,CN10Y
2007-03-16,,0.0330419999999999,,,931066,军工龙头,CNY,CN10Y
2007-03-19,,0.03337,,,931066,军工龙头,CNY,CN10Y
2007-03-20,,0.0336,,,931066,军工龙头,CNY,CN10Y
2007-03-21,,0.034,,,931066,军工龙头,CNY,CN10Y
2007-03-22,,0.03395,,,931066,军工龙头,CNY,CN10Y
2007-03-23,,0.034235,,,931066,军工龙头,CNY,CN10Y
2007-03-26,,0.0342,,,931066,军工龙头,CNY,CN10Y
2007-03-27,,0.0342,,,931066,军工龙头,CNY,CN10Y
2007-03-28,,0.034245,,,931066,军工龙头,CNY,CN10Y
2007-03-29,,0.034386,,,931066,军工龙头,CNY,CN10Y
2007-03-30,,0.034338,,,931066,军工龙头,CNY,CN10Y
2007-04-02,,0.0343,,,931066,军工龙头,CNY,CN10Y
2007-04-03,,0.034277,,,931066,军工龙头,CNY,CN10Y
2007-04-04,,0.0344,,,931066,军工龙头,CNY,CN10Y
2007-04-05,,0.034441,,,931066,军工龙头,CNY,CN10Y
2007-04-06,,0.034615,,,931066,军工龙头,CNY,CN10Y
2007-04-09,,0.03488,,,931066,军工龙头,CNY,CN10Y
2007-04-10,,0.034829,,,931066,军工龙头,CNY,CN10Y
2007-04-11,,0.0349299999999999,,,931066,军工龙头,CNY,CN10Y
2007-04-12,,0.0349359999999999,,,931066,军工龙头,CNY,CN10Y
2007-04-13,,0.035202,,,931066,军工龙头,CNY,CN10Y
2007-04-16,,0.035327,,,931066,军工龙头,CNY,CN10Y
2007-04-17,,0.035391,,,931066,军工龙头,CNY,CN10Y
2007-04-18,,0.0356,,,931066,军工龙头,CNY,CN10Y
2007-04-19,,0.0356999999999999,,,931066,军工龙头,CNY,CN10Y
2007-04-20,,0.0358,,,931066,军工龙头,CNY,CN10Y
2007-04-23,,0.0359,,,931066,军工龙头,CNY,CN10Y
2007-04-24,,0.036139,,,931066,军工龙头,CNY,CN10Y
2007-04-25,,0.036349,,,931066,军工龙头,CNY,CN10Y
2007-04-26,,0.035931,,,931066,军工龙头,CNY,CN10Y
2007-04-27,,0.035914,,,931066,军工龙头,CNY,CN10Y
2007-04-28,,0.035883,,,931066,军工龙头,CNY,CN10Y
2007-04-29,,0.0358,,,931066,军工龙头,CNY,CN10Y
2007-04-30,,0.035916,,,931066,军工龙头,CNY,CN10Y
2007-05-08,,0.035933,,,931066,军工龙头,CNY,CN10Y
2007-05-09,,0.035906,,,931066,军工龙头,CNY,CN10Y
2007-05-10,,0.0363,,,931066,军工龙头,CNY,CN10Y
2007-05-11,,0.0368,,,931066,军工龙头,CNY,CN10Y
2007-05-14,,0.037,,,931066,军工龙头,CNY,CN10Y
2007-05-15,,0.037992,,,931066,军工龙头,CNY,CN10Y
2007-05-16,,0.0383,,,931066,军工龙头,CNY,CN10Y
2007-05-17,,0.0383,,,931066,军工龙头,CNY,CN10Y
2007-05-18,,0.0383,,,931066,军工龙头,CNY,CN10Y
2007-05-21,,0.03966,,,931066,军工龙头,CNY,CN10Y
2007-05-22,,0.0405,,,931066,军工龙头,CNY,CN10Y
2007-05-23,,0.04064,,,931066,军工龙头,CNY,CN10Y
2007-05-24,,0.0403,,,931066,军工龙头,CNY,CN10Y
2007-05-25,,0.0405,,,931066,军工龙头,CNY,CN10Y
2007-05-28,,0.0407,,,931066,军工龙头,CNY,CN10Y
2007-05-29,,0.0408,,,931066,军工龙头,CNY,CN10Y
2007-05-30,,0.0407,,,931066,军工龙头,CNY,CN10Y
2007-05-31,,0.0406,,,931066,军工龙头,CNY,CN10Y
2007-06-01,,0.0408,,,931066,军工龙头,CNY,CN10Y
2007-06-04,,0.041393,,,931066,军工龙头,CNY,CN10Y
2007-06-05,,0.041309,,,931066,军工龙头,CNY,CN10Y
2007-06-06,,0.041442,,,931066,军工龙头,CNY,CN10Y
2007-06-07,,0.041427,,,931066,军工龙头,CNY,CN10Y
2007-06-08,,0.041624,,,931066,军工龙头,CNY,CN10Y
2007-06-11,,0.0413759999999999,,,931066,军工龙头,CNY,CN10Y
2007-06-12,,0.042199,,,931066,军工龙头,CNY,CN10Y
2007-06-13,,0.04232,,,931066,军工龙头,CNY,CN10Y
2007-06-14,,0.042669,,,931066,军工龙头,CNY,CN10Y
2007-06-15,,0.043483,,,931066,军工龙头,CNY,CN10Y
2007-06-18,,0.043496,,,931066,军工龙头,CNY,CN10Y
2007-06-19,,0.0439689999999999,,,931066,军工龙头,CNY,CN10Y
2007-06-20,,0.044408,,,931066,军工龙头,CNY,CN10Y
2007-06-21,,0.0447,,,931066,军工龙头,CNY,CN10Y
2007-06-22,,0.0444,,,931066,军工龙头,CNY,CN10Y
2007-06-25,,0.0441999999999999,,,931066,军工龙头,CNY,CN10Y
2007-06-26,,0.044,,,931066,军工龙头,CNY,CN10Y
2007-06-27,,0.043985,,,931066,军工龙头,CNY,CN10Y
2007-06-28,,0.044538,,,931066,军工龙头,CNY,CN10Y
2007-06-29,,0.0445,,,931066,军工龙头,CNY,CN10Y
2007-07-02,,0.0445,,,931066,军工龙头,CNY,CN10Y
2007-07-03,,0.044726,,,931066,军工龙头,CNY,CN10Y
2007-07-04,,0.044745,,,931066,军工龙头,CNY,CN10Y
2007-07-05,,0.04475,,,931066,军工龙头,CNY,CN10Y
2007-07-06,,0.044261,,,931066,军工龙头,CNY,CN10Y
2007-07-09,,0.044172,,,931066,军工龙头,CNY,CN10Y
2007-07-10,,0.044896,,,931066,军工龙头,CNY,CN10Y
2007-07-11,,0.0447729999999999,,,931066,军工龙头,CNY,CN10Y
2007-07-12,,0.044777,,,931066,军工龙头,CNY,CN10Y
2007-07-13,,0.044634,,,931066,军工龙头,CNY,CN10Y
2007-07-16,,0.0445399999999999,,,931066,军工龙头,CNY,CN10Y
2007-07-17,,0.044542,,,931066,军工龙头,CNY,CN10Y
2007-07-18,,0.0445469999999999,,,931066,军工龙头,CNY,CN10Y
2007-07-19,,0.04455,,,931066,军工龙头,CNY,CN10Y
2007-07-20,,0.044551,,,931066,军工龙头,CNY,CN10Y
2007-07-23,,0.04477,,,931066,军工龙头,CNY,CN10Y
2007-07-24,,0.0446509999999999,,,931066,军工龙头,CNY,CN10Y
2007-07-25,,0.0433,,,931066,军工龙头,CNY,CN10Y
2007-07-26,,0.043086,,,931066,军工龙头,CNY,CN10Y
2007-07-27,,0.043399,,,931066,军工龙头,CNY,CN10Y
2007-07-30,,0.042848,,,931066,军工龙头,CNY,CN10Y
2007-07-31,,0.0434009999999999,,,931066,军工龙头,CNY,CN10Y
2007-08-01,,0.042857,,,931066,军工龙头,CNY,CN10Y
2007-08-02,,0.042594,,,931066,军工龙头,CNY,CN10Y
2007-08-03,,0.042855,,,931066,军工龙头,CNY,CN10Y
2007-08-06,,0.043861,,,931066,军工龙头,CNY,CN10Y
2007-08-07,,0.043775,,,931066,军工龙头,CNY,CN10Y
2007-08-08,,0.043166,,,931066,军工龙头,CNY,CN10Y
2007-08-09,,0.043178,,,931066,军工龙头,CNY,CN10Y
2007-08-10,,0.043378,,,931066,军工龙头,CNY,CN10Y
2007-08-13,,0.04357,,,931066,军工龙头,CNY,CN10Y
2007-08-14,,0.0435679999999999,,,931066,军工龙头,CNY,CN10Y
2007-08-15,,0.0435409999999999,,,931066,军工龙头,CNY,CN10Y
2007-08-16,,0.043529,,,931066,军工龙头,CNY,CN10Y
2007-08-17,,0.043038,,,931066,军工龙头,CNY,CN10Y
2007-08-20,,0.042636,,,931066,军工龙头,CNY,CN10Y
2007-08-21,,0.042445,,,931066,军工龙头,CNY,CN10Y
2007-08-22,,0.04227,,,931066,军工龙头,CNY,CN10Y
2007-08-23,,0.042064,,,931066,军工龙头,CNY,CN10Y
2007-08-24,,0.042164,,,931066,军工龙头,CNY,CN10Y
2007-08-27,,0.04136,,,931066,军工龙头,CNY,CN10Y
2007-08-28,,0.042049,,,931066,军工龙头,CNY,CN10Y
2007-08-29,,0.042766,,,931066,军工龙头,CNY,CN10Y
2007-08-30,,0.042739,,,931066,军工龙头,CNY,CN10Y
2007-08-31,,0.042743,,,931066,军工龙头,CNY,CN10Y
2007-09-03,,0.04235,,,931066,军工龙头,CNY,CN10Y
2007-09-04,,0.042328,,,931066,军工龙头,CNY,CN10Y
2007-09-05,,0.04244,,,931066,军工龙头,CNY,CN10Y
2007-09-06,,0.0426769999999999,,,931066,军工龙头,CNY,CN10Y
2007-09-07,,0.042872,,,931066,军工龙头,CNY,CN10Y
2007-09-10,,0.042946,,,931066,军工龙头,CNY,CN10Y
2007-09-11,,0.043615,,,931066,军工龙头,CNY,CN10Y
2007-09-12,,0.043788,,,931066,军工龙头,CNY,CN10Y
2007-09-13,,0.043892,,,931066,军工龙头,CNY,CN10Y
2007-09-14,,0.044893,,,931066,军工龙头,CNY,CN10Y
2007-09-17,,0.0454209999999999,,,931066,军工龙头,CNY,CN10Y
2007-09-18,,0.045436,,,931066,军工龙头,CNY,CN10Y
2007-09-19,,0.0454739999999999,,,931066,军工龙头,CNY,CN10Y
2007-09-20,,0.045477,,,931066,军工龙头,CNY,CN10Y
2007-09-21,,0.04495,,,931066,军工龙头,CNY,CN10Y
2007-09-24,,0.04493,,,931066,军工龙头,CNY,CN10Y
2007-09-25,,0.044859,,,931066,军工龙头,CNY,CN10Y
2007-09-26,,0.04445,,,931066,军工龙头,CNY,CN10Y
2007-09-27,,0.0441999999999999,,,931066,军工龙头,CNY,CN10Y
2007-09-28,,0.0438999999999999,,,931066,军工龙头,CNY,CN10Y
2007-09-29,,0.04396,,,931066,军工龙头,CNY,CN10Y
2007-09-30,,0.043877,,,931066,军工龙头,CNY,CN10Y
2007-10-08,,0.0436639999999999,,,931066,军工龙头,CNY,CN10Y
2007-10-09,,0.0437,,,931066,军工龙头,CNY,CN10Y
2007-10-10,,0.043737,,,931066,军工龙头,CNY,CN10Y
2007-10-11,,0.043732,,,931066,军工龙头,CNY,CN10Y
2007-10-12,,0.043723,,,931066,军工龙头,CNY,CN10Y
2007-10-15,,0.043746,,,931066,军工龙头,CNY,CN10Y
2007-10-16,,0.043743,,,931066,军工龙头,CNY,CN10Y
2007-10-17,,0.0445,,,931066,军工龙头,CNY,CN10Y
2007-10-18,,0.0446,,,931066,军工龙头,CNY,CN10Y
2007-10-19,,0.0447,,,931066,军工龙头,CNY,CN10Y
2007-10-22,,0.0448,,,931066,军工龙头,CNY,CN10Y
2007-10-23,,0.04485,,,931066,军工龙头,CNY,CN10Y
2007-10-24,,0.04485,,,931066,军工龙头,CNY,CN10Y
2007-10-25,,0.04485,,,931066,军工龙头,CNY,CN10Y
2007-10-26,,0.04485,,,931066,军工龙头,CNY,CN10Y
2007-10-29,,0.0448,,,931066,军工龙头,CNY,CN10Y
2007-10-30,,0.04484,,,931066,军工龙头,CNY,CN10Y
2007-10-31,,0.044937,,,931066,军工龙头,CNY,CN10Y
2007-11-01,,0.045,,,931066,军工龙头,CNY,CN10Y
2007-11-02,,0.045,,,931066,军工龙头,CNY,CN10Y
2007-11-05,,0.045263,,,931066,军工龙头,CNY,CN10Y
2007-11-06,,0.045248,,,931066,军工龙头,CNY,CN10Y
2007-11-07,,0.045441,,,931066,军工龙头,CNY,CN10Y
2007-11-08,,0.045441,,,931066,军工龙头,CNY,CN10Y
2007-11-09,,0.045743,,,931066,军工龙头,CNY,CN10Y
2007-11-12,,0.0458629999999999,,,931066,军工龙头,CNY,CN10Y
2007-11-13,,0.045861,,,931066,军工龙头,CNY,CN10Y
2007-11-14,,0.045922,,,931066,军工龙头,CNY,CN10Y
2007-11-15,,0.045973,,,931066,军工龙头,CNY,CN10Y
2007-11-16,,0.045974,,,931066,军工龙头,CNY,CN10Y
2007-11-19,,0.045822,,,931066,军工龙头,CNY,CN10Y
2007-11-20,,0.045569,,,931066,军工龙头,CNY,CN10Y
2007-11-21,,0.04545,,,931066,军工龙头,CNY,CN10Y
2007-11-22,,0.0455,,,931066,军工龙头,CNY,CN10Y
2007-11-23,,0.0454,,,931066,军工龙头,CNY,CN10Y
2007-11-26,,0.04535,,,931066,军工龙头,CNY,CN10Y
2007-11-27,,0.045247,,,931066,军工龙头,CNY,CN10Y
2007-11-28,,0.045089,,,931066,军工龙头,CNY,CN10Y
2007-11-29,,0.045084,,,931066,军工龙头,CNY,CN10Y
2007-11-30,,0.045086,,,931066,军工龙头,CNY,CN10Y
2007-12-03,,0.045085,,,931066,军工龙头,CNY,CN10Y
2007-12-04,,0.045085,,,931066,军工龙头,CNY,CN10Y
2007-12-05,,0.045096,,,931066,军工龙头,CNY,CN10Y
2007-12-06,,0.045038,,,931066,军工龙头,CNY,CN10Y
2007-12-07,,0.045043,,,931066,军工龙头,CNY,CN10Y
2007-12-10,,0.044996,,,931066,军工龙头,CNY,CN10Y
2007-12-11,,0.0451159999999999,,,931066,军工龙头,CNY,CN10Y
2007-12-12,,0.045118,,,931066,军工龙头,CNY,CN10Y
2007-12-13,,0.045067,,,931066,军工龙头,CNY,CN10Y
2007-12-14,,0.044251,,,931066,军工龙头,CNY,CN10Y
2007-12-17,,0.044282,,,931066,军工龙头,CNY,CN10Y
2007-12-18,,0.044279,,,931066,军工龙头,CNY,CN10Y
2007-12-19,,0.04428,,,931066,军工龙头,CNY,CN10Y
2007-12-20,,0.044282,,,931066,军工龙头,CNY,CN10Y
2007-12-21,,0.044526,,,931066,军工龙头,CNY,CN10Y
2007-12-24,,0.044517,,,931066,军工龙头,CNY,CN10Y
2007-12-25,,0.044528,,,931066,军工龙头,CNY,CN10Y
2007-12-26,,0.044541,,,931066,军工龙头,CNY,CN10Y
2007-12-27,,0.044005,,,931066,军工龙头,CNY,CN10Y
2007-12-28,,0.044357,,,931066,军工龙头,CNY,CN10Y
2007-12-29,,0.044253,,,931066,军工龙头,CNY,CN10Y
2008-01-02,,0.044363,,,931066,军工龙头,CNY,CN10Y
2008-01-03,,0.044263,,,931066,军工龙头,CNY,CN10Y
2008-01-04,,0.044013,,,931066,军工龙头,CNY,CN10Y
2008-01-07,,0.043948,,,931066,军工龙头,CNY,CN10Y
2008-01-08,,0.044024,,,931066,军工龙头,CNY,CN10Y
2008-01-09,,0.044022,,,931066,军工龙头,CNY,CN10Y
2008-01-10,,0.0440669999999999,,,931066,军工龙头,CNY,CN10Y
2008-01-11,,0.043893,,,931066,军工龙头,CNY,CN10Y
2008-01-14,,0.04402,,,931066,军工龙头,CNY,CN10Y
2008-01-15,,0.044022,,,931066,军工龙头,CNY,CN10Y
2008-01-16,,0.044028,,,931066,军工龙头,CNY,CN10Y
2008-01-17,,0.043978,,,931066,军工龙头,CNY,CN10Y
2008-01-18,,0.0440299999999999,,,931066,军工龙头,CNY,CN10Y
2008-01-21,,0.0437769999999999,,,931066,军工龙头,CNY,CN10Y
2008-01-22,,0.0436789999999999,,,931066,军工龙头,CNY,CN10Y
2008-01-23,,0.042883,,,931066,军工龙头,CNY,CN10Y
2008-01-24,,0.042433,,,931066,军工龙头,CNY,CN10Y
2008-01-25,,0.04244,,,931066,军工龙头,CNY,CN10Y
2008-01-28,,0.042226,,,931066,军工龙头,CNY,CN10Y
2008-01-29,,0.042539,,,931066,军工龙头,CNY,CN10Y
2008-01-30,,0.042502,,,931066,军工龙头,CNY,CN10Y
2008-01-31,,0.0419369999999999,,,931066,军工龙头,CNY,CN10Y
2008-02-01,,0.041308,,,931066,军工龙头,CNY,CN10Y
2008-02-02,,0.041307,,,931066,军工龙头,CNY,CN10Y
2008-02-03,,0.041309,,,931066,军工龙头,CNY,CN10Y
2008-02-04,,0.041311,,,931066,军工龙头,CNY,CN10Y
2008-02-05,,0.041458,,,931066,军工龙头,CNY,CN10Y
2008-02-13,,0.041559,,,931066,军工龙头,CNY,CN10Y
2008-02-14,,0.041561,,,931066,军工龙头,CNY,CN10Y
2008-02-15,,0.041791,,,931066,军工龙头,CNY,CN10Y
2008-02-18,,0.041924,,,931066,军工龙头,CNY,CN10Y
2008-02-19,,0.042176,,,931066,军工龙头,CNY,CN10Y
2008-02-20,,0.041744,,,931066,军工龙头,CNY,CN10Y
2008-02-21,,0.041818,,,931066,军工龙头,CNY,CN10Y
2008-02-22,,0.0416,,,931066,军工龙头,CNY,CN10Y
2008-02-25,,0.041439,,,931066,军工龙头,CNY,CN10Y
2008-02-26,,0.041413,,,931066,军工龙头,CNY,CN10Y
2008-02-27,,0.041436,,,931066,军工龙头,CNY,CN10Y
2008-02-28,,0.041283,,,931066,军工龙头,CNY,CN10Y
2008-02-29,,0.041283,,,931066,军工龙头,CNY,CN10Y
2008-03-03,,0.0412849999999999,,,931066,军工龙头,CNY,CN10Y
2008-03-04,,0.041521,,,931066,军工龙头,CNY,CN10Y
2008-03-05,,0.041635,,,931066,军工龙头,CNY,CN10Y
2008-03-06,,0.041768,,,931066,军工龙头,CNY,CN10Y
2008-03-07,,0.04176,,,931066,军工龙头,CNY,CN10Y
2008-03-10,,0.041768,,,931066,军工龙头,CNY,CN10Y
2008-03-11,,0.041953,,,931066,军工龙头,CNY,CN10Y
2008-03-12,,0.041954,,,931066,军工龙头,CNY,CN10Y
2008-03-13,,0.0417,,,931066,军工龙头,CNY,CN10Y
2008-03-14,,0.0415,,,931066,军工龙头,CNY,CN10Y
2008-03-17,,0.0412479999999999,,,931066,军工龙头,CNY,CN10Y
2008-03-18,,0.041151,,,931066,军工龙头,CNY,CN10Y
2008-03-19,,0.04075,,,931066,军工龙头,CNY,CN10Y
2008-03-20,,0.0408,,,931066,军工龙头,CNY,CN10Y
2008-03-21,,0.0408,,,931066,军工龙头,CNY,CN10Y
2008-03-24,,0.04077,,,931066,军工龙头,CNY,CN10Y
2008-03-25,,0.040511,,,931066,军工龙头,CNY,CN10Y
2008-03-26,,0.040404,,,931066,军工龙头,CNY,CN10Y
2008-03-27,,0.040008,,,931066,军工龙头,CNY,CN10Y
2008-03-28,,0.040116,,,931066,军工龙头,CNY,CN10Y
2008-03-31,,0.04046,,,931066,军工龙头,CNY,CN10Y
2008-04-01,,0.040563,,,931066,军工龙头,CNY,CN10Y
2008-04-02,,0.040517,,,931066,军工龙头,CNY,CN10Y
2008-04-03,,0.040444,,,931066,军工龙头,CNY,CN10Y
2008-04-07,,0.04045,,,931066,军工龙头,CNY,CN10Y
2008-04-08,,0.0404509999999999,,,931066,军工龙头,CNY,CN10Y
2008-04-09,,0.0404509999999999,,,931066,军工龙头,CNY,CN10Y
2008-04-10,,0.0404049999999999,,,931066,军工龙头,CNY,CN10Y
2008-04-11,,0.040457,,,931066,军工龙头,CNY,CN10Y
2008-04-14,,0.040436,,,931066,军工龙头,CNY,CN10Y
2008-04-15,,0.040244,,,931066,军工龙头,CNY,CN10Y
2008-04-16,,0.040184,,,931066,军工龙头,CNY,CN10Y
2008-04-17,,0.040185,,,931066,军工龙头,CNY,CN10Y
2008-04-18,,0.0400849999999999,,,931066,军工龙头,CNY,CN10Y
2008-04-21,,0.040087,,,931066,军工龙头,CNY,CN10Y
2008-04-22,,0.04009,,,931066,军工龙头,CNY,CN10Y
2008-04-23,,0.040244,,,931066,军工龙头,CNY,CN10Y
2008-04-24,,0.040601,,,931066,军工龙头,CNY,CN10Y
2008-04-25,,0.040654,,,931066,军工龙头,CNY,CN10Y
2008-04-28,,0.040707,,,931066,军工龙头,CNY,CN10Y
2008-04-29,,0.040736,,,931066,军工龙头,CNY,CN10Y
2008-04-30,,0.040725,,,931066,军工龙头,CNY,CN10Y
2008-05-04,,0.040704,,,931066,军工龙头,CNY,CN10Y
2008-05-05,,0.040631,,,931066,军工龙头,CNY,CN10Y
2008-05-06,,0.040632,,,931066,军工龙头,CNY,CN10Y
2008-05-07,,0.04135,,,931066,军工龙头,CNY,CN10Y
2008-05-08,,0.041253,,,931066,军工龙头,CNY,CN10Y
2008-05-09,,0.04121,,,931066,军工龙头,CNY,CN10Y
2008-05-12,,0.041517,,,931066,军工龙头,CNY,CN10Y
2008-05-13,,0.041486,,,931066,军工龙头,CNY,CN10Y
2008-05-14,,0.041653,,,931066,军工龙头,CNY,CN10Y
2008-05-15,,0.041691,,,931066,军工龙头,CNY,CN10Y
2008-05-16,,0.041493,,,931066,军工龙头,CNY,CN10Y
2008-05-19,,0.041669,,,931066,军工龙头,CNY,CN10Y
2008-05-20,,0.041676,,,931066,军工龙头,CNY,CN10Y
2008-05-21,,0.041677,,,931066,军工龙头,CNY,CN10Y
2008-05-22,,0.041631,,,931066,军工龙头,CNY,CN10Y
2008-05-23,,0.0416319999999999,,,931066,军工龙头,CNY,CN10Y
2008-05-26,,0.041636,,,931066,军工龙头,CNY,CN10Y
2008-05-27,,0.041618,,,931066,军工龙头,CNY,CN10Y
2008-05-28,,0.041676,,,931066,军工龙头,CNY,CN10Y
2008-05-29,,0.041636,,,931066,军工龙头,CNY,CN10Y
2008-05-30,,0.041589,,,931066,军工龙头,CNY,CN10Y
2008-06-02,,0.041626,,,931066,军工龙头,CNY,CN10Y
2008-06-03,,0.041588,,,931066,军工龙头,CNY,CN10Y
2008-06-04,,0.041589,,,931066,军工龙头,CNY,CN10Y
2008-06-05,,0.0415909999999999,,,931066,军工龙头,CNY,CN10Y
2008-06-06,,0.0416169999999999,,,931066,军工龙头,CNY,CN10Y
2008-06-10,,0.042069,,,931066,军工龙头,CNY,CN10Y
2008-06-11,,0.043193,,,931066,军工龙头,CNY,CN10Y
2008-06-12,,0.043009,,,931066,军工龙头,CNY,CN10Y
2008-06-13,,0.043128,,,931066,军工龙头,CNY,CN10Y
2008-06-16,,0.0431789999999999,,,931066,军工龙头,CNY,CN10Y
2008-06-17,,0.043354,,,931066,军工龙头,CNY,CN10Y
2008-06-18,,0.043356,,,931066,军工龙头,CNY,CN10Y
2008-06-19,,0.043358,,,931066,军工龙头,CNY,CN10Y
2008-06-20,,0.0442129999999999,,,931066,军工龙头,CNY,CN10Y
2008-06-23,,0.044716,,,931066,军工龙头,CNY,CN10Y
2008-06-24,,0.044626,,,931066,军工龙头,CNY,CN10Y
2008-06-25,,0.044582,,,931066,军工龙头,CNY,CN10Y
2008-06-26,,0.045182,,,931066,军工龙头,CNY,CN10Y
2008-06-27,,0.0455799999999999,,,931066,军工龙头,CNY,CN10Y
2008-06-30,,0.045285,,,931066,军工龙头,CNY,CN10Y
2008-07-01,,0.045309,,,931066,军工龙头,CNY,CN10Y
2008-07-02,,0.04536,,,931066,军工龙头,CNY,CN10Y
2008-07-03,,0.045311,,,931066,军工龙头,CNY,CN10Y
2008-07-04,,0.045313,,,931066,军工龙头,CNY,CN10Y
2008-07-07,,0.045529,,,931066,军工龙头,CNY,CN10Y
2008-07-08,,0.045331,,,931066,军工龙头,CNY,CN10Y
2008-07-09,,0.0450589999999999,,,931066,军工龙头,CNY,CN10Y
2008-07-10,,0.044725,,,931066,军工龙头,CNY,CN10Y
2008-07-11,,0.044562,,,931066,军工龙头,CNY,CN10Y
2008-07-14,,0.044328,,,931066,军工龙头,CNY,CN10Y
2008-07-15,,0.044332,,,931066,军工龙头,CNY,CN10Y
2008-07-16,,0.0443379999999999,,,931066,军工龙头,CNY,CN10Y
2008-07-17,,0.04434,,,931066,军工龙头,CNY,CN10Y
2008-07-18,,0.044236,,,931066,军工龙头,CNY,CN10Y
2008-07-21,,0.0441899999999999,,,931066,军工龙头,CNY,CN10Y
2008-07-22,,0.044135,,,931066,军工龙头,CNY,CN10Y
2008-07-23,,0.0441359999999999,,,931066,军工龙头,CNY,CN10Y
2008-07-24,,0.044137,,,931066,军工龙头,CNY,CN10Y
2008-07-25,,0.044342,,,931066,军工龙头,CNY,CN10Y
2008-07-28,,0.044374,,,931066,军工龙头,CNY,CN10Y
2008-07-29,,0.0444,,,931066,军工龙头,CNY,CN10Y
2008-07-30,,0.044351,,,931066,军工龙头,CNY,CN10Y
2008-07-31,,0.044401,,,931066,军工龙头,CNY,CN10Y
2008-08-01,,0.0446009999999999,,,931066,军工龙头,CNY,CN10Y
2008-08-04,,0.044612,,,931066,军工龙头,CNY,CN10Y
2008-08-05,,0.044565,,,931066,军工龙头,CNY,CN10Y
2008-08-06,,0.044411,,,931066,军工龙头,CNY,CN10Y
2008-08-07,,0.0452379999999999,,,931066,军工龙头,CNY,CN10Y
2008-08-08,,0.044988,,,931066,军工龙头,CNY,CN10Y
2008-08-11,,0.045596,,,931066,军工龙头,CNY,CN10Y
2008-08-12,,0.045139,,,931066,军工龙头,CNY,CN10Y
2008-08-13,,0.045038,,,931066,军工龙头,CNY,CN10Y
2008-08-14,,0.044736,,,931066,军工龙头,CNY,CN10Y
2008-08-15,,0.044133,,,931066,军工龙头,CNY,CN10Y
2008-08-18,,0.044141,,,931066,军工龙头,CNY,CN10Y
2008-08-19,,0.044042,,,931066,军工龙头,CNY,CN10Y
2008-08-20,,0.043944,,,931066,军工龙头,CNY,CN10Y
2008-08-21,,0.043689,,,931066,军工龙头,CNY,CN10Y
2008-08-22,,0.043554,,,931066,军工龙头,CNY,CN10Y
2008-08-25,,0.043431,,,931066,军工龙头,CNY,CN10Y
2008-08-26,,0.043292,,,931066,军工龙头,CNY,CN10Y
2008-08-27,,0.0430959999999999,,,931066,军工龙头,CNY,CN10Y
2008-08-28,,0.042753,,,931066,军工龙头,CNY,CN10Y
2008-08-29,,0.042234,,,931066,军工龙头,CNY,CN10Y
2008-09-01,,0.041363,,,931066,军工龙头,CNY,CN10Y
2008-09-02,,0.041714,,,931066,军工龙头,CNY,CN10Y
2008-09-03,,0.0414109999999999,,,931066,军工龙头,CNY,CN10Y
2008-09-04,,0.041643,,,931066,军工龙头,CNY,CN10Y
2008-09-05,,0.041703,,,931066,军工龙头,CNY,CN10Y
2008-09-08,,0.041705,,,931066,军工龙头,CNY,CN10Y
2008-09-09,,0.041429,,,931066,军工龙头,CNY,CN10Y
2008-09-10,,0.0410149999999999,,,931066,军工龙头,CNY,CN10Y
2008-09-11,,0.040631,,,931066,军工龙头,CNY,CN10Y
2008-09-12,,0.039712,,,931066,军工龙头,CNY,CN10Y
2008-09-16,,0.038,,,931066,军工龙头,CNY,CN10Y
2008-09-17,,0.037119,,,931066,军工龙头,CNY,CN10Y
2008-09-18,,0.03712,,,931066,军工龙头,CNY,CN10Y
2008-09-19,,0.0369,,,931066,军工龙头,CNY,CN10Y
2008-09-22,,0.0375939999999999,,,931066,军工龙头,CNY,CN10Y
2008-09-23,,0.037612,,,931066,军工龙头,CNY,CN10Y
2008-09-24,,0.037601,,,931066,军工龙头,CNY,CN10Y
2008-09-25,,0.037276,,,931066,军工龙头,CNY,CN10Y
2008-09-26,,0.037282,,,931066,军工龙头,CNY,CN10Y
2008-09-27,,0.037143,,,931066,军工龙头,CNY,CN10Y
2008-09-28,,0.037155,,,931066,军工龙头,CNY,CN10Y
2008-10-06,,0.036809,,,931066,军工龙头,CNY,CN10Y
2008-10-07,,0.035309,,,931066,军工龙头,CNY,CN10Y
2008-10-08,,0.033499,,,931066,军工龙头,CNY,CN10Y
2008-10-09,,0.0315,,,931066,军工龙头,CNY,CN10Y
2008-10-10,,0.03051,,,931066,军工龙头,CNY,CN10Y
2008-10-13,,0.0312599999999999,,,931066,军工龙头,CNY,CN10Y
2008-10-14,,0.031593,,,931066,军工龙头,CNY,CN10Y
2008-10-15,,0.031062,,,931066,军工龙头,CNY,CN10Y
2008-10-16,,0.031267,,,931066,军工龙头,CNY,CN10Y
2008-10-17,,0.031768,,,931066,军工龙头,CNY,CN10Y
2008-10-20,,0.03182,,,931066,军工龙头,CNY,CN10Y
2008-10-21,,0.031826,,,931066,军工龙头,CNY,CN10Y
2008-10-22,,0.031922,,,931066,军工龙头,CNY,CN10Y
2008-10-23,,0.031978,,,931066,军工龙头,CNY,CN10Y
2008-10-24,,0.031931,,,931066,军工龙头,CNY,CN10Y
2008-10-27,,0.031522,,,931066,军工龙头,CNY,CN10Y
2008-10-28,,0.031042,,,931066,军工龙头,CNY,CN10Y
2008-10-29,,0.030694,,,931066,军工龙头,CNY,CN10Y
2008-10-30,,0.030703,,,931066,军工龙头,CNY,CN10Y
2008-10-31,,0.030751,,,931066,军工龙头,CNY,CN10Y
2008-11-03,,0.030549,,,931066,军工龙头,CNY,CN10Y
2008-11-04,,0.030569,,,931066,军工龙头,CNY,CN10Y
2008-11-05,,0.030676,,,931066,军工龙头,CNY,CN10Y
2008-11-06,,0.030424,,,931066,军工龙头,CNY,CN10Y
2008-11-07,,0.029767,,,931066,军工龙头,CNY,CN10Y
2008-11-10,,0.029005,,,931066,军工龙头,CNY,CN10Y
2008-11-11,,0.029221,,,931066,军工龙头,CNY,CN10Y
2008-11-12,,0.028969,,,931066,军工龙头,CNY,CN10Y
2008-11-13,,0.028639,,,931066,军工龙头,CNY,CN10Y
2008-11-14,,0.0294819999999999,,,931066,军工龙头,CNY,CN10Y
2008-11-17,,0.029984,,,931066,军工龙头,CNY,CN10Y
2008-11-18,,0.0299739999999999,,,931066,军工龙头,CNY,CN10Y
2008-11-19,,0.030885,,,931066,军工龙头,CNY,CN10Y
2008-11-20,,0.030531,,,931066,军工龙头,CNY,CN10Y
2008-11-21,,0.030049,,,931066,军工龙头,CNY,CN10Y
2008-11-24,,0.030638,,,931066,军工龙头,CNY,CN10Y
2008-11-25,,0.031728,,,931066,军工龙头,CNY,CN10Y
2008-11-26,,0.031034,,,931066,军工龙头,CNY,CN10Y
2008-11-27,,0.029064,,,931066,军工龙头,CNY,CN10Y
2008-11-28,,0.029905,,,931066,军工龙头,CNY,CN10Y
2008-12-01,,0.030378,,,931066,军工龙头,CNY,CN10Y
2008-12-02,,0.030306,,,931066,军工龙头,CNY,CN10Y
2008-12-03,,0.029467,,,931066,军工龙头,CNY,CN10Y
2008-12-04,,0.0293429999999999,,,931066,军工龙头,CNY,CN10Y
2008-12-05,,0.029061,,,931066,军工龙头,CNY,CN10Y
2008-12-08,,0.029053,,,931066,军工龙头,CNY,CN10Y
2008-12-09,,0.030072,,,931066,军工龙头,CNY,CN10Y
2008-12-10,,0.03013,,,931066,军工龙头,CNY,CN10Y
2008-12-11,,0.03004,,,931066,军工龙头,CNY,CN10Y
2008-12-12,,0.029237,,,931066,军工龙头,CNY,CN10Y
2008-12-15,,0.029186,,,931066,军工龙头,CNY,CN10Y
2008-12-16,,0.029243,,,931066,军工龙头,CNY,CN10Y
2008-12-17,,0.0281,,,931066,军工龙头,CNY,CN10Y
2008-12-18,,0.0270429999999999,,,931066,军工龙头,CNY,CN10Y
2008-12-19,,0.027384,,,931066,军工龙头,CNY,CN10Y
2008-12-22,,0.0273899999999999,,,931066,军工龙头,CNY,CN10Y
2008-12-23,,0.0268869999999999,,,931066,军工龙头,CNY,CN10Y
2008-12-24,,0.027045,,,931066,军工龙头,CNY,CN10Y
2008-12-25,,0.0270469999999999,,,931066,军工龙头,CNY,CN10Y
2008-12-26,,0.027301,,,931066,军工龙头,CNY,CN10Y
2008-12-29,,0.027559,,,931066,军工龙头,CNY,CN10Y
2008-12-30,,0.027566,,,931066,军工龙头,CNY,CN10Y
2008-12-31,,0.027521,,,931066,军工龙头,CNY,CN10Y
2009-01-04,,0.027102,,,931066,军工龙头,CNY,CN10Y
2009-01-05,,0.0273,,,931066,军工龙头,CNY,CN10Y
2009-01-06,,0.026909,,,931066,军工龙头,CNY,CN10Y
2009-01-07,,0.026711,,,931066,军工龙头,CNY,CN10Y
2009-01-08,,0.026716,,,931066,军工龙头,CNY,CN10Y
2009-01-09,,0.026722,,,931066,军工龙头,CNY,CN10Y
2009-01-12,,0.027,,,931066,军工龙头,CNY,CN10Y
2009-01-13,,0.0282569999999999,,,931066,军工龙头,CNY,CN10Y
2009-01-14,,0.028818,,,931066,军工龙头,CNY,CN10Y
2009-01-15,,0.029897,,,931066,军工龙头,CNY,CN10Y
2009-01-16,,0.02994,,,931066,军工龙头,CNY,CN10Y
2009-01-19,,0.030123,,,931066,军工龙头,CNY,CN10Y
2009-01-20,,0.0309949999999999,,,931066,军工龙头,CNY,CN10Y
2009-01-21,,0.031398,,,931066,军工龙头,CNY,CN10Y
2009-01-22,,0.030619,,,931066,军工龙头,CNY,CN10Y
2009-01-23,,0.030367,,,931066,军工龙头,CNY,CN10Y
2009-01-24,,0.030368,,,931066,军工龙头,CNY,CN10Y
2009-02-01,,0.0305019999999999,,,931066,军工龙头,CNY,CN10Y
2009-02-02,,0.031433,,,931066,军工龙头,CNY,CN10Y
2009-02-03,,0.031766,,,931066,军工龙头,CNY,CN10Y
2009-02-04,,0.032946,,,931066,军工龙头,CNY,CN10Y
2009-02-05,,0.034013,,,931066,军工龙头,CNY,CN10Y
2009-02-06,,0.0329669999999999,,,931066,军工龙头,CNY,CN10Y
2009-02-09,,0.03269,,,931066,军工龙头,CNY,CN10Y
2009-02-10,,0.033001,,,931066,军工龙头,CNY,CN10Y
2009-02-11,,0.032323,,,931066,军工龙头,CNY,CN10Y
2009-02-12,,0.031271,,,931066,军工龙头,CNY,CN10Y
2009-02-13,,0.031321,,,931066,军工龙头,CNY,CN10Y
2009-02-16,,0.031547,,,931066,军工龙头,CNY,CN10Y
2009-02-17,,0.031897,,,931066,军工龙头,CNY,CN10Y
2009-02-18,,0.031703,,,931066,军工龙头,CNY,CN10Y
2009-02-19,,0.031385,,,931066,军工龙头,CNY,CN10Y
2009-02-20,,0.031583,,,931066,军工龙头,CNY,CN10Y
2009-02-23,,0.031555,,,931066,军工龙头,CNY,CN10Y
2009-02-24,,0.031508,,,931066,军工龙头,CNY,CN10Y
2009-02-25,,0.031412,,,931066,军工龙头,CNY,CN10Y
2009-02-26,,0.0314469999999999,,,931066,军工龙头,CNY,CN10Y
2009-02-27,,0.031508,,,931066,军工龙头,CNY,CN10Y
2009-03-02,,0.031582,,,931066,军工龙头,CNY,CN10Y
2009-03-03,,0.031755,,,931066,军工龙头,CNY,CN10Y
2009-03-04,,0.032075,,,931066,军工龙头,CNY,CN10Y
2009-03-05,,0.03231,,,931066,军工龙头,CNY,CN10Y
2009-03-06,,0.032291,,,931066,军工龙头,CNY,CN10Y
2009-03-09,,0.0320359999999999,,,931066,军工龙头,CNY,CN10Y
2009-03-10,,0.03178,,,931066,军工龙头,CNY,CN10Y
2009-03-11,,0.031331,,,931066,军工龙头,CNY,CN10Y
2009-03-12,,0.031524,,,931066,军工龙头,CNY,CN10Y
2009-03-13,,0.03148,,,931066,军工龙头,CNY,CN10Y
2009-03-16,,0.031534,,,931066,军工龙头,CNY,CN10Y
2009-03-17,,0.031249,,,931066,军工龙头,CNY,CN10Y
2009-03-18,,0.031,,,931066,军工龙头,CNY,CN10Y
2009-03-19,,0.030768,,,931066,军工龙头,CNY,CN10Y
2009-03-20,,0.030772,,,931066,军工龙头,CNY,CN10Y
2009-03-23,,0.030831,,,931066,军工龙头,CNY,CN10Y
2009-03-24,,0.031295,,,931066,军工龙头,CNY,CN10Y
2009-03-25,,0.031297,,,931066,军工龙头,CNY,CN10Y
2009-03-26,,0.031606,,,931066,军工龙头,CNY,CN10Y
2009-03-27,,0.031594,,,931066,军工龙头,CNY,CN10Y
2009-03-30,,0.031608,,,931066,军工龙头,CNY,CN10Y
2009-03-31,,0.031612,,,931066,军工龙头,CNY,CN10Y
2009-04-01,,0.031618,,,931066,军工龙头,CNY,CN10Y
2009-04-02,,0.031714,,,931066,军工龙头,CNY,CN10Y
2009-04-03,,0.031805,,,931066,军工龙头,CNY,CN10Y
2009-04-07,,0.031805,,,931066,军工龙头,CNY,CN10Y
2009-04-08,,0.031869,,,931066,军工龙头,CNY,CN10Y
2009-04-09,,0.031949,,,931066,军工龙头,CNY,CN10Y
2009-04-10,,0.0319539999999999,,,931066,军工龙头,CNY,CN10Y
2009-04-13,,0.031953,,,931066,军工龙头,CNY,CN10Y
2009-04-14,,0.032044,,,931066,军工龙头,CNY,CN10Y
2009-04-15,,0.032114,,,931066,军工龙头,CNY,CN10Y
2009-04-16,,0.031841,,,931066,军工龙头,CNY,CN10Y
2009-04-17,,0.031634,,,931066,军工龙头,CNY,CN10Y
2009-04-20,,0.031412,,,931066,军工龙头,CNY,CN10Y
2009-04-21,,0.031616,,,931066,军工龙头,CNY,CN10Y
2009-04-22,,0.031609,,,931066,军工龙头,CNY,CN10Y
2009-04-23,,0.031618,,,931066,军工龙头,CNY,CN10Y
2009-04-24,,0.0315709999999999,,,931066,军工龙头,CNY,CN10Y
2009-04-27,,0.031579,,,931066,军工龙头,CNY,CN10Y
2009-04-28,,0.031532,,,931066,军工龙头,CNY,CN10Y
2009-04-29,,0.031286,,,931066,军工龙头,CNY,CN10Y
2009-04-30,,0.031072,,,931066,军工龙头,CNY,CN10Y
2009-05-04,,0.0310919999999999,,,931066,军工龙头,CNY,CN10Y
2009-05-05,,0.031036,,,931066,军工龙头,CNY,CN10Y
2009-05-06,,0.030795,,,931066,军工龙头,CNY,CN10Y
2009-05-07,,0.030739,,,931066,军工龙头,CNY,CN10Y
2009-05-08,,0.030701,,,931066,军工龙头,CNY,CN10Y
2009-05-11,,0.030698,,,931066,军工龙头,CNY,CN10Y
2009-05-12,,0.030662,,,931066,军工龙头,CNY,CN10Y
2009-05-13,,0.030365,,,931066,军工龙头,CNY,CN10Y
2009-05-14,,0.030318,,,931066,军工龙头,CNY,CN10Y
2009-05-15,,0.0303209999999999,,,931066,军工龙头,CNY,CN10Y
2009-05-18,,0.030277,,,931066,军工龙头,CNY,CN10Y
2009-05-19,,0.030384,,,931066,军工龙头,CNY,CN10Y
2009-05-20,,0.030386,,,931066,军工龙头,CNY,CN10Y
2009-05-21,,0.030388,,,931066,军工龙头,CNY,CN10Y
2009-05-22,,0.030434,,,931066,军工龙头,CNY,CN10Y
2009-05-25,,0.030441,,,931066,军工龙头,CNY,CN10Y
2009-05-26,,0.030546,,,931066,军工龙头,CNY,CN10Y
2009-05-27,,0.03039,,,931066,军工龙头,CNY,CN10Y
2009-05-31,,0.030409,,,931066,军工龙头,CNY,CN10Y
2009-06-01,,0.030615,,,931066,军工龙头,CNY,CN10Y
2009-06-02,,0.030515,,,931066,军工龙头,CNY,CN10Y
2009-06-03,,0.03065,,,931066,军工龙头,CNY,CN10Y
2009-06-04,,0.031349,,,931066,军工龙头,CNY,CN10Y
2009-06-05,,0.031474,,,931066,军工龙头,CNY,CN10Y
2009-06-08,,0.031543,,,931066,军工龙头,CNY,CN10Y
2009-06-09,,0.031481,,,931066,军工龙头,CNY,CN10Y
2009-06-10,,0.03166,,,931066,军工龙头,CNY,CN10Y
2009-06-11,,0.0317,,,931066,军工龙头,CNY,CN10Y
2009-06-12,,0.031868,,,931066,军工龙头,CNY,CN10Y
2009-06-15,,0.031947,,,931066,军工龙头,CNY,CN10Y
2009-06-16,,0.031476,,,931066,军工龙头,CNY,CN10Y
2009-06-17,,0.031332,,,931066,军工龙头,CNY,CN10Y
2009-06-18,,0.031536,,,931066,军工龙头,CNY,CN10Y
2009-06-19,,0.031543,,,931066,军工龙头,CNY,CN10Y
2009-06-22,,0.031876,,,931066,军工龙头,CNY,CN10Y
2009-06-23,,0.032325,,,931066,军工龙头,CNY,CN10Y
2009-06-24,,0.032397,,,931066,军工龙头,CNY,CN10Y
2009-06-25,,0.032525,,,931066,军工龙头,CNY,CN10Y
2009-06-26,,0.032628,,,931066,军工龙头,CNY,CN10Y
2009-06-29,,0.032456,,,931066,军工龙头,CNY,CN10Y
2009-06-30,,0.032403,,,931066,军工龙头,CNY,CN10Y
2009-07-01,,0.0323,,,931066,军工龙头,CNY,CN10Y
2009-07-02,,0.032277,,,931066,军工龙头,CNY,CN10Y
2009-07-03,,0.032534,,,931066,军工龙头,CNY,CN10Y
2009-07-06,,0.032702,,,931066,军工龙头,CNY,CN10Y
2009-07-07,,0.032706,,,931066,军工龙头,CNY,CN10Y
2009-07-08,,0.032709,,,931066,军工龙头,CNY,CN10Y
2009-07-09,,0.033068,,,931066,军工龙头,CNY,CN10Y
2009-07-10,,0.033056,,,931066,军工龙头,CNY,CN10Y
2009-07-13,,0.03306,,,931066,军工龙头,CNY,CN10Y
2009-07-14,,0.033322,,,931066,军工龙头,CNY,CN10Y
2009-07-15,,0.033816,,,931066,军工龙头,CNY,CN10Y
2009-07-16,,0.034421,,,931066,军工龙头,CNY,CN10Y
2009-07-17,,0.03451,,,931066,军工龙头,CNY,CN10Y
2009-07-20,,0.03478,,,931066,军工龙头,CNY,CN10Y
2009-07-21,,0.034697,,,931066,军工龙头,CNY,CN10Y
2009-07-22,,0.034522,,,931066,军工龙头,CNY,CN10Y
2009-07-23,,0.034511,,,931066,军工龙头,CNY,CN10Y
2009-07-24,,0.034588,,,931066,军工龙头,CNY,CN10Y
2009-07-27,,0.035091,,,931066,军工龙头,CNY,CN10Y
2009-07-28,,0.034866,,,931066,军工龙头,CNY,CN10Y
2009-07-29,,0.0350199999999999,,,931066,军工龙头,CNY,CN10Y
2009-07-30,,0.034905,,,931066,军工龙头,CNY,CN10Y
2009-07-31,,0.03503,,,931066,军工龙头,CNY,CN10Y
2009-08-03,,0.035034,,,931066,军工龙头,CNY,CN10Y
2009-08-04,,0.03515,,,931066,军工龙头,CNY,CN10Y
2009-08-05,,0.035165,,,931066,军工龙头,CNY,CN10Y
2009-08-06,,0.035167,,,931066,军工龙头,CNY,CN10Y
2009-08-07,,0.035168,,,931066,军工龙头,CNY,CN10Y
2009-08-10,,0.035177,,,931066,军工龙头,CNY,CN10Y
2009-08-11,,0.0351799999999999,,,931066,军工龙头,CNY,CN10Y
2009-08-12,,0.035209,,,931066,军工龙头,CNY,CN10Y
2009-08-13,,0.0351869999999999,,,931066,军工龙头,CNY,CN10Y
2009-08-14,,0.0351799999999999,,,931066,军工龙头,CNY,CN10Y
2009-08-17,,0.035231,,,931066,军工龙头,CNY,CN10Y
2009-08-18,,0.035242,,,931066,军工龙头,CNY,CN10Y
2009-08-19,,0.035255,,,931066,军工龙头,CNY,CN10Y
2009-08-20,,0.035162,,,931066,军工龙头,CNY,CN10Y
2009-08-21,,0.035276,,,931066,军工龙头,CNY,CN10Y
2009-08-24,,0.034886,,,931066,军工龙头,CNY,CN10Y
2009-08-25,,0.034966,,,931066,军工龙头,CNY,CN10Y
2009-08-26,,0.03485,,,931066,军工龙头,CNY,CN10Y
2009-08-27,,0.034847,,,931066,军工龙头,CNY,CN10Y
2009-08-28,,0.0348,,,931066,军工龙头,CNY,CN10Y
2009-08-31,,0.034805,,,931066,军工龙头,CNY,CN10Y
2009-09-01,,0.03481,,,931066,军工龙头,CNY,CN10Y
2009-09-02,,0.034982,,,931066,军工龙头,CNY,CN10Y
2009-09-03,,0.034862,,,931066,军工龙头,CNY,CN10Y
2009-09-04,,0.034698,,,931066,军工龙头,CNY,CN10Y
2009-09-07,,0.034317,,,931066,军工龙头,CNY,CN10Y
2009-09-08,,0.034268,,,931066,军工龙头,CNY,CN10Y
2009-09-09,,0.034323,,,931066,军工龙头,CNY,CN10Y
2009-09-10,,0.03451,,,931066,军工龙头,CNY,CN10Y
2009-09-11,,0.0346519999999999,,,931066,军工龙头,CNY,CN10Y
2009-09-14,,0.0346309999999999,,,931066,军工龙头,CNY,CN10Y
2009-09-15,,0.034581,,,931066,军工龙头,CNY,CN10Y
2009-09-16,,0.034535,,,931066,军工龙头,CNY,CN10Y
2009-09-17,,0.034636,,,931066,军工龙头,CNY,CN10Y
2009-09-18,,0.034741,,,931066,军工龙头,CNY,CN10Y
2009-09-21,,0.035132,,,931066,军工龙头,CNY,CN10Y
2009-09-22,,0.035212,,,931066,军工龙头,CNY,CN10Y
2009-09-23,,0.035126,,,931066,军工龙头,CNY,CN10Y
2009-09-24,,0.0350959999999999,,,931066,军工龙头,CNY,CN10Y
2009-09-25,,0.035101,,,931066,军工龙头,CNY,CN10Y
2009-09-27,,0.035103,,,931066,军工龙头,CNY,CN10Y
2009-09-28,,0.034917,,,931066,军工龙头,CNY,CN10Y
2009-09-29,,0.035,,,931066,军工龙头,CNY,CN10Y
2009-09-30,,0.035132,,,931066,军工龙头,CNY,CN10Y
2009-10-09,,0.035542,,,931066,军工龙头,CNY,CN10Y
2009-10-10,,0.035541,,,931066,军工龙头,CNY,CN10Y
2009-10-12,,0.036043,,,931066,军工龙头,CNY,CN10Y
2009-10-13,,0.036305,,,931066,军工龙头,CNY,CN10Y
2009-10-14,,0.036787,,,931066,军工龙头,CNY,CN10Y
2009-10-15,,0.037,,,931066,军工龙头,CNY,CN10Y
2009-10-16,,0.037058,,,931066,军工龙头,CNY,CN10Y
2009-10-19,,0.036789,,,931066,军工龙头,CNY,CN10Y
2009-10-20,,0.036773,,,931066,军工龙头,CNY,CN10Y
2009-10-21,,0.036933,,,931066,军工龙头,CNY,CN10Y
2009-10-22,,0.036587,,,931066,军工龙头,CNY,CN10Y
2009-10-23,,0.03692,,,931066,军工龙头,CNY,CN10Y
2009-10-26,,0.036925,,,931066,军工龙头,CNY,CN10Y
2009-10-27,,0.036905,,,931066,军工龙头,CNY,CN10Y
2009-10-28,,0.036855,,,931066,军工龙头,CNY,CN10Y
2009-10-29,,0.036818,,,931066,军工龙头,CNY,CN10Y
2009-10-30,,0.036886,,,931066,军工龙头,CNY,CN10Y
2009-11-02,,0.03692,,,931066,军工龙头,CNY,CN10Y
2009-11-03,,0.036944,,,931066,军工龙头,CNY,CN10Y
2009-11-04,,0.037038,,,931066,军工龙头,CNY,CN10Y
2009-11-05,,0.037247,,,931066,军工龙头,CNY,CN10Y
2009-11-06,,0.037303,,,931066,军工龙头,CNY,CN10Y
2009-11-09,,0.037313,,,931066,军工龙头,CNY,CN10Y
2009-11-10,,0.037281,,,931066,军工龙头,CNY,CN10Y
2009-11-11,,0.036988,,,931066,军工龙头,CNY,CN10Y
2009-11-12,,0.036918,,,931066,军工龙头,CNY,CN10Y
2009-11-13,,0.036921,,,931066,军工龙头,CNY,CN10Y
2009-11-16,,0.036927,,,931066,军工龙头,CNY,CN10Y
2009-11-17,,0.036956,,,931066,军工龙头,CNY,CN10Y
2009-11-18,,0.036885,,,931066,军工龙头,CNY,CN10Y
2009-11-19,,0.0368659999999999,,,931066,军工龙头,CNY,CN10Y
2009-11-20,,0.036648,,,931066,军工龙头,CNY,CN10Y
2009-11-23,,0.036703,,,931066,军工龙头,CNY,CN10Y
2009-11-24,,0.036504,,,931066,军工龙头,CNY,CN10Y
2009-11-25,,0.03651,,,931066,军工龙头,CNY,CN10Y
2009-11-26,,0.036459,,,931066,军工龙头,CNY,CN10Y
2009-11-27,,0.035759,,,931066,军工龙头,CNY,CN10Y
2009-11-30,,0.035569,,,931066,军工龙头,CNY,CN10Y
2009-12-01,,0.035723,,,931066,军工龙头,CNY,CN10Y
2009-12-02,,0.035725,,,931066,军工龙头,CNY,CN10Y
2009-12-03,,0.035929,,,931066,军工龙头,CNY,CN10Y
2009-12-04,,0.035983,,,931066,军工龙头,CNY,CN10Y
2009-12-07,,0.0362,,,931066,军工龙头,CNY,CN10Y
2009-12-08,,0.036292,,,931066,军工龙头,CNY,CN10Y
2009-12-09,,0.036251,,,931066,军工龙头,CNY,CN10Y
2009-12-10,,0.036258,,,931066,军工龙头,CNY,CN10Y
2009-12-11,,0.036257,,,931066,军工龙头,CNY,CN10Y
2009-12-14,,0.036348,,,931066,军工龙头,CNY,CN10Y
2009-12-15,,0.036314,,,931066,军工龙头,CNY,CN10Y
2009-12-16,,0.036339,,,931066,军工龙头,CNY,CN10Y
2009-12-17,,0.036365,,,931066,军工龙头,CNY,CN10Y
2009-12-18,,0.036393,,,931066,军工龙头,CNY,CN10Y
2009-12-21,,0.036508,,,931066,军工龙头,CNY,CN10Y
2009-12-22,,0.036507,,,931066,军工龙头,CNY,CN10Y
2009-12-23,,0.036589,,,931066,军工龙头,CNY,CN10Y
2009-12-24,,0.036565,,,931066,军工龙头,CNY,CN10Y
2009-12-25,,0.036543,,,931066,军工龙头,CNY,CN10Y
2009-12-28,,0.0365,,,931066,军工龙头,CNY,CN10Y
2009-12-29,,0.036426,,,931066,军工龙头,CNY,CN10Y
2009-12-30,,0.036429,,,931066,军工龙头,CNY,CN10Y
2009-12-31,,0.0364219999999999,,,931066,军工龙头,CNY,CN10Y
2010-01-04,,0.036603,,,931066,军工龙头,CNY,CN10Y
2010-01-05,,0.036606,,,931066,军工龙头,CNY,CN10Y
2010-01-06,,0.036425,,,931066,军工龙头,CNY,CN10Y
2010-01-07,,0.036543,,,931066,军工龙头,CNY,CN10Y
2010-01-08,,0.036614,,,931066,军工龙头,CNY,CN10Y
2010-01-11,,0.036696,,,931066,军工龙头,CNY,CN10Y
2010-01-12,,0.036694,,,931066,军工龙头,CNY,CN10Y
2010-01-13,,0.0370529999999999,,,931066,军工龙头,CNY,CN10Y
2010-01-14,,0.036868,,,931066,军工龙头,CNY,CN10Y
2010-01-15,,0.036871,,,931066,军工龙头,CNY,CN10Y
2010-01-18,,0.036852,,,931066,军工龙头,CNY,CN10Y
2010-01-19,,0.036559,,,931066,军工龙头,CNY,CN10Y
2010-01-20,,0.0364,,,931066,军工龙头,CNY,CN10Y
2010-01-21,,0.036558,,,931066,军工龙头,CNY,CN10Y
2010-01-22,,0.0363,,,931066,军工龙头,CNY,CN10Y
2010-01-25,,0.036,,,931066,军工龙头,CNY,CN10Y
2010-01-26,,0.035838,,,931066,军工龙头,CNY,CN10Y
2010-01-27,,0.035648,,,931066,军工龙头,CNY,CN10Y
2010-01-28,,0.035879,,,931066,军工龙头,CNY,CN10Y
2010-01-29,,0.0358,,,931066,军工龙头,CNY,CN10Y
2010-02-01,,0.035406,,,931066,军工龙头,CNY,CN10Y
2010-02-02,,0.034956,,,931066,军工龙头,CNY,CN10Y
2010-02-03,,0.034648,,,931066,军工龙头,CNY,CN10Y
2010-02-04,,0.035006,,,931066,军工龙头,CNY,CN10Y
2010-02-05,,0.034733,,,931066,军工龙头,CNY,CN10Y
2010-02-08,,0.034706,,,931066,军工龙头,CNY,CN10Y
2010-02-09,,0.0347429999999999,,,931066,军工龙头,CNY,CN10Y
2010-02-10,,0.034615,,,931066,军工龙头,CNY,CN10Y
2010-02-11,,0.034516,,,931066,军工龙头,CNY,CN10Y
2010-02-12,,0.03457,,,931066,军工龙头,CNY,CN10Y
2010-02-20,,0.034889,,,931066,军工龙头,CNY,CN10Y
2010-02-21,,0.034841,,,931066,军工龙头,CNY,CN10Y
2010-02-22,,0.035149,,,931066,军工龙头,CNY,CN10Y
2010-02-23,,0.0351,,,931066,军工龙头,CNY,CN10Y
2010-02-24,,0.0346459999999999,,,931066,军工龙头,CNY,CN10Y
2010-02-25,,0.034448,,,931066,军工龙头,CNY,CN10Y
2010-02-26,,0.033753,,,931066,军工龙头,CNY,CN10Y
2010-03-01,,0.033613,,,931066,军工龙头,CNY,CN10Y
2010-03-02,,0.033414,,,931066,军工龙头,CNY,CN10Y
2010-03-03,,0.033169,,,931066,军工龙头,CNY,CN10Y
2010-03-04,,0.033518,,,931066,军工龙头,CNY,CN10Y
2010-03-05,,0.033537,,,931066,军工龙头,CNY,CN10Y
2010-03-08,,0.033602,,,931066,军工龙头,CNY,CN10Y
2010-03-09,,0.033817,,,931066,军工龙头,CNY,CN10Y
2010-03-10,,0.03403,,,931066,军工龙头,CNY,CN10Y
2010-03-11,,0.034559,,,931066,军工龙头,CNY,CN10Y
2010-03-12,,0.034526,,,931066,军工龙头,CNY,CN10Y
2010-03-15,,0.034484,,,931066,军工龙头,CNY,CN10Y
2010-03-16,,0.034331,,,931066,军工龙头,CNY,CN10Y
2010-03-17,,0.033829,,,931066,军工龙头,CNY,CN10Y
2010-03-18,,0.033639,,,931066,军工龙头,CNY,CN10Y
2010-03-19,,0.033805,,,931066,军工龙头,CNY,CN10Y
2010-03-22,,0.034216,,,931066,军工龙头,CNY,CN10Y
2010-03-23,,0.034062,,,931066,军工龙头,CNY,CN10Y
2010-03-24,,0.033961,,,931066,军工龙头,CNY,CN10Y
2010-03-25,,0.034168,,,931066,军工龙头,CNY,CN10Y
2010-03-26,,0.034582,,,931066,军工龙头,CNY,CN10Y
2010-03-29,,0.034784,,,931066,军工龙头,CNY,CN10Y
2010-03-30,,0.034959,,,931066,军工龙头,CNY,CN10Y
2010-03-31,,0.0348179999999999,,,931066,军工龙头,CNY,CN10Y
2010-04-01,,0.034742,,,931066,军工龙头,CNY,CN10Y
2010-04-02,,0.0348,,,931066,军工龙头,CNY,CN10Y
2010-04-06,,0.035021,,,931066,军工龙头,CNY,CN10Y
2010-04-07,,0.035182,,,931066,军工龙头,CNY,CN10Y
2010-04-08,,0.035549,,,931066,军工龙头,CNY,CN10Y
2010-04-09,,0.035468,,,931066,军工龙头,CNY,CN10Y
2010-04-12,,0.035343,,,931066,军工龙头,CNY,CN10Y
2010-04-13,,0.035031,,,931066,军工龙头,CNY,CN10Y
2010-04-14,,0.035043,,,931066,军工龙头,CNY,CN10Y
2010-04-15,,0.035071,,,931066,军工龙头,CNY,CN10Y
2010-04-16,,0.034813,,,931066,军工龙头,CNY,CN10Y
2010-04-19,,0.034116,,,931066,军工龙头,CNY,CN10Y
2010-04-20,,0.034086,,,931066,军工龙头,CNY,CN10Y
2010-04-21,,0.034354,,,931066,军工龙头,CNY,CN10Y
2010-04-22,,0.034093,,,931066,军工龙头,CNY,CN10Y
2010-04-23,,0.034106,,,931066,军工龙头,CNY,CN10Y
2010-04-26,,0.033715,,,931066,军工龙头,CNY,CN10Y
2010-04-27,,0.033768,,,931066,军工龙头,CNY,CN10Y
2010-04-28,,0.033456,,,931066,军工龙头,CNY,CN10Y
2010-04-29,,0.033607,,,931066,军工龙头,CNY,CN10Y
2010-04-30,,0.033565,,,931066,军工龙头,CNY,CN10Y
2010-05-04,,0.033826,,,931066,军工龙头,CNY,CN10Y
2010-05-05,,0.033636,,,931066,军工龙头,CNY,CN10Y
2010-05-06,,0.033485,,,931066,军工龙头,CNY,CN10Y
2010-05-07,,0.032721,,,931066,军工龙头,CNY,CN10Y
2010-05-10,,0.033027,,,931066,军工龙头,CNY,CN10Y
2010-05-11,,0.032983,,,931066,军工龙头,CNY,CN10Y
2010-05-12,,0.032781,,,931066,军工龙头,CNY,CN10Y
2010-05-13,,0.032686,,,931066,军工龙头,CNY,CN10Y
2010-05-14,,0.032687,,,931066,军工龙头,CNY,CN10Y
2010-05-17,,0.032257,,,931066,军工龙头,CNY,CN10Y
2010-05-18,,0.032118,,,931066,军工龙头,CNY,CN10Y
2010-05-19,,0.031865,,,931066,军工龙头,CNY,CN10Y
2010-05-20,,0.032078,,,931066,军工龙头,CNY,CN10Y
2010-05-21,,0.031972,,,931066,军工龙头,CNY,CN10Y
2010-05-24,,0.032277,,,931066,军工龙头,CNY,CN10Y
2010-05-25,,0.0320299999999999,,,931066,军工龙头,CNY,CN10Y
2010-05-26,,0.0322719999999999,,,931066,军工龙头,CNY,CN10Y
2010-05-27,,0.032416,,,931066,军工龙头,CNY,CN10Y
2010-05-28,,0.032529,,,931066,军工龙头,CNY,CN10Y
2010-05-31,,0.03243,,,931066,军工龙头,CNY,CN10Y
2010-06-01,,0.032726,,,931066,军工龙头,CNY,CN10Y
2010-06-02,,0.032748,,,931066,军工龙头,CNY,CN10Y
2010-06-03,,0.032478,,,931066,军工龙头,CNY,CN10Y
2010-06-04,,0.032512,,,931066,军工龙头,CNY,CN10Y
2010-06-07,,0.03226,,,931066,军工龙头,CNY,CN10Y
2010-06-08,,0.0324319999999999,,,931066,军工龙头,CNY,CN10Y
2010-06-09,,0.032845,,,931066,军工龙头,CNY,CN10Y
2010-06-10,,0.032891,,,931066,军工龙头,CNY,CN10Y
2010-06-11,,0.0333199999999999,,,931066,军工龙头,CNY,CN10Y
2010-06-12,,0.033282,,,931066,军工龙头,CNY,CN10Y
2010-06-13,,0.033282,,,931066,军工龙头,CNY,CN10Y
2010-06-17,,0.033296,,,931066,军工龙头,CNY,CN10Y
2010-06-18,,0.033836,,,931066,军工龙头,CNY,CN10Y
2010-06-21,,0.033925,,,931066,军工龙头,CNY,CN10Y
2010-06-22,,0.033807,,,931066,军工龙头,CNY,CN10Y
2010-06-23,,0.034129,,,931066,军工龙头,CNY,CN10Y
2010-06-24,,0.034179,,,931066,军工龙头,CNY,CN10Y
2010-06-25,,0.033822,,,931066,军工龙头,CNY,CN10Y
2010-06-28,,0.033435,,,931066,军工龙头,CNY,CN10Y
2010-06-29,,0.032909,,,931066,军工龙头,CNY,CN10Y
2010-06-30,,0.03279,,,931066,军工龙头,CNY,CN10Y
2010-07-01,,0.032848,,,931066,军工龙头,CNY,CN10Y
2010-07-02,,0.032665,,,931066,军工龙头,CNY,CN10Y
2010-07-05,,0.032517,,,931066,军工龙头,CNY,CN10Y
2010-07-06,,0.032168,,,931066,军工龙头,CNY,CN10Y
2010-07-07,,0.032233,,,931066,军工龙头,CNY,CN10Y
2010-07-08,,0.032382,,,931066,军工龙头,CNY,CN10Y
2010-07-09,,0.032347,,,931066,军工龙头,CNY,CN10Y
2010-07-12,,0.032146,,,931066,军工龙头,CNY,CN10Y
2010-07-13,,0.031767,,,931066,军工龙头,CNY,CN10Y
2010-07-14,,0.031744,,,931066,军工龙头,CNY,CN10Y
2010-07-15,,0.031817,,,931066,军工龙头,CNY,CN10Y
2010-07-16,,0.031976,,,931066,军工龙头,CNY,CN10Y
2010-07-19,,0.031901,,,931066,军工龙头,CNY,CN10Y
2010-07-20,,0.032086,,,931066,军工龙头,CNY,CN10Y
2010-07-21,,0.032144,,,931066,军工龙头,CNY,CN10Y
2010-07-22,,0.032161,,,931066,军工龙头,CNY,CN10Y
2010-07-23,,0.032528,,,931066,军工龙头,CNY,CN10Y
2010-07-26,,0.032813,,,931066,军工龙头,CNY,CN10Y
2010-07-27,,0.032816,,,931066,军工龙头,CNY,CN10Y
2010-07-28,,0.032982,,,931066,军工龙头,CNY,CN10Y
2010-07-29,,0.032993,,,931066,军工龙头,CNY,CN10Y
2010-07-30,,0.032996,,,931066,军工龙头,CNY,CN10Y
2010-08-02,,0.033131,,,931066,军工龙头,CNY,CN10Y
2010-08-03,,0.033105,,,931066,军工龙头,CNY,CN10Y
2010-08-04,,0.032971,,,931066,军工龙头,CNY,CN10Y
2010-08-05,,0.0329669999999999,,,931066,军工龙头,CNY,CN10Y
2010-08-06,,0.032922,,,931066,军工龙头,CNY,CN10Y
2010-08-09,,0.032975,,,931066,军工龙头,CNY,CN10Y
2010-08-10,,0.032972,,,931066,军工龙头,CNY,CN10Y
2010-08-11,,0.032685,,,931066,军工龙头,CNY,CN10Y
2010-08-12,,0.03223,,,931066,军工龙头,CNY,CN10Y
2010-08-13,,0.032374,,,931066,军工龙头,CNY,CN10Y
2010-08-16,,0.032504,,,931066,军工龙头,CNY,CN10Y
2010-08-17,,0.032461,,,931066,军工龙头,CNY,CN10Y
2010-08-18,,0.03245,,,931066,军工龙头,CNY,CN10Y
2010-08-19,,0.032501,,,931066,军工龙头,CNY,CN10Y
2010-08-20,,0.032389,,,931066,军工龙头,CNY,CN10Y
2010-08-23,,0.032346,,,931066,军工龙头,CNY,CN10Y
2010-08-24,,0.032229,,,931066,军工龙头,CNY,CN10Y
2010-08-25,,0.0321539999999999,,,931066,军工龙头,CNY,CN10Y
2010-08-26,,0.032322,,,931066,军工龙头,CNY,CN10Y
2010-08-27,,0.032379,,,931066,军工龙头,CNY,CN10Y
2010-08-30,,0.032304,,,931066,军工龙头,CNY,CN10Y
2010-08-31,,0.032301,,,931066,军工龙头,CNY,CN10Y
2010-09-01,,0.032358,,,931066,军工龙头,CNY,CN10Y
2010-09-02,,0.032418,,,931066,军工龙头,CNY,CN10Y
2010-09-03,,0.032406,,,931066,军工龙头,CNY,CN10Y
2010-09-06,,0.03258,,,931066,军工龙头,CNY,CN10Y
2010-09-07,,0.032739,,,931066,军工龙头,CNY,CN10Y
2010-09-08,,0.032632,,,931066,军工龙头,CNY,CN10Y
2010-09-09,,0.032681,,,931066,军工龙头,CNY,CN10Y
2010-09-10,,0.032989,,,931066,军工龙头,CNY,CN10Y
2010-09-13,,0.033251,,,931066,军工龙头,CNY,CN10Y
2010-09-14,,0.033205,,,931066,军工龙头,CNY,CN10Y
2010-09-15,,0.033443,,,931066,军工龙头,CNY,CN10Y
2010-09-16,,0.033401,,,931066,军工龙头,CNY,CN10Y
2010-09-17,,0.033504,,,931066,军工龙头,CNY,CN10Y
2010-09-19,,0.0335,,,931066,军工龙头,CNY,CN10Y
2010-09-20,,0.033388,,,931066,军工龙头,CNY,CN10Y
2010-09-21,,0.033391,,,931066,军工龙头,CNY,CN10Y
2010-09-25,,0.033387,,,931066,军工龙头,CNY,CN10Y
2010-09-26,,0.033428,,,931066,军工龙头,CNY,CN10Y
2010-09-27,,0.033378,,,931066,军工龙头,CNY,CN10Y
2010-09-28,,0.033371,,,931066,军工龙头,CNY,CN10Y
2010-09-29,,0.03331,,,931066,军工龙头,CNY,CN10Y
2010-09-30,,0.033183,,,931066,军工龙头,CNY,CN10Y
2010-10-08,,0.033342,,,931066,军工龙头,CNY,CN10Y
2010-10-09,,0.033584,,,931066,军工龙头,CNY,CN10Y
2010-10-11,,0.03404,,,931066,军工龙头,CNY,CN10Y
2010-10-12,,0.034179,,,931066,军工龙头,CNY,CN10Y
2010-10-13,,0.0342709999999999,,,931066,军工龙头,CNY,CN10Y
2010-10-14,,0.034275,,,931066,军工龙头,CNY,CN10Y
2010-10-15,,0.034247,,,931066,军工龙头,CNY,CN10Y
2010-10-18,,0.034182,,,931066,军工龙头,CNY,CN10Y
2010-10-19,,0.034205,,,931066,军工龙头,CNY,CN10Y
2010-10-20,,0.036201,,,931066,军工龙头,CNY,CN10Y
2010-10-21,,0.03637,,,931066,军工龙头,CNY,CN10Y
2010-10-22,,0.036358,,,931066,军工龙头,CNY,CN10Y
2010-10-25,,0.0364069999999999,,,931066,军工龙头,CNY,CN10Y
2010-10-26,,0.036944,,,931066,军工龙头,CNY,CN10Y
2010-10-27,,0.036975,,,931066,军工龙头,CNY,CN10Y
2010-10-28,,0.036863,,,931066,军工龙头,CNY,CN10Y
2010-10-29,,0.036821,,,931066,军工龙头,CNY,CN10Y
2010-11-01,,0.036941,,,931066,军工龙头,CNY,CN10Y
2010-11-02,,0.0374969999999999,,,931066,军工龙头,CNY,CN10Y
2010-11-03,,0.038113,,,931066,军工龙头,CNY,CN10Y
2010-11-04,,0.0384339999999999,,,931066,军工龙头,CNY,CN10Y
2010-11-05,,0.038458,,,931066,军工龙头,CNY,CN10Y
2010-11-08,,0.038392,,,931066,军工龙头,CNY,CN10Y
2010-11-09,,0.038445,,,931066,军工龙头,CNY,CN10Y
2010-11-10,,0.0392039999999999,,,931066,军工龙头,CNY,CN10Y
2010-11-11,,0.0395299999999999,,,931066,军工龙头,CNY,CN10Y
2010-11-12,,0.039534,,,931066,军工龙头,CNY,CN10Y
2010-11-15,,0.03945,,,931066,军工龙头,CNY,CN10Y
2010-11-16,,0.0390649999999999,,,931066,军工龙头,CNY,CN10Y
2010-11-17,,0.0385999999999999,,,931066,军工龙头,CNY,CN10Y
2010-11-18,,0.038336,,,931066,军工龙头,CNY,CN10Y
2010-11-19,,0.0387,,,931066,军工龙头,CNY,CN10Y
2010-11-22,,0.039161,,,931066,军工龙头,CNY,CN10Y
2010-11-23,,0.039317,,,931066,军工龙头,CNY,CN10Y
2010-11-24,,0.039533,,,931066,军工龙头,CNY,CN10Y
2010-11-25,,0.039674,,,931066,军工龙头,CNY,CN10Y
2010-11-26,,0.040123,,,931066,军工龙头,CNY,CN10Y
2010-11-29,,0.0399589999999999,,,931066,军工龙头,CNY,CN10Y
2010-11-30,,0.03971,,,931066,军工龙头,CNY,CN10Y
2010-12-01,,0.038919,,,931066,军工龙头,CNY,CN10Y
2010-12-02,,0.038609,,,931066,军工龙头,CNY,CN10Y
2010-12-03,,0.038699,,,931066,军工龙头,CNY,CN10Y
2010-12-06,,0.038696,,,931066,军工龙头,CNY,CN10Y
2010-12-07,,0.038435,,,931066,军工龙头,CNY,CN10Y
2010-12-08,,0.038609,,,931066,军工龙头,CNY,CN10Y
2010-12-09,,0.039024,,,931066,军工龙头,CNY,CN10Y
2010-12-10,,0.038888,,,931066,军工龙头,CNY,CN10Y
2010-12-13,,0.038509,,,931066,军工龙头,CNY,CN10Y
2010-12-14,,0.038521,,,931066,军工龙头,CNY,CN10Y
2010-12-15,,0.0381499999999999,,,931066,军工龙头,CNY,CN10Y
2010-12-16,,0.0380439999999999,,,931066,军工龙头,CNY,CN10Y
2010-12-17,,0.038058,,,931066,军工龙头,CNY,CN10Y
2010-12-20,,0.03785,,,931066,军工龙头,CNY,CN10Y
2010-12-21,,0.037956,,,931066,军工龙头,CNY,CN10Y
2010-12-22,,0.0380039999999999,,,931066,军工龙头,CNY,CN10Y
2010-12-23,,0.038108,,,931066,军工龙头,CNY,CN10Y
2010-12-24,,0.038136,,,931066,军工龙头,CNY,CN10Y
2010-12-27,,0.038913,,,931066,军工龙头,CNY,CN10Y
2010-12-28,,0.039118,,,931066,军工龙头,CNY,CN10Y
2010-12-29,,0.039019,,,931066,军工龙头,CNY,CN10Y
2010-12-30,,0.0388,,,931066,军工龙头,CNY,CN10Y
2010-12-31,,0.038799,,,931066,军工龙头,CNY,CN10Y
2011-01-04,,0.038606,,,931066,军工龙头,CNY,CN10Y
2011-01-05,,0.038132,,,931066,军工龙头,CNY,CN10Y
2011-01-06,,0.038339,,,931066,军工龙头,CNY,CN10Y
2011-01-07,,0.038237,,,931066,军工龙头,CNY,CN10Y
2011-01-10,,0.038449,,,931066,军工龙头,CNY,CN10Y
2011-01-11,,0.038703,,,931066,军工龙头,CNY,CN10Y
2011-01-12,,0.03855,,,931066,军工龙头,CNY,CN10Y
2011-01-13,,0.038831,,,931066,军工龙头,CNY,CN10Y
2011-01-14,,0.0391559999999999,,,931066,军工龙头,CNY,CN10Y
2011-01-17,,0.039651,,,931066,军工龙头,CNY,CN10Y
2011-01-18,,0.039954,,,931066,军工龙头,CNY,CN10Y
2011-01-19,,0.039752,,,931066,军工龙头,CNY,CN10Y
2011-01-20,,0.039749,,,931066,军工龙头,CNY,CN10Y
2011-01-21,,0.039837,,,931066,军工龙头,CNY,CN10Y
2011-01-24,,0.039918,,,931066,军工龙头,CNY,CN10Y
2011-01-25,,0.040152,,,931066,军工龙头,CNY,CN10Y
2011-01-26,,0.039991,,,931066,军工龙头,CNY,CN10Y
2011-01-27,,0.0400579999999999,,,931066,军工龙头,CNY,CN10Y
2011-01-28,,0.040096,,,931066,军工龙头,CNY,CN10Y
2011-01-30,,0.0401,,,931066,军工龙头,CNY,CN10Y
2011-01-31,,0.040187,,,931066,军工龙头,CNY,CN10Y
2011-02-01,,0.040186,,,931066,军工龙头,CNY,CN10Y
2011-02-09,,0.041006,,,931066,军工龙头,CNY,CN10Y
2011-02-10,,0.041158,,,931066,军工龙头,CNY,CN10Y
2011-02-11,,0.041062,,,931066,军工龙头,CNY,CN10Y
2011-02-12,,0.041087,,,931066,军工龙头,CNY,CN10Y
2011-02-14,,0.040552,,,931066,军工龙头,CNY,CN10Y
2011-02-15,,0.040454,,,931066,军工龙头,CNY,CN10Y
2011-02-16,,0.04045,,,931066,军工龙头,CNY,CN10Y
2011-02-17,,0.040449,,,931066,军工龙头,CNY,CN10Y
2011-02-18,,0.04045,,,931066,军工龙头,CNY,CN10Y
2011-02-21,,0.0407019999999999,,,931066,军工龙头,CNY,CN10Y
2011-02-22,,0.0404,,,931066,军工龙头,CNY,CN10Y
2011-02-23,,0.039946,,,931066,军工龙头,CNY,CN10Y
2011-02-24,,0.039132,,,931066,军工龙头,CNY,CN10Y
2011-02-25,,0.039566,,,931066,军工龙头,CNY,CN10Y
2011-02-28,,0.039314,,,931066,军工龙头,CNY,CN10Y
2011-03-01,,0.039259,,,931066,军工龙头,CNY,CN10Y
2011-03-02,,0.039233,,,931066,军工龙头,CNY,CN10Y
2011-03-03,,0.039279,,,931066,军工龙头,CNY,CN10Y
2011-03-04,,0.039388,,,931066,军工龙头,CNY,CN10Y
2011-03-07,,0.039351,,,931066,军工龙头,CNY,CN10Y
2011-03-08,,0.039078,,,931066,军工龙头,CNY,CN10Y
2011-03-09,,0.038879,,,931066,军工龙头,CNY,CN10Y
2011-03-10,,0.039321,,,931066,军工龙头,CNY,CN10Y
2011-03-11,,0.039328,,,931066,军工龙头,CNY,CN10Y
2011-03-14,,0.039074,,,931066,军工龙头,CNY,CN10Y
2011-03-15,,0.038659,,,931066,军工龙头,CNY,CN10Y
2011-03-16,,0.0385999999999999,,,931066,军工龙头,CNY,CN10Y
2011-03-17,,0.038326,,,931066,军工龙头,CNY,CN10Y
2011-03-18,,0.038489,,,931066,军工龙头,CNY,CN10Y
2011-03-21,,0.038774,,,931066,军工龙头,CNY,CN10Y
2011-03-22,,0.038987,,,931066,军工龙头,CNY,CN10Y
2011-03-23,,0.039037,,,931066,军工龙头,CNY,CN10Y
2011-03-24,,0.038762,,,931066,军工龙头,CNY,CN10Y
2011-03-25,,0.038714,,,931066,军工龙头,CNY,CN10Y
2011-03-28,,0.038807,,,931066,军工龙头,CNY,CN10Y
2011-03-29,,0.0390439999999999,,,931066,军工龙头,CNY,CN10Y
2011-03-30,,0.039069,,,931066,军工龙头,CNY,CN10Y
2011-03-31,,0.03912,,,931066,军工龙头,CNY,CN10Y
2011-04-01,,0.039126,,,931066,军工龙头,CNY,CN10Y
2011-04-02,,0.039078,,,931066,军工龙头,CNY,CN10Y
2011-04-06,,0.039203,,,931066,军工龙头,CNY,CN10Y
2011-04-07,,0.039167,,,931066,军工龙头,CNY,CN10Y
2011-04-08,,0.039081,,,931066,军工龙头,CNY,CN10Y
2011-04-11,,0.038928,,,931066,军工龙头,CNY,CN10Y
2011-04-12,,0.0387,,,931066,军工龙头,CNY,CN10Y
2011-04-13,,0.038703,,,931066,军工龙头,CNY,CN10Y
2011-04-14,,0.038707,,,931066,军工龙头,CNY,CN10Y
2011-04-15,,0.038709,,,931066,军工龙头,CNY,CN10Y
2011-04-18,,0.03896,,,931066,军工龙头,CNY,CN10Y
2011-04-19,,0.038911,,,931066,军工龙头,CNY,CN10Y
2011-04-20,,0.038913,,,931066,军工龙头,CNY,CN10Y
2011-04-21,,0.038912,,,931066,军工龙头,CNY,CN10Y
2011-04-22,,0.038966,,,931066,军工龙头,CNY,CN10Y
2011-04-25,,0.038961,,,931066,军工龙头,CNY,CN10Y
2011-04-26,,0.03896,,,931066,军工龙头,CNY,CN10Y
2011-04-27,,0.038812,,,931066,军工龙头,CNY,CN10Y
2011-04-28,,0.0387,,,931066,军工龙头,CNY,CN10Y
2011-04-29,,0.038713,,,931066,军工龙头,CNY,CN10Y
2011-05-03,,0.038752,,,931066,军工龙头,CNY,CN10Y
2011-05-04,,0.038772,,,931066,军工龙头,CNY,CN10Y
2011-05-05,,0.038715,,,931066,军工龙头,CNY,CN10Y
2011-05-06,,0.038308,,,931066,军工龙头,CNY,CN10Y
2011-05-09,,0.038378,,,931066,军工龙头,CNY,CN10Y
2011-05-10,,0.038326,,,931066,军工龙头,CNY,CN10Y
2011-05-11,,0.038334,,,931066,军工龙头,CNY,CN10Y
2011-05-12,,0.038211,,,931066,军工龙头,CNY,CN10Y
2011-05-13,,0.038363,,,931066,军工龙头,CNY,CN10Y
2011-05-16,,0.038432,,,931066,军工龙头,CNY,CN10Y
2011-05-17,,0.038318,,,931066,军工龙头,CNY,CN10Y
2011-05-18,,0.038338,,,931066,军工龙头,CNY,CN10Y
2011-05-19,,0.038309,,,931066,军工龙头,CNY,CN10Y
2011-05-20,,0.038429,,,931066,军工龙头,CNY,CN10Y
2011-05-23,,0.0384,,,931066,军工龙头,CNY,CN10Y
2011-05-24,,0.038414,,,931066,军工龙头,CNY,CN10Y
2011-05-25,,0.038382,,,931066,军工龙头,CNY,CN10Y
2011-05-26,,0.038352,,,931066,军工龙头,CNY,CN10Y
2011-05-27,,0.038217,,,931066,军工龙头,CNY,CN10Y
2011-05-30,,0.038256,,,931066,军工龙头,CNY,CN10Y
2011-05-31,,0.038311,,,931066,军工龙头,CNY,CN10Y
2011-06-01,,0.038311,,,931066,军工龙头,CNY,CN10Y
2011-06-02,,0.0383369999999999,,,931066,军工龙头,CNY,CN10Y
2011-06-03,,0.0383369999999999,,,931066,军工龙头,CNY,CN10Y
2011-06-07,,0.038341,,,931066,军工龙头,CNY,CN10Y
2011-06-08,,0.038572,,,931066,军工龙头,CNY,CN10Y
2011-06-09,,0.038726,,,931066,军工龙头,CNY,CN10Y
2011-06-10,,0.03894,,,931066,军工龙头,CNY,CN10Y
2011-06-13,,0.039036,,,931066,军工龙头,CNY,CN10Y
2011-06-14,,0.039406,,,931066,军工龙头,CNY,CN10Y
2011-06-15,,0.039986,,,931066,军工龙头,CNY,CN10Y
2011-06-16,,0.039839,,,931066,军工龙头,CNY,CN10Y
2011-06-17,,0.039803,,,931066,军工龙头,CNY,CN10Y
2011-06-20,,0.039413,,,931066,军工龙头,CNY,CN10Y
2011-06-21,,0.039003,,,931066,军工龙头,CNY,CN10Y
2011-06-22,,0.039555,,,931066,军工龙头,CNY,CN10Y
2011-06-23,,0.039691,,,931066,军工龙头,CNY,CN10Y
2011-06-24,,0.038963,,,931066,军工龙头,CNY,CN10Y
2011-06-27,,0.038703,,,931066,军工龙头,CNY,CN10Y
2011-06-28,,0.038801,,,931066,军工龙头,CNY,CN10Y
2011-06-29,,0.038833,,,931066,军工龙头,CNY,CN10Y
2011-06-30,,0.038857,,,931066,军工龙头,CNY,CN10Y
2011-07-01,,0.038775,,,931066,军工龙头,CNY,CN10Y
2011-07-04,,0.038842,,,931066,军工龙头,CNY,CN10Y
2011-07-05,,0.038909,,,931066,军工龙头,CNY,CN10Y
2011-07-06,,0.039116,,,931066,军工龙头,CNY,CN10Y
2011-07-07,,0.039021,,,931066,军工龙头,CNY,CN10Y
2011-07-08,,0.038881,,,931066,军工龙头,CNY,CN10Y
2011-07-11,,0.038923,,,931066,军工龙头,CNY,CN10Y
2011-07-12,,0.0388989999999999,,,931066,军工龙头,CNY,CN10Y
2011-07-13,,0.038913,,,931066,军工龙头,CNY,CN10Y
2011-07-14,,0.0392039999999999,,,931066,军工龙头,CNY,CN10Y
2011-07-15,,0.039278,,,931066,军工龙头,CNY,CN10Y
2011-07-18,,0.039558,,,931066,军工龙头,CNY,CN10Y
2011-07-19,,0.040088,,,931066,军工龙头,CNY,CN10Y
2011-07-20,,0.040715,,,931066,军工龙头,CNY,CN10Y
2011-07-21,,0.0408889999999999,,,931066,军工龙头,CNY,CN10Y
2011-07-22,,0.040671,,,931066,军工龙头,CNY,CN10Y
2011-07-25,,0.040663,,,931066,军工龙头,CNY,CN10Y
2011-07-26,,0.040753,,,931066,军工龙头,CNY,CN10Y
2011-07-27,,0.0408549999999999,,,931066,军工龙头,CNY,CN10Y
2011-07-28,,0.040627,,,931066,军工龙头,CNY,CN10Y
2011-07-29,,0.040477,,,931066,军工龙头,CNY,CN10Y
2011-08-01,,0.040502,,,931066,军工龙头,CNY,CN10Y
2011-08-02,,0.040615,,,931066,军工龙头,CNY,CN10Y
2011-08-03,,0.041201,,,931066,军工龙头,CNY,CN10Y
2011-08-04,,0.040911,,,931066,军工龙头,CNY,CN10Y
2011-08-05,,0.040423,,,931066,军工龙头,CNY,CN10Y
2011-08-08,,0.040007,,,931066,军工龙头,CNY,CN10Y
2011-08-09,,0.039554,,,931066,军工龙头,CNY,CN10Y
2011-08-10,,0.039639,,,931066,军工龙头,CNY,CN10Y
2011-08-11,,0.039291,,,931066,军工龙头,CNY,CN10Y
2011-08-12,,0.039268,,,931066,军工龙头,CNY,CN10Y
2011-08-15,,0.0392309999999999,,,931066,军工龙头,CNY,CN10Y
2011-08-16,,0.039492,,,931066,军工龙头,CNY,CN10Y
2011-08-17,,0.039432,,,931066,军工龙头,CNY,CN10Y
2011-08-18,,0.03956,,,931066,军工龙头,CNY,CN10Y
2011-08-19,,0.039331,,,931066,军工龙头,CNY,CN10Y
2011-08-22,,0.039325,,,931066,军工龙头,CNY,CN10Y
2011-08-23,,0.039356,,,931066,军工龙头,CNY,CN10Y
2011-08-24,,0.039501,,,931066,军工龙头,CNY,CN10Y
2011-08-25,,0.03975,,,931066,军工龙头,CNY,CN10Y
2011-08-26,,0.039886,,,931066,军工龙头,CNY,CN10Y
2011-08-29,,0.040994,,,931066,军工龙头,CNY,CN10Y
2011-08-30,,0.041303,,,931066,军工龙头,CNY,CN10Y
2011-08-31,,0.04105,,,931066,军工龙头,CNY,CN10Y
2011-09-01,,0.040708,,,931066,军工龙头,CNY,CN10Y
2011-09-02,,0.0407,,,931066,军工龙头,CNY,CN10Y
2011-09-05,,0.0405009999999999,,,931066,军工龙头,CNY,CN10Y
2011-09-06,,0.040107,,,931066,军工龙头,CNY,CN10Y
2011-09-07,,0.0405,,,931066,军工龙头,CNY,CN10Y
2011-09-08,,0.04065,,,931066,军工龙头,CNY,CN10Y
2011-09-09,,0.040452,,,931066,军工龙头,CNY,CN10Y
2011-09-13,,0.040208,,,931066,军工龙头,CNY,CN10Y
2011-09-14,,0.0402099999999999,,,931066,军工龙头,CNY,CN10Y
2011-09-15,,0.040495,,,931066,军工龙头,CNY,CN10Y
2011-09-16,,0.040752,,,931066,军工龙头,CNY,CN10Y
2011-09-19,,0.040801,,,931066,军工龙头,CNY,CN10Y
2011-09-20,,0.040801,,,931066,军工龙头,CNY,CN10Y
2011-09-21,,0.040908,,,931066,军工龙头,CNY,CN10Y
2011-09-22,,0.040676,,,931066,军工龙头,CNY,CN10Y
2011-09-23,,0.039662,,,931066,军工龙头,CNY,CN10Y
2011-09-26,,0.0388779999999999,,,931066,军工龙头,CNY,CN10Y
2011-09-27,,0.039158,,,931066,军工龙头,CNY,CN10Y
2011-09-28,,0.039203,,,931066,军工龙头,CNY,CN10Y
2011-09-29,,0.03884,,,931066,军工龙头,CNY,CN10Y
2011-09-30,,0.038605,,,931066,军工龙头,CNY,CN10Y
2011-10-08,,0.038605,,,931066,军工龙头,CNY,CN10Y
2011-10-09,,0.038056,,,931066,军工龙头,CNY,CN10Y
2011-10-10,,0.0377059999999999,,,931066,军工龙头,CNY,CN10Y
2011-10-11,,0.037593,,,931066,军工龙头,CNY,CN10Y
2011-10-12,,0.038005,,,931066,军工龙头,CNY,CN10Y
2011-10-13,,0.038205,,,931066,军工龙头,CNY,CN10Y
2011-10-14,,0.037707,,,931066,军工龙头,CNY,CN10Y
2011-10-17,,0.037906,,,931066,军工龙头,CNY,CN10Y
2011-10-18,,0.0374069999999999,,,931066,军工龙头,CNY,CN10Y
2011-10-19,,0.037311,,,931066,军工龙头,CNY,CN10Y
2011-10-20,,0.037266,,,931066,军工龙头,CNY,CN10Y
2011-10-21,,0.037385,,,931066,军工龙头,CNY,CN10Y
2011-10-24,,0.037533,,,931066,军工龙头,CNY,CN10Y
2011-10-25,,0.03796,,,931066,军工龙头,CNY,CN10Y
2011-10-26,,0.037918,,,931066,军工龙头,CNY,CN10Y
2011-10-27,,0.0380319999999999,,,931066,军工龙头,CNY,CN10Y
2011-10-28,,0.03787,,,931066,军工龙头,CNY,CN10Y
2011-10-31,,0.037607,,,931066,军工龙头,CNY,CN10Y
2011-11-01,,0.037395,,,931066,军工龙头,CNY,CN10Y
2011-11-02,,0.037208,,,931066,军工龙头,CNY,CN10Y
2011-11-03,,0.037233,,,931066,军工龙头,CNY,CN10Y
2011-11-04,,0.037158,,,931066,军工龙头,CNY,CN10Y
2011-11-07,,0.037333,,,931066,军工龙头,CNY,CN10Y
2011-11-08,,0.036988,,,931066,军工龙头,CNY,CN10Y
2011-11-09,,0.036436,,,931066,军工龙头,CNY,CN10Y
2011-11-10,,0.035563,,,931066,军工龙头,CNY,CN10Y
2011-11-11,,0.035916,,,931066,军工龙头,CNY,CN10Y
2011-11-14,,0.035807,,,931066,军工龙头,CNY,CN10Y
2011-11-15,,0.036563,,,931066,军工龙头,CNY,CN10Y
2011-11-16,,0.03626,,,931066,军工龙头,CNY,CN10Y
2011-11-17,,0.03636,,,931066,军工龙头,CNY,CN10Y
2011-11-18,,0.036412,,,931066,军工龙头,CNY,CN10Y
2011-11-21,,0.036598,,,931066,军工龙头,CNY,CN10Y
2011-11-22,,0.036412,,,931066,军工龙头,CNY,CN10Y
2011-11-23,,0.035914,,,931066,军工龙头,CNY,CN10Y
2011-11-24,,0.036103,,,931066,军工龙头,CNY,CN10Y
2011-11-25,,0.036115,,,931066,军工龙头,CNY,CN10Y
2011-11-28,,0.036402,,,931066,军工龙头,CNY,CN10Y
2011-11-29,,0.036315,,,931066,军工龙头,CNY,CN10Y
2011-11-30,,0.036091,,,931066,军工龙头,CNY,CN10Y
2011-12-01,,0.035005,,,931066,军工龙头,CNY,CN10Y
2011-12-02,,0.03472,,,931066,军工龙头,CNY,CN10Y
2011-12-05,,0.03442,,,931066,军工龙头,CNY,CN10Y
2011-12-06,,0.03479,,,931066,军工龙头,CNY,CN10Y
2011-12-07,,0.03489,,,931066,军工龙头,CNY,CN10Y
2011-12-08,,0.034953,,,931066,军工龙头,CNY,CN10Y
2011-12-09,,0.034817,,,931066,军工龙头,CNY,CN10Y
2011-12-12,,0.034927,,,931066,军工龙头,CNY,CN10Y
2011-12-13,,0.034982,,,931066,军工龙头,CNY,CN10Y
2011-12-14,,0.034807,,,931066,军工龙头,CNY,CN10Y
2011-12-15,,0.03489,,,931066,军工龙头,CNY,CN10Y
2011-12-16,,0.034637,,,931066,军工龙头,CNY,CN10Y
2011-12-19,,0.034702,,,931066,军工龙头,CNY,CN10Y
2011-12-20,,0.034655,,,931066,军工龙头,CNY,CN10Y
2011-12-21,,0.034709,,,931066,军工龙头,CNY,CN10Y
2011-12-22,,0.034752,,,931066,军工龙头,CNY,CN10Y
2011-12-23,,0.034803,,,931066,军工龙头,CNY,CN10Y
2011-12-26,,0.0346519999999999,,,931066,军工龙头,CNY,CN10Y
2011-12-27,,0.034603,,,931066,军工龙头,CNY,CN10Y
2011-12-28,,0.034603,,,931066,军工龙头,CNY,CN10Y
2011-12-29,,0.034453,,,931066,军工龙头,CNY,CN10Y
2011-12-30,,0.034303,,,931066,军工龙头,CNY,CN10Y
2011-12-31,,0.034211,,,931066,军工龙头,CNY,CN10Y
2012-01-04,,0.0343949999999999,,,931066,军工龙头,CNY,CN10Y
2012-01-05,,0.034304,,,931066,军工龙头,CNY,CN10Y
2012-01-06,,0.03397,,,931066,军工龙头,CNY,CN10Y
2012-01-09,,0.0338059999999999,,,931066,军工龙头,CNY,CN10Y
2012-01-10,,0.03403,,,931066,军工龙头,CNY,CN10Y
2012-01-11,,0.0342079999999999,,,931066,军工龙头,CNY,CN10Y
2012-01-12,,0.03402,,,931066,军工龙头,CNY,CN10Y
2012-01-13,,0.034108,,,931066,军工龙头,CNY,CN10Y
2012-01-16,,0.034233,,,931066,军工龙头,CNY,CN10Y
2012-01-17,,0.034045,,,931066,军工龙头,CNY,CN10Y
2012-01-18,,0.033957,,,931066,军工龙头,CNY,CN10Y
2012-01-19,,0.0337579999999999,,,931066,军工龙头,CNY,CN10Y
2012-01-20,,0.033808,,,931066,军工龙头,CNY,CN10Y
2012-01-21,,0.033811,,,931066,军工龙头,CNY,CN10Y
2012-01-29,,0.033812,,,931066,军工龙头,CNY,CN10Y
2012-01-30,,0.034005,,,931066,军工龙头,CNY,CN10Y
2012-01-31,,0.034064,,,931066,军工龙头,CNY,CN10Y
2012-02-01,,0.034318,,,931066,军工龙头,CNY,CN10Y
2012-02-02,,0.0344099999999999,,,931066,军工龙头,CNY,CN10Y
2012-02-03,,0.03436,,,931066,军工龙头,CNY,CN10Y
2012-02-06,,0.0347849999999999,,,931066,军工龙头,CNY,CN10Y
2012-02-07,,0.03481,,,931066,军工龙头,CNY,CN10Y
2012-02-08,,0.035098,,,931066,军工龙头,CNY,CN10Y
2012-02-09,,0.035409,,,931066,军工龙头,CNY,CN10Y
2012-02-10,,0.03521,,,931066,军工龙头,CNY,CN10Y
2012-02-13,,0.035148,,,931066,军工龙头,CNY,CN10Y
2012-02-14,,0.03516,,,931066,军工龙头,CNY,CN10Y
2012-02-15,,0.035335,,,931066,军工龙头,CNY,CN10Y
2012-02-16,,0.035361,,,931066,军工龙头,CNY,CN10Y
2012-02-17,,0.035361,,,931066,军工龙头,CNY,CN10Y
2012-02-20,,0.035116,,,931066,军工龙头,CNY,CN10Y
2012-02-21,,0.035164,,,931066,军工龙头,CNY,CN10Y
2012-02-22,,0.035276,,,931066,军工龙头,CNY,CN10Y
2012-02-23,,0.035254,,,931066,军工龙头,CNY,CN10Y
2012-02-24,,0.035164,,,931066,军工龙头,CNY,CN10Y
2012-02-27,,0.035501,,,931066,军工龙头,CNY,CN10Y
2012-02-28,,0.035464,,,931066,军工龙头,CNY,CN10Y
2012-02-29,,0.0353399999999999,,,931066,军工龙头,CNY,CN10Y
2012-03-01,,0.0355,,,931066,军工龙头,CNY,CN10Y
2012-03-02,,0.035616,,,931066,军工龙头,CNY,CN10Y
2012-03-05,,0.035614,,,931066,军工龙头,CNY,CN10Y
2012-03-06,,0.0354649999999999,,,931066,军工龙头,CNY,CN10Y
2012-03-07,,0.035316,,,931066,军工龙头,CNY,CN10Y
2012-03-08,,0.035316,,,931066,军工龙头,CNY,CN10Y
2012-03-09,,0.035367,,,931066,军工龙头,CNY,CN10Y
2012-03-12,,0.035242,,,931066,军工龙头,CNY,CN10Y
2012-03-13,,0.0354009999999999,,,931066,军工龙头,CNY,CN10Y
2012-03-14,,0.035451,,,931066,军工龙头,CNY,CN10Y
2012-03-15,,0.035589,,,931066,军工龙头,CNY,CN10Y
2012-03-16,,0.035483,,,931066,军工龙头,CNY,CN10Y
2012-03-19,,0.03559,,,931066,军工龙头,CNY,CN10Y
2012-03-20,,0.035601,,,931066,军工龙头,CNY,CN10Y
2012-03-21,,0.035608,,,931066,军工龙头,CNY,CN10Y
2012-03-22,,0.035502,,,931066,军工龙头,CNY,CN10Y
2012-03-23,,0.035267,,,931066,军工龙头,CNY,CN10Y
2012-03-26,,0.035247,,,931066,军工龙头,CNY,CN10Y
2012-03-27,,0.035403,,,931066,军工龙头,CNY,CN10Y
2012-03-28,,0.035223,,,931066,军工龙头,CNY,CN10Y
2012-03-29,,0.035143,,,931066,军工龙头,CNY,CN10Y
2012-03-30,,0.035054,,,931066,军工龙头,CNY,CN10Y
2012-03-31,,0.035004,,,931066,军工龙头,CNY,CN10Y
2012-04-01,,0.035204,,,931066,军工龙头,CNY,CN10Y
2012-04-05,,0.035191,,,931066,军工龙头,CNY,CN10Y
2012-04-06,,0.035203,,,931066,军工龙头,CNY,CN10Y
2012-04-09,,0.035352,,,931066,军工龙头,CNY,CN10Y
2012-04-10,,0.035366,,,931066,军工龙头,CNY,CN10Y
2012-04-11,,0.035308,,,931066,军工龙头,CNY,CN10Y
2012-04-12,,0.035407,,,931066,军工龙头,CNY,CN10Y
2012-04-13,,0.0352769999999999,,,931066,军工龙头,CNY,CN10Y
2012-04-16,,0.035318,,,931066,军工龙头,CNY,CN10Y
2012-04-17,,0.035291,,,931066,军工龙头,CNY,CN10Y
2012-04-18,,0.035366,,,931066,军工龙头,CNY,CN10Y
2012-04-19,,0.035518,,,931066,军工龙头,CNY,CN10Y
2012-04-20,,0.035414,,,931066,军工龙头,CNY,CN10Y
2012-04-23,,0.035407,,,931066,军工龙头,CNY,CN10Y
2012-04-24,,0.035302,,,931066,军工龙头,CNY,CN10Y
2012-04-25,,0.035369,,,931066,军工龙头,CNY,CN10Y
2012-04-26,,0.035357,,,931066,军工龙头,CNY,CN10Y
2012-04-27,,0.035389,,,931066,军工龙头,CNY,CN10Y
2012-04-28,,0.035391,,,931066,军工龙头,CNY,CN10Y
2012-05-02,,0.035449,,,931066,军工龙头,CNY,CN10Y
2012-05-03,,0.035454,,,931066,军工龙头,CNY,CN10Y
2012-05-04,,0.035512,,,931066,军工龙头,CNY,CN10Y
2012-05-07,,0.035518,,,931066,军工龙头,CNY,CN10Y
2012-05-08,,0.03552,,,931066,军工龙头,CNY,CN10Y
2012-05-09,,0.035414,,,931066,军工龙头,CNY,CN10Y
2012-05-10,,0.035287,,,931066,军工龙头,CNY,CN10Y
2012-05-11,,0.034907,,,931066,军工龙头,CNY,CN10Y
2012-05-14,,0.034461,,,931066,军工龙头,CNY,CN10Y
2012-05-15,,0.03405,,,931066,军工龙头,CNY,CN10Y
2012-05-16,,0.033618,,,931066,军工龙头,CNY,CN10Y
2012-05-17,,0.034116,,,931066,军工龙头,CNY,CN10Y
2012-05-18,,0.033614,,,931066,军工龙头,CNY,CN10Y
2012-05-21,,0.033866,,,931066,军工龙头,CNY,CN10Y
2012-05-22,,0.033948,,,931066,军工龙头,CNY,CN10Y
2012-05-23,,0.033825,,,931066,军工龙头,CNY,CN10Y
2012-05-24,,0.0336189999999999,,,931066,军工龙头,CNY,CN10Y
2012-05-25,,0.033019,,,931066,军工龙头,CNY,CN10Y
2012-05-28,,0.033418,,,931066,军工龙头,CNY,CN10Y
2012-05-29,,0.033718,,,931066,军工龙头,CNY,CN10Y
2012-05-30,,0.033766,,,931066,军工龙头,CNY,CN10Y
2012-05-31,,0.033443,,,931066,军工龙头,CNY,CN10Y
2012-06-01,,0.033416,,,931066,军工龙头,CNY,CN10Y
2012-06-04,,0.033469,,,931066,军工龙头,CNY,CN10Y
2012-06-05,,0.033568,,,931066,军工龙头,CNY,CN10Y
2012-06-06,,0.0336,,,931066,军工龙头,CNY,CN10Y
2012-06-07,,0.033751,,,931066,军工龙头,CNY,CN10Y
2012-06-08,,0.033101,,,931066,军工龙头,CNY,CN10Y
2012-06-11,,0.033491,,,931066,军工龙头,CNY,CN10Y
2012-06-12,,0.033747,,,931066,军工龙头,CNY,CN10Y
2012-06-13,,0.0339089999999999,,,931066,军工龙头,CNY,CN10Y
2012-06-14,,0.034009,,,931066,军工龙头,CNY,CN10Y
2012-06-15,,0.033932,,,931066,军工龙头,CNY,CN10Y
2012-06-18,,0.034107,,,931066,军工龙头,CNY,CN10Y
2012-06-19,,0.034093,,,931066,军工龙头,CNY,CN10Y
2012-06-20,,0.034101,,,931066,军工龙头,CNY,CN10Y
2012-06-21,,0.034001,,,931066,军工龙头,CNY,CN10Y
2012-06-25,,0.033677,,,931066,军工龙头,CNY,CN10Y
2012-06-26,,0.033653,,,931066,军工龙头,CNY,CN10Y
2012-06-27,,0.033252,,,931066,军工龙头,CNY,CN10Y
2012-06-28,,0.033253,,,931066,军工龙头,CNY,CN10Y
2012-06-29,,0.033253,,,931066,军工龙头,CNY,CN10Y
2012-07-02,,0.033353,,,931066,军工龙头,CNY,CN10Y
2012-07-03,,0.033204,,,931066,军工龙头,CNY,CN10Y
2012-07-04,,0.033195,,,931066,军工龙头,CNY,CN10Y
2012-07-05,,0.033193,,,931066,军工龙头,CNY,CN10Y
2012-07-06,,0.0329599999999999,,,931066,军工龙头,CNY,CN10Y
2012-07-09,,0.032709,,,931066,军工龙头,CNY,CN10Y
2012-07-10,,0.032549,,,931066,军工龙头,CNY,CN10Y
2012-07-11,,0.0323979999999999,,,931066,军工龙头,CNY,CN10Y
2012-07-12,,0.032502,,,931066,军工龙头,CNY,CN10Y
2012-07-13,,0.032591,,,931066,军工龙头,CNY,CN10Y
2012-07-16,,0.0327519999999999,,,931066,军工龙头,CNY,CN10Y
2012-07-17,,0.03285,,,931066,军工龙头,CNY,CN10Y
2012-07-18,,0.032858,,,931066,军工龙头,CNY,CN10Y
2012-07-19,,0.03286,,,931066,军工龙头,CNY,CN10Y
2012-07-20,,0.03281,,,931066,军工龙头,CNY,CN10Y
2012-07-23,,0.03276,,,931066,军工龙头,CNY,CN10Y
2012-07-24,,0.032759,,,931066,军工龙头,CNY,CN10Y
2012-07-25,,0.03276,,,931066,军工龙头,CNY,CN10Y
2012-07-26,,0.032763,,,931066,军工龙头,CNY,CN10Y
2012-07-27,,0.032764,,,931066,军工龙头,CNY,CN10Y
2012-07-30,,0.032755,,,931066,军工龙头,CNY,CN10Y
2012-07-31,,0.032915,,,931066,军工龙头,CNY,CN10Y
2012-08-01,,0.032921,,,931066,军工龙头,CNY,CN10Y
2012-08-02,,0.032861,,,931066,军工龙头,CNY,CN10Y
2012-08-03,,0.032902,,,931066,军工龙头,CNY,CN10Y
2012-08-06,,0.0331,,,931066,军工龙头,CNY,CN10Y
2012-08-07,,0.0333,,,931066,军工龙头,CNY,CN10Y
2012-08-08,,0.033545,,,931066,军工龙头,CNY,CN10Y
2012-08-09,,0.033023,,,931066,军工龙头,CNY,CN10Y
2012-08-10,,0.032825,,,931066,军工龙头,CNY,CN10Y
2012-08-13,,0.033029,,,931066,军工龙头,CNY,CN10Y
2012-08-14,,0.033105,,,931066,军工龙头,CNY,CN10Y
2012-08-15,,0.033402,,,931066,军工龙头,CNY,CN10Y
2012-08-16,,0.033467,,,931066,军工龙头,CNY,CN10Y
2012-08-17,,0.033342,,,931066,军工龙头,CNY,CN10Y
2012-08-20,,0.033564,,,931066,军工龙头,CNY,CN10Y
2012-08-21,,0.033578,,,931066,军工龙头,CNY,CN10Y
2012-08-22,,0.033935,,,931066,军工龙头,CNY,CN10Y
2012-08-23,,0.033702,,,931066,军工龙头,CNY,CN10Y
2012-08-24,,0.033364,,,931066,军工龙头,CNY,CN10Y
2012-08-27,,0.033498,,,931066,军工龙头,CNY,CN10Y
2012-08-28,,0.033634,,,931066,军工龙头,CNY,CN10Y
2012-08-29,,0.033943,,,931066,军工龙头,CNY,CN10Y
2012-08-30,,0.033904,,,931066,军工龙头,CNY,CN10Y
2012-08-31,,0.033928,,,931066,军工龙头,CNY,CN10Y
2012-09-03,,0.034001,,,931066,军工龙头,CNY,CN10Y
2012-09-04,,0.033836,,,931066,军工龙头,CNY,CN10Y
2012-09-05,,0.033887,,,931066,军工龙头,CNY,CN10Y
2012-09-06,,0.033963,,,931066,军工龙头,CNY,CN10Y
2012-09-07,,0.034162,,,931066,军工龙头,CNY,CN10Y
2012-09-10,,0.034611,,,931066,军工龙头,CNY,CN10Y
2012-09-11,,0.034714,,,931066,军工龙头,CNY,CN10Y
2012-09-12,,0.0349089999999999,,,931066,军工龙头,CNY,CN10Y
2012-09-13,,0.034834,,,931066,军工龙头,CNY,CN10Y
2012-09-14,,0.035485,,,931066,军工龙头,CNY,CN10Y
2012-09-17,,0.035717,,,931066,军工龙头,CNY,CN10Y
2012-09-18,,0.035216,,,931066,军工龙头,CNY,CN10Y
2012-09-19,,0.035166,,,931066,军工龙头,CNY,CN10Y
2012-09-20,,0.035171,,,931066,军工龙头,CNY,CN10Y
2012-09-21,,0.034998,,,931066,军工龙头,CNY,CN10Y
2012-09-24,,0.034956,,,931066,军工龙头,CNY,CN10Y
2012-09-25,,0.034676,,,931066,军工龙头,CNY,CN10Y
2012-09-26,,0.034444,,,931066,军工龙头,CNY,CN10Y
2012-09-27,,0.034525,,,931066,军工龙头,CNY,CN10Y
2012-09-28,,0.034575,,,931066,军工龙头,CNY,CN10Y
2012-09-29,,0.034574,,,931066,军工龙头,CNY,CN10Y
2012-10-08,,0.034814,,,931066,军工龙头,CNY,CN10Y
2012-10-09,,0.034921,,,931066,军工龙头,CNY,CN10Y
2012-10-10,,0.035036,,,931066,军工龙头,CNY,CN10Y
2012-10-11,,0.03499,,,931066,军工龙头,CNY,CN10Y
2012-10-12,,0.034807,,,931066,军工龙头,CNY,CN10Y
2012-10-15,,0.03473,,,931066,军工龙头,CNY,CN10Y
2012-10-16,,0.0349029999999999,,,931066,军工龙头,CNY,CN10Y
2012-10-17,,0.035036,,,931066,军工龙头,CNY,CN10Y
2012-10-18,,0.03519,,,931066,军工龙头,CNY,CN10Y
2012-10-19,,0.03535,,,931066,军工龙头,CNY,CN10Y
2012-10-22,,0.035293,,,931066,军工龙头,CNY,CN10Y
2012-10-23,,0.035454,,,931066,军工龙头,CNY,CN10Y
2012-10-24,,0.035478,,,931066,军工龙头,CNY,CN10Y
2012-10-25,,0.035672,,,931066,军工龙头,CNY,CN10Y
2012-10-26,,0.035727,,,931066,军工龙头,CNY,CN10Y
2012-10-29,,0.035668,,,931066,军工龙头,CNY,CN10Y
2012-10-30,,0.035648,,,931066,军工龙头,CNY,CN10Y
2012-10-31,,0.035739,,,931066,军工龙头,CNY,CN10Y
2012-11-01,,0.0359839999999999,,,931066,军工龙头,CNY,CN10Y
2012-11-02,,0.035852,,,931066,军工龙头,CNY,CN10Y
2012-11-05,,0.035872,,,931066,军工龙头,CNY,CN10Y
2012-11-06,,0.035771,,,931066,军工龙头,CNY,CN10Y
2012-11-07,,0.035644,,,931066,军工龙头,CNY,CN10Y
2012-11-08,,0.035609,,,931066,军工龙头,CNY,CN10Y
2012-11-09,,0.035594,,,931066,军工龙头,CNY,CN10Y
2012-11-12,,0.035585,,,931066,军工龙头,CNY,CN10Y
2012-11-13,,0.03547,,,931066,军工龙头,CNY,CN10Y
2012-11-14,,0.035356,,,931066,军工龙头,CNY,CN10Y
2012-11-15,,0.035279,,,931066,军工龙头,CNY,CN10Y
2012-11-16,,0.035133,,,931066,军工龙头,CNY,CN10Y
2012-11-19,,0.03501,,,931066,军工龙头,CNY,CN10Y
2012-11-20,,0.0351109999999999,,,931066,军工龙头,CNY,CN10Y
2012-11-21,,0.035205,,,931066,军工龙头,CNY,CN10Y
2012-11-22,,0.035357,,,931066,军工龙头,CNY,CN10Y
2012-11-23,,0.035428,,,931066,军工龙头,CNY,CN10Y
2012-11-26,,0.035511,,,931066,军工龙头,CNY,CN10Y
2012-11-27,,0.03557,,,931066,军工龙头,CNY,CN10Y
2012-11-28,,0.035535,,,931066,军工龙头,CNY,CN10Y
2012-11-29,,0.035311,,,931066,军工龙头,CNY,CN10Y
2012-11-30,,0.035332,,,931066,军工龙头,CNY,CN10Y
2012-12-03,,0.035397,,,931066,军工龙头,CNY,CN10Y
2012-12-04,,0.035498,,,931066,军工龙头,CNY,CN10Y
2012-12-05,,0.035622,,,931066,军工龙头,CNY,CN10Y
2012-12-06,,0.03558,,,931066,军工龙头,CNY,CN10Y
2012-12-07,,0.035689,,,931066,军工龙头,CNY,CN10Y
2012-12-10,,0.035707,,,931066,军工龙头,CNY,CN10Y
2012-12-11,,0.0356579999999999,,,931066,军工龙头,CNY,CN10Y
2012-12-12,,0.035666,,,931066,军工龙头,CNY,CN10Y
2012-12-13,,0.035649,,,931066,军工龙头,CNY,CN10Y
2012-12-14,,0.035781,,,931066,军工龙头,CNY,CN10Y
2012-12-17,,0.035814,,,931066,军工龙头,CNY,CN10Y
2012-12-18,,0.035843,,,931066,军工龙头,CNY,CN10Y
2012-12-19,,0.035942,,,931066,军工龙头,CNY,CN10Y
2012-12-20,,0.036086,,,931066,军工龙头,CNY,CN10Y
2012-12-21,,0.03606,,,931066,军工龙头,CNY,CN10Y
2012-12-24,,0.036009,,,931066,军工龙头,CNY,CN10Y
2012-12-25,,0.035955,,,931066,军工龙头,CNY,CN10Y
2012-12-26,,0.035925,,,931066,军工龙头,CNY,CN10Y
2012-12-27,,0.035803,,,931066,军工龙头,CNY,CN10Y
2012-12-28,,0.035752,,,931066,军工龙头,CNY,CN10Y
2012-12-31,1000.0,0.035738,,,931066,军工龙头,CNY,CN10Y
2013-01-04,984.09,0.036062,,,931066,军工龙头,CNY,CN10Y
2013-01-05,,0.036003,,,931066,军工龙头,CNY,CN10Y
2013-01-06,,0.03595,,,931066,军工龙头,CNY,CN10Y
2013-01-07,992.61,0.035965,,,931066,军工龙头,CNY,CN10Y
2013-01-08,1004.35,0.035943,,,931066,军工龙头,CNY,CN10Y
2013-01-09,1004.08,0.03575,,,931066,军工龙头,CNY,CN10Y
2013-01-10,1011.13,0.03595,,,931066,军工龙头,CNY,CN10Y
2013-01-11,1013.95,0.0359989999999999,,,931066,军工龙头,CNY,CN10Y
2013-01-14,1067.04,0.036023,,,931066,军工龙头,CNY,CN10Y
2013-01-15,1079.87,0.036008,,,931066,军工龙头,CNY,CN10Y
2013-01-16,1096.98,0.0360469999999999,,,931066,军工龙头,CNY,CN10Y
2013-01-17,1061.73,0.035986,,,931066,军工龙头,CNY,CN10Y
2013-01-18,1076.57,0.035834,,,931066,军工龙头,CNY,CN10Y
2013-01-21,1080.64,0.035743,,,931066,军工龙头,CNY,CN10Y
2013-01-22,1057.58,0.035705,,,931066,军工龙头,CNY,CN10Y
2013-01-23,1073.25,0.035682,,,931066,军工龙头,CNY,CN10Y
2013-01-24,1065.56,0.035816,,,931066,军工龙头,CNY,CN10Y
2013-01-25,1059.64,0.035837,,,931066,军工龙头,CNY,CN10Y
2013-01-28,1095.35,0.036042,,,931066,军工龙头,CNY,CN10Y
2013-01-29,1101.22,0.036116,,,931066,军工龙头,CNY,CN10Y
2013-01-30,1104.21,0.036053,,,931066,军工龙头,CNY,CN10Y
2013-01-31,1087.24,0.036054,,,931066,军工龙头,CNY,CN10Y
2013-02-01,1092.22,0.036004,,,931066,军工龙头,CNY,CN10Y
2013-02-04,1085.23,0.036016,,,931066,军工龙头,CNY,CN10Y
2013-02-05,1091.82,0.03591,,,931066,军工龙头,CNY,CN10Y
2013-02-06,1095.68,0.035922,,,931066,军工龙头,CNY,CN10Y
2013-02-07,1113.0,0.035928,,,931066,军工龙头,CNY,CN10Y
2013-02-08,1133.46,0.035859,,,931066,军工龙头,CNY,CN10Y
2013-02-16,,0.035922,,,931066,军工龙头,CNY,CN10Y
2013-02-17,,0.035847,,,931066,军工龙头,CNY,CN10Y
2013-02-18,1150.47,0.035929,,,931066,军工龙头,CNY,CN10Y
2013-02-19,1126.14,0.035931,,,931066,军工龙头,CNY,CN10Y
2013-02-20,1137.39,0.035632,,,931066,军工龙头,CNY,CN10Y
2013-02-21,1107.94,0.035623,,,931066,军工龙头,CNY,CN10Y
2013-02-22,1108.05,0.035708,,,931066,军工龙头,CNY,CN10Y
2013-02-25,1120.27,0.035821,,,931066,军工龙头,CNY,CN10Y
2013-02-26,1118.29,0.035948,,,931066,军工龙头,CNY,CN10Y
2013-02-27,1127.21,0.035904,,,931066,军工龙头,CNY,CN10Y
2013-02-28,1146.52,0.0359569999999999,,,931066,军工龙头,CNY,CN10Y
2013-03-01,1159.1,0.035878,,,931066,军工龙头,CNY,CN10Y
2013-03-04,1137.0,0.035785,,,931066,军工龙头,CNY,CN10Y
2013-03-05,1159.61,0.03576,,,931066,军工龙头,CNY,CN10Y
2013-03-06,1179.32,0.035802,,,931066,军工龙头,CNY,CN10Y
2013-03-07,1149.22,0.035813,,,931066,军工龙头,CNY,CN10Y
2013-03-08,1139.44,0.035816,,,931066,军工龙头,CNY,CN10Y
2013-03-11,1141.56,0.03583,,,931066,军工龙头,CNY,CN10Y
2013-03-12,1110.14,0.035897,,,931066,军工龙头,CNY,CN10Y
2013-03-13,1095.69,0.035898,,,931066,军工龙头,CNY,CN10Y
2013-03-14,1101.2,0.035919,,,931066,军工龙头,CNY,CN10Y
2013-03-15,1113.56,0.035919,,,931066,军工龙头,CNY,CN10Y
2013-03-18,1098.14,0.035971,,,931066,军工龙头,CNY,CN10Y
2013-03-19,1099.8,0.035922,,,931066,军工龙头,CNY,CN10Y
2013-03-20,1129.03,0.035722,,,931066,军工龙头,CNY,CN10Y
2013-03-21,1148.57,0.035819,,,931066,军工龙头,CNY,CN10Y
2013-03-22,1153.98,0.035816,,,931066,军工龙头,CNY,CN10Y
2013-03-25,1147.71,0.0357699999999999,,,931066,军工龙头,CNY,CN10Y
2013-03-26,1136.28,0.035717,,,931066,军工龙头,CNY,CN10Y
2013-03-27,1143.13,0.035611,,,931066,军工龙头,CNY,CN10Y
2013-03-28,1122.33,0.035505,,,931066,军工龙头,CNY,CN10Y
2013-03-29,1117.86,0.035392,,,931066,军工龙头,CNY,CN10Y
2013-04-01,1120.23,0.035303,,,931066,军工龙头,CNY,CN10Y
2013-04-02,1097.38,0.035106,,,931066,军工龙头,CNY,CN10Y
2013-04-03,1099.47,0.035005,,,931066,军工龙头,CNY,CN10Y
2013-04-07,,0.034907,,,931066,军工龙头,CNY,CN10Y
2013-04-08,1111.42,0.034905,,,931066,军工龙头,CNY,CN10Y
2013-04-09,1118.63,0.034705,,,931066,军工龙头,CNY,CN10Y
2013-04-10,1114.91,0.034624,,,931066,军工龙头,CNY,CN10Y
2013-04-11,1105.12,0.034705,,,931066,军工龙头,CNY,CN10Y
2013-04-12,1092.66,0.034655,,,931066,军工龙头,CNY,CN10Y
2013-04-15,1067.41,0.034405,,,931066,军工龙头,CNY,CN10Y
2013-04-16,1082.69,0.034005,,,931066,军工龙头,CNY,CN10Y
2013-04-17,1096.22,0.034131,,,931066,军工龙头,CNY,CN10Y
2013-04-18,1101.81,0.0344309999999999,,,931066,军工龙头,CNY,CN10Y
2013-04-19,1124.84,0.034503,,,931066,军工龙头,CNY,CN10Y
2013-04-22,1138.06,0.034867,,,931066,军工龙头,CNY,CN10Y
2013-04-23,1106.88,0.034629,,,931066,军工龙头,CNY,CN10Y
2013-04-24,1132.3,0.034498,,,931066,军工龙头,CNY,CN10Y
2013-04-25,1108.48,0.034314,,,931066,军工龙头,CNY,CN10Y
2013-04-26,1082.81,0.0343129999999999,,,931066,军工龙头,CNY,CN10Y
2013-04-27,,0.034311,,,931066,军工龙头,CNY,CN10Y
2013-04-28,,0.034314,,,931066,军工龙头,CNY,CN10Y
2013-05-02,1089.25,0.034119,,,931066,军工龙头,CNY,CN10Y
2013-05-03,1109.55,0.034212,,,931066,军工龙头,CNY,CN10Y
2013-05-06,1133.14,0.034354,,,931066,军工龙头,CNY,CN10Y
2013-05-07,1132.01,0.034261,,,931066,军工龙头,CNY,CN10Y
2013-05-08,1148.88,0.034345,,,931066,军工龙头,CNY,CN10Y
2013-05-09,1146.59,0.034317,,,931066,军工龙头,CNY,CN10Y
2013-05-10,1147.08,0.034212,,,931066,军工龙头,CNY,CN10Y
2013-05-13,1160.9,0.034238,,,931066,军工龙头,CNY,CN10Y
2013-05-14,1141.44,0.034248,,,931066,军工龙头,CNY,CN10Y
2013-05-15,1167.69,0.034218,,,931066,军工龙头,CNY,CN10Y
2013-05-16,1180.69,0.034219,,,931066,军工龙头,CNY,CN10Y
2013-05-17,1195.86,0.034213,,,931066,军工龙头,CNY,CN10Y
2013-05-20,1216.68,0.034253,,,931066,军工龙头,CNY,CN10Y
2013-05-21,1245.12,0.034253,,,931066,军工龙头,CNY,CN10Y
2013-05-22,1225.85,0.0341529999999999,,,931066,军工龙头,CNY,CN10Y
2013-05-23,1225.02,0.03413,,,931066,军工龙头,CNY,CN10Y
2013-05-24,1246.67,0.0341809999999999,,,931066,军工龙头,CNY,CN10Y
2013-05-27,1251.01,0.034166,,,931066,军工龙头,CNY,CN10Y
2013-05-28,1235.88,0.034206,,,931066,军工龙头,CNY,CN10Y
2013-05-29,1249.96,0.03434,,,931066,军工龙头,CNY,CN10Y
2013-05-30,1247.11,0.03434,,,931066,军工龙头,CNY,CN10Y
2013-05-31,1228.8,0.034399,,,931066,军工龙头,CNY,CN10Y
2013-06-03,1227.16,0.034478,,,931066,军工龙头,CNY,CN10Y
2013-06-04,1205.52,0.034603,,,931066,军工龙头,CNY,CN10Y
2013-06-05,1205.42,0.034615,,,931066,军工龙头,CNY,CN10Y
2013-06-06,1195.68,0.034651,,,931066,军工龙头,CNY,CN10Y
2013-06-07,1181.32,0.034822,,,931066,军工龙头,CNY,CN10Y
2013-06-08,,0.034822,,,931066,军工龙头,CNY,CN10Y
2013-06-09,,0.034491,,,931066,军工龙头,CNY,CN10Y
2013-06-13,1150.83,0.034591,,,931066,军工龙头,CNY,CN10Y
2013-06-14,1176.0,0.034689,,,931066,军工龙头,CNY,CN10Y
2013-06-17,1176.82,0.0347849999999999,,,931066,军工龙头,CNY,CN10Y
2013-06-18,1179.04,0.0348179999999999,,,931066,军工龙头,CNY,CN10Y
2013-06-19,1172.67,0.035516,,,931066,军工龙头,CNY,CN10Y
2013-06-20,1134.28,0.037016,,,931066,军工龙头,CNY,CN10Y
2013-06-21,1128.13,0.036014,,,931066,军工龙头,CNY,CN10Y
2013-06-24,1067.74,0.0359989999999999,,,931066,军工龙头,CNY,CN10Y
2013-06-25,1082.11,0.0359989999999999,,,931066,军工龙头,CNY,CN10Y
2013-06-26,1110.51,0.0355,,,931066,军工龙头,CNY,CN10Y
2013-06-27,1087.62,0.035231,,,931066,军工龙头,CNY,CN10Y
2013-06-28,1082.99,0.035125,,,931066,军工龙头,CNY,CN10Y
2013-07-01,1107.2,0.035245,,,931066,军工龙头,CNY,CN10Y
2013-07-02,1129.85,0.035243,,,931066,军工龙头,CNY,CN10Y
2013-07-03,1134.28,0.035302,,,931066,军工龙头,CNY,CN10Y
2013-07-04,1138.99,0.035102,,,931066,军工龙头,CNY,CN10Y
2013-07-05,1125.22,0.035127,,,931066,军工龙头,CNY,CN10Y
2013-07-08,1081.64,0.035177,,,931066,军工龙头,CNY,CN10Y
2013-07-09,1091.01,0.035202,,,931066,军工龙头,CNY,CN10Y
2013-07-10,1118.06,0.035802,,,931066,军工龙头,CNY,CN10Y
2013-07-11,1141.31,0.0359019999999999,,,931066,军工龙头,CNY,CN10Y
2013-07-12,1131.87,0.036001,,,931066,军工龙头,CNY,CN10Y
2013-07-15,1158.77,0.0361019999999999,,,931066,军工龙头,CNY,CN10Y
2013-07-16,1177.13,0.03619,,,931066,军工龙头,CNY,CN10Y
2013-07-17,1156.25,0.03669,,,931066,军工龙头,CNY,CN10Y
2013-07-18,1156.31,0.036903,,,931066,军工龙头,CNY,CN10Y
2013-07-19,1127.78,0.037051,,,931066,军工龙头,CNY,CN10Y
2013-07-22,1144.76,0.037401,,,931066,军工龙头,CNY,CN10Y
2013-07-23,1178.95,0.037602,,,931066,军工龙头,CNY,CN10Y
2013-07-24,1186.2,0.037952,,,931066,军工龙头,CNY,CN10Y
2013-07-25,1162.09,0.0371019999999999,,,931066,军工龙头,CNY,CN10Y
2013-07-26,1153.78,0.037152,,,931066,军工龙头,CNY,CN10Y
2013-07-29,1129.41,0.037228,,,931066,军工龙头,CNY,CN10Y
2013-07-30,1115.12,0.037227,,,931066,军工龙头,CNY,CN10Y
2013-07-31,1116.66,0.037214,,,931066,军工龙头,CNY,CN10Y
2013-08-01,1154.13,0.0370529999999999,,,931066,军工龙头,CNY,CN10Y
2013-08-02,1161.79,0.037034,,,931066,军工龙头,CNY,CN10Y
2013-08-05,1180.62,0.037104,,,931066,军工龙头,CNY,CN10Y
2013-08-06,1199.13,0.037153,,,931066,军工龙头,CNY,CN10Y
2013-08-07,1183.21,0.037703,,,931066,军工龙头,CNY,CN10Y
2013-08-08,1186.26,0.0384549999999999,,,931066,军工龙头,CNY,CN10Y
2013-08-09,1181.5,0.038407,,,931066,军工龙头,CNY,CN10Y
2013-08-12,1196.81,0.038513,,,931066,军工龙头,CNY,CN10Y
2013-08-13,1205.94,0.0392519999999999,,,931066,军工龙头,CNY,CN10Y
2013-08-14,1206.25,0.039516,,,931066,军工龙头,CNY,CN10Y
2013-08-15,1197.85,0.039602,,,931066,军工龙头,CNY,CN10Y
2013-08-16,1170.73,0.039401,,,931066,军工龙头,CNY,CN10Y
2013-08-19,1191.97,0.040103,,,931066,军工龙头,CNY,CN10Y
2013-08-20,1191.01,0.040881,,,931066,军工龙头,CNY,CN10Y
2013-08-21,1194.0,0.040382,,,931066,军工龙头,CNY,CN10Y
2013-08-22,1199.36,0.040302,,,931066,军工龙头,CNY,CN10Y
2013-08-23,1201.92,0.039916,,,931066,军工龙头,CNY,CN10Y
2013-08-26,1230.24,0.039555,,,931066,军工龙头,CNY,CN10Y
2013-08-27,1237.27,0.0396539999999999,,,931066,军工龙头,CNY,CN10Y
2013-08-28,1242.43,0.040222,,,931066,军工龙头,CNY,CN10Y
2013-08-29,1223.05,0.0403,,,931066,军工龙头,CNY,CN10Y
2013-08-30,1204.9,0.040354,,,931066,军工龙头,CNY,CN10Y
2013-09-02,1219.19,0.0403559999999999,,,931066,军工龙头,CNY,CN10Y
2013-09-03,1232.19,0.040404,,,931066,军工龙头,CNY,CN10Y
2013-09-04,1235.78,0.0405499999999999,,,931066,军工龙头,CNY,CN10Y
2013-09-05,1232.6,0.0405499999999999,,,931066,军工龙头,CNY,CN10Y
2013-09-06,1251.51,0.040455,,,931066,军工龙头,CNY,CN10Y
2013-09-09,1261.8,0.0405499999999999,,,931066,军工龙头,CNY,CN10Y
2013-09-10,1264.47,0.04065,,,931066,军工龙头,CNY,CN10Y
2013-09-11,1238.36,0.041341,,,931066,军工龙头,CNY,CN10Y
2013-09-12,1241.19,0.041291,,,931066,军工龙头,CNY,CN10Y
2013-09-13,1249.61,0.041406,,,931066,军工龙头,CNY,CN10Y
2013-09-16,1255.53,0.041201,,,931066,军工龙头,CNY,CN10Y
2013-09-17,1240.46,0.040721,,,931066,军工龙头,CNY,CN10Y
2013-09-18,1239.69,0.040502,,,931066,军工龙头,CNY,CN10Y
2013-09-22,,0.039851,,,931066,军工龙头,CNY,CN10Y
2013-09-23,1269.83,0.040095,,,931066,军工龙头,CNY,CN10Y
2013-09-24,1274.76,0.040201,,,931066,军工龙头,CNY,CN10Y
2013-09-25,1261.82,0.040202,,,931066,军工龙头,CNY,CN10Y
2013-09-26,1237.1,0.039901,,,931066,军工龙头,CNY,CN10Y
2013-09-27,1234.5,0.040002,,,931066,军工龙头,CNY,CN10Y
2013-09-29,,0.040002,,,931066,军工龙头,CNY,CN10Y
2013-09-30,1246.31,0.039954,,,931066,军工龙头,CNY,CN10Y
2013-10-08,1268.91,0.039903,,,931066,军工龙头,CNY,CN10Y
2013-10-09,1281.74,0.040316,,,931066,军工龙头,CNY,CN10Y
2013-10-10,1272.38,0.040166,,,931066,军工龙头,CNY,CN10Y
2013-10-11,1285.95,0.040265,,,931066,军工龙头,CNY,CN10Y
2013-10-12,,0.040263,,,931066,军工龙头,CNY,CN10Y
2013-10-14,1300.33,0.040663,,,931066,军工龙头,CNY,CN10Y
2013-10-15,1288.3,0.040791,,,931066,军工龙头,CNY,CN10Y
2013-10-16,1257.47,0.0409659999999999,,,931066,军工龙头,CNY,CN10Y
2013-10-17,1251.56,0.0409659999999999,,,931066,军工龙头,CNY,CN10Y
2013-10-18,1262.12,0.041055,,,931066,军工龙头,CNY,CN10Y
2013-10-21,1289.63,0.041105,,,931066,军工龙头,CNY,CN10Y
2013-10-22,1268.23,0.0413049999999999,,,931066,军工龙头,CNY,CN10Y
2013-10-23,1241.07,0.041491,,,931066,军工龙头,CNY,CN10Y
2013-10-24,1242.69,0.04194,,,931066,军工龙头,CNY,CN10Y
2013-10-25,1210.97,0.04214,,,931066,军工龙头,CNY,CN10Y
2013-10-28,1221.65,0.0420399999999999,,,931066,军工龙头,CNY,CN10Y
2013-10-29,1199.99,0.0421729999999999,,,931066,军工龙头,CNY,CN10Y
2013-10-30,1226.13,0.0421729999999999,,,931066,军工龙头,CNY,CN10Y
2013-10-31,1210.82,0.041806,,,931066,军工龙头,CNY,CN10Y
2013-11-01,1216.67,0.0415559999999999,,,931066,军工龙头,CNY,CN10Y
2013-11-04,1224.69,0.041731,,,931066,军工龙头,CNY,CN10Y
2013-11-05,1235.3,0.042106,,,931066,军工龙头,CNY,CN10Y
2013-11-06,1223.26,0.042206,,,931066,军工龙头,CNY,CN10Y
2013-11-07,1207.33,0.042945,,,931066,军工龙头,CNY,CN10Y
2013-11-08,1195.43,0.043186,,,931066,军工龙头,CNY,CN10Y
2013-11-11,1206.57,0.044034,,,931066,军工龙头,CNY,CN10Y
2013-11-12,1213.37,0.044146,,,931066,军工龙头,CNY,CN10Y
2013-11-13,1205.42,0.0446279999999999,,,931066,军工龙头,CNY,CN10Y
2013-11-14,1244.21,0.045006,,,931066,军工龙头,CNY,CN10Y
2013-11-15,1267.5,0.046006,,,931066,军工龙头,CNY,CN10Y
2013-11-18,1301.73,0.046619,,,931066,军工龙头,CNY,CN10Y
2013-11-19,1298.95,0.046722,,,931066,军工龙头,CNY,CN10Y
2013-11-20,1330.44,0.047222,,,931066,军工龙头,CNY,CN10Y
2013-11-21,1310.6,0.0470089999999999,,,931066,军工龙头,CNY,CN10Y
2013-11-22,1307.18,0.046509,,,931066,军工龙头,CNY,CN10Y
2013-11-25,1322.93,0.046159,,,931066,军工龙头,CNY,CN10Y
2013-11-26,1327.66,0.046059,,,931066,军工龙头,CNY,CN10Y
2013-11-27,1358.34,0.0455109999999999,,,931066,军工龙头,CNY,CN10Y
2013-11-28,1362.1,0.044313,,,931066,军工龙头,CNY,CN10Y
2013-11-29,1381.0,0.043612,,,931066,军工龙头,CNY,CN10Y
2013-12-02,1313.73,0.044812,,,931066,军工龙头,CNY,CN10Y
2013-12-03,1338.88,0.044412,,,931066,军工龙头,CNY,CN10Y
2013-12-04,1353.66,0.0442619999999999,,,931066,军工龙头,CNY,CN10Y
2013-12-05,1335.17,0.044962,,,931066,军工龙头,CNY,CN10Y
2013-12-06,1318.25,0.045162,,,931066,军工龙头,CNY,CN10Y
2013-12-09,1330.3,0.0454129999999999,,,931066,军工龙头,CNY,CN10Y
2013-12-10,1329.41,0.046012,,,931066,军工龙头,CNY,CN10Y
2013-12-11,1317.93,0.046213,,,931066,军工龙头,CNY,CN10Y
2013-12-12,1321.12,0.045913,,,931066,军工龙头,CNY,CN10Y
2013-12-13,1322.82,0.045411,,,931066,军工龙头,CNY,CN10Y
2013-12-16,1295.31,0.0455389999999999,,,931066,军工龙头,CNY,CN10Y
2013-12-17,1302.53,0.045639,,,931066,军工龙头,CNY,CN10Y
2013-12-18,1295.31,0.045814,,,931066,军工龙头,CNY,CN10Y
2013-12-19,1283.27,0.046016,,,931066,军工龙头,CNY,CN10Y
2013-12-20,1262.09,0.046016,,,931066,军工龙头,CNY,CN10Y
2013-12-23,1266.89,0.046017,,,931066,军工龙头,CNY,CN10Y
2013-12-24,1283.74,0.045566,,,931066,军工龙头,CNY,CN10Y
2013-12-25,1302.61,0.045666,,,931066,军工龙头,CNY,CN10Y
2013-12-26,1278.91,0.045579,,,931066,军工龙头,CNY,CN10Y
2013-12-27,1309.28,0.045437,,,931066,军工龙头,CNY,CN10Y
2013-12-30,1307.75,0.045437,,,931066,军工龙头,CNY,CN10Y
2013-12-31,1308.64,0.045518,,,931066,军工龙头,CNY,CN10Y
2014-01-02,1328.16,0.0460179999999999,,,931066,军工龙头,CNY,CN10Y
2014-01-03,1330.28,0.046415,,,931066,军工龙头,CNY,CN10Y
2014-01-06,1288.59,0.046569,,,931066,军工龙头,CNY,CN10Y
2014-01-07,1292.9,0.04642,,,931066,军工龙头,CNY,CN10Y
2014-01-08,1304.99,0.045919,,,931066,军工龙头,CNY,CN10Y
2014-01-09,1279.44,0.0459689999999999,,,931066,军工龙头,CNY,CN10Y
2014-01-10,1253.44,0.046016,,,931066,军工龙头,CNY,CN10Y
2014-01-13,1247.36,0.04597,,,931066,军工龙头,CNY,CN10Y
2014-01-14,1269.5,0.04602,,,931066,军工龙头,CNY,CN10Y
2014-01-15,1288.51,0.045523,,,931066,军工龙头,CNY,CN10Y
2014-01-16,1278.71,0.045871,,,931066,军工龙头,CNY,CN10Y
2014-01-17,1262.89,0.0459689999999999,,,931066,军工龙头,CNY,CN10Y
2014-01-20,1254.79,0.045923,,,931066,军工龙头,CNY,CN10Y
2014-01-21,1270.67,0.045423,,,931066,军工龙头,CNY,CN10Y
2014-01-22,1302.21,0.045023,,,931066,军工龙头,CNY,CN10Y
2014-01-23,1313.65,0.044825,,,931066,军工龙头,CNY,CN10Y
2014-01-24,1331.53,0.0451229999999999,,,931066,军工龙头,CNY,CN10Y
2014-01-26,,0.044777,,,931066,军工龙头,CNY,CN10Y
2014-01-27,1316.9,0.044802,,,931066,军工龙头,CNY,CN10Y
2014-01-28,1306.95,0.045027,,,931066,军工龙头,CNY,CN10Y
2014-01-29,1326.34,0.045102,,,931066,军工龙头,CNY,CN10Y
2014-01-30,1327.88,0.045019,,,931066,军工龙头,CNY,CN10Y
2014-02-07,1366.62,0.044781,,,931066,军工龙头,CNY,CN10Y
2014-02-08,,0.04468,,,931066,军工龙头,CNY,CN10Y
2014-02-10,1403.47,0.044831,,,931066,军工龙头,CNY,CN10Y
2014-02-11,1391.35,0.044881,,,931066,军工龙头,CNY,CN10Y
2014-02-12,1395.87,0.0447829999999999,,,931066,军工龙头,CNY,CN10Y
2014-02-13,1363.36,0.0447829999999999,,,931066,军工龙头,CNY,CN10Y
2014-02-14,1378.58,0.044781,,,931066,军工龙头,CNY,CN10Y
2014-02-17,1409.72,0.0451349999999999,,,931066,军工龙头,CNY,CN10Y
2014-02-18,1401.25,0.045385,,,931066,军工龙头,CNY,CN10Y
2014-02-19,1398.86,0.045535,,,931066,军工龙头,CNY,CN10Y
2014-02-20,1377.2,0.045336,,,931066,军工龙头,CNY,CN10Y
2014-02-21,1376.71,0.0452339999999999,,,931066,军工龙头,CNY,CN10Y
2014-02-24,1370.31,0.044836,,,931066,军工龙头,CNY,CN10Y
2014-02-25,1298.74,0.044336,,,931066,军工龙头,CNY,CN10Y
2014-02-26,1296.82,0.044496,,,931066,军工龙头,CNY,CN10Y
2014-02-27,1281.12,0.043896,,,931066,军工龙头,CNY,CN10Y
2014-02-28,1299.42,0.044276,,,931066,军工龙头,CNY,CN10Y
2014-03-03,1327.86,0.044576,,,931066,军工龙头,CNY,CN10Y
2014-03-04,1325.79,0.045026,,,931066,军工龙头,CNY,CN10Y
2014-03-05,1317.59,0.045176,,,931066,军工龙头,CNY,CN10Y
2014-03-06,1306.15,0.045145,,,931066,军工龙头,CNY,CN10Y
2014-03-07,1299.85,0.0451419999999999,,,931066,军工龙头,CNY,CN10Y
2014-03-10,1249.54,0.045043,,,931066,军工龙头,CNY,CN10Y
2014-03-11,1246.94,0.045125,,,931066,军工龙头,CNY,CN10Y
2014-03-12,1243.64,0.0450239999999999,,,931066,军工龙头,CNY,CN10Y
2014-03-13,1262.54,0.0450239999999999,,,931066,军工龙头,CNY,CN10Y
2014-03-14,1256.11,0.044924,,,931066,军工龙头,CNY,CN10Y
2014-03-17,1282.84,0.04482,,,931066,军工龙头,CNY,CN10Y
2014-03-18,1277.42,0.045095,,,931066,军工龙头,CNY,CN10Y
2014-03-19,1261.39,0.045095,,,931066,军工龙头,CNY,CN10Y
2014-03-20,1224.7,0.045195,,,931066,军工龙头,CNY,CN10Y
2014-03-21,1247.17,0.045044,,,931066,军工龙头,CNY,CN10Y
2014-03-24,1241.87,0.045148,,,931066,军工龙头,CNY,CN10Y
2014-03-25,1245.02,0.0451919999999999,,,931066,军工龙头,CNY,CN10Y
2014-03-26,1244.94,0.044992,,,931066,军工龙头,CNY,CN10Y
2014-03-27,1218.85,0.045109,,,931066,军工龙头,CNY,CN10Y
2014-03-28,1189.99,0.045104,,,931066,军工龙头,CNY,CN10Y
2014-03-31,1190.97,0.045004,,,931066,军工龙头,CNY,CN10Y
2014-04-01,1210.19,0.044954,,,931066,军工龙头,CNY,CN10Y
2014-04-02,1205.05,0.044904,,,931066,军工龙头,CNY,CN10Y
2014-04-03,1206.32,0.044904,,,931066,军工龙头,CNY,CN10Y
2014-04-04,1225.22,0.044904,,,931066,军工龙头,CNY,CN10Y
2014-04-08,1248.92,0.044499,,,931066,军工龙头,CNY,CN10Y
2014-04-09,1256.45,0.044771,,,931066,军工龙头,CNY,CN10Y
2014-04-10,1260.98,0.044571,,,931066,军工龙头,CNY,CN10Y
2014-04-11,1259.26,0.044521,,,931066,军工龙头,CNY,CN10Y
2014-04-14,1269.21,0.044248,,,931066,军工龙头,CNY,CN10Y
2014-04-15,1262.06,0.044001,,,931066,军工龙头,CNY,CN10Y
2014-04-16,1258.34,0.043601,,,931066,军工龙头,CNY,CN10Y
2014-04-17,1261.94,0.0427489999999999,,,931066,军工龙头,CNY,CN10Y
2014-04-18,1264.03,0.0429969999999999,,,931066,军工龙头,CNY,CN10Y
2014-04-21,1247.17,0.0429969999999999,,,931066,军工龙头,CNY,CN10Y
2014-04-22,1239.88,0.0429969999999999,,,931066,军工龙头,CNY,CN10Y
2014-04-23,1250.1,0.043297,,,931066,军工龙头,CNY,CN10Y
2014-04-24,1235.91,0.043394,,,931066,军工龙头,CNY,CN10Y
2014-04-25,1208.52,0.043294,,,931066,军工龙头,CNY,CN10Y
2014-04-28,1178.61,0.043301,,,931066,军工龙头,CNY,CN10Y
2014-04-29,1193.64,0.043202,,,931066,军工龙头,CNY,CN10Y
2014-04-30,1203.46,0.043002,,,931066,军工龙头,CNY,CN10Y
2014-05-04,,0.0429019999999999,,,931066,军工龙头,CNY,CN10Y
2014-05-05,1215.67,0.043002,,,931066,军工龙头,CNY,CN10Y
2014-05-06,1225.72,0.042803,,,931066,军工龙头,CNY,CN10Y
2014-05-07,1209.41,0.042803,,,931066,军工龙头,CNY,CN10Y
2014-05-08,1205.26,0.042303,,,931066,军工龙头,CNY,CN10Y
2014-05-09,1192.32,0.041205,,,931066,军工龙头,CNY,CN10Y
2014-05-12,1220.95,0.041205,,,931066,军工龙头,CNY,CN10Y
2014-05-13,1220.76,0.041505,,,931066,军工龙头,CNY,CN10Y
2014-05-14,1221.57,0.041704,,,931066,军工龙头,CNY,CN10Y
2014-05-15,1204.5,0.0419149999999999,,,931066,军工龙头,CNY,CN10Y
2014-05-16,1202.16,0.041919,,,931066,军工龙头,CNY,CN10Y
2014-05-19,1192.61,0.0417079999999999,,,931066,军工龙头,CNY,CN10Y
2014-05-20,1192.57,0.0417699999999999,,,931066,军工龙头,CNY,CN10Y
2014-05-21,1205.47,0.0417699999999999,,,931066,军工龙头,CNY,CN10Y
2014-05-22,1203.6,0.0417699999999999,,,931066,军工龙头,CNY,CN10Y
2014-05-23,1216.04,0.041574,,,931066,军工龙头,CNY,CN10Y
2014-05-26,1225.58,0.0416739999999999,,,931066,军工龙头,CNY,CN10Y
2014-05-27,1222.75,0.041574,,,931066,军工龙头,CNY,CN10Y
2014-05-28,1245.74,0.0414569999999999,,,931066,军工龙头,CNY,CN10Y
2014-05-29,1231.72,0.041159,,,931066,军工龙头,CNY,CN10Y
2014-05-30,1246.28,0.040714,,,931066,军工龙头,CNY,CN10Y
2014-06-03,1240.97,0.040214,,,931066,军工龙头,CNY,CN10Y
2014-06-04,1228.79,0.040114,,,931066,军工龙头,CNY,CN10Y
2014-06-05,1241.04,0.0403139999999999,,,931066,军工龙头,CNY,CN10Y
2014-06-06,1233.39,0.040614,,,931066,军工龙头,CNY,CN10Y
2014-06-09,1218.19,0.040714,,,931066,军工龙头,CNY,CN10Y
2014-06-10,1242.04,0.040614,,,931066,军工龙头,CNY,CN10Y
2014-06-11,1244.55,0.040614,,,931066,军工龙头,CNY,CN10Y
2014-06-12,1248.06,0.04064,,,931066,军工龙头,CNY,CN10Y
2014-06-13,1266.79,0.0408399999999999,,,931066,军工龙头,CNY,CN10Y
2014-06-16,1281.27,0.04064,,,931066,军工龙头,CNY,CN10Y
2014-06-17,1265.55,0.04054,,,931066,军工龙头,CNY,CN10Y
2014-06-18,1267.64,0.04054,,,931066,军工龙头,CNY,CN10Y
2014-06-19,1231.73,0.040408,,,931066,军工龙头,CNY,CN10Y
2014-06-20,1246.85,0.0405149999999999,,,931066,军工龙头,CNY,CN10Y
2014-06-23,1255.29,0.0405149999999999,,,931066,军工龙头,CNY,CN10Y
2014-06-24,1270.84,0.0405149999999999,,,931066,军工龙头,CNY,CN10Y
2014-06-25,1262.88,0.0405569999999999,,,931066,军工龙头,CNY,CN10Y
2014-06-26,1284.31,0.040472,,,931066,军工龙头,CNY,CN10Y
2014-06-27,1298.88,0.040485,,,931066,军工龙头,CNY,CN10Y
2014-06-30,1333.47,0.040612,,,931066,军工龙头,CNY,CN10Y
2014-07-01,1334.38,0.040812,,,931066,军工龙头,CNY,CN10Y
2014-07-02,1348.87,0.041212,,,931066,军工龙头,CNY,CN10Y
2014-07-03,1344.58,0.041503,,,931066,军工龙头,CNY,CN10Y
2014-07-04,1341.64,0.041747,,,931066,军工龙头,CNY,CN10Y
2014-07-07,1356.32,0.041212,,,931066,军工龙头,CNY,CN10Y
2014-07-08,1360.86,0.041162,,,931066,军工龙头,CNY,CN10Y
2014-07-09,1348.3,0.041276,,,931066,军工龙头,CNY,CN10Y
2014-07-10,1335.67,0.041298,,,931066,军工龙头,CNY,CN10Y
2014-07-11,1361.04,0.041198,,,931066,军工龙头,CNY,CN10Y
2014-07-14,1365.72,0.041298,,,931066,军工龙头,CNY,CN10Y
2014-07-15,1363.29,0.041571,,,931066,军工龙头,CNY,CN10Y
2014-07-16,1325.88,0.042171,,,931066,军工龙头,CNY,CN10Y
2014-07-17,1313.59,0.04267,,,931066,军工龙头,CNY,CN10Y
2014-07-18,1309.91,0.043019,,,931066,军工龙头,CNY,CN10Y
2014-07-21,1326.37,0.043017,,,931066,军工龙头,CNY,CN10Y
2014-07-22,1337.93,0.042717,,,931066,军工龙头,CNY,CN10Y
2014-07-23,1330.26,0.042967,,,931066,军工龙头,CNY,CN10Y
2014-07-24,1314.65,0.042967,,,931066,军工龙头,CNY,CN10Y
2014-07-25,1323.23,0.042711,,,931066,军工龙头,CNY,CN10Y
2014-07-28,1355.23,0.042713,,,931066,军工龙头,CNY,CN10Y
2014-07-29,1382.56,0.042805,,,931066,军工龙头,CNY,CN10Y
2014-07-30,1399.63,0.042905,,,931066,军工龙头,CNY,CN10Y
2014-07-31,1407.68,0.042655,,,931066,军工龙头,CNY,CN10Y
2014-08-01,1382.31,0.0425689999999999,,,931066,军工龙头,CNY,CN10Y
2014-08-04,1400.26,0.04253,,,931066,军工龙头,CNY,CN10Y
2014-08-05,1407.61,0.042576,,,931066,军工龙头,CNY,CN10Y
2014-08-06,1416.7,0.042463,,,931066,军工龙头,CNY,CN10Y
2014-08-07,1404.79,0.042563,,,931066,军工龙头,CNY,CN10Y
2014-08-08,1418.16,0.042712,,,931066,军工龙头,CNY,CN10Y
2014-08-11,1440.47,0.042815,,,931066,军工龙头,CNY,CN10Y
2014-08-12,1446.66,0.042815,,,931066,军工龙头,CNY,CN10Y
2014-08-13,1433.56,0.04255,,,931066,军工龙头,CNY,CN10Y
2014-08-14,1423.77,0.0421,,,931066,军工龙头,CNY,CN10Y
2014-08-15,1436.91,0.042002,,,931066,军工龙头,CNY,CN10Y
2014-08-18,1454.06,0.042153,,,931066,军工龙头,CNY,CN10Y
2014-08-19,1464.92,0.042422,,,931066,军工龙头,CNY,CN10Y
2014-08-20,1457.91,0.042523,,,931066,军工龙头,CNY,CN10Y
2014-08-21,1465.11,0.042512,,,931066,军工龙头,CNY,CN10Y
2014-08-22,1477.45,0.04256,,,931066,军工龙头,CNY,CN10Y
2014-08-25,1461.58,0.042524,,,931066,军工龙头,CNY,CN10Y
2014-08-26,1437.31,0.042462,,,931066,军工龙头,CNY,CN10Y
2014-08-27,1461.74,0.04231,,,931066,军工龙头,CNY,CN10Y
2014-08-28,1438.47,0.0422539999999999,,,931066,军工龙头,CNY,CN10Y
2014-08-29,1470.37,0.042361,,,931066,军工龙头,CNY,CN10Y
2014-09-01,1505.62,0.042405,,,931066,军工龙头,CNY,CN10Y
2014-09-02,1548.41,0.04249,,,931066,军工龙头,CNY,CN10Y
2014-09-03,1561.85,0.04264,,,931066,军工龙头,CNY,CN10Y
2014-09-04,1591.96,0.042814,,,931066,军工龙头,CNY,CN10Y
2014-09-05,1603.57,0.0429279999999999,,,931066,军工龙头,CNY,CN10Y
2014-09-09,1606.07,0.042868,,,931066,军工龙头,CNY,CN10Y
2014-09-10,1610.38,0.042934,,,931066,军工龙头,CNY,CN10Y
2014-09-11,1607.15,0.042937,,,931066,军工龙头,CNY,CN10Y
2014-09-12,1641.56,0.042793,,,931066,军工龙头,CNY,CN10Y
2014-09-15,1659.19,0.0425969999999999,,,931066,军工龙头,CNY,CN10Y
2014-09-16,1586.93,0.042634,,,931066,军工龙头,CNY,CN10Y
2014-09-17,1583.52,0.042008,,,931066,军工龙头,CNY,CN10Y
2014-09-18,1585.56,0.0414379999999999,,,931066,军工龙头,CNY,CN10Y
2014-09-19,1617.3,0.04031,,,931066,军工龙头,CNY,CN10Y
2014-09-22,1589.09,0.04011,,,931066,军工龙头,CNY,CN10Y
2014-09-23,1627.31,0.039911,,,931066,军工龙头,CNY,CN10Y
2014-09-24,1661.91,0.040425,,,931066,军工龙头,CNY,CN10Y
2014-09-25,1673.57,0.040025,,,931066,军工龙头,CNY,CN10Y
2014-09-26,1667.99,0.0400919999999999,,,931066,军工龙头,CNY,CN10Y
2014-09-28,,0.040227,,,931066,军工龙头,CNY,CN10Y
2014-09-29,1691.79,0.039925,,,931066,军工龙头,CNY,CN10Y
2014-09-30,1698.0,0.039824,,,931066,军工龙头,CNY,CN10Y
2014-10-08,1732.08,0.03993,,,931066,军工龙头,CNY,CN10Y
2014-10-09,1732.94,0.040014,,,931066,军工龙头,CNY,CN10Y
2014-10-10,1730.37,0.040131,,,931066,军工龙头,CNY,CN10Y
2014-10-11,,0.039965,,,931066,军工龙头,CNY,CN10Y
2014-10-13,1730.97,0.0399529999999999,,,931066,军工龙头,CNY,CN10Y
2014-10-14,1723.07,0.039015,,,931066,军工龙头,CNY,CN10Y
2014-10-15,1712.57,0.038215,,,931066,军工龙头,CNY,CN10Y
2014-10-16,1682.05,0.038116,,,931066,军工龙头,CNY,CN10Y
2014-10-17,1684.05,0.03811,,,931066,军工龙头,CNY,CN10Y
2014-10-20,1702.47,0.037441,,,931066,军工龙头,CNY,CN10Y
2014-10-21,1677.43,0.037323,,,931066,军工龙头,CNY,CN10Y
2014-10-22,1679.0,0.037929,,,931066,军工龙头,CNY,CN10Y
2014-10-23,1662.72,0.038108,,,931066,军工龙头,CNY,CN10Y
2014-10-24,1647.78,0.038013,,,931066,军工龙头,CNY,CN10Y
2014-10-27,1655.48,0.037756,,,931066,军工龙头,CNY,CN10Y
2014-10-28,1716.46,0.037424,,,931066,军工龙头,CNY,CN10Y
2014-10-29,1733.76,0.037176,,,931066,军工龙头,CNY,CN10Y
2014-10-30,1725.89,0.037688,,,931066,军工龙头,CNY,CN10Y
2014-10-31,1720.16,0.037559,,,931066,军工龙头,CNY,CN10Y
2014-11-03,1735.25,0.037007,,,931066,军工龙头,CNY,CN10Y
2014-11-04,1719.86,0.036412,,,931066,军工龙头,CNY,CN10Y
2014-11-05,1717.46,0.0361169999999999,,,931066,军工龙头,CNY,CN10Y
2014-11-06,1725.15,0.036223,,,931066,军工龙头,CNY,CN10Y
2014-11-07,1709.58,0.0356309999999999,,,931066,军工龙头,CNY,CN10Y
2014-11-10,1718.44,0.035132,,,931066,军工龙头,CNY,CN10Y
2014-11-11,1658.44,0.034981,,,931066,军工龙头,CNY,CN10Y
2014-11-12,1685.74,0.03556,,,931066,军工龙头,CNY,CN10Y
2014-11-13,1632.54,0.035924,,,931066,军工龙头,CNY,CN10Y
2014-11-14,1643.63,0.036466,,,931066,军工龙头,CNY,CN10Y
2014-11-17,1677.52,0.0366089999999999,,,931066,军工龙头,CNY,CN10Y
2014-11-18,1671.42,0.03607,,,931066,军工龙头,CNY,CN10Y
2014-11-19,1678.07,0.036154,,,931066,军工龙头,CNY,CN10Y
2014-11-20,1663.63,0.036521,,,931066,军工龙头,CNY,CN10Y
2014-11-21,1680.39,0.036514,,,931066,军工龙头,CNY,CN10Y
2014-11-24,1700.0,0.034767,,,931066,军工龙头,CNY,CN10Y
2014-11-25,1729.61,0.035216,,,931066,军工龙头,CNY,CN10Y
2014-11-26,1738.92,0.035228,,,931066,军工龙头,CNY,CN10Y
2014-11-27,1754.14,0.035243,,,931066,军工龙头,CNY,CN10Y
2014-11-28,1745.27,0.035249,,,931066,军工龙头,CNY,CN10Y
2014-12-01,1730.27,0.035145,,,931066,军工龙头,CNY,CN10Y
2014-12-02,1748.31,0.035553,,,931066,军工龙头,CNY,CN10Y
2014-12-03,1781.67,0.036238,,,931066,军工龙头,CNY,CN10Y
2014-12-04,1809.33,0.036633,,,931066,军工龙头,CNY,CN10Y
2014-12-05,1859.05,0.037759,,,931066,军工龙头,CNY,CN10Y
2014-12-08,1930.56,0.037918,,,931066,军工龙头,CNY,CN10Y
2014-12-09,1821.09,0.037532,,,931066,军工龙头,CNY,CN10Y
2014-12-10,1887.02,0.037111,,,931066,军工龙头,CNY,CN10Y
2014-12-11,1900.7,0.037282,,,931066,军工龙头,CNY,CN10Y
2014-12-12,1905.71,0.037513,,,931066,军工龙头,CNY,CN10Y
2014-12-15,1925.84,0.037815,,,931066,军工龙头,CNY,CN10Y
2014-12-16,1930.36,0.037522,,,931066,军工龙头,CNY,CN10Y
2014-12-17,1903.47,0.037377,,,931066,军工龙头,CNY,CN10Y
2014-12-18,1945.44,0.037614,,,931066,军工龙头,CNY,CN10Y
2014-12-19,1929.68,0.037106,,,931066,军工龙头,CNY,CN10Y
2014-12-22,1838.17,0.03703,,,931066,军工龙头,CNY,CN10Y
2014-12-23,1775.81,0.036604,,,931066,军工龙头,CNY,CN10Y
2014-12-24,1809.19,0.035975,,,931066,军工龙头,CNY,CN10Y
2014-12-25,1841.17,0.036305,,,931066,军工龙头,CNY,CN10Y
2014-12-26,1858.51,0.036339,,,931066,军工龙头,CNY,CN10Y
2014-12-29,1829.03,0.036213,,,931066,军工龙头,CNY,CN10Y
2014-12-30,1778.58,0.036213,,,931066,军工龙头,CNY,CN10Y
2014-12-31,1800.99,0.036219,,,931066,军工龙头,CNY,CN10Y
2015-01-04,,0.036285,,,931066,军工龙头,CNY,CN10Y
2015-01-05,1825.87,0.036251,,,931066,军工龙头,CNY,CN10Y
2015-01-06,1898.89,0.0363529999999999,,,931066,军工龙头,CNY,CN10Y
2015-01-07,1876.09,0.036408,,,931066,军工龙头,CNY,CN10Y
2015-01-08,1873.57,0.036415,,,931066,军工龙头,CNY,CN10Y
2015-01-09,1858.17,0.036348,,,931066,军工龙头,CNY,CN10Y
2015-01-12,1836.4,0.036371,,,931066,军工龙头,CNY,CN10Y
2015-01-13,1865.52,0.035836,,,931066,军工龙头,CNY,CN10Y
2015-01-14,1858.03,0.035411,,,931066,军工龙头,CNY,CN10Y
2015-01-15,1871.23,0.035464,,,931066,军工龙头,CNY,CN10Y
2015-01-16,1901.28,0.035017,,,931066,军工龙头,CNY,CN10Y
2015-01-19,1828.97,0.03475,,,931066,军工龙头,CNY,CN10Y
2015-01-20,1904.97,0.034711,,,931066,军工龙头,CNY,CN10Y
2015-01-21,1954.04,0.034672,,,931066,军工龙头,CNY,CN10Y
2015-01-22,2019.71,0.034521,,,931066,军工龙头,CNY,CN10Y
2015-01-23,1976.43,0.03452,,,931066,军工龙头,CNY,CN10Y
2015-01-26,2007.76,0.0343409999999999,,,931066,军工龙头,CNY,CN10Y
2015-01-27,2014.47,0.034309,,,931066,军工龙头,CNY,CN10Y
2015-01-28,1982.82,0.034767,,,931066,军工龙头,CNY,CN10Y
2015-01-29,1971.48,0.034966,,,931066,军工龙头,CNY,CN10Y
2015-01-30,1935.43,0.035019,,,931066,军工龙头,CNY,CN10Y
2015-02-02,1936.45,0.034729,,,931066,军工龙头,CNY,CN10Y
2015-02-03,1968.42,0.034533,,,931066,军工龙头,CNY,CN10Y
2015-02-04,1971.64,0.034589,,,931066,军工龙头,CNY,CN10Y
2015-02-05,1941.19,0.034018,,,931066,军工龙头,CNY,CN10Y
2015-02-06,1883.98,0.034325,,,931066,军工龙头,CNY,CN10Y
2015-02-09,1870.25,0.034236,,,931066,军工龙头,CNY,CN10Y
2015-02-10,1913.23,0.0342989999999999,,,931066,军工龙头,CNY,CN10Y
2015-02-11,1941.55,0.033955,,,931066,军工龙头,CNY,CN10Y
2015-02-12,1946.25,0.033865,,,931066,军工龙头,CNY,CN10Y
2015-02-13,1974.52,0.033552,,,931066,军工龙头,CNY,CN10Y
2015-02-15,,0.0336249999999999,,,931066,军工龙头,CNY,CN10Y
2015-02-16,2023.28,0.033374,,,931066,军工龙头,CNY,CN10Y
2015-02-17,2023.57,0.033373,,,931066,军工龙头,CNY,CN10Y
2015-02-25,2021.33,0.03349,,,931066,军工龙头,CNY,CN10Y
2015-02-26,2041.49,0.033594,,,931066,军工龙头,CNY,CN10Y
2015-02-27,2080.3,0.033745,,,931066,军工龙头,CNY,CN10Y
2015-02-28,,0.033602,,,931066,军工龙头,CNY,CN10Y
2015-03-02,2103.44,0.033883,,,931066,军工龙头,CNY,CN10Y
2015-03-03,2085.42,0.034022,,,931066,军工龙头,CNY,CN10Y
2015-03-04,2110.93,0.0338689999999999,,,931066,军工龙头,CNY,CN10Y
2015-03-05,2092.7,0.034369,,,931066,军工龙头,CNY,CN10Y
2015-03-06,2063.35,0.034753,,,931066,军工龙头,CNY,CN10Y
2015-03-09,2094.86,0.034922,,,931066,军工龙头,CNY,CN10Y
2015-03-10,2108.51,0.035228,,,931066,军工龙头,CNY,CN10Y
2015-03-11,2095.92,0.034466,,,931066,军工龙头,CNY,CN10Y
2015-03-12,2094.8,0.034412,,,931066,军工龙头,CNY,CN10Y
2015-03-13,2126.55,0.034879,,,931066,军工龙头,CNY,CN10Y
2015-03-16,2192.29,0.035301,,,931066,军工龙头,CNY,CN10Y
2015-03-17,2237.85,0.035428,,,931066,军工龙头,CNY,CN10Y
2015-03-18,2282.19,0.0355189999999999,,,931066,军工龙头,CNY,CN10Y
2015-03-19,2290.64,0.035348,,,931066,军工龙头,CNY,CN10Y
2015-03-20,2303.5,0.034958,,,931066,军工龙头,CNY,CN10Y
2015-03-23,2347.4,0.034933,,,931066,军工龙头,CNY,CN10Y
2015-03-24,2381.2,0.034841,,,931066,军工龙头,CNY,CN10Y
2015-03-25,2395.2,0.035037,,,931066,军工龙头,CNY,CN10Y
2015-03-26,2401.59,0.03544,,,931066,军工龙头,CNY,CN10Y
2015-03-27,2393.11,0.035678,,,931066,军工龙头,CNY,CN10Y
2015-03-30,2417.04,0.035849,,,931066,军工龙头,CNY,CN10Y
2015-03-31,2429.6,0.036483,,,931066,军工龙头,CNY,CN10Y
2015-04-01,2469.46,0.035997,,,931066,军工龙头,CNY,CN10Y
2015-04-02,2491.83,0.035438,,,931066,军工龙头,CNY,CN10Y
2015-04-03,2538.41,0.03572,,,931066,军工龙头,CNY,CN10Y
2015-04-07,2570.29,0.035987,,,931066,军工龙头,CNY,CN10Y
2015-04-08,2504.1,0.036938,,,931066,军工龙头,CNY,CN10Y
2015-04-09,2469.34,0.03704,,,931066,军工龙头,CNY,CN10Y
2015-04-10,2538.02,0.036947,,,931066,军工龙头,CNY,CN10Y
2015-04-13,2580.66,0.0366849999999999,,,931066,军工龙头,CNY,CN10Y
2015-04-14,2580.38,0.036211,,,931066,军工龙头,CNY,CN10Y
2015-04-15,2513.66,0.035954,,,931066,军工龙头,CNY,CN10Y
2015-04-16,2569.98,0.0356,,,931066,军工龙头,CNY,CN10Y
2015-04-17,2654.6,0.035627,,,931066,军工龙头,CNY,CN10Y
2015-04-20,2676.4,0.034554,,,931066,军工龙头,CNY,CN10Y
2015-04-21,2736.93,0.034055,,,931066,军工龙头,CNY,CN10Y
2015-04-22,2799.18,0.034052,,,931066,军工龙头,CNY,CN10Y
2015-04-23,2806.37,0.034151,,,931066,军工龙头,CNY,CN10Y
2015-04-24,2807.81,0.034454,,,931066,军工龙头,CNY,CN10Y
2015-04-27,2883.97,0.033952,,,931066,军工龙头,CNY,CN10Y
2015-04-28,2791.65,0.033804,,,931066,军工龙头,CNY,CN10Y
2015-04-29,2834.0,0.034,,,931066,军工龙头,CNY,CN10Y
2015-04-30,2842.62,0.033503,,,931066,军工龙头,CNY,CN10Y
2015-05-04,2934.87,0.033804,,,931066,军工龙头,CNY,CN10Y
2015-05-05,2848.06,0.034006,,,931066,军工龙头,CNY,CN10Y
2015-05-06,2804.78,0.03456,,,931066,军工龙头,CNY,CN10Y
2015-05-07,2726.52,0.034401,,,931066,军工龙头,CNY,CN10Y
2015-05-08,2846.06,0.033703,,,931066,军工龙头,CNY,CN10Y
2015-05-11,2960.29,0.033752,,,931066,军工龙头,CNY,CN10Y
2015-05-12,3077.39,0.034002,,,931066,军工龙头,CNY,CN10Y
2015-05-13,3034.15,0.034002,,,931066,军工龙头,CNY,CN10Y
2015-05-14,3023.15,0.033803,,,931066,军工龙头,CNY,CN10Y
2015-05-15,3061.0,0.033907,,,931066,军工龙头,CNY,CN10Y
2015-05-18,3137.1,0.034109,,,931066,军工龙头,CNY,CN10Y
2015-05-19,3201.57,0.034311,,,931066,军工龙头,CNY,CN10Y
2015-05-20,3295.79,0.034282,,,931066,军工龙头,CNY,CN10Y
2015-05-21,3405.49,0.034257,,,931066,军工龙头,CNY,CN10Y
2015-05-22,3438.16,0.0341599999999999,,,931066,军工龙头,CNY,CN10Y
2015-05-25,3597.48,0.03431,,,931066,军工龙头,CNY,CN10Y
2015-05-26,3802.0,0.0352139999999999,,,931066,军工龙头,CNY,CN10Y
2015-05-27,3827.3,0.035055,,,931066,军工龙头,CNY,CN10Y
2015-05-28,3552.9,0.0356519999999999,,,931066,军工龙头,CNY,CN10Y
2015-05-29,3623.36,0.035954,,,931066,军工龙头,CNY,CN10Y
2015-06-01,3801.67,0.036404,,,931066,军工龙头,CNY,CN10Y
2015-06-02,3919.23,0.03588,,,931066,军工龙头,CNY,CN10Y
2015-06-03,3847.62,0.036111,,,931066,军工龙头,CNY,CN10Y
2015-06-04,3804.6,0.035912,,,931066,军工龙头,CNY,CN10Y
2015-06-05,3849.47,0.035814,,,931066,军工龙头,CNY,CN10Y
2015-06-08,3754.53,0.035613,,,931066,军工龙头,CNY,CN10Y
2015-06-09,3771.4,0.035565,,,931066,军工龙头,CNY,CN10Y
2015-06-10,3817.45,0.035912,,,931066,军工龙头,CNY,CN10Y
2015-06-11,3862.46,0.036197,,,931066,军工龙头,CNY,CN10Y
2015-06-12,3915.04,0.036226,,,931066,军工龙头,CNY,CN10Y
2015-06-15,3835.7,0.036681,,,931066,军工龙头,CNY,CN10Y
2015-06-16,3664.02,0.036099,,,931066,军工龙头,CNY,CN10Y
2015-06-17,3718.32,0.036052,,,931066,军工龙头,CNY,CN10Y
2015-06-18,3592.73,0.03573,,,931066,军工龙头,CNY,CN10Y
2015-06-19,3383.79,0.035825,,,931066,军工龙头,CNY,CN10Y
2015-06-23,3495.06,0.036054,,,931066,军工龙头,CNY,CN10Y
2015-06-24,3558.84,0.036079,,,931066,军工龙头,CNY,CN10Y
2015-06-25,3410.01,0.036028,,,931066,军工龙头,CNY,CN10Y
2015-06-26,3100.82,0.03608,,,931066,军工龙头,CNY,CN10Y
2015-06-29,2879.49,0.03603,,,931066,军工龙头,CNY,CN10Y
2015-06-30,3056.09,0.035976,,,931066,军工龙头,CNY,CN10Y
2015-07-01,2889.43,0.036127,,,931066,军工龙头,CNY,CN10Y
2015-07-02,2685.89,0.036223,,,931066,军工龙头,CNY,CN10Y
2015-07-03,2515.23,0.035719,,,931066,军工龙头,CNY,CN10Y
2015-07-06,2435.57,0.034917,,,931066,军工龙头,CNY,CN10Y
2015-07-07,2249.1,0.034361,,,931066,军工龙头,CNY,CN10Y
2015-07-08,2136.94,0.034307,,,931066,军工龙头,CNY,CN10Y
2015-07-09,2238.06,0.034358,,,931066,军工龙头,CNY,CN10Y
2015-07-10,2354.1,0.034885,,,931066,军工龙头,CNY,CN10Y
2015-07-13,2496.03,0.0350139999999999,,,931066,军工龙头,CNY,CN10Y
2015-07-14,2590.52,0.035341,,,931066,军工龙头,CNY,CN10Y
2015-07-15,2478.67,0.035495,,,931066,军工龙头,CNY,CN10Y
2015-07-16,2567.35,0.0352079999999999,,,931066,军工龙头,CNY,CN10Y
2015-07-17,2760.25,0.035123,,,931066,军工龙头,CNY,CN10Y
2015-07-20,2868.66,0.035009,,,931066,军工龙头,CNY,CN10Y
2015-07-21,2883.32,0.0352139999999999,,,931066,军工龙头,CNY,CN10Y
2015-07-22,2972.66,0.035145,,,931066,军工龙头,CNY,CN10Y
2015-07-23,3048.96,0.034751,,,931066,军工龙头,CNY,CN10Y
2015-07-24,3046.53,0.034602,,,931066,军工龙头,CNY,CN10Y
2015-07-27,2800.28,0.034602,,,931066,军工龙头,CNY,CN10Y
2015-07-28,2762.66,0.034401,,,931066,军工龙头,CNY,CN10Y
2015-07-29,2952.24,0.034302,,,931066,军工龙头,CNY,CN10Y
2015-07-30,2929.26,0.034402,,,931066,军工龙头,CNY,CN10Y
2015-07-31,2827.14,0.034752,,,931066,军工龙头,CNY,CN10Y
2015-08-03,2659.86,0.0347,,,931066,军工龙头,CNY,CN10Y
2015-08-04,2845.3,0.0347,,,931066,军工龙头,CNY,CN10Y
2015-08-05,2824.05,0.034701,,,931066,军工龙头,CNY,CN10Y
2015-08-06,2797.25,0.0346,,,931066,军工龙头,CNY,CN10Y
2015-08-07,2891.89,0.034553,,,931066,军工龙头,CNY,CN10Y
2015-08-10,3060.36,0.034755,,,931066,军工龙头,CNY,CN10Y
2015-08-11,3059.3,0.0352559999999999,,,931066,军工龙头,CNY,CN10Y
2015-08-12,3032.35,0.035402,,,931066,军工龙头,CNY,CN10Y
2015-08-13,3088.41,0.035153,,,931066,军工龙头,CNY,CN10Y
2015-08-14,3066.06,0.035052,,,931066,军工龙头,CNY,CN10Y
2015-08-17,3102.64,0.035176,,,931066,军工龙头,CNY,CN10Y
2015-08-18,2876.73,0.035126,,,931066,军工龙头,CNY,CN10Y
2015-08-19,2928.48,0.0352009999999999,,,931066,军工龙头,CNY,CN10Y
2015-08-20,2796.9,0.035051,,,931066,军工龙头,CNY,CN10Y
2015-08-21,2668.37,0.0349509999999999,,,931066,军工龙头,CNY,CN10Y
2015-08-24,2445.63,0.034701,,,931066,军工龙头,CNY,CN10Y
2015-08-25,2249.06,0.034577,,,931066,军工龙头,CNY,CN10Y
2015-08-26,2118.66,0.03429,,,931066,军工龙头,CNY,CN10Y
2015-08-27,2219.28,0.033902,,,931066,军工龙头,CNY,CN10Y
2015-08-28,2375.2,0.033803,,,931066,军工龙头,CNY,CN10Y
2015-08-31,2377.03,0.033252,,,931066,军工龙头,CNY,CN10Y
2015-09-01,2249.23,0.033002,,,931066,军工龙头,CNY,CN10Y
2015-09-02,2170.3,0.033002,,,931066,军工龙头,CNY,CN10Y
2015-09-06,,0.033203,,,931066,军工龙头,CNY,CN10Y
2015-09-07,2126.16,0.033353,,,931066,军工龙头,CNY,CN10Y
2015-09-08,2199.14,0.033603,,,931066,军工龙头,CNY,CN10Y
2015-09-09,2268.62,0.033478,,,931066,军工龙头,CNY,CN10Y
2015-09-10,2255.93,0.033453,,,931066,军工龙头,CNY,CN10Y
2015-09-11,2255.49,0.0334039999999999,,,931066,军工龙头,CNY,CN10Y
2015-09-14,2127.37,0.033303,,,931066,军工龙头,CNY,CN10Y
2015-09-15,1991.85,0.033104,,,931066,军工龙头,CNY,CN10Y
2015-09-16,2132.28,0.033103,,,931066,军工龙头,CNY,CN10Y
2015-09-17,2098.81,0.033204,,,931066,军工龙头,CNY,CN10Y
2015-09-18,2114.35,0.033105,,,931066,军工龙头,CNY,CN10Y
2015-09-21,2223.5,0.033204,,,931066,军工龙头,CNY,CN10Y
2015-09-22,2228.88,0.033255,,,931066,军工龙头,CNY,CN10Y
2015-09-23,2213.37,0.033354,,,931066,军工龙头,CNY,CN10Y
2015-09-24,2239.06,0.03318,,,931066,军工龙头,CNY,CN10Y
2015-09-25,2165.38,0.033101,,,931066,军工龙头,CNY,CN10Y
2015-09-28,2209.93,0.032906,,,931066,军工龙头,CNY,CN10Y
2015-09-29,2159.14,0.032457,,,931066,军工龙头,CNY,CN10Y
2015-09-30,2203.65,0.032362,,,931066,军工龙头,CNY,CN10Y
2015-10-08,2283.75,0.032409,,,931066,军工龙头,CNY,CN10Y
2015-10-09,2325.69,0.031486,,,931066,军工龙头,CNY,CN10Y
2015-10-10,,0.031612,,,931066,军工龙头,CNY,CN10Y
2015-10-12,2411.17,0.031488,,,931066,军工龙头,CNY,CN10Y
2015-10-13,2431.13,0.0310639999999999,,,931066,军工龙头,CNY,CN10Y
2015-10-14,2399.92,0.030414,,,931066,军工龙头,CNY,CN10Y
2015-10-15,2485.38,0.0308139999999999,,,931066,军工龙头,CNY,CN10Y
2015-10-16,2520.68,0.031216,,,931066,军工龙头,CNY,CN10Y
2015-10-19,2487.83,0.031214,,,931066,军工龙头,CNY,CN10Y
2015-10-20,2552.8,0.030615,,,931066,军工龙头,CNY,CN10Y
2015-10-21,2395.98,0.0306159999999999,,,931066,军工龙头,CNY,CN10Y
2015-10-22,2482.91,0.030516,,,931066,军工龙头,CNY,CN10Y
2015-10-23,2529.98,0.0304,,,931066,军工龙头,CNY,CN10Y
2015-10-26,2564.32,0.0302,,,931066,军工龙头,CNY,CN10Y
2015-10-27,2644.53,0.0298,,,931066,军工龙头,CNY,CN10Y
2015-10-28,2562.76,0.02987,,,931066,军工龙头,CNY,CN10Y
2015-10-29,2580.57,0.0305,,,931066,军工龙头,CNY,CN10Y
2015-10-30,2580.87,0.0306,,,931066,军工龙头,CNY,CN10Y
2015-11-02,2504.75,0.030525,,,931066,军工龙头,CNY,CN10Y
2015-11-03,2490.9,0.0308,,,931066,军工龙头,CNY,CN10Y
2015-11-04,2622.75,0.031351,,,931066,军工龙头,CNY,CN10Y
2015-11-05,2623.29,0.03115,,,931066,军工龙头,CNY,CN10Y
2015-11-06,2698.52,0.03125,,,931066,军工龙头,CNY,CN10Y
2015-11-09,2741.73,0.032099,,,931066,军工龙头,CNY,CN10Y
2015-11-10,2750.5,0.032001,,,931066,军工龙头,CNY,CN10Y
2015-11-11,2780.09,0.0312259999999999,,,931066,军工龙头,CNY,CN10Y
2015-11-12,2778.04,0.031351,,,931066,军工龙头,CNY,CN10Y
2015-11-13,2699.09,0.031251,,,931066,军工龙头,CNY,CN10Y
2015-11-16,2762.96,0.031352,,,931066,军工龙头,CNY,CN10Y
2015-11-17,2759.7,0.031252,,,931066,军工龙头,CNY,CN10Y
2015-11-18,2694.68,0.031402,,,931066,军工龙头,CNY,CN10Y
2015-11-19,2784.45,0.031402,,,931066,军工龙头,CNY,CN10Y
2015-11-20,2832.46,0.031251,,,931066,军工龙头,CNY,CN10Y
2015-11-23,2782.98,0.0313019999999999,,,931066,军工龙头,CNY,CN10Y
2015-11-24,2791.98,0.031077,,,931066,军工龙头,CNY,CN10Y
2015-11-25,2833.03,0.030853,,,931066,军工龙头,CNY,CN10Y
2015-11-26,2818.95,0.030503,,,931066,军工龙头,CNY,CN10Y
2015-11-27,2643.95,0.0306029999999999,,,931066,军工龙头,CNY,CN10Y
2015-11-30,2625.75,0.030404,,,931066,军工龙头,CNY,CN10Y
2015-12-01,2613.8,0.0305039999999999,,,931066,军工龙头,CNY,CN10Y
2015-12-02,2610.66,0.030454,,,931066,军工龙头,CNY,CN10Y
2015-12-03,2661.55,0.030304,,,931066,军工龙头,CNY,CN10Y
2015-12-04,2630.89,0.030254,,,931066,军工龙头,CNY,CN10Y
2015-12-07,2651.85,0.03028,,,931066,军工龙头,CNY,CN10Y
2015-12-08,2598.03,0.030005,,,931066,军工龙头,CNY,CN10Y
2015-12-09,2612.6,0.0299679999999999,,,931066,军工龙头,CNY,CN10Y
2015-12-10,2597.55,0.030018,,,931066,军工龙头,CNY,CN10Y
2015-12-11,2590.39,0.029931,,,931066,军工龙头,CNY,CN10Y
2015-12-14,2633.5,0.030306,,,931066,军工龙头,CNY,CN10Y
2015-12-15,2658.61,0.030157,,,931066,军工龙头,CNY,CN10Y
2015-12-16,2655.07,0.030007,,,931066,军工龙头,CNY,CN10Y
2015-12-17,2704.74,0.029857,,,931066,军工龙头,CNY,CN10Y
2015-12-18,2693.92,0.029408,,,931066,军工龙头,CNY,CN10Y
2015-12-21,2719.82,0.028811,,,931066,军工龙头,CNY,CN10Y
2015-12-22,2740.67,0.02861,,,931066,军工龙头,CNY,CN10Y
2015-12-23,2690.76,0.02846,,,931066,军工龙头,CNY,CN10Y
2015-12-24,2674.86,0.02801,,,931066,军工龙头,CNY,CN10Y
2015-12-25,2688.78,0.028061,,,931066,军工龙头,CNY,CN10Y
2015-12-28,2633.88,0.027961,,,931066,军工龙头,CNY,CN10Y
2015-12-29,2658.68,0.028061,,,931066,军工龙头,CNY,CN10Y
2015-12-30,2694.79,0.0282609999999999,,,931066,军工龙头,CNY,CN10Y
2015-12-31,2641.86,0.028212,,,931066,军工龙头,CNY,CN10Y
2016-01-04,2447.17,0.02871,,,931066,军工龙头,CNY,CN10Y
2016-01-05,2461.23,0.028911,,,931066,军工龙头,CNY,CN10Y
2016-01-06,2515.23,0.0288609999999999,,,931066,军工龙头,CNY,CN10Y
2016-01-07,2305.12,0.028511,,,931066,军工龙头,CNY,CN10Y
2016-01-08,2322.98,0.028362,,,931066,军工龙头,CNY,CN10Y
2016-01-11,2169.54,0.028187,,,931066,军工龙头,CNY,CN10Y
2016-01-12,2165.11,0.027887,,,931066,军工龙头,CNY,CN10Y
2016-01-13,2078.46,0.027237,,,931066,军工龙头,CNY,CN10Y
2016-01-14,2172.08,0.027513,,,931066,军工龙头,CNY,CN10Y
2016-01-15,2120.08,0.027464,,,931066,军工龙头,CNY,CN10Y
2016-01-18,2160.8,0.027764,,,931066,军工龙头,CNY,CN10Y
2016-01-19,2236.31,0.027964,,,931066,军工龙头,CNY,CN10Y
2016-01-20,2210.86,0.028114,,,931066,军工龙头,CNY,CN10Y
2016-01-21,2124.24,0.0279139999999999,,,931066,军工龙头,CNY,CN10Y
2016-01-22,2156.18,0.027741,,,931066,军工龙头,CNY,CN10Y
2016-01-25,2166.87,0.02859,,,931066,军工龙头,CNY,CN10Y
2016-01-26,2014.46,0.028616,,,931066,军工龙头,CNY,CN10Y
2016-01-27,2017.35,0.029016,,,931066,军工龙头,CNY,CN10Y
2016-01-28,1916.67,0.028866,,,931066,军工龙头,CNY,CN10Y
2016-01-29,1984.71,0.028419,,,931066,军工龙头,CNY,CN10Y
2016-02-01,1956.1,0.028368,,,931066,军工龙头,CNY,CN10Y
2016-02-02,2030.58,0.028818,,,931066,军工龙头,CNY,CN10Y
2016-02-03,2043.99,0.028918,,,931066,军工龙头,CNY,CN10Y
2016-02-04,2081.51,0.02855,,,931066,军工龙头,CNY,CN10Y
2016-02-05,2057.8,0.0285349999999999,,,931066,军工龙头,CNY,CN10Y
2016-02-06,,0.0285349999999999,,,931066,军工龙头,CNY,CN10Y
2016-02-14,,0.028221,,,931066,军工龙头,CNY,CN10Y
2016-02-15,2079.78,0.028371,,,931066,军工龙头,CNY,CN10Y
2016-02-16,2157.25,0.028376,,,931066,军工龙头,CNY,CN10Y
2016-02-17,2192.59,0.028351,,,931066,军工龙头,CNY,CN10Y
2016-02-18,2167.5,0.028351,,,931066,军工龙头,CNY,CN10Y
2016-02-19,2177.42,0.028251,,,931066,军工龙头,CNY,CN10Y
2016-02-22,2204.9,0.028426,,,931066,军工龙头,CNY,CN10Y
2016-02-23,2171.23,0.028451,,,931066,军工龙头,CNY,CN10Y
2016-02-24,2182.03,0.028676,,,931066,军工龙头,CNY,CN10Y
2016-02-25,2001.25,0.028651,,,931066,军工龙头,CNY,CN10Y
2016-02-26,1999.52,0.028551,,,931066,军工龙头,CNY,CN10Y
2016-02-29,1880.44,0.028502,,,931066,军工龙头,CNY,CN10Y
2016-03-01,1931.47,0.028527,,,931066,军工龙头,CNY,CN10Y
2016-03-02,2026.67,0.028752,,,931066,军工龙头,CNY,CN10Y
2016-03-03,2024.99,0.029002,,,931066,军工龙头,CNY,CN10Y
2016-03-04,1980.1,0.028952,,,931066,军工龙头,CNY,CN10Y
2016-03-07,2019.03,0.029303,,,931066,军工龙头,CNY,CN10Y
2016-03-08,2024.77,0.029352,,,931066,军工龙头,CNY,CN10Y
2016-03-09,1988.46,0.028928,,,931066,军工龙头,CNY,CN10Y
2016-03-10,1953.2,0.0286529999999999,,,931066,军工龙头,CNY,CN10Y
2016-03-11,1942.29,0.028453,,,931066,军工龙头,CNY,CN10Y
2016-03-14,2020.59,0.028504,,,931066,军工龙头,CNY,CN10Y
2016-03-15,2013.5,0.028404,,,931066,军工龙头,CNY,CN10Y
2016-03-16,1987.62,0.028054,,,931066,军工龙头,CNY,CN10Y
2016-03-17,2061.13,0.028154,,,931066,军工龙头,CNY,CN10Y
2016-03-18,2135.61,0.028229,,,931066,军工龙头,CNY,CN10Y
2016-03-21,2193.58,0.0283049999999999,,,931066,军工龙头,CNY,CN10Y
2016-03-22,2211.24,0.028304,,,931066,军工龙头,CNY,CN10Y
2016-03-23,2215.04,0.028307,,,931066,军工龙头,CNY,CN10Y
2016-03-24,2189.59,0.028309,,,931066,军工龙头,CNY,CN10Y
2016-03-25,2191.1,0.028311,,,931066,军工龙头,CNY,CN10Y
2016-03-28,2180.04,0.028665,,,931066,军工龙头,CNY,CN10Y
2016-03-29,2134.61,0.02851,,,931066,军工龙头,CNY,CN10Y
2016-03-30,2215.09,0.028362,,,931066,军工龙头,CNY,CN10Y
2016-03-31,2222.1,0.028419,,,931066,军工龙头,CNY,CN10Y
2016-04-01,2204.02,0.028422,,,931066,军工龙头,CNY,CN10Y
2016-04-05,2258.3,0.028637,,,931066,军工龙头,CNY,CN10Y
2016-04-06,2274.78,0.028689,,,931066,军工龙头,CNY,CN10Y
2016-04-07,2229.62,0.029049,,,931066,军工龙头,CNY,CN10Y
2016-04-08,2205.89,0.029158,,,931066,军工龙头,CNY,CN10Y
2016-04-11,2237.74,0.029091,,,931066,军工龙头,CNY,CN10Y
2016-04-12,2213.68,0.0291,,,931066,军工龙头,CNY,CN10Y
2016-04-13,2242.39,0.029271,,,931066,军工龙头,CNY,CN10Y
2016-04-14,2261.83,0.029352,,,931066,军工龙头,CNY,CN10Y
2016-04-15,2265.54,0.0291509999999999,,,931066,军工龙头,CNY,CN10Y
2016-04-18,2223.46,0.029047,,,931066,军工龙头,CNY,CN10Y
2016-04-19,2234.13,0.02906,,,931066,军工龙头,CNY,CN10Y
2016-04-20,2160.99,0.029258,,,931066,军工龙头,CNY,CN10Y
2016-04-21,2122.18,0.0292079999999999,,,931066,军工龙头,CNY,CN10Y
2016-04-22,2144.06,0.0293089999999999,,,931066,军工龙头,CNY,CN10Y
2016-04-25,2130.81,0.029362,,,931066,军工龙头,CNY,CN10Y
2016-04-26,2144.49,0.029212,,,931066,军工龙头,CNY,CN10Y
2016-04-27,2136.82,0.029108,,,931066,军工龙头,CNY,CN10Y
2016-04-28,2132.48,0.028863,,,931066,军工龙头,CNY,CN10Y
2016-04-29,2130.34,0.028913,,,931066,军工龙头,CNY,CN10Y
2016-05-03,2200.41,0.02889,,,931066,军工龙头,CNY,CN10Y
2016-05-04,2207.79,0.028965,,,931066,军工龙头,CNY,CN10Y
2016-05-05,2220.49,0.029017,,,931066,军工龙头,CNY,CN10Y
2016-05-06,2134.77,0.029016,,,931066,军工龙头,CNY,CN10Y
2016-05-09,2067.31,0.028818,,,931066,军工龙头,CNY,CN10Y
2016-05-10,2067.67,0.0289999999999999,,,931066,军工龙头,CNY,CN10Y
2016-05-11,2054.02,0.029075,,,931066,军工龙头,CNY,CN10Y
2016-05-12,2072.31,0.028975,,,931066,军工龙头,CNY,CN10Y
2016-05-13,2066.47,0.02905,,,931066,军工龙头,CNY,CN10Y
2016-05-16,2098.04,0.029275,,,931066,军工龙头,CNY,CN10Y
2016-05-17,2096.97,0.0293,,,931066,军工龙头,CNY,CN10Y
2016-05-18,2052.13,0.02955,,,931066,军工龙头,CNY,CN10Y
2016-05-19,2066.65,0.0296,,,931066,军工龙头,CNY,CN10Y
2016-05-20,2091.47,0.0295,,,931066,军工龙头,CNY,CN10Y
2016-05-23,2115.27,0.02955,,,931066,军工龙头,CNY,CN10Y
2016-05-24,2088.99,0.02935,,,931066,军工龙头,CNY,CN10Y
2016-05-25,2068.98,0.029401,,,931066,军工龙头,CNY,CN10Y
2016-05-26,2072.57,0.029401,,,931066,军工龙头,CNY,CN10Y
2016-05-27,2069.67,0.029451,,,931066,军工龙头,CNY,CN10Y
2016-05-30,2054.52,0.0297759999999999,,,931066,军工龙头,CNY,CN10Y
2016-05-31,2143.75,0.029851,,,931066,军工龙头,CNY,CN10Y
2016-06-01,2161.03,0.029952,,,931066,军工龙头,CNY,CN10Y
2016-06-02,2173.1,0.030127,,,931066,军工龙头,CNY,CN10Y
2016-06-03,2191.12,0.030152,,,931066,军工龙头,CNY,CN10Y
2016-06-06,2201.46,0.030041,,,931066,军工龙头,CNY,CN10Y
2016-06-07,2197.01,0.030071,,,931066,军工龙头,CNY,CN10Y
2016-06-08,2205.91,0.030077,,,931066,军工龙头,CNY,CN10Y
2016-06-12,,0.030053,,,931066,军工龙头,CNY,CN10Y
2016-06-13,2112.37,0.029979,,,931066,军工龙头,CNY,CN10Y
2016-06-14,2110.47,0.029654,,,931066,军工龙头,CNY,CN10Y
2016-06-15,2174.61,0.029604,,,931066,军工龙头,CNY,CN10Y
2016-06-16,2163.21,0.029455,,,931066,军工龙头,CNY,CN10Y
2016-06-17,2173.08,0.029379,,,931066,军工龙头,CNY,CN10Y
2016-06-20,2185.51,0.029481,,,931066,军工龙头,CNY,CN10Y
2016-06-21,2167.07,0.029405,,,931066,军工龙头,CNY,CN10Y
2016-06-22,2197.95,0.029307,,,931066,军工龙头,CNY,CN10Y
2016-06-23,2197.25,0.029307,,,931066,军工龙头,CNY,CN10Y
2016-06-24,2166.26,0.0288079999999999,,,931066,军工龙头,CNY,CN10Y
2016-06-27,2229.92,0.02831,,,931066,军工龙头,CNY,CN10Y
2016-06-28,2242.83,0.02861,,,931066,军工龙头,CNY,CN10Y
2016-06-29,2248.58,0.028586,,,931066,军工龙头,CNY,CN10Y
2016-06-30,2247.93,0.028411,,,931066,军工龙头,CNY,CN10Y
2016-07-01,2256.45,0.0280379999999999,,,931066,军工龙头,CNY,CN10Y
2016-07-04,2334.16,0.028314,,,931066,军工龙头,CNY,CN10Y
2016-07-05,2345.81,0.0285139999999999,,,931066,军工龙头,CNY,CN10Y
2016-07-06,2346.39,0.028365,,,931066,军工龙头,CNY,CN10Y
2016-07-07,2326.32,0.028066,,,931066,军工龙头,CNY,CN10Y
2016-07-08,2335.28,0.028016,,,931066,军工龙头,CNY,CN10Y
2016-07-11,2344.92,0.028268,,,931066,军工龙头,CNY,CN10Y
2016-07-12,2370.0,0.028368,,,931066,军工龙头,CNY,CN10Y
2016-07-13,2380.08,0.028493,,,931066,军工龙头,CNY,CN10Y
2016-07-14,2386.28,0.028395,,,931066,军工龙头,CNY,CN10Y
2016-07-15,2369.07,0.028271,,,931066,军工龙头,CNY,CN10Y
2016-07-18,2347.79,0.028271,,,931066,军工龙头,CNY,CN10Y
2016-07-19,2350.45,0.028197,,,931066,军工龙头,CNY,CN10Y
2016-07-20,2342.3,0.027996,,,931066,军工龙头,CNY,CN10Y
2016-07-21,2347.5,0.027806,,,931066,军工龙头,CNY,CN10Y
2016-07-22,2337.64,0.027907,,,931066,军工龙头,CNY,CN10Y
2016-07-25,2335.73,0.028068,,,931066,军工龙头,CNY,CN10Y
2016-07-26,2362.03,0.0279139999999999,,,931066,军工龙头,CNY,CN10Y
2016-07-27,2268.92,0.027967,,,931066,军工龙头,CNY,CN10Y
2016-07-28,2273.65,0.027867,,,931066,军工龙头,CNY,CN10Y
2016-07-29,2240.34,0.027768,,,931066,军工龙头,CNY,CN10Y
2016-08-01,2193.16,0.02783,,,931066,军工龙头,CNY,CN10Y
2016-08-02,2206.84,0.0277919999999999,,,931066,军工龙头,CNY,CN10Y
2016-08-03,2215.54,0.027718,,,931066,军工龙头,CNY,CN10Y
2016-08-04,2232.64,0.027694,,,931066,军工龙头,CNY,CN10Y
2016-08-05,2215.23,0.027534,,,931066,军工龙头,CNY,CN10Y
2016-08-08,2264.93,0.027472,,,931066,军工龙头,CNY,CN10Y
2016-08-09,2271.6,0.027125,,,931066,军工龙头,CNY,CN10Y
2016-08-10,2257.4,0.0269499999999999,,,931066,军工龙头,CNY,CN10Y
2016-08-11,2219.11,0.026875,,,931066,军工龙头,CNY,CN10Y
2016-08-12,2240.61,0.026701,,,931066,军工龙头,CNY,CN10Y
2016-08-15,2297.87,0.0264009999999999,,,931066,军工龙头,CNY,CN10Y
2016-08-16,2301.57,0.0266509999999999,,,931066,军工龙头,CNY,CN10Y
2016-08-17,2312.23,0.026901,,,931066,军工龙头,CNY,CN10Y
2016-08-18,2299.66,0.026801,,,931066,军工龙头,CNY,CN10Y
2016-08-19,2307.48,0.027001,,,931066,军工龙头,CNY,CN10Y
2016-08-22,2279.07,0.026801,,,931066,军工龙头,CNY,CN10Y
2016-08-23,2275.18,0.027201,,,931066,军工龙头,CNY,CN10Y
2016-08-24,2288.36,0.027301,,,931066,军工龙头,CNY,CN10Y
2016-08-25,2268.67,0.027201,,,931066,军工龙头,CNY,CN10Y
2016-08-26,2270.97,0.026927,,,931066,军工龙头,CNY,CN10Y
2016-08-29,2273.84,0.0270639999999999,,,931066,军工龙头,CNY,CN10Y
2016-08-30,2281.54,0.027527,,,931066,军工龙头,CNY,CN10Y
2016-08-31,2273.31,0.027425,,,931066,军工龙头,CNY,CN10Y
2016-09-01,2259.22,0.027452,,,931066,军工龙头,CNY,CN10Y
2016-09-02,2241.44,0.027452,,,931066,军工龙头,CNY,CN10Y
2016-09-05,2247.69,0.027503,,,931066,军工龙头,CNY,CN10Y
2016-09-06,2276.0,0.027628,,,931066,军工龙头,CNY,CN10Y
2016-09-07,2269.17,0.027853,,,931066,军工龙头,CNY,CN10Y
2016-09-08,2272.56,0.027753,,,931066,军工龙头,CNY,CN10Y
2016-09-09,2259.45,0.0276779999999999,,,931066,军工龙头,CNY,CN10Y
2016-09-12,2200.01,0.027916,,,931066,军工龙头,CNY,CN10Y
2016-09-13,2213.02,0.027654,,,931066,军工龙头,CNY,CN10Y
2016-09-14,2199.05,0.027579,,,931066,军工龙头,CNY,CN10Y
2016-09-18,,0.027655,,,931066,军工龙头,CNY,CN10Y
2016-09-19,2213.83,0.027605,,,931066,军工龙头,CNY,CN10Y
2016-09-20,2206.42,0.027431,,,931066,军工龙头,CNY,CN10Y
2016-09-21,2210.87,0.0275179999999999,,,931066,军工龙头,CNY,CN10Y
2016-09-22,2217.2,0.027456,,,931066,军工龙头,CNY,CN10Y
2016-09-23,2208.07,0.027318,,,931066,军工龙头,CNY,CN10Y
2016-09-26,2157.89,0.027157,,,931066,军工龙头,CNY,CN10Y
2016-09-27,2172.84,0.0271439999999999,,,931066,军工龙头,CNY,CN10Y
2016-09-28,2171.13,0.027244,,,931066,军工龙头,CNY,CN10Y
2016-09-29,2175.27,0.027282,,,931066,军工龙头,CNY,CN10Y
2016-09-30,2183.95,0.027258,,,931066,军工龙头,CNY,CN10Y
2016-10-08,,0.0270469999999999,,,931066,军工龙头,CNY,CN10Y
2016-10-09,,0.02676,,,931066,军工龙头,CNY,CN10Y
2016-10-10,2229.65,0.026735,,,931066,军工龙头,CNY,CN10Y
2016-10-11,2246.02,0.026835,,,931066,军工龙头,CNY,CN10Y
2016-10-12,2248.44,0.027098,,,931066,军工龙头,CNY,CN10Y
2016-10-13,2250.36,0.02701,,,931066,军工龙头,CNY,CN10Y
2016-10-14,2242.39,0.0269519999999999,,,931066,军工龙头,CNY,CN10Y
2016-10-17,2217.76,0.0269039999999999,,,931066,军工龙头,CNY,CN10Y
2016-10-18,2245.94,0.026965,,,931066,军工龙头,CNY,CN10Y
2016-10-19,2243.05,0.026664,,,931066,军工龙头,CNY,CN10Y
2016-10-20,2248.89,0.026518,,,931066,军工龙头,CNY,CN10Y
2016-10-21,2242.53,0.026451,,,931066,军工龙头,CNY,CN10Y
2016-10-24,2262.81,0.026595,,,931066,军工龙头,CNY,CN10Y
2016-10-25,2262.58,0.026859,,,931066,军工龙头,CNY,CN10Y
2016-10-26,2248.33,0.0272,,,931066,军工龙头,CNY,CN10Y
2016-10-27,2251.1,0.027068,,,931066,军工龙头,CNY,CN10Y
2016-10-28,2237.73,0.027027,,,931066,军工龙头,CNY,CN10Y
2016-10-31,2228.83,0.027425,,,931066,军工龙头,CNY,CN10Y
2016-11-01,2241.93,0.0273749999999999,,,931066,军工龙头,CNY,CN10Y
2016-11-02,2223.0,0.027372,,,931066,军工龙头,CNY,CN10Y
2016-11-03,2230.11,0.027301,,,931066,军工龙头,CNY,CN10Y
2016-11-04,2214.57,0.027339,,,931066,军工龙头,CNY,CN10Y
2016-11-07,2207.62,0.027475,,,931066,军工龙头,CNY,CN10Y
2016-11-08,2222.76,0.027634,,,931066,军工龙头,CNY,CN10Y
2016-11-09,2198.78,0.027651,,,931066,军工龙头,CNY,CN10Y
2016-11-10,2224.36,0.027926,,,931066,军工龙头,CNY,CN10Y
2016-11-11,2239.39,0.0281499999999999,,,931066,军工龙头,CNY,CN10Y
2016-11-14,2251.15,0.0285769999999999,,,931066,军工龙头,CNY,CN10Y
2016-11-15,2257.49,0.028501,,,931066,军工龙头,CNY,CN10Y
2016-11-16,2258.09,0.028652,,,931066,军工龙头,CNY,CN10Y
2016-11-17,2255.95,0.029055,,,931066,军工龙头,CNY,CN10Y
2016-11-18,2242.1,0.028901,,,931066,军工龙头,CNY,CN10Y
2016-11-21,2245.2,0.028851,,,931066,军工龙头,CNY,CN10Y
2016-11-22,2259.42,0.028689,,,931066,军工龙头,CNY,CN10Y
2016-11-23,2254.84,0.028451,,,931066,军工龙头,CNY,CN10Y
2016-11-24,2237.03,0.028502,,,931066,军工龙头,CNY,CN10Y
2016-11-25,2254.16,0.02865,,,931066,军工龙头,CNY,CN10Y
2016-11-28,2260.64,0.028502,,,931066,军工龙头,CNY,CN10Y
2016-11-29,2268.26,0.028906,,,931066,军工龙头,CNY,CN10Y
2016-11-30,2263.94,0.029502,,,931066,军工龙头,CNY,CN10Y
2016-12-01,2280.17,0.029893,,,931066,军工龙头,CNY,CN10Y
2016-12-02,2251.69,0.029895,,,931066,军工龙头,CNY,CN10Y
2016-12-05,2256.35,0.030302,,,931066,军工龙头,CNY,CN10Y
2016-12-06,2250.26,0.0311509999999999,,,931066,军工龙头,CNY,CN10Y
2016-12-07,2269.94,0.0308769999999999,,,931066,军工龙头,CNY,CN10Y
2016-12-08,2256.53,0.030753,,,931066,军工龙头,CNY,CN10Y
2016-12-09,2241.41,0.030853,,,931066,军工龙头,CNY,CN10Y
2016-12-12,2150.61,0.031458,,,931066,军工龙头,CNY,CN10Y
2016-12-13,2161.81,0.031863,,,931066,军工龙头,CNY,CN10Y
2016-12-14,2149.44,0.032186,,,931066,军工龙头,CNY,CN10Y
2016-12-15,2161.51,0.033315,,,931066,军工龙头,CNY,CN10Y
2016-12-16,2171.13,0.032803,,,931066,军工龙头,CNY,CN10Y
2016-12-19,2161.24,0.033316,,,931066,军工龙头,CNY,CN10Y
2016-12-20,2145.05,0.033739,,,931066,军工龙头,CNY,CN10Y
2016-12-21,2173.49,0.032815,,,931066,军工龙头,CNY,CN10Y
2016-12-22,2170.71,0.031908,,,931066,军工龙头,CNY,CN10Y
2016-12-23,2156.48,0.031769,,,931066,军工龙头,CNY,CN10Y
2016-12-26,2162.79,0.031551,,,931066,军工龙头,CNY,CN10Y
2016-12-27,2154.57,0.0316279999999999,,,931066,军工龙头,CNY,CN10Y
2016-12-28,2146.92,0.031223,,,931066,军工龙头,CNY,CN10Y
2016-12-29,2141.75,0.0304709999999999,,,931066,军工龙头,CNY,CN10Y
2016-12-30,2143.31,0.030115,,,931066,军工龙头,CNY,CN10Y
2016-12-31,,0.030115,,,931066,军工龙头,CNY,CN10Y
2017-01-03,2184.26,0.031054,,,931066,军工龙头,CNY,CN10Y
2017-01-04,2213.55,0.031823,,,931066,军工龙头,CNY,CN10Y
2017-01-05,2220.5,0.032086,,,931066,军工龙头,CNY,CN10Y
2017-01-06,2200.06,0.031953,,,931066,军工龙头,CNY,CN10Y
2017-01-09,2236.95,0.031692,,,931066,军工龙头,CNY,CN10Y
2017-01-10,2215.84,0.031792,,,931066,军工龙头,CNY,CN10Y
2017-01-11,2208.41,0.032055,,,931066,军工龙头,CNY,CN10Y
2017-01-12,2183.62,0.031888,,,931066,军工龙头,CNY,CN10Y
2017-01-13,2159.56,0.032022,,,931066,军工龙头,CNY,CN10Y
2017-01-16,2107.9,0.032496,,,931066,军工龙头,CNY,CN10Y
2017-01-17,2140.11,0.032692,,,931066,军工龙头,CNY,CN10Y
2017-01-18,2136.09,0.032682,,,931066,军工龙头,CNY,CN10Y
2017-01-19,2123.56,0.032584,,,931066,军工龙头,CNY,CN10Y
2017-01-20,2152.14,0.03244,,,931066,军工龙头,CNY,CN10Y
2017-01-22,,0.0325499999999999,,,931066,军工龙头,CNY,CN10Y
2017-01-23,2169.12,0.032429,,,931066,军工龙头,CNY,CN10Y
2017-01-24,2161.74,0.032837,,,931066,军工龙头,CNY,CN10Y
2017-01-25,2174.3,0.033463,,,931066,军工龙头,CNY,CN10Y
2017-01-26,2187.77,0.0334649999999999,,,931066,军工龙头,CNY,CN10Y
2017-02-03,2192.89,0.034214,,,931066,军工龙头,CNY,CN10Y
2017-02-04,,0.034099,,,931066,军工龙头,CNY,CN10Y
2017-02-06,2211.76,0.034905,,,931066,军工龙头,CNY,CN10Y
2017-02-07,2196.28,0.034866,,,931066,军工龙头,CNY,CN10Y
2017-02-08,2225.96,0.034591,,,931066,军工龙头,CNY,CN10Y
2017-02-09,2234.39,0.034148,,,931066,军工龙头,CNY,CN10Y
2017-02-10,2222.43,0.0343679999999999,,,931066,军工龙头,CNY,CN10Y
2017-02-13,2235.01,0.034192,,,931066,军工龙头,CNY,CN10Y
2017-02-14,2229.89,0.034107,,,931066,军工龙头,CNY,CN10Y
2017-02-15,2209.72,0.034058,,,931066,军工龙头,CNY,CN10Y
2017-02-16,2233.45,0.033559,,,931066,军工龙头,CNY,CN10Y
2017-02-17,2238.59,0.033311,,,931066,军工龙头,CNY,CN10Y
2017-02-20,2257.1,0.032812,,,931066,军工龙头,CNY,CN10Y
2017-02-21,2267.22,0.033013,,,931066,军工龙头,CNY,CN10Y
2017-02-22,2268.1,0.032839,,,931066,军工龙头,CNY,CN10Y
2017-02-23,2264.32,0.032714,,,931066,军工龙头,CNY,CN10Y
2017-02-24,2268.9,0.032916,,,931066,军工龙头,CNY,CN10Y
2017-02-27,2246.7,0.032871,,,931066,军工龙头,CNY,CN10Y
2017-02-28,2261.24,0.03292,,,931066,军工龙头,CNY,CN10Y
2017-03-01,2276.34,0.033252,,,931066,军工龙头,CNY,CN10Y
2017-03-02,2264.85,0.033483,,,931066,军工龙头,CNY,CN10Y
2017-03-03,2283.04,0.033573,,,931066,军工龙头,CNY,CN10Y
2017-03-06,2322.26,0.033615,,,931066,军工龙头,CNY,CN10Y
2017-03-07,2328.93,0.033643,,,931066,军工龙头,CNY,CN10Y
2017-03-08,2325.64,0.034088,,,931066,军工龙头,CNY,CN10Y
2017-03-09,2308.8,0.034151,,,931066,军工龙头,CNY,CN10Y
2017-03-10,2319.77,0.034156,,,931066,军工龙头,CNY,CN10Y
2017-03-13,2343.99,0.033851,,,931066,军工龙头,CNY,CN10Y
2017-03-14,2333.22,0.033653,,,931066,军工龙头,CNY,CN10Y
2017-03-15,2329.75,0.033524,,,931066,军工龙头,CNY,CN10Y
2017-03-16,2349.45,0.033097,,,931066,军工龙头,CNY,CN10Y
2017-03-17,2322.63,0.033124,,,931066,军工龙头,CNY,CN10Y
2017-03-20,2324.91,0.033141,,,931066,军工龙头,CNY,CN10Y
2017-03-21,2332.06,0.033141,,,931066,军工龙头,CNY,CN10Y
2017-03-22,2323.66,0.033068,,,931066,军工龙头,CNY,CN10Y
2017-03-23,2337.64,0.033034,,,931066,军工龙头,CNY,CN10Y
2017-03-24,2356.36,0.032529,,,931066,军工龙头,CNY,CN10Y
2017-03-27,2347.91,0.032451,,,931066,军工龙头,CNY,CN10Y
2017-03-28,2338.96,0.032626,,,931066,军工龙头,CNY,CN10Y
2017-03-29,2333.44,0.032695,,,931066,军工龙头,CNY,CN10Y
2017-03-30,2286.19,0.03289,,,931066,军工龙头,CNY,CN10Y
2017-03-31,2317.32,0.0328279999999999,,,931066,军工龙头,CNY,CN10Y
2017-04-01,,0.03273,,,931066,军工龙头,CNY,CN10Y
2017-04-05,2357.95,0.033102,,,931066,军工龙头,CNY,CN10Y
2017-04-06,2361.43,0.033109,,,931066,军工龙头,CNY,CN10Y
2017-04-07,2366.48,0.032966,,,931066,军工龙头,CNY,CN10Y
2017-04-10,2349.93,0.033166,,,931066,军工龙头,CNY,CN10Y
2017-04-11,2392.53,0.033209,,,931066,军工龙头,CNY,CN10Y
2017-04-12,2377.26,0.033283,,,931066,军工龙头,CNY,CN10Y
2017-04-13,2387.3,0.03322,,,931066,军工龙头,CNY,CN10Y
2017-04-14,2359.38,0.033599,,,931066,军工龙头,CNY,CN10Y
2017-04-17,2334.58,0.0341599999999999,,,931066,军工龙头,CNY,CN10Y
2017-04-18,2329.37,0.034064,,,931066,军工龙头,CNY,CN10Y
2017-04-19,2308.73,0.034065,,,931066,军工龙头,CNY,CN10Y
2017-04-20,2314.8,0.03424,,,931066,军工龙头,CNY,CN10Y
2017-04-21,2300.13,0.034614,,,931066,军工龙头,CNY,CN10Y
2017-04-24,2244.09,0.034991,,,931066,军工龙头,CNY,CN10Y
2017-04-25,2276.99,0.034568,,,931066,军工龙头,CNY,CN10Y
2017-04-26,2277.45,0.034519,,,931066,军工龙头,CNY,CN10Y
2017-04-27,2275.71,0.034494,,,931066,军工龙头,CNY,CN10Y
2017-04-28,2277.89,0.034668,,,931066,军工龙头,CNY,CN10Y
2017-05-02,2274.53,0.03487,,,931066,军工龙头,CNY,CN10Y
2017-05-03,2283.48,0.035219,,,931066,军工龙头,CNY,CN10Y
2017-05-04,2264.04,0.035517,,,931066,军工龙头,CNY,CN10Y
2017-05-05,2232.03,0.035592,,,931066,军工龙头,CNY,CN10Y
2017-05-08,2174.56,0.036042,,,931066,军工龙头,CNY,CN10Y
2017-05-09,2184.7,0.0363249999999999,,,931066,军工龙头,CNY,CN10Y
2017-05-10,2147.29,0.0369,,,931066,军工龙头,CNY,CN10Y
2017-05-11,2156.7,0.0364,,,931066,军工龙头,CNY,CN10Y
2017-05-12,2145.34,0.036525,,,931066,军工龙头,CNY,CN10Y
2017-05-15,2161.32,0.0361,,,931066,军工龙头,CNY,CN10Y
2017-05-16,2207.09,0.036225,,,931066,军工龙头,CNY,CN10Y
2017-05-17,2198.0,0.036275,,,931066,军工龙头,CNY,CN10Y
2017-05-18,2180.62,0.0360749999999999,,,931066,军工龙头,CNY,CN10Y
2017-05-19,2183.79,0.03625,,,931066,军工龙头,CNY,CN10Y
2017-05-22,2175.74,0.036601,,,931066,军工龙头,CNY,CN10Y
2017-05-23,2134.23,0.036725,,,931066,军工龙头,CNY,CN10Y
2017-05-24,2142.04,0.036601,,,931066,军工龙头,CNY,CN10Y
2017-05-25,2148.62,0.036476,,,931066,军工龙头,CNY,CN10Y
2017-05-26,2139.99,0.036501,,,931066,军工龙头,CNY,CN10Y
2017-05-27,,0.036499,,,931066,军工龙头,CNY,CN10Y
2017-05-31,2141.56,0.0361019999999999,,,931066,军工龙头,CNY,CN10Y
2017-06-01,2118.8,0.036152,,,931066,军工龙头,CNY,CN10Y
2017-06-02,2133.99,0.036277,,,931066,军工龙头,CNY,CN10Y
2017-06-05,2147.38,0.036152,,,931066,军工龙头,CNY,CN10Y
2017-06-06,2175.86,0.036328,,,931066,军工龙头,CNY,CN10Y
2017-06-07,2216.74,0.036427,,,931066,军工龙头,CNY,CN10Y
2017-06-08,2228.08,0.036478,,,931066,军工龙头,CNY,CN10Y
2017-06-09,2241.86,0.036303,,,931066,军工龙头,CNY,CN10Y
2017-06-12,2210.07,0.035841,,,931066,军工龙头,CNY,CN10Y
2017-06-13,2231.79,0.035754,,,931066,军工龙头,CNY,CN10Y
2017-06-14,2219.84,0.035354,,,931066,军工龙头,CNY,CN10Y
2017-06-15,2240.46,0.035554,,,931066,军工龙头,CNY,CN10Y
2017-06-16,2248.04,0.03568,,,931066,军工龙头,CNY,CN10Y
2017-06-19,2274.08,0.035006,,,931066,军工龙头,CNY,CN10Y
2017-06-20,2284.1,0.034881,,,931066,军工龙头,CNY,CN10Y
2017-06-21,2322.0,0.035406,,,931066,军工龙头,CNY,CN10Y
2017-06-22,2297.32,0.035607,,,931066,军工龙头,CNY,CN10Y
2017-06-23,2331.15,0.035457,,,931066,军工龙头,CNY,CN10Y
2017-06-26,2358.22,0.035134,,,931066,军工龙头,CNY,CN10Y
2017-06-27,2352.33,0.035084,,,931066,军工龙头,CNY,CN10Y
2017-06-28,2324.91,0.035333,,,931066,军工龙头,CNY,CN10Y
2017-06-29,2351.76,0.035483,,,931066,军工龙头,CNY,CN10Y
2017-06-30,2348.97,0.035683,,,931066,军工龙头,CNY,CN10Y
2017-07-03,2335.7,0.036033,,,931066,军工龙头,CNY,CN10Y
2017-07-04,2331.11,0.036009,,,931066,军工龙头,CNY,CN10Y
2017-07-05,2365.52,0.03576,,,931066,军工龙头,CNY,CN10Y
2017-07-06,2363.25,0.03566,,,931066,军工龙头,CNY,CN10Y
2017-07-07,2364.1,0.035897,,,931066,军工龙头,CNY,CN10Y
2017-07-10,2343.14,0.035911,,,931066,军工龙头,CNY,CN10Y
2017-07-11,2338.45,0.035836,,,931066,军工龙头,CNY,CN10Y
2017-07-12,2330.32,0.035749,,,931066,军工龙头,CNY,CN10Y
2017-07-13,2338.58,0.035643,,,931066,军工龙头,CNY,CN10Y
2017-07-14,2337.13,0.035637,,,931066,军工龙头,CNY,CN10Y
2017-07-17,2255.38,0.035626,,,931066,军工龙头,CNY,CN10Y
2017-07-18,2254.07,0.035851,,,931066,军工龙头,CNY,CN10Y
2017-07-19,2296.64,0.035901,,,931066,军工龙头,CNY,CN10Y
2017-07-20,2325.48,0.03574,,,931066,军工龙头,CNY,CN10Y
2017-07-21,2334.44,0.035829,,,931066,军工龙头,CNY,CN10Y
2017-07-24,2358.87,0.035769,,,931066,军工龙头,CNY,CN10Y
2017-07-25,2327.86,0.03592,,,931066,军工龙头,CNY,CN10Y
2017-07-26,2313.44,0.03617,,,931066,军工龙头,CNY,CN10Y
2017-07-27,2331.55,0.036021,,,931066,军工龙头,CNY,CN10Y
2017-07-28,2333.74,0.036034,,,931066,军工龙头,CNY,CN10Y
2017-07-31,2331.05,0.03626,,,931066,军工龙头,CNY,CN10Y
2017-08-01,2329.52,0.036373,,,931066,军工龙头,CNY,CN10Y
2017-08-02,2311.71,0.036311,,,931066,军工龙头,CNY,CN10Y
2017-08-03,2287.02,0.0362619999999999,,,931066,军工龙头,CNY,CN10Y
2017-08-04,2308.0,0.0362619999999999,,,931066,军工龙头,CNY,CN10Y
2017-08-07,2322.12,0.036626,,,931066,军工龙头,CNY,CN10Y
2017-08-08,2327.09,0.036538,,,931066,军工龙头,CNY,CN10Y
2017-08-09,2331.32,0.0366,,,931066,军工龙头,CNY,CN10Y
2017-08-10,2335.11,0.036375,,,931066,军工龙头,CNY,CN10Y
2017-08-11,2307.57,0.036163,,,931066,军工龙头,CNY,CN10Y
2017-08-14,2365.21,0.035925,,,931066,军工龙头,CNY,CN10Y
2017-08-15,2382.39,0.035801,,,931066,军工龙头,CNY,CN10Y
2017-08-16,2402.93,0.035988,,,931066,军工龙头,CNY,CN10Y
2017-08-17,2425.12,0.035926,,,931066,军工龙头,CNY,CN10Y
2017-08-18,2411.62,0.035951,,,931066,军工龙头,CNY,CN10Y
2017-08-21,2430.01,0.036181,,,931066,军工龙头,CNY,CN10Y
2017-08-22,2417.03,0.036201,,,931066,军工龙头,CNY,CN10Y
2017-08-23,2411.34,0.036152,,,931066,军工龙头,CNY,CN10Y
2017-08-24,2396.91,0.036252,,,931066,军工龙头,CNY,CN10Y
2017-08-25,2422.7,0.036327,,,931066,军工龙头,CNY,CN10Y
2017-08-28,2459.17,0.036502,,,931066,军工龙头,CNY,CN10Y
2017-08-29,2440.97,0.036303,,,931066,军工龙头,CNY,CN10Y
2017-08-30,2454.97,0.036303,,,931066,军工龙头,CNY,CN10Y
2017-08-31,2457.39,0.036265,,,931066,军工龙头,CNY,CN10Y
2017-09-01,2480.02,0.0363529999999999,,,931066,军工龙头,CNY,CN10Y
2017-09-04,2512.81,0.036454,,,931066,军工龙头,CNY,CN10Y
2017-09-05,2523.78,0.036641,,,931066,军工龙头,CNY,CN10Y
2017-09-06,2538.63,0.036554,,,931066,军工龙头,CNY,CN10Y
2017-09-07,2526.01,0.036155,,,931066,军工龙头,CNY,CN10Y
2017-09-08,2530.48,0.0360049999999999,,,931066,军工龙头,CNY,CN10Y
2017-09-11,2549.02,0.036156,,,931066,军工龙头,CNY,CN10Y
2017-09-12,2527.51,0.036181,,,931066,军工龙头,CNY,CN10Y
2017-09-13,2539.35,0.036356,,,931066,军工龙头,CNY,CN10Y
2017-09-14,2515.66,0.035982,,,931066,军工龙头,CNY,CN10Y
2017-09-15,2525.3,0.035982,,,931066,军工龙头,CNY,CN10Y
2017-09-18,2530.51,0.03622,,,931066,军工龙头,CNY,CN10Y
2017-09-19,2515.12,0.036158,,,931066,军工龙头,CNY,CN10Y
2017-09-20,2540.77,0.036209,,,931066,军工龙头,CNY,CN10Y
2017-09-21,2521.32,0.036334,,,931066,军工龙头,CNY,CN10Y
2017-09-22,2523.02,0.036209,,,931066,军工龙头,CNY,CN10Y
2017-09-25,2500.2,0.035985,,,931066,军工龙头,CNY,CN10Y
2017-09-26,2499.73,0.036172,,,931066,军工龙头,CNY,CN10Y
2017-09-27,2534.0,0.0362349999999999,,,931066,军工龙头,CNY,CN10Y
2017-09-28,2534.99,0.036136,,,931066,军工龙头,CNY,CN10Y
2017-09-29,2548.41,0.036136,,,931066,军工龙头,CNY,CN10Y
2017-09-30,,0.036136,,,931066,军工龙头,CNY,CN10Y
2017-10-09,2589.67,0.036477,,,931066,军工龙头,CNY,CN10Y
2017-10-10,2595.77,0.0364699999999999,,,931066,军工龙头,CNY,CN10Y
2017-10-11,2602.38,0.0365399999999999,,,931066,军工龙头,CNY,CN10Y
2017-10-12,2620.07,0.036765,,,931066,军工龙头,CNY,CN10Y
2017-10-13,2632.58,0.03674,,,931066,军工龙头,CNY,CN10Y
2017-10-16,2626.98,0.037054,,,931066,军工龙头,CNY,CN10Y
2017-10-17,2617.07,0.037409,,,931066,军工龙头,CNY,CN10Y
2017-10-18,2617.33,0.037366,,,931066,军工龙头,CNY,CN10Y
2017-10-19,2582.43,0.037167,,,931066,军工龙头,CNY,CN10Y
2017-10-20,2599.13,0.037217,,,931066,军工龙头,CNY,CN10Y
2017-10-23,2604.1,0.037231,,,931066,军工龙头,CNY,CN10Y
2017-10-24,2606.66,0.03722,,,931066,军工龙头,CNY,CN10Y
2017-10-25,2628.24,0.037768,,,931066,军工龙头,CNY,CN10Y
2017-10-26,2633.62,0.037769,,,931066,军工龙头,CNY,CN10Y
2017-10-27,2621.58,0.038266,,,931066,军工龙头,CNY,CN10Y
2017-10-30,2623.79,0.039115,,,931066,军工龙头,CNY,CN10Y
2017-10-31,2663.99,0.038917,,,931066,军工龙头,CNY,CN10Y
2017-11-01,2658.07,0.03863,,,931066,军工龙头,CNY,CN10Y
2017-11-02,2655.15,0.038718,,,931066,军工龙头,CNY,CN10Y
2017-11-03,2657.06,0.038816,,,931066,军工龙头,CNY,CN10Y
2017-11-06,2706.71,0.038694,,,931066,军工龙头,CNY,CN10Y
2017-11-07,2726.26,0.038813,,,931066,军工龙头,CNY,CN10Y
2017-11-08,2712.77,0.038725,,,931066,军工龙头,CNY,CN10Y
2017-11-09,2758.0,0.038863,,,931066,军工龙头,CNY,CN10Y
2017-11-10,2777.65,0.039,,,931066,军工龙头,CNY,CN10Y
2017-11-13,2800.1,0.0395,,,931066,军工龙头,CNY,CN10Y
2017-11-14,2771.57,0.039525,,,931066,军工龙头,CNY,CN10Y
2017-11-15,2715.92,0.0395,,,931066,军工龙头,CNY,CN10Y
2017-11-16,2741.74,0.0392249999999999,,,931066,军工龙头,CNY,CN10Y
2017-11-17,2682.86,0.0392,,,931066,军工龙头,CNY,CN10Y
2017-11-20,2752.41,0.0394,,,931066,军工龙头,CNY,CN10Y
2017-11-21,2789.12,0.0395,,,931066,军工龙头,CNY,CN10Y
2017-11-22,2800.69,0.03985,,,931066,军工龙头,CNY,CN10Y
2017-11-23,2684.44,0.039851,,,931066,军工龙头,CNY,CN10Y
2017-11-24,2671.88,0.039463,,,931066,军工龙头,CNY,CN10Y
2017-11-27,2598.82,0.039501,,,931066,军工龙头,CNY,CN10Y
2017-11-28,2649.65,0.039601,,,931066,军工龙头,CNY,CN10Y
2017-11-29,2628.3,0.039101,,,931066,军工龙头,CNY,CN10Y
2017-11-30,2594.61,0.038901,,,931066,军工龙头,CNY,CN10Y
2017-12-01,2618.4,0.038852,,,931066,军工龙头,CNY,CN10Y
2017-12-04,2622.5,0.038902,,,931066,军工龙头,CNY,CN10Y
2017-12-05,2584.19,0.038752,,,931066,军工龙头,CNY,CN10Y
2017-12-06,2592.45,0.038752,,,931066,军工龙头,CNY,CN10Y
2017-12-07,2561.19,0.038927,,,931066,军工龙头,CNY,CN10Y
2017-12-08,2600.2,0.039102,,,931066,军工龙头,CNY,CN10Y
2017-12-11,2663.48,0.039303,,,931066,军工龙头,CNY,CN10Y
2017-12-12,2639.36,0.039378,,,931066,军工龙头,CNY,CN10Y
2017-12-13,2671.27,0.039303,,,931066,军工龙头,CNY,CN10Y
2017-12-14,2660.07,0.039104,,,931066,军工龙头,CNY,CN10Y
2017-12-15,2637.84,0.038904,,,931066,军工龙头,CNY,CN10Y
2017-12-18,2610.63,0.038904,,,931066,军工龙头,CNY,CN10Y
2017-12-19,2632.89,0.039005,,,931066,军工龙头,CNY,CN10Y
2017-12-20,2607.4,0.039005,,,931066,军工龙头,CNY,CN10Y
2017-12-21,2652.07,0.039005,,,931066,军工龙头,CNY,CN10Y
2017-12-22,2641.71,0.03878,,,931066,军工龙头,CNY,CN10Y
2017-12-25,2611.41,0.038731,,,931066,军工龙头,CNY,CN10Y
2017-12-26,2608.01,0.038881,,,931066,军工龙头,CNY,CN10Y
2017-12-27,2567.83,0.038956,,,931066,军工龙头,CNY,CN10Y
2017-12-28,2581.07,0.038857,,,931066,军工龙头,CNY,CN10Y
2017-12-29,2600.58,0.038807,,,931066,军工龙头,CNY,CN10Y
2017-12-30,,0.038807,,,931066,军工龙头,CNY,CN10Y
2017-12-31,,0.038807,,,931066,军工龙头,CNY,CN10Y
2018-01-02,2612.36,0.039008,,,931066,军工龙头,CNY,CN10Y
2018-01-03,2655.67,0.039162,,,931066,军工龙头,CNY,CN10Y
2018-01-04,2674.15,0.039319,,,931066,军工龙头,CNY,CN10Y
2018-01-05,2651.8,0.039212,,,931066,军工龙头,CNY,CN10Y
2018-01-08,2644.14,0.03911,,,931066,军工龙头,CNY,CN10Y
2018-01-09,2665.75,0.038909,,,931066,军工龙头,CNY,CN10Y
2018-01-10,2649.63,0.039201,,,931066,军工龙头,CNY,CN10Y
2018-01-11,2667.89,0.039546,,,931066,军工龙头,CNY,CN10Y
2018-01-12,2651.1,0.039337,,,931066,军工龙头,CNY,CN10Y
2018-01-15,2595.3,0.03965,,,931066,军工龙头,CNY,CN10Y
2018-01-16,2590.45,0.039596,39.68,-0.014394387096774191,931066,军工龙头,CNY,CN10Y
2018-01-17,2549.8,0.039597,39.16,-0.014060738508682329,931066,军工龙头,CNY,CN10Y
2018-01-18,2544.8,0.039797,39.06,-0.01419536149513569,931066,军工龙头,CNY,CN10Y
2018-01-19,2550.5,0.039754,39.13,-0.014198160490672119,931066,军工龙头,CNY,CN10Y
2018-01-22,2598.3,0.039522,39.89,-0.0144530604161444,931066,军工龙头,CNY,CN10Y
2018-01-23,2607.66,0.039414,40.12,-0.014488775672981052,931066,军工龙头,CNY,CN10Y
2018-01-24,2611.17,0.039507,40.09,-0.014563123721626343,931066,军工龙头,CNY,CN10Y
2018-01-25,2612.37,0.039435,40.2,-0.014559378109452736,931066,军工龙头,CNY,CN10Y
2018-01-26,2601.66,0.039365,40.14,-0.014452194818136518,931066,军工龙头,CNY,CN10Y
2018-01-29,2536.4,0.039368,39.26,-0.013896782475802342,931066,军工龙头,CNY,CN10Y
2018-01-30,2541.07,0.039292,39.34,-0.01387257956278597,931066,军工龙头,CNY,CN10Y
2018-01-31,2508.26,0.03914,38.88,-0.013419835390946506,931066,军工龙头,CNY,CN10Y
2018-02-01,2445.02,0.039066,38.12,-0.012833051416579217,931066,军工龙头,CNY,CN10Y
2018-02-02,2465.99,0.0390919999999999,38.41,-0.013057113251757249,931066,军工龙头,CNY,CN10Y
2018-02-05,2434.01,0.039167,37.81,-0.012718970378206827,931066,军工龙头,CNY,CN10Y
2018-02-06,2314.03,0.038825,35.92,-0.010985356347438753,931066,军工龙头,CNY,CN10Y
2018-02-07,2287.25,0.0387,35.44,-0.010483295711060943,931066,军工龙头,CNY,CN10Y
2018-02-08,2337.58,0.038801,36.18,-0.011161420121614155,931066,军工龙头,CNY,CN10Y
2018-02-09,2259.29,0.0388,34.98,-0.010212235563178958,931066,军工龙头,CNY,CN10Y
2018-02-11,,0.038775,34.98,-0.010187235563178954,931066,军工龙头,CNY,CN10Y
2018-02-12,2345.32,0.03875,36.24,-0.01115618101545254,931066,军工龙头,CNY,CN10Y
2018-02-13,2366.1,0.0387,36.57,-0.011355181843040744,931066,军工龙头,CNY,CN10Y
2018-02-14,2384.04,0.038702,36.83,-0.011550221558512083,931066,军工龙头,CNY,CN10Y
2018-02-22,2443.16,0.038752,37.72,-0.012240865323435844,931066,军工龙头,CNY,CN10Y
2018-02-23,2454.72,0.038702,37.86,-0.012288899101954569,931066,军工龙头,CNY,CN10Y
2018-02-24,,0.038652,37.86,-0.012238899101954567,931066,军工龙头,CNY,CN10Y
2018-02-26,2533.26,0.038452,38.87,-0.01272521842037561,931066,军工龙头,CNY,CN10Y
2018-02-27,2531.85,0.038201,38.83,-0.012447716456348182,931066,军工龙头,CNY,CN10Y
2018-02-28,2541.22,0.038202,38.92,-0.012508269270298047,931066,军工龙头,CNY,CN10Y
2018-03-01,2585.32,0.038201,39.7,-0.013012083123425694,931066,军工龙头,CNY,CN10Y
2018-03-02,2555.89,0.038352,39.31,-0.01291318036123124,931066,军工龙头,CNY,CN10Y
2018-03-05,2578.77,0.038453,39.66,-0.013238678265254662,931066,军工龙头,CNY,CN10Y
2018-03-06,2595.14,0.038253,40.16,-0.013352601593625498,931066,军工龙头,CNY,CN10Y
2018-03-07,2563.27,0.038203,39.67,-0.012995034282833377,931066,军工龙头,CNY,CN10Y
2018-03-08,2585.39,0.038203,40.14,-0.013290194818136522,931066,军工龙头,CNY,CN10Y
2018-03-09,2643.12,0.038278,40.89,-0.013822142822205917,931066,军工龙头,CNY,CN10Y
2018-03-12,2689.69,0.038243,41.54,-0.01416981752527684,931066,军工龙头,CNY,CN10Y
2018-03-13,2669.57,0.038362,41.25,-0.014119575757575758,931066,军工龙头,CNY,CN10Y
2018-03-14,2632.26,0.038413,40.72,-0.01385504322200393,931066,军工龙头,CNY,CN10Y
2018-03-15,2648.67,0.038257,40.91,-0.013813098753361033,931066,军工龙头,CNY,CN10Y
2018-03-16,2603.23,0.038154,40.23,-0.01329692816306239,931066,军工龙头,CNY,CN10Y
2018-03-19,2616.52,0.038104,40.49,-0.013406543837984689,931066,军工龙头,CNY,CN10Y
2018-03-20,2618.8,0.037906,40.5,-0.013214641975308646,931066,军工龙头,CNY,CN10Y
2018-03-21,2601.48,0.03763,40.37,-0.012859130542482035,931066,军工龙头,CNY,CN10Y
2018-03-22,2575.04,0.03748,39.95,-0.012448710888610763,931066,军工龙头,CNY,CN10Y
2018-03-23,2464.65,0.0370049999999999,38.48,-0.01101747401247391,931066,军工龙头,CNY,CN10Y
2018-03-26,2526.56,0.037307,39.37,-0.011906949199898396,931066,军工龙头,CNY,CN10Y
2018-03-27,2596.81,0.037432,40.34,-0.012642708973723354,931066,军工龙头,CNY,CN10Y
2018-03-28,2552.51,0.037406,39.75,-0.012248767295597485,931066,军工龙头,CNY,CN10Y
2018-03-29,2559.06,0.037456,39.8,-0.012330371859296484,931066,军工龙头,CNY,CN10Y
2018-03-30,2610.91,0.0374069999999999,40.54,-0.0127400044400591,931066,军工龙头,CNY,CN10Y
2018-04-02,2617.29,0.037357,40.68,-0.012774895771878073,931066,军工龙头,CNY,CN10Y
2018-04-03,2595.76,0.037507,40.43,-0.01277289166460549,931066,军工龙头,CNY,CN10Y
2018-04-04,2568.57,0.0372339999999999,40.03,-0.01225273594803887,931066,军工龙头,CNY,CN10Y
2018-04-08,,0.037008,40.03,-0.01202673594803897,931066,军工龙头,CNY,CN10Y
2018-04-09,2580.01,0.036959,40.1,-0.012021344139650874,931066,军工龙头,CNY,CN10Y
2018-04-10,2590.86,0.037159,40.26,-0.012320450571286633,931066,军工龙头,CNY,CN10Y
2018-04-11,2596.75,0.037109,40.3,-0.012295104218362284,931066,军工龙头,CNY,CN10Y
2018-04-12,2565.38,0.037109,39.83,-0.012002296510168216,931066,军工龙头,CNY,CN10Y
2018-04-13,2569.21,0.037062,39.91,-0.012005623152092203,931066,军工龙头,CNY,CN10Y
2018-04-16,2557.55,0.0365609999999999,39.67,-0.011353034282833276,931066,军工龙头,CNY,CN10Y
2018-04-17,2489.64,0.0365119999999999,38.58,-0.010591834110938208,931066,军工龙头,CNY,CN10Y
2018-04-18,2529.42,0.035013,39.2,-0.009502795918367352,931066,军工龙头,CNY,CN10Y
2018-04-19,2573.95,0.035064,39.94,-0.010026443665498243,931066,军工龙头,CNY,CN10Y
2018-04-20,2538.66,0.035215,39.4,-0.009834289340101526,931066,军工龙头,CNY,CN10Y
2018-04-23,2497.49,0.036019,38.77,-0.010225860974980659,931066,军工龙头,CNY,CN10Y
2018-04-24,2549.54,0.035855,39.65,-0.010634319041614122,931066,军工龙头,CNY,CN10Y
2018-04-25,2547.11,0.036118,39.62,-0.010878222110045428,931066,军工龙头,CNY,CN10Y
2018-04-26,2491.64,0.036344,38.62,-0.010450680476437078,931066,军工龙头,CNY,CN10Y
2018-04-27,2490.47,0.036364,38.58,-0.01044383411093831,931066,军工龙头,CNY,CN10Y
2018-04-28,,0.036217,38.58,-0.010296834110938308,931066,军工龙头,CNY,CN10Y
2018-05-02,2484.59,0.036665,36.55,-0.009305218878248974,931066,军工龙头,CNY,CN10Y
2018-05-03,2511.4,0.036467,36.85,-0.009329957937584805,931066,军工龙头,CNY,CN10Y
2018-05-04,2496.31,0.036319,36.67,-0.009048751840741748,931066,军工龙头,CNY,CN10Y
2018-05-07,2539.69,0.036518,37.21,-0.009643503896801936,931066,军工龙头,CNY,CN10Y
2018-05-08,2562.82,0.036922,37.58,-0.010312101117615755,931066,军工龙头,CNY,CN10Y
2018-05-09,2561.38,0.0370739999999999,37.5,-0.01040733333333323,931066,军工龙头,CNY,CN10Y
2018-05-10,2560.53,0.036924,37.52,-0.010271547974413646,931066,军工龙头,CNY,CN10Y
2018-05-11,2539.21,0.036882,37.23,-0.010021940907869994,931066,军工龙头,CNY,CN10Y
2018-05-14,2547.42,0.036937,37.27,-0.010105768446471694,931066,军工龙头,CNY,CN10Y
2018-05-15,2568.24,0.037151,37.57,-0.01053401836571733,931066,军工龙头,CNY,CN10Y
2018-05-16,2560.08,0.037076,37.53,-0.010430649613642418,931066,军工龙头,CNY,CN10Y
2018-05-17,2534.73,0.03712,36.89,-0.010012382759555436,931066,军工龙头,CNY,CN10Y
2018-05-18,2541.11,0.037099,36.71,-0.009858466085535277,931066,军工龙头,CNY,CN10Y
2018-05-21,2570.15,0.036939,37.09,-0.009977554866540849,931066,军工龙头,CNY,CN10Y
2018-05-22,2560.47,0.0366999999999999,37.12,-0.009760344827586104,931066,军工龙头,CNY,CN10Y
2018-05-23,2533.73,0.0364,36.66,-0.009122313147845063,931066,军工龙头,CNY,CN10Y
2018-05-24,2505.92,0.036501,36.28,-0.008937604189636163,931066,军工龙头,CNY,CN10Y
2018-05-25,2471.3,0.036126,35.76,-0.008161794183445186,931066,军工龙头,CNY,CN10Y
2018-05-28,2463.34,0.036101,35.63,-0.008034763682290207,931066,军工龙头,CNY,CN10Y
2018-05-29,2450.09,0.036001,35.19,-0.007583836032963906,931066,军工龙头,CNY,CN10Y
2018-05-30,2384.84,0.035976,34.38,-0.0068893216986620175,931066,军工龙头,CNY,CN10Y
2018-05-31,2418.92,0.0361289999999999,34.9,-0.0074757048710600675,931066,军工龙头,CNY,CN10Y
2018-06-01,2390.69,0.036202,34.47,-0.007191266028430517,931066,军工龙头,CNY,CN10Y
2018-06-04,2401.53,0.036532,34.67,-0.007688619555811946,931066,军工龙头,CNY,CN10Y
2018-06-05,2453.47,0.036602,35.3,-0.008273388101983001,931066,军工龙头,CNY,CN10Y
2018-06-06,2454.82,0.036602,35.37,-0.008329452643483178,931066,军工龙头,CNY,CN10Y
2018-06-07,2437.45,0.036702,35.21,-0.008300977563192275,931066,军工龙头,CNY,CN10Y
2018-06-08,2416.0,0.036453,34.95,-0.007840696709585124,931066,军工龙头,CNY,CN10Y
2018-06-11,2409.28,0.036502,35.39,-0.008245430347555809,931066,军工龙头,CNY,CN10Y
2018-06-12,2433.69,0.036853,35.66,-0.00881037521031968,931066,军工龙头,CNY,CN10Y
2018-06-13,2388.5,0.036627,34.97,-0.008031060623391477,931066,军工龙头,CNY,CN10Y
2018-06-14,2368.06,0.036227,34.55,-0.00728343994211288,931066,军工龙头,CNY,CN10Y
2018-06-15,2334.71,0.036028,34.07,-0.006676664514235396,931066,军工龙头,CNY,CN10Y
2018-06-18,2334.71,0.036028,34.07,-0.006676664514235396,931066,军工龙头,CNY,CN10Y
2018-06-19,2216.78,0.0356029999999999,32.43,-0.0047673539932160565,931066,军工龙头,CNY,CN10Y
2018-06-20,2236.04,0.036054,32.72,-0.005491652811735942,931066,军工龙头,CNY,CN10Y
2018-06-21,2172.47,0.035753,31.82,-0.004326224387177877,931066,军工龙头,CNY,CN10Y
2018-06-22,2202.02,0.035604,32.21,-0.004557741074200556,931066,军工龙头,CNY,CN10Y
2018-06-25,2189.18,0.035803,31.97,-0.004523675633406318,931066,军工龙头,CNY,CN10Y
2018-06-26,2215.39,0.035804,32.29,-0.004834659646949523,931066,军工龙头,CNY,CN10Y
2018-06-27,2186.02,0.035529,31.83,-0.004112097706566127,931066,军工龙头,CNY,CN10Y
2018-06-28,2162.58,0.035304,31.38,-0.0034365685149776934,931066,军工龙头,CNY,CN10Y
2018-06-29,2244.64,0.034756,32.54,-0.004024592501536573,931066,军工龙头,CNY,CN10Y
2018-07-02,2197.82,0.034668,31.85,-0.0032708257456828885,931066,军工龙头,CNY,CN10Y
2018-07-03,2216.78,0.034955,32.11,-0.00381205387729679,931066,军工龙头,CNY,CN10Y
2018-07-04,2168.45,0.035107,31.31,-0.003168322261258384,931066,军工龙头,CNY,CN10Y
2018-07-05,2134.57,0.035005,30.78,-0.002516371020142953,931066,军工龙头,CNY,CN10Y
2018-07-06,2143.23,0.035259,30.94,-0.002938379444085329,931066,军工龙头,CNY,CN10Y
2018-07-09,2207.65,0.035432,31.89,-0.00407420758858576,931066,军工龙头,CNY,CN10Y
2018-07-10,2227.41,0.035431,32.14,-0.004317123210952081,931066,军工龙头,CNY,CN10Y
2018-07-11,2174.17,0.035107,31.37,-0.003229409945808094,931066,军工龙头,CNY,CN10Y
2018-07-12,2234.14,0.035158,32.21,-0.004111741074200561,931066,军工龙头,CNY,CN10Y
2018-07-13,2239.75,0.034858,32.26,-0.003859859888406692,931066,军工龙头,CNY,CN10Y
2018-07-16,2240.75,0.034808,32.25,-0.003800248062015503,931066,军工龙头,CNY,CN10Y
2018-07-17,2232.99,0.034808,32.11,-0.0036650538772967887,931066,军工龙头,CNY,CN10Y
2018-07-18,2209.02,0.034708,31.8,-0.003261459119496858,931066,军工龙头,CNY,CN10Y
2018-07-19,2188.82,0.034409,31.54,-0.002703229549778058,931066,军工龙头,CNY,CN10Y
2018-07-20,2224.57,0.035135,31.97,-0.0038556756334063164,931066,军工龙头,CNY,CN10Y
2018-07-23,2261.83,0.035186,32.45,-0.004369359013867494,931066,军工龙头,CNY,CN10Y
2018-07-24,2287.96,0.035615,32.84,-0.005164330085261879,931066,军工龙头,CNY,CN10Y
2018-07-25,2274.09,0.035614,32.63,-0.004967355807539077,931066,军工龙头,CNY,CN10Y
2018-07-26,2243.26,0.035361,32.24,-0.004343630272952852,931066,军工龙头,CNY,CN10Y
2018-07-27,2226.6,0.035212,31.95,-0.0039130954616588415,931066,军工龙头,CNY,CN10Y
2018-07-30,2201.95,0.035213,31.6,-0.0035674303797468415,931066,军工龙头,CNY,CN10Y
2018-07-31,2195.68,0.0348119999999999,31.53,-0.0030961738027274616,931066,军工龙头,CNY,CN10Y
2018-08-01,2147.64,0.034638,30.82,-0.002191536664503571,931066,军工龙头,CNY,CN10Y
2018-08-02,2076.3,0.034713,29.82,-0.0011784594232059006,931066,军工龙头,CNY,CN10Y
2018-08-03,2016.61,0.034567,28.92,1.11466113416267e-05,931066,军工龙头,CNY,CN10Y
2018-08-06,1970.08,0.034568,28.29,0.0007801795687522109,931066,军工龙头,CNY,CN10Y
2018-08-07,2019.03,0.034876,29.08,-0.00048810453920219293,931066,军工龙头,CNY,CN10Y
2018-08-08,1982.91,0.035222,28.6,-0.00025696503496504264,931066,军工龙头,CNY,CN10Y
2018-08-09,2058.8,0.035476,29.67,-0.0017719218065385955,931066,军工龙头,CNY,CN10Y
2018-08-10,2075.88,0.035525,29.83,-0.0020017013074086487,931066,军工龙头,CNY,CN10Y
2018-08-13,2101.44,0.035826,30.1,-0.0026034086378737553,931066,军工龙头,CNY,CN10Y
2018-08-14,2074.07,0.0355189999999999,29.76,-0.0019168494623654914,931066,军工龙头,CNY,CN10Y
2018-08-15,2031.68,0.035829,29.09,-0.0014529257476796134,931066,军工龙头,CNY,CN10Y
2018-08-16,2022.2,0.036141,28.95,-0.0015986856649395503,931066,军工龙头,CNY,CN10Y
2018-08-17,1994.86,0.036524,28.52,-0.0014608863955119233,931066,军工龙头,CNY,CN10Y
2018-08-20,2023.62,0.036326,28.87,-0.001687967440249391,931066,军工龙头,CNY,CN10Y
2018-08-21,2055.39,0.0363,29.41,-0.0022979598775926535,931066,军工龙头,CNY,CN10Y
2018-08-22,2030.95,0.0360749999999999,29.09,-0.0016989257476795125,931066,军工龙头,CNY,CN10Y
2018-08-23,2039.76,0.036101,29.17,-0.0018192036338704198,931066,军工龙头,CNY,CN10Y
2018-08-24,2023.02,0.036278,28.93,-0.0017118057379882437,931066,军工龙头,CNY,CN10Y
2018-08-27,2083.79,0.036303,29.76,-0.0027008494623655954,931066,军工龙头,CNY,CN10Y
2018-08-28,2088.93,0.036101,29.8,-0.002543953020134229,931066,军工龙头,CNY,CN10Y
2018-08-29,2084.88,0.036101,29.88,-0.0026337978580990642,931066,军工龙头,CNY,CN10Y
2018-08-30,2053.28,0.035801,29.41,-0.001798959877592654,931066,军工龙头,CNY,CN10Y
2018-08-31,2036.17,0.035751,29.15,-0.0014456826758147481,931066,军工龙头,CNY,CN10Y
2018-09-03,2045.85,0.035951,28.96,-0.001420613259668503,931066,军工龙头,CNY,CN10Y
2018-09-04,2087.55,0.036101,29.67,-0.002396921806538596,931066,军工龙头,CNY,CN10Y
2018-09-05,2058.53,0.036101,29.27,-0.001936326272634098,931066,军工龙头,CNY,CN10Y
2018-09-06,2055.36,0.036101,29.35,-0.0020294497444633755,931066,军工龙头,CNY,CN10Y
2018-09-07,2034.62,0.036301,29.05,-0.001877592082616182,931066,军工龙头,CNY,CN10Y
2018-09-10,1990.26,0.036551,28.45,-0.001401615114235498,931066,军工龙头,CNY,CN10Y
2018-09-11,2006.19,0.036751,28.61,-0.001798186298497026,931066,军工龙头,CNY,CN10Y
2018-09-12,1991.21,0.036551,28.37,-0.0013024980613323967,931066,军工龙头,CNY,CN10Y
2018-09-13,2019.47,0.036526,28.75,-0.0017433913043478286,931066,军工龙头,CNY,CN10Y
2018-09-14,1997.62,0.036351,28.47,-0.0012263073410607658,931066,军工龙头,CNY,CN10Y
2018-09-17,1977.51,0.036327,28.24,-0.0009162351274787511,931066,军工龙头,CNY,CN10Y
2018-09-18,2001.79,0.036452,28.57,-0.0014502499124956214,931066,军工龙头,CNY,CN10Y
2018-09-19,2026.75,0.0367269999999999,28.9,-0.0021249238754324218,931066,军工龙头,CNY,CN10Y
2018-09-20,2012.1,0.037003,28.69,-0.0021476497037295275,931066,军工龙头,CNY,CN10Y
2018-09-21,2052.97,0.036752,29.37,-0.0027036513449097757,931066,军工龙头,CNY,CN10Y
2018-09-25,2052.66,0.0367539999999999,29.31,-0.0026359515523710977,931066,军工龙头,CNY,CN10Y
2018-09-26,2062.27,0.036503,29.48,-0.0025816974219810065,931066,军工龙头,CNY,CN10Y
2018-09-27,2030.03,0.036253,28.99,-0.0017583466712659535,931066,军工龙头,CNY,CN10Y
2018-09-28,2038.76,0.036154,29.12,-0.001813340659340662,931066,军工龙头,CNY,CN10Y
2018-09-29,,0.036104,29.12,-0.0017633406593406606,931066,军工龙头,CNY,CN10Y
2018-09-30,,0.036103,29.12,-0.0017623406593406665,931066,军工龙头,CNY,CN10Y
2018-10-08,1949.41,0.036155,27.74,-0.00010597332372025425,931066,军工龙头,CNY,CN10Y
2018-10-09,1923.31,0.036156,27.37,0.0003803536719035397,931066,军工龙头,CNY,CN10Y
2018-10-10,1920.44,0.036156,27.38,0.00036700949598247185,931066,军工龙头,CNY,CN10Y
2018-10-11,1804.91,0.035806,25.81,0.002938672607516471,931066,军工龙头,CNY,CN10Y
2018-10-12,1819.23,0.035831,26.07,0.002527266206367472,931066,军工龙头,CNY,CN10Y
2018-10-15,1804.55,0.035857,25.93,0.0027083682992672595,931066,军工龙头,CNY,CN10Y
2018-10-16,1769.55,0.035757,25.5,0.0034586862745098063,931066,军工龙头,CNY,CN10Y
2018-10-17,1783.81,0.035807,25.7,0.0031035058365758775,931066,军工龙头,CNY,CN10Y
2018-10-18,1745.54,0.035508,25.12,0.0043009171974522295,931066,军工龙头,CNY,CN10Y
2018-10-19,1779.14,0.0356579999999999,25.6,0.003404500000000102,931066,军工龙头,CNY,CN10Y
2018-10-22,1862.36,0.03591,26.75,0.0014731775700934577,931066,军工龙头,CNY,CN10Y
2018-10-23,1820.2,0.035709,26.17,0.002502692777990062,931066,军工龙头,CNY,CN10Y
2018-10-24,1814.48,0.035409,26.1,0.002905176245210722,931066,军工龙头,CNY,CN10Y
2018-10-25,1797.36,0.035409,25.88,0.0032308763523956688,931066,军工龙头,CNY,CN10Y
2018-10-26,1790.75,0.03541,25.78,0.0033797595034910782,931066,军工龙头,CNY,CN10Y
2018-10-29,1745.75,0.0351109999999999,25.05,0.004809159680638823,931066,军工龙头,CNY,CN10Y
2018-10-30,1757.89,0.035161,25.15,0.004600431411530818,931066,军工龙头,CNY,CN10Y
2018-10-31,1788.66,0.035086,25.6,0.003976500000000001,931066,军工龙头,CNY,CN10Y
2018-11-01,1824.03,0.0349359999999999,26.14,0.0033195470543229758,931066,军工龙头,CNY,CN10Y
2018-11-02,1910.74,0.035461,27.37,0.0010753536719035409,931066,军工龙头,CNY,CN10Y
2018-11-05,1911.6,0.035312,27.37,0.0012243536719035372,931066,军工龙头,CNY,CN10Y
2018-11-06,1882.12,0.035113,27.03,0.0018829304476507616,931066,军工龙头,CNY,CN10Y
2018-11-07,1869.37,0.034813,26.85,0.002430947858472997,931066,军工龙头,CNY,CN10Y
2018-11-08,1848.92,0.034813,26.54,0.0028659751318764193,931066,军工龙头,CNY,CN10Y
2018-11-09,1843.13,0.034763,26.4,0.0031157878787878776,931066,军工龙头,CNY,CN10Y
2018-11-12,1887.67,0.034865,27.01,0.0021583246945575674,931066,军工龙头,CNY,CN10Y
2018-11-13,1909.19,0.03474,27.32,0.001863221083455345,931066,军工龙头,CNY,CN10Y
2018-11-14,1897.17,0.034218,27.17,0.002587299963194699,931066,军工龙头,CNY,CN10Y
2018-11-15,1928.13,0.033915,27.7,0.0021860830324909736,931066,军工龙头,CNY,CN10Y
2018-11-16,1947.69,0.033515,27.93,0.002288795202291437,931066,军工龙头,CNY,CN10Y
2018-11-19,1955.0,0.033772,28.04,0.001891338088445077,931066,军工龙头,CNY,CN10Y
2018-11-20,1905.7,0.033771,27.28,0.002885891495601166,931066,军工龙头,CNY,CN10Y
2018-11-21,1900.77,0.0337159999999999,27.21,0.003035194413818547,931066,军工龙头,CNY,CN10Y
2018-11-22,1903.56,0.033917,27.27,0.002753333700036671,931066,军工龙头,CNY,CN10Y
2018-11-23,1838.1,0.033917,26.41,0.003947445285876559,931066,军工龙头,CNY,CN10Y
2018-11-26,1837.87,0.034151,26.38,0.003756505686125851,931066,军工龙头,CNY,CN10Y
2018-11-27,1845.75,0.034,26.44,0.0038214826021179954,931066,军工龙头,CNY,CN10Y
2018-11-28,1876.0,0.0337,26.84,0.003557824143070043,931066,军工龙头,CNY,CN10Y
2018-11-29,1835.73,0.0336,26.27,0.004466235249333844,931066,军工龙头,CNY,CN10Y
2018-11-30,1863.26,0.0335499999999999,26.64,0.003987537537537639,931066,军工龙头,CNY,CN10Y
2018-12-03,1930.21,0.0335,27.6,0.002731884057971014,931066,军工龙头,CNY,CN10Y
2018-12-04,1925.44,0.03305,27.54,0.003260820624546114,931066,军工龙头,CNY,CN10Y
2018-12-05,1915.2,0.03275,27.36,0.003799707602339178,931066,军工龙头,CNY,CN10Y
2018-12-06,1868.23,0.032751,26.68,0.004730259370314842,931066,军工龙头,CNY,CN10Y
2018-12-07,1867.97,0.032853,26.68,0.004628259370314844,931066,军工龙头,CNY,CN10Y
2018-12-10,1838.65,0.032678,26.25,0.0054172380952381,931066,军工龙头,CNY,CN10Y
2018-12-11,1848.23,0.032652,26.38,0.005255505686125851,931066,军工龙头,CNY,CN10Y
2018-12-12,1855.73,0.032703,26.52,0.005004390648567114,931066,军工龙头,CNY,CN10Y
2018-12-13,1890.28,0.033311,27.01,0.003712324694557567,931066,军工龙头,CNY,CN10Y
2018-12-14,1849.89,0.033468,26.49,0.00428209437523594,931066,军工龙头,CNY,CN10Y
2018-12-17,1841.36,0.033713,27.38,0.0028100094959824726,931066,军工龙头,CNY,CN10Y
2018-12-18,1828.01,0.033714,27.13,0.0031455650571323296,931066,军工龙头,CNY,CN10Y
2018-12-19,1804.11,0.033412,26.8,0.003901432835820895,931066,军工龙头,CNY,CN10Y
2018-12-20,1798.83,0.033003,26.69,0.004464216185837394,931066,军工龙头,CNY,CN10Y
2018-12-21,1774.12,0.033168,26.38,0.004739505686125849,931066,军工龙头,CNY,CN10Y
2018-12-24,1791.9,0.033483,26.59,0.004125123354644607,931066,军工龙头,CNY,CN10Y
2018-12-25,1782.06,0.033113,26.42,0.004737113550340649,931066,军工龙头,CNY,CN10Y
2018-12-26,1769.99,0.033011,26.22,0.005127825324180019,931066,军工龙头,CNY,CN10Y
2018-12-27,1756.29,0.032709,26.01,0.005737751249519411,931066,军工龙头,CNY,CN10Y
2018-12-28,1752.17,0.032315,25.95,0.0062206454720616575,931066,军工龙头,CNY,CN10Y
2018-12-29,,0.032265,25.95,0.006270645472061659,931066,军工龙头,CNY,CN10Y
2018-12-30,,0.032265,25.95,0.006270645472061659,931066,军工龙头,CNY,CN10Y
2018-12-31,,0.032265,25.95,0.006270645472061659,931066,军工龙头,CNY,CN10Y
2019-01-02,1750.19,0.031734,25.89,0.006890951718810351,931066,军工龙头,CNY,CN10Y
2019-01-03,1754.7,0.03141,25.93,0.007155368299267259,931066,军工龙头,CNY,CN10Y
2019-01-04,1800.42,0.031513,26.57,0.006123432066240123,931066,军工龙头,CNY,CN10Y
2019-01-07,1854.82,0.031507,27.25,0.00519024770642202,931066,军工龙头,CNY,CN10Y
2019-01-08,1840.57,0.031211,27.11,0.0056757576540022135,931066,军工龙头,CNY,CN10Y
2019-01-09,1852.97,0.0311059999999999,27.3,0.005524036630036731,931066,军工龙头,CNY,CN10Y
2019-01-10,1851.16,0.031006,27.22,0.005731692872887585,931066,军工龙头,CNY,CN10Y
2019-01-11,1868.41,0.031058,27.45,0.005371872495446271,931066,军工龙头,CNY,CN10Y
2019-01-14,1844.2,0.031297,27.13,0.005562565057132332,931066,军工龙头,CNY,CN10Y
2019-01-15,1885.21,0.031383,27.72,0.004692036075036078,931066,军工龙头,CNY,CN10Y
2019-01-16,1871.77,0.030745,27.56,0.0055394702467343945,931066,军工龙头,CNY,CN10Y
2019-01-17,1850.86,0.03076,27.29,0.005883459142543058,931066,军工龙头,CNY,CN10Y
2019-01-18,1876.7,0.03091,27.62,0.005295648081100647,931066,军工龙头,CNY,CN10Y
2019-01-21,1887.88,0.031037,27.76,0.0049860547550432295,931066,军工龙头,CNY,CN10Y
2019-01-22,1851.58,0.031071,27.22,0.005666692872887583,931066,军工龙头,CNY,CN10Y
2019-01-23,1851.54,0.03119,27.19,0.0055882272894446465,931066,军工龙头,CNY,CN10Y
2019-01-24,1870.48,0.031338,27.41,0.005145035388544328,931066,军工龙头,CNY,CN10Y
2019-01-25,1872.23,0.031398,27.5,0.00496563636363636,931066,军工龙头,CNY,CN10Y
2019-01-28,1875.29,0.031397,27.49,0.0049798643142961105,931066,军工龙头,CNY,CN10Y
2019-01-29,1858.89,0.031246,27.28,0.005410891495601169,931066,军工龙头,CNY,CN10Y
2019-01-30,1842.26,0.0311509999999999,27.07,0.005790263391208077,931066,军工龙头,CNY,CN10Y
2019-01-31,1851.83,0.031037,27.16,0.005781851251840945,931066,军工龙头,CNY,CN10Y
2019-02-01,1911.16,0.031032,28.02,0.004656793718772308,931066,军工龙头,CNY,CN10Y
2019-02-02,,0.030978,28.02,0.00471079371877231,931066,军工龙头,CNY,CN10Y
2019-02-03,,0.0309669999999999,28.02,0.004721793718772408,931066,军工龙头,CNY,CN10Y
2019-02-11,1966.61,0.03067,28.84,0.004004063800277392,931066,军工龙头,CNY,CN10Y
2019-02-12,1979.98,0.030748,29.02,0.0037109937973811187,931066,军工龙头,CNY,CN10Y
2019-02-13,2030.8,0.030719,29.79,0.002849311513930853,931066,军工龙头,CNY,CN10Y
2019-02-14,2038.81,0.030726,30.01,0.0025962259246917647,931066,军工龙头,CNY,CN10Y
2019-02-15,2004.99,0.030794,29.49,0.0031157999321804013,931066,军工龙头,CNY,CN10Y
2019-02-18,2082.26,0.031094,30.56,0.0016285130890052353,931066,军工龙头,CNY,CN10Y
2019-02-19,2092.75,0.031279,30.67,0.0013261516139550025,931066,军工龙头,CNY,CN10Y
2019-02-20,2093.82,0.031196,30.75,0.0013243252032520345,931066,军工龙头,CNY,CN10Y
2019-02-21,2088.56,0.031361,30.65,0.0012654274061990253,931066,军工龙头,CNY,CN10Y
2019-02-22,2142.69,0.031451,31.35,0.00044692663476873784,931066,军工龙头,CNY,CN10Y
2019-02-25,2270.64,0.031787,33.25,-0.0017118120300751924,931066,军工龙头,CNY,CN10Y
2019-02-26,2243.73,0.031878,32.82,-0.00140877391834247,931066,军工龙头,CNY,CN10Y
2019-02-27,2232.98,0.0316889999999999,32.68,-0.0010892447980415144,931066,军工龙头,CNY,CN10Y
2019-02-28,2230.07,0.0317309999999999,32.6,-0.0010561533742330272,931066,军工龙头,CNY,CN10Y
2019-03-01,2249.49,0.0318699999999999,32.88,-0.0014563746958636478,931066,军工龙头,CNY,CN10Y
2019-03-04,2217.83,0.032023,33.48,-0.00215442174432497,931066,军工龙头,CNY,CN10Y
2019-03-05,2264.97,0.032149,38.62,-0.006255680476437073,931066,军工龙头,CNY,CN10Y
2019-03-06,2267.33,0.032021,38.85,-0.0062809742599742625,931066,军工龙头,CNY,CN10Y
2019-03-07,2260.07,0.031572,38.5,-0.005597974025974027,931066,军工龙头,CNY,CN10Y
2019-03-08,2188.79,0.031423,37.24,-0.004570153598281418,931066,军工龙头,CNY,CN10Y
2019-03-11,2268.86,0.031374,38.56,-0.005440390041493777,931066,军工龙头,CNY,CN10Y
2019-03-12,2346.13,0.031424,39.65,-0.006203319041614124,931066,军工龙头,CNY,CN10Y
2019-03-13,2291.92,0.031375,38.51,-0.005407718774344324,931066,军工龙头,CNY,CN10Y
2019-03-14,2235.87,0.031475,37.82,-0.00503396351136965,931066,军工龙头,CNY,CN10Y
2019-03-15,2233.15,0.031376,38.09,-0.005122390128642691,931066,军工龙头,CNY,CN10Y
2019-03-18,2276.68,0.031377,38.81,-0.005610444988405055,931066,军工龙头,CNY,CN10Y
2019-03-19,2324.07,0.031377,39.25,-0.005899292993630574,931066,军工龙头,CNY,CN10Y
2019-03-20,2296.9,0.031453,38.72,-0.0056265537190082655,931066,军工龙头,CNY,CN10Y
2019-03-21,2314.89,0.031291,38.89,-0.005577448958601183,931066,军工龙头,CNY,CN10Y
2019-03-22,2330.12,0.03108,38.88,-0.005359835390946505,931066,军工龙头,CNY,CN10Y
2019-03-25,2397.48,0.030831,39.51,-0.005520951910908629,931066,军工龙头,CNY,CN10Y
2019-03-26,2284.54,0.030633,38.07,-0.004365597846073023,931066,军工龙头,CNY,CN10Y
2019-03-27,2260.73,0.030882,38.0,-0.004566210526315791,931066,军工龙头,CNY,CN10Y
2019-03-28,2240.05,0.030634,37.67,-0.004087676665781793,931066,军工龙头,CNY,CN10Y
2019-03-29,2327.68,0.030683,39.12,-0.005120627811860939,931066,军工龙头,CNY,CN10Y
2019-04-01,2419.45,0.031332,40.84,-0.0068462017629774725,931066,军工龙头,CNY,CN10Y
2019-04-02,2441.88,0.031681,41.19,-0.007403262685117748,931066,军工龙头,CNY,CN10Y
2019-04-03,2458.11,0.032331,41.44,-0.008199725868725867,931066,军工龙头,CNY,CN10Y
2019-04-04,2441.5,0.032679,41.01,-0.008294703486954401,931066,军工龙头,CNY,CN10Y
2019-04-08,2395.72,0.032482,40.39,-0.0077233963852438685,931066,军工龙头,CNY,CN10Y
2019-04-09,2398.35,0.0328819999999999,40.31,-0.008074259985115254,931066,军工龙头,CNY,CN10Y
2019-04-10,2379.2,0.032932,39.97,-0.007913235926945213,931066,军工龙头,CNY,CN10Y
2019-04-11,2338.61,0.032784,39.22,-0.007286804691483937,931066,军工龙头,CNY,CN10Y
2019-04-12,2330.68,0.033334,39.29,-0.007882231102061595,931066,军工龙头,CNY,CN10Y
2019-04-15,2317.93,0.033736,38.9,-0.008029059125964012,931066,军工龙头,CNY,CN10Y
2019-04-16,2355.97,0.033937,39.6,-0.00868447474747475,931066,军工龙头,CNY,CN10Y
2019-04-17,2356.42,0.033938,39.58,-0.008672714502273877,931066,军工龙头,CNY,CN10Y
2019-04-18,2360.23,0.033589,39.56,-0.008310941354903945,931066,军工龙头,CNY,CN10Y
2019-04-19,2359.57,0.033741,39.7,-0.008552083123425695,931066,军工龙头,CNY,CN10Y
2019-04-22,2332.16,0.034091,39.16,-0.008554738508682332,931066,军工龙头,CNY,CN10Y
2019-04-23,2260.82,0.033993,38.0,-0.007677210526315793,931066,军工龙头,CNY,CN10Y
2019-04-24,2275.06,0.034343,38.03,-0.008047969760715225,931066,军工龙头,CNY,CN10Y
2019-04-25,2195.06,0.034193,36.87,-0.007070678329264984,931066,军工龙头,CNY,CN10Y
2019-04-26,2185.44,0.034043,36.52,-0.00666074370208105,931066,军工龙头,CNY,CN10Y
2019-04-28,,0.034043,36.52,-0.00666074370208105,931066,军工龙头,CNY,CN10Y
2019-04-29,2126.91,0.034268,35.88,-0.006397319955406915,931066,军工龙头,CNY,CN10Y
2019-04-30,2148.26,0.0338689999999999,36.32,-0.006335960352422808,931066,军工龙头,CNY,CN10Y
2019-05-05,,0.033849,36.32,-0.006315960352422906,931066,军工龙头,CNY,CN10Y
2019-05-06,1995.96,0.0335499999999999,32.53,-0.0028091454042421388,931066,军工龙头,CNY,CN10Y
2019-05-07,2022.34,0.033551,32.93,-0.0031835539022168208,931066,军工龙头,CNY,CN10Y
2019-05-08,2028.57,0.033426,32.75,-0.0028916488549618306,931066,军工龙头,CNY,CN10Y
2019-05-09,2027.46,0.033116,32.51,-0.002356233774223313,931066,军工龙头,CNY,CN10Y
2019-05-10,2115.83,0.033017,33.81,-0.003439951789411415,931066,军工龙头,CNY,CN10Y
2019-05-13,2081.33,0.032709,32.79,-0.0022118972247636495,931066,军工龙头,CNY,CN10Y
2019-05-14,2081.33,0.032859,32.94,-0.0025007729204614415,931066,军工龙头,CNY,CN10Y
2019-05-15,2108.24,0.032762,33.46,-0.002875568439928273,931066,军工龙头,CNY,CN10Y
2019-05-16,2129.12,0.032662,33.58,-0.0028823692674210775,931066,军工龙头,CNY,CN10Y
2019-05-17,2065.6,0.032665,32.1,-0.001512352024922118,931066,军工龙头,CNY,CN10Y
2019-05-20,2103.68,0.032717,32.11,-0.001574053877296793,931066,军工龙头,CNY,CN10Y
2019-05-21,2137.8,0.03299,32.64,-0.0023527450980392155,931066,军工龙头,CNY,CN10Y
2019-05-22,2124.95,0.033264,32.15,-0.0021598009331259722,931066,军工龙头,CNY,CN10Y
2019-05-23,2086.5,0.0331,31.35,-0.0012020733652312598,931066,军工龙头,CNY,CN10Y
2019-05-24,2041.74,0.033125,30.89,-0.0007520637746843695,931066,军工龙头,CNY,CN10Y
2019-05-27,2105.49,0.0335,31.79,-0.0020435671594841165,931066,军工龙头,CNY,CN10Y
2019-05-28,2104.29,0.0331,31.86,-0.0017126804770872528,931066,军工龙头,CNY,CN10Y
2019-05-29,2098.85,0.032875,31.69,-0.0013193041969075461,931066,军工龙头,CNY,CN10Y
2019-05-30,2081.85,0.03275,31.51,-0.0010140431609013054,931066,军工龙头,CNY,CN10Y
2019-05-31,2080.91,0.032751,31.43,-0.0009342643970728648,931066,军工龙头,CNY,CN10Y
2019-06-03,2052.22,0.032401,31.29,-0.00044190763822306994,931066,军工龙头,CNY,CN10Y
2019-06-04,2010.43,0.032101,30.61,0.0005680623979091859,931066,军工龙头,CNY,CN10Y
2019-06-05,2002.08,0.0321,30.48,0.0007083989501312365,931066,军工龙头,CNY,CN10Y
2019-06-06,1956.2,0.032136,29.73,0.001500057854019514,931066,军工龙头,CNY,CN10Y
2019-06-10,1979.99,0.032251,30.33,0.0007196561160567119,931066,军工龙头,CNY,CN10Y
2019-06-11,2040.19,0.032651,31.35,-0.0007530733652312618,931066,军工龙头,CNY,CN10Y
2019-06-12,2026.49,0.032601,31.11,-0.0004569948569591725,931066,军工龙头,CNY,CN10Y
2019-06-13,2024.97,0.032451,31.15,-0.0003482712680577815,931066,军工龙头,CNY,CN10Y
2019-06-14,2001.23,0.032302,30.79,0.00017607729782397052,931066,军工龙头,CNY,CN10Y
2019-06-17,1983.41,0.032252,30.11,0.0009595576220524718,931066,军工龙头,CNY,CN10Y
2019-06-18,1979.9,0.032302,30.14,0.0008765003317850045,931066,军工龙头,CNY,CN10Y
2019-06-19,2019.6,0.032427,31.0,-0.00016893548387096613,931066,军工龙头,CNY,CN10Y
2019-06-20,2056.86,0.032352,31.65,-0.0007564233807266924,931066,军工龙头,CNY,CN10Y
2019-06-21,2091.25,0.032303,32.1,-0.0011503520249221168,931066,军工龙头,CNY,CN10Y
2019-06-24,2088.21,0.0324529999999999,31.91,-0.001114861485427665,931066,军工龙头,CNY,CN10Y
2019-06-25,2081.92,0.032353,31.63,-0.0007374451470123292,931066,军工龙头,CNY,CN10Y
2019-06-26,2094.94,0.0324529999999999,31.88,-0.001085371392722606,931066,军工龙头,CNY,CN10Y
2019-06-27,2112.75,0.032553,32.45,-0.0017363590138674903,931066,军工龙头,CNY,CN10Y
2019-06-28,2090.42,0.032254,32.17,-0.0011691383276344405,931066,军工龙头,CNY,CN10Y
2019-07-01,2154.37,0.032254,33.49,-0.0023943404001194393,931066,军工龙头,CNY,CN10Y
2019-07-02,2148.81,0.0317039999999999,33.38,-0.001745941282204816,931066,军工龙头,CNY,CN10Y
2019-07-03,2141.25,0.031554,33.13,-0.0013698768487775438,931066,军工龙头,CNY,CN10Y
2019-07-04,2175.45,0.031479,33.42,-0.0015567977259126273,931066,军工龙头,CNY,CN10Y
2019-07-05,2164.76,0.031705,33.25,-0.0016298120300751867,931066,军工龙头,CNY,CN10Y
2019-07-08,2091.74,0.031805,32.2,-0.0007490993788819914,931066,军工龙头,CNY,CN10Y
2019-07-09,2090.88,0.03168,32.01,-0.0004397625741955624,931066,军工龙头,CNY,CN10Y
2019-07-10,2089.71,0.031706,32.04,-0.0004950137328339557,931066,军工龙头,CNY,CN10Y
2019-07-11,2084.86,0.03168,32.05,-0.00047875195007800186,931066,军工龙头,CNY,CN10Y
2019-07-12,2086.25,0.0315309999999999,32.02,-0.00030051905059328213,931066,军工龙头,CNY,CN10Y
2019-07-15,2137.36,0.031782,32.68,-0.0011822447980416144,931066,军工龙头,CNY,CN10Y
2019-07-16,2135.35,0.031732,32.58,-0.0010383228974831203,931066,军工龙头,CNY,CN10Y
2019-07-17,2138.03,0.031757,32.61,-0.0010915599509352947,931066,军工龙头,CNY,CN10Y
2019-07-18,2092.77,0.031608,31.89,-0.0002502075885857588,931066,军工龙头,CNY,CN10Y
2019-07-19,2098.15,0.031559,32.03,-0.00033826943490477407,931066,军工龙头,CNY,CN10Y
2019-07-22,2062.51,0.031484,32.08,-0.00031193017456358774,931066,军工龙头,CNY,CN10Y
2019-07-23,2097.57,0.031484,32.61,-0.0008185599509352923,931066,军工龙头,CNY,CN10Y
2019-07-24,2130.05,0.0317099999999999,32.99,-0.001397784177023239,931066,军工龙头,CNY,CN10Y
2019-07-25,2154.56,0.0316349999999999,33.59,-0.001864234891336608,931066,军工龙头,CNY,CN10Y
2019-07-26,2173.76,0.031661,33.95,-0.0022059189985272516,931066,军工龙头,CNY,CN10Y
2019-07-29,2179.97,0.031836,34.07,-0.002484664514235402,931066,军工龙头,CNY,CN10Y
2019-07-30,2173.88,0.031761,33.9,-0.0022624749262536853,931066,军工龙头,CNY,CN10Y
2019-07-31,2176.76,0.031552,34.05,-0.002183424375917762,931066,军工龙头,CNY,CN10Y
2019-08-01,2150.0,0.031487,33.69,-0.0018046016622143071,931066,军工龙头,CNY,CN10Y
2019-08-02,2113.23,0.030914,32.96,-0.0005741941747572817,931066,军工龙头,CNY,CN10Y
2019-08-05,2094.27,0.0305629999999999,32.44,0.00026314056720109016,931066,军工龙头,CNY,CN10Y
2019-08-06,2054.72,0.030613,31.92,0.0007153208020050095,931066,军工龙头,CNY,CN10Y
2019-08-07,2029.55,0.030514,31.6,0.0011315696202531603,931066,军工龙头,CNY,CN10Y
2019-08-08,2048.03,0.030465,32.0,0.000785000000000001,931066,军工龙头,CNY,CN10Y
2019-08-09,2008.88,0.030216,31.34,0.001692104658583278,931066,军工龙头,CNY,CN10Y
2019-08-12,2051.35,0.0303909999999999,32.31,0.0005591702259363403,931066,军工龙头,CNY,CN10Y
2019-08-13,2035.84,0.030041,31.93,0.0012775092389602262,931066,军工龙头,CNY,CN10Y
2019-08-14,2048.2,0.030105,32.16,0.000989527363184084,931066,军工龙头,CNY,CN10Y
2019-08-15,2055.51,0.030115,32.34,0.0008064594928880627,931066,军工龙头,CNY,CN10Y
2019-08-16,2068.68,0.030217,32.48,0.0005711773399014811,931066,军工龙头,CNY,CN10Y
2019-08-19,2148.67,0.030191,33.8,-0.0006052011834319498,931066,军工龙头,CNY,CN10Y
2019-08-20,2151.59,0.0303169999999999,33.82,-0.0007486972205794397,931066,军工龙头,CNY,CN10Y
2019-08-21,2169.46,0.030567,34.13,-0.0012672636976267249,931066,军工龙头,CNY,CN10Y
2019-08-22,2193.45,0.030543,34.41,-0.0014816806160999688,931066,军工龙头,CNY,CN10Y
2019-08-23,2188.94,0.030644,34.34,-0.001523440885265001,931066,军工龙头,CNY,CN10Y
2019-08-26,2188.77,0.030494,34.07,-0.0011426645142353989,931066,军工龙头,CNY,CN10Y
2019-08-27,2228.75,0.03052,34.7,-0.0017015561959654174,931066,军工龙头,CNY,CN10Y
2019-08-28,2219.69,0.03052,34.5,-0.0015344927536231866,931066,军工龙头,CNY,CN10Y
2019-08-29,2236.51,0.0303209999999999,34.58,-0.0014025500289183493,931066,军工龙头,CNY,CN10Y
2019-08-30,2277.97,0.030573,35.11,-0.0020910860153802342,931066,军工龙头,CNY,CN10Y
2019-09-02,2391.77,0.0307229999999999,35.36,-0.00244245701357456,931066,军工龙头,CNY,CN10Y
2019-09-03,2414.73,0.030624,36.01,-0.0028539361288530928,931066,军工龙头,CNY,CN10Y
2019-09-04,2401.21,0.030473,35.8,-0.0025400391061452497,931066,军工龙头,CNY,CN10Y
2019-09-05,2404.32,0.030173,35.9,-0.0023178467966573774,931066,军工龙头,CNY,CN10Y
2019-09-06,2419.86,0.030173,36.25,-0.0025867931034482747,931066,军工龙头,CNY,CN10Y
2019-09-09,2458.29,0.03025,36.94,-0.003179074174336761,931066,军工龙头,CNY,CN10Y
2019-09-10,2425.59,0.030425,36.65,-0.003139870395634379,931066,军工龙头,CNY,CN10Y
2019-09-11,2397.15,0.030525,36.14,-0.002854828444936359,931066,军工龙头,CNY,CN10Y
2019-09-12,2404.59,0.030876,36.3,-0.0033277906336088153,931066,军工龙头,CNY,CN10Y
2019-09-16,2409.02,0.030926,36.34,-0.0034081133736929003,931066,军工龙头,CNY,CN10Y
2019-09-17,2330.1,0.031076,35.28,-0.0027313287981859426,931066,军工龙头,CNY,CN10Y
2019-09-18,2315.01,0.031277,35.13,-0.0028113011670936536,931066,军工龙头,CNY,CN10Y
2019-09-19,2350.88,0.031053,35.71,-0.0030496395967516132,931066,军工龙头,CNY,CN10Y
2019-09-20,2344.47,0.0309799999999999,35.62,-0.0029058843346433556,931066,军工龙头,CNY,CN10Y
2019-09-23,2337.55,0.0310049999999999,35.46,-0.0028042103778904807,931066,军工龙头,CNY,CN10Y
2019-09-24,2342.82,0.0312049999999999,35.5,-0.0030359859154928566,931066,军工龙头,CNY,CN10Y
2019-09-25,2300.09,0.031157,34.77,-0.002396574345700321,931066,军工龙头,CNY,CN10Y
2019-09-26,2219.33,0.031381,33.85,-0.0018389025110782872,931066,军工龙头,CNY,CN10Y
2019-09-27,2235.9,0.031482,34.08,-0.002139276995305167,931066,军工龙头,CNY,CN10Y
2019-09-29,,0.031434,34.08,-0.0020912769953051608,931066,军工龙头,CNY,CN10Y
2019-09-30,2207.3,0.0314109999999999,33.54,-0.0015958539057840358,931066,军工龙头,CNY,CN10Y
2019-10-08,2177.87,0.031063,33.13,-0.0008788768487775454,931066,军工龙头,CNY,CN10Y
2019-10-09,2196.15,0.031089,33.39,-0.0011399134471398627,931066,军工龙头,CNY,CN10Y
2019-10-10,2204.95,0.031289,33.19,-0.0011594429044892995,931066,军工龙头,CNY,CN10Y
2019-10-11,2192.9,0.031564,33.12,-0.0013707632850241541,931066,军工龙头,CNY,CN10Y
2019-10-12,,0.031716,33.12,-0.0015227632850241535,931066,军工龙头,CNY,CN10Y
2019-10-14,2232.11,0.031641,33.61,-0.0018879503124070232,931066,军工龙头,CNY,CN10Y
2019-10-15,2188.1,0.031668,32.88,-0.0012543746958637511,931066,军工龙头,CNY,CN10Y
2019-10-16,2182.77,0.031693,32.89,-0.001288621769534811,931066,军工龙头,CNY,CN10Y
2019-10-17,2180.28,0.031569,32.93,-0.0012015539022168231,931066,军工龙头,CNY,CN10Y
2019-10-18,2147.75,0.0318699999999999,32.4,-0.0010058024691356991,931066,军工龙头,CNY,CN10Y
2019-10-21,2148.55,0.0321959999999999,32.66,-0.0015775064298835448,931066,军工龙头,CNY,CN10Y
2019-10-22,2173.28,0.0321959999999999,32.95,-0.001846986342943755,931066,军工龙头,CNY,CN10Y
2019-10-23,2165.6,0.032122,32.82,-0.0016527739183424713,931066,军工龙头,CNY,CN10Y
2019-10-24,2164.27,0.0321959999999999,32.84,-0.0017453300852617766,931066,军工龙头,CNY,CN10Y
2019-10-25,2189.53,0.032372,33.21,-0.002260587774766634,931066,军工龙头,CNY,CN10Y
2019-10-28,2238.82,0.032924,33.91,-0.0034341739899734595,931066,军工龙头,CNY,CN10Y
2019-10-29,2200.49,0.033029,33.35,-0.003043992503748129,931066,军工龙头,CNY,CN10Y
2019-10-30,2183.75,0.033125,33.14,-0.0029499849124924593,931066,军工龙头,CNY,CN10Y
2019-10-31,2169.38,0.03288,32.99,-0.0025677841770233405,931066,军工龙头,CNY,CN10Y
2019-11-01,2183.93,0.032757,32.44,-0.001930859432799012,931066,军工龙头,CNY,CN10Y
2019-11-04,2179.06,0.032954,32.42,-0.0021088426896977153,931066,军工龙头,CNY,CN10Y
2019-11-05,2193.88,0.032454,32.69,-0.0018636053839094467,931066,军工龙头,CNY,CN10Y
2019-11-06,2216.68,0.032555,33.0,-0.0022519696969696967,931066,军工龙头,CNY,CN10Y
2019-11-07,2206.87,0.032736,32.9,-0.002340863221884499,931066,军工龙头,CNY,CN10Y
2019-11-08,2201.83,0.032765,32.99,-0.0024527841770233434,931066,军工龙头,CNY,CN10Y
2019-11-11,2147.76,0.032463,32.32,-0.0015224059405940585,931066,军工龙头,CNY,CN10Y
2019-11-12,2140.29,0.0325499999999999,32.24,-0.0015326302729527543,931066,军工龙头,CNY,CN10Y
2019-11-13,2139.48,0.03237,32.27,-0.0013814657576696684,931066,军工龙头,CNY,CN10Y
2019-11-14,2150.28,0.032555,32.26,-0.0015568598884066927,931066,军工龙头,CNY,CN10Y
2019-11-15,2123.8,0.032355,31.87,-0.0009775290241606574,931066,军工龙头,CNY,CN10Y
2019-11-18,2137.4,0.031993,32.05,-0.0007917519500780026,931066,军工龙头,CNY,CN10Y
2019-11-19,2172.28,0.031743,32.63,-0.0010963558075390775,931066,军工龙头,CNY,CN10Y
2019-11-20,2149.5,0.031747,32.3,-0.0007872476780185697,931066,军工龙头,CNY,CN10Y
2019-11-21,2168.74,0.031749,32.45,-0.0009323590138674911,931066,军工龙头,CNY,CN10Y
2019-11-22,2145.63,0.031747,31.82,-0.000320224387177874,931066,军工龙头,CNY,CN10Y
2019-11-25,2128.86,0.031875,31.5,-0.00012896825396825629,931066,军工龙头,CNY,CN10Y
2019-11-26,2138.56,0.031675,31.75,-0.00017893700787401795,931066,军工龙头,CNY,CN10Y
2019-11-27,2129.33,0.0317,31.57,-2.4358568261009794e-05,931066,军工龙头,CNY,CN10Y
2019-11-28,2121.84,0.03165,31.5,9.603174603174669e-05,931066,军工龙头,CNY,CN10Y
2019-11-29,2134.64,0.03165,31.57,2.5641431738991638e-05,931066,军工龙头,CNY,CN10Y
2019-12-02,2135.31,0.032062,31.47,-0.000285705115983477,931066,军工龙头,CNY,CN10Y
2019-12-03,2153.99,0.0317459999999999,31.65,-0.00015042338072659284,931066,军工龙头,CNY,CN10Y
2019-12-04,2177.45,0.031751,31.73,-0.00023508446265364108,931066,军工龙头,CNY,CN10Y
2019-12-05,2199.43,0.031776,32.15,-0.000671800933125969,931066,军工龙头,CNY,CN10Y
2019-12-06,2202.33,0.031751,32.21,-0.0007047410742005607,931066,军工龙头,CNY,CN10Y
2019-12-09,2198.93,0.031903,32.04,-0.0006920137328339585,931066,军工龙头,CNY,CN10Y
2019-12-10,2199.48,0.031776,32.01,-0.0005357625741955613,931066,军工龙头,CNY,CN10Y
2019-12-11,2196.9,0.031702,32.19,-0.0006364516930723804,931066,军工龙头,CNY,CN10Y
2019-12-12,2191.5,0.031652,32.04,-0.00044101373283395723,931066,军工龙头,CNY,CN10Y
2019-12-13,2210.46,0.0318279999999999,32.38,-0.0009447387276095356,931066,军工龙头,CNY,CN10Y
2019-12-16,2260.26,0.031854,33.39,-0.0019049134471398645,931066,军工龙头,CNY,CN10Y
2019-12-17,2279.04,0.0321329999999999,33.78,-0.0025296844286559067,931066,军工龙头,CNY,CN10Y
2019-12-18,2280.38,0.032139,33.79,-0.002544445398046758,931066,军工龙头,CNY,CN10Y
2019-12-19,2270.75,0.032139,33.54,-0.0023238539057841394,931066,军工龙头,CNY,CN10Y
2019-12-20,2235.21,0.031808,33.1,-0.0015965196374622403,931066,军工龙头,CNY,CN10Y
2019-12-23,2191.05,0.031661,32.35,-0.0007490989180834635,931066,军工龙头,CNY,CN10Y
2019-12-24,2218.25,0.031535,32.76,-0.001009969474969473,931066,军工龙头,CNY,CN10Y
2019-12-25,2227.25,0.031463,32.95,-0.0011139863429438547,931066,军工龙头,CNY,CN10Y
2019-12-26,2243.84,0.031137,33.2,-0.0010165180722891617,931066,军工龙头,CNY,CN10Y
2019-12-27,2235.13,0.031292,32.98,-0.0009705930867192208,931066,军工龙头,CNY,CN10Y
2019-12-30,2259.1,0.031322,33.46,-0.001435568439928276,931066,军工龙头,CNY,CN10Y
2019-12-31,2264.36,0.031365,33.6,-0.0016030952380952368,931066,军工龙头,CNY,CN10Y
2020-01-02,2307.7,0.031485,34.38,-0.0023983216986620155,931066,军工龙头,CNY,CN10Y
2020-01-03,2343.15,0.031428,34.79,-0.002684108077033627,931066,军工龙头,CNY,CN10Y
2020-01-06,2378.12,0.031352,35.18,-0.0029267583854462736,931066,军工龙头,CNY,CN10Y
2020-01-07,2391.84,0.031379,35.34,-0.003082452178834183,931066,军工龙头,CNY,CN10Y
2020-01-08,2400.98,0.031337,35.3,-0.0030083881019829957,931066,军工龙头,CNY,CN10Y
2020-01-09,2389.09,0.031184,35.37,-0.002911452643483175,931066,军工龙头,CNY,CN10Y
2020-01-10,2368.3,0.030819,35.13,-0.0023533011670936535,931066,军工龙头,CNY,CN10Y
2020-01-13,2408.42,0.03084,35.87,-0.002961550041817671,931066,军工龙头,CNY,CN10Y
2020-01-14,2388.28,0.030994,35.69,-0.002974947043989911,931066,军工龙头,CNY,CN10Y
2020-01-15,2374.8,0.030897,35.84,-0.0029952142857142885,931066,军工龙头,CNY,CN10Y
2020-01-16,2402.01,0.030918,36.13,-0.0032401699418765605,931066,军工龙头,CNY,CN10Y
2020-01-17,2386.51,0.030832,35.67,-0.002797236893748247,931066,军工龙头,CNY,CN10Y
2020-01-19,,0.03078,35.67,-0.002745236893748247,931066,军工龙头,CNY,CN10Y
2020-01-20,2432.9,0.0307759999999999,36.29,-0.003220199503995491,931066,军工龙头,CNY,CN10Y
2020-01-21,2400.73,0.030337,35.63,-0.0022707636822902055,931066,军工龙头,CNY,CN10Y
2020-01-22,2410.41,0.030282,36.22,-0.0026729442297073434,931066,军工龙头,CNY,CN10Y
2020-01-23,2348.52,0.029932,35.27,-0.0015792923164162191,931066,军工龙头,CNY,CN10Y
2020-02-03,2134.31,0.028231,32.0,0.003019000000000001,931066,军工龙头,CNY,CN10Y
2020-02-04,2170.65,0.028551,32.88,0.0018626253041362506,931066,军工龙头,CNY,CN10Y
2020-02-05,2227.83,0.02844,33.66,0.0012688532382650053,931066,军工龙头,CNY,CN10Y
2020-02-06,2305.15,0.028392,34.55,0.0005515600578871217,931066,军工龙头,CNY,CN10Y
2020-02-07,2357.73,0.028024,35.12,0.0004498041002277929,931066,军工龙头,CNY,CN10Y
2020-02-10,2361.05,0.0278719999999999,35.07,0.0006423997718849016,931066,军工龙头,CNY,CN10Y
2020-02-11,2335.06,0.02834,34.98,0.00024776443682104216,931066,军工龙头,CNY,CN10Y
2020-02-12,2375.16,0.028333,35.5,-0.00016398591549295766,931066,军工龙头,CNY,CN10Y
2020-02-13,2350.55,0.028201,35.31,0.00011958906825261864,931066,军工龙头,CNY,CN10Y
2020-02-14,2352.47,0.028631,35.34,-0.000334452178834186,931066,军工龙头,CNY,CN10Y
2020-02-17,2493.68,0.028928,37.33,-0.002139893919099918,931066,军工龙头,CNY,CN10Y
2020-02-18,2550.61,0.028664,37.84,-0.00223693868921776,931066,军工龙头,CNY,CN10Y
2020-02-19,2538.68,0.028776,38.07,-0.002508597846073022,931066,军工龙头,CNY,CN10Y
2020-02-20,2557.37,0.028857,38.44,-0.0028424318418314234,931066,军工龙头,CNY,CN10Y
2020-02-21,2636.09,0.02847,39.51,-0.0031599519109086274,931066,军工龙头,CNY,CN10Y
2020-02-24,2667.54,0.02812,39.91,-0.003063623152092205,931066,军工龙头,CNY,CN10Y
2020-02-25,2666.76,0.02822,39.6,-0.0029674747474747465,931066,军工龙头,CNY,CN10Y
2020-02-26,2602.42,0.0279729999999999,38.41,-0.0019381132517572522,931066,军工龙头,CNY,CN10Y
2020-02-27,2593.34,0.027702,38.32,-0.0016059665970772456,931066,军工龙头,CNY,CN10Y
2020-02-28,2439.32,0.027376,36.19,0.00025594252555954586,931066,军工龙头,CNY,CN10Y
2020-03-02,2537.93,0.0274279999999999,37.54,-0.0007897474693659111,931066,军工龙头,CNY,CN10Y
2020-03-03,2584.31,0.027478,38.04,-0.0011898822292323863,931066,军工龙头,CNY,CN10Y
2020-03-04,2582.2,0.02673,37.99,-0.0004072834956567531,931066,军工龙头,CNY,CN10Y
2020-03-05,2588.9,0.026829,38.21,-0.0006578406176393596,931066,军工龙头,CNY,CN10Y
2020-03-06,2559.52,0.02628,37.67,0.00026632333421820753,931066,军工龙头,CNY,CN10Y
2020-03-09,2428.7,0.025205,35.86,0.0026812242052426105,931066,军工龙头,CNY,CN10Y
2020-03-10,2532.88,0.02613,37.32,0.0006652840300107182,931066,军工龙头,CNY,CN10Y
2020-03-11,2534.23,0.0260789999999999,37.21,0.000795496103198165,931066,军工龙头,CNY,CN10Y
2020-03-12,2477.28,0.026379,36.4,0.0010935274725274724,931066,军工龙头,CNY,CN10Y
2020-03-13,2470.93,0.0267589999999999,36.19,0.000872942525559646,931066,军工龙头,CNY,CN10Y
2020-03-16,2331.73,0.026758,34.13,0.002541736302373275,931066,军工龙头,CNY,CN10Y
2020-03-17,2324.28,0.027135,33.67,0.002565029700029701,931066,军工龙头,CNY,CN10Y
2020-03-18,2269.57,0.027136,33.02,0.0031486759539672907,931066,军工龙头,CNY,CN10Y
2020-03-19,2307.39,0.027299,33.45,0.0025963662182361714,931066,军工龙头,CNY,CN10Y
2020-03-20,2322.22,0.026815,33.48,0.0030535782556750345,931066,军工龙头,CNY,CN10Y
2020-03-23,2204.91,0.0263149999999999,31.72,0.005210851197982445,931066,军工龙头,CNY,CN10Y
2020-03-24,2247.2,0.0262889999999999,32.31,0.004661170225936342,931066,军工龙头,CNY,CN10Y
2020-03-25,2284.23,0.0262889999999999,33.06,0.003959033877798043,931066,军工龙头,CNY,CN10Y
2020-03-26,2254.72,0.0259399999999999,32.59,0.004744258975145847,931066,军工龙头,CNY,CN10Y
2020-03-27,2252.15,0.02609,32.6,0.004584846625766872,931066,军工龙头,CNY,CN10Y
2020-03-30,2208.97,0.026142,31.84,0.005265035175879396,931066,军工龙头,CNY,CN10Y
2020-03-31,2191.61,0.025899,31.72,0.005626851197982348,931066,军工龙头,CNY,CN10Y
2020-04-01,2190.02,0.02555,31.93,0.005768509238960228,931066,军工龙头,CNY,CN10Y
2020-04-02,2262.97,0.025854,33.11,0.004348355783751135,931066,军工龙头,CNY,CN10Y
2020-04-03,2245.28,0.025965,33.0,0.004338030303030305,931066,军工龙头,CNY,CN10Y
2020-04-07,2333.92,0.025112,34.06,0.004247953024075161,931066,军工龙头,CNY,CN10Y
2020-04-08,2361.19,0.024824,34.26,0.004364558085230591,931066,军工龙头,CNY,CN10Y
2020-04-09,2362.69,0.025226,34.25,0.0039710802919708035,931066,军工龙头,CNY,CN10Y
2020-04-10,2332.93,0.025403,33.79,0.004191554601953244,931066,军工龙头,CNY,CN10Y
2020-04-13,2325.03,0.025658,33.52,0.004174935560859187,931066,军工龙头,CNY,CN10Y
2020-04-14,2358.41,0.025591,34.23,0.0036231396435875,931066,军工龙头,CNY,CN10Y
2020-04-15,2328.5,0.025455,33.89,0.004052229271171437,931066,军工龙头,CNY,CN10Y
2020-04-16,2354.09,0.025276,34.22,0.0039466767971946225,931066,军工龙头,CNY,CN10Y
2020-04-17,2351.93,0.02559,34.24,0.003615607476635512,931066,军工龙头,CNY,CN10Y
2020-04-20,2394.57,0.02592,34.85,0.0027744045911047358,931066,军工龙头,CNY,CN10Y
2020-04-21,2391.3,0.0257909999999999,34.63,0.003085696505919819,931066,军工龙头,CNY,CN10Y
2020-04-22,2387.95,0.025567,34.56,0.0033681851851851824,931066,军工龙头,CNY,CN10Y
2020-04-23,2401.1,0.025227,34.65,0.0036330288600288606,931066,军工龙头,CNY,CN10Y
2020-04-24,2356.41,0.0250999999999999,34.13,0.004199736302373375,931066,军工龙头,CNY,CN10Y
2020-04-26,,0.025205,34.13,0.004094736302373274,931066,军工龙头,CNY,CN10Y
2020-04-27,2332.72,0.025345,34.2,0.003894766081871344,931066,军工龙头,CNY,CN10Y
2020-04-28,2312.09,0.025254,34.03,0.004131836027034968,931066,军工龙头,CNY,CN10Y
2020-04-29,2347.77,0.025009,34.4,0.004060767441860465,931066,军工龙头,CNY,CN10Y
2020-04-30,2404.56,0.02538,35.24,0.0029968444948921674,931066,军工龙头,CNY,CN10Y
2020-05-06,2459.23,0.025809,36.64,0.0014835764192139764,931066,军工龙头,CNY,CN10Y
2020-05-07,2452.19,0.026298,36.44,0.0011443710208562038,931066,军工龙头,CNY,CN10Y
2020-05-08,2484.44,0.0262069999999999,36.87,0.0009153216707351169,931066,军工龙头,CNY,CN10Y
2020-05-09,,0.0264,36.87,0.0007223216707350176,931066,军工龙头,CNY,CN10Y
2020-05-11,2499.61,0.026698,37.06,0.00028527037236912925,931066,军工龙头,CNY,CN10Y
2020-05-12,2503.13,0.0266029999999999,37.16,0.00030765662002163116,931066,军工龙头,CNY,CN10Y
2020-05-13,2500.04,0.027076,36.45,0.00035884224965706396,931066,军工龙头,CNY,CN10Y
2020-05-14,2489.56,0.026989,36.14,0.0006811715550636421,931066,军工龙头,CNY,CN10Y
2020-05-15,2491.17,0.02682,36.13,0.0008578300581234405,931066,军工龙头,CNY,CN10Y
2020-05-18,2532.66,0.027253,36.16,0.00040186725663717004,931066,军工龙头,CNY,CN10Y
2020-05-19,2555.31,0.0272719999999999,36.54,9.526874657918988e-05,931066,军工龙头,CNY,CN10Y
2020-05-20,2484.46,0.0269,35.74,0.001079854504756575,931066,军工龙头,CNY,CN10Y
2020-05-21,2451.92,0.02685,35.24,0.0015268444948921683,931066,军工龙头,CNY,CN10Y
2020-05-22,2413.5,0.0261759999999999,34.83,0.0025348814240598178,931066,军工龙头,CNY,CN10Y
2020-05-25,2377.34,0.026852,33.94,0.0026117595757218642,931066,军工龙头,CNY,CN10Y
2020-05-26,2418.59,0.027402,34.48,0.0016003201856148522,931066,军工龙头,CNY,CN10Y
2020-05-27,2386.8,0.027527,34.05,0.0018415756240822354,931066,军工龙头,CNY,CN10Y
2020-05-28,2396.17,0.027201,34.2,0.002038766081871344,931066,军工龙头,CNY,CN10Y
2020-05-29,2396.21,0.0270529999999999,33.99,0.0023674177699324304,931066,军工龙头,CNY,CN10Y
2020-06-01,2453.08,0.027253,34.94,0.0013674922724670885,931066,军工龙头,CNY,CN10Y
2020-06-02,2454.55,0.027852,34.64,0.0010163602771362593,931066,军工龙头,CNY,CN10Y
2020-06-03,2428.81,0.027901,34.36,0.0012026088474970907,931066,军工龙头,CNY,CN10Y
2020-06-04,2411.71,0.028301,34.17,0.0009644375182908983,931066,军工龙头,CNY,CN10Y
2020-06-05,2412.67,0.028475,34.26,0.0007135580852305895,931066,军工龙头,CNY,CN10Y
2020-06-08,2412.43,0.0281009999999999,34.38,0.0009856783013380832,931066,军工龙头,CNY,CN10Y
2020-06-09,2410.77,0.028031,34.36,0.001072608847497089,931066,军工龙头,CNY,CN10Y
2020-06-10,2407.4,0.028201,34.29,0.0009620212890055421,931066,军工龙头,CNY,CN10Y
2020-06-11,2412.74,0.0277009999999999,34.15,0.0015815768667643768,931066,军工龙头,CNY,CN10Y
2020-06-12,2419.24,0.027451,34.25,0.0017460802919708023,931066,军工龙头,CNY,CN10Y
2020-06-15,2385.3,0.027878,33.47,0.0019995022408126686,931066,军工龙头,CNY,CN10Y
2020-06-16,2410.76,0.0284019999999999,33.82,0.0011663027794205603,931066,军工龙头,CNY,CN10Y
2020-06-17,2451.68,0.0288019999999999,34.49,0.00019191127863158602,931066,军工龙头,CNY,CN10Y
2020-06-18,2425.55,0.028527,34.3,0.0006275189504373196,931066,军工龙头,CNY,CN10Y
2020-06-19,2443.47,0.028752,34.55,0.00019156005788712252,931066,军工龙头,CNY,CN10Y
2020-06-22,2458.88,0.029153,34.64,-0.0002846397228637408,931066,军工龙头,CNY,CN10Y
2020-06-23,2467.7,0.029127,34.84,-0.00042435935706085226,931066,军工龙头,CNY,CN10Y
2020-06-24,2461.1,0.028614,34.88,5.572477064219941e-05,931066,军工龙头,CNY,CN10Y
2020-06-28,,0.028404,34.88,0.00026572477064220126,931066,军工龙头,CNY,CN10Y
2020-06-29,2459.83,0.028504,34.92,0.0001328843069873971,931066,军工龙头,CNY,CN10Y
2020-06-30,2504.04,0.0282299999999999,35.62,-0.00015588433464335666,931066,军工龙头,CNY,CN10Y
2020-07-01,2525.61,0.028456,36.24,-0.0008621810154525386,931066,军工龙头,CNY,CN10Y
2020-07-02,2560.61,0.028584,36.89,-0.0014763827595554342,931066,军工龙头,CNY,CN10Y
2020-07-03,2585.62,0.028974,37.32,-0.002178715969989281,931066,军工龙头,CNY,CN10Y
2020-07-06,2732.24,0.029959,39.45,-0.004610457541191382,931066,军工龙头,CNY,CN10Y
2020-07-07,2799.73,0.030158,40.29,-0.005337945395879871,931066,军工龙头,CNY,CN10Y
2020-07-08,2982.32,0.030632,42.35,-0.007019249114521842,931066,军工龙头,CNY,CN10Y
2020-07-09,3114.18,0.030809,44.33,-0.008250912925783893,931066,军工龙头,CNY,CN10Y
2020-07-10,3056.34,0.030305,43.48,-0.0073059199632014675,931066,军工龙头,CNY,CN10Y
2020-07-13,3123.62,0.0305569999999999,44.39,-0.008029403694525695,931066,军工龙头,CNY,CN10Y
2020-07-14,3124.71,0.030057,44.14,-0.007401811961939286,931066,军工龙头,CNY,CN10Y
2020-07-15,3009.45,0.029559,42.78,-0.006183590930341279,931066,军工龙头,CNY,CN10Y
2020-07-16,2888.81,0.029459,41.07,-0.005110327002678352,931066,军工龙头,CNY,CN10Y
2020-07-17,2982.41,0.029507,42.23,-0.005827151551030071,931066,军工龙头,CNY,CN10Y
2020-07-20,3192.32,0.0293109999999999,44.62,-0.00689952532496628,931066,军工龙头,CNY,CN10Y
2020-07-21,3106.08,0.029011,43.55,-0.006048887485648677,931066,军工龙头,CNY,CN10Y
2020-07-22,3165.84,0.0288609999999999,44.5,-0.006389089887640351,931066,军工龙头,CNY,CN10Y
2020-07-23,3263.12,0.029064,45.5,-0.00708597802197802,931066,军工龙头,CNY,CN10Y
2020-07-24,3145.36,0.028612,43.74,-0.005749631458619113,931066,军工龙头,CNY,CN10Y
2020-07-27,3185.76,0.028791,44.92,-0.006529201246660732,931066,军工龙头,CNY,CN10Y
2020-07-28,3212.21,0.029214,45.12,-0.007050879432624113,931066,军工龙头,CNY,CN10Y
2020-07-29,3291.28,0.029415,46.24,-0.007788702422145331,931066,军工龙头,CNY,CN10Y
2020-07-30,3262.94,0.0293639999999999,45.81,-0.007534705086225616,931066,军工龙头,CNY,CN10Y
2020-07-31,3238.0,0.029664,45.45,-0.007661799779977999,931066,军工龙头,CNY,CN10Y
2020-08-03,3484.05,0.029466,48.58,-0.00888139728283244,931066,军工龙头,CNY,CN10Y
2020-08-04,3392.65,0.029365,47.59,-0.008352182181130489,931066,军工龙头,CNY,CN10Y
2020-08-05,3514.81,0.029592,49.04,-0.009200482871125612,931066,军工龙头,CNY,CN10Y
2020-08-06,3648.0,0.029816,50.61,-0.010057059079233353,931066,军工龙头,CNY,CN10Y
2020-08-07,3744.71,0.029918,51.76,-0.010598061823802164,931066,军工龙头,CNY,CN10Y
2020-08-10,3646.73,0.029543,50.44,-0.009717464710547182,931066,军工龙头,CNY,CN10Y
2020-08-11,3619.29,0.029544,50.33,-0.009675134512219352,931066,军工龙头,CNY,CN10Y
2020-08-12,3470.0,0.02962,48.6,-0.009043868312757202,931066,军工龙头,CNY,CN10Y
2020-08-13,3497.67,0.0295549999999999,48.81,-0.00906739500102428,931066,军工龙头,CNY,CN10Y
2020-08-14,3616.85,0.029369,50.15,-0.009428820538384845,931066,军工龙头,CNY,CN10Y
2020-08-17,3718.09,0.029421,51.39,-0.00996196127651294,931066,军工龙头,CNY,CN10Y
2020-08-18,3714.73,0.029771,51.18,-0.0102321176240719,931066,军工龙头,CNY,CN10Y
2020-08-19,3592.03,0.029921,49.47,-0.009706728724479481,931066,军工龙头,CNY,CN10Y
2020-08-20,3478.76,0.029973,48.1,-0.009182979209979212,931066,军工龙头,CNY,CN10Y
2020-08-21,3470.22,0.029823,47.99,-0.00898532548447593,931066,军工龙头,CNY,CN10Y
2020-08-24,3499.24,0.029998,48.52,-0.009387942291838418,931066,军工龙头,CNY,CN10Y
2020-08-25,3385.39,0.030424,47.24,-0.009255498729889924,931066,军工龙头,CNY,CN10Y
2020-08-26,3283.52,0.030511,45.93,-0.008738737861963858,931066,军工龙头,CNY,CN10Y
2020-08-27,3328.92,0.0305989999999999,46.23,-0.008968024443002279,931066,军工龙头,CNY,CN10Y
2020-08-28,3399.74,0.030672,47.26,-0.009512457046127805,931066,军工龙头,CNY,CN10Y
2020-08-31,3417.98,0.030177,47.37,-0.009066592569136583,931066,军工龙头,CNY,CN10Y
2020-09-01,3502.59,0.030478,47.03,-0.009214976398043803,931066,军工龙头,CNY,CN10Y
2020-09-02,3464.31,0.031027,46.74,-0.009632049208386822,931066,军工龙头,CNY,CN10Y
2020-09-03,3436.85,0.031051,46.38,-0.009489982319965503,931066,军工龙头,CNY,CN10Y
2020-09-04,3409.16,0.031228,46.02,-0.0094983172533681,931066,军工龙头,CNY,CN10Y
2020-09-07,3302.9,0.031454,44.54,-0.009002271216883701,931066,军工龙头,CNY,CN10Y
2020-09-08,3288.29,0.03123,44.38,-0.008697327625056334,931066,军工龙头,CNY,CN10Y
2020-09-09,3251.93,0.030805,43.94,-0.008046693218024578,931066,军工龙头,CNY,CN10Y
2020-09-10,3171.52,0.030833,43.04,-0.0075987992565055736,931066,军工龙头,CNY,CN10Y
2020-09-11,3179.28,0.031346,43.14,-0.008165656930922575,931066,军工龙头,CNY,CN10Y
2020-09-14,3161.8,0.031532,43.0,-0.008276186046511626,931066,军工龙头,CNY,CN10Y
2020-09-15,3217.69,0.031083,43.84,-0.00827278102189781,931066,军工龙头,CNY,CN10Y
2020-09-16,3167.73,0.0312599999999999,43.25,-0.008138612716762906,931066,军工龙头,CNY,CN10Y
2020-09-17,3191.65,0.031334,43.27,-0.0082232997457823,931066,军工龙头,CNY,CN10Y
2020-09-18,3268.59,0.031162,44.16,-0.008517072463768111,931066,军工龙头,CNY,CN10Y
2020-09-21,3337.23,0.030999,44.84,-0.008697483496877788,931066,军工龙头,CNY,CN10Y
2020-09-22,3270.63,0.030863,44.04,-0.008156369663941874,931066,军工龙头,CNY,CN10Y
2020-09-23,3273.18,0.03089,44.13,-0.008229678223430775,931066,军工龙头,CNY,CN10Y
2020-09-24,3181.91,0.03084,43.1,-0.007638143851508121,931066,军工龙头,CNY,CN10Y
2020-09-25,3177.19,0.031295,42.89,-0.007979541851247381,931066,军工龙头,CNY,CN10Y
2020-09-27,,0.031324,42.89,-0.008008541851247376,931066,军工龙头,CNY,CN10Y
2020-09-28,3139.84,0.0310919999999999,42.56,-0.007595759398496143,931066,军工龙头,CNY,CN10Y
2020-09-29,3263.08,0.031292,44.06,-0.008595676804357695,931066,军工龙头,CNY,CN10Y
2020-09-30,3273.03,0.031482,44.61,-0.009065501457072408,931066,军工龙头,CNY,CN10Y
2020-10-09,3318.85,0.031873,45.12,-0.009709879432624111,931066,军工龙头,CNY,CN10Y
2020-10-10,,0.031898,45.12,-0.009734879432624115,931066,军工龙头,CNY,CN10Y
2020-10-12,3466.1,0.031861,47.16,-0.010656589482612382,931066,军工龙头,CNY,CN10Y
2020-10-13,3481.22,0.03195,47.39,-0.010848501793627348,931066,军工龙头,CNY,CN10Y
2020-10-14,3452.84,0.03215,47.1,-0.010918577494692144,931066,军工龙头,CNY,CN10Y
2020-10-15,3442.77,0.0323,47.0,-0.011023404255319152,931066,军工龙头,CNY,CN10Y
2020-10-16,3379.75,0.032202,46.08,-0.010500611111111113,931066,军工龙头,CNY,CN10Y
2020-10-19,3362.19,0.032005,46.07,-0.010298900586064683,931066,军工龙头,CNY,CN10Y
2020-10-20,3381.36,0.031955,46.28,-0.0103473941227312,931066,军工龙头,CNY,CN10Y
2020-10-21,3287.81,0.031855,45.23,-0.009745780455449923,931066,军工龙头,CNY,CN10Y
2020-10-22,3254.91,0.031707,44.87,-0.009420394250055714,931066,军工龙头,CNY,CN10Y
2020-10-23,3208.73,0.031957,44.36,-0.009414168620378718,931066,军工龙头,CNY,CN10Y
2020-10-26,3270.66,0.031934,45.79,-0.010095170561257912,931066,军工龙头,CNY,CN10Y
2020-10-27,3299.55,0.031609,46.41,-0.010061919629390213,931066,军工龙头,CNY,CN10Y
2020-10-28,3270.63,0.03181,46.1,-0.010118026030368762,931066,军工龙头,CNY,CN10Y
2020-10-29,3241.95,0.03186,45.97,-0.010106682619099413,931066,军工龙头,CNY,CN10Y
2020-10-30,3198.15,0.03181,45.45,-0.009807799779977998,931066,军工龙头,CNY,CN10Y
2020-11-02,3200.29,0.031785,43.51,-0.008801777752240864,931066,军工龙头,CNY,CN10Y
2020-11-03,3298.23,0.031762,44.52,-0.009300185085354896,931066,军工龙头,CNY,CN10Y
2020-11-04,3339.29,0.031687,45.15,-0.009538605758582501,931066,军工龙头,CNY,CN10Y
2020-11-05,3346.96,0.0319119999999999,45.54,-0.009953282389108375,931066,军工龙头,CNY,CN10Y
2020-11-06,3304.7,0.032063,45.29,-0.0099830706557739,931066,军工龙头,CNY,CN10Y
2020-11-09,3351.43,0.032363,45.65,-0.010457194961664844,931066,军工龙头,CNY,CN10Y
2020-11-10,3295.98,0.032241,45.12,-0.010077879432624112,931066,军工龙头,CNY,CN10Y
2020-11-11,3216.94,0.032391,44.02,-0.009674053157655616,931066,军工龙头,CNY,CN10Y
2020-11-12,3202.45,0.032614,44.03,-0.009902212582330226,931066,军工龙头,CNY,CN10Y
2020-11-13,3279.5,0.032715,44.69,-0.010338629447303647,931066,军工龙头,CNY,CN10Y
2020-11-16,3295.81,0.032741,45.04,-0.010538513321492006,931066,军工龙头,CNY,CN10Y
2020-11-17,3213.96,0.032866,43.81,-0.010040161150422278,931066,军工龙头,CNY,CN10Y
2020-11-18,3232.91,0.03324,43.86,-0.01044018239854081,931066,军工龙头,CNY,CN10Y
2020-11-19,3382.22,0.033487,45.91,-0.011705253103898933,931066,军工龙头,CNY,CN10Y
2020-11-20,3418.88,0.0331,46.2,-0.011454978354978353,931066,军工龙头,CNY,CN10Y
2020-11-23,3417.19,0.03265,46.03,-0.010925038018683466,931066,军工龙头,CNY,CN10Y
2020-11-24,3423.65,0.0329,45.95,-0.011137214363438522,931066,军工龙头,CNY,CN10Y
2020-11-25,3336.01,0.032675,44.88,-0.01039336007130125,931066,军工龙头,CNY,CN10Y
2020-11-26,3395.7,0.03285,45.6,-0.01092017543859649,931066,军工龙头,CNY,CN10Y
2020-11-27,3450.99,0.033,46.44,-0.011466838931955211,931066,军工龙头,CNY,CN10Y
2020-11-30,3470.61,0.0325,46.34,-0.010920371169615885,931066,军工龙头,CNY,CN10Y
2020-12-01,3544.89,0.032725,47.15,-0.01151609225874867,931066,军工龙头,CNY,CN10Y
2020-12-02,3546.31,0.032925,47.02,-0.011657454274776696,931066,军工龙头,CNY,CN10Y
2020-12-03,3499.86,0.032851,46.7,-0.011437723768736616,931066,军工龙头,CNY,CN10Y
2020-12-04,3542.54,0.032651,47.21,-0.011469047023935607,931066,军工龙头,CNY,CN10Y
2020-12-07,3542.3,0.032701,46.93,-0.011392668442360965,931066,军工龙头,CNY,CN10Y
2020-12-08,3525.02,0.032551,46.63,-0.011105578597469436,931066,军工龙头,CNY,CN10Y
2020-12-09,3440.63,0.032726,45.56,-0.010776921861281825,931066,军工龙头,CNY,CN10Y
2020-12-10,3455.48,0.032601,45.97,-0.010847682619099411,931066,军工龙头,CNY,CN10Y
2020-12-11,3370.99,0.032951,44.97,-0.010713953079830998,931066,军工龙头,CNY,CN10Y
2020-12-14,3450.8,0.032851,45.87,-0.01105025877479834,931066,军工龙头,CNY,CN10Y
2020-12-15,3476.59,0.032777,46.29,-0.01117406200043206,931066,军工龙头,CNY,CN10Y
2020-12-16,3468.68,0.0327519999999999,46.11,-0.01106473042723911,931066,军工龙头,CNY,CN10Y
2020-12-17,3434.53,0.032802,45.52,-0.010833634446397188,931066,军工龙头,CNY,CN10Y
2020-12-18,3437.41,0.032902,45.63,-0.010986593469208855,931066,军工龙头,CNY,CN10Y
2020-12-21,3583.19,0.032652,47.07,-0.011407045676651795,931066,军工龙头,CNY,CN10Y
2020-12-22,3528.79,0.032278,46.35,-0.010703026968716292,931066,军工龙头,CNY,CN10Y
2020-12-23,3716.74,0.032153,48.55,-0.011555677651905252,931066,军工龙头,CNY,CN10Y
2020-12-24,3762.21,0.032303,49.22,-0.011986055668427465,931066,军工龙头,CNY,CN10Y
2020-12-25,3817.19,0.031878,49.8,-0.011797678714859434,931066,军工龙头,CNY,CN10Y
2020-12-28,3818.55,0.031629,49.7,-0.011508275653923539,931066,军工龙头,CNY,CN10Y
2020-12-29,3790.68,0.031554,49.34,-0.011286468585326306,931066,军工龙头,CNY,CN10Y
2020-12-30,3896.88,0.031204,50.52,-0.011409859065716548,931066,军工龙头,CNY,CN10Y
2020-12-31,4082.7,0.031429,52.76,-0.012475247156937073,931066,军工龙头,CNY,CN10Y
2021-01-04,4359.97,0.03178,55.97,-0.01391328568876184,931066,军工龙头,CNY,CN10Y
2021-01-05,4435.32,0.031305,57.81,-0.014006954679121258,931066,军工龙头,CNY,CN10Y
2021-01-06,4481.31,0.031256,58.44,-0.014144432580424367,931066,军工龙头,CNY,CN10Y
2021-01-07,4608.29,0.031256,60.5,-0.014727074380165288,931066,军工龙头,CNY,CN10Y
2021-01-08,4495.65,0.031456,59.22,-0.01456981290104694,931066,军工龙头,CNY,CN10Y
2021-01-11,4382.89,0.031632,58.23,-0.014458721621157477,931066,军工龙头,CNY,CN10Y
2021-01-12,4549.69,0.031457,60.51,-0.014930805982482233,931066,军工龙头,CNY,CN10Y
2021-01-13,4469.73,0.031157,59.5,-0.014350277310924371,931066,军工龙头,CNY,CN10Y
2021-01-14,4213.83,0.031059,56.22,-0.013271735681252225,931066,军工龙头,CNY,CN10Y
2021-01-15,4185.65,0.031508,56.22,-0.013720735681252226,931066,军工龙头,CNY,CN10Y
2021-01-18,4280.32,0.031658,57.4,-0.014236397212543554,931066,军工龙头,CNY,CN10Y
2021-01-19,4202.27,0.031609,56.68,-0.013966092448835565,931066,军工龙头,CNY,CN10Y
2021-01-20,4275.47,0.03161,57.4,-0.014188397212543554,931066,军工龙头,CNY,CN10Y
2021-01-21,4338.86,0.031335,58.57,-0.014261412839337545,931066,军工龙头,CNY,CN10Y
2021-01-22,4395.9,0.031185,59.81,-0.014465387895000837,931066,军工龙头,CNY,CN10Y
2021-01-25,4413.65,0.031323,60.12,-0.014689600133067193,931066,军工龙头,CNY,CN10Y
2021-01-26,4101.42,0.031585,56.38,-0.0138482139056403,931066,军工龙头,CNY,CN10Y
2021-01-27,4125.36,0.031636,57.22,-0.014159593149248511,931066,军工龙头,CNY,CN10Y
2021-01-28,4030.87,0.0319609999999999,55.16,-0.01383192095721527,931066,军工龙头,CNY,CN10Y
2021-01-29,3907.55,0.031786,53.67,-0.01315361691820384,931066,军工龙头,CNY,CN10Y
2021-02-01,3899.86,0.031712,53.8,-0.013124639405204457,931066,军工龙头,CNY,CN10Y
2021-02-02,3971.65,0.031862,54.68,-0.013573777615215804,931066,军工龙头,CNY,CN10Y
2021-02-03,3816.66,0.032112,52.22,-0.012962248946763694,931066,军工龙头,CNY,CN10Y
2021-02-04,3777.04,0.032347,51.95,-0.013097721847930704,931066,军工龙头,CNY,CN10Y
2021-02-05,3687.1,0.032164,50.78,-0.012471207562032294,931066,军工龙头,CNY,CN10Y
2021-02-07,,0.032168,50.78,-0.012475207562032298,931066,军工龙头,CNY,CN10Y
2021-02-08,3707.18,0.03237,51.1,-0.01280052837573386,931066,军工龙头,CNY,CN10Y
2021-02-09,3920.69,0.032303,53.93,-0.013760444835898385,931066,军工龙头,CNY,CN10Y
2021-02-10,3933.07,0.032449,54.71,-0.014170805885578504,931066,军工龙头,CNY,CN10Y
2021-02-18,3870.87,0.032831,53.23,-0.0140446013526207,931066,军工龙头,CNY,CN10Y
2021-02-19,3878.76,0.032578,53.42,-0.013858419318607266,931066,军工龙头,CNY,CN10Y
2021-02-20,,0.032605,53.42,-0.013885419318607265,931066,军工龙头,CNY,CN10Y
2021-02-22,3730.18,0.032736,51.21,-0.013208563952353057,931066,军工龙头,CNY,CN10Y
2021-02-23,3831.07,0.032635,52.19,-0.013474241233952862,931066,军工龙头,CNY,CN10Y
2021-02-24,3817.34,0.032627,51.71,-0.013288380777412498,931066,军工龙头,CNY,CN10Y
2021-02-25,3896.26,0.032723,52.75,-0.01376565402843602,931066,军工龙头,CNY,CN10Y
2021-02-26,3763.3,0.032798,51.03,-0.013201684107387812,931066,军工龙头,CNY,CN10Y
2021-03-01,3855.06,0.032475,52.53,-0.013438259090043782,931066,军工龙头,CNY,CN10Y
2021-03-02,3889.68,0.0324739999999999,53.17,-0.013666401730298941,931066,军工龙头,CNY,CN10Y
2021-03-03,3883.64,0.032553,53.15,-0.013738324553151455,931066,军工龙头,CNY,CN10Y
2021-03-04,3804.93,0.0326549999999999,51.99,-0.013420531833044716,931066,军工龙头,CNY,CN10Y
2021-03-05,3724.59,0.032457,51.11,-0.012891357268636276,931066,军工龙头,CNY,CN10Y
2021-03-08,3460.98,0.032404,47.94,-0.011544592407175636,931066,军工龙头,CNY,CN10Y
2021-03-09,3276.29,0.032478,45.39,-0.01044671557611809,931066,军工龙头,CNY,CN10Y
2021-03-10,3258.07,0.032353,45.35,-0.010302283351708932,931066,军工龙头,CNY,CN10Y
2021-03-11,3327.86,0.032506,46.51,-0.011005247473661578,931066,军工龙头,CNY,CN10Y
2021-03-12,3293.22,0.0326129999999999,45.97,-0.010859682619099312,931066,军工龙头,CNY,CN10Y
2021-03-15,3252.69,0.03274,45.11,-0.01057196630458878,931066,军工龙头,CNY,CN10Y
2021-03-16,3237.5,0.032614,44.76,-0.010272623771224305,931066,军工龙头,CNY,CN10Y
2021-03-17,3286.31,0.032564,45.29,-0.010484070655773902,931066,军工龙头,CNY,CN10Y
2021-03-18,3331.92,0.0325919999999999,45.96,-0.01083394952132279,931066,军工龙头,CNY,CN10Y
2021-03-19,3338.39,0.032364,45.85,-0.010553749182115591,931066,军工龙头,CNY,CN10Y
2021-03-22,3365.09,0.032309,45.97,-0.010555682619099411,931066,军工龙头,CNY,CN10Y
2021-03-23,3343.15,0.032105,45.63,-0.010189593469208856,931066,军工龙头,CNY,CN10Y
2021-03-24,3270.07,0.03193,44.59,-0.009503446961202065,931066,军工龙头,CNY,CN10Y
2021-03-25,3284.09,0.031882,44.59,-0.009455446961202065,931066,军工龙头,CNY,CN10Y
2021-03-26,3356.18,0.031985,45.87,-0.010184258774798342,931066,军工龙头,CNY,CN10Y
2021-03-29,3406.21,0.031962,46.42,-0.01041956139595002,931066,军工龙头,CNY,CN10Y
2021-03-30,3487.79,0.03206,47.67,-0.011082445982798405,931066,军工龙头,CNY,CN10Y
2021-03-31,3363.35,0.031887,46.45,-0.010358474703982778,931066,军工龙头,CNY,CN10Y
2021-04-01,3388.87,0.03196,46.82,-0.01060160615121743,931066,军工龙头,CNY,CN10Y
2021-04-02,3403.43,0.032013,47.03,-0.0107499763980438,931066,军工龙头,CNY,CN10Y
2021-04-06,3425.48,0.032087,47.26,-0.010927457046127801,931066,军工龙头,CNY,CN10Y
2021-04-07,3388.8,0.032215,46.77,-0.01083377271755399,931066,军工龙头,CNY,CN10Y
2021-04-08,3398.85,0.032221,47.18,-0.011025578211106401,931066,军工龙头,CNY,CN10Y
2021-04-09,3390.71,0.032121,46.68,-0.010698549271636673,931066,军工龙头,CNY,CN10Y
2021-04-12,3270.37,0.031948,45.07,-0.009760291990237407,931066,军工龙头,CNY,CN10Y
2021-04-13,3264.74,0.031626,45.02,-0.009413649933362953,931066,军工龙头,CNY,CN10Y
2021-04-14,3317.42,0.031651,45.68,-0.009759581436077056,931066,军工龙头,CNY,CN10Y
2021-04-15,3321.45,0.031728,46.03,-0.010003038018683467,931066,军工龙头,CNY,CN10Y
2021-04-16,3326.18,0.031631,46.2,-0.009985978354978355,931066,军工龙头,CNY,CN10Y
2021-04-19,3407.83,0.031559,47.84,-0.01065598996655518,931066,军工龙头,CNY,CN10Y
2021-04-20,3400.51,0.031554,47.98,-0.010711982492705292,931066,军工龙头,CNY,CN10Y
2021-04-21,3373.47,0.03153,47.62,-0.01053041999160017,931066,军工龙头,CNY,CN10Y
2021-04-22,3382.91,0.031614,47.87,-0.010724089826613749,931066,军工龙头,CNY,CN10Y
2021-04-23,3373.75,0.031719,47.82,-0.010807247595148471,931066,军工龙头,CNY,CN10Y
2021-04-25,,0.031841,47.82,-0.010929247595148475,931066,军工龙头,CNY,CN10Y
2021-04-26,3375.86,0.032024,47.98,-0.01118198249270529,931066,军工龙头,CNY,CN10Y
2021-04-27,3312.13,0.032078,47.02,-0.010810454274776695,931066,军工龙头,CNY,CN10Y
2021-04-28,3356.51,0.031979,47.75,-0.011036591623036648,931066,军工龙头,CNY,CN10Y
2021-04-29,3362.41,0.031872,47.76,-0.010933976549413731,931066,军工龙头,CNY,CN10Y
2021-04-30,3248.84,0.03164,46.34,-0.010060371169615886,931066,军工龙头,CNY,CN10Y
2021-05-06,3274.16,0.031507,40.2,-0.006631378109452739,931066,军工龙头,CNY,CN10Y
2021-05-07,3212.21,0.031589,39.25,-0.006111292993630571,931066,军工龙头,CNY,CN10Y
2021-05-08,,0.031582,39.25,-0.006104292993630571,931066,军工龙头,CNY,CN10Y
2021-05-10,3184.03,0.03146,39.21,-0.005956301963784751,931066,军工龙头,CNY,CN10Y
2021-05-11,3261.69,0.03138,39.99,-0.006373748437109278,931066,军工龙头,CNY,CN10Y
2021-05-12,3257.44,0.03131,40.09,-0.00636612372162634,931066,军工龙头,CNY,CN10Y
2021-05-13,3237.73,0.031366,39.69,-0.006170736709498612,931066,军工龙头,CNY,CN10Y
2021-05-14,3355.29,0.031422,40.88,-0.006960160469667319,931066,军工龙头,CNY,CN10Y
2021-05-17,3396.05,0.031524,41.52,-0.0074392215799614705,931066,军工龙头,CNY,CN10Y
2021-05-18,3479.08,0.031457,42.25,-0.0077883609467455615,931066,军工龙头,CNY,CN10Y
2021-05-19,3493.37,0.031298,42.24,-0.007623757575757575,931066,军工龙头,CNY,CN10Y
2021-05-20,3500.89,0.0310009999999999,42.46,-0.007449422044276868,931066,军工龙头,CNY,CN10Y
2021-05-21,3435.12,0.030876,42.04,-0.0070891303520456694,931066,军工龙头,CNY,CN10Y
2021-05-24,3485.44,0.03085,42.67,-0.0074143309116475285,931066,军工龙头,CNY,CN10Y
2021-05-25,3596.45,0.03085,43.78,-0.00800851987208771,931066,军工龙头,CNY,CN10Y
2021-05-26,3586.95,0.0306,43.71,-0.007721940059482953,931066,军工龙头,CNY,CN10Y
2021-05-27,3596.69,0.030725,43.72,-0.007852172918572733,931066,军工龙头,CNY,CN10Y
2021-05-28,3615.92,0.030825,43.83,-0.008009576773899157,931066,军工龙头,CNY,CN10Y
2021-05-31,3718.19,0.0304499999999999,44.89,-0.008173323680106828,931066,军工龙头,CNY,CN10Y
2021-06-01,3684.25,0.0304,43.94,-0.007641693218024579,931066,军工龙头,CNY,CN10Y
2021-06-02,3593.5,0.03065,42.8,-0.007285514018691586,931066,军工龙头,CNY,CN10Y
2021-06-03,3535.93,0.03055,42.1,-0.006797030878859859,931066,军工龙头,CNY,CN10Y
2021-06-04,3577.33,0.0309249999999999,42.63,-0.00746734107436068,931066,军工龙头,CNY,CN10Y
2021-06-07,3632.08,0.0311,43.07,-0.007881982818667286,931066,军工龙头,CNY,CN10Y
2021-06-08,3661.01,0.0311,43.27,-0.007989299745782299,931066,军工龙头,CNY,CN10Y
2021-06-09,3691.63,0.031051,43.6,-0.00811522018348624,931066,军工龙头,CNY,CN10Y
2021-06-10,3715.41,0.031,44.05,-0.008298524404086263,931066,军工龙头,CNY,CN10Y
2021-06-11,3582.75,0.031276,42.88,-0.00795510447761194,931066,军工龙头,CNY,CN10Y
2021-06-15,3561.67,0.031176,46.41,-0.009628919629390213,931066,军工龙头,CNY,CN10Y
2021-06-16,3489.94,0.031301,45.36,-0.009255144620811291,931066,军工龙头,CNY,CN10Y
2021-06-17,3543.78,0.031401,46.03,-0.009676038018683466,931066,军工龙头,CNY,CN10Y
2021-06-18,3632.58,0.031202,47.08,-0.009961558198810536,931066,军工龙头,CNY,CN10Y
2021-06-21,3773.7,0.0309529999999999,48.46,-0.010317424267436964,931066,军工龙头,CNY,CN10Y
2021-06-22,3746.63,0.0308769999999999,48.2,-0.010130112033194923,931066,军工龙头,CNY,CN10Y
2021-06-23,3769.23,0.030853,48.43,-0.010204641544497212,931066,军工龙头,CNY,CN10Y
2021-06-24,3749.12,0.030828,48.31,-0.010128351894017805,931066,军工龙头,CNY,CN10Y
2021-06-25,3757.45,0.030827,48.45,-0.01018716511867905,931066,军工龙头,CNY,CN10Y
2021-06-28,3776.72,0.030903,48.62,-0.010335332373508845,931066,军工龙头,CNY,CN10Y
2021-06-29,3690.5,0.030853,47.64,-0.009862235936188075,931066,军工龙头,CNY,CN10Y
2021-06-30,3760.16,0.030778,48.71,-0.010248334633545474,931066,军工龙头,CNY,CN10Y
2021-07-01,3626.94,0.030878,47.37,-0.009767592569136584,931066,军工龙头,CNY,CN10Y
2021-07-02,3491.79,0.0308029999999999,45.5,-0.00882497802197792,931066,军工龙头,CNY,CN10Y
2021-07-05,3518.68,0.030754,45.58,-0.008814552874067572,931066,军工龙头,CNY,CN10Y
2021-07-06,3526.0,0.030854,45.57,-0.008909738424402017,931066,军工龙头,CNY,CN10Y
2021-07-07,3658.72,0.030554,47.03,-0.009290976398043802,931066,军工龙头,CNY,CN10Y
2021-07-08,3797.68,0.02983,48.4,-0.00916884297520661,931066,军工龙头,CNY,CN10Y
2021-07-09,3767.07,0.030105,48.03,-0.009284679367062253,931066,军工龙头,CNY,CN10Y
2021-07-12,3819.72,0.029431,48.93,-0.008993640506846513,931066,军工龙头,CNY,CN10Y
2021-07-13,3785.42,0.029256,48.73,-0.008734760517135235,931066,军工龙头,CNY,CN10Y
2021-07-14,3712.2,0.029356,47.83,-0.008448619694752246,931066,军工龙头,CNY,CN10Y
2021-07-15,3725.42,0.029557,48.14,-0.008784253842958039,931066,军工龙头,CNY,CN10Y
2021-07-16,3870.27,0.029432,49.5,-0.009229979797979796,931066,军工龙头,CNY,CN10Y
2021-07-19,3845.33,0.029483,49.28,-0.009190792207792207,931066,军工龙头,CNY,CN10Y
2021-07-20,3924.02,0.029258,50.08,-0.009289948881789137,931066,军工龙头,CNY,CN10Y
2021-07-21,4009.56,0.029184,51.56,-0.009789120248254464,931066,军工龙头,CNY,CN10Y
2021-07-22,4009.08,0.0292839999999999,51.64,-0.009919166537567678,931066,军工龙头,CNY,CN10Y
2021-07-23,4069.69,0.029134,52.37,-0.010039098338743554,931066,军工龙头,CNY,CN10Y
2021-07-26,4077.11,0.028711,51.89,-0.009439464058585471,931066,军工龙头,CNY,CN10Y
2021-07-27,3983.09,0.02911,50.24,-0.009205541401273887,931066,军工龙头,CNY,CN10Y
2021-07-28,3833.7,0.029312,48.65,-0.00875701541623844,931066,军工龙头,CNY,CN10Y
2021-07-29,4016.81,0.0288399999999999,50.82,-0.00916270759543477,931066,军工龙头,CNY,CN10Y
2021-07-30,4020.51,0.028363,50.5,-0.008561019801980197,931066,军工龙头,CNY,CN10Y
2021-08-02,4199.33,0.028212,52.3,-0.009091541108986616,931066,军工龙头,CNY,CN10Y
2021-08-03,4102.56,0.0283369999999999,51.19,-0.008801934557530668,931066,军工龙头,CNY,CN10Y
2021-08-04,4232.11,0.028338,52.69,-0.009359066616056174,931066,军工龙头,CNY,CN10Y
2021-08-05,4372.68,0.027988,53.71,-0.00936949320424502,931066,军工龙头,CNY,CN10Y
2021-08-06,4376.88,0.0281389999999999,53.49,-0.009443916806879692,931066,军工龙头,CNY,CN10Y
2021-08-09,4353.84,0.0286149999999999,53.39,-0.009884900730473774,931066,军工龙头,CNY,CN10Y
2021-08-10,4486.51,0.028766,54.81,-0.010521154168947274,931066,军工龙头,CNY,CN10Y
2021-08-11,4459.13,0.028841,54.51,-0.010495742249128599,931066,军工龙头,CNY,CN10Y
2021-08-12,4317.41,0.0285659999999999,52.83,-0.00963736096914622,931066,军工龙头,CNY,CN10Y
2021-08-13,4285.12,0.0287919999999999,51.93,-0.009535308299634025,931066,军工龙头,CNY,CN10Y
2021-08-16,4215.57,0.028943,51.31,-0.009453621711167415,931066,军工龙头,CNY,CN10Y
2021-08-17,4131.58,0.0288189999999999,50.12,-0.008866885075817937,931066,军工龙头,CNY,CN10Y
2021-08-18,4232.76,0.028494,51.14,-0.008939834962847084,931066,军工龙头,CNY,CN10Y
2021-08-19,4349.44,0.028395,52.22,-0.009245248946763693,931066,军工龙头,CNY,CN10Y
2021-08-20,4366.12,0.02852,52.0,-0.009289230769230768,931066,军工龙头,CNY,CN10Y
2021-08-23,4566.38,0.028672,54.18,-0.01021500479881875,931066,军工龙头,CNY,CN10Y
2021-08-24,4532.83,0.028522,53.91,-0.009972565757744387,931066,军工龙头,CNY,CN10Y
2021-08-25,4484.34,0.028547,53.49,-0.009851916806879791,931066,军工龙头,CNY,CN10Y
2021-08-26,4474.38,0.028848,53.0,-0.009980075471698113,931066,军工龙头,CNY,CN10Y
2021-08-27,4371.73,0.028698,51.78,-0.009385524140594827,931066,军工龙头,CNY,CN10Y
2021-08-30,4465.38,0.028505,52.67,-0.00951885988228593,931066,军工龙头,CNY,CN10Y
2021-08-31,4473.4,0.02845,52.7,-0.009474667931688805,931066,军工龙头,CNY,CN10Y
2021-09-01,4324.26,0.028226,49.76,-0.008129536977491962,931066,军工龙头,CNY,CN10Y
2021-09-02,4300.96,0.028301,49.22,-0.007984055668427466,931066,军工龙头,CNY,CN10Y
2021-09-03,4156.58,0.028327,47.86,-0.007432725031341413,931066,军工龙头,CNY,CN10Y
2021-09-06,4226.0,0.028354,48.83,-0.00787478640180217,931066,军工龙头,CNY,CN10Y
2021-09-07,4262.28,0.0286039999999999,49.09,-0.008233252393562745,931066,军工龙头,CNY,CN10Y
2021-09-08,4198.72,0.0287049999999999,48.5,-0.008086443298968973,931066,军工龙头,CNY,CN10Y
2021-09-09,4253.83,0.02873,48.91,-0.008284283377632384,931066,军工龙头,CNY,CN10Y
2021-09-10,4266.89,0.028656,49.22,-0.008339055668427468,931066,军工龙头,CNY,CN10Y
2021-09-13,4170.85,0.028908,48.63,-0.008344561793131814,931066,军工龙头,CNY,CN10Y
2021-09-14,4114.85,0.028858,47.96,-0.008007291075896584,931066,军工龙头,CNY,CN10Y
2021-09-15,4161.2,0.029009,48.41,-0.008352110927494317,931066,军工龙头,CNY,CN10Y
2021-09-16,4044.84,0.028885,47.23,-0.0077120167266567854,931066,军工龙头,CNY,CN10Y
2021-09-17,4001.21,0.0287849999999999,46.92,-0.0074721270247228334,931066,军工龙头,CNY,CN10Y
2021-09-18,,0.028717,46.92,-0.007404127024722932,931066,军工龙头,CNY,CN10Y
2021-09-22,4052.74,0.028639,47.11,-0.007412084270855445,931066,军工龙头,CNY,CN10Y
2021-09-23,4133.84,0.028565,47.71,-0.0076050335359463435,931066,军工龙头,CNY,CN10Y
2021-09-24,4119.35,0.028719,47.62,-0.007719419991600168,931066,军工龙头,CNY,CN10Y
2021-09-26,,0.028797,47.62,-0.0077974199916001664,931066,军工龙头,CNY,CN10Y
2021-09-27,4019.61,0.028825,46.92,-0.007512127024722932,931066,军工龙头,CNY,CN10Y
2021-09-28,4081.95,0.028769,47.53,-0.007729656427519462,931066,军工龙头,CNY,CN10Y
2021-09-29,3940.01,0.0286459999999999,46.25,-0.007024378378378278,931066,军工龙头,CNY,CN10Y
2021-09-30,3984.2,0.028776,46.71,-0.007367308071076856,931066,军工龙头,CNY,CN10Y
2021-10-08,3915.39,0.029131,46.34,-0.007551371169615885,931066,军工龙头,CNY,CN10Y
2021-10-09,,0.029186,46.34,-0.0076063711696158845,931066,军工龙头,CNY,CN10Y
2021-10-11,4002.8,0.02958,47.21,-0.008398047023935606,931066,军工龙头,CNY,CN10Y
2021-10-12,3890.67,0.029657,45.97,-0.007903682619099413,931066,军工龙头,CNY,CN10Y
2021-10-13,3900.15,0.029578,46.0,-0.007838869565217392,931066,军工龙头,CNY,CN10Y
2021-10-14,3981.98,0.029581,46.84,-0.008231725875320239,931066,军工龙头,CNY,CN10Y
2021-10-15,4019.59,0.029683,47.08,-0.008442558198810537,931066,军工龙头,CNY,CN10Y
2021-10-18,4050.22,0.030426,47.22,-0.009248532825074124,931066,军工龙头,CNY,CN10Y
2021-10-19,4074.13,0.030102,47.51,-0.009053799621132393,931066,军工龙头,CNY,CN10Y
2021-10-20,4099.87,0.0299779999999999,47.62,-0.008978419991600067,931066,军工龙头,CNY,CN10Y
2021-10-21,4047.32,0.029702,47.26,-0.008542457046127803,931066,军工龙头,CNY,CN10Y
2021-10-22,4050.04,0.0299529999999999,47.34,-0.008829214617659387,931066,军工龙头,CNY,CN10Y
2021-10-25,4121.59,0.029879,47.73,-0.00892781625811858,931066,军工龙头,CNY,CN10Y
2021-10-26,4073.79,0.02978,47.34,-0.008656214617659488,931066,军工龙头,CNY,CN10Y
2021-10-27,4087.71,0.029781,47.4,-0.00868395358649789,931066,军工龙头,CNY,CN10Y
2021-10-28,4020.7,0.029682,46.67,-0.008254959074351833,931066,军工龙头,CNY,CN10Y
2021-10-29,4142.75,0.0297319999999999,47.92,-0.008863886477462338,931066,军工龙头,CNY,CN10Y
2021-11-01,4218.17,0.029435,45.76,-0.007581853146853144,931066,军工龙头,CNY,CN10Y
2021-11-02,4305.72,0.029259,46.35,-0.007684026968716291,931066,军工龙头,CNY,CN10Y
2021-11-03,4261.45,0.0293849999999999,45.89,-0.007593760078448364,931066,军工龙头,CNY,CN10Y
2021-11-04,4335.07,0.029261,46.49,-0.007750997848999786,931066,军工龙头,CNY,CN10Y
2021-11-05,4288.08,0.028911,46.22,-0.007275344439636521,931066,军工龙头,CNY,CN10Y
2021-11-08,4302.83,0.029013,46.19,-0.007363292271054339,931066,军工龙头,CNY,CN10Y
2021-11-09,4427.76,0.028988,47.45,-0.00791318440463646,931066,军工龙头,CNY,CN10Y
2021-11-10,4432.02,0.0291389999999999,47.42,-0.008050851539434741,931066,军工龙头,CNY,CN10Y
2021-11-11,4431.77,0.029365,47.48,-0.00830350042122999,931066,军工龙头,CNY,CN10Y
2021-11-12,4571.04,0.0293909999999999,48.76,-0.008882386382280456,931066,军工龙头,CNY,CN10Y
2021-11-15,4495.15,0.029269,48.07,-0.008466004368629081,931066,军工龙头,CNY,CN10Y
2021-11-16,4336.02,0.029244,46.52,-0.0077478693035253655,931066,军工龙头,CNY,CN10Y
2021-11-17,4393.4,0.029295,46.97,-0.008004814775388547,931066,军工龙头,CNY,CN10Y
2021-11-18,4473.58,0.029146,47.57,-0.008124347698129072,931066,军工龙头,CNY,CN10Y
2021-11-19,4470.12,0.029302,47.63,-0.008306828889355453,931066,军工龙头,CNY,CN10Y
2021-11-22,4528.07,0.028876,48.08,-0.008077331114808649,931066,军工龙头,CNY,CN10Y
2021-11-23,4452.45,0.028875,47.13,-0.007657092085720352,931066,军工龙头,CNY,CN10Y
2021-11-24,4380.52,0.0286,46.7,-0.0071867237687366185,931066,军工龙头,CNY,CN10Y
2021-11-25,4351.83,0.02855,46.27,-0.006937724227361143,931066,军工龙头,CNY,CN10Y
2021-11-26,4349.02,0.0282,46.1,-0.006508026030368763,931066,军工龙头,CNY,CN10Y
2021-11-29,4471.4,0.02825,47.17,-0.0070500847996608045,931066,军工龙头,CNY,CN10Y
2021-11-30,4616.07,0.02825,48.43,-0.007601641544497214,931066,军工龙头,CNY,CN10Y
2021-12-01,4562.33,0.028401,47.92,-0.007532886477462437,931066,军工龙头,CNY,CN10Y
2021-12-02,4523.09,0.028601,47.5,-0.0075483684210526335,931066,军工龙头,CNY,CN10Y
2021-12-03,4633.05,0.0287009999999999,48.63,-0.008137561793131715,931066,军工龙头,CNY,CN10Y
2021-12-06,4626.01,0.028176,48.67,-0.007629462091637559,931066,军工龙头,CNY,CN10Y
2021-12-07,4478.52,0.028451,47.52,-0.007407228956228959,931066,军工龙头,CNY,CN10Y
2021-12-08,4553.31,0.028551,48.43,-0.007902641544497213,931066,军工龙头,CNY,CN10Y
2021-12-09,4537.0,0.028526,48.65,-0.007971015416238438,931066,军工龙头,CNY,CN10Y
2021-12-10,4505.24,0.028426,48.27,-0.007709198674124715,931066,军工龙头,CNY,CN10Y
2021-12-13,4507.99,0.028552,45.25,-0.006452552486187847,931066,军工龙头,CNY,CN10Y
2021-12-14,4562.94,0.028477,45.78,-0.006633400174748796,931066,军工龙头,CNY,CN10Y
2021-12-15,4514.19,0.028502,45.15,-0.006353605758582501,931066,军工龙头,CNY,CN10Y
2021-12-16,4547.35,0.0285769999999999,45.47,-0.006584477457664294,931066,军工龙头,CNY,CN10Y
2021-12-17,4456.41,0.028512,44.64,-0.006110566308243727,931066,军工龙头,CNY,CN10Y
2021-12-20,4354.9,0.028533,43.63,-0.005612990831996335,931066,军工龙头,CNY,CN10Y
2021-12-21,4366.32,0.028508,43.79,-0.005671736012788305,931066,军工龙头,CNY,CN10Y
2021-12-22,4357.87,0.028303,43.71,-0.005424940059482953,931066,军工龙头,CNY,CN10Y
2021-12-23,4399.5,0.0281429999999999,44.06,-0.005446676804357595,931066,军工龙头,CNY,CN10Y
2021-12-24,4400.57,0.028203,44.03,-0.005491212582330228,931066,军工龙头,CNY,CN10Y
2021-12-27,4377.96,0.028128,43.82,-0.005307370150616157,931066,军工龙头,CNY,CN10Y
2021-12-28,4430.12,0.0280039999999999,44.45,-0.005506812148481342,931066,军工龙头,CNY,CN10Y
2021-12-29,4468.38,0.027854,44.7,-0.005482635346756155,931066,军工龙头,CNY,CN10Y
2021-12-30,4621.56,0.027654,45.94,-0.005886477144101003,931066,军工龙头,CNY,CN10Y
2021-12-31,4625.09,0.0277539999999999,46.1,-0.006062026030368664,931066,军工龙头,CNY,CN10Y
2022-01-04,4595.11,0.0278549999999999,45.84,-0.00603999127399641,931066,军工龙头,CNY,CN10Y
2022-01-05,4380.55,0.028045,43.83,-0.005229576773899156,931066,军工龙头,CNY,CN10Y
2022-01-06,4309.18,0.028205,43.06,-0.004981590803529959,931066,军工龙头,CNY,CN10Y
2022-01-07,4251.57,0.0281809999999999,42.53,-0.00466818551610618,931066,军工龙头,CNY,CN10Y
2022-01-10,4233.0,0.028056,42.46,-0.0045044220442769685,931066,军工龙头,CNY,CN10Y
2022-01-11,4126.37,0.027957,41.45,-0.0038315476477683956,931066,军工龙头,CNY,CN10Y
2022-01-12,4222.34,0.027957,42.2,-0.004260317535545025,931066,军工龙头,CNY,CN10Y
2022-01-13,4130.4,0.027858,41.26,-0.0036214512845370826,931066,军工龙头,CNY,CN10Y
2022-01-14,4151.37,0.0279349999999999,41.39,-0.003774574776515969,931066,军工龙头,CNY,CN10Y
2022-01-17,4223.27,0.02786,42.09,-0.004101387502969827,931066,军工龙头,CNY,CN10Y
2022-01-18,4256.3,0.027415,42.58,-0.003929795678722401,931066,军工龙头,CNY,CN10Y
2022-01-19,4170.37,0.0273139999999999,41.7,-0.0033331846522780782,931066,军工龙头,CNY,CN10Y
2022-01-20,4079.96,0.027271,40.88,-0.0028091604696673204,931066,军工龙头,CNY,CN10Y
2022-01-21,3966.38,0.0271,39.81,-0.0019806832454157264,931066,军工龙头,CNY,CN10Y
2022-01-24,4000.99,0.026751,40.05,-0.0017822109862671645,931066,军工龙头,CNY,CN10Y
2022-01-25,3924.79,0.026979,39.31,-0.0015401803612312415,931066,军工龙头,CNY,CN10Y
2022-01-26,3921.16,0.027146,39.42,-0.0017781664129883322,931066,军工龙头,CNY,CN10Y
2022-01-27,3830.78,0.0273479999999999,38.52,-0.001387460020768335,931066,军工龙头,CNY,CN10Y
2022-01-28,3835.26,0.027021,38.49,-0.0010402257729280329,931066,军工龙头,CNY,CN10Y
2022-01-29,,0.027013,38.49,-0.0010322257729280318,931066,军工龙头,CNY,CN10Y
2022-01-30,,0.026997,38.49,-0.0010162257729280331,931066,军工龙头,CNY,CN10Y
2022-02-07,3801.79,0.027256,38.09,-0.001002390128642689,931066,军工龙头,CNY,CN10Y
2022-02-08,3762.01,0.027227,37.84,-0.0007999386892177628,931066,军工龙头,CNY,CN10Y
2022-02-09,3849.49,0.027328,38.66,-0.0014614712881531287,931066,军工龙头,CNY,CN10Y
2022-02-10,3829.76,0.027328,38.54,-0.0013809320186818907,931066,军工龙头,CNY,CN10Y
2022-02-11,3754.6,0.027891,37.74,-0.0013939146793852698,931066,军工龙头,CNY,CN10Y
2022-02-14,3745.25,0.028018,37.68,-0.0014787218683651807,931066,军工龙头,CNY,CN10Y
2022-02-15,3829.76,0.027968,38.43,-0.001946662503252667,931066,军工龙头,CNY,CN10Y
2022-02-16,3785.44,0.027892,37.98,-0.001562352817272246,931066,军工龙头,CNY,CN10Y
2022-02-17,3799.26,0.027799,38.13,-0.001572931287699978,931066,军工龙头,CNY,CN10Y
2022-02-18,3797.19,0.027975,38.11,-0.0017351679349252164,931066,军工龙头,CNY,CN10Y
2022-02-21,3821.15,0.0283,38.44,-0.0022854318418314215,931066,军工龙头,CNY,CN10Y
2022-02-22,3767.58,0.0282,37.87,-0.0017938737787166585,931066,军工龙头,CNY,CN10Y
2022-02-23,3925.72,0.0279,39.46,-0.0025578813988849473,931066,军工龙头,CNY,CN10Y
2022-02-24,3937.84,0.027875,39.48,-0.0025457193515704135,931066,军工龙头,CNY,CN10Y
2022-02-25,3940.36,0.02775,39.54,-0.002459155285786545,931066,军工龙头,CNY,CN10Y
2022-02-28,3997.92,0.02775,39.98,-0.002737493746873435,931066,军工龙头,CNY,CN10Y
2022-03-01,4045.29,0.028025,40.35,-0.0032418525402726182,931066,军工龙头,CNY,CN10Y
2022-03-02,4008.3,0.028175,39.96,-0.0031499749749749756,931066,军工龙头,CNY,CN10Y
2022-03-03,3916.95,0.0283,39.11,-0.002731091792380465,931066,军工龙头,CNY,CN10Y
2022-03-04,3856.6,0.028125,38.49,-0.0021442257729280337,931066,军工龙头,CNY,CN10Y
2022-03-07,3782.94,0.028126,37.63,-0.0015514584108424177,931066,军工龙头,CNY,CN10Y
2022-03-08,3652.89,0.028276,36.45,-0.0008411577503429357,931066,军工龙头,CNY,CN10Y
2022-03-09,3583.9,0.028426,35.8,-0.0004930391061452495,931066,军工龙头,CNY,CN10Y
2022-03-10,3663.21,0.028502,36.62,-0.0011945177498634586,931066,军工龙头,CNY,CN10Y
2022-03-11,3687.8,0.027902,37.0,-0.0008749729729729712,931066,军工龙头,CNY,CN10Y
2022-03-14,3654.95,0.027677,36.5,-0.000279739726027399,931066,军工龙头,CNY,CN10Y
2022-03-15,3510.53,0.0281769999999999,35.08,0.0003292713797036356,931066,军工龙头,CNY,CN10Y
2022-03-16,3621.3,0.0279519999999999,36.1,-0.0002511689750691534,931066,军工龙头,CNY,CN10Y
2022-03-17,3669.59,0.0278759999999999,36.71,-0.0006354660855351774,931066,军工龙头,CNY,CN10Y
2022-03-18,3610.94,0.027927,36.14,-0.0002568284449363592,931066,军工龙头,CNY,CN10Y
2022-03-21,3646.39,0.028127,36.31,-0.0005863775819333512,931066,军工龙头,CNY,CN10Y
2022-03-22,3593.54,0.028302,35.88,-0.00043131995540691623,931066,军工龙头,CNY,CN10Y
2022-03-23,3682.6,0.028302,36.77,-0.0011059162360620087,931066,军工龙头,CNY,CN10Y
2022-03-24,3632.39,0.028052,36.23,-0.00045056472536571593,931066,军工龙头,CNY,CN10Y
2022-03-25,3598.05,0.027972,35.86,-8.577579475738811e-05,931066,军工龙头,CNY,CN10Y
2022-03-28,3533.25,0.0279029999999999,35.18,0.0005222416145538242,931066,军工龙头,CNY,CN10Y
2022-03-29,3576.8,0.027853,35.47,0.0003398390188892042,931066,军工龙头,CNY,CN10Y
2022-03-30,3626.88,0.027703,36.02,5.935424764019759e-05,931066,军工龙头,CNY,CN10Y
2022-03-31,3560.04,0.027878,35.39,0.00037856965244419116,931066,军工龙头,CNY,CN10Y
2022-04-01,3564.34,0.027743,35.44,0.0004737042889390551,931066,军工龙头,CNY,CN10Y
2022-04-02,,0.027714,35.44,0.0005027042889390564,931066,军工龙头,CNY,CN10Y
2022-04-06,3495.99,0.027604,34.8,0.001131632183908049,931066,军工龙头,CNY,CN10Y
2022-04-07,3444.05,0.0273939999999999,34.32,0.0017435291375292351,931066,军工龙头,CNY,CN10Y
2022-04-08,3400.82,0.0275289999999999,33.85,0.002013097488921811,931066,军工龙头,CNY,CN10Y
2022-04-11,3220.08,0.0276799999999999,32.1,0.0034726479750779825,931066,军工龙头,CNY,CN10Y
2022-04-12,3270.03,0.027705,32.61,0.0029604400490647054,931066,军工龙头,CNY,CN10Y
2022-04-13,3198.53,0.027631,32.04,0.003579986267166043,931066,军工龙头,CNY,CN10Y
2022-04-14,3214.39,0.027656,32.33,0.00327502381688834,931066,军工龙头,CNY,CN10Y
2022-04-15,3212.8,0.027578,32.35,0.0033339010819165397,931066,军工龙头,CNY,CN10Y
2022-04-18,3324.47,0.028107,33.51,0.0017348382572366476,931066,军工龙头,CNY,CN10Y
2022-04-19,3314.17,0.028208,33.4,0.0017321197604790416,931066,军工龙头,CNY,CN10Y
2022-04-20,3267.26,0.02833,33.03,0.0019455071147441716,931066,军工龙头,CNY,CN10Y
2022-04-21,3168.18,0.028259,32.08,0.002913069825436411,931066,军工龙头,CNY,CN10Y
2022-04-22,3134.0,0.028409,31.79,0.0030474328405158853,931066,军工龙头,CNY,CN10Y
2022-04-24,,0.028335,31.79,0.0031214328405158864,931066,军工龙头,CNY,CN10Y
2022-04-25,2914.12,0.0281599999999999,29.71,0.005498700774150218,931066,军工龙头,CNY,CN10Y
2022-04-26,2814.65,0.02826,28.75,0.006522608695652174,931066,军工龙头,CNY,CN10Y
2022-04-27,3006.97,0.028411,30.61,0.004258062397909185,931066,军工龙头,CNY,CN10Y
2022-04-28,3025.12,0.0284859999999999,30.71,0.004076683165092902,931066,军工龙头,CNY,CN10Y
2022-04-29,3198.47,0.028386,32.35,0.0025259010819165366,931066,军工龙头,CNY,CN10Y
2022-05-05,3258.01,0.0282819999999999,33.8,0.0013037988165681483,931066,军工龙头,CNY,CN10Y
2022-05-06,3196.75,0.028273,32.88,0.002140625304136251,931066,军工龙头,CNY,CN10Y
2022-05-07,,0.0282629999999999,32.88,0.0021506253041363513,931066,军工龙头,CNY,CN10Y
2022-05-09,3271.19,0.028154,33.57,0.0016345016383675914,931066,军工龙头,CNY,CN10Y
2022-05-10,3271.46,0.028089,33.59,0.001681765108663292,931066,军工龙头,CNY,CN10Y
2022-05-11,3271.28,0.0282399999999999,33.67,0.0014600297000297996,931066,军工龙头,CNY,CN10Y
2022-05-12,3281.18,0.028055,33.63,0.0016803553374962824,931066,军工龙头,CNY,CN10Y
2022-05-13,3254.02,0.02814,33.18,0.0019986377335744453,931066,军工龙头,CNY,CN10Y
2022-05-16,3254.48,0.028216,33.22,0.0018863479831426853,931066,军工龙头,CNY,CN10Y
2022-05-17,3293.23,0.028178,33.52,0.0016549355608591852,931066,军工龙头,CNY,CN10Y
2022-05-18,3313.52,0.027801,33.71,0.0018637878967665382,931066,军工龙头,CNY,CN10Y
2022-05-19,3325.56,0.027774,33.51,0.0020678382572366476,931066,军工龙头,CNY,CN10Y
2022-05-20,3314.85,0.0279,33.48,0.001968578255675032,931066,军工龙头,CNY,CN10Y
2022-05-23,3299.75,0.027675,33.35,0.0023100074962518723,931066,军工龙头,CNY,CN10Y
2022-05-24,3185.54,0.02765,32.14,0.003463876789047915,931066,军工龙头,CNY,CN10Y
2022-05-25,3216.81,0.027575,32.46,0.0032321472581638942,931066,军工龙头,CNY,CN10Y
2022-05-26,3302.4,0.0271,32.82,0.0033692260816575274,931066,军工龙头,CNY,CN10Y
2022-05-27,3303.35,0.026974,32.86,0.003458136335970783,931066,军工龙头,CNY,CN10Y
2022-05-30,3330.03,0.027225,33.17,0.0029227238468495613,931066,军工龙头,CNY,CN10Y
2022-05-31,3344.31,0.027426,33.36,0.00255001918465228,931066,军工龙头,CNY,CN10Y
2022-06-01,3360.08,0.027551,33.52,0.0022819355608591878,931066,军工龙头,CNY,CN10Y
2022-06-02,3424.67,0.027601,34.02,0.0017934738389182789,931066,军工龙头,CNY,CN10Y
2022-06-06,3500.4,0.027776,34.91,0.0008690873675164766,931066,军工龙头,CNY,CN10Y
2022-06-07,3497.36,0.027576,34.89,0.001085507595299514,931066,军工龙头,CNY,CN10Y
2022-06-08,3468.87,0.0276609999999999,34.69,0.0011657512251370267,931066,军工龙头,CNY,CN10Y
2022-06-09,3375.6,0.027576,33.76,0.002044853080568721,931066,军工龙头,CNY,CN10Y
2022-06-10,3504.93,0.027526,34.86,0.00116017326448652,931066,军工龙头,CNY,CN10Y
2022-06-13,3506.03,0.027652,43.37,-0.004594587041733916,931066,军工龙头,CNY,CN10Y
2022-06-14,3426.01,0.027702,42.32,-0.004072510396975426,931066,军工龙头,CNY,CN10Y
2022-06-15,3429.85,0.027827,42.38,-0.004230964134025485,931066,军工龙头,CNY,CN10Y
2022-06-16,3447.69,0.027728,42.58,-0.004242795678722402,931066,军工龙头,CNY,CN10Y
2022-06-17,3472.06,0.027752,42.85,-0.004414777129521586,931066,军工龙头,CNY,CN10Y
2022-06-20,3517.83,0.027853,43.43,-0.004827441630209532,931066,军工龙头,CNY,CN10Y
2022-06-21,3443.5,0.027853,42.53,-0.004340185516106279,931066,军工龙头,CNY,CN10Y
2022-06-22,3382.59,0.027773,41.77,-0.003832372755566197,931066,军工龙头,CNY,CN10Y
2022-06-23,3587.33,0.027803,44.26,-0.005209235878897423,931066,军工龙头,CNY,CN10Y
2022-06-24,3687.29,0.027978,45.51,-0.006004807295099977,931066,军工龙头,CNY,CN10Y
2022-06-27,3691.79,0.028329,45.56,-0.006379921861281827,931066,军工龙头,CNY,CN10Y
2022-06-28,3764.54,0.028414,46.47,-0.006894740262534966,931066,军工龙头,CNY,CN10Y
2022-06-29,3660.33,0.028294,45.19,-0.0061652104447886685,931066,军工龙头,CNY,CN10Y
2022-06-30,3685.25,0.028205,45.49,-0.006222146625632009,931066,军工龙头,CNY,CN10Y
2022-07-01,3675.5,0.028255,45.37,-0.0062140037469693606,931066,军工龙头,CNY,CN10Y
2022-07-04,3818.78,0.028445,47.11,-0.007218084270855445,931066,军工龙头,CNY,CN10Y
2022-07-05,3796.01,0.028333,46.81,-0.006970043366801966,931066,军工龙头,CNY,CN10Y
2022-07-06,3750.31,0.028356,46.25,-0.0067343783783783764,931066,军工龙头,CNY,CN10Y
2022-07-07,3830.08,0.028356,47.24,-0.007187498729889923,931066,军工龙头,CNY,CN10Y
2022-07-08,3751.62,0.028384,46.36,-0.0068136807592752355,931066,军工龙头,CNY,CN10Y
2022-07-11,3718.48,0.028266,45.98,-0.006517413658112221,931066,军工龙头,CNY,CN10Y
2022-07-12,3656.28,0.028117,45.19,-0.0059882104447886685,931066,军工龙头,CNY,CN10Y
2022-07-13,3611.99,0.028067,44.64,-0.0056655663082437295,931066,军工龙头,CNY,CN10Y
2022-07-14,3688.47,0.027907,45.6,-0.005977175438596494,931066,军工龙头,CNY,CN10Y
2022-07-15,3637.6,0.027857,44.98,-0.005624896843041349,931066,军工龙头,CNY,CN10Y
2022-07-18,3633.53,0.027837,44.92,-0.005575201246660732,931066,军工龙头,CNY,CN10Y
2022-07-19,3627.66,0.027859,44.86,-0.005567426214890769,931066,军工龙头,CNY,CN10Y
2022-07-20,3776.71,0.02771,46.7,-0.006296723768736617,931066,军工龙头,CNY,CN10Y
2022-07-21,3704.36,0.027635,45.78,-0.005791400174748797,931066,军工龙头,CNY,CN10Y
2022-07-22,3690.99,0.02787,45.58,-0.0059305528740675705,931066,军工龙头,CNY,CN10Y
2022-07-25,3647.0,0.02779,45.06,-0.005597367953839326,931066,军工龙头,CNY,CN10Y
2022-07-26,3680.26,0.0277,45.48,-0.005712313104661387,931066,军工龙头,CNY,CN10Y
2022-07-27,3697.61,0.0277009999999999,45.73,-0.005833516947299264,931066,军工龙头,CNY,CN10Y
2022-07-28,3752.09,0.02785,46.4,-0.006298275862068964,931066,军工龙头,CNY,CN10Y
2022-07-29,3652.53,0.0275599999999999,45.18,-0.00542631252766701,931066,军工龙头,CNY,CN10Y
2022-08-01,3663.04,0.027292,45.26,-0.005197435262925321,931066,军工龙头,CNY,CN10Y
2022-08-02,3621.8,0.0273139999999999,44.73,-0.004957639615470501,931066,军工龙头,CNY,CN10Y
2022-08-03,3775.62,0.027218,46.67,-0.005790959074351832,931066,军工龙头,CNY,CN10Y
2022-08-04,3728.3,0.0271919999999999,46.06,-0.005481188015631685,931066,军工龙头,CNY,CN10Y
2022-08-05,3736.92,0.027339,46.13,-0.005661133102102752,931066,军工龙头,CNY,CN10Y
2022-08-08,3826.26,0.027409,47.24,-0.006240498729889923,931066,军工龙头,CNY,CN10Y
2022-08-09,3917.35,0.0274,48.39,-0.006734573258937799,931066,军工龙头,CNY,CN10Y
2022-08-10,3933.65,0.027366,48.57,-0.0067771591517397575,931066,军工龙头,CNY,CN10Y
2022-08-11,3923.01,0.027317,48.49,-0.006694191173437825,931066,军工龙头,CNY,CN10Y
2022-08-12,3841.52,0.027347,47.47,-0.00628106361912787,931066,军工龙头,CNY,CN10Y
2022-08-15,3847.04,0.0265819999999999,47.53,-0.005542656427519364,931066,军工龙头,CNY,CN10Y
2022-08-16,3840.23,0.0263459999999999,47.43,-0.005262297701876351,931066,军工龙头,CNY,CN10Y
2022-08-17,3803.22,0.026124,46.96,-0.00482928109028961,931066,军工龙头,CNY,CN10Y
2022-08-18,3827.19,0.0258,47.26,-0.004640457046127804,931066,军工龙头,CNY,CN10Y
2022-08-19,3759.43,0.025875,46.5,-0.0043696236559139755,931066,军工龙头,CNY,CN10Y
2022-08-22,3800.07,0.0259249999999999,47.04,-0.004666496598639356,931066,军工龙头,CNY,CN10Y
2022-08-23,3770.33,0.026075,46.65,-0.004638772775991427,931066,军工龙头,CNY,CN10Y
2022-08-24,3614.14,0.0260999999999999,44.71,-0.003733639006933475,931066,军工龙头,CNY,CN10Y
2022-08-25,3597.12,0.0263899999999999,44.53,-0.003933229283628915,931066,军工龙头,CNY,CN10Y
2022-08-26,3538.97,0.02643,43.8,-0.003598949771689494,931066,军工龙头,CNY,CN10Y
2022-08-29,3595.43,0.026225,44.58,-0.0037934163301929086,931066,军工龙头,CNY,CN10Y
2022-08-30,3557.15,0.02613,44.06,-0.003433676804357695,931066,军工龙头,CNY,CN10Y
2022-08-31,3473.15,0.026225,43.02,-0.002979997675499769,931066,军工龙头,CNY,CN10Y
2022-09-01,3471.01,0.026125,44.18,-0.0034903236758714352,931066,军工龙头,CNY,CN10Y
2022-09-02,3495.33,0.026226,44.49,-0.0037490388851427296,931066,军工龙头,CNY,CN10Y
2022-09-05,3489.74,0.02618,44.41,-0.0036625489754559745,931066,军工龙头,CNY,CN10Y
2022-09-06,3608.73,0.02614,45.97,-0.0043866826190994135,931066,军工龙头,CNY,CN10Y
2022-09-07,3654.87,0.026215,46.57,-0.004741948679407342,931066,军工龙头,CNY,CN10Y
2022-09-08,3722.7,0.0262559999999999,47.45,-0.005181184404636361,931066,军工龙头,CNY,CN10Y
2022-09-09,3706.72,0.02635,47.28,-0.005199407783417934,931066,军工龙头,CNY,CN10Y
2022-09-13,3754.97,0.026427,47.94,-0.005567592407175633,931066,军工龙头,CNY,CN10Y
2022-09-14,3795.1,0.026625,48.37,-0.005951028530080626,931066,军工龙头,CNY,CN10Y
2022-09-15,3690.59,0.026625,47.01,-0.005352930227611144,931066,军工龙头,CNY,CN10Y
2022-09-16,3707.08,0.02673,47.17,-0.005530084799660804,931066,军工龙头,CNY,CN10Y
2022-09-19,3645.62,0.02675,46.4,-0.0051982758620689636,931066,军工龙头,CNY,CN10Y
2022-09-20,3635.56,0.02664,46.29,-0.005037062000432059,931066,军工龙头,CNY,CN10Y
2022-09-21,3613.85,0.026451,46.02,-0.0047213172533681,931066,军工龙头,CNY,CN10Y
2022-09-22,3688.67,0.026501,46.93,-0.005192668442360965,931066,军工龙头,CNY,CN10Y
2022-09-23,3684.45,0.026802,46.86,-0.005461837814767393,931066,军工龙头,CNY,CN10Y
2022-09-26,3566.45,0.0271539999999999,45.37,-0.005113003746969262,931066,军工龙头,CNY,CN10Y
2022-09-27,3613.72,0.027051,45.96,-0.005292949521322889,931066,军工龙头,CNY,CN10Y
2022-09-28,3479.94,0.027401,44.27,-0.004812339507567202,931066,军工龙头,CNY,CN10Y
2022-09-29,3487.42,0.027501,44.39,-0.004973403694525796,931066,军工龙头,CNY,CN10Y
2022-09-30,3375.7,0.027601,42.97,-0.0043289497323714225,931066,军工龙头,CNY,CN10Y
2022-10-08,,0.0276259999999999,42.97,-0.004353949732371323,931066,军工龙头,CNY,CN10Y
2022-10-09,,0.027452,42.97,-0.004179949732371423,931066,军工龙头,CNY,CN10Y
2022-10-10,3318.54,0.027402,42.3,-0.0037613380614657174,931066,军工龙头,CNY,CN10Y
2022-10-11,3330.93,0.027426,42.49,-0.003891050600141211,931066,军工龙头,CNY,CN10Y
2022-10-12,3412.11,0.0273519999999999,43.51,-0.0043687777522407635,931066,军工龙头,CNY,CN10Y
2022-10-13,3443.01,0.027252,43.84,-0.004441781021897809,931066,军工龙头,CNY,CN10Y
2022-10-14,3513.36,0.026977,44.81,-0.0046605527783976815,931066,军工龙头,CNY,CN10Y
2022-10-17,3608.57,0.027002,46.09,-0.0053053195921024116,931066,军工龙头,CNY,CN10Y
2022-10-18,3605.77,0.027002,46.04,-0.005281756733275415,931066,军工龙头,CNY,CN10Y
2022-10-19,3581.06,0.027052,45.7,-0.005170161925601751,931066,军工龙头,CNY,CN10Y
2022-10-20,3579.23,0.0271749999999999,45.65,-0.005269194961664742,931066,军工龙头,CNY,CN10Y
2022-10-21,3554.9,0.0272779999999999,45.36,-0.005232144620811188,931066,军工龙头,CNY,CN10Y
2022-10-24,3720.17,0.027153,47.44,-0.006073741989881955,931066,军工龙头,CNY,CN10Y
2022-10-25,3714.69,0.0272779999999999,47.31,-0.006140819699851939,931066,军工龙头,CNY,CN10Y
2022-10-26,3752.1,0.027025,47.78,-0.006095740895772292,931066,军工龙头,CNY,CN10Y
2022-10-27,3717.07,0.026953,47.38,-0.005847048121570286,931066,军工龙头,CNY,CN10Y
2022-10-28,3659.72,0.0266529999999999,46.61,-0.005198376528641822,931066,军工龙头,CNY,CN10Y
2022-10-31,3731.8,0.0264329999999999,47.5,-0.005380368421052533,931066,军工龙头,CNY,CN10Y
2022-11-01,3679.03,0.026629,46.78,-0.005252343309106455,931066,军工龙头,CNY,CN10Y
2022-11-02,3641.18,0.026854,46.33,-0.005269713360673427,931066,军工龙头,CNY,CN10Y
2022-11-03,3681.86,0.026776,46.83,-0.005422166986974161,931066,军工龙头,CNY,CN10Y
2022-11-04,3690.09,0.027023,46.96,-0.005728281090289607,931066,军工龙头,CNY,CN10Y
2022-11-07,3613.69,0.027003,45.97,-0.005249682619099413,931066,军工龙头,CNY,CN10Y
2022-11-08,3619.38,0.026853,46.06,-0.005142188015631783,931066,军工龙头,CNY,CN10Y
2022-11-09,3588.18,0.026953,45.66,-0.005051992553657469,931066,军工龙头,CNY,CN10Y
2022-11-10,3519.32,0.027028,44.79,-0.004701587854431793,931066,军工龙头,CNY,CN10Y
2022-11-11,3557.01,0.027354,45.26,-0.00525943526292532,931066,军工龙头,CNY,CN10Y
2022-11-14,3506.81,0.028354,44.64,-0.0059525663082437286,931066,军工龙头,CNY,CN10Y
2022-11-15,3556.91,0.028155,45.27,-0.00606531588248288,931066,军工龙头,CNY,CN10Y
2022-11-16,3571.89,0.028329,45.5,-0.00635097802197802,931066,军工龙头,CNY,CN10Y
2022-11-17,3578.56,0.028026,45.54,-0.006067282389108475,931066,军工龙头,CNY,CN10Y
2022-11-18,3518.31,0.02825,44.76,-0.005908623771224308,931066,军工龙头,CNY,CN10Y
2022-11-21,3552.57,0.02818,45.19,-0.006051210444788669,931066,军工龙头,CNY,CN10Y
2022-11-22,3535.72,0.028276,45.04,-0.006073513321492006,931066,军工龙头,CNY,CN10Y
2022-11-23,3529.43,0.027975,44.97,-0.0057379530798309965,931066,军工龙头,CNY,CN10Y
2022-11-24,3498.94,0.02795,44.58,-0.005518416330192909,931066,军工龙头,CNY,CN10Y
2022-11-25,3445.56,0.0283,43.91,-0.005526144386244589,931066,军工龙头,CNY,CN10Y
2022-11-28,3454.35,0.0286,44.03,-0.0058882125823302295,931066,军工龙头,CNY,CN10Y
2022-11-29,3447.03,0.0288,43.98,-0.006062391996361979,931066,军工龙头,CNY,CN10Y
2022-11-30,3446.68,0.0288499999999999,43.94,-0.006091693218024479,931066,军工龙头,CNY,CN10Y
2022-12-01,3472.6,0.0286,44.26,-0.006006235878897422,931066,军工龙头,CNY,CN10Y
2022-12-02,3436.32,0.028676,43.81,-0.005850161150422278,931066,军工龙头,CNY,CN10Y
2022-12-05,3426.94,0.028902,43.69,-0.006013467154955366,931066,军工龙头,CNY,CN10Y
2022-12-06,3454.68,0.029152,44.04,-0.006445369663941873,931066,军工龙头,CNY,CN10Y
2022-12-07,3443.83,0.028702,43.91,-0.005928144386244588,931066,军工龙头,CNY,CN10Y
2022-12-08,3391.42,0.028853,43.24,-0.0057262654949121194,931066,军工龙头,CNY,CN10Y
2022-12-09,3374.23,0.0289029999999999,43.01,-0.005652593117879464,931066,军工龙头,CNY,CN10Y
2022-12-12,3413.49,0.028902,44.01,-0.006179891388320837,931066,军工龙头,CNY,CN10Y
2022-12-13,3357.12,0.028952,43.28,-0.005846639556377077,931066,军工龙头,CNY,CN10Y
2022-12-14,3336.67,0.028655,43.05,-0.005426196283391405,931066,军工龙头,CNY,CN10Y
2022-12-15,3346.82,0.0288289999999999,43.18,-0.005670130152848441,931066,军工龙头,CNY,CN10Y
2022-12-16,3309.42,0.028856,42.72,-0.005447760299625466,931066,军工龙头,CNY,CN10Y
2022-12-19,3283.74,0.028632,42.37,-0.005030395090866179,931066,军工龙头,CNY,CN10Y
2022-12-20,3282.8,0.028732,42.36,-0.005124823418319168,931066,军工龙头,CNY,CN10Y
2022-12-21,3228.95,0.028606,41.69,-0.004619432477812425,931066,军工龙头,CNY,CN10Y
2022-12-22,3194.99,0.0285029999999999,41.26,-0.004266451284536982,931066,军工龙头,CNY,CN10Y
2022-12-23,3154.52,0.028251,40.71,-0.0036870108081552416,931066,军工龙头,CNY,CN10Y
2022-12-26,3265.08,0.028378,42.11,-0.004630671574447874,931066,军工龙头,CNY,CN10Y
2022-12-27,3282.39,0.028657,42.3,-0.005016338061465717,931066,军工龙头,CNY,CN10Y
2022-12-28,3236.62,0.0285029999999999,41.68,-0.004510677543186081,931066,军工龙头,CNY,CN10Y
2022-12-29,3297.36,0.028376,42.47,-0.004829967506475158,931066,军工龙头,CNY,CN10Y
2022-12-30,3294.52,0.028353,42.46,-0.004801422044276967,931066,军工龙头,CNY,CN10Y
2022-12-31,,0.028353,42.46,-0.004801422044276967,931066,军工龙头,CNY,CN10Y
2023-01-03,3386.71,0.028228,43.62,-0.005302736359468131,931066,军工龙头,CNY,CN10Y
2023-01-04,3366.44,0.028103,43.37,-0.005045587041733916,931066,军工龙头,CNY,CN10Y
2023-01-05,3375.1,0.028304,43.49,-0.0053102083237525875,931066,军工龙头,CNY,CN10Y
2023-01-06,3350.01,0.028328,43.19,-0.005174492243574899,931066,军工龙头,CNY,CN10Y
2023-01-09,3272.49,0.028428,42.19,-0.004725700876985064,931066,军工龙头,CNY,CN10Y
2023-01-10,3242.16,0.028602,41.79,-0.004672830342187125,931066,军工龙头,CNY,CN10Y
2023-01-11,3208.74,0.028603,41.36,-0.004425050290135395,931066,军工龙头,CNY,CN10Y
2023-01-12,3214.46,0.028778,41.45,-0.004652547647768398,931066,军工龙头,CNY,CN10Y
2023-01-13,3196.31,0.0290099999999999,41.27,-0.0047793239641385,931066,军工龙头,CNY,CN10Y
2023-01-16,3240.29,0.029167,41.81,-0.005249276967232718,931066,军工龙头,CNY,CN10Y
2023-01-17,3268.09,0.029017,42.17,-0.005303459568413566,931066,军工龙头,CNY,CN10Y
2023-01-18,3279.5,0.029222,42.3,-0.00558133806146572,931066,军工龙头,CNY,CN10Y
2023-01-19,3337.31,0.0291449999999999,42.98,-0.005878364355514091,931066,军工龙头,CNY,CN10Y
2023-01-20,3342.91,0.029331,43.07,-0.006112982818667286,931066,军工龙头,CNY,CN10Y
2023-01-28,,0.029341,43.07,-0.006122982818667286,931066,军工龙头,CNY,CN10Y
2023-01-29,,0.029219,43.07,-0.006000982818667285,931066,军工龙头,CNY,CN10Y
2023-01-30,3442.59,0.029133,44.34,-0.0065800004510599905,931066,军工龙头,CNY,CN10Y
2023-01-31,3462.45,0.028977,44.6,-0.0065554753363228704,931066,军工龙头,CNY,CN10Y
2023-02-01,3487.34,0.029101,44.91,-0.006834244266310394,931066,军工龙头,CNY,CN10Y
2023-02-02,3421.51,0.02897,44.06,-0.006273676804357694,931066,军工龙头,CNY,CN10Y
2023-02-03,3473.85,0.028943,44.76,-0.0066016237712243075,931066,军工龙头,CNY,CN10Y
2023-02-06,3442.22,0.029017,44.34,-0.0064640004510599924,931066,军工龙头,CNY,CN10Y
2023-02-07,3418.67,0.028964,44.04,-0.0062573696639418724,931066,军工龙头,CNY,CN10Y
2023-02-08,3366.61,0.028973,43.38,-0.0059209022591055795,931066,军工龙头,CNY,CN10Y
2023-02-09,3421.93,0.028912,44.08,-0.006225974591651542,931066,军工龙头,CNY,CN10Y
2023-02-10,3380.78,0.029003,43.56,-0.006046158861340682,931066,军工龙头,CNY,CN10Y
2023-02-13,3395.19,0.028943,43.75,-0.006085857142857143,931066,军工龙头,CNY,CN10Y
2023-02-14,3376.31,0.028914,43.52,-0.005936058823529412,931066,军工龙头,CNY,CN10Y
2023-02-15,3381.12,0.028918,43.59,-0.005976958476714842,931066,军工龙头,CNY,CN10Y
2023-02-16,3323.05,0.028907,42.85,-0.005569777129521586,931066,军工龙头,CNY,CN10Y
2023-02-17,3302.75,0.0289199999999999,42.56,-0.0054237593984961426,931066,军工龙头,CNY,CN10Y
2023-02-20,3307.97,0.0291699999999999,42.64,-0.00571784240150084,931066,军工龙头,CNY,CN10Y
2023-02-21,3344.4,0.02919,43.11,-0.005993525864068663,931066,军工龙头,CNY,CN10Y
2023-02-22,3348.48,0.029175,43.15,-0.006000028968713787,931066,军工龙头,CNY,CN10Y
2023-02-23,3329.73,0.02922,42.91,-0.005915408995572125,931066,军工龙头,CNY,CN10Y
2023-02-24,3385.31,0.029126,43.62,-0.006200736359468131,931066,军工龙头,CNY,CN10Y
2023-02-27,3362.29,0.029117,43.31,-0.006027644193027017,931066,军工龙头,CNY,CN10Y
2023-02-28,3369.34,0.029017,43.4,-0.00597552534562212,931066,军工龙头,CNY,CN10Y
2023-03-01,3375.23,0.028977,43.49,-0.0059832083237525875,931066,军工龙头,CNY,CN10Y
2023-03-02,3373.94,0.0291109999999999,43.49,-0.006117208323752489,931066,军工龙头,CNY,CN10Y
2023-03-03,3432.05,0.029026,44.25,-0.006427129943502825,931066,军工龙头,CNY,CN10Y
2023-03-06,3466.74,0.028826,44.64,-0.006424566308243729,931066,军工龙头,CNY,CN10Y
2023-03-07,3380.9,0.0287259999999999,43.57,-0.005774427817305385,931066,军工龙头,CNY,CN10Y
2023-03-08,3433.52,0.028828,44.21,-0.006208683103370277,931066,军工龙头,CNY,CN10Y
2023-03-09,3393.1,0.028752,43.67,-0.00585298465765972,931066,军工龙头,CNY,CN10Y
2023-03-10,3339.84,0.028627,43.02,-0.00538199767549977,931066,军工龙头,CNY,CN10Y
2023-03-13,3351.22,0.028703,43.17,-0.005538765577947649,931066,军工龙头,CNY,CN10Y
2023-03-14,3322.28,0.028652,42.77,-0.005271125555295769,931066,军工龙头,CNY,CN10Y
2023-03-15,3279.0,0.028652,42.26,-0.004988961665877898,931066,军工龙头,CNY,CN10Y
2023-03-16,3207.53,0.028552,41.34,-0.004362353168843737,931066,军工龙头,CNY,CN10Y
2023-03-17,3217.89,0.028602,42.15,-0.00487720759193357,931066,军工龙头,CNY,CN10Y
2023-03-20,3185.7,0.028504,41.76,-0.004557639846743296,931066,军工龙头,CNY,CN10Y
2023-03-21,3265.3,0.0286039999999999,42.87,-0.005277664567296378,931066,军工龙头,CNY,CN10Y
2023-03-22,3247.51,0.0285769999999999,42.57,-0.005086278834860132,931066,军工龙头,CNY,CN10Y
2023-03-23,3270.39,0.028652,42.89,-0.005336541851247378,931066,军工龙头,CNY,CN10Y
2023-03-24,3246.97,0.028676,42.59,-0.0051963099319089,931066,军工龙头,CNY,CN10Y
2023-03-27,3211.67,0.028551,42.11,-0.004803671574447874,931066,军工龙头,CNY,CN10Y
2023-03-28,3154.41,0.0285559999999999,41.39,-0.004395574776515969,931066,军工龙头,CNY,CN10Y
2023-03-29,3117.89,0.028532,40.9,-0.00408212224938875,931066,军工龙头,CNY,CN10Y
2023-03-30,3139.77,0.028603,41.19,-0.004325262685117747,931066,军工龙头,CNY,CN10Y
2023-03-31,3137.37,0.0285279999999999,41.16,-0.004232567541302135,931066,军工龙头,CNY,CN10Y
2023-04-03,3183.58,0.0286039999999999,41.75,-0.004651904191616665,931066,军工龙头,CNY,CN10Y
2023-04-04,3149.35,0.028584,41.29,-0.004365060789537415,931066,军工龙头,CNY,CN10Y
2023-04-06,3196.25,0.028605,41.95,-0.0047670977353992845,931066,军工龙头,CNY,CN10Y
2023-04-07,3207.15,0.028464,42.08,-0.004699741444866918,931066,军工龙头,CNY,CN10Y
2023-04-10,3200.67,0.0284549999999999,42.01,-0.004651143775291498,931066,军工龙头,CNY,CN10Y
2023-04-11,3176.59,0.028203,41.69,-0.004216432477812424,931066,军工龙头,CNY,CN10Y
2023-04-12,3158.53,0.028158,41.48,-0.004049996142719382,931066,军工龙头,CNY,CN10Y
2023-04-13,3141.07,0.028277,41.28,-0.0040521937984496145,931066,军工龙头,CNY,CN10Y
2023-04-14,3148.86,0.028281,41.36,-0.004103050290135395,931066,军工龙头,CNY,CN10Y
2023-04-17,3159.22,0.028432,41.54,-0.00435881752527684,931066,军工龙头,CNY,CN10Y
2023-04-18,3157.57,0.028319,41.54,-0.004245817525276842,931066,军工龙头,CNY,CN10Y
2023-04-19,3112.24,0.028333,41.01,-0.003948703486954402,931066,军工龙头,CNY,CN10Y
2023-04-20,3076.18,0.028332,40.54,-0.0036650044400592004,931066,军工龙头,CNY,CN10Y
2023-04-21,3075.3,0.028258,40.24,-0.003407105367793241,931066,军工龙头,CNY,CN10Y
2023-04-23,,0.02822,40.24,-0.003369105367793241,931066,军工龙头,CNY,CN10Y
2023-04-24,3031.67,0.028176,39.7,-0.0029870831234256948,931066,军工龙头,CNY,CN10Y
2023-04-25,2981.59,0.028157,39.05,-0.0025488053777208697,931066,军工龙头,CNY,CN10Y
2023-04-26,3032.5,0.028058,39.7,-0.0028690831234256947,931066,军工龙头,CNY,CN10Y
2023-04-27,3084.69,0.027852,40.36,-0.0030749930624380563,931066,军工龙头,CNY,CN10Y
2023-04-28,3086.13,0.027788,40.37,-0.0030171305424820383,931066,军工龙头,CNY,CN10Y
2023-05-04,3064.95,0.027613,42.44,-0.004050323279924595,931066,军工龙头,CNY,CN10Y
2023-05-05,3027.5,0.027338,41.92,-0.0034830381679389344,931066,军工龙头,CNY,CN10Y
2023-05-06,,0.027311,41.92,-0.0034560381679389317,931066,军工龙头,CNY,CN10Y
2023-05-08,3113.83,0.027484,43.14,-0.004303656930922578,931066,军工龙头,CNY,CN10Y
2023-05-09,3069.17,0.027383,42.57,-0.003892278834860232,931066,军工龙头,CNY,CN10Y
2023-05-10,3047.01,0.02721,42.21,-0.0035189315328121307,931066,军工龙头,CNY,CN10Y
2023-05-11,3030.29,0.02701,41.06,-0.0026553969800292253,931066,军工龙头,CNY,CN10Y
2023-05-12,2987.98,0.027058,40.49,-0.0023605438379846883,931066,军工龙头,CNY,CN10Y
2023-05-15,3063.88,0.02719,41.56,-0.0031284023099133786,931066,军工龙头,CNY,CN10Y
2023-05-16,3044.92,0.027129,39.86,-0.0020411926743602593,931066,军工龙头,CNY,CN10Y
2023-05-17,3114.27,0.02721,40.77,-0.0026821609026244815,931066,军工龙头,CNY,CN10Y
2023-05-18,3098.12,0.027184,40.53,-0.0025109183320996785,931066,军工龙头,CNY,CN10Y
2023-05-19,3123.06,0.027151,40.78,-0.002629175576262875,931066,军工龙头,CNY,CN10Y
2023-05-22,3109.81,0.027132,40.61,-0.0025075232701305093,931066,军工龙头,CNY,CN10Y
2023-05-23,3063.35,0.026962,40.0,-0.0019619999999999985,931066,军工龙头,CNY,CN10Y
2023-05-24,3043.6,0.027037,39.7,-0.0018480831234256936,931066,军工龙头,CNY,CN10Y
2023-05-25,3057.42,0.027065,39.91,-0.0020086231520922045,931066,军工龙头,CNY,CN10Y
2023-05-26,3046.85,0.027205,39.64,-0.001977956609485368,931066,军工龙头,CNY,CN10Y
2023-05-29,3052.27,0.0269499999999999,39.69,-0.0017547367094985153,931066,军工龙头,CNY,CN10Y
2023-05-30,3014.2,0.027,39.19,-0.0014832865526920105,931066,军工龙头,CNY,CN10Y
2023-05-31,3023.63,0.02685,39.32,-0.0014176500508646973,931066,军工龙头,CNY,CN10Y
2023-06-01,3021.25,0.026825,39.31,-0.0013861803612312436,931066,军工龙头,CNY,CN10Y
2023-06-02,3014.39,0.026951,39.22,-0.0014538046914839356,931066,军工龙头,CNY,CN10Y
2023-06-05,2968.85,0.026926,38.6,-0.0010192642487046634,931066,军工龙头,CNY,CN10Y
2023-06-06,2905.05,0.026826,37.79,-0.0003639730087324662,931066,军工龙头,CNY,CN10Y
2023-06-07,2879.44,0.026827,37.43,-0.00011046246326476203,931066,军工龙头,CNY,CN10Y
2023-06-08,2868.33,0.026822,37.31,-1.9534173143927885e-05,931066,军工龙头,CNY,CN10Y
2023-06-09,2895.09,0.026703,37.65,-0.00014257503320053155,931066,军工龙头,CNY,CN10Y
2023-06-12,2875.48,0.026704,39.12,-0.0011416278118609388,931066,军工龙头,CNY,CN10Y
2023-06-13,2874.74,0.026227,39.11,-0.0006580917923804663,931066,军工龙头,CNY,CN10Y
2023-06-14,2864.72,0.026178,38.97,-0.0005172353092122127,931066,军工龙头,CNY,CN10Y
2023-06-15,2911.79,0.026482,39.63,-0.0012485909664395646,931066,军工龙头,CNY,CN10Y
2023-06-16,2952.95,0.0266259999999999,40.2,-0.0017503781094526383,931066,军工龙头,CNY,CN10Y
2023-06-19,2948.11,0.026876,40.17,-0.001981800348518796,931066,军工龙头,CNY,CN10Y
2023-06-20,3027.74,0.026751,41.08,-0.002408254138266796,931066,军工龙头,CNY,CN10Y
2023-06-21,2990.33,0.026701,40.59,-0.0020643899975363415,931066,军工龙头,CNY,CN10Y
2023-06-25,,0.026576,40.59,-0.0019393899975363414,931066,军工龙头,CNY,CN10Y
2023-06-26,2964.62,0.026677,39.6,-0.0014244747474747473,931066,军工龙头,CNY,CN10Y
2023-06-27,2996.82,0.026676,38.54,-0.0007289320186818875,931066,军工龙头,CNY,CN10Y
2023-06-28,3027.86,0.0266509999999999,38.95,-0.0009770590500640872,931066,军工龙头,CNY,CN10Y
2023-06-29,3058.03,0.026526,39.37,-0.0011259491998983975,931066,军工龙头,CNY,CN10Y
2023-06-30,3126.65,0.026351,40.21,-0.0014815645361850281,931066,军工龙头,CNY,CN10Y
2023-07-03,3158.1,0.026402,40.65,-0.001801753997539974,931066,军工龙头,CNY,CN10Y
2023-07-04,3170.36,0.026477,40.49,-0.00177954383798469,931066,军工龙头,CNY,CN10Y
2023-07-05,3132.79,0.026402,40.02,-0.001414493753123438,931066,军工龙头,CNY,CN10Y
2023-07-06,3090.44,0.026392,39.49,-0.0010691334515067104,931066,军工龙头,CNY,CN10Y
2023-07-07,3061.21,0.026403,39.15,-0.0008602158365261792,931066,军工龙头,CNY,CN10Y
2023-07-10,3085.01,0.026403,39.46,-0.0010608813988849455,931066,军工龙头,CNY,CN10Y
2023-07-11,3112.75,0.026353,39.8,-0.0012273718592964826,931066,军工龙头,CNY,CN10Y
2023-07-12,3069.1,0.026378,39.27,-0.0009132686529157129,931066,军工龙头,CNY,CN10Y
2023-07-13,3084.32,0.026413,39.45,-0.0010644575411913812,931066,军工龙头,CNY,CN10Y
2023-07-14,3063.17,0.026444,39.2,-0.0009337959183673486,931066,军工龙头,CNY,CN10Y
2023-07-17,3059.96,0.026364,39.18,-0.000840773864216434,931066,军工龙头,CNY,CN10Y
2023-07-18,3084.19,0.026234,39.5,-0.0009175443037974691,931066,军工龙头,CNY,CN10Y
2023-07-19,3060.06,0.026233,39.2,-0.0007227959183673492,931066,军工龙头,CNY,CN10Y
2023-07-20,3015.56,0.026214,38.62,-0.00032068047643707756,931066,军工龙头,CNY,CN10Y
2023-07-21,3006.53,0.0260789999999999,38.47,-8.471874187668607e-05,931066,军工龙头,CNY,CN10Y
2023-07-24,3031.68,0.025934,38.9,-0.00022705912596400826,931066,军工龙头,CNY,CN10Y
2023-07-25,3051.16,0.0266299999999999,39.12,-0.0010676278118608405,931066,军工龙头,CNY,CN10Y
2023-07-26,3037.22,0.02643,38.96,-0.0007626488706365502,931066,军工龙头,CNY,CN10Y
2023-07-27,3015.75,0.026395,38.71,-0.0005618819426504752,931066,军工龙头,CNY,CN10Y
2023-07-28,3001.07,0.026533,38.54,-0.0005859320186818902,931066,军工龙头,CNY,CN10Y
2023-07-31,2995.98,0.026597,38.44,-0.0005824318418314219,931066,军工龙头,CNY,CN10Y
2023-08-01,3018.44,0.026607,38.67,-0.0007471603310059485,931066,军工龙头,CNY,CN10Y
2023-08-02,3000.68,0.026525,38.41,-0.0004901132517573514,931066,军工龙头,CNY,CN10Y
2023-08-03,2982.15,0.026435,38.22,-0.00027068812140240706,931066,军工龙头,CNY,CN10Y
2023-08-04,2990.76,0.026469,38.3,-0.00035933942558746476,931066,军工龙头,CNY,CN10Y
2023-08-07,2981.53,0.026462,38.2,-0.00028398952879581454,931066,军工龙头,CNY,CN10Y
2023-08-08,2954.49,0.026454,37.88,-5.484477296726492e-05,931066,军工龙头,CNY,CN10Y
2023-08-09,2939.46,0.026461,37.69,7.123666755107921e-05,931066,军工龙头,CNY,CN10Y
2023-08-10,2942.03,0.026475,37.73,2.910813676120297e-05,931066,军工龙头,CNY,CN10Y
2023-08-11,2908.22,0.026381,37.27,0.0004502315535283019,931066,军工龙头,CNY,CN10Y
2023-08-14,2923.72,0.026212,37.54,0.0004262525306339901,931066,军工龙头,CNY,CN10Y
2023-08-15,2896.94,0.0257589999999999,37.21,0.0011154961031981658,931066,军工龙头,CNY,CN10Y
2023-08-16,2851.29,0.025649,36.62,0.0016584822501365393,931066,军工龙头,CNY,CN10Y
2023-08-17,2961.83,0.025678,38.04,0.0006101177707676132,931066,军工龙头,CNY,CN10Y
2023-08-18,2946.28,0.025639,37.82,0.000802036488630354,931066,军工龙头,CNY,CN10Y
2023-08-21,2897.64,0.025403,37.18,0.0014931807423345898,931066,军工龙头,CNY,CN10Y
2023-08-22,2942.11,0.025564,37.77,0.0009120391845379924,931066,军工龙头,CNY,CN10Y
2023-08-23,2869.5,0.025535,36.83,0.0016167784414879184,931066,军工龙头,CNY,CN10Y
2023-08-24,2871.74,0.025543,36.87,0.0015793216707350177,931066,军工龙头,CNY,CN10Y
2023-08-25,2837.11,0.025702,36.44,0.0017403710208562032,931066,军工龙头,CNY,CN10Y
2023-08-28,2859.44,0.025837,36.73,0.0013887010618023436,931066,军工龙头,CNY,CN10Y
2023-08-29,2931.17,0.0256999999999999,37.6,0.000895744680851164,931066,军工龙头,CNY,CN10Y
2023-08-30,2955.26,0.0256,37.89,0.0007921879123779334,931066,军工龙头,CNY,CN10Y
2023-08-31,2943.21,0.025575,37.75,0.0009150662251655624,931066,军工龙头,CNY,CN10Y
2023-09-01,2929.84,0.0258499999999999,37.59,0.0007528198989093828,931066,军工龙头,CNY,CN10Y
2023-09-04,2953.6,0.026124,37.86,0.00028910089804543015,931066,军工龙头,CNY,CN10Y
2023-09-05,2940.88,0.02615,37.69,0.000382236667551078,931066,军工龙头,CNY,CN10Y
2023-09-06,2996.88,0.026375,38.42,-0.00034688964081207654,931066,军工龙头,CNY,CN10Y
2023-09-07,2967.5,0.02635,38.04,-6.188222923238576e-05,931066,军工龙头,CNY,CN10Y
2023-09-08,3029.37,0.026375,38.76,-0.0005752063983488105,931066,军工龙头,CNY,CN10Y
2023-09-11,2983.48,0.0263,38.18,-0.00010827658459926573,931066,军工龙头,CNY,CN10Y
2023-09-12,2977.16,0.02623,38.09,2.3609871357310047e-05,931066,军工龙头,CNY,CN10Y
2023-09-13,2935.24,0.02615,37.56,0.0004740681576144816,931066,军工龙头,CNY,CN10Y
2023-09-14,2934.43,0.026075,37.57,0.0005419816342826719,931066,军工龙头,CNY,CN10Y
2023-09-15,2935.08,0.0264,37.57,0.00021698163428267303,931066,军工龙头,CNY,CN10Y
2023-09-18,2910.07,0.0265,37.26,0.0003384326355340868,931066,军工龙头,CNY,CN10Y
2023-09-19,2872.12,0.026625,36.79,0.0005562992661049225,931066,军工龙头,CNY,CN10Y
2023-09-20,2843.93,0.02665,36.43,0.0007999039253362601,931066,军工龙头,CNY,CN10Y
2023-09-21,2839.54,0.026576,36.39,0.0009040769442154456,931066,军工龙头,CNY,CN10Y
2023-09-22,2867.33,0.026776,36.78,0.00041268950516584746,931066,军工龙头,CNY,CN10Y
2023-09-25,2823.92,0.026976,36.24,0.0006178189845474601,931066,军工龙头,CNY,CN10Y
2023-09-26,2786.92,0.026951,35.76,0.001013205816554813,931066,军工龙头,CNY,CN10Y
2023-09-27,2801.22,0.0268769999999999,35.91,0.000970396268449001,931066,军工龙头,CNY,CN10Y
2023-09-28,2840.76,0.026751,36.4,0.0007215274725274716,931066,军工龙头,CNY,CN10Y
2023-10-07,,0.0266509999999999,36.4,0.0008215274725275716,931066,军工龙头,CNY,CN10Y
2023-10-08,,0.0266259999999999,36.4,0.0008465274725275723,931066,军工龙头,CNY,CN10Y
2023-10-09,2855.89,0.026702,36.62,0.0006054822501365409,931066,军工龙头,CNY,CN10Y
2023-10-10,2851.77,0.0268109999999999,36.57,0.0005338181569593536,931066,军工龙头,CNY,CN10Y
2023-10-11,2794.64,0.026976,35.85,0.0009180027894002789,931066,军工龙头,CNY,CN10Y
2023-10-12,2789.28,0.026911,35.82,0.001006364600781684,931066,军工龙头,CNY,CN10Y
2023-10-13,2745.75,0.026702,35.25,0.001666794326241134,931066,军工龙头,CNY,CN10Y
2023-10-16,2722.98,0.026777,34.98,0.001810764436821044,931066,军工龙头,CNY,CN10Y
2023-10-17,2736.91,0.026882,35.12,0.0015918041002277936,931066,军工龙头,CNY,CN10Y
2023-10-18,2691.57,0.027052,34.52,0.0019167137891077622,931066,军工龙头,CNY,CN10Y
2023-10-19,2663.68,0.0271769999999999,34.18,0.002079875365711043,931066,军工龙头,CNY,CN10Y
2023-10-20,2628.95,0.027052,33.77,0.0025600817293455723,931066,军工龙头,CNY,CN10Y
2023-10-23,2625.53,0.0270469999999999,33.77,0.002565081729345671,931066,军工龙头,CNY,CN10Y
2023-10-24,2646.45,0.0271769999999999,34.01,0.0022261167303735223,931066,军工龙头,CNY,CN10Y
2023-10-25,2684.51,0.027052,34.52,0.0019167137891077622,931066,军工龙头,CNY,CN10Y
2023-10-26,2703.94,0.027152,34.77,0.0016084256542996805,931066,军工龙头,CNY,CN10Y
2023-10-27,2716.7,0.0271329999999999,34.9,0.0015202951289399295,931066,军工龙头,CNY,CN10Y
2023-10-30,2727.59,0.027141,35.04,0.0013978127853881313,931066,军工龙头,CNY,CN10Y
2023-10-31,2729.22,0.026938,35.08,0.0015682713797035355,931066,军工龙头,CNY,CN10Y
2023-11-01,2714.54,0.026853,34.89,0.0018085075952995154,931066,军工龙头,CNY,CN10Y
2023-11-02,2663.85,0.026553,34.23,0.002661139643587499,931066,军工龙头,CNY,CN10Y
2023-11-03,2707.24,0.026613,34.64,0.0022553602771362563,931066,军工龙头,CNY,CN10Y
2023-11-06,2742.92,0.026554,35.08,0.0019522713797035345,931066,军工龙头,CNY,CN10Y
2023-11-07,2736.06,0.026632,35.0,0.0019394285714285711,931066,军工龙头,CNY,CN10Y
2023-11-08,2731.73,0.0264639999999999,34.96,0.0021401189931351088,931066,军工龙头,CNY,CN10Y
2023-11-09,2725.57,0.026494,34.85,0.002200404591104734,931066,军工龙头,CNY,CN10Y
2023-11-10,2737.96,0.026444,35.03,0.002102959748786753,931066,军工龙头,CNY,CN10Y
2023-11-13,2825.93,0.026454,36.13,0.0012238300581234422,931066,军工龙头,CNY,CN10Y
2023-11-14,2846.12,0.026573,36.34,0.0009448866263070989,931066,军工龙头,CNY,CN10Y
2023-11-15,2835.67,0.026633,36.17,0.0010142214542438466,931066,军工龙头,CNY,CN10Y
2023-11-16,2810.71,0.026558,35.86,0.001328224205242614,931066,军工龙头,CNY,CN10Y
2023-11-17,2809.53,0.026524,35.85,0.0013700027894002799,931066,军工龙头,CNY,CN10Y
2023-11-20,2860.51,0.026584,36.43,0.0008659039253362602,931066,军工龙头,CNY,CN10Y
2023-11-21,2824.34,0.026684,36.01,0.0010860638711469063,931066,军工龙头,CNY,CN10Y
2023-11-22,2793.32,0.026823,35.66,0.0012196247896803167,931066,军工龙头,CNY,CN10Y
2023-11-23,2803.0,0.027023,35.78,0.0009255746226942418,931066,军工龙头,CNY,CN10Y
2023-11-24,2749.72,0.0270529999999999,35.12,0.0014208041002278932,931066,军工龙头,CNY,CN10Y
2023-11-27,2758.98,0.027108,35.24,0.001268844494892167,931066,军工龙头,CNY,CN10Y
2023-11-28,2759.87,0.026898,35.24,0.001478844494892169,931066,军工龙头,CNY,CN10Y
2023-11-29,2745.35,0.026826,35.05,0.0017046704707560645,931066,军工龙头,CNY,CN10Y
2023-11-30,2716.27,0.02668,34.7,0.0021384438040345823,931066,军工龙头,CNY,CN10Y
2023-12-01,2723.84,0.026625,34.8,0.0021106321839080497,931066,军工龙头,CNY,CN10Y
2023-12-04,2743.08,0.026725,35.07,0.0017893997718848031,931066,军工龙头,CNY,CN10Y
2023-12-05,2678.73,0.02665,34.26,0.0025385580852305897,931066,军工龙头,CNY,CN10Y
2023-12-06,2675.15,0.026725,34.23,0.0024891396435875006,931066,军工龙头,CNY,CN10Y
2023-12-07,2651.72,0.02664,33.93,0.0028324432655467136,931066,军工龙头,CNY,CN10Y
2023-12-08,2601.3,0.026636,33.33,0.0033670003000300062,931066,军工龙头,CNY,CN10Y
2023-12-11,2654.88,0.02644,38.25,-0.0002962091503267983,931066,军工龙头,CNY,CN10Y
2023-12-12,2660.22,0.026375,38.35,-0.0002993807040417226,931066,军工龙头,CNY,CN10Y
2023-12-13,2650.45,0.026226,38.25,-8.22091503267959e-05,931066,军工龙头,CNY,CN10Y
2023-12-14,2636.71,0.026376,38.06,-0.0001016962690488718,931066,军工龙头,CNY,CN10Y
2023-12-15,2607.61,0.026227,37.66,0.0003263722782793424,931066,军工龙头,CNY,CN10Y
2023-12-18,2551.66,0.026126,36.85,0.0010110420624151947,931066,军工龙头,CNY,CN10Y
2023-12-19,2539.33,0.026191,36.69,0.0010643829381302844,931066,军工龙头,CNY,CN10Y
2023-12-20,2473.44,0.026222,35.78,0.0017265746226942415,931066,军工龙头,CNY,CN10Y
2023-12-21,2495.01,0.025901,36.07,0.0018228702522872196,931066,军工龙头,CNY,CN10Y
2023-12-22,2569.4,0.0258769999999999,37.14,0.0010481480883145836,931066,军工龙头,CNY,CN10Y
2023-12-25,2632.08,0.025678,37.99,0.0006447165043432478,931066,军工龙头,CNY,CN10Y
2023-12-26,2607.77,0.025804,37.62,0.0007776055289739521,931066,军工龙头,CNY,CN10Y
2023-12-27,2602.74,0.025577,37.52,0.0010754520255863535,931066,军工龙头,CNY,CN10Y
2023-12-28,2640.0,0.0256939999999999,38.03,0.0006010302392848721,931066,军工龙头,CNY,CN10Y
2023-12-29,2669.34,0.025553,38.43,0.00046833749674733346,931066,军工龙头,CNY,CN10Y
2023-12-31,,0.025553,38.43,0.00046833749674733346,931066,军工龙头,CNY,CN10Y
2024-01-02,2680.2,0.025601,38.59,0.0003124490800725556,931066,军工龙头,CNY,CN10Y
2024-01-03,2648.77,0.025531,38.15,0.000681319790301442,931066,军工龙头,CNY,CN10Y
2024-01-04,2613.89,0.0253679999999999,37.68,0.0011712781316349195,931066,军工龙头,CNY,CN10Y
2024-01-05,2520.3,0.025175,36.41,0.002289982147761608,931066,军工龙头,CNY,CN10Y
2024-01-08,2440.42,0.025136,35.28,0.0032086712018140583,931066,军工龙头,CNY,CN10Y
2024-01-09,2416.94,0.024862,34.91,0.0037830873675164765,931066,军工龙头,CNY,CN10Y
2024-01-10,2389.27,0.024982,34.51,0.0039951080846131574,931066,军工龙头,CNY,CN10Y
2024-01-11,2422.95,0.024992,35.0,0.00357942857142857,931066,军工龙头,CNY,CN10Y
2024-01-12,2414.7,0.025172,34.89,0.003489507595299514,931066,军工龙头,CNY,CN10Y
2024-01-15,2350.48,0.025212,34.0,0.004199764705882354,931066,军工龙头,CNY,CN10Y
2024-01-16,2334.11,0.025252,33.77,0.004360081729345572,931066,军工龙头,CNY,CN10Y
2024-01-17,2264.1,0.025077,32.76,0.005448030525030529,931066,军工龙头,CNY,CN10Y
2024-01-18,2288.01,0.025092,33.15,0.005073912518853696,931066,军工龙头,CNY,CN10Y
2024-01-19,2259.8,0.025027,32.74,0.005516677458766033,931066,军工龙头,CNY,CN10Y
2024-01-22,2172.67,0.024922,31.49,0.006834113051762465,931066,军工龙头,CNY,CN10Y
2024-01-23,2194.14,0.025042,31.79,0.006414432840515887,931066,军工龙头,CNY,CN10Y
2024-01-24,2220.23,0.025042,32.14,0.006071876789047918,931066,军工龙头,CNY,CN10Y
2024-01-25,2317.56,0.024984,33.56,0.004813377830750892,931066,军工龙头,CNY,CN10Y
2024-01-26,2295.4,0.024994,33.24,0.005090235860409145,931066,军工龙头,CNY,CN10Y
2024-01-29,2251.43,0.02494,32.62,0.005716039239730228,931066,军工龙头,CNY,CN10Y
2024-01-30,2211.3,0.024557,32.08,0.006615069825436411,931066,军工龙头,CNY,CN10Y
2024-01-31,2113.02,0.0243299999999999,30.68,0.00826452411994795,931066,军工龙头,CNY,CN10Y
2024-02-01,2107.3,0.024354,30.57,0.008357808963035653,931066,军工龙头,CNY,CN10Y
2024-02-02,2019.66,0.0242439999999999,29.3,0.009885692832764605,931066,军工龙头,CNY,CN10Y
2024-02-04,,0.024053,29.3,0.010076692832764505,931066,军工龙头,CNY,CN10Y
2024-02-05,1975.37,0.024002,28.65,0.010902013961605585,931066,军工龙头,CNY,CN10Y
2024-02-06,2119.0,0.024525,30.7,0.00804828990228013,931066,军工龙头,CNY,CN10Y
2024-02-07,2222.55,0.0241529999999999,32.17,0.006931861672365657,931066,军工龙头,CNY,CN10Y
2024-02-08,2277.65,0.0243789999999999,32.99,0.005933215822976758,931066,军工龙头,CNY,CN10Y
2024-02-09,,0.024302,32.99,0.006010215822976658,931066,军工龙头,CNY,CN10Y
2024-02-18,,0.0243929999999999,32.99,0.005919215822976758,931066,军工龙头,CNY,CN10Y
2024-02-19,2254.54,0.024344,32.7,0.006237039755351677,931066,军工龙头,CNY,CN10Y
2024-02-20,2251.32,0.024134,32.64,0.006503254901960784,931066,军工龙头,CNY,CN10Y
2024-02-21,2265.75,0.024119,32.87,0.006303878004259203,931066,军工龙头,CNY,CN10Y
2024-02-22,2280.98,0.024033,33.11,0.006169355783751135,931066,军工龙头,CNY,CN10Y
2024-02-23,2300.83,0.024009,33.42,0.005913202274087374,931066,军工龙头,CNY,CN10Y
2024-02-26,2314.36,0.0237889999999999,33.59,0.005981765108663391,931066,军工龙头,CNY,CN10Y
2024-02-27,2371.68,0.023809,34.36,0.005294608847497089,931066,军工龙头,CNY,CN10Y
2024-02-28,2295.97,0.023376,33.28,0.0066720769230769195,931066,军工龙头,CNY,CN10Y
2024-02-29,2372.61,0.023375,34.34,0.005745559114735,931066,军工龙头,CNY,CN10Y
2024-03-01,2404.71,0.023675,34.81,0.005052377190462507,931066,军工龙头,CNY,CN10Y
2024-03-04,2391.37,0.023475,34.6,0.005426734104046243,931066,军工龙头,CNY,CN10Y
2024-03-05,2421.94,0.023169,35.05,0.005361670470756065,931066,军工龙头,CNY,CN10Y
2024-03-06,2410.39,0.02265,34.9,0.00600329512893983,931066,军工龙头,CNY,CN10Y
2024-03-07,2348.86,0.022776,34.02,0.006618473838918278,931066,军工龙头,CNY,CN10Y
2024-03-08,2382.4,0.022825,34.47,0.00618573397156948,931066,军工龙头,CNY,CN10Y
2024-03-11,2421.99,0.02305,35.06,0.005472532800912717,931066,军工龙头,CNY,CN10Y
2024-03-12,2467.52,0.023476,35.75,0.004496027972027972,931066,军工龙头,CNY,CN10Y
2024-03-13,2471.33,0.023326,35.8,0.004606960893854751,931066,军工龙头,CNY,CN10Y
2024-03-14,2426.75,0.0234249999999999,35.11,0.0050569139846198645,931066,军工龙头,CNY,CN10Y
2024-03-15,2440.52,0.0232,35.36,0.005080542986425341,931066,军工龙头,CNY,CN10Y
2024-03-18,2492.97,0.022926,36.09,0.0047825065114990295,931066,军工龙头,CNY,CN10Y
2024-03-19,2488.38,0.022801,36.03,0.00495364890369137,931066,军工龙头,CNY,CN10Y
2024-03-20,2485.26,0.022951,35.99,0.0048344959711030845,931066,军工龙头,CNY,CN10Y
2024-03-21,2482.27,0.022851,35.96,0.004957676307007785,931066,军工龙头,CNY,CN10Y
2024-03-22,2428.03,0.023051,35.19,0.005366163967036094,931066,军工龙头,CNY,CN10Y
2024-03-25,2373.7,0.023151,34.41,0.0059103193839000305,931066,军工龙头,CNY,CN10Y
2024-03-26,2346.54,0.0231749999999999,34.03,0.006210836027035066,931066,军工龙头,CNY,CN10Y
2024-03-27,2260.68,0.0228759999999999,32.83,0.007583945172098792,931066,军工龙头,CNY,CN10Y
2024-03-28,2351.42,0.023026,34.24,0.0061796074766355125,931066,军工龙头,CNY,CN10Y
2024-03-29,2369.04,0.0229009999999999,34.5,0.006084507246376911,931066,军工龙头,CNY,CN10Y
2024-04-01,2392.66,0.023082,34.83,0.00562888142405972,931066,军工龙头,CNY,CN10Y
2024-04-02,2360.54,0.022927,34.34,0.0061935591147350005,931066,军工龙头,CNY,CN10Y
2024-04-03,2330.61,0.022837,33.9,0.006661525073746313,931066,军工龙头,CNY,CN10Y
2024-04-07,,0.022937,33.9,0.006561525073746313,931066,军工龙头,CNY,CN10Y
2024-04-08,2281.39,0.022822,33.19,0.007307557095510699,931066,军工龙头,CNY,CN10Y
2024-04-09,2298.53,0.022802,33.42,0.007120202274087373,931066,军工龙头,CNY,CN10Y
2024-04-10,2258.49,0.022972,32.87,0.007450878004259205,931066,军工龙头,CNY,CN10Y
2024-04-11,2242.58,0.022928,32.64,0.0077092549019607826,931066,军工龙头,CNY,CN10Y
2024-04-12,2230.0,0.022837,32.46,0.007970147258163893,931066,军工龙头,CNY,CN10Y
2024-04-15,2296.77,0.022798,33.41,0.007133158335827602,931066,军工龙头,CNY,CN10Y
2024-04-16,2226.8,0.022723,32.4,0.0081411975308642,931066,军工龙头,CNY,CN10Y
2024-04-17,2295.97,0.022608,33.39,0.007341086552860136,931066,军工龙头,CNY,CN10Y
2024-04-18,2306.61,0.0225369999999999,33.53,0.007287038174768962,931066,军工龙头,CNY,CN10Y
2024-04-19,2340.7,0.02254,34.03,0.0068458360270349655,931066,军工龙头,CNY,CN10Y
2024-04-22,2399.7,0.022435,34.95,0.006177303290414875,931066,军工龙头,CNY,CN10Y
2024-04-23,2369.22,0.02226,34.51,0.00671710808461316,931066,军工龙头,CNY,CN10Y
2024-04-24,2421.69,0.022727,35.26,0.005633748723766308,931066,军工龙头,CNY,CN10Y
2024-04-25,2389.55,0.022612,34.84,0.006090640642939148,931066,军工龙头,CNY,CN10Y
2024-04-26,2408.13,0.0230839999999999,35.11,0.0053979139846198655,931066,军工龙头,CNY,CN10Y
2024-04-28,,0.0232439999999999,35.11,0.005237913984619865,931066,军工龙头,CNY,CN10Y
2024-04-29,2435.2,0.02353,35.52,0.004623153153153151,931066,军工龙头,CNY,CN10Y
2024-04-30,2412.0,0.023028,35.17,0.005405323855558714,931066,军工龙头,CNY,CN10Y
2024-05-06,2422.72,0.023081,37.79,0.003381026991267532,931066,军工龙头,CNY,CN10Y
2024-05-07,2490.93,0.022896,38.82,0.0028639175682637803,931066,军工龙头,CNY,CN10Y
2024-05-08,2466.85,0.022955,38.5,0.003019025974025976,931066,军工龙头,CNY,CN10Y
2024-05-09,2553.73,0.023186,39.79,0.0019459426991706476,931066,军工龙头,CNY,CN10Y
2024-05-10,2524.86,0.0231219999999999,39.33,0.002303883549453444,931066,军工龙头,CNY,CN10Y
2024-05-11,,0.023361,39.33,0.002064883549453344,931066,军工龙头,CNY,CN10Y
2024-05-13,2507.51,0.0229,39.04,0.002714754098360656,931066,军工龙头,CNY,CN10Y
2024-05-14,2483.64,0.022938,38.68,0.002915154084798345,931066,军工龙头,CNY,CN10Y
2024-05-15,2452.37,0.02302,38.21,0.0031511593823606403,931066,军工龙头,CNY,CN10Y
2024-05-16,2445.48,0.023147,38.11,0.0030928320650747826,931066,军工龙头,CNY,CN10Y
2024-05-17,2494.22,0.023077,38.86,0.00265640195573855,931066,军工龙头,CNY,CN10Y
2024-05-20,2525.7,0.023105,39.31,0.0023338196387687575,931066,军工龙头,CNY,CN10Y
2024-05-21,2485.7,0.023141,38.7,0.002698793281653747,931066,军工龙头,CNY,CN10Y
2024-05-22,2477.42,0.023123,38.57,0.002803886180969665,931066,军工龙头,CNY,CN10Y
2024-05-23,2453.69,0.0230629999999999,38.19,0.0031218651479445886,931066,军工龙头,CNY,CN10Y
2024-05-24,2403.66,0.023134,37.39,0.00361111901577962,931066,军工龙头,CNY,CN10Y
2024-05-27,2415.07,0.0230839999999999,37.52,0.003568452025586453,931066,军工龙头,CNY,CN10Y
2024-05-28,2406.71,0.022994,37.39,0.003751119015779618,931066,军工龙头,CNY,CN10Y
2024-05-29,2396.62,0.022776,37.25,0.004069637583892616,931066,军工龙头,CNY,CN10Y
2024-05-30,2433.87,0.022826,37.83,0.0036080470526037543,931066,军工龙头,CNY,CN10Y
2024-05-31,2462.21,0.022926,38.28,0.003197301985370951,931066,军工龙头,CNY,CN10Y
2024-06-03,2446.93,0.022853,38.1,0.003393719160104988,931066,军工龙头,CNY,CN10Y
2024-06-04,2487.87,0.022854,38.72,0.002972446280991737,931066,军工龙头,CNY,CN10Y
2024-06-05,2524.75,0.022808,39.28,0.0026502484725050915,931066,军工龙头,CNY,CN10Y
2024-06-06,2474.75,0.022828,38.52,0.003132539979231564,931066,军工龙头,CNY,CN10Y
2024-06-07,2488.7,0.022833,38.73,0.002986777949909633,931066,军工龙头,CNY,CN10Y
2024-06-11,2534.86,0.022791,39.44,0.0025639695740365155,931066,军工龙头,CNY,CN10Y
2024-06-12,2526.34,0.02276,39.31,0.002678819638768759,931066,军工龙头,CNY,CN10Y
2024-06-13,2528.38,0.0226779999999999,39.38,0.0027156008125953264,931066,军工龙头,CNY,CN10Y
2024-06-14,2501.22,0.0225579999999999,38.86,0.0031754019557386493,931066,军工龙头,CNY,CN10Y
2024-06-17,2508.05,0.022609,38.66,0.0032575287118468722,931066,军工龙头,CNY,CN10Y
2024-06-18,2513.93,0.0225369999999999,38.73,0.0032827779499097313,931066,军工龙头,CNY,CN10Y
2024-06-19,2473.75,0.022429,38.16,0.003776450733752622,931066,军工龙头,CNY,CN10Y
2024-06-20,2422.45,0.022445,37.38,0.004307273943285176,931066,军工龙头,CNY,CN10Y
2024-06-21,2425.43,0.0225709999999999,37.42,0.004152677177979788,931066,军工龙头,CNY,CN10Y
2024-06-24,2374.98,0.022451,36.62,0.004856482250136542,931066,军工龙头,CNY,CN10Y
2024-06-25,2340.5,0.02235,36.11,0.0053431597895319885,931066,军工龙头,CNY,CN10Y
2024-06-26,2382.01,0.022225,36.71,0.005015533914464722,931066,军工龙头,CNY,CN10Y
2024-06-27,2337.11,0.022081,36.02,0.005681354247640196,931066,军工龙头,CNY,CN10Y
2024-06-28,2404.54,0.022058,37.07,0.004917991367682759,931066,军工龙头,CNY,CN10Y
2024-07-01,2405.48,0.022486,37.07,0.0044899913676827614,931066,军工龙头,CNY,CN10Y
2024-07-02,2375.74,0.022369,36.2,0.005255309392265192,931066,军工龙头,CNY,CN10Y
2024-07-03,2328.54,0.0224259999999999,35.51,0.005735081385525306,931066,军工龙头,CNY,CN10Y
2024-07-04,2300.39,0.022502,35.11,0.005979913984619764,931066,军工龙头,CNY,CN10Y
2024-07-05,2304.05,0.022754,35.17,0.005679323855558714,931066,军工龙头,CNY,CN10Y
2024-07-08,2253.32,0.022904,34.43,0.00614043799012489,931066,军工龙头,CNY,CN10Y
2024-07-09,2274.21,0.022698,34.73,0.006095550244745181,931066,军工龙头,CNY,CN10Y
2024-07-10,2274.03,0.022707,34.74,0.006078261945883703,931066,军工龙头,CNY,CN10Y
2024-07-11,2330.28,0.022648,35.55,0.005481395218002814,931066,军工龙头,CNY,CN10Y
2024-07-12,2313.59,0.022604,35.34,0.005692547821165815,931066,军工龙头,CNY,CN10Y
2024-07-15,2298.06,0.022541,35.07,0.005973399771884803,931066,军工龙头,CNY,CN10Y
2024-07-16,2317.68,0.0226129999999999,35.38,0.005651556246467029,931066,军工龙头,CNY,CN10Y
2024-07-17,2315.51,0.0225979999999999,35.32,0.005714570781427054,931066,军工龙头,CNY,CN10Y
2024-07-18,2373.3,0.022673,36.2,0.0049513093922651935,931066,军工龙头,CNY,CN10Y
2024-07-19,2413.01,0.022614,36.84,0.004530408251900108,931066,军工龙头,CNY,CN10Y
2024-07-22,2427.8,0.022461,37.04,0.004536840172786178,931066,军工龙头,CNY,CN10Y
2024-07-23,2362.59,0.022322,36.07,0.0054018702522872185,931066,军工龙头,CNY,CN10Y
2024-07-24,2384.78,0.022381,36.37,0.005114188342040145,931066,军工龙头,CNY,CN10Y
2024-07-25,2372.96,0.022168,36.17,0.005479221454243847,931066,军工龙头,CNY,CN10Y
2024-07-26,2468.0,0.0219439999999999,37.63,0.004630541589157683,931066,军工龙头,CNY,CN10Y
2024-07-29,2471.17,0.021574,37.67,0.004972323334218209,931066,军工龙头,CNY,CN10Y
2024-07-30,2478.13,0.02148,37.76,0.00500305084745763,931066,军工龙头,CNY,CN10Y
2024-07-31,2507.17,0.021494,38.2,0.004684010471204186,931066,军工龙头,CNY,CN10Y
2024-08-01,2501.04,0.021297,38.17,0.0049015852763950735,931066,军工龙头,CNY,CN10Y
2024-08-02,2482.51,0.021277,37.89,0.005115187912377934,931066,军工龙头,CNY,CN10Y
2024-08-05,2423.57,0.021376,37.04,0.005621840172786177,931066,军工龙头,CNY,CN10Y
2024-08-06,2500.89,0.0214909999999999,38.19,0.004693865147944589,931066,军工龙头,CNY,CN10Y
2024-08-07,2508.3,0.021414,38.24,0.004736627615062761,931066,军工龙头,CNY,CN10Y
2024-08-08,2422.83,0.02181,36.94,0.005260925825663239,931066,军工龙头,CNY,CN10Y
2024-08-09,2399.75,0.021986,36.61,0.0053289412728762635,931066,军工龙头,CNY,CN10Y
2024-08-12,2379.22,0.022508,36.32,0.005025039647577091,931066,军工龙头,CNY,CN10Y
2024-08-13,2407.95,0.0222549999999999,36.76,0.00494848204570195,931066,军工龙头,CNY,CN10Y
2024-08-14,2372.98,0.021966,36.24,0.005627818984547461,931066,军工龙头,CNY,CN10Y
2024-08-15,2379.93,0.02205,36.34,0.005467886626307098,931066,军工龙头,CNY,CN10Y
2024-08-16,2333.0,0.021978,35.6,0.006111887640449436,931066,军工龙头,CNY,CN10Y
2024-08-19,2325.07,0.021816,35.49,0.006360951253874331,931066,军工龙头,CNY,CN10Y
2024-08-20,2291.52,0.0217099999999999,35.0,0.006861428571428671,931066,军工龙头,CNY,CN10Y
2024-08-21,2272.89,0.02167,34.72,0.007131843317972352,931066,军工龙头,CNY,CN10Y
2024-08-22,2266.85,0.021582,34.67,0.007261380444188056,931066,军工龙头,CNY,CN10Y
2024-08-23,2269.11,0.021547,34.71,0.00726314116969173,931066,军工龙头,CNY,CN10Y
2024-08-26,2252.59,0.0216279999999999,34.45,0.007399576197387615,931066,军工龙头,CNY,CN10Y
2024-08-27,2221.34,0.021903,34.0,0.007508764705882354,931066,军工龙头,CNY,CN10Y
2024-08-28,2248.54,0.021673,34.41,0.007388319383900031,931066,军工龙头,CNY,CN10Y
2024-08-29,2281.64,0.021703,34.86,0.006983173264486518,931066,军工龙头,CNY,CN10Y
2024-08-30,2314.75,0.0217039999999999,35.35,0.0065845431400283864,931066,军工龙头,CNY,CN10Y
2024-09-02,2260.68,0.021457,36.42,0.006000440966501919,931066,军工龙头,CNY,CN10Y
2024-09-03,2290.9,0.021432,36.91,0.005660928745597402,931066,军工龙头,CNY,CN10Y
2024-09-04,2285.82,0.021336,36.84,0.005808408251900106,931066,军工龙头,CNY,CN10Y
2024-09-05,2296.9,0.021338,37.0,0.005689027027027029,931066,军工龙头,CNY,CN10Y
2024-09-06,2262.35,0.0213879999999999,36.48,0.006024280701754488,931066,军工龙头,CNY,CN10Y
2024-09-09,2252.47,0.021267,36.26,0.0063115990071704355,931066,军工龙头,CNY,CN10Y
2024-09-10,2257.97,0.021143,36.33,0.006382461051472613,931066,军工龙头,CNY,CN10Y
2024-09-11,2251.83,0.021044,36.24,0.00654981898454746,931066,军工龙头,CNY,CN10Y
2024-09-12,2238.86,0.020998,36.03,0.006756648903691369,931066,军工龙头,CNY,CN10Y
2024-09-13,2220.96,0.020724,35.75,0.007248027972027973,931066,军工龙头,CNY,CN10Y
2024-09-14,,0.020425,35.75,0.007547027972027973,931066,军工龙头,CNY,CN10Y
2024-09-18,2212.41,0.0204029999999999,35.57,0.0077105788585887965,931066,军工龙头,CNY,CN10Y
2024-09-19,2213.82,0.02045,35.52,0.007703153153153151,931066,军工龙头,CNY,CN10Y
2024-09-20,2200.44,0.0204309999999999,35.32,0.007881570781427052,931066,军工龙头,CNY,CN10Y
2024-09-23,2209.54,0.020381,35.46,0.00781978962210942,931066,军工龙头,CNY,CN10Y
2024-09-24,2280.25,0.020728,36.6,0.006594404371584699,931066,军工龙头,CNY,CN10Y
2024-09-25,2305.19,0.0204369999999999,37.01,0.006582724398811232,931066,军工龙头,CNY,CN10Y
2024-09-26,2378.25,0.020787,38.17,0.0054115852763950735,931066,军工龙头,CNY,CN10Y
2024-09-27,2486.57,0.021714,39.88,0.00336122567703109,931066,军工龙头,CNY,CN10Y
2024-09-29,,0.022534,39.88,0.002541225677031092,931066,军工龙头,CNY,CN10Y
2024-09-30,2719.47,0.021518,43.7,0.0013652951945080094,931066,军工龙头,CNY,CN10Y
2024-10-08,2964.15,0.021928,47.7,-0.0009636394129979055,931066,军工龙头,CNY,CN10Y
2024-10-09,2763.3,0.02176,44.39,0.0007675963054742038,931066,军工龙头,CNY,CN10Y
2024-10-10,2772.37,0.0214409999999999,44.67,0.0009453890754422302,931066,军工龙头,CNY,CN10Y
2024-10-11,2628.58,0.021392,42.38,0.0022040358659745143,931066,军工龙头,CNY,CN10Y
2024-10-12,,0.0214409999999999,42.38,0.0021550358659746145,931066,军工龙头,CNY,CN10Y
2024-10-14,2741.47,0.021368,44.23,0.0012410888537191939,931066,军工龙头,CNY,CN10Y
2024-10-15,2714.56,0.021254,43.67,0.0016450153423402808,931066,军工龙头,CNY,CN10Y
2024-10-16,2680.36,0.021331,43.13,0.0018547175979596563,931066,军工龙头,CNY,CN10Y
2024-10-17,2699.12,0.021084,43.36,0.0019787306273062744,931066,军工龙头,CNY,CN10Y
2024-10-18,2796.05,0.021209,44.9,0.001062714922048999,931066,军工龙头,CNY,CN10Y
2024-10-21,2904.53,0.021211,46.73,0.00018852921035737366,931066,军工龙头,CNY,CN10Y
2024-10-22,2871.73,0.0214579999999999,46.24,0.0001682975778547688,931066,军工龙头,CNY,CN10Y
2024-10-23,2950.84,0.021559,47.66,-0.0005770444817456942,931066,军工龙头,CNY,CN10Y
2024-10-24,2884.62,0.021661,46.54,-0.00017410700472711427,931066,军工龙头,CNY,CN10Y
2024-10-25,2907.11,0.021539,46.9,-0.00021703837953091637,931066,军工龙头,CNY,CN10Y
2024-10-28,2949.09,0.021617,47.51,-0.0005687996211323938,931066,军工龙头,CNY,CN10Y
2024-10-29,2912.28,0.021598,46.84,-0.00024872587532023815,931066,军工龙头,CNY,CN10Y
2024-10-30,2920.2,0.0215969999999999,46.86,-0.00025683781476729464,931066,军工龙头,CNY,CN10Y
2024-10-31,2923.84,0.021476,46.84,-0.00012672587532023757,931066,军工龙头,CNY,CN10Y
2024-11-01,2832.29,0.021406,47.22,-0.00022853282507412365,931066,军工龙头,CNY,CN10Y
2024-11-04,2918.97,0.021275,48.75,-0.000762179487179486,931066,军工龙头,CNY,CN10Y
2024-11-05,3103.53,0.021106,51.96,-0.0018604264819091602,931066,军工龙头,CNY,CN10Y
2024-11-06,3143.13,0.021234,52.74,-0.002273059537353052,931066,军工龙头,CNY,CN10Y
2024-11-07,3073.32,0.021115,51.43,-0.001671095664009331,931066,军工龙头,CNY,CN10Y
2024-11-08,3162.17,0.021067,53.1,-0.002234608286252354,931066,军工龙头,CNY,CN10Y
2024-11-11,3217.72,0.02092,53.76,-0.002318809523809525,931066,军工龙头,CNY,CN10Y
2024-11-12,3085.15,0.020729,51.46,-0.001296431014380102,931066,军工龙头,CNY,CN10Y
2024-11-13,3068.06,0.020876,51.21,-0.0013485639523530546,931066,军工龙头,CNY,CN10Y
2024-11-14,2951.81,0.020808,49.29,-0.0005199091093528105,931066,军工龙头,CNY,CN10Y
2024-11-15,2854.84,0.020948,47.64,4.2764063811921715e-05,931066,军工龙头,CNY,CN10Y
2024-11-18,2825.22,0.021117,47.19,7.393028183937458e-05,931066,军工龙头,CNY,CN10Y
2024-11-19,2863.37,0.020947,47.79,-2.212031805817055e-05,931066,军工龙头,CNY,CN10Y
2024-11-20,2896.65,0.021025,48.38,-0.000355301777594047,931066,军工龙头,CNY,CN10Y
2024-11-21,2882.13,0.0208429999999999,48.12,-6.162011637562623e-05,931066,军工龙头,CNY,CN10Y
2024-11-22,2782.11,0.020832,46.52,0.0006641306964746338,931066,军工龙头,CNY,CN10Y
2024-11-25,2727.36,0.020682,45.57,0.001262261575597983,931066,军工龙头,CNY,CN10Y
2024-11-26,2713.53,0.020657,45.37,0.00138399625303064,931066,军工龙头,CNY,CN10Y
2024-11-27,2803.74,0.020553,46.81,0.0008099566331980362,931066,军工龙头,CNY,CN10Y
2024-11-28,2788.2,0.020304,46.51,0.001196752526338423,931066,军工龙头,CNY,CN10Y
2024-11-29,2824.45,0.020206,47.09,0.0010299311955829261,931066,军工龙头,CNY,CN10Y
2024-12-02,2841.04,0.01981,47.34,0.0013137853823405113,931066,军工龙头,CNY,CN10Y
2024-12-03,2807.17,0.019886,46.73,0.0015135292103573735,931066,军工龙头,CNY,CN10Y
2024-12-04,2768.25,0.019612,46.09,0.002084680407897589,931066,军工龙头,CNY,CN10Y
2024-12-05,2795.91,0.019462,46.53,0.002029510853212981,931066,军工龙头,CNY,CN10Y
2024-12-06,2823.12,0.019539,47.0,0.0017375957446808497,931066,军工龙头,CNY,CN10Y
2024-12-09,2777.93,0.019168,46.27,0.002444275772638855,931066,军工龙头,CNY,CN10Y
2024-12-10,2814.63,0.018468,46.69,0.0029498624973227708,931066,军工龙头,CNY,CN10Y
2024-12-11,2825.36,0.018218,46.85,0.003126717182497331,931066,军工龙头,CNY,CN10Y
2024-12-12,2875.91,0.018172,47.8,0.002748502092050211,931066,军工龙头,CNY,CN10Y
2024-12-13,2786.2,0.017771,46.29,0.003831937999567943,931066,军工龙头,CNY,CN10Y
2024-12-16,2744.74,0.017215,46.3,0.004383272138228943,931066,军工龙头,CNY,CN10Y
2024-12-17,2721.98,0.017237,46.09,0.004459680407897591,931066,军工龙头,CNY,CN10Y
2024-12-18,2750.24,0.017564,46.55,0.003918277121374866,931066,军工龙头,CNY,CN10Y
2024-12-19,2743.63,0.017417,46.4,0.0041347241379310375,931066,军工龙头,CNY,CN10Y
2024-12-20,2773.94,0.017018,46.94,0.004285792074989352,931066,军工龙头,CNY,CN10Y
2024-12-23,2713.72,0.017019,45.93,0.004753262138036143,931066,军工龙头,CNY,CN10Y
2024-12-24,2719.53,0.017166,46.0,0.004573130434782607,931066,军工龙头,CNY,CN10Y
2024-12-25,2705.63,0.017365,45.86,0.004440494984736157,931066,军工龙头,CNY,CN10Y
2024-12-26,2744.15,0.017122,46.59,0.0043418334406525,931066,军工龙头,CNY,CN10Y
2024-12-27,2787.72,0.016929,47.36,0.004185864864864865,931066,军工龙头,CNY,CN10Y
2024-12-30,2780.77,0.017128,47.3,0.004013649048625792,931066,军工龙头,CNY,CN10Y
2024-12-31,2751.04,0.016752,46.99,0.004529123643328366,931066,军工龙头,CNY,CN10Y
2025-01-02,2627.35,0.0160769999999999,44.81,0.006239447221602419,931066,军工龙头,CNY,CN10Y
2025-01-03,2548.21,0.016041,43.43,0.006984558369790467,931066,军工龙头,CNY,CN10Y
2025-01-06,2519.75,0.015966,42.9,0.007344023310023311,931066,军工龙头,CNY,CN10Y
2025-01-07,2558.67,0.016093,43.56,0.006863841138659319,931066,军工龙头,CNY,CN10Y
2025-01-08,2515.17,0.016069,42.77,0.007311874444704231,931066,军工龙头,CNY,CN10Y
2025-01-09,2591.1,0.016368,44.15,0.006282056625141565,931066,军工龙头,CNY,CN10Y
2025-01-10,2571.9,0.016338,43.85,0.00646701710376283,931066,军工龙头,CNY,CN10Y
2025-01-13,2569.04,0.016592,43.75,0.006265142857142858,931066,军工龙头,CNY,CN10Y
2025-01-14,2644.23,0.016446,45.01,0.005771285047767166,931066,军工龙头,CNY,CN10Y
2025-01-15,2591.33,0.01633,44.15,0.0063200566251415645,931066,军工龙头,CNY,CN10Y
2025-01-16,2577.91,0.016394,43.9,0.006385043280182235,931066,军工龙头,CNY,CN10Y
2025-01-17,2629.71,0.016593,44.82,0.005718468094600623,931066,军工龙头,CNY,CN10Y
2025-01-20,2638.25,0.016747,44.94,0.005504891410769916,931066,军工龙头,CNY,CN10Y
2025-01-21,2611.12,0.016496,44.43,0.006011314877335135,931066,军工龙头,CNY,CN10Y
2025-01-22,2590.48,0.016602,44.06,0.006094323195642307,931066,军工龙头,CNY,CN10Y
2025-01-23,2574.44,0.016645,43.88,0.006144425706472195,931066,军工龙头,CNY,CN10Y
2025-01-24,2583.39,0.016565,50.39,0.003280207382417147,931066,军工龙头,CNY,CN10Y
2025-01-26,,0.016537,50.39,0.003308207382417147,931066,军工龙头,CNY,CN10Y
2025-01-27,2559.05,0.0162989999999999,49.73,0.0038095863663785458,931066,军工龙头,CNY,CN10Y
2025-02-05,2570.8,0.016207,49.68,0.003921824476650564,931066,军工龙头,CNY,CN10Y
2025-02-06,2655.57,0.015958,51.51,0.003455706076490001,931066,军工龙头,CNY,CN10Y
2025-02-07,2669.38,0.016032,51.77,0.0032842062970832517,931066,军工龙头,CNY,CN10Y
2025-02-08,,0.016057,51.77,0.0032592062970832544,931066,军工龙头,CNY,CN10Y
2025-02-10,2682.81,0.016342,52.0,0.002888769230769233,931066,军工龙头,CNY,CN10Y
2025-02-11,2651.81,0.016274,51.31,0.0032153782888325842,931066,军工龙头,CNY,CN10Y
2025-02-12,2668.52,0.016336,51.64,0.0030288334624322226,931066,军工龙头,CNY,CN10Y
2025-02-13,2654.79,0.016346,51.68,0.003003845201238392,931066,军工龙头,CNY,CN10Y
2025-02-14,2632.29,0.016546,51.22,0.002977623584537289,931066,军工龙头,CNY,CN10Y
2025-02-17,2613.11,0.016934,42.25,0.006734639053254436,931066,军工龙头,CNY,CN10Y
2025-02-18,2550.75,0.017006,41.32,0.007195355275895449,931066,军工龙头,CNY,CN10Y
2025-02-19,2593.86,0.016626,41.88,0.007251745940783191,931066,军工龙头,CNY,CN10Y
2025-02-20,2644.64,0.01685,42.57,0.006640721165139769,931066,军工龙头,CNY,CN10Y
2025-02-21,2656.28,0.0172,42.78,0.0061754090696587195,931066,军工龙头,CNY,CN10Y
2025-02-24,2663.97,0.017625,42.77,0.005755874444704233,931066,军工龙头,CNY,CN10Y
2025-02-25,2632.91,0.017275,42.32,0.006354489603024576,931066,军工龙头,CNY,CN10Y
2025-02-26,2657.08,0.017251,42.7,0.006168203747072599,931066,军工龙头,CNY,CN10Y
2025-02-27,2628.83,0.017576,42.31,0.006059074450484515,931066,军工龙头,CNY,CN10Y
2025-02-28,2573.0,0.017152,41.44,0.006979274131274131,931066,军工龙头,CNY,CN10Y
2025-03-03,2587.78,0.016955,41.73,0.007008575365444525,931066,军工龙头,CNY,CN10Y
2025-03-04,2679.02,0.017079,43.16,0.006090601482854497,931066,军工龙头,CNY,CN10Y
2025-03-05,2677.38,0.017083,43.05,0.006145803716608594,931066,军工龙头,CNY,CN10Y
2025-03-06,2700.43,0.017455,43.36,0.005607730627306275,931066,军工龙头,CNY,CN10Y
2025-03-07,2764.5,0.018002,44.52,0.004459814914645102,931066,军工龙头,CNY,CN10Y
2025-03-10,2777.18,0.018128,44.73,0.004228360384529402,931066,军工龙头,CNY,CN10Y
2025-03-11,2848.66,0.0188529999999999,45.93,0.002919262138036241,931066,军工龙头,CNY,CN10Y
2025-03-12,2828.27,0.018334,45.58,0.003605447125932429,931066,军工龙头,CNY,CN10Y
2025-03-13,2846.92,0.018565,45.92,0.003212003484320554,931066,军工龙头,CNY,CN10Y
2025-03-14,2842.77,0.018317,45.89,0.003474239921551537,931066,军工龙头,CNY,CN10Y
2025-03-17,2832.15,0.0189569999999999,45.75,0.0029009234972678585,931066,军工龙头,CNY,CN10Y
2025-03-18,2806.34,0.018885,45.3,0.003190055187637972,931066,军工龙头,CNY,CN10Y
2025-03-19,2785.82,0.018708,44.95,0.0035389410456062274,931066,军工龙头,CNY,CN10Y
2025-03-20,2815.01,0.018309,45.45,0.0036932002200220013,931066,军工龙头,CNY,CN10Y
2025-03-21,2786.58,0.018458,45.02,0.00375435006663705,931066,军工龙头,CNY,CN10Y
2025-03-24,2741.37,0.018413,44.34,0.00413999954894001,931066,军工龙头,CNY,CN10Y
2025-03-25,2751.06,0.018183,44.49,0.0042939611148572684,931066,军工龙头,CNY,CN10Y
2025-03-26,2749.21,0.017943,44.47,0.004544069934787499,931066,军工龙头,CNY,CN10Y
2025-03-27,2727.5,0.018062,44.06,0.004634323195642304,931066,军工龙头,CNY,CN10Y
2025-03-28,2712.43,0.018126,43.85,0.004679017103762829,931066,军工龙头,CNY,CN10Y
2025-03-31,2647.52,0.018129,42.72,0.005279239700374534,931066,军工龙头,CNY,CN10Y
2025-04-01,2707.29,0.018104,43.73,0.004763596615595705,931066,军工龙头,CNY,CN10Y
2025-04-02,2646.23,0.017887,42.59,0.0055926900680911,931066,军工龙头,CNY,CN10Y
2025-04-03,2643.95,0.01718,42.56,0.006316240601503757,931066,军工龙头,CNY,CN10Y
2025-04-07,2446.64,0.016318,39.67,0.008889965717166624,931066,军工龙头,CNY,CN10Y
2025-04-08,2502.09,0.016633,40.6,0.007997541871921181,931066,军工龙头,CNY,CN10Y
2025-04-09,2645.56,0.016508,42.84,0.006834670401493929,931066,军工龙头,CNY,CN10Y
2025-04-10,2656.55,0.016444,43.03,0.006795600278875203,931066,军工龙头,CNY,CN10Y
2025-04-11,2685.07,0.016568,43.42,0.0064628613542146475,931066,军工龙头,CNY,CN10Y
2025-04-14,2686.29,0.016584,43.42,0.006446861354214645,931066,军工龙头,CNY,CN10Y
2025-04-15,2637.66,0.016583,42.62,0.00688016283435007,931066,军工龙头,CNY,CN10Y
2025-04-16,2638.04,0.01643,42.68,0.007000178069353328,931066,军工龙头,CNY,CN10Y
2025-04-17,2634.29,0.016522,42.58,0.006963204321277599,931066,军工龙头,CNY,CN10Y
2025-04-18,2612.52,0.016493,42.24,0.007181242424242423,931066,军工龙头,CNY,CN10Y
2025-04-21,2656.55,0.016664,42.9,0.00664602331002331,931066,军工龙头,CNY,CN10Y
2025-04-22,2647.23,0.016509,42.75,0.006882812865497075,931066,军工龙头,CNY,CN10Y
2025-04-23,2623.63,0.016611,42.32,0.007018489603024574,931066,军工龙头,CNY,CN10Y
2025-04-24,2597.75,0.01664,41.88,0.007237745940783191,931066,军工龙头,CNY,CN10Y
2025-04-25,2602.63,0.016606,41.98,0.007214867079561697,931066,军工龙头,CNY,CN10Y
2025-04-27,,0.016607,41.98,0.007213867079561696,931066,军工龙头,CNY,CN10Y
2025-04-28,2580.29,0.016483,41.55,0.007584388688327316,931066,军工龙头,CNY,CN10Y
2025-04-29,2565.33,0.016241,41.34,0.007948646831156266,931066,军工龙头,CNY,CN10Y
2025-04-30,2572.16,0.016243,41.37,0.007929105390379502,931066,军工龙头,CNY,CN10Y
2025-05-06,2612.52,0.016298,50.45,0.0035236055500495536,931066,军工龙头,CNY,CN10Y
2025-05-07,2722.28,0.016418,52.49,0.0026332478567346156,931066,军工龙头,CNY,CN10Y
2025-05-08,2807.44,0.016331,53.9,0.002221875695732841,931066,军工龙头,CNY,CN10Y
2025-05-09,2726.79,0.016351,52.28,0.0027767735271614358,931066,军工龙头,CNY,CN10Y
2025-05-12,2866.78,0.01688,54.83,0.0013581907714754725,931066,军工龙头,CNY,CN10Y
2025-05-13,2784.78,0.016704,53.25,0.002075342723004695,931066,军工龙头,CNY,CN10Y
2025-05-14,2758.98,0.016736,52.73,0.0022285363170870473,931066,军工龙头,CNY,CN10Y
2025-05-15,2712.94,0.016798,51.92,0.002462400616332818,931066,军工龙头,CNY,CN10Y
2025-05-16,2713.62,0.016793,51.99,0.0024414681669551845,931066,军工龙头,CNY,CN10Y
2025-05-19,2747.95,0.016893,52.57,0.002129256039566294,931066,军工龙头,CNY,CN10Y
2025-05-20,2728.06,0.017004,52.35,0.002098196752626555,931066,军工龙头,CNY,CN10Y
2025-05-21,2740.49,0.0171,52.55,0.0019294957183634623,931066,军工龙头,CNY,CN10Y
2025-05-22,2731.67,0.017186,52.46,0.0018761425848265352,931066,军工龙头,CNY,CN10Y
2025-05-23,2702.84,0.017208,51.93,0.0020486917003658747,931066,军工龙头,CNY,CN10Y
2025-05-26,2722.86,0.017201,52.3,0.0019194588910133835,931066,军工龙头,CNY,CN10Y
2025-05-27,2708.63,0.017261,51.97,0.001980870309794113,931066,军工龙头,CNY,CN10Y
2025-05-28,2697.21,0.016832,51.8,0.002473019305019305,931066,军工龙头,CNY,CN10Y
2025-05-29,2738.14,0.016877,52.61,0.002130793195210038,931066,军工龙头,CNY,CN10Y
2025-05-30,2757.84,0.016712,53.03,0.002145250612860642,931066,军工龙头,CNY,CN10Y
2025-06-03,2778.45,0.0167639999999999,53.48,0.0019345789080030922,931066,军工龙头,CNY,CN10Y
2025-06-04,2763.74,0.016704,53.27,0.0020682920968650258,931066,军工龙头,CNY,CN10Y
2025-06-05,2768.62,0.016741,53.32,0.002013688672168043,931066,军工龙头,CNY,CN10Y
2025-06-06,2767.91,0.016547,53.25,0.002232342723004696,931066,军工龙头,CNY,CN10Y
2025-06-09,2830.75,0.016559,54.75,0.0017058401826484,931066,军工龙头,CNY,CN10Y
2025-06-10,2773.59,0.016569,53.67,0.002063383081796162,931066,军工龙头,CNY,CN10Y
2025-06-11,2787.11,0.01642,53.99,0.002101948508983143,931066,军工龙头,CNY,CN10Y
2025-06-12,2771.09,0.016475,53.63,0.0021712800671266075,931066,军工龙头,CNY,CN10Y
2025-06-13,2823.45,0.01644,54.48,0.0019153597650513957,931066,军工龙头,CNY,CN10Y
2025-06-16,2818.54,0.016432,54.08,0.0020591242603550317,931066,军工龙头,CNY,CN10Y
2025-06-17,2812.02,0.016364,54.11,0.002116872297172428,931066,军工龙头,CNY,CN10Y
2025-06-18,2830.74,0.016384,54.34,0.0020186499815973494,931066,军工龙头,CNY,CN10Y
2025-06-19,2782.08,0.016425,53.44,0.0022875748502994044,931066,军工龙头,CNY,CN10Y
2025-06-20,2743.43,0.016396,52.71,0.002575732119142478,931066,军工龙头,CNY,CN10Y
2025-06-23,2781.46,0.016418,53.4,0.0023085917602996275,931066,军工龙头,CNY,CN10Y
2025-06-24,2788.27,0.0164799999999999,53.66,0.0021558553857623057,931066,军工龙头,CNY,CN10Y
2025-06-25,2881.19,0.016544,55.43,0.0014967721450478075,931066,军工龙头,CNY,CN10Y
2025-06-26,2891.33,0.016462,55.57,0.0015333212164837136,931066,军工龙头,CNY,CN10Y
2025-06-27,2920.1,0.016462,56.17,0.0013410977390065845,931066,军工龙头,CNY,CN10Y
2025-06-30,3055.06,0.016469,58.75,0.0005522765957446801,931066,军工龙头,CNY,CN10Y
2025-07-01,3031.68,0.016433,58.43,0.0006814959780934472,931066,军工龙头,CNY,CN10Y
2025-07-02,2968.06,0.016396,57.15,0.0011018127734033246,931066,军工龙头,CNY,CN10Y
2025-07-03,2961.35,0.016407,57.04,0.0011245568022440373,931066,军工龙头,CNY,CN10Y
2025-07-04,2958.1,0.016433,57.06,0.0010924118471784088,931066,军工龙头,CNY,CN10Y
2025-07-07,2969.29,0.016406,57.39,0.0010186384387523943,931066,军工龙头,CNY,CN10Y
2025-07-08,2982.49,0.016444,57.64,0.000905063150589868,931066,军工龙头,CNY,CN10Y
2025-07-09,2965.22,0.016446,57.26,0.0010181983932937497,931066,军工龙头,CNY,CN10Y
2025-07-10,2952.47,0.016616,56.97,0.000937098121818504,931066,军工龙头,CNY,CN10Y
2025-07-11,2980.03,0.016653,57.4,0.000768602787456444,931066,军工龙头,CNY,CN10Y
2025-07-14,2961.46,0.016726,57.03,0.0008086308960196381,931066,军工龙头,CNY,CN10Y
2025-07-15,2949.35,0.016557,56.88,0.0010238720112517585,931066,军工龙头,CNY,CN10Y
2025-07-16,2939.57,0.016617,56.65,0.001035250661959402,931066,军工龙头,CNY,CN10Y
2025-07-17,3044.24,0.01663,58.9,0.00034792869269949234,931066,军工龙头,CNY,CN10Y
2025-07-18,3089.64,0.016652,59.85,5.6437761069338954e-05,931066,军工龙头,CNY,CN10Y
2025-07-21,3101.94,0.016774,59.99,-0.00010455509251542164,931066,军工龙头,CNY,CN10Y
2025-07-22,3102.2,0.016907,60.02,-0.0002458870376541161,931066,军工龙头,CNY,CN10Y
2025-07-23,3047.15,0.017041,58.91,-6.595331862162615e-05,931066,军工龙头,CNY,CN10Y
2025-07-24,3104.94,0.017376,59.99,-0.00070655509251542,931066,军工龙头,CNY,CN10Y
2025-07-25,3112.17,0.017324,60.16,-0.0007016595744680845,931066,军工龙头,CNY,CN10Y
2025-07-28,3159.61,0.0171459999999999,61.1,-0.0007793878887069373,931066,军工龙头,CNY,CN10Y
2025-07-29,3209.18,0.017466,62.08,-0.0013577525773195848,931066,军工龙头,CNY,CN10Y
2025-07-30,3165.99,0.01718,61.25,-0.0008534693877551014,931066,军工龙头,CNY,CN10Y
2025-07-31,3141.72,0.017044,60.77,-0.0005885120947836109,931066,军工龙头,CNY,CN10Y
2025-08-01,3079.85,0.017059,59.58,-0.0002748442430345749,931066,军工龙头,CNY,CN10Y
2025-08-04,3172.64,0.017083,61.32,-0.0007751069797782145,931066,军工龙头,CNY,CN10Y
2025-08-05,3175.65,0.017061,61.31,-0.0007504470722557513,931066,军工龙头,CNY,CN10Y
2025-08-06,3247.27,0.016999,62.69,-0.0010474925825490512,931066,军工龙头,CNY,CN10Y
2025-08-07,3206.66,0.016894,61.9,-0.0007389111470113077,931066,军工龙头,CNY,CN10Y
2025-08-08,3182.98,0.016891,61.41,-0.0006070071649568465,931066,军工龙头,CNY,CN10Y
2025-08-11,3210.63,0.017203,61.89,-0.001045300856358053,931066,军工龙头,CNY,CN10Y
2025-08-12,3157.52,0.017271,60.82,-0.0008290401183821128,931066,军工龙头,CNY,CN10Y
2025-08-13,3181.1,0.017262,61.29,-0.0009461246532876492,931066,军工龙头,CNY,CN10Y
2025-08-14,3129.34,0.017341,60.32,-0.0007627506631299706,931066,军工龙头,CNY,CN10Y
2025-08-15,3142.57,0.0174649999999999,60.49,-0.0009333418746899323,931066,军工龙头,CNY,CN10Y
2025-08-18,3195.46,0.017872,61.55,-0.0016250463038180313,931066,军工龙头,CNY,CN10Y
2025-08-19,3156.21,0.017725,60.67,-0.0012423891544420668,931066,军工龙头,CNY,CN10Y
2025-08-20,3174.45,0.01782,60.99,-0.0014238694868011145,931066,军工龙头,CNY,CN10Y
2025-08-21,3170.8,0.017667,60.92,-0.001252029546946816,931066,军工龙头,CNY,CN10Y
2025-08-22,3245.48,0.017818,62.18,-0.001735658411064652,931066,军工龙头,CNY,CN10Y
2025-08-25,3315.36,0.017643,63.53,-0.001902405005509207,931066,军工龙头,CNY,CN10Y
2025-08-26,3273.51,0.017598,62.77,-0.001666822685996494,931066,军工龙头,CNY,CN10Y
2025-08-27,3205.47,0.017988,61.41,-0.0017040071649568472,931066,军工龙头,CNY,CN10Y
2025-08-28,3264.65,0.018478,62.69,-0.0025264925825490524,931066,军工龙头,CNY,CN10Y
2025-08-29,3318.88,0.018379,63.57,-0.002648309422683657,931066,军工龙头,CNY,CN10Y
2025-09-01,3309.38,0.018257,64.9,-0.0028486795069337448,931066,军工龙头,CNY,CN10Y
2025-09-02,3244.85,0.018167,63.63,-0.0024511426999842822,931066,军工龙头,CNY,CN10Y
2025-09-03,3025.64,0.017984,59.41,-0.0011518168658474978,931066,军工龙头,CNY,CN10Y
2025-09-04,2916.9,0.01806,57.28,-0.0006018994413407829,931066,军工龙头,CNY,CN10Y
2025-09-05,2940.44,0.01826,57.78,-0.000952973347178955,931066,军工龙头,CNY,CN10Y
2025-09-08,2971.17,0.018514,58.14,-0.001314137598899208,931066,军工龙头,CNY,CN10Y
2025-09-09,2937.26,0.018641,57.5,-0.0012496956521739142,931066,军工龙头,CNY,CN10Y
2025-09-10,2960.98,0.018992,57.79,-0.0016879681605814142,931066,军工龙头,CNY,CN10Y
2025-09-11,3008.95,0.018743,58.84,-0.0017477586675730787,931066,军工龙头,CNY,CN10Y
2025-09-12,3007.66,0.01867,58.74,-0.001645825672454887,931066,军工龙头,CNY,CN10Y
2025-09-15,2978.78,0.018724,58.35,-0.0015860394173093408,931066,军工龙头,CNY,CN10Y
2025-09-16,2961.13,0.018527,57.97,-0.0012766981197170936,931066,军工龙头,CNY,CN10Y
2025-09-17,2979.64,0.018349,58.43,-0.0012345040219065538,931066,军工龙头,CNY,CN10Y
2025-09-18,2961.73,0.018546,58.13,-0.0013431787373129195,931066,军工龙头,CNY,CN10Y
2025-09-19,3030.17,0.018789,59.72,-0.002044190890823843,931066,军工龙头,CNY,CN10Y
2025-09-22,3037.29,0.018647,59.91,-0.0019552957769988326,931066,军工龙头,CNY,CN10Y
2025-09-23,3021.78,0.01877,59.65,-0.002005540653813913,931066,军工龙头,CNY,CN10Y
2025-09-24,3046.11,0.0190219999999999,60.12,-0.0023886001330670967,931066,军工龙头,CNY,CN10Y
2025-09-25,3028.49,0.01884,59.67,-0.002081159711747948,931066,军工龙头,CNY,CN10Y
2025-09-26,3059.54,0.018768,60.4,-0.002211708609271522,931066,军工龙头,CNY,CN10Y
2025-09-28,,0.018781,60.4,-0.002224708609271521,931066,军工龙头,CNY,CN10Y
2025-09-29,3079.23,0.01887,60.87,-0.00244154591752916,931066,军工龙头,CNY,CN10Y
2025-09-30,3207.44,0.018605,63.7,-0.0029064128728414455,931066,军工龙头,CNY,CN10Y
2025-10-09,3243.6,0.018466,64.33,-0.0029211531167417995,931066,军工龙头,CNY,CN10Y
2025-10-10,3219.68,0.01846,63.95,-0.002822783424550432,931066,军工龙头,CNY,CN10Y
2025-10-11,,0.018206,63.95,-0.002568783424550431,931066,军工龙头,CNY,CN10Y
2025-10-13,3248.67,0.018383,64.47,-0.0028719095703427944,931066,军工龙头,CNY,CN10Y
2025-10-14,3189.23,0.018368,63.26,-0.0025602225735061636,931066,军工龙头,CNY,CN10Y
2025-10-15,3178.67,0.018449,62.94,-0.0025608525579917385,931066,军工龙头,CNY,CN10Y
2025-10-16,3143.62,0.018407,62.24,-0.002340161953727507,931066,军工龙头,CNY,CN10Y
2025-10-17,3034.83,0.018246,60.07,-0.0015987551190277983,931066,军工龙头,CNY,CN10Y
2025-10-20,3039.54,0.018498,59.98,-0.0018257759253084357,931066,军工龙头,CNY,CN10Y
2025-10-21,3041.2,0.018357,60.07,-0.0017097551190277983,931066,军工龙头,CNY,CN10Y
2025-10-22,3002.58,0.018293,59.27,-0.0014210580394803454,931066,军工龙头,CNY,CN10Y
2025-10-23,3002.61,0.018391,59.27,-0.0015190580394803463,931066,军工龙头,CNY,CN10Y
2025-10-24,3062.49,0.018486,60.26,-0.0018912439429140393,931066,军工龙头,CNY,CN10Y
2025-10-27,3097.43,0.018423,60.83,-0.0019837430544139383,931066,军工龙头,CNY,CN10Y
2025-10-28,3130.6,0.018179,61.48,-0.0019135478204294065,931066,军工龙头,CNY,CN10Y
2025-10-29,3146.36,0.018208,61.59,-0.0019715979866861515,931066,军工龙头,CNY,CN10Y
2025-10-30,3083.81,0.018098,60.27,-0.0015059973452795743,931066,军工龙头,CNY,CN10Y
2025-10-31,3036.17,0.017954,59.46,-0.0011359710729902453,931066,军工龙头,CNY,CN10Y
2025-11-03,3048.02,0.017944,59.56,-0.0011542081934184031,931066,军工龙头,CNY,CN10Y
2025-11-04,2999.38,0.017984,58.69,-0.0009453222013971717,931066,军工龙头,CNY,CN10Y
2025-11-05,3000.87,0.017964,58.7,-0.000928224872231688,931066,军工龙头,CNY,CN10Y
2025-11-06,3042.36,0.0181,59.52,-0.0012989247311827982,931066,军工龙头,CNY,CN10Y
2025-11-07,3023.56,0.018142,58.98,-0.0011871000339097985,931066,军工龙头,CNY,CN10Y
2025-11-10,3031.37,0.018139,59.07,-0.0012099327916031827,931066,军工龙头,CNY,CN10Y
2025-11-11,3005.46,0.018119,58.7,-0.0010832248722316869,931066,军工龙头,CNY,CN10Y
2025-11-12,2983.33,0.018071,58.1,-0.0008592960413080913,931066,军工龙头,CNY,CN10Y
2025-11-13,2990.12,0.018126,58.27,-0.0009645103827012197,931066,军工龙头,CNY,CN10Y
2025-11-14,2977.37,0.01814,58.12,-0.0009342188575361329,931066,军工龙头,CNY,CN10Y
2025-11-17,3013.74,0.018109,58.93,-0.0011397144069234671,931066,军工龙头,CNY,CN10Y
2025-11-18,2960.73,0.018121,57.98,-0.0008736733356329782,931066,军工龙头,CNY,CN10Y
2025-11-19,2984.51,0.018179,58.59,-0.0011112409967571277,931066,军工龙头,CNY,CN10Y
2025-11-20,2940.75,0.018135,57.59,-0.0007708742837298152,931066,军工龙头,CNY,CN10Y
2025-11-21,2892.01,0.018166,56.81,-0.0005634652349938429,931066,军工龙头,CNY,CN10Y
2025-11-24,3006.78,0.01821,59.07,-0.0012809327916031843,931066,军工龙头,CNY,CN10Y
2025-11-25,2987.62,0.018301,58.55,-0.0012215807002561932,931066,军工龙头,CNY,CN10Y
2025-11-26,2919.23,0.018462,57.12,-0.0009549971988795508,931066,军工龙头,CNY,CN10Y
2025-11-27,2909.06,0.0185369999999999,56.9,-0.0009623075571176497,931066,军工龙头,CNY,CN10Y
2025-11-28,2936.03,0.0184119999999999,57.34,-0.0009721674223926481,931066,军工龙头,CNY,CN10Y
2025-12-01,2956.84,0.018366,57.65,-0.0010199462272333058,931066,军工龙头,CNY,CN10Y
2025-12-02,2941.09,0.018442,57.29,-0.0009869467620876246,931066,军工龙头,CNY,CN10Y
2025-12-03,2896.97,0.018519,56.48,-0.0008136175637393772,931066,军工龙头,CNY,CN10Y
2025-12-04,2925.08,0.018718,56.71,-0.0010844256744842184,931066,军工龙头,CNY,CN10Y
2025-12-05,2977.01,0.01848,57.53,-0.001097764644533289,931066,军工龙头,CNY,CN10Y
2025-12-08,3004.17,0.018499,57.98,-0.001251673335632978,931066,军工龙头,CNY,CN10Y
2025-12-09,2972.15,0.018425,57.24,-0.0009546995108315887,931066,军工龙头,CNY,CN10Y
2025-12-10,3002.57,0.018447,57.76,-0.001133980609418283,931066,军工龙头,CNY,CN10Y
2025-12-11,2996.86,0.018404,57.38,-0.0009763248518647634,931066,军工龙头,CNY,CN10Y
2025-12-12,3028.51,0.018396,57.98,-0.0011486733356329756,931066,军工龙头,CNY,CN10Y
2025-12-15,3073.37,0.018488,58.54,-0.0014056631363170494,931066,军工龙头,CNY,CN10Y
2025-12-16,3040.3,0.018458,57.83,-0.0011659370568908867,931066,军工龙头,CNY,CN10Y
2025-12-17,3029.95,0.01834,57.68,-0.0010029680998613032,931066,军工龙头,CNY,CN10Y
2025-12-18,3088.94,0.0183559999999999,66.63,-0.0033477454600029013,931066,军工龙头,CNY,CN10Y
2025-12-19,3151.29,0.018308,67.99,-0.003599954699220474,931066,军工龙头,CNY,CN10Y
2025-12-22,3147.98,0.018415,67.9,-0.003687459499263626,931066,军工龙头,CNY,CN10Y
2025-12-23,3078.07,0.018352,66.48,-0.0033098820697954282,931066,军工龙头,CNY,CN10Y
2025-12-24,3159.68,0.0183559999999999,68.26,-0.0037061318488132624,931066,军工龙头,CNY,CN10Y
2025-12-25,3288.35,0.018386,71.02,-0.004305459307237396,931066,军工龙头,CNY,CN10Y
2025-12-26,3312.62,0.018376,71.38,-0.004366473521994955,931066,军工龙头,CNY,CN10Y
2025-12-29,3379.62,0.018584,72.62,-0.004813688790966676,931066,军工龙头,CNY,CN10Y
2025-12-30,3356.12,0.018582,72.08,-0.004708526082130966,931066,军工龙头,CNY,CN10Y
2025-12-31,3454.59,0.018473,74.04,-0.004966787142085359,931066,军工龙头,CNY,CN10Y
2026-01-04,,0.018427,74.04,-0.0049207871420853585,931066,军工龙头,CNY,CN10Y
2026-01-05,3540.65,0.018584,75.69,-0.0053722150878583695,931066,军工龙头,CNY,CN10Y
2026-01-06,3709.93,0.018829,79.01,-0.006172374256423236,931066,军工龙头,CNY,CN10Y
2026-01-07,3677.42,0.0190189999999999,78.02,-0.006201773647782519,931066,军工龙头,CNY,CN10Y
2026-01-08,3863.89,0.018905,82.0,-0.006709878048780489,931066,军工龙头,CNY,CN10Y
2026-01-09,3982.95,0.018782,84.41,-0.006935062433360976,931066,军工龙头,CNY,CN10Y
2026-01-12,4231.44,0.018585,89.19,-0.00737298071532683,931066,军工龙头,CNY,CN10Y
2026-01-13,4036.37,0.018519,84.66,-0.006707046302858493,931066,军工龙头,CNY,CN10Y
2026-01-14,4062.43,0.018494,84.63,-0.006677859151601087,931066,军工龙头,CNY,CN10Y
2026-01-15,3913.05,0.018544,82.14,-0.006369663501339178,931066,军工龙头,CNY,CN10Y
2026-01-16,3810.9,0.018424,80.4,-0.005986189054726369,931066,军工龙头,CNY,CN10Y
2026-01-19,3935.0,0.018393,83.85,-0.006466941562313654,931066,军工龙头,CNY,CN10Y
2026-01-20,3838.58,0.018326,82.06,-0.006139794784304167,931066,军工龙头,CNY,CN10Y
2026-01-21,3834.84,0.018312,81.99,-0.006115390657397241,931066,军工龙头,CNY,CN10Y
2026-01-22,3969.78,0.018425,84.74,-0.006624197545433089,931066,军工龙头,CNY,CN10Y
2026-01-23,4070.77,0.018298,86.38,-0.006721246121787448,931066,军工龙头,CNY,CN10Y
2026-01-26,3848.5,0.018242,81.95,-0.006039437461866994,931066,军工龙头,CNY,CN10Y
2026-01-27,3933.58,0.018311,83.72,-0.006366422838031535,931066,军工龙头,CNY,CN10Y
2026-01-28,3851.31,0.018164,82.05,-0.005976309567336989,931066,军工龙头,CNY,CN10Y
2026-01-29,3783.52,0.018174,80.6,-0.00576705210918114,931066,军工龙头,CNY,CN10Y
2026-01-30,3690.62,0.018112,78.55,-0.005381255251432208,931066,军工龙头,CNY,CN10Y
2026-02-02,3623.96,0.0182,77.19,-0.005244954009586734,931066,军工龙头,CNY,CN10Y
2026-02-03,3776.32,0.018172,80.31,-0.005720250529199354,931066,军工龙头,CNY,CN10Y
2026-02-04,3815.51,0.018193,81.35,-0.005900437000614628,931066,军工龙头,CNY,CN10Y
2026-02-05,3780.77,0.018169,80.76,-0.0057866324913323445,931066,军工龙头,CNY,CN10Y
2026-02-06,3712.64,0.018102,79.2,-0.005475737373737374,931066,军工龙头,CNY,CN10Y
2026-02-09,3761.52,0.0181139999999999,80.1,-0.005629605493133483,931066,军工龙头,CNY,CN10Y
2026-02-10,3760.3,0.018094,80.32,-0.005643800796812747,931066,军工龙头,CNY,CN10Y
2026-02-11,3712.07,0.017994,79.22,-0.005370925018934611,931066,军工龙头,CNY,CN10Y
2026-02-12,3747.37,0.017893,80.15,-0.005416393636930755,931066,军工龙头,CNY,CN10Y
2026-02-13,3789.0,0.017928,81.39,-0.005641478314289225,931066,军工龙头,CNY,CN10Y
2026-02-14,,0.017899,81.39,-0.005612478314289227,931066,军工龙头,CNY,CN10Y
2026-02-24,3834.65,0.018023,82.27,-0.005867900935942628,931066,军工龙头,CNY,CN10Y
2026-02-25,3877.13,0.018158,82.9,-0.006095273823884199,931066,军工龙头,CNY,CN10Y
2026-02-26,3938.31,0.018288,84.09,-0.006395979545724817,931066,军工龙头,CNY,CN10Y
2026-02-27,3923.7,0.017877,83.58,-0.005912415171093564,931066,军工龙头,CNY,CN10Y
2026-02-28,,0.017753,83.58,-0.0057884151710935645,931066,军工龙头,CNY,CN10Y
2026-03-02,4076.2,0.017761,86.96,-0.0062614599816007335,931066,军工龙头,CNY,CN10Y
2026-03-03,3792.95,0.017807,81.18,-0.005488694998768171,931066,军工龙头,CNY,CN10Y
2026-03-04,3864.33,0.017768,82.9,-0.005705273823884197,931066,军工龙头,CNY,CN10Y
2026-03-05,3875.01,0.017779,82.96,-0.005724998071359691,931066,军工龙头,CNY,CN10Y
2026-03-06,3917.98,0.01781,83.99,-0.005903820692939635,931066,军工龙头,CNY,CN10Y
2026-03-09,3830.7,0.018054,81.99,-0.005857390657397243,931066,军工龙头,CNY,CN10Y
2026-03-10,3892.52,0.018055,83.23,-0.0060401015258921085,931066,军工龙头,CNY,CN10Y
2026-03-11,3817.24,0.018075,81.5,-0.005805061349693252,931066,军工龙头,CNY,CN10Y
2026-03-12,3728.49,0.018052,79.69,-0.005503374074538837,931066,军工龙头,CNY,CN10Y
2026-03-13,3603.47,0.018143,77.15,-0.005181237200259236,931066,军工龙头,CNY,CN10Y
2026-03-16,3586.78,0.018312,76.82,-0.005294556625878674,931066,军工龙头,CNY,CN10Y
2026-03-17,3497.18,0.018314,74.96,-0.004973551760939167,931066,军工龙头,CNY,CN10Y
2026-03-18,3552.37,0.018175,76.08,-0.005030941114616194,931066,军工龙头,CNY,CN10Y
2026-03-19,3454.92,0.018252,74.0,-0.004738486486486487,931066,军工龙头,CNY,CN10Y
2026-03-20,3366.65,0.018299,72.11,-0.004431297878241574,931066,军工龙头,CNY,CN10Y
2026-03-23,3230.32,0.018316,69.29,-0.00388390301630827,931066,军工龙头,CNY,CN10Y
2026-03-24,3306.15,0.018272,70.9,-0.004167627644569818,931066,军工龙头,CNY,CN10Y
2026-03-25,3369.84,0.018233,72.27,-0.004395999861629998,931066,军工龙头,CNY,CN10Y
2026-03-26,3306.43,0.018194,70.82,-0.004073695001412027,931066,军工龙头,CNY,CN10Y
2026-03-27,3318.54,0.018172,71.05,-0.004097404644616467,931066,军工龙头,CNY,CN10Y
2026-03-30,3362.78,0.018063,71.95,-0.004164459346768588,931066,军工龙头,CNY,CN10Y
2026-03-31,3344.77,0.018171,71.62,-0.004208419715163362,931066,军工龙头,CNY,CN10Y
2026-04-01,3350.03,0.018244,71.78,-0.004312542769573697,931066,军工龙头,CNY,CN10Y
2026-04-02,3290.26,0.018209,70.59,-0.004042687491146054,931066,军工龙头,CNY,CN10Y
2026-04-03,3237.27,0.018199,69.51,-0.0038125807797439234,931066,军工龙头,CNY,CN10Y
2026-04-07,3230.1,0.018171,69.22,-0.00372430829240104,931066,军工龙头,CNY,CN10Y
2026-04-08,3383.15,0.018136,72.44,-0.004331472114853671,931066,军工龙头,CNY,CN10Y
2026-04-09,3351.36,0.018192,71.65,-0.004235265875785068,931066,军工龙头,CNY,CN10Y
2026-04-10,3376.55,0.018128,72.33,-0.004302478086547766,931066,军工龙头,CNY,CN10Y
2026-04-13,3415.4,0.0179329999999999,73.38,-0.004305308530934759,931066,军工龙头,CNY,CN10Y
2026-04-14,3469.27,0.0178289999999999,74.38,-0.004384525678945853,931066,军工龙头,CNY,CN10Y
2026-04-15,3469.4,0.017809,74.3,-0.004350049798115745,931066,军工龙头,CNY,CN10Y
2026-04-16,3459.07,0.0178119999999999,74.06,-0.004309434512557287,931066,军工龙头,CNY,CN10Y
2026-04-17,3473.02,0.017623,74.34,-0.004171291633037396,931066,军工龙头,CNY,CN10Y
2026-04-20,3574.31,0.017627,76.14,-0.0044932989230365115,931066,军工龙头,CNY,CN10Y
2026-04-21,3549.41,0.0175099999999999,75.57,-0.004277235675532518,931066,军工龙头,CNY,CN10Y
2026-04-22,3537.9,0.0173889999999999,75.28,-0.004105259298618392,931066,军工龙头,CNY,CN10Y
2026-04-23,3538.52,0.0175479999999999,75.49,-0.004301212346005993,931066,军工龙头,CNY,CN10Y
2026-04-24,3440.34,0.017601,73.47,-0.003990002313869605,931066,军工龙头,CNY,CN10Y
2026-04-27,3434.43,0.017697,73.36,-0.004065593238822248,931066,军工龙头,CNY,CN10Y
2026-04-28,3327.86,0.017654,71.22,-0.003613000280819994,931066,军工龙头,CNY,CN10Y
2026-04-29,3331.56,0.017444,71.19,-0.0033970832982160425,931066,军工龙头,CNY,CN10Y
2026-04-30,3389.33,0.017473,72.25,-0.003632169550173009,931066,军工龙头,CNY,CN10Y
2026-05-06,3469.06,0.017654,68.84,-0.003127561882626381,931066,军工龙头,CNY,CN10Y
2026-05-07,3492.58,0.0176309999999999,69.1,-0.003159219971056339,931066,军工龙头,CNY,CN10Y
2026-05-08,3604.2,0.017648,71.22,-0.003607000280819995,931066,军工龙头,CNY,CN10Y
2026-05-09,,0.0176699999999999,71.22,-0.0036290002808198954,931066,军工龙头,CNY,CN10Y
2026-05-11,3640.98,0.017622,71.87,-0.0037079885905106445,931066,军工龙头,CNY,CN10Y
2026-05-12,3584.06,0.017592,71.6,-0.003625519553072625,931066,军工龙头,CNY,CN10Y
2026-05-13,3605.64,0.017514,71.81,-0.0035883629021027704,931066,军工龙头,CNY,CN10Y
2026-05-14,3426.21,0.017588,68.45,-0.002978796201607013,931066,军工龙头,CNY,CN10Y
2026-05-15,3337.05,0.017658,66.82,-0.0026924208320861995,931066,军工龙头,CNY,CN10Y
2026-05-18,3333.95,0.017585,66.28,-0.0024974924562462288,931066,军工龙头,CNY,CN10Y
2026-05-19,3332.22,0.017345,66.26,-0.002252938424388772,931066,军工龙头,CNY,CN10Y
2026-05-20,3300.51,0.0173819999999999,65.54,-0.002124142203234569,931066,军工龙头,CNY,CN10Y
2026-05-21,3241.45,0.0174479999999999,64.4,-0.0019200496894408968,931066,军工龙头,CNY,CN10Y
2026-05-22,3256.05,0.017519,64.36,-0.001981399005593536,931066,军工龙头,CNY,CN10Y
2026-05-25,3295.51,0.017484,64.62,-0.002008914887031879,931066,军工龙头,CNY,CN10Y
2026-05-26,3223.33,0.017405,63.33,-0.0016146952471182696,931066,军工龙头,CNY,CN10Y
2026-05-27,3154.33,0.017216,61.87,-0.0010530777436560494,931066,军工龙头,CNY,CN10Y
2026-05-28,3181.41,0.017193,62.38,-0.0011622209041359417,931066,军工龙头,CNY,CN10Y
2026-05-29,3043.65,0.01709,60.39,-0.0005309670475244256,931066,军工龙头,CNY,CN10Y
2026-06-01,3033.2,0.017009,60.42,-0.00045818901026150466,931066,军工龙头,CNY,CN10Y
2026-06-02,3012.23,0.017036,59.79,-0.00031079511624017286,931066,军工龙头,CNY,CN10Y
2026-06-03,3031.6,0.017128,60.18,-0.0005111837819873725,931066,军工龙头,CNY,CN10Y
2026-06-04,3025.64,0.017081,59.84,-0.0003697700534759374,931066,军工龙头,CNY,CN10Y
2026-06-05,3047.76,0.017207,59.85,-0.000498562238930661,931066,军工龙头,CNY,CN10Y
2026-06-08,2927.63,0.017275,57.86,8.097131005878333e-06,931066,军工龙头,CNY,CN10Y
2026-06-09,2945.45,0.017376,58.05,-0.0001494711455641666,931066,军工龙头,CNY,CN10Y
2026-06-10,2891.6,0.017476,57.25,-8.751091703056157e-06,931066,军工龙头,CNY,CN10Y
2026-06-11,2881.91,0.017475,57.42,-5.9465343086033406e-05,931066,军工龙头,CNY,CN10Y
2026-06-12,2958.98,0.0174269999999999,59.76,-0.0006933989290494325,931066,军工龙头,CNY,CN10Y
2026-06-13,,0.0174269999999999,61.46,-0.0011562547998697353,931066,军工龙头,CNY,CN10Y
2026-06-14,,0.0174269999999999,61.46,-0.0011562547998697353,931066,军工龙头,CNY,CN10Y
2026-06-15,2973.08,0.017446,61.46,-0.0011752547998698341,931066,军工龙头,CNY,CN10Y
2026-06-16,2981.47,0.017324,61.45,-0.0010506069975589893,931066,军工龙头,CNY,CN10Y
2026-06-17,2985.42,0.01727,61.43,-0.0009913088067719372,931066,军工龙头,CNY,CN10Y
2026-06-18,2998.22,0.017299,61.43,-0.001020308806771935,931066,军工龙头,CNY,CN10Y
2026-06-19,,0.017299,62.29,-0.001245058757424946,931066,军工龙头,CNY,CN10Y
2026-06-20,,0.017299,62.29,-0.001245058757424946,931066,军工龙头,CNY,CN10Y
2026-06-21,,0.017299,62.29,-0.001245058757424946,931066,军工龙头,CNY,CN10Y
2026-06-22,3035.34,0.017375,62.29,-0.001321058757424949,931066,军工龙头,CNY,CN10Y
2026-06-23,2933.09,0.017437,60.3,-0.0008532520729684911,931066,军工龙头,CNY,CN10Y
2026-06-24,2927.75,0.017454,60.11,-0.0008178329728830494,931066,军工龙头,CNY,CN10Y
2026-06-25,2919.04,0.017351,59.89,-0.0006537216563700099,931066,军工龙头,CNY,CN10Y
2026-06-26,2903.53,0.017314,59.47,-0.0004987990583487471,931066,军工龙头,CNY,CN10Y
2026-06-27,,0.017314,59.65,-0.0005495406538139139,931066,军工龙头,CNY,CN10Y
2026-06-28,,0.017314,59.65,-0.0005495406538139139,931066,军工龙头,CNY,CN10Y
2026-06-29,2913.77,0.01717,59.65,-0.0004055406538139156,931066,军工龙头,CNY,CN10Y
2026-06-30,3021.1,0.01733,61.65,-0.0011093998377940013,931066,军工龙头,CNY,CN10Y
2026-07-01,3039.82,0.0174479999999999,62.0,-0.0013189677419353854,931066,军工龙头,CNY,CN10Y
2026-07-02,2971.11,0.01741,60.59,-0.0009056263409803582,931066,军工龙头,CNY,CN10Y
2026-07-03,3048.91,0.017463,62.24,-0.0013961619537275066,931066,军工龙头,CNY,CN10Y
2026-07-04,,0.017463,61.39,-0.001173702068740838,931066,军工龙头,CNY,CN10Y
2026-07-05,,0.017463,61.39,-0.001173702068740838,931066,军工龙头,CNY,CN10Y
2026-07-06,3010.68,0.017379,61.39,-0.0010897020687408374,931066,军工龙头,CNY,CN10Y
2026-07-07,2940.67,0.0174059999999999,60.14,-0.0007781316927168956,931066,军工龙头,CNY,CN10Y
2026-07-08,2859.38,0.0173849999999999,58.48,-0.0002851367989055095,931066,军工龙头,CNY,CN10Y
2026-07-09,2894.38,0.017376,59.22,-0.0004898129010469411,931066,军工龙头,CNY,CN10Y
2026-07-10,2977.85,0.017398,60.87,-0.000969545917529159,931066,军工龙头,CNY,CN10Y
2026-07-11,,0.017398,57.69,-6.397330559889183e-05,931066,军工龙头,CNY,CN10Y
2026-07-12,,0.017398,57.69,-6.397330559889183e-05,931066,军工龙头,CNY,CN10Y
2026-07-13,2812.81,0.017442,57.69,-0.00010797330559889073,931066,军工龙头,CNY,CN10Y
2026-07-14,2742.3,0.017402,56.33,0.0003505297354873052,931066,军工龙头,CNY,CN10Y
2026-07-15,2698.01,0.0174059999999999,55.79,0.0005183592041585507,931066,军工龙头,CNY,CN10Y
2026-07-16,2671.28,0.017437,55.37,0.0006233214737222312,931066,军工龙头,CNY,CN10Y
2026-07-17,2573.55,0.017404,53.62,0.0012457575531518092,931066,军工龙头,CNY,CN10Y
2026-07-18,,0.017404,54.35,0.000995264029438822,931066,军工龙头,CNY,CN10Y
2026-07-19,,0.017404,54.35,0.000995264029438822,931066,军工龙头,CNY,CN10Y
2026-07-20,2586.29,0.017453,54.35,0.0009462640294388217,931066,军工龙头,CNY,CN10Y
2026-07-21,2640.34,0.01745,55.3,0.0006331826401446659,931066,军工龙头,CNY,CN10Y
2026-07-22,2627.53,0.017297,55.22,0.0008123806591814574,931066,军工龙头,CNY,CN10Y
2026-07-23,2677.77,0.017325,56.28,0.00044330135039090043,931066,军工龙头,CNY,CN10Y
2026-07-24,2627.19,0.017282,55.25,0.0008175475113122201,931066,军工龙头,CNY,CN10Y
2026-07-25,,0.017282,56.19,0.0005147609894999121,931066,军工龙头,CNY,CN10Y
2026-07-26,,0.017282,56.19,0.0005147609894999121,931066,军工龙头,CNY,CN10Y
2026-07-27,2674.31,0.017337,56.19,0.0004597609894999091,931066,军工龙头,CNY,CN10Y
2026-07-28,2616.68,0.017351,55.16,0.000778079042784631,931066,军工龙头,CNY,CN10Y
2026-07-29,2666.35,0.017329,56.23,0.00045510101369375736,931066,军工龙头,CNY,CN10Y
2026-07-30,2629.96,0.017196,55.55,0.0008058001800180029,931066,军工龙头,CNY,CN10Y
2026-07-31,2655.46,0.017141,55.93,0.0007384922224208841,931066,军工龙头,CNY,CN10Y
2026-08-01,,0.017141,56.62,0.0005206036736135657,931066,军工龙头,CNY,CN10Y
2026-08-02,,0.017141,56.62,0.0005206036736135657,931066,军工龙头,CNY,CN10Y
2026-08-03,2697.41,0.017169,56.62,0.0004926036736135654,931066,军工龙头,CNY,CN10Y
2026-08-04,2708.81,0.017126,56.79,0.00048273393203028883,931066,军工龙头,CNY,CN10Y
2026-08-05,2732.44,0.017137,57.19,0.0003485744011190797,931066,军工龙头,CNY,CN10Y
2026-08-06,2727.49,0.017143,57.1,0.00037013485113835537,931066,军工龙头,CNY,CN10Y
2026-08-07,2746.7,0.017114,57.37,0.000316712916158271,931066,军工龙头,CNY,CN10Y
2026-08-10,2812.06,0.017074,59.0,-0.0001248474576271176,931066,军工龙头,CNY,CN10Y
2026-08-11,2744.95,0.017161,57.6,0.0002001111111111127,931066,军工龙头,CNY,CN10Y
2026-08-12,2761.47,0.017141,57.83,0.00015106294310911206,931066,军工龙头,CNY,CN10Y
2026-08-13,2743.24,0.017032000000000002,57.47,0.0003683828084217848,931066,军工龙头,CNY,CN10Y
2026-08-14,2763.4,0.016964,57.9,0.0003071571675302247,931066,军工龙头,CNY,CN10Y
2026-08-17,2801.96,0.016923999999999998,58.72,0.00010597275204360032,931066,军工龙头,CNY,CN10Y
2026-08-18,2783.97,0.016864,58.44,0.0002475674195756318,931066,军工龙头,CNY,CN10Y
2026-08-19,2669.78,0.016831,56.1,0.0009943119429590037,931066,军工龙头,CNY,CN10Y
2026-08-20,2643.86,0.016832,55.68,0.0011277701149425279,931066,军工龙头,CNY,CN10Y
2026-08-21,2665.93,0.016839,56.08,0.0009926690442225404,931066,军工龙头,CNY,CN10Y
2026-08-24,2641.92,0.016794,55.73,0.0011496569172797441,931066,军工龙头,CNY,CN10Y
2026-08-25,2645.42,0.016815,55.65,0.0011544519317160835,931066,军工龙头,CNY,CN10Y
2026-08-26,2659.5,0.016887,56.06,0.000951030681412772,931066,军工龙头,CNY,CN10Y
2026-08-27,2715.62,0.016988,57.3,0.0004640069808027926,931066,军工龙头,CNY,CN10Y
2026-08-28,2734.62,0.016949000000000002,57.75,0.00036701731601731374,931066,军工龙头,CNY,CN10Y
2026-08-31,2759.64,0.016883,58.18,0.00030503712616019446,931066,军工龙头,CNY,CN10Y
2026-09-01,2778.26,0.016834000000000002,60.56,-0.0003214504623513907,931066,军工龙头,CNY,CN10Y
2026-09-02,2800.69,0.016861,61.24,-0.0005318033964728935,931066,军工龙头,CNY,CN10Y
2026-09-03,2798.41,0.016798,61.22,-0.0004634688010454087,931066,军工龙头,CNY,CN10Y
