date,000300,000688,000922,000015,399989,931071,000069,930781,399975,SPY,QQQ,EWQ,EWG,EWJ,EEM,HSTECH,399967,931066,930598,000819,950125,931637,399986,930633,931946,980032
2023-08-22,3.823,0.946,1.331,3.022,0.399,0.902,0.56,0.995,1.004,1.509,,1.515,,1.157,,0.554,1.033,0.66,1.025,1.007,,0.783,1.11,0.863,,0.739
2023-08-23,3.768,0.922,1.326,3.028,0.391,0.872,0.55,0.981,0.977,1.51,,1.512,,1.164,,0.55,1.01,0.643,0.998,0.984,,0.785,1.107,0.846,,0.718
2023-08-24,3.791,0.929,1.317,3.012,0.401,0.87,0.561,1.006,0.992,1.532,,1.521,,1.175,,0.57,1.011,0.646,0.998,1.002,,0.819,1.104,0.851,,0.725
2023-08-25,3.784,0.912,1.32,3.015,0.396,0.831,0.555,0.972,0.998,1.501,0.987,1.479,,1.142,,0.561,0.994,0.638,0.985,0.987,,0.804,1.113,0.835,,0.719
2023-08-28,3.837,0.922,1.337,3.057,0.399,0.835,0.561,0.982,1.023,1.515,0.998,1.508,,1.164,,0.571,1.003,0.644,0.998,0.992,,0.814,1.13,0.843,,0.719
2023-08-29,3.859,0.97,1.342,3.057,0.408,0.865,0.569,1.015,1.016,1.524,1.003,1.519,,1.161,,0.584,1.031,0.658,1.022,1.006,,0.826,1.116,0.86,,0.742
2023-08-30,3.858,0.988,1.334,3.027,0.41,0.887,0.568,1.017,0.987,1.545,1.02,1.534,,1.166,,0.58,1.04,0.664,1.021,1.007,,0.812,1.101,0.852,,0.74
2023-08-31,3.839,0.987,1.318,2.994,0.408,0.888,0.565,1.002,0.968,1.553,1.025,1.537,,1.18,,0.576,1.035,0.662,1.014,0.997,,0.799,1.097,0.842,,0.733
2023-09-01,3.862,0.98,1.333,3.022,0.406,0.878,0.569,0.998,0.969,1.544,1.023,1.516,,1.18,,0.58,1.029,0.658,1.023,1.019,,0.805,1.108,0.851,,0.734
2023-09-04,3.92,0.989,1.352,3.068,0.411,0.886,0.577,1.007,0.976,1.547,1.018,1.515,,1.188,,0.59,1.038,0.663,1.05,1.05,,0.815,1.128,0.867,,0.741
2023-09-05,3.893,0.975,1.342,3.044,0.408,0.874,0.574,0.992,0.967,1.548,1.022,1.502,,1.185,,0.581,1.036,0.659,1.047,1.045,,0.8,1.118,0.863,,0.737
2023-09-06,3.883,0.979,1.342,3.041,0.401,0.873,0.57,0.981,0.964,1.548,1.028,1.501,,1.194,,0.576,1.053,0.674,1.048,1.042,,0.796,1.121,0.855,,0.735
2023-09-07,3.83,0.942,1.333,3.033,0.394,0.852,0.563,0.968,0.959,1.535,1.012,1.49,,1.186,,0.566,1.038,0.666,1.028,1.025,,0.788,1.117,0.85,,0.718
2023-09-08,3.809,0.944,1.327,3.014,0.395,0.849,0.558,0.956,0.964,1.544,1.023,1.506,,1.179,,0.559,1.062,0.681,1.025,1.015,,0.781,1.112,0.85,,0.708
2023-09-11,3.837,0.951,1.336,3.035,0.403,0.865,0.57,0.976,0.979,1.536,1.02,1.503,,1.175,,0.56,1.054,0.671,1.035,1.031,,0.785,1.114,0.861,,0.711
2023-09-12,3.832,0.945,1.335,3.03,0.403,0.864,0.569,0.966,0.968,1.541,1.035,1.503,,1.182,,0.563,1.048,0.667,1.037,1.028,,0.787,1.112,0.857,,0.714
2023-09-13,3.807,0.932,1.339,3.045,0.398,0.841,0.566,0.957,0.957,1.53,1.029,1.488,,1.172,,0.558,1.031,0.659,1.024,1.022,,0.779,1.112,0.849,,0.706
2023-09-14,3.804,0.925,1.35,3.083,0.399,0.831,0.564,0.947,0.961,1.537,1.039,1.491,,1.19,,0.56,1.029,0.659,1.021,1.028,,0.783,1.124,0.844,,0.695
2023-09-15,3.787,0.929,1.351,3.085,0.407,0.821,0.563,0.953,0.957,1.548,1.044,1.504,,1.197,,0.562,1.03,0.659,1.02,1.028,,0.785,1.118,0.848,,0.689
2023-09-18,3.8,0.923,1.349,3.087,0.412,0.82,0.572,0.96,0.955,1.531,1.035,1.501,,1.19,,0.554,1.022,0.653,1.028,1.029,,0.774,1.119,0.866,,0.698
2023-09-19,3.795,0.917,1.359,3.108,0.41,0.807,0.569,0.942,0.956,1.53,1.032,1.487,,1.189,,0.55,1.008,0.644,1.014,1.022,,0.769,1.126,0.854,,0.691
2023-09-20,3.777,0.908,1.364,3.116,0.406,0.802,0.565,0.933,0.952,1.528,1.025,1.494,,1.183,,0.543,0.998,0.638,1.002,1.014,,0.761,1.13,0.834,,0.682
2023-09-21,3.742,0.904,1.354,3.097,0.401,0.8,0.559,0.925,0.945,1.512,1.009,1.479,,1.162,,0.531,0.999,0.638,0.994,1.004,,0.744,1.123,0.821,,0.677
2023-09-22,3.817,0.927,1.358,3.111,0.407,0.843,0.567,0.949,0.974,1.493,0.996,1.473,,1.159,,0.548,1.012,0.643,1.008,1.01,,0.766,1.135,0.831,,0.689
2023-09-25,3.789,0.919,1.356,3.105,0.411,0.825,0.567,0.946,0.95,1.49,0.997,1.468,,1.164,,0.537,0.999,0.634,0.998,1.0,,0.753,1.135,0.82,,0.685
2023-09-26,3.768,0.92,1.35,3.092,0.409,0.838,0.563,0.952,0.952,1.483,0.992,1.443,,1.145,,0.529,0.989,0.625,0.989,0.992,,0.745,1.132,0.814,,0.674
2023-09-27,3.778,0.925,1.346,3.081,0.419,0.84,0.57,0.951,0.953,1.475,0.989,1.437,,1.149,,0.531,0.991,0.63,0.991,0.993,,0.747,1.127,0.818,,0.678
2023-09-28,3.764,0.932,1.345,3.077,0.417,0.847,0.566,0.954,0.947,1.471,0.989,1.435,,1.139,,0.523,1.004,0.638,0.997,0.99,,0.735,1.124,0.818,,0.678
2023-10-09,3.754,0.93,1.34,3.072,0.415,0.846,0.562,0.916,0.935,1.47,1.003,1.423,,1.109,,0.527,1.01,0.641,0.997,0.986,,0.737,1.117,0.778,,0.673
2023-10-10,3.727,0.924,1.328,3.043,0.409,0.843,0.559,0.924,0.932,1.49,1.014,1.437,,1.136,,0.534,1.008,0.639,0.999,0.99,,0.75,1.117,0.777,,0.671
2023-10-11,3.735,0.937,1.324,3.034,0.422,0.858,0.564,0.93,0.93,1.499,1.022,1.449,,1.142,,0.544,0.996,0.629,1.0,0.98,,0.767,1.113,0.768,,0.67
2023-10-12,3.771,0.943,1.336,3.06,0.423,0.852,0.566,0.923,0.941,1.51,1.031,1.461,,1.164,,0.554,0.996,0.627,1.014,1.007,,0.777,1.13,0.775,,0.689
2023-10-13,3.736,0.934,1.334,3.056,0.424,0.832,0.56,0.912,0.931,1.497,1.025,1.431,,1.148,,0.538,0.981,0.616,1.003,0.991,,0.761,1.13,0.758,,0.674
2023-10-16,3.693,0.916,1.337,3.075,0.417,0.817,0.554,0.902,0.929,1.496,1.019,1.418,,1.13,,0.526,0.973,0.611,0.985,0.977,,0.747,1.129,0.748,,0.658
2023-10-17,3.705,0.924,1.34,3.071,0.415,0.816,0.554,0.899,0.942,1.507,1.027,1.426,,1.143,,0.53,0.977,0.614,0.982,0.978,,0.753,1.132,0.75,,0.665
2023-10-18,3.677,0.913,1.328,3.048,0.407,0.802,0.551,0.883,0.941,1.505,1.02,1.423,,1.139,,0.522,0.961,0.603,0.961,0.962,,0.74,1.13,0.733,,0.661
2023-10-19,3.6,0.911,1.307,3.003,0.403,0.803,0.54,0.881,0.935,1.485,1.005,1.396,,1.116,,0.51,0.95,0.598,0.951,0.945,,0.732,1.102,0.726,,0.648
2023-10-20,3.582,0.904,1.299,2.98,0.397,0.774,0.534,0.867,0.938,1.467,0.993,1.388,,1.113,,0.509,0.937,0.59,0.949,0.95,,0.724,1.103,0.722,,0.652
2023-10-23,3.544,0.883,1.286,2.95,0.393,0.755,0.529,0.848,0.914,1.457,0.987,1.387,,1.103,,0.5,0.927,0.589,0.917,0.924,,0.711,1.092,0.707,,0.636
2023-10-24,3.549,0.893,1.23,2.971,0.395,0.756,0.53,0.868,0.945,1.455,0.995,1.404,,1.112,,0.503,0.933,0.594,0.937,0.94,,0.709,1.088,0.715,,0.64
2023-10-25,3.569,0.891,1.241,2.994,0.389,0.761,0.536,0.869,0.944,1.456,0.994,1.395,,1.114,,0.512,0.945,0.603,0.942,0.946,,0.714,1.09,0.73,,0.639
2023-10-26,3.582,0.892,1.248,3.004,0.392,0.761,0.538,0.871,0.943,1.433,0.967,1.384,,1.087,,0.512,0.957,0.607,0.95,0.948,,0.713,1.101,0.732,,0.641
2023-10-27,3.636,0.906,1.253,3.015,0.407,0.766,0.552,0.878,0.947,1.433,0.972,1.398,,1.102,,0.525,0.964,0.61,0.966,0.966,,0.726,1.099,0.751,,0.667
2023-10-30,3.652,0.92,1.238,2.974,0.42,0.783,0.557,0.896,0.943,1.427,0.971,1.392,,1.1,,0.529,0.974,0.613,0.974,0.972,,0.734,1.081,0.759,,0.674
2023-10-31,3.644,0.917,1.241,2.982,0.417,0.775,0.556,0.896,0.945,1.431,0.969,1.394,,1.098,,0.521,0.972,0.611,0.974,0.968,,0.728,1.082,0.758,,0.664
2023-11-01,3.642,0.913,1.239,2.979,0.414,0.771,0.557,0.904,0.942,1.446,0.981,1.409,,1.119,,0.518,0.97,0.609,0.975,0.963,,0.725,1.082,0.753,,0.662
2023-11-02,3.625,0.903,1.241,2.988,0.41,0.765,0.554,0.924,0.935,1.463,1.001,1.417,,1.135,,0.524,0.951,0.597,0.964,0.951,,0.729,1.09,0.747,,0.651
2023-11-03,3.653,0.918,1.237,2.974,0.415,0.785,0.559,0.927,0.946,1.486,1.012,1.442,,1.15,,0.541,0.969,0.608,0.976,0.955,,0.756,1.086,0.753,,0.659
2023-11-06,3.701,0.934,1.234,2.955,0.425,0.807,0.567,0.966,0.984,1.494,1.02,1.443,,1.159,,0.56,0.982,0.615,0.996,0.963,,0.787,1.087,0.762,,0.687
2023-11-07,3.69,0.935,1.233,2.957,0.424,0.823,0.564,0.969,0.987,1.492,1.019,1.421,,1.135,,0.555,0.978,0.614,0.997,0.954,,0.783,1.086,0.754,,0.679
2023-11-08,3.679,0.943,1.23,2.956,0.427,0.828,0.565,1.002,0.979,1.497,1.03,1.418,,1.131,,0.551,0.977,0.612,0.991,0.946,,0.787,1.08,0.756,,0.678
2023-11-09,3.682,0.937,1.239,2.981,0.422,0.831,0.564,0.977,0.975,1.505,1.034,1.438,,1.15,,0.552,0.974,0.611,0.993,0.949,,0.787,1.086,0.753,,0.679
2023-11-10,3.655,0.931,1.234,2.973,0.421,0.822,0.56,0.963,0.975,1.493,1.027,1.438,,1.143,,0.537,0.976,0.613,0.987,0.943,,0.767,1.077,0.747,,0.673
2023-11-13,3.65,0.937,1.236,2.978,0.417,0.838,0.556,0.973,0.97,1.513,1.049,1.441,,1.142,,0.542,1.006,0.634,0.993,0.948,,0.775,1.072,0.751,,0.673
2023-11-14,3.65,0.946,1.235,2.968,0.42,0.847,0.555,0.971,0.983,1.518,1.051,1.446,,1.145,,0.546,1.013,0.638,0.995,0.946,,0.778,1.074,0.753,,0.668
2023-11-15,3.675,0.942,1.241,2.977,0.422,0.848,0.558,0.97,0.984,1.539,1.07,1.485,,1.172,,0.56,1.01,0.635,1.009,0.964,,0.795,1.08,0.755,,0.676
2023-11-16,3.639,0.928,1.24,2.979,0.415,0.836,0.554,0.976,0.975,1.541,1.065,1.484,,1.168,,0.556,1.0,0.63,0.994,0.951,,0.789,1.077,0.754,,0.663
2023-11-17,3.634,0.932,1.236,2.969,0.417,0.847,0.554,0.98,0.979,1.54,1.066,1.484,,1.176,,0.546,1.0,0.63,0.999,0.953,,0.768,1.072,0.752,,0.666
2023-11-20,3.645,0.934,1.239,2.973,0.421,0.851,0.558,0.987,0.975,1.524,1.053,1.48,,1.167,,0.551,1.019,0.642,1.008,0.955,,0.781,1.078,0.765,,0.665
2023-11-21,3.65,0.927,1.245,2.989,0.419,0.839,0.561,1.001,0.973,1.53,1.065,1.486,,1.172,,0.547,1.006,0.633,1.001,0.957,,0.775,1.081,0.765,,0.659
2023-11-22,3.611,0.913,1.242,2.981,0.414,0.825,0.555,1.02,0.964,1.528,1.056,1.473,,1.169,,0.542,0.993,0.626,0.981,0.938,,0.764,1.077,0.758,,0.644
2023-11-23,3.63,0.918,1.247,3.001,0.415,0.833,0.557,0.998,0.967,1.533,1.064,1.485,,1.176,,0.552,1.0,0.628,0.988,0.942,,0.774,1.077,0.762,,0.648
2023-11-24,3.605,0.906,1.25,3.009,0.413,0.811,0.555,0.991,0.957,1.535,1.064,1.487,,1.17,,0.545,0.983,0.616,0.976,0.931,,0.762,1.077,0.758,,0.632
2023-11-27,3.581,0.909,1.246,3.0,0.41,0.814,0.553,0.968,0.946,1.534,1.059,1.488,,1.169,,0.546,0.987,0.618,0.969,0.925,,0.763,1.068,0.757,,0.621
2023-11-28,3.585,0.913,1.247,2.994,0.417,0.809,0.555,0.967,0.945,1.535,1.063,1.486,,1.173,,0.542,0.989,0.618,0.975,0.928,,0.752,1.062,0.754,,0.625
2023-11-29,3.558,0.906,1.24,2.981,0.413,0.805,0.552,0.954,0.936,1.532,1.064,1.49,,1.171,,0.527,0.984,0.616,0.974,0.929,,0.729,1.053,0.747,,0.612
2023-11-30,3.562,0.907,1.24,2.99,0.414,0.803,0.554,0.955,0.938,1.531,1.064,1.498,,1.181,,0.527,0.978,0.609,0.967,0.923,,0.728,1.057,0.757,,0.608
2023-12-01,3.548,0.91,1.248,3.002,0.415,0.83,0.55,1.003,0.945,1.539,1.061,1.496,,1.172,,0.521,0.981,0.611,0.963,0.923,,0.724,1.054,0.747,,0.604
2023-12-04,3.524,0.906,1.246,3.008,0.402,0.827,0.54,1.015,0.942,1.547,1.061,1.499,,1.173,,0.509,0.987,0.615,0.964,0.932,,0.708,1.051,0.748,,0.598
2023-12-05,3.458,0.89,1.231,2.972,0.396,0.802,0.529,0.992,0.93,1.534,1.05,1.482,,1.156,,0.495,0.964,0.601,0.946,0.917,,0.688,1.034,0.731,,0.592
2023-12-06,3.463,0.892,1.231,2.969,0.397,0.801,0.53,1.021,0.927,1.546,1.063,1.503,,1.185,,0.507,0.965,0.599,0.96,0.934,,0.704,1.032,0.732,,0.609
2023-12-07,3.454,0.891,1.232,2.97,0.396,0.812,0.529,1.06,0.932,1.533,1.052,1.5,,1.172,,0.502,0.958,0.595,0.955,0.929,,0.697,1.034,0.726,,0.606
2023-12-08,3.461,0.91,1.23,2.971,0.4,0.839,0.53,1.037,0.925,1.545,1.063,1.508,,1.17,,0.502,0.944,0.586,0.952,0.922,,0.7,1.033,0.722,,0.603
2023-12-11,3.485,0.923,1.243,2.997,0.402,0.861,0.533,1.06,0.94,1.559,1.071,1.533,,1.179,,0.5,0.963,0.596,0.956,0.913,,0.696,1.037,0.723,,0.604
2023-12-12,3.493,0.917,1.249,3.009,0.399,0.852,0.53,1.066,0.936,1.567,1.085,1.532,,1.178,,0.508,0.968,0.597,0.954,0.912,,0.71,1.047,0.729,,0.599
2023-12-13,3.435,0.907,1.24,2.987,0.394,0.842,0.523,1.061,0.925,1.576,1.098,1.54,,1.186,,0.498,0.963,0.596,0.942,0.895,,0.69,1.035,0.71,,0.584
2023-12-14,3.419,0.902,1.24,2.995,0.392,0.838,0.518,1.052,0.921,1.593,1.106,1.559,,1.2,,0.5,0.959,0.595,0.932,0.895,,0.694,1.031,0.712,,0.579
2023-12-15,3.412,0.895,1.234,2.978,0.389,0.828,0.515,1.078,0.921,1.586,1.095,1.556,,1.203,,0.508,0.951,0.587,0.929,0.9,,0.703,1.03,0.711,,0.579
2023-12-18,3.398,0.886,1.231,2.975,0.39,0.815,0.514,1.049,0.92,1.593,1.105,1.551,,1.199,,0.503,0.932,0.572,0.912,0.887,,0.693,1.03,0.694,,0.563
2023-12-19,3.4,0.892,1.227,2.967,0.386,0.824,0.513,1.06,0.918,1.601,1.113,1.554,,1.213,,0.502,0.929,0.571,0.909,0.883,,0.685,1.028,0.697,,0.566
2023-12-20,3.369,0.881,1.222,2.965,0.385,0.799,0.508,1.023,0.893,1.609,1.12,1.56,,1.22,,0.503,0.908,0.556,0.898,0.883,,0.684,1.026,0.684,,0.56
2023-12-21,3.4,0.893,1.221,2.945,0.385,0.808,0.515,1.027,0.893,1.588,1.106,1.538,,1.204,,0.502,0.916,0.56,0.908,0.891,,0.683,1.033,0.692,,0.571
2023-12-22,3.406,0.888,1.217,2.941,0.381,0.789,0.514,0.941,0.89,1.597,1.109,1.546,,1.208,,0.477,0.933,0.577,0.919,0.909,,0.644,1.033,0.688,,0.581
2023-12-25,3.415,0.883,1.218,2.939,0.384,0.791,0.518,0.947,0.885,1.6,1.11,1.556,,1.217,,0.481,0.946,0.592,0.926,0.915,,0.651,1.034,0.686,,0.583
2023-12-26,3.395,0.868,1.214,2.922,0.378,0.773,0.514,0.928,0.874,1.605,1.119,1.566,,1.22,,0.479,0.936,0.585,0.914,0.913,,0.647,1.03,0.677,,0.579
2023-12-27,3.405,0.873,1.221,2.934,0.38,0.776,0.514,0.926,0.882,1.608,1.124,1.567,,1.231,,0.487,0.935,0.585,0.919,0.917,,0.659,1.035,0.675,,0.575
2023-12-28,3.489,0.894,1.219,2.916,0.391,0.797,0.526,0.932,0.902,1.605,1.121,1.566,,1.226,,0.502,0.949,0.592,0.944,0.943,,0.675,1.044,0.701,,0.606
2023-12-29,3.499,0.897,1.222,2.931,0.391,0.808,0.528,0.96,0.902,1.603,1.117,1.548,,1.223,,0.499,0.96,0.599,0.951,0.945,,0.67,1.042,0.7,,0.606
2024-01-02,3.453,0.886,1.235,2.97,0.386,0.789,0.522,0.955,0.891,1.607,1.114,1.557,,1.224,,0.496,0.966,0.601,0.951,0.945,,0.667,1.042,0.696,,0.59
2024-01-03,3.443,0.874,1.247,3.01,0.384,0.766,0.52,0.962,0.892,1.595,1.098,1.532,,1.212,,0.489,0.956,0.594,0.941,0.947,,0.661,1.046,0.704,,0.589
2024-01-04,3.413,0.866,1.254,3.034,0.38,0.755,0.514,0.949,0.884,1.589,1.09,1.516,,1.207,,0.49,0.945,0.586,0.927,0.936,,0.657,1.048,0.697,,0.579
2024-01-05,3.396,0.849,1.257,3.044,0.373,0.74,0.509,0.929,0.877,1.582,1.083,1.513,,1.199,,0.482,0.915,0.567,0.915,0.931,,0.648,1.058,0.688,,0.575
2024-01-08,3.349,0.824,1.243,3.015,0.368,0.719,0.502,0.919,0.86,1.584,1.084,1.518,,1.206,,0.469,0.888,0.549,0.893,0.919,,0.63,1.05,0.681,,0.563
2024-01-09,3.357,0.824,1.251,3.038,0.368,0.717,0.502,0.915,0.858,1.611,1.11,1.542,,1.229,,0.466,0.883,0.543,0.896,0.93,,0.623,1.056,0.709,,0.567
2024-01-10,3.341,0.818,1.245,3.023,0.37,0.709,0.506,0.888,0.854,1.61,1.111,1.528,,1.245,,0.46,0.874,0.538,0.894,0.925,,0.616,1.049,0.708,,0.57
2024-01-11,3.36,0.829,1.239,2.995,0.375,0.725,0.508,0.913,0.862,1.623,1.123,1.546,,1.291,,0.474,0.89,0.545,0.91,0.941,,0.64,1.048,0.708,,0.588
2024-01-12,3.349,0.818,1.241,3.01,0.37,0.712,0.506,0.898,0.853,1.616,1.119,1.533,,1.293,,0.467,0.888,0.543,0.904,0.936,,0.63,1.058,0.706,,0.583
2024-01-15,3.345,0.813,1.245,3.024,0.369,0.705,0.505,0.897,0.852,1.624,1.124,1.549,,1.312,,0.457,0.867,0.529,0.897,0.926,,0.628,1.062,0.725,,0.574
2024-01-16,3.367,0.817,1.248,3.034,0.369,0.7,0.507,0.886,0.863,1.616,1.113,1.516,,1.275,,0.45,0.86,0.524,0.894,0.926,,0.617,1.075,0.735,,0.582
2024-01-17,3.292,0.795,1.231,2.997,0.359,0.686,0.495,0.866,0.847,1.609,1.117,1.495,,1.257,,0.424,0.832,0.509,0.87,0.896,,0.578,1.066,0.712,,0.558
2024-01-18,3.268,0.806,1.222,2.972,0.362,0.708,0.502,0.861,0.855,1.61,1.12,1.5,,1.255,,0.431,0.839,0.514,0.866,0.896,,0.585,1.071,0.713,,0.566
2024-01-19,3.275,0.803,1.218,2.95,0.361,0.7,0.503,0.873,0.846,1.626,1.14,1.525,,1.269,,0.42,0.825,0.508,0.862,0.891,,0.567,1.072,0.724,,0.563
2024-01-22,3.206,0.776,1.179,2.881,0.347,0.677,0.489,0.815,0.828,1.652,1.174,1.538,,1.306,,0.408,0.788,0.489,0.819,0.85,,0.546,1.065,0.689,,0.543
2024-01-23,3.228,0.786,1.192,2.768,0.351,0.695,0.491,0.829,0.845,1.656,1.165,1.541,,1.3,,0.424,0.799,0.493,0.829,0.861,,0.565,1.067,0.69,,0.546
2024-01-24,3.279,0.788,1.219,2.836,0.356,0.698,0.492,0.847,0.887,1.674,1.243,1.525,,1.277,,0.433,0.812,0.499,0.841,0.872,,0.579,1.083,0.702,,0.543
2024-01-25,3.335,0.804,1.25,2.908,0.36,0.718,0.501,0.883,0.89,1.666,1.186,1.521,,1.271,,0.444,0.848,0.52,0.869,0.897,,0.591,1.098,0.724,,0.551
2024-01-26,3.329,0.785,1.269,2.949,0.345,0.704,0.496,0.881,0.89,1.654,1.167,1.514,,1.258,,0.43,0.839,0.515,0.863,0.9,,0.569,1.117,0.725,,0.537
2024-01-29,3.299,0.764,1.272,2.964,0.337,0.675,0.49,0.861,0.875,1.661,1.168,1.567,,1.274,,0.428,0.823,0.506,0.851,0.883,,0.565,1.127,0.714,,0.516
2024-01-30,3.243,0.735,1.254,2.93,0.33,0.661,0.48,0.83,0.864,1.681,1.188,1.585,,1.279,,0.416,0.81,0.497,0.823,0.867,,0.547,1.115,0.694,,0.5
2024-01-31,3.222,0.722,1.253,2.934,0.322,0.632,0.47,0.809,0.855,1.674,1.163,1.56,,1.28,,0.402,0.777,0.475,0.801,0.841,,0.526,1.115,0.664,,0.498
2024-02-01,3.218,0.726,1.242,2.904,0.325,0.651,0.471,0.8,0.852,1.66,1.152,1.54,,1.272,,0.411,0.774,0.475,0.788,0.842,,0.539,1.109,0.66,,0.494
2024-02-02,3.188,0.707,1.239,2.912,0.313,0.628,0.463,0.774,0.833,1.688,1.178,1.553,,1.287,,0.41,0.747,0.455,0.756,0.821,,0.536,1.11,0.653,,0.482
2024-02-05,3.208,0.709,1.239,2.918,0.316,0.61,0.464,0.714,0.815,1.695,1.198,1.534,,1.281,,0.409,0.724,0.444,0.719,0.8,,0.538,1.126,0.633,,0.473
2024-02-06,3.311,0.757,1.265,2.96,0.339,0.655,0.49,0.749,0.863,1.695,1.189,1.524,,1.271,,0.436,0.771,0.476,0.775,0.842,,0.57,1.135,0.661,,0.505
2024-02-07,3.34,0.777,1.287,3.004,0.352,0.673,0.505,0.763,0.873,1.701,1.179,1.532,,1.271,,0.43,0.809,0.498,0.851,0.876,,0.563,1.126,0.674,,0.519
2024-02-08,3.362,0.786,1.294,3.005,0.35,0.693,0.505,0.793,0.881,1.745,1.198,1.538,,1.303,,0.428,0.832,0.512,0.848,0.885,,0.564,1.12,0.691,,0.529
2024-02-19,3.389,0.798,1.317,3.075,0.346,0.753,0.502,0.823,0.871,1.737,1.192,1.563,,1.346,,0.44,0.831,0.506,0.846,0.891,,0.581,1.145,0.698,,0.525
2024-02-20,3.401,0.79,1.331,3.119,0.349,0.735,0.503,0.828,0.882,1.731,1.188,1.559,,1.336,,0.438,0.83,0.506,0.84,0.896,,0.581,1.15,0.699,,0.52
2024-02-21,3.449,0.791,1.332,3.112,0.353,0.73,0.512,0.832,0.891,1.717,1.175,1.569,,1.333,,0.454,0.834,0.51,0.845,0.905,,0.604,1.183,0.709,,0.53
2024-02-22,3.475,0.799,1.354,3.17,0.351,0.752,0.516,0.846,0.901,1.741,1.191,1.591,,1.367,,0.457,0.843,0.512,0.856,0.913,,0.605,1.185,0.712,,0.531
2024-02-23,3.478,0.801,1.345,3.152,0.35,0.752,0.518,0.877,0.902,1.766,1.208,1.602,,1.381,,0.46,0.851,0.517,0.863,0.923,,0.611,1.19,0.71,,0.536
2024-02-26,3.443,0.806,1.322,3.083,0.353,0.759,0.512,0.874,0.895,1.755,1.199,1.605,,1.377,,0.457,0.855,0.52,0.867,0.914,,0.607,1.159,0.703,,0.538
2024-02-27,3.484,0.836,1.33,3.1,0.356,0.806,0.518,0.905,0.909,1.761,1.199,1.601,,1.372,,0.466,0.882,0.532,0.883,0.922,,0.605,1.162,0.71,,0.547
2024-02-28,3.448,0.808,1.321,3.094,0.351,0.766,0.511,0.861,0.895,1.783,1.204,1.612,,1.368,,0.461,0.849,0.516,0.856,0.912,,0.596,1.16,0.697,,0.536
2024-02-29,3.503,0.847,1.331,3.112,0.358,0.802,0.522,0.893,0.913,1.772,1.196,1.611,,1.371,,0.464,0.883,0.533,0.882,0.935,,0.603,1.162,0.709,,0.556
2024-03-01,3.53,0.855,1.331,3.107,0.356,0.833,0.52,0.914,0.92,1.781,1.214,1.617,,1.402,,0.469,0.897,0.54,0.89,0.945,,0.611,1.163,0.705,,0.557
2024-03-04,3.527,0.856,1.339,3.134,0.363,0.843,0.523,0.928,0.908,1.794,1.23,1.61,,1.424,,0.465,0.897,0.536,0.89,0.95,,0.613,1.152,0.7,,0.555
2024-03-05,3.556,0.857,1.347,3.155,0.359,0.84,0.527,0.922,0.901,1.789,1.22,1.608,,1.43,,0.45,0.903,0.544,0.889,0.949,,0.594,1.176,0.697,,0.547
2024-03-06,3.542,0.85,1.347,3.153,0.359,0.832,0.521,0.91,0.902,1.781,1.211,1.61,,1.455,,0.458,0.899,0.542,0.892,0.954,,0.601,1.163,0.698,,0.55
2024-03-07,3.523,0.832,1.354,3.172,0.345,0.81,0.512,0.885,0.89,1.776,1.207,1.619,,1.435,,0.449,0.878,0.527,0.904,0.983,,0.59,1.167,0.7,,0.536
2024-03-08,3.533,0.841,1.36,3.189,0.345,0.826,0.513,0.893,0.892,1.8,1.226,1.643,,1.446,,0.458,0.892,0.535,0.908,0.986,,0.603,1.165,0.69,,0.538
2024-03-11,3.581,0.857,1.349,3.157,0.356,0.833,0.523,0.91,0.906,1.794,1.21,1.631,,1.404,,0.467,0.904,0.544,0.923,0.998,,0.622,1.164,0.704,,0.586
2024-03-12,3.586,0.856,1.323,3.086,0.362,0.831,0.535,0.913,0.912,1.788,1.213,1.646,,1.402,,0.488,0.907,0.554,0.915,0.978,,0.657,1.155,0.725,,0.59
2024-03-13,3.565,0.853,1.318,3.068,0.358,0.841,0.53,0.934,0.898,1.783,1.22,1.653,,1.395,,0.491,0.909,0.555,0.914,0.985,,0.66,1.143,0.718,,0.59
2024-03-14,3.552,0.842,1.324,3.077,0.359,0.827,0.53,0.913,0.891,1.784,1.218,1.668,,1.402,,0.483,0.893,0.545,0.913,0.998,,0.646,1.142,0.725,,0.588
2024-03-15,3.561,0.847,1.322,3.071,0.357,0.841,0.53,0.92,0.896,1.775,1.208,1.652,,1.377,,0.477,0.901,0.549,0.939,1.033,,0.639,1.148,0.728,,0.588
2024-03-18,3.592,0.864,1.318,3.054,0.362,0.86,0.532,0.947,0.917,1.781,1.203,1.667,,1.403,,0.485,0.922,0.559,0.954,1.035,,0.662,1.148,0.734,,0.607
2024-03-19,3.569,0.852,1.314,3.052,0.358,0.853,0.526,0.95,0.9,1.774,1.203,1.649,,1.419,,0.475,0.918,0.557,0.967,1.028,,0.648,1.137,0.724,,0.602
2024-03-20,3.572,0.854,1.32,3.058,0.357,0.856,0.524,1.001,0.902,1.79,1.204,1.653,,1.421,,0.479,0.92,0.558,0.967,1.027,,0.653,1.148,0.729,,0.6
2024-03-21,3.57,0.846,1.323,3.062,0.353,0.854,0.523,1.024,0.906,1.826,1.23,1.684,,1.443,,0.484,0.92,0.556,0.969,1.031,,0.665,1.154,0.732,,0.596
2024-03-22,3.539,0.832,1.319,3.068,0.346,0.847,0.515,1.052,0.89,1.837,1.231,1.669,,1.443,,0.469,0.907,0.545,0.946,1.005,,0.648,1.149,0.717,,0.58
2024-03-25,3.52,0.82,1.32,3.078,0.343,0.828,0.513,0.992,0.864,1.825,1.23,1.658,,1.418,,0.463,0.886,0.533,0.932,1.011,,0.64,1.156,0.705,,0.569
2024-03-26,3.531,0.81,1.318,3.061,0.34,0.807,0.516,0.97,0.866,1.832,1.231,1.663,,1.425,,0.47,0.884,0.528,0.929,1.009,,0.648,1.172,0.704,,0.591
2024-03-27,3.493,0.789,1.312,3.06,0.336,0.774,0.51,0.938,0.851,1.844,1.229,1.673,,1.44,,0.461,0.852,0.508,0.9,0.995,,0.636,1.176,0.696,,0.566
2024-03-28,3.51,0.799,1.312,3.052,0.335,0.807,0.514,0.959,0.853,1.868,1.227,1.676,,1.425,,0.47,0.886,0.527,0.92,1.013,,0.651,1.163,0.705,,0.57
2024-03-29,3.526,0.8,1.324,3.072,0.335,0.799,0.513,0.957,0.856,1.856,1.226,1.672,,1.437,,0.474,0.9,0.531,0.937,1.047,,0.662,1.161,0.706,,0.574
2024-04-01,3.584,0.813,1.329,3.067,0.34,0.817,0.524,0.981,0.869,1.849,1.233,1.674,,1.422,,0.483,0.909,0.536,0.954,1.067,,0.68,1.174,0.725,,0.598
2024-04-02,3.572,0.806,1.334,3.088,0.336,0.801,0.519,0.948,0.863,1.842,1.229,1.665,,1.418,,0.478,0.899,0.529,0.963,1.078,,0.669,1.173,0.723,,0.606
2024-04-03,3.558,0.794,1.347,3.125,0.334,0.782,0.517,0.923,0.856,1.802,1.216,1.642,,1.399,,0.469,0.885,0.522,0.979,1.114,,0.656,1.168,0.716,,0.602
2024-04-08,3.529,0.778,1.344,3.135,0.324,0.778,0.509,0.904,0.842,1.807,1.217,1.642,,1.393,,0.466,0.867,0.512,0.961,1.111,,0.65,1.175,0.705,,0.589
2024-04-09,3.523,0.785,1.34,3.12,0.331,0.78,0.511,0.912,0.845,1.813,1.22,1.653,,1.404,,0.471,0.871,0.515,0.998,1.115,,0.659,1.168,0.717,,0.613
2024-04-10,3.497,0.773,1.344,3.131,0.325,0.76,0.508,0.884,0.829,1.81,1.221,1.648,,1.396,,0.479,0.855,0.507,0.968,1.122,,0.665,1.169,0.716,,0.601
2024-04-11,3.494,0.774,1.356,3.171,0.323,0.773,0.505,0.902,0.826,1.788,1.21,1.622,,1.383,,0.479,0.851,0.503,0.962,1.119,,0.668,1.168,0.725,,0.599
2024-04-12,3.466,0.773,1.349,3.164,0.32,0.777,0.502,0.881,0.811,1.802,1.231,1.625,,1.386,,0.471,0.847,0.5,0.955,1.13,,0.663,1.16,0.721,,0.582
2024-04-15,3.539,0.785,1.374,3.23,0.32,0.778,0.51,0.863,0.824,1.783,1.223,1.608,,1.375,,0.466,0.868,0.515,0.947,1.129,,0.655,1.184,0.715,,0.59
2024-04-16,3.507,0.768,1.373,3.244,0.313,0.756,0.506,0.822,0.809,1.741,1.187,1.578,,1.32,,0.453,0.833,0.499,0.906,1.08,,0.634,1.185,0.684,,0.568
2024-04-17,3.553,0.785,1.393,3.277,0.317,0.788,0.511,0.864,0.825,1.734,1.189,1.586,,1.301,,0.452,0.862,0.515,0.941,1.103,,0.635,1.205,0.697,,0.582
2024-04-18,3.559,0.781,1.398,3.286,0.318,0.78,0.511,0.861,0.832,1.73,1.183,1.607,,1.314,,0.454,0.866,0.517,0.943,1.118,,0.636,1.215,0.7,,0.581
2024-04-19,3.531,0.765,1.406,3.308,0.313,0.757,0.507,0.854,0.827,1.709,1.161,1.594,,1.281,,0.445,0.877,0.527,0.924,1.111,,0.619,1.213,0.684,,0.568
2024-04-22,3.524,0.766,1.379,3.221,0.317,0.749,0.511,0.835,0.829,1.716,1.154,1.623,,1.288,,0.453,0.89,0.539,0.911,1.086,,0.64,1.204,0.697,,0.562
2024-04-23,3.499,0.763,1.356,3.173,0.32,0.747,0.513,0.846,0.827,1.728,1.159,1.62,,1.29,,0.466,0.875,0.531,0.887,1.037,,0.668,1.203,0.688,,0.555
2024-04-24,3.513,0.773,1.357,3.174,0.32,0.777,0.513,0.856,0.828,1.766,1.185,1.637,,1.322,,0.483,0.893,0.543,0.912,1.047,,0.697,1.199,0.694,,0.554
2024-04-25,3.523,0.768,1.362,3.193,0.322,0.77,0.514,0.85,0.827,1.739,1.165,1.638,,1.289,,0.481,0.883,0.537,0.916,1.057,,0.69,1.218,0.696,,0.559
2024-04-26,3.573,0.787,1.354,3.164,0.33,0.802,0.523,0.881,0.878,1.746,1.187,1.638,,1.296,,0.502,0.892,0.54,0.931,1.085,,0.723,1.199,0.706,,0.573
2024-04-29,3.616,0.812,1.353,3.13,0.34,0.827,0.532,0.908,0.889,1.754,1.196,1.64,,1.304,,0.503,0.903,0.546,0.949,1.079,,0.721,1.211,0.715,,0.598
2024-04-30,3.598,0.804,1.355,3.143,0.336,0.823,0.532,0.895,0.873,1.758,1.199,1.634,0.987,1.305,,0.5,0.891,0.541,0.93,1.069,,0.716,1.218,0.706,,0.586
2024-05-06,3.648,0.813,1.37,3.16,0.348,0.827,0.547,0.894,0.878,1.759,1.2,1.623,0.984,1.326,,0.541,0.899,0.544,0.947,1.077,,0.775,1.217,0.706,,0.605
2024-05-07,3.65,0.806,1.37,3.16,0.348,0.817,0.545,0.894,0.875,1.777,1.211,1.628,0.992,1.326,,0.531,0.923,0.559,0.955,1.085,,0.756,1.217,0.702,,0.607
2024-05-08,3.621,0.797,1.372,3.182,0.345,0.797,0.538,0.868,0.862,1.784,1.211,1.648,1.002,1.305,,0.523,0.91,0.554,0.946,1.077,,0.746,1.217,0.69,,0.594
2024-05-09,3.656,0.815,1.381,3.193,0.348,0.806,0.543,0.874,0.87,1.779,1.21,1.654,1.002,1.291,,0.532,0.94,0.572,0.971,1.103,,0.761,1.219,0.697,,0.613
2024-05-10,3.658,0.804,1.387,3.212,0.345,0.796,0.542,0.864,0.876,1.799,1.214,1.673,1.023,1.296,,0.533,0.932,0.567,0.964,1.111,,0.761,1.234,0.7,,0.602
2024-05-13,3.655,0.798,1.391,3.216,0.344,0.794,0.539,0.857,0.878,1.807,1.222,1.674,1.022,1.293,,0.543,0.922,0.563,0.946,1.097,,0.78,1.241,0.692,,0.59
2024-05-14,3.649,0.796,1.388,3.203,0.348,0.788,0.542,0.864,0.883,1.807,1.222,1.677,1.022,1.292,,0.549,0.917,0.558,0.944,1.104,,0.789,1.235,0.692,,0.588
2024-05-15,3.623,0.784,1.388,3.202,0.34,0.778,0.536,0.863,0.859,1.826,1.23,1.687,1.026,1.296,,0.547,0.905,0.55,0.93,1.092,,0.792,1.231,0.69,,0.58
2024-05-16,3.635,0.781,1.391,3.209,0.341,0.783,0.537,0.869,0.858,1.85,1.25,1.697,1.036,1.332,,0.55,0.901,0.549,0.926,1.086,,0.792,1.254,0.693,,0.579
2024-05-17,3.676,0.79,1.403,3.23,0.34,0.792,0.535,0.868,0.871,1.844,1.247,1.675,1.024,1.315,,0.556,0.918,0.56,0.939,1.101,,0.797,1.269,0.71,,0.591
2024-05-20,3.684,0.789,1.418,3.269,0.342,0.803,0.535,0.865,0.872,1.834,1.248,1.681,1.031,1.328,,0.56,0.928,0.566,0.955,1.142,,0.803,1.263,0.725,,0.591
2024-05-21,3.672,0.783,1.422,3.285,0.338,0.796,0.532,0.863,0.866,1.835,1.254,1.684,1.03,1.318,,0.54,0.914,0.557,0.935,1.107,,0.773,1.272,0.723,,0.584
2024-05-22,3.68,0.789,1.421,3.285,0.337,0.798,0.53,0.874,0.869,1.844,1.259,1.681,1.028,1.308,,0.542,0.91,0.557,0.943,1.097,,0.776,1.278,0.723,,0.593
2024-05-23,3.643,0.777,1.403,3.243,0.333,0.784,0.524,0.846,0.851,1.849,1.271,1.672,1.025,1.322,,0.531,0.903,0.55,0.915,1.062,,0.767,1.269,0.7,,0.578
2024-05-24,3.602,0.761,1.4,3.238,0.329,0.763,0.518,0.839,0.84,1.818,1.251,1.651,1.015,1.299,,0.514,0.883,0.54,0.906,1.062,,0.742,1.258,0.693,,0.569
2024-05-27,3.632,0.772,1.422,3.295,0.328,0.772,0.521,0.836,0.848,1.834,1.268,1.671,1.026,1.311,,0.525,0.89,0.543,0.914,1.077,,0.756,1.276,0.695,,0.571
2024-05-28,3.609,0.769,1.415,3.286,0.325,0.759,0.516,0.818,0.84,1.838,1.272,1.689,1.035,1.308,,0.522,0.885,0.541,0.912,1.075,,0.75,1.27,0.689,,0.564
2024-05-29,3.61,0.769,1.418,3.289,0.325,0.758,0.516,0.815,0.841,1.829,1.266,1.665,1.021,1.295,,0.514,0.881,0.538,0.926,1.102,,0.734,1.258,0.693,,0.578
2024-05-30,3.596,0.777,1.407,3.266,0.325,0.759,0.511,0.816,0.84,1.806,1.25,1.628,1.006,1.278,,0.509,0.896,0.547,0.916,1.07,,0.727,1.249,0.685,,0.579
2024-05-31,3.582,0.778,1.41,3.273,0.324,0.765,0.511,0.823,0.839,1.807,1.244,1.648,1.014,1.292,,0.507,0.905,0.553,0.912,1.065,,0.723,1.254,0.686,,0.58
2024-06-03,3.587,0.785,1.397,3.242,0.321,0.777,0.512,0.815,0.828,1.835,1.253,1.664,1.023,1.304,,0.516,0.901,0.55,0.89,1.044,,0.731,1.239,0.678,,0.584
2024-06-04,3.612,0.789,1.406,3.255,0.327,0.78,0.52,0.809,0.834,1.838,1.249,1.653,1.021,1.307,,0.518,0.91,0.559,0.896,1.056,,0.741,1.247,0.688,,0.594
2024-06-05,3.599,0.788,1.389,3.217,0.326,0.776,0.516,0.792,0.831,1.847,1.256,1.658,1.019,1.301,,0.516,0.916,0.567,0.882,1.032,,0.736,1.232,0.682,,0.593
2024-06-06,3.599,0.779,1.391,3.234,0.321,0.771,0.513,0.77,0.82,1.873,1.283,1.671,1.028,1.309,,0.52,0.898,0.556,0.867,1.042,,0.738,1.231,0.668,,0.585
2024-06-07,3.576,0.775,1.404,3.261,0.32,0.761,0.509,0.78,0.815,1.882,1.284,1.671,1.029,1.31,,0.513,0.902,0.56,0.869,1.044,,0.727,1.24,0.674,,0.571
2024-06-11,3.551,0.794,1.382,3.205,0.322,0.771,0.506,0.779,0.816,1.889,1.285,1.64,1.016,1.314,,0.512,0.911,0.57,0.868,1.021,,0.727,1.22,0.665,,0.574
2024-06-12,3.547,0.793,1.397,3.246,0.324,0.774,0.507,0.795,0.816,1.892,1.296,1.62,1.006,1.306,,0.506,0.91,0.568,0.876,1.03,,0.721,1.216,0.665,,0.573
2024-06-13,3.534,0.796,1.382,3.218,0.32,0.782,0.501,0.786,0.815,1.909,1.321,1.625,1.018,1.301,,0.508,0.914,0.568,0.866,1.013,,0.729,1.206,0.657,,0.575
2024-06-14,3.554,0.791,1.383,3.223,0.318,0.802,0.503,0.79,0.833,1.903,1.322,1.587,1.0,1.295,,0.508,0.903,0.561,0.871,1.016,,0.732,1.219,0.661,,0.577
2024-06-17,3.544,0.794,1.365,3.181,0.315,0.8,0.5,0.781,0.832,1.893,1.327,1.565,0.984,1.277,,0.506,0.905,0.565,0.869,1.003,,0.728,1.207,0.66,,0.589
2024-06-18,3.555,0.794,1.367,3.188,0.313,0.814,0.498,0.782,0.838,1.902,1.345,1.584,0.993,1.284,,0.506,0.91,0.566,0.882,1.01,,0.726,1.212,0.662,,0.586
2024-06-19,3.545,0.787,1.365,3.188,0.309,0.809,0.493,0.77,0.827,1.904,1.346,1.578,0.988,1.289,,0.521,0.898,0.557,0.872,1.014,,0.751,1.226,0.651,,0.577
2024-06-20,3.522,0.791,1.363,3.194,0.305,0.794,0.487,0.749,0.82,1.921,1.355,1.575,0.988,1.29,,0.515,0.88,0.545,0.852,1.007,,0.739,1.218,0.636,,0.564
2024-06-21,3.516,0.795,1.364,3.199,0.305,0.795,0.485,0.749,0.821,1.914,1.336,1.591,0.994,1.283,,0.508,0.882,0.547,0.849,1.002,,0.727,1.218,0.636,,0.559
2024-06-24,3.499,0.774,1.347,3.157,0.301,0.772,0.482,0.726,0.813,1.91,1.33,1.576,0.989,1.281,,0.496,0.86,0.535,0.827,0.98,,0.711,1.219,0.622,,0.549
2024-06-25,3.478,0.751,1.349,3.17,0.299,0.75,0.481,0.723,0.799,1.907,1.316,1.595,0.992,1.302,,0.497,0.847,0.528,0.827,0.981,,0.713,1.226,0.625,,0.544
2024-06-26,3.499,0.764,1.355,3.178,0.305,0.786,0.484,0.758,0.81,1.933,1.337,1.599,0.995,1.314,,0.506,0.865,0.537,0.85,0.991,,0.721,1.227,0.632,,0.553
2024-06-27,3.48,0.75,1.35,3.178,0.3,0.767,0.475,0.742,0.801,1.948,1.332,1.584,0.989,1.301,,0.493,0.852,0.526,0.834,0.968,,0.698,1.242,0.625,,0.541
2024-06-28,3.487,0.745,1.358,3.201,0.297,0.768,0.473,0.734,0.783,1.971,1.345,1.582,0.995,1.305,,0.489,0.879,0.542,0.849,0.987,,0.692,1.247,0.626,,0.536
2024-07-01,3.501,0.743,1.388,3.269,0.297,0.768,0.473,0.741,0.784,1.967,1.338,1.594,1.006,1.306,,0.488,0.879,0.543,0.868,1.01,,0.693,1.263,0.634,,0.53
2024-07-02,3.496,0.732,1.384,3.271,0.293,0.764,0.47,0.74,0.782,1.971,1.339,1.58,0.997,1.317,,0.485,0.872,0.537,0.85,0.998,,0.686,1.28,0.631,,0.524
2024-07-03,3.49,0.734,1.375,3.249,0.29,0.755,0.469,0.737,0.782,1.999,1.37,1.591,0.999,1.336,,0.496,0.857,0.527,0.84,0.998,,0.705,1.269,0.646,,0.528
2024-07-04,3.475,0.723,1.365,3.235,0.284,0.746,0.464,0.72,0.767,1.977,1.381,1.621,1.011,1.356,,0.5,0.847,0.52,0.824,0.991,,0.704,1.272,0.624,,0.522
2024-07-05,3.458,0.731,1.362,3.218,0.292,0.748,0.465,0.725,0.768,1.993,1.391,1.626,1.018,1.363,,0.495,0.849,0.521,0.833,1.017,,0.698,1.246,0.627,,0.519
2024-07-08,3.434,0.724,1.353,3.207,0.283,0.736,0.458,0.706,0.748,1.999,1.402,1.622,1.017,1.365,,0.487,0.834,0.509,0.823,1.006,,0.685,1.253,0.616,,0.508
2024-07-09,3.471,0.742,1.369,3.233,0.285,0.763,0.461,0.714,0.763,1.996,1.405,1.627,1.016,1.407,,0.495,0.847,0.514,0.839,1.027,,0.695,1.265,0.624,,0.516
2024-07-10,3.463,0.743,1.345,3.167,0.285,0.768,0.463,0.7,0.764,1.985,1.399,1.603,1.005,1.401,,0.495,0.846,0.514,0.829,1.012,,0.694,1.271,0.617,,0.517
2024-07-11,3.509,0.751,1.349,3.162,0.295,0.775,0.474,0.715,0.776,2.004,1.414,1.626,1.018,1.406,,0.506,0.867,0.525,0.856,1.05,,0.705,1.263,0.64,,0.533
2024-07-12,3.519,0.752,1.346,3.158,0.295,0.769,0.475,0.71,0.775,1.974,1.369,1.616,1.021,1.373,,0.516,0.863,0.523,0.845,1.031,,0.728,1.289,0.643,,0.536
2024-07-15,3.526,0.748,1.359,3.195,0.289,0.761,0.471,0.713,0.773,2.024,1.395,1.635,1.034,1.393,,0.504,0.859,0.519,0.838,1.038,,0.709,1.304,0.637,,0.529
2024-07-16,3.551,0.764,1.352,3.182,0.289,0.778,0.472,0.71,0.78,2.028,1.393,1.631,1.024,1.391,,0.5,0.864,0.524,0.845,1.047,,0.7,1.299,0.638,,0.537
2024-07-17,3.556,0.762,1.347,3.169,0.296,0.768,0.478,0.71,0.786,2.053,1.381,1.639,1.026,1.38,,0.502,0.858,0.524,0.831,1.02,,0.704,1.31,0.644,,0.534
2024-07-18,3.577,0.769,1.347,3.173,0.3,0.762,0.481,0.705,0.79,2.027,1.36,1.639,1.032,1.369,,0.499,0.877,0.535,0.829,1.019,,0.702,1.307,0.646,,0.542
2024-07-19,3.6,0.784,1.34,3.15,0.3,0.77,0.483,0.708,0.799,1.979,1.338,1.605,1.016,1.346,,0.491,0.89,0.544,0.831,1.002,,0.689,1.303,0.646,,0.544
2024-07-22,3.571,0.787,1.328,3.118,0.302,0.774,0.481,0.707,0.805,1.956,1.331,1.589,1.009,1.335,,0.498,0.895,0.548,0.832,0.99,,0.702,1.282,0.643,,0.541
2024-07-23,3.501,0.756,1.313,3.097,0.292,0.749,0.466,0.691,0.786,1.983,1.343,1.604,1.023,1.337,,0.489,0.87,0.534,0.807,0.944,,0.685,1.294,0.629,,0.524
2024-07-24,3.479,0.746,1.31,3.099,0.288,0.737,0.458,0.679,0.777,1.968,1.325,1.582,1.015,1.336,,0.479,0.873,0.538,0.798,0.936,,0.668,1.295,0.62,,0.515
2024-07-25,3.459,0.748,1.304,3.085,0.29,0.727,0.458,0.684,0.787,1.911,1.288,1.539,1.002,1.303,,0.471,0.866,0.535,0.8,0.913,,0.653,1.283,0.623,,0.52
2024-07-26,3.474,0.753,1.305,3.067,0.291,0.733,0.461,0.695,0.801,1.927,1.285,1.548,1.006,1.301,,0.475,0.895,0.558,0.822,0.935,,0.658,1.265,0.628,,0.531
2024-07-29,3.454,0.74,1.308,3.079,0.286,0.732,0.454,0.695,0.793,1.972,1.302,1.574,1.02,1.329,,0.478,0.902,0.559,0.82,0.933,,0.668,1.283,0.62,,0.519
2024-07-30,3.431,0.743,1.298,3.064,0.285,0.731,0.453,0.698,0.797,1.962,1.294,1.549,1.005,1.317,,0.47,0.907,0.56,0.817,0.925,,0.653,1.277,0.62,,0.516
2024-07-31,3.508,0.778,1.32,3.093,0.3,0.756,0.469,0.728,0.841,1.948,1.293,1.562,1.012,1.354,,0.484,0.92,0.566,0.848,0.961,,0.675,1.276,0.645,,0.534
2024-08-01,3.483,0.774,1.318,3.096,0.297,0.751,0.463,0.724,0.835,1.972,1.322,1.553,1.01,1.337,,0.478,0.922,0.565,0.846,0.958,,0.671,1.278,0.642,,0.524
2024-08-02,3.447,0.762,1.315,3.088,0.3,0.727,0.461,0.717,0.819,1.912,1.26,1.494,0.973,1.267,,0.464,0.913,0.56,0.835,0.942,,0.648,1.271,0.642,,0.515
2024-08-05,3.408,0.738,1.299,3.047,0.299,0.695,0.462,0.714,0.812,1.785,1.172,1.437,0.937,1.14,,0.452,0.884,0.548,0.812,0.919,,0.638,1.26,0.648,,0.507
2024-08-06,3.408,0.748,1.295,3.036,0.305,0.704,0.465,0.727,0.815,1.804,1.21,1.469,0.952,1.205,,0.459,0.906,0.565,0.821,0.919,,0.646,1.248,0.659,,0.51
2024-08-07,3.401,0.742,1.299,3.048,0.302,0.696,0.464,0.721,0.81,1.811,1.215,1.474,0.955,1.227,,0.462,0.912,0.566,0.82,0.922,,0.652,1.25,0.65,,0.508
2024-08-08,3.405,0.745,1.305,3.059,0.302,0.692,0.468,0.728,0.813,1.799,1.196,1.489,0.959,1.227,,0.462,0.883,0.547,0.817,0.913,,0.652,1.253,0.651,,0.506
2024-08-09,3.393,0.742,1.298,3.048,0.296,0.693,0.463,0.713,0.806,1.835,1.232,1.497,0.968,1.229,,0.468,0.873,0.543,0.813,0.918,,0.656,1.259,0.64,,0.501
2024-08-12,3.389,0.742,1.305,3.068,0.298,0.688,0.465,0.706,0.804,1.86,1.24,1.503,0.973,1.241,,0.468,0.865,0.539,0.81,0.918,,0.653,1.255,0.627,,0.498
2024-08-13,3.394,0.746,1.308,3.069,0.296,0.693,0.462,0.704,0.815,1.887,1.246,1.503,0.975,1.263,,0.468,0.875,0.545,0.814,0.922,,0.656,1.261,0.623,,0.503
2024-08-14,3.37,0.736,1.302,3.062,0.291,0.69,0.455,0.712,0.808,1.922,1.272,1.512,0.982,1.27,,0.461,0.864,0.537,0.806,0.909,,0.644,1.26,0.619,,0.495
2024-08-15,3.408,0.743,1.314,3.091,0.293,0.695,0.457,0.731,0.817,1.948,1.277,1.523,0.987,1.28,,0.46,0.867,0.538,0.811,0.918,,0.643,1.278,0.625,,0.501
2024-08-16,3.41,0.74,1.315,3.096,0.292,0.695,0.458,0.719,0.812,1.975,1.318,1.545,1.003,1.317,,0.47,0.856,0.528,0.806,0.919,,0.656,1.293,0.621,,0.496
2024-08-19,3.419,0.739,1.325,3.126,0.289,0.7,0.455,0.727,0.811,1.942,1.303,1.537,1.004,1.302,,0.477,0.853,0.526,0.807,0.934,,0.665,1.315,0.623,,0.498
2024-08-20,3.403,0.728,1.311,3.091,0.284,0.688,0.451,0.726,0.805,1.966,1.33,1.564,1.02,1.323,,0.473,0.839,0.518,0.795,0.923,,0.655,1.318,0.615,,0.493
2024-08-21,3.388,0.726,1.299,3.058,0.281,0.691,0.448,0.714,0.8,1.967,1.321,1.561,1.015,1.325,,0.465,0.834,0.515,0.802,0.933,,0.646,1.31,0.615,,0.498
2024-08-22,3.379,0.719,1.298,3.061,0.276,0.676,0.444,0.688,0.788,1.971,1.322,1.569,1.023,1.341,,0.472,0.831,0.513,0.79,0.92,,0.656,1.322,0.603,,0.493
2024-08-23,3.393,0.72,1.3,3.059,0.274,0.68,0.447,0.687,0.795,1.964,1.315,1.573,1.024,1.342,,0.468,0.832,0.514,0.787,0.917,,0.655,1.329,0.606,,0.489
2024-08-26,3.394,0.715,1.297,3.043,0.271,0.676,0.445,0.687,0.795,1.978,1.315,1.579,1.03,1.343,,0.472,0.825,0.509,0.804,0.929,,0.663,1.329,0.606,,0.499
2024-08-27,3.377,0.708,1.298,3.05,0.27,0.665,0.442,0.673,0.788,1.978,1.303,1.586,1.034,1.344,,0.472,0.811,0.502,0.79,0.916,,0.657,1.334,0.599,,0.492
2024-08-28,3.357,0.704,1.292,3.037,0.271,0.666,0.441,0.681,0.789,1.997,1.306,1.583,1.039,1.354,,0.468,0.819,0.508,0.795,0.908,,0.648,1.325,0.598,,0.49
2024-08-29,3.347,0.713,1.273,2.981,0.276,0.666,0.446,0.686,0.794,1.974,1.279,1.567,1.035,1.344,,0.466,0.833,0.516,0.814,0.915,,0.661,1.282,0.601,,0.497
2024-08-30,3.392,0.728,1.279,2.99,0.281,0.683,0.457,0.708,0.814,1.978,1.288,1.574,1.035,1.352,,0.481,0.843,0.522,0.827,0.921,,0.68,1.256,0.613,,0.511
2024-09-02,3.332,0.703,1.28,3.005,0.272,0.66,0.442,0.688,0.793,1.999,1.296,1.572,1.035,1.342,,0.47,0.812,0.51,0.813,0.9,,0.664,1.255,0.601,,0.499
2024-09-03,3.344,0.708,1.273,2.978,0.274,0.669,0.448,0.692,0.799,1.998,1.297,1.58,1.039,1.346,,0.472,0.824,0.517,0.822,0.903,,0.668,1.234,0.606,,0.51
2024-09-04,3.323,0.705,1.271,2.977,0.277,0.664,0.45,0.685,0.798,1.919,1.245,1.539,1.014,1.293,,0.469,0.822,0.517,0.814,0.882,,0.661,1.23,0.604,,0.515
2024-09-05,3.33,0.705,1.272,2.979,0.279,0.667,0.451,0.7,0.806,1.929,1.246,1.541,1.015,1.292,,0.468,0.826,0.519,0.815,0.882,,0.666,1.228,0.609,,0.517
2024-09-06,3.302,0.696,1.26,2.955,0.275,0.657,0.446,0.691,0.809,1.919,1.243,1.533,1.017,1.288,,0.466,0.814,0.511,0.799,0.877,,0.66,1.232,0.603,,0.508
2024-09-09,3.261,0.687,1.238,2.9,0.275,0.653,0.442,0.692,0.808,1.905,1.23,1.522,1.006,1.287,,0.463,0.811,0.509,0.793,0.862,,0.659,1.209,0.6,,0.505
2024-09-10,3.261,0.692,1.24,2.907,0.274,0.665,0.44,0.696,0.805,1.895,1.234,1.528,1.01,1.282,,0.467,0.817,0.51,0.792,0.858,,0.662,1.217,0.59,,0.501
2024-09-11,3.254,0.695,1.216,2.843,0.275,0.669,0.445,0.69,0.804,1.899,1.244,1.528,1.004,1.287,,0.465,0.816,0.509,0.796,0.867,,0.659,1.19,0.587,,0.518
2024-09-12,3.243,0.69,1.219,2.853,0.273,0.666,0.437,0.688,0.803,1.931,1.283,1.54,1.012,1.312,,0.47,0.812,0.507,0.791,0.866,,0.666,1.197,0.585,,0.513
2024-09-13,3.228,0.683,1.215,2.845,0.27,0.669,0.435,0.681,0.805,1.941,1.288,1.534,1.017,1.312,,0.47,0.805,0.502,0.779,0.863,,0.664,1.193,0.579,,0.5
2024-09-18,3.238,0.678,1.228,2.878,0.269,0.667,0.436,0.675,0.806,1.939,1.284,1.551,1.029,1.301,,0.476,0.805,0.499,0.775,0.86,,0.675,1.207,0.573,,0.5
2024-09-19,3.265,0.683,1.234,2.873,0.273,0.672,0.441,0.691,0.816,1.965,1.296,1.561,1.035,1.317,,0.49,0.806,0.5,0.797,0.887,,0.695,1.208,0.584,,0.503
2024-09-20,3.274,0.678,1.231,2.874,0.271,0.672,0.44,0.691,0.816,1.97,1.3,1.568,1.036,1.333,,0.494,0.791,0.498,0.795,0.898,,0.694,1.217,0.585,,0.496
2024-09-23,3.283,0.674,1.244,2.905,0.269,0.675,0.44,0.693,0.816,1.974,1.304,1.553,1.029,1.342,,0.495,0.795,0.5,0.791,0.897,,0.692,1.236,0.582,,0.495
2024-09-24,3.427,0.699,1.299,3.039,0.279,0.704,0.457,0.717,0.866,1.96,1.304,1.558,1.034,1.327,,0.52,0.821,0.514,0.821,0.933,,0.721,1.285,0.604,,0.522
2024-09-25,3.474,0.7,1.318,3.085,0.282,0.704,0.459,0.733,0.882,1.945,1.295,1.549,1.031,1.32,,0.523,0.833,0.521,0.827,0.942,,0.726,1.31,0.613,,0.529
2024-09-26,3.64,0.728,1.368,3.189,0.296,0.736,0.499,0.763,0.938,1.948,1.318,1.564,1.04,1.344,,0.556,0.863,0.538,0.856,0.979,,0.778,1.359,0.651,,0.547
2024-09-27,3.869,0.792,1.392,3.178,0.32,0.775,0.549,0.8,1.006,1.919,1.305,1.572,1.048,1.342,,0.586,0.909,0.56,0.898,1.023,,0.828,1.378,0.691,,0.6
2024-09-30,4.233,0.95,1.472,3.399,0.352,0.853,0.589,0.88,1.107,1.908,1.3,1.594,1.059,1.335,,0.643,1.0,0.616,0.988,1.118,,0.905,1.414,0.76,,0.66
2024-10-08,4.412,1.14,1.494,3.404,0.387,0.938,0.587,0.948,1.218,1.893,1.291,1.533,1.022,1.325,,0.658,1.1,0.678,1.065,1.143,,0.923,1.46,0.75,,0.726
2024-10-09,4.022,1.096,1.37,3.148,0.362,0.972,0.531,0.853,1.179,1.925,1.314,1.534,1.026,1.334,,0.62,1.015,0.623,0.964,1.029,,0.868,1.354,0.677,,0.674
2024-10-10,4.086,1.026,1.417,3.27,0.36,0.925,0.547,0.831,1.113,1.956,1.327,1.536,1.031,1.331,,0.637,1.021,0.627,0.981,1.046,,0.883,1.412,0.686,,0.671
2024-10-11,3.977,0.951,1.395,3.226,0.34,0.882,0.535,0.797,1.116,1.967,1.332,1.54,1.032,1.346,,0.616,0.968,0.594,0.939,1.023,,0.854,1.396,0.671,,0.631
2024-10-14,4.04,0.974,1.431,3.312,0.343,0.912,0.532,0.812,1.124,1.988,1.334,1.547,1.044,1.349,,0.628,1.008,0.62,0.962,1.054,,0.863,1.446,0.671,,0.646
2024-10-15,3.931,0.946,1.399,3.231,0.332,0.892,0.516,0.804,1.087,2.047,1.352,1.563,1.056,1.36,,0.601,1.0,0.614,0.939,1.018,,0.82,1.412,0.657,,0.624
2024-10-16,3.906,0.923,1.417,3.279,0.327,0.87,0.509,0.809,1.094,2.024,1.338,1.529,1.047,1.338,,0.598,0.987,0.606,0.933,1.027,,0.822,1.452,0.657,,0.611
2024-10-17,3.863,0.926,1.397,3.231,0.324,0.883,0.503,0.812,1.088,2.045,1.345,1.536,1.046,1.335,,0.593,0.993,0.611,0.926,1.011,,0.818,1.431,0.65,,0.606
2024-10-18,4.016,1.041,1.347,3.252,0.34,0.951,0.519,0.829,1.169,2.027,1.339,1.537,1.047,1.328,,0.618,1.033,0.633,0.96,1.036,,0.856,1.439,0.669,,0.639
2024-10-21,4.016,1.05,1.337,3.232,0.34,0.964,0.521,0.862,1.137,2.018,1.341,1.541,1.05,1.327,,0.609,1.085,0.657,0.976,1.061,,0.844,1.419,0.69,,0.652
2024-10-22,4.04,1.037,1.342,3.244,0.344,0.956,0.529,0.885,1.146,2.006,1.342,1.529,1.047,1.303,,0.613,1.061,0.649,1.0,1.068,,0.851,1.416,0.691,,0.659
2024-10-23,4.055,1.032,1.343,3.245,0.345,0.94,0.532,0.862,1.14,1.999,1.347,1.523,1.039,1.284,,0.624,1.087,0.668,1.009,1.07,,0.867,1.422,0.696,,0.664
2024-10-24,4.011,1.029,1.337,3.226,0.34,0.935,0.523,0.862,1.138,1.991,1.335,1.522,1.035,1.28,,0.608,1.06,0.652,0.992,1.055,,0.847,1.417,0.686,,0.647
2024-10-25,4.04,1.045,1.34,3.224,0.353,0.944,0.529,0.888,1.147,1.991,1.339,1.517,1.038,1.28,,0.613,1.071,0.656,1.024,1.059,,0.848,1.411,0.692,,0.684
2024-10-28,4.046,1.039,1.352,3.245,0.357,0.945,0.535,0.917,1.149,2.012,1.355,1.52,1.043,1.291,,0.622,1.088,0.666,1.037,1.069,,0.86,1.398,0.701,,0.681
2024-10-29,4.013,1.028,1.331,3.2,0.348,0.933,0.528,0.884,1.136,2.005,1.353,1.537,1.049,1.305,,0.626,1.078,0.657,1.021,1.052,,0.862,1.397,0.692,,0.667
2024-10-30,3.971,1.008,1.32,3.165,0.343,0.932,0.523,0.887,1.133,2.02,1.366,1.519,1.043,1.318,,0.613,1.08,0.659,1.022,1.04,,0.849,1.381,0.695,,0.661
2024-10-31,3.971,1.02,1.315,3.146,0.341,0.942,0.522,0.903,1.166,1.996,1.34,1.502,1.028,1.3,,0.613,1.087,0.661,1.05,1.036,,0.851,1.372,0.69,,0.662
2024-11-01,3.979,0.99,1.326,3.175,0.336,0.902,0.523,0.869,1.153,1.971,1.323,1.497,1.024,1.276,,0.606,1.056,0.641,1.14,1.075,,0.85,1.391,0.69,,0.656
2024-11-04,4.032,1.004,1.336,3.189,0.341,0.925,0.53,0.89,1.198,1.963,1.329,1.504,1.033,1.288,,0.612,1.079,0.659,1.112,1.076,,0.858,1.398,0.703,,0.673
2024-11-05,4.137,1.05,1.354,3.218,0.352,0.971,0.538,0.921,1.265,1.961,1.32,1.499,1.03,1.29,,0.628,1.151,0.704,1.166,1.11,,0.882,1.409,0.715,,0.699
2024-11-06,4.111,1.053,1.349,3.19,0.351,0.967,0.536,0.95,1.257,2.029,1.368,1.498,1.032,1.322,,0.623,1.161,0.711,1.19,1.12,,0.877,1.399,0.719,,0.702
2024-11-07,4.248,1.087,1.377,3.259,0.365,0.992,0.56,0.961,1.364,2.045,1.391,1.498,1.027,1.31,,0.636,1.153,0.694,1.186,1.118,,0.909,1.429,0.753,,0.714
2024-11-08,4.194,1.081,1.36,3.226,0.363,0.996,0.551,0.953,1.32,2.063,1.401,1.505,1.037,1.323,,0.639,1.185,0.713,1.174,1.104,,0.905,1.409,0.744,,0.709
2024-11-11,4.215,1.13,1.349,3.193,0.369,1.053,0.553,0.985,1.321,2.089,1.414,1.496,1.031,1.325,,0.636,1.217,0.726,1.191,1.107,,0.897,1.387,0.737,,0.751
2024-11-12,4.169,1.105,1.341,3.173,0.374,1.033,0.556,0.957,1.289,2.113,1.416,1.493,1.028,1.324,,0.615,1.168,0.697,1.173,1.091,,0.869,1.375,0.739,,0.75
2024-11-13,4.195,1.116,1.348,3.193,0.368,1.069,0.555,0.972,1.286,2.095,1.408,1.468,1.014,1.291,,0.609,1.17,0.695,1.183,1.1,,0.864,1.382,0.727,,0.75
2024-11-14,4.124,1.08,1.332,3.167,0.356,1.024,0.547,0.942,1.265,2.122,1.411,1.461,1.005,1.28,,0.594,1.123,0.666,1.13,1.064,,0.852,1.386,0.711,,0.725
2024-11-15,4.055,1.04,1.328,3.17,0.347,0.993,0.541,0.941,1.215,2.088,1.392,1.463,1.013,1.281,,0.595,1.084,0.645,1.097,1.046,,0.845,1.384,0.708,,0.7
2024-11-18,4.038,1.02,1.349,3.218,0.342,0.952,0.533,0.902,1.199,2.102,1.383,1.467,1.02,1.284,,0.596,1.062,0.638,1.074,1.027,,0.844,1.41,0.705,,0.694
2024-11-19,4.058,1.052,1.348,3.209,0.347,0.971,0.535,0.912,1.225,2.106,1.384,1.472,1.02,1.288,,0.604,1.08,0.646,1.094,1.062,,0.848,1.405,0.709,,0.719
2024-11-20,4.068,1.055,1.351,3.215,0.354,0.989,0.541,0.945,1.225,2.112,1.398,1.473,1.019,1.283,,0.605,1.094,0.653,1.109,1.068,,0.866,1.399,0.715,,0.72
2024-11-21,4.073,1.064,1.352,3.218,0.35,0.996,0.54,0.949,1.237,2.107,1.386,1.457,1.012,1.275,,0.6,1.093,0.652,1.11,1.07,,0.859,1.396,0.712,,0.72
2024-11-22,3.953,1.022,1.317,3.142,0.335,0.965,0.522,0.927,1.178,2.128,1.394,1.451,1.01,1.287,,0.583,1.054,0.63,1.107,1.042,,0.833,1.365,0.695,,0.695
2024-11-25,3.931,1.008,1.317,3.148,0.334,0.954,0.521,0.946,1.167,2.177,1.408,1.473,1.024,1.305,,0.581,1.04,0.616,1.113,1.038,,0.825,1.368,0.701,,0.71
2024-11-26,3.923,1.002,1.316,3.159,0.333,0.935,0.52,0.949,1.167,2.181,1.407,1.46,1.02,1.3,,0.581,1.028,0.613,1.077,1.023,,0.826,1.38,0.71,,0.683
2024-11-27,3.987,1.038,1.33,3.189,0.339,0.969,0.529,0.99,1.196,2.18,1.412,1.457,1.018,1.301,,0.595,1.062,0.632,1.089,1.034,,0.847,1.393,0.718,,0.696
2024-11-28,3.958,1.034,1.327,3.186,0.335,0.957,0.524,0.997,1.184,2.178,1.402,1.464,1.023,1.313,,0.591,1.055,0.628,1.073,1.019,,0.838,1.392,0.718,,0.683
2024-11-29,4.001,1.06,1.336,3.201,0.341,0.983,0.531,0.983,1.216,2.182,1.402,1.464,1.029,1.313,,0.594,1.066,0.638,1.093,1.031,,0.839,1.394,0.721,,0.693
2024-12-02,4.031,1.068,1.343,3.209,0.347,0.995,0.538,1.0,1.23,2.199,1.41,1.47,1.037,1.328,,0.603,1.077,0.641,1.116,1.041,,0.851,1.387,0.736,,0.703
2024-12-03,4.035,1.057,1.357,3.241,0.347,0.979,0.538,0.998,1.229,2.217,1.434,1.485,1.056,1.361,,0.605,1.067,0.634,1.12,1.04,,0.855,1.409,0.728,,0.695
2024-12-04,4.014,1.05,1.357,3.266,0.341,0.965,0.532,0.967,1.214,2.217,1.439,1.485,1.06,1.359,,0.606,1.057,0.624,1.118,1.041,,0.853,1.408,0.717,,0.689
2024-12-05,4.007,1.053,1.355,3.259,0.341,0.984,0.53,1.002,1.228,2.233,1.451,1.499,1.07,1.364,,0.6,1.068,0.631,1.111,1.034,,0.848,1.408,0.724,,0.684
2024-12-06,4.057,1.067,1.372,3.302,0.352,0.993,0.536,1.032,1.244,2.228,1.445,1.493,1.081,1.349,,0.612,1.078,0.638,1.116,1.044,,0.868,1.423,0.74,,0.696
2024-12-09,4.054,1.054,1.377,3.31,0.353,0.98,0.537,1.028,1.232,2.227,1.461,1.525,1.081,1.354,,0.612,1.064,0.628,1.102,1.043,,0.868,1.429,0.737,,0.695
2024-12-10,4.085,1.063,1.377,3.306,0.354,0.987,0.543,1.041,1.244,2.207,1.445,1.52,1.074,1.347,,0.632,1.079,0.637,1.109,1.048,,0.885,1.443,0.749,,0.695
2024-12-11,4.075,1.059,1.384,3.319,0.355,0.995,0.546,1.073,1.241,2.227,1.445,1.499,1.072,1.341,,0.623,1.083,0.637,1.119,1.061,,0.875,1.429,0.761,,0.689
2024-12-12,4.117,1.063,1.391,3.325,0.358,1.004,0.552,1.072,1.259,2.232,1.468,1.507,1.078,1.351,,0.637,1.099,0.649,1.113,1.067,,0.899,1.447,0.779,,0.695
2024-12-13,4.02,1.042,1.368,3.288,0.348,0.988,0.541,1.091,1.219,2.244,1.474,1.497,1.076,1.342,,0.618,1.071,0.629,1.087,1.037,,0.873,1.416,0.776,,0.677
2024-12-16,3.996,1.025,1.375,3.317,0.344,0.972,0.535,1.099,1.201,2.274,1.484,1.49,1.083,1.334,,0.607,1.052,0.619,1.069,1.021,,0.856,1.429,0.773,,0.667
2024-12-17,4.007,1.019,1.368,3.312,0.34,0.968,0.536,1.037,1.203,2.254,1.51,1.487,1.073,1.338,,0.608,1.04,0.616,1.061,1.014,,0.852,1.428,0.745,,0.674
2024-12-18,4.024,1.033,1.376,3.332,0.341,0.985,0.537,1.044,1.202,2.229,1.512,1.498,1.073,1.336,,0.616,1.048,0.622,1.063,1.009,,0.862,1.446,0.745,,0.671
2024-12-19,4.03,1.045,1.362,3.292,0.338,1.012,0.534,1.038,1.198,2.157,1.471,1.461,1.051,1.327,,0.616,1.05,0.62,1.067,1.005,,0.862,1.431,0.738,,0.672
2024-12-20,4.018,1.065,1.351,3.264,0.338,1.018,0.532,1.04,1.203,2.144,1.44,1.453,1.038,1.307,,0.616,1.06,0.626,1.07,0.999,,0.862,1.428,0.734,,0.67
2024-12-23,4.022,1.052,1.353,3.278,0.335,1.001,0.528,0.981,1.188,2.194,1.49,1.468,1.05,1.336,,0.614,1.042,0.614,1.049,0.996,,0.856,1.453,0.719,,0.662
2024-12-24,4.069,1.069,1.367,3.311,0.338,1.005,0.535,0.973,1.209,2.186,1.495,1.47,1.046,1.328,,0.623,1.045,0.615,1.064,1.004,,0.867,1.471,0.723,,0.673
2024-12-25,4.072,1.072,1.373,3.326,0.336,0.999,0.533,0.949,1.201,2.197,1.53,1.473,1.058,1.325,,0.623,1.039,0.612,1.048,0.994,,0.865,1.488,0.718,,0.663
2024-12-26,4.073,1.081,1.367,3.316,0.334,1.031,0.533,0.95,1.204,2.2,1.541,1.477,1.059,1.331,,0.623,1.053,0.62,1.059,0.998,,0.865,1.487,0.719,,0.664
2024-12-27,4.067,1.074,1.369,3.315,0.335,1.015,0.534,0.958,1.213,2.191,1.526,1.469,1.049,1.356,,0.626,1.07,0.631,1.064,0.993,,0.867,1.483,0.728,,0.664
2024-12-30,4.086,1.077,1.386,3.362,0.333,1.013,0.534,0.946,1.225,2.165,1.509,1.482,1.051,1.341,,0.623,1.065,0.629,1.063,0.996,,0.864,1.502,0.714,,0.668
2024-12-31,4.022,1.045,1.38,3.351,0.327,0.972,0.529,0.918,1.17,2.162,1.497,1.472,1.043,1.335,,0.611,1.042,0.62,1.028,0.973,,0.849,1.485,0.705,,0.652
2025-01-02,3.909,1.009,1.351,3.279,0.319,0.929,0.517,0.906,1.106,2.183,1.508,1.487,1.047,1.342,,0.602,0.996,0.594,1.0,0.963,,0.838,1.451,0.696,,0.63
2025-01-03,3.869,0.993,1.34,3.248,0.315,0.902,0.509,0.865,1.076,2.17,1.487,1.484,1.045,1.345,,0.605,0.966,0.576,0.985,0.972,,0.843,1.442,0.673,,0.618
2025-01-06,3.853,0.989,1.345,3.248,0.315,0.906,0.507,0.852,1.077,2.211,1.529,1.474,1.05,1.337,,0.608,0.955,0.57,1.001,0.981,,0.841,1.455,0.664,,0.622
2025-01-07,3.88,1.018,1.342,3.234,0.313,0.935,0.509,0.865,1.089,2.193,1.509,1.493,1.12,1.357,,0.6,0.972,0.578,1.02,1.0,,0.819,1.464,0.667,,0.626
2025-01-08,3.874,1.017,1.34,3.228,0.309,0.929,0.507,0.867,1.077,2.19,1.493,1.505,1.102,1.355,,0.597,0.965,0.569,1.004,0.984,,0.809,1.475,0.663,,0.618
2025-01-09,3.866,1.015,1.321,3.184,0.308,0.932,0.507,0.868,1.073,2.186,1.487,1.532,1.209,1.348,,0.599,0.979,0.586,1.013,0.991,,0.814,1.465,0.66,,0.625
2025-01-10,3.823,1.005,1.301,3.151,0.304,0.907,0.501,0.844,1.054,2.173,1.481,1.523,,1.327,,0.591,0.967,0.581,1.009,0.987,,0.796,1.456,0.644,,0.619
2025-01-13,3.808,1.005,1.289,3.124,0.305,0.902,0.499,0.842,1.057,2.139,1.448,1.487,1.139,1.307,,0.585,0.964,0.58,1.017,1.01,,0.789,1.436,0.645,,0.623
2025-01-14,3.906,1.037,1.312,3.174,0.315,0.945,0.512,0.889,1.103,2.162,1.471,1.495,1.232,1.315,,0.604,1.0,0.598,1.059,1.025,,0.817,1.459,0.67,,0.646
2025-01-15,3.883,1.032,1.315,3.183,0.31,0.935,0.506,0.9,1.09,2.158,1.457,1.503,,1.317,,0.602,0.984,0.586,1.055,1.014,,0.812,1.471,0.672,,0.639
2025-01-16,3.885,1.011,1.325,3.213,0.311,0.934,0.506,0.9,1.092,2.193,1.494,1.627,1.305,1.329,,0.612,0.983,0.583,1.057,1.032,,0.822,1.485,0.675,,0.64
2025-01-17,3.898,1.02,1.321,3.196,0.311,0.939,0.508,0.899,1.094,2.191,1.492,1.641,,1.334,,0.618,0.992,0.593,1.061,1.037,,0.827,1.477,0.677,,0.644
2025-01-20,3.917,1.022,1.319,3.185,0.314,0.949,0.512,0.909,1.099,2.201,1.512,1.641,1.412,1.346,,0.633,1.002,0.595,1.053,1.027,,0.844,1.471,0.68,,0.658
2025-01-21,3.922,1.031,1.311,3.027,0.313,0.968,0.512,0.91,1.103,2.2,1.51,1.721,,1.348,,0.644,0.996,0.59,1.048,1.021,,0.85,1.471,0.678,,0.656
2025-01-22,3.886,1.029,1.298,3.003,0.31,0.981,0.506,0.89,1.097,2.218,1.513,1.791,1.553,1.382,,0.626,0.989,0.586,1.043,1.021,,0.828,1.443,0.663,,0.647
2025-01-23,3.897,1.021,1.315,3.052,0.31,0.968,0.505,0.898,1.101,2.205,1.504,,1.671,1.373,,0.617,0.982,0.582,1.041,1.014,,0.823,1.479,0.663,,0.641
2025-01-24,3.929,1.029,1.321,3.067,0.312,0.99,0.508,0.921,1.114,2.214,1.506,1.797,,1.36,,0.636,0.99,0.584,1.061,1.024,,0.85,1.483,0.672,,0.649
2025-01-27,3.907,1.009,1.338,3.105,0.311,0.971,0.509,0.924,1.086,2.196,1.477,1.62,1.682,1.335,,0.642,0.98,0.578,1.036,1.02,,0.868,1.503,0.671,,0.641
2025-02-05,3.887,1.037,1.313,3.043,0.313,1.0,0.502,0.94,1.086,2.192,1.476,1.668,1.514,1.338,,0.674,0.988,0.58,1.057,1.032,,0.921,1.48,0.654,,0.646
2025-02-06,3.932,1.067,1.315,3.041,0.319,1.026,0.508,0.969,1.104,2.198,1.492,1.664,1.428,1.353,,0.692,1.019,0.6,1.106,1.045,,0.935,1.48,0.658,,0.679
2025-02-07,3.988,1.076,1.325,3.054,0.328,1.06,0.515,0.978,1.128,2.192,1.488,1.671,1.313,1.351,,0.708,1.028,0.603,1.113,1.058,,0.959,1.475,0.662,,0.693
2025-02-10,3.992,1.094,1.321,3.047,0.337,1.083,0.516,1.032,1.13,2.187,1.478,1.616,1.226,1.352,,0.728,1.039,0.607,1.114,1.06,,0.992,1.477,0.673,,0.689
2025-02-11,3.976,1.08,1.325,3.06,0.333,1.074,0.512,1.06,1.12,2.183,1.481,1.64,1.282,1.355,,0.712,1.027,0.6,1.104,1.06,,0.976,1.49,0.664,,0.681
2025-02-12,4.014,1.099,1.326,3.062,0.334,1.099,0.515,1.112,1.139,2.175,1.478,1.639,1.243,1.348,,0.724,1.037,0.603,1.11,1.054,,0.997,1.5,0.666,,0.697
2025-02-13,4.004,1.073,1.328,3.065,0.333,1.072,0.519,1.174,1.131,2.172,1.483,1.637,1.252,1.353,,0.733,1.028,0.6,1.085,1.047,,1.02,1.502,0.67,,0.692
2025-02-14,4.034,1.078,1.328,3.068,0.349,1.096,0.523,1.175,1.133,2.173,1.496,1.641,1.28,1.347,,0.748,1.025,0.595,1.086,1.055,,1.067,1.509,0.666,,0.707
2025-02-17,4.041,1.093,1.325,3.055,0.355,1.124,0.522,1.113,1.139,2.17,1.5,1.633,1.253,1.345,,0.754,1.025,0.592,1.09,1.03,,1.083,1.506,0.662,,0.7
2025-02-18,4.012,1.066,1.322,3.053,0.345,1.093,0.516,1.066,1.108,2.185,1.507,1.712,1.326,1.355,,0.766,0.999,0.575,1.074,1.021,,1.111,1.522,0.646,,0.706
2025-02-19,4.033,1.092,1.316,3.035,0.349,1.123,0.521,1.091,1.122,2.176,1.504,1.691,1.298,1.349,,0.78,1.016,0.587,1.109,1.03,,1.115,1.514,0.649,,0.716
2025-02-20,4.021,1.091,1.312,3.022,0.36,1.119,0.523,1.075,1.119,2.174,1.492,1.679,1.279,1.343,0.969,0.758,1.035,0.597,1.124,1.035,,1.086,1.515,0.649,,0.714
2025-02-21,4.075,1.157,1.304,3.0,0.364,1.189,0.528,1.097,1.141,2.154,1.486,1.669,1.253,1.341,0.954,0.796,1.043,0.599,1.128,1.031,,1.144,1.494,0.653,,0.733
2025-02-24,4.062,1.161,1.304,2.996,0.356,1.18,0.526,1.088,1.135,2.125,1.462,1.683,1.248,1.337,0.955,0.799,1.046,0.601,1.132,1.03,,1.149,1.481,0.66,,0.728
2025-02-25,4.021,1.162,1.297,2.975,0.349,1.165,0.519,1.053,1.117,2.094,1.438,1.669,1.242,1.336,0.944,0.779,1.038,0.595,1.12,1.017,,1.106,1.47,0.654,,0.725
2025-02-26,4.054,1.186,1.313,3.001,0.353,1.177,0.523,1.062,1.149,2.091,1.431,1.638,1.208,1.331,0.943,0.821,1.048,0.6,1.135,1.023,,1.152,1.478,0.657,,0.733
2025-02-27,4.067,1.185,1.327,3.028,0.351,1.152,0.528,1.055,1.144,2.084,1.434,1.648,1.244,1.341,0.943,0.815,1.037,0.594,1.124,1.018,,1.129,1.497,0.669,,0.739
2025-02-28,3.994,1.133,1.319,3.01,0.342,1.081,0.52,1.012,1.109,2.032,1.39,1.605,1.212,1.301,0.915,0.765,1.006,0.582,1.098,1.0,,1.064,1.489,0.663,,0.718
2025-03-03,3.981,1.119,1.316,2.997,0.346,1.076,0.518,1.023,1.105,2.07,1.418,1.627,1.21,1.32,0.925,0.759,1.011,0.584,1.12,1.027,,1.071,1.486,0.662,,0.744
2025-03-04,3.977,1.139,1.316,2.996,0.349,1.092,0.517,1.022,1.112,2.031,1.39,1.634,1.219,1.309,0.925,0.765,1.04,0.606,1.129,1.03,,1.084,1.485,0.662,,0.724
2025-03-05,3.994,1.142,1.321,3.004,0.345,1.11,0.518,1.028,1.112,2.024,1.386,1.651,1.209,1.306,0.936,0.786,1.044,0.604,1.118,1.04,,1.119,1.509,0.664,,0.722
2025-03-06,4.049,1.181,1.32,2.998,0.353,1.152,0.525,1.068,1.14,2.025,1.385,1.687,1.247,1.316,0.939,0.827,1.058,0.61,1.133,1.054,,1.188,1.502,0.671,,0.734
2025-03-07,4.039,1.167,1.323,2.997,0.348,1.133,0.524,1.047,1.12,2.001,1.352,1.661,1.24,1.3,0.935,0.825,1.072,0.623,1.141,1.068,,1.177,1.502,0.671,,0.723
2025-03-10,4.023,1.163,1.329,3.001,0.35,1.123,0.524,1.039,1.111,1.999,1.354,1.676,1.251,1.302,0.931,0.81,1.079,0.627,1.147,1.08,,1.151,1.49,0.669,,0.724
2025-03-11,4.035,1.158,1.334,3.022,0.35,1.118,0.526,1.058,1.114,1.949,1.309,1.656,1.224,1.293,0.917,0.812,1.099,0.643,1.174,1.086,,1.145,1.498,0.675,,0.722
2025-03-12,4.025,1.15,1.33,3.018,0.346,1.12,0.524,1.087,1.121,1.938,1.305,1.644,1.215,1.287,0.917,0.801,1.095,0.638,1.166,1.086,,1.132,1.497,0.671,,0.722
2025-03-13,4.005,1.126,1.338,3.046,0.343,1.091,0.521,1.052,1.114,1.932,1.307,1.638,1.219,1.286,0.921,0.786,1.093,0.642,1.149,1.093,,1.107,1.502,0.669,,0.719
2025-03-14,4.106,1.146,1.349,3.068,0.352,1.11,0.541,1.075,1.152,1.93,1.308,1.637,1.219,1.291,0.921,0.808,1.095,0.642,1.16,1.106,,1.148,1.522,0.688,,0.74
2025-03-17,4.094,1.14,1.353,3.077,0.351,1.107,0.54,1.07,1.139,1.929,1.315,1.649,1.243,1.3,0.922,0.807,1.091,0.639,1.157,1.096,,1.15,1.527,0.688,,0.737
2025-03-18,4.103,1.146,1.353,3.065,0.357,1.116,0.542,1.067,1.14,1.948,1.327,1.669,1.261,1.311,0.922,0.831,1.088,0.634,1.169,1.111,,1.179,1.524,0.688,,0.737
2025-03-19,4.109,1.131,1.354,3.066,0.355,1.096,0.542,1.049,1.139,1.933,1.313,1.679,1.267,1.308,0.927,0.828,1.076,0.629,1.168,1.11,,1.176,1.547,0.686,,0.743
2025-03-20,4.076,1.119,1.351,3.061,0.35,1.08,0.536,1.042,1.13,1.981,1.336,1.683,1.26,1.32,0.936,0.802,1.082,0.635,1.158,1.107,,1.135,1.537,0.682,,0.74
2025-03-21,4.01,1.095,1.347,3.055,0.343,1.048,0.527,1.02,1.111,1.973,1.327,1.666,1.241,1.315,0.94,0.776,1.077,0.63,1.129,1.081,,1.103,1.518,0.679,,0.716
2025-03-24,4.027,1.101,1.352,3.078,0.34,1.051,0.529,1.013,1.11,1.999,1.35,1.683,1.249,1.316,0.946,0.779,1.059,0.619,1.136,1.102,,1.107,1.532,0.692,,0.717
2025-03-25,4.029,1.083,1.361,3.1,0.341,1.027,0.529,1.0,1.107,2.017,1.366,1.66,1.235,1.315,0.95,0.759,1.054,0.621,1.133,1.104,,1.077,1.54,0.699,,0.715
2025-03-26,4.013,1.081,1.359,3.101,0.34,1.025,0.529,1.005,1.106,2.011,1.369,1.679,1.242,1.318,1.023,0.765,1.052,0.621,1.158,1.097,,1.083,1.517,0.702,,0.715
2025-03-27,4.027,1.092,1.357,3.099,0.344,1.027,0.536,1.002,1.107,1.983,1.343,1.649,1.217,1.306,0.986,0.771,1.049,0.616,1.14,1.086,,1.087,1.523,0.694,,0.72
2025-03-28,4.008,1.081,1.349,3.082,0.341,1.021,0.534,1.019,1.107,1.963,1.332,1.639,1.214,1.293,0.982,0.757,1.04,0.612,1.135,1.086,,1.072,1.519,0.682,,0.711
2025-03-31,3.984,1.074,1.341,3.073,0.336,1.02,0.531,1.002,1.085,1.907,1.281,1.61,1.197,1.269,0.958,0.741,1.021,0.598,1.103,1.077,,1.05,1.524,0.668,,0.698
2025-04-01,3.982,1.076,1.353,3.097,0.344,1.014,0.536,1.004,1.083,1.937,1.299,1.614,1.199,1.27,0.957,0.749,1.035,0.611,1.108,1.08,,1.058,1.515,0.674,,0.695
2025-04-02,3.979,1.074,1.359,3.112,0.342,1.016,0.533,1.009,1.088,1.937,1.309,1.61,1.203,1.275,1.006,0.748,1.023,0.597,1.114,1.069,,1.053,1.528,0.676,,0.693
2025-04-03,3.959,1.068,1.36,3.117,0.337,0.998,0.531,1.009,1.088,1.897,1.282,1.61,1.202,1.252,0.955,0.733,1.02,0.596,1.107,1.053,,1.04,1.533,0.686,,0.683
2025-04-07,3.695,0.97,1.272,2.938,0.305,0.898,0.498,0.908,0.979,1.707,1.154,1.449,1.082,1.132,0.86,0.66,0.927,0.55,1.002,0.948,,0.936,1.485,0.637,,0.615
2025-04-08,3.73,0.986,1.302,3.003,0.308,0.87,0.508,0.903,0.993,1.776,1.2,1.485,1.107,1.202,0.893,0.631,0.946,0.564,1.029,0.961,,0.9,1.485,0.662,,0.602
2025-04-09,3.766,1.028,1.306,3.007,0.309,0.9,0.511,0.929,1.014,1.722,1.164,1.452,1.088,1.191,0.884,0.647,0.999,0.599,1.046,0.973,,0.927,1.472,0.701,,0.603
2025-04-10,3.829,1.042,1.318,3.038,0.315,0.919,0.52,0.955,1.027,1.886,1.28,1.56,1.168,1.253,0.942,0.67,1.01,0.599,1.058,1.01,,0.964,1.484,0.711,,0.621
2025-04-11,3.84,1.061,1.313,3.023,0.315,0.936,0.519,0.95,1.031,1.841,1.264,1.542,1.169,1.242,0.935,0.683,1.021,0.606,1.055,1.018,,0.971,1.488,0.704,,0.635
2025-04-14,3.848,1.064,1.324,3.051,0.316,0.944,0.519,0.96,1.031,1.872,1.29,1.575,1.185,1.263,0.944,0.691,1.023,0.606,1.061,1.043,,0.977,1.496,0.709,,0.638
2025-04-15,3.851,1.054,1.33,3.066,0.314,0.936,0.518,0.962,1.026,1.865,1.274,1.559,1.187,1.262,0.944,0.687,1.005,0.595,1.05,1.035,,0.975,1.518,0.699,,0.641
2025-04-16,3.86,1.061,1.333,3.082,0.31,0.928,0.519,0.954,1.024,1.842,1.256,1.568,1.196,1.256,0.941,0.667,1.0,0.595,1.04,1.034,,0.941,1.532,0.713,,0.631
2025-04-17,3.863,1.066,1.332,3.075,0.311,0.934,0.518,0.957,1.024,1.835,1.254,1.578,1.21,1.271,0.965,0.674,1.001,0.595,1.036,1.029,,0.949,1.533,0.721,,0.629
2025-04-18,3.873,1.059,1.334,3.077,0.31,0.936,0.515,0.96,1.031,1.829,1.248,1.579,1.206,1.284,0.969,0.669,0.995,0.59,1.027,1.026,,0.944,1.548,0.702,,0.633
2025-04-21,3.875,1.07,1.33,3.067,0.313,0.954,0.516,0.987,1.037,1.806,1.231,1.578,1.207,1.275,0.966,0.676,1.012,0.6,1.043,1.065,,0.954,1.528,0.698,,0.646
2025-04-22,3.878,1.066,1.337,3.077,0.313,0.941,0.519,0.965,1.035,1.803,1.229,1.589,1.217,1.286,0.966,0.678,1.006,0.596,1.035,1.06,,0.963,1.541,0.694,,0.645
2025-04-23,3.882,1.063,1.334,3.061,0.313,0.954,0.52,0.958,1.036,1.855,1.267,1.606,1.24,1.292,0.976,0.699,1.005,0.592,1.057,1.045,,1.002,1.533,0.684,,0.657
2025-04-24,3.882,1.052,1.339,3.074,0.313,0.934,0.519,0.943,1.032,1.846,1.262,1.602,1.237,1.285,0.976,0.685,0.995,0.586,1.042,1.038,,0.983,1.55,0.682,,0.654
2025-04-25,3.882,1.054,1.337,3.071,0.314,0.945,0.519,0.95,1.041,1.895,1.31,1.629,1.253,1.305,0.967,0.693,0.998,0.588,1.044,1.04,,0.993,1.545,0.685,,0.658
2025-04-28,3.876,1.051,1.339,3.074,0.311,0.94,0.517,0.943,1.033,1.901,1.314,1.632,1.263,1.309,0.984,0.692,0.991,0.583,1.044,1.036,,0.994,1.558,0.675,,0.647
2025-04-29,3.869,1.053,1.334,3.062,0.315,0.946,0.518,0.946,1.03,1.897,1.312,1.632,1.262,1.325,0.983,0.691,0.991,0.579,1.044,1.034,,0.987,1.554,0.67,,0.646
2025-04-30,3.866,1.062,1.327,3.038,0.317,0.97,0.524,0.963,1.033,1.9,1.314,1.634,1.271,1.325,0.997,0.698,0.998,0.581,1.053,1.032,,1.013,1.52,0.667,,0.65
2025-05-06,3.903,1.078,1.328,3.03,0.322,0.997,0.527,0.973,1.048,1.918,1.329,1.655,1.309,1.34,1.014,0.721,1.014,0.59,1.108,1.057,,1.052,1.519,0.676,,0.662
2025-05-07,3.927,1.081,1.337,3.049,0.321,0.991,0.527,0.965,1.055,1.922,1.332,1.65,1.307,1.336,1.012,0.718,1.051,0.615,1.099,1.06,,1.041,1.542,0.672,,0.663
2025-05-08,3.95,1.077,1.342,3.053,0.322,1.004,0.528,0.975,1.059,1.94,1.349,1.641,1.301,1.342,1.014,0.718,1.072,0.634,1.105,1.052,,1.04,1.558,0.672,,0.67
2025-05-09,3.945,1.056,1.348,3.07,0.32,0.988,0.528,0.956,1.046,1.942,1.352,1.649,1.31,1.346,0.999,0.708,1.047,0.615,1.096,1.049,,1.031,1.577,0.666,,0.674
2025-05-12,3.99,1.063,1.352,3.083,0.321,0.999,0.53,0.964,1.07,1.963,1.375,1.657,1.327,1.343,1.016,0.726,1.096,0.649,1.119,1.058,,1.044,1.582,0.673,,0.691
2025-05-13,3.994,1.06,1.361,3.105,0.326,0.994,0.529,0.959,1.062,1.977,1.385,1.646,1.3,1.335,1.016,0.72,1.063,0.629,1.106,1.062,,1.036,1.605,0.675,,0.686
2025-05-14,4.045,1.065,1.369,3.133,0.327,1.003,0.535,0.962,1.099,2.013,1.424,1.668,1.304,1.344,1.018,0.732,1.057,0.623,1.118,1.07,,1.055,1.619,0.675,,0.693
2025-05-15,4.011,1.05,1.365,3.124,0.324,0.976,0.535,0.945,1.079,1.999,1.419,1.656,1.289,1.339,1.018,0.721,1.037,0.612,1.118,1.057,,1.043,1.615,0.671,,0.683
2025-05-16,3.989,1.044,1.359,3.106,0.322,0.979,0.533,0.944,1.067,2.012,1.421,1.67,1.308,1.345,1.029,0.717,1.038,0.613,1.113,1.055,,1.039,1.601,0.674,,0.691
2025-05-19,3.983,1.045,1.361,3.117,0.321,0.975,0.531,0.952,1.068,2.006,1.413,1.672,1.303,1.335,1.03,0.715,1.047,0.621,1.104,1.051,,1.035,1.596,0.676,,0.687
2025-05-20,4.003,1.048,1.365,3.121,0.325,0.981,0.536,0.965,1.068,2.025,1.43,1.693,1.327,1.345,1.03,0.723,1.045,0.616,1.108,1.055,,1.047,1.601,0.681,,0.696
2025-05-21,4.019,1.045,1.377,3.15,0.326,0.975,0.539,0.96,1.065,2.01,1.418,1.707,1.331,1.341,1.027,0.723,1.046,0.618,1.104,1.078,,1.052,1.612,0.68,,0.711
2025-05-22,4.017,1.039,1.375,3.151,0.324,0.974,0.537,0.952,1.057,1.989,1.412,1.694,1.33,1.334,1.02,0.712,1.04,0.616,1.086,1.068,,1.032,1.626,0.673,,0.7
2025-05-23,3.988,1.03,1.361,3.123,0.326,0.96,0.539,0.936,1.043,1.986,1.405,1.689,1.328,1.338,1.027,0.707,1.029,0.611,1.08,1.069,,1.031,1.61,0.666,,0.699
2025-05-26,3.967,1.035,1.354,3.107,0.323,0.964,0.533,0.949,1.042,1.991,1.41,1.693,1.333,1.358,1.031,0.698,1.039,0.615,1.087,1.069,,1.019,1.598,0.674,,0.68
2025-05-27,3.946,1.028,1.351,3.095,0.324,0.947,0.532,0.949,1.042,1.997,1.416,1.692,1.332,1.363,1.023,0.701,1.035,0.612,1.075,1.048,,1.024,1.607,0.676,,0.676
2025-05-28,3.942,1.023,1.354,3.1,0.322,0.949,0.533,0.941,1.036,2.012,1.43,1.684,1.338,1.348,1.02,0.698,1.026,0.609,1.072,1.047,,1.021,1.605,0.678,,0.667
2025-05-29,3.966,1.04,1.358,3.108,0.329,0.97,0.536,0.959,1.049,2.032,1.451,1.694,1.34,1.364,1.021,0.716,1.047,0.617,1.089,1.052,,1.041,1.604,0.678,,0.672
2025-05-30,3.959,1.03,1.36,3.122,0.328,0.954,0.535,0.949,1.043,2.004,1.422,1.679,1.328,1.362,1.014,0.699,1.048,0.623,1.072,1.044,,1.016,1.615,0.674,,0.661
2025-06-03,3.957,1.034,1.362,3.134,0.332,0.953,0.535,0.962,1.052,2.01,1.429,1.685,1.341,1.356,1.009,0.7,1.048,0.627,1.088,1.057,,1.022,1.643,0.676,,0.663
2025-06-04,3.974,1.04,1.367,3.142,0.334,0.968,0.536,0.971,1.065,2.029,1.445,1.683,1.344,1.354,1.002,0.705,1.047,0.624,1.112,1.07,1.0,1.027,1.645,0.683,,0.674
2025-06-05,3.984,1.051,1.361,3.124,0.333,0.992,0.534,0.985,1.075,2.025,1.446,1.686,1.346,1.352,1.006,0.717,1.052,0.625,1.121,1.066,1.013,1.048,1.633,0.681,,0.674
2025-06-06,3.986,1.047,1.362,3.124,0.33,0.994,0.531,0.976,1.068,2.024,1.442,1.685,1.352,1.35,1.006,0.716,1.047,0.624,1.118,1.079,1.014,1.044,1.638,0.681,,0.671
2025-06-09,3.995,1.053,1.364,3.128,0.335,1.001,0.532,0.99,1.084,2.035,1.448,1.688,1.351,1.36,1.011,0.731,1.062,0.639,1.144,1.082,1.018,1.07,1.643,0.685,,0.67
2025-06-10,3.972,1.032,1.365,3.133,0.334,0.984,0.53,0.993,1.07,2.036,1.452,1.682,1.342,1.363,1.01,0.725,1.045,0.627,1.143,1.083,0.997,1.063,1.651,0.683,,0.667
2025-06-11,4.004,1.031,1.372,3.142,0.334,0.985,0.533,0.997,1.089,2.046,1.458,1.689,1.337,1.365,1.012,0.738,1.049,0.629,1.182,1.105,0.997,1.081,1.657,0.688,,0.681
2025-06-12,4.006,1.027,1.372,3.14,0.336,0.988,0.532,1.013,1.087,2.04,1.455,1.686,1.334,1.367,1.011,0.725,1.041,0.625,1.18,1.117,0.982,1.07,1.663,0.683,,0.676
2025-06-13,3.98,1.022,1.364,3.125,0.331,0.974,0.524,0.982,1.076,2.023,1.438,1.668,1.313,1.358,0.996,0.706,1.056,0.637,1.168,1.116,0.992,1.046,1.65,0.668,,0.666
2025-06-16,3.99,1.021,1.366,3.131,0.329,0.986,0.522,1.028,1.092,2.038,1.449,1.685,1.328,1.372,0.998,0.714,1.056,0.637,1.181,1.112,0.989,1.072,1.67,0.668,,0.665
2025-06-17,3.989,1.012,1.365,3.134,0.327,0.979,0.517,1.003,1.095,2.038,1.456,1.68,1.321,1.37,0.998,0.714,1.055,0.636,1.169,1.112,0.982,1.073,1.666,0.668,,0.669
2025-06-18,3.904,1.018,1.367,3.138,0.324,0.991,0.518,0.987,1.082,2.035,1.451,1.676,1.314,1.383,0.996,0.707,1.062,0.641,1.152,1.11,1.002,1.059,1.683,0.663,,0.671
2025-06-19,3.873,1.012,1.358,3.124,0.32,0.989,0.514,0.978,1.061,2.025,1.442,1.656,1.294,1.368,0.98,0.69,1.045,0.63,1.128,1.091,1.007,1.031,1.681,0.659,,0.666
2025-06-20,3.878,1.006,1.364,3.14,0.319,0.977,0.516,0.959,1.059,2.027,1.445,1.662,1.3,1.36,0.979,0.691,1.034,0.621,1.125,1.087,1.009,1.031,1.7,0.657,,0.661
2025-06-23,3.891,1.012,1.369,3.153,0.321,0.974,0.514,0.966,1.072,2.025,1.442,1.646,1.303,1.349,0.977,0.701,1.051,0.63,1.138,1.097,1.031,1.047,1.721,0.657,,0.674
2025-06-24,3.936,1.029,1.371,3.157,0.324,0.994,0.519,0.986,1.099,2.061,1.474,1.684,1.34,1.377,1.001,0.717,1.057,0.632,1.157,1.103,1.04,1.07,1.726,0.668,,0.695
2025-06-25,4.001,1.048,1.38,3.173,0.328,1.015,0.524,0.99,1.158,2.065,1.479,1.679,1.339,1.379,0.999,0.726,1.091,0.654,1.164,1.111,1.05,1.079,1.744,0.674,,0.709
2025-06-26,3.986,1.041,1.38,3.18,0.325,1.019,0.52,0.991,1.138,2.071,1.483,1.675,1.342,1.409,1.008,0.719,1.091,0.656,1.15,1.116,1.035,1.067,1.762,0.678,,0.703
2025-06-27,3.963,1.041,1.377,3.154,0.326,1.025,0.52,0.985,1.138,2.091,1.499,1.684,1.359,1.43,1.01,0.722,1.099,0.663,1.163,1.138,1.042,1.081,1.713,0.676,,0.701
2025-06-30,3.982,1.056,1.377,3.152,0.331,1.046,0.522,1.003,1.136,2.102,1.508,1.721,1.381,1.447,1.007,0.721,1.147,0.695,1.188,1.139,1.062,1.081,1.711,0.677,,0.705
2025-07-01,3.988,1.048,1.385,3.175,0.333,1.037,0.523,0.995,1.13,2.096,1.503,1.709,1.371,1.428,1.005,0.719,1.143,0.688,1.188,1.155,1.07,1.081,1.737,0.674,,0.701
2025-07-02,3.992,1.035,1.396,3.199,0.331,1.017,0.523,0.986,1.124,2.11,1.501,1.717,1.366,1.424,1.006,0.713,1.12,0.672,1.182,1.164,1.046,1.065,1.746,0.673,,0.697
2025-07-03,4.015,1.036,1.397,3.198,0.332,1.026,0.525,0.988,1.131,2.114,1.508,1.729,1.373,1.421,1.011,0.708,1.124,0.671,1.185,1.166,1.038,1.049,1.746,0.671,,0.711
2025-07-04,4.032,1.035,1.404,3.222,0.332,1.023,0.527,0.981,1.131,2.125,1.514,1.715,1.365,1.417,1.01,0.704,1.116,0.67,1.169,1.149,1.05,1.044,1.777,0.669,,0.7
2025-07-07,4.014,1.029,1.412,3.235,0.329,1.01,0.524,0.982,1.132,2.121,1.514,1.716,1.364,1.405,1.008,0.704,1.118,0.673,1.169,1.14,1.052,1.043,0.894,0.671,,0.696
2025-07-08,4.048,1.044,1.412,3.229,0.332,1.037,0.527,0.994,1.146,2.121,1.516,1.719,1.38,1.403,1.007,0.716,1.125,0.676,1.19,1.152,1.061,1.068,0.891,0.674,,0.706
2025-07-09,4.045,1.036,1.418,3.245,0.333,1.031,0.529,1.009,1.141,2.113,1.512,1.735,1.383,1.401,1.005,0.708,1.116,0.671,1.175,1.13,1.054,1.057,0.895,0.673,,0.705
2025-07-10,4.065,1.033,1.426,3.271,0.335,1.027,0.528,1.007,1.155,2.121,1.517,1.763,1.409,1.4,1.005,0.708,1.113,0.67,1.215,1.146,1.05,1.059,0.906,0.676,,0.705
2025-07-11,4.079,1.047,1.42,3.25,0.341,1.038,0.532,1.009,1.181,2.124,1.514,1.743,1.385,1.393,1.006,0.714,1.128,0.675,1.291,1.168,1.067,1.075,0.888,0.679,,0.707
2025-07-14,4.078,1.046,1.429,3.272,0.34,1.04,0.533,0.997,1.17,2.107,1.506,1.714,1.365,1.385,1.001,0.713,1.123,0.672,1.279,1.173,1.059,1.07,0.895,0.675,,0.706
2025-07-15,4.078,1.048,1.414,3.233,0.339,1.086,0.534,0.988,1.164,2.131,1.529,1.731,1.378,1.397,1.007,0.725,1.119,0.669,1.262,1.159,1.047,1.107,0.886,0.667,,0.703
2025-07-16,4.069,1.049,1.409,3.221,0.341,1.09,0.535,1.002,1.16,2.115,1.519,1.707,1.359,1.385,1.006,0.735,1.118,0.667,1.258,1.156,1.046,1.115,0.882,0.668,,0.704
2025-07-17,4.102,1.057,1.407,3.212,0.345,1.111,0.539,1.009,1.166,2.131,1.53,1.714,1.368,1.394,1.017,0.738,1.145,0.689,1.273,1.16,1.047,1.116,0.879,0.67,,0.716
2025-07-18,4.132,1.06,1.413,3.226,0.348,1.116,0.544,1.008,1.171,2.143,1.54,1.73,1.385,1.392,1.019,0.745,1.155,0.7,1.32,1.189,1.056,1.134,0.883,0.675,,0.724
2025-07-21,4.157,1.061,1.432,3.247,0.348,1.118,0.542,1.012,1.187,2.14,1.541,1.726,1.377,1.394,1.02,0.755,1.168,0.703,1.365,1.223,1.054,1.144,0.88,0.681,,0.733
2025-07-22,4.201,1.069,1.455,3.3,0.35,1.109,0.546,1.015,1.189,2.136,1.541,1.719,1.377,1.388,1.027,0.754,1.168,0.704,1.366,1.252,1.062,1.13,0.867,0.687,,0.744
2025-07-23,4.199,1.074,1.451,3.297,0.354,1.109,0.547,1.008,1.199,2.144,1.539,1.741,1.386,1.446,1.03,0.774,1.153,0.69,1.366,1.247,1.094,1.16,0.872,0.685,,0.737
2025-07-24,4.225,1.086,1.455,3.307,0.364,1.114,0.553,1.026,1.232,2.153,1.541,1.769,1.396,1.467,1.028,0.776,1.174,0.704,1.444,1.288,1.115,1.163,0.859,0.715,,0.759
2025-07-25,4.203,1.109,1.446,3.293,0.367,1.138,0.549,1.032,1.227,2.164,1.545,1.735,1.383,1.446,1.021,0.766,1.174,0.704,1.446,1.288,1.124,1.147,0.858,0.701,,0.754
2025-07-28,4.214,1.11,1.434,3.26,0.368,1.139,0.554,1.047,1.238,2.185,1.56,1.761,1.396,1.424,1.026,0.767,1.192,0.717,1.467,1.282,1.116,1.149,0.86,0.697,,0.762
2025-07-29,4.235,1.125,1.432,3.251,0.377,1.169,0.558,1.037,1.243,2.184,1.56,1.723,1.363,1.419,1.019,0.761,1.205,0.727,1.46,1.279,1.132,1.14,0.849,0.695,,0.761
2025-07-30,4.232,1.112,1.437,3.262,0.375,1.156,0.561,1.054,1.225,2.18,1.555,1.726,1.363,1.417,1.02,0.745,1.188,0.718,1.435,1.271,1.12,1.136,0.854,0.697,,0.74
2025-07-31,4.155,1.101,1.413,3.211,0.369,1.165,0.549,1.03,1.198,2.202,1.58,1.724,1.364,1.431,1.012,0.741,1.186,0.712,1.397,1.229,1.096,1.13,0.848,0.684,,0.72
2025-08-01,4.133,1.091,1.413,3.208,0.367,1.152,0.546,1.043,1.191,2.172,1.547,1.682,1.334,1.404,1.009,0.74,1.167,0.699,1.369,1.224,1.088,1.126,0.853,0.681,,0.719
2025-08-04,4.152,1.104,1.417,3.222,0.367,1.158,0.548,1.047,1.193,2.148,1.524,1.671,1.327,1.409,1.008,0.744,1.199,0.72,1.381,1.245,1.099,1.134,0.858,0.681,,0.72
2025-08-05,4.183,1.109,1.432,3.254,0.368,1.165,0.552,1.051,1.205,2.187,1.552,1.687,1.346,1.423,1.014,0.747,1.205,0.72,1.39,1.25,1.104,1.14,0.871,0.685,,0.721
2025-08-06,4.194,1.113,1.441,3.267,0.368,1.185,0.553,1.055,1.21,2.174,1.541,1.688,1.354,1.431,1.015,0.749,1.247,0.736,1.403,1.264,1.106,1.144,0.87,0.682,,0.725
2025-08-07,4.193,1.112,1.444,3.279,0.369,1.178,0.549,1.06,1.209,2.174,1.556,1.692,1.359,1.436,1.016,0.75,1.238,0.727,1.447,1.281,1.104,1.138,0.874,0.684,,0.724
2025-08-08,4.183,1.096,1.448,3.278,0.366,1.158,0.549,1.047,1.199,2.174,1.561,1.708,1.373,1.461,1.011,0.738,1.234,0.721,1.444,1.297,1.091,1.125,0.87,0.687,,0.722
2025-08-11,4.202,1.103,1.443,3.26,0.372,1.187,0.552,1.051,1.215,2.192,1.578,1.719,1.378,1.478,1.014,0.74,1.241,0.727,1.458,1.305,1.094,1.125,0.863,0.689,,0.745
2025-08-12,4.228,1.124,1.449,3.278,0.373,1.229,0.553,1.046,1.221,2.187,1.574,1.706,1.367,1.484,1.022,0.737,1.234,0.715,1.432,1.299,1.105,1.119,0.865,0.689,,0.74
2025-08-13,4.263,1.133,1.441,3.258,0.379,1.286,0.558,1.057,1.242,2.204,1.592,1.721,1.373,1.51,1.024,0.758,1.25,0.721,1.456,1.327,1.12,1.16,0.857,0.69,,0.749
2025-08-14,4.256,1.142,1.427,3.237,0.374,1.281,0.557,1.038,1.241,2.203,1.589,1.725,1.374,1.496,1.028,0.753,1.229,0.709,1.456,1.32,1.107,1.163,0.856,0.684,,0.742
2025-08-15,4.295,1.158,1.431,3.231,0.378,1.294,0.561,1.052,1.3,2.217,1.593,1.75,1.392,1.523,1.025,0.754,1.243,0.712,1.52,1.346,1.131,1.172,0.844,0.692,,0.759
2025-08-18,4.327,1.183,1.428,3.223,0.381,1.346,0.565,1.113,1.317,2.203,1.582,1.753,1.384,1.527,1.032,0.762,1.27,0.724,1.587,1.352,1.165,1.197,0.846,0.7,,0.77
2025-08-19,4.305,1.17,1.425,3.217,0.378,1.355,0.563,1.106,1.291,2.197,1.579,1.747,1.38,1.518,1.029,0.757,1.248,0.714,1.6,1.344,1.139,1.194,0.847,0.7,,0.771
2025-08-20,4.364,1.208,1.435,3.24,0.38,1.387,0.573,1.098,1.303,2.185,1.557,1.75,1.374,1.501,1.028,0.756,1.257,0.719,1.626,1.356,1.184,1.181,0.851,0.707,,0.777
2025-08-21,4.378,1.208,1.443,3.256,0.382,1.383,0.575,1.1,1.293,2.183,1.555,1.751,1.371,1.488,1.034,0.746,1.249,0.719,1.594,1.351,1.175,1.165,0.855,0.708,,0.772
2025-08-22,4.479,1.323,1.443,3.253,0.385,1.485,0.581,1.115,1.338,2.17,1.54,1.741,1.367,1.481,1.033,0.761,1.279,0.735,1.631,1.368,1.254,1.179,0.852,0.71,,0.79
2025-08-25,4.565,1.356,1.453,3.273,0.393,1.563,0.594,1.125,1.352,2.2,1.56,1.756,1.377,1.494,1.038,0.793,1.304,0.753,1.742,1.446,1.256,1.219,0.858,0.722,,0.803
2025-08-26,4.541,1.336,1.45,3.261,0.388,1.547,0.591,1.131,1.335,2.191,1.555,1.712,1.362,1.478,1.029,0.786,1.295,0.742,1.697,1.427,1.258,1.211,0.853,0.725,,0.801
2025-08-27,4.475,1.337,1.426,3.208,0.38,1.59,0.578,1.107,1.3,2.206,1.567,1.707,1.363,1.49,1.023,0.774,1.272,0.727,1.719,1.417,1.238,1.194,0.838,0.709,,0.791
2025-08-28,4.559,1.433,1.426,3.205,0.382,1.715,0.58,1.112,1.326,2.194,1.561,1.713,1.363,1.503,1.019,0.767,1.299,0.739,1.789,1.443,1.3,1.176,0.842,0.717,,0.8
2025-08-29,4.601,1.412,1.427,3.189,0.387,1.697,0.595,1.11,1.328,2.195,1.566,1.707,1.352,1.49,1.015,0.773,1.311,0.752,1.805,1.486,1.263,1.178,0.836,0.72,,0.845
2025-09-01,4.616,1.431,1.424,3.171,0.397,1.746,0.603,1.126,1.314,2.185,1.549,1.712,1.359,1.478,1.01,0.783,1.307,0.749,1.798,1.533,1.302,0.599,0.826,0.721,,0.853
2025-09-02,4.59,1.394,1.427,3.186,0.393,1.673,0.604,1.086,1.296,2.187,1.551,1.708,1.36,1.478,1.012,0.776,1.274,0.734,1.739,1.511,1.245,0.595,0.842,0.717,,0.848
2025-09-03,4.549,1.365,1.415,3.153,0.388,1.67,0.603,1.081,1.25,2.177,1.548,1.693,1.333,1.462,1.008,0.768,1.202,0.685,1.709,1.506,1.251,0.594,0.83,0.71,,0.855
2025-09-04,4.456,1.282,1.414,3.172,0.376,1.518,0.592,1.055,1.248,2.189,1.553,1.695,1.333,1.493,1.01,0.753,1.166,0.662,1.631,1.444,1.167,0.585,0.838,0.72,,0.847
2025-09-05,4.554,1.326,1.419,3.162,0.387,1.608,0.604,1.096,1.257,2.204,1.572,1.705,1.349,1.493,1.01,0.771,1.184,0.666,1.693,1.507,1.202,0.595,0.83,0.728,,0.932
2025-09-08,4.555,1.328,1.43,3.168,0.402,1.568,0.614,1.131,1.248,2.195,1.571,1.704,1.345,1.513,1.011,0.78,1.193,0.674,1.705,1.504,1.225,0.6,0.826,0.735,,0.951
2025-09-09,4.528,1.307,1.432,3.17,0.392,1.544,0.609,1.124,1.247,2.198,1.579,1.714,1.35,1.51,1.006,0.784,1.168,0.666,1.677,1.515,1.183,0.607,0.832,0.731,,0.941
2025-09-10,4.538,1.321,1.426,3.169,0.392,1.588,0.605,1.145,1.245,2.207,1.583,1.715,1.346,1.523,1.013,0.798,1.178,0.67,1.663,1.5,1.184,0.615,0.833,0.734,,0.93
2025-09-11,4.66,1.393,1.433,3.174,0.395,1.71,0.607,1.144,1.284,2.21,1.58,1.709,1.337,1.537,1.018,0.802,1.203,0.682,1.719,1.524,1.232,0.618,0.837,0.733,,0.947
2025-09-12,4.621,1.406,1.424,3.159,0.393,1.7,0.604,1.158,1.266,2.222,1.587,1.728,1.344,1.553,1.026,0.809,1.2,0.682,1.765,1.562,1.243,0.625,0.824,0.732,,0.944
2025-09-15,4.629,1.409,1.421,3.142,0.395,1.693,0.604,1.191,1.262,2.229,1.597,1.733,1.347,1.551,1.028,0.816,1.191,0.676,1.752,1.535,1.241,0.627,0.816,0.732,,0.967
2025-09-16,4.62,1.426,1.42,3.135,0.397,1.725,0.606,1.183,1.263,2.238,1.608,1.743,1.35,1.557,1.03,0.824,1.185,0.671,1.73,1.515,1.246,0.629,0.808,0.744,,0.97
2025-09-17,4.653,1.44,1.424,3.149,0.397,1.721,0.612,1.173,1.269,2.23,1.601,1.739,1.338,1.557,1.033,0.857,1.19,0.674,1.76,1.518,1.299,0.651,0.805,0.744,,0.99
2025-09-18,4.594,1.45,1.402,3.096,0.392,1.732,0.606,1.143,1.232,2.241,1.61,1.726,1.334,1.575,1.03,0.844,1.184,0.67,1.726,1.464,1.338,0.637,0.79,0.744,,0.982
2025-09-19,4.604,1.431,1.411,3.113,0.388,1.714,0.604,1.163,1.221,2.252,1.615,1.736,1.345,1.552,1.025,0.846,1.195,0.686,1.688,1.483,1.328,0.641,0.792,0.76,,0.978
2025-09-22,4.619,1.479,1.402,3.087,0.386,1.775,0.602,1.137,1.234,2.269,1.626,1.728,1.336,1.57,1.026,0.849,1.201,0.689,1.707,1.497,1.345,0.638,0.784,0.748,,0.985
2025-09-23,4.622,1.475,1.406,3.105,0.379,1.777,0.595,1.12,1.212,2.288,1.644,1.738,1.342,1.593,1.023,0.834,1.192,0.684,1.672,1.483,1.407,0.631,0.794,0.721,,0.998
2025-09-24,4.663,1.53,1.411,3.111,0.385,1.804,0.598,1.143,1.224,2.28,1.636,1.742,1.341,1.595,1.022,0.854,1.203,0.691,1.689,1.503,1.535,0.648,0.792,0.722,,1.028
2025-09-25,4.695,1.548,1.404,3.097,0.388,1.853,0.599,1.163,1.224,2.27,1.628,1.722,1.34,1.581,1.016,0.865,1.2,0.687,1.702,1.533,1.518,0.654,0.788,0.719,,1.041
2025-09-26,4.651,1.524,1.407,3.098,0.382,1.785,0.594,1.142,1.219,2.265,1.624,1.718,1.331,1.57,1.01,0.851,1.196,0.693,1.683,1.532,1.52,0.637,0.789,0.713,,1.026
2025-09-29,4.728,1.543,1.415,3.093,0.384,1.808,0.599,1.149,1.28,2.281,1.637,1.739,1.346,1.578,1.008,0.857,1.2,0.697,1.723,1.595,1.561,0.642,0.786,0.717,,1.076
2025-09-30,4.741,1.57,1.413,3.082,0.392,0.91,0.607,1.159,1.263,2.284,1.643,1.739,1.343,1.584,1.007,0.876,1.234,0.727,1.757,1.653,1.559,0.655,0.778,0.719,,1.112
2025-10-09,4.816,1.618,1.42,3.103,0.394,0.919,0.604,1.118,1.267,2.322,1.678,1.761,1.38,1.67,1.017,0.876,1.248,0.735,1.886,1.797,1.605,0.646,0.777,0.704,,1.136
2025-10-10,4.719,1.528,1.435,3.136,0.386,0.874,0.596,1.106,1.27,2.329,1.682,1.75,1.373,1.651,1.012,0.849,1.233,0.732,1.825,1.732,1.55,0.624,0.78,0.704,,1.057
2025-10-13,4.692,1.546,1.432,3.14,0.378,0.865,0.584,1.087,1.254,2.294,1.652,1.737,1.363,1.636,1.01,0.828,1.249,0.736,1.952,1.799,1.604,0.607,0.787,0.696,,1.073
2025-10-14,4.645,1.481,1.445,3.204,0.373,0.82,0.578,1.069,1.248,2.263,1.637,1.719,1.35,1.62,1.007,0.805,1.233,0.722,1.897,1.728,1.5,0.59,0.806,0.699,,1.022
2025-10-15,4.706,1.501,1.451,3.207,0.378,0.837,0.585,1.084,1.265,2.289,1.655,1.766,1.363,1.65,1.013,0.822,1.23,0.719,1.892,1.744,1.491,0.605,0.81,0.711,,1.043
2025-10-16,4.721,1.487,1.46,3.239,0.377,0.837,0.588,1.074,1.259,2.285,1.664,1.777,1.361,1.672,1.026,0.811,1.218,0.713,1.836,1.704,1.468,0.598,0.822,0.71,,1.041
2025-10-17,4.624,1.433,1.447,3.229,0.368,0.811,0.576,1.045,1.233,2.263,1.637,1.783,1.348,1.647,1.021,0.785,1.177,0.687,1.791,1.671,1.407,0.577,0.821,0.708,,0.998
2025-10-20,4.64,1.437,1.459,3.256,0.368,0.825,0.578,1.061,1.235,2.321,1.67,1.813,1.354,1.719,1.037,0.802,1.18,0.687,1.791,1.648,1.406,0.59,0.819,0.726,,1.013
2025-10-21,4.71,1.477,1.396,3.248,0.372,0.86,0.583,1.074,1.246,2.326,1.684,1.815,1.359,1.727,1.038,0.821,1.196,0.689,1.815,1.674,1.436,0.601,0.822,0.727,,1.03
2025-10-22,4.695,1.476,1.4,3.253,0.37,0.862,0.578,1.071,1.234,2.348,1.706,1.825,1.372,1.753,1.048,0.805,1.182,0.679,1.784,1.652,1.428,0.591,0.829,0.724,,1.017
2025-10-23,4.713,1.473,1.409,3.278,0.37,0.853,0.58,1.083,1.245,2.352,1.699,1.829,1.355,1.746,1.048,0.811,1.178,0.679,1.777,1.671,1.424,0.597,0.834,0.731,,1.03
2025-10-24,4.77,1.535,1.402,3.259,0.372,0.9,0.581,1.077,1.257,2.36,1.736,1.842,1.358,1.749,1.049,0.818,1.208,0.694,1.818,1.7,1.492,0.599,0.829,0.721,,1.047
2025-10-27,4.826,1.558,1.41,3.272,0.374,0.919,0.584,1.073,1.272,2.415,1.779,1.855,1.363,1.815,1.054,0.835,1.222,0.701,1.868,1.741,1.545,0.609,0.83,0.721,,1.056
2025-10-28,4.802,1.545,1.402,3.267,0.372,0.915,0.579,1.074,1.264,2.421,1.783,1.835,1.358,1.822,1.042,0.823,1.236,0.708,1.838,1.686,1.546,0.601,0.829,0.721,,1.064
2025-10-29,4.862,1.565,1.402,3.249,0.375,0.92,0.582,1.08,1.292,2.468,1.819,1.834,1.353,1.882,1.052,0.831,1.243,0.713,1.885,1.764,1.546,0.607,0.813,0.726,,1.108
2025-10-30,4.823,1.535,1.397,3.248,0.367,0.897,0.574,1.062,1.267,2.473,1.8,1.827,1.353,1.873,1.04,0.812,1.219,0.699,1.902,1.784,1.521,0.594,0.812,0.727,,1.115
2025-10-31,4.756,1.488,1.398,3.24,0.37,0.861,0.579,1.099,1.254,2.454,1.796,1.806,1.344,1.928,1.044,0.802,1.204,0.688,1.845,1.744,1.455,0.592,0.813,0.734,,1.11
2025-11-03,4.763,1.47,1.408,3.283,0.369,0.86,0.575,1.143,1.249,2.479,1.793,1.804,1.346,1.963,1.042,0.804,1.212,0.689,1.823,1.719,1.436,0.597,0.823,0.747,,1.089
2025-11-04,4.729,1.455,1.414,3.313,0.363,0.848,0.567,1.137,1.243,2.415,1.766,1.786,1.341,1.85,1.053,0.791,1.195,0.679,1.799,1.667,1.456,0.584,0.84,0.748,,1.055
2025-11-05,4.735,1.46,1.421,3.322,0.363,0.841,0.566,1.141,1.24,2.388,1.743,1.775,1.335,1.805,1.047,0.783,1.193,0.68,1.794,1.674,1.45,0.578,0.84,0.756,,1.076
2025-11-06,4.805,1.509,1.426,3.326,0.362,0.874,0.569,1.116,1.254,2.389,1.776,1.792,1.346,1.847,1.048,0.8,1.203,0.689,1.822,1.728,1.501,0.588,0.836,0.745,,1.101
2025-11-07,4.795,1.487,1.426,3.331,0.361,0.857,0.566,1.107,1.244,2.384,1.758,1.771,1.335,1.819,1.05,0.79,1.195,0.684,1.816,1.738,1.511,0.571,0.835,0.751,,1.121
2025-11-10,4.807,1.478,1.438,3.356,0.367,0.843,0.575,1.117,1.26,2.424,1.786,1.794,1.343,1.856,1.053,0.798,1.193,0.687,1.795,1.746,1.537,0.582,0.839,0.796,,1.101
2025-11-11,4.763,1.457,1.434,3.347,0.365,0.825,0.573,1.11,1.245,2.43,1.798,1.805,1.35,1.866,1.048,0.797,1.181,0.68,1.774,1.722,1.516,0.58,0.843,0.803,,1.094
2025-11-12,4.765,1.449,1.437,3.36,0.366,0.826,0.576,1.099,1.238,2.463,1.81,1.836,1.37,1.859,1.058,0.802,1.17,0.675,1.746,1.723,1.505,0.583,0.848,0.797,,1.079
2025-11-13,4.812,1.469,1.44,3.361,0.368,0.832,0.58,1.107,1.248,2.488,1.81,1.837,1.375,1.859,1.058,0.81,1.179,0.677,1.786,1.794,1.508,0.588,0.846,0.807,,1.156
2025-11-14,4.741,1.431,1.433,3.348,0.365,0.807,0.575,1.097,1.232,2.448,1.767,1.828,1.357,1.821,1.046,0.786,1.174,0.675,1.76,1.76,1.476,0.574,0.849,0.795,,1.121
2025-11-17,4.71,1.422,1.424,3.329,0.358,0.812,0.569,1.104,1.218,2.454,1.766,1.812,1.355,1.778,1.053,0.775,1.188,0.683,1.768,1.751,1.456,0.567,0.838,0.796,,1.138
2025-11-18,4.683,1.427,1.406,3.284,0.357,0.817,0.567,1.108,1.22,2.399,1.707,1.771,1.324,1.702,1.048,0.761,1.172,0.671,1.735,1.702,1.479,0.559,0.834,0.784,,1.092
2025-11-19,4.697,1.413,1.407,3.3,0.354,0.816,0.564,1.081,1.221,2.359,1.704,1.778,1.315,1.723,1.054,0.756,1.178,0.676,1.748,1.75,1.464,0.553,0.842,0.779,,1.102
2025-11-20,4.676,1.396,1.404,3.3,0.351,0.816,0.561,1.066,1.217,2.413,1.759,1.793,1.329,1.76,1.066,0.747,1.165,0.666,1.748,1.742,1.431,0.546,0.849,0.769,,1.08
2025-11-21,4.564,1.351,1.382,3.255,0.344,0.781,0.553,1.065,1.173,2.355,1.708,1.754,1.303,1.7,1.053,0.733,1.142,0.655,1.659,1.65,1.366,0.541,0.84,0.751,,1.015
2025-11-24,4.557,1.36,1.374,3.227,0.348,0.781,0.555,1.091,1.175,2.39,1.717,1.784,1.32,1.715,1.056,0.746,1.188,0.681,1.671,1.638,1.376,0.553,0.835,0.753,,1.007
2025-11-25,4.597,1.369,1.381,3.243,0.347,0.796,0.559,1.109,1.179,2.404,1.751,1.774,1.315,1.706,1.055,0.751,1.182,0.677,1.688,1.674,1.379,0.558,0.846,0.753,,1.027
2025-11-26,4.626,1.382,1.373,3.226,0.348,0.823,0.561,1.101,1.176,2.447,1.777,1.818,1.346,1.74,1.06,0.757,1.16,0.661,1.681,1.674,1.389,0.559,0.839,0.753,,1.024
2025-11-27,4.622,1.379,1.375,3.23,0.345,0.823,0.558,1.083,1.175,2.433,1.774,1.805,1.345,1.75,1.057,0.752,1.158,0.658,1.677,1.676,1.381,0.552,0.842,0.747,,1.024
2025-11-28,4.635,1.393,1.378,3.23,0.346,0.826,0.559,1.088,1.18,2.463,1.79,1.807,1.346,1.747,1.049,0.753,1.172,0.664,1.706,1.704,1.424,0.554,0.836,0.75,,1.041
2025-12-01,4.687,1.404,1.388,3.245,0.348,0.846,0.564,1.105,1.183,2.46,1.782,1.798,1.339,1.721,1.057,0.757,1.184,0.668,1.746,1.756,1.429,0.556,0.842,0.775,,1.052
2025-12-02,4.666,1.387,1.386,3.249,0.343,0.838,0.559,1.082,1.172,2.46,1.78,1.802,1.336,1.713,1.052,0.752,1.181,0.666,1.718,1.731,1.409,0.548,0.841,0.772,,1.036
2025-12-03,4.645,1.375,1.384,3.241,0.341,0.83,0.557,1.056,1.161,2.469,1.799,1.804,1.344,1.725,1.051,0.743,1.169,0.656,1.719,1.742,1.4,0.541,0.834,0.771,,1.022
2025-12-04,4.657,1.394,1.379,3.228,0.341,0.84,0.555,1.053,1.164,2.461,1.798,1.819,1.348,1.772,1.049,0.752,1.176,0.663,1.705,1.748,1.444,0.547,0.831,0.76,,1.031
2025-12-05,4.698,1.394,1.382,3.226,0.344,0.839,0.558,1.058,1.194,2.451,1.797,1.815,1.356,1.757,1.047,0.762,1.204,0.673,1.744,1.793,1.445,0.552,0.827,0.758,,1.036
2025-12-08,4.732,1.42,1.374,3.21,0.345,0.863,0.558,1.063,1.217,2.444,1.791,1.806,1.353,1.752,1.044,0.762,1.216,0.681,1.76,1.806,1.467,0.548,0.827,0.762,,1.058
2025-12-09,4.708,1.414,1.363,3.184,0.343,0.872,0.553,1.065,1.201,2.42,1.763,1.791,1.344,1.73,1.039,0.747,1.215,0.673,1.734,1.746,1.459,0.542,0.826,0.747,,1.046
2025-12-10,4.702,1.415,1.363,3.171,0.343,0.866,0.558,1.071,1.206,2.443,1.777,1.787,1.356,1.718,1.037,0.748,1.225,0.68,1.735,1.764,1.464,0.54,0.814,0.759,,1.046
2025-12-11,4.668,1.392,1.352,3.155,0.34,0.848,0.556,1.05,1.19,2.432,1.762,1.781,1.35,1.698,1.034,0.742,1.22,0.679,1.726,1.751,1.465,0.537,0.815,0.743,,1.039
2025-12-12,4.694,1.418,1.353,3.142,0.342,0.854,0.556,1.055,1.196,2.453,1.765,1.8,1.37,1.715,1.034,0.754,1.233,0.685,1.74,1.77,1.538,0.547,0.813,0.745,,1.035
2025-12-15,4.667,1.389,1.361,3.168,0.34,0.842,0.554,1.04,1.202,2.447,1.748,1.788,1.368,1.689,1.035,0.739,1.245,0.696,1.721,1.762,1.517,0.535,0.815,0.749,,1.017
2025-12-16,4.62,1.361,1.347,3.14,0.338,0.824,0.55,1.01,1.193,2.42,1.722,1.787,1.357,1.653,1.024,0.722,1.226,0.689,1.672,1.715,1.504,0.524,0.81,0.756,,0.997
2025-12-17,4.699,1.396,1.351,3.143,0.343,0.849,0.555,1.023,1.218,2.435,1.741,1.798,1.355,1.671,1.025,0.729,1.226,0.687,1.711,1.775,1.531,0.528,0.812,0.774,,1.028
2025-12-18,4.668,1.376,1.361,3.175,0.346,0.835,0.553,1.026,1.206,2.426,1.723,1.781,1.343,1.674,1.029,0.72,1.239,0.698,1.691,1.772,1.502,0.521,0.827,0.772,,1.008
2025-12-19,4.688,1.38,1.363,3.174,0.349,0.836,0.561,1.039,1.211,2.451,1.745,1.792,1.355,1.705,1.031,0.733,1.255,0.713,1.728,1.807,1.501,0.529,0.824,0.795,,1.018
2025-12-22,4.73,1.405,1.358,3.159,0.347,0.852,0.563,1.029,1.211,2.456,1.781,1.805,1.368,1.725,1.049,0.737,1.262,0.713,1.762,1.847,1.565,0.53,0.819,0.809,,1.031
2025-12-23,4.74,1.41,1.356,3.16,0.344,0.852,0.558,1.024,1.207,2.447,1.771,1.797,1.37,1.711,1.044,0.732,1.243,0.696,1.764,1.859,1.584,0.527,0.82,0.787,,1.055
2025-12-24,4.757,1.423,1.362,3.165,0.345,0.857,0.557,1.031,1.218,2.455,1.771,1.799,1.38,1.709,1.043,0.733,1.278,0.715,1.773,1.869,1.594,0.527,0.82,0.79,,1.06
2025-12-25,4.766,1.422,1.366,3.174,0.349,0.858,0.559,1.036,1.221,2.458,1.766,1.8,1.372,1.704,1.038,0.734,1.317,0.745,1.793,1.847,1.595,0.526,0.819,0.787,,1.059
2025-12-26,4.784,1.419,1.372,3.187,0.347,0.856,0.561,1.039,1.229,2.461,1.765,1.802,1.373,1.711,1.037,0.738,1.332,0.75,1.81,1.92,1.577,0.528,0.816,0.798,,1.084
2025-12-29,4.763,1.417,1.368,3.185,0.345,0.862,0.558,1.036,1.222,2.447,1.745,1.786,1.367,1.694,1.029,0.734,1.35,0.766,1.809,1.878,1.56,0.522,0.824,0.796,,1.063
2025-12-30,4.773,1.433,1.369,3.188,0.342,0.873,0.557,1.047,1.216,2.439,1.744,1.782,1.364,1.685,1.026,0.742,1.34,0.759,1.82,1.909,1.563,0.524,0.824,0.788,,1.078
2025-12-31,4.753,1.417,1.372,3.183,0.34,0.867,0.556,1.058,1.211,2.432,1.735,1.79,1.368,1.679,1.028,0.732,1.373,0.784,1.825,1.927,1.559,0.519,0.823,0.809,,1.07
2026-01-05,4.844,1.479,1.374,3.18,0.358,0.9,0.567,1.073,1.235,2.468,1.756,1.812,1.378,1.715,1.04,0.759,1.407,0.801,1.866,1.981,1.637,0.542,0.82,0.8,,1.091
2026-01-06,4.919,1.505,1.391,3.218,0.362,0.906,0.572,1.082,1.286,2.467,1.756,1.815,1.391,1.739,1.033,0.774,1.453,0.844,1.918,2.06,1.686,0.551,0.825,0.801,,1.109
2026-01-07,4.901,1.52,1.391,3.232,0.362,0.909,0.573,1.088,1.267,2.465,1.757,1.82,1.391,1.722,1.033,0.76,1.44,0.832,1.983,2.068,1.81,0.537,0.819,0.812,,1.104
2026-01-08,4.863,1.531,1.387,3.221,0.366,0.911,0.57,1.113,1.233,2.458,1.748,1.805,1.393,1.706,1.025,0.751,1.505,0.877,1.957,2.032,1.805,0.532,0.811,0.809,,1.093
2026-01-09,4.885,1.554,1.392,3.234,0.375,0.941,0.575,1.166,1.237,2.46,1.746,1.805,1.401,1.717,1.026,0.755,1.567,0.903,2.033,2.094,1.798,0.541,0.808,0.811,,1.105
2026-01-12,4.913,1.594,1.395,3.231,0.381,1.005,0.577,1.283,1.254,2.458,1.742,1.829,1.408,1.746,1.019,0.772,1.682,0.979,2.143,2.118,1.809,0.57,0.812,0.815,,1.097
2026-01-13,4.896,1.549,1.392,3.229,0.387,0.97,0.575,1.233,1.246,2.46,1.757,1.835,1.425,1.769,1.018,0.772,1.552,0.906,2.053,2.141,1.74,0.567,0.815,0.804,,1.092
2026-01-14,4.866,1.579,1.382,3.199,0.39,1.0,0.571,1.262,1.237,2.452,1.743,1.83,1.429,1.784,1.019,0.781,1.563,0.917,2.032,2.148,1.782,0.581,0.804,0.803,,1.085
2026-01-15,4.875,1.573,1.377,3.188,0.385,0.992,0.569,1.223,1.218,2.445,1.746,1.825,1.425,1.778,1.022,0.769,1.503,0.873,2.012,2.206,1.863,0.57,0.795,0.808,,1.109
2026-01-16,4.859,1.593,1.367,3.163,0.375,0.988,0.568,1.161,1.208,2.455,1.742,1.811,1.415,1.778,1.023,0.768,1.495,0.861,2.023,2.175,1.976,0.564,0.787,0.79,,1.112
2026-01-19,4.738,1.586,1.378,3.179,0.372,0.966,0.567,1.155,1.203,2.441,1.726,1.772,1.388,1.751,1.023,0.76,1.526,0.893,2.034,2.177,1.951,0.553,0.784,0.825,,1.113
2026-01-20,4.724,1.56,1.4,3.217,0.367,0.944,0.565,1.144,1.207,2.432,1.719,1.752,1.368,1.724,1.015,0.751,1.477,0.866,2.0,2.184,1.938,0.548,0.79,0.835,,1.092
2026-01-21,4.73,1.616,1.39,3.057,0.368,0.955,0.563,1.141,1.201,2.427,1.714,1.766,1.37,1.728,1.013,0.756,1.479,0.869,2.032,2.253,1.95,0.552,0.778,0.827,,1.108
2026-01-22,4.727,1.622,1.397,3.077,0.366,0.98,0.558,1.155,1.203,2.459,1.738,1.785,1.385,1.76,1.016,0.758,1.526,0.897,2.056,2.236,1.912,0.551,0.775,0.825,,1.097
2026-01-23,4.704,1.635,1.397,3.069,0.371,0.977,0.561,1.184,1.2,2.434,1.734,1.791,1.389,1.75,1.017,0.763,1.574,0.924,2.113,2.293,1.946,0.556,0.767,0.821,,1.121
2026-01-26,4.712,1.615,1.407,3.106,0.369,0.976,0.555,1.162,1.211,2.412,1.719,1.781,1.389,1.736,1.022,0.754,1.503,0.872,2.118,2.414,1.874,0.549,0.771,0.809,,1.111
2026-01-27,4.71,1.64,1.398,3.081,0.363,0.99,0.551,1.158,1.197,2.424,1.734,1.795,1.403,1.754,1.03,0.759,1.525,0.889,2.085,2.391,1.94,0.556,0.77,0.799,,1.094
2026-01-28,4.725,1.635,1.417,3.132,0.357,0.984,0.546,1.15,1.197,2.433,1.75,1.809,1.412,1.777,1.025,0.773,1.503,0.873,2.139,2.549,1.953,0.565,0.765,0.791,,1.09
2026-01-29,4.768,1.589,1.435,3.166,0.362,0.977,0.56,1.182,1.212,2.425,1.743,1.796,1.401,1.762,1.015,0.764,1.473,0.857,2.15,2.595,1.871,0.566,0.778,0.798,,1.073
2026-01-30,4.711,1.588,1.419,3.144,0.356,0.982,0.548,1.187,1.194,2.439,1.728,1.775,1.373,1.753,1.011,0.752,1.446,0.834,2.02,2.339,1.863,0.553,0.775,0.798,,1.058
2026-02-02,4.6,1.528,1.379,3.046,0.348,0.954,0.54,1.163,1.178,2.364,1.693,1.753,1.346,1.713,0.996,0.722,1.42,0.819,1.918,2.105,1.763,0.533,0.776,0.788,,1.03
2026-02-03,4.664,1.548,1.388,3.051,0.354,0.964,0.549,1.201,1.174,2.375,1.723,1.787,1.38,1.779,1.035,0.72,1.483,0.854,2.012,2.249,1.822,0.53,0.768,0.799,,1.05
2026-02-04,4.707,1.531,1.424,3.15,0.36,0.924,0.557,1.163,1.191,2.375,1.714,1.781,1.377,1.774,1.031,0.71,1.485,0.861,2.012,2.253,1.811,0.522,0.779,0.824,,1.064
2026-02-05,4.679,1.508,1.419,3.136,0.36,0.902,0.562,1.187,1.193,2.368,1.702,1.79,1.366,1.752,1.03,0.707,1.466,0.855,1.928,2.144,1.806,0.52,0.792,0.837,,1.041
2026-02-06,4.649,1.499,1.414,3.126,0.358,0.889,0.558,1.187,1.186,2.326,1.67,1.787,1.36,1.755,1.024,0.701,1.44,0.838,1.958,2.153,1.793,0.514,0.79,0.823,,1.06
2026-02-09,4.727,1.535,1.422,3.144,0.359,0.924,0.56,1.276,1.197,2.383,1.697,1.811,1.378,1.814,1.044,0.712,1.466,0.851,2.022,2.199,1.832,0.522,0.792,0.837,,1.071
2026-02-10,4.733,1.55,1.43,3.156,0.362,0.934,0.56,1.397,1.196,2.394,1.698,1.812,1.388,1.887,1.049,0.713,1.469,0.851,2.041,2.195,1.834,0.519,0.794,0.832,,1.067
2026-02-11,4.723,1.533,1.439,3.183,0.36,0.921,0.56,1.316,1.194,2.395,1.695,1.816,1.395,1.937,1.052,0.717,1.458,0.839,2.087,2.256,1.819,0.524,0.796,0.822,,1.09
2026-02-12,4.727,1.559,1.436,3.18,0.358,0.939,0.557,1.267,1.185,2.389,1.695,1.899,1.442,1.912,1.049,0.708,1.478,0.847,2.128,2.271,1.821,0.513,0.784,0.805,,1.101
2026-02-13,4.671,1.548,1.416,3.137,0.353,0.935,0.552,1.282,1.174,2.382,1.688,1.905,1.43,1.933,1.044,0.708,1.483,0.859,2.064,2.193,1.841,0.51,0.779,0.8,,1.088
2026-02-24,4.716,1.543,1.434,3.19,0.353,0.923,0.549,1.182,1.172,2.385,1.677,1.983,1.451,1.925,1.05,0.687,1.501,0.867,2.107,2.26,1.849,0.488,0.777,0.773,,1.095
2026-02-25,4.75,1.552,1.443,3.194,0.356,0.921,0.551,1.18,1.179,2.382,1.677,1.963,1.442,1.947,1.061,0.684,1.526,0.877,2.235,2.347,1.939,0.486,0.774,0.776,,1.118
2026-02-26,4.735,1.564,1.439,3.195,0.352,0.943,0.544,1.163,1.166,2.384,1.683,2.007,1.456,1.938,1.051,0.667,1.552,0.89,2.216,2.329,1.968,0.475,0.772,0.77,,1.097
2026-02-27,4.725,1.566,1.454,3.232,0.354,0.95,0.544,1.164,1.169,2.387,1.674,2.039,1.47,1.94,1.053,0.67,1.55,0.886,2.307,2.41,1.926,0.476,0.773,0.775,,1.1
2026-03-02,4.739,1.544,1.472,3.303,0.348,0.935,0.535,1.121,1.154,2.358,1.653,1.952,1.415,1.913,1.04,0.652,1.588,0.924,2.301,2.498,1.88,0.457,0.777,0.751,,1.101
2026-03-03,4.678,1.464,1.485,3.367,0.339,0.897,0.526,1.072,1.144,2.367,1.639,1.882,1.371,1.834,1.022,0.634,1.479,0.858,2.143,2.362,1.783,0.45,0.784,0.739,,1.068
2026-03-04,4.61,1.459,1.461,3.304,0.334,0.882,0.519,1.064,1.115,2.338,1.624,1.826,1.321,1.775,0.994,0.625,1.497,0.873,2.17,2.345,1.769,0.441,0.775,0.732,,1.067
2026-03-05,4.654,1.482,1.46,3.291,0.334,0.901,0.52,1.074,1.117,2.361,1.654,1.86,1.348,1.834,1.002,0.626,1.508,0.876,2.161,2.326,1.787,0.442,0.783,0.727,,1.069
2026-03-06,4.667,1.491,1.461,3.285,0.342,0.908,0.527,1.083,1.131,2.35,1.655,1.859,1.353,1.829,1.001,0.643,1.523,0.885,2.142,2.279,1.765,0.453,0.784,0.738,,1.064
2026-03-09,4.629,1.465,1.464,3.309,0.337,0.913,0.521,1.085,1.112,2.294,1.614,1.785,1.305,1.766,0.973,0.639,1.493,0.866,2.118,2.257,1.715,0.449,0.778,0.72,,1.073
2026-03-10,4.683,1.495,1.453,3.27,0.342,0.929,0.53,1.096,1.12,2.311,1.645,1.802,1.336,1.785,0.993,0.651,1.511,0.879,2.141,2.279,1.75,0.461,0.779,0.73,,1.094
2026-03-11,4.711,1.477,1.472,3.313,0.343,0.914,0.531,1.093,1.123,2.313,1.648,1.796,1.331,1.801,0.992,0.654,1.489,0.863,2.121,2.271,1.731,0.458,0.786,0.724,,1.123
2026-03-12,4.694,1.456,1.491,3.381,0.34,0.899,0.526,1.082,1.121,2.318,1.644,1.794,1.323,1.791,0.986,0.649,1.457,0.843,2.115,2.254,1.711,0.452,0.793,0.723,,1.129
2026-03-13,4.677,1.45,1.485,3.364,0.338,0.88,0.525,1.064,1.112,2.286,1.626,1.766,1.312,1.77,0.974,0.646,1.414,0.815,2.068,2.193,1.688,0.451,0.795,0.724,,1.124
2026-03-16,4.68,1.458,1.474,3.335,0.339,0.89,0.529,1.073,1.106,2.279,1.631,1.764,1.31,1.767,0.964,0.665,1.415,0.81,2.023,2.126,1.724,0.462,0.797,0.728,,1.13
2026-03-17,4.646,1.428,1.465,3.309,0.339,0.865,0.53,1.053,1.118,2.283,1.62,1.73,1.291,1.737,0.969,0.662,1.376,0.79,1.968,2.091,1.671,0.462,0.804,0.727,,1.102
2026-03-18,4.662,1.445,1.456,3.296,0.338,0.897,0.53,1.065,1.114,2.284,1.648,1.758,1.312,1.779,0.982,0.661,1.4,0.802,1.98,2.075,1.696,0.465,0.802,0.722,,1.092
2026-03-19,4.599,1.411,1.446,3.305,0.332,0.886,0.521,1.048,1.101,2.259,1.62,1.719,1.267,1.735,0.963,0.648,1.363,0.78,1.887,1.944,1.657,0.454,0.799,0.704,,1.066
2026-03-20,4.576,1.388,1.439,3.296,0.326,0.878,0.516,1.015,1.083,2.244,1.605,1.695,1.254,1.719,0.966,0.63,1.325,0.76,1.849,1.917,1.652,0.437,0.797,0.699,0.963,1.082
2026-03-23,4.43,1.329,1.406,3.234,0.312,0.842,0.499,0.963,1.036,2.149,1.546,1.625,1.183,1.634,0.931,0.607,1.259,0.729,1.79,1.823,1.586,0.418,0.771,0.66,0.905,1.078
2026-03-24,4.479,1.359,1.425,3.269,0.319,0.856,0.503,0.994,1.047,2.19,1.574,1.668,1.215,1.679,0.949,0.621,1.29,0.747,1.824,1.892,1.615,0.43,0.787,0.672,0.913,1.076
2026-03-25,4.544,1.385,1.429,3.256,0.324,0.877,0.509,1.012,1.059,2.213,1.594,1.73,1.242,1.717,0.964,0.633,1.313,0.761,1.876,1.952,1.647,0.438,0.794,0.694,0.924,1.091
2026-03-26,4.488,1.357,1.429,3.268,0.319,0.854,0.503,0.992,1.035,2.219,1.58,1.692,1.234,1.698,0.96,0.62,1.288,0.747,1.848,1.919,1.616,0.43,0.796,0.684,0.917,1.096
2026-03-27,4.508,1.37,1.431,3.267,0.327,0.852,0.512,1.012,1.041,2.209,1.574,1.689,1.236,1.698,0.954,0.622,1.296,0.749,1.886,1.976,1.659,0.431,0.792,0.691,0.933,1.123
2026-03-30,4.5,1.359,1.446,3.299,0.33,0.847,0.514,1.016,1.037,2.171,1.55,1.659,1.213,1.689,0.938,0.61,1.31,0.76,1.876,2.008,1.7,0.422,0.795,0.684,0.93,1.117
2026-03-31,4.463,1.324,1.432,3.251,0.33,0.83,0.513,1.006,1.029,2.164,1.544,1.649,1.213,1.663,0.938,0.602,1.304,0.757,1.846,1.983,1.636,0.416,0.802,0.68,0.911,1.083
2026-04-01,4.534,1.369,1.431,3.241,0.341,0.862,0.525,1.028,1.045,2.238,1.606,1.731,1.259,1.763,0.958,0.616,1.309,0.758,1.869,2.026,1.672,0.426,0.802,0.701,0.919,1.087
2026-04-02,4.489,1.33,1.432,3.258,0.339,0.83,0.524,1.001,1.025,2.206,1.58,1.711,1.233,1.703,0.941,0.601,1.285,0.743,1.823,1.991,1.624,0.413,0.805,0.686,0.933,1.074
2026-04-03,4.454,1.324,1.411,3.216,0.33,0.838,0.516,0.977,1.016,2.206,1.585,1.718,1.241,1.706,0.949,0.6,1.27,0.732,1.805,1.971,1.63,0.411,0.797,0.672,0.914,1.046
2026-04-07,4.446,1.342,1.416,3.228,0.332,0.846,0.514,0.992,1.015,2.207,1.59,1.725,1.243,1.705,0.949,0.602,1.269,0.73,1.844,1.992,1.639,0.413,0.788,0.671,0.928,1.05
2026-04-08,4.602,1.425,1.427,3.227,0.339,0.914,0.524,1.045,1.054,2.29,1.665,1.803,1.301,1.808,0.979,0.631,1.333,0.764,1.922,2.119,1.75,0.439,0.794,0.701,0.941,1.09
2026-04-09,4.572,1.415,1.418,3.212,0.336,0.904,0.52,1.022,1.031,2.275,1.654,1.791,1.289,1.786,0.975,0.622,1.323,0.756,1.935,2.103,1.762,0.431,0.788,0.683,0.929,1.084
2026-04-10,4.642,1.437,1.419,3.218,0.339,0.926,0.522,1.03,1.068,2.294,1.66,1.795,1.295,1.798,0.986,0.624,1.339,0.763,1.946,2.096,1.785,0.428,0.787,0.684,0.923,1.132
2026-04-13,4.652,1.448,1.42,3.223,0.335,0.931,0.518,1.023,1.075,2.281,1.66,1.786,1.28,1.791,0.976,0.62,1.351,0.773,1.968,2.096,1.753,0.421,0.789,0.68,0.935,1.155
2026-04-14,4.712,1.479,1.421,3.223,0.337,0.95,0.52,1.038,1.081,2.313,1.686,1.799,1.299,1.829,0.986,0.623,1.375,0.785,1.974,2.136,1.813,0.423,0.794,0.679,0.958,1.179
2026-04-15,4.694,1.482,1.428,3.24,0.337,0.944,0.525,1.021,1.073,2.337,1.712,1.802,1.307,1.835,0.986,0.63,1.367,0.783,1.937,2.104,1.783,0.429,0.802,0.683,0.962,1.154
2026-04-16,4.746,1.498,1.432,3.244,0.337,0.975,0.526,1.051,1.081,2.365,1.749,1.809,1.32,1.881,0.989,0.65,1.375,0.782,1.981,2.17,1.802,0.444,0.801,0.692,0.962,1.193
2026-04-17,4.739,1.499,1.421,3.218,0.331,0.994,0.517,1.055,1.076,2.361,1.742,1.792,1.313,1.858,0.989,0.644,1.386,0.785,2.0,2.167,1.803,0.439,0.796,0.682,0.948,1.187
2026-04-20,4.765,1.527,1.423,3.225,0.334,1.003,0.517,1.056,1.075,2.36,1.742,1.805,1.325,1.859,0.99,0.649,1.425,0.808,2.051,2.179,1.824,0.443,0.805,0.685,0.944,1.181
2026-04-21,4.776,1.504,1.436,3.265,0.332,0.991,0.517,1.054,1.066,2.37,1.745,1.807,1.334,1.876,0.988,0.648,1.416,0.801,2.036,2.18,1.811,0.441,0.808,0.683,0.944,1.2
2026-04-22,4.811,1.529,1.435,3.269,0.336,1.021,0.515,1.039,1.075,2.373,1.748,1.8,1.328,1.887,0.982,0.639,1.42,0.8,2.039,2.179,1.866,0.431,0.802,0.675,0.938,1.201
2026-04-23,4.801,1.508,1.443,3.293,0.335,1.012,0.517,1.028,1.066,2.369,1.756,1.771,1.307,1.862,0.97,0.625,1.424,0.8,1.954,2.098,1.839,0.426,0.804,0.668,0.92,1.173
2026-04-24,4.782,1.531,1.442,3.28,0.335,0.994,0.515,1.002,1.056,2.366,1.756,1.767,1.306,1.869,0.958,0.628,1.396,0.778,1.956,2.118,1.854,0.423,0.803,0.664,0.911,1.202
2026-04-27,4.782,1.591,1.441,3.275,0.332,1.0,0.512,1.012,1.057,2.384,1.788,1.763,1.31,1.898,0.962,0.632,1.393,0.776,1.952,2.095,1.974,0.418,0.8,0.663,0.903,1.208
2026-04-28,4.77,1.568,1.453,3.325,0.34,0.976,0.515,0.99,1.07,2.407,1.79,1.755,1.303,1.887,0.958,0.621,1.371,0.752,1.916,2.043,1.964,0.41,0.803,0.651,0.912,1.184
2026-04-29,4.821,1.575,1.467,3.347,0.338,0.986,0.519,1.0,1.076,2.411,1.788,1.754,1.303,1.88,0.966,0.628,1.377,0.754,2.028,2.14,1.971,0.416,0.8,0.666,0.929,1.25
2026-04-30,4.824,1.654,1.465,3.341,0.336,1.018,0.518,0.994,1.078,2.419,1.791,1.742,1.289,1.868,0.952,0.627,1.399,0.766,2.046,2.119,2.038,0.411,0.795,0.661,0.938,1.23
2026-05-06,4.888,1.744,1.469,3.341,0.335,1.059,0.517,1.012,1.094,2.454,1.849,1.764,1.33,1.953,0.964,0.636,1.43,0.785,2.103,2.199,2.07,0.421,0.788,0.651,0.939,1.27
2026-05-07,4.912,1.769,1.446,3.272,0.338,1.088,0.518,1.023,1.089,2.482,1.883,1.817,1.348,2.023,0.976,0.654,1.446,0.79,2.106,2.207,2.118,0.431,0.784,0.652,0.93,1.255
2026-05-08,4.886,1.727,1.44,3.261,0.337,1.076,0.517,1.036,1.08,2.483,1.888,1.793,1.327,2.002,0.975,0.653,1.474,0.814,2.105,2.206,2.079,0.435,0.785,0.655,0.922,1.221
2026-05-11,4.966,1.811,1.446,3.263,0.34,1.105,0.52,1.023,1.097,2.492,1.94,1.773,1.313,1.994,0.962,0.651,1.483,0.823,2.162,2.208,2.21,0.429,0.785,0.651,0.928,1.231
2026-05-12,4.963,1.816,1.444,3.257,0.337,1.117,0.519,1.018,1.102,2.477,1.921,1.763,1.3,1.981,0.956,0.645,1.469,0.81,2.091,2.188,2.293,0.424,0.782,0.642,0.909,1.207
2026-05-13,5.017,1.865,1.438,3.244,0.336,1.159,0.516,1.029,1.095,2.488,1.937,1.766,1.301,1.999,0.956,0.646,1.488,0.814,2.119,2.209,2.401,0.424,0.78,0.643,0.897,1.209
2026-05-14,4.941,1.815,1.426,3.223,0.329,1.133,0.508,0.992,1.071,2.489,1.946,1.753,1.302,1.97,0.957,0.646,1.419,0.774,2.051,2.13,2.382,0.426,0.784,0.631,0.911,1.174
2026-05-15,4.878,1.787,1.422,3.223,0.327,1.112,0.504,0.991,1.048,2.48,1.93,1.736,1.29,1.938,0.953,0.629,1.385,0.754,2.035,2.039,2.501,0.412,0.779,0.619,0.9,1.168
2026-05-18,4.852,1.803,1.416,3.217,0.322,1.123,0.499,0.995,1.047,2.44,1.894,1.702,1.261,1.904,0.946,0.617,1.375,0.754,2.005,2.009,2.512,0.406,0.771,0.611,0.879,1.164
2026-05-19,4.869,1.871,1.418,3.222,0.325,1.14,0.499,1.012,1.056,2.44,1.891,1.715,1.29,1.898,0.948,0.62,1.377,0.753,1.976,1.981,2.638,0.41,0.775,0.617,0.88,1.158
2026-05-20,4.871,1.931,1.414,3.215,0.321,1.143,0.496,0.989,1.049,2.432,1.898,1.708,1.292,1.883,0.949,0.621,1.371,0.747,1.997,1.985,2.814,0.402,0.768,0.61,0.869,1.168
2026-05-21,4.808,1.86,1.394,3.172,0.324,1.103,0.5,0.959,1.054,2.452,1.916,1.718,1.302,1.921,0.95,0.608,1.337,0.734,1.947,1.947,2.681,0.39,0.771,0.61,0.857,1.15
2026-05-22,4.862,1.887,1.391,3.156,0.321,1.13,0.494,0.961,1.037,2.485,1.942,1.732,1.312,1.985,0.95,0.618,1.357,0.736,1.997,2.019,2.659,0.39,0.769,0.602,0.848,1.169
2026-05-25,4.937,1.998,1.396,3.185,0.322,1.174,0.49,0.968,1.045,2.546,2.02,1.756,1.335,2.072,0.964,0.617,1.376,0.746,2.007,2.025,2.807,0.387,0.767,0.612,0.844,1.147
2026-05-26,4.972,1.968,1.399,3.186,0.32,1.174,0.491,0.948,1.056,2.529,2.013,1.757,1.344,2.066,0.962,0.63,1.348,0.73,2.015,2.095,2.752,0.387,0.771,0.614,0.847,1.15
2026-05-27,4.932,1.911,1.387,3.17,0.317,1.147,0.49,0.954,1.043,2.541,2.047,1.744,1.337,2.063,0.962,0.62,1.323,0.714,1.954,2.013,2.655,0.38,0.767,0.607,0.831,1.146
2026-05-28,4.932,1.942,1.384,3.17,0.313,1.172,0.48,0.939,1.021,2.524,2.029,1.731,1.321,2.027,0.947,0.618,1.344,0.72,1.997,1.991,2.695,0.37,0.761,0.597,0.821,1.147
2026-05-29,4.923,1.844,1.402,3.206,0.315,1.131,0.487,0.939,1.033,2.557,2.086,1.743,1.334,2.109,0.96,0.62,1.284,0.69,1.912,1.965,2.529,0.372,0.776,0.616,0.827,1.129
2026-06-01,4.868,1.754,1.439,3.307,0.313,1.11,0.486,0.958,1.035,2.625,2.16,1.746,1.328,2.211,0.962,0.628,1.269,0.688,1.895,1.949,2.386,0.384,0.785,0.617,0.838,1.107
2026-06-02,4.936,1.781,1.435,3.308,0.309,1.143,0.483,0.93,1.037,2.611,2.132,1.738,1.327,2.196,0.951,0.652,1.267,0.683,1.918,2.015,2.417,0.401,0.79,0.605,0.821,1.12
2026-06-03,4.965,1.823,1.434,3.324,0.305,1.178,0.477,0.916,1.035,2.602,2.096,1.75,1.318,2.235,0.946,0.641,1.273,0.686,1.963,2.032,2.485,0.388,0.783,0.594,0.811,1.108
2026-06-04,4.926,1.832,1.428,3.327,0.301,1.167,0.47,0.906,1.022,2.566,2.055,1.722,1.307,2.219,0.942,0.631,1.278,0.686,1.969,1.97,2.599,0.379,0.774,0.586,0.791,1.088
2026-06-05,4.843,1.763,1.428,3.321,0.3,1.127,0.472,0.916,1.016,2.568,2.026,1.74,1.311,2.153,0.941,0.621,1.274,0.691,1.969,1.926,2.506,0.378,0.784,0.591,0.786,1.075
2026-06-08,4.739,1.683,1.417,3.304,0.293,1.09,0.466,0.894,1.001,2.515,1.956,1.699,1.275,2.064,0.927,0.603,1.22,0.662,1.875,1.82,2.433,0.368,0.789,0.576,0.777,1.04
2026-06-09,4.826,1.755,1.414,3.291,0.292,1.129,0.463,0.903,1.005,2.552,2.016,1.717,1.287,2.159,0.93,0.61,1.235,0.667,1.947,1.869,2.635,0.372,0.792,0.577,0.777,1.069
2026-06-10,4.784,1.744,1.406,3.261,0.291,1.106,0.464,0.901,1.018,2.515,1.976,1.724,1.279,2.076,0.939,0.599,1.222,0.655,1.915,1.843,2.678,0.369,0.806,0.586,0.782,1.047
2026-06-11,4.751,1.756,1.402,3.26,0.293,1.072,0.462,0.857,1.008,2.498,1.96,1.712,1.264,2.085,0.934,0.589,1.219,0.653,1.931,1.88,2.831,0.363,0.802,0.572,0.777,1.055
2026-06-12,4.818,1.756,1.422,3.303,0.298,1.071,0.469,0.863,1.045,2.515,1.989,1.739,1.282,2.121,0.943,0.595,1.246,0.675,1.976,1.976,2.744,0.365,0.814,0.59,0.787,1.08
2026-06-15,4.919,1.844,1.41,3.249,0.297,1.134,0.469,0.874,1.072,2.574,2.069,1.81,1.314,2.24,0.964,0.602,1.266,0.675,2.038,2.063,2.894,0.368,0.802,0.598,0.788,1.106
2026-06-16,4.91,1.855,1.386,3.196,0.293,1.132,0.462,0.877,1.082,2.586,2.086,1.778,1.303,2.267,0.963,0.59,1.267,0.676,2.102,2.049,2.916,0.358,0.792,0.588,0.777,1.134
2026-06-17,4.958,1.939,1.371,3.16,0.294,1.163,0.458,0.855,1.081,2.578,2.084,1.798,1.299,2.27,0.966,0.591,1.289,0.677,2.082,2.045,3.162,0.355,0.785,0.58,0.769,1.134
2026-06-18,4.984,2.017,1.346,3.098,0.296,1.23,0.458,0.849,1.05,2.564,2.078,1.784,1.299,2.33,0.968,0.58,1.29,0.681,2.147,2.05,3.213,0.346,0.766,0.569,0.754,1.133
2026-06-22,5.091,2.056,1.361,3.125,0.297,1.247,0.462,0.859,1.131,2.565,2.079,1.771,1.299,2.414,0.958,0.582,1.298,0.689,2.235,2.155,3.31,0.344,0.771,0.568,0.758,1.173
2026-06-23,4.942,2.023,1.351,3.104,0.298,1.203,0.456,0.855,1.131,2.505,2.038,1.731,1.281,2.274,0.942,0.559,1.252,0.666,2.088,1.976,3.314,0.33,0.778,0.567,0.757,1.117
2026-06-24,4.967,2.096,1.334,3.048,0.302,1.235,0.461,0.83,1.111,2.523,2.041,1.739,1.281,2.312,0.941,0.57,1.262,0.664,2.092,1.98,3.502,0.332,0.761,0.555,0.744,1.133
2026-06-25,5.048,2.178,1.318,3.006,0.302,1.279,0.462,0.832,1.149,2.518,2.059,1.743,1.276,2.418,0.945,0.559,1.26,0.662,2.099,1.922,3.597,0.323,0.753,0.565,0.734,1.127
2026-06-26,4.907,2.133,1.295,2.954,0.296,1.22,0.452,0.805,1.107,2.482,2.007,1.747,1.279,2.353,0.932,0.542,1.241,0.659,2.017,1.839,3.71,0.315,0.746,0.551,0.742,1.063
2026-06-29,4.959,2.248,1.299,2.972,0.311,1.233,0.472,0.813,1.123,2.478,2.015,1.753,1.275,2.323,0.943,0.561,1.234,0.661,1.986,1.864,4.102,0.326,0.75,0.551,0.764,1.074
2026-06-30,5.019,2.344,1.277,2.916,0.306,1.306,0.469,0.814,1.126,2.483,2.038,1.75,1.278,2.328,0.942,0.567,1.28,0.686,2.05,1.854,4.257,0.324,0.734,0.543,0.753,1.1
2026-07-01,4.998,2.29,1.3,2.963,0.314,1.285,0.476,0.832,1.176,2.491,2.051,1.74,1.289,2.301,0.941,0.567,1.291,0.69,2.046,1.848,4.261,0.322,0.737,0.558,0.795,1.099
2026-07-02,4.85,2.119,1.311,2.993,0.311,1.182,0.475,0.831,1.15,2.483,2.011,1.721,1.285,2.216,0.94,0.564,1.256,0.674,2.034,1.88,3.814,0.331,0.748,0.554,0.799,1.088
2026-07-03,4.876,2.102,1.325,3.024,0.316,1.191,0.484,0.83,1.155,2.503,2.02,1.772,1.335,2.261,0.955,0.57,1.301,0.692,2.049,1.892,3.691,0.336,0.747,0.554,0.793,1.097
2026-07-06,4.877,2.116,1.353,3.089,0.317,1.179,0.488,0.819,1.16,2.511,2.02,1.777,1.337,2.302,0.956,0.574,1.284,0.683,1.974,1.865,3.684,0.342,0.76,0.558,0.825,1.065
2026-07-07,4.826,2.126,1.331,3.044,0.306,1.168,0.476,0.817,1.123,2.528,2.009,1.789,1.342,2.255,0.961,0.572,1.244,0.666,1.955,1.803,3.815,0.344,0.759,0.543,0.813,1.053
2026-07-08,4.798,2.145,1.34,3.08,0.304,1.185,0.47,0.816,1.111,2.503,1.99,1.763,1.315,2.2,0.951,0.599,1.219,0.65,1.866,1.75,3.928,0.363,0.77,0.547,0.791,1.006
2026-07-09,4.916,2.328,1.323,3.04,0.307,1.255,0.472,0.816,1.132,2.515,2.008,1.749,1.305,2.206,0.954,0.602,1.243,0.656,1.835,1.745,4.319,0.362,0.761,0.536,0.789,1.004
2026-07-10,4.829,2.209,1.323,3.045,0.316,1.222,0.48,0.848,1.11,2.527,2.01,1.754,1.302,2.212,0.956,0.606,1.281,0.685,1.837,1.756,3.984,0.366,0.767,0.547,0.805,0.978
2026-07-13,4.744,2.1,1.327,3.066,0.311,1.18,0.474,0.798,1.098,2.522,1.998,1.73,1.286,2.148,0.948,0.593,1.192,0.639,1.71,1.679,3.751,0.356,0.779,0.532,0.805,0.938
2026-07-14,4.837,2.125,1.352,3.138,0.319,1.206,0.48,0.788,1.104,2.54,1.999,1.725,1.286,2.15,0.95,0.595,1.158,0.62,1.759,1.774,3.76,0.356,0.781,0.537,0.804,0.964
2026-07-15,4.838,2.028,1.374,3.185,0.332,1.17,0.496,0.82,1.13,2.564,2.02,1.739,1.294,2.194,0.953,0.603,1.143,0.613,1.717,1.739,3.467,0.363,0.79,0.552,0.822,0.958
2026-07-16,4.753,1.945,1.36,3.146,0.333,1.136,0.496,0.853,1.113,2.577,2.0,1.748,1.296,2.13,0.952,0.613,1.12,0.606,1.674,1.725,3.214,0.379,0.782,0.555,0.841,0.941
2026-07-17,4.589,1.807,1.352,3.135,0.318,1.034,0.48,0.811,1.097,2.503,1.94,1.724,1.28,2.008,0.956,0.586,1.062,0.585,1.591,1.636,3.006,0.362,0.789,0.543,0.819,0.919
2026-07-20,4.65,1.815,1.394,3.242,0.326,1.063,0.494,0.803,1.118,2.498,1.941,1.73,1.279,2.006,0.951,0.602,1.055,0.587,1.547,1.625,2.799,0.375,0.808,0.549,0.829,0.893
2026-07-21,4.787,2.016,1.381,3.205,0.328,1.153,0.495,0.81,1.123,2.526,1.973,1.741,1.288,2.096,0.959,0.61,1.09,0.599,1.624,1.71,3.33,0.375,0.79,0.548,0.817,0.936
2026-07-22,4.765,1.955,1.396,3.253,0.327,1.142,0.496,0.793,1.114,2.523,1.964,1.734,1.287,2.07,0.951,0.592,1.083,0.597,1.61,1.768,3.16,0.358,0.799,0.553,0.816,0.914
2026-07-23,4.787,1.888,1.409,3.28,0.325,1.114,0.495,0.795,1.128,2.524,1.964,1.747,1.293,2.091,0.951,0.595,1.101,0.608,1.659,1.822,3.029,0.363,0.803,0.557,0.821,0.944
2026-07-24,4.701,1.885,1.387,3.223,0.315,1.089,0.484,0.765,1.099,2.506,1.936,1.717,1.275,2.038,0.938,0.585,1.077,0.596,1.603,1.735,3.139,0.353,0.804,0.538,0.798,0.92
2026-07-27,4.753,1.911,1.391,3.232,0.323,1.11,0.489,0.788,1.104,2.52,1.948,1.749,1.308,2.077,0.945,0.597,1.104,0.607,1.646,1.776,3.26,0.363,0.805,0.555,0.808,0.95
2026-07-28,4.627,1.785,1.392,3.232,0.32,1.023,0.489,0.794,1.085,2.484,1.904,1.737,1.306,1.963,0.944,0.596,1.077,0.596,1.607,1.736,3.051,0.364,0.818,0.558,0.81,0.928
2026-07-29,4.657,1.776,1.414,3.273,0.326,1.02,0.5,0.81,1.106,2.511,1.909,1.753,1.308,1.961,0.951,0.615,1.094,0.606,1.625,1.768,3.026,0.379,0.819,0.567,0.815,0.941
2026-07-30,4.605,1.669,1.43,3.312,0.325,0.948,0.502,0.804,1.106,2.479,1.88,1.747,1.307,1.945,0.946,0.609,1.073,0.599,1.598,1.747,2.777,0.379,0.84,0.572,0.824,0.94
2026-07-31,4.653,1.728,1.432,3.304,0.33,1.008,0.505,0.838,1.107,2.509,1.944,1.777,1.33,2.024,0.955,0.609,1.093,0.605,1.633,1.792,2.85,0.38,0.836,0.579,0.826,0.945
2026-08-03,4.599,1.636,1.424,3.285,0.328,0.985,0.501,0.847,1.105,2.533,1.955,1.802,1.342,2.053,0.959,0.615,1.101,0.613,1.652,1.778,2.567,0.388,0.831,0.581,0.828,0.939
2026-08-04,4.651,1.706,1.403,3.237,0.334,1.05,0.504,0.871,1.104,2.582,2.006,1.835,1.358,2.077,0.962,0.617,1.116,0.616,1.686,1.809,2.688,0.388,0.811,0.574,0.816,0.947
2026-08-05,4.714,1.786,1.399,3.228,0.337,1.07,0.505,0.866,1.109,2.669,2.068,1.843,1.379,2.153,0.964,0.624,1.136,0.621,1.749,1.903,2.946,0.392,0.801,0.574,0.818,0.971
2026-08-06,4.709,1.794,1.417,3.288,0.331,1.066,0.498,0.85,1.096,2.69,2.046,1.822,1.365,2.126,0.965,0.61,1.135,0.62,1.756,1.917,3.018,0.381,0.805,0.571,0.817,0.96
2026-08-07,4.751,1.84,1.414,3.282,0.346,1.077,0.51,0.849,1.096,2.695,2.053,1.828,1.369,2.133,0.958,0.613,1.154,0.625,1.818,1.985,3.122,0.381,0.798,0.568,0.815,0.974
2026-08-10,4.759,1.835,1.429,3.319,0.353,1.05,0.519,0.871,1.099,2.696,2.061,1.835,1.378,2.177,0.962,0.617,1.172,0.64,1.832,2.018,3.248,0.385,0.803,0.576,0.846,0.988
2026-08-11,4.728,1.806,1.421,3.309,0.351,1.049,0.518,0.867,1.093,2.716,2.037,1.823,1.372,2.157,0.955,0.61,1.148,0.624,1.787,1.922,3.15,0.381,0.8,0.569,0.836,0.981
2026-08-12,4.748,1.833,1.424,3.303,0.35,1.063,0.515,0.884,1.097,2.698,2.045,1.828,1.381,2.183,0.954,0.604,1.156,0.628,1.797,1.94,3.216,0.372,0.8,0.573,0.836,0.984
2026-08-13,4.729,1.812,1.405,3.273,0.355,1.066,0.516,0.861,1.101,2.711,2.046,1.823,1.384,2.191,0.955,0.605,1.148,0.624,1.763,1.869,3.13,0.365,0.803,0.567,0.834,0.975
2026-08-14,4.726,1.814,1.408,3.296,0.351,1.08,0.511,0.847,1.087,2.778,2.077,1.818,1.381,2.219,0.955,0.596,1.152,0.629,1.812,1.89,3.16,0.361,0.797,0.56,0.824,0.98
2026-08-17,4.801,1.888,1.411,3.304,0.353,1.115,0.511,0.84,1.093,2.748,2.087,1.819,1.393,2.237,0.956,0.606,1.172,0.636,1.842,1.948,1.114,0.367,0.796,0.561,0.828,1.0
2026-08-18,4.787,1.888,1.42,3.34,0.353,1.098,0.511,0.83,1.077,2.688,2.057,1.804,1.376,2.182,0.954,0.599,1.169,0.634,1.839,1.933,1.14,0.364,0.802,0.558,0.836,0.987
2026-08-19,4.654,1.761,1.427,3.36,0.344,1.014,0.506,0.805,1.062,2.642,2.02,1.786,1.369,2.117,0.949,0.59,1.108,0.607,1.763,1.864,1.057,0.364,0.815,0.55,0.819,0.952
